char;time_ingame;time_rw;pos;vehicle;subtitles_text;speaker;soundfile
Franklin;11:45:05;15:23:11;-14.3803,-1438.514,-1438.514;;;;
Franklin;11:45:22;15:23:12;-14.3803,-1438.514,-1438.514;;;;
Franklin;11:45:38;15:23:12;-14.3803,-1438.514,-1438.514;;;;
Franklin;11:45:54;15:23:13;-14.3803,-1438.514,-1438.514;;;;
Franklin;11:46:09;15:23:14;-14.3803,-1438.514,-1438.514;;;;
Franklin;11:46:11;15:25:03;-14.3803,-1438.514,-1438.514;;;;
Franklin;11:46:19;15:25:05;-14.3803,-1438.514,-1438.514;;;;
Franklin;11:46:34;15:25:06;-14.38082,-1438.899,-1438.899;;;;
Franklin;11:46:50;15:25:06;-14.39303,-1439.81,-1439.81;;;;
Franklin;11:47:06;15:25:07;-14.31644,-1440.74,-1440.74;;;;
Franklin;11:47:21;15:25:07;-14.19854,-1441.597,-1441.597;;;;
Franklin;11:47:37;15:25:08;-14.14774,-1442.025,-1442.025;;;;
Franklin;11:47:52;15:25:08;-14.13143,-1442.137,-1442.137;;;;
Franklin;11:48:08;15:25:09;-14.15188,-1442.188,-1442.188;;;;
Franklin;11:48:24;15:25:09;-14.24035,-1442.751,-1442.751;;;;
Franklin;11:48:39;15:27:19;-14.62428,-1443.296,-1443.296;;;;
Franklin;11:48:56;15:27:22;-14.65334,-1443.335,-1443.335;;;;
Franklin;11:49:12;15:27:22;-14.65761,-1443.341,-1443.341;;;;
Franklin;11:49:27;15:27:23;-14.88338,-1443.754,-1443.754;;;;
Franklin;11:49:43;15:27:23;-15.27239,-1444.502,-1444.502;;;;
Franklin;11:49:59;15:27:24;-15.94594,-1445.102,-1445.102;;;;
Franklin;11:50:14;15:27:24;-16.74825,-1445.382,-1445.382;;;;
Franklin;11:50:30;15:27:25;-17.61806,-1445.176,-1445.176;;;;
Franklin;11:50:45;15:27:25;-18.4514,-1444.869,-1444.869;;;;
Franklin;11:51:01;15:27:26;-19.27425,-1444.564,-1444.564;;;;
Franklin;11:51:16;15:27:26;-20.13425,-1444.418,-1444.418;;;;
Franklin;11:51:31;15:27:27;-20.8894,-1444.141,-1444.141;;;;
Franklin;11:51:47;15:27:27;-21.18745,-1444.03,-1444.03;;;;
Franklin;11:52:03;15:27:28;-21.24645,-1444.007,-1444.007;;;;
Franklin;11:52:18;15:27:28;-21.24656,-1444.007,-1444.007;;;;
Franklin;11:52:34;15:27:29;-21.24656,-1444.007,-1444.007;;;;
Franklin;11:52:50;15:27:29;-21.24656,-1444.007,-1444.007;;;;
Franklin;11:53:05;15:27:31;-21.27987,-1443.943,-1443.943;;;;
Franklin;11:53:21;15:27:31;-21.31684,-1443.828,-1443.828;;;;
Franklin;11:53:37;15:27:32;-21.17519,-1441.831,-1441.831;;;;
Franklin;11:53:52;15:27:32;-20.71954,-1440.993,-1440.993;;;;
Franklin;11:54:08;15:27:33;-20.80069,-1440.838,-1440.838;;;;
Franklin;11:54:23;15:27:33;-21.2727,-1440.062,-1440.062;;;;
Franklin;11:54:39;15:27:34;-21.36559,-1438.708,-1438.708;;;;
Franklin;11:54:54;15:27:34;-21.36535,-1438.707,-1438.707;;;;
Franklin;11:55:10;15:27:35;-22.62956,-1439.137,-1439.137;True,Sports,BUFFALO02,0,0;;;
Franklin;11:55:26;15:27:36;-22.62956,-1439.137,-1439.137;True,Sports,BUFFALO02,0,0;;;
Franklin;11:55:42;15:27:36;-22.62956,-1439.137,-1439.137;True,Sports,BUFFALO02,0,0;;;
Franklin;11:55:57;15:27:37;-22.62956,-1439.137,-1439.137;True,Sports,BUFFALO02,0,0;;;
Franklin;11:56:13;15:27:37;-22.62956,-1439.137,-1439.137;True,Sports,BUFFALO02,0,0;;;
Franklin;11:56:28;15:27:38;-22.62962,-1439.145,-1439.145;True,Sports,BUFFALO02,0,1761517,1;;;
Franklin;11:56:44;15:27:38;-22.78889,-1439.721,-1439.721;True,Sports,BUFFALO02,2,234106,1;;;
Franklin;11:57:00;15:27:39;-23.25299,-1441.106,-1441.106;True,Sports,BUFFALO02,2,38749,0;;;
Franklin;11:57:15;15:27:39;-23.47814,-1441.917,-1441.917;True,Sports,BUFFALO02,0,8735113,0;;;
Franklin;11:57:31;15:27:40;-23.51101,-1442.018,-1442.018;True,Sports,BUFFALO02,0,004765774,0;;;
Franklin;11:57:46;15:27:40;-23.51108,-1442.018,-1442.018;True,Sports,BUFFALO02,0,0;;;
Franklin;11:57:58;15:27:53;-23.51108,-1442.018,-1442.018;True,Sports,BUFFALO02,0,0;;;
Franklin;11:58:13;15:27:53;-23.52262,-1442.057,-1442.057;True,Sports,BUFFALO02,0,4937309,1;;;
Franklin;11:58:29;15:27:54;-23.76031,-1442.944,-1442.944;True,Sports,BUFFALO02,3,109904,1;;;
Franklin;11:58:44;15:27:54;-24.42882,-1445.418,-1445.418;True,Sports,BUFFALO02,6,943967,1;;;
Franklin;11:59:00;15:27:55;-24.96622,-1449.876,-1449.876;True,Sports,BUFFALO02,8,678452,0;;;
Franklin;11:59:15;15:27:55;-25.1563,-1453.725,-1453.725;True,Sports,BUFFALO02,6,148981,0;;;
Franklin;11:59:31;15:27:56;-26.43481,-1456.219,-1456.219;True,Sports,BUFFALO02,5,352979,1;;;
Franklin;11:59:47;15:27:56;-29.44234,-1458.551,-1458.551;True,Sports,BUFFALO02,10,23088,1;;;
Franklin;12:00:02;15:27:57;-34.17449,-1460.963,-1460.963;True,Sports,BUFFALO02,9,14293,0;;;
Franklin;12:00:18;15:27:57;-38.43044,-1461.376,-1461.376;True,Sports,BUFFALO02,7,390984,1;;;
Franklin;12:00:33;15:27:58;-43.5047,-1461.554,-1461.554;True,Sports,BUFFALO02,11,79278,0;;;
Franklin;12:00:49;15:27:58;-49.28047,-1462.178,-1462.178;True,Sports,BUFFALO02,10,72254,0;;;
Franklin;12:01:04;15:27:59;-54.89323,-1463.144,-1463.144;True,Sports,BUFFALO02,12,47784,1;;;
Franklin;12:01:20;15:27:59;-61.97107,-1464.352,-1464.352;True,Sports,BUFFALO02,13,51988,0;;;
Franklin;12:01:36;15:28:00;-67.5406,-1467.746,-1467.746;True,Sports,BUFFALO02,12,88028,1;;;
Franklin;12:01:51;15:28:01;-73.22094,-1472.414,-1472.414;True,Sports,BUFFALO02,14,43317,0;;;
Franklin;12:02:07;15:28:01;-78.69492,-1477.027,-1477.027;True,Sports,BUFFALO02,13,51434,0;;;
Franklin;12:02:23;15:28:02;-83.3157,-1481.839,-1481.839;True,Sports,BUFFALO02,12,18858,0;;;
Franklin;12:02:38;15:28:02;-87.06672,-1486.209,-1486.209;True,Sports,BUFFALO02,10,20468,0;;;
Franklin;12:02:53;15:28:03;-89.9716,-1489.911,-1489.911;True,Sports,BUFFALO02,8,13166,0;;;
Franklin;12:03:09;15:28:03;-92.67875,-1493.525,-1493.525;True,Sports,BUFFALO02,8,781137,0;;;
Franklin;12:03:24;15:28:04;-95.57114,-1496.27,-1496.27;True,Sports,BUFFALO02,6,789163,0;;;
Franklin;12:03:40;15:28:04;-97.63485,-1498.535,-1498.535;True,Sports,BUFFALO02,4,894408,0;;;
Franklin;12:03:56;15:28:05;-99.12909,-1500.079,-1500.079;True,Sports,BUFFALO02,3,918495,0;;;
Franklin;12:04:11;15:28:05;-100.4644,-1501.802,-1501.802;True,Sports,BUFFALO02,5,580455,0;;;
Franklin;12:04:27;15:28:06;-101.9691,-1503.677,-1503.677;True,Sports,BUFFALO02,3,849328,0;;;
Franklin;12:04:42;15:28:06;-102.9439,-1504.863,-1504.863;True,Sports,BUFFALO02,2,149093,0;;;
Franklin;12:04:57;15:28:07;-103.1295,-1505.107,-1505.107;True,Sports,BUFFALO02,0,01535385,0;;;
Franklin;12:05:13;15:28:07;-103.1292,-1505.106,-1505.106;True,Sports,BUFFALO02,0,0;;;
Franklin;12:05:28;15:28:08;-103.1292,-1505.106,-1505.106;True,Sports,BUFFALO02,0,0;;;
Franklin;12:05:44;15:28:08;-103.1292,-1505.106,-1505.106;True,Sports,BUFFALO02,0,0;;;
Franklin;12:05:59;15:28:09;-103.1292,-1505.106,-1505.106;True,Sports,BUFFALO02,0,0;;;
Franklin;12:06:15;15:28:09;-103.1292,-1505.106,-1505.106;True,Sports,BUFFALO02,0,0;;;
Franklin;12:06:30;15:28:10;-103.1292,-1505.106,-1505.106;True,Sports,BUFFALO02,0,0;;;
Franklin;12:06:46;15:28:10;-103.1292,-1505.106,-1505.106;True,Sports,BUFFALO02,0,0;;;
Franklin;12:07:01;15:28:11;-103.2717,-1505.278,-1505.278;True,Sports,BUFFALO02,1,305386,1;;;
Franklin;12:07:17;15:28:11;-104.1906,-1506.346,-1506.346;True,Sports,BUFFALO02,4,363857,1;;;
Franklin;12:07:32;15:28:12;-106.6851,-1508.273,-1508.273;True,Sports,BUFFALO02,8,218034,1;;;
Franklin;12:07:48;15:28:12;-111.4889,-1510.209,-1510.209;True,Sports,BUFFALO02,10,03939,1;;;
Franklin;12:08:03;15:28:13;-117.1139,-1510.668,-1510.668;True,Sports,BUFFALO02,10,46893,0;;;
Franklin;12:08:19;15:28:13;-122.8674,-1509.797,-1509.797;True,Sports,BUFFALO02,11,38541,1;;;
Franklin;12:08:34;15:28:14;-127.4553,-1506.959,-1506.959;True,Sports,BUFFALO02,9,542911,0;;;
Franklin;12:08:50;15:28:14;-130.8184,-1504.031,-1504.031;True,Sports,BUFFALO02,7,799929,0;;;
Franklin;12:09:05;15:28:15;-133.5848,-1501.579,-1501.579;True,Sports,BUFFALO02,6,753119,0;;;
Franklin;12:09:21;15:28:15;-136.0176,-1499.592,-1499.592;True,Sports,BUFFALO02,5,838395,1;;;
Franklin;12:09:36;15:28:16;-139.1811,-1496.991,-1496.991;True,Sports,BUFFALO02,10,45499,1;;;
Franklin;12:09:52;15:28:17;-143.7713,-1493.175,-1493.175;True,Sports,BUFFALO02,10,86352,0;;;
Franklin;12:10:08;15:28:17;-147.4227,-1489.528,-1489.528;True,Sports,BUFFALO02,8,851992,0;;;
Franklin;12:10:23;15:28:18;-150.825,-1487.015,-1487.015;True,Sports,BUFFALO02,8,288269,1;;;
Franklin;12:10:39;15:28:18;-155.4327,-1484.028,-1484.028;True,Sports,BUFFALO02,11,34763,0;;;
Franklin;12:10:54;15:28:19;-160.4126,-1481.451,-1481.451;True,Sports,BUFFALO02,10,21828,0;;;
Franklin;12:11:10;15:28:19;-164.9101,-1478.96,-1478.96;True,Sports,BUFFALO02,9,555049,0;;;
Franklin;12:11:26;15:28:20;-168.4773,-1476.07,-1476.07;True,Sports,BUFFALO02,7,98427,0;;;
Franklin;12:11:41;15:28:20;-171.5298,-1473.547,-1473.547;True,Sports,BUFFALO02,7,118546,0;;;
Franklin;12:11:57;15:28:21;-174.7423,-1471.184,-1471.184;True,Sports,BUFFALO02,8,634273,0;;;
Franklin;12:12:12;15:28:21;-177.9258,-1468.666,-1468.666;True,Sports,BUFFALO02,6,98814,0;;;
Franklin;12:12:28;15:28:22;-180.2998,-1466.493,-1466.493;True,Sports,BUFFALO02,5,526885,0;;;
Franklin;12:12:43;15:28:22;-182.1323,-1464.797,-1464.797;True,Sports,BUFFALO02,4,117086,0;;;
Franklin;12:12:59;15:28:23;-183.424,-1463.601,-1463.601;True,Sports,BUFFALO02,2,710031,0;;;
Franklin;12:13:15;15:28:23;-184.1573,-1462.893,-1462.893;True,Sports,BUFFALO02,1,195579,0;;;
Franklin;12:13:39;15:28:29;-184.327,-1462.737,-1462.737;True,Sports,BUFFALO02,0,0;;;
Franklin;12:13:54;15:28:29;-184.4951,-1462.618,-1462.618;True,Sports,BUFFALO02,1,251988,1;;;
Franklin;12:14:10;15:28:30;-185.5955,-1461.715,-1461.715;True,Sports,BUFFALO02,4,444997,1;;;
Franklin;12:14:25;15:28:30;-188.3433,-1460.184,-1460.184;True,Sports,BUFFALO02,6,89514,0;;;
Franklin;12:14:41;15:28:31;-190.7913,-1458.448,-1458.448;True,Sports,BUFFALO02,4,896259,0;;;
Franklin;12:14:56;15:28:31;-192.2524,-1456.996,-1456.996;True,Sports,BUFFALO02,3,163075,0;;;
Franklin;12:15:12;15:28:32;-193.1782,-1456.26,-1456.26;True,Sports,BUFFALO02,1,47606,0;;;
Franklin;12:15:28;15:28:32;-193.2949,-1456.151,-1456.151;True,Sports,BUFFALO02,0,003472592,0;;;
Franklin;12:15:43;15:28:33;-193.2947,-1456.151,-1456.151;True,Sports,BUFFALO02,0,0;;;
Franklin;12:15:59;15:28:33;-193.2947,-1456.151,-1456.151;True,Sports,BUFFALO02,0,0;;;
Franklin;12:16:14;15:28:34;-193.2947,-1456.151,-1456.151;True,Sports,BUFFALO02,0,0;;;
Franklin;12:16:30;15:28:34;-193.2947,-1456.151,-1456.151;True,Sports,BUFFALO02,0,0;;;
Franklin;12:16:45;15:28:35;-193.2947,-1456.151,-1456.151;True,Sports,BUFFALO02,0,0;;;
Franklin;12:17:01;15:28:36;-193.2947,-1456.151,-1456.151;True,Sports,BUFFALO02,0,0;;;
Franklin;12:17:17;15:28:36;-193.2947,-1456.151,-1456.151;True,Sports,BUFFALO02,0,0;;;
Franklin;12:17:32;15:28:37;-193.2947,-1456.151,-1456.151;True,Sports,BUFFALO02,0,0;;;
Franklin;12:17:47;15:28:37;-193.2947,-1456.151,-1456.151;True,Sports,BUFFALO02,0,0;;;
Franklin;12:18:03;15:28:38;-193.2947,-1456.151,-1456.151;True,Sports,BUFFALO02,0,0;;;
Franklin;12:18:18;15:28:38;-193.2947,-1456.151,-1456.151;True,Sports,BUFFALO02,0,0;;;
Franklin;12:18:34;15:28:39;-193.2947,-1456.151,-1456.151;True,Sports,BUFFALO02,0,0;;;
Franklin;12:18:50;15:28:39;-193.2967,-1456.149,-1456.149;True,Sports,BUFFALO02,0,07833797,1;;;
Franklin;12:19:05;15:28:40;-193.7429,-1455.769,-1455.769;True,Sports,BUFFALO02,2,328237,1;;;
Franklin;12:19:21;15:28:40;-195.2478,-1454.497,-1454.497;True,Sports,BUFFALO02,3,900632,0;;;
Franklin;12:19:37;15:28:41;-195.5279,-1454.248,-1454.248;True,Sports,BUFFALO02,0,01944783,0;;;
Franklin;12:19:52;15:28:41;-195.853,-1453.972,-1453.972;True,Sports,BUFFALO02,1,927657,1;;;
Franklin;12:20:08;15:28:42;-197.2651,-1452.787,-1452.787;True,Sports,BUFFALO02,5,491029,1;;;
Franklin;12:20:23;15:28:42;-199.9212,-1450.54,-1450.54;True,Sports,BUFFALO02,6,464559,0;;;
Franklin;12:20:39;15:28:43;-200.8609,-1449.719,-1449.719;True,Sports,BUFFALO02,0,1514375,0;;;
Franklin;12:20:54;15:28:43;-200.86,-1449.722,-1449.722;True,Sports,BUFFALO02,0,0;;;
Franklin;12:21:10;15:28:44;-200.86,-1449.722,-1449.722;True,Sports,BUFFALO02,0,0;;;
Franklin;12:21:25;15:28:44;-200.86,-1449.722,-1449.722;True,Sports,BUFFALO02,0,0;;;
Franklin;12:21:41;15:28:45;-200.86,-1449.722,-1449.722;True,Sports,BUFFALO02,0,0;;;
Franklin;12:21:56;15:28:45;-200.9621,-1449.635,-1449.635;True,Sports,BUFFALO02,0,990782,1;;;
Franklin;12:22:12;15:28:46;-201.8776,-1448.864,-1448.864;True,Sports,BUFFALO02,3,838808,1;;;
Franklin;12:22:27;15:28:46;-204.3405,-1446.789,-1446.789;True,Sports,BUFFALO02,8,94287,1;;;
Franklin;12:22:43;15:28:47;-208.362,-1443.389,-1443.389;True,Sports,BUFFALO02,7,188154,0;;;
Franklin;12:22:59;15:28:47;-209.9693,-1442.044,-1442.044;True,Sports,BUFFALO02,4,365042,1;;;
Franklin;12:23:14;15:28:48;-212.802,-1439.875,-1439.875;True,Sports,BUFFALO02,9,135159,0;;;
Franklin;12:23:30;15:28:49;-216.5466,-1438.281,-1438.281;True,Sports,BUFFALO02,6,499934,0;;;
Franklin;12:23:45;15:28:49;-220.1476,-1438.878,-1438.878;True,Sports,BUFFALO02,9,054974,1;;;
Franklin;12:24:01;15:28:50;-223.2021,-1441.128,-1441.128;True,Sports,BUFFALO02,6,218022,0;;;
Franklin;12:24:16;15:28:50;-223.9946,-1444.011,-1444.011;True,Sports,BUFFALO02,5,471077,0;;;
Franklin;12:24:32;15:28:51;-224.3957,-1446.778,-1446.778;True,Sports,BUFFALO02,4,486084,0;;;
Franklin;12:24:47;15:28:51;-224.3699,-1448.716,-1448.716;True,Sports,BUFFALO02,3,234558,1;;;
Franklin;12:25:03;15:28:52;-223.7538,-1450.522,-1450.522;True,Sports,BUFFALO02,3,561404,1;Eh, look, man...;FRANKLIN;ARFL_ABAA
Franklin;12:25:18;15:28:52;-222.9816,-1452.767,-1452.767;True,Sports,BUFFALO02,5,137344,0;"Look"? You were like a son to me. Employee of the Month! Does that mean nothing to you?;SIMEON;ARFL_ABAB
Franklin;12:25:34;15:28:53;-221.5089,-1454.476,-1454.476;True,Sports,BUFFALO02,4,809564,1;;;
Franklin;12:25:49;15:28:53;-218.7725,-1456.879,-1456.879;True,Sports,BUFFALO02,9,707877,1;;;
Franklin;12:26:05;15:28:54;-214.8364,-1459.969,-1459.969;True,Sports,BUFFALO02,10,72468,1;;;
Franklin;12:26:20;15:28:54;-210.2955,-1463.5,-1463.5;True,Sports,BUFFALO02,10,95109,0;;;
Franklin;12:26:36;15:28:55;-205.8842,-1466.883,-1466.883;True,Sports,BUFFALO02,10,22927,0;;;
Franklin;12:26:51;15:28:55;-201.7946,-1470.277,-1470.277;True,Sports,BUFFALO02,10,10458,0;;;
Franklin;12:27:07;15:28:56;-198.235,-1473.7,-1473.7;True,Sports,BUFFALO02,10,6312,1;;;
Franklin;12:27:23;15:28:56;-194.5911,-1477.227,-1477.227;True,Sports,BUFFALO02,8,782475,0;;;
Franklin;12:27:38;15:28:57;-191.4182,-1479.75,-1479.75;True,Sports,BUFFALO02,6,910699,0;;;
Franklin;12:27:54;15:28:57;-188.2273,-1482.5,-1482.5;True,Sports,BUFFALO02,9,813317,1;;;
Franklin;12:28:09;15:28:58;-185.229,-1487.309,-1487.309;True,Sports,BUFFALO02,10,63699,0;;;
Franklin;12:28:25;15:28:58;-182.444,-1491.393,-1491.393;True,Sports,BUFFALO02,8,585515,0;Man, the dude had a gun to my head.;FRANKLIN;ARFL_ABAC
Franklin;12:28:40;15:28:59;-179.338,-1494.563,-1494.563;True,Sports,BUFFALO02,8,145012,0;;;
Franklin;12:28:56;15:28:59;-176.0687,-1496.794,-1496.794;True,Sports,BUFFALO02,7,769834,0;;;
Franklin;12:29:11;15:29:00;-173.4661,-1499.094,-1499.094;True,Sports,BUFFALO02,5,818412,0;No loyalty! No integrity! You should have taken the bullet!;SIMEON;ARFL_ABAD
Franklin;12:29:26;15:29:00;-171.595,-1500.887,-1500.887;True,Sports,BUFFALO02,4,343382,0;;;
Franklin;12:29:42;15:29:01;-170.0894,-1502.192,-1502.192;True,Sports,BUFFALO02,4,134539,0;;;
Franklin;12:29:58;15:29:01;-168.8512,-1503.293,-1503.293;True,Sports,BUFFALO02,2,263322,0;;;
Franklin;12:30:13;15:29:02;-168.325,-1503.732,-1503.732;True,Sports,BUFFALO02,0,41954,0;;;
Franklin;12:30:29;15:29:02;-168.3098,-1503.747,-1503.747;True,Sports,BUFFALO02,0,0;;;
Franklin;12:30:44;15:29:03;-168.3048,-1503.752,-1503.752;True,Sports,BUFFALO02,0,16165,1;;;
Franklin;12:31:00;15:29:04;-168.1134,-1503.893,-1503.893;True,Sports,BUFFALO02,0,6429479,1;;;
Franklin;12:31:15;15:29:04;-167.4123,-1504.525,-1504.525;True,Sports,BUFFALO02,3,195332,1;My business. My totally legitimate business. You are fucked, my boy. Fucked!;SIMEON;ARFL_ABAE
Franklin;12:31:31;15:29:05;-165.3994,-1506.217,-1506.217;True,Sports,BUFFALO02,6,201694,0;;;
Franklin;12:31:46;15:29:05;-163.004,-1508.054,-1508.054;True,Sports,BUFFALO02,6,392889,0;;;
Franklin;12:32:02;15:29:06;-160.6565,-1509.931,-1509.931;True,Sports,BUFFALO02,5,467262,0;;;
Franklin;12:32:17;15:29:06;-158.9279,-1511.493,-1511.493;True,Sports,BUFFALO02,3,759051,1;;;
Franklin;12:32:33;15:29:07;-157.6745,-1512.431,-1512.431;True,Sports,BUFFALO02,2,089889,0;;;
Franklin;12:32:49;15:29:07;-156.8786,-1513.043,-1513.043;True,Sports,BUFFALO02,2,868108,1;;;
Franklin;12:33:05;15:29:08;-155.7659,-1514.229,-1514.229;True,Sports,BUFFALO02,2,458645,1;;;
Franklin;12:33:20;15:29:08;-154.9896,-1514.841,-1514.841;True,Sports,BUFFALO02,1,490936,1;;;
Franklin;12:33:35;15:29:09;-154.4879,-1515.239,-1515.239;True,Sports,BUFFALO02,1,73624,1;;;
Franklin;12:33:51;15:29:09;-154.1072,-1515.59,-1515.59;True,Sports,BUFFALO02,0,1194544,0;;;
Franklin;12:34:07;15:29:10;-154.0502,-1515.641,-1515.641;True,Sports,BUFFALO02,0,04759606,1;;;
Franklin;12:34:22;15:29:10;-154.036,-1515.651,-1515.651;True,Sports,BUFFALO02,0,02085382,1;;;
Franklin;12:34:38;15:29:11;-153.9965,-1515.673,-1515.673;True,Sports,BUFFALO02,0,01729941,0;;;
Franklin;12:34:53;15:29:11;-153.9962,-1515.673,-1515.673;True,Sports,BUFFALO02,0,0;;;
Franklin;12:35:09;15:29:12;-153.9962,-1515.673,-1515.673;True,Sports,BUFFALO02,0,0;;;
Franklin;12:35:24;15:29:12;-153.9962,-1515.673,-1515.673;True,Sports,BUFFALO02,0,0;;;
Franklin;12:35:40;15:29:13;-153.9962,-1515.673,-1515.673;True,Sports,BUFFALO02,0,0;;;
Franklin;12:35:55;15:29:13;-153.9962,-1515.673,-1515.673;True,Sports,BUFFALO02,0,0;;;
Franklin;12:36:11;15:29:14;-153.9962,-1515.673,-1515.673;True,Sports,BUFFALO02,0,0;;;
Franklin;12:36:26;15:29:14;-153.9962,-1515.673,-1515.673;True,Sports,BUFFALO02,0,0;;;
Franklin;12:36:42;15:29:15;-153.9962,-1515.673,-1515.673;True,Sports,BUFFALO02,0,0;;;
Franklin;12:36:57;15:29:15;-153.9962,-1515.673,-1515.673;True,Sports,BUFFALO02,0,0;;;
Franklin;12:37:13;15:29:16;-153.9962,-1515.673,-1515.673;True,Sports,BUFFALO02,0,0;;;
Franklin;12:37:28;15:29:16;-153.9962,-1515.673,-1515.673;True,Sports,BUFFALO02,0,0;;;
Franklin;12:37:44;15:29:17;-153.9962,-1515.673,-1515.673;True,Sports,BUFFALO02,0,0;;;
Franklin;12:38:00;15:29:17;-153.9962,-1515.673,-1515.673;True,Sports,BUFFALO02,0,0;;;
Franklin;12:38:15;15:29:18;-153.9962,-1515.673,-1515.673;True,Sports,BUFFALO02,0,0;;;
Franklin;12:38:31;15:29:19;-153.9962,-1515.673,-1515.673;True,Sports,BUFFALO02,0,0;;;
Franklin;12:38:46;15:29:19;-153.9962,-1515.673,-1515.673;True,Sports,BUFFALO02,0,0;;;
Franklin;12:39:01;15:29:20;-153.9962,-1515.673,-1515.673;True,Sports,BUFFALO02,0,0;;;
Franklin;12:39:17;15:29:20;-153.9962,-1515.673,-1515.673;True,Sports,BUFFALO02,0,0;;;
Franklin;12:39:32;15:29:21;-153.9962,-1515.673,-1515.673;True,Sports,BUFFALO02,0,0;;;
Franklin;12:39:48;15:29:21;-153.9962,-1515.673,-1515.673;True,Sports,BUFFALO02,0,0;;;
Franklin;12:40:03;15:29:22;-153.9962,-1515.673,-1515.673;True,Sports,BUFFALO02,0,0;;;
Franklin;12:40:19;15:29:22;-153.9962,-1515.673,-1515.673;True,Sports,BUFFALO02,0,0;;;
Franklin;12:40:33;15:29:28;-153.9962,-1515.673,-1515.673;True,Sports,BUFFALO02,0,0;;;
Franklin;12:40:49;15:29:28;-153.9962,-1515.673,-1515.673;True,Sports,BUFFALO02,0,0;;;
Franklin;12:41:04;15:29:29;-153.9962,-1515.673,-1515.673;True,Sports,BUFFALO02,0,0;;;
Franklin;12:41:20;15:29:29;-153.9962,-1515.673,-1515.673;True,Sports,BUFFALO02,0,0;;;
Franklin;12:41:35;15:29:30;-153.9962,-1515.673,-1515.673;True,Sports,BUFFALO02,0,0;;;
Franklin;12:41:51;15:29:30;-153.9962,-1515.673,-1515.673;True,Sports,BUFFALO02,0,0;;;
Franklin;12:42:06;15:29:31;-153.9962,-1515.673,-1515.673;True,Sports,BUFFALO02,0,0;;;
Franklin;12:42:22;15:29:31;-153.9962,-1515.673,-1515.673;True,Sports,BUFFALO02,0,0;;;
Franklin;12:42:37;15:29:32;-153.9962,-1515.673,-1515.673;True,Sports,BUFFALO02,0,0;;;
Franklin;12:42:52;15:29:32;-153.9962,-1515.673,-1515.673;True,Sports,BUFFALO02,0,0;;;
Franklin;12:43:08;15:29:33;-153.9962,-1515.673,-1515.673;True,Sports,BUFFALO02,0,0;;;
Franklin;12:43:24;15:29:33;-153.9962,-1515.673,-1515.673;True,Sports,BUFFALO02,0,0;;;
Franklin;12:43:39;15:29:34;-153.9962,-1515.673,-1515.673;True,Sports,BUFFALO02,0,0;;;
Franklin;12:43:55;15:29:34;-153.9962,-1515.673,-1515.673;True,Sports,BUFFALO02,0,0;;;
Franklin;12:44:11;15:29:35;-153.9962,-1515.673,-1515.673;True,Sports,BUFFALO02,0,0;;;
Franklin;12:44:26;15:29:35;-153.9962,-1515.673,-1515.673;True,Sports,BUFFALO02,0,0;;;
Franklin;12:44:42;15:29:36;-153.9962,-1515.673,-1515.673;True,Sports,BUFFALO02,0,0;;;
Franklin;12:44:57;15:29:36;-153.954,-1515.7,-1515.7;True,Sports,BUFFALO02,0,4689258,1;;;
Franklin;12:45:13;15:29:37;-153.3412,-1515.927,-1515.927;True,Sports,BUFFALO02,2,182932,1;;;
Franklin;12:45:29;15:29:38;-151.5071,-1516.816,-1516.816;True,Sports,BUFFALO02,5,766425,1;;;
Franklin;12:45:44;15:29:38;-148.9773,-1517.045,-1517.045;True,Sports,BUFFALO02,4,038312,0;;;
Franklin;12:46:00;15:29:39;-146.9797,-1517.786,-1517.786;True,Sports,BUFFALO02,5,658417,1;;;
Franklin;12:46:16;15:29:39;-143.7292,-1519.648,-1519.648;True,Sports,BUFFALO02,7,019438,0;;;
Franklin;12:46:31;15:29:40;-140.648,-1521.938,-1521.938;True,Sports,BUFFALO02,8,453375,1;;;
Franklin;12:46:47;15:29:40;-136.8075,-1524.815,-1524.815;True,Sports,BUFFALO02,8,672112,0;;;
Franklin;12:47:02;15:29:41;-133.0719,-1527.372,-1527.372;True,Sports,BUFFALO02,9,429509,0;;;
Franklin;12:47:18;15:29:41;-128.7687,-1528.219,-1528.219;True,Sports,BUFFALO02,9,117167,1;;;
Franklin;12:47:33;15:29:42;-124.3182,-1527.096,-1527.096;True,Sports,BUFFALO02,8,913747,1;;;
Franklin;12:47:49;15:29:42;-119.6902,-1524.973,-1524.973;True,Sports,BUFFALO02,10,49457,0;;;
Franklin;12:48:05;15:29:43;-115.2792,-1522.422,-1522.422;True,Sports,BUFFALO02,10,63844,1;;;
Franklin;12:48:20;15:29:43;-110.3963,-1519.425,-1519.425;True,Sports,BUFFALO02,11,63299,1;;;
Franklin;12:48:36;15:29:44;-106.3077,-1515.541,-1515.541;True,Sports,BUFFALO02,10,95116,0;;;
Franklin;12:48:51;15:29:44;-102.8058,-1511.039,-1511.039;True,Sports,BUFFALO02,11,31903,0;;;
Franklin;12:49:07;15:29:45;-99.15881,-1506.739,-1506.739;True,Sports,BUFFALO02,11,22673,1;;;
Franklin;12:49:22;15:29:45;-94.77776,-1501.77,-1501.77;True,Sports,BUFFALO02,13,69991,0;;;
Franklin;12:49:38;15:29:46;-90.34328,-1496.779,-1496.779;True,Sports,BUFFALO02,12,46677,1;;;
Franklin;12:49:54;15:29:46;-85.576,-1491.461,-1491.461;True,Sports,BUFFALO02,13,58509,0;;;
Franklin;12:50:09;15:29:47;-81.11978,-1486.525,-1486.525;True,Sports,BUFFALO02,12,16554,0;;;
Franklin;12:50:25;15:29:47;-77.02082,-1482.049,-1482.049;True,Sports,BUFFALO02,12,37579,1;;;
Franklin;12:50:40;15:29:48;-72.58463,-1478.149,-1478.149;True,Sports,BUFFALO02,10,73543,0;;;
Franklin;12:50:56;15:29:48;-68.36806,-1475.027,-1475.027;True,Sports,BUFFALO02,9,655252,0;;;
Franklin;12:51:11;15:29:49;-63.98803,-1472.776,-1472.776;True,Sports,BUFFALO02,10,87467,1;;;
Franklin;12:51:27;15:29:49;-59.03345,-1471.382,-1471.382;True,Sports,BUFFALO02,9,135361,0;;;
Franklin;12:51:42;15:29:50;-55.15334,-1470.005,-1470.005;True,Sports,BUFFALO02,7,146717,0;;;
Franklin;12:51:58;15:29:50;-51.7351,-1468.972,-1468.972;True,Sports,BUFFALO02,6,146729,0;;;
Franklin;12:52:13;15:29:51;-48.88681,-1468.809,-1468.809;True,Sports,BUFFALO02,4,999443,1;;;
Franklin;12:52:28;15:29:51;-45.98922,-1468.355,-1468.355;True,Sports,BUFFALO02,5,834856,1;;;
Franklin;12:52:44;15:29:52;-42.64362,-1467.832,-1467.832;True,Sports,BUFFALO02,6,089462,0;;;
Franklin;12:53:00;15:29:53;-39.50126,-1467.456,-1467.456;True,Sports,BUFFALO02,7,285151,1;;;
Franklin;12:53:15;15:29:53;-35.78553,-1467.403,-1467.403;True,Sports,BUFFALO02,6,645465,0;;;
Franklin;12:53:31;15:29:54;-31.93548,-1467.39,-1467.39;True,Sports,BUFFALO02,9,229664,1;Hey, Franklin, why don't you come over here and let me take care of that lonely ass?;TONYA;TOW_CQAA
Franklin;12:53:47;15:29:54;-27.40253,-1467.709,-1467.709;True,Sports,BUFFALO02,7,592167,0;;;
Franklin;12:54:02;15:29:55;-23.71296,-1467.061,-1467.061;True,Sports,BUFFALO02,7,94601,0;;;
Franklin;12:54:18;15:29:55;-20.0296,-1466.689,-1466.689;True,Sports,BUFFALO02,6,099957,0;;;
Franklin;12:54:34;15:29:56;-17.32759,-1467.22,-1467.22;True,Sports,BUFFALO02,4,590681,0;;;
Franklin;12:54:49;15:29:56;-15.26895,-1467.439,-1467.439;True,Sports,BUFFALO02,3,57989,1;;;
Franklin;12:55:05;15:29:57;-13.73007,-1467.426,-1467.426;True,Sports,BUFFALO02,2,207326,0;;;
Franklin;12:55:20;15:29:57;-13.46601,-1467.401,-1467.401;True,Sports,BUFFALO02,0,008824545,0;;;
Franklin;12:55:36;15:29:58;-13.52127,-1467.387,-1467.387;True,Sports,BUFFALO02,0,00690856,0;;;
Franklin;12:55:51;15:29:58;-13.52205,-1467.388,-1467.388;True,Sports,BUFFALO02,0,03292593,-1;;;
Franklin;12:56:06;15:29:59;-13.75829,-1467.34,-1467.34;True,Sports,BUFFALO02,0,2410863,0;;;
Franklin;12:56:22;15:29:59;-13.76539,-1467.341,-1467.341;True,Sports,BUFFALO02,0,0;;;
Franklin;12:56:37;15:30:00;-13.76532,-1467.341,-1467.341;True,Sports,BUFFALO02,0,004883013,0;;;
Franklin;12:56:53;15:30:00;-13.76498,-1467.341,-1467.341;True,Sports,BUFFALO02,0,003955146,0;;;
Franklin;12:57:09;15:30:01;-14.05272,-1465.99,-1465.99;;;;
Franklin;12:57:24;15:30:01;-14.20265,-1466.116,-1466.116;;;;
Franklin;12:57:40;15:30:02;-14.46241,-1466.043,-1466.043;;;;
Franklin;12:57:55;15:30:02;-14.60181,-1466.046,-1466.046;;;;
Franklin;12:58:11;15:30:03;-14.84531,-1466.059,-1466.059;;;;
Franklin;12:58:27;15:30:03;-15.66787,-1466.066,-1466.066;;;;
Franklin;12:58:42;15:30:04;-16.51143,-1466.331,-1466.331;;;;
Franklin;12:58:49;15:30:04;-15.7676,-1472.643,-1472.643;;What the fuck is wrong with you, Tonya?;Cutscene;Cutscene
Franklin;12:58:49;15:30:05;-15.97196,-1472.761,-1472.761;;;;
Franklin;12:58:49;15:30:06;-15.96755,-1472.894,-1472.894;;;;
Franklin;12:58:49;15:30:06;-15.96785,-1472.895,-1472.895;;Ain't nothing wrong with me, nigga. Shit!;Cutscene;Cutscene
Franklin;12:58:49;15:30:07;-15.98241,-1472.897,-1472.897;;;;
Franklin;12:58:49;15:30:07;-15.9903,-1472.911,-1472.911;;;;
Franklin;12:58:49;15:30:08;-15.99916,-1472.915,-1472.915;;;;
Franklin;12:58:49;15:30:08;-15.99637,-1472.915,-1472.915;;Well, your ass don't look too good.;Cutscene;Cutscene
Franklin;12:58:49;15:30:09;-15.98302,-1472.914,-1472.914;;;;
Franklin;12:58:49;15:30:09;-15.97359,-1472.912,-1472.912;;;;
Franklin;12:58:49;15:30:10;-15.98016,-1472.912,-1472.912;;Where the fuck is JB?;Cutscene;Cutscene
Franklin;12:58:49;15:30:10;-15.987,-1472.91,-1472.91;;;;
Franklin;12:58:49;15:30:11;-15.9938,-1472.907,-1472.907;;Smoking.;Cutscene;Cutscene
Franklin;12:58:49;15:30:11;-15.99863,-1472.908,-1472.908;;;;
Franklin;12:58:49;15:30:12;-16.00113,-1472.909,-1472.909;;And what about you?;Cutscene;Cutscene
Franklin;12:58:49;15:30:12;-16.00372,-1472.91,-1472.91;;;;
Franklin;12:58:49;15:30:13;-16.00849,-1472.911,-1472.911;;I mean, y'know, I quit.;Cutscene;Cutscene
Franklin;12:58:49;15:30:13;-16.01414,-1472.911,-1472.911;;;;
Franklin;12:58:49;15:30:14;-16.01603,-1472.912,-1472.912;;;;
Franklin;12:58:49;15:30:14;-16.02017,-1472.915,-1472.915;;Y'know what I'm sayin'?;Cutscene;Cutscene
Franklin;12:58:49;15:30:15;-16.03029,-1472.918,-1472.918;;;;
Franklin;12:58:49;15:30:15;-16.04168,-1472.922,-1472.922;;;;
Franklin;12:58:49;15:30:16;-16.03868,-1472.917,-1472.917;;Almost...;Cutscene;Cutscene
Franklin;12:58:49;15:30:16;-16.0283,-1472.909,-1472.909;;;;
Franklin;12:58:49;15:30:17;-16.00018,-1472.865,-1472.865;;Yeah, whatever.;Cutscene;Cutscene
Franklin;12:58:49;15:30:17;-15.9978,-1472.875,-1472.875;;;;
Franklin;12:58:49;15:30:18;-16.00837,-1472.878,-1472.878;;JB...;Cutscene;Cutscene
Franklin;12:58:49;15:30:18;-16.00829,-1472.876,-1472.876;;look, JB gonna lose everything.;Cutscene;Cutscene
Franklin;12:58:49;15:30:19;-16.00675,-1472.877,-1472.877;;;;
Franklin;12:58:49;15:30:20;-16.00755,-1472.878,-1472.878;;;;
Franklin;12:58:49;15:30:20;-16.00701,-1472.879,-1472.879;;;;
Franklin;12:58:49;15:30:21;-16.00895,-1472.879,-1472.879;;He gonna lose the house,;Cutscene;Cutscene
Franklin;12:58:49;15:30:21;-16.01335,-1472.88,-1472.88;;;;
Franklin;12:58:49;15:30:22;-16.02056,-1472.883,-1472.883;;y'know what I'm sayin'?;Cutscene;Cutscene
Franklin;12:58:49;15:30:22;-16.02885,-1472.885,-1472.885;;;;
Franklin;12:58:49;15:30:23;-16.0337,-1472.904,-1472.904;;The business,;Cutscene;Cutscene
Franklin;12:58:49;15:30:23;-15.98496,-1472.964,-1472.964;;everything and you his cousin, nigga.;Cutscene;Cutscene
Franklin;12:58:49;15:30:24;-15.9575,-1472.974,-1472.974;;;;
Franklin;12:58:49;15:30:24;-16.03024,-1472.916,-1472.916;;;;
Franklin;12:58:49;15:30:25;-16.04452,-1472.86,-1472.86;;You said you was gonna help.;Cutscene;Cutscene
Franklin;12:58:49;15:30:25;-16.04406,-1472.864,-1472.864;;;;
Franklin;12:58:49;15:30:26;-16.06279,-1472.88,-1472.88;;He ain't my cousin.;Cutscene;Cutscene
Franklin;12:58:49;15:30:26;-16.04487,-1472.879,-1472.879;;;;
Franklin;12:58:49;15:30:27;-16.03898,-1472.884,-1472.884;;;;
Franklin;12:58:49;15:30:27;-16.04693,-1472.888,-1472.888;;Whatever, if that's how you feel...;Cutscene;Cutscene
Franklin;12:58:49;15:30:28;-16.04455,-1472.889,-1472.889;;;;
Franklin;12:58:49;15:30:28;-16.03836,-1472.887,-1472.887;;;;
Franklin;12:58:49;15:30:29;-16.04178,-1472.889,-1472.889;;What the fuck do I know about towing cars?;Cutscene;Cutscene
Franklin;12:58:49;15:30:29;-16.03871,-1472.886,-1472.886;;;;
Franklin;12:58:49;15:30:30;-16.03039,-1472.887,-1472.887;;;;
Franklin;12:58:49;15:30:30;-16.02157,-1472.884,-1472.884;;Look, it's easy.;Cutscene;Cutscene
Franklin;12:58:49;15:30:31;-16.0189,-1472.883,-1472.883;;;;
Franklin;12:58:49;15:30:31;-16.01562,-1472.881,-1472.881;;;;
Franklin;12:58:49;15:30:32;-16.01048,-1472.88,-1472.88;;If JB can do it, you can do it, for fuck's sake.;Cutscene;Cutscene
Franklin;12:58:49;15:30:32;-16.00525,-1472.877,-1472.877;;;;
Franklin;12:58:49;15:30:33;-15.99782,-1472.875,-1472.875;;;;
Franklin;12:58:49;15:30:34;-15.99065,-1472.872,-1472.872;;;;
Franklin;12:58:49;15:30:34;-15.98426,-1472.867,-1472.867;;Come on, I'ma show you.;Cutscene;Cutscene
Franklin;12:58:49;15:30:35;-15.9665,-1472.845,-1472.845;;Come on. Shit.;Cutscene;Cutscene
Franklin;12:58:49;15:30:35;-15.95934,-1472.795,-1472.795;;;;
Franklin;12:58:49;15:30:36;-15.9526,-1472.837,-1472.837;;;;
Franklin;12:58:49;15:30:36;-15.81502,-1473.112,-1473.112;;Alright then, shit.;Cutscene;Cutscene
Franklin;12:58:49;15:30:37;-15.54665,-1473.291,-1473.291;;;;
Franklin;12:58:49;15:30:37;-15.09424,-1473.156,-1473.156;;Shit... I gotta show him everything.;Cutscene;Cutscene
Franklin;12:58:49;15:30:38;-14.56581,-1472.942,-1472.942;;;;
Franklin;12:58:49;15:30:38;-13.88859,-1472.681,-1472.681;;;;
Franklin;12:58:49;15:30:39;-13.10094,-1472.346,-1472.346;;;;
Franklin;12:58:55;15:30:39;-12.28062,-1472.004,-1472.004;;;;
Franklin;12:59:11;15:30:40;-11.46432,-1471.663,-1471.663;;Hey, look, let's make this quick. I got shit to do.;Franklin;TOW_EAAA
Franklin;12:59:26;15:30:40;-10.94595,-1471.423,-1471.423;;;;
Franklin;12:59:42;15:30:41;-10.47798,-1471.081,-1471.081;;;;
Franklin;12:59:58;15:30:41;-9.760389,-1470.542,-1470.542;;;;
Franklin;13:00:13;15:30:42;-9.07409,-1469.941,-1469.941;;;;
Franklin;13:00:29;15:30:42;-8.473944,-1469.281,-1469.281;;Nigga, you need to slow it down, Tanisha was right.;Tonya;TOW_EAAB
Franklin;13:00:45;15:30:43;-7.887995,-1468.601,-1468.601;;;;
Franklin;13:01:00;15:30:43;-7.285082,-1467.922,-1467.922;;;;
Franklin;13:01:16;15:30:44;-7.300033,-1467.215,-1467.215;;;;
Franklin;13:01:31;15:30:44;-8.144986,-1467.249,-1467.249;;;;
Franklin;13:01:47;15:30:45;-9.028375,-1467.371,-1467.371;;;;
Franklin;13:02:02;15:30:45;-9.598956,-1466.848,-1466.848;;;;
Franklin;13:02:18;15:30:46;-9.71298,-1465.966,-1465.966;;;;
Franklin;13:02:33;15:30:47;-9.619639,-1465.095,-1465.095;;;;
Franklin;13:02:49;15:30:47;-8.899839,-1464.69,-1464.69;;;;
Franklin;13:03:05;15:30:48;-8.003182,-1464.65,-1464.65;;;;
Franklin;13:03:20;15:30:48;-7.354142,-1464.688,-1464.688;;;;
Franklin;13:03:36;15:30:49;-7.354186,-1464.688,-1464.688;;;;
Franklin;13:03:51;15:30:49;-6.934587,-1465.179,-1465.179;;;;
Franklin;13:04:07;15:30:50;-6.805297,-1465.905,-1465.905;True,Sports,BUFFALO02,0,0;;;
Franklin;13:04:22;15:30:50;-6.805364,-1465.905,-1465.905;True,Sports,BUFFALO02,0,004292822,0;;;
Franklin;13:04:38;15:30:51;-6.805665,-1465.906,-1465.906;True,Sports,BUFFALO02,0,0;;;
Franklin;13:04:53;15:30:51;-6.805442,-1465.906,-1465.906;True,Sports,BUFFALO02,0,004776197,0;;;
Franklin;13:05:09;15:30:52;-6.805383,-1465.905,-1465.905;True,Sports,BUFFALO02,0,0;;;
Franklin;13:05:24;15:30:52;-6.805347,-1465.905,-1465.905;True,Sports,BUFFALO02,0,00887458,0;;;
Franklin;13:05:40;15:30:53;-6.805277,-1465.905,-1465.905;True,Sports,BUFFALO02,0,0;;;
Franklin;13:05:55;15:30:53;-6.804734,-1465.905,-1465.905;True,Sports,BUFFALO02,0,02273827,1;A'ight, shit, where we goin'?;Franklin;TOW_EEAA
Franklin;13:06:11;15:30:54;-6.364248,-1465.867,-1465.867;True,Sports,BUFFALO02,1,656235,0;;;
Franklin;13:06:26;15:30:54;-5.92199,-1465.818,-1465.818;True,Sports,BUFFALO02,0,1087653,0;;;
Franklin;13:06:42;15:30:55;-5.734931,-1465.825,-1465.825;True,Sports,BUFFALO02,1,15073,1;Truck's at the Davis Sheriff impound.;Tonya;TOW_EEAB
Franklin;13:06:57;15:30:55;-4.473558,-1465.824,-1465.824;True,Sports,BUFFALO02,3,846247,1;;;
Franklin;13:07:13;15:30:56;-1.339935,-1465.935,-1465.935;True,Sports,BUFFALO02,8,662952,1;;;
Franklin;13:07:28;15:30:56;4.301462,-1466.132,-1466.132;True,Sports,BUFFALO02,11,15512,0;;;
Franklin;13:07:44;15:30:57;9.608365,-1466.352,-1466.352;True,Sports,BUFFALO02,9,706388,1;;;
Franklin;13:07:59;15:30:57;14.43891,-1467.681,-1467.681;True,Sports,BUFFALO02,8,645314,0;Oh, man. How did I get dragged into this?;Franklin;TOW_EEAC
Franklin;13:08:15;15:30:58;16.05613,-1468.88,-1468.88;True,Sports,BUFFALO02,0,3151442,0;;;
Franklin;13:08:30;15:30:58;16.11862,-1468.95,-1468.95;True,Sports,BUFFALO02,0,7874585,1;;;
Franklin;13:08:46;15:30:59;16.70932,-1469.523,-1469.523;True,Sports,BUFFALO02,1,48054,0;;;
Franklin;13:09:01;15:30:59;16.98622,-1469.708,-1469.708;True,Sports,BUFFALO02,0,02836548,0;;;
Franklin;13:09:17;15:31:00;16.98446,-1469.708,-1469.708;True,Sports,BUFFALO02,0,0;;;
Franklin;13:09:32;15:31:00;16.98446,-1469.708,-1469.708;True,Sports,BUFFALO02,0,0;We both know you always been sweet on me, shit, Franklin Clinton.;Tonya;TOW_EEAD
Franklin;13:09:48;15:31:01;16.98446,-1469.708,-1469.708;True,Sports,BUFFALO02,0,0;;;
Franklin;13:10:03;15:31:02;16.98446,-1469.708,-1469.708;True,Sports,BUFFALO02,0,0;;;
Franklin;13:10:19;15:31:02;16.98446,-1469.708,-1469.708;True,Sports,BUFFALO02,0,0;;;
Franklin;13:10:35;15:31:03;16.98446,-1469.708,-1469.708;True,Sports,BUFFALO02,0,0;;;
Franklin;13:10:50;15:31:03;16.98446,-1469.708,-1469.708;True,Sports,BUFFALO02,0,0;;;
Franklin;13:11:06;15:31:04;16.98446,-1469.708,-1469.708;True,Sports,BUFFALO02,0,0;;;
Franklin;13:11:22;15:31:04;16.98446,-1469.708,-1469.708;True,Sports,BUFFALO02,0,0;;;
Franklin;13:11:37;15:31:05;16.98446,-1469.708,-1469.708;True,Sports,BUFFALO02,0,0;;;
Franklin;13:11:53;15:31:05;16.98446,-1469.708,-1469.708;True,Sports,BUFFALO02,0,0;Shit, your ass must be high or something.;Franklin;TOW_EEAE
Franklin;13:12:08;15:31:06;16.98446,-1469.708,-1469.708;True,Sports,BUFFALO02,0,0;;;
Franklin;13:12:24;15:31:06;16.98446,-1469.708,-1469.708;True,Sports,BUFFALO02,0,0;;;
Franklin;13:12:39;15:31:07;16.98446,-1469.708,-1469.708;True,Sports,BUFFALO02,0,0;;;
Franklin;13:12:55;15:31:07;16.98446,-1469.708,-1469.708;True,Sports,BUFFALO02,0,0;;;
Franklin;13:13:10;15:31:08;16.98446,-1469.708,-1469.708;True,Sports,BUFFALO02,0,0;I told you, I don't do that shit no more.;Tonya;TOW_EEAF
Franklin;13:13:26;15:31:08;16.98446,-1469.708,-1469.708;True,Sports,BUFFALO02,0,0;;;
Franklin;13:13:41;15:31:09;16.98446,-1469.708,-1469.708;True,Sports,BUFFALO02,0,0;;;
Franklin;13:13:57;15:31:09;16.98446,-1469.708,-1469.708;True,Sports,BUFFALO02,0,0;;;
Franklin;13:14:12;15:31:10;16.98446,-1469.708,-1469.708;True,Sports,BUFFALO02,0,0;;;
Franklin;13:14:28;15:31:10;16.98446,-1469.708,-1469.708;True,Sports,BUFFALO02,0,0;I mean, I baby-dose now and again, just for the taste, but I'm doin' good, boo, your eyes don't lie.;Tonya;TOW_EEAG
Franklin;13:14:44;15:31:11;17.07575,-1469.793,-1469.793;True,Sports,BUFFALO02,0,9673505,1;;;
Franklin;13:14:59;15:31:11;17.7512,-1470.414,-1470.414;True,Sports,BUFFALO02,1,537542,0;;;
Franklin;13:15:15;15:31:12;18.34376,-1470.821,-1470.821;True,Sports,BUFFALO02,2,327139,1;;;
Franklin;13:15:30;15:31:12;19.35296,-1471.675,-1471.675;True,Sports,BUFFALO02,1,938767,0;;;
Franklin;13:15:46;15:31:13;19.93916,-1472.139,-1472.139;True,Sports,BUFFALO02,1,762,1;;;
Franklin;13:16:02;15:31:13;21.32592,-1473.308,-1473.308;True,Sports,BUFFALO02,5,372046,1;;;
Franklin;13:16:17;15:31:14;24.07184,-1475.635,-1475.635;True,Sports,BUFFALO02,5,480139,0;;;
Franklin;13:16:33;15:31:14;25.7604,-1477.079,-1477.079;True,Sports,BUFFALO02,4,602835,0;;;
Franklin;13:16:48;15:31:15;27.32131,-1478.414,-1478.414;True,Sports,BUFFALO02,3,371053,0;;;
Franklin;13:17:04;15:31:16;28.74393,-1479.638,-1479.638;True,Sports,BUFFALO02,3,299381,0;;;
Franklin;13:17:19;15:31:16;29.97673,-1480.703,-1480.703;True,Sports,BUFFALO02,2,693611,0;;;
Franklin;13:17:35;15:31:17;30.97106,-1481.567,-1481.567;True,Sports,BUFFALO02,2,353386,0;Whatever you say, girl. Come on.;Franklin;TOW_EEAH
Franklin;13:17:51;15:31:17;31.90339,-1482.371,-1482.371;True,Sports,BUFFALO02,3,587389,1;;;
Franklin;13:18:06;15:31:18;34.35723,-1484.522,-1484.522;True,Sports,BUFFALO02,9,272168,1;;;
Franklin;13:18:22;15:31:18;38.62847,-1488.335,-1488.335;True,Sports,BUFFALO02,11,12278,0;;;
Franklin;13:18:37;15:31:19;41.78861,-1491.201,-1491.201;True,Sports,BUFFALO02,6,127846,0;;;
Franklin;13:18:53;15:31:19;43.52206,-1492.788,-1492.788;True,Sports,BUFFALO02,0,9352998,0;;;
Franklin;13:19:08;15:31:20;43.56196,-1492.806,-1492.806;True,Sports,BUFFALO02,0,007245493,0;;;
Franklin;13:19:24;15:31:20;43.56186,-1492.806,-1492.806;True,Sports,BUFFALO02,0,0;;;
Franklin;13:19:39;15:31:21;43.56186,-1492.806,-1492.806;True,Sports,BUFFALO02,0,0;;;
Franklin;13:19:55;15:31:21;43.56186,-1492.806,-1492.806;True,Sports,BUFFALO02,0,0;;;
Franklin;13:20:10;15:31:22;43.56186,-1492.806,-1492.806;True,Sports,BUFFALO02,0,0;;;
Franklin;13:20:26;15:31:22;43.56186,-1492.806,-1492.806;True,Sports,BUFFALO02,0,0;;;
Franklin;13:20:41;15:31:23;43.56186,-1492.806,-1492.806;True,Sports,BUFFALO02,0,0;;;
Franklin;13:20:57;15:31:23;43.56186,-1492.806,-1492.806;True,Sports,BUFFALO02,0,0;;;
Franklin;13:21:13;15:31:24;43.56186,-1492.806,-1492.806;True,Sports,BUFFALO02,0,0;;;
Franklin;13:21:28;15:31:24;43.56186,-1492.806,-1492.806;True,Sports,BUFFALO02,0,0;;;
Franklin;13:21:44;15:31:25;43.56186,-1492.806,-1492.806;True,Sports,BUFFALO02,0,0;;;
Franklin;13:21:59;15:31:25;43.56186,-1492.806,-1492.806;True,Sports,BUFFALO02,0,0;;;
Franklin;13:22:15;15:31:26;43.56186,-1492.806,-1492.806;True,Sports,BUFFALO02,0,0;;;
Franklin;13:22:30;15:31:26;43.56186,-1492.806,-1492.806;True,Sports,BUFFALO02,0,0;;;
Franklin;13:22:45;15:31:27;43.56186,-1492.806,-1492.806;True,Sports,BUFFALO02,0,0;;;
Franklin;13:23:01;15:31:27;43.56186,-1492.806,-1492.806;True,Sports,BUFFALO02,0,0;;;
Franklin;13:23:17;15:31:28;43.56186,-1492.806,-1492.806;True,Sports,BUFFALO02,0,0;;;
Franklin;13:23:32;15:31:28;43.56186,-1492.806,-1492.806;True,Sports,BUFFALO02,0,0;;;
Franklin;13:23:47;15:31:29;43.56186,-1492.806,-1492.806;True,Sports,BUFFALO02,0,0;;;
Franklin;13:24:03;15:31:29;43.56186,-1492.806,-1492.806;True,Sports,BUFFALO02,0,0;;;
Franklin;13:24:19;15:31:30;43.56186,-1492.806,-1492.806;True,Sports,BUFFALO02,0,0;;;
Franklin;13:24:34;15:31:31;43.56186,-1492.806,-1492.806;True,Sports,BUFFALO02,0,0;;;
Franklin;13:24:50;15:31:31;43.56186,-1492.806,-1492.806;True,Sports,BUFFALO02,0,0;;;
Franklin;13:25:05;15:31:32;43.56186,-1492.806,-1492.806;True,Sports,BUFFALO02,0,0;;;
Franklin;13:25:21;15:31:32;43.56186,-1492.806,-1492.806;True,Sports,BUFFALO02,0,0;;;
Franklin;13:25:36;15:31:33;43.56186,-1492.806,-1492.806;True,Sports,BUFFALO02,0,0;;;
Franklin;13:25:52;15:31:33;43.56186,-1492.806,-1492.806;True,Sports,BUFFALO02,0,0;;;
Franklin;13:26:07;15:31:34;43.56186,-1492.806,-1492.806;True,Sports,BUFFALO02,0,0;;;
Franklin;13:26:23;15:31:34;43.56186,-1492.806,-1492.806;True,Sports,BUFFALO02,0,0;;;
Franklin;13:26:38;15:31:35;43.56186,-1492.806,-1492.806;True,Sports,BUFFALO02,0,0;;;
Franklin;13:26:54;15:31:35;43.56186,-1492.806,-1492.806;True,Sports,BUFFALO02,0,0;;;
Franklin;13:27:09;15:31:36;43.56186,-1492.806,-1492.806;True,Sports,BUFFALO02,0,0;;;
Franklin;13:27:25;15:31:36;43.56186,-1492.806,-1492.806;True,Sports,BUFFALO02,0,0;;;
Franklin;13:27:40;15:31:37;43.56186,-1492.806,-1492.806;True,Sports,BUFFALO02,0,0;;;
Franklin;13:27:56;15:31:37;43.56186,-1492.806,-1492.806;True,Sports,BUFFALO02,0,0;;;
Franklin;13:28:11;15:31:38;43.56186,-1492.806,-1492.806;True,Sports,BUFFALO02,0,0;;;
Franklin;13:28:27;15:31:38;43.56186,-1492.806,-1492.806;True,Sports,BUFFALO02,0,0;;;
Franklin;13:28:42;15:31:39;43.56186,-1492.806,-1492.806;True,Sports,BUFFALO02,0,0;;;
Franklin;13:28:58;15:31:39;43.56186,-1492.806,-1492.806;True,Sports,BUFFALO02,0,0;;;
Franklin;13:29:13;15:31:40;43.56186,-1492.806,-1492.806;True,Sports,BUFFALO02,0,0;;;
Franklin;13:29:29;15:31:40;43.56186,-1492.806,-1492.806;True,Sports,BUFFALO02,0,0;;;
Franklin;13:29:44;15:31:41;43.56186,-1492.806,-1492.806;True,Sports,BUFFALO02,0,0;;;
Franklin;13:30:00;15:31:41;43.56186,-1492.806,-1492.806;True,Sports,BUFFALO02,0,0;;;
Franklin;13:30:15;15:31:42;43.56186,-1492.806,-1492.806;True,Sports,BUFFALO02,0,0;;;
Franklin;13:30:31;15:31:42;43.56186,-1492.806,-1492.806;True,Sports,BUFFALO02,0,0;;;
Franklin;13:30:46;15:31:43;43.56186,-1492.806,-1492.806;True,Sports,BUFFALO02,0,0;;;
Franklin;13:31:02;15:31:43;43.56186,-1492.806,-1492.806;True,Sports,BUFFALO02,0,0;;;
Franklin;13:31:17;15:31:44;43.56186,-1492.806,-1492.806;True,Sports,BUFFALO02,0,0;;;
Franklin;13:31:33;15:31:44;43.56186,-1492.806,-1492.806;True,Sports,BUFFALO02,0,0;;;
Franklin;13:31:48;15:31:45;43.56186,-1492.806,-1492.806;True,Sports,BUFFALO02,0,0;;;
Franklin;13:32:04;15:31:46;43.56186,-1492.806,-1492.806;True,Sports,BUFFALO02,0,0;;;
Franklin;13:32:20;15:31:46;43.56186,-1492.806,-1492.806;True,Sports,BUFFALO02,0,0;;;
Franklin;13:32:35;15:31:47;43.56186,-1492.806,-1492.806;True,Sports,BUFFALO02,0,0;;;
Franklin;13:32:51;15:31:47;43.56186,-1492.806,-1492.806;True,Sports,BUFFALO02,0,0;;;
Franklin;13:33:06;15:31:48;43.56186,-1492.806,-1492.806;True,Sports,BUFFALO02,0,0;;;
Franklin;13:33:21;15:31:48;43.56186,-1492.806,-1492.806;True,Sports,BUFFALO02,0,0;;;
Franklin;13:33:37;15:31:49;43.56186,-1492.806,-1492.806;True,Sports,BUFFALO02,0,0;;;
Franklin;13:33:52;15:31:49;43.56186,-1492.806,-1492.806;True,Sports,BUFFALO02,0,0;;;
Franklin;13:34:08;15:31:50;43.56186,-1492.806,-1492.806;True,Sports,BUFFALO02,0,0;;;
Franklin;13:34:23;15:31:50;43.56186,-1492.806,-1492.806;True,Sports,BUFFALO02,0,0;;;
Franklin;13:34:39;15:31:51;43.58258,-1492.825,-1492.825;True,Sports,BUFFALO02,0,4051867,1;;;
Franklin;13:34:55;15:31:51;44.14719,-1493.353,-1493.353;True,Sports,BUFFALO02,2,716821,1;;;
Franklin;13:35:10;15:31:52;45.87063,-1494.983,-1494.983;True,Sports,BUFFALO02,6,656343,1;;;
Franklin;13:35:26;15:31:52;49.51827,-1497.468,-1497.468;True,Sports,BUFFALO02,9,554692,1;;;
Franklin;13:35:41;15:31:53;54.18261,-1500.744,-1500.744;True,Sports,BUFFALO02,11,31763,1;;;
Franklin;13:35:57;15:31:53;58.51477,-1504.791,-1504.791;True,Sports,BUFFALO02,11,49983,1;;;
Franklin;13:36:12;15:31:54;62.80225,-1509.286,-1509.286;True,Sports,BUFFALO02,11,80904,1;;;
Franklin;13:36:28;15:31:54;67.45087,-1513.263,-1513.263;True,Sports,BUFFALO02,11,5485,1;;;
Franklin;13:36:43;15:31:55;72.83205,-1517.468,-1517.468;True,Sports,BUFFALO02,14,91311,1;;;
Franklin;13:36:59;15:31:55;79.54399,-1523.043,-1523.043;True,Sports,BUFFALO02,18,21235,1;;;
Franklin;13:37:15;15:31:56;86.83434,-1529.143,-1529.143;True,Sports,BUFFALO02,18,24512,1;;;
Franklin;13:37:30;15:31:56;94.01208,-1535.173,-1535.173;True,Sports,BUFFALO02,18,31092,0;;;
Franklin;13:37:46;15:31:57;101.1133,-1541.182,-1541.182;True,Sports,BUFFALO02,17,62741,0;;;
Franklin;13:38:01;15:31:57;108.0386,-1547.106,-1547.106;True,Sports,BUFFALO02,17,16696,0;;;
Franklin;13:38:17;15:31:58;114.7431,-1552.911,-1552.911;True,Sports,BUFFALO02,16,60547,0;;;
Franklin;13:38:32;15:31:58;121.2784,-1558.607,-1558.607;True,Sports,BUFFALO02,17,06184,0;;;
Franklin;13:38:48;15:31:59;127.5899,-1564.124,-1564.124;True,Sports,BUFFALO02,15,31687,0;;;
Franklin;13:39:03;15:31:59;133.2025,-1569.063,-1569.063;True,Sports,BUFFALO02,13,61711,0;;;
Franklin;13:39:19;15:32:00;138.1485,-1573.503,-1573.503;True,Sports,BUFFALO02,11,96729,0;;;
Franklin;13:39:34;15:32:01;142.451,-1577.375,-1577.375;True,Sports,BUFFALO02,10,16578,0;;;
Franklin;13:39:50;15:32:01;146.3246,-1580.14,-1580.14;True,Sports,BUFFALO02,7,331769,0;;;
Franklin;13:40:06;15:32:02;148.6724,-1581.738,-1581.738;True,Sports,BUFFALO02,4,57509,0;;;
Franklin;13:40:21;15:32:02;149.6311,-1582.358,-1582.358;True,Sports,BUFFALO02,0,972626,0;;;
Franklin;13:40:37;15:32:03;149.7569,-1582.445,-1582.445;True,Sports,BUFFALO02,0,01036505,0;;;
Franklin;13:40:52;15:32:03;149.7563,-1582.444,-1582.444;True,Sports,BUFFALO02,0,0;;;
Franklin;13:41:08;15:32:04;149.7563,-1582.444,-1582.444;True,Sports,BUFFALO02,0,0;;;
Franklin;13:41:23;15:32:04;149.7563,-1582.444,-1582.444;True,Sports,BUFFALO02,0,0;;;
Franklin;13:41:39;15:32:05;149.7563,-1582.444,-1582.444;True,Sports,BUFFALO02,0,0;;;
Franklin;13:41:55;15:32:05;149.7563,-1582.444,-1582.444;True,Sports,BUFFALO02,0,0;;;
Franklin;13:42:10;15:32:06;149.7563,-1582.444,-1582.444;True,Sports,BUFFALO02,0,0;;;
Franklin;13:42:26;15:32:06;149.7563,-1582.444,-1582.444;True,Sports,BUFFALO02,0,0;;;
Franklin;13:42:42;15:32:07;149.7563,-1582.444,-1582.444;True,Sports,BUFFALO02,0,0;;;
Franklin;13:42:57;15:32:07;149.7563,-1582.444,-1582.444;True,Sports,BUFFALO02,0,0;;;
Franklin;13:43:13;15:32:08;149.7563,-1582.444,-1582.444;True,Sports,BUFFALO02,0,0;;;
Franklin;13:43:28;15:32:08;149.7563,-1582.444,-1582.444;True,Sports,BUFFALO02,0,0;;;
Franklin;13:43:44;15:32:09;149.7563,-1582.444,-1582.444;True,Sports,BUFFALO02,0,0;;;
Franklin;13:44:00;15:32:09;149.7563,-1582.444,-1582.444;True,Sports,BUFFALO02,0,0;;;
Franklin;13:44:15;15:32:10;149.7563,-1582.444,-1582.444;True,Sports,BUFFALO02,0,0;;;
Franklin;13:44:30;15:32:10;149.7563,-1582.444,-1582.444;True,Sports,BUFFALO02,0,0;;;
Franklin;13:44:46;15:32:11;149.7563,-1582.444,-1582.444;True,Sports,BUFFALO02,0,0;;;
Franklin;13:45:02;15:32:11;149.7563,-1582.444,-1582.444;True,Sports,BUFFALO02,0,0;;;
Franklin;13:45:17;15:32:12;149.7563,-1582.444,-1582.444;True,Sports,BUFFALO02,0,0;;;
Franklin;13:45:33;15:32:12;149.7563,-1582.444,-1582.444;True,Sports,BUFFALO02,0,0;;;
Franklin;13:45:48;15:32:13;149.7563,-1582.444,-1582.444;True,Sports,BUFFALO02,0,0;;;
Franklin;13:46:04;15:32:14;149.7563,-1582.444,-1582.444;True,Sports,BUFFALO02,0,0;;;
Franklin;13:46:19;15:32:14;149.7563,-1582.444,-1582.444;True,Sports,BUFFALO02,0,0;;;
Franklin;13:46:35;15:32:15;149.7563,-1582.444,-1582.444;True,Sports,BUFFALO02,0,0;;;
Franklin;13:46:51;15:32:15;149.7563,-1582.444,-1582.444;True,Sports,BUFFALO02,0,0;;;
Franklin;13:47:06;15:32:16;149.7563,-1582.444,-1582.444;True,Sports,BUFFALO02,0,0;;;
Franklin;13:47:21;15:32:16;149.7563,-1582.444,-1582.444;True,Sports,BUFFALO02,0,0;;;
Franklin;13:47:37;15:32:17;149.7563,-1582.444,-1582.444;True,Sports,BUFFALO02,0,0;;;
Franklin;13:47:52;15:32:17;149.7563,-1582.444,-1582.444;True,Sports,BUFFALO02,0,0;;;
Franklin;13:48:08;15:32:18;149.7563,-1582.444,-1582.444;True,Sports,BUFFALO02,0,0;;;
Franklin;13:48:23;15:32:18;149.7563,-1582.444,-1582.444;True,Sports,BUFFALO02,0,0;;;
Franklin;13:48:39;15:32:19;149.7563,-1582.444,-1582.444;True,Sports,BUFFALO02,0,0;;;
Franklin;13:48:54;15:32:19;149.7563,-1582.444,-1582.444;True,Sports,BUFFALO02,0,0;;;
Franklin;13:49:10;15:32:20;149.7563,-1582.444,-1582.444;True,Sports,BUFFALO02,0,0;;;
Franklin;13:49:25;15:32:20;149.7563,-1582.444,-1582.444;True,Sports,BUFFALO02,0,0;;;
Franklin;13:49:41;15:32:21;149.7563,-1582.444,-1582.444;True,Sports,BUFFALO02,0,0;;;
Franklin;13:49:56;15:32:21;149.7563,-1582.444,-1582.444;True,Sports,BUFFALO02,0,0;;;
Franklin;13:50:12;15:32:22;149.7563,-1582.444,-1582.444;True,Sports,BUFFALO02,0,0;;;
Franklin;13:50:28;15:32:22;149.7563,-1582.444,-1582.444;True,Sports,BUFFALO02,0,0;;;
Franklin;13:50:43;15:32:23;149.7563,-1582.444,-1582.444;True,Sports,BUFFALO02,0,0;;;
Franklin;13:50:59;15:32:23;149.7563,-1582.444,-1582.444;True,Sports,BUFFALO02,0,0;;;
Franklin;13:51:15;15:32:24;149.7563,-1582.444,-1582.444;True,Sports,BUFFALO02,0,0;;;
Franklin;13:51:30;15:32:24;149.7563,-1582.444,-1582.444;True,Sports,BUFFALO02,0,0;;;
Franklin;13:51:46;15:32:25;149.7563,-1582.444,-1582.444;True,Sports,BUFFALO02,0,0;;;
Franklin;13:52:01;15:32:25;149.7563,-1582.444,-1582.444;True,Sports,BUFFALO02,0,0;;;
Franklin;13:52:17;15:32:26;149.7563,-1582.444,-1582.444;True,Sports,BUFFALO02,0,0;;;
Franklin;13:52:33;15:32:26;149.7563,-1582.444,-1582.444;True,Sports,BUFFALO02,0,0;;;
Franklin;13:52:48;15:32:27;149.7563,-1582.444,-1582.444;True,Sports,BUFFALO02,0,0;;;
Franklin;13:53:04;15:32:28;149.7563,-1582.444,-1582.444;True,Sports,BUFFALO02,0,0;;;
Franklin;13:53:19;15:32:28;149.7563,-1582.444,-1582.444;True,Sports,BUFFALO02,0,0;;;
Franklin;13:53:35;15:32:29;149.7746,-1582.456,-1582.456;True,Sports,BUFFALO02,0,3497974,1;;;
Franklin;13:53:50;15:32:29;150.3868,-1582.875,-1582.875;True,Sports,BUFFALO02,2,675749,1;;;
Franklin;13:54:06;15:32:30;152.1497,-1584.074,-1584.074;True,Sports,BUFFALO02,4,392324,1;;;
Franklin;13:54:22;15:32:30;154.9848,-1585.988,-1585.988;True,Sports,BUFFALO02,9,384645,1;;;
Franklin;13:54:37;15:32:31;159.8835,-1588.963,-1588.963;True,Sports,BUFFALO02,10,87392,0;;;
Franklin;13:54:53;15:32:31;164.8804,-1591.218,-1591.218;True,Sports,BUFFALO02,10,90808,0;;;
Franklin;13:55:08;15:32:32;170.0106,-1592.476,-1592.476;True,Sports,BUFFALO02,10,14287,1;;;
Franklin;13:55:24;15:32:32;175.7325,-1592.8,-1592.8;True,Sports,BUFFALO02,11,19437,0;;;
Franklin;13:55:39;15:32:33;181.1337,-1592.101,-1592.101;True,Sports,BUFFALO02,10,30249,1;;;
Franklin;13:55:55;15:32:33;186.9154,-1591.123,-1591.123;True,Sports,BUFFALO02,11,32311,1;;;
Franklin;13:56:10;15:32:34;193.0274,-1589.063,-1589.063;True,Sports,BUFFALO02,13,83206,1;;;
Franklin;13:56:26;15:32:34;200.3791,-1586.022,-1586.022;True,Sports,BUFFALO02,16,87161,1;;;
Franklin;13:56:41;15:32:35;208.2181,-1582.306,-1582.306;True,Sports,BUFFALO02,15,94022,0;;;
Franklin;13:56:57;15:32:35;215.2074,-1578.283,-1578.283;True,Sports,BUFFALO02,15,04744,0;;;
Franklin;13:57:13;15:32:36;222.201,-1573.618,-1573.618;True,Sports,BUFFALO02,16,33708,0;;;
Franklin;13:57:28;15:32:36;229.627,-1570.07,-1570.07;True,Sports,BUFFALO02,15,87419,0;;;
Franklin;13:57:44;15:32:37;237.5204,-1568.138,-1568.138;True,Sports,BUFFALO02,15,71491,1;;;
Franklin;13:57:59;15:32:37;245.639,-1565.822,-1565.822;True,Sports,BUFFALO02,15,83223,0;;;
Franklin;13:58:15;15:32:38;252.7643,-1561.658,-1561.658;True,Sports,BUFFALO02,16,86703,1;;;
Franklin;13:58:30;15:32:38;260.8852,-1556.876,-1556.876;True,Sports,BUFFALO02,19,41655,1;;;
Franklin;13:58:46;15:32:39;270.1834,-1552.441,-1552.441;True,Sports,BUFFALO02,19,60506,0;;;
Franklin;13:59:01;15:32:39;278.9775,-1547.527,-1547.527;True,Sports,BUFFALO02,19,1526,0;;;
Franklin;13:59:17;15:32:40;287.2151,-1542.883,-1542.883;True,Sports,BUFFALO02,17,35252,0;;;
Franklin;13:59:32;15:32:40;294.0061,-1539.23,-1539.23;True,Sports,BUFFALO02,11,9903,0;;;
Franklin;13:59:48;15:32:41;299.2783,-1536.894,-1536.894;True,Sports,BUFFALO02,10,36636,0;;;
Franklin;14:00:03;15:32:42;303.2176,-1534.868,-1534.868;True,Sports,BUFFALO02,5,320435,0;;;
Franklin;14:00:19;15:32:42;304.8524,-1533.974,-1533.974;True,Sports,BUFFALO02,0,452468,0;;;
Franklin;14:00:34;15:32:43;304.874,-1533.961,-1533.961;True,Sports,BUFFALO02,0,0;;;
Franklin;14:00:50;15:32:43;304.874,-1533.961,-1533.961;True,Sports,BUFFALO02,0,0;;;
Franklin;14:01:05;15:32:44;304.874,-1533.961,-1533.961;True,Sports,BUFFALO02,0,0;;;
Franklin;14:01:21;15:32:44;304.874,-1533.961,-1533.961;True,Sports,BUFFALO02,0,0;;;
Franklin;14:01:37;15:32:45;304.874,-1533.961,-1533.961;True,Sports,BUFFALO02,0,0;;;
Franklin;14:01:52;15:32:45;304.874,-1533.961,-1533.961;True,Sports,BUFFALO02,0,0;;;
Franklin;14:02:08;15:32:46;304.874,-1533.961,-1533.961;True,Sports,BUFFALO02,0,0;;;
Franklin;14:02:24;15:32:46;304.874,-1533.961,-1533.961;True,Sports,BUFFALO02,0,0;;;
Franklin;14:02:39;15:32:47;304.874,-1533.961,-1533.961;True,Sports,BUFFALO02,0,0;;;
Franklin;14:02:55;15:32:47;304.874,-1533.961,-1533.961;True,Sports,BUFFALO02,0,0;;;
Franklin;14:03:10;15:32:48;304.874,-1533.961,-1533.961;True,Sports,BUFFALO02,0,0;;;
Franklin;14:03:26;15:32:48;304.874,-1533.961,-1533.961;True,Sports,BUFFALO02,0,0;;;
Franklin;14:03:41;15:32:49;304.874,-1533.961,-1533.961;True,Sports,BUFFALO02,0,0;;;
Franklin;14:03:57;15:32:49;304.874,-1533.961,-1533.961;True,Sports,BUFFALO02,0,0;;;
Franklin;14:04:12;15:32:50;304.874,-1533.961,-1533.961;True,Sports,BUFFALO02,0,0;;;
Franklin;14:04:28;15:32:50;304.874,-1533.961,-1533.961;True,Sports,BUFFALO02,0,0;;;
Franklin;14:04:44;15:32:51;304.874,-1533.961,-1533.961;True,Sports,BUFFALO02,0,0;;;
Franklin;14:04:59;15:32:51;304.874,-1533.961,-1533.961;True,Sports,BUFFALO02,0,0;;;
Franklin;14:05:15;15:32:52;304.874,-1533.961,-1533.961;True,Sports,BUFFALO02,0,0;;;
Franklin;14:05:30;15:32:52;304.874,-1533.961,-1533.961;True,Sports,BUFFALO02,0,0;;;
Franklin;14:05:46;15:32:53;304.874,-1533.961,-1533.961;True,Sports,BUFFALO02,0,0;;;
Franklin;14:06:01;15:32:53;304.874,-1533.961,-1533.961;True,Sports,BUFFALO02,0,0;;;
Franklin;14:06:17;15:32:54;304.874,-1533.961,-1533.961;True,Sports,BUFFALO02,0,0;;;
Franklin;14:06:32;15:32:54;304.874,-1533.961,-1533.961;True,Sports,BUFFALO02,0,0;;;
Franklin;14:06:48;15:32:55;304.874,-1533.961,-1533.961;True,Sports,BUFFALO02,0,0;;;
Franklin;14:07:03;15:32:56;304.874,-1533.961,-1533.961;True,Sports,BUFFALO02,0,0;;;
Franklin;14:07:19;15:32:56;304.874,-1533.961,-1533.961;True,Sports,BUFFALO02,0,0;;;
Franklin;14:07:34;15:32:57;304.874,-1533.961,-1533.961;True,Sports,BUFFALO02,0,0;;;
Franklin;14:07:50;15:32:57;304.874,-1533.961,-1533.961;True,Sports,BUFFALO02,0,0;;;
Franklin;14:08:05;15:32:58;304.874,-1533.961,-1533.961;True,Sports,BUFFALO02,0,0;;;
Franklin;14:08:21;15:32:58;304.874,-1533.961,-1533.961;True,Sports,BUFFALO02,0,0;;;
Franklin;14:08:36;15:32:59;304.874,-1533.961,-1533.961;True,Sports,BUFFALO02,0,0;;;
Franklin;14:08:52;15:32:59;304.874,-1533.961,-1533.961;True,Sports,BUFFALO02,0,0;;;
Franklin;14:09:07;15:33:00;304.874,-1533.961,-1533.961;True,Sports,BUFFALO02,0,0;;;
Franklin;14:09:23;15:33:00;304.874,-1533.961,-1533.961;True,Sports,BUFFALO02,0,0;;;
Franklin;14:09:38;15:33:01;304.874,-1533.961,-1533.961;True,Sports,BUFFALO02,0,0;;;
Franklin;14:09:54;15:33:01;304.874,-1533.961,-1533.961;True,Sports,BUFFALO02,0,0;;;
Franklin;14:10:10;15:33:02;304.874,-1533.961,-1533.961;True,Sports,BUFFALO02,0,0;;;
Franklin;14:10:25;15:33:02;304.874,-1533.961,-1533.961;True,Sports,BUFFALO02,0,0;;;
Franklin;14:10:41;15:33:03;304.874,-1533.961,-1533.961;True,Sports,BUFFALO02,0,0;;;
Franklin;14:10:56;15:33:03;304.874,-1533.961,-1533.961;True,Sports,BUFFALO02,0,0;;;
Franklin;14:11:12;15:33:04;304.874,-1533.961,-1533.961;True,Sports,BUFFALO02,0,0;;;
Franklin;14:11:27;15:33:04;304.8842,-1533.955,-1533.955;True,Sports,BUFFALO02,0,006331634,1;;;
Franklin;14:11:43;15:33:05;304.8841,-1533.955,-1533.955;True,Sports,BUFFALO02,0,0;;;
Franklin;14:11:58;15:33:05;304.8841,-1533.955,-1533.955;True,Sports,BUFFALO02,0,0;;;
Franklin;14:12:14;15:33:06;304.8841,-1533.955,-1533.955;True,Sports,BUFFALO02,0,0;;;
Franklin;14:12:30;15:33:06;304.8841,-1533.955,-1533.955;True,Sports,BUFFALO02,0,0;;;
Franklin;14:12:45;15:33:07;304.8841,-1533.955,-1533.955;True,Sports,BUFFALO02,0,0;;;
Franklin;14:13:01;15:33:07;304.8841,-1533.955,-1533.955;True,Sports,BUFFALO02,0,0;;;
Franklin;14:13:16;15:33:08;304.8841,-1533.955,-1533.955;True,Sports,BUFFALO02,0,0;;;
Franklin;14:13:32;15:33:08;304.8841,-1533.955,-1533.955;True,Sports,BUFFALO02,0,0;;;
Franklin;14:13:47;15:33:09;304.8841,-1533.955,-1533.955;True,Sports,BUFFALO02,0,0;;;
Franklin;14:14:03;15:33:09;304.8841,-1533.955,-1533.955;True,Sports,BUFFALO02,0,0;;;
Franklin;14:14:18;15:33:10;304.8841,-1533.955,-1533.955;True,Sports,BUFFALO02,0,0;;;
Franklin;14:14:34;15:33:11;304.8841,-1533.955,-1533.955;True,Sports,BUFFALO02,0,0;;;
Franklin;14:14:49;15:33:11;304.8841,-1533.955,-1533.955;True,Sports,BUFFALO02,0,0;;;
Franklin;14:15:05;15:33:12;304.8841,-1533.955,-1533.955;True,Sports,BUFFALO02,0,0;;;
Franklin;14:15:20;15:33:12;304.8841,-1533.955,-1533.955;True,Sports,BUFFALO02,0,0;;;
Franklin;14:15:36;15:33:13;304.8841,-1533.955,-1533.955;True,Sports,BUFFALO02,0,0;;;
Franklin;14:15:52;15:33:13;304.8841,-1533.955,-1533.955;True,Sports,BUFFALO02,0,0;;;
Franklin;14:16:07;15:33:14;304.8841,-1533.955,-1533.955;True,Sports,BUFFALO02,0,0;;;
Franklin;14:16:23;15:33:14;304.8979,-1533.948,-1533.948;True,Sports,BUFFALO02,0,275344,1;;;
Franklin;14:16:38;15:33:15;305.5107,-1533.677,-1533.677;True,Sports,BUFFALO02,2,345539,1;;;
Franklin;14:16:54;15:33:15;307.4019,-1533.059,-1533.059;True,Sports,BUFFALO02,5,73061,1;;;
Franklin;14:17:10;15:33:16;311.6546,-1531.918,-1531.918;True,Sports,BUFFALO02,11,5378,1;;;
Franklin;14:17:25;15:33:16;317.3218,-1531.968,-1531.968;True,Sports,BUFFALO02,10,11351,1;;;
Franklin;14:17:41;15:33:17;322.5275,-1533.231,-1533.231;True,Sports,BUFFALO02,11,32311,1;;;
Franklin;14:17:56;15:33:17;327.8031,-1536.009,-1536.009;True,Sports,BUFFALO02,12,2076,1;;;
Franklin;14:18:12;15:33:18;333.1008,-1540.59,-1540.59;True,Sports,BUFFALO02,14,89012,1;;;
Franklin;14:18:27;15:33:18;339.4546,-1546.013,-1546.013;True,Sports,BUFFALO02,17,47161,1;;;
Franklin;14:18:43;15:33:19;346.6487,-1551.185,-1551.185;True,Sports,BUFFALO02,16,81333,0;;;
Franklin;14:18:58;15:33:19;353.4884,-1555.946,-1555.946;True,Sports,BUFFALO02,15,25416,0;;;
Franklin;14:19:14;15:33:20;359.6735,-1560.697,-1560.697;True,Sports,BUFFALO02,14,46904,0;;;
Franklin;14:19:30;15:33:20;365.4674,-1565.986,-1565.986;True,Sports,BUFFALO02,15,28325,0;;;
Franklin;14:19:45;15:33:21;371.0477,-1571.229,-1571.229;True,Sports,BUFFALO02,14,40004,0;;;
Franklin;14:20:00;15:33:21;376.699,-1575.877,-1575.877;True,Sports,BUFFALO02,14,46037,1;;;
Franklin;14:20:16;15:33:22;383.3916,-1580.612,-1580.612;True,Sports,BUFFALO02,17,15148,1;;;
Franklin;14:20:32;15:33:22;390.4287,-1586.057,-1586.057;True,Sports,BUFFALO02,17,01289,0;;;
Franklin;14:20:47;15:33:23;396.7784,-1591.427,-1591.427;True,Sports,BUFFALO02,15,16138,0;;;
Franklin;14:21:03;15:33:23;401.381,-1596.991,-1596.991;True,Sports,BUFFALO02,11,32777,0;;;
Franklin;14:21:18;15:33:24;404.7728,-1600.383,-1600.383;True,Sports,BUFFALO02,8,503464,1;;;
Franklin;14:21:34;15:33:25;408.662,-1603.669,-1603.669;True,Sports,BUFFALO02,9,555373,0;;;
Franklin;14:21:50;15:33:25;411.8754,-1606.854,-1606.854;True,Sports,BUFFALO02,7,956845,0;;;
Franklin;14:22:05;15:33:26;414.6258,-1610.191,-1610.191;True,Sports,BUFFALO02,8,612597,0;;;
Franklin;14:22:21;15:33:26;416.0903,-1613.837,-1613.837;True,Sports,BUFFALO02,7,401721,1;;;
Franklin;14:22:36;15:33:27;416.3516,-1617.715,-1617.715;True,Sports,BUFFALO02,7,473309,1;;;
Franklin;14:22:52;15:33:27;415.5934,-1621.696,-1621.696;True,Sports,BUFFALO02,6,961154,0;;;
Franklin;14:23:08;15:33:28;413.8851,-1624.292,-1624.292;True,Sports,BUFFALO02,5,180368,0;There's JB's truck. Let's go bring the cha-ching, homie.;Tonya;TOW_EGAA
Franklin;14:23:23;15:33:28;412.3671,-1626.036,-1626.036;True,Sports,BUFFALO02,3,706721,0;;;
Franklin;14:23:39;15:33:29;411.3306,-1627.365,-1627.365;True,Sports,BUFFALO02,3,735634,1;;;
Franklin;14:23:54;15:33:29;410.1225,-1628.745,-1628.745;True,Sports,BUFFALO02,2,831029,0;;;
Franklin;14:24:10;15:33:30;409.4287,-1629.541,-1629.541;True,Sports,BUFFALO02,1,138525,0;;;
Franklin;14:24:26;15:33:30;409.3396,-1629.738,-1629.738;True,Sports,BUFFALO02,0,009699574,0;;;
Franklin;14:24:41;15:33:31;409.3395,-1629.738,-1629.738;True,Sports,BUFFALO02,0,0;;;
Franklin;14:24:57;15:33:31;409.3399,-1629.738,-1629.738;True,Sports,BUFFALO02,0,0219422,0;;;
Franklin;14:25:12;15:33:32;410.4506,-1630.504,-1630.504;;;;
Franklin;14:25:28;15:33:32;410.5454,-1630.247,-1630.247;;;;
Franklin;14:25:43;15:33:33;410.3346,-1630.755,-1630.755;;;;
Franklin;14:25:59;15:33:33;409.4765,-1632.307,-1632.307;;;;
Franklin;14:26:15;15:33:34;407.2158,-1633.274,-1633.274;;;;
Franklin;14:26:30;15:33:34;404.4312,-1632.522,-1632.522;;;;
Franklin;14:26:46;15:33:35;403.3446,-1632.221,-1632.221;;;;
Franklin;14:27:01;15:33:35;403.3441,-1632.221,-1632.221;;;;
Franklin;14:27:17;15:33:36;403.2303,-1632.522,-1632.522;;;;
Franklin;14:27:32;15:33:36;403.1955,-1633.344,-1633.344;;;;
Franklin;14:27:48;15:33:37;401.647,-1633.308,-1633.308;True,Utility,TOWTRUCK,0,0;;;
Franklin;14:28:04;15:33:38;401.6472,-1633.308,-1633.308;True,Utility,TOWTRUCK,0,00179747,0;;;
Franklin;14:28:19;15:33:38;401.6458,-1633.308,-1633.308;True,Utility,TOWTRUCK,0,00167458,0;;;
Franklin;14:28:35;15:33:39;401.6461,-1633.308,-1633.308;True,Utility,TOWTRUCK,0,0;;;
Franklin;14:28:50;15:33:39;401.6461,-1633.308,-1633.308;True,Utility,TOWTRUCK,0,0;;;
Franklin;14:29:06;15:33:40;401.6461,-1633.308,-1633.308;True,Utility,TOWTRUCK,0,0;;;
Franklin;14:29:21;15:33:40;401.6461,-1633.308,-1633.308;True,Utility,TOWTRUCK,0,0;;;
Franklin;14:29:37;15:33:41;401.6461,-1633.308,-1633.308;True,Utility,TOWTRUCK,0,0;;;
Franklin;14:29:52;15:33:41;401.6461,-1633.308,-1633.308;True,Utility,TOWTRUCK,0,0;;;
Franklin;14:30:08;15:33:42;401.6461,-1633.308,-1633.308;True,Utility,TOWTRUCK,0,0;;;
Franklin;14:30:24;15:33:42;401.6461,-1633.308,-1633.308;True,Utility,TOWTRUCK,0,0;;;
Franklin;14:30:39;15:33:43;401.6461,-1633.308,-1633.308;True,Utility,TOWTRUCK,0,0;;;
Franklin;14:30:55;15:33:43;401.6461,-1633.308,-1633.308;True,Utility,TOWTRUCK,0,0;;;
Franklin;14:31:10;15:33:44;401.6461,-1633.308,-1633.308;True,Utility,TOWTRUCK,0,0;;;
Franklin;14:31:26;15:33:44;401.6461,-1633.308,-1633.308;True,Utility,TOWTRUCK,0,0;;;
Franklin;14:31:41;15:33:45;401.6461,-1633.308,-1633.308;True,Utility,TOWTRUCK,0,0;;;
Franklin;14:31:57;15:33:45;401.6459,-1633.308,-1633.308;True,Utility,TOWTRUCK,0,002240097,0;;;
Franklin;14:32:12;15:33:46;401.6462,-1633.308,-1633.308;True,Utility,TOWTRUCK,0,0;;;
Franklin;14:32:28;15:33:46;401.6462,-1633.308,-1633.308;True,Utility,TOWTRUCK,0,0;;;
Franklin;14:32:44;15:33:47;401.6462,-1633.308,-1633.308;True,Utility,TOWTRUCK,0,0;;;
Franklin;14:32:59;15:33:47;401.6563,-1633.316,-1633.316;True,Utility,TOWTRUCK,0,002218234,0;;;
Franklin;14:33:15;15:33:48;401.8076,-1633.487,-1633.487;True,Utility,TOWTRUCK,1,31043,1;;;
Franklin;14:33:31;15:33:48;401.946,-1633.647,-1633.647;True,Utility,TOWTRUCK,0,2504391,1;;;
Franklin;14:33:46;15:33:49;402.4025,-1634.197,-1634.197;True,Utility,TOWTRUCK,2,554822,1;;;
Franklin;14:34:02;15:33:49;403.635,-1635.764,-1635.764;True,Utility,TOWTRUCK,5,074389,1;;;
Franklin;14:34:17;15:33:50;405.6931,-1638.338,-1638.338;True,Utility,TOWTRUCK,7,424479,1;;;
Franklin;14:34:33;15:33:50;408.0555,-1641.843,-1641.843;True,Utility,TOWTRUCK,7,528898,0;;;
Franklin;14:34:49;15:33:51;410.1864,-1645.019,-1645.019;True,Utility,TOWTRUCK,7,948879,1;;;
Franklin;14:35:04;15:33:52;412.8584,-1648.334,-1648.334;True,Utility,TOWTRUCK,7,954495,0;;;
Franklin;14:35:20;15:33:52;415.2066,-1651.225,-1651.225;True,Utility,TOWTRUCK,7,145575,1;;;
Franklin;14:35:35;15:33:53;417.16,-1654.4,-1654.4;True,Utility,TOWTRUCK,7,817042,1;Vehicle twenty-nine, come in, this is dispatch. We got an abandoned car on San Andreas Avenue.;TOWDISPATCH;TOW_EIAA
Franklin;14:35:51;15:33:53;418.2161,-1658.47,-1658.47;True,Utility,TOWTRUCK,7,398269,0;;;
Franklin;14:36:07;15:33:54;418.1945,-1662.341,-1662.341;True,Utility,TOWTRUCK,8,020487,1;;;
Franklin;14:36:22;15:33:54;417.2474,-1666.31,-1666.31;True,Utility,TOWTRUCK,7,024524,0;;;
Franklin;14:36:38;15:33:55;415.5121,-1669.897,-1669.897;True,Utility,TOWTRUCK,8,486523,1;;;
Franklin;14:36:54;15:33:55;412.8854,-1673.96,-1673.96;True,Utility,TOWTRUCK,9,924388,1;;;
Franklin;14:37:09;15:33:56;409.1194,-1678.188,-1678.188;True,Utility,TOWTRUCK,11,68534,1;;;
Franklin;14:37:25;15:33:56;404.6494,-1683.052,-1683.052;True,Utility,TOWTRUCK,13,44799,1;;;
Franklin;14:37:40;15:33:57;399.7664,-1688.498,-1688.498;True,Utility,TOWTRUCK,14,86074,1;;;
Franklin;14:37:56;15:33:57;394.6924,-1694.714,-1694.714;True,Utility,TOWTRUCK,16,24458,1;Yo, we on that like ugly on your momma.;Tonya;TOW_EIAB
Franklin;14:38:11;15:33:58;389.7152,-1701.032,-1701.032;True,Utility,TOWTRUCK,14,26335,0;;;
Franklin;14:38:27;15:33:58;385.1687,-1706.48,-1706.48;True,Utility,TOWTRUCK,12,92556,0;;;
Franklin;14:38:42;15:33:59;381.0896,-1710.935,-1710.935;True,Utility,TOWTRUCK,10,61921,0;;;
Franklin;14:38:58;15:33:59;377.7684,-1714.455,-1714.455;True,Utility,TOWTRUCK,8,341601,0;;;
Franklin;14:39:13;15:34:00;375.3193,-1717.19,-1717.19;True,Utility,TOWTRUCK,5,998446,0;;;
Franklin;14:39:29;15:34:00;373.6838,-1719.1,-1719.1;True,Utility,TOWTRUCK,3,719363,0;10-9, come again. I didn't catch that.;TOWDISPATCH;TOW_EIAC
Franklin;14:39:44;15:34:01;372.8212,-1720.103,-1720.103;True,Utility,TOWTRUCK,1,488748,0;;;
Franklin;14:40:00;15:34:01;372.6988,-1720.317,-1720.317;True,Utility,TOWTRUCK,0,04637691,0;;;
Franklin;14:40:16;15:34:02;372.7015,-1720.316,-1720.316;True,Utility,TOWTRUCK,0,003892072,0;;;
Franklin;14:40:31;15:34:02;372.7014,-1720.316,-1720.316;True,Utility,TOWTRUCK,0,004766557,0;;;
Franklin;14:40:47;15:34:03;372.7014,-1720.316,-1720.316;True,Utility,TOWTRUCK,0,004186464,0;;;
Franklin;14:41:02;15:34:03;372.7014,-1720.316,-1720.316;True,Utility,TOWTRUCK,0,003945534,0;It's Tonya, fool, and my boy Franklin. We fillin' in for JB.;Tonya;TOW_EIAD
Franklin;14:41:18;15:34:04;372.7014,-1720.316,-1720.316;True,Utility,TOWTRUCK,0,003876416,0;;;
Franklin;14:41:33;15:34:04;372.7014,-1720.316,-1720.316;True,Utility,TOWTRUCK,0,0;;;
Franklin;14:41:49;15:34:05;372.7014,-1720.316,-1720.316;True,Utility,TOWTRUCK,0,0;;;
Franklin;14:42:04;15:34:06;372.7014,-1720.316,-1720.316;True,Utility,TOWTRUCK,0,0;;;
Franklin;14:42:20;15:34:06;372.7014,-1720.316,-1720.316;True,Utility,TOWTRUCK,0,0;;;
Franklin;14:42:35;15:34:07;372.7013,-1720.316,-1720.316;True,Utility,TOWTRUCK,0,013622,1;;;
Franklin;14:42:51;15:34:07;372.4547,-1720.572,-1720.572;True,Utility,TOWTRUCK,1,718385,1;Er, copy that. Hi, Tonya. Car's a junker, been there for days. 10-7. I'm gone.;TOWDISPATCH;TOW_EIAE
Franklin;14:43:07;15:34:08;371.2604,-1721.656,-1721.656;True,Utility,TOWTRUCK,4,264347,1;;;
Franklin;14:43:22;15:34:08;368.9044,-1723.238,-1723.238;True,Utility,TOWTRUCK,6,683049,1;;;
Franklin;14:43:38;15:34:09;365.3741,-1725.284,-1725.284;True,Utility,TOWTRUCK,8,220704,0;;;
Franklin;14:43:53;15:34:09;361.8859,-1726.208,-1726.208;True,Utility,TOWTRUCK,7,039834,1;;;
Franklin;14:44:09;15:34:10;357.8887,-1726.67,-1726.67;True,Utility,TOWTRUCK,8,413726,1;;;
Franklin;14:44:24;15:34:10;353.1767,-1726.376,-1726.376;True,Utility,TOWTRUCK,9,912024,1;;;
Franklin;14:44:40;15:34:11;347.8942,-1724.805,-1724.805;True,Utility,TOWTRUCK,11,48213,1;;;
Franklin;14:44:56;15:34:11;342.4686,-1721.744,-1721.744;True,Utility,TOWTRUCK,12,50109,1;;;
Franklin;14:45:11;15:34:12;337.3751,-1717.19,-1717.19;True,Utility,TOWTRUCK,13,84803,1;;;
Franklin;14:45:27;15:34:12;332.0291,-1711.868,-1711.868;True,Utility,TOWTRUCK,15,12494,1;;;
Franklin;14:45:42;15:34:13;325.7671,-1706.421,-1706.421;True,Utility,TOWTRUCK,16,83826,1;;;
Franklin;14:45:58;15:34:13;319.481,-1701.009,-1701.009;True,Utility,TOWTRUCK,14,76636,0;A bucket. This one should be easy.;Tonya;TOW_EIAF
Franklin;14:46:14;15:34:14;314.1001,-1696.476,-1696.476;True,Utility,TOWTRUCK,12,34069,0;;;
Franklin;14:46:29;15:34:14;309.5984,-1692.9,-1692.9;True,Utility,TOWTRUCK,10,03224,0;;;
Franklin;14:46:45;15:34:15;305.4383,-1689.636,-1689.636;True,Utility,TOWTRUCK,9,900807,0;;;
Franklin;14:47:00;15:34:15;301.9148,-1686.831,-1686.831;True,Utility,TOWTRUCK,7,669479,0;;;
Franklin;14:47:16;15:34:16;299.2791,-1684.709,-1684.709;True,Utility,TOWTRUCK,5,404309,0;;;
Franklin;14:47:31;15:34:16;297.5641,-1683.316,-1683.316;True,Utility,TOWTRUCK,3,149812,0;Shit. Not easy enough for JB to drag his ass outta whatever crackhouse he's laying in.;Franklin;TOW_EIAG
Franklin;14:47:47;15:34:17;297.1032,-1682.991,-1682.991;True,Utility,TOWTRUCK,0,08784559,0;;;
Franklin;14:48:02;15:34:17;297.101,-1683.003,-1683.003;True,Utility,TOWTRUCK,0,00451659,0;;;
Franklin;14:48:18;15:34:18;297.1012,-1683.003,-1683.003;True,Utility,TOWTRUCK,0,002968465,0;;;
Franklin;14:48:33;15:34:19;297.1014,-1683.003,-1683.003;True,Utility,TOWTRUCK,0,003084608,0;;;
Franklin;14:48:49;15:34:19;297.1014,-1683.003,-1683.003;True,Utility,TOWTRUCK,0,0;;;
Franklin;14:49:05;15:34:20;297.1014,-1683.003,-1683.003;True,Utility,TOWTRUCK,0,0;;;
Franklin;14:49:20;15:34:20;297.1014,-1683.003,-1683.003;True,Utility,TOWTRUCK,0,0;;;
Franklin;14:49:36;15:34:21;297.1014,-1683.003,-1683.003;True,Utility,TOWTRUCK,0,0;;;
Franklin;14:49:51;15:34:21;297.1014,-1683.003,-1683.003;True,Utility,TOWTRUCK,0,0;His loss, your gain, sugar.;Tonya;TOW_EIAH
Franklin;14:50:07;15:34:22;297.1014,-1683.003,-1683.003;True,Utility,TOWTRUCK,0,0;;;
Franklin;14:50:22;15:34:22;297.1014,-1683.003,-1683.003;True,Utility,TOWTRUCK,0,0;;;
Franklin;14:50:38;15:34:23;297.1014,-1683.003,-1683.003;True,Utility,TOWTRUCK,0,0;;;
Franklin;14:50:54;15:34:23;297.1014,-1683.003,-1683.003;True,Utility,TOWTRUCK,0,0;;;
Franklin;14:51:09;15:34:24;297.1014,-1683.003,-1683.003;True,Utility,TOWTRUCK,0,0;;;
Franklin;14:51:25;15:34:24;297.1014,-1683.003,-1683.003;True,Utility,TOWTRUCK,0,0;;;
Franklin;14:51:40;15:34:25;297.1014,-1683.003,-1683.003;True,Utility,TOWTRUCK,0,0;Except I ain't gainin' shit. Sugar.;Franklin;TOW_EIAI
Franklin;14:51:56;15:34:25;297.1014,-1683.003,-1683.003;True,Utility,TOWTRUCK,0,0;;;
Franklin;14:52:12;15:34:26;297.1014,-1683.003,-1683.003;True,Utility,TOWTRUCK,0,0;;;
Franklin;14:52:27;15:34:26;297.1014,-1683.003,-1683.003;True,Utility,TOWTRUCK,0,0;;;
Franklin;14:52:42;15:34:27;297.1014,-1683.003,-1683.003;True,Utility,TOWTRUCK,0,0;;;
Franklin;14:52:58;15:34:27;297.1014,-1683.003,-1683.003;True,Utility,TOWTRUCK,0,0;Move that seat back and you know I'll make it right for you.;Tonya;TOW_EIAJ
Franklin;14:53:13;15:34:28;297.1014,-1683.003,-1683.003;True,Utility,TOWTRUCK,0,0;;;
Franklin;14:53:29;15:34:28;297.1014,-1683.003,-1683.003;True,Utility,TOWTRUCK,0,0;;;
Franklin;14:53:45;15:34:29;297.1014,-1683.003,-1683.003;True,Utility,TOWTRUCK,0,0;;;
Franklin;14:54:00;15:34:29;297.1014,-1683.003,-1683.003;True,Utility,TOWTRUCK,0,0;;;
Franklin;14:54:16;15:34:30;297.1014,-1683.003,-1683.003;True,Utility,TOWTRUCK,0,0;That ain't what I'm sayin'. Damn, Tonya, what the fuck happened to you?;Franklin;TOW_EIAK
Franklin;14:54:31;15:34:30;297.1014,-1683.003,-1683.003;True,Utility,TOWTRUCK,0,0;;;
Franklin;14:54:47;15:34:31;297.1014,-1683.003,-1683.003;True,Utility,TOWTRUCK,0,0;;;
Franklin;14:55:02;15:34:31;297.1014,-1683.003,-1683.003;True,Utility,TOWTRUCK,0,0;;;
Franklin;14:55:18;15:34:32;297.1014,-1683.003,-1683.003;True,Utility,TOWTRUCK,0,0;;;
Franklin;14:55:33;15:34:33;297.1014,-1683.003,-1683.003;True,Utility,TOWTRUCK,0,0;;;
Franklin;14:55:49;15:34:33;297.1014,-1683.003,-1683.003;True,Utility,TOWTRUCK,0,0;;;
Franklin;14:56:05;15:34:34;297.1014,-1683.003,-1683.003;True,Utility,TOWTRUCK,0,0;;;
Franklin;14:56:20;15:34:34;297.1014,-1683.003,-1683.003;True,Utility,TOWTRUCK,0,0;;;
Franklin;14:56:36;15:34:35;297.1014,-1683.003,-1683.003;True,Utility,TOWTRUCK,0,0;;;
Franklin;14:56:51;15:34:35;297.1014,-1683.003,-1683.003;True,Utility,TOWTRUCK,0,0;;;
Franklin;14:57:07;15:34:36;297.1014,-1683.003,-1683.003;True,Utility,TOWTRUCK,0,0;;;
Franklin;14:57:22;15:34:36;297.1014,-1683.003,-1683.003;True,Utility,TOWTRUCK,0,0;;;
Franklin;14:57:38;15:34:37;297.1014,-1683.003,-1683.003;True,Utility,TOWTRUCK,0,0;;;
Franklin;14:57:53;15:34:37;297.1014,-1683.003,-1683.003;True,Utility,TOWTRUCK,0,0;;;
Franklin;14:58:09;15:34:38;297.1014,-1683.003,-1683.003;True,Utility,TOWTRUCK,0,0;;;
Franklin;14:58:24;15:34:38;297.1014,-1683.003,-1683.003;True,Utility,TOWTRUCK,0,0;;;
Franklin;14:58:40;15:34:39;297.1014,-1683.003,-1683.003;True,Utility,TOWTRUCK,0,0;;;
Franklin;14:58:56;15:34:39;297.1014,-1683.003,-1683.003;True,Utility,TOWTRUCK,0,0;;;
Franklin;14:59:11;15:34:40;297.1014,-1683.003,-1683.003;True,Utility,TOWTRUCK,0,0;;;
Franklin;14:59:27;15:34:40;297.1014,-1683.003,-1683.003;True,Utility,TOWTRUCK,0,0;;;
Franklin;14:59:42;15:34:41;297.1014,-1683.003,-1683.003;True,Utility,TOWTRUCK,0,0;;;
Franklin;14:59:58;15:34:41;297.1014,-1683.003,-1683.003;True,Utility,TOWTRUCK,0,0;;;
Franklin;15:00:14;15:34:42;296.9554,-1682.883,-1682.883;True,Utility,TOWTRUCK,1,267856,1;;;
Franklin;15:00:29;15:34:42;295.864,-1681.983,-1681.983;True,Utility,TOWTRUCK,4,089788,1;;;
Franklin;15:00:45;15:34:43;293.741,-1680.225,-1680.225;True,Utility,TOWTRUCK,6,126194,0;;;
Franklin;15:01:00;15:34:43;291.7603,-1678.566,-1678.566;True,Utility,TOWTRUCK,3,863151,0;;;
Franklin;15:01:16;15:34:44;290.228,-1677.339,-1677.339;True,Utility,TOWTRUCK,4,66359,1;;;
Franklin;15:01:31;15:34:44;287.8206,-1675.516,-1675.516;True,Utility,TOWTRUCK,7,037045,1;;;
Franklin;15:01:47;15:34:45;284.4669,-1673.055,-1673.055;True,Utility,TOWTRUCK,7,788678,0;;;
Franklin;15:02:02;15:34:45;281.5905,-1670.921,-1670.921;True,Utility,TOWTRUCK,6,904573,1;;;
Franklin;15:02:18;15:34:46;278.9034,-1668.921,-1668.921;True,Utility,TOWTRUCK,6,15056,1;;;
Franklin;15:02:33;15:34:47;275.7049,-1667.008,-1667.008;True,Utility,TOWTRUCK,8,380492,1;;;
Franklin;15:02:49;15:34:47;272.4186,-1664.641,-1664.641;True,Utility,TOWTRUCK,7,088,1;;;
Franklin;15:03:05;15:34:48;269.5306,-1662.372,-1662.372;True,Utility,TOWTRUCK,6,343655,0;;;
Franklin;15:03:20;15:34:48;267.225,-1660.527,-1660.527;True,Utility,TOWTRUCK,5,777959,0;;;
Franklin;15:03:36;15:34:49;265.1865,-1658.868,-1658.868;True,Utility,TOWTRUCK,4,567617,0;;;
Franklin;15:03:51;15:34:49;263.1985,-1657.239,-1657.239;True,Utility,TOWTRUCK,6,043174,1;;;
Franklin;15:04:06;15:34:50;260.2909,-1654.835,-1654.835;True,Utility,TOWTRUCK,8,654781,1;;;
Franklin;15:04:22;15:34:50;257.3001,-1652.346,-1652.346;True,Utility,TOWTRUCK,7,091465,1;;;
Franklin;15:04:37;15:34:51;254.2083,-1649.75,-1649.75;True,Utility,TOWTRUCK,8,566822,1;;;
Franklin;15:04:53;15:34:51;250.3902,-1646.535,-1646.535;True,Utility,TOWTRUCK,10,52884,1;;;
Franklin;15:05:09;15:34:52;245.897,-1642.716,-1642.716;True,Utility,TOWTRUCK,12,09634,1;;;
Franklin;15:05:24;15:34:52;240.7826,-1638.243,-1638.243;True,Utility,TOWTRUCK,13,99689,1;;;
Franklin;15:05:40;15:34:53;235.5768,-1633.62,-1633.62;True,Utility,TOWTRUCK,12,13963,0;;;
Franklin;15:05:55;15:34:53;231.1293,-1630.075,-1630.075;True,Utility,TOWTRUCK,10,44535,1;;;
Franklin;15:06:11;15:34:54;227.5829,-1626.588,-1626.588;True,Utility,TOWTRUCK,9,386185,1;;;
Franklin;15:06:27;15:34:54;224.1101,-1622.954,-1622.954;True,Utility,TOWTRUCK,9,128843,0;;;
Franklin;15:06:42;15:34:55;221.1768,-1619.941,-1619.941;True,Utility,TOWTRUCK,7,878477,0;;;
Franklin;15:06:57;15:34:55;218.4483,-1617.608,-1617.608;True,Utility,TOWTRUCK,6,755806,1;;;
Franklin;15:07:13;15:34:56;215.4793,-1615.088,-1615.088;True,Utility,TOWTRUCK,7,938094,0;;;
Franklin;15:07:28;15:34:56;212.8333,-1612.825,-1612.825;True,Utility,TOWTRUCK,5,633263,0;;;
Franklin;15:07:44;15:34:57;211.0776,-1611.318,-1611.318;True,Utility,TOWTRUCK,3,313555,0;;;
Franklin;15:07:59;15:34:57;209.622,-1610.137,-1610.137;True,Utility,TOWTRUCK,4,459421,1;;;
Franklin;15:08:15;15:34:58;207.1703,-1608.451,-1608.451;True,Utility,TOWTRUCK,7,007606,1;;;
Franklin;15:08:30;15:34:58;203.8359,-1606.105,-1606.105;True,Utility,TOWTRUCK,7,806848,0;;;
Franklin;15:08:46;15:34:59;200.6229,-1604.174,-1604.174;True,Utility,TOWTRUCK,7,630335,1;;;
Franklin;15:09:01;15:34:59;196.7956,-1602.016,-1602.016;True,Utility,TOWTRUCK,9,460409,1;;;
Franklin;15:09:17;15:35:00;192.0809,-1599.365,-1599.365;True,Utility,TOWTRUCK,11,30262,1;;;
Franklin;15:09:32;15:35:00;186.5942,-1596.348,-1596.348;True,Utility,TOWTRUCK,12,96426,1;;;
Franklin;15:09:48;15:35:01;180.1333,-1593.34,-1593.34;True,Utility,TOWTRUCK,14,62009,1;;;
Franklin;15:10:03;15:35:02;172.9646,-1589.782,-1589.782;True,Utility,TOWTRUCK,16,18739,1;;;
Franklin;15:10:19;15:35:02;165.3215,-1585.365,-1585.365;True,Utility,TOWTRUCK,18,0347,1;;;
Franklin;15:10:34;15:35:03;157.6876,-1580.224,-1580.224;True,Utility,TOWTRUCK,18,06466,1;;;
Franklin;15:10:50;15:35:03;150.2089,-1574.449,-1574.449;True,Utility,TOWTRUCK,17,70678,0;;;
Franklin;15:11:05;15:35:04;143.6762,-1568.589,-1568.589;True,Utility,TOWTRUCK,17,29107,1;;;
Franklin;15:11:21;15:35:04;136.821,-1562.515,-1562.515;True,Utility,TOWTRUCK,18,214,1;;;
Franklin;15:11:36;15:35:05;129.9843,-1556.382,-1556.382;True,Utility,TOWTRUCK,16,71411,0;;;
Franklin;15:11:52;15:35:05;123.2139,-1551.203,-1551.203;True,Utility,TOWTRUCK,16,0709,0;;;
Franklin;15:12:07;15:35:06;116.8575,-1546.299,-1546.299;True,Utility,TOWTRUCK,15,91558,1;;;
Franklin;15:12:23;15:35:06;110.472,-1541.144,-1541.144;True,Utility,TOWTRUCK,14,77553,0;;;
Franklin;15:12:39;15:35:07;105.0899,-1536.54,-1536.54;True,Utility,TOWTRUCK,12,39672,0;;;
Franklin;15:12:54;15:35:07;100.7802,-1532.682,-1532.682;True,Utility,TOWTRUCK,10,08559,0;;;
Franklin;15:13:10;15:35:08;97.29423,-1529.647,-1529.647;True,Utility,TOWTRUCK,7,621415,0;;;
Franklin;15:13:25;15:35:08;94.98478,-1527.917,-1527.917;True,Utility,TOWTRUCK,3,79983,0;;;
Franklin;15:13:41;15:35:09;94.1557,-1527.329,-1527.329;True,Utility,TOWTRUCK,0,1846366,0;;;
Franklin;15:13:56;15:35:09;94.1441,-1527.365,-1527.365;True,Utility,TOWTRUCK,0,009503718,0;;;
Franklin;15:14:12;15:35:10;94.1442,-1527.364,-1527.364;True,Utility,TOWTRUCK,0,005707097,0;;;
Franklin;15:14:27;15:35:10;94.14436,-1527.364,-1527.364;True,Utility,TOWTRUCK,0,005615237,0;;;
Franklin;15:14:43;15:35:11;94.14442,-1527.364,-1527.364;True,Utility,TOWTRUCK,0,003932308,0;;;
Franklin;15:14:58;15:35:11;94.14443,-1527.364,-1527.364;True,Utility,TOWTRUCK,0,003140104,0;;;
Franklin;15:15:14;15:35:12;94.14441,-1527.364,-1527.364;True,Utility,TOWTRUCK,0,0;;;
Franklin;15:15:29;15:35:12;94.14441,-1527.364,-1527.364;True,Utility,TOWTRUCK,0,0;;;
Franklin;15:15:45;15:35:13;94.14441,-1527.364,-1527.364;True,Utility,TOWTRUCK,0,0;;;
Franklin;15:16:01;15:35:13;94.14441,-1527.364,-1527.364;True,Utility,TOWTRUCK,0,0;;;
Franklin;15:16:16;15:35:14;94.14441,-1527.364,-1527.364;True,Utility,TOWTRUCK,0,0;;;
Franklin;15:16:32;15:35:14;94.14441,-1527.364,-1527.364;True,Utility,TOWTRUCK,0,0;;;
Franklin;15:16:47;15:35:15;94.14441,-1527.364,-1527.364;True,Utility,TOWTRUCK,0,0;;;
Franklin;15:17:03;15:35:15;94.14441,-1527.364,-1527.364;True,Utility,TOWTRUCK,0,0;;;
Franklin;15:17:18;15:35:16;94.14441,-1527.364,-1527.364;True,Utility,TOWTRUCK,0,0;;;
Franklin;15:17:34;15:35:17;94.14441,-1527.364,-1527.364;True,Utility,TOWTRUCK,0,0;;;
Franklin;15:17:50;15:35:17;94.14441,-1527.364,-1527.364;True,Utility,TOWTRUCK,0,0;;;
Franklin;15:18:05;15:35:18;94.14441,-1527.364,-1527.364;True,Utility,TOWTRUCK,0,0;;;
Franklin;15:18:21;15:35:18;94.14441,-1527.364,-1527.364;True,Utility,TOWTRUCK,0,0;;;
Franklin;15:18:36;15:35:19;94.14441,-1527.364,-1527.364;True,Utility,TOWTRUCK,0,0;;;
Franklin;15:18:52;15:35:19;94.14441,-1527.364,-1527.364;True,Utility,TOWTRUCK,0,0;;;
Franklin;15:19:07;15:35:20;94.14441,-1527.364,-1527.364;True,Utility,TOWTRUCK,0,0;;;
Franklin;15:19:23;15:35:20;94.14441,-1527.364,-1527.364;True,Utility,TOWTRUCK,0,0;;;
Franklin;15:19:38;15:35:21;94.14441,-1527.364,-1527.364;True,Utility,TOWTRUCK,0,0;;;
Franklin;15:19:54;15:35:21;94.14441,-1527.364,-1527.364;True,Utility,TOWTRUCK,0,0;;;
Franklin;15:20:09;15:35:22;94.14441,-1527.364,-1527.364;True,Utility,TOWTRUCK,0,0;;;
Franklin;15:20:25;15:35:22;94.14441,-1527.364,-1527.364;True,Utility,TOWTRUCK,0,0;;;
Franklin;15:20:40;15:35:23;94.14441,-1527.364,-1527.364;True,Utility,TOWTRUCK,0,0;;;
Franklin;15:20:56;15:35:23;94.14441,-1527.364,-1527.364;True,Utility,TOWTRUCK,0,0;;;
Franklin;15:21:11;15:35:24;94.09116,-1527.323,-1527.323;True,Utility,TOWTRUCK,0,6382402,1;;;
Franklin;15:21:27;15:35:24;93.59493,-1526.941,-1526.941;True,Utility,TOWTRUCK,0,5659839,0;;;
Franklin;15:21:42;15:35:25;93.57028,-1526.925,-1526.925;True,Utility,TOWTRUCK,0,00498209,0;;;
Franklin;15:21:58;15:35:25;93.4428,-1526.829,-1526.829;True,Utility,TOWTRUCK,1,148596,1;;;
Franklin;15:22:13;15:35:26;92.39819,-1526.027,-1526.027;True,Utility,TOWTRUCK,3,931915,1;;;
Franklin;15:22:29;15:35:26;90.23951,-1524.365,-1524.365;True,Utility,TOWTRUCK,6,415947,1;;;
Franklin;15:22:44;15:35:27;87.4221,-1521.76,-1521.76;True,Utility,TOWTRUCK,8,65847,1;;;
Franklin;15:23:00;15:35:27;85.15611,-1518.723,-1518.723;True,Utility,TOWTRUCK,6,792348,1;;;
Franklin;15:23:15;15:35:28;83.48014,-1515.231,-1515.231;True,Utility,TOWTRUCK,8,048498,1;;;
Franklin;15:23:31;15:35:28;82.18593,-1510.891,-1510.891;True,Utility,TOWTRUCK,9,365435,1;;;
Franklin;15:23:47;15:35:29;81.95557,-1505.727,-1505.727;True,Utility,TOWTRUCK,10,65163,1;;;
Franklin;15:24:02;15:35:29;82.53995,-1499.872,-1499.872;True,Utility,TOWTRUCK,12,06725,1;;;
Franklin;15:24:18;15:35:30;84.59061,-1493.592,-1493.592;True,Utility,TOWTRUCK,13,61185,1;;;
Franklin;15:24:33;15:35:30;88.41393,-1487.232,-1487.232;True,Utility,TOWTRUCK,14,92967,1;;;
Franklin;15:24:49;15:35:31;93.10581,-1481.568,-1481.568;True,Utility,TOWTRUCK,13,68807,0;;;
Franklin;15:25:04;15:35:32;97.45597,-1476.433,-1476.433;True,Utility,TOWTRUCK,12,9877,1;;;
Franklin;15:25:20;15:35:32;101.2943,-1470.559,-1470.559;True,Utility,TOWTRUCK,14,34251,1;;;
Franklin;15:25:35;15:35:33;104.7647,-1464.72,-1464.72;True,Utility,TOWTRUCK,12,34805,1;;;
Franklin;15:25:51;15:35:33;107.9497,-1458.718,-1458.718;True,Utility,TOWTRUCK,13,63798,1;;;
Franklin;15:26:07;15:35:34;111.2294,-1452.127,-1452.127;True,Utility,TOWTRUCK,14,44208,0;;;
Franklin;15:26:22;15:35:34;114.2768,-1445.932,-1445.932;True,Utility,TOWTRUCK,12,06518,0;;;
Franklin;15:26:38;15:35:35;117.3139,-1440.434,-1440.434;True,Utility,TOWTRUCK,12,24115,0;;;
Franklin;15:26:53;15:35:35;120.4819,-1435.621,-1435.621;True,Utility,TOWTRUCK,9,886743,0;;;
Franklin;15:27:09;15:35:36;123.2463,-1431.571,-1431.571;True,Utility,TOWTRUCK,9,923875,1;;;
Franklin;15:27:24;15:35:36;126.3387,-1427.056,-1427.056;True,Utility,TOWTRUCK,11,27436,1;;;
Franklin;15:27:40;15:35:37;129.8993,-1422.547,-1422.547;True,Utility,TOWTRUCK,10,25967,0;;;
Franklin;15:27:55;15:35:37;132.9054,-1418.962,-1418.962;True,Utility,TOWTRUCK,7,979493,0;;;
Franklin;15:28:11;15:35:38;134.945,-1416.55,-1416.55;True,Utility,TOWTRUCK,4,274938,0;;;
Franklin;15:28:27;15:35:38;136.0016,-1415.3,-1415.3;True,Utility,TOWTRUCK,2,035321,0;;;
Franklin;15:28:42;15:35:39;136.2798,-1415.013,-1415.013;True,Utility,TOWTRUCK,0,05655911,0;;;
Franklin;15:28:58;15:35:39;136.2799,-1415.02,-1415.02;True,Utility,TOWTRUCK,0,004743043,0;;;
Franklin;15:29:13;15:35:40;136.2798,-1415.02,-1415.02;True,Utility,TOWTRUCK,0,004584561,0;;;
Franklin;15:29:29;15:35:40;136.2797,-1415.02,-1415.02;True,Utility,TOWTRUCK,0,003716192,0;;;
Franklin;15:29:44;15:35:41;136.2796,-1415.02,-1415.02;True,Utility,TOWTRUCK,0,0;;;
Franklin;15:30:00;15:35:41;136.2796,-1415.02,-1415.02;True,Utility,TOWTRUCK,0,0;;;
Franklin;15:30:15;15:35:42;136.2796,-1415.02,-1415.02;True,Utility,TOWTRUCK,0,0;;;
Franklin;15:30:31;15:35:42;136.2796,-1415.02,-1415.02;True,Utility,TOWTRUCK,0,0;;;
Franklin;15:30:46;15:35:43;136.2796,-1415.02,-1415.02;True,Utility,TOWTRUCK,0,0;;;
Franklin;15:31:02;15:35:43;136.2796,-1415.02,-1415.02;True,Utility,TOWTRUCK,0,0;;;
Franklin;15:31:18;15:35:44;136.2796,-1415.02,-1415.02;True,Utility,TOWTRUCK,0,0;;;
Franklin;15:31:33;15:35:44;136.2796,-1415.02,-1415.02;True,Utility,TOWTRUCK,0,0;;;
Franklin;15:31:48;15:35:45;136.2796,-1415.02,-1415.02;True,Utility,TOWTRUCK,0,0;;;
Franklin;15:32:04;15:35:46;136.2796,-1415.02,-1415.02;True,Utility,TOWTRUCK,0,0;;;
Franklin;15:32:19;15:35:46;136.2796,-1415.02,-1415.02;True,Utility,TOWTRUCK,0,0;;;
Franklin;15:32:35;15:35:47;136.2796,-1415.02,-1415.02;True,Utility,TOWTRUCK,0,0;;;
Franklin;15:32:50;15:35:47;136.2796,-1415.02,-1415.02;True,Utility,TOWTRUCK,0,0;;;
Franklin;15:33:06;15:35:48;136.2796,-1415.02,-1415.02;True,Utility,TOWTRUCK,0,0;;;
Franklin;15:33:22;15:35:48;136.2796,-1415.02,-1415.02;True,Utility,TOWTRUCK,0,0;;;
Franklin;15:33:37;15:35:49;136.2796,-1415.02,-1415.02;True,Utility,TOWTRUCK,0,0;;;
Franklin;15:33:53;15:35:49;136.2796,-1415.02,-1415.02;True,Utility,TOWTRUCK,0,0;;;
Franklin;15:34:08;15:35:50;136.2796,-1415.02,-1415.02;True,Utility,TOWTRUCK,0,0;;;
Franklin;15:34:24;15:35:50;136.2796,-1415.02,-1415.02;True,Utility,TOWTRUCK,0,0;;;
Franklin;15:34:39;15:35:51;136.2796,-1415.02,-1415.02;True,Utility,TOWTRUCK,0,0;;;
Franklin;15:34:55;15:35:51;136.2777,-1415.022,-1415.022;True,Utility,TOWTRUCK,0,05855151,-1;;;
Franklin;15:35:10;15:35:52;135.9703,-1415.389,-1415.389;True,Utility,TOWTRUCK,2,12907,-1;;;
Franklin;15:35:26;15:35:52;135.4423,-1416.021,-1416.021;True,Utility,TOWTRUCK,0,093657,1;;;
Franklin;15:35:41;15:35:53;135.4631,-1415.996,-1415.996;True,Utility,TOWTRUCK,0,005811033,0;;;
Franklin;15:35:56;15:35:53;135.4625,-1415.996,-1415.996;True,Utility,TOWTRUCK,0,004989063,0;;;
Franklin;15:36:12;15:35:54;135.4625,-1415.996,-1415.996;True,Utility,TOWTRUCK,0,004507361,0;;;
Franklin;15:36:28;15:35:54;135.4625,-1415.996,-1415.996;True,Utility,TOWTRUCK,0,0;;;
Franklin;15:36:43;15:35:55;135.4625,-1415.996,-1415.996;True,Utility,TOWTRUCK,0,0;;;
Franklin;15:36:59;15:35:55;135.4625,-1415.996,-1415.996;True,Utility,TOWTRUCK,0,0;;;
Franklin;15:37:15;15:35:56;135.6309,-1415.796,-1415.796;True,Utility,TOWTRUCK,1,542481,1;;;
Franklin;15:37:30;15:35:56;136.6195,-1414.612,-1414.612;True,Utility,TOWTRUCK,4,319856,1;;;
Franklin;15:37:46;15:35:57;138.4967,-1412.365,-1412.365;True,Utility,TOWTRUCK,6,836627,1;;;
Franklin;15:38:01;15:35:57;141.0054,-1409.145,-1409.145;True,Utility,TOWTRUCK,8,22035,0;;;
Franklin;15:38:17;15:35:58;143.1915,-1406.008,-1406.008;True,Utility,TOWTRUCK,7,568552,1;;;
Franklin;15:38:32;15:35:58;145.5474,-1402.474,-1402.474;True,Utility,TOWTRUCK,8,778049,1;;;
Franklin;15:38:47;15:35:59;146.9854,-1398.143,-1398.143;True,Utility,TOWTRUCK,9,099389,1;;;
Franklin;15:39:03;15:35:59;146.8704,-1393.02,-1393.02;True,Utility,TOWTRUCK,10,80119,1;;;
Franklin;15:39:18;15:36:00;145.4888,-1387.24,-1387.24;True,Utility,TOWTRUCK,12,15609,1;;;
Franklin;15:39:34;15:36:01;142.2371,-1381.793,-1381.793;True,Utility,TOWTRUCK,11,93486,0;;;
Franklin;15:39:49;15:36:01;138.2899,-1377.557,-1377.557;True,Utility,TOWTRUCK,11,46767,1;;;
Franklin;15:40:05;15:36:02;133.8296,-1373.181,-1373.181;True,Utility,TOWTRUCK,12,79147,1;;;
Franklin;15:40:21;15:36:02;128.7178,-1368.074,-1368.074;True,Utility,TOWTRUCK,14,55461,1;;;
Franklin;15:40:36;15:36:03;123.5131,-1363.126,-1363.126;True,Utility,TOWTRUCK,11,92802,0;;;
Franklin;15:40:52;15:36:03;119.9608,-1359.316,-1359.316;True,Utility,TOWTRUCK,7,221142,0;;;
Franklin;15:41:07;15:36:04;118.3164,-1357.424,-1357.424;True,Utility,TOWTRUCK,1,984274,0;;;
Franklin;15:41:23;15:36:04;118.098,-1357.227,-1357.227;True,Utility,TOWTRUCK,0,02617614,0;;;
Franklin;15:41:38;15:36:05;118.1006,-1357.229,-1357.229;True,Utility,TOWTRUCK,0,003285249,0;;;
Franklin;15:41:54;15:36:05;118.101,-1357.229,-1357.229;True,Utility,TOWTRUCK,0,003150247,0;;;
Franklin;15:42:09;15:36:06;118.1011,-1357.229,-1357.229;True,Utility,TOWTRUCK,0,0;;;
Franklin;15:42:25;15:36:06;118.1011,-1357.229,-1357.229;True,Utility,TOWTRUCK,0,0;;;
Franklin;15:42:41;15:36:07;118.1001,-1357.227,-1357.227;True,Utility,TOWTRUCK,0,04187816,1;;;
Franklin;15:42:56;15:36:07;117.9819,-1357.101,-1357.101;True,Utility,TOWTRUCK,0,02309654,0;;;
Franklin;15:43:12;15:36:08;117.984,-1357.103,-1357.103;True,Utility,TOWTRUCK,0,005930229,0;;;
Franklin;15:43:27;15:36:08;117.7851,-1356.887,-1356.887;True,Utility,TOWTRUCK,1,657928,1;;;
Franklin;15:43:43;15:36:09;116.7049,-1355.708,-1355.708;True,Utility,TOWTRUCK,4,431206,1;;;
Franklin;15:43:58;15:36:09;114.7064,-1353.522,-1353.522;True,Utility,TOWTRUCK,6,904456,1;;;
Franklin;15:44:14;15:36:10;111.9331,-1350.468,-1350.468;True,Utility,TOWTRUCK,7,859842,0;;;
Franklin;15:44:29;15:36:10;109.3957,-1347.647,-1347.647;True,Utility,TOWTRUCK,7,615237,1;;;
Franklin;15:44:45;15:36:11;106.5331,-1344.445,-1344.445;True,Utility,TOWTRUCK,8,984806,1;;;
Franklin;15:45:01;15:36:11;103.3288,-1340.585,-1340.585;True,Utility,TOWTRUCK,10,32533,1;;;
Franklin;15:45:16;15:36:12;100.0884,-1335.882,-1335.882;True,Utility,TOWTRUCK,11,64998,1;;;
Franklin;15:45:32;15:36:12;96.68995,-1330.434,-1330.434;True,Utility,TOWTRUCK,13,23241,1;;;
Franklin;15:45:47;15:36:13;92.83954,-1324.132,-1324.132;True,Utility,TOWTRUCK,15,03993,1;;;
Franklin;15:46:03;15:36:13;88.88715,-1317.086,-1317.086;True,Utility,TOWTRUCK,16,40801,1;;;
Franklin;15:46:18;15:36:14;84.91634,-1309.554,-1309.554;True,Utility,TOWTRUCK,15,84168,0;;;
Franklin;15:46:34;15:36:15;80.98961,-1302.454,-1302.454;True,Utility,TOWTRUCK,16,24368,1;;;
Franklin;15:46:49;15:36:15;76.77554,-1294.905,-1294.905;True,Utility,TOWTRUCK,17,33263,1;;;
Franklin;15:47:04;15:36:16;72.67921,-1286.829,-1286.829;True,Utility,TOWTRUCK,17,61269,0;;;
Franklin;15:47:20;15:36:16;70.28233,-1278.507,-1278.507;True,Utility,TOWTRUCK,16,74812,1;;;
Franklin;15:47:36;15:36:17;69.68574,-1270.289,-1270.289;True,Utility,TOWTRUCK,15,84554,1;;;
Franklin;15:47:51;15:36:17;70.50864,-1261.745,-1261.745;True,Utility,TOWTRUCK,17,06386,1;;;
Franklin;15:48:07;15:36:18;72.04472,-1252.74,-1252.74;True,Utility,TOWTRUCK,18,41421,1;;;
Franklin;15:48:22;15:36:18;73.1767,-1243.639,-1243.639;True,Utility,TOWTRUCK,16,75845,1;;;
Franklin;15:48:38;15:36:19;73.84232,-1234.742,-1234.742;True,Utility,TOWTRUCK,17,59777,1;;;
Franklin;15:48:53;15:36:19;74.21942,-1225.524,-1225.524;True,Utility,TOWTRUCK,18,36666,1;;;
Franklin;15:49:09;15:36:20;74.41287,-1216.087,-1216.087;True,Utility,TOWTRUCK,17,27229,0;;;
Franklin;15:49:24;15:36:20;74.26357,-1207.841,-1207.841;True,Utility,TOWTRUCK,14,87987,0;;;
Franklin;15:49:40;15:36:21;74.05585,-1200.799,-1200.799;True,Utility,TOWTRUCK,12,51992,0;;;
Franklin;15:49:55;15:36:21;73.76579,-1194.948,-1194.948;True,Utility,TOWTRUCK,10,10903,0;;;
Franklin;15:50:11;15:36:22;73.35353,-1190.387,-1190.387;True,Utility,TOWTRUCK,7,81909,0;;;
Franklin;15:50:26;15:36:22;73.02602,-1186.981,-1186.981;True,Utility,TOWTRUCK,5,532589,0;;;
Franklin;15:50:42;15:36:23;72.82247,-1184.797,-1184.797;True,Utility,TOWTRUCK,2,162208,0;;;
Franklin;15:50:57;15:36:23;72.72851,-1184.442,-1184.442;True,Utility,TOWTRUCK,0,0689992,0;;;
Franklin;15:51:13;15:36:24;72.72076,-1184.448,-1184.448;True,Utility,TOWTRUCK,0,003375441,0;;;
Franklin;15:51:28;15:36:24;72.72105,-1184.448,-1184.448;True,Utility,TOWTRUCK,0,002230477,0;;;
Franklin;15:51:44;15:36:25;72.72119,-1184.448,-1184.448;True,Utility,TOWTRUCK,0,0;;;
Franklin;15:51:59;15:36:25;72.72119,-1184.448,-1184.448;True,Utility,TOWTRUCK,0,0;;;
Franklin;15:52:15;15:36:26;72.72119,-1184.448,-1184.448;True,Utility,TOWTRUCK,0,0;;;
Franklin;15:52:30;15:36:26;72.72119,-1184.448,-1184.448;True,Utility,TOWTRUCK,0,0;;;
Franklin;15:52:46;15:36:27;72.72119,-1184.448,-1184.448;True,Utility,TOWTRUCK,0,0;;;
Franklin;15:53:02;15:36:27;72.72119,-1184.448,-1184.448;True,Utility,TOWTRUCK,0,0;;;
Franklin;15:53:17;15:36:28;72.72119,-1184.448,-1184.448;True,Utility,TOWTRUCK,0,0;;;
Franklin;15:53:32;15:36:28;72.72119,-1184.448,-1184.448;True,Utility,TOWTRUCK,0,0;;;
Franklin;15:53:48;15:36:29;72.72119,-1184.448,-1184.448;True,Utility,TOWTRUCK,0,0;;;
Franklin;15:54:03;15:36:30;72.72119,-1184.448,-1184.448;True,Utility,TOWTRUCK,0,0;;;
Franklin;15:54:19;15:36:30;72.72119,-1184.448,-1184.448;True,Utility,TOWTRUCK,0,0;;;
Franklin;15:54:35;15:36:31;72.72119,-1184.448,-1184.448;True,Utility,TOWTRUCK,0,0;;;
Franklin;15:54:50;15:36:31;72.72119,-1184.448,-1184.448;True,Utility,TOWTRUCK,0,0;;;
Franklin;15:55:06;15:36:32;72.72119,-1184.448,-1184.448;True,Utility,TOWTRUCK,0,0;;;
Franklin;15:55:21;15:36:32;72.72119,-1184.448,-1184.448;True,Utility,TOWTRUCK,0,0;;;
Franklin;15:55:37;15:36:33;72.72119,-1184.448,-1184.448;True,Utility,TOWTRUCK,0,0;;;
Franklin;15:55:52;15:36:33;72.72119,-1184.448,-1184.448;True,Utility,TOWTRUCK,0,0;;;
Franklin;15:56:08;15:36:34;72.72119,-1184.448,-1184.448;True,Utility,TOWTRUCK,0,0;;;
Franklin;15:56:23;15:36:34;72.72119,-1184.448,-1184.448;True,Utility,TOWTRUCK,0,0;;;
Franklin;15:56:39;15:36:35;72.72119,-1184.448,-1184.448;True,Utility,TOWTRUCK,0,0;;;
Franklin;15:56:54;15:36:35;72.72119,-1184.448,-1184.448;True,Utility,TOWTRUCK,0,0;;;
Franklin;15:57:10;15:36:36;72.72117,-1184.446,-1184.446;True,Utility,TOWTRUCK,0,03649806,1;;;
Franklin;15:57:25;15:36:36;72.68168,-1184.019,-1184.019;True,Utility,TOWTRUCK,2,048764,1;;;
Franklin;15:57:41;15:36:37;72.52302,-1182.226,-1182.226;True,Utility,TOWTRUCK,4,759914,1;;;
Franklin;15:57:56;15:36:37;72.26788,-1179.159,-1179.159;True,Utility,TOWTRUCK,7,234985,1;;;
Franklin;15:58:12;15:36:38;71.93425,-1175.032,-1175.032;True,Utility,TOWTRUCK,7,517063,0;;;
Franklin;15:58:27;15:36:38;71.65308,-1171.706,-1171.706;True,Utility,TOWTRUCK,6,017668,1;;;
Franklin;15:58:43;15:36:39;71.37976,-1168.311,-1168.311;True,Utility,TOWTRUCK,7,644422,1;;;
Franklin;15:58:59;15:36:39;71.03872,-1164.145,-1164.145;True,Utility,TOWTRUCK,7,200802,0;;;
Franklin;15:59:14;15:36:40;70.71916,-1160.337,-1160.337;True,Utility,TOWTRUCK,8,015205,1;;;
Franklin;15:59:29;15:36:40;70.62421,-1155.875,-1155.875;True,Utility,TOWTRUCK,9,389871,1;;;
Franklin;15:59:45;15:36:41;70.78827,-1150.593,-1150.593;True,Utility,TOWTRUCK,11,01625,1;;;
Franklin;16:00:01;15:36:41;71.16999,-1144.407,-1144.407;True,Utility,TOWTRUCK,12,66668,1;;;
Franklin;16:00:16;15:36:42;71.33794,-1137.387,-1137.387;True,Utility,TOWTRUCK,14,2089,1;;;
Franklin;16:00:32;15:36:42;71.83642,-1129.509,-1129.509;True,Utility,TOWTRUCK,15,84922,1;;;
Franklin;16:00:48;15:36:43;72.80377,-1120.646,-1120.646;True,Utility,TOWTRUCK,18,11085,1;;;
Franklin;16:01:03;15:36:44;73.9101,-1111.522,-1111.522;True,Utility,TOWTRUCK,17,3874,1;;;
Franklin;16:01:19;15:36:44;75.48727,-1103.353,-1103.353;True,Utility,TOWTRUCK,14,862,0;;;
Franklin;16:01:34;15:36:45;77.32556,-1096.596,-1096.596;True,Utility,TOWTRUCK,12,36439,1;;;
Franklin;16:01:50;15:36:45;78.15066,-1089.911,-1089.911;True,Utility,TOWTRUCK,13,87942,1;;;
Franklin;16:02:05;15:36:46;79.19277,-1082.551,-1082.551;True,Utility,TOWTRUCK,14,75139,1;;;
Franklin;16:02:21;15:36:46;81.95004,-1075.379,-1075.379;True,Utility,TOWTRUCK,13,89776,0;;;
Franklin;16:02:36;15:36:47;84.5349,-1069.428,-1069.428;True,Utility,TOWTRUCK,11,36211,0;;;
Franklin;16:02:52;15:36:47;86.49367,-1064.217,-1064.217;True,Utility,TOWTRUCK,10,34308,0;;;
Franklin;16:03:07;15:36:48;88.56914,-1059.456,-1059.456;True,Utility,TOWTRUCK,10,35946,1;;;
Franklin;16:03:23;15:36:48;90.73766,-1054.137,-1054.137;True,Utility,TOWTRUCK,11,96503,1;;;
Franklin;16:03:38;15:36:49;93.04355,-1048.004,-1048.004;True,Utility,TOWTRUCK,13,2954,1;;;
Franklin;16:03:54;15:36:49;95.47953,-1042.265,-1042.265;True,Utility,TOWTRUCK,10,86841,0;;;
Franklin;16:04:09;15:36:50;97.55505,-1037.709,-1037.709;True,Utility,TOWTRUCK,8,557117,0;;;
Franklin;16:04:25;15:36:50;98.92566,-1034.728,-1034.728;True,Utility,TOWTRUCK,4,446077,0;;;
Franklin;16:04:41;15:36:51;99.59693,-1033.269,-1033.269;True,Utility,TOWTRUCK,0,7654412,0;;;
Franklin;16:04:56;15:36:51;99.63573,-1033.223,-1033.223;True,Utility,TOWTRUCK,0,006752358,0;;;
Franklin;16:05:12;15:36:52;99.63547,-1033.223,-1033.223;True,Utility,TOWTRUCK,0,003062923,0;;;
Franklin;16:05:27;15:36:52;99.63531,-1033.223,-1033.223;True,Utility,TOWTRUCK,0,00226224,0;;;
Franklin;16:05:43;15:36:53;99.63526,-1033.223,-1033.223;True,Utility,TOWTRUCK,0,0;;;
Franklin;16:05:58;15:36:53;99.63526,-1033.223,-1033.223;True,Utility,TOWTRUCK,0,0;;;
Franklin;16:06:14;15:36:54;99.63526,-1033.223,-1033.223;True,Utility,TOWTRUCK,0,0;;;
Franklin;16:06:29;15:36:54;99.63526,-1033.223,-1033.223;True,Utility,TOWTRUCK,0,0;;;
Franklin;16:06:45;15:36:55;99.63526,-1033.223,-1033.223;True,Utility,TOWTRUCK,0,0;;;
Franklin;16:07:00;15:36:55;99.63526,-1033.223,-1033.223;True,Utility,TOWTRUCK,0,0;;;
Franklin;16:07:16;15:36:56;99.63526,-1033.223,-1033.223;True,Utility,TOWTRUCK,0,0;;;
Franklin;16:07:31;15:36:56;99.63526,-1033.223,-1033.223;True,Utility,TOWTRUCK,0,0;;;
Franklin;16:07:47;15:36:57;99.63526,-1033.223,-1033.223;True,Utility,TOWTRUCK,0,0;;;
Franklin;16:08:02;15:36:57;99.63526,-1033.223,-1033.223;True,Utility,TOWTRUCK,0,0;;;
Franklin;16:08:18;15:36:58;99.63526,-1033.223,-1033.223;True,Utility,TOWTRUCK,0,0;;;
Franklin;16:08:34;15:36:59;99.63526,-1033.223,-1033.223;True,Utility,TOWTRUCK,0,0;;;
Franklin;16:08:49;15:36:59;99.63526,-1033.223,-1033.223;True,Utility,TOWTRUCK,0,0;;;
Franklin;16:09:05;15:37:00;99.63526,-1033.223,-1033.223;True,Utility,TOWTRUCK,0,0;;;
Franklin;16:09:20;15:37:00;99.63526,-1033.223,-1033.223;True,Utility,TOWTRUCK,0,0;;;
Franklin;16:09:36;15:37:01;99.63526,-1033.223,-1033.223;True,Utility,TOWTRUCK,0,0;;;
Franklin;16:09:51;15:37:01;99.63526,-1033.223,-1033.223;True,Utility,TOWTRUCK,0,0;;;
Franklin;16:10:07;15:37:02;99.63526,-1033.223,-1033.223;True,Utility,TOWTRUCK,0,0;;;
Franklin;16:10:22;15:37:02;99.63526,-1033.223,-1033.223;True,Utility,TOWTRUCK,0,0;;;
Franklin;16:10:38;15:37:03;99.63526,-1033.223,-1033.223;True,Utility,TOWTRUCK,0,0;;;
Franklin;16:10:53;15:37:03;99.63526,-1033.223,-1033.223;True,Utility,TOWTRUCK,0,0;;;
Franklin;16:11:09;15:37:04;99.63526,-1033.223,-1033.223;True,Utility,TOWTRUCK,0,0;;;
Franklin;16:11:24;15:37:04;99.63526,-1033.223,-1033.223;True,Utility,TOWTRUCK,0,0;;;
Franklin;16:11:40;15:37:05;99.64073,-1033.212,-1033.212;True,Utility,TOWTRUCK,0,1756346,1;;;
Franklin;16:11:56;15:37:05;99.92402,-1032.592,-1032.592;True,Utility,TOWTRUCK,2,667574,1;;;
Franklin;16:12:11;15:37:06;100.7175,-1030.852,-1030.852;True,Utility,TOWTRUCK,3,497649,0;;;
Franklin;16:12:27;15:37:06;101.4675,-1029.121,-1029.121;True,Utility,TOWTRUCK,4,542825,1;;;
Franklin;16:12:42;15:37:07;102.596,-1026.305,-1026.305;True,Utility,TOWTRUCK,7,066209,1;;;
Franklin;16:12:58;15:37:07;103.8236,-1023.29,-1023.29;True,Utility,TOWTRUCK,5,900481,1;;;
Franklin;16:13:13;15:37:08;105.2379,-1019.816,-1019.816;True,Utility,TOWTRUCK,8,413505,1;;;
Franklin;16:13:29;15:37:08;106.5703,-1016.151,-1016.151;True,Utility,TOWTRUCK,6,405646,0;;;
Franklin;16:13:45;15:37:09;107.5627,-1013.042,-1013.042;True,Utility,TOWTRUCK,6,955601,1;;;
Franklin;16:14:00;15:37:09;108.8199,-1009.092,-1009.092;True,Utility,TOWTRUCK,7,841001,0;;;
Franklin;16:14:16;15:37:10;109.9993,-1005.554,-1005.554;True,Utility,TOWTRUCK,7,450635,1;;;
Franklin;16:14:31;15:37:10;111.5907,-1001.594,-1001.594;True,Utility,TOWTRUCK,8,745862,1;;;
Franklin;16:14:47;15:37:11;113.1532,-996.9448,-996.9448;True,Utility,TOWTRUCK,10,13824,1;;;
Franklin;16:15:03;15:37:11;114.9363,-991.5325,-991.5325;True,Utility,TOWTRUCK,11,7178,1;;;
Franklin;16:15:18;15:37:12;116.9599,-985.4074,-985.4074;True,Utility,TOWTRUCK,13,11558,1;;;
Franklin;16:15:34;15:37:13;119.1879,-978.6791,-978.6791;True,Utility,TOWTRUCK,13,50918,0;;;
Franklin;16:15:49;15:37:13;121.5068,-972.7951,-972.7951;True,Utility,TOWTRUCK,11,04682,0;;;
Franklin;16:16:05;15:37:14;123.4795,-968.127,-968.127;True,Utility,TOWTRUCK,8,551665,0;;;
Franklin;16:16:20;15:37:14;124.8184,-964.4577,-964.4577;True,Utility,TOWTRUCK,7,319005,1;;;
Franklin;16:16:36;15:37:15;126.2126,-960.564,-960.564;True,Utility,TOWTRUCK,7,87636,0;;;
Franklin;16:16:52;15:37:15;127.5043,-956.9611,-956.9611;True,Utility,TOWTRUCK,7,596262,1;;;
Franklin;16:17:07;15:37:16;129.0986,-953.0103,-953.0103;True,Utility,TOWTRUCK,8,890754,1;;;
Franklin;16:17:23;15:37:16;131.1604,-948.5668,-948.5668;True,Utility,TOWTRUCK,9,995776,1;;;
Franklin;16:17:38;15:37:17;134.03,-943.7869,-943.7869;True,Utility,TOWTRUCK,11,36633,1;;;
Franklin;16:17:54;15:37:17;137.8671,-938.6049,-938.6049;True,Utility,TOWTRUCK,13,89746,1;;;
Franklin;16:18:09;15:37:18;141.8544,-932.672,-932.672;True,Utility,TOWTRUCK,12,6201,0;;;
Franklin;16:18:25;15:37:18;144.6156,-927.196,-927.196;True,Utility,TOWTRUCK,11,53886,0;;;
Franklin;16:18:41;15:37:19;146.5272,-921.8973,-921.8973;True,Utility,TOWTRUCK,11,04256,1;;;
Franklin;16:18:56;15:37:19;148.3949,-916.198,-916.198;True,Utility,TOWTRUCK,12,5103,1;;;
Franklin;16:19:12;15:37:20;150.741,-909.6596,-909.6596;True,Utility,TOWTRUCK,13,87905,1;;;
Franklin;16:19:27;15:37:20;153.3635,-902.4324,-902.4324;True,Utility,TOWTRUCK,15,83771,1;;;
Franklin;16:19:43;15:37:21;156.2734,-894.3046,-894.3046;True,Utility,TOWTRUCK,16,42966,0;Okay, I seen JB do this a hundred times.;Tonya;TOW_EKAA
Franklin;16:19:58;15:37:21;159.0581,-887.0184,-887.0184;True,Utility,TOWTRUCK,13,78859,0;;;
Franklin;16:20:14;15:37:22;162.3475,-881.4913,-881.4913;True,Utility,TOWTRUCK,11,26857,0;;;
Franklin;16:20:29;15:37:22;165.7341,-877.1979,-877.1979;True,Utility,TOWTRUCK,10,82097,1;;;
Franklin;16:20:45;15:37:23;168.7072,-872.7905,-872.7905;True,Utility,TOWTRUCK,9,581378,1;;;
Franklin;16:21:00;15:37:23;170.8694,-867.987,-867.987;True,Utility,TOWTRUCK,10,64531,1;Back up close, make sure the hook is down,;Tonya;TOW_EKAB
Franklin;16:21:16;15:37:24;172.8421,-862.5328,-862.5328;True,Utility,TOWTRUCK,11,97132,1;;;
Franklin;16:21:31;15:37:24;174.7913,-857.0007,-857.0007;True,Utility,TOWTRUCK,10,12209,0;;;
Franklin;16:21:47;15:37:25;176.2552,-852.8645,-852.8645;True,Utility,TOWTRUCK,5,856544,0;;;
Franklin;16:22:03;15:37:25;177.0547,-850.5982,-850.5982;True,Utility,TOWTRUCK,3,491486,0;;;
Franklin;16:22:18;15:37:26;177.425,-849.5433,-849.5433;True,Utility,TOWTRUCK,0,2776046,-1;;;
Franklin;16:22:34;15:37:27;177.4154,-849.5432,-849.5432;True,Utility,TOWTRUCK,0,006277686,0;and it should slide right in.;Tonya;TOW_EKAC
Franklin;16:22:49;15:37:27;177.4155,-849.5427,-849.5427;True,Utility,TOWTRUCK,0,003352402,0;;;
Franklin;16:23:05;15:37:28;177.4155,-849.5427,-849.5427;True,Utility,TOWTRUCK,0,001858836,0;;;
Franklin;16:23:20;15:37:28;177.4155,-849.5427,-849.5427;True,Utility,TOWTRUCK,0,0;;;
Franklin;16:23:36;15:37:29;177.4155,-849.5427,-849.5427;True,Utility,TOWTRUCK,0,0;;;
Franklin;16:23:52;15:37:29;177.4155,-849.5427,-849.5427;True,Utility,TOWTRUCK,0,0;;;
Franklin;16:24:07;15:37:30;177.4155,-849.5427,-849.5427;True,Utility,TOWTRUCK,0,0;;;
Franklin;16:24:22;15:37:30;177.4155,-849.5427,-849.5427;True,Utility,TOWTRUCK,0,0;;;
Franklin;16:24:38;15:37:31;177.4155,-849.5427,-849.5427;True,Utility,TOWTRUCK,0,0;;;
Franklin;16:24:53;15:37:31;177.4155,-849.5427,-849.5427;True,Utility,TOWTRUCK,0,0;;;
Franklin;16:25:09;15:37:32;177.4155,-849.5427,-849.5427;True,Utility,TOWTRUCK,0,0;;;
Franklin;16:25:25;15:37:32;177.4155,-849.5427,-849.5427;True,Utility,TOWTRUCK,0,0;;;
Franklin;16:25:40;15:37:33;177.4155,-849.5427,-849.5427;True,Utility,TOWTRUCK,0,0;;;
Franklin;16:25:56;15:37:33;177.4193,-849.5328,-849.5328;True,Utility,TOWTRUCK,0,001214925,1;;;
Franklin;16:26:11;15:37:34;177.4187,-849.5342,-849.5342;True,Utility,TOWTRUCK,0,002431797,0;;;
Franklin;16:26:27;15:37:34;177.4225,-849.5239,-849.5239;True,Utility,TOWTRUCK,0,007044458,1;;;
Franklin;16:26:42;15:37:35;177.4221,-849.5248,-849.5248;True,Utility,TOWTRUCK,0,002576918,0;;;
Franklin;16:26:58;15:37:35;177.4228,-849.5225,-849.5225;True,Utility,TOWTRUCK,0,04674013,1;;;
Franklin;16:27:14;15:37:36;177.4271,-849.5107,-849.5107;True,Utility,TOWTRUCK,0,002697358,0;;;
Franklin;16:27:29;15:37:36;177.4368,-849.4836,-849.4836;True,Utility,TOWTRUCK,0,005604652,0;;;
Franklin;16:27:45;15:37:37;177.4398,-849.4747,-849.4747;True,Utility,TOWTRUCK,0,007304217,1;;;
Franklin;16:28:00;15:37:37;177.4395,-849.4759,-849.4759;True,Utility,TOWTRUCK,0,002369562,0;;;
Franklin;16:28:16;15:37:38;177.4395,-849.4759,-849.4759;True,Utility,TOWTRUCK,0,0;;;
Franklin;16:28:31;15:37:38;177.4395,-849.4759,-849.4759;True,Utility,TOWTRUCK,0,0;;;
Franklin;16:28:47;15:37:39;177.4395,-849.4759,-849.4759;True,Utility,TOWTRUCK,0,0;;;
Franklin;16:29:03;15:37:39;177.4395,-849.4759,-849.4759;True,Utility,TOWTRUCK,0,0;;;
Franklin;16:29:18;15:37:40;177.4395,-849.4759,-849.4759;True,Utility,TOWTRUCK,0,0;;;
Franklin;16:29:33;15:37:41;177.4395,-849.4759,-849.4759;True,Utility,TOWTRUCK,0,0;;;
Franklin;16:29:49;15:37:41;177.4395,-849.4759,-849.4759;True,Utility,TOWTRUCK,0,0;;;
Franklin;16:30:04;15:37:42;177.4395,-849.4759,-849.4759;True,Utility,TOWTRUCK,0,0;;;
Franklin;16:30:20;15:37:42;177.4395,-849.4759,-849.4759;True,Utility,TOWTRUCK,0,0;This is dispatch. Please step on it. We're getting complaint calls.;TOWDISPATCH;TOW_INAA
Franklin;16:30:36;15:37:43;177.4395,-849.4759,-849.4759;True,Utility,TOWTRUCK,0,0;;;
Franklin;16:30:51;15:37:43;177.4395,-849.4759,-849.4759;True,Utility,TOWTRUCK,0,0;;;
Franklin;16:31:07;15:37:44;177.4395,-849.4759,-849.4759;True,Utility,TOWTRUCK,0,0;;;
Franklin;16:31:22;15:37:44;177.4395,-849.4759,-849.4759;True,Utility,TOWTRUCK,0,0;;;
Franklin;16:31:38;15:37:45;177.4395,-849.4759,-849.4759;True,Utility,TOWTRUCK,0,0;;;
Franklin;16:31:54;15:37:45;177.4395,-849.4759,-849.4759;True,Utility,TOWTRUCK,0,0;;;
Franklin;16:32:09;15:37:46;177.4395,-849.4759,-849.4759;True,Utility,TOWTRUCK,0,0;;;
Franklin;16:32:25;15:37:46;177.4395,-849.4759,-849.4759;True,Utility,TOWTRUCK,0,0;;;
Franklin;16:32:40;15:37:47;177.4395,-849.4759,-849.4759;True,Utility,TOWTRUCK,0,0;;;
Franklin;16:32:56;15:37:47;177.4395,-849.4759,-849.4759;True,Utility,TOWTRUCK,0,0;;;
Franklin;16:33:12;15:37:48;177.4395,-849.4759,-849.4759;True,Utility,TOWTRUCK,0,0;;;
Franklin;16:33:27;15:37:48;177.4395,-849.4759,-849.4759;True,Utility,TOWTRUCK,0,0;;;
Franklin;16:33:43;15:37:49;177.4395,-849.4759,-849.4759;True,Utility,TOWTRUCK,0,0;;;
Franklin;16:33:58;15:37:49;177.4395,-849.4759,-849.4759;True,Utility,TOWTRUCK,0,0;;;
Franklin;16:34:14;15:37:50;177.441,-849.4723,-849.4723;True,Utility,TOWTRUCK,0,07620151,1;;;
Franklin;16:34:29;15:37:50;177.642,-848.9756,-848.9756;True,Utility,TOWTRUCK,2,297167,1;;;
Franklin;16:34:45;15:37:51;178.471,-847.3593,-847.3593;True,Utility,TOWTRUCK,4,673716,1;;;
Franklin;16:35:00;15:37:51;179.9487,-844.808,-844.808;True,Utility,TOWTRUCK,6,165792,0;;;
Franklin;16:35:16;15:37:52;181.3877,-842.6628,-842.6628;True,Utility,TOWTRUCK,3,825959,0;;;
Franklin;16:35:32;15:37:52;182.2643,-841.4744,-841.4744;True,Utility,TOWTRUCK,2,507416,1;;;
Franklin;16:35:47;15:37:53;183.6855,-840.2273,-840.2273;True,Utility,TOWTRUCK,4,798247,1;;;
Franklin;16:36:03;15:37:54;186.1221,-838.8512,-838.8512;True,Utility,TOWTRUCK,5,049827,0;;;
Franklin;16:36:19;15:37:54;187.8288,-837.989,-837.989;True,Utility,TOWTRUCK,1,352637,0;;;
Franklin;16:36:34;15:37:55;188.1796,-837.8557,-837.8557;True,Utility,TOWTRUCK,0,8550154,1;;;
Franklin;16:36:50;15:37:55;189.1539,-837.6506,-837.6506;True,Utility,TOWTRUCK,3,065096,1;;;
Franklin;16:37:06;15:37:56;191.281,-837.5729,-837.5729;True,Utility,TOWTRUCK,4,575521,0;;;
Franklin;16:37:21;15:37:56;193.0675,-837.8173,-837.8173;True,Utility,TOWTRUCK,2,496716,0;;;
Franklin;16:37:37;15:37:57;193.7988,-837.8646,-837.8646;True,Utility,TOWTRUCK,0,4331285,1;;;
Franklin;16:37:52;15:37:57;194.1982,-837.9921,-837.9921;True,Utility,TOWTRUCK,1,738283,1;;;
Franklin;16:38:08;15:37:58;195.6754,-838.4058,-838.4058;True,Utility,TOWTRUCK,4,321036,1;A'ight, baby, back it up nice and steady.;Tonya;TOW_ELAA
Franklin;16:38:23;15:37:58;197.8733,-838.9954,-838.9954;True,Utility,TOWTRUCK,3,398013,0;;;
Franklin;16:38:39;15:37:59;199.0277,-839.321,-839.321;True,Utility,TOWTRUCK,1,254898,0;;;
Franklin;16:38:55;15:37:59;199.3743,-839.4665,-839.4665;True,Utility,TOWTRUCK,0,4267355,1;;;
Franklin;16:39:10;15:38:00;199.5399,-839.5468,-839.5468;True,Utility,TOWTRUCK,1,004454,1;;;
Franklin;16:39:26;15:38:00;200.701,-840.028,-840.028;True,Utility,TOWTRUCK,3,869706,1;;;
Franklin;16:39:41;15:38:01;202.4473,-840.6747,-840.6747;True,Utility,TOWTRUCK,2,833113,0;;;
Franklin;16:39:57;15:38:01;203.5269,-841.0771,-841.0771;True,Utility,TOWTRUCK,2,240417,0;;;
Franklin;16:40:13;15:38:02;204.411,-841.3831,-841.3831;True,Utility,TOWTRUCK,1,643095,1;;;
Franklin;16:40:28;15:38:02;205.289,-841.6864,-841.6864;True,Utility,TOWTRUCK,1,580171,1;;;
Franklin;16:40:44;15:38:03;206.0303,-841.937,-841.937;True,Utility,TOWTRUCK,1,490235,1;;;
Franklin;16:40:59;15:38:03;206.8034,-842.209,-842.209;True,Utility,TOWTRUCK,1,793036,1;;;
Franklin;16:41:15;15:38:04;208.2555,-842.7343,-842.7343;True,Utility,TOWTRUCK,3,976521,1;;;
Franklin;16:41:30;15:38:04;210.1129,-843.4118,-843.4118;True,Utility,TOWTRUCK,3,67474,1;;;
Franklin;16:41:46;15:38:05;211.8136,-844.1295,-844.1295;True,Utility,TOWTRUCK,3,377229,0;;;
Franklin;16:42:01;15:38:05;212.937,-844.6985,-844.6985;True,Utility,TOWTRUCK,2,118844,1;;;
Franklin;16:42:17;15:38:06;214.3793,-845.3688,-845.3688;True,Utility,TOWTRUCK,3,715371,0;;;
Franklin;16:42:32;15:38:06;215.7952,-846.0332,-846.0332;True,Utility,TOWTRUCK,3,315253,1;;;
Franklin;16:42:48;15:38:07;217.704,-846.9379,-846.9379;True,Utility,TOWTRUCK,3,755861,0;;;
Franklin;16:43:03;15:38:08;218.9557,-847.46,-847.46;True,Utility,TOWTRUCK,1,517295,0;;;
Franklin;16:43:19;15:38:08;219.3458,-847.569,-847.569;True,Utility,TOWTRUCK,0,8534388,1;;;
Franklin;16:43:35;15:38:09;220.4001,-848.0178,-848.0178;True,Utility,TOWTRUCK,3,62089,1;;;
Franklin;16:43:50;15:38:09;222.4257,-848.9796,-848.9796;True,Utility,TOWTRUCK,3,802703,0;;;
Franklin;16:44:05;15:38:10;223.8055,-849.9272,-849.9272;True,Utility,TOWTRUCK,3,560458,1;;;
Franklin;16:44:21;15:38:10;225.0435,-851.1036,-851.1036;True,Utility,TOWTRUCK,2,665015,1;;;
Franklin;16:44:37;15:38:11;226.22,-852.4698,-852.4698;True,Utility,TOWTRUCK,4,729475,1;;;
Franklin;16:44:52;15:38:11;228.556,-854.3026,-854.3026;True,Utility,TOWTRUCK,6,911571,1;;;
Franklin;16:45:08;15:38:12;231.9881,-856.0699,-856.0699;True,Utility,TOWTRUCK,6,813022,0;;;
Franklin;16:45:23;15:38:12;234.6977,-856.9926,-856.9926;True,Utility,TOWTRUCK,4,145239,0;;;
Franklin;16:45:39;15:38:13;235.284,-857.1364,-857.1364;True,Utility,TOWTRUCK,0,456721,-1;;;
Franklin;16:45:54;15:38:13;234.5694,-856.9612,-856.9612;True,Utility,TOWTRUCK,1,526431,0;;;
Franklin;16:46:10;15:38:14;234.3419,-856.8695,-856.8695;True,Utility,TOWTRUCK,0,2243989,1;;;
Franklin;16:46:25;15:38:14;234.442,-856.9075,-856.9075;True,Utility,TOWTRUCK,0,2505218,-1;;;
Franklin;16:46:41;15:38:15;233.7531,-856.6528,-856.6528;True,Utility,TOWTRUCK,2,688087,-1;;;
Franklin;16:46:56;15:38:15;231.8463,-855.946,-855.946;True,Utility,TOWTRUCK,5,090621,-1;;;
Franklin;16:47:12;15:38:16;229.0622,-854.9102,-854.9102;True,Utility,TOWTRUCK,5,194909,0;;;
Franklin;16:47:27;15:38:16;227.8749,-854.4686,-854.4686;True,Utility,TOWTRUCK,0,4407663,0;;;
Franklin;16:47:43;15:38:17;227.9066,-854.4805,-854.4805;True,Utility,TOWTRUCK,0,01350085,-1;;;
Franklin;16:47:58;15:38:17;227.5473,-854.3469,-854.3469;True,Utility,TOWTRUCK,1,598804,0;;;
Franklin;16:48:14;15:38:18;227.3097,-854.2592,-854.2592;True,Utility,TOWTRUCK,0,03033322,0;;;
Franklin;16:48:29;15:38:18;227.313,-854.2604,-854.2604;True,Utility,TOWTRUCK,0,003310426,0;;;
Franklin;16:48:45;15:38:19;227.3133,-854.2604,-854.2604;True,Utility,TOWTRUCK,0,001918096,0;;;
Franklin;16:49:00;15:38:19;227.3134,-854.2604,-854.2604;True,Utility,TOWTRUCK,0,002348503,0;;;
Franklin;16:49:16;15:38:20;227.3137,-854.2605,-854.2605;True,Utility,TOWTRUCK,0,002459527,0;;;
Franklin;16:49:32;15:38:20;227.3134,-854.2605,-854.2605;True,Utility,TOWTRUCK,0,00155524,0;;;
Franklin;16:49:47;15:38:21;227.3132,-854.2605,-854.2605;True,Utility,TOWTRUCK,0,002365577,0;;;
Franklin;16:50:03;15:38:21;227.2931,-854.2527,-854.2527;True,Utility,TOWTRUCK,0,2769318,-1;;;
Franklin;16:50:18;15:38:22;226.8221,-854.0782,-854.0782;True,Utility,TOWTRUCK,0,504879,0;Okay, we are in, baby. Let's get this back to the lot.;Tonya;TOW_ENAA
Franklin;16:50:34;15:38:23;226.9266,-854.1167,-854.1167;True,Utility,TOWTRUCK,0,8322834,1;;;
Franklin;16:50:49;15:38:23;227.1018,-854.1824,-854.1824;True,Utility,TOWTRUCK,0,879855,1;;;
Franklin;16:51:05;15:38:24;228.1049,-854.5778,-854.5778;True,Utility,TOWTRUCK,3,010344,1;;;
Franklin;16:51:20;15:38:24;229.3535,-855.0319,-855.0319;True,Utility,TOWTRUCK,2,522696,1;;;
Franklin;16:51:36;15:38:25;230.9823,-855.4594,-855.4594;True,Utility,TOWTRUCK,4,03462,1;;;
Franklin;16:51:51;15:38:25;233.4541,-856.0717,-856.0717;True,Utility,TOWTRUCK,5,7219,1;;;
Franklin;16:52:07;15:38:26;236.7585,-856.6545,-856.6545;True,Utility,TOWTRUCK,7,400277,1;;;
Franklin;16:52:22;15:38:26;240.9779,-857.3953,-857.3953;True,Utility,TOWTRUCK,8,913311,0;;;
Franklin;16:52:38;15:38:27;245.0016,-858.0341,-858.0341;True,Utility,TOWTRUCK,6,863698,0;Man, this was not how I saw my day going.;Franklin;TOW_ENAB
Franklin;16:52:53;15:38:27;248.185,-858.5456,-858.5456;True,Utility,TOWTRUCK,6,333791,1;;;
Franklin;16:53:09;15:38:28;251.8207,-859.4185,-859.4185;True,Utility,TOWTRUCK,8,229911,1;;;
Franklin;16:53:25;15:38:28;256.3562,-860.8024,-860.8024;True,Utility,TOWTRUCK,9,921507,1;;;
Franklin;16:53:40;15:38:29;261.5685,-862.9706,-862.9706;True,Utility,TOWTRUCK,11,54881,1;;;
Franklin;16:53:56;15:38:29;266.0803,-866.635,-866.635;True,Utility,TOWTRUCK,10,28738,0;;;
Franklin;16:54:12;15:38:30;269.3085,-870.1973,-870.1973;True,Utility,TOWTRUCK,8,433881,0;;;
Franklin;16:54:27;15:38:30;270.251,-873.545,-873.545;True,Utility,TOWTRUCK,5,521099,0;;;
Franklin;16:54:43;15:38:31;269.9835,-876.3551,-876.3551;True,Utility,TOWTRUCK,5,048749,0;;;
Franklin;16:54:58;15:38:31;269.5726,-879.28,-879.28;True,Utility,TOWTRUCK,6,234829,1;;;
Franklin;16:55:14;15:38:32;268.2925,-882.5117,-882.5117;True,Utility,TOWTRUCK,6,588219,0;;;
Franklin;16:55:30;15:38:32;266.9502,-885.5497,-885.5497;True,Utility,TOWTRUCK,6,92424,1;;;
Franklin;16:55:45;15:38:33;265.6134,-889.459,-889.459;True,Utility,TOWTRUCK,8,881881,1;;;
Franklin;16:56:01;15:38:33;264.1925,-894.0769,-894.0769;True,Utility,TOWTRUCK,8,833554,0;;;
Franklin;16:56:16;15:38:34;262.6746,-897.8943,-897.8943;True,Utility,TOWTRUCK,7,654379,1;;;
Franklin;16:56:32;15:38:34;261.4553,-901.7977,-901.7977;True,Utility,TOWTRUCK,8,256531,1;;;
Franklin;16:56:47;15:38:35;259.9746,-906.0339,-906.0339;True,Utility,TOWTRUCK,8,881157,1;;;
Franklin;16:57:03;15:38:36;258.4065,-910.5906,-910.5906;True,Utility,TOWTRUCK,9,490909,1;;;
Franklin;16:57:19;15:38:36;256.7258,-915.4912,-915.4912;True,Utility,TOWTRUCK,10,33309,1;;;
Franklin;16:57:34;15:38:37;254.8441,-920.6724,-920.6724;True,Utility,TOWTRUCK,11,16879,1;;;
Franklin;16:57:50;15:38:37;252.7394,-926.2411,-926.2411;True,Utility,TOWTRUCK,11,81683,1;;;
Franklin;16:58:05;15:38:38;250.5141,-932.0685,-932.0685;True,Utility,TOWTRUCK,12,44198,1;;;
Franklin;16:58:21;15:38:38;248.1119,-938.2908,-938.2908;True,Utility,TOWTRUCK,13,26653,1;;;
Franklin;16:58:36;15:38:39;245.5953,-944.8886,-944.8886;True,Utility,TOWTRUCK,13,98544,1;;;
Franklin;16:58:52;15:38:39;242.9911,-951.8152,-951.8152;True,Utility,TOWTRUCK,14,62212,1;;;
Franklin;16:59:07;15:38:40;240.3307,-959.0288,-959.0288;True,Utility,TOWTRUCK,15,30902,1;So I ain't seen you around the hood much?;Tonya;TOW_EOAA
Franklin;16:59:23;15:38:40;237.5676,-966.6735,-966.6735;True,Utility,TOWTRUCK,15,93665,1;;;
Franklin;16:59:38;15:38:41;234.7387,-974.6938,-974.6938;True,Utility,TOWTRUCK,16,84506,1;;;
Franklin;16:59:54;15:38:41;231.9427,-983.0627,-983.0627;True,Utility,TOWTRUCK,17,43431,1;;;
Franklin;17:00:09;15:38:42;229.1552,-991.913,-991.913;True,Utility,TOWTRUCK,18,03516,1;;;
Franklin;17:00:25;15:38:42;226.4443,-1000.874,-1000.874;True,Utility,TOWTRUCK,17,39797,0;I been tryin' to branch out, can't stay in Chamberlain Hills forever.;Franklin;TOW_EOAB
Franklin;17:00:40;15:38:43;223.8651,-1008.116,-1008.116;True,Utility,TOWTRUCK,12,24192,0;;;
Franklin;17:00:56;15:38:43;222.0767,-1012.504,-1012.504;True,Utility,TOWTRUCK,6,123336,0;;;
Franklin;17:01:12;15:38:44;221.5186,-1013.825,-1013.825;True,Utility,TOWTRUCK,0,6873902,-1;;;
Franklin;17:01:27;15:38:44;221.5106,-1013.751,-1013.751;True,Utility,TOWTRUCK,0,3104618,0;;;
Franklin;17:01:43;15:38:45;221.5152,-1013.749,-1013.749;True,Utility,TOWTRUCK,0,004808024,0;;;
Franklin;17:01:58;15:38:45;221.5149,-1013.749,-1013.749;True,Utility,TOWTRUCK,0,0;;;
Franklin;17:02:14;15:38:46;221.5149,-1013.749,-1013.749;True,Utility,TOWTRUCK,0,0;Ooh, nigga got airs now.;Tonya;TOW_EOAC
Franklin;17:02:30;15:38:46;221.5149,-1013.749,-1013.749;True,Utility,TOWTRUCK,0,0;;;
Franklin;17:02:45;15:38:47;221.5149,-1013.749,-1013.749;True,Utility,TOWTRUCK,0,0;;;
Franklin;17:03:00;15:38:47;221.5149,-1013.749,-1013.749;True,Utility,TOWTRUCK,0,0;;;
Franklin;17:03:16;15:38:48;221.5149,-1013.749,-1013.749;True,Utility,TOWTRUCK,0,0;;;
Franklin;17:03:31;15:38:48;221.5149,-1013.749,-1013.749;True,Utility,TOWTRUCK,0,0;;;
Franklin;17:03:47;15:38:49;221.5149,-1013.749,-1013.749;True,Utility,TOWTRUCK,0,0;I remember you before you was a wannabe, when you just was.;Tonya;TOW_EOAH
Franklin;17:04:03;15:38:49;221.5149,-1013.749,-1013.749;True,Utility,TOWTRUCK,0,0;;;
Franklin;17:04:19;15:38:50;221.5149,-1013.749,-1013.749;True,Utility,TOWTRUCK,0,0;;;
Franklin;17:04:34;15:38:51;221.5149,-1013.749,-1013.749;True,Utility,TOWTRUCK,0,0;;;
Franklin;17:04:50;15:38:51;221.5149,-1013.749,-1013.749;True,Utility,TOWTRUCK,0,0;;;
Franklin;17:05:05;15:38:52;221.5149,-1013.749,-1013.749;True,Utility,TOWTRUCK,0,0;;;
Franklin;17:05:21;15:38:52;221.5149,-1013.749,-1013.749;True,Utility,TOWTRUCK,0,0;;;
Franklin;17:05:37;15:38:53;221.5149,-1013.749,-1013.749;True,Utility,TOWTRUCK,0,0;And I remember you and JB before y'all was dope heads. Shit changes.;Franklin;TOW_EOAD
Franklin;17:05:52;15:38:53;221.5149,-1013.749,-1013.749;True,Utility,TOWTRUCK,0,0;;;
Franklin;17:06:08;15:38:54;221.5149,-1013.749,-1013.749;True,Utility,TOWTRUCK,0,0;;;
Franklin;17:06:23;15:38:54;221.5149,-1013.749,-1013.749;True,Utility,TOWTRUCK,0,0;;;
Franklin;17:06:39;15:38:55;221.5149,-1013.749,-1013.749;True,Utility,TOWTRUCK,0,0;;;
Franklin;17:06:55;15:38:55;221.5149,-1013.749,-1013.749;True,Utility,TOWTRUCK,0,0;;;
Franklin;17:07:10;15:38:56;221.5149,-1013.749,-1013.749;True,Utility,TOWTRUCK,0,0;;;
Franklin;17:07:26;15:38:56;221.5149,-1013.749,-1013.749;True,Utility,TOWTRUCK,0,0;;;
Franklin;17:07:41;15:38:57;221.5149,-1013.749,-1013.749;True,Utility,TOWTRUCK,0,0;;;
Franklin;17:07:57;15:38:57;221.5149,-1013.749,-1013.749;True,Utility,TOWTRUCK,0,0;You the one all turfed up. JB smokin', but he ain't smokin' homies.;Tonya;TOW_EOAE
Franklin;17:08:12;15:38:58;221.5149,-1013.749,-1013.749;True,Utility,TOWTRUCK,0,0;;;
Franklin;17:08:28;15:38:58;221.5149,-1013.749,-1013.749;True,Utility,TOWTRUCK,0,0;;;
Franklin;17:08:43;15:38:59;221.5149,-1013.749,-1013.749;True,Utility,TOWTRUCK,0,0;;;
Franklin;17:08:59;15:38:59;221.5149,-1013.749,-1013.749;True,Utility,TOWTRUCK,0,0;;;
Franklin;17:09:14;15:39:00;221.5149,-1013.749,-1013.749;True,Utility,TOWTRUCK,0,0;;;
Franklin;17:09:30;15:39:00;221.5149,-1013.749,-1013.749;True,Utility,TOWTRUCK,0,0;;;
Franklin;17:09:45;15:39:01;221.5149,-1013.749,-1013.749;True,Utility,TOWTRUCK,0,0;;;
Franklin;17:10:01;15:39:01;221.5149,-1013.749,-1013.749;True,Utility,TOWTRUCK,0,0;He out here grindin', towin' cars, payin' bills.;Tonya;TOW_EOAI
Franklin;17:10:16;15:39:02;221.5149,-1013.749,-1013.749;True,Utility,TOWTRUCK,0,0;;;
Franklin;17:10:32;15:39:02;221.5149,-1013.749,-1013.749;True,Utility,TOWTRUCK,0,0;;;
Franklin;17:10:47;15:39:03;221.5149,-1013.749,-1013.749;True,Utility,TOWTRUCK,0,0;;;
Franklin;17:11:03;15:39:03;221.5149,-1013.749,-1013.749;True,Utility,TOWTRUCK,0,0;;;
Franklin;17:11:18;15:39:04;221.5149,-1013.749,-1013.749;True,Utility,TOWTRUCK,0,0;;;
Franklin;17:11:34;15:39:05;221.5149,-1013.749,-1013.749;True,Utility,TOWTRUCK,0,0;;;
Franklin;17:11:50;15:39:05;221.5149,-1013.749,-1013.749;True,Utility,TOWTRUCK,0,0;;;
Franklin;17:12:05;15:39:06;221.5149,-1013.749,-1013.749;True,Utility,TOWTRUCK,0,0;For real? 'Cause I could have sworn it was me out here towin' cars for him.;Franklin;TOW_EOAF
Franklin;17:12:21;15:39:06;221.5149,-1013.749,-1013.749;True,Utility,TOWTRUCK,0,0;;;
Franklin;17:12:36;15:39:07;221.5149,-1013.749,-1013.749;True,Utility,TOWTRUCK,0,0;;;
Franklin;17:12:52;15:39:07;221.5149,-1013.749,-1013.749;True,Utility,TOWTRUCK,0,0;;;
Franklin;17:13:07;15:39:08;221.5149,-1013.749,-1013.749;True,Utility,TOWTRUCK,0,0;;;
Franklin;17:13:22;15:39:08;221.5149,-1013.749,-1013.749;True,Utility,TOWTRUCK,0,0;;;
Franklin;17:13:38;15:39:09;221.5149,-1013.749,-1013.749;True,Utility,TOWTRUCK,0,0;;;
Franklin;17:13:54;15:39:09;221.5149,-1013.749,-1013.749;True,Utility,TOWTRUCK,0,0;;;
Franklin;17:14:09;15:39:10;221.5149,-1013.749,-1013.749;True,Utility,TOWTRUCK,0,0;;;
Franklin;17:14:25;15:39:10;221.5149,-1013.749,-1013.749;True,Utility,TOWTRUCK,0,0;And lookin' damn fine doin' it too, baby.;Tonya;TOW_EOAG
Franklin;17:14:40;15:39:11;221.5149,-1013.749,-1013.749;True,Utility,TOWTRUCK,0,0;;;
Franklin;17:14:56;15:39:11;221.5149,-1013.749,-1013.749;True,Utility,TOWTRUCK,0,0;;;
Franklin;17:15:12;15:39:12;221.5149,-1013.749,-1013.749;True,Utility,TOWTRUCK,0,0;;;
Franklin;17:15:27;15:39:12;221.5149,-1013.749,-1013.749;True,Utility,TOWTRUCK,0,0;;;
Franklin;17:15:42;15:39:13;221.5149,-1013.749,-1013.749;True,Utility,TOWTRUCK,0,0;;;
Franklin;17:15:58;15:39:13;221.5149,-1013.749,-1013.749;True,Utility,TOWTRUCK,0,0;;;
Franklin;17:16:14;15:39:14;221.5149,-1013.749,-1013.749;True,Utility,TOWTRUCK,0,0;;;
Franklin;17:16:30;15:39:14;221.5149,-1013.749,-1013.749;True,Utility,TOWTRUCK,0,0;;;
Franklin;17:16:45;15:39:15;221.5149,-1013.749,-1013.749;True,Utility,TOWTRUCK,0,0;;;
Franklin;17:17:01;15:39:15;221.5149,-1013.749,-1013.749;True,Utility,TOWTRUCK,0,0;;;
Franklin;17:17:16;15:39:16;221.5149,-1013.749,-1013.749;True,Utility,TOWTRUCK,0,0;;;
Franklin;17:17:32;15:39:16;221.5149,-1013.749,-1013.749;True,Utility,TOWTRUCK,0,0;;;
Franklin;17:17:47;15:39:17;221.5149,-1013.749,-1013.749;True,Utility,TOWTRUCK,0,0;;;
Franklin;17:18:03;15:39:17;221.5149,-1013.749,-1013.749;True,Utility,TOWTRUCK,0,0;;;
Franklin;17:18:18;15:39:18;221.5149,-1013.749,-1013.749;True,Utility,TOWTRUCK,0,0;;;
Franklin;17:18:34;15:39:19;221.5149,-1013.749,-1013.749;True,Utility,TOWTRUCK,0,0;;;
Franklin;17:18:49;15:39:19;221.5149,-1013.749,-1013.749;True,Utility,TOWTRUCK,0,0;;;
Franklin;17:19:05;15:39:20;221.5149,-1013.749,-1013.749;True,Utility,TOWTRUCK,0,0;;;
Franklin;17:19:20;15:39:20;221.5149,-1013.749,-1013.749;True,Utility,TOWTRUCK,0,0;;;
Franklin;17:19:36;15:39:21;221.5149,-1013.749,-1013.749;True,Utility,TOWTRUCK,0,0;;;
Franklin;17:19:51;15:39:21;221.5149,-1013.749,-1013.749;True,Utility,TOWTRUCK,0,0;;;
Franklin;17:20:07;15:39:22;221.5149,-1013.749,-1013.749;True,Utility,TOWTRUCK,0,0;;;
Franklin;17:20:22;15:39:22;221.5149,-1013.749,-1013.749;True,Utility,TOWTRUCK,0,0;;;
Franklin;17:20:38;15:39:23;221.5149,-1013.749,-1013.749;True,Utility,TOWTRUCK,0,0;;;
Franklin;17:20:53;15:39:23;221.5149,-1013.749,-1013.749;True,Utility,TOWTRUCK,0,0;;;
Franklin;17:21:09;15:39:24;221.5149,-1013.749,-1013.749;True,Utility,TOWTRUCK,0,0;;;
Franklin;17:21:18;15:39:39;221.5149,-1013.749,-1013.749;True,Utility,TOWTRUCK,0,0;;;
Franklin;17:21:33;15:39:40;221.5149,-1013.749,-1013.749;True,Utility,TOWTRUCK,0,0;;;
Franklin;17:21:49;15:39:40;221.5149,-1013.75,-1013.75;True,Utility,TOWTRUCK,0,0297909,1;;;
Franklin;17:22:04;15:39:41;221.3501,-1014.114,-1014.114;True,Utility,TOWTRUCK,1,955,1;;;
Franklin;17:22:20;15:39:41;220.6903,-1015.496,-1015.496;True,Utility,TOWTRUCK,3,39031,1;;;
Franklin;17:22:35;15:39:42;220.4062,-1016.177,-1016.177;True,Utility,TOWTRUCK,0,08837528,0;;;
Franklin;17:22:50;15:39:42;220.3751,-1016.275,-1016.275;True,Utility,TOWTRUCK,0,9423164,1;;;
Franklin;17:23:06;15:39:43;219.858,-1017.341,-1017.341;True,Utility,TOWTRUCK,3,056793,1;;;
Franklin;17:23:22;15:39:43;219.0628,-1019.084,-1019.084;True,Utility,TOWTRUCK,4,420428,1;;;
Franklin;17:23:37;15:39:44;217.9614,-1021.554,-1021.554;True,Utility,TOWTRUCK,5,976428,1;;;
Franklin;17:23:53;15:39:44;216.5525,-1024.759,-1024.759;True,Utility,TOWTRUCK,7,51972,1;;;
Franklin;17:24:09;15:39:45;214.8189,-1028.734,-1028.734;True,Utility,TOWTRUCK,9,300331,1;;;
Franklin;17:24:24;15:39:45;212.7648,-1033.597,-1033.597;True,Utility,TOWTRUCK,10,95311,1;;;
Franklin;17:24:40;15:39:46;210.7146,-1039.363,-1039.363;True,Utility,TOWTRUCK,12,59806,1;;;
Franklin;17:24:55;15:39:46;208.6528,-1045.9,-1045.9;True,Utility,TOWTRUCK,13,98479,1;;;
Franklin;17:25:10;15:39:47;206.6655,-1053.213,-1053.213;True,Utility,TOWTRUCK,14,77417,0;;;
Franklin;17:25:26;15:39:47;205.0055,-1060.042,-1060.042;True,Utility,TOWTRUCK,12,65091,0;;;
Franklin;17:25:42;15:39:48;203.8512,-1066.296,-1066.296;True,Utility,TOWTRUCK,11,31939,0;;;
Franklin;17:25:57;15:39:49;203.2128,-1071.521,-1071.521;True,Utility,TOWTRUCK,9,126842,0;;;
Franklin;17:26:13;15:39:49;202.8561,-1075.657,-1075.657;True,Utility,TOWTRUCK,6,995871,0;;;
Franklin;17:26:28;15:39:50;202.6093,-1079.383,-1079.383;True,Utility,TOWTRUCK,7,699008,1;;;
Franklin;17:26:44;15:39:50;202.3325,-1083.741,-1083.741;True,Utility,TOWTRUCK,9,25143,1;;;
Franklin;17:26:59;15:39:51;201.9878,-1088.912,-1088.912;True,Utility,TOWTRUCK,10,77402,1;;;
Franklin;17:27:15;15:39:51;201.5647,-1095.343,-1095.343;True,Utility,TOWTRUCK,12,90913,1;;;
Franklin;17:27:30;15:39:52;200.7989,-1101.632,-1101.632;True,Utility,TOWTRUCK,11,17457,1;;;
Franklin;17:27:46;15:39:52;199.4666,-1107.358,-1107.358;True,Utility,TOWTRUCK,11,71323,1;;;
Franklin;17:28:01;15:39:53;197.354,-1113.35,-1113.35;True,Utility,TOWTRUCK,12,63212,1;;;
Franklin;17:28:17;15:39:53;194.3426,-1119.372,-1119.372;True,Utility,TOWTRUCK,12,56976,0;;;
Franklin;17:28:33;15:39:54;190.112,-1123.408,-1123.408;True,Utility,TOWTRUCK,11,00212,1;;;
Franklin;17:28:48;15:39:54;185.0341,-1125.353,-1125.353;True,Utility,TOWTRUCK,10,12876,1;;;
Franklin;17:29:04;15:39:55;180.2624,-1126.672,-1126.672;True,Utility,TOWTRUCK,9,015836,1;;;
Franklin;17:29:19;15:39:55;175.6121,-1126.757,-1126.757;True,Utility,TOWTRUCK,9,374033,1;;;
Franklin;17:29:35;15:39:56;170.5323,-1126.277,-1126.277;True,Utility,TOWTRUCK,10,18306,1;;;
Franklin;17:29:50;15:39:56;165.1663,-1125.997,-1125.997;True,Utility,TOWTRUCK,10,78677,1;;;
Franklin;17:30:06;15:39:57;159.2874,-1125.887,-1125.887;True,Utility,TOWTRUCK,11,84204,1;;;
Franklin;17:30:21;15:39:57;152.8876,-1125.941,-1125.941;True,Utility,TOWTRUCK,12,83118,1;;;
Franklin;17:30:37;15:39:58;145.9962,-1126.029,-1126.029;True,Utility,TOWTRUCK,13,89746,1;;;
Franklin;17:30:52;15:39:58;138.5495,-1126.002,-1126.002;True,Utility,TOWTRUCK,14,71323,1;;;
Franklin;17:31:08;15:39:59;130.6592,-1125.851,-1125.851;True,Utility,TOWTRUCK,15,54814,1;;;
Franklin;17:31:24;15:39:59;122.3051,-1125.565,-1125.565;True,Utility,TOWTRUCK,16,60958,1;;;
Franklin;17:31:39;15:40:00;113.4047,-1125.074,-1125.074;True,Utility,TOWTRUCK,17,46453,1;;;
Franklin;17:31:55;15:40:00;104.1766,-1124.383,-1124.383;True,Utility,TOWTRUCK,18,19929,1;;;
Franklin;17:32:10;15:40:01;94.72301,-1123.833,-1123.833;True,Utility,TOWTRUCK,18,73368,1;;;
Franklin;17:32:26;15:40:01;85.24545,-1123.849,-1123.849;True,Utility,TOWTRUCK,17,17189,0;;;
Franklin;17:32:42;15:40:02;76.47593,-1124.451,-1124.451;True,Utility,TOWTRUCK,17,01687,1;;;
Franklin;17:32:57;15:40:03;69.18047,-1125.643,-1125.643;True,Utility,TOWTRUCK,13,91748,1;;;
Franklin;17:33:13;15:40:03;61.83076,-1126.978,-1126.978;True,Utility,TOWTRUCK,14,60157,1;;;
Franklin;17:33:29;15:40:04;54.19035,-1128.411,-1128.411;True,Utility,TOWTRUCK,15,25551,1;;;
Franklin;17:33:44;15:40:04;46.20832,-1129.872,-1129.872;True,Utility,TOWTRUCK,15,96993,1;;;
Franklin;17:34:00;15:40:05;37.97574,-1131.323,-1131.323;True,Utility,TOWTRUCK,16,47938,1;;;
Franklin;17:34:15;15:40:05;29.37597,-1132.533,-1132.533;True,Utility,TOWTRUCK,16,94349,1;;;
Franklin;17:34:31;15:40:06;20.39091,-1132.827,-1132.827;True,Utility,TOWTRUCK,17,83596,1;;;
Franklin;17:34:46;15:40:06;10.94118,-1132.01,-1132.01;True,Utility,TOWTRUCK,18,69761,1;;;
Franklin;17:35:02;15:40:07;1.297377,-1131.068,-1131.068;True,Utility,TOWTRUCK,19,04408,1;;;
Franklin;17:35:18;15:40:07;-8.241358,-1130.813,-1130.813;True,Utility,TOWTRUCK,17,57564,1;;;
Franklin;17:35:33;15:40:08;-17.46592,-1130.954,-1130.954;True,Utility,TOWTRUCK,18,31164,1;;;
Franklin;17:35:49;15:40:08;-27.25326,-1130.89,-1130.89;True,Utility,TOWTRUCK,19,11563,1;;;
Franklin;17:36:04;15:40:09;-37.43182,-1130.652,-1130.652;True,Utility,TOWTRUCK,19,8077,1;;;
Franklin;17:36:20;15:40:09;-47.74642,-1130.581,-1130.581;True,Utility,TOWTRUCK,20,30658,1;;;
Franklin;17:36:36;15:40:10;-58.49477,-1131.05,-1131.05;True,Utility,TOWTRUCK,20,68072,1;;;
Franklin;17:36:51;15:40:10;-69.25681,-1132.65,-1132.65;True,Utility,TOWTRUCK,20,73448,1;;;
Franklin;17:37:07;15:40:11;-79.78593,-1135.359,-1135.359;True,Utility,TOWTRUCK,20,9808,1;;;
Franklin;17:37:22;15:40:11;-90.06049,-1138.823,-1138.823;True,Utility,TOWTRUCK,21,02996,1;;;
Franklin;17:37:38;15:40:12;-99.26722,-1143.932,-1143.932;True,Utility,TOWTRUCK,19,48005,0;;;
Franklin;17:37:53;15:40:12;-105.8456,-1150.698,-1150.698;True,Utility,TOWTRUCK,16,92325,1;;;
Franklin;17:38:09;15:40:13;-109.5503,-1157.718,-1157.718;True,Utility,TOWTRUCK,13,52622,1;;;
Franklin;17:38:25;15:40:13;-111.3767,-1163.571,-1163.571;True,Utility,TOWTRUCK,9,830965,1;;;
Franklin;17:38:40;15:40:14;-111.2665,-1167.528,-1167.528;True,Utility,TOWTRUCK,5,529431,1;;;
Franklin;17:38:56;15:40:14;-110.2474,-1169.185,-1169.185;True,Utility,TOWTRUCK,3,328676,1;;;
Franklin;17:39:11;15:40:15;-108.4231,-1170.037,-1170.037;True,Utility,TOWTRUCK,4,409273,1;;;
Franklin;17:39:27;15:40:16;-106.5369,-1171.299,-1171.299;True,Utility,TOWTRUCK,4,746292,1;;;
Franklin;17:39:43;15:40:16;-104.6749,-1173.275,-1173.275;True,Utility,TOWTRUCK,5,918672,1;;;
Franklin;17:39:58;15:40:17;-102.6132,-1175.868,-1175.868;True,Utility,TOWTRUCK,6,773535,1;;;
Franklin;17:40:14;15:40:17;-101.2453,-1179.371,-1179.371;True,Utility,TOWTRUCK,7,850827,1;;;
Franklin;17:40:30;15:40:18;-100.1761,-1183.582,-1183.582;True,Utility,TOWTRUCK,8,82312,1;;;
Franklin;17:40:45;15:40:18;-100.3464,-1188.532,-1188.532;True,Utility,TOWTRUCK,11,3963,1;;;
Franklin;17:41:01;15:40:19;-101.9033,-1194.652,-1194.652;True,Utility,TOWTRUCK,12,33577,1;;;
Franklin;17:41:16;15:40:19;-103.5552,-1200.615,-1200.615;True,Utility,TOWTRUCK,11,99257,1;;;
Franklin;17:41:32;15:40:20;-105.2701,-1207.076,-1207.076;True,Utility,TOWTRUCK,12,8983,0;;;
Franklin;17:41:48;15:40:20;-106.9287,-1213.17,-1213.17;True,Utility,TOWTRUCK,12,31147,1;;;
Franklin;17:42:03;15:40:21;-108.5224,-1219.582,-1219.582;True,Utility,TOWTRUCK,13,12406,1;;;
Franklin;17:42:19;15:40:21;-109.6151,-1226.578,-1226.578;True,Utility,TOWTRUCK,13,91983,1;;;
Franklin;17:42:34;15:40:22;-110.0752,-1234.056,-1234.056;True,Utility,TOWTRUCK,14,96101,1;;;
Franklin;17:42:50;15:40:22;-110.1161,-1241.928,-1241.928;True,Utility,TOWTRUCK,15,6548,1;;;
Franklin;17:43:05;15:40:23;-110.062,-1250.191,-1250.191;True,Utility,TOWTRUCK,16,12131,1;;;
Franklin;17:43:21;15:40:23;-110.0346,-1258.744,-1258.744;True,Utility,TOWTRUCK,16,95321,1;;;
Franklin;17:43:36;15:40:24;-110.0206,-1267.672,-1267.672;True,Utility,TOWTRUCK,17,46069,1;;;
Franklin;17:43:52;15:40:24;-110.0241,-1276.8,-1276.8;True,Utility,TOWTRUCK,17,98214,1;;;
Franklin;17:44:07;15:40:25;-110.3974,-1286.397,-1286.397;True,Utility,TOWTRUCK,19,26118,1;;;
Franklin;17:44:23;15:40:25;-110.3552,-1296.255,-1296.255;True,Utility,TOWTRUCK,18,79081,1;;;
Franklin;17:44:39;15:40:26;-108.6756,-1305.761,-1305.761;True,Utility,TOWTRUCK,18,74905,1;;;
Franklin;17:44:54;15:40:26;-107.9239,-1314.779,-1314.779;True,Utility,TOWTRUCK,16,66333,1;;;
Franklin;17:45:10;15:40:27;-109.0234,-1323.328,-1323.328;True,Utility,TOWTRUCK,16,5931,1;;;
Franklin;17:45:25;15:40:27;-111.5357,-1331.627,-1331.627;True,Utility,TOWTRUCK,16,91584,1;;;
Franklin;17:45:41;15:40:28;-114.6389,-1339.962,-1339.962;True,Utility,TOWTRUCK,17,64413,1;;;
Franklin;17:45:56;15:40:29;-118.4986,-1348.408,-1348.408;True,Utility,TOWTRUCK,17,91866,1;;;
Franklin;17:46:12;15:40:29;-123.447,-1356.395,-1356.395;True,Utility,TOWTRUCK,18,12298,1;;;
Franklin;17:46:27;15:40:30;-129.5988,-1363.417,-1363.417;True,Utility,TOWTRUCK,18,22005,1;;;
Franklin;17:46:43;15:40:30;-136.5333,-1369.981,-1369.981;True,Utility,TOWTRUCK,17,99369,0;;;
Franklin;17:46:59;15:40:31;-143.3114,-1376.39,-1376.39;True,Utility,TOWTRUCK,18,28438,1;;;
Franklin;17:47:14;15:40:31;-149.1752,-1383.858,-1383.858;True,Utility,TOWTRUCK,18,16461,0;;;
Franklin;17:47:30;15:40:32;-152.6138,-1391.744,-1391.744;True,Utility,TOWTRUCK,15,50839,0;;;
Franklin;17:47:45;15:40:32;-153.2271,-1399.236,-1399.236;True,Utility,TOWTRUCK,13,87249,1;;;
Franklin;17:48:01;15:40:33;-152.0393,-1405.872,-1405.872;True,Utility,TOWTRUCK,12,70895,1;;;
Franklin;17:48:16;15:40:33;-149.341,-1411.873,-1411.873;True,Utility,TOWTRUCK,13,28242,1;;;
Franklin;17:48:32;15:40:34;-146.2603,-1418.268,-1418.268;True,Utility,TOWTRUCK,12,99739,0;;;
Franklin;17:48:47;15:40:34;-143.8652,-1423.914,-1423.914;True,Utility,TOWTRUCK,10,62885,0;;;
Franklin;17:49:03;15:40:35;-142.7139,-1428.645,-1428.645;True,Utility,TOWTRUCK,8,773402,1;;;
Franklin;17:49:19;15:40:35;-142.812,-1432.778,-1432.778;True,Utility,TOWTRUCK,4,08314,1;;;
Franklin;17:49:34;15:40:36;-143.0521,-1434.271,-1434.271;True,Utility,TOWTRUCK,2,508941,1;;;
Franklin;17:49:50;15:40:36;-143.7206,-1435.26,-1435.26;True,Utility,TOWTRUCK,1,771391,1;;;
Franklin;17:50:06;15:40:37;-143.8287,-1435.436,-1435.436;True,Utility,TOWTRUCK,0,1668313,1;;;
Franklin;17:50:21;15:40:37;-143.8206,-1435.408,-1435.408;True,Utility,TOWTRUCK,0,009775627,1;;;
Franklin;17:50:37;15:40:38;-143.797,-1435.364,-1435.364;True,Utility,TOWTRUCK,0,4372602,-1;;;
Franklin;17:50:52;15:40:38;-143.6357,-1435.144,-1435.144;True,Utility,TOWTRUCK,0,09959616,1;;;
Franklin;17:51:08;15:40:39;-143.7868,-1435.415,-1435.415;True,Utility,TOWTRUCK,1,026177,1;;;
Franklin;17:51:24;15:40:39;-144.0625,-1435.946,-1435.946;True,Utility,TOWTRUCK,1,914777,1;;;
Franklin;17:51:39;15:40:40;-144.9355,-1436.976,-1436.976;True,Utility,TOWTRUCK,3,014089,1;;;
Franklin;17:51:55;15:40:40;-146.2001,-1438.311,-1438.311;True,Utility,TOWTRUCK,4,018201,1;;;
Franklin;17:52:10;15:40:41;-147.8815,-1439.956,-1439.956;True,Utility,TOWTRUCK,4,980562,1;;;
Franklin;17:52:26;15:40:41;-149.9509,-1442.277,-1442.277;True,Utility,TOWTRUCK,7,210724,1;;;
Franklin;17:52:41;15:40:42;-152.4154,-1445.403,-1445.403;True,Utility,TOWTRUCK,6,913657,1;;;
Franklin;17:52:57;15:40:43;-154.6944,-1448.376,-1448.376;True,Utility,TOWTRUCK,8,122718,1;;;
Franklin;17:53:13;15:40:43;-157.9528,-1452.006,-1452.006;True,Utility,TOWTRUCK,10,37999,1;;;
Franklin;17:53:28;15:40:44;-160.3029,-1455.906,-1455.906;True,Utility,TOWTRUCK,7,471739,1;;;
Franklin;17:53:44;15:40:44;-163.0634,-1459.152,-1459.152;True,Utility,TOWTRUCK,9,364117,1;;;
Franklin;17:53:59;15:40:45;-166.468,-1463.157,-1463.157;True,Utility,TOWTRUCK,10,46918,0;;;
Franklin;17:54:15;15:40:45;-169.5653,-1466.996,-1466.996;True,Utility,TOWTRUCK,8,861467,1;;;
Franklin;17:54:31;15:40:46;-171.7281,-1471.212,-1471.212;True,Utility,TOWTRUCK,9,814784,1;;;
Franklin;17:54:46;15:40:46;-173.0279,-1476.381,-1476.381;True,Utility,TOWTRUCK,10,86875,1;;;
Franklin;17:55:02;15:40:47;-172.7509,-1482.249,-1482.249;True,Utility,TOWTRUCK,12,06984,1;;;
Franklin;17:55:17;15:40:47;-171.3866,-1488.639,-1488.639;True,Utility,TOWTRUCK,12,98689,1;;;
Franklin;17:55:33;15:40:48;-169.565,-1495.295,-1495.295;True,Utility,TOWTRUCK,13,75317,1;;;
Franklin;17:55:48;15:40:48;-166.5921,-1501.899,-1501.899;True,Utility,TOWTRUCK,14,22095,1;;;
Franklin;17:56:04;15:40:49;-161.8357,-1507.521,-1507.521;True,Utility,TOWTRUCK,14,12184,1;;;
Franklin;17:56:20;15:40:49;-156.009,-1511.855,-1511.855;True,Utility,TOWTRUCK,14,05636,1;;;
Franklin;17:56:35;15:40:50;-150.2091,-1516.521,-1516.521;True,Utility,TOWTRUCK,14,68347,1;;;
Franklin;17:56:51;15:40:50;-144.9908,-1521.846,-1521.846;True,Utility,TOWTRUCK,13,53293,0;;;
Franklin;17:57:06;15:40:51;-141.1696,-1527.411,-1527.411;True,Utility,TOWTRUCK,13,1406,1;;;
Franklin;17:57:22;15:40:51;-138.0345,-1533.559,-1533.559;True,Utility,TOWTRUCK,13,57842,1;;;
Franklin;17:57:37;15:40:52;-136.7519,-1540.379,-1540.379;True,Utility,TOWTRUCK,13,10601,1;;;
Franklin;17:57:53;15:40:52;-138.1709,-1546.686,-1546.686;True,Utility,TOWTRUCK,12,22881,1;;;
Franklin;17:58:08;15:40:53;-140.176,-1552.397,-1552.397;True,Utility,TOWTRUCK,11,36795,1;;;
Franklin;17:58:24;15:40:53;-143.3645,-1557.352,-1557.352;True,Utility,TOWTRUCK,11,61293,1;;;
Franklin;17:58:40;15:40:54;-147.2271,-1562.309,-1562.309;True,Utility,TOWTRUCK,12,6239,1;;;
Franklin;17:58:55;15:40:54;-151.6337,-1567.652,-1567.652;True,Utility,TOWTRUCK,14,19276,1;;;
Franklin;17:59:11;15:40:55;-156.7246,-1573.407,-1573.407;True,Utility,TOWTRUCK,15,10718,1;;;
Franklin;17:59:26;15:40:56;-162.356,-1579.062,-1579.062;True,Utility,TOWTRUCK,15,99971,1;;;
Franklin;17:59:42;15:40:56;-168.734,-1584.855,-1584.855;True,Utility,TOWTRUCK,17,14132,1;;;
Franklin;17:59:57;15:40:57;-174.9409,-1591.512,-1591.512;True,Utility,TOWTRUCK,17,71656,1;;;
Franklin;18:00:13;15:40:57;-179.5692,-1599.364,-1599.364;True,Utility,TOWTRUCK,18,1682,1;;;
Franklin;18:00:28;15:40:58;-182.9027,-1608.372,-1608.372;True,Utility,TOWTRUCK,18,77674,1;;;
Franklin;18:00:44;15:40:58;-184.7012,-1618.006,-1618.006;True,Utility,TOWTRUCK,18,90594,1;;;
Franklin;18:01:00;15:40:59;-185.0557,-1627.845,-1627.845;True,Utility,TOWTRUCK,18,20158,0;;;
Franklin;18:01:15;15:40:59;-184.8627,-1636.867,-1636.867;True,Utility,TOWTRUCK,17,70367,1;;;
Franklin;18:01:31;15:41:00;-184.4618,-1646.207,-1646.207;True,Utility,TOWTRUCK,18,22303,1;;;
Franklin;18:01:47;15:41:00;-183.9887,-1656.014,-1656.014;True,Utility,TOWTRUCK,18,66955,1;;;
Franklin;18:02:03;15:41:01;-183.6886,-1665.925,-1665.925;True,Utility,TOWTRUCK,18,9397,1;;;
Franklin;18:02:18;15:41:01;-183.2391,-1675.771,-1675.771;True,Utility,TOWTRUCK,18,34335,0;;;
Franklin;18:02:34;15:41:02;-180.6959,-1684.635,-1684.635;True,Utility,TOWTRUCK,17,42602,1;;;
Franklin;18:02:50;15:41:02;-175.6802,-1692.021,-1692.021;True,Utility,TOWTRUCK,16,7911,1;;;
Franklin;18:03:05;15:41:03;-169.8946,-1698.466,-1698.466;True,Utility,TOWTRUCK,16,72202,1;;;
Franklin;18:03:21;15:41:03;-163.8032,-1705.019,-1705.019;True,Utility,TOWTRUCK,17,56921,1;;;
Franklin;18:03:37;15:41:04;-156.8711,-1711.192,-1711.192;True,Utility,TOWTRUCK,17,87483,1;;;
Franklin;18:03:52;15:41:04;-148.9263,-1715.985,-1715.985;True,Utility,TOWTRUCK,17,18497,1;;;
Franklin;18:04:08;15:41:05;-140.7734,-1719.677,-1719.677;True,Utility,TOWTRUCK,17,83154,1;;;
Franklin;18:04:23;15:41:05;-133.4323,-1724.537,-1724.537;True,Utility,TOWTRUCK,15,71445,0;;;
Franklin;18:04:39;15:41:06;-127.7721,-1729.743,-1729.743;True,Utility,TOWTRUCK,14,54218,1;;;
Franklin;18:04:55;15:41:06;-122.3839,-1735.137,-1735.137;True,Utility,TOWTRUCK,14,43797,0;;;
Franklin;18:05:10;15:41:07;-116.8546,-1738.965,-1738.965;True,Utility,TOWTRUCK,11,90597,0;;;
Franklin;18:05:25;15:41:07;-111.6671,-1740.369,-1740.369;True,Utility,TOWTRUCK,9,545528,1;;;
Franklin;18:05:41;15:41:08;-106.5946,-1740.485,-1740.485;True,Utility,TOWTRUCK,10,0082,1;;;
Franklin;18:05:58;15:41:09;-100.9936,-1739.373,-1739.373;True,Utility,TOWTRUCK,10,77089,1;;;
Franklin;18:06:13;15:41:09;-95.54248,-1737.349,-1737.349;True,Utility,TOWTRUCK,11,54221,1;;;
Franklin;18:06:29;15:41:10;-89.63209,-1735.23,-1735.23;True,Utility,TOWTRUCK,12,4353,1;;;
Franklin;18:06:45;15:41:10;-83.32282,-1733.033,-1733.033;True,Utility,TOWTRUCK,13,37609,1;;;
Franklin;18:07:00;15:41:11;-76.54205,-1730.793,-1730.793;True,Utility,TOWTRUCK,14,17065,1;;;
Franklin;18:07:16;15:41:11;-69.36578,-1728.36,-1728.36;True,Utility,TOWTRUCK,14,94055,1;;;
Franklin;18:07:31;15:41:12;-61.86091,-1725.724,-1725.724;True,Utility,TOWTRUCK,15,58915,1;;;
Franklin;18:07:47;15:41:12;-54.17357,-1722.936,-1722.936;True,Utility,TOWTRUCK,16,1561,1;;;
Franklin;18:08:02;15:41:13;-45.98217,-1719.887,-1719.887;True,Utility,TOWTRUCK,17,64282,1;;;
Franklin;18:08:18;15:41:13;-37.18777,-1716.43,-1716.43;True,Utility,TOWTRUCK,18,38632,1;;;
Franklin;18:08:34;15:41:14;-28.24761,-1712.801,-1712.801;True,Utility,TOWTRUCK,18,68966,1;;;
Franklin;18:08:49;15:41:14;-19.20075,-1709.056,-1709.056;True,Utility,TOWTRUCK,18,95639,1;;;
Franklin;18:09:05;15:41:15;-9.953341,-1705.572,-1705.572;True,Utility,TOWTRUCK,18,35508,0;;;
Franklin;18:09:20;15:41:15;-1.346994,-1702.935,-1702.935;True,Utility,TOWTRUCK,17,46446,1;;;
Franklin;18:09:36;15:41:16;7.032313,-1699.998,-1699.998;True,Utility,TOWTRUCK,16,47375,0;;;
Franklin;18:09:51;15:41:16;14.27447,-1696.949,-1696.949;True,Utility,TOWTRUCK,14,5005,1;;;
Franklin;18:10:06;15:41:17;21.24633,-1694.023,-1694.023;True,Utility,TOWTRUCK,14,98352,1;;;
Franklin;18:10:22;15:41:17;28.06026,-1691.35,-1691.35;True,Utility,TOWTRUCK,13,825,1;;;
Franklin;18:10:38;15:41:18;35.20787,-1689.286,-1689.286;True,Utility,TOWTRUCK,14,53774,0;;;
Franklin;18:10:53;15:41:18;42.75633,-1687.956,-1687.956;True,Utility,TOWTRUCK,14,42171,0;;;
Franklin;18:11:09;15:41:19;49.64843,-1687.723,-1687.723;True,Utility,TOWTRUCK,11,91055,0;;;
Franklin;18:11:24;15:41:19;54.7149,-1689.418,-1689.418;True,Utility,TOWTRUCK,9,341553,1;;;
Franklin;18:11:40;15:41:20;58.80223,-1692.294,-1692.294;True,Utility,TOWTRUCK,9,909613,1;;;
Franklin;18:11:55;15:41:20;62.66576,-1695.872,-1695.872;True,Utility,TOWTRUCK,10,55888,1;;;
Franklin;18:12:11;15:41:21;67.02219,-1699.573,-1699.573;True,Utility,TOWTRUCK,11,37638,1;;;
Franklin;18:12:27;15:41:22;72.01246,-1703.271,-1703.271;True,Utility,TOWTRUCK,12,36994,1;;;
Franklin;18:12:42;15:41:22;77.13354,-1707.402,-1707.402;True,Utility,TOWTRUCK,13,2629,1;;;
Franklin;18:12:58;15:41:23;82.41185,-1712.182,-1712.182;True,Utility,TOWTRUCK,14,26013,1;;;
Franklin;18:13:13;15:41:23;87.93227,-1717.285,-1717.285;True,Utility,TOWTRUCK,15,10306,1;;;
Franklin;18:13:29;15:41:24;93.97346,-1722.562,-1722.562;True,Utility,TOWTRUCK,15,8475,1;;;
Franklin;18:13:44;15:41:24;100.182,-1728.178,-1728.178;True,Utility,TOWTRUCK,15,69435,0;;;
Franklin;18:14:00;15:41:25;105.7891,-1733.147,-1733.147;True,Utility,TOWTRUCK,14,019,1;;;
Franklin;18:14:15;15:41:25;111.1772,-1737.812,-1737.812;True,Utility,TOWTRUCK,13,10152,0;;;
Franklin;18:14:30;15:41:26;115.8723,-1741.856,-1741.856;True,Utility,TOWTRUCK,10,91162,0;;;
Franklin;18:14:46;15:41:26;119.93,-1745.375,-1745.375;True,Utility,TOWTRUCK,10,45986,1;;;
Franklin;18:15:02;15:41:27;124.2585,-1748.99,-1748.99;True,Utility,TOWTRUCK,11,43424,1;;;
Franklin;18:15:17;15:41:27;129.0879,-1752.698,-1752.698;True,Utility,TOWTRUCK,12,15456,1;;;
Franklin;18:15:33;15:41:28;134.327,-1756.555,-1756.555;True,Utility,TOWTRUCK,12,94553,1;;;
Franklin;18:15:48;15:41:28;139.9898,-1760.619,-1760.619;True,Utility,TOWTRUCK,13,02496,0;;;
Franklin;18:16:04;15:41:29;144.7715,-1764.564,-1764.564;True,Utility,TOWTRUCK,11,4653,1;;;
Franklin;18:16:19;15:41:29;148.8499,-1768.233,-1768.233;True,Utility,TOWTRUCK,9,562679,0;;;
Franklin;18:16:35;15:41:30;152.1809,-1771.899,-1771.899;True,Utility,TOWTRUCK,9,205849,0;;;
Franklin;18:16:51;15:41:30;154.1911,-1775.484,-1775.484;True,Utility,TOWTRUCK,6,709295,1;;;
Franklin;18:17:06;15:41:31;154.5541,-1778.898,-1778.898;True,Utility,TOWTRUCK,6,698014,1;;;
Franklin;18:17:22;15:41:31;155.0742,-1782.405,-1782.405;True,Utility,TOWTRUCK,7,066302,1;;;
Franklin;18:17:37;15:41:32;153.9373,-1786.169,-1786.169;True,Utility,TOWTRUCK,8,160204,1;;;
Franklin;18:17:53;15:41:32;151.4101,-1790.232,-1790.232;True,Utility,TOWTRUCK,10,3465,1;;;
Franklin;18:18:08;15:41:33;148.144,-1795.276,-1795.276;True,Utility,TOWTRUCK,12,3997,0;;;
Franklin;18:18:24;15:41:33;144.7613,-1800.094,-1800.094;True,Utility,TOWTRUCK,10,36145,0;;;
Franklin;18:18:39;15:41:34;141.6076,-1804.708,-1804.708;True,Utility,TOWTRUCK,11,27248,1;;;
Franklin;18:18:55;15:41:34;138.3325,-1809.665,-1809.665;True,Utility,TOWTRUCK,11,10324,0;;;
Franklin;18:19:10;15:41:35;135.4264,-1814.194,-1814.194;True,Utility,TOWTRUCK,9,878074,0;;;
Franklin;18:19:26;15:41:36;132.6153,-1818.012,-1818.012;True,Utility,TOWTRUCK,9,007536,1;;;
Franklin;18:19:41;15:41:36;129.2092,-1821.319,-1821.319;True,Utility,TOWTRUCK,9,743766,1;;;
Franklin;18:19:57;15:41:37;124.9841,-1824.642,-1824.642;True,Utility,TOWTRUCK,10,81643,1;;;
Franklin;18:20:13;15:41:37;120.8912,-1828.291,-1828.291;True,Utility,TOWTRUCK,10,1559,0;;;
Franklin;18:20:28;15:41:38;117.5218,-1832.325,-1832.325;True,Utility,TOWTRUCK,10,55819,1;;;
Franklin;18:20:44;15:41:38;114.8984,-1836.608,-1836.608;True,Utility,TOWTRUCK,8,76967,1;;;
Franklin;18:21:00;15:41:39;112.465,-1840.706,-1840.706;True,Utility,TOWTRUCK,9,879579,1;;;
Franklin;18:21:15;15:41:39;110.0928,-1845.643,-1845.643;True,Utility,TOWTRUCK,11,10005,1;;;
Franklin;18:21:31;15:41:40;108.0421,-1851.271,-1851.271;True,Utility,TOWTRUCK,11,61642,0;;;
Franklin;18:21:47;15:41:40;107.8447,-1856.772,-1856.772;True,Utility,TOWTRUCK,9,755196,0;;;
Franklin;18:22:02;15:41:41;109.7428,-1860.702,-1860.702;True,Utility,TOWTRUCK,7,886947,1;;;
Franklin;18:22:18;15:41:41;112.6531,-1863.469,-1863.469;True,Utility,TOWTRUCK,7,278762,1;;;
Franklin;18:22:34;15:41:42;115.7911,-1865.743,-1865.743;True,Utility,TOWTRUCK,7,650589,1;;;
Franklin;18:22:49;15:41:42;119.3565,-1867.942,-1867.942;True,Utility,TOWTRUCK,8,502392,1;;;
Franklin;18:23:05;15:41:43;122.9779,-1870.453,-1870.453;True,Utility,TOWTRUCK,7,696973,1;;;
Franklin;18:23:21;15:41:43;125.9836,-1873.432,-1873.432;True,Utility,TOWTRUCK,8,466375,1;;;
Franklin;18:23:36;15:41:44;129.4586,-1876.392,-1876.392;True,Utility,TOWTRUCK,9,162156,1;;;
Franklin;18:23:52;15:41:44;133.2722,-1879.041,-1879.041;True,Utility,TOWTRUCK,8,777796,1;;;
Franklin;18:24:07;15:41:45;137.3888,-1881.13,-1881.13;True,Utility,TOWTRUCK,8,696199,0;;;
Franklin;18:24:23;15:41:45;141.149,-1882.756,-1882.756;True,Utility,TOWTRUCK,7,741232,1;;;
Franklin;18:24:39;15:41:46;145.1174,-1884.31,-1884.31;True,Utility,TOWTRUCK,8,539609,1;;;
Franklin;18:24:54;15:41:46;149.414,-1885.978,-1885.978;True,Utility,TOWTRUCK,9,372311,1;;;
Franklin;18:25:10;15:41:47;154.1594,-1887.878,-1887.878;True,Utility,TOWTRUCK,10,25845,1;;;
Franklin;18:25:25;15:41:47;159.1,-1890.155,-1890.155;True,Utility,TOWTRUCK,10,83574,1;;;
Franklin;18:25:41;15:41:48;164.3076,-1892.909,-1892.909;True,Utility,TOWTRUCK,11,57531,1;;;
Franklin;18:25:56;15:41:49;169.6738,-1895.945,-1895.945;True,Utility,TOWTRUCK,12,37809,0;;;
Franklin;18:26:12;15:41:49;174.8537,-1898.678,-1898.678;True,Utility,TOWTRUCK,10,11858,0;;;
Franklin;18:26:28;15:41:50;179.5961,-1900.909,-1900.909;True,Utility,TOWTRUCK,10,28746,1;;;
Franklin;18:26:43;15:41:50;184.5215,-1903.089,-1903.089;True,Utility,TOWTRUCK,9,718915,0;;;
Franklin;18:26:59;15:41:51;188.3853,-1905.094,-1905.094;True,Utility,TOWTRUCK,7,24736,0;;;
Franklin;18:27:14;15:41:51;191.1023,-1906.934,-1906.934;True,Utility,TOWTRUCK,5,861131,0;;;
Franklin;18:27:30;15:41:52;193.3541,-1908.552,-1908.552;True,Utility,TOWTRUCK,4,555464,0;;;
Franklin;18:27:45;15:41:52;194.7332,-1909.612,-1909.612;True,Utility,TOWTRUCK,2,210786,0;;;
Franklin;18:28:01;15:41:53;195.0683,-1909.775,-1909.775;True,Utility,TOWTRUCK,0,05098118,0;;;
Franklin;18:28:17;15:41:53;195.0688,-1909.776,-1909.776;True,Utility,TOWTRUCK,0,01212706,0;;;
Franklin;18:28:32;15:41:54;195.0865,-1909.792,-1909.792;True,Utility,TOWTRUCK,0,03577709,1;;;
Franklin;18:28:48;15:41:54;195.0886,-1909.791,-1909.791;True,Utility,TOWTRUCK,0,004495915,0;;;
Franklin;18:29:03;15:41:55;195.0886,-1909.791,-1909.791;True,Utility,TOWTRUCK,0,0;;;
Franklin;18:29:19;15:41:55;195.0886,-1909.791,-1909.791;True,Utility,TOWTRUCK,0,0;;;
Franklin;18:29:34;15:41:56;195.0886,-1909.791,-1909.791;True,Utility,TOWTRUCK,0,0;;;
Franklin;18:29:50;15:41:56;195.0886,-1909.791,-1909.791;True,Utility,TOWTRUCK,0,0;;;
Franklin;18:30:06;15:41:57;195.0886,-1909.791,-1909.791;True,Utility,TOWTRUCK,0,0;;;
Franklin;18:30:21;15:41:57;195.0886,-1909.791,-1909.791;True,Utility,TOWTRUCK,0,0;;;
Franklin;18:30:37;15:41:58;195.0886,-1909.791,-1909.791;True,Utility,TOWTRUCK,0,0;;;
Franklin;18:30:52;15:41:58;195.0886,-1909.791,-1909.791;True,Utility,TOWTRUCK,0,0;;;
Franklin;18:31:08;15:41:59;195.0886,-1909.791,-1909.791;True,Utility,TOWTRUCK,0,0;;;
Franklin;18:31:23;15:41:59;195.0886,-1909.791,-1909.791;True,Utility,TOWTRUCK,0,0;;;
Franklin;18:31:39;15:42:00;195.0886,-1909.791,-1909.791;True,Utility,TOWTRUCK,0,0;;;
Franklin;18:31:54;15:42:00;195.0886,-1909.791,-1909.791;True,Utility,TOWTRUCK,0,0;;;
Franklin;18:32:10;15:42:01;195.0886,-1909.791,-1909.791;True,Utility,TOWTRUCK,0,0;;;
Franklin;18:32:25;15:42:01;195.0886,-1909.791,-1909.791;True,Utility,TOWTRUCK,0,0;;;
Franklin;18:32:41;15:42:02;195.0886,-1909.791,-1909.791;True,Utility,TOWTRUCK,0,0;;;
Franklin;18:32:57;15:42:03;195.0886,-1909.791,-1909.791;True,Utility,TOWTRUCK,0,0;;;
Franklin;18:33:12;15:42:03;195.0886,-1909.791,-1909.791;True,Utility,TOWTRUCK,0,0;;;
Franklin;18:33:28;15:42:04;195.0886,-1909.791,-1909.791;True,Utility,TOWTRUCK,0,0;;;
Franklin;18:33:44;15:42:04;195.0886,-1909.791,-1909.791;True,Utility,TOWTRUCK,0,0;;;
Franklin;18:34:00;15:42:05;195.0886,-1909.791,-1909.791;True,Utility,TOWTRUCK,0,0;;;
Franklin;18:34:15;15:42:05;195.0886,-1909.791,-1909.791;True,Utility,TOWTRUCK,0,0;;;
Franklin;18:34:31;15:42:06;195.0886,-1909.791,-1909.791;True,Utility,TOWTRUCK,0,0;;;
Franklin;18:34:46;15:42:06;195.0886,-1909.791,-1909.791;True,Utility,TOWTRUCK,0,0;;;
Franklin;18:35:02;15:42:07;195.0886,-1909.791,-1909.791;True,Utility,TOWTRUCK,0,0;;;
Franklin;18:35:17;15:42:07;195.0886,-1909.791,-1909.791;True,Utility,TOWTRUCK,0,0;;;
Franklin;18:35:33;15:42:08;195.0886,-1909.791,-1909.791;True,Utility,TOWTRUCK,0,0;;;
Franklin;18:35:48;15:42:08;195.0886,-1909.791,-1909.791;True,Utility,TOWTRUCK,0,0;;;
Franklin;18:36:04;15:42:09;195.0886,-1909.791,-1909.791;True,Utility,TOWTRUCK,0,0;;;
Franklin;18:36:20;15:42:09;195.0886,-1909.791,-1909.791;True,Utility,TOWTRUCK,0,0;;;
Franklin;18:36:35;15:42:10;195.0886,-1909.791,-1909.791;True,Utility,TOWTRUCK,0,0;;;
Franklin;18:36:51;15:42:10;195.0886,-1909.791,-1909.791;True,Utility,TOWTRUCK,0,0;;;
Franklin;18:37:07;15:42:11;195.0886,-1909.791,-1909.791;True,Utility,TOWTRUCK,0,0;;;
Franklin;18:37:22;15:42:11;195.0886,-1909.791,-1909.791;True,Utility,TOWTRUCK,0,0;;;
Franklin;18:37:38;15:42:12;195.0886,-1909.791,-1909.791;True,Utility,TOWTRUCK,0,0;;;
Franklin;18:37:53;15:42:12;195.0886,-1909.791,-1909.791;True,Utility,TOWTRUCK,0,0;;;
Franklin;18:38:09;15:42:13;195.0886,-1909.791,-1909.791;True,Utility,TOWTRUCK,0,0;;;
Franklin;18:38:24;15:42:13;195.0886,-1909.791,-1909.791;True,Utility,TOWTRUCK,0,0;;;
Franklin;18:38:40;15:42:14;195.0886,-1909.791,-1909.791;True,Utility,TOWTRUCK,0,0;;;
Franklin;18:38:56;15:42:14;195.0886,-1909.791,-1909.791;True,Utility,TOWTRUCK,0,0;;;
Franklin;18:39:11;15:42:15;195.0886,-1909.791,-1909.791;True,Utility,TOWTRUCK,0,0;;;
Franklin;18:39:27;15:42:16;195.0886,-1909.791,-1909.791;True,Utility,TOWTRUCK,0,0;;;
Franklin;18:39:43;15:42:16;195.0886,-1909.791,-1909.791;True,Utility,TOWTRUCK,0,0;;;
Franklin;18:39:58;15:42:17;195.0886,-1909.791,-1909.791;True,Utility,TOWTRUCK,0,0;;;
Franklin;18:40:14;15:42:17;195.0886,-1909.791,-1909.791;True,Utility,TOWTRUCK,0,0;;;
Franklin;18:40:30;15:42:18;195.0886,-1909.791,-1909.791;True,Utility,TOWTRUCK,0,0;;;
Franklin;18:40:45;15:42:18;195.0886,-1909.791,-1909.791;True,Utility,TOWTRUCK,0,0;;;
Franklin;18:41:00;15:42:19;195.0886,-1909.791,-1909.791;True,Utility,TOWTRUCK,0,0;;;
Franklin;18:41:16;15:42:19;195.0886,-1909.791,-1909.791;True,Utility,TOWTRUCK,0,0;;;
Franklin;18:41:32;15:42:20;195.0886,-1909.791,-1909.791;True,Utility,TOWTRUCK,0,0;;;
Franklin;18:41:47;15:42:20;195.0886,-1909.791,-1909.791;True,Utility,TOWTRUCK,0,0;;;
Franklin;18:42:03;15:42:21;195.0886,-1909.791,-1909.791;True,Utility,TOWTRUCK,0,0;;;
Franklin;18:42:18;15:42:21;195.0886,-1909.791,-1909.791;True,Utility,TOWTRUCK,0,0;;;
Franklin;18:42:34;15:42:22;195.0886,-1909.791,-1909.791;True,Utility,TOWTRUCK,0,0;;;
Franklin;18:42:50;15:42:22;195.0886,-1909.791,-1909.791;True,Utility,TOWTRUCK,0,0;;;
Franklin;18:43:05;15:42:23;195.0886,-1909.791,-1909.791;True,Utility,TOWTRUCK,0,0;;;
Franklin;18:43:21;15:42:23;195.0886,-1909.791,-1909.791;True,Utility,TOWTRUCK,0,0;;;
Franklin;18:43:36;15:42:24;195.0886,-1909.791,-1909.791;True,Utility,TOWTRUCK,0,0;;;
Franklin;18:43:52;15:42:24;195.0886,-1909.791,-1909.791;True,Utility,TOWTRUCK,0,0;;;
Franklin;18:44:08;15:42:25;195.0886,-1909.791,-1909.791;True,Utility,TOWTRUCK,0,0;;;
Franklin;18:44:23;15:42:25;195.0886,-1909.791,-1909.791;True,Utility,TOWTRUCK,0,0;;;
Franklin;18:44:39;15:42:26;195.0886,-1909.791,-1909.791;True,Utility,TOWTRUCK,0,0;;;
Franklin;18:44:54;15:42:26;195.0886,-1909.791,-1909.791;True,Utility,TOWTRUCK,0,0;;;
Franklin;18:45:10;15:42:27;195.0886,-1909.791,-1909.791;True,Utility,TOWTRUCK,0,0;;;
Franklin;18:45:25;15:42:27;195.0886,-1909.791,-1909.791;True,Utility,TOWTRUCK,0,0;;;
Franklin;18:45:41;15:42:28;195.0886,-1909.791,-1909.791;True,Utility,TOWTRUCK,0,0;;;
Franklin;18:45:56;15:42:29;195.0886,-1909.791,-1909.791;True,Utility,TOWTRUCK,0,0;;;
Franklin;18:46:12;15:42:29;195.0886,-1909.791,-1909.791;True,Utility,TOWTRUCK,0,0;;;
Franklin;18:46:28;15:42:30;195.0886,-1909.791,-1909.791;True,Utility,TOWTRUCK,0,0;;;
Franklin;18:46:43;15:42:30;195.0886,-1909.791,-1909.791;True,Utility,TOWTRUCK,0,0;;;
Franklin;18:46:59;15:42:31;195.0886,-1909.791,-1909.791;True,Utility,TOWTRUCK,0,0;;;
Franklin;18:47:14;15:42:31;195.0886,-1909.791,-1909.791;True,Utility,TOWTRUCK,0,0;;;
Franklin;18:47:30;15:42:32;195.0886,-1909.791,-1909.791;True,Utility,TOWTRUCK,0,0;;;
Franklin;18:47:45;15:42:32;195.0886,-1909.791,-1909.791;True,Utility,TOWTRUCK,0,0;;;
Franklin;18:48:01;15:42:33;195.0886,-1909.791,-1909.791;True,Utility,TOWTRUCK,0,0;;;
Franklin;18:48:16;15:42:33;195.0886,-1909.791,-1909.791;True,Utility,TOWTRUCK,0,0;;;
Franklin;18:48:32;15:42:34;195.0886,-1909.791,-1909.791;True,Utility,TOWTRUCK,0,0;;;
Franklin;18:48:47;15:42:34;195.0886,-1909.791,-1909.791;True,Utility,TOWTRUCK,0,0;;;
Franklin;18:49:03;15:42:35;195.0886,-1909.791,-1909.791;True,Utility,TOWTRUCK,0,0;;;
Franklin;18:49:18;15:42:35;195.0886,-1909.791,-1909.791;True,Utility,TOWTRUCK,0,0;;;
Franklin;18:49:34;15:42:36;195.0886,-1909.791,-1909.791;True,Utility,TOWTRUCK,0,0;;;
Franklin;18:49:50;15:42:36;195.0886,-1909.791,-1909.791;True,Utility,TOWTRUCK,0,0;;;
Franklin;18:50:05;15:42:37;195.0886,-1909.791,-1909.791;True,Utility,TOWTRUCK,0,0;;;
Franklin;18:50:21;15:42:37;195.0886,-1909.791,-1909.791;True,Utility,TOWTRUCK,0,0;;;
Franklin;18:50:36;15:42:38;195.0886,-1909.791,-1909.791;True,Utility,TOWTRUCK,0,0;;;
Franklin;18:50:52;15:42:38;195.0886,-1909.791,-1909.791;True,Utility,TOWTRUCK,0,0;;;
Franklin;18:51:08;15:42:39;195.0886,-1909.791,-1909.791;True,Utility,TOWTRUCK,0,0;;;
Franklin;18:51:23;15:42:39;195.0886,-1909.791,-1909.791;True,Utility,TOWTRUCK,0,0;;;
Franklin;18:51:38;15:42:40;195.0886,-1909.791,-1909.791;True,Utility,TOWTRUCK,0,0;;;
Franklin;18:51:54;15:42:40;195.0886,-1909.791,-1909.791;True,Utility,TOWTRUCK,0,0;;;
Franklin;18:52:10;15:42:41;195.0886,-1909.791,-1909.791;True,Utility,TOWTRUCK,0,0;;;
Franklin;18:52:25;15:42:41;195.0886,-1909.791,-1909.791;True,Utility,TOWTRUCK,0,0;;;
Franklin;18:52:41;15:42:42;195.0886,-1909.791,-1909.791;True,Utility,TOWTRUCK,0,0;;;
Franklin;18:52:57;15:42:43;195.0886,-1909.791,-1909.791;True,Utility,TOWTRUCK,0,0;;;
Franklin;18:53:12;15:42:43;195.0886,-1909.791,-1909.791;True,Utility,TOWTRUCK,0,0;;;
Franklin;18:53:28;15:42:44;195.0886,-1909.791,-1909.791;True,Utility,TOWTRUCK,0,0;;;
Franklin;18:53:43;15:42:44;195.0886,-1909.791,-1909.791;True,Utility,TOWTRUCK,0,0;;;
Franklin;18:53:59;15:42:45;195.0886,-1909.791,-1909.791;True,Utility,TOWTRUCK,0,0;;;
Franklin;18:54:14;15:42:45;195.0886,-1909.791,-1909.791;True,Utility,TOWTRUCK,0,0;;;
Franklin;18:54:30;15:42:46;195.1033,-1909.807,-1909.807;True,Utility,TOWTRUCK,0,2529173,1;;;
Franklin;18:54:45;15:42:46;195.6995,-1910.261,-1910.261;True,Utility,TOWTRUCK,2,802039,1;;;
Franklin;18:55:01;15:42:47;197.0642,-1911.528,-1911.528;True,Utility,TOWTRUCK,4,730566,1;;;
Franklin;18:55:16;15:42:47;198.7324,-1913.253,-1913.253;True,Utility,TOWTRUCK,4,888882,1;;;
Franklin;18:55:32;15:42:48;200.0277,-1915.718,-1915.718;True,Utility,TOWTRUCK,6,18069,1;;;
Franklin;18:55:47;15:42:48;201.1137,-1918.377,-1918.377;True,Utility,TOWTRUCK,4,492757,0;;;
Franklin;18:56:03;15:42:49;201.3297,-1920.012,-1920.012;True,Utility,TOWTRUCK,2,235051,0;;;
Franklin;18:56:18;15:42:49;201.2815,-1920.816,-1920.816;True,Utility,TOWTRUCK,1,504025,1;;;
Franklin;18:56:34;15:42:50;200.9826,-1922.039,-1922.039;True,Utility,TOWTRUCK,3,111899,1;;;
Franklin;18:56:50;15:42:50;200.109,-1923.773,-1923.773;True,Utility,TOWTRUCK,4,57279,1;;;
Franklin;18:57:05;15:42:51;198.8161,-1926.362,-1926.362;True,Utility,TOWTRUCK,6,625959,1;;;
Franklin;18:57:21;15:42:51;196.7271,-1929.643,-1929.643;True,Utility,TOWTRUCK,8,317476,1;;;
Franklin;18:57:36;15:42:52;193.826,-1933.464,-1933.464;True,Utility,TOWTRUCK,10,19369,1;;;
Franklin;18:57:52;15:42:52;190.1459,-1937.969,-1937.969;True,Utility,TOWTRUCK,12,16996,1;;;
Franklin;18:58:08;15:42:53;185.7981,-1943.211,-1943.211;True,Utility,TOWTRUCK,13,97862,1;;;
Franklin;18:58:23;15:42:53;180.8441,-1949.071,-1949.071;True,Utility,TOWTRUCK,15,24416,1;;;
Franklin;18:58:39;15:42:54;175.7462,-1954.697,-1954.697;True,Utility,TOWTRUCK,14,08789,1;;;
Franklin;18:58:55;15:42:54;170.8419,-1960.532,-1960.532;True,Utility,TOWTRUCK,15,56436,1;;;
Franklin;18:59:10;15:42:55;166.4055,-1967.681,-1967.681;True,Utility,TOWTRUCK,16,73479,1;;;
Franklin;18:59:26;15:42:55;162.7997,-1975.448,-1975.448;True,Utility,TOWTRUCK,15,62164,0;;;
Franklin;18:59:41;15:42:56;159.4872,-1982.629,-1982.629;True,Utility,TOWTRUCK,14,36813,0;;;
Franklin;18:59:57;15:42:57;155.8898,-1988.676,-1988.676;True,Utility,TOWTRUCK,13,17447,0;;;
Franklin;19:00:13;15:42:57;152.2067,-1993.932,-1993.932;True,Utility,TOWTRUCK,11,85168,0;;;
Franklin;19:00:28;15:42:58;149.2899,-1998.623,-1998.623;True,Utility,TOWTRUCK,9,618909,0;;;
Franklin;19:00:44;15:42:58;146.7437,-2003.075,-2003.075;True,Utility,TOWTRUCK,10,33832,1;;;
Franklin;19:00:59;15:42:59;144.5024,-2008.306,-2008.306;True,Utility,TOWTRUCK,11,57819,1;;;
Franklin;19:01:14;15:42:59;142.9061,-2013.958,-2013.958;True,Utility,TOWTRUCK,10,48082,0;;;
Franklin;19:01:30;15:43:00;141.9229,-2018.54,-2018.54;True,Utility,TOWTRUCK,6,604215,0;;;
Franklin;19:01:46;15:43:00;141.407,-2021.343,-2021.343;True,Utility,TOWTRUCK,4,303698,0;;;
Franklin;19:02:01;15:43:01;141.2012,-2022.596,-2022.596;True,Utility,TOWTRUCK,0,1521813,-1;;;
Franklin;19:02:17;15:43:01;141.239,-2022.581,-2022.581;True,Utility,TOWTRUCK,0,07840959,0;;;
Franklin;19:02:33;15:43:02;141.2275,-2022.58,-2022.58;True,Utility,TOWTRUCK,0,003643578,0;;;
Franklin;19:02:48;15:43:02;141.2275,-2022.58,-2022.58;True,Utility,TOWTRUCK,0,0;;;
Franklin;19:03:04;15:43:03;141.2275,-2022.58,-2022.58;True,Utility,TOWTRUCK,0,0;;;
Franklin;19:03:19;15:43:03;141.2275,-2022.58,-2022.58;True,Utility,TOWTRUCK,0,0;;;
Franklin;19:03:35;15:43:04;141.2275,-2022.58,-2022.58;True,Utility,TOWTRUCK,0,0;;;
Franklin;19:03:51;15:43:04;141.2275,-2022.58,-2022.58;True,Utility,TOWTRUCK,0,0;;;
Franklin;19:04:07;15:43:05;141.2275,-2022.58,-2022.58;True,Utility,TOWTRUCK,0,0;;;
Franklin;19:04:22;15:43:05;141.2275,-2022.58,-2022.58;True,Utility,TOWTRUCK,0,0;;;
Franklin;19:04:38;15:43:06;141.2275,-2022.58,-2022.58;True,Utility,TOWTRUCK,0,0;;;
Franklin;19:04:53;15:43:06;141.2275,-2022.58,-2022.58;True,Utility,TOWTRUCK,0,0;;;
Franklin;19:05:09;15:43:07;141.2275,-2022.58,-2022.58;True,Utility,TOWTRUCK,0,0;;;
Franklin;19:05:25;15:43:07;141.2275,-2022.58,-2022.58;True,Utility,TOWTRUCK,0,0;;;
Franklin;19:05:40;15:43:08;141.2275,-2022.58,-2022.58;True,Utility,TOWTRUCK,0,0;;;
Franklin;19:05:56;15:43:08;141.2504,-2022.489,-2022.489;True,Utility,TOWTRUCK,0,7147192,-1;;;
Franklin;19:06:11;15:43:09;141.4286,-2021.689,-2021.689;True,Utility,TOWTRUCK,2,025325,0;;;
Franklin;19:06:27;15:43:10;141.5033,-2021.298,-2021.298;True,Utility,TOWTRUCK,0,03968865,1;;;
Franklin;19:06:43;15:43:10;141.5018,-2021.301,-2021.301;True,Utility,TOWTRUCK,0,004119655,0;;;
Franklin;19:06:58;15:43:11;141.5018,-2021.301,-2021.301;True,Utility,TOWTRUCK,0,0;;;
Franklin;19:07:14;15:43:11;141.5018,-2021.301,-2021.301;True,Utility,TOWTRUCK,0,0;;;
Franklin;19:07:29;15:43:12;141.5018,-2021.301,-2021.301;True,Utility,TOWTRUCK,0,0;;;
Franklin;19:07:45;15:43:12;141.5018,-2021.301,-2021.301;True,Utility,TOWTRUCK,0,0;;;
Franklin;19:08:00;15:43:13;141.5018,-2021.301,-2021.301;True,Utility,TOWTRUCK,0,0;;;
Franklin;19:08:16;15:43:13;141.5018,-2021.301,-2021.301;True,Utility,TOWTRUCK,0,0;;;
Franklin;19:08:32;15:43:14;141.5018,-2021.301,-2021.301;True,Utility,TOWTRUCK,0,0;;;
Franklin;19:08:47;15:43:14;141.5018,-2021.301,-2021.301;True,Utility,TOWTRUCK,0,0;;;
Franklin;19:09:03;15:43:15;141.5018,-2021.301,-2021.301;True,Utility,TOWTRUCK,0,0;;;
Franklin;19:09:18;15:43:15;141.4988,-2021.314,-2021.314;True,Utility,TOWTRUCK,0,1924859,1;;;
Franklin;19:09:34;15:43:16;141.353,-2022.023,-2022.023;True,Utility,TOWTRUCK,2,728451,1;;;
Franklin;19:09:50;15:43:16;141.0104,-2023.819,-2023.819;True,Utility,TOWTRUCK,4,523329,1;;;
Franklin;19:10:06;15:43:17;140.367,-2026.613,-2026.613;True,Utility,TOWTRUCK,6,255746,1;;;
Franklin;19:10:21;15:43:17;139.6632,-2030.193,-2030.193;True,Utility,TOWTRUCK,7,648396,1;;;
Franklin;19:10:37;15:43:18;139.2496,-2034.553,-2034.553;True,Utility,TOWTRUCK,8,580514,0;;;
Franklin;19:10:52;15:43:18;139.3775,-2038.43,-2038.43;True,Utility,TOWTRUCK,6,513652,0;;;
Franklin;19:11:08;15:43:19;140.546,-2041.348,-2041.348;True,Utility,TOWTRUCK,6,537182,1;;;
Franklin;19:11:23;15:43:19;142.0888,-2044.707,-2044.707;True,Utility,TOWTRUCK,7,658241,1;;;
Franklin;19:11:39;15:43:20;144.6729,-2047.63,-2047.63;True,Utility,TOWTRUCK,6,762347,0;;;
Franklin;19:11:55;15:43:20;147.3425,-2048.561,-2048.561;True,Utility,TOWTRUCK,4,96258,1;;;
Franklin;19:12:10;15:43:21;150.3297,-2048.434,-2048.434;True,Utility,TOWTRUCK,6,547306,1;;;
Franklin;19:12:26;15:43:21;153.7452,-2047.496,-2047.496;True,Utility,TOWTRUCK,7,219941,1;;;
Franklin;19:12:42;15:43:22;157.6548,-2045.75,-2045.75;True,Utility,TOWTRUCK,8,807067,1;;;
Franklin;19:12:57;15:43:23;161.5896,-2042.974,-2042.974;True,Utility,TOWTRUCK,9,659916,1;;;
Franklin;19:13:13;15:43:23;164.7964,-2038.725,-2038.725;True,Utility,TOWTRUCK,10,90049,1;;;
Franklin;19:13:28;15:43:24;166.9337,-2033.372,-2033.372;True,Utility,TOWTRUCK,11,31195,0;;;
Franklin;19:13:44;15:43:24;167.1739,-2028.021,-2028.021;True,Utility,TOWTRUCK,9,834177,1;;;
Franklin;19:14:00;15:43:25;166.5438,-2022.918,-2022.918;True,Utility,TOWTRUCK,9,224093,0;;;
Franklin;19:14:15;15:43:25;166.2649,-2018.304,-2018.304;True,Utility,TOWTRUCK,8,999731,1;;;
Franklin;19:14:31;15:43:26;167.746,-2013.657,-2013.657;True,Utility,TOWTRUCK,9,831471,1;;;
Franklin;19:14:47;15:43:26;170.2986,-2009.153,-2009.153;True,Utility,TOWTRUCK,10,12277,1;;;
Franklin;19:15:02;15:43:27;173.5655,-2004.885,-2004.885;True,Utility,TOWTRUCK,10,82359,1;;;
Franklin;19:15:18;15:43:27;177.2916,-2000.365,-2000.365;True,Utility,TOWTRUCK,11,68552,1;;;
Franklin;19:15:33;15:43:28;181.3862,-1995.563,-1995.563;True,Utility,TOWTRUCK,12,76623,1;;;
Franklin;19:15:49;15:43:28;185.7775,-1990.454,-1990.454;True,Utility,TOWTRUCK,13,44298,1;;;
Franklin;19:16:04;15:43:29;190.4835,-1985.06,-1985.06;True,Utility,TOWTRUCK,14,13664,1;;;
Franklin;19:16:20;15:43:29;195.3917,-1979.509,-1979.509;True,Utility,TOWTRUCK,14,59348,1;;;
Franklin;19:16:35;15:43:30;200.5783,-1973.799,-1973.799;True,Utility,TOWTRUCK,15,15745,1;;;
Franklin;19:16:51;15:43:30;205.6752,-1967.595,-1967.595;True,Utility,TOWTRUCK,15,48314,1;;;
Franklin;19:17:07;15:43:31;210.7566,-1961.198,-1961.198;True,Utility,TOWTRUCK,15,7415,1;;;
Franklin;19:17:22;15:43:31;216.1868,-1954.988,-1954.988;True,Utility,TOWTRUCK,16,0685,1;;;
Franklin;19:17:38;15:43:32;221.7426,-1948.689,-1948.689;True,Utility,TOWTRUCK,16,19051,1;;;
Franklin;19:17:53;15:43:32;226.6621,-1942.509,-1942.509;True,Utility,TOWTRUCK,14,03233,0;;;
Franklin;19:18:09;15:43:33;230.4999,-1937.222,-1937.222;True,Utility,TOWTRUCK,11,38009,0;;;
Franklin;19:18:24;15:43:33;233.5348,-1933.024,-1933.024;True,Utility,TOWTRUCK,8,793167,0;;;
Franklin;19:18:40;15:43:34;236.5632,-1929.571,-1929.571;True,Utility,TOWTRUCK,8,438293,0;;;
Franklin;19:18:56;15:43:34;239.0902,-1926.808,-1926.808;True,Utility,TOWTRUCK,6,148662,0;;;
Franklin;19:19:11;15:43:35;240.8678,-1924.774,-1924.774;True,Utility,TOWTRUCK,4,946831,1;;;
Franklin;19:19:27;15:43:36;242.1351,-1923.24,-1923.24;True,Utility,TOWTRUCK,2,53642,0;;;
Franklin;19:19:42;15:43:36;242.5138,-1922.694,-1922.694;True,Utility,TOWTRUCK,0,596541,1;;;
Franklin;19:19:58;15:43:37;242.9464,-1922.127,-1922.127;True,Utility,TOWTRUCK,2,470596,1;;;
Franklin;19:20:03;15:43:37;243.1774,-1921.859,-1921.859;True,Utility,TOWTRUCK,1,650768,0;;;
Franklin;19:20:06;15:43:38;243.265,-1921.748,-1921.748;True,Utility,TOWTRUCK,1,108209,0;;;
Franklin;19:20:09;15:43:38;243.3164,-1921.678,-1921.678;True,Utility,TOWTRUCK,0,5705632,0;;;
Franklin;19:20:12;15:43:39;243.3325,-1921.651,-1921.651;True,Utility,TOWTRUCK,0,07018135,0;;;
Franklin;19:20:14;15:43:39;243.3311,-1921.651,-1921.651;True,Utility,TOWTRUCK,0,05600346,0;;;
Franklin;19:20:15;15:43:40;243.3289,-1921.651,-1921.651;True,Utility,TOWTRUCK,0,06249679,0;;;
Franklin;19:20:16;15:43:40;243.3266,-1921.651,-1921.651;True,Utility,TOWTRUCK,0,05874759,0;;;
Franklin;19:20:17;15:43:41;243.3245,-1921.651,-1921.651;True,Utility,TOWTRUCK,0,04893699,0;;;
Franklin;19:20:18;15:43:41;243.323,-1921.651,-1921.651;True,Utility,TOWTRUCK,0,03773746,0;;;
Franklin;19:20:19;15:43:42;243.322,-1921.651,-1921.651;True,Utility,TOWTRUCK,0,0;;;
Franklin;19:20:21;15:43:42;243.322,-1921.651,-1921.651;True,Utility,TOWTRUCK,0,0;;;
Franklin;19:20:22;15:43:43;243.322,-1921.651,-1921.651;True,Utility,TOWTRUCK,0,0;;;
Franklin;19:20:23;15:43:43;243.322,-1921.651,-1921.651;True,Utility,TOWTRUCK,0,0;;;
Franklin;19:20:24;15:43:45;243.322,-1921.651,-1921.651;True,Utility,TOWTRUCK,0,0;;;
Franklin;14:33:09;15:43:46;401.6491,-1633.31,-1633.31;True,Utility,TOWTRUCK,0,01158396,0;;;
Franklin;14:33:25;15:43:47;401.6475,-1633.309,-1633.309;True,Utility,TOWTRUCK,0,0;;;
Franklin;14:33:40;15:43:47;401.6475,-1633.309,-1633.309;True,Utility,TOWTRUCK,0,0;;;
Franklin;14:33:56;15:43:48;401.7253,-1633.37,-1633.37;True,Utility,TOWTRUCK,0,8059078,1;;;
Franklin;14:34:12;15:43:48;402.5881,-1634.129,-1634.129;True,Utility,TOWTRUCK,3,482616,1;;;
Franklin;14:34:27;15:43:49;404.2917,-1635.916,-1635.916;True,Utility,TOWTRUCK,5,871898,1;;;
Franklin;14:34:43;15:43:49;406.6203,-1638.704,-1638.704;True,Utility,TOWTRUCK,8,234116,1;;;
Franklin;14:34:58;15:43:50;409.1259,-1641.889,-1641.889;True,Utility,TOWTRUCK,6,702012,0;;;
Franklin;14:35:14;15:43:51;410.7511,-1644.225,-1644.225;True,Utility,TOWTRUCK,4,256677,0;;;
Franklin;14:35:30;15:43:51;411.8666,-1645.948,-1645.948;True,Utility,TOWTRUCK,4,684671,1;;;
Franklin;14:35:45;15:43:52;413.5703,-1648.549,-1648.549;True,Utility,TOWTRUCK,7,161418,1;Vehicle twenty-nine, come in, this is dispatch. We got an abandoned car on San Andreas Avenue.;TOWDISPATCH;TOW_EIAA
Franklin;14:36:01;15:43:52;414.545,-1650.274,-1650.274;True,Utility,TOWTRUCK,0,2070485,0;;;
Franklin;14:36:16;15:43:53;414.794,-1650.531,-1650.531;True,Utility,TOWTRUCK,1,843223,1;;;
Franklin;14:36:32;15:43:53;415.7166,-1652,-1652;True,Utility,TOWTRUCK,4,653973,1;;;
Franklin;14:36:48;15:43:54;417.0618,-1654.705,-1654.705;True,Utility,TOWTRUCK,6,855417,1;;;
Franklin;14:37:03;15:43:54;417.9954,-1658.57,-1658.57;True,Utility,TOWTRUCK,8,63444,1;;;
Franklin;14:37:19;15:43:55;417.5356,-1662.42,-1662.42;True,Utility,TOWTRUCK,6,988181,1;;;
Franklin;14:37:34;15:43:55;416.091,-1666.405,-1666.405;True,Utility,TOWTRUCK,9,236348,1;;;
Franklin;14:37:50;15:43:56;413.4871,-1670.85,-1670.85;True,Utility,TOWTRUCK,10,84421,1;;;
Franklin;14:38:06;15:43:56;409.5845,-1675.675,-1675.675;True,Utility,TOWTRUCK,12,73131,1;Yo, we on that like ugly on your momma.;Tonya;TOW_EIAB
Franklin;14:38:21;15:43:57;405.3551,-1681.178,-1681.178;True,Utility,TOWTRUCK,14,24434,1;;;
Franklin;14:38:36;15:43:57;400.4144,-1687.203,-1687.203;True,Utility,TOWTRUCK,15,95495,1;;;
Franklin;14:38:52;15:43:58;394.8585,-1693.732,-1693.732;True,Utility,TOWTRUCK,17,18625,1;;;
Franklin;14:39:08;15:43:58;389.0731,-1700.972,-1700.972;True,Utility,TOWTRUCK,18,32968,1;;;
Franklin;14:39:23;15:43:59;383.3285,-1708.277,-1708.277;True,Utility,TOWTRUCK,16,97572,0;;;
Franklin;14:39:39;15:43:59;378.2466,-1714.585,-1714.585;True,Utility,TOWTRUCK,14,48481,0;10-9, come again. I didn't catch that.;TOWDISPATCH;TOW_EIAC
Franklin;14:39:54;15:44:00;373.4469,-1719.57,-1719.57;True,Utility,TOWTRUCK,13,08334,1;;;
Franklin;14:40:09;15:44:00;367.9167,-1723.818,-1723.818;True,Utility,TOWTRUCK,14,14079,1;;;
Franklin;14:40:25;15:44:01;361.0029,-1726.848,-1726.848;True,Utility,TOWTRUCK,15,03472,1;;;
Franklin;14:40:40;15:44:01;353.4153,-1727.211,-1727.211;True,Utility,TOWTRUCK,15,0581,1;;;
Franklin;14:40:56;15:44:02;346.0127,-1724.449,-1724.449;True,Utility,TOWTRUCK,15,80118,1;;;
Franklin;14:41:11;15:44:02;339.2017,-1719.396,-1719.396;True,Utility,TOWTRUCK,16,99777,1;It's Tonya, fool, and my boy Franklin. We fillin' in for JB.;Tonya;TOW_EIAD
Franklin;14:41:27;15:44:03;332.2247,-1713.466,-1713.466;True,Utility,TOWTRUCK,18,30742,1;;;
Franklin;14:41:43;15:44:03;325.1451,-1707.465,-1707.465;True,Utility,TOWTRUCK,16,65146,0;;;
Franklin;14:41:58;15:44:04;318.9703,-1702.221,-1702.221;True,Utility,TOWTRUCK,14,27235,0;;;
Franklin;14:42:14;15:44:05;313.8256,-1697.823,-1697.823;True,Utility,TOWTRUCK,11,94571,0;;;
Franklin;14:42:30;15:44:05;309.584,-1694.141,-1694.141;True,Utility,TOWTRUCK,9,632292,0;;;
Franklin;14:42:45;15:44:06;306.2588,-1691.214,-1691.214;True,Utility,TOWTRUCK,7,309855,0;;;
Franklin;14:43:01;15:44:06;303.8759,-1689.102,-1689.102;True,Utility,TOWTRUCK,5,030291,0;Er, copy that. Hi, Tonya. Car's a junker, been there for days. 10-7. I'm gone.;TOWDISPATCH;TOW_EIAE
Franklin;14:43:17;15:44:07;302.2578,-1687.796,-1687.796;True,Utility,TOWTRUCK,3,788329,1;;;
Franklin;14:43:32;15:44:07;300.5588,-1686.388,-1686.388;True,Utility,TOWTRUCK,3,602426,0;;;
Franklin;14:43:48;15:44:08;299.5774,-1685.571,-1685.571;True,Utility,TOWTRUCK,1,376718,0;;;
Franklin;14:44:03;15:44:08;299.1863,-1685.311,-1685.311;True,Utility,TOWTRUCK,1,363703,1;;;
Franklin;14:44:19;15:44:09;298.4188,-1684.679,-1684.679;True,Utility,TOWTRUCK,2,360807,1;;;
Franklin;14:44:35;15:44:09;297.9334,-1684.289,-1684.289;True,Utility,TOWTRUCK,0,1203988,0;;;
Franklin;14:44:50;15:44:10;297.8497,-1684.224,-1684.224;True,Utility,TOWTRUCK,0,9017265,1;;;
Franklin;14:45:06;15:44:10;297.2744,-1683.746,-1683.746;True,Utility,TOWTRUCK,0,7432824,0;;;
Franklin;14:45:21;15:44:11;297.2286,-1683.714,-1683.714;True,Utility,TOWTRUCK,0,003677762,1;;;
Franklin;14:45:37;15:44:11;296.9973,-1683.522,-1683.522;True,Utility,TOWTRUCK,0,8383834,0;;;
Franklin;14:45:52;15:44:12;296.7922,-1683.355,-1683.355;True,Utility,TOWTRUCK,0,1519722,1;;;
Franklin;14:46:08;15:44:12;296.7911,-1683.355,-1683.355;True,Utility,TOWTRUCK,0,004884575,0;A bucket. This one should be easy.;Tonya;TOW_EIAF
Franklin;14:46:23;15:44:13;296.7911,-1683.355,-1683.355;True,Utility,TOWTRUCK,0,0;;;
Franklin;14:46:39;15:44:13;296.7911,-1683.355,-1683.355;True,Utility,TOWTRUCK,0,0;;;
Franklin;14:46:55;15:44:14;296.7911,-1683.355,-1683.355;True,Utility,TOWTRUCK,0,0;;;
Franklin;14:47:10;15:44:14;296.7911,-1683.355,-1683.355;True,Utility,TOWTRUCK,0,0;;;
Franklin;14:47:26;15:44:15;296.7911,-1683.355,-1683.355;True,Utility,TOWTRUCK,0,0;Shit. Not easy enough for JB to drag his ass outta whatever crackhouse he's laying in.;Franklin;TOW_EIAG
Franklin;14:47:41;15:44:15;296.7911,-1683.355,-1683.355;True,Utility,TOWTRUCK,0,0;;;
Franklin;14:47:57;15:44:16;296.7911,-1683.355,-1683.355;True,Utility,TOWTRUCK,0,0;;;
Franklin;14:48:12;15:44:16;296.7911,-1683.355,-1683.355;True,Utility,TOWTRUCK,0,0;;;
Franklin;14:48:28;15:44:17;296.6492,-1683.237,-1683.237;True,Utility,TOWTRUCK,1,249214,1;;;
Franklin;14:48:44;15:44:18;295.9815,-1682.682,-1682.682;True,Utility,TOWTRUCK,0,9039042,0;;;
Franklin;14:49:00;15:44:18;295.9117,-1682.631,-1682.631;True,Utility,TOWTRUCK,0,01075619,0;;;
Franklin;14:49:15;15:44:19;295.912,-1682.631,-1682.631;True,Utility,TOWTRUCK,0,003284753,0;;;
Franklin;14:49:31;15:44:19;295.912,-1682.631,-1682.631;True,Utility,TOWTRUCK,0,0;;;
Franklin;14:49:46;15:44:20;295.912,-1682.631,-1682.631;True,Utility,TOWTRUCK,0,0;;;
Franklin;14:50:02;15:44:20;295.9064,-1682.625,-1682.625;True,Utility,TOWTRUCK,0,1256022,1;His loss, your gain, sugar.;Tonya;TOW_EIAH
Franklin;14:50:17;15:44:21;295.5826,-1682.177,-1682.177;True,Utility,TOWTRUCK,2,185328,1;;;
Franklin;14:50:33;15:44:21;294.8357,-1680.782,-1680.782;True,Utility,TOWTRUCK,2,846648,1;;;
Franklin;14:50:49;15:44:22;293.9357,-1679.652,-1679.652;True,Utility,TOWTRUCK,3,215255,1;;;
Franklin;14:51:04;15:44:22;292.8263,-1677.794,-1677.794;True,Utility,TOWTRUCK,5,204007,1;;;
Franklin;14:51:20;15:44:23;290.798,-1675.465,-1675.465;True,Utility,TOWTRUCK,6,762129,1;;;
Franklin;14:51:35;15:44:23;287.5164,-1673.072,-1673.072;True,Utility,TOWTRUCK,8,128755,0;Except I ain't gainin' shit. Sugar.;Franklin;TOW_EIAI
Franklin;14:51:51;15:44:24;284.3131,-1671.072,-1671.072;True,Utility,TOWTRUCK,7,413964,1;;;
Franklin;14:52:06;15:44:24;280.5536,-1669.268,-1669.268;True,Utility,TOWTRUCK,8,773997,1;;;
Franklin;14:52:22;15:44:25;276.2903,-1666.903,-1666.903;True,Utility,TOWTRUCK,9,959875,1;;;
Franklin;14:52:37;15:44:25;271.7853,-1663.591,-1663.591;True,Utility,TOWTRUCK,11,67182,1;;;
Franklin;14:52:53;15:44:26;266.7072,-1659.445,-1659.445;True,Utility,TOWTRUCK,13,39002,1;;;
Franklin;14:53:08;15:44:26;260.773,-1655.202,-1655.202;True,Utility,TOWTRUCK,14,91788,1;Move that seat back and you know I'll make it right for you.;Tonya;TOW_EIAJ
Franklin;14:53:24;15:44:27;254.1547,-1650.248,-1650.248;True,Utility,TOWTRUCK,16,58087,1;;;
Franklin;14:53:40;15:44:27;247.177,-1644.507,-1644.507;True,Utility,TOWTRUCK,18,21497,1;;;
Franklin;14:53:55;15:44:28;240.3074,-1638.715,-1638.715;True,Utility,TOWTRUCK,16,04786,0;;;
Franklin;14:54:11;15:44:28;234.4485,-1633.733,-1633.733;True,Utility,TOWTRUCK,13,82357,1;;;
Franklin;14:54:26;15:44:29;229.3595,-1629.042,-1629.042;True,Utility,TOWTRUCK,12,32891,0;That ain't what I'm sayin'. Damn, Tonya, what the fuck happened to you?;Franklin;TOW_EIAK
Franklin;14:54:42;15:44:29;225.3159,-1624.901,-1624.901;True,Utility,TOWTRUCK,9,985465,0;;;
Franklin;14:54:58;15:44:30;221.871,-1621.291,-1621.291;True,Utility,TOWTRUCK,10,07282,1;;;
Franklin;14:55:13;15:44:31;217.976,-1617.311,-1617.311;True,Utility,TOWTRUCK,10,7904,0;;;
Franklin;14:55:29;15:44:31;214.2191,-1614.002,-1614.002;True,Utility,TOWTRUCK,8,434342,0;;;
Franklin;14:55:44;15:44:32;211.3877,-1611.594,-1611.594;True,Utility,TOWTRUCK,6,120769,0;;;
Franklin;14:56:00;15:44:32;209.4306,-1609.94,-1609.94;True,Utility,TOWTRUCK,3,821015,0;;;
Franklin;14:56:15;15:44:33;208.0105,-1608.809,-1608.809;True,Utility,TOWTRUCK,4,072962,1;;;
Franklin;14:56:31;15:44:33;205.9516,-1607.438,-1607.438;True,Utility,TOWTRUCK,4,295551,0;;;
Franklin;14:56:46;15:44:34;204.9064,-1606.729,-1606.729;True,Utility,TOWTRUCK,0,6847006,0;;;
Franklin;14:57:02;15:44:34;204.8476,-1606.734,-1606.734;True,Utility,TOWTRUCK,0,009968151,0;;;
Franklin;14:57:18;15:44:35;204.8476,-1606.733,-1606.733;True,Utility,TOWTRUCK,0,005304804,0;;;
Franklin;14:57:33;15:44:35;204.8478,-1606.733,-1606.733;True,Utility,TOWTRUCK,0,003798476,0;;;
Franklin;14:57:49;15:44:36;204.8479,-1606.733,-1606.733;True,Utility,TOWTRUCK,0,004751343,0;;;
Franklin;14:58:04;15:44:36;204.8479,-1606.733,-1606.733;True,Utility,TOWTRUCK,0,004545633,0;;;
Franklin;14:58:20;15:44:37;204.8479,-1606.733,-1606.733;True,Utility,TOWTRUCK,0,0;;;
Franklin;14:58:35;15:44:37;204.8305,-1606.722,-1606.722;True,Utility,TOWTRUCK,0,1231592,1;;;
Franklin;14:58:51;15:44:38;204.83,-1606.72,-1606.72;True,Utility,TOWTRUCK,0,004810563,0;;;
Franklin;14:59:06;15:44:38;204.83,-1606.72,-1606.72;True,Utility,TOWTRUCK,0,0;;;
Franklin;14:59:22;15:44:39;204.83,-1606.72,-1606.72;True,Utility,TOWTRUCK,0,0;;;
Franklin;14:59:38;15:44:39;204.83,-1606.72,-1606.72;True,Utility,TOWTRUCK,0,0;;;
Franklin;14:59:53;15:44:40;204.7602,-1606.673,-1606.673;True,Utility,TOWTRUCK,0,7509906,1;;;
Franklin;15:00:08;15:44:40;203.9634,-1606.101,-1606.101;True,Utility,TOWTRUCK,1,984115,0;;;
Franklin;15:00:24;15:44:41;203.6017,-1605.838,-1605.838;True,Utility,TOWTRUCK,0,01228662,0;;;
Franklin;15:00:40;15:44:41;203.6058,-1605.842,-1605.842;True,Utility,TOWTRUCK,0,003693725,0;;;
Franklin;15:00:55;15:44:42;203.6103,-1605.846,-1605.846;True,Utility,TOWTRUCK,0,003595301,0;;;
Franklin;15:01:11;15:44:42;203.6104,-1605.846,-1605.846;True,Utility,TOWTRUCK,0,001992455,0;;;
Franklin;15:01:27;15:44:43;203.6993,-1605.909,-1605.909;True,Utility,TOWTRUCK,0,2999933,0;;;
Franklin;15:01:42;15:44:43;203.7056,-1605.913,-1605.913;True,Utility,TOWTRUCK,0,0;;;
Franklin;15:01:58;15:44:44;203.7056,-1605.913,-1605.913;True,Utility,TOWTRUCK,0,0;;;
Franklin;15:02:13;15:44:45;203.7056,-1605.913,-1605.913;True,Utility,TOWTRUCK,0,0;;;
Franklin;15:02:29;15:44:45;203.7044,-1605.912,-1605.912;True,Utility,TOWTRUCK,0,004987184,1;;;
Franklin;15:02:44;15:44:46;203.7041,-1605.912,-1605.912;True,Utility,TOWTRUCK,0,004090003,0;;;
Franklin;15:03:00;15:44:46;203.5654,-1605.815,-1605.815;True,Utility,TOWTRUCK,0,7691584,1;;;
Franklin;15:03:15;15:44:47;203.4855,-1605.756,-1605.756;True,Utility,TOWTRUCK,0,01184959,0;;;
Franklin;15:03:31;15:44:47;203.4869,-1605.757,-1605.757;True,Utility,TOWTRUCK,0,004402287,0;;;
Franklin;15:03:47;15:44:48;203.487,-1605.758,-1605.758;True,Utility,TOWTRUCK,0,01808352,-1;;;
Franklin;15:04:02;15:44:48;203.7497,-1605.944,-1605.944;True,Utility,TOWTRUCK,0,9751881,0;;;
Franklin;15:04:18;15:44:49;203.8265,-1605.999,-1605.999;True,Utility,TOWTRUCK,0,01569527,0;;;
Franklin;15:04:33;15:44:49;203.8252,-1605.999,-1605.999;True,Utility,TOWTRUCK,0,004442167,0;;;
Franklin;15:04:49;15:44:50;203.8252,-1605.999,-1605.999;True,Utility,TOWTRUCK,0,0;;;
Franklin;15:05:04;15:44:50;203.814,-1605.99,-1605.99;True,Utility,TOWTRUCK,0,005544283,1;;;
Franklin;15:05:20;15:44:51;203.8144,-1605.991,-1605.991;True,Utility,TOWTRUCK,0,00342899,0;;;
Franklin;15:05:35;15:44:51;203.8144,-1605.991,-1605.991;True,Utility,TOWTRUCK,0,0;;;
Franklin;15:05:51;15:44:52;203.8144,-1605.991,-1605.991;True,Utility,TOWTRUCK,0,0;;;
Franklin;15:06:06;15:44:52;203.8144,-1605.991,-1605.991;True,Utility,TOWTRUCK,0,0;;;
Franklin;15:06:22;15:44:53;203.8144,-1605.991,-1605.991;True,Utility,TOWTRUCK,0,0;;;
Franklin;15:06:37;15:44:53;203.8144,-1605.991,-1605.991;True,Utility,TOWTRUCK,0,0;;;
Franklin;15:06:53;15:44:54;203.8144,-1605.991,-1605.991;True,Utility,TOWTRUCK,0,0;;;
Franklin;15:07:09;15:44:54;203.8144,-1605.991,-1605.991;True,Utility,TOWTRUCK,0,0;;;
Franklin;15:07:24;15:44:55;203.8144,-1605.991,-1605.991;True,Utility,TOWTRUCK,0,0;;;
Franklin;15:07:40;15:44:55;203.8144,-1605.991,-1605.991;True,Utility,TOWTRUCK,0,0;;;
Franklin;15:07:56;15:44:56;203.8144,-1605.991,-1605.991;True,Utility,TOWTRUCK,0,0;;;
Franklin;15:08:11;15:44:56;203.8144,-1605.991,-1605.991;True,Utility,TOWTRUCK,0,0;;;
Franklin;15:08:27;15:44:57;203.8144,-1605.991,-1605.991;True,Utility,TOWTRUCK,0,0;;;
Franklin;15:08:42;15:44:57;203.8144,-1605.991,-1605.991;True,Utility,TOWTRUCK,0,0;;;
Franklin;15:08:58;15:44:58;203.8144,-1605.991,-1605.991;True,Utility,TOWTRUCK,0,0;;;
Franklin;15:09:13;15:44:59;203.8144,-1605.991,-1605.991;True,Utility,TOWTRUCK,0,0;;;
Franklin;15:09:29;15:44:59;203.8144,-1605.991,-1605.991;True,Utility,TOWTRUCK,0,0;;;
Franklin;15:09:44;15:45:00;203.8144,-1605.991,-1605.991;True,Utility,TOWTRUCK,0,0;;;
Franklin;15:10:00;15:45:00;203.8144,-1605.991,-1605.991;True,Utility,TOWTRUCK,0,0;;;
Franklin;15:10:16;15:45:01;203.8144,-1605.991,-1605.991;True,Utility,TOWTRUCK,0,0;;;
Franklin;15:10:31;15:45:01;203.8144,-1605.991,-1605.991;True,Utility,TOWTRUCK,0,0;;;
Franklin;15:10:47;15:45:02;203.8144,-1605.991,-1605.991;True,Utility,TOWTRUCK,0,0;;;
Franklin;15:11:02;15:45:02;203.8144,-1605.991,-1605.991;True,Utility,TOWTRUCK,0,0;;;
Franklin;15:11:18;15:45:03;203.8144,-1605.991,-1605.991;True,Utility,TOWTRUCK,0,0;;;
Franklin;15:11:34;15:45:03;203.8144,-1605.991,-1605.991;True,Utility,TOWTRUCK,0,0;;;
Franklin;15:11:49;15:45:04;203.8144,-1605.991,-1605.991;True,Utility,TOWTRUCK,0,0;;;
Franklin;15:12:05;15:45:04;203.8144,-1605.991,-1605.991;True,Utility,TOWTRUCK,0,0;;;
Franklin;15:12:20;15:45:05;203.8144,-1605.991,-1605.991;True,Utility,TOWTRUCK,0,0;;;
Franklin;15:12:36;15:45:05;203.8144,-1605.991,-1605.991;True,Utility,TOWTRUCK,0,0;;;
Franklin;15:12:52;15:45:06;203.7315,-1605.933,-1605.933;True,Utility,TOWTRUCK,0,8521252,1;;;
Franklin;15:13:07;15:45:06;202.7809,-1605.268,-1605.268;True,Utility,TOWTRUCK,3,568994,1;;;
Franklin;15:13:22;15:45:07;200.6882,-1603.945,-1603.945;True,Utility,TOWTRUCK,6,054564,1;;;
Franklin;15:13:38;15:45:07;197.4449,-1601.989,-1601.989;True,Utility,TOWTRUCK,8,628796,1;;;
Franklin;15:13:53;15:45:08;194.0186,-1600.087,-1600.087;True,Utility,TOWTRUCK,7,124373,1;;;
Franklin;15:14:09;15:45:08;190.4489,-1598.108,-1598.108;True,Utility,TOWTRUCK,8,521811,1;;;
Franklin;15:14:24;15:45:09;186.2262,-1596.01,-1596.01;True,Utility,TOWTRUCK,9,912389,1;;;
Franklin;15:14:40;15:45:09;181.2582,-1593.724,-1593.724;True,Utility,TOWTRUCK,11,1958,1;;;
Franklin;15:14:55;15:45:10;175.7357,-1590.841,-1590.841;True,Utility,TOWTRUCK,12,85548,1;;;
Franklin;15:15:11;15:45:10;169.4621,-1587.431,-1587.431;True,Utility,TOWTRUCK,14,60525,1;;;
Franklin;15:15:27;15:45:11;162.412,-1583.364,-1583.364;True,Utility,TOWTRUCK,16,47292,1;;;
Franklin;15:15:42;15:45:11;155.0723,-1578.482,-1578.482;True,Utility,TOWTRUCK,17,6177,1;;;
Franklin;15:15:58;15:45:12;147.7294,-1572.729,-1572.729;True,Utility,TOWTRUCK,18,588,1;;;
Franklin;15:16:13;15:45:13;140.724,-1567.015,-1567.015;True,Utility,TOWTRUCK,16,96401,1;;;
Franklin;15:16:29;15:45:13;133.7108,-1561.294,-1561.294;True,Utility,TOWTRUCK,17,94518,1;;;
Franklin;15:16:44;15:45:14;126.4128,-1555.322,-1555.322;True,Utility,TOWTRUCK,18,69473,1;;;
Franklin;15:17:00;15:45:14;119.2532,-1549.423,-1549.423;True,Utility,TOWTRUCK,16,53402,0;;;
Franklin;15:17:15;15:45:15;113.2849,-1544.255,-1544.255;True,Utility,TOWTRUCK,14,08486,0;;;
Franklin;15:17:31;15:45:15;108.3076,-1539.473,-1539.473;True,Utility,TOWTRUCK,13,23045,0;;;
Franklin;15:17:46;15:45:16;103.7628,-1535.268,-1535.268;True,Utility,TOWTRUCK,10,91993,0;;;
Franklin;15:18:02;15:45:16;100.0422,-1531.833,-1531.833;True,Utility,TOWTRUCK,8,590328,0;;;
Franklin;15:18:17;15:45:17;97.24369,-1529.209,-1529.209;True,Utility,TOWTRUCK,6,352559,0;;;
Franklin;15:18:33;15:45:17;95.21386,-1527.263,-1527.263;True,Utility,TOWTRUCK,5,323237,1;;;
Franklin;15:18:48;15:45:18;93.71443,-1525.605,-1525.605;True,Utility,TOWTRUCK,4,080711,1;;;
Franklin;15:19:04;15:45:18;92.57009,-1524.633,-1524.633;True,Utility,TOWTRUCK,1,798981,0;;;
Franklin;15:19:19;15:45:19;92.29443,-1524.402,-1524.402;True,Utility,TOWTRUCK,0,04147163,0;;;
Franklin;15:19:35;15:45:19;92.14787,-1524.254,-1524.254;True,Utility,TOWTRUCK,1,395156,1;;;
Franklin;15:19:51;15:45:20;91.09531,-1523.297,-1523.297;True,Utility,TOWTRUCK,3,236001,0;;;
Franklin;15:20:06;15:45:20;90.3841,-1522.528,-1522.528;True,Utility,TOWTRUCK,0,9389927,0;;;
Franklin;15:20:22;15:45:21;90.3305,-1522.445,-1522.445;True,Utility,TOWTRUCK,0,01530343,0;;;
Franklin;15:20:37;15:45:21;90.33001,-1522.446,-1522.446;True,Utility,TOWTRUCK,0,02842941,1;;;
Franklin;15:20:53;15:45:22;90.29508,-1522.404,-1522.404;True,Utility,TOWTRUCK,0,01063385,0;;;
Franklin;15:21:08;15:45:22;90.05297,-1522.155,-1522.155;True,Utility,TOWTRUCK,1,795236,1;;;
Franklin;15:21:24;15:45:23;89.43276,-1521.487,-1521.487;True,Utility,TOWTRUCK,0,847378,0;;;
Franklin;15:21:39;15:45:23;89.38172,-1521.428,-1521.428;True,Utility,TOWTRUCK,0,01748202,0;;;
Franklin;15:21:55;15:45:24;89.38126,-1521.429,-1521.429;True,Utility,TOWTRUCK,0,004038263,0;;;
Franklin;15:22:10;15:45:24;89.38155,-1521.429,-1521.429;True,Utility,TOWTRUCK,0,002031274,0;;;
Franklin;15:22:26;15:45:25;89.38248,-1521.429,-1521.429;True,Utility,TOWTRUCK,0,003072308,0;;;
Franklin;15:22:41;15:45:25;89.38248,-1521.429,-1521.429;True,Utility,TOWTRUCK,0,0;;;
Franklin;15:22:57;15:45:26;89.38248,-1521.429,-1521.429;True,Utility,TOWTRUCK,0,0;;;
Franklin;15:23:13;15:45:26;89.3833,-1521.431,-1521.431;True,Utility,TOWTRUCK,0,04027319,-1;;;
Franklin;15:23:28;15:45:27;89.39246,-1521.44,-1521.44;True,Utility,TOWTRUCK,0,159829,-1;;;
Franklin;15:23:44;15:45:28;89.59274,-1521.642,-1521.642;True,Utility,TOWTRUCK,0,02908967,0;;;
Franklin;15:23:59;15:45:28;89.59198,-1521.645,-1521.645;True,Utility,TOWTRUCK,0,1181207,-1;;;
Franklin;15:24:15;15:45:29;89.6181,-1521.672,-1521.672;True,Utility,TOWTRUCK,0,01042793,0;;;
Franklin;15:24:31;15:45:29;89.61766,-1521.672,-1521.672;True,Utility,TOWTRUCK,0,0;;;
Franklin;15:24:46;15:45:30;89.61766,-1521.672,-1521.672;True,Utility,TOWTRUCK,0,0;;;
Franklin;15:25:02;15:45:30;89.59621,-1521.65,-1521.65;True,Utility,TOWTRUCK,0,01048216,1;;;
Franklin;15:25:17;15:45:31;89.59719,-1521.651,-1521.651;True,Utility,TOWTRUCK,0,005394189,0;;;
Franklin;15:25:33;15:45:31;89.59718,-1521.651,-1521.651;True,Utility,TOWTRUCK,0,0;;;
Franklin;15:25:49;15:45:32;89.59257,-1521.642,-1521.642;True,Utility,TOWTRUCK,0,01683125,1;;;
Franklin;15:26:04;15:45:32;89.59268,-1521.644,-1521.644;True,Utility,TOWTRUCK,0,008038842,0;;;
Franklin;15:26:20;15:45:33;89.59239,-1521.644,-1521.644;True,Utility,TOWTRUCK,0,0;;;
Franklin;15:26:36;15:45:33;89.59239,-1521.644,-1521.644;True,Utility,TOWTRUCK,0,0;;;
Franklin;15:26:51;15:45:34;89.59239,-1521.644,-1521.644;True,Utility,TOWTRUCK,0,0;;;
Franklin;15:27:06;15:45:34;89.59239,-1521.644,-1521.644;True,Utility,TOWTRUCK,0,0;;;
Franklin;15:27:22;15:45:35;89.59239,-1521.644,-1521.644;True,Utility,TOWTRUCK,0,0;;;
Franklin;15:27:37;15:45:35;89.59239,-1521.644,-1521.644;True,Utility,TOWTRUCK,0,0;;;
Franklin;15:27:53;15:45:36;89.57183,-1521.62,-1521.62;True,Utility,TOWTRUCK,0,3580211,1;;;
Franklin;15:28:08;15:45:36;89.52899,-1521.578,-1521.578;True,Utility,TOWTRUCK,0,008497895,0;;;
Franklin;15:28:24;15:45:37;89.52953,-1521.578,-1521.578;True,Utility,TOWTRUCK,0,0;;;
Franklin;15:28:39;15:45:37;89.45765,-1521.501,-1521.501;True,Utility,TOWTRUCK,0,2238756,1;;;
Franklin;15:28:55;15:45:38;89.41446,-1521.45,-1521.45;True,Utility,TOWTRUCK,0,2611962,0;;;
Franklin;15:29:11;15:45:38;89.41166,-1521.446,-1521.446;True,Utility,TOWTRUCK,0,003335772,0;;;
Franklin;15:29:26;15:45:39;89.41167,-1521.446,-1521.446;True,Utility,TOWTRUCK,0,0;;;
Franklin;15:29:42;15:45:39;89.41167,-1521.446,-1521.446;True,Utility,TOWTRUCK,0,0;;;
Franklin;15:29:57;15:45:40;89.41167,-1521.446,-1521.446;True,Utility,TOWTRUCK,0,0;;;
Franklin;15:30:13;15:45:40;89.41167,-1521.446,-1521.446;True,Utility,TOWTRUCK,0,0;;;
Franklin;15:30:28;15:45:41;89.41167,-1521.446,-1521.446;True,Utility,TOWTRUCK,0,0;;;
Franklin;15:30:44;15:45:42;89.41167,-1521.446,-1521.446;True,Utility,TOWTRUCK,0,0;;;
Franklin;15:30:59;15:45:42;89.41167,-1521.446,-1521.446;True,Utility,TOWTRUCK,0,0;;;
Franklin;15:31:15;15:45:43;89.41167,-1521.446,-1521.446;True,Utility,TOWTRUCK,0,0;;;
Franklin;15:31:30;15:45:43;89.41167,-1521.446,-1521.446;True,Utility,TOWTRUCK,0,0;;;
Franklin;15:31:46;15:45:44;89.41167,-1521.446,-1521.446;True,Utility,TOWTRUCK,0,0;;;
Franklin;15:32:01;15:45:44;89.41167,-1521.446,-1521.446;True,Utility,TOWTRUCK,0,0;;;
Franklin;15:32:17;15:45:45;89.41167,-1521.446,-1521.446;True,Utility,TOWTRUCK,0,0;;;
Franklin;15:32:33;15:45:45;89.41167,-1521.446,-1521.446;True,Utility,TOWTRUCK,0,0;;;
Franklin;15:32:48;15:45:46;89.41167,-1521.446,-1521.446;True,Utility,TOWTRUCK,0,0;;;
Franklin;15:33:04;15:45:46;89.41167,-1521.446,-1521.446;True,Utility,TOWTRUCK,0,0;;;
Franklin;15:33:19;15:45:47;89.41167,-1521.446,-1521.446;True,Utility,TOWTRUCK,0,0;;;
Franklin;15:33:35;15:45:47;89.41167,-1521.446,-1521.446;True,Utility,TOWTRUCK,0,0;;;
Franklin;15:33:50;15:45:48;89.40035,-1521.434,-1521.434;True,Utility,TOWTRUCK,0,2182948,1;;;
Franklin;15:34:06;15:45:48;88.90105,-1520.921,-1520.921;True,Utility,TOWTRUCK,2,742748,1;;;
Franklin;15:34:21;15:45:49;87.39767,-1519.294,-1519.294;True,Utility,TOWTRUCK,5,659427,1;;;
Franklin;15:34:37;15:45:49;85.17137,-1516.525,-1516.525;True,Utility,TOWTRUCK,8,515967,1;;;
Franklin;15:34:52;15:45:50;83.19597,-1513.189,-1513.189;True,Utility,TOWTRUCK,6,586994,1;;;
Franklin;15:35:08;15:45:50;82.56526,-1509.618,-1509.618;True,Utility,TOWTRUCK,7,703348,1;;;
Franklin;15:35:23;15:45:51;82.23495,-1505.266,-1505.266;True,Utility,TOWTRUCK,9,177597,1;;;
Franklin;15:35:39;15:45:51;82.69007,-1500.165,-1500.165;True,Utility,TOWTRUCK,9,922141,1;;;
Franklin;15:35:54;15:45:52;85.34276,-1495.508,-1495.508;True,Utility,TOWTRUCK,11,20914,1;;;
Franklin;15:36:10;15:45:52;89.28973,-1490.475,-1490.475;True,Utility,TOWTRUCK,13,33198,1;;;
Franklin;15:36:26;15:45:53;93.79408,-1484.924,-1484.924;True,Utility,TOWTRUCK,13,89659,1;;;
Franklin;15:36:41;15:45:53;98.23148,-1479.925,-1479.925;True,Utility,TOWTRUCK,12,2826,1;;;
Franklin;15:36:57;15:45:54;102.6574,-1474.924,-1474.924;True,Utility,TOWTRUCK,13,828,1;;;
Franklin;15:37:12;15:45:54;107.1923,-1468.834,-1468.834;True,Utility,TOWTRUCK,15,84171,1;;;
Franklin;15:37:27;15:45:55;112.3841,-1461.655,-1461.655;True,Utility,TOWTRUCK,17,85819,1;;;
Franklin;15:37:43;15:45:56;117.8695,-1454.056,-1454.056;True,Utility,TOWTRUCK,17,55459,0;;;
Franklin;15:37:58;15:45:56;123.0076,-1447.029,-1447.029;True,Utility,TOWTRUCK,17,28787,1;;;
Franklin;15:38:14;15:45:57;128.2813,-1439.865,-1439.865;True,Utility,TOWTRUCK,16,0002,0;;;
Franklin;15:38:30;15:45:57;132.876,-1433.659,-1433.659;True,Utility,TOWTRUCK,13,61474,0;;;
Franklin;15:38:45;15:45:58;136.5325,-1428.488,-1428.488;True,Utility,TOWTRUCK,9,683825,0;;;
Franklin;15:39:01;15:45:58;138.5506,-1425.723,-1425.723;True,Utility,TOWTRUCK,4,375343,0;;;
Franklin;15:39:16;15:45:59;140.0967,-1424.749,-1424.749;True,Utility,TOWTRUCK,2,620641,0;;;
Franklin;15:39:32;15:45:59;140.8362,-1424.491,-1424.491;True,Utility,TOWTRUCK,0,4186129,0;;;
Franklin;15:39:47;15:46:00;140.8446,-1424.532,-1424.532;True,Utility,TOWTRUCK,0,01780657,0;;;
Franklin;15:40:03;15:46:00;140.8204,-1424.539,-1424.539;True,Utility,TOWTRUCK,0,2103236,1;;;
Franklin;15:40:18;15:46:01;140.9449,-1424.468,-1424.468;True,Utility,TOWTRUCK,1,180569,1;;;
Franklin;15:40:34;15:46:01;142.2434,-1423.589,-1423.589;True,Utility,TOWTRUCK,4,430678,0;;;
Franklin;15:40:49;15:46:02;143.6412,-1422.643,-1422.643;True,Utility,TOWTRUCK,2,099017,0;;;
Franklin;15:41:05;15:46:02;144.022,-1422.087,-1422.087;True,Utility,TOWTRUCK,1,389597,1;;;
Franklin;15:41:21;15:46:03;144.4617,-1421.405,-1421.405;True,Utility,TOWTRUCK,0,7188094,0;;;
Franklin;15:41:36;15:46:03;144.4943,-1421.361,-1421.361;True,Utility,TOWTRUCK,0,01796525,0;;;
Franklin;15:41:52;15:46:04;144.5148,-1421.332,-1421.332;True,Utility,TOWTRUCK,0,3286156,1;;;
Franklin;15:42:07;15:46:04;144.5892,-1421.211,-1421.211;True,Utility,TOWTRUCK,0,03633297,0;;;
Franklin;15:42:23;15:46:05;144.6048,-1421.198,-1421.198;True,Utility,TOWTRUCK,0,2529214,1;;;
Franklin;15:42:39;15:46:05;145.0861,-1420.636,-1420.636;True,Utility,TOWTRUCK,2,828281,1;;;
Franklin;15:42:54;15:46:06;146.3383,-1418.95,-1418.95;True,Utility,TOWTRUCK,5,23443,1;;;
Franklin;15:43:09;15:46:06;147.9463,-1416.094,-1416.094;True,Utility,TOWTRUCK,7,584969,1;;;
Franklin;15:43:25;15:46:07;149.6967,-1412.273,-1412.273;True,Utility,TOWTRUCK,7,366266,0;;;
Franklin;15:43:41;15:46:07;150.7511,-1408.742,-1408.742;True,Utility,TOWTRUCK,7,578345,1;;;
Franklin;15:43:56;15:46:08;151.398,-1404.561,-1404.561;True,Utility,TOWTRUCK,8,842287,1;;;
Franklin;15:44:12;15:46:08;151.4283,-1399.611,-1399.611;True,Utility,TOWTRUCK,10,15977,1;;;
Franklin;15:44:27;15:46:09;150.5934,-1394.082,-1394.082;True,Utility,TOWTRUCK,11,34791,1;;;
Franklin;15:44:43;15:46:10;148.4796,-1388.124,-1388.124;True,Utility,TOWTRUCK,12,6739,1;;;
Franklin;15:44:58;15:46:10;144.9926,-1382.186,-1382.186;True,Utility,TOWTRUCK,14,05203,1;;;
Franklin;15:45:14;15:46:11;140.439,-1376.124,-1376.124;True,Utility,TOWTRUCK,15,03334,1;;;
Franklin;15:45:30;15:46:11;134.5886,-1370.521,-1370.521;True,Utility,TOWTRUCK,16,23969,1;;;
Franklin;15:45:45;15:46:12;127.7334,-1365.092,-1365.092;True,Utility,TOWTRUCK,17,47246,1;;;
Franklin;15:46:01;15:46:12;120.3053,-1359.388,-1359.388;True,Utility,TOWTRUCK,18,38043,1;;;
Franklin;15:46:16;15:46:13;113.206,-1353.447,-1353.447;True,Utility,TOWTRUCK,16,58406,0;;;
Franklin;15:46:32;15:46:13;107.5479,-1346.705,-1346.705;True,Utility,TOWTRUCK,17,1406,1;;;
Franklin;15:46:48;15:46:14;102.4908,-1339.042,-1339.042;True,Utility,TOWTRUCK,18,08807,1;;;
Franklin;15:47:03;15:46:14;97.41613,-1330.916,-1330.916;True,Utility,TOWTRUCK,18,99658,1;;;
Franklin;15:47:19;15:46:15;92.00619,-1322.124,-1322.124;True,Utility,TOWTRUCK,20,32105,1;;;
Franklin;15:47:34;15:46:15;86.3923,-1313.026,-1313.026;True,Utility,TOWTRUCK,21,27428,1;;;
Franklin;15:47:50;15:46:16;80.5713,-1303.429,-1303.429;True,Utility,TOWTRUCK,22,10228,1;;;
Franklin;15:48:05;15:46:16;75.3714,-1293.099,-1293.099;True,Utility,TOWTRUCK,22,81594,1;;;
Franklin;15:48:21;15:46:17;71.27284,-1282.561,-1282.561;True,Utility,TOWTRUCK,20,74758,0;;;
Franklin;15:48:36;15:46:17;69.77107,-1272.657,-1272.657;True,Utility,TOWTRUCK,18,96056,1;;;
Franklin;15:48:51;15:46:18;70.03732,-1262.782,-1262.782;True,Utility,TOWTRUCK,19,70328,1;;;
Franklin;15:49:07;15:46:18;71.10422,-1252.464,-1252.464;True,Utility,TOWTRUCK,20,46761,1;;;
Franklin;15:49:22;15:46:19;71.93246,-1241.684,-1241.684;True,Utility,TOWTRUCK,21,43514,1;;;
Franklin;15:49:38;15:46:19;72.55786,-1230.471,-1230.471;True,Utility,TOWTRUCK,22,15801,1;;;
Franklin;15:49:54;15:46:20;73.26543,-1218.42,-1218.42;True,Utility,TOWTRUCK,23,66851,0;;;
Franklin;15:50:09;15:46:20;73.53318,-1206.898,-1206.898;True,Utility,TOWTRUCK,21,09693,0;;;
Franklin;15:50:25;15:46:21;73.20856,-1196.566,-1196.566;True,Utility,TOWTRUCK,18,60049,0;;;
Franklin;15:50:40;15:46:21;72.79394,-1187.523,-1187.523;True,Utility,TOWTRUCK,16,15567,0;;;
Franklin;15:50:56;15:46:22;72.44684,-1179.773,-1179.773;True,Utility,TOWTRUCK,13,77197,0;;;
Franklin;15:51:12;15:46:22;72.13824,-1173.243,-1173.243;True,Utility,TOWTRUCK,11,36709,0;;;
Franklin;15:51:27;15:46:23;71.671,-1167.966,-1167.966;True,Utility,TOWTRUCK,8,887356,0;;;
Franklin;15:51:43;15:46:23;71.29356,-1164.078,-1164.078;True,Utility,TOWTRUCK,6,27651,0;;;
Franklin;15:51:58;15:46:24;70.99406,-1160.97,-1160.97;True,Utility,TOWTRUCK,5,225306,0;;;
Franklin;15:52:14;15:46:25;70.88152,-1158.86,-1158.86;True,Utility,TOWTRUCK,2,967893,0;;;
Franklin;15:52:29;15:46:25;70.79807,-1157.217,-1157.217;True,Utility,TOWTRUCK,3,885175,0;;;
Franklin;15:52:45;15:46:26;70.73952,-1155.793,-1155.793;True,Utility,TOWTRUCK,1,64434,0;;;
Franklin;15:53:00;15:46:26;70.77706,-1155.224,-1155.224;True,Utility,TOWTRUCK,0,5387909,0;;;
Franklin;15:53:16;15:46:27;70.78118,-1155.195,-1155.195;True,Utility,TOWTRUCK,0,006623347,0;;;
Franklin;15:53:32;15:46:27;70.78091,-1155.195,-1155.195;True,Utility,TOWTRUCK,0,005498296,0;;;
Franklin;15:53:47;15:46:28;70.78245,-1155.168,-1155.168;True,Utility,TOWTRUCK,0,01328728,1;;;
Franklin;15:54:03;15:46:28;70.78947,-1155.179,-1155.179;True,Utility,TOWTRUCK,0,005072017,1;;;
Franklin;15:54:18;15:46:29;70.78054,-1155.171,-1155.171;True,Utility,TOWTRUCK,0,007010513,0;;;
Franklin;15:54:34;15:46:29;70.77978,-1155.171,-1155.171;True,Utility,TOWTRUCK,0,0;;;
Franklin;15:54:50;15:46:30;70.77978,-1155.171,-1155.171;True,Utility,TOWTRUCK,0,0;;;
Franklin;15:55:05;15:46:30;70.77978,-1155.171,-1155.171;True,Utility,TOWTRUCK,0,0;;;
Franklin;15:55:21;15:46:31;70.77978,-1155.171,-1155.171;True,Utility,TOWTRUCK,0,0;;;
Franklin;15:55:36;15:46:31;70.77978,-1155.171,-1155.171;True,Utility,TOWTRUCK,0,0;;;
Franklin;15:55:52;15:46:32;70.77978,-1155.171,-1155.171;True,Utility,TOWTRUCK,0,0;;;
Franklin;15:56:07;15:46:32;70.77947,-1155.166,-1155.166;True,Utility,TOWTRUCK,0,005076865,1;;;
Franklin;15:56:23;15:46:33;70.77943,-1155.166,-1155.166;True,Utility,TOWTRUCK,0,0;;;
Franklin;15:56:39;15:46:33;70.77943,-1155.166,-1155.166;True,Utility,TOWTRUCK,0,0;;;
Franklin;15:56:54;15:46:34;70.77943,-1155.166,-1155.166;True,Utility,TOWTRUCK,0,0;;;
Franklin;15:57:10;15:46:34;70.77943,-1155.166,-1155.166;True,Utility,TOWTRUCK,0,0;;;
Franklin;15:57:25;15:46:35;70.77943,-1155.166,-1155.166;True,Utility,TOWTRUCK,0,0;;;
Franklin;15:57:41;15:46:35;70.77943,-1155.166,-1155.166;True,Utility,TOWTRUCK,0,0;;;
Franklin;15:57:56;15:46:36;70.77943,-1155.166,-1155.166;True,Utility,TOWTRUCK,0,0;;;
Franklin;15:58:12;15:46:36;70.77943,-1155.166,-1155.166;True,Utility,TOWTRUCK,0,0;;;
Franklin;15:58:27;15:46:37;70.77943,-1155.166,-1155.166;True,Utility,TOWTRUCK,0,0;;;
Franklin;15:58:43;15:46:37;70.77943,-1155.166,-1155.166;True,Utility,TOWTRUCK,0,0;;;
Franklin;15:58:58;15:46:38;70.77943,-1155.166,-1155.166;True,Utility,TOWTRUCK,0,0;;;
Franklin;15:59:14;15:46:39;70.77943,-1155.166,-1155.166;True,Utility,TOWTRUCK,0,0;;;
Franklin;15:59:29;15:46:39;70.77943,-1155.166,-1155.166;True,Utility,TOWTRUCK,0,0;;;
Franklin;15:59:45;15:46:40;70.77943,-1155.166,-1155.166;True,Utility,TOWTRUCK,0,0;;;
Franklin;16:00:01;15:46:40;70.77943,-1155.166,-1155.166;True,Utility,TOWTRUCK,0,0;;;
Franklin;16:00:16;15:46:41;70.77943,-1155.166,-1155.166;True,Utility,TOWTRUCK,0,0;;;
Franklin;16:00:32;15:46:41;70.77943,-1155.166,-1155.166;True,Utility,TOWTRUCK,0,0;;;
Franklin;16:00:47;15:46:42;70.77943,-1155.166,-1155.166;True,Utility,TOWTRUCK,0,0;;;
Franklin;16:01:03;15:46:42;70.77943,-1155.166,-1155.166;True,Utility,TOWTRUCK,0,0;;;
Franklin;16:01:18;15:46:43;70.77943,-1155.166,-1155.166;True,Utility,TOWTRUCK,0,0;;;
Franklin;16:01:34;15:46:43;70.77943,-1155.166,-1155.166;True,Utility,TOWTRUCK,0,0;;;
Franklin;16:01:49;15:46:44;70.77943,-1155.166,-1155.166;True,Utility,TOWTRUCK,0,0;;;
Franklin;16:02:05;15:46:44;70.77655,-1155.095,-1155.095;True,Utility,TOWTRUCK,0,6673456,1;;;
Franklin;16:02:20;15:46:45;70.74583,-1154.217,-1154.217;True,Utility,TOWTRUCK,1,575285,0;;;
Franklin;16:02:36;15:46:45;70.73649,-1154.008,-1154.008;True,Utility,TOWTRUCK,0,02704467,0;;;
Franklin;16:02:51;15:46:46;70.73637,-1154.009,-1154.009;True,Utility,TOWTRUCK,0,002229454,0;;;
Franklin;16:03:07;15:46:46;70.73634,-1154.009,-1154.009;True,Utility,TOWTRUCK,0,00193668,0;;;
Franklin;16:03:23;15:46:47;70.73634,-1154.009,-1154.009;True,Utility,TOWTRUCK,0,00309046,0;;;
Franklin;16:03:38;15:46:47;70.73611,-1154.004,-1154.004;True,Utility,TOWTRUCK,0,003665748,1;;;
Franklin;16:03:53;15:46:48;70.73608,-1154.004,-1154.004;True,Utility,TOWTRUCK,0,003312877,0;;;
Franklin;16:04:09;15:46:48;70.73607,-1154.004,-1154.004;True,Utility,TOWTRUCK,0,0;;;
Franklin;16:04:24;15:46:49;70.73605,-1153.997,-1153.997;True,Utility,TOWTRUCK,0,1102004,1;;;
Franklin;16:04:40;15:46:49;70.71632,-1153.408,-1153.408;True,Utility,TOWTRUCK,2,47187,1;;;
Franklin;16:04:56;15:46:50;70.65321,-1151.394,-1151.394;True,Utility,TOWTRUCK,5,159254,1;;;
Franklin;16:05:11;15:46:50;70.55293,-1148.043,-1148.043;True,Utility,TOWTRUCK,7,693671,1;;;
Franklin;16:05:27;15:46:51;70.43997,-1143.894,-1143.894;True,Utility,TOWTRUCK,7,158738,0;;;
Franklin;16:05:42;15:46:51;70.6009,-1140.099,-1140.099;True,Utility,TOWTRUCK,7,980564,1;;;
Franklin;16:05:58;15:46:52;70.8642,-1135.579,-1135.579;True,Utility,TOWTRUCK,9,548575,1;;;
Franklin;16:06:14;15:46:53;71.53264,-1130.308,-1130.308;True,Utility,TOWTRUCK,10,85102,1;;;
Franklin;16:06:29;15:46:53;72.51582,-1124.173,-1124.173;True,Utility,TOWTRUCK,13,23921,1;;;
Franklin;16:06:45;15:46:54;73.6593,-1116.844,-1116.844;True,Utility,TOWTRUCK,15,27512,1;;;
Franklin;16:07:00;15:46:54;75.07439,-1108.687,-1108.687;True,Utility,TOWTRUCK,16,77569,1;;;
Franklin;16:07:16;15:46:55;77.09591,-1099.789,-1099.789;True,Utility,TOWTRUCK,18,09689,1;;;
Franklin;16:07:31;15:46:55;79.44448,-1090.715,-1090.715;True,Utility,TOWTRUCK,17,357,0;;;
Franklin;16:07:47;15:46:56;82.09872,-1082.479,-1082.479;True,Utility,TOWTRUCK,15,80791,0;;;
Franklin;16:08:02;15:46:56;84.93792,-1075.367,-1075.367;True,Utility,TOWTRUCK,13,92788,0;;;
Franklin;16:08:18;15:46:57;87.64899,-1068.897,-1068.897;True,Utility,TOWTRUCK,12,59835,1;;;
Franklin;16:08:34;15:46:57;90.21471,-1062.818,-1062.818;True,Utility,TOWTRUCK,12,51556,1;;;
Franklin;16:08:49;15:46:58;93.07098,-1056.557,-1056.557;True,Utility,TOWTRUCK,13,8025,1;;;
Franklin;16:09:05;15:46:58;96.64846,-1049.825,-1049.825;True,Utility,TOWTRUCK,15,53647,1;;;
Franklin;16:09:20;15:46:59;100.5651,-1042.632,-1042.632;True,Utility,TOWTRUCK,15,1279,0;;;
Franklin;16:09:36;15:46:59;103.6607,-1036.174,-1036.174;True,Utility,TOWTRUCK,12,76177,0;;;
Franklin;16:09:51;15:47:00;105.883,-1030.962,-1030.962;True,Utility,TOWTRUCK,8,943496,0;;;
Franklin;16:10:07;15:47:00;107.0884,-1027.891,-1027.891;True,Utility,TOWTRUCK,5,067868,0;;;
Franklin;16:10:22;15:47:01;107.4569,-1026.822,-1026.822;True,Utility,TOWTRUCK,0,2784698,-1;;;
Franklin;16:10:38;15:47:01;107.3329,-1027.028,-1027.028;True,Utility,TOWTRUCK,0,02263896,0;;;
Franklin;16:10:54;15:47:02;107.3327,-1027.023,-1027.023;True,Utility,TOWTRUCK,0,004415809,0;;;
Franklin;16:11:09;15:47:02;107.3328,-1027.023,-1027.023;True,Utility,TOWTRUCK,0,004484072,0;;;
Franklin;16:11:25;15:47:03;107.3329,-1027.022,-1027.022;True,Utility,TOWTRUCK,0,005044212,0;;;
Franklin;16:11:40;15:47:03;107.333,-1027.022,-1027.022;True,Utility,TOWTRUCK,0,004155934,0;;;
Franklin;16:11:56;15:47:04;107.333,-1027.022,-1027.022;True,Utility,TOWTRUCK,0,004302949,0;;;
Franklin;16:11:58;15:47:48;107.333,-1027.022,-1027.022;True,Utility,TOWTRUCK,0,004314815,0;;;
Franklin;16:12:13;15:47:48;107.3329,-1027.022,-1027.022;True,Utility,TOWTRUCK,0,00298812,0;;;
Franklin;16:12:29;15:47:49;107.3341,-1027.02,-1027.02;True,Utility,TOWTRUCK,0,05525646,1;;;
Franklin;16:12:45;15:47:49;107.4835,-1026.645,-1026.645;True,Utility,TOWTRUCK,1,029475,0;;;
Franklin;16:13:01;15:47:50;107.4404,-1026.752,-1026.752;True,Utility,TOWTRUCK,1,281356,-1;;;
Franklin;16:13:16;15:47:50;107.2499,-1027.244,-1027.244;True,Utility,TOWTRUCK,0,0300756,1;;;
Franklin;16:13:32;15:47:51;107.2504,-1027.237,-1027.237;True,Utility,TOWTRUCK,0,004726495,0;;;
Franklin;16:13:47;15:47:51;107.2504,-1027.237,-1027.237;True,Utility,TOWTRUCK,0,0;;;
Franklin;16:14:03;15:47:52;107.2504,-1027.237,-1027.237;True,Utility,TOWTRUCK,0,0;;;
Franklin;16:14:18;15:47:52;107.2504,-1027.237,-1027.237;True,Utility,TOWTRUCK,0,0;;;
Franklin;16:14:34;15:47:53;107.2504,-1027.237,-1027.237;True,Utility,TOWTRUCK,0,0;;;
Franklin;16:14:49;15:47:54;107.2504,-1027.237,-1027.237;True,Utility,TOWTRUCK,0,0;;;
Franklin;16:15:05;15:47:54;107.2504,-1027.237,-1027.237;True,Utility,TOWTRUCK,0,0;;;
Franklin;16:15:20;15:47:55;107.2504,-1027.237,-1027.237;True,Utility,TOWTRUCK,0,0;;;
Franklin;16:15:36;15:47:55;107.2504,-1027.237,-1027.237;True,Utility,TOWTRUCK,0,0;;;
Franklin;16:15:52;15:47:56;107.2504,-1027.237,-1027.237;True,Utility,TOWTRUCK,0,0;;;
Franklin;16:16:07;15:47:56;107.2504,-1027.237,-1027.237;True,Utility,TOWTRUCK,0,0;;;
Franklin;16:16:23;15:47:57;107.2504,-1027.237,-1027.237;True,Utility,TOWTRUCK,0,0;;;
Franklin;16:16:38;15:47:57;107.2504,-1027.237,-1027.237;True,Utility,TOWTRUCK,0,0;;;
Franklin;16:16:53;15:47:58;107.2504,-1027.237,-1027.237;True,Utility,TOWTRUCK,0,0;;;
Franklin;16:17:09;15:47:58;107.2504,-1027.237,-1027.237;True,Utility,TOWTRUCK,0,0;;;
Franklin;16:17:25;15:47:59;107.2504,-1027.237,-1027.237;True,Utility,TOWTRUCK,0,0;;;
Franklin;16:17:40;15:47:59;107.2504,-1027.237,-1027.237;True,Utility,TOWTRUCK,0,0;;;
Franklin;16:17:56;15:48:00;107.2504,-1027.237,-1027.237;True,Utility,TOWTRUCK,0,0;;;
Franklin;16:18:11;15:48:00;107.2504,-1027.237,-1027.237;True,Utility,TOWTRUCK,0,0;;;
Franklin;16:18:27;15:48:01;107.2504,-1027.237,-1027.237;True,Utility,TOWTRUCK,0,0;;;
Franklin;16:18:43;15:48:01;107.2504,-1027.237,-1027.237;True,Utility,TOWTRUCK,0,0;;;
Franklin;16:18:58;15:48:02;107.2504,-1027.237,-1027.237;True,Utility,TOWTRUCK,0,0;;;
Franklin;16:19:14;15:48:02;107.2504,-1027.237,-1027.237;True,Utility,TOWTRUCK,0,0;;;
Franklin;16:19:29;15:48:03;107.2504,-1027.237,-1027.237;True,Utility,TOWTRUCK,0,0;;;
Franklin;16:19:45;15:48:03;107.2504,-1027.237,-1027.237;True,Utility,TOWTRUCK,0,0;;;
Franklin;16:20:00;15:48:04;107.2504,-1027.237,-1027.237;True,Utility,TOWTRUCK,0,0;;;
Franklin;16:20:16;15:48:04;107.2504,-1027.237,-1027.237;True,Utility,TOWTRUCK,0,0;;;
Franklin;16:20:32;15:48:05;107.2504,-1027.237,-1027.237;True,Utility,TOWTRUCK,0,0;;;
Franklin;16:20:47;15:48:05;107.2504,-1027.237,-1027.237;True,Utility,TOWTRUCK,0,0;;;
Franklin;16:21:03;15:48:06;107.2504,-1027.237,-1027.237;True,Utility,TOWTRUCK,0,0;;;
Franklin;16:21:18;15:48:06;107.2504,-1027.237,-1027.237;True,Utility,TOWTRUCK,0,0;;;
Franklin;16:21:34;15:48:07;107.2504,-1027.237,-1027.237;True,Utility,TOWTRUCK,0,0;;;
Franklin;16:21:49;15:48:08;107.2504,-1027.237,-1027.237;True,Utility,TOWTRUCK,0,0;;;
Franklin;16:22:05;15:48:08;107.2504,-1027.237,-1027.237;True,Utility,TOWTRUCK,0,0;;;
Franklin;16:22:20;15:48:09;107.2504,-1027.237,-1027.237;True,Utility,TOWTRUCK,0,0;;;
Franklin;16:22:36;15:48:09;107.2504,-1027.237,-1027.237;True,Utility,TOWTRUCK,0,0;;;
Franklin;16:22:51;15:48:10;107.2504,-1027.237,-1027.237;True,Utility,TOWTRUCK,0,0;;;
Franklin;16:23:07;15:48:10;107.2504,-1027.237,-1027.237;True,Utility,TOWTRUCK,0,0;;;
Franklin;16:23:23;15:48:11;107.3009,-1027.111,-1027.111;True,Utility,TOWTRUCK,1,035812,1;;;
Franklin;16:23:38;15:48:11;107.775,-1025.931,-1025.931;True,Utility,TOWTRUCK,3,835748,1;;;
Franklin;16:23:54;15:48:12;108.6953,-1023.432,-1023.432;True,Utility,TOWTRUCK,6,281518,1;;;
Franklin;16:24:09;15:48:12;109.9747,-1019.709,-1019.709;True,Utility,TOWTRUCK,8,47193,0;;;
Franklin;16:24:25;15:48:13;111.2168,-1016.082,-1016.082;True,Utility,TOWTRUCK,7,209073,1;;;
Franklin;16:24:41;15:48:13;112.5473,-1012.162,-1012.162;True,Utility,TOWTRUCK,8,592776,1;;;
Franklin;16:24:56;15:48:14;114.1897,-1007.604,-1007.604;True,Utility,TOWTRUCK,10,11261,1;;;
Franklin;16:25:12;15:48:14;116.2519,-1002.368,-1002.368;True,Utility,TOWTRUCK,11,57431,1;;;
Franklin;16:25:27;15:48:15;118.6734,-996.3563,-996.3563;True,Utility,TOWTRUCK,13,37083,1;;;
Franklin;16:25:43;15:48:15;121.0227,-989.9275,-989.9275;True,Utility,TOWTRUCK,12,33597,0;;;
Franklin;16:25:58;15:48:16;122.8058,-984.2795,-984.2795;True,Utility,TOWTRUCK,11,16567,1;;;
Franklin;16:26:14;15:48:16;124.7773,-978.4719,-978.4719;True,Utility,TOWTRUCK,12,54705,1;;;
Franklin;16:26:29;15:48:17;127.1511,-971.9374,-971.9374;True,Utility,TOWTRUCK,14,22882,1;;;
Franklin;16:26:45;15:48:17;129.7853,-964.7346,-964.7346;True,Utility,TOWTRUCK,15,45458,1;;;
Franklin;16:27:01;15:48:18;132.7115,-956.7889,-956.7889;True,Utility,TOWTRUCK,16,79374,1;;;
Franklin;16:27:16;15:48:18;135.8883,-948.2194,-948.2194;True,Utility,TOWTRUCK,18,26622,1;;;
Franklin;16:27:32;15:48:19;139.1265,-939.3366,-939.3366;True,Utility,TOWTRUCK,16,89682,0;;;
Franklin;16:27:48;15:48:19;141.4347,-930.8238,-930.8238;True,Utility,TOWTRUCK,17,04801,1;;;
Franklin;16:28:03;15:48:20;144.4429,-922.2139,-922.2139;True,Utility,TOWTRUCK,17,94268,1;;;
Franklin;16:28:19;15:48:21;148.1438,-913.3986,-913.3986;True,Utility,TOWTRUCK,18,7668,1;;;
Franklin;16:28:34;15:48:21;151.6395,-904.129,-904.129;True,Utility,TOWTRUCK,19,6034,1;;;
Franklin;16:28:50;15:48:22;155.2332,-894.3906,-894.3906;True,Utility,TOWTRUCK,19,09783,0;Okay, I seen JB do this a hundred times.;Tonya;TOW_EKAA
Franklin;16:29:06;15:48:22;159.2663,-886.0624,-886.0624;True,Utility,TOWTRUCK,16,44477,0;;;
Franklin;16:29:21;15:48:23;163.5123,-879.3842,-879.3842;True,Utility,TOWTRUCK,13,93415,0;;;
Franklin;16:29:37;15:48:23;166.9783,-873.1818,-873.1818;True,Utility,TOWTRUCK,13,924,1;;;
Franklin;16:29:53;15:48:24;169.8312,-866.1597,-866.1597;True,Utility,TOWTRUCK,15,20844,1;;;
Franklin;16:30:08;15:48:24;172.6619,-858.9946,-858.9946;True,Utility,TOWTRUCK,13,79747,0;;;
Franklin;16:30:24;15:48:25;175.2886,-853.0146,-853.0146;True,Utility,TOWTRUCK,11,39124,0;Back up close, make sure the hook is down,;Tonya;TOW_EKAB
Franklin;16:30:40;15:48:25;177.6804,-847.6487,-847.6487;True,Utility,TOWTRUCK,11,10636,1;;;
Franklin;16:30:55;15:48:26;180.7203,-842.5674,-842.5674;True,Utility,TOWTRUCK,10,83341,0;;;
Franklin;16:31:11;15:48:26;184.3856,-839.421,-839.421;True,Utility,TOWTRUCK,7,914645,1;;;
Franklin;16:31:27;15:48:27;188.7493,-838.3794,-838.3794;True,Utility,TOWTRUCK,9,792886,1;;;
Franklin;16:31:42;15:48:27;194.284,-838.7091,-838.7091;True,Utility,TOWTRUCK,11,58455,1;;;
Franklin;16:31:58;15:48:28;200.6371,-840.3146,-840.3146;True,Utility,TOWTRUCK,13,61448,1;and it should slide right in.;Tonya;TOW_EKAC
Franklin;16:32:14;15:48:28;207.9671,-842.5062,-842.5062;True,Utility,TOWTRUCK,15,19486,0;;;
Franklin;16:32:29;15:48:29;214.8215,-845.0714,-845.0714;True,Utility,TOWTRUCK,12,92226,0;;;
Franklin;16:32:45;15:48:29;220.6644,-847.7853,-847.7853;True,Utility,TOWTRUCK,11,67402,0;;;
Franklin;16:33:00;15:48:30;225.542,-851.1231,-851.1231;True,Utility,TOWTRUCK,10,66663,0;;;
Franklin;16:33:16;15:48:30;229.4461,-854.469,-854.469;True,Utility,TOWTRUCK,10,1545,1;;;
Franklin;16:33:32;15:48:31;233.7641,-856.6597,-856.6597;True,Utility,TOWTRUCK,8,131095,0;;;
Franklin;16:33:47;15:48:31;236.9422,-857.7203,-857.7203;True,Utility,TOWTRUCK,3,646765,0;;;
Franklin;16:34:03;15:48:32;237.3378,-857.8501,-857.8501;True,Utility,TOWTRUCK,0,7756819,-1;;;
Franklin;16:34:18;15:48:33;236.2653,-857.4764,-857.4764;True,Utility,TOWTRUCK,3,653307,-1;;;
Franklin;16:34:34;15:48:33;233.9996,-856.4793,-856.4793;True,Utility,TOWTRUCK,4,729852,0;;;
Franklin;16:34:49;15:48:34;232.0227,-855.7434,-855.7434;True,Utility,TOWTRUCK,4,389452,-1;;;
Franklin;16:35:05;15:48:34;229.7534,-855.1284,-855.1284;True,Utility,TOWTRUCK,3,611612,0;;;
Franklin;16:35:21;15:48:35;228.5665,-854.8092,-854.8092;True,Utility,TOWTRUCK,1,132316,0;;;
Franklin;16:35:36;15:48:35;227.8542,-854.6279,-854.6279;True,Utility,TOWTRUCK,2,312778,-1;;;
Franklin;16:35:52;15:48:36;227.0262,-854.4006,-854.4006;True,Utility,TOWTRUCK,0,4738222,0;;;
Franklin;16:36:07;15:48:36;227.0109,-854.3974,-854.3974;True,Utility,TOWTRUCK,0,006689297,0;A'ight, baby, back it up nice and steady.;Tonya;TOW_ELAA
Franklin;16:36:23;15:48:37;227.0484,-854.4073,-854.4073;True,Utility,TOWTRUCK,0,3942412,1;;;
Franklin;16:36:38;15:48:37;227.7631,-854.5886,-854.5886;True,Utility,TOWTRUCK,2,277772,1;;;
Franklin;16:36:54;15:48:38;229.382,-854.9494,-854.9494;True,Utility,TOWTRUCK,3,845811,1;;;
Franklin;16:37:10;15:48:38;231.7735,-855.1749,-855.1749;True,Utility,TOWTRUCK,5,412633,1;;;
Franklin;16:37:25;15:48:39;234.9942,-855.4741,-855.4741;True,Utility,TOWTRUCK,7,04215,1;;;
Franklin;16:37:41;15:48:39;239.0317,-855.8271,-855.8271;True,Utility,TOWTRUCK,8,627851,1;;;
Franklin;16:37:56;15:48:40;243.9612,-856.4147,-856.4147;True,Utility,TOWTRUCK,10,68974,1;;;
Franklin;16:38:12;15:48:40;249.907,-857.5004,-857.5004;True,Utility,TOWTRUCK,12,34495,1;;;
Franklin;16:38:27;15:48:41;256.4109,-859.739,-859.739;True,Utility,TOWTRUCK,14,01705,1;Okay, we are in, baby. Let's get this back to the lot.;Tonya;TOW_ENAA
Franklin;16:38:43;15:48:41;262.79,-863.4329,-863.4329;True,Utility,TOWTRUCK,14,05646,0;;;
Franklin;16:38:59;15:48:42;267.5251,-868.1194,-868.1194;True,Utility,TOWTRUCK,11,96856,1;;;
Franklin;16:39:14;15:48:42;269.6209,-873.4977,-873.4977;True,Utility,TOWTRUCK,10,00295,0;;;
Franklin;16:39:30;15:48:43;268.8702,-878.2622,-878.2622;True,Utility,TOWTRUCK,9,388807,1;;;
Franklin;16:39:45;15:48:43;267.2768,-882.8383,-882.8383;True,Utility,TOWTRUCK,9,584442,1;;;
Franklin;16:40:01;15:48:44;265.6055,-887.8267,-887.8267;True,Utility,TOWTRUCK,10,54009,1;;;
Franklin;16:40:16;15:48:44;263.8681,-893.2948,-893.2948;True,Utility,TOWTRUCK,10,78675,0;;;
Franklin;16:40:32;15:48:45;262.3648,-898.0919,-898.0919;True,Utility,TOWTRUCK,8,600693,0;Man, this was not how I saw my day going.;Franklin;TOW_ENAB
Franklin;16:40:47;15:48:45;261.1855,-901.8043,-901.8043;True,Utility,TOWTRUCK,6,711035,1;;;
Franklin;16:41:03;15:48:46;260.1859,-904.8997,-904.8997;True,Utility,TOWTRUCK,5,844532,1;;;
Franklin;16:41:19;15:48:47;259.7936,-908.0236,-908.0236;True,Utility,TOWTRUCK,6,051852,1;;;
Franklin;16:41:34;15:48:47;259.638,-911.5894,-911.5894;True,Utility,TOWTRUCK,7,579806,1;;;
Franklin;16:41:50;15:48:48;259.3069,-915.8068,-915.8068;True,Utility,TOWTRUCK,8,682727,1;;;
Franklin;16:42:05;15:48:48;258.3846,-920.6168,-920.6168;True,Utility,TOWTRUCK,10,24445,1;;;
Franklin;16:42:21;15:48:49;256.8449,-926.1267,-926.1267;True,Utility,TOWTRUCK,12,09996,1;;;
Franklin;16:42:36;15:48:49;254.4984,-932.8664,-932.8664;True,Utility,TOWTRUCK,14,74486,1;;;
Franklin;16:42:52;15:48:50;251.7102,-940.3644,-940.3644;True,Utility,TOWTRUCK,15,77425,1;;;
Franklin;16:43:08;15:48:50;249.0595,-947.499,-947.499;True,Utility,TOWTRUCK,14,15416,1;;;
Franklin;16:43:23;15:48:51;246.6627,-954.7147,-954.7147;True,Utility,TOWTRUCK,14,83645,1;So I ain't seen you around the hood much?;Tonya;TOW_EOAA
Franklin;16:43:39;15:48:51;244.3123,-962.2139,-962.2139;True,Utility,TOWTRUCK,15,46611,1;;;
Franklin;16:43:55;15:48:52;241.8779,-970.0524,-970.0524;True,Utility,TOWTRUCK,16,062,1;;;
Franklin;16:44:10;15:48:52;239.3601,-978.0413,-978.0413;True,Utility,TOWTRUCK,16,57791,1;;;
Franklin;16:44:25;15:48:53;236.7796,-986.1325,-986.1325;True,Utility,TOWTRUCK,16,08177,1;;;
Franklin;16:44:41;15:48:53;233.7733,-994.0971,-994.0971;True,Utility,TOWTRUCK,16,80338,1;I been tryin' to branch out, can't stay in Chamberlain Hills forever.;Franklin;TOW_EOAB
Franklin;16:44:56;15:48:54;230.2479,-1002.365,-1002.365;True,Utility,TOWTRUCK,17,84727,1;;;
Franklin;16:45:12;15:48:54;226.5592,-1011.025,-1011.025;True,Utility,TOWTRUCK,18,27507,1;;;
Franklin;16:45:28;15:48:55;223.2025,-1019.926,-1019.926;True,Utility,TOWTRUCK,18,44232,1;;;
Franklin;16:45:43;15:48:55;220.0228,-1028.853,-1028.853;True,Utility,TOWTRUCK,17,80735,1;;;
Franklin;16:45:59;15:48:56;216.8869,-1037.646,-1037.646;True,Utility,TOWTRUCK,18,09344,1;;;
Franklin;16:46:14;15:48:56;213.6653,-1046.55,-1046.55;True,Utility,TOWTRUCK,18,41619,1;;;
Franklin;16:46:30;15:48:57;210.3083,-1055.707,-1055.707;True,Utility,TOWTRUCK,18,91193,1;;;
Franklin;16:46:46;15:48:57;207.641,-1064.519,-1064.519;True,Utility,TOWTRUCK,16,40019,0;Ooh, nigga got airs now.;Tonya;TOW_EOAC
Franklin;16:47:01;15:48:58;206.5667,-1072.32,-1072.32;True,Utility,TOWTRUCK,13,90587,0;;;
Franklin;16:47:17;15:48:58;206.6955,-1079.017,-1079.017;True,Utility,TOWTRUCK,12,81516,1;;;
Franklin;16:47:32;15:48:59;206.9867,-1085.757,-1085.757;True,Utility,TOWTRUCK,12,59974,0;;;
Franklin;16:47:48;15:48:59;206.9207,-1091.719,-1091.719;True,Utility,TOWTRUCK,10,31883,0;;;
Franklin;16:48:04;15:49:00;206.3736,-1096.261,-1096.261;True,Utility,TOWTRUCK,6,275692,0;I remember you before you was a wannabe, when you just was.;Tonya;TOW_EOAH
Franklin;16:48:19;15:49:01;206.1801,-1098.671,-1098.671;True,Utility,TOWTRUCK,3,528492,0;;;
Franklin;16:48:35;15:49:01;206.0555,-1099.906,-1099.906;True,Utility,TOWTRUCK,1,361095,0;;;
Franklin;16:48:50;15:49:02;205.9647,-1100.487,-1100.487;True,Utility,TOWTRUCK,0,7878276,0;;;
Franklin;16:49:06;15:49:02;205.9336,-1100.804,-1100.804;True,Utility,TOWTRUCK,0,9162439,1;;;
Franklin;16:49:21;15:49:03;205.9249,-1101.068,-1101.068;True,Utility,TOWTRUCK,1,125273,1;;;
Franklin;16:49:37;15:49:03;205.9059,-1101.342,-1101.342;True,Utility,TOWTRUCK,0,01827789,0;;;
Franklin;16:49:52;15:49:04;205.9062,-1101.34,-1101.34;True,Utility,TOWTRUCK,0,0;;;
Franklin;16:50:08;15:49:04;205.9052,-1101.354,-1101.354;True,Utility,TOWTRUCK,0,005663002,1;And I remember you and JB before y'all was dope heads. Shit changes.;Franklin;TOW_EOAD
Franklin;16:50:24;15:49:05;205.9052,-1101.354,-1101.354;True,Utility,TOWTRUCK,0,0;;;
Franklin;16:50:40;15:49:05;205.9067,-1101.363,-1101.363;True,Utility,TOWTRUCK,0,1220365,1;;;
Franklin;16:50:55;15:49:06;205.8783,-1101.83,-1101.83;True,Utility,TOWTRUCK,1,696602,1;;;
Franklin;16:51:11;15:49:06;205.7673,-1103.135,-1103.135;True,Utility,TOWTRUCK,3,318187,1;;;
Franklin;16:51:26;15:49:07;205.5072,-1104.959,-1104.959;True,Utility,TOWTRUCK,3,724504,1;;;
Franklin;16:51:42;15:49:07;205.1282,-1107.16,-1107.16;True,Utility,TOWTRUCK,4,717385,1;;;
Franklin;16:51:57;15:49:08;205.355,-1109.914,-1109.914;True,Utility,TOWTRUCK,6,053471,1;;;
Franklin;16:52:13;15:49:08;205.3915,-1113.342,-1113.342;True,Utility,TOWTRUCK,7,356505,1;You the one all turfed up. JB smokin', but he ain't smokin' homies.;Tonya;TOW_EOAE
Franklin;16:52:28;15:49:09;205.3013,-1117.51,-1117.51;True,Utility,TOWTRUCK,8,840268,1;;;
Franklin;16:52:44;15:49:09;205.0874,-1122.504,-1122.504;True,Utility,TOWTRUCK,10,35358,1;;;
Franklin;16:52:59;15:49:10;204.8116,-1128.179,-1128.179;True,Utility,TOWTRUCK,11,72408,1;;;
Franklin;16:53:15;15:49:10;204.4955,-1134.611,-1134.611;True,Utility,TOWTRUCK,12,90962,1;;;
Franklin;16:53:30;15:49:11;204.2027,-1141.527,-1141.527;True,Utility,TOWTRUCK,13,49667,0;;;
Franklin;16:53:46;15:49:11;204.4426,-1148.044,-1148.044;True,Utility,TOWTRUCK,12,22778,1;;;
Franklin;16:54:02;15:49:12;205.3876,-1154.552,-1154.552;True,Utility,TOWTRUCK,12,79979,1;;;
Franklin;16:54:17;15:49:12;207.0671,-1161.161,-1161.161;True,Utility,TOWTRUCK,13,29799,1;;;
Franklin;16:54:33;15:49:13;208.3286,-1168.116,-1168.116;True,Utility,TOWTRUCK,13,93215,1;He out here grindin', towin' cars, payin' bills.;Tonya;TOW_EOAI
Franklin;16:54:48;15:49:14;209.1366,-1175.524,-1175.524;True,Utility,TOWTRUCK,14,52525,1;;;
Franklin;16:55:04;15:49:14;210.2587,-1183.016,-1183.016;True,Utility,TOWTRUCK,15,15557,1;;;
Franklin;16:55:19;15:49:15;211.2129,-1191.07,-1191.07;True,Utility,TOWTRUCK,15,9239,1;;;
Franklin;16:55:35;15:49:15;211.861,-1199.45,-1199.45;True,Utility,TOWTRUCK,16,46396,1;;;
Franklin;16:55:51;15:49:16;212.8737,-1208.079,-1208.079;True,Utility,TOWTRUCK,17,10846,1;;;
Franklin;16:56:06;15:49:16;214.198,-1216.92,-1216.92;True,Utility,TOWTRUCK,17,67135,1;;;
Franklin;16:56:21;15:49:17;215.5465,-1225.728,-1225.728;True,Utility,TOWTRUCK,16,33628,0;For real? 'Cause I could have sworn it was me out here towin' cars for him.;Franklin;TOW_EOAF
Franklin;16:56:37;15:49:17;216.3524,-1233.956,-1233.956;True,Utility,TOWTRUCK,16,09678,1;;;
Franklin;16:56:52;15:49:18;216.1607,-1242.189,-1242.189;True,Utility,TOWTRUCK,15,43524,0;;;
Franklin;16:57:08;15:49:18;215.5809,-1249.633,-1249.633;True,Utility,TOWTRUCK,13,07526,0;;;
Franklin;16:57:24;15:49:19;215.2705,-1255.807,-1255.807;True,Utility,TOWTRUCK,10,83756,0;;;
Franklin;16:57:39;15:49:19;214.9526,-1260.811,-1260.811;True,Utility,TOWTRUCK,8,674202,0;;;
Franklin;16:57:54;15:49:20;214.6972,-1264.496,-1264.496;True,Utility,TOWTRUCK,5,447179,0;;;
Franklin;16:58:10;15:49:20;214.4242,-1266.537,-1266.537;True,Utility,TOWTRUCK,2,220059,0;;;
Franklin;16:58:26;15:49:21;214.2946,-1267.259,-1267.259;True,Utility,TOWTRUCK,0,6656688,0;;;
Franklin;16:58:41;15:49:21;214.2788,-1267.308,-1267.308;True,Utility,TOWTRUCK,0,006097259,0;And lookin' damn fine doin' it too, baby.;Tonya;TOW_EOAG
Franklin;16:58:57;15:49:22;214.2796,-1267.308,-1267.308;True,Utility,TOWTRUCK,0,0;;;
Franklin;16:59:13;15:49:22;214.2796,-1267.308,-1267.308;True,Utility,TOWTRUCK,0,0;;;
Franklin;16:59:28;15:49:23;214.2796,-1267.308,-1267.308;True,Utility,TOWTRUCK,0,0;;;
Franklin;16:59:44;15:49:23;214.2796,-1267.308,-1267.308;True,Utility,TOWTRUCK,0,0;;;
Franklin;16:59:59;15:49:24;214.2796,-1267.308,-1267.308;True,Utility,TOWTRUCK,0,0;;;
Franklin;17:00:15;15:49:24;214.2796,-1267.308,-1267.308;True,Utility,TOWTRUCK,0,0;;;
Franklin;17:00:30;15:49:25;214.2796,-1267.308,-1267.308;True,Utility,TOWTRUCK,0,0;;;
Franklin;17:00:46;15:49:25;214.2796,-1267.308,-1267.308;True,Utility,TOWTRUCK,0,0;;;
Franklin;17:01:02;15:49:26;214.2796,-1267.308,-1267.308;True,Utility,TOWTRUCK,0,0;;;
Franklin;17:01:17;15:49:26;214.2796,-1267.308,-1267.308;True,Utility,TOWTRUCK,0,0;;;
Franklin;17:01:33;15:49:27;214.2796,-1267.308,-1267.308;True,Utility,TOWTRUCK,0,0;;;
Franklin;17:01:48;15:49:28;214.2796,-1267.308,-1267.308;True,Utility,TOWTRUCK,0,0;;;
Franklin;17:02:04;15:49:28;214.2796,-1267.308,-1267.308;True,Utility,TOWTRUCK,0,0;;;
Franklin;17:02:19;15:49:29;214.272,-1267.348,-1267.348;True,Utility,TOWTRUCK,0,4200163,1;;;
Franklin;17:02:35;15:49:29;214.1473,-1268.246,-1268.246;True,Utility,TOWTRUCK,3,082614,1;;;
Franklin;17:02:51;15:49:30;213.9001,-1269.993,-1269.993;True,Utility,TOWTRUCK,4,111017,1;;;
Franklin;17:03:06;15:49:30;213.5574,-1272.48,-1272.48;True,Utility,TOWTRUCK,5,60369,1;;;
Franklin;17:03:22;15:49:31;213.1065,-1275.747,-1275.747;True,Utility,TOWTRUCK,7,088247,1;;;
Franklin;17:03:37;15:49:31;212.5448,-1279.786,-1279.786;True,Utility,TOWTRUCK,8,565306,1;;;
Franklin;17:03:53;15:49:32;211.7286,-1284.597,-1284.597;True,Utility,TOWTRUCK,10,05981,1;;;
Franklin;17:04:09;15:49:32;210.4629,-1290.135,-1290.135;True,Utility,TOWTRUCK,11,59762,1;;;
Franklin;17:04:24;15:49:33;208.6351,-1296.287,-1296.287;True,Utility,TOWTRUCK,12,90082,1;;;
Franklin;17:04:40;15:49:33;206.4277,-1302.925,-1302.925;True,Utility,TOWTRUCK,14,04837,1;;;
Franklin;17:04:56;15:49:34;203.9961,-1309.255,-1309.255;True,Utility,TOWTRUCK,12,37818,1;;;
Franklin;17:05:11;15:49:34;201.2709,-1315.278,-1315.278;True,Utility,TOWTRUCK,12,93043,1;;;
Franklin;17:05:27;15:49:35;198.0965,-1321.445,-1321.445;True,Utility,TOWTRUCK,13,52685,1;;;
Franklin;17:05:43;15:49:35;195.1133,-1327.931,-1327.931;True,Utility,TOWTRUCK,14,08593,1;;;
Franklin;17:05:58;15:49:36;191.9874,-1334.682,-1334.682;True,Utility,TOWTRUCK,14,68163,1;;;
Franklin;17:06:14;15:49:36;188.3583,-1341.611,-1341.611;True,Utility,TOWTRUCK,14,75254,0;;;
Franklin;17:06:29;15:49:37;184.9935,-1347.736,-1347.736;True,Utility,TOWTRUCK,12,5486,0;;;
Franklin;17:06:45;15:49:37;182.3531,-1353.016,-1353.016;True,Utility,TOWTRUCK,10,30587,0;;;
Franklin;17:07:00;15:49:38;180.3015,-1357.372,-1357.372;True,Utility,TOWTRUCK,8,497692,1;;;
Franklin;17:07:16;15:49:38;178.3668,-1361.573,-1361.573;True,Utility,TOWTRUCK,8,976121,0;;;
Franklin;17:07:31;15:49:39;176.5076,-1365.119,-1365.119;True,Utility,TOWTRUCK,6,63478,0;;;
Franklin;17:07:47;15:49:39;174.8974,-1367.358,-1367.358;True,Utility,TOWTRUCK,3,28506,0;;;
Franklin;17:08:03;15:49:40;174.6064,-1367.708,-1367.708;True,Utility,TOWTRUCK,0,134998,0;;;
Franklin;17:08:18;15:49:41;174.5856,-1367.688,-1367.688;True,Utility,TOWTRUCK,0,01020781,0;;;
Franklin;17:08:34;15:49:41;174.5847,-1367.688,-1367.688;True,Utility,TOWTRUCK,0,004071047,0;;;
Franklin;17:08:50;15:49:42;174.5847,-1367.688,-1367.688;True,Utility,TOWTRUCK,0,0;;;
Franklin;17:09:05;15:49:42;174.5847,-1367.688,-1367.688;True,Utility,TOWTRUCK,0,0;;;
Franklin;17:09:21;15:49:43;174.5725,-1367.706,-1367.706;True,Utility,TOWTRUCK,0,005814071,1;;;
Franklin;17:09:36;15:49:43;174.5721,-1367.706,-1367.706;True,Utility,TOWTRUCK,0,0;;;
Franklin;17:09:52;15:49:44;174.5721,-1367.706,-1367.706;True,Utility,TOWTRUCK,0,0;;;
Franklin;17:10:07;15:49:44;174.5663,-1367.712,-1367.712;True,Utility,TOWTRUCK,0,1250977,1;;;
Franklin;17:10:23;15:49:45;174.5245,-1367.769,-1367.769;True,Utility,TOWTRUCK,0,01073874,0;;;
Franklin;17:10:38;15:49:45;174.5239,-1367.768,-1367.768;True,Utility,TOWTRUCK,0,0;;;
Franklin;17:10:54;15:49:46;174.5239,-1367.768,-1367.768;True,Utility,TOWTRUCK,0,0;;;
Franklin;17:11:09;15:49:46;174.5239,-1367.768,-1367.768;True,Utility,TOWTRUCK,0,0;;;
Franklin;17:11:25;15:49:47;174.5239,-1367.768,-1367.768;True,Utility,TOWTRUCK,0,0;;;
Franklin;17:11:41;15:49:47;174.5239,-1367.768,-1367.768;True,Utility,TOWTRUCK,0,0;;;
Franklin;17:11:56;15:49:48;174.5239,-1367.768,-1367.768;True,Utility,TOWTRUCK,0,0;;;
Franklin;17:12:11;15:49:48;174.5239,-1367.768,-1367.768;True,Utility,TOWTRUCK,0,0;;;
Franklin;17:12:27;15:49:49;174.5239,-1367.768,-1367.768;True,Utility,TOWTRUCK,0,0;;;
Franklin;17:12:43;15:49:49;174.5239,-1367.768,-1367.768;True,Utility,TOWTRUCK,0,0;;;
Franklin;17:12:58;15:49:50;174.5239,-1367.768,-1367.768;True,Utility,TOWTRUCK,0,0;;;
Franklin;17:13:14;15:49:50;174.5239,-1367.768,-1367.768;True,Utility,TOWTRUCK,0,0;;;
Franklin;17:13:30;15:49:51;174.5239,-1367.768,-1367.768;True,Utility,TOWTRUCK,0,0;;;
Franklin;17:13:45;15:49:51;174.5239,-1367.768,-1367.768;True,Utility,TOWTRUCK,0,0;;;
Franklin;17:14:01;15:49:52;174.5239,-1367.768,-1367.768;True,Utility,TOWTRUCK,0,0;;;
Franklin;17:14:16;15:49:52;174.5239,-1367.768,-1367.768;True,Utility,TOWTRUCK,0,0;;;
Franklin;17:14:32;15:49:53;174.5239,-1367.768,-1367.768;True,Utility,TOWTRUCK,0,0;;;
Franklin;17:14:47;15:49:53;174.5239,-1367.768,-1367.768;True,Utility,TOWTRUCK,0,0;;;
Franklin;17:15:03;15:49:54;174.5239,-1367.768,-1367.768;True,Utility,TOWTRUCK,0,0;;;
Franklin;17:15:18;15:49:55;174.5239,-1367.768,-1367.768;True,Utility,TOWTRUCK,0,0;;;
Franklin;17:15:34;15:49:55;174.5239,-1367.768,-1367.768;True,Utility,TOWTRUCK,0,0;;;
Franklin;17:15:49;15:49:56;174.5239,-1367.768,-1367.768;True,Utility,TOWTRUCK,0,0;;;
Franklin;17:16:05;15:49:56;174.4994,-1367.798,-1367.798;True,Utility,TOWTRUCK,0,3964777,1;;;
Franklin;17:16:20;15:49:57;173.964,-1368.497,-1368.497;True,Utility,TOWTRUCK,3,07102,1;;;
Franklin;17:16:36;15:49:57;172.91,-1369.841,-1369.841;True,Utility,TOWTRUCK,4,08245,1;;;
Franklin;17:16:51;15:49:58;171.3909,-1371.808,-1371.808;True,Utility,TOWTRUCK,5,559971,1;;;
Franklin;17:17:07;15:49:58;169.528,-1374.491,-1374.491;True,Utility,TOWTRUCK,6,986187,1;;;
Franklin;17:17:23;15:49:59;167.2608,-1377.862,-1377.862;True,Utility,TOWTRUCK,8,509418,1;;;
Franklin;17:17:38;15:49:59;164.8369,-1381.923,-1381.923;True,Utility,TOWTRUCK,9,916567,1;;;
Franklin;17:17:54;15:50:00;162.7683,-1387.07,-1387.07;True,Utility,TOWTRUCK,11,59329,1;;;
Franklin;17:18:09;15:50:00;161.6203,-1393.019,-1393.019;True,Utility,TOWTRUCK,10,88664,0;;;
Franklin;17:18:25;15:50:01;161.9534,-1397.916,-1397.916;True,Utility,TOWTRUCK,8,40477,0;;;
Franklin;17:18:40;15:50:01;163.5271,-1401.667,-1401.667;True,Utility,TOWTRUCK,7,310238,0;;;
Franklin;17:18:56;15:50:02;165.4753,-1404.864,-1404.864;True,Utility,TOWTRUCK,7,588764,1;;;
Franklin;17:19:11;15:50:02;168.126,-1408.124,-1408.124;True,Utility,TOWTRUCK,8,928535,1;;;
Franklin;17:19:27;15:50:03;171.8912,-1411.268,-1411.268;True,Utility,TOWTRUCK,10,11273,1;;;
Franklin;17:19:42;15:50:03;176.6841,-1414.059,-1414.059;True,Utility,TOWTRUCK,11,46158,1;;;
Franklin;17:19:58;15:50:04;182.3723,-1416.917,-1416.917;True,Utility,TOWTRUCK,12,76412,1;;;
Franklin;17:20:13;15:50:04;188.6559,-1419.955,-1419.955;True,Utility,TOWTRUCK,13,8886,1;;;
Franklin;17:20:29;15:50:05;195.4063,-1423.266,-1423.266;True,Utility,TOWTRUCK,14,86507,1;;;
Franklin;17:20:45;15:50:05;202.3427,-1427.437,-1427.437;True,Utility,TOWTRUCK,15,87266,0;;;
Franklin;17:21:01;15:50:06;208.941,-1431.576,-1431.576;True,Utility,TOWTRUCK,14,46571,1;;;
Franklin;17:21:16;15:50:06;215.3759,-1436.104,-1436.104;True,Utility,TOWTRUCK,15,66563,1;;;
Franklin;17:21:32;15:50:07;222.2236,-1440.743,-1440.743;True,Utility,TOWTRUCK,16,19778,1;;;
Franklin;17:21:48;15:50:07;229.5048,-1445.437,-1445.437;True,Utility,TOWTRUCK,16,66035,1;;;
Franklin;17:22:03;15:50:08;236.5221,-1450.555,-1450.555;True,Utility,TOWTRUCK,16,96758,1;;;
Franklin;17:22:19;15:50:09;243.2647,-1456.486,-1456.486;True,Utility,TOWTRUCK,17,41732,1;;;
Franklin;17:22:34;15:50:09;250.2858,-1462.559,-1462.559;True,Utility,TOWTRUCK,18,26478,1;;;
Franklin;17:22:50;15:50:10;257.6615,-1468.696,-1468.696;True,Utility,TOWTRUCK,18,52187,1;;;
Franklin;17:23:06;15:50:10;265.1872,-1474.925,-1474.925;True,Utility,TOWTRUCK,18,79843,1;;;
Franklin;17:23:21;15:50:11;272.6936,-1481.129,-1481.129;True,Utility,TOWTRUCK,18,62817,1;;;
Franklin;17:23:37;15:50:11;280.0854,-1487.22,-1487.22;True,Utility,TOWTRUCK,18,20482,0;;;
Franklin;17:23:52;15:50:12;287.0292,-1492.97,-1492.97;True,Utility,TOWTRUCK,17,3706,1;;;
Franklin;17:24:08;15:50:12;294.2082,-1498.986,-1498.986;True,Utility,TOWTRUCK,18,45655,1;;;
Franklin;17:24:23;15:50:13;301.5815,-1505.236,-1505.236;True,Utility,TOWTRUCK,18,99581,1;;;
Franklin;17:24:39;15:50:13;309.312,-1511.748,-1511.748;True,Utility,TOWTRUCK,19,91363,1;;;
Franklin;17:24:54;15:50:14;317.4497,-1518.535,-1518.535;True,Utility,TOWTRUCK,20,77037,1;;;
Franklin;17:25:10;15:50:14;325.8119,-1525.382,-1525.382;True,Utility,TOWTRUCK,21,31235,1;;;
Franklin;17:25:25;15:50:15;334.3959,-1532.504,-1532.504;True,Utility,TOWTRUCK,21,77865,1;;;
Franklin;17:25:41;15:50:15;343.0396,-1539.756,-1539.756;True,Utility,TOWTRUCK,21,20356,0;;;
Franklin;17:25:57;15:50:16;351.1736,-1546.646,-1546.646;True,Utility,TOWTRUCK,20,21236,1;;;
Franklin;17:26:12;15:50:16;359.2249,-1553.472,-1553.472;True,Utility,TOWTRUCK,20,41484,1;;;
Franklin;17:26:28;15:50:17;367.4501,-1560.389,-1560.389;True,Utility,TOWTRUCK,20,20742,0;;;
Franklin;17:26:43;15:50:17;374.7735,-1567.08,-1567.08;True,Utility,TOWTRUCK,18,62772,1;;;
Franklin;17:26:59;15:50:18;381.0524,-1574.47,-1574.47;True,Utility,TOWTRUCK,18,11918,0;;;
Franklin;17:27:15;15:50:18;386.5878,-1581.5,-1581.5;True,Utility,TOWTRUCK,16,36943,0;;;
Franklin;17:27:30;15:50:19;392.2678,-1587.053,-1587.053;True,Utility,TOWTRUCK,14,46502,1;;;
Franklin;17:27:46;15:50:19;398.0861,-1591.854,-1591.854;True,Utility,TOWTRUCK,14,7841,1;;;
Franklin;17:28:01;15:50:20;403.8911,-1597.037,-1597.037;True,Utility,TOWTRUCK,15,33765,1;;;
Franklin;17:28:17;15:50:20;409.2208,-1602.114,-1602.114;True,Utility,TOWTRUCK,11,64365,0;;;
Franklin;17:28:33;15:50:21;412.301,-1605.461,-1605.461;True,Utility,TOWTRUCK,6,543324,0;;;
Franklin;17:28:48;15:50:21;413.7179,-1607.81,-1607.81;True,Utility,TOWTRUCK,4,251567,0;Okay, we make the drop where they got the areas marked.;Tonya;TOW_EPAA
Franklin;17:29:04;15:50:22;414.7083,-1609.153,-1609.153;True,Utility,TOWTRUCK,2,399948,0;;;
Franklin;17:29:19;15:50:23;415.5442,-1610.077,-1610.077;True,Utility,TOWTRUCK,3,111003,1;;;
Franklin;17:29:35;15:50:23;416.9052,-1611.521,-1611.521;True,Utility,TOWTRUCK,3,108542,0;;;
Franklin;17:29:51;15:50:24;417.6303,-1612.156,-1612.156;True,Utility,TOWTRUCK,0,885886,0;;;
Franklin;17:30:06;15:50:24;417.8205,-1612.332,-1612.332;True,Utility,TOWTRUCK,0,0519319,0;;;
Franklin;17:30:22;15:50:25;417.8236,-1612.32,-1612.32;True,Utility,TOWTRUCK,0,01126365,0;They get real finicky when we don't leave it in the right place.;Tonya;TOW_EPAB
Franklin;17:30:37;15:50:25;417.8279,-1612.324,-1612.324;True,Utility,TOWTRUCK,0,1155532,1;;;
Franklin;17:30:53;15:50:26;418.1409,-1612.651,-1612.651;True,Utility,TOWTRUCK,1,580732,1;;;
Franklin;17:31:09;15:50:26;418.8896,-1613.332,-1613.332;True,Utility,TOWTRUCK,1,884392,0;;;
Franklin;17:31:24;15:50:27;419.1487,-1613.558,-1613.558;True,Utility,TOWTRUCK,0,08787386,-1;;;
Franklin;17:31:40;15:50:27;418.8995,-1613.33,-1613.33;True,Utility,TOWTRUCK,1,431149,-1;;;
Franklin;17:31:55;15:50:28;418.5837,-1613.037,-1613.037;True,Utility,TOWTRUCK,0,3348646,1;;;
Franklin;17:32:10;15:50:28;419.0638,-1613.474,-1613.474;True,Utility,TOWTRUCK,2,225546,1;;;
Franklin;17:32:26;15:50:29;420.1355,-1614.405,-1614.405;True,Utility,TOWTRUCK,3,042024,1;;;
Franklin;17:32:42;15:50:29;421.7023,-1615.646,-1615.646;True,Utility,TOWTRUCK,4,461081,1;;;
Franklin;17:32:57;15:50:30;423.8234,-1617.175,-1617.175;True,Utility,TOWTRUCK,5,461615,1;;;
Franklin;17:33:13;15:50:30;425.715,-1619.403,-1619.403;True,Utility,TOWTRUCK,4,913121,0;;;
Franklin;17:33:28;15:50:31;427.1151,-1620.97,-1620.97;True,Utility,TOWTRUCK,4,135185,1;;;
Franklin;17:33:44;15:50:31;428.4857,-1623.071,-1623.071;True,Utility,TOWTRUCK,5,303243,1;;;
Franklin;17:34:00;15:50:32;430.0936,-1625.787,-1625.787;True,Utility,TOWTRUCK,6,775066,1;;;
Franklin;17:34:15;15:50:32;431.2963,-1629.29,-1629.29;True,Utility,TOWTRUCK,7,832454,1;;;
Franklin;17:34:30;15:50:33;431.8708,-1633.554,-1633.554;True,Utility,TOWTRUCK,9,129647,1;;;
Franklin;17:34:46;15:50:33;431.7903,-1638.747,-1638.747;True,Utility,TOWTRUCK,10,514,1;;;
Franklin;17:35:02;15:50:34;430.9699,-1643.78,-1643.78;True,Utility,TOWTRUCK,9,041855,1;;;
Franklin;17:35:17;15:50:34;429.5511,-1648.054,-1648.054;True,Utility,TOWTRUCK,8,449278,0;;;
Franklin;17:35:33;15:50:35;428.0532,-1651.6,-1651.6;True,Utility,TOWTRUCK,6,794593,0;;;
Franklin;17:35:48;15:50:36;426.1663,-1653.609,-1653.609;True,Utility,TOWTRUCK,4,004223,0;;;
Franklin;17:36:04;15:50:36;424.2876,-1654.61,-1654.61;True,Utility,TOWTRUCK,4,085837,0;;;
Franklin;17:36:20;15:50:37;422.9081,-1654.897,-1654.897;True,Utility,TOWTRUCK,1,717514,1;;;
Franklin;17:36:35;15:50:37;421.8248,-1654.95,-1654.95;True,Utility,TOWTRUCK,2,691347,1;;;
Franklin;17:36:51;15:50:38;420.21,-1654.675,-1654.675;True,Utility,TOWTRUCK,4,03238,1;;;
Franklin;17:37:06;15:50:38;417.7819,-1654.113,-1654.113;True,Utility,TOWTRUCK,5,290089,1;;;
Franklin;17:37:22;15:50:39;415.3735,-1652.794,-1652.794;True,Utility,TOWTRUCK,5,313697,1;;;
Franklin;17:37:38;15:50:39;413.6098,-1650.939,-1650.939;True,Utility,TOWTRUCK,3,794347,0;Give Momma what she wants.;Tonya;TOW_EQAA
Franklin;17:37:53;15:50:40;412.3695,-1649.549,-1649.549;True,Utility,TOWTRUCK,4,320341,1;;;
Franklin;17:38:09;15:50:40;410.9012,-1647.437,-1647.437;True,Utility,TOWTRUCK,5,271738,1;;;
Franklin;17:38:25;15:50:41;409.5364,-1644.706,-1644.706;True,Utility,TOWTRUCK,6,493467,1;;;
Franklin;17:38:40;15:50:41;407.9597,-1641.297,-1641.297;True,Utility,TOWTRUCK,7,816073,1;k, look, enough with that shit. Alright?;Franklin;TOW_ERAA
Franklin;17:38:56;15:50:42;406.2612,-1637.881,-1637.881;True,Utility,TOWTRUCK,6,725012,1;;;
Franklin;17:39:12;15:50:42;404.6147,-1634.421,-1634.421;True,Utility,TOWTRUCK,7,447584,0;;;
Franklin;17:39:27;15:50:43;403.5249,-1631.415,-1631.415;True,Utility,TOWTRUCK,4,634353,0;;;
Franklin;17:39:43;15:50:43;403.5745,-1629.656,-1629.656;True,Utility,TOWTRUCK,2,25505,0;;;
Franklin;17:39:59;15:50:44;403.6795,-1629.084,-1629.084;True,Utility,TOWTRUCK,0,210729,0;;;
Franklin;17:40:14;15:50:44;403.6718,-1629.039,-1629.039;True,Utility,TOWTRUCK,0,06172717,0;Ain't a crime to let my man know where it's at.;Tonya;TOW_ERAB
Franklin;17:40:30;15:50:45;403.6991,-1629.031,-1629.031;True,Utility,TOWTRUCK,0,05186227,-1;;;
Franklin;17:40:45;15:50:45;403.7054,-1629.024,-1629.024;True,Utility,TOWTRUCK,0,009581281,0;;;
Franklin;17:40:46;15:50:47;403.7054,-1629.024,-1629.024;True,Utility,TOWTRUCK,0,001898508,0;;;
Franklin;17:41:02;15:50:48;403.7078,-1629.024,-1629.024;True,Utility,TOWTRUCK,0,0;;;
Franklin;17:41:17;15:50:48;403.7078,-1629.024,-1629.024;True,Utility,TOWTRUCK,0,0;;;
Franklin;17:41:32;15:59:45;403.7078,-1629.024,-1629.024;True,Utility,TOWTRUCK,0,0;;;
Franklin;17:41:49;15:59:48;403.7078,-1629.024,-1629.024;True,Utility,TOWTRUCK,0,0;s okay, really, I got this.;Franklin;TOW_ERAC
Franklin;17:42:04;15:59:48;403.7079,-1629.018,-1629.018;True,Utility,TOWTRUCK,0,03908914,-1;;;
Franklin;17:42:20;15:59:49;403.7008,-1629.113,-1629.113;True,Utility,TOWTRUCK,0,3483666,-1;;;
Franklin;17:42:36;15:59:49;403.7918,-1629.376,-1629.376;True,Utility,TOWTRUCK,0,7307286,-1;;;
Franklin;17:42:51;15:59:50;403.8821,-1629.857,-1629.857;True,Utility,TOWTRUCK,1,220062,-1;;;
Franklin;17:43:07;15:59:50;403.9796,-1630.676,-1630.676;True,Utility,TOWTRUCK,1,873475,-1;;;
Franklin;17:43:22;15:59:51;403.9937,-1631.684,-1631.684;True,Utility,TOWTRUCK,2,009815,-1;;;
Franklin;17:43:38;15:59:51;403.6727,-1632.62,-1632.62;True,Utility,TOWTRUCK,1,981384,-1;Okay, you got it... release that baby.;Tonya;TOW_IAAA
Franklin;17:43:53;15:59:52;403.1663,-1633.343,-1633.343;True,Utility,TOWTRUCK,1,419203,-1;;;
Franklin;17:44:09;15:59:53;402.9695,-1633.765,-1633.765;True,Utility,TOWTRUCK,0,1581504,0;;;
Franklin;17:44:24;15:59:53;403.0252,-1633.576,-1633.576;True,Utility,TOWTRUCK,0,5924845,1;;;
Franklin;17:44:40;15:59:54;403.0162,-1633.509,-1633.509;True,Utility,TOWTRUCK,0,03422081,0;;;
Franklin;17:44:55;15:59:54;403.0168,-1633.519,-1633.519;True,Utility,TOWTRUCK,0,01424609,0;;;
Franklin;17:45:11;15:59:55;403.0106,-1633.515,-1633.515;True,Utility,TOWTRUCK,0,01827784,0;;;
Franklin;17:45:26;15:59:55;403.0055,-1633.509,-1633.509;True,Utility,TOWTRUCK,0,00567986,0;;;
Franklin;17:45:42;15:59:56;403.0058,-1633.509,-1633.509;True,Utility,TOWTRUCK,0,005709749,0;;;
Franklin;17:45:58;15:59:56;403.0058,-1633.509,-1633.509;True,Utility,TOWTRUCK,0,00535083,0;;;
Franklin;17:46:13;15:59:57;403.0058,-1633.508,-1633.508;True,Utility,TOWTRUCK,0,0;;;
Franklin;17:46:29;15:59:57;403.0056,-1633.508,-1633.508;True,Utility,TOWTRUCK,0,0171102,1;;;
Franklin;17:46:44;15:59:58;403.0003,-1633.436,-1633.436;True,Utility,TOWTRUCK,0,03101781,0;;;
Franklin;17:47:00;15:59:58;402.9943,-1633.44,-1633.44;True,Utility,TOWTRUCK,0,0;;;
Franklin;17:47:15;15:59:59;402.9943,-1633.44,-1633.44;True,Utility,TOWTRUCK,0,0;;;
Franklin;17:47:31;15:59:59;402.9943,-1633.44,-1633.44;True,Utility,TOWTRUCK,0,0;;;
Franklin;17:47:46;16:00:00;403.0023,-1633.41,-1633.41;True,Utility,TOWTRUCK,0,3443396,1;;;
Franklin;17:48:02;16:00:00;403.2651,-1632.73,-1632.73;True,Utility,TOWTRUCK,2,288636,1;;;
Franklin;17:48:18;16:00:01;403.5382,-1631.22,-1631.22;True,Utility,TOWTRUCK,3,619563,1;;;
Franklin;17:48:33;16:00:01;403.7883,-1629.607,-1629.607;True,Utility,TOWTRUCK,1,78578,0;;;
Franklin;17:48:49;16:00:02;403.8217,-1629.292,-1629.292;True,Utility,TOWTRUCK,0,03494063,1;;;
Franklin;17:49:04;16:00:02;403.8201,-1629.3,-1629.3;True,Utility,TOWTRUCK,0,005275892,0;;;
Franklin;17:49:20;16:00:03;403.8201,-1629.3,-1629.3;True,Utility,TOWTRUCK,0,0;;;
Franklin;17:49:35;16:00:03;403.8138,-1629.318,-1629.318;True,Utility,TOWTRUCK,0,115849,1;;;
Franklin;17:49:51;16:00:04;403.8174,-1629.326,-1629.326;True,Utility,TOWTRUCK,0,005559264,0;;;
Franklin;17:50:07;16:00:04;403.8173,-1629.326,-1629.326;True,Utility,TOWTRUCK,0,003547102,0;;;
Franklin;17:50:22;16:00:05;403.8172,-1629.326,-1629.326;True,Utility,TOWTRUCK,0,00379468,0;;;
Franklin;17:50:38;16:00:06;403.8172,-1629.326,-1629.326;True,Utility,TOWTRUCK,0,0;;;
Franklin;17:50:53;16:00:06;403.8211,-1629.322,-1629.322;True,Utility,TOWTRUCK,0,04108049,0;;;
Franklin;17:51:09;16:00:07;403.825,-1629.318,-1629.318;True,Utility,TOWTRUCK,0,004250598,0;I'll see you on the block. Anything you need, you holler at me.;Tonya;TOW_MAAA
Franklin;17:51:24;16:00:07;403.825,-1629.318,-1629.318;True,Utility,TOWTRUCK,0,004767732,0;;;
Franklin;17:51:40;16:00:08;403.8251,-1629.318,-1629.318;True,Utility,TOWTRUCK,0,0;;;
Franklin;17:51:56;16:00:08;403.8251,-1629.318,-1629.318;True,Utility,TOWTRUCK,0,0;;;
Franklin;17:52:11;16:00:09;403.8251,-1629.318,-1629.318;True,Utility,TOWTRUCK,0,0;;;
Franklin;17:52:27;16:00:09;403.8251,-1629.318,-1629.318;True,Utility,TOWTRUCK,0,0;;;
Franklin;17:52:42;16:00:10;403.8251,-1629.318,-1629.318;True,Utility,TOWTRUCK,0,0;;;
Franklin;17:52:58;16:00:10;403.8244,-1629.318,-1629.318;True,Utility,TOWTRUCK,0,01901924,0;;;
Franklin;17:53:14;16:00:11;403.8249,-1629.317,-1629.317;True,Utility,TOWTRUCK,0,0;;;
Franklin;17:53:29;16:00:11;403.8246,-1629.317,-1629.317;True,Utility,TOWTRUCK,0,00463906,0;;;
Franklin;17:53:45;16:00:12;402.1963,-1628.138,-1628.138;;;;
Franklin;17:54:01;16:00:12;402.2507,-1628.152,-1628.152;;;;
Franklin;17:54:16;16:00:13;401.9691,-1628.402,-1628.402;;;;
Franklin;17:54:32;16:00:13;401.3999,-1629.088,-1629.088;;;;
Franklin;17:54:48;16:00:14;400.7258,-1630.771,-1630.771;;;;
Franklin;17:55:01;16:00:16;400.5446,-1633.205,-1633.205;;;;
Franklin;17:55:17;16:00:16;400.6831,-1635.125,-1635.125;;Now where is that fool?;TONYA;TOW_ACAA
Franklin;17:55:32;16:00:17;401.3918,-1636.609,-1636.609;;;;
Franklin;17:55:48;16:00:17;402.8444,-1637.447,-1637.447;;;;
Franklin;17:56:04;16:00:18;404.5183,-1638.431,-1638.431;;;;
Franklin;17:56:19;16:00:18;405.752,-1639.143,-1639.143;;;;
Franklin;17:56:35;16:00:19;406.6054,-1639.625,-1639.625;;;;
Franklin;17:56:51;16:00:19;407.3503,-1640.124,-1640.124;;;;
Franklin;17:57:06;16:00:20;408.0688,-1640.661,-1640.661;;;;
Franklin;17:57:22;16:00:20;408.7764,-1641.193,-1641.193;;;;
Franklin;17:57:37;16:00:21;409.4983,-1641.715,-1641.715;;;;
Franklin;17:57:53;16:00:21;410.2237,-1642.219,-1642.219;;;;
Franklin;17:58:08;16:00:22;410.9573,-1642.724,-1642.724;;;;
Franklin;17:58:24;16:00:23;411.6854,-1643.225,-1643.225;;;;
Franklin;17:58:40;16:00:23;412.4227,-1643.733,-1643.733;;;;
Franklin;17:58:55;16:00:24;413.1577,-1644.241,-1644.241;;;;
Franklin;17:59:11;16:00:24;413.9009,-1644.734,-1644.734;;;;
Franklin;17:59:26;16:00:25;414.6553,-1645.22,-1645.22;;;;
Franklin;17:59:42;16:00:25;415.426,-1645.679,-1645.679;;;;
Franklin;17:59:57;16:00:26;416.0445,-1646.037,-1646.037;;;;
Franklin;18:00:13;16:00:26;416.4575,-1646.259,-1646.259;;;;
Franklin;18:00:28;16:00:27;416.4576,-1646.259,-1646.259;;;;
Franklin;18:00:44;16:00:27;416.9088,-1646.138,-1646.138;;;;
Franklin;18:01:00;16:00:28;417.583,-1645.576,-1645.576;True,Sports,BUFFALO02,0,0;;;
Franklin;18:01:15;16:00:28;417.5828,-1645.576,-1645.576;True,Sports,BUFFALO02,0,002513412,0;;;
Franklin;18:01:31;16:00:29;417.5828,-1645.576,-1645.576;True,Sports,BUFFALO02,0,005422558,0;Is that Pete?;TONYA;TOW_LYAA
Franklin;18:01:47;16:00:29;417.5828,-1645.576,-1645.576;True,Sports,BUFFALO02,0,0;;;
Franklin;18:02:02;16:00:30;417.5828,-1645.576,-1645.576;True,Sports,BUFFALO02,0,0;It's Tonya.;TONYA;TOW_LYAB
Franklin;18:02:18;16:00:30;417.5828,-1645.576,-1645.576;True,Sports,BUFFALO02,0,0;;;
Franklin;18:02:34;16:00:31;417.5828,-1645.576,-1645.576;True,Sports,BUFFALO02,0,0;;;
Franklin;18:02:49;16:00:31;417.5828,-1645.576,-1645.576;True,Sports,BUFFALO02,0,0;You know more than one Tonya?;TONYA;TOW_LYAC
Franklin;18:03:05;16:00:32;417.5828,-1645.576,-1645.576;True,Sports,BUFFALO02,0,0;;;
Franklin;18:03:20;16:00:32;417.5828,-1645.576,-1645.576;True,Sports,BUFFALO02,0,0;;;
Franklin;18:03:36;16:00:33;417.5828,-1645.576,-1645.576;True,Sports,BUFFALO02,0,0;;;
Franklin;18:03:51;16:00:33;417.5828,-1645.576,-1645.576;True,Sports,BUFFALO02,0,0;;;
Franklin;18:04:07;16:00:34;417.5828,-1645.576,-1645.576;True,Sports,BUFFALO02,0,0;Yeah. JB's girl. His cell's outta minutes so he asked me to let you know that the job's all done.;TONYA;TOW_LYAD
Franklin;18:04:27;16:00:41;417.5828,-1645.576,-1645.576;True,Sports,BUFFALO02,0,0;;;
Franklin;18:04:42;16:00:42;417.3978,-1645.491,-1645.491;True,Sports,BUFFALO02,1,094892,-1;;;
Franklin;18:04:57;16:00:43;416.4544,-1644.973,-1644.973;True,Sports,BUFFALO02,3,181377,-1;;;
Franklin;18:05:13;16:00:43;414.9255,-1643.523,-1643.523;True,Sports,BUFFALO02,3,946341,0;;;
Franklin;18:05:28;16:00:44;414.7176,-1642.915,-1642.915;True,Sports,BUFFALO02,0,4145871,1;;;
Franklin;18:05:44;16:00:44;414.7037,-1643.619,-1643.619;True,Sports,BUFFALO02,2,531873,1;;;
Franklin;18:06:00;16:00:45;415.0436,-1645.813,-1645.813;True,Sports,BUFFALO02,5,473147,0;;;
Franklin;18:06:15;16:00:45;415.3231,-1648.209,-1648.209;True,Sports,BUFFALO02,3,807253,0;;;
Franklin;18:06:31;16:00:46;415.4984,-1649.744,-1649.744;True,Sports,BUFFALO02,2,173941,0;;;
Franklin;18:06:46;16:00:46;415.641,-1650.594,-1650.594;True,Sports,BUFFALO02,2,04301,1;;;
Franklin;18:07:02;16:00:47;416.027,-1652.515,-1652.515;True,Sports,BUFFALO02,5,758494,1;;;
Franklin;18:07:18;16:00:47;416.8473,-1657.128,-1657.128;True,Sports,BUFFALO02,11,80055,0;;;
Franklin;18:07:34;16:00:48;415.6881,-1662.726,-1662.726;True,Sports,BUFFALO02,11,44261,0;;;
Franklin;18:07:49;16:00:48;412.6113,-1667.551,-1667.551;True,Sports,BUFFALO02,11,33916,1;Be easy now, his allergies been givin' him hell.;TONYA;TOW_LYAE
Franklin;18:08:05;16:00:49;408.5081,-1673.608,-1673.608;True,Sports,BUFFALO02,16,48874,1;;;
Franklin;18:08:20;16:00:49;404.3527,-1681.019,-1681.019;True,Sports,BUFFALO02,16,5986,1;;;
Franklin;18:08:36;16:00:50;399.4333,-1687.493,-1687.493;True,Sports,BUFFALO02,15,36167,1;;;
Franklin;18:08:51;16:00:50;394.0279,-1693.623,-1693.623;True,Sports,BUFFALO02,15,27993,0;;;
Franklin;18:09:07;16:00:51;388.9486,-1699.278,-1699.278;True,Sports,BUFFALO02,14,10676,0;;;
Franklin;18:09:22;16:00:51;384.7431,-1704.526,-1704.526;True,Sports,BUFFALO02,12,06022,0;;;
Franklin;18:09:38;16:00:52;381.4262,-1709.608,-1709.608;True,Sports,BUFFALO02,11,52698,0;;;
Franklin;18:09:53;16:00:52;377.8799,-1713.883,-1713.883;True,Sports,BUFFALO02,10,84223,1;;;
Franklin;18:10:09;16:00:53;373.9066,-1717.703,-1717.703;True,Sports,BUFFALO02,9,812885,0;;;
Franklin;18:10:25;16:00:53;369.9576,-1720.926,-1720.926;True,Sports,BUFFALO02,10,42118,0;;;
Franklin;18:10:40;16:00:54;365.5209,-1723.612,-1723.612;True,Sports,BUFFALO02,11,22652,1;;;
Franklin;18:10:56;16:00:54;359.9262,-1725.929,-1725.929;True,Sports,BUFFALO02,12,02464,1;;;
Franklin;18:11:12;16:00:55;352.8051,-1726.219,-1726.219;True,Sports,BUFFALO02,15,32351,1;;;
Franklin;18:11:27;16:00:55;344.8578,-1723.264,-1723.264;True,Sports,BUFFALO02,17,16339,0;;;
Franklin;18:11:43;16:00:56;337.588,-1718.39,-1718.39;True,Sports,BUFFALO02,17,43809,1;;;
Franklin;18:11:58;16:00:57;330.243,-1712.006,-1712.006;True,Sports,BUFFALO02,20,10329,1;;;
Franklin;18:12:14;16:00:57;323.2139,-1704.93,-1704.93;True,Sports,BUFFALO02,18,11681,0;;;
Franklin;18:12:30;16:00:58;316.2072,-1699.395,-1699.395;True,Sports,BUFFALO02,15,9945,0;;;
Franklin;18:12:45;16:00:58;310.4523,-1693.903,-1693.903;True,Sports,BUFFALO02,14,96508,0;;;
Franklin;18:13:01;16:00:59;304.6727,-1689.102,-1689.102;True,Sports,BUFFALO02,14,06734,0;;;
Franklin;18:13:16;16:00:59;299.329,-1684.818,-1684.818;True,Sports,BUFFALO02,12,33004,0;;;
Franklin;18:13:32;16:01:00;294.766,-1681.129,-1681.129;True,Sports,BUFFALO02,9,264646,0;;;
Franklin;18:13:48;16:01:00;292.3214,-1679.41,-1679.41;True,Sports,BUFFALO02,1,593019,0;;;
Franklin;18:14:03;16:01:01;291.983,-1679.186,-1679.186;True,Sports,BUFFALO02,0,01713786,0;;;
Franklin;18:14:19;16:01:01;291.9855,-1679.187,-1679.187;True,Sports,BUFFALO02,0,0;;;
Franklin;18:14:34;16:01:02;291.9855,-1679.187,-1679.187;True,Sports,BUFFALO02,0,0;;;
Franklin;18:14:50;16:01:02;291.9855,-1679.187,-1679.187;True,Sports,BUFFALO02,0,0;;;
Franklin;18:15:05;16:01:03;291.9855,-1679.187,-1679.187;True,Sports,BUFFALO02,0,0;;;
Franklin;18:15:21;16:01:03;291.9855,-1679.187,-1679.187;True,Sports,BUFFALO02,0,0;;;
Franklin;18:15:37;16:01:04;291.9855,-1679.187,-1679.187;True,Sports,BUFFALO02,0,0;;;
Franklin;18:15:52;16:01:04;291.9855,-1679.187,-1679.187;True,Sports,BUFFALO02,0,0;;;
Franklin;18:16:08;16:01:05;291.9855,-1679.187,-1679.187;True,Sports,BUFFALO02,0,0;;;
Franklin;18:16:23;16:01:05;291.9855,-1679.187,-1679.187;True,Sports,BUFFALO02,0,0;;;
Franklin;18:16:39;16:01:06;291.9855,-1679.187,-1679.187;True,Sports,BUFFALO02,0,0;;;
Franklin;18:16:54;16:01:06;291.9855,-1679.187,-1679.187;True,Sports,BUFFALO02,0,0;;;
Franklin;18:17:10;16:01:07;291.9855,-1679.187,-1679.187;True,Sports,BUFFALO02,0,0;;;
Franklin;18:17:25;16:01:07;291.9855,-1679.187,-1679.187;True,Sports,BUFFALO02,0,0;;;
Franklin;18:17:41;16:01:08;291.9855,-1679.187,-1679.187;True,Sports,BUFFALO02,0,0;;;
Franklin;18:17:57;16:01:08;291.9855,-1679.187,-1679.187;True,Sports,BUFFALO02,0,0;;;
Franklin;18:18:12;16:01:09;291.9855,-1679.187,-1679.187;True,Sports,BUFFALO02,0,0;;;
Franklin;18:18:28;16:01:10;291.9855,-1679.187,-1679.187;True,Sports,BUFFALO02,0,0;;;
Franklin;18:18:43;16:01:10;291.9855,-1679.187,-1679.187;True,Sports,BUFFALO02,0,0;;;
Franklin;18:18:59;16:01:11;291.9855,-1679.187,-1679.187;True,Sports,BUFFALO02,0,0;;;
Franklin;18:19:14;16:01:11;291.9855,-1679.187,-1679.187;True,Sports,BUFFALO02,0,0;;;
Franklin;18:19:30;16:01:12;291.9855,-1679.187,-1679.187;True,Sports,BUFFALO02,0,0;;;
Franklin;18:19:45;16:01:12;291.9855,-1679.187,-1679.187;True,Sports,BUFFALO02,0,0;;;
Franklin;18:20:01;16:01:13;291.9855,-1679.187,-1679.187;True,Sports,BUFFALO02,0,0;;;
Franklin;18:20:16;16:01:13;291.9855,-1679.187,-1679.187;True,Sports,BUFFALO02,0,0;;;
Franklin;18:20:32;16:01:14;291.9855,-1679.187,-1679.187;True,Sports,BUFFALO02,0,0;;;
Franklin;18:20:47;16:01:14;291.7209,-1679.002,-1679.002;True,Sports,BUFFALO02,1,62256,1;;;
Franklin;18:21:03;16:01:15;290.4042,-1678.063,-1678.063;True,Sports,BUFFALO02,4,835318,1;;;
Franklin;18:21:19;16:01:15;287.0365,-1676.293,-1676.293;True,Sports,BUFFALO02,10,24885,1;;;
Franklin;18:21:34;16:01:16;282.0073,-1673.039,-1673.039;True,Sports,BUFFALO02,12,11166,1;;;
Franklin;18:21:50;16:01:16;276.3325,-1668.856,-1668.856;True,Sports,BUFFALO02,14,93876,1;;;
Franklin;18:22:05;16:01:17;269.4252,-1663.669,-1663.669;True,Sports,BUFFALO02,18,41485,1;;;
Franklin;18:22:21;16:01:17;261.3073,-1657.395,-1657.395;True,Sports,BUFFALO02,19,14682,0;;;
Franklin;18:22:37;16:01:18;253.5307,-1651.129,-1651.129;True,Sports,BUFFALO02,18,68329,0;;;
Franklin;18:22:52;16:01:18;246.7618,-1644.486,-1644.486;True,Sports,BUFFALO02,17,86267,0;;;
Franklin;18:23:08;16:01:19;239.6792,-1637.985,-1637.985;True,Sports,BUFFALO02,19,82269,1;;;
Franklin;18:23:24;16:01:19;231.3968,-1630.511,-1630.511;True,Sports,BUFFALO02,23,05839,1;;;
Franklin;18:23:39;16:01:20;222.5424,-1622.417,-1622.417;True,Sports,BUFFALO02,22,41864,0;;;
Franklin;18:23:55;16:01:20;214.454,-1614.579,-1614.579;True,Sports,BUFFALO02,21,93384,0;;;
Franklin;18:24:10;16:01:21;206.1476,-1607.219,-1607.219;True,Sports,BUFFALO02,21,0952,0;;;
Franklin;18:24:26;16:01:21;197.1412,-1602.032,-1602.032;True,Sports,BUFFALO02,19,00584,0;;;
Franklin;18:24:41;16:01:22;188.0831,-1597.187,-1597.187;True,Sports,BUFFALO02,20,10896,1;;;
Franklin;18:24:57;16:01:22;179.2694,-1592.212,-1592.212;True,Sports,BUFFALO02,19,07187,1;;;
Franklin;18:25:12;16:01:23;169.9008,-1587.183,-1587.183;True,Sports,BUFFALO02,21,61434,1;;;
Franklin;18:25:28;16:01:24;159.6749,-1580.506,-1580.506;True,Sports,BUFFALO02,23,56474,0;;;
Franklin;18:25:43;16:01:24;150.2176,-1573.073,-1573.073;True,Sports,BUFFALO02,23,00907,0;;;
Franklin;18:25:59;16:01:25;140.5679,-1565.946,-1565.946;True,Sports,BUFFALO02,23,50847,1;;;
Franklin;18:26:15;16:01:25;130.6251,-1558.097,-1558.097;True,Sports,BUFFALO02,25,3175,1;;;
Franklin;18:26:30;16:01:26;120.4401,-1549.796,-1549.796;True,Sports,BUFFALO02,24,8392,0;;;
Franklin;18:26:46;16:01:26;110.9504,-1542.005,-1542.005;True,Sports,BUFFALO02,22,83257,0;;;
Franklin;18:27:01;16:01:27;102.2775,-1534.844,-1534.844;True,Sports,BUFFALO02,20,8903,0;;;
Franklin;18:27:17;16:01:27;94.31504,-1528.215,-1528.215;True,Sports,BUFFALO02,18,98677,0;;;
Franklin;18:27:32;16:01:28;88.98037,-1523.715,-1523.715;True,Sports,BUFFALO02,7,575914,0;;;
Franklin;18:27:48;16:01:28;86.81212,-1521.86,-1521.86;True,Sports,BUFFALO02,4,666388,0;;;
Franklin;18:28:03;16:01:29;85.62932,-1520.878,-1520.878;True,Sports,BUFFALO02,1,007474,0;;;
Franklin;18:28:19;16:01:29;85.51083,-1520.78,-1520.78;True,Sports,BUFFALO02,0,007276768,0;;;
Franklin;18:28:34;16:01:30;85.51115,-1520.781,-1520.781;True,Sports,BUFFALO02,0,0;;;
Franklin;18:28:50;16:01:30;85.51115,-1520.781,-1520.781;True,Sports,BUFFALO02,0,0;;;
Franklin;18:29:05;16:01:31;85.51115,-1520.781,-1520.781;True,Sports,BUFFALO02,0,0;;;
Franklin;18:29:21;16:01:31;85.51115,-1520.781,-1520.781;True,Sports,BUFFALO02,0,0;;;
Franklin;18:29:36;16:01:32;85.51115,-1520.781,-1520.781;True,Sports,BUFFALO02,0,0;;;
Franklin;18:29:52;16:01:32;85.51115,-1520.781,-1520.781;True,Sports,BUFFALO02,0,0;;;
Franklin;18:30:07;16:01:33;85.51115,-1520.781,-1520.781;True,Sports,BUFFALO02,0,0;;;
Franklin;18:30:23;16:01:33;85.51115,-1520.781,-1520.781;True,Sports,BUFFALO02,0,0;;;
Franklin;18:30:38;16:01:34;85.51115,-1520.781,-1520.781;True,Sports,BUFFALO02,0,0;;;
Franklin;18:30:54;16:01:34;85.51115,-1520.781,-1520.781;True,Sports,BUFFALO02,0,0;;;
Franklin;18:31:09;16:01:35;85.51115,-1520.781,-1520.781;True,Sports,BUFFALO02,0,0;;;
Franklin;18:31:25;16:01:35;85.51115,-1520.781,-1520.781;True,Sports,BUFFALO02,0,0;;;
Franklin;18:31:40;16:01:36;85.51115,-1520.781,-1520.781;True,Sports,BUFFALO02,0,0;;;
Franklin;18:31:56;16:01:36;85.51115,-1520.781,-1520.781;True,Sports,BUFFALO02,0,0;;;
Franklin;18:32:11;16:01:37;85.51115,-1520.781,-1520.781;True,Sports,BUFFALO02,0,0;;;
Franklin;18:32:27;16:01:37;85.51115,-1520.781,-1520.781;True,Sports,BUFFALO02,0,0;;;
Franklin;18:32:42;16:01:38;85.51115,-1520.781,-1520.781;True,Sports,BUFFALO02,0,0;;;
Franklin;18:32:58;16:01:39;85.51115,-1520.781,-1520.781;True,Sports,BUFFALO02,0,0;;;
Franklin;18:33:13;16:01:39;85.51115,-1520.781,-1520.781;True,Sports,BUFFALO02,0,0;;;
Franklin;18:33:29;16:01:40;85.51115,-1520.781,-1520.781;True,Sports,BUFFALO02,0,0;;;
Franklin;18:33:44;16:01:40;85.51115,-1520.781,-1520.781;True,Sports,BUFFALO02,0,0;;;
Franklin;18:34:00;16:01:41;85.51115,-1520.781,-1520.781;True,Sports,BUFFALO02,0,0;;;
Franklin;18:34:15;16:01:41;85.51115,-1520.781,-1520.781;True,Sports,BUFFALO02,0,0;;;
Franklin;18:34:31;16:01:42;85.51115,-1520.781,-1520.781;True,Sports,BUFFALO02,0,0;;;
Franklin;18:34:47;16:01:42;85.51115,-1520.781,-1520.781;True,Sports,BUFFALO02,0,0;;;
Franklin;18:35:02;16:01:43;85.51115,-1520.781,-1520.781;True,Sports,BUFFALO02,0,0;;;
Franklin;18:35:18;16:01:43;85.51115,-1520.781,-1520.781;True,Sports,BUFFALO02,0,0;;;
Franklin;18:35:26;16:01:48;85.51115,-1520.781,-1520.781;True,Sports,BUFFALO02,0,0;;;
Franklin;18:35:42;16:01:48;85.51115,-1520.781,-1520.781;True,Sports,BUFFALO02,0,0;;;
Franklin;18:35:57;16:01:49;85.51115,-1520.781,-1520.781;True,Sports,BUFFALO02,0,0;;;
Franklin;18:36:13;16:01:50;85.51115,-1520.781,-1520.781;True,Sports,BUFFALO02,0,0;;;
Franklin;18:36:29;16:01:50;85.51115,-1520.781,-1520.781;True,Sports,BUFFALO02,0,0;;;
Franklin;18:36:44;16:01:51;85.51115,-1520.781,-1520.781;True,Sports,BUFFALO02,0,0;;;
Franklin;18:37:00;16:01:51;85.51115,-1520.781,-1520.781;True,Sports,BUFFALO02,0,0;;;
Franklin;18:37:15;16:01:52;85.51115,-1520.781,-1520.781;True,Sports,BUFFALO02,0,0;;;
Franklin;18:37:31;16:01:52;85.51115,-1520.781,-1520.781;True,Sports,BUFFALO02,0,0;;;
Franklin;18:37:46;16:01:53;85.51115,-1520.781,-1520.781;True,Sports,BUFFALO02,0,0;;;
Franklin;18:38:02;16:01:53;85.51115,-1520.781,-1520.781;True,Sports,BUFFALO02,0,0;;;
Franklin;18:38:17;16:01:54;85.51115,-1520.781,-1520.781;True,Sports,BUFFALO02,0,0;;;
Franklin;18:38:33;16:01:54;85.51115,-1520.781,-1520.781;True,Sports,BUFFALO02,0,0;;;
Franklin;18:38:48;16:01:55;85.51115,-1520.781,-1520.781;True,Sports,BUFFALO02,0,0;;;
Franklin;18:39:04;16:01:55;85.51115,-1520.781,-1520.781;True,Sports,BUFFALO02,0,0;;;
Franklin;18:39:20;16:01:56;85.51115,-1520.781,-1520.781;True,Sports,BUFFALO02,0,0;;;
Franklin;18:39:35;16:01:56;85.51115,-1520.781,-1520.781;True,Sports,BUFFALO02,0,0;;;
Franklin;18:39:51;16:01:57;85.51115,-1520.781,-1520.781;True,Sports,BUFFALO02,0,0;;;
Franklin;18:40:06;16:01:57;85.51115,-1520.781,-1520.781;True,Sports,BUFFALO02,0,0;;;
Franklin;18:40:22;16:01:58;85.51115,-1520.781,-1520.781;True,Sports,BUFFALO02,0,0;;;
Franklin;18:40:37;16:01:58;85.51115,-1520.781,-1520.781;True,Sports,BUFFALO02,0,0;;;
Franklin;18:40:53;16:01:59;85.51115,-1520.781,-1520.781;True,Sports,BUFFALO02,0,0;;;
Franklin;18:41:08;16:01:59;85.51115,-1520.781,-1520.781;True,Sports,BUFFALO02,0,0;;;
Franklin;18:41:24;16:02:00;85.51115,-1520.781,-1520.781;True,Sports,BUFFALO02,0,0;;;
Franklin;18:41:39;16:02:00;85.51115,-1520.781,-1520.781;True,Sports,BUFFALO02,0,0;;;
Franklin;18:41:55;16:02:01;85.51115,-1520.781,-1520.781;True,Sports,BUFFALO02,0,0;;;
Franklin;18:42:10;16:02:01;85.49465,-1520.767,-1520.767;True,Sports,BUFFALO02,0,3537212,1;;;
Franklin;18:42:26;16:02:02;84.91759,-1520.273,-1520.273;True,Sports,BUFFALO02,2,741992,1;;;
Franklin;18:42:41;16:02:02;83.08176,-1518.68,-1518.68;True,Sports,BUFFALO02,6,924446,1;;;
Franklin;18:42:57;16:02:03;79.14636,-1515.271,-1515.271;True,Sports,BUFFALO02,11,61469,0;;;
Franklin;18:43:13;16:02:04;74.39572,-1511.294,-1511.294;True,Sports,BUFFALO02,12,12055,0;;;
Franklin;18:43:28;16:02:04;69.416,-1507.131,-1507.131;True,Sports,BUFFALO02,13,82284,1;;;
Franklin;18:43:44;16:02:05;63.28769,-1502.011,-1502.011;True,Sports,BUFFALO02,17,09456,1;;;
Franklin;18:43:59;16:02:05;56.71698,-1496.546,-1496.546;True,Sports,BUFFALO02,15,53354,0;;;
Franklin;18:44:15;16:02:06;50.65253,-1491.404,-1491.404;True,Sports,BUFFALO02,14,88828,0;;;
Franklin;18:44:30;16:02:06;44.90545,-1486.469,-1486.469;True,Sports,BUFFALO02,14,45614,0;;;
Franklin;18:44:46;16:02:07;38.75743,-1481.123,-1481.123;True,Sports,BUFFALO02,17,10546,1;;;
Franklin;18:45:01;16:02:07;31.44643,-1474.849,-1474.849;True,Sports,BUFFALO02,18,99915,0;;;
Franklin;18:45:17;16:02:08;23.79383,-1469.471,-1469.471;True,Sports,BUFFALO02,16,88717,0;;;
Franklin;18:45:33;16:02:08;16.71886,-1464.921,-1464.921;True,Sports,BUFFALO02,15,95481,1;;;
Franklin;18:45:48;16:02:09;9.496281,-1461.695,-1461.695;True,Sports,BUFFALO02,14,40651,0;;;
Franklin;18:46:04;16:02:09;2.829628,-1460.128,-1460.128;True,Sports,BUFFALO02,12,28237,0;;;
Franklin;18:46:20;16:02:10;-3.094795,-1459.62,-1459.62;True,Sports,BUFFALO02,10,99388,1;;;
Franklin;18:46:35;16:02:10;-8.628331,-1459.893,-1459.893;True,Sports,BUFFALO02,9,892793,0;;;
Franklin;18:46:51;16:02:11;-13.75181,-1460.274,-1460.274;True,Sports,BUFFALO02,10,62997,0;;;
Franklin;18:47:06;16:02:11;-18.24038,-1458.895,-1458.895;True,Sports,BUFFALO02,7,864186,0;;;
Franklin;18:47:22;16:02:12;-20.52325,-1456.053,-1456.053;True,Sports,BUFFALO02,6,287136,0;;;
Franklin;18:47:37;16:02:12;-22.10744,-1453.181,-1453.181;True,Sports,BUFFALO02,6,883385,0;;;
Franklin;18:47:53;16:02:13;-23.3379,-1450.245,-1450.245;True,Sports,BUFFALO02,5,354732,0;;;
Franklin;18:48:09;16:02:13;-24.27788,-1447.89,-1447.89;True,Sports,BUFFALO02,4,228191,0;;;
Franklin;18:48:24;16:02:14;-24.99119,-1445.638,-1445.638;True,Sports,BUFFALO02,5,375685,0;;;
Franklin;18:48:40;16:02:14;-25.11806,-1443.317,-1443.317;True,Sports,BUFFALO02,4,470995,1;;;
Franklin;18:48:56;16:02:15;-25.12634,-1440.379,-1440.379;True,Sports,BUFFALO02,5,45189,0;;;
Franklin;18:49:11;16:02:15;-25.05935,-1437.978,-1437.978;True,Sports,BUFFALO02,3,791148,0;;;
Franklin;18:49:27;16:02:16;-25.00283,-1435.923,-1435.923;True,Sports,BUFFALO02,4,819542,1;;;
Franklin;18:49:42;16:02:16;-25.03356,-1433.328,-1433.328;True,Sports,BUFFALO02,4,125607,0;;;
Franklin;18:49:58;16:02:17;-25.07144,-1431.01,-1431.01;True,Sports,BUFFALO02,6,149167,1;;;
Franklin;18:50:14;16:02:18;-25.10476,-1427.873,-1427.873;True,Sports,BUFFALO02,3,622299,0;;;
Franklin;18:50:29;16:02:18;-25.14537,-1426.883,-1426.883;True,Sports,BUFFALO02,0,04113282,0;;;
Franklin;18:50:45;16:02:19;-25.14485,-1426.888,-1426.888;True,Sports,BUFFALO02,0,001350553,0;;;
Franklin;18:51:00;16:02:19;-26.43701,-1427.33,-1427.33;;;;
Franklin;18:51:16;16:02:20;-26.58615,-1427.393,-1427.393;;;;
Franklin;18:51:32;16:02:20;-27.18596,-1427.742,-1427.742;;;;
Franklin;18:51:48;16:02:21;-27.16884,-1429.081,-1429.081;;;;
Franklin;18:52:03;16:02:21;-26.15082,-1431.311,-1431.311;;;;
Franklin;18:52:19;16:02:22;-24.08776,-1434.155,-1434.155;;;;
Franklin;18:52:34;16:02:22;-23.53068,-1437.197,-1437.197;;;;
Franklin;18:52:50;16:02:23;-23.1079,-1440.376,-1440.376;;;;
Franklin;18:53:06;16:02:23;-20.70005,-1442.856,-1442.856;;;;
Franklin;18:53:21;16:02:24;-18.82959,-1443.526,-1443.526;;;;
Franklin;18:53:37;16:02:24;-17.62822,-1443.406,-1443.406;;;;
Franklin;18:53:52;16:02:25;-17.24783,-1443.39,-1443.39;;;;
Franklin;18:53:59;16:02:25;-14.22639,-1447.045,-1447.045;;Girl, of course I saved that poor boy's life.;Cutscene;Cutscene
Franklin;18:53:59;16:02:26;-14.28924,-1446.51,-1446.51;;;;
Franklin;18:53:59;16:02:26;-15.17687,-1445.857,-1445.857;;;;
Franklin;18:53:59;16:02:27;-16.94143,-1445.041,-1445.041;;;;
Franklin;18:53:59;16:02:27;-18.81782,-1444.164,-1444.164;;;;
Franklin;18:53:59;16:02:28;-20.22718,-1443.408,-1443.408;;But you know what?;Cutscene;Cutscene
Franklin;18:53:59;16:02:28;-20.87882,-1442.933,-1442.933;;It's getting to be a bit much.;Cutscene;Cutscene
Franklin;18:53:59;16:02:29;-20.94237,-1442.629,-1442.629;;;;
Franklin;18:53:59;16:02:29;-20.87098,-1442.737,-1442.737;;;;
Franklin;18:53:59;16:02:30;-20.77749,-1442.815,-1442.815;;I have no idea how you cope.;Cutscene;Cutscene
Franklin;18:53:59;16:02:31;-20.64532,-1442.869,-1442.869;;;;
Franklin;18:53:59;16:02:31;-20.69771,-1442.908,-1442.908;;;;
Franklin;18:53:59;16:02:32;-20.68029,-1442.9,-1442.9;;;;
Franklin;18:53:59;16:02:32;-20.7025,-1442.904,-1442.904;;'Course I cope.;Cutscene;Cutscene
Franklin;18:53:59;16:02:33;-20.66818,-1442.886,-1442.886;;;;
Franklin;18:53:59;16:02:33;-20.65011,-1442.883,-1442.883;;I'm a woman.;Cutscene;Cutscene
Franklin;18:53:59;16:02:34;-20.65676,-1442.908,-1442.908;;;;
Franklin;18:53:59;16:02:34;-20.6596,-1442.918,-1442.918;;Ain't that the truth?;Cutscene;Cutscene
Franklin;18:53:59;16:02:35;-20.63126,-1442.914,-1442.914;;;;
Franklin;18:53:59;16:02:35;-20.58262,-1442.894,-1442.894;;;;
Franklin;18:53:59;16:02:36;-20.54953,-1442.873,-1442.873;;;;
Franklin;18:53:59;16:02:36;-20.61406,-1442.889,-1442.889;;;;
Franklin;18:53:59;16:02:37;-20.62759,-1442.922,-1442.922;;But, girl,;Cutscene;Cutscene
Franklin;18:53:59;16:02:37;-20.60359,-1442.912,-1442.912;;;;
Franklin;18:53:59;16:02:38;-20.62278,-1442.854,-1442.854;;I done done all that I can do,;Cutscene;Cutscene
Franklin;18:53:59;16:02:38;-20.62806,-1442.858,-1442.858;;;;
Franklin;18:53:59;16:02:39;-20.61681,-1442.863,-1442.863;;;;
Franklin;18:53:59;16:02:39;-20.62023,-1442.861,-1442.861;;;;
Franklin;18:53:59;16:02:40;-20.62782,-1442.865,-1442.865;;;;
Franklin;18:53:59;16:02:40;-20.62763,-1442.866,-1442.866;;but you know how boys are.;Cutscene;Cutscene
Franklin;18:53:59;16:02:41;-20.62674,-1442.865,-1442.865;;;;
Franklin;18:53:59;16:02:41;-20.63348,-1442.858,-1442.858;;;;
Franklin;18:53:59;16:02:42;-20.63104,-1442.858,-1442.858;;;;
Franklin;18:53:59;16:02:43;-20.63046,-1442.861,-1442.861;;Wait a minute...;Cutscene;Cutscene
Franklin;18:53:59;16:02:43;-20.62943,-1442.864,-1442.864;;;;
Franklin;18:53:59;16:02:44;-20.6316,-1442.859,-1442.859;;Oh, girl...;Cutscene;Cutscene
Franklin;18:53:59;16:02:44;-20.62901,-1442.853,-1442.853;;;;
Franklin;18:53:59;16:02:45;-20.6279,-1442.853,-1442.853;;Oh, hey, how much further?;Cutscene;Cutscene
Franklin;18:53:59;16:02:45;-20.62908,-1442.853,-1442.853;;;;
Franklin;18:53:59;16:02:46;-20.62901,-1442.854,-1442.854;;;;
Franklin;18:53:59;16:02:46;-20.62622,-1442.855,-1442.855;;;;
Franklin;18:53:59;16:02:47;-20.62692,-1442.857,-1442.857;;We ain't even gone five yards yet.;Cutscene;Cutscene
Franklin;18:53:59;16:02:47;-20.62762,-1442.857,-1442.857;;;;
Franklin;18:53:59;16:02:48;-20.62845,-1442.856,-1442.856;;;;
Franklin;18:53:59;16:02:48;-20.62846,-1442.854,-1442.854;;;;
Franklin;18:53:59;16:02:49;-20.62354,-1442.844,-1442.844;;Okay. I know.;Cutscene;Cutscene
Franklin;18:53:59;16:02:49;-20.62523,-1442.85,-1442.85;;;;
Franklin;18:53:59;16:02:50;-20.62359,-1442.859,-1442.859;;I'm just asking.;Cutscene;Cutscene
Franklin;18:53:59;16:02:50;-20.62607,-1442.855,-1442.855;;;;
Franklin;18:53:59;16:02:51;-20.62601,-1442.849,-1442.849;;This is spirit walking.;Cutscene;Cutscene
Franklin;18:53:59;16:02:51;-20.62622,-1442.847,-1442.847;;;;
Franklin;18:53:59;16:02:52;-20.62825,-1442.848,-1442.848;;;;
Franklin;18:53:59;16:02:52;-20.62735,-1442.85,-1442.85;;;;
Franklin;18:53:59;16:02:53;-20.62658,-1442.852,-1442.852;;Exercises body and soul.;Cutscene;Cutscene
Franklin;18:53:59;16:02:53;-20.62817,-1442.85,-1442.85;;;;
Franklin;18:53:59;16:02:54;-20.62843,-1442.85,-1442.85;;;;
Franklin;18:53:59;16:02:54;-20.62758,-1442.851,-1442.851;;;;
Franklin;18:53:59;16:02:55;-20.62775,-1442.852,-1442.852;;It's all the rage.;Cutscene;Cutscene
Franklin;18:53:59;16:02:56;-20.62809,-1442.851,-1442.851;;;;
Franklin;18:53:59;16:02:56;-20.62937,-1442.848,-1442.848;;;;
Franklin;18:53:59;16:02:57;-20.63009,-1442.844,-1442.844;;;;
Franklin;18:53:59;16:02:57;-20.63199,-1442.847,-1442.847;;;;
Franklin;18:53:59;16:02:58;-20.63116,-1442.852,-1442.852;;;;
Franklin;18:53:59;16:02:58;-20.63312,-1442.855,-1442.855;;Bringing an end to the patriarchy.;Cutscene;Cutscene
Franklin;18:53:59;16:02:59;-20.6198,-1442.947,-1442.947;;;;
Franklin;18:53:59;16:02:59;-20.5,-1443.199,-1443.199;;;;
Franklin;18:53:59;16:03:00;-20.33155,-1443.451,-1443.451;;;;
Franklin;18:53:59;16:03:00;-20.01035,-1443.876,-1443.876;;;;
Franklin;18:53:59;16:03:01;-19.41074,-1444.316,-1444.316;;;;
Franklin;18:53:59;16:03:01;-18.57032,-1444.717,-1444.717;;;;
Franklin;18:53:59;16:03:02;-17.80029,-1444.807,-1444.807;;;;
Franklin;18:53:59;16:03:02;-17.02118,-1444.898,-1444.898;;;;
Franklin;18:53:59;16:03:03;-16.2813,-1444.782,-1444.782;;;;
Franklin;18:53:59;16:03:03;-15.58127,-1444.514,-1444.514;;;;
Franklin;18:53:59;16:03:04;-15.10088,-1444.133,-1444.133;;;;
Franklin;18:53:59;16:03:04;-14.59749,-1443.567,-1443.567;;;;
Franklin;18:53:59;16:03:05;-14.2562,-1443.044,-1443.044;;We are women and we are free...;Cutscene;Cutscene
Franklin;18:53:59;16:03:05;-14.19259,-1442.497,-1442.497;;;;
Franklin;18:53:59;16:03:06;-14.16671,-1441.927,-1441.927;;Damn,;Cutscene;Cutscene
Franklin;18:53:59;16:03:06;-14.23846,-1441.551,-1441.551;;;;
Franklin;18:53:59;16:03:07;-14.26885,-1441.333,-1441.333;;;;
Franklin;18:53:59;16:03:08;-14.32589,-1441.625,-1441.625;;F is that your auntie?;Cutscene;Cutscene
Franklin;18:53:59;16:03:08;-14.33601,-1441.592,-1441.592;;;;
Franklin;18:53:59;16:03:09;-14.28119,-1441.647,-1441.647;;;;
Franklin;18:53:59;16:03:09;-14.13552,-1441.887,-1441.887;;Yeah, thank God I missed her crazy ass.;Cutscene;Cutscene
Franklin;18:53:59;16:03:10;-14.13087,-1442.185,-1442.185;;;;
Franklin;18:53:59;16:03:10;-14.15383,-1442.55,-1442.55;;;;
Franklin;18:53:59;16:03:11;-14.12149,-1442.991,-1442.991;;;;
Franklin;18:53:59;16:03:11;-14.12602,-1443.411,-1443.411;;;;
Franklin;18:53:59;16:03:12;-14.12225,-1443.972,-1443.972;;She spirit walking and shit now, man...;Cutscene;Cutscene
Franklin;18:53:59;16:03:12;-14.02674,-1444.57,-1444.57;;;;
Franklin;18:53:59;16:03:13;-13.97789,-1445.144,-1445.144;;;;
Franklin;18:53:59;16:03:13;-14.03101,-1445.669,-1445.669;;;;
Franklin;18:53:59;16:03:14;-13.9445,-1446.203,-1446.203;;that's just her attempts to...;Cutscene;Cutscene
Franklin;18:53:59;16:03:14;-13.97198,-1446.731,-1446.731;;;;
Franklin;18:53:59;16:03:15;-13.91293,-1447.291,-1447.291;;Hey, hey! Don't be talking shit about your auntie, man,;Cutscene;Cutscene
Franklin;18:53:59;16:03:15;-13.86533,-1447.805,-1447.805;;;;
Franklin;18:53:59;16:03:16;-13.89798,-1448.237,-1448.237;;;;
Franklin;18:53:59;16:03:16;-13.81044,-1448.668,-1448.668;;;;
Franklin;18:53:59;16:03:17;-13.84532,-1449.044,-1449.044;;she got...;Cutscene;Cutscene
Franklin;18:53:59;16:03:17;-13.8792,-1449.345,-1449.345;;;;
Franklin;18:53:59;16:03:18;-13.76451,-1449.618,-1449.618;;I mean she cool as a motherfucker, man,;Cutscene;Cutscene
Franklin;18:53:59;16:03:18;-13.77377,-1449.774,-1449.774;;;;
Franklin;18:53:59;16:03:19;-13.85884,-1449.963,-1449.963;;;;
Franklin;18:53:59;16:03:20;-13.80686,-1450.074,-1450.074;;;;
Franklin;18:53:59;16:03:20;-13.6777,-1450.149,-1450.149;;come on.;Cutscene;Cutscene
Franklin;18:53:59;16:03:21;-13.6852,-1450.205,-1450.205;;Come where?;Cutscene;Cutscene
Franklin;18:53:59;16:03:21;-13.71603,-1450.241,-1450.241;;;;
Franklin;18:53:59;16:03:22;-13.72996,-1450.262,-1450.262;;;;
Franklin;18:53:59;16:03:22;-13.7308,-1450.267,-1450.267;;We gotta go pick up some shit from round the corner, man.;Cutscene;Cutscene
Franklin;18:53:59;16:03:23;-13.73043,-1450.263,-1450.263;;;;
Franklin;18:53:59;16:03:23;-13.73081,-1450.257,-1450.257;;;;
Franklin;18:53:59;16:03:24;-13.73039,-1450.256,-1450.256;;We can walk and talk at the same time, my nigga.;Cutscene;Cutscene
Franklin;18:53:59;16:03:24;-13.73113,-1450.26,-1450.26;;;;
Franklin;18:53:59;16:03:25;-13.73158,-1450.262,-1450.262;;;;
Franklin;18:53:59;16:03:25;-13.73323,-1450.26,-1450.26;;;;
Franklin;18:53:59;16:03:26;-13.74341,-1450.268,-1450.268;;Why the fuck we can't drive?;Cutscene;Cutscene
Franklin;18:53:59;16:03:26;-13.74867,-1450.269,-1450.269;;;;
Franklin;18:53:59;16:03:27;-13.74919,-1450.268,-1450.268;;;;
Franklin;18:53:59;16:03:27;-13.74711,-1450.268,-1450.268;;Around the block?;Cutscene;Cutscene
Franklin;18:53:59;16:03:28;-13.74577,-1450.266,-1450.266;;;;
Franklin;18:53:59;16:03:28;-13.74626,-1450.263,-1450.263;;With Chop?;Cutscene;Cutscene
Franklin;18:53:59;16:03:29;-13.74961,-1450.263,-1450.263;;;;
Franklin;18:53:59;16:03:29;-13.74945,-1450.266,-1450.266;;;;
Franklin;18:53:59;16:03:30;-13.75681,-1450.275,-1450.275;;You need to walk with your fat ass.;Cutscene;Cutscene
Franklin;18:53:59;16:03:30;-13.79736,-1450.293,-1450.293;;;;
Franklin;18:53:59;16:03:31;-13.8941,-1450.306,-1450.306;;;;
Franklin;18:53:59;16:03:31;-14.00137,-1450.356,-1450.356;;;;
Franklin;18:53:59;16:03:32;-14.40466,-1450.276,-1450.276;;;;
Franklin;18:53:59;16:03:33;-14.77359,-1450.586,-1450.586;;Yeah, okay, you tall, lanky son of a bitch.;Cutscene;Cutscene
Franklin;18:53:59;16:03:33;-15.3424,-1450.759,-1450.759;;;;
Franklin;18:53:59;16:03:34;-15.93588,-1450.994,-1450.994;;;;
Franklin;18:53:59;16:03:34;-16.5794,-1451.109,-1451.109;;;;
Franklin;18:53:59;16:03:35;-17.21881,-1451.203,-1451.203;;;;
Franklin;18:53:59;16:03:35;-17.87958,-1451.296,-1451.296;;;;
Franklin;18:53:59;16:03:36;-18.53358,-1451.391,-1451.391;;;;
Franklin;18:53:59;16:03:36;-19.23694,-1451.486,-1451.486;;;;
Franklin;18:53:59;16:03:37;-20.045,-1451.579,-1451.579;;;;
Franklin;18:53:59;16:03:37;-20.93667,-1451.673,-1451.673;;;;
Franklin;18:54:11;16:03:38;-21.83623,-1451.768,-1451.768;;;;
Franklin;18:54:27;16:03:38;-22.71859,-1451.862,-1451.862;;;;
Franklin;18:54:42;16:03:39;-23.59676,-1451.956,-1451.956;;;;
Franklin;18:54:58;16:03:39;-24.48327,-1452.051,-1452.051;;;;
Franklin;18:55:13;16:03:40;-25.36958,-1452.145,-1452.145;;Come on, homie, we ain't got all day, let's go.;LAMAR;FKN0_CJAA
Franklin;18:55:29;16:03:40;-26.25804,-1452.24,-1452.24;;;;
Franklin;18:55:45;16:03:41;-27.13742,-1452.42,-1452.42;;;;
Franklin;18:56:00;16:03:41;-28.03111,-1452.526,-1452.526;;;;
Franklin;18:56:16;16:03:42;-28.92165,-1452.598,-1452.598;;Fo' sho, but what you got up?;FRANKLIN;FKN0_CJAB
Franklin;18:56:31;16:03:42;-29.80449,-1452.677,-1452.677;;;;
Franklin;18:56:47;16:03:43;-30.69208,-1452.747,-1452.747;;;;
Franklin;18:57:03;16:03:43;-31.57422,-1452.818,-1452.818;;;;
Franklin;18:57:18;16:03:44;-32.45406,-1452.887,-1452.887;;Kidnapping, fool. That clown D, that OG fool from Ballas.;LAMAR;FKN0_CJAC
Franklin;18:57:34;16:03:44;-33.33764,-1452.958,-1452.958;;;;
Franklin;18:57:49;16:03:45;-34.2441,-1453.029,-1453.029;;;;
Franklin;18:58:05;16:03:46;-35.12828,-1453.099,-1453.099;;;;
Franklin;18:58:20;16:03:46;-36.01823,-1453.17,-1453.17;;;;
Franklin;18:58:36;16:03:47;-36.90673,-1453.24,-1453.24;;;;
Franklin;18:58:52;16:03:47;-37.79092,-1453.311,-1453.311;;;;
Franklin;18:59:07;16:03:48;-38.68454,-1453.418,-1453.418;;;;
Franklin;18:59:23;16:03:48;-39.5647,-1453.502,-1453.502;;Dog, I told you; no more gangbanging, retro-vengeance bullshit. I'm trying to make some fucking paper.;FRANKLIN;FKN0_CJAD
Franklin;18:59:38;16:03:49;-40.44497,-1453.574,-1453.574;;;;
Franklin;18:59:54;16:03:49;-41.35237,-1453.652,-1453.652;;;;
Franklin;19:00:09;16:03:50;-42.23585,-1453.736,-1453.736;;;;
Franklin;19:00:25;16:03:50;-43.12899,-1453.811,-1453.811;;;;
Franklin;19:00:41;16:03:51;-44.00704,-1453.884,-1453.884;;;;
Franklin;19:00:56;16:03:51;-44.89505,-1453.958,-1453.958;;;;
Franklin;19:01:12;16:03:52;-45.778,-1454.032,-1454.032;;;;
Franklin;19:01:27;16:03:52;-46.66854,-1454.106,-1454.106;;;;
Franklin;19:01:43;16:03:53;-47.55021,-1454.212,-1454.212;;;;
Franklin;19:01:59;16:03:53;-48.4411,-1454.35,-1454.35;;;;
Franklin;19:02:14;16:03:54;-49.3378,-1454.435,-1454.435;;You gonna make some paper, loc. And ain't nobody out here gangbanging, it just look like that. You gotta know the difference, man.;LAMAR;FKN0_CJAE
Franklin;19:02:30;16:03:54;-50.22691,-1454.516,-1454.516;;;;
Franklin;19:02:45;16:03:55;-51.11285,-1454.613,-1454.613;;;;
Franklin;19:03:01;16:03:55;-51.9964,-1454.754,-1454.754;;;;
Franklin;19:03:17;16:03:56;-52.87688,-1454.889,-1454.889;;;;
Franklin;19:03:32;16:03:56;-53.7656,-1454.98,-1454.98;;;;
Franklin;19:03:48;16:03:57;-54.65637,-1455.068,-1455.068;;;;
Franklin;19:04:03;16:03:57;-55.54537,-1455.156,-1455.156;;;;
Franklin;19:04:19;16:03:58;-56.43059,-1455.244,-1455.244;;;;
Franklin;19:04:34;16:03:59;-57.31371,-1455.338,-1455.338;;;;
Franklin;19:04:50;16:03:59;-58.17385,-1455.596,-1455.596;;;;
Franklin;19:05:06;16:04:00;-59.07081,-1455.742,-1455.742;;;;
Franklin;19:05:22;16:04:00;-59.96455,-1455.859,-1455.859;;Fuck, man, great. My aunt will be very happy, homie. She wants me dead anyway so she can get the fucking house.;FRANKLIN;FKN0_CJAF
Franklin;19:05:37;16:04:01;-60.82838,-1456.05,-1456.05;;;;
Franklin;19:05:53;16:04:01;-61.65903,-1456.411,-1456.411;;;;
Franklin;19:06:08;16:04:02;-62.45531,-1456.821,-1456.821;;;;
Franklin;19:06:24;16:04:02;-63.24893,-1457.232,-1457.232;;;;
Franklin;19:06:40;16:04:03;-64.09205,-1457.508,-1457.508;;;;
Franklin;19:06:55;16:04:03;-64.91835,-1457.859,-1457.859;;;;
Franklin;19:07:11;16:04:04;-65.71347,-1458.241,-1458.241;;;;
Franklin;19:07:26;16:04:04;-66.50407,-1458.624,-1458.624;;;;
Franklin;19:07:42;16:04:05;-67.33743,-1458.913,-1458.913;;;;
Franklin;19:07:57;16:04:05;-68.17443,-1459.223,-1459.223;;;;
Franklin;19:08:13;16:04:06;-69.00595,-1459.594,-1459.594;;;;
Franklin;19:08:29;16:04:06;-69.82734,-1459.963,-1459.963;;;;
Franklin;19:08:44;16:04:07;-70.65271,-1460.303,-1460.303;;;;
Franklin;19:09:00;16:04:07;-71.51904,-1460.469,-1460.469;;You got the wheel, homie.;LAMAR;FKN0_EXAA
Franklin;19:09:15;16:04:08;-72.39651,-1460.666,-1460.666;;;;
Franklin;19:09:31;16:04:08;-73.23606,-1460.923,-1460.923;;;;
Franklin;19:09:46;16:04:09;-74.0877,-1460.759,-1460.759;;;;
Franklin;19:10:02;16:04:09;-74.89206,-1460.381,-1460.381;;;;
Franklin;19:10:18;16:04:10;-75.64525,-1459.904,-1459.904;;;;
Franklin;19:10:33;16:04:10;-75.95165,-1459.094,-1459.094;;;;
Franklin;19:10:49;16:04:11;-75.63304,-1458.63,-1458.63;;;;
Franklin;19:11:04;16:04:12;-75.3825,-1457.839,-1457.839;;;;
Franklin;19:11:20;16:04:12;-75.74847,-1457.037,-1457.037;;;;
Franklin;19:11:35;16:04:13;-76.11171,-1456.243,-1456.243;;;;
Franklin;19:11:51;16:04:13;-76.19861,-1455.871,-1455.871;;;;
Franklin;19:12:07;16:04:14;-76.19952,-1455.871,-1455.871;;;;
Franklin;19:12:22;16:04:14;-76.25484,-1455.983,-1455.983;;;;
Franklin;19:12:38;16:04:15;-76.55872,-1456.595,-1456.595;;;;
Franklin;19:12:54;16:04:15;-77.80364,-1456.689,-1456.689;True,Vans,SPEEDO,0,02072264,0;;;
Franklin;19:13:09;16:04:16;-77.80364,-1456.689,-1456.689;True,Vans,SPEEDO,0,0;;;
Franklin;19:13:25;16:04:16;-77.8036,-1456.687,-1456.687;True,Vans,SPEEDO,0,05201617,0;;;
Franklin;19:13:40;16:04:17;-77.80539,-1456.687,-1456.687;True,Vans,SPEEDO,0,001026616,0;;;
Franklin;19:13:56;16:04:17;-77.80499,-1456.687,-1456.687;True,Vans,SPEEDO,0,001078111,0;;;
Franklin;19:14:11;16:04:18;-77.80477,-1456.687,-1456.687;True,Vans,SPEEDO,0,002924654,0;;;
Franklin;19:14:27;16:04:18;-77.80461,-1456.689,-1456.689;True,Vans,SPEEDO,0,002415742,0;;;
Franklin;19:14:43;16:04:19;-77.80468,-1456.693,-1456.693;True,Vans,SPEEDO,0,0005134665,0;;;
Franklin;19:14:58;16:04:19;-77.80511,-1456.698,-1456.698;True,Vans,SPEEDO,0,0003827311,0;;;
Franklin;19:15:14;16:04:20;-77.80539,-1456.698,-1456.698;True,Vans,SPEEDO,0,0007883981,0;;;
Franklin;19:15:29;16:04:20;-77.80593,-1456.699,-1456.699;True,Vans,SPEEDO,0,002380786,0;;;
Franklin;19:15:45;16:04:21;-77.80211,-1456.698,-1456.698;True,Vans,SPEEDO,0,0225579,0;;;
Franklin;19:16:00;16:04:21;-77.80308,-1456.691,-1456.691;True,Vans,SPEEDO,0,00626487,0;;;
Franklin;19:16:16;16:04:22;-77.80317,-1456.691,-1456.691;True,Vans,SPEEDO,0,004653362,0;;;
Franklin;19:16:32;16:04:22;-77.80318,-1456.691,-1456.691;True,Vans,SPEEDO,0,004217145,0;;;
Franklin;19:16:47;16:04:23;-77.80318,-1456.691,-1456.691;True,Vans,SPEEDO,0,004264626,0;;;
Franklin;19:17:03;16:04:23;-77.80318,-1456.691,-1456.691;True,Vans,SPEEDO,0,004271377,0;;;
Franklin;19:17:18;16:04:24;-77.80318,-1456.691,-1456.691;True,Vans,SPEEDO,0,00426886,0;;;
Franklin;19:17:34;16:04:25;-77.80318,-1456.691,-1456.691;True,Vans,SPEEDO,0,004269371,0;;;
Franklin;19:17:50;16:04:25;-77.80341,-1456.69,-1456.69;True,Vans,SPEEDO,0,007013345,0;;;
Franklin;19:18:05;16:04:26;-77.80373,-1456.69,-1456.69;True,Vans,SPEEDO,0,004490275,0;;;
Franklin;19:18:21;16:04:26;-77.80363,-1456.69,-1456.69;True,Vans,SPEEDO,0,003751181,0;;;
Franklin;19:18:36;16:04:27;-77.80373,-1456.69,-1456.69;True,Vans,SPEEDO,0,01579763,0;;;
Franklin;19:18:52;16:04:27;-77.80359,-1456.69,-1456.69;True,Vans,SPEEDO,0,001349912,0;Go up Vinewood Boulevard.;LAMAR;FKN0_CHAA
Franklin;19:19:08;16:04:28;-77.80428,-1456.688,-1456.688;True,Vans,SPEEDO,0,0112299,0;;;
Franklin;19:19:23;16:04:28;-77.8037,-1456.688,-1456.688;True,Vans,SPEEDO,0,001869987,0;;;
Franklin;19:19:39;16:04:29;-77.7834,-1456.722,-1456.722;True,Vans,SPEEDO,0,4017863,1;;;
Franklin;19:19:55;16:04:29;-77.49664,-1457.211,-1457.211;True,Vans,SPEEDO,1,817462,1;;;
Franklin;19:20:10;16:04:30;-76.76016,-1458.466,-1458.466;True,Vans,SPEEDO,3,815261,1;;;
Franklin;19:20:26;16:04:30;-75.55082,-1460.778,-1460.778;True,Vans,SPEEDO,6,155113,1;;;
Franklin;19:20:41;16:04:31;-74.53833,-1464.699,-1464.699;True,Vans,SPEEDO,9,453428,1;;;
Franklin;19:20:57;16:04:31;-75.06429,-1469.919,-1469.919;True,Vans,SPEEDO,9,58373,0;;;
Franklin;19:21:13;16:04:32;-77.71692,-1474.187,-1474.187;True,Vans,SPEEDO,10,38815,1;;;
Franklin;19:21:28;16:04:32;-81.22844,-1478.889,-1478.889;True,Vans,SPEEDO,12,29024,1;;;
Franklin;19:21:44;16:04:33;-85.73042,-1484.198,-1484.198;True,Vans,SPEEDO,14,08104,1;;;
Franklin;19:22:00;16:04:33;-90.79853,-1489.71,-1489.71;True,Vans,SPEEDO,13,95615,0;;;
Franklin;19:22:15;16:04:34;-95.12817,-1494.945,-1494.945;True,Vans,SPEEDO,12,20004,0;;;
Franklin;19:22:31;16:04:34;-98.83568,-1499.487,-1499.487;True,Vans,SPEEDO,10,35147,0;;;
Franklin;19:22:47;16:04:35;-101.7781,-1503.092,-1503.092;True,Vans,SPEEDO,5,931045,0;;;
Franklin;19:23:02;16:04:35;-103.4648,-1505.116,-1505.116;True,Vans,SPEEDO,3,766826,0;;;
Franklin;19:23:18;16:04:36;-103.9989,-1505.755,-1505.755;True,Vans,SPEEDO,0,6090491,0;;;
Franklin;19:23:34;16:04:36;-104.0193,-1505.806,-1505.806;True,Vans,SPEEDO,0,02696082,0;I like your dog, homie. Me and Chop got a lot in common - your annoying ass.;FRANKLIN;FKN0_FYAA
Franklin;19:23:50;16:04:37;-104.0111,-1505.807,-1505.807;True,Vans,SPEEDO,0,01054118,0;;;
Franklin;19:24:05;16:04:38;-104.0092,-1505.808,-1505.808;True,Vans,SPEEDO,0,003670511,0;;;
Franklin;19:24:21;16:04:38;-104.0087,-1505.808,-1505.808;True,Vans,SPEEDO,0,003233509,0;;;
Franklin;19:24:36;16:04:39;-104.0085,-1505.808,-1505.808;True,Vans,SPEEDO,0,003217875,0;;;
Franklin;19:24:52;16:04:39;-104.0084,-1505.808,-1505.808;True,Vans,SPEEDO,0,003185056,0;;;
Franklin;19:25:08;16:04:40;-104.0084,-1505.808,-1505.808;True,Vans,SPEEDO,0,003154244,0;;;
Franklin;19:25:23;16:04:40;-104.0084,-1505.808,-1505.808;True,Vans,SPEEDO,0,003151283,0;;;
Franklin;19:25:39;16:04:41;-104.0084,-1505.808,-1505.808;True,Vans,SPEEDO,0,003017743,0;;;
Franklin;19:25:54;16:04:41;-104.0084,-1505.808,-1505.808;True,Vans,SPEEDO,0,00310489,0;;;
Franklin;19:26:10;16:04:42;-104.0084,-1505.808,-1505.808;True,Vans,SPEEDO,0,003152128,0;Man, I'm carrying both of y'all asses homie. Look what I set up.;LAMAR;FKN0_FYAB
Franklin;19:26:25;16:04:42;-104.0084,-1505.808,-1505.808;True,Vans,SPEEDO,0,003029594,0;;;
Franklin;19:26:41;16:04:43;-104.0084,-1505.808,-1505.808;True,Vans,SPEEDO,0,003052297,0;;;
Franklin;19:26:57;16:04:43;-104.0084,-1505.808,-1505.808;True,Vans,SPEEDO,0,003133525,0;;;
Franklin;19:27:12;16:04:44;-104.0084,-1505.808,-1505.808;True,Vans,SPEEDO,0,003156689,0;;;
Franklin;19:27:28;16:04:44;-104.0083,-1505.808,-1505.808;True,Vans,SPEEDO,0,003137064,0;;;
Franklin;19:27:43;16:04:45;-104.0083,-1505.808,-1505.808;True,Vans,SPEEDO,0,003170213,0;;;
Franklin;19:27:59;16:04:45;-104.0083,-1505.808,-1505.808;True,Vans,SPEEDO,0,003038027,0;Man, fuck this, man - you seen Tanisha?;FRANKLIN;FKN0_CIAA
Franklin;19:28:15;16:04:46;-104.0083,-1505.808,-1505.808;True,Vans,SPEEDO,0,00313731,0;;;
Franklin;19:28:30;16:04:46;-104.0083,-1505.808,-1505.808;True,Vans,SPEEDO,0,003136355,0;;;
Franklin;19:28:46;16:04:47;-104.0083,-1505.808,-1505.808;True,Vans,SPEEDO,0,003056727,0;;;
Franklin;19:29:01;16:04:47;-104.0083,-1505.808,-1505.808;True,Vans,SPEEDO,0,003133823,0;;;
Franklin;19:29:17;16:04:48;-104.0083,-1505.808,-1505.808;True,Vans,SPEEDO,0,003070777,0;;;
Franklin;19:29:32;16:04:48;-104.0083,-1505.808,-1505.808;True,Vans,SPEEDO,0,003106154,0;She straight.;LAMAR;FKN0_CIAD
Franklin;19:29:48;16:04:49;-104.0083,-1505.808,-1505.808;True,Vans,SPEEDO,0,003125502,0;It's me and you that ain't straight though, homie.;LAMAR;FKN0_CIAF
Franklin;19:30:04;16:04:49;-104.0083,-1505.808,-1505.808;True,Vans,SPEEDO,0,003058675,0;;;
Franklin;19:30:19;16:04:50;-104.0083,-1505.808,-1505.808;True,Vans,SPEEDO,0,003170258,0;;;
Franklin;19:30:35;16:04:51;-104.0083,-1505.808,-1505.808;True,Vans,SPEEDO,0,003055659,0;;;
Franklin;19:30:51;16:04:51;-104.0083,-1505.808,-1505.808;True,Vans,SPEEDO,0,003101428,0;;;
Franklin;19:31:06;16:04:52;-104.0083,-1505.808,-1505.808;True,Vans,SPEEDO,0,003126283,0;Dog, I know, homie. But look, I met this contact, this white dude. Real serious dude, man.;FRANKLIN;FKN0_CIAG
Franklin;19:31:22;16:04:52;-104.0083,-1505.808,-1505.808;True,Vans,SPEEDO,0,003054691,0;;;
Franklin;19:31:38;16:04:53;-104.0083,-1505.808,-1505.808;True,Vans,SPEEDO,0,003140388,0;;;
Franklin;19:31:53;16:04:53;-104.0083,-1505.808,-1505.808;True,Vans,SPEEDO,0,00313313,0;;;
Franklin;19:32:09;16:04:54;-104.0083,-1505.808,-1505.808;True,Vans,SPEEDO,0,00310564,0;;;
Franklin;19:32:25;16:04:54;-104.0083,-1505.808,-1505.808;True,Vans,SPEEDO,0,003099757,0;;;
Franklin;19:32:41;16:04:55;-104.0083,-1505.808,-1505.808;True,Vans,SPEEDO,0,003134498,0;;;
Franklin;19:32:56;16:04:55;-104.0083,-1505.808,-1505.808;True,Vans,SPEEDO,0,003149257,0;;;
Franklin;19:33:12;16:04:56;-104.0083,-1505.808,-1505.808;True,Vans,SPEEDO,0,003145693,0;;;
Franklin;19:33:27;16:04:56;-104.1582,-1505.964,-1505.964;True,Vans,SPEEDO,1,022601,1;;;
Franklin;19:33:43;16:04:57;-104.8347,-1506.558,-1506.558;True,Vans,SPEEDO,2,502686,1;This motherfucker know the streets, homie. I know he'd be a good hookup for us.;FRANKLIN;FKN0_CIAH
Franklin;19:33:58;16:04:57;-106.2395,-1507.75,-1507.75;True,Vans,SPEEDO,4,661551,1;;;
Franklin;19:34:14;16:04:58;-108.9351,-1509.279,-1509.279;True,Vans,SPEEDO,7,208056,1;;;
Franklin;19:34:29;16:04:58;-113.4154,-1510.536,-1510.536;True,Vans,SPEEDO,10,59308,0;;;
Franklin;19:34:45;16:04:59;-118.4752,-1510.741,-1510.741;True,Vans,SPEEDO,9,486642,1;;;
Franklin;19:35:01;16:04:59;-123.48,-1508.75,-1508.75;True,Vans,SPEEDO,11,00879,1;;;
Franklin;19:35:17;16:05:00;-128.6664,-1505.196,-1505.196;True,Vans,SPEEDO,12,57481,1;;;
Franklin;19:35:33;16:05:00;-133.719,-1500.46,-1500.46;True,Vans,SPEEDO,14,1568,1;;;
Franklin;19:35:48;16:05:01;-139.2727,-1494.931,-1494.931;True,Vans,SPEEDO,15,3966,1;We don't need no hookup, fool. I know these streets.;LAMAR;FKN0_CIAI
Franklin;19:36:04;16:05:01;-145.4783,-1489.3,-1489.3;True,Vans,SPEEDO,16,81485,0;;;
Franklin;19:36:19;16:05:02;-152.1577,-1484.362,-1484.362;True,Vans,SPEEDO,15,23856,0;;;
Franklin;19:36:35;16:05:03;-158.468,-1479.736,-1479.736;True,Vans,SPEEDO,14,54101,0;;;
Franklin;19:36:51;16:05:03;-164.4086,-1475.035,-1475.035;True,Vans,SPEEDO,15,25085,0;;;
Franklin;19:37:06;16:05:04;-171.6437,-1470.493,-1470.493;True,Vans,SPEEDO,17,36371,1;;;
Franklin;19:37:22;16:05:04;-179.5569,-1465.134,-1465.134;True,Vans,SPEEDO,19,17983,1;;;
Franklin;19:37:38;16:05:05;-187.9777,-1458.974,-1458.974;True,Vans,SPEEDO,20,12837,0;;;
Franklin;19:37:53;16:05:05;-196.1699,-1452.943,-1452.943;True,Vans,SPEEDO,19,14816,0;;;
Franklin;19:38:09;16:05:06;-203.6703,-1447.159,-1447.159;True,Vans,SPEEDO,18,24287,1;You? Know these streets? Man, all you know is dime bag hustling, credit card stealing.;FRANKLIN;FKN0_CIAJ
Franklin;19:38:24;16:05:06;-211.2353,-1440.884,-1440.884;True,Vans,SPEEDO,19,58989,1;;;
Franklin;19:38:40;16:05:07;-218.6134,-1434.257,-1434.257;True,Vans,SPEEDO,18,94951,1;;;
Franklin;19:38:55;16:05:07;-226.0934,-1428.417,-1428.417;True,Vans,SPEEDO,17,33514,0;;;
Franklin;19:39:11;16:05:08;-233.6585,-1424.538,-1424.538;True,Vans,SPEEDO,15,32913,0;;;
Franklin;19:39:27;16:05:08;-240.821,-1422.356,-1422.356;True,Vans,SPEEDO,13,65972,0;;;
Franklin;19:39:42;16:05:09;-247.3578,-1420.72,-1420.72;True,Vans,SPEEDO,11,97876,0;;;
Franklin;19:39:58;16:05:09;-253.1085,-1419.58,-1419.58;True,Vans,SPEEDO,10,36976,0;;;
Franklin;19:40:14;16:05:10;-258.1317,-1418.51,-1418.51;True,Vans,SPEEDO,9,730454,0;;;
Franklin;19:40:30;16:05:10;-262.2236,-1416.631,-1416.631;True,Vans,SPEEDO,7,72871,1;;;
Franklin;19:40:46;16:05:11;-265.285,-1413.672,-1413.672;True,Vans,SPEEDO,8,391828,1;Boosting gas tankers, homie? Come on, man. You trying to be some fucking commodity trader or something?;FRANKLIN;FKN0_CIAK
Franklin;19:41:01;16:05:11;-267.2274,-1409.148,-1409.148;True,Vans,SPEEDO,10,5459,0;;;
Franklin;19:41:17;16:05:12;-267.794,-1404.105,-1404.105;True,Vans,SPEEDO,9,030334,1;;;
Franklin;19:41:33;16:05:12;-268.4044,-1399.221,-1399.221;True,Vans,SPEEDO,10,64358,1;;;
Franklin;19:41:48;16:05:13;-269.4258,-1394.021,-1394.021;True,Vans,SPEEDO,10,00221,1;;;
Franklin;19:42:04;16:05:13;-269.8178,-1388.319,-1388.319;True,Vans,SPEEDO,11,62156,1;;;
Franklin;19:42:20;16:05:14;-269.7239,-1381.784,-1381.784;True,Vans,SPEEDO,13,24802,1;;;
Franklin;19:42:36;16:05:15;-269.9011,-1374.435,-1374.435;True,Vans,SPEEDO,14,70442,1;;;
Franklin;19:42:51;16:05:15;-270.8635,-1366.47,-1366.47;True,Vans,SPEEDO,16,26925,1;;;
Franklin;19:43:07;16:05:16;-271.7607,-1357.505,-1357.505;True,Vans,SPEEDO,17,73359,1;;;
Franklin;19:43:22;16:05:16;-271.672,-1347.956,-1347.956;True,Vans,SPEEDO,19,09373,1;Fool, that shit went up, man.;LAMAR;FKN0_CIAL
Franklin;19:43:38;16:05:17;-271.8153,-1337.513,-1337.513;True,Vans,SPEEDO,20,38906,1;;;
Franklin;19:43:54;16:05:17;-271.989,-1326.405,-1326.405;True,Vans,SPEEDO,21,81902,1;;;
Franklin;19:44:10;16:05:18;-272.2739,-1315.467,-1315.467;True,Vans,SPEEDO,20,94915,1;Look homie, I don't mind dying. You feel me?;FRANKLIN;FKN0_CIAM1
Franklin;19:44:25;16:05:18;-272.1107,-1304.251,-1304.251;True,Vans,SPEEDO,21,89144,1;;;
Franklin;19:44:41;16:05:19;-271.9927,-1292.265,-1292.265;True,Vans,SPEEDO,24,07821,1;;;
Franklin;19:44:57;16:05:19;-272.4953,-1279.255,-1279.255;True,Vans,SPEEDO,25,4845,1;;;
Franklin;19:45:13;16:05:20;-272.4478,-1265.588,-1265.588;True,Vans,SPEEDO,26,43776,0;But I just want to die with something that matters, homie.;FRANKLIN;FKN0_CIAM2
Franklin;19:45:28;16:05:20;-272.0891,-1252.275,-1252.275;True,Vans,SPEEDO,24,95821,0;;;
Franklin;19:45:44;16:05:21;-271.7554,-1239.443,-1239.443;True,Vans,SPEEDO,24,52106,1;;;
Franklin;19:46:00;16:05:21;-271.4209,-1226.142,-1226.142;True,Vans,SPEEDO,26,0028,1;;;
Franklin;19:46:15;16:05:22;-271.0646,-1212.46,-1212.46;True,Vans,SPEEDO,26,4258,0;That's what Forum Gangsters should really be about.;FRANKLIN;FKN0_CIAM3
Franklin;19:46:31;16:05:22;-270.7044,-1198.824,-1198.824;True,Vans,SPEEDO,25,68129,0;;;
Franklin;19:46:47;16:05:23;-270.3584,-1185.609,-1185.609;True,Vans,SPEEDO,24,60459,0;;;
Franklin;19:47:03;16:05:23;-270.031,-1173.074,-1173.074;True,Vans,SPEEDO,21,95319,0;;;
Franklin;19:47:18;16:05:24;-269.7482,-1162.622,-1162.622;True,Vans,SPEEDO,19,65895,1;;;
Franklin;19:47:34;16:05:24;-268.9236,-1152.591,-1152.591;True,Vans,SPEEDO,19,55955,1;And I know this much, the motherfucking OGs ain't even giving a fuck about us, though.;LAMAR;FKN0_CIAN
Franklin;19:47:50;16:05:25;-267.6375,-1142.058,-1142.058;True,Vans,SPEEDO,20,23041,0;;;
Franklin;19:48:06;16:05:26;-265.7996,-1131.726,-1131.726;True,Vans,SPEEDO,18,8942,0;;;
Franklin;19:48:22;16:05:26;-263.9287,-1122.547,-1122.547;True,Vans,SPEEDO,17,14138,0;;;
Franklin;19:48:37;16:05:27;-262.2206,-1114.124,-1114.124;True,Vans,SPEEDO,16,04755,0;;;
Franklin;19:48:53;16:05:27;-260.248,-1106.415,-1106.415;True,Vans,SPEEDO,14,97225,1;;;
Franklin;19:49:09;16:05:28;-256.9039,-1098.926,-1098.926;True,Vans,SPEEDO,16,17012,0;;;
Franklin;19:49:24;16:05:28;-253.7598,-1091.472,-1091.472;True,Vans,SPEEDO,15,10997,0;;;
Franklin;19:49:40;16:05:29;-251.0471,-1084.691,-1084.691;True,Vans,SPEEDO,13,09995,0;Man, fuck the OGs then. You know what I'm saying? This ain't no motherfucking pyramid scheme.;FRANKLIN;FKN0_CIAO
Franklin;19:49:56;16:05:29;-248.6933,-1078.811,-1078.811;True,Vans,SPEEDO,11,77637,1;;;
Franklin;19:50:11;16:05:30;-246.2495,-1072.719,-1072.719;True,Vans,SPEEDO,13,04603,1;;;
Franklin;19:50:27;16:05:30;-243.6097,-1066.155,-1066.155;True,Vans,SPEEDO,13,16992,0;;;
Franklin;19:50:43;16:05:31;-241.1306,-1059.993,-1059.993;True,Vans,SPEEDO,12,29043,0;;;
Franklin;19:50:59;16:05:31;-238.9036,-1054.109,-1054.109;True,Vans,SPEEDO,11,71017,0;;;
Franklin;19:51:14;16:05:32;-237.2827,-1048.505,-1048.505;True,Vans,SPEEDO,10,99532,0;;;
Franklin;19:51:30;16:05:32;-235.568,-1043.333,-1043.333;True,Vans,SPEEDO,10,82959,1;;;
Franklin;19:51:46;16:05:33;-233.5696,-1037.584,-1037.584;True,Vans,SPEEDO,12,14366,1;;;
Franklin;19:52:02;16:05:33;-231.4278,-1031.436,-1031.436;True,Vans,SPEEDO,12,21335,1;Wait, hold on. Listen to your boy one time. Listen to your boy. You want some paper, my nigga?;LAMAR;FKN0_CIAQ
Franklin;19:52:17;16:05:34;-229.4253,-1025.687,-1025.687;True,Vans,SPEEDO,11,5622,1;;;
Franklin;19:52:33;16:05:34;-227.275,-1019.504,-1019.504;True,Vans,SPEEDO,13,13153,1;;;
Franklin;19:52:49;16:05:35;-224.8819,-1012.59,-1012.59;True,Vans,SPEEDO,14,79831,1;;;
Franklin;19:53:05;16:05:36;-222.18,-1004.737,-1004.737;True,Vans,SPEEDO,16,41657,1;;;
Franklin;19:53:20;16:05:36;-219.2559,-996.2428,-996.2428;True,Vans,SPEEDO,17,96264,1;;;
Franklin;19:53:36;16:05:37;-216.4915,-986.9927,-986.9927;True,Vans,SPEEDO,19,30261,1;;;
Franklin;19:53:52;16:05:37;-213.7892,-976.9189,-976.9189;True,Vans,SPEEDO,20,47524,1;;;
Franklin;19:54:07;16:05:38;-209.8482,-966.9885,-966.9885;True,Vans,SPEEDO,19,60868,0;This is what it's about. Check it out. I'm talking about forty thousand.;LAMAR;FKN0_CIAR
Franklin;19:54:23;16:05:38;-205.688,-958.1411,-958.1411;True,Vans,SPEEDO,17,85042,0;;;
Franklin;19:54:39;16:05:39;-202.1036,-950.1192,-950.1192;True,Vans,SPEEDO,16,085,0;;;
Franklin;19:54:54;16:05:39;-199.2602,-942.6731,-942.6731;True,Vans,SPEEDO,14,38289,0;;;
Franklin;19:55:10;16:05:40;-196.8253,-936.0762,-936.0762;True,Vans,SPEEDO,12,72437,0;;;
Franklin;19:55:25;16:05:40;-194.8445,-930.7119,-930.7119;True,Vans,SPEEDO,9,53744,0;;;
Franklin;19:55:41;16:05:41;-193.6809,-927.5621,-927.5621;True,Vans,SPEEDO,3,035286,0;;;
Franklin;19:55:57;16:05:41;-193.3181,-926.5771,-926.5771;True,Vans,SPEEDO,1,271425,0;No problem. Cash in hand. Two days time, no killing. Nothing.;LAMAR;FKN0_CIAS
Franklin;19:56:12;16:05:42;-193.2305,-926.3245,-926.3245;True,Vans,SPEEDO,0,01257421,0;;;
Franklin;19:56:28;16:05:42;-193.2353,-926.3282,-926.3282;True,Vans,SPEEDO,0,004999238,0;;;
Franklin;19:56:44;16:05:43;-193.2365,-926.3282,-926.3282;True,Vans,SPEEDO,0,002370491,0;;;
Franklin;19:56:59;16:05:43;-193.2368,-926.3282,-926.3282;True,Vans,SPEEDO,0,002195254,0;;;
Franklin;19:57:15;16:05:44;-193.2359,-926.326,-926.326;True,Vans,SPEEDO,0,003148121,1;;;
Franklin;19:57:30;16:05:44;-193.1771,-926.1619,-926.1619;True,Vans,SPEEDO,0,927772,1;;;
Franklin;19:57:46;16:05:45;-192.8792,-925.3292,-925.3292;True,Vans,SPEEDO,2,556388,1;;;
Franklin;19:58:01;16:05:45;-192.2296,-923.5474,-923.5474;True,Vans,SPEEDO,4,860303,1;;;
Franklin;19:58:17;16:05:46;-191.0731,-920.3828,-920.3828;True,Vans,SPEEDO,8,320753,1;Nah, just starting another beef with the fucking Ballas, nigga, that's class-A felony bullshit.;FRANKLIN;FKN0_CIAT
Franklin;19:58:32;16:05:46;-189.2932,-915.5194,-915.5194;True,Vans,SPEEDO,9,893077,0;;;
Franklin;19:58:48;16:05:47;-187.4513,-910.4849,-910.4849;True,Vans,SPEEDO,11,01385,1;;;
Franklin;19:59:04;16:05:47;-185.3034,-904.6083,-904.6083;True,Vans,SPEEDO,12,77828,1;;;
Franklin;19:59:19;16:05:48;-182.8702,-897.8937,-897.8937;True,Vans,SPEEDO,14,38643,1;;;
Franklin;19:59:35;16:05:49;-180.2165,-890.5482,-890.5482;True,Vans,SPEEDO,15,99722,1;;;
Franklin;19:59:51;16:05:49;-177.4354,-882.8315,-882.8315;True,Vans,SPEEDO,14,74958,0;;;
Franklin;20:00:06;16:05:50;-175.2096,-876.707,-876.707;True,Vans,SPEEDO,11,45234,0;;;
Franklin;20:00:22;16:05:50;-173.2847,-871.413,-871.413;True,Vans,SPEEDO,9,804864,0;;;
Franklin;20:00:38;16:05:51;-171.5014,-866.5108,-866.5108;True,Vans,SPEEDO,10,89793,1;;;
Franklin;20:00:53;16:05:51;-169.3972,-860.7425,-860.7425;True,Vans,SPEEDO,12,47545,1;We gonna keep our disguise on. Ain't nobody gotta know it was us.;LAMAR;FKN0_CIAU
Franklin;20:01:09;16:05:52;-167.1208,-854.517,-854.517;True,Vans,SPEEDO,12,47395,0;;;
Franklin;20:01:25;16:05:52;-165.0411,-848.8326,-848.8326;True,Vans,SPEEDO,10,55367,0;;;
Franklin;20:01:41;16:05:53;-163.3019,-844.0791,-844.0791;True,Vans,SPEEDO,8,661619,0;;;
Franklin;20:01:57;16:05:53;-161.8547,-840.1247,-840.1247;True,Vans,SPEEDO,8,043749,1;;;
Franklin;20:02:12;16:05:54;-160.5303,-836.5075,-836.5075;True,Vans,SPEEDO,6,503307,0;;;
Franklin;20:02:28;16:05:54;-159.5154,-833.7368,-833.7368;True,Vans,SPEEDO,5,028556,1;;;
Franklin;20:02:44;16:05:55;-158.4452,-830.8148,-830.8148;True,Vans,SPEEDO,6,725806,0;;;
Franklin;20:02:59;16:05:55;-157.4058,-827.9774,-827.9774;True,Vans,SPEEDO,4,980926,0;Yeah, whatever, homie. We'll see about that.;FRANKLIN;FKN0_CIAV
Franklin;20:03:15;16:05:56;-156.5851,-825.7368,-825.7368;True,Vans,SPEEDO,4,908322,1;;;
Franklin;20:03:31;16:05:56;-155.449,-822.6353,-822.6353;True,Vans,SPEEDO,7,839624,1;;;
Franklin;20:03:46;16:05:57;-153.7659,-818.04,-818.04;True,Vans,SPEEDO,10,63441,0;;;
Franklin;20:04:02;16:05:57;-152.0201,-813.274,-813.274;True,Vans,SPEEDO,8,860509,0;;;
Franklin;20:04:18;16:05:58;-150.4409,-808.9629,-808.9629;True,Vans,SPEEDO,8,481429,0;;;
Franklin;20:04:33;16:05:58;-148.9018,-804.761,-804.761;True,Vans,SPEEDO,9,823175,1;;;
Franklin;20:04:49;16:05:59;-147.0783,-799.7827,-799.7827;True,Vans,SPEEDO,9,618887,1;;;
Franklin;20:05:05;16:06:00;-145.4034,-795.2095,-795.2095;True,Vans,SPEEDO,8,830692,1;;;
Franklin;20:05:20;16:06:00;-143.6561,-790.4388,-790.4388;True,Vans,SPEEDO,10,57876,0;;;
Franklin;20:05:36;16:06:01;-141.8849,-785.6077,-785.6077;True,Vans,SPEEDO,10,0813,1;;;
Franklin;20:05:52;16:06:01;-139.9542,-780.3412,-780.3412;True,Vans,SPEEDO,10,74316,0;;;
Franklin;20:06:07;16:06:02;-138.2049,-775.569,-775.569;True,Vans,SPEEDO,8,866812,0;;;
Franklin;20:06:23;16:06:02;-137.082,-772.5054,-772.5054;True,Vans,SPEEDO,3,929456,0;;;
Franklin;20:06:39;16:06:03;-136.4749,-770.8486,-770.8486;True,Vans,SPEEDO,3,500387,0;;;
Franklin;20:06:54;16:06:03;-136.0142,-769.592,-769.592;True,Vans,SPEEDO,1,871129,1;;;
Franklin;20:07:10;16:06:04;-135.6549,-768.6152,-768.6152;True,Vans,SPEEDO,1,517696,0;;;
Franklin;20:07:25;16:06:04;-135.3243,-767.7223,-767.7223;True,Vans,SPEEDO,2,667549,1;;;
Franklin;20:07:41;16:06:05;-134.9233,-766.6311,-766.6311;True,Vans,SPEEDO,1,824252,1;;;
Franklin;20:07:57;16:06:05;-134.6365,-765.8535,-765.8535;True,Vans,SPEEDO,1,057985,0;;;
Franklin;20:08:12;16:06:06;-134.4986,-765.4813,-765.4813;True,Vans,SPEEDO,1,171983,1;;;
Franklin;20:08:28;16:06:06;-134.151,-764.5204,-764.5204;True,Vans,SPEEDO,2,65288,0;;;
Franklin;20:08:44;16:06:07;-133.8458,-763.6829,-763.6829;True,Vans,SPEEDO,0,8218495,0;;;
Franklin;20:08:59;16:06:07;-133.67,-763.202,-763.202;True,Vans,SPEEDO,0,6555856,0;;;
Franklin;20:09:15;16:06:08;-133.6522,-763.1528,-763.1528;True,Vans,SPEEDO,0,02122261,0;;;
Franklin;20:09:31;16:06:08;-133.6544,-763.1589,-763.1589;True,Vans,SPEEDO,0,002158474,0;Chop a free spirit. He bark all he likes.;LAMAR;FKN0_DIAA
Franklin;20:09:46;16:06:09;-133.6543,-763.1589,-763.1589;True,Vans,SPEEDO,0,002028,0;;;
Franklin;20:10:02;16:06:09;-133.6543,-763.1589,-763.1589;True,Vans,SPEEDO,0,00183465,0;;;
Franklin;20:10:18;16:06:10;-133.6543,-763.1589,-763.1589;True,Vans,SPEEDO,0,001712304,0;;;
Franklin;20:10:34;16:06:10;-133.6543,-763.1588,-763.1588;True,Vans,SPEEDO,0,001420532,0;;;
Franklin;20:10:49;16:06:11;-133.6543,-763.1588,-763.1588;True,Vans,SPEEDO,0,001343083,0;;;
Franklin;20:11:05;16:06:12;-133.6543,-763.1588,-763.1588;True,Vans,SPEEDO,0,001332558,0;;;
Franklin;20:11:20;16:06:12;-133.6543,-763.1588,-763.1588;True,Vans,SPEEDO,0,001316043,0;;;
Franklin;20:11:36;16:06:13;-133.6543,-763.1588,-763.1588;True,Vans,SPEEDO,0,001300051,0;;;
Franklin;20:11:52;16:06:13;-133.6543,-763.1588,-763.1588;True,Vans,SPEEDO,0,001297596,0;;;
Franklin;20:12:08;16:06:14;-133.6543,-763.1588,-763.1588;True,Vans,SPEEDO,0,001245388,0;;;
Franklin;20:12:23;16:06:14;-133.6543,-763.1588,-763.1588;True,Vans,SPEEDO,0,001262903,0;;;
Franklin;20:12:39;16:06:15;-133.6543,-763.1588,-763.1588;True,Vans,SPEEDO,0,001230039,0;;;
Franklin;20:12:55;16:06:15;-133.6543,-763.1588,-763.1588;True,Vans,SPEEDO,0,001248356,0;;;
Franklin;20:13:10;16:06:16;-133.6543,-763.1588,-763.1588;True,Vans,SPEEDO,0,001262571,0;;;
Franklin;20:13:26;16:06:16;-133.6543,-763.1588,-763.1588;True,Vans,SPEEDO,0,001246308,0;;;
Franklin;20:13:41;16:06:17;-133.6543,-763.1588,-763.1588;True,Vans,SPEEDO,0,001250042,0;;;
Franklin;20:13:57;16:06:17;-133.6543,-763.1588,-763.1588;True,Vans,SPEEDO,0,001225431,0;;;
Franklin;20:14:12;16:06:18;-133.6543,-763.1588,-763.1588;True,Vans,SPEEDO,0,001238707,0;;;
Franklin;20:14:28;16:06:18;-133.6543,-763.1588,-763.1588;True,Vans,SPEEDO,0,001204445,0;;;
Franklin;20:14:44;16:06:19;-133.6543,-763.1588,-763.1588;True,Vans,SPEEDO,0,001186667,0;;;
Franklin;20:14:59;16:06:19;-133.6543,-763.1588,-763.1588;True,Vans,SPEEDO,0,00125758,0;;;
Franklin;20:15:15;16:06:20;-133.6543,-763.1588,-763.1588;True,Vans,SPEEDO,0,001205593,0;;;
Franklin;20:15:30;16:06:20;-133.6543,-763.1588,-763.1588;True,Vans,SPEEDO,0,001269826,0;;;
Franklin;20:15:46;16:06:21;-133.6543,-763.1588,-763.1588;True,Vans,SPEEDO,0,00125083,0;;;
Franklin;20:16:02;16:06:21;-133.6543,-763.1588,-763.1588;True,Vans,SPEEDO,0,001236606,0;;;
Franklin;20:16:18;16:06:22;-133.6543,-763.1588,-763.1588;True,Vans,SPEEDO,0,00124724,0;;;
Franklin;20:16:33;16:06:22;-133.6543,-763.1588,-763.1588;True,Vans,SPEEDO,0,001222819,0;;;
Franklin;20:16:49;16:06:23;-133.6543,-763.1588,-763.1588;True,Vans,SPEEDO,0,00124926,0;;;
Franklin;20:17:05;16:06:24;-133.6543,-763.1588,-763.1588;True,Vans,SPEEDO,0,00123318,0;;;
Franklin;20:17:20;16:06:24;-133.6543,-763.1588,-763.1588;True,Vans,SPEEDO,0,001258543,0;;;
Franklin;20:17:36;16:06:25;-133.6543,-763.1588,-763.1588;True,Vans,SPEEDO,0,001236082,0;;;
Franklin;20:17:52;16:06:25;-133.6543,-763.1588,-763.1588;True,Vans,SPEEDO,0,001211784,0;;;
Franklin;20:18:07;16:06:26;-133.6543,-763.1588,-763.1588;True,Vans,SPEEDO,0,0012177,0;;;
Franklin;20:18:23;16:06:26;-133.6543,-763.1588,-763.1588;True,Vans,SPEEDO,0,001231847,0;;;
Franklin;20:18:39;16:06:27;-133.6543,-763.1588,-763.1588;True,Vans,SPEEDO,0,001264667,0;;;
Franklin;20:18:54;16:06:27;-133.6543,-763.1588,-763.1588;True,Vans,SPEEDO,0,001247684,0;;;
Franklin;20:19:10;16:06:28;-133.6543,-763.1588,-763.1588;True,Vans,SPEEDO,0,001238218,0;;;
Franklin;20:19:26;16:06:28;-133.6543,-763.1588,-763.1588;True,Vans,SPEEDO,0,00123139,0;;;
Franklin;20:19:41;16:06:29;-133.6543,-763.1588,-763.1588;True,Vans,SPEEDO,0,00124306,0;;;
Franklin;20:19:57;16:06:29;-133.6543,-763.1588,-763.1588;True,Vans,SPEEDO,0,001282101,0;;;
Franklin;20:20:13;16:06:30;-133.6543,-763.1588,-763.1588;True,Vans,SPEEDO,0,00125734,0;;;
Franklin;20:20:28;16:06:30;-133.6543,-763.1588,-763.1588;True,Vans,SPEEDO,0,001228313,0;;;
Franklin;20:20:44;16:06:31;-133.6543,-763.1588,-763.1588;True,Vans,SPEEDO,0,001218186,0;;;
Franklin;20:21:00;16:06:31;-133.6543,-763.1588,-763.1588;True,Vans,SPEEDO,0,001230526,0;;;
Franklin;20:21:15;16:06:32;-133.6543,-763.1588,-763.1588;True,Vans,SPEEDO,0,001229347,0;;;
Franklin;20:21:31;16:06:32;-133.6543,-763.1588,-763.1588;True,Vans,SPEEDO,0,001271222,0;;;
Franklin;20:21:47;16:06:33;-133.6543,-763.1588,-763.1588;True,Vans,SPEEDO,0,001241394,0;;;
Franklin;20:22:02;16:06:33;-133.6543,-763.1588,-763.1588;True,Vans,SPEEDO,0,001234782,0;;;
Franklin;20:22:18;16:06:34;-133.6543,-763.1588,-763.1588;True,Vans,SPEEDO,0,001269624,0;;;
Franklin;20:22:34;16:06:34;-133.6543,-763.1588,-763.1588;True,Vans,SPEEDO,0,001275577,0;;;
Franklin;20:22:49;16:06:35;-133.6543,-763.1589,-763.1589;True,Vans,SPEEDO,0,00334884,1;;;
Franklin;20:23:05;16:06:36;-133.5812,-762.959,-762.959;True,Vans,SPEEDO,0,968903,1;;;
Franklin;20:23:21;16:06:36;-133.2771,-762.1279,-762.1279;True,Vans,SPEEDO,2,487887,1;;;
Franklin;20:23:36;16:06:37;-132.6456,-760.4024,-760.4024;True,Vans,SPEEDO,4,687097,1;;;
Franklin;20:23:52;16:06:37;-131.5104,-757.3021,-757.3021;True,Vans,SPEEDO,8,214735,1;;;
Franklin;20:24:07;16:06:38;-129.764,-752.5332,-752.5332;True,Vans,SPEEDO,9,89328,0;;;
Franklin;20:24:23;16:06:38;-127.9789,-747.6577,-747.6577;True,Vans,SPEEDO,10,51759,1;;;
Franklin;20:24:39;16:06:39;-125.9405,-742.0906,-742.0906;True,Vans,SPEEDO,11,96265,1;;;
Franklin;20:24:54;16:06:39;-123.6513,-735.8442,-735.8442;True,Vans,SPEEDO,13,41632,1;;;
Franklin;20:25:10;16:06:40;-121.0337,-728.7145,-728.7145;True,Vans,SPEEDO,15,55967,1;;;
Franklin;20:25:26;16:06:40;-118.0875,-720.7065,-720.7065;True,Vans,SPEEDO,17,3675,1;;;
Franklin;20:25:42;16:06:41;-114.91,-712.0791,-712.0791;True,Vans,SPEEDO,16,93695,0;;;
Franklin;20:25:57;16:06:41;-111.9951,-704.1636,-704.1636;True,Vans,SPEEDO,15,20907,0;;;
Franklin;20:26:13;16:06:42;-109.1812,-696.5195,-696.5195;True,Vans,SPEEDO,16,35339,1;;;
Franklin;20:26:29;16:06:42;-106.1086,-688.1912,-688.1912;True,Vans,SPEEDO,17,85646,1;;;
Franklin;20:26:44;16:06:43;-102.7224,-679.0363,-679.0363;True,Vans,SPEEDO,19,24685,1;;;
Franklin;20:27:00;16:06:43;-99.12775,-669.3217,-669.3217;True,Vans,SPEEDO,20,38279,1;;;
Franklin;20:27:16;16:06:44;-95.31096,-659.0391,-659.0391;True,Vans,SPEEDO,21,26735,1;;;
Franklin;20:27:31;16:06:44;-91.75999,-648.4471,-648.4471;True,Vans,SPEEDO,21,62252,0;;;
Franklin;20:27:47;16:06:45;-88.58458,-638.0615,-638.0615;True,Vans,SPEEDO,21,00762,1;;;
Franklin;20:28:03;16:06:45;-84.6874,-627.3461,-627.3461;True,Vans,SPEEDO,21,99307,1;;;
Franklin;20:28:18;16:06:46;-80.62428,-616.3698,-616.3698;True,Vans,SPEEDO,22,05115,0;;;
Franklin;20:28:34;16:06:47;-76.73205,-605.608,-605.608;True,Vans,SPEEDO,21,94376,1;;;
Franklin;20:28:50;16:06:47;-73.10365,-594.7493,-594.7493;True,Vans,SPEEDO,22,31511,1;;;
Franklin;20:29:05;16:06:48;-69.47516,-583.6617,-583.6617;True,Vans,SPEEDO,21,91486,0;;;
Franklin;20:29:21;16:06:48;-66.00598,-573.0703,-573.0703;True,Vans,SPEEDO,21,40758,1;;;
Franklin;20:29:37;16:06:49;-62.5317,-562.4556,-562.4556;True,Vans,SPEEDO,21,69737,1;;;
Franklin;20:29:53;16:06:49;-58.90574,-551.3776,-551.3776;True,Vans,SPEEDO,22,98478,1;;;
Franklin;20:30:08;16:06:50;-54.97054,-539.4255,-539.4255;True,Vans,SPEEDO,24,69964,1;;;
Franklin;20:30:24;16:06:50;-50.9035,-527.0468,-527.0468;True,Vans,SPEEDO,24,52706,0;;;
Franklin;20:30:40;16:06:51;-46.93378,-514.9488,-514.9488;True,Vans,SPEEDO,24,85022,1;;;
Franklin;20:30:56;16:06:51;-42.81363,-502.3905,-502.3905;True,Vans,SPEEDO,25,75281,1;;;
Franklin;20:31:11;16:06:52;-38.62621,-489.6268,-489.6268;True,Vans,SPEEDO,25,78959,1;;;
Franklin;20:31:27;16:06:52;-34.40194,-476.7628,-476.7628;True,Vans,SPEEDO,26,06437,1;;;
Franklin;20:31:43;16:06:53;-30.26788,-464.174,-464.174;True,Vans,SPEEDO,24,58419,1;;;
Franklin;20:31:59;16:06:53;-26.24298,-451.9245,-451.9245;True,Vans,SPEEDO,24,50131,1;;;
Franklin;20:32:14;16:06:54;-22.30492,-439.9384,-439.9384;True,Vans,SPEEDO,24,06454,1;;;
Franklin;20:32:30;16:06:54;-18.47151,-428.2659,-428.2659;True,Vans,SPEEDO,23,44279,0;;;
Franklin;20:32:45;16:06:55;-14.80577,-417.1046,-417.1046;True,Vans,SPEEDO,22,88348,1;;;
Franklin;20:33:01;16:06:55;-11.14113,-406.008,-406.008;True,Vans,SPEEDO,22,27395,1;;;
Franklin;20:33:16;16:06:56;-8.150279,-395.1309,-395.1309;True,Vans,SPEEDO,21,4812,1;;;
Franklin;20:33:32;16:06:56;-5.291579,-384.3206,-384.3206;True,Vans,SPEEDO,20,98169,1;;;
Franklin;20:33:48;16:06:57;-1.545032,-373.9553,-373.9553;True,Vans,SPEEDO,21,32412,1;;;
Franklin;20:34:03;16:06:57;3.286586,-363.9428,-363.9428;True,Vans,SPEEDO,21,91562,1;;;
Franklin;20:34:19;16:06:58;8.331773,-353.7752,-353.7752;True,Vans,SPEEDO,21,20546,0;;;
Franklin;20:34:34;16:06:59;12.24345,-344.1316,-344.1316;True,Vans,SPEEDO,19,67489,0;;;
Franklin;20:34:50;16:06:59;15.3406,-334.9435,-334.9435;True,Vans,SPEEDO,17,31615,0;;;
Franklin;20:35:06;16:07:00;18.66308,-326.6024,-326.6024;True,Vans,SPEEDO,17,53133,1;;;
Franklin;20:35:21;16:07:00;21.83519,-317.8685,-317.8685;True,Vans,SPEEDO,18,49471,1;;;
Franklin;20:35:37;16:07:01;25.04262,-308.4061,-308.4061;True,Vans,SPEEDO,19,80337,1;;;
Franklin;20:35:53;16:07:01;28.2728,-298.677,-298.677;True,Vans,SPEEDO,19,1446,0;;;
Franklin;20:36:08;16:07:02;31.22875,-289.6966,-289.6966;True,Vans,SPEEDO,17,95504,1;;;
Franklin;20:36:24;16:07:02;33.55923,-280.9334,-280.9334;True,Vans,SPEEDO,16,67113,0;;;
Franklin;20:36:39;16:07:03;35.83139,-273.0583,-273.0583;True,Vans,SPEEDO,14,96652,0;;;
Franklin;20:36:55;16:07:03;38.21449,-265.5678,-265.5678;True,Vans,SPEEDO,14,48232,0;;;
Franklin;20:37:10;16:07:04;40.25216,-258.1329,-258.1329;True,Vans,SPEEDO,15,1958,0;;;
Franklin;20:37:26;16:07:04;42.48486,-250.1863,-250.1863;True,Vans,SPEEDO,15,24515,0;;;
Franklin;20:37:42;16:07:05;44.8601,-243.0584,-243.0584;True,Vans,SPEEDO,13,96506,0;;;
Franklin;20:37:57;16:07:05;47.62718,-236.5167,-236.5167;True,Vans,SPEEDO,13,88313,0;;;
Franklin;20:38:13;16:07:06;50.06893,-231.0242,-231.0242;True,Vans,SPEEDO,9,888544,0;;;
Franklin;20:38:29;16:07:06;51.64634,-226.7926,-226.7926;True,Vans,SPEEDO,7,539075,0;;;
Franklin;20:38:44;16:07:07;52.52186,-224.3283,-224.3283;True,Vans,SPEEDO,3,544685,0;;;
Franklin;20:39:00;16:07:07;52.9338,-223.1634,-223.1634;True,Vans,SPEEDO,1,352719,0;;;
Franklin;20:39:15;16:07:08;52.95953,-222.9693,-222.9693;True,Vans,SPEEDO,0,1302549,1;;;
Franklin;20:39:31;16:07:08;52.97517,-222.8729,-222.8729;True,Vans,SPEEDO,0,5593475,1;;;
Franklin;20:39:46;16:07:09;53.15998,-222.369,-222.369;True,Vans,SPEEDO,1,582227,1;;;
Franklin;20:40:02;16:07:09;53.59812,-221.241,-221.241;True,Vans,SPEEDO,3,164614,1;;;
Franklin;20:40:17;16:07:10;54.14335,-219.7803,-219.7803;True,Vans,SPEEDO,2,128647,0;;;
Franklin;20:40:33;16:07:10;54.45288,-218.8866,-218.8866;True,Vans,SPEEDO,2,372825,1;;;
Franklin;20:40:49;16:07:11;54.91979,-217.628,-217.628;True,Vans,SPEEDO,1,861097,0;;;
Franklin;20:41:10;16:08:48;55.01457,-217.2528,-217.2528;True,Vans,SPEEDO,0,08134389,0;;;
Franklin;20:41:27;16:08:50;54.98989,-217.26,-217.26;True,Vans,SPEEDO,0,01963848,0;;;
Franklin;20:41:42;16:08:51;54.98578,-217.2561,-217.2561;True,Vans,SPEEDO,0,005410751,0;;;
Franklin;20:41:58;16:08:51;54.98456,-217.2549,-217.2549;True,Vans,SPEEDO,0,002075882,0;;;
Franklin;20:42:13;16:08:52;54.9841,-217.2545,-217.2545;True,Vans,SPEEDO,0,0006870004,0;;;
Franklin;20:42:29;16:08:52;54.98393,-217.2545,-217.2545;True,Vans,SPEEDO,0,0005636667,0;;;
Franklin;20:42:45;16:08:53;54.9839,-217.2545,-217.2545;True,Vans,SPEEDO,0,0006512734,0;;;
Franklin;20:43:00;16:08:53;54.98434,-217.2632,-217.2632;True,Vans,SPEEDO,0,0399017,1;;;
Franklin;20:43:16;16:08:54;54.99414,-217.2439,-217.2439;True,Vans,SPEEDO,0,1748616,1;;;
Franklin;20:43:32;16:08:54;55.12398,-216.9462,-216.9462;True,Vans,SPEEDO,1,094023,1;;;
Franklin;20:43:47;16:08:55;55.51536,-216.1364,-216.1364;True,Vans,SPEEDO,2,343745,1;;;
Franklin;20:44:03;16:08:55;56.27244,-214.6419,-214.6419;True,Vans,SPEEDO,4,107798,1;;;
Franklin;20:44:19;16:08:56;57.19074,-211.8869,-211.8869;True,Vans,SPEEDO,7,196649,1;;;
Franklin;20:44:34;16:08:56;58.70692,-207.425,-207.425;True,Vans,SPEEDO,9,556506,0;;;
Franklin;20:44:50;16:08:57;60.40426,-203.0504,-203.0504;True,Vans,SPEEDO,8,515555,0;;;
Franklin;20:45:06;16:08:57;61.84986,-199.467,-199.467;True,Vans,SPEEDO,6,551049,0;;;
Franklin;20:45:21;16:08:58;63.27921,-195.9834,-195.9834;True,Vans,SPEEDO,8,521532,1;;;
Franklin;20:45:37;16:08:58;65.35738,-191.2959,-191.2959;True,Vans,SPEEDO,10,27963,0;;;
Franklin;20:45:53;16:08:59;67.77353,-186.8507,-186.8507;True,Vans,SPEEDO,9,934253,1;;;
Franklin;20:46:08;16:08:59;70.84982,-182.2699,-182.2699;True,Vans,SPEEDO,11,487,1;;;
Franklin;20:46:24;16:09:00;73.57675,-176.3686,-176.3686;True,Vans,SPEEDO,13,57076,1;;;
Franklin;20:46:39;16:09:00;76.18925,-169.5211,-169.5211;True,Vans,SPEEDO,14,24095,1;;;
Franklin;20:46:54;16:09:01;78.71122,-162.7921,-162.7921;True,Vans,SPEEDO,13,18873,0;;;
Franklin;20:47:10;16:09:02;81.00253,-156.6726,-156.6726;True,Vans,SPEEDO,12,3128,0;;;
Franklin;20:47:26;16:09:02;83.13908,-151.057,-151.057;True,Vans,SPEEDO,10,78169,0;;;
Franklin;20:47:41;16:09:03;85.04604,-146.2124,-146.2124;True,Vans,SPEEDO,9,065575,0;;;
Franklin;20:47:57;16:09:03;86.80471,-141.9189,-141.9189;True,Vans,SPEEDO,9,18171,1;;;
Franklin;20:48:13;16:09:04;88.80032,-137.0244,-137.0244;True,Vans,SPEEDO,9,89821,0;;;
Franklin;20:48:28;16:09:04;90.39098,-132.2263,-132.2263;True,Vans,SPEEDO,10,30362,1;;;
Franklin;20:48:44;16:09:05;92.13467,-126.7667,-126.7667;True,Vans,SPEEDO,11,61493,1;;;
Franklin;20:49:00;16:09:05;94.25919,-120.7687,-120.7687;True,Vans,SPEEDO,12,60298,1;;;
Franklin;20:49:15;16:09:06;97.23568,-114.6152,-114.6152;True,Vans,SPEEDO,13,58941,1;;;
Franklin;20:49:31;16:09:06;100.1261,-107.9503,-107.9503;True,Vans,SPEEDO,14,64663,1;;;
Franklin;20:49:47;16:09:07;102.4769,-100.6127,-100.6127;True,Vans,SPEEDO,15,38187,1;Eh, I know you drive that Emperor, so why we in this bucket - it's struggling on the incline.;FRANKLIN;FKN0_CQAA
Franklin;20:50:02;16:09:07;104.4707,-92.73909,-92.73909;True,Vans,SPEEDO,15,85713,0;;;
Franklin;20:50:18;16:09:08;106.7672,-85.73759,-85.73759;True,Vans,SPEEDO,13,18095,0;;;
Franklin;20:50:33;16:09:08;109.0984,-80.18899,-80.18899;True,Vans,SPEEDO,10,68947,0;;;
Franklin;20:50:49;16:09:09;111.0796,-75.02189,-75.02189;True,Vans,SPEEDO,11,12876,1;;;
Franklin;20:51:05;16:09:09;113.2302,-69.5289,-69.5289;True,Vans,SPEEDO,11,94821,1;;;
Franklin;20:51:20;16:09:10;115.7444,-63.54211,-63.54211;True,Vans,SPEEDO,12,87254,1;;;
Franklin;20:51:36;16:09:10;118.1126,-57.00637,-57.00637;True,Vans,SPEEDO,14,3365,1;;;
Franklin;20:51:52;16:09:11;120.8248,-49.45449,-49.45449;True,Vans,SPEEDO,16,61078,1;;;
Franklin;20:52:07;16:09:11;124.0261,-40.66376,-40.66376;True,Vans,SPEEDO,17,75416,0;I don't care 'bout no hills. I can get guns, dogs, snatched up fools - you name it - in the back of this motherfucker.;LAMAR;FKN0_CQAB
Franklin;20:52:23;16:09:12;126.9897,-32.58239,-32.58239;True,Vans,SPEEDO,16,09174,0;;;
Franklin;20:52:38;16:09:12;129.728,-25.11331,-25.11331;True,Vans,SPEEDO,14,3803,0;;;
Franklin;20:52:54;16:09:13;132.204,-18.46556,-18.46556;True,Vans,SPEEDO,12,85191,0;;;
Franklin;20:53:10;16:09:13;134.48,-12.60944,-12.60944;True,Vans,SPEEDO,11,90175,1;;;
Franklin;20:53:25;16:09:14;136.9307,-6.407995,-6.407995;True,Vans,SPEEDO,13,4992,1;;;
Franklin;20:53:41;16:09:15;139.4793,-0.09053189,-0.09053189;True,Vans,SPEEDO,12,50099,1;;;
Franklin;20:53:57;16:09:15;141.8791,5.708868,5.708868;True,Vans,SPEEDO,11,15187,0;;;
Franklin;20:54:12;16:09:16;143.9975,10.66139,10.66139;True,Vans,SPEEDO,9,791821,0;;;
Franklin;20:54:28;16:09:16;145.7213,15.15263,15.15263;True,Vans,SPEEDO,8,845032,1;;;
Franklin;20:54:43;16:09:17;147.1669,19.35835,19.35835;True,Vans,SPEEDO,7,751144,1;;;
Franklin;20:54:59;16:09:17;148.5353,23.22741,23.22741;True,Vans,SPEEDO,7,70154,1;Glad to see you got your priorities straight.;FRANKLIN;FKN0_CQAC
Franklin;20:55:15;16:09:18;149.9684,27.07391,27.07391;True,Vans,SPEEDO,8,714114,1;;;
Franklin;20:55:30;16:09:18;151.3928,31.71897,31.71897;True,Vans,SPEEDO,10,52408,1;;;
Franklin;20:55:46;16:09:19;152.7943,36.31,36.31;True,Vans,SPEEDO,8,898252,1;;;
Franklin;20:56:01;16:09:19;154.5333,40.63929,40.63929;True,Vans,SPEEDO,9,347226,1;;;
Franklin;20:56:17;16:09:20;155.9314,45.35852,45.35852;True,Vans,SPEEDO,9,906058,1;;;
Franklin;20:56:33;16:09:20;157.5986,50.18893,50.18893;True,Vans,SPEEDO,10,44802,1;;;
Franklin;20:56:48;16:09:21;159.5393,55.22599,55.22599;True,Vans,SPEEDO,10,96122,1;;;
Franklin;20:57:04;16:09:21;161.3795,60.50819,60.50819;True,Vans,SPEEDO,11,3369,1;;;
Franklin;20:57:19;16:09:22;163.2766,65.96568,65.96568;True,Vans,SPEEDO,11,63431,1;;;
Franklin;20:57:35;16:09:22;165.2507,71.53253,71.53253;True,Vans,SPEEDO,12,0032,1;;;
Franklin;20:57:50;16:09:23;167.3616,77.3224,77.3224;True,Vans,SPEEDO,12,36819,1;;;
Franklin;20:58:06;16:09:23;169.5462,83.18681,83.18681;True,Vans,SPEEDO,12,61871,1;;;
Franklin;20:58:22;16:09:24;171.8116,89.1517,89.1517;True,Vans,SPEEDO,12,88021,1;;;
Franklin;20:58:37;16:09:24;174.1543,95.20462,95.20462;True,Vans,SPEEDO,13,15117,1;;;
Franklin;20:58:53;16:09:25;176.4998,101.0864,101.0864;True,Vans,SPEEDO,11,27202,0;;;
Franklin;20:59:08;16:09:25;178.4704,105.836,105.836;True,Vans,SPEEDO,9,486825,1;;;
Franklin;20:59:24;16:09:26;180.4149,110.3314,110.3314;True,Vans,SPEEDO,9,814309,1;;;
Franklin;20:59:40;16:09:26;181.7682,115.1289,115.1289;True,Vans,SPEEDO,10,04892,1;;;
Franklin;20:59:55;16:09:27;182.8513,120.2076,120.2076;True,Vans,SPEEDO,10,14802,1;;;
Franklin;21:00:11;16:09:28;185.1386,124.85,124.85;True,Vans,SPEEDO,10,46618,1;;;
Franklin;21:00:26;16:09:28;186.7544,129.9667,129.9667;True,Vans,SPEEDO,10,83575,1;;;
Franklin;21:00:42;16:09:29;188.6626,135.3611,135.3611;True,Vans,SPEEDO,11,41119,1;;;
Franklin;21:00:58;16:09:29;190.7564,140.9268,140.9268;True,Vans,SPEEDO,12,01409,1;;;
Franklin;21:01:14;16:09:30;192.8179,146.9241,146.9241;True,Vans,SPEEDO,12,7029,1;;;
Franklin;21:01:29;16:09:30;195.3302,152.961,152.961;True,Vans,SPEEDO,11,95573,0;;;
Franklin;21:01:45;16:09:31;197.3301,158.071,158.071;True,Vans,SPEEDO,9,49299,0;;;
Franklin;21:02:01;16:09:31;198.7457,161.9943,161.9943;True,Vans,SPEEDO,5,406909,0;;;
Franklin;21:02:16;16:09:32;199.4515,164.1479,164.1479;True,Vans,SPEEDO,3,434211,0;;;
Franklin;21:02:32;16:09:32;199.8598,165.3494,165.3494;True,Vans,SPEEDO,1,481392,0;;;
Franklin;21:02:47;16:09:33;199.9086,165.6358,165.6358;True,Vans,SPEEDO,0,09471513,0;;;
Franklin;21:03:03;16:09:33;199.8752,165.6292,165.6292;True,Vans,SPEEDO,0,04303329,0;;;
Franklin;21:03:19;16:09:34;199.8654,165.6337,165.6337;True,Vans,SPEEDO,0,009885971,0;;;
Franklin;21:03:34;16:09:34;199.8639,165.636,165.636;True,Vans,SPEEDO,0,002851026,0;;;
Franklin;21:03:50;16:09:35;199.8635,165.6366,165.6366;True,Vans,SPEEDO,0,001046684,0;;;
Franklin;21:04:06;16:09:35;199.8635,165.6366,165.6366;True,Vans,SPEEDO,0,00109556,0;;;
Franklin;21:04:21;16:09:36;199.8634,165.6367,165.6367;True,Vans,SPEEDO,0,000814835,0;;;
Franklin;21:04:37;16:09:36;199.8634,165.6367,165.6367;True,Vans,SPEEDO,0,0007692497,0;;;
Franklin;21:04:52;16:09:37;199.8634,165.6367,165.6367;True,Vans,SPEEDO,0,000805543,0;;;
Franklin;21:05:08;16:09:37;199.8634,165.6367,165.6367;True,Vans,SPEEDO,0,0009572449,0;;;
Franklin;21:05:23;16:09:38;199.8634,165.6367,165.6367;True,Vans,SPEEDO,0,0008179728,0;;;
Franklin;21:05:39;16:09:38;199.8634,165.6367,165.6367;True,Vans,SPEEDO,0,0009856508,0;;;
Franklin;21:05:54;16:09:39;199.8634,165.6367,165.6367;True,Vans,SPEEDO,0,000962147,0;;;
Franklin;21:06:10;16:09:40;199.8634,165.6367,165.6367;True,Vans,SPEEDO,0,0009319333,0;;;
Franklin;21:06:26;16:09:40;199.8634,165.6367,165.6367;True,Vans,SPEEDO,0,0009081375,0;;;
Franklin;21:06:41;16:09:41;199.8634,165.6367,165.6367;True,Vans,SPEEDO,0,0008444439,0;;;
Franklin;21:06:57;16:09:41;199.8634,165.6367,165.6367;True,Vans,SPEEDO,0,0009429427,0;;;
Franklin;21:07:12;16:09:42;199.8634,165.6367,165.6367;True,Vans,SPEEDO,0,0009336203,0;;;
Franklin;21:07:28;16:09:42;199.8634,165.6367,165.6367;True,Vans,SPEEDO,0,0007562197,0;;;
Franklin;21:07:44;16:09:43;199.8634,165.6367,165.6367;True,Vans,SPEEDO,0,0009012317,0;;;
Franklin;21:07:59;16:09:43;199.8634,165.6367,165.6367;True,Vans,SPEEDO,0,0008741126,0;;;
Franklin;21:08:15;16:09:44;199.8634,165.6367,165.6367;True,Vans,SPEEDO,0,000745243,0;;;
Franklin;21:08:30;16:09:44;199.8633,165.6367,165.6367;True,Vans,SPEEDO,0,0007159449,0;;;
Franklin;21:08:46;16:09:45;199.8633,165.6367,165.6367;True,Vans,SPEEDO,0,0007773996,0;;;
Franklin;21:09:01;16:09:45;199.8634,165.6357,165.6357;True,Vans,SPEEDO,0,01113006,1;;;
Franklin;21:09:17;16:09:46;199.8748,165.6289,165.6289;True,Vans,SPEEDO,0,03894012,1;;;
Franklin;21:09:33;16:09:46;199.8667,165.6199,165.6199;True,Vans,SPEEDO,0,02882454,0;;;
Franklin;21:09:48;16:09:47;199.8613,165.6221,165.6221;True,Vans,SPEEDO,0,008941804,0;;;
Franklin;21:10:04;16:09:47;199.8602,165.6245,165.6245;True,Vans,SPEEDO,0,003086461,0;;;
Franklin;21:10:20;16:09:48;199.8598,165.6254,165.6254;True,Vans,SPEEDO,0,001041167,0;;;
Franklin;21:10:35;16:09:48;199.8597,165.6255,165.6255;True,Vans,SPEEDO,0,001057663,0;;;
Franklin;21:10:51;16:09:49;199.8597,165.6255,165.6255;True,Vans,SPEEDO,0,0008683761,0;;;
Franklin;21:11:06;16:09:49;199.8597,165.6255,165.6255;True,Vans,SPEEDO,0,0009584331,0;;;
Franklin;21:11:22;16:09:50;199.8596,165.6255,165.6255;True,Vans,SPEEDO,0,0009453794,0;;;
Franklin;21:11:37;16:09:50;199.8596,165.6255,165.6255;True,Vans,SPEEDO,0,0008878243,0;;;
Franklin;21:11:53;16:09:51;199.8633,165.6293,165.6293;True,Vans,SPEEDO,0,02194352,1;;;
Franklin;21:12:09;16:09:51;199.8585,165.6189,165.6189;True,Vans,SPEEDO,0,01415109,0;;;
Franklin;21:12:24;16:09:52;199.8831,165.6839,165.6839;True,Vans,SPEEDO,0,5496606,1;;;
Franklin;21:12:40;16:09:52;199.9263,165.8228,165.8228;True,Vans,SPEEDO,0,02794585,0;;;
Franklin;21:12:55;16:09:53;199.9196,165.8122,165.8122;True,Vans,SPEEDO,0,01695783,0;;;
Franklin;21:13:11;16:09:54;199.9604,165.9243,165.9243;True,Vans,SPEEDO,0,753862,1;;;
Franklin;21:13:26;16:09:54;200.0579,166.2296,166.2296;True,Vans,SPEEDO,0,01380551,0;;;
Franklin;21:13:42;16:09:55;200.0484,166.2194,166.2194;True,Vans,SPEEDO,0,02285966,0;;;
Franklin;21:13:57;16:09:55;200.0462,166.218,166.218;True,Vans,SPEEDO,0,01969628,-1;;;
Franklin;21:14:13;16:09:56;200.0295,166.1623,166.1623;True,Vans,SPEEDO,0,02019775,0;;;
Franklin;21:14:28;16:09:56;200.0318,166.1684,166.1684;True,Vans,SPEEDO,0,163559,1;;;
Franklin;21:14:44;16:09:57;200.1278,166.4579,166.4579;True,Vans,SPEEDO,0,3215265,1;;;
Franklin;21:14:59;16:09:57;200.1251,166.4658,166.4658;True,Vans,SPEEDO,0,02380593,0;;;
Franklin;21:15:15;16:09:58;200.1217,166.4609,166.4609;True,Vans,SPEEDO,0,01164352,0;;;
Franklin;21:15:30;16:09:58;200.1222,166.4644,166.4644;True,Vans,SPEEDO,0,003625695,0;;;
Franklin;21:15:46;16:09:59;200.1698,166.5975,166.5975;True,Vans,SPEEDO,0,8141776,1;;;
Franklin;21:16:01;16:09:59;200.2449,166.8374,166.8374;True,Vans,SPEEDO,0,02312701,0;;;
Franklin;21:16:17;16:10:00;200.2375,166.8274,166.8274;True,Vans,SPEEDO,0,01947873,0;;;
Franklin;21:16:33;16:10:00;200.2363,166.8282,166.8282;True,Vans,SPEEDO,0,007724632,0;;;
Franklin;21:16:48;16:10:01;200.2065,166.7235,166.7235;True,Vans,SPEEDO,0,8131615,-1;;;
Franklin;21:17:04;16:10:01;200.0913,166.3459,166.3459;True,Vans,SPEEDO,0,1714536,1;;;
Franklin;21:17:19;16:10:02;200.0849,166.3424,166.3424;True,Vans,SPEEDO,0,01826595,0;;;
Franklin;21:17:35;16:10:02;200.0863,166.3439,166.3439;True,Vans,SPEEDO,0,1999612,1;;;
Franklin;21:17:50;16:10:03;200.1982,166.6757,166.6757;True,Vans,SPEEDO,0,4943783,1;;;
Franklin;21:18:06;16:10:03;200.2007,166.7051,166.7051;True,Vans,SPEEDO,0,02612293,0;;;
Franklin;21:18:21;16:10:04;200.1959,166.6988,166.6988;True,Vans,SPEEDO,0,01065108,0;;;
Franklin;21:18:37;16:10:04;200.1962,166.7028,166.7028;True,Vans,SPEEDO,0,004044228,0;;;
Franklin;21:18:52;16:10:05;200.1962,166.7041,166.7041;True,Vans,SPEEDO,0,001403805,0;;;
Franklin;21:19:08;16:10:05;200.1962,166.7042,166.7042;True,Vans,SPEEDO,0,0008610782,0;;;
Franklin;21:19:23;16:10:06;200.1962,166.7042,166.7042;True,Vans,SPEEDO,0,0007262565,0;;;
Franklin;21:19:39;16:10:06;200.1962,166.7042,166.7042;True,Vans,SPEEDO,0,0006011467,0;;;
Franklin;21:19:55;16:10:07;200.1962,166.7042,166.7042;True,Vans,SPEEDO,0,0007388865,0;;;
Franklin;21:20:10;16:10:08;200.1962,166.7042,166.7042;True,Vans,SPEEDO,0,0007308969,0;;;
Franklin;21:20:26;16:10:08;200.2053,166.7252,166.7252;True,Vans,SPEEDO,0,291597,1;;;
Franklin;21:20:42;16:10:09;200.3737,167.205,167.205;True,Vans,SPEEDO,1,666949,1;;;
Franklin;21:20:57;16:10:09;200.8319,168.4459,168.4459;True,Vans,SPEEDO,3,468041,1;;;
Franklin;21:21:13;16:10:10;201.663,170.7317,170.7317;True,Vans,SPEEDO,5,878168,1;;;
Franklin;21:21:29;16:10:10;202.9454,174.5972,174.5972;True,Vans,SPEEDO,10,04974,1;;;
Franklin;21:21:44;16:10:11;204.511,179.5723,179.5723;True,Vans,SPEEDO,9,910094,1;;;
Franklin;21:22:00;16:10:11;206.172,184.89,184.89;True,Vans,SPEEDO,11,59292,1;;;
Franklin;21:22:15;16:10:12;208.1706,191.0096,191.0096;True,Vans,SPEEDO,13,15033,1;;;
Franklin;21:22:31;16:10:12;210.9749,197.7261,197.7261;True,Vans,SPEEDO,14,87629,1;;;
Franklin;21:22:46;16:10:13;213.8264,205.3551,205.3551;True,Vans,SPEEDO,16,52456,1;;;
Franklin;21:23:02;16:10:13;217.1298,213.8473,213.8473;True,Vans,SPEEDO,18,54231,1;;;
Franklin;21:23:18;16:10:14;220.8784,223.1876,223.1876;True,Vans,SPEEDO,20,06065,1;;;
Franklin;21:23:33;16:10:14;224.3324,232.7779,232.7779;True,Vans,SPEEDO,18,61536,0;;;
Franklin;21:23:49;16:10:15;227.556,241.8773,241.8773;True,Vans,SPEEDO,18,34144,0;;;
Franklin;21:24:05;16:10:15;230.2197,250.517,250.517;True,Vans,SPEEDO,17,53357,1;;;
Franklin;21:24:20;16:10:16;232.872,259.4791,259.4791;True,Vans,SPEEDO,17,26471,0;;;
Franklin;21:24:36;16:10:16;235.3115,267.5908,267.5908;True,Vans,SPEEDO,15,55431,0;;;
Franklin;21:24:51;16:10:17;237.9137,275.5807,275.5807;True,Vans,SPEEDO,16,79711,1;;;
Franklin;21:25:07;16:10:17;241.0734,283.9124,283.9124;True,Vans,SPEEDO,16,4736,0;;;
Franklin;21:25:23;16:10:18;244.0203,291.4711,291.4711;True,Vans,SPEEDO,14,78645,0;;;
Franklin;21:25:38;16:10:18;246.6752,298.2014,298.2014;True,Vans,SPEEDO,13,13077,0;;;
Franklin;21:25:54;16:10:19;249.0915,304.2228,304.2228;True,Vans,SPEEDO,12,24968,0;;;
Franklin;21:26:09;16:10:19;251.4807,310.0809,310.0809;True,Vans,SPEEDO,12,30209,0;;;
Franklin;21:26:25;16:10:20;253.93,315.9844,315.9844;True,Vans,SPEEDO,12,22698,1;;;
Franklin;21:26:41;16:10:21;256.61,322.3152,322.3152;True,Vans,SPEEDO,13,92647,0;;;
Franklin;21:26:56;16:10:21;259.9865,327.936,327.936;True,Vans,SPEEDO,11,48962,0;;;
Franklin;21:27:12;16:10:22;264.4149,330.8951,330.8951;True,Vans,SPEEDO,9,3103,0;;;
Franklin;21:27:27;16:10:22;269.3074,331.7414,331.7414;True,Vans,SPEEDO,10,6397,1;;;
Franklin;21:27:43;16:10:23;275.3658,331.0927,331.0927;True,Vans,SPEEDO,12,79536,1;;;
Franklin;21:27:59;16:10:23;282.3537,329.5009,329.5009;True,Vans,SPEEDO,14,63256,1;;;
Franklin;21:28:14;16:10:24;290.1417,327.6486,327.6486;True,Vans,SPEEDO,16,19508,1;;;
Franklin;21:28:30;16:10:24;298.4639,325.6013,325.6013;True,Vans,SPEEDO,15,84102,0;;;
Franklin;21:28:45;16:10:25;306.6744,323.4902,323.4902;True,Vans,SPEEDO,17,16693,1;;;
Franklin;21:29:01;16:10:25;315.7669,321.092,321.092;True,Vans,SPEEDO,18,84143,1;;;
Franklin;21:29:16;16:10:26;325.2538,319.2188,319.2188;True,Vans,SPEEDO,18,14103,0;I been told he up in the alley.;LAMAR;FKN0_DJAA
Franklin;21:29:32;16:10:26;334.0015,317.8689,317.8689;True,Vans,SPEEDO,14,94665,0;;;
Franklin;21:29:48;16:10:27;340.7368,316.8205,316.8205;True,Vans,SPEEDO,11,75841,0;;;
Franklin;21:30:03;16:10:27;346.4652,315.9097,315.9097;True,Vans,SPEEDO,10,29559,0;;;
Franklin;21:30:19;16:10:28;351.5015,315.7762,315.7762;True,Vans,SPEEDO,8,971952,0;;;
Franklin;21:30:34;16:10:28;356.2202,316.8367,316.8367;True,Vans,SPEEDO,10,4888,1;;;
Franklin;21:30:50;16:10:29;360.8437,318.9853,318.9853;True,Vans,SPEEDO,7,784663,0;;;
Franklin;21:31:06;16:10:29;363.2026,320.3533,320.3533;True,Vans,SPEEDO,3,381409,0;;;
Franklin;21:31:20;16:10:30;372.6848,354.8447,354.8447;;;;
Franklin;21:31:20;16:10:30;372.683,354.8451,354.8451;;Hey what's up, boo?;Cutscene;Cutscene
Franklin;21:31:20;16:10:31;372.679,354.8441,354.8441;;Ain't you little Laita's cousin?;Cutscene;Cutscene
Franklin;21:31:20;16:10:31;372.676,354.8415,354.8415;;;;
Franklin;21:31:20;16:10:32;372.679,354.84,354.84;;;;
Franklin;21:31:20;16:10:32;372.6813,354.8415,354.8415;;Yeah.;Cutscene;Cutscene
Franklin;21:31:20;16:10:33;372.6838,354.8424,354.8424;;Damn, you short with it?;Cutscene;Cutscene
Franklin;21:31:20;16:10:34;372.674,354.9584,354.9584;;;;
Franklin;21:31:20;16:10:34;372.6595,355.1895,355.1895;;;;
Franklin;21:31:20;16:10:35;372.8246,355.6118,355.6118;;I was just saying, I was trying to holla at you.;Cutscene;Cutscene
Franklin;21:31:20;16:10:35;372.9269,356.1556,356.1556;;;;
Franklin;21:31:20;16:10:36;373.0372,356.6333,356.6333;;;;
Franklin;21:31:20;16:10:36;373.213,357.0517,357.0517;;And?;Cutscene;Cutscene
Franklin;21:31:20;16:10:37;373.3228,357.5005,357.5005;;;;
Franklin;21:31:20;16:10:37;373.4421,357.8092,357.8092;;You ain't hollering at nothin' over here.;Cutscene;Cutscene
Franklin;21:31:20;16:10:38;373.5245,357.7433,357.7433;;;;
Franklin;21:31:20;16:10:38;373.3189,357.2006,357.2006;;;;
Franklin;21:31:20;16:10:39;373.2475,356.9032,356.9032;;Why is it gotta be like that? I'm a OG...;Cutscene;Cutscene
Franklin;21:31:20;16:10:39;373.2713,356.9015,356.9015;;;;
Franklin;21:31:20;16:10:40;373.2584,356.9121,356.9121;;;;
Franklin;21:31:20;16:10:40;373.2735,356.9127,356.9127;;;;
Franklin;21:31:20;16:10:41;373.3119,356.8953,356.8953;;An OG, so what?;Cutscene;Cutscene
Franklin;21:31:20;16:10:41;373.3781,356.8261,356.8261;;;;
Franklin;21:31:20;16:10:42;373.3835,357.0942,357.0942;;;;
Franklin;21:31:20;16:10:42;373.4702,357.3553,357.3553;;So the fuck what, nigga?;Cutscene;Cutscene
Franklin;21:31:20;16:10:43;373.705,357.7281,357.7281;;;;
Franklin;21:31:20;16:10:43;373.892,358.256,358.256;;S'million OG's around here.;Cutscene;Cutscene
Franklin;21:31:20;16:10:44;374.106,358.7537,358.7537;;;;
Franklin;21:31:20;16:10:44;374.3947,359.1771,359.1771;;Well shit, how about I put one of these little X pills up your ass crack?;Cutscene;Cutscene
Franklin;21:31:20;16:10:45;374.6785,359.6123,359.6123;;;;
Franklin;21:31:20;16:10:45;375.0066,359.9047,359.9047;;;;
Franklin;21:31:20;16:10:46;375.2006,360.1907,360.1907;;;;
Franklin;21:31:20;16:10:47;375.3332,360.5055,360.5055;;;;
Franklin;21:31:20;16:10:47;375.6115,360.7149,360.7149;;;;
Franklin;21:31:20;16:10:48;375.871,360.8563,360.8563;;;;
Franklin;21:31:20;16:10:48;376.191,361.0653,361.0653;;Next thing you know you gonna be;Cutscene;Cutscene
Franklin;21:31:20;16:10:49;376.5137,361.1283,361.1283;;;;
Franklin;21:31:20;16:10:49;376.8398,361.1147,361.1147;;;;
Franklin;21:31:20;16:10:50;377.2236,361.1659,361.1659;;;;
Franklin;21:31:20;16:10:50;377.4953,361.0963,361.0963;;;;
Franklin;21:31:20;16:10:51;377.7505,360.9277,360.9277;;;;
Franklin;21:31:20;16:10:51;378.0121,360.8491,360.8491;;What's happening now, D man?;Cutscene;Cutscene
Franklin;21:31:20;16:10:52;378.201,360.7647,360.7647;;;;
Franklin;21:31:20;16:10:52;378.2123,360.5562,360.5562;;Ain't no fun if the gangsters can't have none.;Cutscene;Cutscene
Franklin;21:31:20;16:10:53;378.195,360.4807,360.4807;;;;
Franklin;21:31:20;16:10:53;378.2678,360.5123,360.5123;;;;
Franklin;21:31:20;16:10:54;378.4124,360.6115,360.6115;;;;
Franklin;21:31:20;16:10:54;378.4943,360.6233,360.6233;;Man, fuck you, mark.;Cutscene;Cutscene
Franklin;21:31:20;16:10:55;378.519,360.5169,360.5169;;;;
Franklin;21:31:20;16:10:55;378.526,360.4175,360.4175;;;;
Franklin;21:31:20;16:10:56;378.5714,360.4101,360.4101;;I ain't sharing no ass with the CGFs.;Cutscene;Cutscene
Franklin;21:31:20;16:10:56;378.6994,360.5225,360.5225;;;;
Franklin;21:31:20;16:10:57;378.7479,360.5001,360.5001;;;;
Franklin;21:31:20;16:10:57;378.7274,360.351,360.351;;;;
Franklin;21:31:20;16:10:58;378.7293,360.3222,360.3222;;Ain't nobody sharin' nothin'.;Cutscene;Cutscene
Franklin;21:31:20;16:10:58;379.0872,360.0959,360.0959;;;;
Franklin;21:31:20;16:10:59;379.3043,360.2383,360.2383;;;;
Franklin;21:31:20;16:10:59;379.3599,360.2036,360.2036;;Man, shut the hell up, bitch!;Cutscene;Cutscene
Franklin;21:31:20;16:11:00;379.3434,360.0387,360.0387;;;;
Franklin;21:31:20;16:11:01;379.3846,360.0244,360.0244;;Fuck you, nigga!;Cutscene;Cutscene
Franklin;21:31:20;16:11:01;379.5108,360.1527,360.1527;;;;
Franklin;21:31:20;16:11:02;379.4948,360.137,360.137;;Man, fuck y'all.;Cutscene;Cutscene
Franklin;21:31:20;16:11:02;379.4437,360.075,360.075;;;;
Franklin;21:31:20;16:11:03;379.4308,360.0449,360.0449;;;;
Franklin;21:31:20;16:11:03;379.4206,360.0307,360.0307;;Hey, ain't there a law against you mark-ass gangstas,;Cutscene;Cutscene
Franklin;21:31:20;16:11:04;379.4913,360.0842,360.0842;;;;
Franklin;21:31:20;16:11:04;379.6415,360.175,360.175;;;;
Franklin;21:31:20;16:11:05;379.826,360.0772,360.0772;;;;
Franklin;21:31:20;16:11:05;379.9503,360.0021,360.0021;;;;
Franklin;21:31:20;16:11:06;380.038,360.089,360.089;;insignia-mask-wearing motherfuckers?;Cutscene;Cutscene
Franklin;21:31:20;16:11:06;380.0266,360.0917,360.0917;;;;
Franklin;21:31:20;16:11:07;379.9365,359.8689,359.8689;;;;
Franklin;21:31:20;16:11:07;379.9195,359.8008,359.8008;;;;
Franklin;21:31:20;16:11:08;380.0378,359.8604,359.8604;;Oh, so what's up now, nigga?;Cutscene;Cutscene
Franklin;21:31:20;16:11:08;380.1139,359.9034,359.9034;;;;
Franklin;21:31:20;16:11:09;380.2154,359.7028,359.7028;;;;
Franklin;21:31:20;16:11:09;380.3201,359.825,359.825;;;;
Franklin;21:31:20;16:11:10;380.2978,359.777,359.777;;;;
Franklin;21:31:20;16:11:10;380.1895,359.6547,359.6547;;Bitch-ass nigga.;Cutscene;Cutscene
Franklin;21:31:20;16:11:11;380.2523,359.7097,359.7097;;;;
Franklin;21:31:20;16:11:11;380.3024,359.7762,359.7762;;Fuck you, nigga.;Cutscene;Cutscene
Franklin;21:31:20;16:11:12;380.2238,359.6251,359.6251;;;;
Franklin;21:31:20;16:11:12;379.6034,358.9309,358.9309;;;;
Franklin;21:31:20;16:11:13;378.6465,358.0222,358.0222;;;;
Franklin;21:31:20;16:11:14;378.1078,357.3896,357.3896;;;;
Franklin;21:31:20;16:11:14;378.0389,357.2769,357.2769;;;;
Franklin;21:31:20;16:11:15;377.9818,357.4583,357.4583;;Come on,;Cutscene;Cutscene
Franklin;21:31:20;16:11:15;377.0715,358.0961,358.0961;;;;
Franklin;21:31:20;16:11:16;375.3846,358.0902,358.0902;;let's go.;Cutscene;Cutscene
Franklin;21:31:20;16:11:16;373.7704,357.0645,357.0645;;;;
Franklin;21:31:20;16:11:17;372.8648,355.2666,355.2666;;;;
Franklin;21:31:20;16:11:17;372.0195,352.3371,352.3371;;;;
Franklin;21:31:20;16:11:18;371.1784,348.9118,348.9118;;;;
Franklin;21:31:26;16:11:18;370.3431,345.4899,345.4899;;;;
Franklin;21:31:42;16:11:19;369.3974,342.0586,342.0586;;In the van! We gotta go!;LAMAR;FKN0_DKAA
Franklin;21:31:57;16:11:19;368.161,338.7884,338.7884;;;;
Franklin;21:32:13;16:11:20;366.9179,335.4751,335.4751;;;;
Franklin;21:32:29;16:11:20;365.3862,332.2204,332.2204;;;;
Franklin;21:32:44;16:11:21;363.3807,329.2955,329.2955;;;;
Franklin;21:33:00;16:11:21;361.2194,326.3335,326.3335;;;;
Franklin;21:33:16;16:11:22;359.7134,325.448,325.448;;;;
Franklin;21:33:31;16:11:22;359.7132,325.4472,325.4472;;;;
Franklin;21:33:47;16:11:23;360.2554,325.0329,325.0329;;;;
Franklin;21:34:02;16:11:23;360.2089,323.7155,323.7155;True,Vans,SPEEDO,0,02415432,0;;;
Franklin;21:34:18;16:11:24;360.2089,323.7158,323.7158;True,Vans,SPEEDO,0,004524413,0;;;
Franklin;21:34:33;16:11:24;360.0948,323.6512,323.6512;True,Vans,SPEEDO,0,7466037,-1;;;
Franklin;21:34:49;16:11:25;359.4157,323.3917,323.3917;True,Vans,SPEEDO,2,101251,-1;;;
Franklin;21:35:05;16:11:25;357.9897,323.0452,323.0452;True,Vans,SPEEDO,3,468964,-1;You see what he's driving? Man, we in a van, motherfucker. We fucked!;FRANKLIN;FKN0_ETAA
Franklin;21:35:20;16:11:26;356.6555,322.6238,322.6238;True,Vans,SPEEDO,2,385783,-1;;;
Franklin;21:35:36;16:11:27;355.5491,321.4608,321.4608;True,Vans,SPEEDO,3,870542,-1;;;
Franklin;21:35:52;16:11:27;354.664,320.7409,320.7409;True,Vans,SPEEDO,0,4181337,1;;;
Franklin;21:36:07;16:11:28;354.9166,320.9071,320.9071;True,Vans,SPEEDO,1,201889,1;;;
Franklin;21:36:23;16:11:28;355.9759,320.9265,320.9265;True,Vans,SPEEDO,2,909353,1;;;
Franklin;21:36:39;16:11:29;358.0032,320.6078,320.6078;True,Vans,SPEEDO,5,070843,1;;;
Franklin;21:36:54;16:11:29;361.2091,319.5801,319.5801;True,Vans,SPEEDO,8,169192,1;;;
Franklin;21:37:10;16:11:30;366.1104,318.0799,318.0799;True,Vans,SPEEDO,9,933886,0;;;
Franklin;21:37:25;16:11:30;371.0644,316.2003,316.2003;True,Vans,SPEEDO,11,06982,1;Just drive, fool.;LAMAR;FKN0_EUAA
Franklin;21:37:41;16:11:31;376.7768,313.7683,313.7683;True,Vans,SPEEDO,12,75955,1;;;
Franklin;21:37:56;16:11:31;383.3002,310.979,310.979;True,Vans,SPEEDO,14,44282,1;;;
Franklin;21:38:12;16:11:32;390.6234,307.812,307.812;True,Vans,SPEEDO,16,03195,1;Hold on, Chop.;FRANKLIN;FKN0_BIAA
Franklin;21:38:28;16:11:32;398.2414,303.4055,303.4055;True,Vans,SPEEDO,17,56912,1;;;
Franklin;21:38:44;16:11:33;405.0682,297.3336,297.3336;True,Vans,SPEEDO,16,59238,0;;;
Franklin;21:38:59;16:11:33;408.7617,290.0074,290.0074;True,Vans,SPEEDO,15,66755,1;OG's gettin' away!;LAMAR;FKN0_CAAA
Franklin;21:39:15;16:11:34;408.5468,281.945,281.945;True,Vans,SPEEDO,15,84578,1;;;
Franklin;21:39:30;16:11:34;406.0536,273.6293,273.6293;True,Vans,SPEEDO,17,50584,1;;;
Franklin;21:39:46;16:11:35;402.8912,264.6529,264.6529;True,Vans,SPEEDO,19,23781,1;;;
Franklin;21:40:02;16:11:35;399.4727,254.9213,254.9213;True,Vans,SPEEDO,20,54982,1;;;
Franklin;21:40:17;16:11:36;395.5943,244.7433,244.7433;True,Vans,SPEEDO,21,59484,1;;;
Franklin;21:40:33;16:11:36;391.0525,234.5281,234.5281;True,Vans,SPEEDO,20,75338,1;;;
Franklin;21:40:48;16:11:37;386.8656,224.3629,224.3629;True,Vans,SPEEDO,21,75286,1;;;
Franklin;21:41:04;16:11:37;382.9706,213.3818,213.3818;True,Vans,SPEEDO,22,89325,1;;;
Franklin;21:41:20;16:11:38;379.3826,201.7498,201.7498;True,Vans,SPEEDO,23,98378,1;;;
Franklin;21:41:35;16:11:38;375.2562,189.7372,189.7372;True,Vans,SPEEDO,24,9245,1;;;
Franklin;21:41:51;16:11:39;370.776,177.2597,177.2597;True,Vans,SPEEDO,25,77273,1;;;
Franklin;21:42:06;16:11:40;366.1339,164.4326,164.4326;True,Vans,SPEEDO,27,07849,1;;;
Franklin;21:42:22;16:11:40;361.0699,150.928,150.928;True,Vans,SPEEDO,28,64156,1;;;
Franklin;21:42:38;16:11:41;355.5762,136.4561,136.4561;True,Vans,SPEEDO,30,22296,1;;;
Franklin;21:42:53;16:11:41;350.1732,122.0692,122.0692;True,Vans,SPEEDO,29,15756,1;;;
Franklin;21:43:09;16:11:42;344.7256,107.7234,107.7234;True,Vans,SPEEDO,30,32467,1;;;
Franklin;21:43:24;16:11:42;339.161,93.10011,93.10011;True,Vans,SPEEDO,31,08049,1;;;
Franklin;21:43:40;16:11:43;333.2348,77.87263,77.87263;True,Vans,SPEEDO,32,80234,1;;;
Franklin;21:43:55;16:11:43;327.1247,62.32733,62.32733;True,Vans,SPEEDO,32,64135,0;What the fuck you say something for? We could have creeped up on this nigga.;FRANKLIN;FKN0_AIAA
Franklin;21:44:11;16:11:44;321.0833,47.1597,47.1597;True,Vans,SPEEDO,31,66251,0;;;
Franklin;21:44:27;16:11:44;315.7388,32.21072,32.21072;True,Vans,SPEEDO,30,61306,0;;;
Franklin;21:44:42;16:11:45;311.0955,17.48211,17.48211;True,Vans,SPEEDO,29,98943,1;;;
Franklin;21:44:58;16:11:45;306.374,2.571357,2.571357;True,Vans,SPEEDO,31,75936,1;;;
Franklin;21:45:13;16:11:46;301.4066,-13.22364,-13.22364;True,Vans,SPEEDO,33,33681,1;;;
Franklin;21:45:29;16:11:46;296.7749,-29.81236,-29.81236;True,Vans,SPEEDO,34,64899,1;;;
Franklin;21:45:45;16:11:47;291.6148,-47.31352,-47.31352;True,Vans,SPEEDO,36,12187,0;;;
Franklin;21:46:00;16:11:47;285.5724,-64.848,-64.848;True,Vans,SPEEDO,35,04644,0;You seen yourself, Franklin? You is a big black motherfucker, nigga. You creepin' days is over.;LAMAR;FKN0_AIAB
Franklin;21:46:16;16:11:48;280.4355,-81.61279,-81.61279;True,Vans,SPEEDO,32,91766,0;;;
Franklin;21:46:31;16:11:48;275.8939,-97.61668,-97.61668;True,Vans,SPEEDO,30,86376,0;;;
Franklin;21:46:47;16:11:49;272.0135,-112.4928,-112.4928;True,Vans,SPEEDO,29,00236,0;;;
Franklin;21:47:03;16:11:49;267.9613,-126.6993,-126.6993;True,Vans,SPEEDO,27,80151,0;;;
Franklin;21:47:18;16:11:50;263.7463,-140.2824,-140.2824;True,Vans,SPEEDO,28,08879,1;;;
Franklin;21:47:34;16:11:50;258.9368,-154.2107,-154.2107;True,Vans,SPEEDO,30,0023,1;;;
Franklin;21:47:49;16:11:51;253.1063,-168.4941,-168.4941;True,Vans,SPEEDO,29,88559,1;;;
Franklin;21:48:05;16:11:51;247.0899,-182.9755,-182.9755;True,Vans,SPEEDO,31,47734,1;;;
Franklin;21:48:21;16:11:52;240.8023,-198.2116,-198.2116;True,Vans,SPEEDO,32,75085,1;;BALLASOG;FKN0_BDAA
Franklin;21:48:36;16:11:53;234.2326,-214.239,-214.239;True,Vans,SPEEDO,33,53905,1;;;
Franklin;21:48:52;16:11:53;227.438,-230.8174,-230.8174;True,Vans,SPEEDO,34,50153,1;;;
Franklin;21:49:08;16:11:54;220.6291,-247.7138,-247.7138;True,Vans,SPEEDO,34,9697,1;;;
Franklin;21:49:23;16:11:54;213.9367,-264.356,-264.356;True,Vans,SPEEDO,34,7284,0;;;
Franklin;21:49:39;16:11:55;207.4431,-280.3726,-280.3726;True,Vans,SPEEDO,33,77558,0;;;
Franklin;21:49:54;16:11:55;201.0837,-296.0655,-296.0655;True,Vans,SPEEDO,32,60344,0;You got sloppy, homie. Where that lazer sight shit at?;LAMAR;FKN0_DQAA
Franklin;21:50:10;16:11:56;194.7005,-311.713,-311.713;True,Vans,SPEEDO,33,41321,1;;;
Franklin;21:50:25;16:11:56;188.171,-327.8318,-327.8318;True,Vans,SPEEDO,34,21985,1;;;
Franklin;21:50:41;16:11:57;181.4867,-344.472,-344.472;True,Vans,SPEEDO,35,35138,1;;;
Franklin;21:50:56;16:11:57;174.6476,-361.7359,-361.7359;True,Vans,SPEEDO,35,42652,1;;;
Franklin;21:51:12;16:11:58;167.726,-379.2053,-379.2053;True,Vans,SPEEDO,36,70301,1;;;
Franklin;21:51:28;16:11:58;161.3278,-397.1401,-397.1401;True,Vans,SPEEDO,35,65866,1;;;
Franklin;21:51:43;16:11:59;155.6538,-414.5783,-414.5783;True,Vans,SPEEDO,34,82448,0;;;
Franklin;21:51:59;16:11:59;149.2057,-431.3136,-431.3136;True,Vans,SPEEDO,33,44021,0;Get on him.;LAMAR;FKN0_AGAA
Franklin;21:52:14;16:12:00;143.5652,-447.1354,-447.1354;True,Vans,SPEEDO,32,16809,1;;;
Franklin;21:52:24;16:12:00;141.2454,-456.756,-456.756;True,Vans,SPEEDO,32,25825,1;;;
Franklin;21:52:29;16:12:01;140.0238,-462.1596,-462.1596;True,Vans,SPEEDO,33,18265,1;;;
Franklin;21:52:36;16:12:01;137.37,-469.8288,-469.8288;True,Vans,SPEEDO,34,41965,1;;;
Franklin;21:52:47;16:12:02;133.5945,-481.9561,-481.9561;True,Vans,SPEEDO,36,90167,1;We in a van, nigga. This motherfucker is slow as hell!;FRANKLIN;FKN0_AGAB
Franklin;21:53:00;16:12:02;129.5443,-497.4937,-497.4937;True,Vans,SPEEDO,35,94781,0;;;
Franklin;21:53:14;16:12:03;124.8939,-513.7071,-513.7071;True,Vans,SPEEDO,36,01158,1;;;
Franklin;21:53:28;16:12:03;119.5368,-529.2828,-529.2828;True,Vans,SPEEDO,36,18196,1;;;
Franklin;21:53:33;16:12:04;117.8699,-535.2023,-535.2023;True,Vans,SPEEDO,36,36795,1;;;
Franklin;21:53:38;16:12:04;117.0393,-541.1216,-541.1216;True,Vans,SPEEDO,35,86131,1;;;
Franklin;21:53:43;16:12:05;116.8561,-547.2217,-547.2217;True,Vans,SPEEDO,36,44109,1;;;
Franklin;21:53:48;16:12:06;117.2299,-553.424,-553.424;True,Vans,SPEEDO,37,33926,1;;;
Franklin;21:53:53;16:12:06;117.9599,-559.7519,-559.7519;True,Vans,SPEEDO,37,77369,1;;;
Franklin;21:53:58;16:12:07;119.6453,-565.9328,-565.9328;True,Vans,SPEEDO,38,61981,1;;;
Franklin;21:54:03;16:12:07;122.9875,-571.7008,-571.7008;True,Vans,SPEEDO,40,97728,1;;;
Franklin;21:54:08;16:12:08;127.4899,-576.9604,-576.9604;True,Vans,SPEEDO,42,17249,1;;;
Franklin;21:54:13;16:12:08;133.2794,-581.3518,-581.3518;True,Vans,SPEEDO,43,17654,1;;;
Franklin;21:54:18;16:12:09;139.7689,-584.5671,-584.5671;True,Vans,SPEEDO,42,96403,1;;;
Franklin;21:54:24;16:12:09;148.3344,-587.4498,-587.4498;True,Vans,SPEEDO,43,65968,1;;;
Franklin;21:54:34;16:12:10;162.1212,-592.0011,-592.0011;True,Vans,SPEEDO,44,11932,1;;;
Franklin;21:54:47;16:12:10;179.528,-597.7042,-597.7042;True,Vans,SPEEDO,44,31072,1;;;
Franklin;21:55:01;16:12:11;198.8086,-604.8724,-604.8724;True,Vans,SPEEDO,44,20249,1;;;
Franklin;21:55:08;16:12:11;209.4571,-608.7635,-608.7635;True,Vans,SPEEDO,43,84624,1;;;
Franklin;21:55:13;16:12:12;216.3245,-611.4744,-611.4744;True,Vans,SPEEDO,43,7816,1;;;
Franklin;21:55:18;16:12:12;222.1572,-615.8461,-615.8461;True,Vans,SPEEDO,43,67673,1;;;
Franklin;21:55:24;16:12:13;227.0047,-621.4113,-621.4113;True,Vans,SPEEDO,43,48818,1;;;
Franklin;21:55:29;16:12:13;230.0156,-628.1266,-628.1266;True,Vans,SPEEDO,43,59577,1;;;
Franklin;21:55:34;16:12:14;232.1496,-635.2731,-635.2731;True,Vans,SPEEDO,43,90984,1;;;
Franklin;21:55:39;16:12:14;233.0552,-642.5652,-642.5652;True,Vans,SPEEDO,44,00264,1;;;
Franklin;21:55:44;16:12:15;232.5703,-649.9551,-649.9551;True,Vans,SPEEDO,43,99168,1;;;
Franklin;21:55:50;16:12:15;229.9509,-658.9686,-658.9686;True,Vans,SPEEDO,45,08464,1;;;
Franklin;21:56:00;16:12:16;226.1266,-673.4061,-673.4061;True,Vans,SPEEDO,45,76661,1;;;
Franklin;21:56:12;16:12:16;220.1932,-691.2459,-691.2459;True,Vans,SPEEDO,46,22453,1;;;
Franklin;21:56:26;16:12:17;214.1522,-711.032,-711.032;True,Vans,SPEEDO,46,43946,1;;;
Franklin;21:56:31;16:12:18;211.1759,-718.4077,-718.4077;True,Vans,SPEEDO,47,16614,1;;;
Franklin;21:56:36;16:12:18;207.7359,-726.6442,-726.6442;True,Vans,SPEEDO,49,41867,1;;;
Franklin;21:56:45;16:12:19;202.7838,-740.4389,-740.4389;True,Vans,SPEEDO,50,89291,1;;;
Franklin;21:56:57;16:12:19;196.4207,-759.0414,-759.0414;True,Vans,SPEEDO,51,11735,1;;;
Franklin;21:57:06;16:12:20;189.7887,-772.5587,-772.5587;True,Vans,SPEEDO,50,78377,1;;;
Franklin;21:57:11;16:12:20;186.543,-780.3119,-780.3119;True,Vans,SPEEDO,50,1278,1;;;
Franklin;21:57:16;16:12:21;185.7705,-788.6796,-788.6796;True,Vans,SPEEDO,49,69931,1;;;
Franklin;21:57:21;16:12:21;185.9085,-797.0488,-797.0488;True,Vans,SPEEDO,49,07286,1;;;
Franklin;21:57:26;16:12:22;188.221,-804.8305,-804.8305;True,Vans,SPEEDO,48,20914,1;;;
Franklin;21:57:31;16:12:22;192.2672,-811.9571,-811.9571;True,Vans,SPEEDO,47,76132,1;;;
Franklin;21:57:36;16:12:23;197.2315,-818.1928,-818.1928;True,Vans,SPEEDO,47,169,1;;;
Franklin;21:57:43;16:12:23;204.9826,-826.1525,-826.1525;True,Vans,SPEEDO,48,26111,1;;;
Franklin;21:57:53;16:12:24;219.26,-835.095,-835.095;True,Vans,SPEEDO,48,40464,1;;;
Franklin;21:58:06;16:12:24;236.8726,-845.9274,-845.9274;True,Vans,SPEEDO,48,3028,1;;;
Franklin;21:58:18;16:12:25;253.5977,-852.8564,-852.8564;True,Vans,SPEEDO,47,1896,1;;;
Franklin;21:58:23;16:12:25;261.3565,-854.3667,-854.3667;True,Vans,SPEEDO,47,19979,1;;;
Franklin;21:58:28;16:12:26;270.3205,-854.3643,-854.3643;True,Vans,SPEEDO,48,49319,1;;;
Franklin;21:58:38;16:12:26;285.508,-854.2247,-854.2247;True,Vans,SPEEDO,50,85802,1;;;
Franklin;21:58:50;16:12:27;305.889,-851.439,-851.439;True,Vans,SPEEDO,51,9381,1;;;
Franklin;21:59:03;16:12:27;328.9093,-847.6671,-847.6671;True,Vans,SPEEDO,51,37258,1;;;
Franklin;21:59:18;16:12:28;353.6735,-847.717,-847.717;True,Vans,SPEEDO,50,63421,1;;;
Franklin;21:59:29;16:12:28;371.9755,-849.056,-849.056;True,Vans,SPEEDO,49,94662,1;;;
Franklin;21:59:34;16:12:29;380.1841,-848.579,-848.579;True,Vans,SPEEDO,48,58237,1;;;
Franklin;21:59:39;16:12:29;388.0582,-846.3253,-846.3253;True,Vans,SPEEDO,48,20161,1;;;
Franklin;21:59:44;16:12:30;395.1078,-842.3747,-842.3747;True,Vans,SPEEDO,47,78993,1;;;
Franklin;21:59:49;16:12:31;401.5418,-837.2589,-837.2589;True,Vans,SPEEDO,49,23004,1;;;
Franklin;21:59:54;16:12:31;408.367,-832.3107,-832.3107;True,Vans,SPEEDO,49,84348,1;;;
Franklin;21:59:59;16:12:32;416.006,-828.927,-828.927;True,Vans,SPEEDO,49,96796,1;;;
Franklin;22:00:04;16:12:32;424.2018,-826.9359,-826.9359;True,Vans,SPEEDO,50,21206,1;;;
Franklin;22:00:09;16:12:33;432.5412,-825.7272,-825.7272;True,Vans,SPEEDO,49,02698,1;;;
Franklin;22:00:14;16:12:33;440.5727,-825.5209,-825.5209;True,Vans,SPEEDO,46,84968,1;;;
Franklin;22:00:19;16:12:34;448.1482,-824.326,-824.326;True,Vans,SPEEDO,43,3431,0;;;
Franklin;22:00:24;16:12:34;454.5658,-821.7329,-821.7329;True,Vans,SPEEDO,38,94943,0;;;
Franklin;22:00:29;16:12:35;459.0117,-817.3754,-817.3754;True,Vans,SPEEDO,34,99773,0;;;
Franklin;22:00:34;16:12:35;461.2563,-812.2296,-812.2296;True,Vans,SPEEDO,32,21874,0;;;
Franklin;22:00:40;16:12:36;461.3566,-807.4263,-807.4263;True,Vans,SPEEDO,26,8778,0;;;
Franklin;22:00:45;16:12:36;460.056,-803.2987,-803.2987;True,Vans,SPEEDO,25,64605,1;;;
Franklin;22:00:50;16:12:37;458.3925,-799.2249,-799.2249;True,Vans,SPEEDO,27,25697,1;;;
Franklin;22:00:55;16:12:37;457.1652,-794.4376,-794.4376;True,Vans,SPEEDO,29,6661,0;;;
Franklin;22:01:00;16:12:38;456.6916,-789.7452,-789.7452;True,Vans,SPEEDO,27,20377,0;;;
Franklin;22:01:05;16:12:38;456.3095,-785.3898,-785.3898;True,Vans,SPEEDO,25,40373,1;;;
Franklin;22:01:11;16:12:39;456.3537,-780.2207,-780.2207;True,Vans,SPEEDO,26,47224,1;;;
Franklin;22:01:20;16:12:39;456.4415,-771.6555,-771.6555;True,Vans,SPEEDO,27,59641,1;;;
Franklin;22:01:32;16:12:40;455.7493,-760.2957,-760.2957;True,Vans,SPEEDO,28,38104,1;;;
Franklin;22:01:46;16:12:40;455.813,-747.0271,-747.0271;True,Vans,SPEEDO,29,4486,1;;;
Franklin;22:02:01;16:12:41;456.4155,-732.5204,-732.5204;True,Vans,SPEEDO,30,11504,1;;;
Franklin;22:02:16;16:12:41;456.5984,-717.0347,-717.0347;True,Vans,SPEEDO,30,86806,1;;;
Franklin;22:02:32;16:12:42;456.198,-701.757,-701.757;True,Vans,SPEEDO,22,78385,0;;;
Franklin;22:02:48;16:12:42;455.9405,-694.8219,-694.8219;True,Vans,SPEEDO,7,184836,0;;;
Franklin;22:03:03;16:12:43;455.9048,-693.2001,-693.2001;True,Vans,SPEEDO,0,1237063,0;Oh, shit!;FRANKLIN;FKN0_EGAA
Franklin;22:03:19;16:12:44;455.9154,-693.2352,-693.2352;True,Vans,SPEEDO,0,01661962,0;;;
Franklin;22:03:35;16:12:44;455.9178,-693.2396,-693.2396;True,Vans,SPEEDO,0,006418215,0;Damn, he got fucked up!;LAMAR;FKN0_EGAB
Franklin;22:03:50;16:12:45;455.9181,-693.2384,-693.2384;True,Vans,SPEEDO,0,002797583,0;;;
Franklin;22:04:06;16:12:45;455.9181,-693.2383,-693.2383;True,Vans,SPEEDO,0,00264837,0;;;
Franklin;22:04:21;16:12:46;455.9181,-693.2383,-693.2383;True,Vans,SPEEDO,0,002713722,0;;;
Franklin;22:04:37;16:12:46;457.7249,-690.7211,-690.7211;;;;
Franklin;22:04:53;16:12:47;457.7355,-690.7335,-690.7335;;Man, take Chop, go get that fool!;LAMAR;FKN0_EIAA
Franklin;22:05:08;16:12:47;457.7371,-690.7378,-690.7378;;;;
Franklin;22:05:24;16:12:48;457.7373,-690.7354,-690.7354;;;;
Franklin;22:05:39;16:12:48;457.6407,-690.7148,-690.7148;;;;
Franklin;22:05:56;16:12:49;457.3089,-690.6508,-690.6508;;Nigga, you just sit on your ass there with your feet kicked up!;FRANKLIN;FKN0_EIAB
Franklin;22:06:11;16:12:49;456.9685,-690.5851,-690.5851;;;;
Franklin;22:06:27;16:12:50;456.5852,-690.7949,-690.7949;;;;
Franklin;22:06:42;16:12:50;456.0237,-691.8326,-691.8326;;;;
Franklin;22:06:58;16:12:51;455.9408,-693.3344,-693.3344;;;;
Franklin;22:07:13;16:12:51;456.2239,-694.3155,-694.3155;;;;
Franklin;22:07:29;16:12:52;456.7301,-694.7819,-694.7819;;;;
Franklin;22:07:45;16:12:52;457.2327,-695.2451,-695.2451;;;;
Franklin;22:08:00;16:12:53;457.0369,-695.4156,-695.4156;;Come on, Chop, come on, go bite his ass, get that motherfucker, Chop!;FRANKLIN;FKN0_EJAA
Franklin;22:08:16;16:12:53;456.4772,-695.4355,-695.4355;;;;
Franklin;22:08:32;16:12:54;455.9603,-695.3442,-695.3442;;;;
Franklin;22:08:47;16:12:54;455.7369,-694.381,-694.381;;;;
Franklin;22:09:03;16:12:55;455.5145,-693.4222,-693.4222;;;;
Franklin;22:09:18;16:12:55;455.9989,-691.6764,-691.6764;;;;
Franklin;22:09:34;16:12:56;456.8174,-689.3051,-689.3051;;;;
Franklin;22:09:50;16:12:57;457.5921,-686.7927,-686.7927;;;;
Franklin;22:10:05;16:12:57;458.4995,-683.4596,-683.4596;;Get him!;LAMAR;FKN0_EKAA
Franklin;22:10:21;16:12:58;459.2485,-680.1164,-680.1164;;;;
Franklin;22:10:36;16:12:58;459.4796,-676.6219,-676.6219;;;;
Franklin;22:10:52;16:12:59;459.8206,-673.2344,-673.2344;;;;
Franklin;22:11:08;16:12:59;460.1196,-669.8199,-669.8199;;;;
Franklin;22:11:23;16:13:00;460.3389,-666.4023,-666.4023;;;;
Franklin;22:11:39;16:13:00;460.6016,-662.9763,-662.9763;;;;
Franklin;22:11:54;16:13:01;460.9079,-659.5601,-659.5601;;;;
Franklin;22:12:10;16:13:01;461.3421,-656.1729,-656.1729;;;;
Franklin;22:12:25;16:13:02;461.8398,-652.8196,-652.8196;;;;
Franklin;22:12:28;16:13:03;461.9412,-652.139,-652.139;;;;
Franklin;22:12:44;16:13:04;462.239,-650.1092,-650.1092;;;;
Franklin;22:12:59;16:13:04;462.3733,-649.1937,-649.1937;;;;
Franklin;22:13:15;16:13:05;462.3833,-649.1255,-649.1255;;;;
Franklin;22:13:30;16:13:05;462.385,-649.1133,-649.1133;;;;
Franklin;22:13:46;16:13:06;462.433,-648.7021,-648.7021;;;;
Franklin;22:14:02;16:13:06;462.5896,-647.2541,-647.2541;;;;
Franklin;22:14:17;16:13:07;462.7755,-644.6946,-644.6946;;;;
Franklin;22:14:33;16:13:07;462.8053,-641.3484,-641.3484;;;;
Franklin;22:14:48;16:13:08;462.8706,-637.9559,-637.9559;;;;
Franklin;22:15:04;16:13:08;462.8016,-634.4866,-634.4866;;;;
Franklin;22:15:19;16:13:09;462.8081,-631.2115,-631.2115;;;;
Franklin;22:15:35;16:13:09;462.2995,-628.3236,-628.3236;;;;
Franklin;22:15:50;16:13:10;462.1192,-624.8954,-624.8954;;;;
Franklin;22:16:06;16:13:10;461.7817,-621.5452,-621.5452;;;;
Franklin;22:16:21;16:13:11;461.7037,-618.1423,-618.1423;;There ain't no rabies shots where we taking you to.;FRANKLIN;FKN0_DNAA
Franklin;22:16:37;16:13:12;462.5926,-614.7672,-614.7672;;;;
Franklin;22:16:53;16:13:12;463.8376,-611.6181,-611.6181;;;;
Franklin;22:17:08;16:13:13;465.1661,-608.4761,-608.4761;;;;
Franklin;22:17:24;16:13:13;466.4641,-605.3439,-605.3439;;;;
Franklin;22:17:39;16:13:14;467.7647,-602.1846,-602.1846;;;;
Franklin;22:17:55;16:13:14;469.1926,-599.1761,-599.1761;;;;
Franklin;22:18:10;16:13:15;470.8212,-596.2875,-596.2875;;;;
Franklin;22:18:26;16:13:15;472.6791,-593.6023,-593.6023;;;;
Franklin;22:18:41;16:13:16;474.6932,-590.9915,-590.9915;;;;
Franklin;22:18:57;16:13:16;476.7174,-588.2375,-588.2375;;;;
Franklin;22:19:12;16:13:17;478.9879,-586.1949,-586.1949;;;;
Franklin;22:19:28;16:13:17;480.5317,-585.2669,-585.2669;;;;
Franklin;22:19:43;16:13:18;480.6366,-585.5847,-585.5847;;;;
Franklin;22:19:59;16:13:18;480.7224,-585.402,-585.402;;;;
Franklin;22:20:15;16:13:19;480.8726,-585.0816,-585.0816;;;;
Franklin;22:20:30;16:13:19;481.1947,-584.3743,-584.3743;;;;
Franklin;22:20:46;16:13:20;481.5636,-583.5709,-583.5709;;;;
Franklin;22:21:01;16:13:20;482.8769,-581.4667,-581.4667;;;;
Franklin;22:21:17;16:13:21;484.3593,-578.4864,-578.4864;;Perpetrating motherfuckers!;BALLASOG;FKN0_BEAA
Franklin;22:21:33;16:13:21;485.3707,-575.1944,-575.1944;;;;
Franklin;22:21:48;16:13:22;486.3846,-571.8973,-571.8973;;;;
Franklin;22:22:04;16:13:22;486.5569,-568.7004,-568.7004;;;;
Franklin;22:22:19;16:13:23;486.9056,-565.3142,-565.3142;;;;
Franklin;22:22:35;16:13:23;487.7869,-561.8571,-561.8571;;;;
Franklin;22:22:50;16:13:24;488.509,-559.1583,-559.1583;;;;
Franklin;22:23:06;16:13:24;489.3748,-556.1057,-556.1057;;;;
Franklin;22:23:21;16:13:25;489.8618,-554.5664,-554.5664;;;;
Franklin;22:23:37;16:13:26;490.1656,-553.559,-553.559;;;;
Franklin;22:23:52;16:13:26;490.693,-551.7986,-551.7986;;;;
Franklin;22:24:08;16:13:27;491.7462,-548.5513,-548.5513;;;;
Franklin;22:24:23;16:13:27;492.8121,-545.3245,-545.3245;;;;
Franklin;22:24:39;16:13:28;493.7268,-542.0377,-542.0377;;;;
Franklin;22:24:55;16:13:28;494.492,-538.6895,-538.6895;;;;
Franklin;22:25:10;16:13:29;494.7704,-535.3803,-535.3803;;;;
Franklin;22:25:26;16:13:29;494.9547,-531.9092,-531.9092;;;;
Franklin;22:25:41;16:13:30;495.3138,-528.5815,-528.5815;;;;
Franklin;22:25:57;16:13:30;495.4652,-525.231,-525.231;;;;
Franklin;22:26:13;16:13:31;495.903,-521.9229,-521.9229;;I don't wanna hurt you. You don't wanna get hurt, dog, so be still.;FRANKLIN;FKN0_DNAA
Franklin;22:26:28;16:13:31;494.3923,-518.1665,-518.1665;;;;
Franklin;22:26:44;16:13:32;494.6914,-516.0622,-516.0622;;;;
Franklin;22:26:59;16:13:32;494.9188,-514.4089,-514.4089;;;;
Franklin;22:27:15;16:13:33;495.0378,-512.731,-512.731;;;;
Franklin;22:27:30;16:13:33;495.9212,-510.0441,-510.0441;;;;
Franklin;22:27:46;16:13:34;498.581,-509.1156,-509.1156;;;;
Franklin;22:28:02;16:13:34;501.9616,-508.309,-508.309;;;;
Franklin;22:28:17;16:13:35;505.24,-507.2447,-507.2447;;;;
Franklin;22:28:33;16:13:35;508.5006,-506.4962,-506.4962;;;;
Franklin;22:28:48;16:13:36;511.985,-506.3694,-506.3694;;;;
Franklin;22:29:04;16:13:36;515.2321,-505.7584,-505.7584;;;;
Franklin;22:29:19;16:13:37;518.1472,-504.3903,-504.3903;;;;
Franklin;22:29:35;16:13:37;520.9145,-502.7979,-502.7979;;;;
Franklin;22:29:51;16:13:38;524.3674,-502.7558,-502.7558;;This like sprint training.;FRANKLIN;FKN0_EZAA
Franklin;22:30:06;16:13:39;527.7745,-502.6096,-502.6096;;;;
Franklin;22:30:22;16:13:39;531.1081,-502.7942,-502.7942;;;;
Franklin;22:30:37;16:13:40;534.4061,-503.3026,-503.3026;;;;
Franklin;22:30:53;16:13:40;537.5858,-503.4931,-503.4931;;;;
Franklin;22:31:08;16:13:41;539.2468,-503.4188,-503.4188;;;;
Franklin;22:31:24;16:13:41;539.6959,-503.4213,-503.4213;;;;
Franklin;22:31:40;16:13:42;539.8975,-503.4044,-503.4044;;;;
Franklin;22:31:55;16:13:42;539.935,-503.401,-503.401;;;;
Franklin;22:32:11;16:13:43;540.1221,-503.3963,-503.3963;;;;
Franklin;22:32:26;16:13:43;540.2138,-503.3944,-503.3944;;;;
Franklin;22:32:42;16:13:44;540.8702,-503.528,-503.528;;;;
Franklin;22:32:57;16:13:44;543.7534,-504.0381,-504.0381;;;;
Franklin;22:33:13;16:13:45;547.1232,-504.3835,-504.3835;;;;
Franklin;22:33:28;16:13:45;550.5033,-504.53,-504.53;;;;
Franklin;22:33:44;16:13:46;553.8862,-504.6973,-504.6973;;;;
Franklin;22:34:00;16:13:46;557.2051,-504.815,-504.815;;;;
Franklin;22:34:15;16:13:47;560.2193,-504.9576,-504.9576;;;;
Franklin;22:34:31;16:13:47;562.3829,-505.122,-505.122;;;;
Franklin;22:34:46;16:13:48;562.262,-505.1802,-505.1802;;;;
Franklin;22:35:02;16:13:48;562.2693,-505.1824,-505.1824;;;;
Franklin;22:35:17;16:13:49;562.4846,-505.2031,-505.2031;;;;
Franklin;22:35:33;16:13:49;562.9783,-505.2619,-505.2619;;;;
Franklin;22:35:48;16:13:50;564.7006,-505.346,-505.346;;;;
Franklin;22:36:04;16:13:50;567.696,-505.9165,-505.9165;;;;
Franklin;22:36:20;16:13:51;568.2184,-508.2327,-508.2327;;;;
Franklin;22:36:35;16:13:51;567.7952,-511.5911,-511.5911;;Bite his ass, Chop!;FRANKLIN;FKN0_FFAA
Franklin;22:36:51;16:13:52;567.2245,-514.9579,-514.9579;;;;
Franklin;22:37:06;16:13:53;566.6995,-518.3442,-518.3442;;;;
Franklin;22:37:22;16:13:53;566.1786,-521.7479,-521.7479;;;;
Franklin;22:37:38;16:13:54;565.6566,-525.1611,-525.1611;;;;
Franklin;22:37:53;16:13:54;565.1352,-528.5682,-528.5682;;;;
Franklin;22:38:09;16:13:55;564.6241,-531.9279,-531.9279;;;;
Franklin;22:38:24;16:13:55;562.88,-545.27,-545.27;;;;
Franklin;22:38:40;16:13:56;562.88,-545.27,-545.27;;;;
Franklin;22:38:55;16:13:56;562.88,-545.27,-545.27;;;;
Franklin;22:39:11;16:13:57;562.88,-545.27,-545.27;;;;
Franklin;22:39:27;16:13:57;562.88,-545.27,-545.27;;;;
Franklin;22:39:42;16:13:58;562.88,-545.27,-545.27;;;;
Franklin;22:39:58;16:13:58;562.88,-545.27,-545.27;;;;
Franklin;22:40:13;16:13:59;561.639,-559.801,-559.801;;;;
Franklin;22:40:29;16:13:59;561.1942,-560.2755,-560.2755;;Aw, fuck!;FRANKLIN;FKN0_ANAA
Franklin;22:40:44;16:14:00;559.8932,-561.6625,-561.6625;;;;
Franklin;22:41:00;16:14:00;558.1527,-563.5175,-563.5175;;;;
Franklin;22:41:15;16:14:01;557.077,-564.6647,-564.6647;;;;
Franklin;22:41:31;16:14:01;556.7005,-565.0663,-565.0663;;Come on, boy. Find that fool.;FRANKLIN;FKN0_AOAA
Franklin;22:41:46;16:14:02;556.5901,-565.184,-565.184;;;;
Franklin;22:42:02;16:14:02;555.7208,-566.8105,-566.8105;;;;
Franklin;22:42:17;16:14:03;555.8254,-568.6471,-568.6471;;;;
Franklin;22:42:33;16:14:03;555.7471,-570.178,-570.178;;;;
Franklin;22:42:49;16:14:04;555.8784,-572.4514,-572.4514;;;;
Franklin;22:43:04;16:14:04;555.664,-575.722,-575.722;;;;
Franklin;22:43:20;16:14:05;555.148,-579.2296,-579.2296;;;;
Franklin;22:43:35;16:14:05;554.4338,-582.5018,-582.5018;;;;
Franklin;22:43:51;16:14:06;551.8081,-582.723,-582.723;;;;
Franklin;22:44:06;16:14:07;549.5518,-580.6929,-580.6929;;;;
Franklin;22:44:22;16:14:07;549.2487,-580.4482,-580.4482;;;;
Franklin;22:44:37;16:14:08;549.511,-581.2185,-581.2185;;;;
Franklin;22:44:53;16:14:08;549.9289,-582.6721,-582.6721;;;;
Franklin;22:45:09;16:14:09;549.801,-585.2077,-585.2077;;;;
Franklin;22:45:24;16:14:09;549.6224,-588.7202,-588.7202;;;;
Franklin;22:45:40;16:14:10;549.4048,-592.2654,-592.2654;;;;
Franklin;22:45:55;16:14:10;549.2911,-593.9037,-593.9037;;;;
Franklin;22:46:11;16:14:11;549.2256,-594.8519,-594.8519;;;;
Franklin;22:46:26;16:14:11;549.1724,-595.6432,-595.6432;;Sniff him out, Chop Chop. Lead me to him.;FRANKLIN;FKN0_BNAA
Franklin;22:46:29;16:14:12;549.1648,-595.7868,-595.7868;;;;
Franklin;22:46:31;16:14:12;549.1613,-595.8657,-595.8657;;;;
Franklin;22:46:32;16:14:13;549.158,-595.9446,-595.9446;;;;
Franklin;22:46:34;16:14:13;549.1547,-596.0239,-596.0239;;;;
Franklin;22:46:36;16:14:14;549.1513,-596.1031,-596.1031;;;;
Franklin;22:46:40;16:14:14;549.1343,-596.2415,-596.2415;;;;
Franklin;22:46:56;16:14:15;548.9924,-596.8024,-596.8024;;;;
Franklin;22:47:11;16:14:15;548.7535,-597.5697,-597.5697;;;;
Franklin;22:47:27;16:14:16;548.4648,-598.566,-598.566;;;;
Franklin;22:47:42;16:14:16;548.0919,-599.9016,-599.9016;;;;
Franklin;22:47:58;16:14:17;547.6147,-601.5673,-601.5673;;;;
Franklin;22:48:13;16:14:17;547.1352,-603.1974,-603.1974;;;;
Franklin;22:48:29;16:14:18;546.6461,-604.8529,-604.8529;;;;
Franklin;22:48:45;16:14:18;546.1497,-606.4787,-606.4787;;;;
Franklin;22:49:00;16:14:19;545.8056,-607.6259,-607.6259;;;;
Franklin;22:49:15;16:14:19;545.5633,-608.4434,-608.4434;;;;
Franklin;22:49:31;16:14:20;545.3672,-609.2164,-609.2164;;;;
Franklin;22:49:47;16:14:21;545.1998,-610.0059,-610.0059;;You smell something in the train?;FRANKLIN;FKN0_FBAA
Franklin;22:50:02;16:14:21;545.0751,-610.6086,-610.6086;;;;
Franklin;22:50:18;16:14:22;545.02,-611.0477,-611.0477;;;;
Franklin;22:50:33;16:14:22;544.9214,-611.8334,-611.8334;;;;
Franklin;22:50:49;16:14:23;544.855,-612.6365,-612.6365;;;;
Franklin;22:51:04;16:14:23;544.8227,-613.4099,-613.4099;;;;
Franklin;22:51:20;16:14:24;544.8127,-614.2064,-614.2064;;;;
Franklin;22:51:35;16:14:24;544.8253,-615.0051,-615.0051;;;;
Franklin;22:51:51;16:14:25;544.8469,-615.8177,-615.8177;;;;
Franklin;22:52:06;16:14:25;544.8687,-616.6251,-616.6251;;;;
Franklin;22:52:22;16:14:26;544.9572,-617.5134,-617.5134;;;;
Franklin;22:52:37;16:14:26;545.4418,-619.1898,-619.1898;;;;
Franklin;22:52:53;16:14:27;546.2975,-622.1423,-622.1423;;;;
Franklin;22:53:09;16:14:27;547.0513,-625.0779,-625.0779;;;;
Franklin;22:53:24;16:14:28;547.1783,-626.2122,-626.2122;;;;
Franklin;22:53:40;16:14:28;547.0729,-626.1197,-626.1197;;;;
Franklin;22:53:55;16:14:29;546.8928,-625.4912,-625.4912;;;;
Franklin;22:54:11;16:14:29;546.8029,-625.1213,-625.1213;;;;
Franklin;22:54:27;16:14:30;546.9849,-625.0419,-625.0419;;;;
Franklin;22:54:42;16:14:30;547.2006,-624.9948,-624.9948;;;;
Franklin;22:54:58;16:14:31;547.3601,-625.0226,-625.0226;;;;
Franklin;22:55:13;16:14:31;547.447,-625.0353,-625.0353;;;;
Franklin;22:55:29;16:14:32;547.4078,-625.0032,-625.0032;;;;
Franklin;22:55:44;16:14:32;547.2383,-625.1345,-625.1345;;You in here?;FRANKLIN;FKN0_FCAA
Franklin;22:56:00;16:14:33;547.1639,-625.3939,-625.3939;;;;
Franklin;22:56:15;16:14:33;547.1812,-625.7457,-625.7457;;;;
Franklin;22:56:31;16:14:34;547.1907,-625.7715,-625.7715;;;;
Franklin;22:56:46;16:14:35;547.1846,-625.7794,-625.7794;;;;
Franklin;22:57:02;16:14:35;547.1537,-625.9031,-625.9031;;;;
Franklin;22:57:18;16:14:36;547.2248,-625.8712,-625.8712;;;;
Franklin;22:57:33;16:14:36;547.2966,-625.7841,-625.7841;;I'm gonna find you, motherfucker.;FRANKLIN;FKN0_FAAA
Franklin;22:57:49;16:14:37;547.2921,-625.8115,-625.8115;;;;
Franklin;22:58:04;16:14:37;547.2921,-625.8115,-625.8115;;;;
Franklin;22:58:20;16:14:38;547.2921,-625.8115,-625.8115;;;;
Franklin;22:58:35;16:14:38;547.2892,-625.8525,-625.8525;;Where is he, boy? Come on, where is he?;FRANKLIN;FKN0_DPAA
Franklin;22:58:51;16:14:39;547.2988,-626.2971,-626.2971;;;;
Franklin;22:59:06;16:14:39;546.918,-627.3383,-627.3383;;;;
Franklin;22:59:22;16:14:40;546.4634,-629.4548,-629.4548;;;;
Franklin;22:59:37;16:14:40;546.0743,-632.7166,-632.7166;;;;
Franklin;22:59:53;16:14:41;545.2846,-636.1188,-636.1188;;;;
Franklin;23:00:09;16:14:41;545.5897,-639.5236,-639.5236;;;;
Franklin;23:00:24;16:14:42;545.2662,-641.7079,-641.7079;;;;
Franklin;23:00:39;16:14:42;545.1802,-642.0321,-642.0321;;;;
Franklin;23:00:55;16:14:43;544.9343,-641.6011,-641.6011;;;;
Franklin;23:01:10;16:14:43;544.8071,-641.3761,-641.3761;;;;
Franklin;23:01:26;16:14:44;544.8909,-641.3271,-641.3271;;;;
Franklin;23:01:42;16:14:44;545.1703,-641.2578,-641.2578;;;;
Franklin;23:01:57;16:14:45;545.3152,-641.2682,-641.2682;;;;
Franklin;23:02:13;16:14:45;545.444,-641.3097,-641.3097;;;;
Franklin;23:02:28;16:14:46;545.4403,-641.2975,-641.2975;;;;
Franklin;23:02:44;16:14:46;545.2998,-641.3265,-641.3265;;Put 'em up!;FRANKLIN;FKN0_FCAA
Franklin;23:02:59;16:14:47;545.17,-641.5795,-641.5795;;;;
Franklin;23:03:15;16:14:47;545.1705,-641.986,-641.986;;;;
Franklin;23:03:30;16:14:48;545.2023,-642.049,-642.049;;;;
Franklin;23:03:46;16:14:48;545.1906,-642.0152,-642.0152;;;;
Franklin;23:04:01;16:14:49;545.1692,-642.1552,-642.1552;;;;
Franklin;23:04:17;16:14:50;545.1904,-642.1727,-642.1727;;;;
Franklin;23:04:32;16:14:50;545.2914,-642.0703,-642.0703;;Why ain't Lamar searching this shit?;FRANKLIN;FKN0_FAAA
Franklin;23:04:48;16:14:51;545.2967,-642.0873,-642.0873;;;;
Franklin;23:05:04;16:14:51;545.3229,-642.2619,-642.2619;;;;
Franklin;23:05:19;16:14:52;545.0154,-643.0463,-643.0463;;;;
Franklin;23:05:35;16:14:52;544.731,-643.4147,-643.4147;;;;
Franklin;23:05:50;16:14:53;544.6197,-643.7716,-643.7716;;Eh, Chop. That smell like a Balla?;FRANKLIN;FKN0_DPAA
Franklin;23:06:06;16:14:53;543.8375,-645.0223,-645.0223;;;;
Franklin;23:06:21;16:14:54;542.3717,-647.2536,-647.2536;;;;
Franklin;23:06:37;16:14:54;540.6783,-650.2629,-650.2629;;;;
Franklin;23:06:53;16:14:55;539.0727,-653.3884,-653.3884;;;;
Franklin;23:07:08;16:14:55;537.3039,-656.4112,-656.4112;;;;
Franklin;23:07:24;16:14:56;535.7326,-659.5958,-659.5958;;;;
Franklin;23:07:39;16:14:56;534.4448,-662.8429,-662.8429;;;;
Franklin;23:07:55;16:14:57;533.3152,-666.1985,-666.1985;;;;
Franklin;23:08:11;16:14:57;532.1813,-669.5628,-669.5628;;;;
Franklin;23:08:26;16:14:58;530.966,-672.9096,-672.9096;;;;
Franklin;23:08:42;16:14:58;529.6541,-676.2012,-676.2012;;;;
Franklin;23:08:57;16:14:59;528.5876,-678.9493,-678.9493;;;;
Franklin;23:09:13;16:14:59;528.449,-680.0987,-680.0987;;;;
Franklin;23:09:29;16:15:00;528.5677,-680.2559,-680.2559;;;;
Franklin;23:09:44;16:15:00;529.3054,-679.8602,-679.8602;;;;
Franklin;23:10:00;16:15:01;529.4194,-679.454,-679.454;;;;
Franklin;23:10:15;16:15:01;529.5731,-678.6864,-678.6864;;;;
Franklin;23:10:31;16:15:02;529.7859,-677.736,-677.736;;;;
Franklin;23:10:46;16:15:03;530.2852,-676.0616,-676.0616;;;;
Franklin;23:11:02;16:15:03;530.968,-673.8004,-673.8004;;Come on, Chop. Come on boy.;FRANKLIN;FKN0_DPAA
Franklin;23:11:17;16:15:04;531.6871,-671.5181,-671.5181;;;;
Franklin;23:11:33;16:15:04;532.3992,-669.2146,-669.2146;;;;
Franklin;23:11:49;16:15:05;533.0176,-667.3661,-667.3661;;;;
Franklin;23:12:04;16:15:05;533.3583,-666.1758,-666.1758;;;;
Franklin;23:12:20;16:15:06;533.6099,-665.3145,-665.3145;;;;
Franklin;23:12:35;16:15:06;533.8636,-664.4719,-664.4719;;;;
Franklin;23:12:51;16:15:07;534.0636,-663.817,-663.817;;;;
Franklin;23:13:06;16:15:07;534.1091,-663.6572,-663.6572;;;;
Franklin;23:13:22;16:15:08;534.1091,-663.6572,-663.6572;;;;
Franklin;23:13:37;16:15:08;534.1091,-663.6572,-663.6572;;;;
Franklin;23:13:53;16:15:09;534.106,-663.6569,-663.6569;;;;
Franklin;23:14:09;16:15:09;534.1053,-663.6573,-663.6573;;;;
Franklin;23:14:24;16:15:10;534.1038,-663.6566,-663.6566;;;;
Franklin;23:14:40;16:15:10;534.0983,-663.7455,-663.7455;;;;
Franklin;23:14:55;16:15:11;534.1121,-663.7753,-663.7753;;;;
Franklin;23:15:11;16:15:11;534.1259,-663.7697,-663.7697;;;;
Franklin;23:15:26;16:15:12;534.1329,-663.7678,-663.7678;;;;
Franklin;23:15:42;16:15:12;534.1325,-663.7602,-663.7602;;;;
Franklin;23:15:57;16:15:13;534.1328,-663.7561,-663.7561;;;;
Franklin;23:16:13;16:15:13;534.1329,-663.7543,-663.7543;;;;
Franklin;23:16:28;16:15:14;534.1329,-663.7527,-663.7527;;;;
Franklin;23:16:44;16:15:14;534.1329,-663.7527,-663.7527;;;;
Franklin;23:16:59;16:15:15;534.1329,-663.7527,-663.7527;;;;
Franklin;23:17:15;16:15:15;534.1329,-663.7527,-663.7527;;;;
Franklin;23:17:30;16:15:16;534.1329,-663.7527,-663.7527;;;;
Franklin;23:17:46;16:15:17;534.1171,-663.7693,-663.7693;;;;
Franklin;23:18:02;16:15:17;533.322,-664.7178,-664.7178;;;;
Franklin;23:18:17;16:15:18;531.849,-667.793,-667.793;;;;
Franklin;23:18:33;16:15:18;531.138,-671.2,-671.2;;;;
Franklin;23:18:48;16:15:19;529.8449,-674.5688,-674.5688;;;;
Franklin;23:19:04;16:15:19;528.7957,-677.7954,-677.7954;;;;
Franklin;23:19:19;16:15:20;528.508,-679.5975,-679.5975;;Hey, where you going, boy?;FRANKLIN;FKN0_BTAA
Franklin;23:19:35;16:15:20;528.4232,-680.3203,-680.3203;;;;
Franklin;23:19:51;16:15:21;528.4568,-680.3024,-680.3024;;;;
Franklin;23:20:06;16:15:21;528.9698,-679.88,-679.88;;;;
Franklin;23:20:22;16:15:22;530.1528,-678.3011,-678.3011;;;;
Franklin;23:20:38;16:15:22;530.7976,-675.3632,-675.3632;;That don't look like no Ballas OG to me.;FRANKLIN;FKN0_BPAA
Franklin;23:20:53;16:15:23;530.3788,-671.8069,-671.8069;;;;
Franklin;23:21:09;16:15:23;528.4832,-669.5989,-669.5989;;;;
Franklin;23:21:24;16:15:24;525.4446,-668.0839,-668.0839;;;;
Franklin;23:21:40;16:15:24;522.5775,-666.5618,-666.5618;;;;
Franklin;23:21:56;16:15:25;521.7833,-666.2598,-666.2598;;;;
Franklin;23:22:11;16:15:25;521.7592,-666.2454,-666.2454;;Heel!;FRANKLIN;FKN0_CEAA
Franklin;23:22:27;16:15:26;522.0645,-665.6354,-665.6354;;;;
Franklin;23:22:42;16:15:26;522.7362,-664.5884,-664.5884;;;;
Franklin;23:22:58;16:15:27;524.5796,-664.3879,-664.3879;;;;
Franklin;23:23:14;16:15:27;525.1757,-666.6687,-666.6687;;;;
Franklin;23:23:29;16:15:28;524.8912,-668.0884,-668.0884;;;;
Franklin;23:23:45;16:15:28;524.6507,-668.5405,-668.5405;;;;
Franklin;23:24:01;16:15:29;524.1832,-670.0293,-670.0293;;;;
Franklin;23:24:16;16:15:30;523.3365,-672.6671,-672.6671;;;;
Franklin;23:24:32;16:15:30;522.6429,-674.7625,-674.7625;;;;
Franklin;23:24:48;16:15:31;522.7272,-675.0569,-675.0569;;Chop! No!;FRANKLIN;FKN0_CEAA
Franklin;23:25:03;16:15:31;523.5323,-675.8802,-675.8802;;;;
Franklin;23:25:19;16:15:32;524.9662,-677.8469,-677.8469;;;;
Franklin;23:25:34;16:15:32;524.7745,-678.9721,-678.9721;;;;
Franklin;23:25:50;16:15:33;524.1259,-679.1988,-679.1988;;;;
Franklin;23:26:05;16:15:33;522.3207,-679.2814,-679.2814;;;;
Franklin;23:26:21;16:15:34;520.3733,-677.4117,-677.4117;;;;
Franklin;23:26:37;16:15:34;518.3468,-674.5692,-674.5692;;;;
Franklin;23:26:52;16:15:35;516.2354,-671.6578,-671.6578;;;;
Franklin;23:27:08;16:15:35;514.3794,-668.63,-668.63;;;;
Franklin;23:27:23;16:15:36;512.5411,-665.6174,-665.6174;;;;
Franklin;23:27:39;16:15:36;510.6867,-662.598,-662.598;;Chop, man, you don't gotta do that.;FRANKLIN;FKN0_BQAA
Franklin;23:27:55;16:15:37;508.7934,-659.5627,-659.5627;;;;
Franklin;23:28:10;16:15:37;506.8267,-656.5849,-656.5849;;;;
Franklin;23:28:26;16:15:38;505.0685,-653.5961,-653.5961;;;;
Franklin;23:28:41;16:15:38;503.5992,-650.3469,-650.3469;;;;
Franklin;23:28:57;16:15:39;502.9043,-649.0377,-649.0377;;Shit, Chop. Man, that's a dude, dog. Your little nasty ass ain't picky, is you?;FRANKLIN;FKN0_BFAA
Franklin;23:29:13;16:15:39;502.847,-648.6154,-648.6154;;;;
Franklin;23:29:28;16:15:40;502.8999,-648.5845,-648.5845;;;;
Franklin;23:29:44;16:15:40;502.974,-648.5841,-648.5841;;;;
Franklin;23:29:59;16:15:41;502.9751,-648.5827,-648.5827;;;;
Franklin;23:30:15;16:15:41;502.9906,-648.5817,-648.5817;;;;
Franklin;23:30:31;16:15:42;503.0063,-648.5865,-648.5865;;;;
Franklin;23:30:46;16:15:43;503.0063,-648.5865,-648.5865;;;;
Franklin;23:31:02;16:15:43;503.0063,-648.5865,-648.5865;;;;
Franklin;23:31:17;16:15:44;503.0063,-648.5865,-648.5865;;;;
Franklin;23:31:33;16:15:44;502.9942,-648.5975,-648.5975;;;;
Franklin;23:31:49;16:15:45;502.094,-649.6361,-649.6361;;Come on, Chop. Get off there, man. We got shit to do.;FRANKLIN;FKN0_CFAA
Franklin;23:32:04;16:15:45;503.8194,-651.3776,-651.3776;;;;
Franklin;23:32:20;16:15:46;506.798,-652.5113,-652.5113;;;;
Franklin;23:32:35;16:15:46;507.924,-652.9554,-652.9554;;;;
Franklin;23:32:51;16:15:47;508.0843,-653.0187,-653.0187;;;;
Franklin;23:33:07;16:15:47;508.0278,-653.1527,-653.1527;;;;
Franklin;23:33:22;16:15:48;508.0022,-653.866,-653.866;;;;
Franklin;23:33:38;16:15:48;507.962,-654.3943,-654.3943;;;;
Franklin;23:33:53;16:15:49;507.9208,-654.5292,-654.5292;;;;
Franklin;23:34:09;16:15:49;507.9175,-654.5372,-654.5372;;;;
Franklin;23:34:24;16:15:50;507.9175,-654.5372,-654.5372;;;;
Franklin;23:34:40;16:15:50;507.7048,-654.4463,-654.4463;;;;
Franklin;23:34:56;16:15:51;507.1757,-653.9217,-653.9217;;;;
Franklin;23:35:11;16:15:51;506.4482,-652.6658,-652.6658;;;;
Franklin;23:35:27;16:15:52;504.7267,-650.6353,-650.6353;;;;
Franklin;23:35:42;16:15:52;503.0669,-649.1669,-649.1669;;Not the time Chop. We got to go.;FRANKLIN;FKN0_BVAA
Franklin;23:35:58;16:15:53;503.0132,-649.1937,-649.1937;;;;
Franklin;23:36:13;16:15:53;502.9312,-649.2344,-649.2344;;;;
Franklin;23:36:29;16:15:54;502.8311,-649.2842,-649.2842;;;;
Franklin;23:36:45;16:15:54;502.7225,-649.3383,-649.3383;;;;
Franklin;23:37:00;16:15:55;502.6161,-649.3912,-649.3912;;;;
Franklin;23:37:16;16:15:56;502.4346,-649.4249,-649.4249;;;;
Franklin;23:37:31;16:15:56;502.2199,-649.458,-649.458;;;;
Franklin;23:37:47;16:15:57;502.0741,-649.4804,-649.4804;;;;
Franklin;23:38:03;16:15:57;502.1835,-649.4889,-649.4889;;;;
Franklin;23:38:18;16:15:58;503.0187,-649.5335,-649.5335;;Come on, you horny little motherfucker. You need boot camp or some shit.;FRANKLIN;FKN0_AKAA
Franklin;23:38:34;16:15:58;504.8867,-649.8204,-649.8204;;;;
Franklin;23:38:49;16:15:59;507.8918,-650.6481,-650.6481;;;;
Franklin;23:39:05;16:15:59;511.2711,-651.4761,-651.4761;;;;
Franklin;23:39:20;16:16:00;514.2422,-652.9286,-652.9286;;;;
Franklin;23:39:36;16:16:00;516.7843,-655.5204,-655.5204;;;;
Franklin;23:39:52;16:16:01;519.2803,-658.0387,-658.0387;;;;
Franklin;23:40:07;16:16:01;521.4147,-660.7761,-660.7761;;;;
Franklin;23:40:23;16:16:02;522.6954,-664.05,-664.05;;Go boy! Where that OG at?;FRANKLIN;FKN0_BUAA
Franklin;23:40:38;16:16:02;523.6772,-667.4084,-667.4084;;;;
Franklin;23:40:54;16:16:03;525.1619,-668.6555,-668.6555;;;;
Franklin;23:41:09;16:16:03;526.5469,-668.4404,-668.4404;;;;
Franklin;23:41:25;16:16:04;528.4431,-668.5065,-668.5065;;;;
Franklin;23:41:41;16:16:04;531.3004,-668.4713,-668.4713;;;;
Franklin;23:41:56;16:16:05;532.6057,-670.778,-670.778;;;;
Franklin;23:42:12;16:16:05;532.2594,-673.542,-673.542;;;;
Franklin;23:42:28;16:16:06;531.8203,-675.3252,-675.3252;;There you go.;FRANKLIN;FKN0_DPAA
Franklin;23:42:43;16:16:06;531.0703,-676.6523,-676.6523;;;;
Franklin;23:42:59;16:16:07;529.7661,-677.9886,-677.9886;;;;
Franklin;23:43:14;16:16:07;529.2815,-678.4707,-678.4707;;;;
Franklin;23:43:30;16:16:08;529.2018,-678.7531,-678.7531;;;;
Franklin;23:43:45;16:16:08;529.0958,-679.4271,-679.4271;;;;
Franklin;23:44:01;16:16:09;528.9578,-680.3295,-680.3295;;;;
Franklin;23:44:17;16:16:10;528.8897,-680.7665,-680.7665;;;;
Franklin;23:44:32;16:16:10;528.7028,-680.8312,-680.8312;;;;
Franklin;23:44:48;16:16:11;528.4856,-680.8818,-680.8818;;;;
Franklin;23:45:03;16:16:11;528.3259,-680.8566,-680.8566;;;;
Franklin;23:45:19;16:16:12;528.2354,-680.8423,-680.8423;;;;
Franklin;23:45:34;16:16:12;528.2736,-680.8735,-680.8735;;;;
Franklin;23:45:50;16:16:13;528.4407,-680.746,-680.746;;;;
Franklin;23:46:05;16:16:13;528.5162,-680.4885,-680.4885;;Yo' ass caught!;FRANKLIN;FKN0_FCAA
Franklin;23:46:21;16:16:14;528.4982,-680.1309,-680.1309;;;;
Franklin;23:46:36;16:16:14;528.4867,-680.1036,-680.1036;;;;
Franklin;23:46:52;16:16:15;528.4933,-680.1003,-680.1003;;;;
Franklin;23:47:07;16:16:15;528.5226,-679.9739,-679.9739;;;;
Franklin;23:47:23;16:16:16;528.4568,-680.0008,-680.0008;;;;
Franklin;23:47:38;16:16:16;528.3815,-680.0924,-680.0924;;You scared of dogs, nigga?;FRANKLIN;FKN0_ELAA
Franklin;23:47:54;16:16:17;528.4123,-680.0642,-680.0642;;;;
Franklin;23:48:10;16:16:17;528.4547,-680.4561,-680.4561;;;;
Franklin;23:48:25;16:16:18;528.8052,-680.7487,-680.7487;;Oh, shit!;BALLASOG;FKN0_ELAB
Franklin;23:48:41;16:16:18;528.8634,-680.8487,-680.8487;;;;
Franklin;23:48:56;16:16:19;528.8254,-680.8699,-680.8699;;;;
Franklin;23:49:12;16:16:19;528.7833,-680.8399,-680.8399;;Fuck you and your stupid dog.;BALLASOG;FKN0_ALAA
Franklin;23:49:27;16:16:20;528.303,-680.4669,-680.4669;;;;
Franklin;23:49:43;16:16:20;527.9965,-680.2231,-680.2231;;;;
Franklin;23:49:58;16:16:21;527.4589,-680.1635,-680.1635;;;;
Franklin;23:50:14;16:16:21;525.6747,-679.3959,-679.3959;;Don't hump him, bite his ass, Chop.;FRANKLIN;FKN0_BOAA
Franklin;23:50:29;16:16:22;522.3849,-678.7406,-678.7406;;;;
Franklin;23:50:45;16:16:22;518.9207,-678.2053,-678.2053;;;;
Franklin;23:51:01;16:16:23;515.7185,-677.0201,-677.0201;;;;
Franklin;23:51:16;16:16:24;513.6144,-674.4483,-674.4483;;;;
Franklin;23:51:32;16:16:24;512.267,-671.2953,-671.2953;;Get his ass.;FRANKLIN;FKN0_EMAA
Franklin;23:51:47;16:16:25;511.3741,-668.0516,-668.0516;;;;
Franklin;23:52:03;16:16:25;510.9498,-664.6979,-664.6979;;;;
Franklin;23:52:19;16:16:26;510.9392,-662.5043,-662.5043;;;;
Franklin;23:52:34;16:16:26;510.9581,-661.1313,-661.1313;;;;
Franklin;23:52:49;16:16:27;510.9784,-659.6093,-659.6093;;;;
Franklin;23:53:05;16:16:27;511.0062,-656.8645,-656.8645;;Get off me!;BALLASOG;FKN0_AMAA
Franklin;23:53:18;16:16:28;516.0749,-652.7633,-652.7633;;;;
Franklin;23:53:18;16:16:28;516.056,-650.6416,-650.6416;;;;
Franklin;23:53:18;16:16:29;516.1027,-648.6266,-648.6266;;;;
Franklin;23:53:18;16:16:29;516.2236,-647.0311,-647.0311;;;;
Franklin;23:53:18;16:16:30;516.7454,-646.6787,-646.6787;;That bitch just fucking bit me, man!;Cutscene;Cutscene
Franklin;23:53:18;16:16:30;516.7302,-646.716,-646.716;;;;
Franklin;23:53:18;16:16:31;516.467,-646.9191,-646.9191;;;;
Franklin;23:53:18;16:16:31;516.3049,-646.7485,-646.7485;;;;
Franklin;23:53:18;16:16:32;516.1851,-646.5575,-646.5575;;Shut the fuck up.;Cutscene;Cutscene
Franklin;23:53:18;16:16:32;515.8023,-646.5574,-646.5574;;Hey, man, get over here!;Cutscene;Cutscene
Franklin;23:53:18;16:16:33;515.3287,-646.3756,-646.3756;;;;
Franklin;23:53:18;16:16:33;514.9161,-646.6252,-646.6252;;;;
Franklin;23:53:18;16:16:34;514.1232,-646.9662,-646.9662;;Oh, shit, what the fuck, man, I ain't got no beef with the CGF.;Cutscene;Cutscene
Franklin;23:53:18;16:16:34;513.9682,-647.3915,-647.3915;;;;
Franklin;23:53:18;16:16:35;513.9115,-647.5229,-647.5229;;;;
Franklin;23:53:18;16:16:35;513.8562,-647.6779,-647.6779;;;;
Franklin;23:53:18;16:16:36;513.8875,-647.6305,-647.6305;;;;
Franklin;23:53:18;16:16:36;513.9022,-647.6957,-647.6957;;;;
Franklin;23:53:18;16:16:37;513.8931,-647.7135,-647.7135;;;;
Franklin;23:53:18;16:16:38;513.9013,-647.6401,-647.6401;;'Cause maybe we doing our own thing.;Cutscene;Cutscene
Franklin;23:53:18;16:16:38;513.8601,-647.6423,-647.6423;;;;
Franklin;23:53:18;16:16:39;513.7676,-647.821,-647.821;;;;
Franklin;23:53:18;16:16:39;513.6932,-647.871,-647.871;;;;
Franklin;23:53:18;16:16:40;513.5875,-648.3117,-648.3117;;;;
Franklin;23:53:18;16:16:40;513.4042,-648.8872,-648.8872;;;;
Franklin;23:53:18;16:16:41;513.282,-649.189,-649.189;;;;
Franklin;23:53:18;16:16:41;513.1114,-649.7576,-649.7576;;Shit!;Cutscene;Cutscene
Franklin;23:53:18;16:16:42;513.0458,-650.293,-650.293;;Hey, Lamar Davis, is that you, nigga?;Cutscene;Cutscene
Franklin;23:53:18;16:16:42;513.0192,-650.2956,-650.2956;;;;
Franklin;23:53:18;16:16:43;512.8741,-650.2816,-650.2816;;;;
Franklin;23:53:18;16:16:43;512.6748,-650.1103,-650.1103;;;;
Franklin;23:53:18;16:16:44;512.342,-650.3066,-650.3066;;Nigga, shut the fuck up, just get in.;Cutscene;Cutscene
Franklin;23:53:18;16:16:44;512.1746,-650.3749,-650.3749;;;;
Franklin;23:53:18;16:16:45;512.148,-650.4075,-650.4075;;;;
Franklin;23:53:18;16:16:45;512.2504,-650.25,-650.25;;Yeah that's you, nigga...;Cutscene;Cutscene
Franklin;23:53:18;16:16:46;512.194,-650.2192,-650.2192;;;;
Franklin;23:53:18;16:16:46;511.8886,-650.4191,-650.4191;;;;
Franklin;23:53:18;16:16:47;511.6965,-650.5519,-650.5519;;;;
Franklin;23:53:18;16:16:47;511.7284,-650.6573,-650.6573;;;;
Franklin;23:53:18;16:16:48;511.8902,-650.7574,-650.7574;;;;
Franklin;23:53:18;16:16:48;511.8441,-650.8924,-650.8924;;;;
Franklin;23:53:18;16:16:49;511.714,-650.6939,-650.6939;;;;
Franklin;23:53:18;16:16:49;511.6935,-650.6628,-650.6628;;;;
Franklin;23:53:18;16:16:50;511.6027,-650.644,-650.644;;;;
Franklin;23:53:18;16:16:50;511.6241,-650.39,-650.39;;;;
Franklin;23:53:18;16:16:51;511.5818,-650.4155,-650.4155;;;;
Franklin;23:53:18;16:16:51;511.6381,-650.4636,-650.4636;;;;
Franklin;23:53:18;16:16:52;511.7687,-650.6355,-650.6355;;Watch him, boy.;Cutscene;Cutscene
Franklin;23:53:18;16:16:53;512.0187,-650.355,-650.355;;;;
Franklin;23:53:18;16:16:53;512.0936,-650.2414,-650.2414;;;;
Franklin;23:53:18;16:16:54;512.196,-650.381,-650.381;;;;
Franklin;23:53:18;16:16:54;512.9598,-650.8709,-650.8709;;Come on!;Cutscene;Cutscene
Franklin;23:53:18;16:16:55;513.602,-651.8472,-651.8472;;Fuck!;Cutscene;Cutscene
Franklin;23:53:18;16:16:55;513.5265,-653.2944,-653.2944;;;;
Franklin;23:53:18;16:16:56;513.2104,-654.0448,-654.0448;;;;
Franklin;23:53:18;16:16:56;513.1796,-654.3746,-654.3746;;;;
Franklin;23:53:18;16:16:57;512.7416,-654.7178,-654.7178;;;;
Franklin;23:53:18;16:16:57;512.4465,-654.6616,-654.6616;;;;
Franklin;23:53:18;16:16:58;512.3475,-654.6387,-654.6387;;;;
Franklin;23:53:18;16:16:58;512.2255,-654.5702,-654.5702;;;;
Franklin;23:53:18;16:16:59;511.7626,-654.0107,-654.0107;True,Vans,SPEEDO,0,008687041,0;;;
Franklin;23:53:18;16:16:59;511.7623,-654.0112,-654.0112;True,Vans,SPEEDO,0,002286718,0;;;
Franklin;23:53:32;16:17:00;511.7469,-654.2286,-654.2286;True,Vans,SPEEDO,1,008848,1;Hey, if you don't train Chop, he goin' be a lost cause like you.;FRANKLIN;FKN0_FXAA
Franklin;23:53:47;16:17:00;511.69,-655.1529,-655.1529;True,Vans,SPEEDO,2,59855,1;;;
Franklin;23:54:03;16:17:01;511.5646,-657.0157,-657.0157;True,Vans,SPEEDO,4,695283,1;;;
Franklin;23:54:18;16:17:01;511.0735,-660.1805,-660.1805;True,Vans,SPEEDO,7,69945,1;;;
Franklin;23:54:34;16:17:02;509.5898,-664.8841,-664.8841;True,Vans,SPEEDO,10,21245,0;;;
Franklin;23:54:50;16:17:02;506.7878,-668.8322,-668.8322;True,Vans,SPEEDO,9,34134,1;;;
Franklin;23:55:05;16:17:03;502.2846,-671.7275,-671.7275;True,Vans,SPEEDO,10,95078,1;;;
Franklin;23:55:21;16:17:03;496.3235,-673.597,-673.597;True,Vans,SPEEDO,12,9869,1;;;
Franklin;23:55:36;16:17:04;489.2122,-674.3605,-674.3605;True,Vans,SPEEDO,14,75848,1;We gonna stash this dude at my spot.;LAMAR;FKN0_AUAA
Franklin;23:55:52;16:17:04;481.1866,-674.1589,-674.1589;True,Vans,SPEEDO,16,21161,1;;;
Franklin;23:56:07;16:17:05;472.5877,-673.9627,-673.9627;True,Vans,SPEEDO,17,41919,1;;;
Franklin;23:56:23;16:17:06;463.1623,-674.2592,-674.2592;True,Vans,SPEEDO,18,68514,1;;;
Franklin;23:56:39;16:17:06;453.2368,-674.631,-674.631;True,Vans,SPEEDO,19,59737,1;;;
Franklin;23:56:54;16:17:07;443.5659,-674.4512,-674.4512;True,Vans,SPEEDO,17,61378,0;;;
Franklin;23:57:10;16:17:07;434.0681,-674.1365,-674.1365;True,Vans,SPEEDO,18,78708,0;;;
Franklin;23:57:25;16:17:08;424.7985,-673.7531,-673.7531;True,Vans,SPEEDO,17,10241,0;;;
Franklin;23:57:41;16:17:08;416.2747,-673.5222,-673.5222;True,Vans,SPEEDO,15,30117,0;;;
Franklin;23:57:57;16:17:09;408.7982,-674.1653,-674.1653;True,Vans,SPEEDO,13,97145,1;;;
Franklin;23:58:12;16:17:09;401.5425,-674.2617,-674.2617;True,Vans,SPEEDO,12,79352,0;;;
Franklin;23:58:28;16:17:10;396.3858,-674.393,-674.393;True,Vans,SPEEDO,8,332505,0;;;
Franklin;23:58:44;16:17:10;392.6097,-675.0737,-675.0737;True,Vans,SPEEDO,6,384836,0;;;
Franklin;23:58:59;16:17:11;389.7814,-674.8297,-674.8297;True,Vans,SPEEDO,4,887287,1;;;
Franklin;23:59:15;16:17:11;386.8712,-674.3004,-674.3004;True,Vans,SPEEDO,7,018383,1;;;
Franklin;23:59:30;16:17:12;382.523,-673.4675,-673.4675;True,Vans,SPEEDO,10,02976,1;;;
Franklin;23:59:46;16:17:12;377.3379,-672.5033,-672.5033;True,Vans,SPEEDO,9,794021,1;;;
Franklin;00:00:01;16:17:13;371.6642,-671.9332,-671.9332;True,Vans,SPEEDO,12,17149,1;;;
Franklin;00:00:17;16:17:13;364.6569,-672.2117,-672.2117;True,Vans,SPEEDO,15,15315,1;;;
Franklin;00:00:33;16:17:14;356.5188,-674.1534,-674.1534;True,Vans,SPEEDO,16,57995,1;We going back to your crib? I been there when you was in diapers.;BALLASOG;FKN0_AVAA
Franklin;00:00:48;16:17:14;349.6362,-679.1702,-679.1702;True,Vans,SPEEDO,16,68715,1;;;
Franklin;00:01:04;16:17:15;345.5202,-686.7399,-686.7399;True,Vans,SPEEDO,16,84427,1;;;
Franklin;00:01:19;16:17:15;342.9378,-695.5519,-695.5519;True,Vans,SPEEDO,18,65952,1;;;
Franklin;00:01:35;16:17:16;339.3028,-705.0196,-705.0196;True,Vans,SPEEDO,20,21447,1;;;
Franklin;00:01:50;16:17:16;335.7102,-715.2126,-715.2126;True,Vans,SPEEDO,21,25659,1;;;
Franklin;00:02:06;16:17:17;332.0342,-725.897,-725.897;True,Vans,SPEEDO,21,27744,0;Shut up, man. You ain't recognize me.;LAMAR;FKN0_AVAB
Franklin;00:02:22;16:17:17;328.5208,-736.1033,-736.1033;True,Vans,SPEEDO,21,32881,1;;;
Franklin;00:02:37;16:17:18;324.8674,-746.744,-746.744;True,Vans,SPEEDO,22,24969,1;;;
Franklin;00:02:53;16:17:19;321.0272,-758.0049,-758.0049;True,Vans,SPEEDO,23,27448,1;;;
Franklin;00:03:08;16:17:19;317.5824,-769.8934,-769.8934;True,Vans,SPEEDO,24,05916,1;;;
Franklin;00:03:24;16:17:20;314.5415,-782.3337,-782.3337;True,Vans,SPEEDO,24,97113,1;I knew it was you before you took that flag off. You always been dumb, Lamar.;BALLASOG;FKN0_AVAC
Franklin;00:03:40;16:17:20;310.9235,-795.0547,-795.0547;True,Vans,SPEEDO,25,80381,1;;;
Franklin;00:03:55;16:17:21;306.4015,-807.8417,-807.8417;True,Vans,SPEEDO,26,59993,1;;;
Franklin;00:04:11;16:17:21;301.5044,-820.9381,-820.9381;True,Vans,SPEEDO,27,28277,1;;;
Franklin;00:04:26;16:17:22;296.5284,-834.2675,-834.2675;True,Vans,SPEEDO,27,60313,0;;;
Franklin;00:04:42;16:17:22;291.6776,-847.3127,-847.3127;True,Vans,SPEEDO,26,37702,1;;;
Franklin;00:04:57;16:17:23;287.4973,-859.8222,-859.8222;True,Vans,SPEEDO,25,30426,1;;;
Franklin;00:05:13;16:17:23;283.5473,-872.2729,-872.2729;True,Vans,SPEEDO,24,60936,0;;;
Franklin;00:05:28;16:17:24;278.4421,-883.4381,-883.4381;True,Vans,SPEEDO,22,80433,0;;;
Franklin;00:05:44;16:17:24;273.2364,-893.5832,-893.5832;True,Vans,SPEEDO,21,14541,0;Really? Well, I guess that mean we gonna have to shoot yo' ass when we pick up our forty stacks.;LAMAR;FKN0_AVAD
Franklin;00:06:00;16:17:25;268.4147,-903.3075,-903.3075;True,Vans,SPEEDO,21,09239,1;;;
Franklin;00:06:15;16:17:25;263.9662,-913.4167,-913.4167;True,Vans,SPEEDO,21,58066,0;;;
Franklin;00:06:31;16:17:26;259.8097,-923.095,-923.095;True,Vans,SPEEDO,17,24564,0;;;
Franklin;00:06:46;16:17:26;257.2834,-929.5609,-929.5609;True,Vans,SPEEDO,9,330482,0;;;
Franklin;00:07:02;16:17:27;256.3643,-932.1654,-932.1654;True,Vans,SPEEDO,1,849299,0;;;
Franklin;00:07:18;16:17:27;256.3793,-932.3181,-932.3181;True,Vans,SPEEDO,0,371995,-1;;;
Franklin;00:07:33;16:17:28;256.5682,-931.8359,-931.8359;True,Vans,SPEEDO,1,686775,-1;;;
Franklin;00:07:49;16:17:28;256.8093,-930.6869,-930.6869;True,Vans,SPEEDO,2,128676,0;;;
Franklin;00:08:04;16:17:29;256.99,-930.2773,-930.2773;True,Vans,SPEEDO,0,1652378,0;You ain't gonna pick up shit. Feds gonna be on you before you can even move, nigga.;BALLASOG;FKN0_AVAE
Franklin;00:08:20;16:17:29;257.0244,-930.2982,-930.2982;True,Vans,SPEEDO,0,04355326,0;;;
Franklin;00:08:35;16:17:30;257.0273,-930.2986,-930.2986;True,Vans,SPEEDO,0,0;;;
Franklin;00:08:51;16:17:30;257.0273,-930.2986,-930.2986;True,Vans,SPEEDO,0,0;;;
Franklin;00:09:06;16:17:31;257.0273,-930.2986,-930.2986;True,Vans,SPEEDO,0,0;;;
Franklin;00:09:22;16:17:31;257.0273,-930.2986,-930.2986;True,Vans,SPEEDO,0,0;;;
Franklin;00:09:38;16:17:32;257.0273,-930.2986,-930.2986;True,Vans,SPEEDO,0,0;;;
Franklin;00:09:53;16:17:33;257.0273,-930.2986,-930.2986;True,Vans,SPEEDO,0,0;;;
Franklin;00:10:09;16:17:33;257.0273,-930.2986,-930.2986;True,Vans,SPEEDO,0,0;;;
Franklin;00:10:24;16:17:34;257.0273,-930.2986,-930.2986;True,Vans,SPEEDO,0,0;Be quiet. I gotta make a call.;LAMAR;FKN0_AWAA
Franklin;00:10:40;16:17:34;257.0273,-930.2986,-930.2986;True,Vans,SPEEDO,0,0;;;
Franklin;00:10:56;16:17:35;257.0273,-930.2986,-930.2986;True,Vans,SPEEDO,0,0;;;
Franklin;00:11:11;16:17:35;257.0273,-930.2986,-930.2986;True,Vans,SPEEDO,0,0;;;
Franklin;00:11:27;16:17:36;257.0273,-930.2986,-930.2986;True,Vans,SPEEDO,0,0;;;
Franklin;00:11:42;16:17:36;257.0273,-930.2986,-930.2986;True,Vans,SPEEDO,0,0;;;
Franklin;00:11:58;16:17:37;256.978,-930.4457,-930.4457;True,Vans,SPEEDO,0,8315153,1;;;
Franklin;00:12:13;16:17:37;256.6818,-931.1754,-931.1754;True,Vans,SPEEDO,2,281138,1;;;
Franklin;00:12:29;16:17:38;256.0334,-932.7352,-932.7352;True,Vans,SPEEDO,4,331121,1;;;
Franklin;00:12:45;16:17:38;254.8926,-935.5145,-935.5145;True,Vans,SPEEDO,7,330106,1;;;
Franklin;00:13:00;16:17:39;253.0795,-940.0262,-940.0262;True,Vans,SPEEDO,10,32903,0;;;
Franklin;00:13:16;16:17:39;251.1205,-944.9086,-944.9086;True,Vans,SPEEDO,10,57135,1;;;
Franklin;00:13:31;16:17:40;249.0922,-950.3925,-950.3925;True,Vans,SPEEDO,12,10846,1;;;
Franklin;00:13:47;16:17:40;247.0353,-956.8245,-956.8245;True,Vans,SPEEDO,13,64243,1;;;
Franklin;00:14:03;16:17:41;244.439,-963.7789,-963.7789;True,Vans,SPEEDO,15,11474,1;We got your boy.;LAMAR;FKN0_AXAA
Franklin;00:14:18;16:17:41;241.4156,-971.3413,-971.3413;True,Vans,SPEEDO,16,52145,1;;;
Franklin;00:14:34;16:17:42;238.071,-979.6893,-979.6893;True,Vans,SPEEDO,18,06926,1;You calling them on a cellphone, you dumb motherfucker? They going to trace this shit in a sec!;FRANKLIN;FKN0_AXAB
Franklin;00:14:49;16:17:42;234.4882,-988.6247,-988.6247;True,Vans,SPEEDO,18,69821,0;;;
Franklin;00:15:05;16:17:43;231.0907,-997.2093,-997.2093;True,Vans,SPEEDO,17,04751,0;;;
Franklin;00:15:20;16:17:43;228.1134,-1005.031,-1005.031;True,Vans,SPEEDO,15,45058,0;;;
Franklin;00:15:35;16:17:44;225.8596,-1011.024,-1011.024;True,Vans,SPEEDO,9,913011,0;;;
Franklin;00:15:51;16:17:44;224.5849,-1014.409,-1014.409;True,Vans,SPEEDO,3,437812,0;;;
Franklin;00:16:06;16:17:45;224.2271,-1015.361,-1015.361;True,Vans,SPEEDO,1,21081,0;;;
Franklin;00:16:22;16:17:45;224.1433,-1015.595,-1015.595;True,Vans,SPEEDO,0,014396,0;;;
Franklin;00:16:38;16:17:46;224.1455,-1015.593,-1015.593;True,Vans,SPEEDO,0,0;We want forty thousand. It's pay me or pay the funeral director, motherfucker.;LAMAR;FKN0_AXAC
Franklin;00:16:53;16:17:47;224.1455,-1015.593,-1015.593;True,Vans,SPEEDO,0,0;;;
Franklin;00:17:09;16:17:47;224.1455,-1015.593,-1015.593;True,Vans,SPEEDO,0,0;;;
Franklin;00:17:25;16:17:48;224.1455,-1015.593,-1015.593;True,Vans,SPEEDO,0,0;;;
Franklin;00:17:40;16:17:48;224.1455,-1015.593,-1015.593;True,Vans,SPEEDO,0,0;;;
Franklin;00:17:56;16:17:49;224.1455,-1015.593,-1015.593;True,Vans,SPEEDO,0,0;;;
Franklin;00:18:11;16:17:49;224.1455,-1015.593,-1015.593;True,Vans,SPEEDO,0,0;;;
Franklin;00:18:27;16:17:50;224.1455,-1015.593,-1015.593;True,Vans,SPEEDO,0,0;;;
Franklin;00:18:42;16:17:50;224.1455,-1015.593,-1015.593;True,Vans,SPEEDO,0,0;What the fuck you gone done? You just gave them our location. Now we gotta let this motherfucker outta here.;FRANKLIN;FKN0_AYAA
Franklin;00:18:58;16:17:51;224.1455,-1015.593,-1015.593;True,Vans,SPEEDO,0,0;;;
Franklin;00:19:13;16:17:51;224.1455,-1015.593,-1015.593;True,Vans,SPEEDO,0,0;;;
Franklin;00:19:29;16:17:52;224.1455,-1015.593,-1015.593;True,Vans,SPEEDO,0,0;;;
Franklin;00:19:44;16:17:52;224.1455,-1015.593,-1015.593;True,Vans,SPEEDO,0,0;;;
Franklin;00:20:00;16:17:53;224.1455,-1015.593,-1015.593;True,Vans,SPEEDO,0,0;;;
Franklin;00:20:15;16:17:53;224.1455,-1015.593,-1015.593;True,Vans,SPEEDO,0,0;;;
Franklin;00:20:31;16:17:54;224.1455,-1015.593,-1015.593;True,Vans,SPEEDO,0,0;;;
Franklin;00:20:46;16:17:54;224.1455,-1015.593,-1015.593;True,Vans,SPEEDO,0,0;;;
Franklin;00:21:02;16:17:55;224.1455,-1015.593,-1015.593;True,Vans,SPEEDO,0,0;;;
Franklin;00:21:18;16:17:55;224.1455,-1015.593,-1015.593;True,Vans,SPEEDO,0,0;;;
Franklin;00:21:33;16:17:56;224.1455,-1015.593,-1015.593;True,Vans,SPEEDO,0,0;;;
Franklin;00:21:49;16:17:56;224.1455,-1015.593,-1015.593;True,Vans,SPEEDO,0,0;Get the fuck outta here. And, gimme that damn phone.;FRANKLIN;FKN0_AZAA
Franklin;00:22:04;16:17:57;224.1455,-1015.593,-1015.593;True,Vans,SPEEDO,0,0;;;
Franklin;00:22:19;16:17:57;224.1455,-1015.593,-1015.593;True,Vans,SPEEDO,0,0;;;
Franklin;00:22:35;16:17:58;224.146,-1015.591,-1015.591;True,Vans,SPEEDO,0,0;;;
Franklin;00:22:51;16:17:58;224.146,-1015.591,-1015.591;True,Vans,SPEEDO,0,0;;;
Franklin;00:23:06;16:17:59;224.146,-1015.591,-1015.591;True,Vans,SPEEDO,0,0;;;
Franklin;00:23:22;16:17:59;224.146,-1015.591,-1015.591;True,Vans,SPEEDO,0,0;What the fuck?;LAMAR;FKN0_AZAB
Franklin;00:23:38;16:18:00;224.146,-1015.591,-1015.591;True,Vans,SPEEDO,0,0;;;
Franklin;00:23:53;16:18:01;224.146,-1015.591,-1015.591;True,Vans,SPEEDO,0,0;Fuck y'all. I be seein' y'all soon...;BALLASOG;FKN0_AZAC
Franklin;00:24:09;16:18:01;224.146,-1015.591,-1015.591;True,Vans,SPEEDO,0,0;;;
Franklin;00:24:24;16:18:02;224.146,-1015.591,-1015.591;True,Vans,SPEEDO,0,0;;;
Franklin;00:24:40;16:18:02;224.146,-1015.591,-1015.591;True,Vans,SPEEDO,0,0;;;
Franklin;00:24:55;16:18:03;224.146,-1015.591,-1015.591;True,Vans,SPEEDO,0,0;;;
Franklin;00:25:11;16:18:03;224.146,-1015.591,-1015.591;True,Vans,SPEEDO,0,0;Nigga, the only reason you been seein' shit 'cause we went easy on your ass. Remember that, dog!;FRANKLIN;FKN0_AZAD
Franklin;00:25:27;16:18:04;224.146,-1015.591,-1015.591;True,Vans,SPEEDO,0,0;;;
Franklin;00:25:42;16:18:04;224.146,-1015.591,-1015.591;True,Vans,SPEEDO,0,0;;;
Franklin;00:25:58;16:18:05;224.146,-1015.591,-1015.591;True,Vans,SPEEDO,0,0;;;
Franklin;00:26:13;16:18:05;224.146,-1015.591,-1015.591;True,Vans,SPEEDO,0,0;;;
Franklin;00:26:29;16:18:06;224.146,-1015.591,-1015.591;True,Vans,SPEEDO,0,0;;;
Franklin;00:26:45;16:18:06;224.1036,-1015.703,-1015.703;True,Vans,SPEEDO,0,7585471,1;;;
Franklin;00:27:00;16:18:07;223.8239,-1016.446,-1016.446;True,Vans,SPEEDO,2,328045,1;;;
Franklin;00:27:16;16:18:07;223.2038,-1018.092,-1018.092;True,Vans,SPEEDO,4,539552,1;;;
Franklin;00:27:31;16:18:08;222.0978,-1021.033,-1021.033;True,Vans,SPEEDO,7,784606,1;;;
Franklin;00:27:47;16:18:08;220.3357,-1025.723,-1025.723;True,Vans,SPEEDO,10,11229,0;The OGs goin' hear about this!;BALLASOG;FKN0_ATAA
Franklin;00:28:02;16:18:09;218.4906,-1030.632,-1030.632;True,Vans,SPEEDO,10,78497,1;;;
Franklin;00:28:18;16:18:09;216.3473,-1036.331,-1036.331;True,Vans,SPEEDO,12,43765,1;;;
Franklin;00:28:34;16:18:10;213.9759,-1042.637,-1042.637;True,Vans,SPEEDO,12,63876,0;;;
Franklin;00:28:50;16:18:10;211.3846,-1049.45,-1049.45;True,Vans,SPEEDO,14,9655,1;;;
Franklin;00:29:05;16:18:11;208.3415,-1056.995,-1056.995;True,Vans,SPEEDO,16,406,1;;;
Franklin;00:29:21;16:18:11;205.0465,-1064.298,-1064.298;True,Vans,SPEEDO,14,58129,0;This some bullshit. Take me down the cut.;LAMAR;FKN0_BAAA
Franklin;00:29:36;16:18:12;203.1234,-1071.058,-1071.058;True,Vans,SPEEDO,12,74677,0;;;
Franklin;00:29:52;16:18:12;202.0623,-1077.887,-1077.887;True,Vans,SPEEDO,14,10038,1;;;
Franklin;00:30:07;16:18:13;201.2131,-1085.652,-1085.652;True,Vans,SPEEDO,15,65395,1;;;
Franklin;00:30:23;16:18:14;200.7574,-1094.257,-1094.257;True,Vans,SPEEDO,17,23041,1;;;
Franklin;00:30:39;16:18:14;200.3266,-1102.689,-1102.689;True,Vans,SPEEDO,15,523,0;;;
Franklin;00:30:54;16:18:15;199.1232,-1110.051,-1110.051;True,Vans,SPEEDO,13,54348,0;;;
Franklin;00:31:10;16:18:15;196.6192,-1116.089,-1116.089;True,Vans,SPEEDO,11,7548,0;;;
Franklin;00:31:25;16:18:16;193.1669,-1120.455,-1120.455;True,Vans,SPEEDO,10,28244,1;;;
Franklin;00:31:41;16:18:16;188.7092,-1123.998,-1123.998;True,Vans,SPEEDO,11,64925,1;;;
Franklin;00:31:56;16:18:17;183.5258,-1126.25,-1126.25;True,Vans,SPEEDO,10,1034,0;;;
Franklin;00:32:12;16:18:17;178.1245,-1127.657,-1127.657;True,Vans,SPEEDO,11,51204,1;;;
Franklin;00:32:27;16:18:18;171.8696,-1128.541,-1128.541;True,Vans,SPEEDO,12,92606,1;;;
Franklin;00:32:43;16:18:18;165.6523,-1128.221,-1128.221;True,Vans,SPEEDO,11,38621,1;;;
Franklin;00:32:59;16:18:19;159.5298,-1127.642,-1127.642;True,Vans,SPEEDO,11,58064,0;;;
Franklin;00:33:14;16:18:19;153.3779,-1127.394,-1127.394;True,Vans,SPEEDO,12,70238,1;;;
Franklin;00:33:30;16:18:20;146.2054,-1126.995,-1126.995;True,Vans,SPEEDO,14,86635,1;;;
Franklin;00:33:45;16:18:20;138.594,-1126.968,-1126.968;True,Vans,SPEEDO,13,55134,0;;;
Franklin;00:34:01;16:18:21;132.0798,-1126.278,-1126.278;True,Vans,SPEEDO,11,81681,0;;;
Franklin;00:34:17;16:18:21;126.3861,-1125.899,-1125.899;True,Vans,SPEEDO,9,888002,0;Man, what the fuck is wrong with you, nigga?;FRANKLIN;FKN0_BBAA
Franklin;00:34:32;16:18:22;121.9438,-1127.17,-1127.17;True,Vans,SPEEDO,9,242695,1;;;
Franklin;00:34:48;16:18:22;117.0563,-1129.013,-1129.013;True,Vans,SPEEDO,10,14302,0;;;
Franklin;00:35:03;16:18:23;112.0358,-1129.982,-1129.982;True,Vans,SPEEDO,10,59289,1;;;
Franklin;00:35:19;16:18:23;106.0424,-1130.514,-1130.514;True,Vans,SPEEDO,12,41027,1;I was getting us paid. What the fuck is wrong with you, nigga? That was a good phone.;LAMAR;FKN0_BBAB
Franklin;00:35:35;16:18:24;99.13155,-1130.733,-1130.733;True,Vans,SPEEDO,13,98563,1;;;
Franklin;00:35:50;16:18:24;91.35637,-1130.63,-1130.63;True,Vans,SPEEDO,15,7156,1;;;
Franklin;00:36:06;16:18:25;82.80297,-1130.547,-1130.547;True,Vans,SPEEDO,17,2884,1;;;
Franklin;00:36:21;16:18:25;73.30522,-1130.472,-1130.472;True,Vans,SPEEDO,19,32799,1;;;
Franklin;00:36:37;16:18:26;63.56998,-1130.514,-1130.514;True,Vans,SPEEDO,18,88517,1;;;
Franklin;00:36:53;16:18:27;53.40186,-1131.472,-1131.472;True,Vans,SPEEDO,20,09135,1;;;
Franklin;00:37:08;16:18:27;42.70601,-1132.291,-1132.291;True,Vans,SPEEDO,21,07817,1;;;
Franklin;00:37:24;16:18:28;31.44911,-1131.815,-1131.815;True,Vans,SPEEDO,21,45722,0;A good phone? The cops was all over, nigga.;FRANKLIN;FKN0_BBAC
Franklin;00:37:39;16:18:28;20.73734,-1131.141,-1131.141;True,Vans,SPEEDO,20,20633,0;;;
Franklin;00:37:55;16:18:29;10.77606,-1130.484,-1130.484;True,Vans,SPEEDO,18,70403,0;;;
Franklin;00:38:11;16:18:29;1.407818,-1130.011,-1130.011;True,Vans,SPEEDO,17,21325,0;;;
Franklin;00:38:26;16:18:30;-7.607623,-1130.234,-1130.234;True,Vans,SPEEDO,17,0215,0;;;
Franklin;00:38:42;16:18:30;-16.45048,-1130.748,-1130.748;True,Vans,SPEEDO,17,99218,1;;;
Franklin;00:38:57;16:18:31;-26.17955,-1130.755,-1130.755;True,Vans,SPEEDO,19,60424,1;I coulda swallowed my card. Try to triangulate that.;LAMAR;FKN0_BBAD
Franklin;00:39:13;16:18:31;-36.54036,-1131.564,-1131.564;True,Vans,SPEEDO,19,57241,0;;;
Franklin;00:39:28;16:18:32;-46.00634,-1133.295,-1133.295;True,Vans,SPEEDO,17,88478,0;;;
Franklin;00:39:44;16:18:32;-54.63565,-1135.363,-1135.363;True,Vans,SPEEDO,16,16352,0;;;
Franklin;00:39:59;16:18:33;-62.49098,-1136.46,-1136.46;True,Vans,SPEEDO,14,49072,0;;;
Franklin;00:40:15;16:18:33;-68.07662,-1136.847,-1136.847;True,Vans,SPEEDO,6,737038,0;It's too late. Shit's done. Least I saved you the indignity of pullin' apart your shit.;FRANKLIN;FKN0_BBAE
Franklin;00:40:30;16:18:34;-69.60743,-1136.931,-1136.931;True,Vans,SPEEDO,0,3098909,-1;;;
Franklin;00:40:46;16:18:34;-69.62592,-1136.871,-1136.871;True,Vans,SPEEDO,0,101858,0;;;
Franklin;00:41:02;16:18:35;-69.62624,-1136.837,-1136.837;True,Vans,SPEEDO,0,04077332,0;;;
Franklin;00:41:17;16:18:35;-69.62651,-1136.836,-1136.836;True,Vans,SPEEDO,0,0;;;
Franklin;00:41:33;16:18:36;-69.62651,-1136.836,-1136.836;True,Vans,SPEEDO,0,0;;;
Franklin;00:41:48;16:18:36;-69.62651,-1136.836,-1136.836;True,Vans,SPEEDO,0,0;;;
Franklin;00:42:04;16:18:37;-69.62651,-1136.836,-1136.836;True,Vans,SPEEDO,0,0;;;
Franklin;00:42:19;16:18:37;-69.62651,-1136.836,-1136.836;True,Vans,SPEEDO,0,0;;;
Franklin;00:42:35;16:18:38;-69.62651,-1136.836,-1136.836;True,Vans,SPEEDO,0,0;Nigga, I ain't afraid to get my hands dirty. Ol' precious motherfucker.;LAMAR;FKN0_BBAF
Franklin;00:42:51;16:18:38;-69.62651,-1136.836,-1136.836;True,Vans,SPEEDO,0,0;;;
Franklin;00:43:06;16:18:39;-69.62651,-1136.836,-1136.836;True,Vans,SPEEDO,0,0;;;
Franklin;00:43:22;16:18:39;-69.62651,-1136.836,-1136.836;True,Vans,SPEEDO,0,0;;;
Franklin;00:43:37;16:18:40;-69.62651,-1136.836,-1136.836;True,Vans,SPEEDO,0,0;;;
Franklin;00:43:53;16:18:41;-69.62651,-1136.836,-1136.836;True,Vans,SPEEDO,0,0;;;
Franklin;00:44:08;16:18:41;-69.62651,-1136.836,-1136.836;True,Vans,SPEEDO,0,0;;;
Franklin;00:44:24;16:18:42;-69.62651,-1136.836,-1136.836;True,Vans,SPEEDO,0,0;This is what I mean, homie. We need to get serious. Get paid. This shit ain't working.;FRANKLIN;FKN0_BBAG
Franklin;00:44:39;16:18:42;-69.62651,-1136.836,-1136.836;True,Vans,SPEEDO,0,0;;;
Franklin;00:44:55;16:18:43;-69.62651,-1136.836,-1136.836;True,Vans,SPEEDO,0,0;;;
Franklin;00:45:11;16:18:43;-69.62651,-1136.836,-1136.836;True,Vans,SPEEDO,0,0;;;
Franklin;00:45:26;16:18:44;-69.62651,-1136.836,-1136.836;True,Vans,SPEEDO,0,0;;;
Franklin;00:45:42;16:18:44;-69.62651,-1136.836,-1136.836;True,Vans,SPEEDO,0,0;;;
Franklin;00:45:57;16:18:45;-69.62651,-1136.836,-1136.836;True,Vans,SPEEDO,0,0;;;
Franklin;00:46:13;16:18:45;-69.62651,-1136.836,-1136.836;True,Vans,SPEEDO,0,0;;;
Franklin;00:46:28;16:18:46;-69.62651,-1136.836,-1136.836;True,Vans,SPEEDO,0,0;;;
Franklin;00:46:44;16:18:46;-69.62651,-1136.836,-1136.836;True,Vans,SPEEDO,0,0;;;
Franklin;00:47:00;16:18:47;-69.62651,-1136.836,-1136.836;True,Vans,SPEEDO,0,0;So your old white dude's gonna fix us. When's my first class?;LAMAR;FKN0_BBAH
Franklin;00:47:15;16:18:47;-69.62651,-1136.836,-1136.836;True,Vans,SPEEDO,0,0;;;
Franklin;00:47:31;16:18:48;-69.62651,-1136.836,-1136.836;True,Vans,SPEEDO,0,0;;;
Franklin;00:47:46;16:18:48;-69.62651,-1136.836,-1136.836;True,Vans,SPEEDO,0,0;;;
Franklin;00:48:02;16:18:49;-69.62651,-1136.836,-1136.836;True,Vans,SPEEDO,0,0;;;
Franklin;00:48:17;16:18:49;-69.62651,-1136.836,-1136.836;True,Vans,SPEEDO,0,0;;;
Franklin;00:48:33;16:18:50;-69.62651,-1136.836,-1136.836;True,Vans,SPEEDO,0,0;Look, I'ma learn some skills, man. Pass 'em on. There's a whole city out there. It's waiting to be taken, nigga.;FRANKLIN;FKN0_BBAI
Franklin;00:48:48;16:18:50;-69.62651,-1136.836,-1136.836;True,Vans,SPEEDO,0,0;;;
Franklin;00:49:04;16:18:51;-69.62651,-1136.836,-1136.836;True,Vans,SPEEDO,0,0;;;
Franklin;00:49:20;16:18:51;-69.62651,-1136.836,-1136.836;True,Vans,SPEEDO,0,0;;;
Franklin;00:49:35;16:18:52;-69.62651,-1136.836,-1136.836;True,Vans,SPEEDO,0,0;;;
Franklin;00:49:51;16:18:52;-69.62651,-1136.836,-1136.836;True,Vans,SPEEDO,0,0;;;
Franklin;00:50:06;16:18:53;-69.62651,-1136.836,-1136.836;True,Vans,SPEEDO,0,0;;;
Franklin;00:50:22;16:18:53;-69.62651,-1136.836,-1136.836;True,Vans,SPEEDO,0,0;;;
Franklin;00:50:37;16:18:54;-69.62651,-1136.836,-1136.836;True,Vans,SPEEDO,0,0;;;
Franklin;00:50:53;16:18:55;-69.62651,-1136.836,-1136.836;True,Vans,SPEEDO,0,0;;;
Franklin;00:51:09;16:18:55;-69.62651,-1136.836,-1136.836;True,Vans,SPEEDO,0,0;;;
Franklin;00:51:24;16:18:56;-69.62651,-1136.836,-1136.836;True,Vans,SPEEDO,0,0;;;
Franklin;00:51:40;16:18:56;-69.77902,-1136.839,-1136.839;True,Vans,SPEEDO,0,8768913,1;You just give me the heads up when you over that shit, nigga. Ready to wipe old due nut off your face. Ol' lame-ass mark!;LAMAR;FKN0_BBAJ
Franklin;00:51:55;16:18:57;-70.22161,-1136.864,-1136.864;True,Vans,SPEEDO,0,2380694,0;;;
Franklin;00:52:11;16:18:57;-70.22944,-1136.864,-1136.864;True,Vans,SPEEDO,0,0;;;
Franklin;00:52:26;16:18:58;-70.22944,-1136.864,-1136.864;True,Vans,SPEEDO,0,0;;;
Franklin;00:52:42;16:18:58;-70.22944,-1136.864,-1136.864;True,Vans,SPEEDO,0,0;;;
Franklin;00:52:57;16:18:59;-70.22944,-1136.864,-1136.864;True,Vans,SPEEDO,0,0;;;
Franklin;00:53:13;16:18:59;-70.22944,-1136.864,-1136.864;True,Vans,SPEEDO,0,0;;;
Franklin;00:53:29;16:19:00;-70.22944,-1136.864,-1136.864;True,Vans,SPEEDO,0,0;;;
Franklin;00:53:44;16:19:00;-70.22944,-1136.864,-1136.864;True,Vans,SPEEDO,0,0;;;
Franklin;00:54:00;16:19:01;-70.22944,-1136.864,-1136.864;True,Vans,SPEEDO,0,0;;;
Franklin;00:54:16;16:19:01;-70.22944,-1136.864,-1136.864;True,Vans,SPEEDO,0,0;;;
Franklin;00:54:31;16:19:02;-70.22944,-1136.864,-1136.864;True,Vans,SPEEDO,0,0;Man, fuck you, Lamar.;FRANKLIN;FKN0_BBAK
Franklin;00:54:46;16:19:02;-70.22944,-1136.864,-1136.864;True,Vans,SPEEDO,0,0;;;
Franklin;00:55:02;16:19:03;-70.22944,-1136.864,-1136.864;True,Vans,SPEEDO,0,0;;;
Franklin;00:55:18;16:19:03;-70.22944,-1136.864,-1136.864;True,Vans,SPEEDO,0,0;;;
Franklin;00:55:33;16:19:04;-70.22944,-1136.864,-1136.864;True,Vans,SPEEDO,0,0;;;
Franklin;00:55:48;16:19:04;-70.22944,-1136.864,-1136.864;True,Vans,SPEEDO,0,0;;;
Franklin;00:56:04;16:19:05;-70.22944,-1136.864,-1136.864;True,Vans,SPEEDO,0,0;;;
Franklin;00:56:19;16:19:05;-70.22944,-1136.864,-1136.864;True,Vans,SPEEDO,0,0;;;
Franklin;00:56:35;16:19:06;-70.22944,-1136.864,-1136.864;True,Vans,SPEEDO,0,0;;;
Franklin;00:56:50;16:19:06;-70.22944,-1136.864,-1136.864;True,Vans,SPEEDO,0,0;;;
Franklin;00:57:06;16:19:07;-70.22944,-1136.864,-1136.864;True,Vans,SPEEDO,0,0;;;
Franklin;00:57:22;16:19:07;-70.22944,-1136.864,-1136.864;True,Vans,SPEEDO,0,0;;;
Franklin;00:57:37;16:19:08;-70.23543,-1136.864,-1136.864;True,Vans,SPEEDO,0,1078778,1;;;
Franklin;00:57:53;16:19:09;-70.63884,-1136.891,-1136.891;True,Vans,SPEEDO,1,490211,1;;;
Franklin;00:58:08;16:19:09;-71.89557,-1136.977,-1136.977;True,Vans,SPEEDO,3,393819,1;;;
Franklin;00:58:24;16:19:10;-74.31695,-1137.144,-1137.144;True,Vans,SPEEDO,6,068675,1;;;
Franklin;00:58:40;16:19:10;-78.5145,-1137.439,-1137.439;True,Vans,SPEEDO,10,32637,1;;;
Franklin;00:58:55;16:19:11;-83.84138,-1137.813,-1137.813;True,Vans,SPEEDO,10,05801,1;;;
Franklin;00:59:11;16:19:11;-89.31766,-1138.322,-1138.322;True,Vans,SPEEDO,10,22513,0;;;
Franklin;00:59:27;16:19:12;-94.08521,-1139.384,-1139.384;True,Vans,SPEEDO,8,447128,0;;;
Franklin;00:59:42;16:19:12;-97.56261,-1141.022,-1141.022;True,Vans,SPEEDO,6,690662,0;;;
Franklin;00:59:58;16:19:13;-100.5485,-1143.07,-1143.07;True,Vans,SPEEDO,8,091454,1;;;
Franklin;01:00:13;16:19:13;-102.9613,-1146.251,-1146.251;True,Vans,SPEEDO,6,917917,0;;;
Franklin;01:00:29;16:19:14;-105.4248,-1149.248,-1149.248;True,Vans,SPEEDO,8,630939,1;;;
Franklin;01:00:45;16:19:14;-107.2778,-1154,-1154;True,Vans,SPEEDO,10,23834,0;;;
Franklin;01:01:00;16:19:15;-108.3906,-1159.016,-1159.016;True,Vans,SPEEDO,10,54712,1;;;
Franklin;01:01:16;16:19:15;-109.5014,-1164.859,-1164.859;True,Vans,SPEEDO,12,05333,1;;;
Franklin;01:01:31;16:19:16;-110.1941,-1171.505,-1171.505;True,Vans,SPEEDO,13,544,1;;;
Franklin;01:01:47;16:19:16;-110.6667,-1178.807,-1178.807;True,Vans,SPEEDO,14,80893,1;;;
Franklin;01:02:02;16:19:17;-110.6879,-1186.798,-1186.798;True,Vans,SPEEDO,16,1589,1;;;
Franklin;01:02:18;16:19:17;-111.0611,-1195.741,-1195.741;True,Vans,SPEEDO,17,88283,1;;;
Franklin;01:02:34;16:19:18;-111.1849,-1205.346,-1205.346;True,Vans,SPEEDO,19,25459,1;;;
Franklin;01:02:49;16:19:18;-111.3308,-1215.588,-1215.588;True,Vans,SPEEDO,20,44842,1;;;
Franklin;01:03:05;16:19:19;-110.8452,-1226.455,-1226.455;True,Vans,SPEEDO,21,34678,1;;;
Franklin;01:03:20;16:19:19;-109.6759,-1237.621,-1237.621;True,Vans,SPEEDO,21,84341,1;;;
Franklin;01:03:36;16:19:20;-108.4966,-1248.386,-1248.386;True,Vans,SPEEDO,19,93798,0;;;
Franklin;01:03:51;16:19:20;-107.3795,-1258.722,-1258.722;True,Vans,SPEEDO,20,30133,0;;;
Franklin;01:04:07;16:19:21;-106.2894,-1268.762,-1268.762;True,Vans,SPEEDO,18,53016,0;;;
Franklin;01:04:23;16:19:22;-105.7849,-1278.105,-1278.105;True,Vans,SPEEDO,17,5134,0;;;
Franklin;01:04:38;16:19:22;-105.782,-1286.857,-1286.857;True,Vans,SPEEDO,15,77453,0;;;
Franklin;01:04:54;16:19:23;-105.8208,-1295.2,-1295.2;True,Vans,SPEEDO,16,11378,1;;;
Franklin;01:05:10;16:19:23;-105.8548,-1303.352,-1303.352;True,Vans,SPEEDO,14,68963,0;;;
Franklin;01:05:26;16:19:24;-105.8854,-1310.621,-1310.621;True,Vans,SPEEDO,13,00222,0;;;
Franklin;01:05:41;16:19:24;-106.0122,-1316.98,-1316.98;True,Vans,SPEEDO,11,11327,0;;;
Franklin;01:05:57;16:19:25;-107.7748,-1322.546,-1322.546;True,Vans,SPEEDO,11,95976,1;;;
Franklin;01:06:13;16:19:25;-110.4164,-1327.867,-1327.867;True,Vans,SPEEDO,11,18329,1;;;
Franklin;01:06:28;16:19:26;-112.2272,-1332.951,-1332.951;True,Vans,SPEEDO,9,577353,0;;;
Franklin;01:06:44;16:19:26;-113.5929,-1337.291,-1337.291;True,Vans,SPEEDO,8,014627,0;;;
Franklin;01:06:59;16:19:27;-114.7761,-1340.817,-1340.817;True,Vans,SPEEDO,6,338146,0;;;
Franklin;01:07:15;16:19:27;-115.8473,-1343.286,-1343.286;True,Vans,SPEEDO,2,859498,0;;;
Franklin;01:07:30;16:19:28;-116.0303,-1343.681,-1343.681;True,Vans,SPEEDO,0,01180344,0;;;
Franklin;01:07:46;16:19:28;-116.0289,-1343.675,-1343.675;True,Vans,SPEEDO,0,0;;;
Franklin;01:08:02;16:19:29;-116.0289,-1343.675,-1343.675;True,Vans,SPEEDO,0,0;;;
Franklin;01:08:17;16:19:29;-116.0289,-1343.675,-1343.675;True,Vans,SPEEDO,0,0;;;
Franklin;01:08:33;16:19:30;-116.0289,-1343.675,-1343.675;True,Vans,SPEEDO,0,0;;;
Franklin;01:08:48;16:19:30;-116.0289,-1343.675,-1343.675;True,Vans,SPEEDO,0,0;;;
Franklin;01:09:04;16:19:31;-116.0289,-1343.675,-1343.675;True,Vans,SPEEDO,0,0;;;
Franklin;01:09:19;16:19:31;-116.0289,-1343.675,-1343.675;True,Vans,SPEEDO,0,0;;;
Franklin;01:09:35;16:19:32;-116.0289,-1343.675,-1343.675;True,Vans,SPEEDO,0,0;;;
Franklin;01:09:51;16:19:32;-116.0289,-1343.675,-1343.675;True,Vans,SPEEDO,0,0;;;
Franklin;01:10:06;16:19:33;-116.0289,-1343.675,-1343.675;True,Vans,SPEEDO,0,0;;;
Franklin;01:10:22;16:19:33;-116.0289,-1343.675,-1343.675;True,Vans,SPEEDO,0,0;;;
Franklin;01:10:38;16:19:34;-116.0289,-1343.675,-1343.675;True,Vans,SPEEDO,0,0;;;
Franklin;01:10:53;16:19:35;-116.0289,-1343.675,-1343.675;True,Vans,SPEEDO,0,0;;;
Franklin;01:11:09;16:19:35;-116.0289,-1343.675,-1343.675;True,Vans,SPEEDO,0,0;;;
Franklin;01:11:24;16:19:36;-116.0289,-1343.675,-1343.675;True,Vans,SPEEDO,0,0;;;
Franklin;01:11:40;16:19:36;-116.0289,-1343.675,-1343.675;True,Vans,SPEEDO,0,0;;;
Franklin;01:11:55;16:19:37;-116.0289,-1343.675,-1343.675;True,Vans,SPEEDO,0,0;;;
Franklin;01:12:11;16:19:37;-116.0289,-1343.675,-1343.675;True,Vans,SPEEDO,0,0;;;
Franklin;01:12:27;16:19:38;-116.0289,-1343.675,-1343.675;True,Vans,SPEEDO,0,0;;;
Franklin;01:12:42;16:19:38;-116.0289,-1343.675,-1343.675;True,Vans,SPEEDO,0,0;;;
Franklin;01:12:58;16:19:39;-116.0289,-1343.675,-1343.675;True,Vans,SPEEDO,0,0;;;
Franklin;01:13:13;16:19:39;-116.0289,-1343.675,-1343.675;True,Vans,SPEEDO,0,0;;;
Franklin;01:13:29;16:19:40;-116.0289,-1343.675,-1343.675;True,Vans,SPEEDO,0,0;;;
Franklin;01:13:44;16:19:40;-116.0289,-1343.675,-1343.675;True,Vans,SPEEDO,0,0;;;
Franklin;01:14:00;16:19:41;-116.03,-1343.677,-1343.677;True,Vans,SPEEDO,0,04966414,1;;;
Franklin;01:14:16;16:19:41;-116.0381,-1343.693,-1343.693;True,Vans,SPEEDO,0,005737879,0;;;
Franklin;01:14:31;16:19:42;-116.0376,-1343.693,-1343.693;True,Vans,SPEEDO,0,0;;;
Franklin;01:14:47;16:19:42;-116.0376,-1343.693,-1343.693;True,Vans,SPEEDO,0,0;;;
Franklin;01:15:03;16:19:43;-116.0376,-1343.693,-1343.693;True,Vans,SPEEDO,0,0;;;
Franklin;01:15:18;16:19:43;-116.0376,-1343.693,-1343.693;True,Vans,SPEEDO,0,0;;;
Franklin;01:15:33;16:19:44;-116.0376,-1343.693,-1343.693;True,Vans,SPEEDO,0,0;;;
Franklin;01:15:49;16:19:44;-116.0376,-1343.693,-1343.693;True,Vans,SPEEDO,0,0;;;
Franklin;01:16:05;16:19:45;-116.0376,-1343.693,-1343.693;True,Vans,SPEEDO,0,0;;;
Franklin;01:16:20;16:19:45;-116.0376,-1343.693,-1343.693;True,Vans,SPEEDO,0,0;;;
Franklin;01:16:36;16:19:46;-116.0376,-1343.693,-1343.693;True,Vans,SPEEDO,0,0;;;
Franklin;01:16:52;16:19:46;-116.0376,-1343.693,-1343.693;True,Vans,SPEEDO,0,0;;;
Franklin;01:17:07;16:19:47;-116.0376,-1343.693,-1343.693;True,Vans,SPEEDO,0,0;;;
Franklin;01:17:23;16:19:48;-116.0376,-1343.693,-1343.693;True,Vans,SPEEDO,0,0;;;
Franklin;01:17:39;16:19:48;-116.0376,-1343.693,-1343.693;True,Vans,SPEEDO,0,0;;;
Franklin;01:17:55;16:19:49;-116.0376,-1343.693,-1343.693;True,Vans,SPEEDO,0,0;;;
Franklin;01:18:10;16:19:49;-116.0376,-1343.693,-1343.693;True,Vans,SPEEDO,0,0;;;
Franklin;01:18:26;16:19:50;-116.0376,-1343.693,-1343.693;True,Vans,SPEEDO,0,0;;;
Franklin;01:18:41;16:19:50;-116.0376,-1343.693,-1343.693;True,Vans,SPEEDO,0,0;;;
Franklin;01:18:57;16:19:51;-116.0384,-1343.694,-1343.694;True,Vans,SPEEDO,0,03836104,1;;;
Franklin;01:19:12;16:19:51;-116.0409,-1343.7,-1343.7;True,Vans,SPEEDO,0,05689263,1;;;
Franklin;01:19:28;16:19:52;-116.2039,-1344.048,-1344.048;True,Vans,SPEEDO,1,446854,1;;;
Franklin;01:19:43;16:19:52;-116.7315,-1345.139,-1345.139;True,Vans,SPEEDO,3,318915,1;;;
Franklin;01:19:59;16:19:53;-117.7684,-1347.336,-1347.336;True,Vans,SPEEDO,6,115817,1;;;
Franklin;01:20:14;16:19:53;-119.6929,-1350.98,-1350.98;True,Vans,SPEEDO,10,07923,1;;;
Franklin;01:20:30;16:19:54;-122.6756,-1355.248,-1355.248;True,Vans,SPEEDO,9,766243,1;;;
Franklin;01:20:46;16:19:54;-126.3175,-1359.393,-1359.393;True,Vans,SPEEDO,11,45724,1;;;
Franklin;01:21:01;16:19:55;-130.6105,-1364.087,-1364.087;True,Vans,SPEEDO,13,1174,1;;;
Franklin;01:21:17;16:19:55;-135.7781,-1369.178,-1369.178;True,Vans,SPEEDO,14,87698,1;;;
Franklin;01:21:32;16:19:56;-142.0377,-1374.397,-1374.397;True,Vans,SPEEDO,16,46143,0;;;
Franklin;01:21:48;16:19:56;-148.6068,-1379.128,-1379.128;True,Vans,SPEEDO,14,81468,1;;;
Franklin;01:22:03;16:19:57;-155.1687,-1382.458,-1382.458;True,Vans,SPEEDO,13,75562,1;;;
Franklin;01:22:19;16:19:57;-161.6521,-1386.337,-1386.337;True,Vans,SPEEDO,15,11447,1;;;
Franklin;01:22:35;16:19:58;-168.6081,-1390.434,-1390.434;True,Vans,SPEEDO,14,98163,0;;;
Franklin;01:22:50;16:19:58;-174.5167,-1394.693,-1394.693;True,Vans,SPEEDO,12,97927,0;;;
Franklin;01:23:06;16:19:59;-178.769,-1398.541,-1398.541;True,Vans,SPEEDO,7,907718,0;;;
Franklin;01:23:22;16:19:59;-181.5572,-1401.367,-1401.367;True,Vans,SPEEDO,8,023452,0;;;
Franklin;01:23:37;16:20:00;-184.2092,-1403.94,-1403.94;True,Vans,SPEEDO,6,020405,0;;;
Franklin;01:23:53;16:20:01;-185.9889,-1405.233,-1405.233;True,Vans,SPEEDO,2,709353,0;;;
Franklin;01:24:09;16:20:01;-186.8862,-1405.843,-1405.843;True,Vans,SPEEDO,2,13494,1;;;
Franklin;01:24:24;16:20:02;-187.6108,-1406.291,-1406.291;True,Vans,SPEEDO,1,438768,1;;;
Franklin;01:24:40;16:20:02;-188.62,-1406.976,-1406.976;True,Vans,SPEEDO,3,410928,1;;;
Franklin;01:24:55;16:20:03;-189.7218,-1407.701,-1407.701;True,Vans,SPEEDO,1,75724,0;;;
Franklin;01:25:10;16:20:03;-190.2447,-1408.067,-1408.067;True,Vans,SPEEDO,0,7212168,0;;;
Franklin;01:25:26;16:20:04;-190.2991,-1408.12,-1408.12;True,Vans,SPEEDO,0,02210398,0;;;
Franklin;01:25:42;16:20:04;-190.2987,-1408.12,-1408.12;True,Vans,SPEEDO,0,0;;;
Franklin;01:25:57;16:20:05;-190.3564,-1408.16,-1408.16;True,Vans,SPEEDO,0,5533795,1;;;
Franklin;01:26:13;16:20:05;-190.8992,-1408.508,-1408.508;True,Vans,SPEEDO,1,983807,1;;;
Franklin;01:26:28;16:20:06;-191.5878,-1408.962,-1408.962;True,Vans,SPEEDO,0,8288785,0;;;
Franklin;01:26:43;16:20:06;-191.6663,-1409.03,-1409.03;True,Vans,SPEEDO,0,02594662,0;;;
Franklin;01:26:59;16:20:07;-191.6941,-1409.051,-1409.051;True,Vans,SPEEDO,0,008029472,1;;;
Franklin;01:27:15;16:20:07;-191.8264,-1409.139,-1409.139;True,Vans,SPEEDO,0,5041937,1;;;
Franklin;01:27:30;16:20:08;-191.8558,-1409.162,-1409.162;True,Vans,SPEEDO,0,0;;;
Franklin;01:27:46;16:20:08;-191.8558,-1409.162,-1409.162;True,Vans,SPEEDO,0,0;;;
Franklin;01:28:01;16:20:09;-191.8558,-1409.162,-1409.162;True,Vans,SPEEDO,0,0;;;
Franklin;01:28:17;16:20:09;-191.8558,-1409.162,-1409.162;True,Vans,SPEEDO,0,0;;;
Franklin;01:28:32;16:20:10;-191.8558,-1409.162,-1409.162;True,Vans,SPEEDO,0,0;;;
Franklin;01:28:48;16:20:10;-191.8558,-1409.162,-1409.162;True,Vans,SPEEDO,0,0;;;
Franklin;01:29:03;16:20:11;-191.8558,-1409.162,-1409.162;True,Vans,SPEEDO,0,0;;;
Franklin;01:29:19;16:20:11;-191.8558,-1409.162,-1409.162;True,Vans,SPEEDO,0,0;;;
Franklin;01:29:35;16:20:12;-191.8558,-1409.162,-1409.162;True,Vans,SPEEDO,0,0;;;
Franklin;01:29:50;16:20:12;-191.8558,-1409.162,-1409.162;True,Vans,SPEEDO,0,0;;;
Franklin;01:30:05;16:20:13;-191.8558,-1409.162,-1409.162;True,Vans,SPEEDO,0,0;;;
Franklin;01:30:21;16:20:13;-191.8558,-1409.162,-1409.162;True,Vans,SPEEDO,0,0;;;
Franklin;01:30:37;16:20:14;-191.8558,-1409.162,-1409.162;True,Vans,SPEEDO,0,0;;;
Franklin;01:30:52;16:20:14;-191.8558,-1409.162,-1409.162;True,Vans,SPEEDO,0,0;;;
Franklin;01:31:08;16:20:15;-191.8558,-1409.162,-1409.162;True,Vans,SPEEDO,0,0;;;
Franklin;01:31:23;16:20:16;-191.8558,-1409.162,-1409.162;True,Vans,SPEEDO,0,0;;;
Franklin;01:31:39;16:20:16;-191.8558,-1409.162,-1409.162;True,Vans,SPEEDO,0,0;;;
Franklin;01:31:55;16:20:17;-191.8558,-1409.162,-1409.162;True,Vans,SPEEDO,0,0;;;
Franklin;01:32:10;16:20:17;-191.8558,-1409.162,-1409.162;True,Vans,SPEEDO,0,0;;;
Franklin;01:32:26;16:20:18;-191.8558,-1409.162,-1409.162;True,Vans,SPEEDO,0,0;;;
Franklin;01:32:41;16:20:18;-191.8558,-1409.162,-1409.162;True,Vans,SPEEDO,0,0;;;
Franklin;01:32:57;16:20:19;-191.8558,-1409.162,-1409.162;True,Vans,SPEEDO,0,0;;;
Franklin;01:33:12;16:20:19;-191.8558,-1409.162,-1409.162;True,Vans,SPEEDO,0,0;;;
Franklin;01:33:28;16:20:20;-191.8558,-1409.162,-1409.162;True,Vans,SPEEDO,0,0;;;
Franklin;01:33:43;16:20:20;-191.8558,-1409.162,-1409.162;True,Vans,SPEEDO,0,0;;;
Franklin;01:33:59;16:20:21;-191.8558,-1409.162,-1409.162;True,Vans,SPEEDO,0,0;;;
Franklin;01:34:14;16:20:21;-191.8558,-1409.162,-1409.162;True,Vans,SPEEDO,0,0;;;
Franklin;01:34:30;16:20:22;-191.8558,-1409.162,-1409.162;True,Vans,SPEEDO,0,0;;;
Franklin;01:34:45;16:20:22;-191.8558,-1409.162,-1409.162;True,Vans,SPEEDO,0,0;;;
Franklin;01:35:01;16:20:23;-191.8558,-1409.162,-1409.162;True,Vans,SPEEDO,0,0;;;
Franklin;01:35:16;16:20:23;-192.0359,-1409.276,-1409.276;True,Vans,SPEEDO,1,010103,1;;;
Franklin;01:35:32;16:20:24;-192.2833,-1409.441,-1409.441;True,Vans,SPEEDO,0,008500787,0;;;
Franklin;01:35:48;16:20:24;-192.5459,-1409.612,-1409.612;True,Vans,SPEEDO,1,276158,1;;;
Franklin;01:36:03;16:20:25;-193.4672,-1410.189,-1410.189;True,Vans,SPEEDO,3,015192,1;;;
Franklin;01:36:18;16:20:25;-195.2819,-1411.349,-1411.349;True,Vans,SPEEDO,5,394987,1;;;
Franklin;01:36:34;16:20:26;-198.2455,-1413.465,-1413.465;True,Vans,SPEEDO,8,88049,1;;;
Franklin;01:36:49;16:20:26;-202.0893,-1416.873,-1416.873;True,Vans,SPEEDO,8,478192,0;;;
Franklin;01:37:05;16:20:27;-204.7167,-1418.917,-1418.917;True,Vans,SPEEDO,6,389243,1;;;
Franklin;01:37:21;16:20:27;-208.2458,-1420.68,-1420.68;True,Vans,SPEEDO,9,02992,1;;;
Franklin;01:37:36;16:20:28;-212.2718,-1423.219,-1423.219;True,Vans,SPEEDO,8,88391,1;;;
Franklin;01:37:52;16:20:28;-215.4471,-1426.479,-1426.479;True,Vans,SPEEDO,8,099651,0;;;
Franklin;01:38:07;16:20:29;-217.9179,-1429.398,-1429.398;True,Vans,SPEEDO,6,975981,1;;;
Franklin;01:38:23;16:20:30;-219.932,-1432.663,-1432.663;True,Vans,SPEEDO,7,270173,1;;;
Franklin;01:38:39;16:20:30;-221.9592,-1436.772,-1436.772;True,Vans,SPEEDO,10,20378,1;;;
Franklin;01:38:54;16:20:31;-223.4093,-1441.339,-1441.339;True,Vans,SPEEDO,8,223177,0;;;
Franklin;01:39:10;16:20:31;-223.3956,-1446.023,-1446.023;True,Vans,SPEEDO,10,13024,1;;;
Franklin;01:39:26;16:20:32;-221.5297,-1451,-1451;True,Vans,SPEEDO,9,683289,0;;;
Franklin;01:39:41;16:20:32;-219.0667,-1454.918,-1454.918;True,Vans,SPEEDO,8,8028,1;;;
Franklin;01:39:57;16:20:33;-215.917,-1458.887,-1458.887;True,Vans,SPEEDO,10,40568,0;;;
Franklin;01:40:12;16:20:33;-212.692,-1462.9,-1462.9;True,Vans,SPEEDO,10,38781,1;;;
Franklin;01:40:28;16:20:34;-209.0252,-1467.493,-1467.493;True,Vans,SPEEDO,12,16259,1;;;
Franklin;01:40:43;16:20:34;-205.0181,-1472.933,-1472.933;True,Vans,SPEEDO,13,46273,1;;;
Franklin;01:40:59;16:20:35;-203.0905,-1478.855,-1478.855;True,Vans,SPEEDO,10,98398,0;;;
Franklin;01:41:15;16:20:35;-204.5156,-1483.646,-1483.646;True,Vans,SPEEDO,8,931473,1;;;
Franklin;01:41:30;16:20:36;-207.7727,-1487.39,-1487.39;True,Vans,SPEEDO,10,56275,0;;;
Franklin;01:41:45;16:20:36;-211.4453,-1490.762,-1490.762;True,Vans,SPEEDO,8,540047,0;;;
Franklin;01:42:01;16:20:37;-214.0588,-1493.112,-1493.112;True,Vans,SPEEDO,5,265239,0;;;
Franklin;01:42:17;16:20:37;-215.5501,-1494.447,-1494.447;True,Vans,SPEEDO,2,536731,0;;;
Franklin;01:42:26;16:20:38;-217.1472,-1495.442,-1495.442;;;;
Franklin;01:42:26;16:20:38;-217.1473,-1495.442,-1495.442;;Alright, motherfucker.;Cutscene;Cutscene
Franklin;01:42:26;16:20:39;-217.1494,-1495.443,-1495.443;;;;
Franklin;01:42:26;16:20:39;-217.1558,-1495.46,-1495.46;;;;
Franklin;01:42:26;16:20:40;-217.1566,-1495.462,-1495.462;;You the motherfucker.;Cutscene;Cutscene
Franklin;01:42:26;16:20:40;-217.1551,-1495.458,-1495.458;;;;
Franklin;01:42:26;16:20:41;-217.1557,-1495.46,-1495.46;;You'd better watch out for them Ballas,;Cutscene;Cutscene
Franklin;01:42:26;16:20:41;-217.1556,-1495.459,-1495.459;;;;
Franklin;01:42:26;16:20:42;-217.1556,-1495.459,-1495.459;;;;
Franklin;01:42:26;16:20:42;-217.1556,-1495.459,-1495.459;;they gonna be on you now.;Cutscene;Cutscene
Franklin;01:42:26;16:20:43;-217.1556,-1495.459,-1495.459;;;;
Franklin;01:42:26;16:20:44;-217.1556,-1495.459,-1495.459;;;;
Franklin;01:42:26;16:20:44;-217.1556,-1495.459,-1495.459;;Them cops gonna be on your ass too.;Cutscene;Cutscene
Franklin;01:42:26;16:20:45;-217.1556,-1495.459,-1495.459;;;;
Franklin;01:42:26;16:20:45;-217.1556,-1495.459,-1495.459;;;;
Franklin;01:42:26;16:20:46;-217.1556,-1495.459,-1495.459;;Yeah, I ain't worried about it.;Cutscene;Cutscene
Franklin;01:42:26;16:20:46;-217.1556,-1495.459,-1495.459;;;;
Franklin;01:42:26;16:20:47;-217.1525,-1495.457,-1495.457;;;;
Franklin;01:42:26;16:20:47;-217.1494,-1495.454,-1495.454;;I'm a motherfucking gangster, you know how I do.;Cutscene;Cutscene
Franklin;01:42:26;16:20:48;-217.1586,-1495.462,-1495.462;;;;
Franklin;01:42:26;16:20:48;-217.1553,-1495.459,-1495.459;;;;
Franklin;01:42:26;16:20:49;-217.1557,-1495.459,-1495.459;;;;
Franklin;01:42:26;16:20:49;-217.1555,-1495.459,-1495.459;;;;
Franklin;01:42:26;16:20:50;-217.1555,-1495.459,-1495.459;;;;
Franklin;01:42:26;16:20:50;-217.1556,-1495.459,-1495.459;;I can take care of my sizelf.;Cutscene;Cutscene
Franklin;01:42:26;16:20:51;-217.1556,-1495.459,-1495.459;;;;
Franklin;01:42:26;16:20:51;-217.1556,-1495.459,-1495.459;;;;
Franklin;01:42:26;16:20:52;-217.156,-1495.46,-1495.46;;;;
Franklin;01:42:26;16:20:52;-217.1568,-1495.462,-1495.462;;No the fuck you cizain't.;Cutscene;Cutscene
Franklin;01:42:26;16:20:53;-217.1569,-1495.462,-1495.462;;;;
Franklin;01:42:26;16:20:53;-217.156,-1495.461,-1495.461;;;;
Franklin;01:42:26;16:20:54;-217.1549,-1495.459,-1495.459;;;;
Franklin;01:42:26;16:20:54;-217.1552,-1495.459,-1495.459;;;;
Franklin;01:42:26;16:20:55;-217.1556,-1495.459,-1495.459;;;;
Franklin;01:42:34;16:20:55;-217.0641,-1494.719,-1494.719;True,Vans,SPEEDO,0,0;;;
Franklin;01:42:49;16:20:56;-217.0641,-1494.719,-1494.719;True,Vans,SPEEDO,0,0;;;
Franklin;01:43:05;16:20:56;-217.0641,-1494.719,-1494.719;True,Vans,SPEEDO,0,0;;;
Franklin;01:43:21;16:20:57;-217.0641,-1494.719,-1494.719;True,Vans,SPEEDO,0,0;;;
Franklin;01:43:36;16:20:57;-217.0641,-1494.719,-1494.719;True,Vans,SPEEDO,0,0;;;
Franklin;01:43:52;16:20:58;-217.0641,-1494.719,-1494.719;True,Vans,SPEEDO,0,0;;;
Franklin;01:44:07;16:20:59;-217.0561,-1494.712,-1494.712;True,Vans,SPEEDO,0,1719631,-1;;;
Franklin;01:44:23;16:20:59;-216.711,-1494.407,-1494.407;True,Vans,SPEEDO,1,571014,-1;;;
Franklin;01:44:39;16:21:00;-216.0438,-1493.818,-1493.818;True,Vans,SPEEDO,1,08149,0;;;
Franklin;01:44:55;16:21:00;-215.9074,-1493.699,-1493.699;True,Vans,SPEEDO,0,01577213,0;;;
Franklin;01:45:10;16:21:01;-215.909,-1493.701,-1493.701;True,Vans,SPEEDO,0,0;;;
Franklin;01:45:26;16:21:01;-215.865,-1493.662,-1493.662;True,Vans,SPEEDO,0,5146962,-1;;;
Franklin;01:45:41;16:21:02;-215.3955,-1493.244,-1493.244;True,Vans,SPEEDO,1,94352,-1;;;
Franklin;01:45:57;16:21:02;-214.2854,-1492.254,-1492.254;True,Vans,SPEEDO,3,865381,-1;;;
Franklin;01:46:12;16:21:03;-212.3085,-1490.492,-1490.492;True,Vans,SPEEDO,6,383015,-1;;;
Franklin;01:46:28;16:21:03;-209.83,-1488.287,-1488.287;True,Vans,SPEEDO,5,742497,0;;;
Franklin;01:46:43;16:21:04;-207.5242,-1486.477,-1486.477;True,Vans,SPEEDO,6,222729,-1;;;
Franklin;01:46:59;16:21:04;-204.9323,-1483.496,-1483.496;True,Vans,SPEEDO,8,943188,-1;;;
Franklin;01:47:15;16:21:05;-201.8778,-1479.288,-1479.288;True,Vans,SPEEDO,10,85824,-1;;;
Franklin;01:47:30;16:21:05;-201.5708,-1474.079,-1474.079;True,Vans,SPEEDO,8,028224,0;;;
Franklin;01:47:46;16:21:06;-202.3545,-1471.812,-1471.812;True,Vans,SPEEDO,1,799978,1;;;
Franklin;01:48:01;16:21:06;-202.6314,-1471.735,-1471.735;True,Vans,SPEEDO,0,7436846,-1;;;
Franklin;01:48:17;16:21:07;-203.0702,-1472.21,-1472.21;True,Vans,SPEEDO,1,885696,-1;;;
Franklin;01:48:32;16:21:07;-204.2561,-1472.934,-1472.934;True,Vans,SPEEDO,3,42432,0;;;
Franklin;01:48:48;16:21:08;-204.9962,-1473.173,-1473.173;True,Vans,SPEEDO,0,2019909,1;;;
Franklin;01:49:04;16:21:08;-204.6491,-1473.213,-1473.213;True,Vans,SPEEDO,1,253382,1;;;
Franklin;01:49:19;16:21:09;-203.6639,-1473.554,-1473.554;True,Vans,SPEEDO,2,800278,1;;;
Franklin;01:49:35;16:21:09;-201.7531,-1474.345,-1474.345;True,Vans,SPEEDO,5,232378,1;;;
Franklin;01:49:50;16:21:10;-198.9187,-1476.255,-1476.255;True,Vans,SPEEDO,8,20767,1;;;
Franklin;01:50:06;16:21:10;-195.2136,-1479.74,-1479.74;True,Vans,SPEEDO,10,06308,0;;;
Franklin;01:50:22;16:21:11;-191.563,-1483.412,-1483.412;True,Vans,SPEEDO,10,65371,1;;;
Franklin;01:50:37;16:21:12;-187.3674,-1487.543,-1487.543;True,Vans,SPEEDO,11,08948,0;;;
Franklin;01:50:53;16:21:12;-183.4065,-1491.042,-1491.042;True,Vans,SPEEDO,9,17402,0;;;
Franklin;01:51:08;16:21:13;-179.8563,-1493.723,-1493.723;True,Vans,SPEEDO,8,131325,0;;;
Franklin;01:51:24;16:21:13;-175.9379,-1496.062,-1496.062;True,Vans,SPEEDO,10,09429,1;;;
Franklin;01:51:40;16:21:14;-171.5944,-1498.941,-1498.941;True,Vans,SPEEDO,9,641772,1;;;
Franklin;01:51:55;16:21:14;-167.1025,-1501.948,-1501.948;True,Vans,SPEEDO,11,16232,1;;;
Franklin;01:52:11;16:21:15;-161.9589,-1505.372,-1505.372;True,Vans,SPEEDO,12,61619,1;;;
Franklin;01:52:26;16:21:15;-156.8397,-1509.093,-1509.093;True,Vans,SPEEDO,11,53456,1;;;
Franklin;01:52:42;16:21:16;-152.0131,-1513.196,-1513.196;True,Vans,SPEEDO,13,0201,1;;;
Franklin;01:52:57;16:21:16;-146.6978,-1517.57,-1517.57;True,Vans,SPEEDO,12,50038,0;;;
Franklin;01:53:13;16:21:17;-141.9292,-1521.125,-1521.125;True,Vans,SPEEDO,10,76752,0;;;
Franklin;01:53:28;16:21:17;-137.5299,-1523.642,-1523.642;True,Vans,SPEEDO,9,289217,1;;;
Franklin;01:53:44;16:21:18;-132.6504,-1525.576,-1525.576;True,Vans,SPEEDO,10,8159,1;;;
Franklin;01:54:00;16:21:18;-126.9624,-1526.425,-1526.425;True,Vans,SPEEDO,10,55153,1;;;
Franklin;01:54:15;16:21:19;-121.529,-1525.506,-1525.506;True,Vans,SPEEDO,11,15533,1;;;
Franklin;01:54:30;16:21:19;-116.1332,-1522.912,-1522.912;True,Vans,SPEEDO,11,69724,0;;;
Franklin;01:54:46;16:21:20;-111.6554,-1518.936,-1518.936;True,Vans,SPEEDO,12,16959,1;;;
Franklin;01:55:02;16:21:20;-106.7878,-1514.099,-1514.099;True,Vans,SPEEDO,14,24368,1;;;
Franklin;01:55:17;16:21:21;-101.383,-1508.501,-1508.501;True,Vans,SPEEDO,15,76506,0;;;
Franklin;01:55:33;16:21:21;-96.31758,-1502.559,-1502.559;True,Vans,SPEEDO,15,18558,1;;;
Franklin;01:55:48;16:21:22;-91.43393,-1496.682,-1496.682;True,Vans,SPEEDO,14,60744,0;;;
Franklin;01:56:04;16:21:22;-86.22973,-1490.454,-1490.454;True,Vans,SPEEDO,16,65547,1;;;
Franklin;01:56:19;16:21:23;-80.6766,-1483.807,-1483.807;True,Vans,SPEEDO,16,86482,1;;;
Franklin;01:56:35;16:21:23;-74.56821,-1477.622,-1477.622;True,Vans,SPEEDO,16,58418,1;;;
Franklin;01:56:50;16:21:24;-67.27905,-1472.7,-1472.7;True,Vans,SPEEDO,16,35075,0;;;
Franklin;01:57:06;16:21:24;-59.8657,-1470.045,-1470.045;True,Vans,SPEEDO,14,49191,0;;;
Franklin;01:57:21;16:21:25;-53.02441,-1468.442,-1468.442;True,Vans,SPEEDO,12,76387,0;;;
Franklin;01:57:37;16:21:26;-46.95319,-1467.115,-1467.115;True,Vans,SPEEDO,11,14892,0;;;
Franklin;01:57:53;16:21:26;-42.19228,-1466.106,-1466.106;True,Vans,SPEEDO,6,205912,0;;;
Franklin;01:58:08;16:21:27;-39.26304,-1465.501,-1465.501;True,Vans,SPEEDO,6,130654,1;;;
Franklin;01:58:24;16:21:27;-35.72533,-1464.774,-1464.774;True,Vans,SPEEDO,6,719433,0;;;
Franklin;01:58:39;16:21:28;-32.6758,-1464.138,-1464.138;True,Vans,SPEEDO,5,376425,0;;;
Franklin;01:58:55;16:21:28;-30.29691,-1463.623,-1463.623;True,Vans,SPEEDO,4,015491,0;;;
Franklin;01:59:10;16:21:29;-28.58556,-1463.217,-1463.217;True,Vans,SPEEDO,3,304555,1;;;
Franklin;01:59:26;16:21:29;-26.64312,-1461.985,-1461.985;True,Vans,SPEEDO,5,777932,1;;;
Franklin;01:59:42;16:21:30;-24.91648,-1459.461,-1459.461;True,Vans,SPEEDO,5,225138,0;;;
Franklin;01:59:57;16:21:30;-24.62192,-1456.917,-1456.917;True,Vans,SPEEDO,5,482652,0;;;
Franklin;02:00:13;16:21:31;-24.58497,-1454.507,-1454.507;True,Vans,SPEEDO,3,385527,0;;;
Franklin;02:00:28;16:21:31;-24.68205,-1454.045,-1454.045;True,Vans,SPEEDO,0,3577247,0;;;
Franklin;02:00:44;16:21:32;-24.80659,-1454.065,-1454.065;True,Vans,SPEEDO,0,1512032,0;;;
Franklin;02:00:59;16:21:32;-26.44369,-1453.819,-1453.819;;;;
Franklin;02:01:15;16:21:33;-26.59657,-1454.061,-1454.061;;;;
Franklin;02:01:30;16:21:33;-27.24339,-1454.937,-1454.937;;;;
Franklin;02:01:46;16:21:34;-27.81796,-1457.52,-1457.52;;;;
Franklin;02:02:01;16:21:34;-25.12665,-1457.959,-1457.959;;;;
Franklin;02:02:17;16:21:35;-21.96488,-1456.716,-1456.716;;;;
Franklin;02:02:33;16:21:35;-18.80322,-1455.053,-1455.053;;;;
Franklin;02:02:48;16:21:36;-15.75034,-1453.377,-1453.377;;;;
Franklin;02:03:04;16:21:36;-14.46245,-1450.382,-1450.382;;;;
Franklin;02:03:20;16:21:37;-14.36488,-1446.794,-1446.794;;;;
Franklin;02:03:35;16:21:37;-14.25401,-1443.177,-1443.177;;;;
Franklin;02:03:51;16:21:38;-14.02848,-1439.85,-1439.85;;;;
Franklin;02:04:06;16:21:38;-13.93593,-1437.826,-1437.826;;Ohh honey. I've got a pelvic floor like a sumo wrestler.;DENISE;FMF_AFAA
Franklin;02:04:22;16:21:39;-13.91047,-1437.269,-1437.269;;;;
Franklin;02:04:37;16:21:40;-13.90621,-1437.177,-1437.177;;;;
Franklin;02:04:53;16:21:40;-13.90621,-1437.177,-1437.177;;;;
Franklin;02:05:08;16:21:41;-14.00121,-1437.196,-1437.196;;;;
Franklin;02:05:24;16:21:41;-14.8461,-1437.353,-1437.353;;;;
Franklin;02:05:39;16:21:42;-15.44312,-1438.232,-1438.232;;;;
Franklin;02:05:55;16:21:42;-16.40467,-1438.923,-1438.923;;;;
Franklin;02:06:10;16:21:43;-17.63256,-1439.539,-1439.539;;;;
Franklin;02:06:26;16:21:43;-18.23886,-1440.404,-1440.404;;;;
Franklin;02:06:41;16:21:44;-18.37898,-1440.649,-1440.649;;;;
Franklin;02:06:57;16:21:44;-17.96549,-1439.944,-1439.944;;;;
Franklin;02:07:12;16:21:45;-18.0755,-1440.147,-1440.147;;;;
Franklin;02:07:28;16:21:45;-18.27149,-1440.575,-1440.575;;;;
Franklin;02:07:43;16:21:46;-18.30002,-1440.838,-1440.838;;;;
Franklin;02:07:59;16:21:46;-18.29765,-1441.075,-1441.075;;;;
Franklin;02:08:14;16:21:47;-18.29551,-1441.289,-1441.289;;;;
Franklin;02:08:30;16:21:47;-18.29393,-1441.447,-1441.447;;;;
Franklin;02:08:46;16:21:48;-18.29308,-1441.532,-1441.532;;;;
Franklin;02:09:01;16:21:48;-18.29306,-1441.534,-1441.534;;;;
Franklin;02:09:17;16:21:49;-18.29306,-1441.534,-1441.534;;;;
Franklin;02:09:32;16:21:49;-18.29306,-1441.534,-1441.534;;;;
Franklin;02:09:48;16:21:50;-18.29306,-1441.534,-1441.534;;;;
Franklin;02:10:03;16:21:50;-18.29306,-1441.534,-1441.534;;;;
Franklin;10:10:17;16:21:54;-18.29306,-1441.534,-1441.534;;;;
Franklin;10:10:32;16:21:55;-18.29306,-1441.534,-1441.534;;;;
Franklin;10:10:48;16:21:55;-18.29315,-1441.525,-1441.525;;;;
Franklin;10:11:04;16:21:56;-18.29488,-1441.351,-1441.351;;;;
Franklin;10:11:19;16:21:56;-18.25752,-1441.123,-1441.123;;;;
Franklin;10:11:35;16:21:57;-18.13387,-1440.923,-1440.923;;;;
Franklin;10:11:51;16:21:57;-18.03149,-1440.742,-1440.742;;;;
Franklin;10:12:06;16:21:58;-17.92821,-1440.577,-1440.577;;;;
Franklin;10:12:22;16:21:59;-17.8291,-1440.448,-1440.448;;;;
Franklin;10:12:38;16:21:59;-17.7659,-1440.357,-1440.357;;;;
Franklin;10:12:53;16:22:00;-17.75869,-1440.34,-1440.34;;;;
Franklin;10:13:09;16:22:00;-17.75869,-1440.34,-1440.34;;;;
Franklin;10:13:24;16:22:01;-17.75869,-1440.34,-1440.34;;;;
Franklin;10:13:40;16:22:01;-17.75739,-1440.337,-1440.337;;;;
Franklin;10:13:56;16:22:02;-17.27011,-1439.509,-1439.509;;;;
Franklin;10:14:11;16:22:02;-15.5621,-1438.792,-1438.792;;;;
Franklin;10:14:27;16:22:03;-14.68055,-1440.231,-1440.231;;;;
Franklin;10:14:42;16:22:03;-14.16473,-1442.04,-1442.04;;;;
Franklin;10:14:58;16:22:04;-13.98808,-1444.43,-1444.43;;;;
Franklin;10:15:14;16:22:04;-14.18014,-1444.551,-1444.551;;;;
Franklin;10:15:29;16:22:05;-14.85075,-1444.867,-1444.867;;;;
Franklin;10:15:45;16:22:05;-16.34275,-1445.103,-1445.103;;;;
Franklin;10:16:01;16:22:06;-18.82063,-1444.734,-1444.734;;;;
Franklin;10:16:17;16:22:06;-21.43569,-1442.592,-1442.592;;;;
Franklin;10:16:32;16:22:07;-23.03527,-1439.366,-1439.366;;;;
Franklin;10:16:48;16:22:07;-23.97501,-1435.854,-1435.854;;;;
Franklin;10:17:04;16:22:08;-24.27562,-1434.568,-1434.568;;;;
Franklin;10:17:20;16:22:08;-24.33269,-1434.297,-1434.297;;;;
Franklin;10:17:35;16:22:09;-24.44367,-1433.821,-1433.821;;;;
Franklin;10:17:51;16:22:10;-25.00904,-1432.311,-1432.311;;;;
Franklin;10:18:07;16:22:10;-26.30259,-1430.049,-1430.049;;;;
Franklin;10:18:22;16:22:11;-26.38873,-1427.367,-1427.367;;;;
Franklin;10:18:38;16:22:11;-26.38855,-1427.367,-1427.367;;;;
Franklin;10:18:53;16:22:12;-25.14227,-1426.888,-1426.888;True,Sports,BUFFALO02,0,0;;;
Franklin;10:19:09;16:22:12;-25.14228,-1426.888,-1426.888;True,Sports,BUFFALO02,0,003551068,0;;;
Franklin;10:19:24;16:22:13;-25.13939,-1426.889,-1426.889;True,Sports,BUFFALO02,0,01554278,0;;;
Franklin;10:19:40;16:22:13;-25.14146,-1426.889,-1426.889;True,Sports,BUFFALO02,0,0;;;
Franklin;10:19:56;16:22:14;-25.14146,-1426.889,-1426.889;True,Sports,BUFFALO02,0,0;;;
Franklin;10:20:11;16:22:14;-25.14146,-1426.889,-1426.889;True,Sports,BUFFALO02,0,0;;;
Franklin;10:20:27;16:22:24;-25.14146,-1426.889,-1426.889;True,Sports,BUFFALO02,0,0;;;
Franklin;10:20:42;16:22:24;-25.13399,-1427.069,-1427.069;True,Sports,BUFFALO02,1,131944,-1;;;
Franklin;10:20:58;16:22:25;-25.08312,-1428.288,-1428.288;True,Sports,BUFFALO02,3,721565,-1;;;
Franklin;10:21:13;16:22:25;-24.98213,-1430.746,-1430.746;True,Sports,BUFFALO02,4,476442,0;;;
Franklin;10:21:29;16:22:26;-24.90119,-1432.713,-1432.713;True,Sports,BUFFALO02,3,751723,-1;;;
Franklin;10:21:45;16:22:26;-24.78502,-1435.585,-1435.585;True,Sports,BUFFALO02,6,172859,0;;;
Franklin;10:22:00;16:22:27;-24.67155,-1438.338,-1438.338;True,Sports,BUFFALO02,4,507925,0;;;
Franklin;10:22:16;16:22:27;-24.65281,-1440.122,-1440.122;True,Sports,BUFFALO02,2,550594,0;;;
Franklin;10:22:31;16:22:28;-24.45757,-1441.085,-1441.085;True,Sports,BUFFALO02,2,255359,-1;;;
Franklin;10:22:47;16:22:28;-24.34903,-1443.01,-1443.01;True,Sports,BUFFALO02,5,098065,-1;;;
Franklin;10:23:02;16:22:29;-24.25556,-1446.771,-1446.771;True,Sports,BUFFALO02,9,603255,-1;;;
Franklin;10:23:18;16:22:29;-24.66819,-1452.264,-1452.264;True,Sports,BUFFALO02,9,950347,0;;;
Franklin;10:23:33;16:22:30;-23.35989,-1455.935,-1455.935;True,Sports,BUFFALO02,4,583502,0;;;
Franklin;10:23:49;16:22:30;-23.80023,-1457.542,-1457.542;True,Sports,BUFFALO02,4,7857,1;;;
Franklin;10:24:05;16:22:31;-26.79048,-1458.97,-1458.97;True,Sports,BUFFALO02,8,609804,1;;;
Franklin;10:24:21;16:22:32;-32.59166,-1459.719,-1459.719;True,Sports,BUFFALO02,11,32885,1;;;
Franklin;10:24:37;16:22:32;-39.04634,-1460.257,-1460.257;True,Sports,BUFFALO02,12,5499,0;;;
Franklin;10:24:52;16:22:33;-45.74704,-1461.463,-1461.463;True,Sports,BUFFALO02,14,30558,1;;;
Franklin;10:25:08;16:22:33;-53.24405,-1462.913,-1462.913;True,Sports,BUFFALO02,14,55285,1;;;
Franklin;10:25:24;16:22:34;-60.58275,-1464.895,-1464.895;True,Sports,BUFFALO02,14,42083,1;;;
Franklin;10:25:39;16:22:34;-67.04884,-1468.338,-1468.338;True,Sports,BUFFALO02,13,39884,0;;;
Franklin;10:25:55;16:22:35;-73.02351,-1472.399,-1472.399;True,Sports,BUFFALO02,15,14243,1;;;
Franklin;10:26:10;16:22:35;-79.35768,-1477.849,-1477.849;True,Sports,BUFFALO02,16,10948,0;;;
Franklin;10:26:26;16:22:36;-84.53211,-1483.729,-1483.729;True,Sports,BUFFALO02,14,11143,0;;;
Franklin;10:26:41;16:22:36;-89.11543,-1489.113,-1489.113;True,Sports,BUFFALO02,13,01769,0;;;
Franklin;10:26:57;16:22:37;-93.49758,-1493.783,-1493.783;True,Sports,BUFFALO02,12,25278,1;;;
Franklin;10:27:13;16:22:37;-97.08811,-1498.477,-1498.477;True,Sports,BUFFALO02,10,35287,0;;;
Franklin;10:27:28;16:22:38;-100.071,-1502.384,-1502.384;True,Sports,BUFFALO02,8,709465,0;;;
Franklin;10:27:44;16:22:38;-102.8603,-1505.286,-1505.286;True,Sports,BUFFALO02,6,780769,0;;;
Franklin;10:28:00;16:22:39;-103.7991,-1506.194,-1506.194;True,Sports,BUFFALO02,0,05649924,0;;;
Franklin;10:28:08;16:27:06;-103.7943,-1506.188,-1506.188;True,Sports,BUFFALO02,0,005157381,0;;;
Franklin;10:28:25;16:27:08;-103.7941,-1506.188,-1506.188;True,Sports,BUFFALO02,0,0;;;
Franklin;10:28:41;16:27:09;-103.8489,-1506.267,-1506.267;True,Sports,BUFFALO02,0,761209,1;;;
Franklin;10:28:56;16:27:09;-104.3597,-1506.84,-1506.84;True,Sports,BUFFALO02,0,8636997,0;;;
Franklin;10:29:11;16:27:10;-104.3862,-1506.87,-1506.87;True,Sports,BUFFALO02,0,004983655,0;;;
Franklin;10:29:27;16:27:10;-104.3945,-1506.877,-1506.877;True,Sports,BUFFALO02,0,2111827,1;;;
Franklin;10:29:43;16:27:11;-104.893,-1507.12,-1507.12;True,Sports,BUFFALO02,2,012868,1;;;
Franklin;10:29:58;16:27:11;-106.3644,-1508.038,-1508.038;True,Sports,BUFFALO02,3,756002,0;;;
Franklin;10:30:14;16:27:12;-107.5706,-1508.963,-1508.963;True,Sports,BUFFALO02,2,120007,0;;;
Franklin;10:30:30;16:27:12;-108.1143,-1509.361,-1509.361;True,Sports,BUFFALO02,0,6918933,1;;;
Franklin;10:30:45;16:27:13;-108.9096,-1509.772,-1509.772;True,Sports,BUFFALO02,2,971471,1;;;
Franklin;10:31:01;16:27:13;-110.4323,-1510.902,-1510.902;True,Sports,BUFFALO02,2,920111,0;;;
Franklin;10:31:16;16:27:14;-111.053,-1511.169,-1511.169;True,Sports,BUFFALO02,0,03549537,0;;;
Franklin;10:31:32;16:27:14;-111.0497,-1511.167,-1511.167;True,Sports,BUFFALO02,0,0;;;
Franklin;10:31:47;16:27:15;-111.0524,-1511.169,-1511.169;True,Sports,BUFFALO02,0,08688978,1;;;
Franklin;10:32:03;16:27:15;-111.5467,-1511.353,-1511.353;True,Sports,BUFFALO02,2,174096,1;;;
Franklin;10:32:18;16:27:16;-113.3294,-1511.671,-1511.671;True,Sports,BUFFALO02,5,344885,1;;;
Franklin;10:32:34;16:27:16;-117.3801,-1511.318,-1511.318;True,Sports,BUFFALO02,10,52886,1;;;
Franklin;10:32:49;16:27:17;-122.5073,-1508.698,-1508.698;True,Sports,BUFFALO02,10,60915,0;;;
Franklin;10:33:05;16:27:18;-126.9669,-1505.724,-1505.724;True,Sports,BUFFALO02,10,67164,0;;;
Franklin;10:33:20;16:27:18;-131.4136,-1502.584,-1502.584;True,Sports,BUFFALO02,11,15313,0;;;
Franklin;10:33:36;16:27:19;-135.8238,-1498.524,-1498.524;True,Sports,BUFFALO02,11,02757,0;;;
Franklin;10:33:52;16:27:19;-140.1783,-1494.735,-1494.735;True,Sports,BUFFALO02,12,18908,1;;;
Franklin;10:34:07;16:27:20;-145.7953,-1490.186,-1490.186;True,Sports,BUFFALO02,15,46005,1;;;
Franklin;10:34:23;16:27:20;-152.4209,-1485.229,-1485.229;True,Sports,BUFFALO02,15,47911,0;;;
Franklin;10:34:39;16:27:21;-158.9863,-1480.338,-1480.338;True,Sports,BUFFALO02,15,51451,0;;;
Franklin;10:34:54;16:27:21;-165.2068,-1475.758,-1475.758;True,Sports,BUFFALO02,15,23692,0;;;
Franklin;10:35:09;16:27:22;-172.1554,-1471.492,-1471.492;True,Sports,BUFFALO02,17,29828,1;;;
Franklin;10:35:25;16:27:22;-180.0121,-1466.292,-1466.292;True,Sports,BUFFALO02,17,87104,0;;;
Franklin;10:35:41;16:27:23;-187.2564,-1461.125,-1461.125;True,Sports,BUFFALO02,16,08713,0;;;
Franklin;10:35:56;16:27:23;-193.5904,-1456.631,-1456.631;True,Sports,BUFFALO02,14,10783,0;;;
Franklin;10:36:12;16:27:24;-198.7174,-1452.137,-1452.137;True,Sports,BUFFALO02,12,36207,0;;;
Franklin;10:36:27;16:27:24;-202.9792,-1448.646,-1448.646;True,Sports,BUFFALO02,8,441628,0;;;
Franklin;10:36:43;16:27:25;-204.9864,-1447.351,-1447.351;True,Sports,BUFFALO02,0,3294177,-1;;;
Franklin;10:36:59;16:27:25;-204.9404,-1447.37,-1447.37;True,Sports,BUFFALO02,0,5821674,-1;;;
Franklin;10:37:14;16:27:26;-204.6595,-1447.488,-1447.488;True,Sports,BUFFALO02,0,0329276,1;;;
Franklin;10:37:30;16:27:26;-204.6602,-1447.487,-1447.487;True,Sports,BUFFALO02,0,004261332,0;;;
Franklin;10:37:45;16:27:27;-204.6606,-1447.488,-1447.488;True,Sports,BUFFALO02,0,0;;;
Franklin;10:38:01;16:27:27;-204.6606,-1447.488,-1447.488;True,Sports,BUFFALO02,0,0;;;
Franklin;10:38:16;16:27:28;-204.6606,-1447.488,-1447.488;True,Sports,BUFFALO02,0,0;;;
Franklin;10:38:32;16:27:28;-204.679,-1447.469,-1447.469;True,Sports,BUFFALO02,0,003240369,0;;;
Franklin;10:38:47;16:27:29;-204.8033,-1447.342,-1447.342;True,Sports,BUFFALO02,0,6650034,1;;;
Franklin;10:39:03;16:27:29;-205.0285,-1447.083,-1447.083;True,Sports,BUFFALO02,0,01125341,0;;;
Franklin;10:39:19;16:27:30;-205.0279,-1447.085,-1447.085;True,Sports,BUFFALO02,0,0;;;
Franklin;10:39:34;16:27:30;-205.0279,-1447.085,-1447.085;True,Sports,BUFFALO02,0,0;;;
Franklin;10:39:50;16:27:31;-205.0279,-1447.085,-1447.085;True,Sports,BUFFALO02,0,0;;;
Franklin;10:40:05;16:27:32;-205.0496,-1447.059,-1447.059;True,Sports,BUFFALO02,0,4281128,1;;;
Franklin;10:40:21;16:27:32;-205.6566,-1446.51,-1446.51;True,Sports,BUFFALO02,2,889738,1;;;
Franklin;10:40:36;16:27:33;-207.5692,-1444.897,-1444.897;True,Sports,BUFFALO02,7,131239,1;;;
Franklin;10:40:52;16:27:33;-211.5965,-1441.475,-1441.475;True,Sports,BUFFALO02,11,37333,0;;;
Franklin;10:41:08;16:27:34;-216.5448,-1437.258,-1437.258;True,Sports,BUFFALO02,13,9256,1;;;
Franklin;10:41:23;16:27:34;-222.5555,-1432.224,-1432.224;True,Sports,BUFFALO02,15,63128,0;;;
Franklin;10:41:39;16:27:35;-228.8915,-1428.123,-1428.123;True,Sports,BUFFALO02,13,79117,0;;;
Franklin;10:41:54;16:27:35;-235.1079,-1425.006,-1425.006;True,Sports,BUFFALO02,13,17547,0;;;
Franklin;10:42:10;16:27:36;-241.0955,-1422.908,-1422.908;True,Sports,BUFFALO02,11,6553,1;;;
Franklin;10:42:25;16:27:36;-247.19,-1421.417,-1421.417;True,Sports,BUFFALO02,12,31105,1;;;
Franklin;10:42:41;16:27:37;-253.4575,-1420.714,-1420.714;True,Sports,BUFFALO02,11,32718,0;;;
Franklin;10:42:56;16:27:37;-258.5974,-1419.474,-1419.474;True,Sports,BUFFALO02,9,364882,0;;;
Franklin;10:43:12;16:27:38;-263.1962,-1417.59,-1417.59;True,Sports,BUFFALO02,11,06921,1;;;
Franklin;10:43:27;16:27:38;-266.7677,-1413.208,-1413.208;True,Sports,BUFFALO02,10,32749,0;;;
Franklin;10:43:43;16:27:39;-268.2014,-1407.826,-1407.826;True,Sports,BUFFALO02,11,72416,0;;;
Franklin;10:43:58;16:27:39;-268.7899,-1401.689,-1401.689;True,Sports,BUFFALO02,13,09132,1;;;
Franklin;10:44:14;16:27:40;-269.3434,-1394.028,-1394.028;True,Sports,BUFFALO02,16,41919,1;;;
Franklin;10:44:30;16:27:40;-270.0015,-1384.668,-1384.668;True,Sports,BUFFALO02,19,22705,1;;;
Franklin;10:44:45;16:27:41;-270.7272,-1374.218,-1374.218;True,Sports,BUFFALO02,20,3013,0;;;
Franklin;10:45:01;16:27:41;-271.1798,-1364.185,-1364.185;True,Sports,BUFFALO02,18,28366,0;;;
Franklin;10:45:16;16:27:42;-270.8208,-1354.403,-1354.403;True,Sports,BUFFALO02,19,97773,1;;;
Franklin;10:45:32;16:27:42;-271.2756,-1343.571,-1343.571;True,Sports,BUFFALO02,20,28785,0;;;
Franklin;10:45:48;16:27:43;-272.6418,-1332.772,-1332.772;True,Sports,BUFFALO02,21,97631,1;;;
Franklin;10:46:03;16:27:43;-272.5232,-1320.854,-1320.854;True,Sports,BUFFALO02,24,25366,1;;;
Franklin;10:46:19;16:27:44;-272.3406,-1308.279,-1308.279;True,Sports,BUFFALO02,24,26875,1;;;
Franklin;10:46:34;16:27:44;-272.563,-1296.15,-1296.15;True,Sports,BUFFALO02,23,40504,0;;;
Franklin;10:46:50;16:27:45;-272.4984,-1284.023,-1284.023;True,Sports,BUFFALO02,24,37157,1;;;
Franklin;10:47:06;16:27:46;-272.0036,-1270.773,-1270.773;True,Sports,BUFFALO02,26,52272,1;;;
Franklin;10:47:21;16:27:46;-272.3795,-1256.652,-1256.652;True,Sports,BUFFALO02,26,64586,0;;;
Franklin;10:47:37;16:27:47;-273.0265,-1243.436,-1243.436;True,Sports,BUFFALO02,25,16132,0;;;
Franklin;10:47:52;16:27:47;-272.9224,-1230.811,-1230.811;True,Sports,BUFFALO02,23,50964,0;;;
Franklin;10:48:08;16:27:48;-271.8978,-1219.58,-1219.58;True,Sports,BUFFALO02,19,76302,0;;;
Franklin;10:48:23;16:27:48;-270.8893,-1209.875,-1209.875;True,Sports,BUFFALO02,18,09949,0;;;
Franklin;10:48:39;16:27:49;-271.174,-1200.977,-1200.977;True,Sports,BUFFALO02,16,50814,0;;;
Franklin;10:48:54;16:27:49;-271.3911,-1192.946,-1192.946;True,Sports,BUFFALO02,14,80422,0;;;
Franklin;10:49:10;16:27:50;-272.6512,-1186.815,-1186.815;True,Sports,BUFFALO02,9,282189,0;;;
Franklin;10:49:26;16:27:50;-273.1744,-1183.451,-1183.451;True,Sports,BUFFALO02,4,97804,0;;;
Franklin;10:49:41;16:27:51;-273.2953,-1181.293,-1181.293;True,Sports,BUFFALO02,2,32401,0;;;
Franklin;10:49:57;16:27:51;-273.3081,-1181.137,-1181.137;True,Sports,BUFFALO02,0,009973737,0;;;
Franklin;10:50:13;16:27:52;-273.3082,-1181.138,-1181.138;True,Sports,BUFFALO02,0,0;;;
Franklin;10:50:28;16:27:52;-273.3082,-1181.138,-1181.138;True,Sports,BUFFALO02,0,0;;;
Franklin;10:50:44;16:27:53;-273.3076,-1181.14,-1181.14;True,Sports,BUFFALO02,0,06617177,-1;;;
Franklin;10:50:59;16:27:53;-273.2951,-1181.598,-1181.598;True,Sports,BUFFALO02,1,756138,-1;;;
Franklin;10:51:15;16:27:54;-273.0978,-1182.155,-1182.155;True,Sports,BUFFALO02,0,0526427,1;;;
Franklin;10:51:30;16:27:54;-272.9487,-1181.645,-1181.645;True,Sports,BUFFALO02,2,142489,1;;;
Franklin;10:51:46;16:27:55;-272.6355,-1180.055,-1180.055;True,Sports,BUFFALO02,1,244593,1;;;
Franklin;10:52:02;16:27:55;-272.3514,-1179.953,-1179.953;True,Sports,BUFFALO02,0,1820886,0;;;
Franklin;10:52:17;16:27:56;-272.2765,-1180.279,-1180.279;True,Sports,BUFFALO02,1,411342,-1;;;
Franklin;10:52:33;16:27:56;-272.2272,-1180.415,-1180.415;True,Sports,BUFFALO02,0,7850069,1;;;
Franklin;10:52:49;16:27:57;-271.9761,-1179.387,-1179.387;True,Sports,BUFFALO02,3,546,1;;;
Franklin;10:53:04;16:27:57;-271.9028,-1176.745,-1176.745;True,Sports,BUFFALO02,7,130025,1;;;
Franklin;10:53:20;16:27:58;-271.1558,-1171.576,-1171.576;True,Sports,BUFFALO02,11,52051,0;;;
Franklin;10:53:35;16:27:59;-271.5299,-1165.829,-1165.829;True,Sports,BUFFALO02,10,78148,0;;;
Franklin;10:53:51;16:27:59;-272.6479,-1160.263,-1160.263;True,Sports,BUFFALO02,12,03195,1;;;
Franklin;10:54:06;16:28:00;-274.1773,-1153.581,-1153.581;True,Sports,BUFFALO02,13,69079,0;;;
Franklin;10:54:22;16:28:00;-276.8678,-1147.641,-1147.641;True,Sports,BUFFALO02,12,61687,1;;;
Franklin;10:54:37;16:28:01;-281.9645,-1142.423,-1142.423;True,Sports,BUFFALO02,15,50251,1;;;
Franklin;10:54:53;16:28:01;-289.7793,-1138.52,-1138.52;True,Sports,BUFFALO02,18,03586,1;;;
Franklin;10:55:09;16:28:02;-299.657,-1136.621,-1136.621;True,Sports,BUFFALO02,20,44836,1;;;
Franklin;10:55:24;16:28:02;-310.1985,-1136.543,-1136.543;True,Sports,BUFFALO02,20,70706,1;;;
Franklin;10:55:40;16:28:03;-321.4529,-1135.521,-1135.521;True,Sports,BUFFALO02,22,2962,0;;;
Franklin;10:55:56;16:28:03;-332.6809,-1134.202,-1134.202;True,Sports,BUFFALO02,21,21203,1;;;
Franklin;10:56:11;16:28:04;-343.2469,-1131.917,-1131.917;True,Sports,BUFFALO02,20,39261,1;;;
Franklin;10:56:27;16:28:04;-353.3558,-1130.045,-1130.045;True,Sports,BUFFALO02,19,55818,1;;;
Franklin;10:56:42;16:28:05;-363.7816,-1127.969,-1127.969;True,Sports,BUFFALO02,21,9105,1;;;
Franklin;10:56:57;16:28:05;-375.4424,-1124.82,-1124.82;True,Sports,BUFFALO02,23,97446,0;;;
Franklin;10:57:13;16:28:06;-387.337,-1122.268,-1122.268;True,Sports,BUFFALO02,24,10667,1;;;
Franklin;10:57:29;16:28:06;-400.0814,-1119.222,-1119.222;True,Sports,BUFFALO02,25,82614,1;;;
Franklin;10:57:44;16:28:07;-413.0848,-1115.778,-1115.778;True,Sports,BUFFALO02,24,84502,0;;;
Franklin;10:58:00;16:28:07;-425.0665,-1112.588,-1112.588;True,Sports,BUFFALO02,23,11358,1;;;
Franklin;10:58:16;16:28:08;-436.3721,-1108.941,-1108.941;True,Sports,BUFFALO02,22,01089,0;;;
Franklin;10:58:31;16:28:08;-446.5288,-1104.988,-1104.988;True,Sports,BUFFALO02,20,11159,0;;;
Franklin;10:58:47;16:28:09;-456.138,-1101.802,-1101.802;True,Sports,BUFFALO02,18,55875,0;;;
Franklin;10:59:03;16:28:09;-465.1965,-1099.105,-1099.105;True,Sports,BUFFALO02,17,72726,0;;;
Franklin;10:59:18;16:28:10;-474.0904,-1096.113,-1096.113;True,Sports,BUFFALO02,17,56761,0;;;
Franklin;10:59:34;16:28:10;-482.0926,-1092.891,-1092.891;True,Sports,BUFFALO02,16,32298,0;;;
Franklin;10:59:49;16:28:11;-489.6232,-1089.704,-1089.704;True,Sports,BUFFALO02,14,99534,0;;;
Franklin;11:00:05;16:28:12;-496.1378,-1086.17,-1086.17;True,Sports,BUFFALO02,13,53114,0;;;
Franklin;11:00:21;16:28:12;-501.6528,-1083.797,-1083.797;True,Sports,BUFFALO02,7,926478,0;;;
Franklin;11:00:36;16:28:13;-504.8541,-1081.994,-1081.994;True,Sports,BUFFALO02,6,67042,0;;;
Franklin;11:00:52;16:28:13;-506.1587,-1081.158,-1081.158;True,Sports,BUFFALO02,1,088004,0;;;
Franklin;11:01:07;16:28:14;-506.3504,-1081.038,-1081.038;True,Sports,BUFFALO02,0,005519813,0;;;
Franklin;11:01:23;16:28:14;-506.3512,-1081.038,-1081.038;True,Sports,BUFFALO02,0,06152523,1;;;
Franklin;11:01:38;16:28:15;-506.8434,-1080.68,-1080.68;True,Sports,BUFFALO02,2,619735,1;;;
Franklin;11:01:54;16:28:15;-508.9208,-1079.288,-1079.288;True,Sports,BUFFALO02,7,439097,1;;;
Franklin;11:02:09;16:28:16;-512.9405,-1075.832,-1075.832;True,Sports,BUFFALO02,11,17652,0;;;
Franklin;11:02:25;16:28:16;-518.082,-1071.91,-1071.91;True,Sports,BUFFALO02,13,93107,1;;;
Franklin;11:02:41;16:28:17;-524.0214,-1066.423,-1066.423;True,Sports,BUFFALO02,16,67111,0;;;
Franklin;11:02:56;16:28:17;-529.2172,-1060.275,-1060.275;True,Sports,BUFFALO02,14,41352,0;;;
Franklin;11:03:12;16:28:18;-531.5378,-1053.796,-1053.796;True,Sports,BUFFALO02,13,20468,1;;;
Franklin;11:03:27;16:28:18;-532.1199,-1046.635,-1046.635;True,Sports,BUFFALO02,13,4765,0;;;
Franklin;11:03:43;16:28:19;-532.3807,-1039.773,-1039.773;True,Sports,BUFFALO02,12,9601,0;;;
Franklin;11:03:58;16:28:19;-532.693,-1033.09,-1033.09;True,Sports,BUFFALO02,13,95466,1;;;
Franklin;11:04:14;16:28:20;-533.1255,-1025.969,-1025.969;True,Sports,BUFFALO02,12,8966,0;;;
Franklin;11:04:30;16:28:20;-535.0764,-1019.706,-1019.706;True,Sports,BUFFALO02,12,07598,0;;;
Franklin;11:04:45;16:28:21;-537.7264,-1013.561,-1013.561;True,Sports,BUFFALO02,12,60837,0;;;
Franklin;11:05:01;16:28:21;-539.0712,-1007.699,-1007.699;True,Sports,BUFFALO02,10,52967,0;;;
Franklin;11:05:16;16:28:22;-539.4256,-1002.693,-1002.693;True,Sports,BUFFALO02,8,625855,0;;;
Franklin;11:05:32;16:28:22;-540.2841,-998.837,-998.837;True,Sports,BUFFALO02,6,709483,0;;;
Franklin;11:05:48;16:28:23;-541.304,-994.8617,-994.8617;True,Sports,BUFFALO02,7,502164,0;;;
Franklin;11:06:04;16:28:23;-541.6053,-991.522,-991.522;True,Sports,BUFFALO02,5,559281,0;;;
Franklin;11:06:19;16:28:24;-541.4016,-989.2177,-989.2177;True,Sports,BUFFALO02,3,746491,1;;;
Franklin;11:06:35;16:28:25;-541.3576,-986.9837,-986.9837;True,Sports,BUFFALO02,4,394947,1;;;
Franklin;11:06:51;16:28:25;-541.4089,-983.7766,-983.7766;True,Sports,BUFFALO02,6,425387,0;;;
Franklin;11:07:06;16:28:26;-541.5649,-980.7747,-980.7747;True,Sports,BUFFALO02,6,126563,1;;;
Franklin;11:07:22;16:28:26;-541.6891,-976.4118,-976.4118;True,Sports,BUFFALO02,10,51077,0;;;
Franklin;11:07:37;16:28:27;-542.6356,-971.5009,-971.5009;True,Sports,BUFFALO02,8,749906,0;;;
Franklin;11:07:53;16:28:27;-543.5042,-967.5202,-967.5202;True,Sports,BUFFALO02,7,127256,0;;;
Franklin;11:08:08;16:28:28;-545.5343,-963.3612,-963.3612;True,Sports,BUFFALO02,10,16828,0;;;
Franklin;11:08:24;16:28:28;-549.0718,-959.5509,-959.5509;True,Sports,BUFFALO02,9,820122,0;;;
Franklin;11:08:39;16:28:29;-553.0033,-957.4677,-957.4677;True,Sports,BUFFALO02,7,70627,0;;;
Franklin;11:08:55;16:28:29;-557.3024,-956.4709,-956.4709;True,Sports,BUFFALO02,8,590919,0;;;
Franklin;11:09:11;16:28:30;-562.0557,-955.9086,-955.9086;True,Sports,BUFFALO02,9,240998,0;;;
Franklin;11:09:26;16:28:30;-566.9991,-955.3507,-955.3507;True,Sports,BUFFALO02,9,432406,0;;;
Franklin;11:09:42;16:28:31;-571.4393,-955.1394,-955.1394;True,Sports,BUFFALO02,7,322505,0;;;
Franklin;11:09:57;16:28:31;-574.376,-955.1494,-955.1494;True,Sports,BUFFALO02,4,951345,0;;;
Franklin;11:10:13;16:28:32;-576.5528,-955.1556,-955.1556;True,Sports,BUFFALO02,3,474757,0;;;
Franklin;11:10:29;16:28:32;-577.9738,-955.1566,-955.1566;True,Sports,BUFFALO02,2,002604,0;;;
Franklin;11:10:44;16:28:33;-578.8259,-955.1794,-955.1794;True,Sports,BUFFALO02,1,821305,0;;;
Franklin;11:11:00;16:28:33;-579.7415,-955.1806,-955.1806;True,Sports,BUFFALO02,1,891029,0;;;
Franklin;11:11:15;16:28:34;-580.9669,-955.1863,-955.1863;True,Sports,BUFFALO02,2,647055,0;;;
Franklin;11:11:31;16:28:34;-581.9579,-955.1957,-955.1957;True,Sports,BUFFALO02,1,194108,0;;;
Franklin;11:11:46;16:28:35;-582.3474,-955.2261,-955.2261;True,Sports,BUFFALO02,0,5973956,1;;;
Franklin;11:12:02;16:28:35;-582.4651,-955.231,-955.231;True,Sports,BUFFALO02,0,6532608,1;;;
Franklin;11:12:18;16:28:36;-582.9608,-955.2458,-955.2458;True,Sports,BUFFALO02,0,5721391,1;;;
Franklin;11:12:33;16:28:36;-583.6917,-955.4122,-955.4122;True,Sports,BUFFALO02,1,982897,0;;;
Franklin;11:12:49;16:28:37;-584.4214,-955.4954,-955.4954;True,Sports,BUFFALO02,1,354181,1;;;
Franklin;11:13:05;16:28:38;-585.2815,-955.5935,-955.5935;True,Sports,BUFFALO02,1,147029,1;;;
Franklin;11:13:20;16:28:38;-586.5144,-955.6119,-955.6119;True,Sports,BUFFALO02,3,674121,0;;;
Franklin;11:13:36;16:28:39;-588.038,-955.5777,-955.5777;True,Sports,BUFFALO02,2,262913,0;;;
Franklin;11:13:51;16:28:39;-589.5094,-955.5764,-955.5764;True,Sports,BUFFALO02,3,296476,0;;;
Franklin;11:14:07;16:28:40;-591.1899,-955.5724,-955.5724;True,Sports,BUFFALO02,4,526893,1;;;
Franklin;11:14:22;16:28:40;-593.6126,-955.5648,-955.5648;True,Sports,BUFFALO02,4,032932,0;;;
Franklin;11:14:38;16:28:41;-595.3161,-955.5568,-955.5568;True,Sports,BUFFALO02,2,598432,0;;;
Franklin;11:14:53;16:28:41;-596.2847,-955.5788,-955.5788;True,Sports,BUFFALO02,1,17,0;;;
Franklin;11:15:09;16:28:42;-596.6675,-955.5819,-955.5819;True,Sports,BUFFALO02,0,7620727,1;;;
Franklin;11:15:25;16:28:42;-597.3081,-955.5861,-955.5861;True,Sports,BUFFALO02,2,275764,1;;;
Franklin;11:15:40;16:28:43;-598.565,-955.613,-955.613;True,Sports,BUFFALO02,2,928082,0;;;
Franklin;11:15:56;16:28:43;-600.2256,-955.7911,-955.7911;True,Sports,BUFFALO02,4,747292,1;;;
Franklin;11:16:12;16:28:44;-604.0186,-956.6708,-956.6708;True,Sports,BUFFALO02,10,41879,1;;;
Franklin;11:16:27;16:28:44;-609.8646,-957.271,-957.271;True,Sports,BUFFALO02,11,13348,0;;;
Franklin;11:16:43;16:28:45;-615.8167,-957.1812,-957.1812;True,Sports,BUFFALO02,12,86556,1;;;
Franklin;11:16:59;16:28:45;-622.308,-956.191,-956.191;True,Sports,BUFFALO02,12,18859,1;;;
Franklin;11:17:14;16:28:46;-627.4615,-952.7655,-952.7655;True,Sports,BUFFALO02,11,20399,0;;;
Franklin;11:17:30;16:28:46;-630.785,-947.4267,-947.4267;True,Sports,BUFFALO02,13,82976,1;;;
Franklin;11:17:45;16:28:47;-632.614,-940.258,-940.258;True,Sports,BUFFALO02,13,58349,0;;;
Franklin;11:18:01;16:28:47;-631.6673,-933.8438,-933.8438;True,Sports,BUFFALO02,12,70533,1;;;
Franklin;11:18:17;16:28:48;-630.3952,-926.9158,-926.9158;True,Sports,BUFFALO02,13,27501,0;;;
Franklin;11:18:32;16:28:48;-630.2281,-919.4185,-919.4185;True,Sports,BUFFALO02,15,997,1;;;
Franklin;11:18:48;16:28:49;-630.1307,-910.2348,-910.2348;True,Sports,BUFFALO02,18,68534,0;;;
Franklin;11:19:04;16:28:49;-629.989,-901.0207,-901.0207;True,Sports,BUFFALO02,16,60543,0;;;
Franklin;11:19:19;16:28:50;-630.1202,-892.2285,-892.2285;True,Sports,BUFFALO02,18,18958,1;;;
Franklin;11:19:35;16:28:51;-630.8708,-881.9736,-881.9736;True,Sports,BUFFALO02,22,13233,1;;;
Franklin;11:19:50;16:28:51;-631.4312,-869.9948,-869.9948;True,Sports,BUFFALO02,22,83416,0;;;
Franklin;11:20:06;16:28:52;-631.2585,-858.4711,-858.4711;True,Sports,BUFFALO02,22,51632,1;;;
Franklin;11:20:21;16:28:52;-631.0062,-846.6858,-846.6858;True,Sports,BUFFALO02,22,58404,0;;;
Franklin;11:20:37;16:28:53;-630.8028,-835.0859,-835.0859;True,Sports,BUFFALO02,22,03245,0;;;
Franklin;11:20:53;16:28:53;-630.6003,-823.6437,-823.6437;True,Sports,BUFFALO02,21,263,0;;;
Franklin;11:21:08;16:28:54;-630.3883,-812.9538,-812.9538;True,Sports,BUFFALO02,20,51746,0;;;
Franklin;11:21:24;16:28:54;-630.4294,-802.5278,-802.5278;True,Sports,BUFFALO02,20,03012,1;;;
Franklin;11:21:39;16:28:55;-630.4463,-792.0425,-792.0425;True,Sports,BUFFALO02,19,31165,0;;;
Franklin;11:21:55;16:28:55;-629.7925,-781.9601,-781.9601;True,Sports,BUFFALO02,19,2655,1;;;
Franklin;11:22:10;16:28:56;-629.1235,-771.9854,-771.9854;True,Sports,BUFFALO02,18,54729,0;;;
Franklin;11:22:26;16:28:56;-629.144,-762.4877,-762.4877;True,Sports,BUFFALO02,18,96061,1;;;
Franklin;11:22:42;16:28:57;-629.985,-752.7106,-752.7106;True,Sports,BUFFALO02,19,74642,0;;;
Franklin;11:22:57;16:28:57;-630.3719,-742.7462,-742.7462;True,Sports,BUFFALO02,19,60501,0;;;
Franklin;11:23:13;16:28:58;-630.3942,-733.202,-733.202;True,Sports,BUFFALO02,17,35217,0;;;
Franklin;11:23:28;16:28:58;-630.371,-724.8334,-724.8334;True,Sports,BUFFALO02,15,13073,0;;;
Franklin;11:23:44;16:28:59;-630.31,-717.6202,-717.6202;True,Sports,BUFFALO02,12,94503,0;;;
Franklin;11:23:59;16:28:59;-630.2328,-711.4987,-711.4987;True,Sports,BUFFALO02,11,52588,1;Wassup, homie.;FRANKLIN;FRFL_AFAA
Franklin;11:24:15;16:29:00;-630.1006,-705.1313,-705.1313;True,Sports,BUFFALO02,11,71214,0;;;
Franklin;11:24:30;16:29:00;-629.1836,-698.6694,-698.6694;True,Sports,BUFFALO02,12,57972,0;Eh, look. Chop got to stay round your crib for a while, homie. That's cool?;LAMAR;FRFL_AFAB
Franklin;11:24:46;16:29:01;-628.9608,-692.8512,-692.8512;True,Sports,BUFFALO02,10,47302,1;;;
Franklin;11:25:01;16:29:01;-628.9059,-686.9188,-686.9188;True,Sports,BUFFALO02,12,80233,1;;;
Franklin;11:25:17;16:29:02;-628.879,-680.2542,-680.2542;True,Sports,BUFFALO02,12,02552,0;;;
Franklin;11:25:32;16:29:02;-628.6262,-674.1379,-674.1379;True,Sports,BUFFALO02,11,96122,1;;;
Franklin;11:25:48;16:29:03;-628.4141,-667.6518,-667.6518;True,Sports,BUFFALO02,12,04881,0;;;
Franklin;11:26:04;16:29:03;-628.3677,-660.9529,-660.9529;True,Sports,BUFFALO02,12,92277,0;;;
Franklin;11:26:19;16:29:04;-628.3365,-654.7202,-654.7202;True,Sports,BUFFALO02,11,17529,0;Yeah, man, it's cool. It's the best place for him, anyway.;FRANKLIN;FRFL_AFAC
Franklin;11:26:35;16:29:05;-628.3058,-649.3586,-649.3586;True,Sports,BUFFALO02,9,4938,0;;;
Franklin;11:26:50;16:29:05;-628.2686,-644.8235,-644.8235;True,Sports,BUFFALO02,8,259871,1;;;
Franklin;11:27:06;16:29:06;-628.223,-639.3104,-639.3104;True,Sports,BUFFALO02,11,40426,0;;;
Franklin;11:27:22;16:29:06;-628.1754,-632.9597,-632.9597;True,Sports,BUFFALO02,13,74161,1;;;
Franklin;11:27:37;16:29:07;-628.739,-625.2122,-625.2122;True,Sports,BUFFALO02,16,19842,1;;;
Franklin;11:27:53;16:29:07;-629.1208,-616.7507,-616.7507;True,Sports,BUFFALO02,15,44511,0;Like it ain't nobody out there gunning for your black ass. Bullshit, nigga.;LAMAR;FRFL_AFAD
Franklin;11:28:08;16:29:08;-628.848,-609.0869,-609.0869;True,Sports,BUFFALO02,14,29455,0;;;
Franklin;11:28:24;16:29:08;-628.8427,-601.8453,-601.8453;True,Sports,BUFFALO02,13,30427,0;;;
Franklin;11:28:39;16:29:09;-629.3904,-594.7275,-594.7275;True,Sports,BUFFALO02,13,74402,1;;;
Franklin;11:28:55;16:29:09;-628.8586,-587.3391,-587.3391;True,Sports,BUFFALO02,13,7311,0;;;
Franklin;11:29:11;16:29:10;-626.4098,-581.2139,-581.2139;True,Sports,BUFFALO02,11,30752,0;;;
Franklin;11:29:26;16:29:10;-625.3601,-576.0455,-576.0455;True,Sports,BUFFALO02,9,246559,0;;;
Franklin;11:29:42;16:29:11;-625.1255,-572.6235,-572.6235;True,Sports,BUFFALO02,4,182592,0;;;
Franklin;11:29:58;16:29:11;-625.1792,-571.361,-571.361;True,Sports,BUFFALO02,0,09194461,0;;;
Franklin;11:30:13;16:29:12;-625.1802,-571.3681,-571.3681;True,Sports,BUFFALO02,0,0;Just take care of him, man, alright?;LAMAR;FRFL_AFAE
Franklin;11:30:29;16:29:12;-625.1802,-571.3681,-571.3681;True,Sports,BUFFALO02,0,0;;;
Franklin;11:30:44;16:29:13;-625.1808,-571.2629,-571.2629;True,Sports,BUFFALO02,0,8545324,1;;;
Franklin;11:31:00;16:29:13;-625.181,-570.1633,-570.1633;True,Sports,BUFFALO02,3,588745,1;Alright, I got you, dog.;FRANKLIN;FRFL_AFAF
Franklin;11:31:16;16:29:14;-625.1803,-567.1171,-567.1171;True,Sports,BUFFALO02,8,426285,1;;;
Franklin;11:31:31;16:29:14;-624.907,-561.5181,-561.5181;True,Sports,BUFFALO02,11,17554,0;;;
Franklin;11:31:47;16:29:15;-624.4088,-555.6154,-555.6154;True,Sports,BUFFALO02,10,8436,0;;;
Franklin;11:32:02;16:29:15;-624.1852,-550.265,-550.265;True,Sports,BUFFALO02,11,01365,1;;;
Franklin;11:32:18;16:29:16;-624.0795,-544.2408,-544.2408;True,Sports,BUFFALO02,11,92526,1;;;
Franklin;11:32:34;16:29:16;-625.0817,-537.3994,-537.3994;True,Sports,BUFFALO02,14,65951,1;;;
Franklin;11:32:50;16:29:17;-626.7804,-529.2109,-529.2109;True,Sports,BUFFALO02,16,53563,0;;;
Franklin;11:33:05;16:29:18;-627.5254,-521.2037,-521.2037;True,Sports,BUFFALO02,14,50992,0;;;
Franklin;11:33:21;16:29:18;-627.6171,-514.0497,-514.0497;True,Sports,BUFFALO02,12,70961,0;;;
Franklin;11:33:37;16:29:19;-627.6743,-507.812,-507.812;True,Sports,BUFFALO02,10,92507,0;;;
Franklin;11:33:52;16:29:19;-628.2262,-502.739,-502.739;True,Sports,BUFFALO02,9,103253,0;;;
Franklin;11:34:08;16:29:20;-628.3055,-498.9434,-498.9434;True,Sports,BUFFALO02,3,866299,0;;;
Franklin;11:34:23;16:29:20;-628.2946,-498.5651,-498.5651;True,Sports,BUFFALO02,0,01383762,1;;;
Franklin;11:34:39;16:29:21;-628.2939,-498.3132,-498.3132;True,Sports,BUFFALO02,0,1567255,0;;;
Franklin;11:34:55;16:29:21;-628.2929,-498.3112,-498.3112;True,Sports,BUFFALO02,0,0;;;
Franklin;11:35:10;16:29:22;-628.296,-498.2793,-498.2793;True,Sports,BUFFALO02,0,4184956,1;;;
Franklin;11:35:26;16:29:22;-628.3023,-498.1832,-498.1832;True,Sports,BUFFALO02,0,5214731,1;;;
Franklin;11:35:42;16:29:23;-628.5077,-497.5134,-497.5134;True,Sports,BUFFALO02,1,669968,0;;;
Franklin;11:35:57;16:29:23;-628.7266,-496.6705,-496.6705;True,Sports,BUFFALO02,2,4893,1;;;
Franklin;11:36:13;16:29:24;-629.4473,-494.607,-494.607;True,Sports,BUFFALO02,6,331419,1;;;
Franklin;11:36:28;16:29:24;-630.6451,-490.011,-490.011;True,Sports,BUFFALO02,10,22818,0;;;
Franklin;11:36:44;16:29:25;-631.0414,-485.6562,-485.6562;True,Sports,BUFFALO02,4,237142,0;;;
Franklin;11:37:00;16:29:25;-630.8458,-484.442,-484.442;True,Sports,BUFFALO02,2,994638,1;;;
Franklin;11:37:15;16:29:26;-630.4502,-481.8379,-481.8379;True,Sports,BUFFALO02,7,505934,1;;;
Franklin;11:37:31;16:29:26;-631.0444,-477.5303,-477.5303;True,Sports,BUFFALO02,9,56298,1;;;
Franklin;11:37:47;16:29:27;-632.7305,-471.9896,-471.9896;True,Sports,BUFFALO02,11,06799,1;;;
Franklin;11:38:02;16:29:27;-632.3983,-465.739,-465.739;True,Sports,BUFFALO02,13,05533,0;;;
Franklin;11:38:18;16:29:28;-630.0096,-459.2235,-459.2235;True,Sports,BUFFALO02,13,84408,0;;;
Franklin;11:38:33;16:29:28;-628.2188,-452.2027,-452.2027;True,Sports,BUFFALO02,15,07121,1;;;
Franklin;11:38:49;16:29:29;-627.8479,-443.9069,-443.9069;True,Sports,BUFFALO02,15,78798,0;;;
Franklin;11:39:05;16:29:30;-627.5273,-436.2397,-436.2397;True,Sports,BUFFALO02,13,81693,0;;;
Franklin;11:39:20;16:29:30;-627.0853,-429.5025,-429.5025;True,Sports,BUFFALO02,13,19174,1;;;
Franklin;11:39:36;16:29:31;-626.9009,-421.896,-421.896;True,Sports,BUFFALO02,15,1321,0;;;
Franklin;11:39:51;16:29:31;-627.2176,-414.6043,-414.6043;True,Sports,BUFFALO02,13,34645,0;;;
Franklin;11:40:07;16:29:32;-627.0135,-408.1824,-408.1824;True,Sports,BUFFALO02,11,42582,0;;;
Franklin;11:40:23;16:29:32;-626.8428,-404.0322,-404.0322;True,Sports,BUFFALO02,5,076335,0;;;
Franklin;11:40:38;16:29:33;-626.9053,-401.9662,-401.9662;True,Sports,BUFFALO02,1,419171,0;;;
Franklin;11:40:54;16:29:33;-626.9044,-401.908,-401.908;True,Sports,BUFFALO02,0,005625706,0;;;
Franklin;11:41:09;16:29:34;-626.9044,-401.9081,-401.9081;True,Sports,BUFFALO02,0,0;;;
Franklin;11:41:25;16:29:34;-626.9044,-401.9081,-401.9081;True,Sports,BUFFALO02,0,0;;;
Franklin;11:41:41;16:29:35;-626.9044,-401.9081,-401.9081;True,Sports,BUFFALO02,0,0;;;
Franklin;11:41:56;16:29:35;-626.9284,-401.6611,-401.6611;True,Sports,BUFFALO02,1,369854,1;;;
Franklin;11:42:12;16:29:36;-627.2115,-400.393,-400.393;True,Sports,BUFFALO02,4,084911,1;;;
Franklin;11:42:27;16:29:36;-627.7007,-397.0333,-397.0333;True,Sports,BUFFALO02,9,386239,1;;;
Franklin;11:42:43;16:29:37;-627.9614,-391.2882,-391.2882;True,Sports,BUFFALO02,10,82508,0;;;
Franklin;11:42:58;16:29:37;-627.746,-385.1788,-385.1788;True,Sports,BUFFALO02,12,94341,1;;;
Franklin;11:43:14;16:29:38;-627.079,-377.793,-377.793;True,Sports,BUFFALO02,15,53815,1;;;
Franklin;11:43:30;16:29:38;-627.0955,-368.8864,-368.8864;True,Sports,BUFFALO02,18,56717,1;;;
Franklin;11:43:45;16:29:39;-627.8315,-358.8105,-358.8105;True,Sports,BUFFALO02,18,91252,0;;;
Franklin;11:44:01;16:29:39;-629.0129,-349.1596,-349.1596;True,Sports,BUFFALO02,18,35294,0;;;
Franklin;11:44:17;16:29:40;-630.9061,-339.5967,-339.5967;True,Sports,BUFFALO02,18,87561,1;;;
Franklin;11:44:32;16:29:40;-634.356,-330.2697,-330.2697;True,Sports,BUFFALO02,20,58996,1;;;
Franklin;11:44:48;16:29:41;-639.3226,-319.9556,-319.9556;True,Sports,BUFFALO02,23,20758,1;;;
Franklin;11:45:03;16:29:41;-646.4974,-309.8509,-309.8509;True,Sports,BUFFALO02,23,70323,0;;;
Franklin;11:45:19;16:29:42;-652.6976,-299.7187,-299.7187;True,Sports,BUFFALO02,22,38425,0;;;
Franklin;11:45:34;16:29:43;-658.3791,-289.9142,-289.9142;True,Sports,BUFFALO02,21,40343,1;;;
Franklin;11:45:50;16:29:43;-664.2178,-279.7801,-279.7801;True,Sports,BUFFALO02,22,82849,0;;;
Franklin;11:46:06;16:29:44;-669.9107,-269.8418,-269.8418;True,Sports,BUFFALO02,22,37172,0;;;
Franklin;11:46:21;16:29:44;-675.5291,-260.0261,-260.0261;True,Sports,BUFFALO02,21,27118,0;;;
Franklin;11:46:37;16:29:45;-680.8455,-250.729,-250.729;True,Sports,BUFFALO02,20,184,0;;;
Franklin;11:46:52;16:29:45;-686.2239,-241.3316,-241.3316;True,Sports,BUFFALO02,21,12646,1;;;
Franklin;11:47:08;16:29:46;-691.7865,-231.6541,-231.6541;True,Sports,BUFFALO02,22,43868,0;;;
Franklin;11:47:23;16:29:46;-697.6087,-221.5766,-221.5766;True,Sports,BUFFALO02,21,84846,0;;;
Franklin;11:47:39;16:29:47;-703.3165,-211.6773,-211.6773;True,Sports,BUFFALO02,22,08906,1;;;
Franklin;11:47:54;16:29:47;-708.8474,-202.041,-202.041;True,Sports,BUFFALO02,21,13282,0;;;
Franklin;11:48:10;16:29:48;-714.2141,-192.6912,-192.6912;True,Sports,BUFFALO02,20,37719,0;;;
Franklin;11:48:25;16:29:48;-719.4196,-183.6357,-183.6357;True,Sports,BUFFALO02,20,12962,1;;;
Franklin;11:48:41;16:29:49;-724.7101,-174.4346,-174.4346;True,Sports,BUFFALO02,20,69296,0;;;
Franklin;11:48:57;16:29:49;-730.0547,-165.1695,-165.1695;True,Sports,BUFFALO02,20,44994,0;;;
Franklin;11:49:12;16:29:50;-735.4706,-155.7307,-155.7307;True,Sports,BUFFALO02,21,22441,1;;;
Franklin;11:49:28;16:29:50;-740.8561,-146.2672,-146.2672;True,Sports,BUFFALO02,20,65416,0;;;
Franklin;11:49:44;16:29:51;-746.1747,-136.7561,-136.7561;True,Sports,BUFFALO02,20,02809,0;;;
Franklin;11:49:59;16:29:51;-751.1914,-128.1073,-128.1073;True,Sports,BUFFALO02,18,45954,0;;;
Franklin;11:50:15;16:29:52;-756.2166,-120.4014,-120.4014;True,Sports,BUFFALO02,16,62214,0;;;
Franklin;11:50:31;16:29:52;-760.7814,-113.5992,-113.5992;True,Sports,BUFFALO02,14,67166,0;;;
Franklin;11:50:46;16:29:53;-764.4666,-107.5434,-107.5434;True,Sports,BUFFALO02,12,94229,0;;;
Franklin;11:51:02;16:29:53;-767.5294,-102.1432,-102.1432;True,Sports,BUFFALO02,10,17287,0;;;
Franklin;11:51:17;16:29:54;-769.3375,-98.94472,-98.94472;True,Sports,BUFFALO02,5,905416,0;;;
Franklin;11:51:33;16:29:54;-770.0002,-96.3699,-96.3699;True,Sports,BUFFALO02,5,911936,1;;;
Franklin;11:51:49;16:29:55;-770.4729,-91.91991,-91.91991;True,Sports,BUFFALO02,9,666105,0;;;
Franklin;11:52:05;16:29:56;-771.5786,-87.61134,-87.61134;True,Sports,BUFFALO02,7,502885,0;;;
Franklin;11:52:20;16:29:56;-773.1967,-84.71276,-84.71276;True,Sports,BUFFALO02,4,732505,0;;;
Franklin;11:52:36;16:29:57;-773.5249,-84.11263,-84.11263;True,Sports,BUFFALO02,0,01478636,0;;;
Franklin;11:52:51;16:29:57;-773.5465,-84.07555,-84.07555;True,Sports,BUFFALO02,0,003756067,1;;;
Franklin;11:53:07;16:29:58;-773.6279,-83.93324,-83.93324;True,Sports,BUFFALO02,0,3130264,1;;;
Franklin;11:53:23;16:29:58;-773.7245,-83.75945,-83.75945;True,Sports,BUFFALO02,1,188849,1;;;
Franklin;11:53:38;16:29:59;-774.3489,-82.58192,-82.58192;True,Sports,BUFFALO02,4,181173,1;;;
Franklin;11:53:54;16:29:59;-775.9938,-79.52257,-79.52257;True,Sports,BUFFALO02,9,568123,1;;;
Franklin;11:54:09;16:30:00;-778.7834,-74.50296,-74.50296;True,Sports,BUFFALO02,10,87171,0;;;
Franklin;11:54:25;16:30:00;-781.9278,-68.84086,-68.84086;True,Sports,BUFFALO02,13,7398,1;;;
Franklin;11:54:41;16:30:01;-785.8217,-62.74862,-62.74862;True,Sports,BUFFALO02,13,94724,1;;;
Franklin;11:54:56;16:30:01;-790.3009,-56.14895,-56.14895;True,Sports,BUFFALO02,16,92256,1;;;
Franklin;11:55:12;16:30:02;-795.3428,-48.14875,-48.14875;True,Sports,BUFFALO02,17,65928,0;;;
Franklin;11:55:28;16:30:02;-799.7265,-40.42031,-40.42031;True,Sports,BUFFALO02,16,41626,0;;;
Franklin;11:55:43;16:30:03;-804.4137,-33.33723,-33.33723;True,Sports,BUFFALO02,16,13364,0;;;
Franklin;11:55:59;16:30:03;-809.1497,-26.34878,-26.34878;True,Sports,BUFFALO02,16,52271,1;;;
Franklin;11:56:14;16:30:04;-813.6824,-19.58732,-19.58732;True,Sports,BUFFALO02,14,89173,0;;;
Franklin;11:56:30;16:30:04;-817.7477,-12.67937,-12.67937;True,Sports,BUFFALO02,15,06528,0;;;
Franklin;11:56:45;16:30:05;-820.9439,-6.302987,-6.302987;True,Sports,BUFFALO02,12,70564,0;;;
Franklin;11:57:01;16:30:05;-823.4231,-1.118307,-1.118307;True,Sports,BUFFALO02,7,865482,0;;;
Franklin;11:57:17;16:30:06;-825.0511,1.465303,1.465303;True,Sports,BUFFALO02,4,731299,0;;;
Franklin;11:57:32;16:30:06;-826.1883,3.224591,3.224591;True,Sports,BUFFALO02,4,305697,1;;;
Franklin;11:57:48;16:30:07;-828.103,6.179986,6.179986;True,Sports,BUFFALO02,9,133197,1;;;
Franklin;11:58:04;16:30:07;-831.1658,10.95469,10.95469;True,Sports,BUFFALO02,11,14071,0;;;
Franklin;11:58:19;16:30:08;-833.8492,16.01474,16.01474;True,Sports,BUFFALO02,11,67959,1;;;
Franklin;11:58:35;16:30:09;-836.6675,22.13147,22.13147;True,Sports,BUFFALO02,14,1775,1;;;
Franklin;11:58:50;16:30:09;-839.2404,29.52868,29.52868;True,Sports,BUFFALO02,16,42543,1;;;
Franklin;11:59:06;16:30:10;-842.7692,37.76971,37.76971;True,Sports,BUFFALO02,18,47075,1;;;
Franklin;11:59:21;16:30:10;-846.4238,47.06327,47.06327;True,Sports,BUFFALO02,20,61402,1;;;
Franklin;11:59:37;16:30:11;-850.1782,57.61052,57.61052;True,Sports,BUFFALO02,22,60462,0;;;
Franklin;11:59:53;16:30:11;-853.3709,68.22102,68.22102;True,Sports,BUFFALO02,20,2901,0;;;
Franklin;12:00:08;16:30:12;-855.588,78.29253,78.29253;True,Sports,BUFFALO02,19,19657,0;;;
Franklin;12:00:24;16:30:12;-856.1172,88.18306,88.18306;True,Sports,BUFFALO02,20,00193,1;;;
Franklin;12:00:40;16:30:13;-856.5231,99.82004,99.82004;True,Sports,BUFFALO02,24,19928,1;;;
Franklin;12:00:55;16:30:13;-858.1831,111.5009,111.5009;True,Sports,BUFFALO02,21,81935,0;;;
Franklin;12:01:11;16:30:14;-859.228,121.7634,121.7634;True,Sports,BUFFALO02,18,96803,1;;;
Franklin;12:01:26;16:30:14;-859.8795,131.3998,131.3998;True,Sports,BUFFALO02,19,02841,1;;;
Franklin;12:01:42;16:30:15;-860.2754,140.653,140.653;True,Sports,BUFFALO02,16,82413,0;;;
Franklin;12:01:57;16:30:15;-859.5749,148.323,148.323;True,Sports,BUFFALO02,13,63303,0;;;
Franklin;12:02:13;16:30:16;-857.1336,153.4508,153.4508;True,Sports,BUFFALO02,9,654565,1;;;
Franklin;12:02:29;16:30:16;-853.0568,156.288,156.288;True,Sports,BUFFALO02,9,263922,1;;;
Franklin;12:02:44;16:30:17;-848.8665,158.2017,158.2017;True,Sports,BUFFALO02,8,056012,0;;;
Franklin;12:03:00;16:30:17;-845.8314,159.5735,159.5735;True,Sports,BUFFALO02,4,95191,0;;;
Franklin;12:03:15;16:30:18;-843.774,160.3761,160.3761;True,Sports,BUFFALO02,4,974443,1;;;
Franklin;12:03:31;16:30:18;-840.056,161.4879,161.4879;True,Sports,BUFFALO02,9,739284,1;;;
Franklin;12:03:46;16:30:19;-836.334,164.0222,164.0222;True,Sports,BUFFALO02,7,627651,0;;;
Franklin;12:04:02;16:30:19;-833.7372,166.5241,166.5241;True,Sports,BUFFALO02,7,405302,0;;;
Franklin;12:04:18;16:30:20;-831.9568,169.075,169.075;True,Sports,BUFFALO02,4,751711,0;;;
Franklin;12:04:33;16:30:20;-831.3495,169.9516,169.9516;True,Sports,BUFFALO02,0,02648683,0;;;
Franklin;12:04:49;16:30:21;-832.5285,170.6105,170.6105;;;;
Franklin;12:05:05;16:30:22;-832.692,170.2563,170.2563;;Ahhh. Fuck!;TennisCoach;FAM3_EPAA
Franklin;12:05:20;16:30:22;-832.567,170.5735,170.5735;;;;
Franklin;12:05:36;16:30:23;-832.2367,171.2799,171.2799;;;;
Franklin;12:05:52;16:30:23;-831.5854,171.8807,171.8807;;This has got to stop happening to me.;TennisCoach;FAM3_EPAB
Franklin;12:06:07;16:30:24;-831.0457,172.545,172.545;;I'm paying that turd one hundred and fifty bucks an hour to fuck my wife, in my own bed?!;Michael;FAM3_EPAC
Franklin;12:06:23;16:30:24;-830.2055,172.7584,172.7584;;;;
Franklin;12:06:39;16:30:25;-829.3073,172.6556,172.6556;;;;
Franklin;12:06:54;16:30:25;-828.4161,172.5805,172.5805;;;;
Franklin;12:07:10;16:30:26;-827.6108,172.9097,172.9097;;;;
Franklin;12:07:25;16:30:26;-826.8926,173.4358,173.4358;;;;
Franklin;12:07:41;16:30:27;-826.198,173.9936,173.9936;;;;
Franklin;12:07:56;16:30:27;-825.6074,174.6699,174.6699;;;;
Franklin;12:08:12;16:30:28;-825.0925,175.404,175.404;;;;
Franklin;12:08:28;16:30:28;-824.4064,175.9904,175.9904;;;;
Franklin;12:08:43;16:30:29;-823.6177,176.4136,176.4136;;;;
Franklin;12:08:59;16:30:29;-822.7455,176.6074,176.6074;;;;
Franklin;12:09:14;16:30:30;-821.8724,176.7772,176.7772;;;;
Franklin;12:09:30;16:30:30;-821.0094,176.9573,176.9573;;;;
Franklin;12:09:33;16:30:31;-818.6323,177.6501,177.6501;;Hey, you...;Cutscene;Cutscene
Franklin;12:09:33;16:30:31;-818.1183,177.7831,177.7831;;;;
Franklin;12:09:33;16:30:32;-817.4979,177.8709,177.8709;;;;
Franklin;12:09:33;16:30:32;-816.9588,178.0683,178.0683;;;;
Franklin;12:09:33;16:30:33;-816.1642,178.3451,178.3451;;;;
Franklin;12:09:33;16:30:33;-815.9909,178.5121,178.5121;;;;
Franklin;12:09:33;16:30:34;-815.8992,178.523,178.523;;Get out of my way!;Cutscene;Cutscene
Franklin;12:09:33;16:30:35;-815.9243,178.4011,178.4011;;Michael, calm down!;Cutscene;Cutscene
Franklin;12:09:33;16:30:35;-816.019,178.4454,178.4454;;;;
Franklin;12:09:33;16:30:36;-816.0872,178.3334,178.3334;;What the fuck is going on?;Cutscene;Cutscene
Franklin;12:09:33;16:30:36;-816.0789,178.339,178.339;;;;
Franklin;12:09:33;16:30:37;-816.0703,178.3764,178.3764;;Nothing happened, it was a misunderstanding.;Cutscene;Cutscene
Franklin;12:09:33;16:30:37;-816.043,178.4224,178.4224;;;;
Franklin;12:09:33;16:30:38;-816.0489,178.4235,178.4235;;;;
Franklin;12:09:33;16:30:38;-816.0521,178.4207,178.4207;;;;
Franklin;12:09:33;16:30:39;-816.0512,178.4127,178.4127;;She fucked a prick in my bed.;Cutscene;Cutscene
Franklin;12:09:33;16:30:39;-816.0272,178.3107,178.3107;;;;
Franklin;12:09:33;16:30:40;-816.0518,178.1941,178.1941;;;;
Franklin;12:09:33;16:30:40;-815.963,178.1404,178.1404;;;;
Franklin;12:09:33;16:30:41;-816.0151,178.1407,178.1407;;You bullshittin' me?;Cutscene;Cutscene
Franklin;12:09:33;16:30:41;-816.1245,178.1584,178.1584;;;;
Franklin;12:09:33;16:30:42;-816.1593,178.2011,178.2011;;It wasn't like that!;Cutscene;Cutscene
Franklin;12:09:33;16:30:42;-816.2723,178.1712,178.1712;;;;
Franklin;12:09:33;16:30:43;-816.2429,178.172,178.172;;You in?;Cutscene;Cutscene
Franklin;12:09:33;16:30:43;-816.1905,178.1918,178.1918;;;;
Franklin;12:09:33;16:30:44;-816.1872,178.1841,178.1841;;Fuck it, I'm in.;Cutscene;Cutscene
Franklin;12:09:33;16:30:44;-816.1956,178.1706,178.1706;;;;
Franklin;12:09:33;16:30:45;-816.6015,178.1207,178.1207;;Let's roll, let's get this motherfucker.;Cutscene;Cutscene
Franklin;12:09:33;16:30:45;-817.2711,178.1781,178.1781;;;;
Franklin;12:09:33;16:30:46;-818.1276,178.2591,178.2591;;;;
Franklin;12:09:33;16:30:47;-818.9435,178.5369,178.5369;;Just don't kill him!;Cutscene;Cutscene
Franklin;12:09:33;16:30:47;-819.701,178.9481,178.9481;;;;
Franklin;12:09:33;16:30:48;-820.5168,179.4667,179.4667;;;;
Franklin;12:09:33;16:30:48;-821.3045,179.9659,179.9659;;;;
Franklin;12:09:33;16:30:49;-807.34,174.98,174.98;;;;
Franklin;12:09:33;16:30:49;-807.34,174.98,174.98;;;;
Franklin;12:09:33;16:30:50;-807.34,174.98,174.98;;;;
Franklin;12:09:33;16:30:50;-807.34,174.98,174.98;;;;
Franklin;12:09:33;16:30:51;-807.34,174.98,174.98;;;;
Franklin;12:09:33;16:30:51;-807.34,174.98,174.98;;;;
Franklin;12:09:33;16:30:52;-807.34,174.98,174.98;;;;
Franklin;12:09:46;16:30:52;-828.6164,177.1369,177.1369;;;;
Franklin;12:10:02;16:30:53;-828.5007,177.0679,177.0679;;;;
Franklin;12:10:17;16:30:53;-828.1819,176.1508,176.1508;;;;
Franklin;12:10:33;16:30:54;-827.1368,176.3715,176.3715;True,Vans,BISON,0,0;;;
Franklin;12:10:49;16:30:54;-827.1385,176.3693,176.3693;True,Vans,BISON,0,00848195,0;;;
Franklin;12:11:04;16:30:55;-827.1553,176.334,176.334;True,Vans,BISON,0,3931148,1;;;
Franklin;12:11:20;16:30:55;-827.5688,175.6048,175.6048;True,Vans,BISON,2,974776,1;;;
Franklin;12:11:36;16:30:56;-828.7786,173.4686,173.4686;True,Vans,BISON,6,597357,1;;;
Franklin;12:11:52;16:30:56;-831.1701,169.4256,169.4256;True,Vans,BISON,10,65558,0;;;
Franklin;12:12:07;16:30:57;-834.4427,165.3665,165.3665;True,Vans,BISON,9,794385,0;;;
Franklin;12:12:23;16:30:57;-838.886,161.7453,161.7453;True,Vans,BISON,13,18332,1;;;
Franklin;12:12:39;16:30:58;-845.0009,159.5005,159.5005;True,Vans,BISON,11,96759,0;;;
Franklin;12:12:54;16:30:59;-851.1437,159.9691,159.9691;True,Vans,BISON,11,96875,1;;;
Franklin;12:13:10;16:30:59;-856.5352,162.5818,162.5818;True,Vans,BISON,11,17299,0;;;
Franklin;12:13:25;16:31:00;-858.7893,166.9348,166.9348;True,Vans,BISON,9,219564,1;;;
Franklin;12:13:41;16:31:00;-858.5293,171.7957,171.7957;True,Vans,BISON,10,25758,1;;;
Franklin;12:13:57;16:31:01;-857.6772,177.3739,177.3739;True,Vans,BISON,12,07361,1;;;
Franklin;12:14:12;16:31:01;-856.9363,183.8395,183.8395;True,Vans,BISON,13,35059,1;;;
Franklin;12:14:28;16:31:02;-856.1633,190.9175,190.9175;True,Vans,BISON,14,59168,1;You okay, homie? What happened?;FRANKLIN;FAM3_BHAA
Franklin;12:14:44;16:31:02;-855.8303,198.985,198.985;True,Vans,BISON,16,3885,1;;;
Franklin;12:14:59;16:31:03;-856.1211,208.0428,208.0428;True,Vans,BISON,18,69025,1;;;
Franklin;12:15:15;16:31:03;-858.902,217.388,217.388;True,Vans,BISON,18,34782,1;;;
Franklin;12:15:31;16:31:04;-864.7841,225.2896,225.2896;True,Vans,BISON,19,41614,1;Guy bounced my wife is what happened!;MICHAEL;FAM3_BHAB
Franklin;12:15:46;16:31:04;-872.6865,231.9664,231.9664;True,Vans,BISON,20,98113,1;;;
Franklin;12:16:02;16:31:05;-881.9351,238.1744,238.1744;True,Vans,BISON,20,77394,0;;;
Franklin;12:16:17;16:31:05;-891.8459,243.1616,243.1616;True,Vans,BISON,22,11372,1;;;
Franklin;12:16:33;16:31:06;-903.0693,247.2486,247.2486;True,Vans,BISON,23,64991,1;Which guy?;FRANKLIN;FAM3_BHAC
Franklin;12:16:49;16:31:06;-914.8253,252.267,252.267;True,Vans,BISON,24,99357,1;;;
Franklin;12:17:04;16:31:07;-927.1905,257.422,257.422;True,Vans,BISON,26,30594,1;Guy I'm paying to teach her tennis.;MICHAEL;FAM3_BHAD
Franklin;12:17:20;16:31:07;-940.4856,262.3051,262.3051;True,Vans,BISON,27,76768,1;;;
Franklin;12:17:36;16:31:08;-953.9123,266.8784,266.8784;True,Vans,BISON,27,21374,0;;;
Franklin;12:17:51;16:31:08;-966.984,270.2766,270.2766;True,Vans,BISON,25,36192,0;;;
Franklin;12:18:07;16:31:09;-979.8658,271.479,271.479;True,Vans,BISON,23,88795,0;The tennis coach? Aw that's fucked up man.;FRANKLIN;FAM3_BHAE
Franklin;12:18:22;16:31:09;-991.9063,271.8802,271.8802;True,Vans,BISON,23,14581,1;;;
Franklin;12:18:38;16:31:10;-1004.223,272.4723,272.4723;True,Vans,BISON,24,56945,1;;;
Franklin;12:18:54;16:31:10;-1017.381,273.0336,273.0336;True,Vans,BISON,26,04532,1;;;
Franklin;12:19:09;16:31:11;-1030.804,273.7302,273.7302;True,Vans,BISON,25,61708,0;;;
Franklin;12:19:25;16:31:12;-1043.584,274.2169,274.2169;True,Vans,BISON,23,96283,0;;;
Franklin;12:19:40;16:31:12;-1054.531,274.746,274.746;True,Vans,BISON,19,8088,0;You rich dudes, homie. You know, back in the hood, man, we gotta watch out for the mailman, dog.;FRANKLIN;FAM3_BHAG
Franklin;12:19:56;16:31:13;-1064.27,275.8464,275.8464;True,Vans,BISON,18,02835,0;;;
Franklin;12:20:11;16:31:13;-1072.338,279.1178,279.1178;True,Vans,BISON,15,67098,0;;;
Franklin;12:20:27;16:31:14;-1077.474,284.6944,284.6944;True,Vans,BISON,13,59815,0;;;
Franklin;12:20:43;16:31:14;-1079.303,291.4921,291.4921;True,Vans,BISON,14,12912,1;;;
Franklin;12:20:58;16:31:15;-1079.007,299.3805,299.3805;True,Vans,BISON,16,36741,1;;;
Franklin;12:21:14;16:31:15;-1077.611,308.2395,308.2395;True,Vans,BISON,18,52152,1;;;
Franklin;12:21:30;16:31:16;-1076.488,317.9819,317.9819;True,Vans,BISON,19,05009,1;;;
Franklin;12:21:45;16:31:16;-1075.672,328.3265,328.3265;True,Vans,BISON,20,9011,1;;;
Franklin;12:22:01;16:31:17;-1074.963,339.5168,339.5168;True,Vans,BISON,20,72673,0;;;
Franklin;12:22:17;16:31:17;-1074.615,350.2654,350.2654;True,Vans,BISON,21,12581,1;;;
char;time_ingame;time_rw;pos;vehicle;subtitles_text;speaker;soundfile
char;time_ingame;time_rw;pos;vehicle;subtitles_text;speaker;soundfile
Michael;12:25:44;16:31:34;-1106.472,463.4798,463.4798;True,Vans,BISON,2,620276,0;;;
Michael;12:26:01;16:31:35;-1107.317,463.7003,463.7003;True,Vans,BISON,1,117873,1;;;
Michael;12:26:17;16:31:35;-1108.168,463.8633,463.8633;True,Vans,BISON,2,379554,1;;;
Michael;12:26:32;16:31:36;-1109.796,464.3894,464.3894;True,Vans,BISON,4,262079,1;;;
Michael;12:26:48;16:31:36;-1112.486,465.0285,465.0285;True,Vans,BISON,6,54223,1;;;
Michael;12:27:04;16:31:37;-1116.751,465.6652,465.6652;True,Vans,BISON,10,0552,1;;;
Michael;12:27:20;16:31:37;-1121.834,466.1976,466.1976;True,Vans,BISON,9,020919,1;;;
Michael;12:27:35;16:31:38;-1126.85,467.0105,467.0105;True,Vans,BISON,10,96609,1;;;
Michael;12:27:51;16:31:38;-1133.261,468.2838,468.2838;True,Vans,BISON,14,24554,1;;;
Michael;12:28:06;16:31:39;-1141.528,469.4218,469.4218;True,Vans,BISON,17,54822,1;;;
Michael;12:28:22;16:31:39;-1151.114,470.0653,470.0653;True,Vans,BISON,18,44527,0;;;
Michael;12:28:38;16:31:40;-1160.234,470.0979,470.0979;True,Vans,BISON,18,15098,1;;;
Michael;12:28:53;16:31:40;-1169.227,470.0255,470.0255;True,Vans,BISON,17,51414,1;;;
Michael;12:29:09;16:31:41;-1178.735,470.0401,470.0401;True,Vans,BISON,19,1466,1;;;
Michael;12:29:24;16:31:41;-1189.256,470.0884,470.0884;True,Vans,BISON,21,01468,1;I ain't gonna let him get away!;MICHAEL;FAM3_AVAA
Michael;12:29:40;16:31:42;-1200.506,470.0753,470.0753;True,Vans,BISON,21,81087,1;;;
Michael;12:29:56;16:31:42;-1211.321,469.9628,469.9628;True,Vans,BISON,20,18711,1;;;
Michael;12:30:11;16:31:43;-1222.19,469.82,469.82;True,Vans,BISON,21,71737,1;;;
Michael;12:30:27;16:31:43;-1234.006,469.7208,469.7208;True,Vans,BISON,23,26931,1;;;
Michael;12:30:43;16:31:44;-1246.43,468.8935,468.8935;True,Vans,BISON,24,07362,1;;;
Michael;12:30:59;16:31:44;-1259.027,466.7614,466.7614;True,Vans,BISON,24,83378,1;;;
Michael;12:31:14;16:31:45;-1271.932,464.6703,464.6703;True,Vans,BISON,25,47917,1;;;
Michael;12:31:30;16:31:46;-1285.111,462.9146,462.9146;True,Vans,BISON,25,98819,1;;;
Michael;12:31:45;16:31:46;-1298.636,462.1346,462.1346;True,Vans,BISON,26,58996,1;;;
Michael;12:32:01;16:31:47;-1312.721,461.8961,461.8961;True,Vans,BISON,27,65427,1;;;
Michael;12:32:17;16:31:47;-1327.442,461.6698,461.6698;True,Vans,BISON,28,55297,1;;;
Michael;12:32:32;16:31:48;-1342.452,461.3564,461.3564;True,Vans,BISON,29,75438,1;;;
Michael;12:32:48;16:31:48;-1357.859,461.4414,461.4414;True,Vans,BISON,30,01835,1;;;
Michael;12:33:04;16:31:49;-1372.962,463.6451,463.6451;True,Vans,BISON,28,3094,0;Fuck man, I think we lost his ass.;FRANKLIN;FAM3_AHAA
Michael;12:33:19;16:31:49;-1386.662,467.3857,467.3857;True,Vans,BISON,26,06543,1;;;
Michael;12:33:35;16:31:50;-1399.133,471.1747,471.1747;True,Vans,BISON,24,16427,0;;;
Michael;12:33:51;16:31:50;-1410.217,475.4779,475.4779;True,Vans,BISON,22,80755,1;;;
Michael;12:34:06;16:31:51;-1420.794,481.0774,481.0774;True,Vans,BISON,23,72788,0;;;
Michael;12:34:22;16:31:51;-1429.586,488.0789,488.0789;True,Vans,BISON,20,62461,0;He lives somewhere up in the canyon. We'll find him.;MICHAEL;FAM3_AHAB
Michael;12:34:37;16:31:52;-1433.641,496.2096,496.2096;True,Vans,BISON,16,32116,1;;;
Michael;12:34:53;16:31:52;-1434.708,504.1633,504.1633;True,Vans,BISON,16,75195,1;;;
Michael;12:35:08;16:31:53;-1434.369,512.0794,512.0794;True,Vans,BISON,13,96525,0;;;
Michael;12:35:24;16:31:53;-1432.519,518.381,518.381;True,Vans,BISON,12,72719,1;;;
Michael;12:35:40;16:31:54;-1431.753,525.2459,525.2459;True,Vans,BISON,14,31717,1;;;
Michael;12:35:56;16:31:54;-1431.087,533.1195,533.1195;True,Vans,BISON,15,6919,1;;;
Michael;12:36:11;16:31:55;-1430.76,541.5574,541.5574;True,Vans,BISON,16,75079,1;;;
Michael;12:36:27;16:31:55;-1429.919,550.5886,550.5886;True,Vans,BISON,18,4705,1;;;
Michael;12:36:43;16:31:56;-1428.641,560.5301,560.5301;True,Vans,BISON,20,09489,1;;;
Michael;12:36:58;16:31:56;-1426.766,571.024,571.024;True,Vans,BISON,21,40529,1;;;
Michael;12:37:14;16:31:57;-1423.726,581.4809,581.4809;True,Vans,BISON,20,12453,1;;;
Michael;12:37:30;16:31:58;-1420.343,591.1424,591.1424;True,Vans,BISON,18,18618,0;;;
Michael;12:37:46;16:31:58;-1417.225,599.7721,599.7721;True,Vans,BISON,17,8537,1;;;
Michael;12:38:02;16:31:59;-1412.758,608.1367,608.1367;True,Vans,BISON,18,86197,1;;;
Michael;12:38:17;16:31:59;-1406.859,615.8763,615.8763;True,Vans,BISON,18,01801,0;;;
Michael;12:38:33;16:32:00;-1399.499,620.8206,620.8206;True,Vans,BISON,16,80435,0;;;
Michael;12:38:48;16:32:00;-1391.59,622.7548,622.7548;True,Vans,BISON,15,42293,1;;;
Michael;12:39:04;16:32:01;-1383.104,623.6986,623.6986;True,Vans,BISON,17,27237,1;;;
Michael;12:39:20;16:32:01;-1373.728,624.782,624.782;True,Vans,BISON,19,08119,1;;;
Michael;12:39:35;16:32:02;-1363.515,625.9628,625.9628;True,Vans,BISON,20,41728,1;;;
Michael;12:39:51;16:32:02;-1352.585,626.3669,626.3669;True,Vans,BISON,21,43826,1;;;
Michael;12:40:06;16:32:03;-1341.588,625.7045,625.7045;True,Vans,BISON,20,39273,0;;;
Michael;12:40:22;16:32:03;-1330.912,626.1629,626.1629;True,Vans,BISON,20,75562,1;;;
Michael;12:40:38;16:32:04;-1319.995,628.1475,628.1475;True,Vans,BISON,22,15877,1;;;
Michael;12:40:53;16:32:04;-1308.617,631.067,631.067;True,Vans,BISON,23,26621,1;;;
Michael;12:41:09;16:32:05;-1296.53,634.332,634.332;True,Vans,BISON,26,1568,1;;;
Michael;12:41:24;16:32:05;-1282.796,638.1396,638.1396;True,Vans,BISON,28,03972,1;;;
Michael;12:41:40;16:32:06;-1268.714,642.4584,642.4584;True,Vans,BISON,28,39649,1;;;
Michael;12:41:56;16:32:06;-1254.906,648.461,648.461;True,Vans,BISON,28,63717,1;;;
Michael;12:42:11;16:32:07;-1242.725,656.2243,656.2243;True,Vans,BISON,27,28446,1;;;
Michael;12:42:27;16:32:07;-1231.115,665.1051,665.1051;True,Vans,BISON,27,67196,0;;;
Michael;12:42:43;16:32:08;-1220.538,673.9973,673.9973;True,Vans,BISON,25,07919,0;;;
Michael;12:42:59;16:32:09;-1211.681,682.8303,682.8303;True,Vans,BISON,22,54102,0;Okay. This is the turn.;MICHAEL;FAM3_BIAA
Michael;12:43:15;16:32:09;-1205.455,691.5961,691.5961;True,Vans,BISON,17,62172,0;;;
Michael;12:43:30;16:32:10;-1200.548,698.5007,698.5007;True,Vans,BISON,15,10299,0;;;
Michael;12:43:46;16:32:10;-1194.958,702.773,702.773;True,Vans,BISON,12,11943,0;;;
Michael;12:44:02;16:32:11;-1188.894,703.4246,703.4246;True,Vans,BISON,12,19013,1;Hey! He in one of these fucking houses?;FRANKLIN;FAM3_AJAA
Michael;12:44:18;16:32:11;-1182.386,701.3897,701.3897;True,Vans,BISON,14,15985,1;;;
Michael;12:44:33;16:32:12;-1174.738,697.5908,697.5908;True,Vans,BISON,18,53192,1;;;
Michael;12:44:49;16:32:12;-1165.775,692.2516,692.2516;True,Vans,BISON,21,03835,1;;;
Michael;12:45:04;16:32:13;-1155.707,688.0157,688.0157;True,Vans,BISON,20,41098,0;;;
Michael;12:45:20;16:32:13;-1145.915,685.2679,685.2679;True,Vans,BISON,18,52118,0;;;
Michael;12:45:36;16:32:14;-1136.875,683.2887,683.2887;True,Vans,BISON,17,49238,0;He left his car. Check it out.;MICHAEL;FAM3_ESAA
Michael;12:45:51;16:32:14;-1127.789,681.8444,681.8444;True,Vans,BISON,18,83735,1;;;
Michael;12:46:07;16:32:15;-1117.575,680.9098,680.9098;True,Vans,BISON,19,43176,0;;;
Michael;12:46:22;16:32:15;-1109.545,680.6573,680.6573;True,Vans,BISON,12,09032,0;;;
Michael;12:46:38;16:32:16;-1105.094,680.4937,680.4937;True,Vans,BISON,5,516716,0,0452611;The little prick's up there. Look.;MICHAEL;FAM3_AKAA
Michael;12:46:54;16:32:16;-1102.622,680.2094,680.2094;True,Vans,BISON,4,935728,0,1355177;;;
Michael;12:47:09;16:32:17;-1099.896,679.7569,679.7569;True,Vans,BISON,5,522992,0,06077874;;;
Michael;12:47:25;16:32:17;-1097.027,679.152,679.152;True,Vans,BISON,5,810133,0,02411145;Oh shit, coach doin' alright for hisself.;FRANKLIN;FAM3_AKAB
Michael;12:47:40;16:32:18;-1094.108,678.3719,678.3719;True,Vans,BISON,5,902101,0,01236695;;;
Michael;12:47:56;16:32:18;-1091.167,677.4141,677.4141;True,Vans,BISON,5,948887,0,006537676;;;
Michael;12:48:12;16:32:19;-1088.198,676.3043,676.3043;True,Vans,BISON,5,985684,0,001844823;;;
Michael;12:48:28;16:32:19;-1085.326,675.0861,675.0861;True,Vans,BISON,5,989356,0,001289129;;;
Michael;12:48:43;16:32:20;-1082.527,673.7578,673.7578;True,Vans,BISON,5,961185,0,004730582;;;
Michael;12:48:59;16:32:20;-1079.794,672.2994,672.2994;True,Vans,BISON,5,898469,0,01243603;;;
Michael;12:49:15;16:32:21;-1077.13,670.778,670.778;True,Vans,BISON,5,822738,0,02195346;Hey, asshole! You ran off before we could settle our debts.;MICHAEL;FAM3_ABAA
Michael;12:49:30;16:32:22;-1074.555,669.2606,669.2606;True,Vans,BISON,5,773548,0,02841014;;;
Michael;12:49:45;16:32:22;-1072.003,667.7189,667.7189;True,Vans,BISON,5,779943,0,02758831;;;
Michael;12:50:01;16:32:23;-1069.442,666.1398,666.1398;True,Vans,BISON,5,785126,0,02698666;;;
Michael;12:50:17;16:32:23;-1066.91,664.5521,664.5521;True,Vans,BISON,5,775899,0,02791941;;;
Michael;12:50:32;16:32:24;-1064.409,662.9327,662.9327;True,Vans,BISON,5,735358,0,03312927;;;
Michael;12:50:48;16:32:24;-1061.919,661.3425,661.3425;True,Vans,BISON,5,740142,0,03250933;;;
Michael;12:51:03;16:32:25;-1059.389,659.7615,659.7615;True,Vans,BISON,5,743204,0,03248429;;;
Michael;12:51:19;16:32:25;-1056.878,658.1309,658.1309;True,Vans,BISON,5,717564,0,03248429;;;
Michael;12:51:34;16:32:26;-1054.448,656.4304,656.4304;True,Vans,BISON,5,70754,0,03248429;Michael, bud! You got the wrong idea, man.;TENNISCOACH;FAM3_ABAB
Michael;12:51:50;16:32:26;-1052.004,654.7313,654.7313;True,Vans,BISON,5,582648,0;;;
Michael;12:52:06;16:32:27;-1049.893,653.5562,653.5562;True,Vans,BISON,3,76813,0;;;
Michael;12:52:21;16:32:27;-1048.014,652.7197,652.7197;True,Vans,BISON,4,467278,1;;;
Michael;12:52:37;16:32:28;-1045.344,651.5217,651.5217;True,Vans,BISON,6,325586,1;;;
Michael;12:52:53;16:32:28;-1041.33,650.1469,650.1469;True,Vans,BISON,10,14826,1;;;
Michael;12:53:08;16:32:29;-1036.323,648.7576,648.7576;True,Vans,BISON,9,200278,0;;;
Michael;12:53:24;16:32:29;-1031.928,647.5217,647.5217;True,Vans,BISON,9,358304,1;;;
Michael;12:53:39;16:32:30;-1026.907,646.0499,646.0499;True,Vans,BISON,9,798779,0;;;
Michael;12:53:55;16:32:30;-1022.336,644.9577,644.9577;True,Vans,BISON,8,17872,0;They think the world owes them a living...;MICHAEL;FAM3_BFAA
Michael;12:54:11;16:32:31;-1018.034,644.325,644.325;True,Vans,BISON,9,938466,1;;;
Michael;12:54:26;16:32:31;-1012.809,643.68,643.68;True,Vans,BISON,9,269957,0;;;
Michael;12:54:42;16:32:32;-1008.186,643.4477,643.4477;True,Vans,BISON,9,040375,1;;;
Michael;12:54:58;16:32:32;-1003.676,643.5729,643.5729;True,Vans,BISON,8,467196,0;;;
Michael;12:55:13;16:32:33;-999.7228,644.0503,644.0503;True,Vans,BISON,7,024393,0;;;
Michael;12:55:29;16:32:34;-996.5481,644.5212,644.5212;True,Vans,BISON,5,474512,0;;;
Michael;12:55:45;16:32:34;-994.3392,644.919,644.919;True,Vans,BISON,2,870135,0;;;
Michael;12:56:00;16:32:35;-993.4556,645.1166,645.1166;True,Vans,BISON,0,1673029,0;;;
Michael;12:56:02;16:32:35;-991.7637,646.2573,646.2573;;;;
Michael;12:56:02;16:32:36;-991.7563,646.2826,646.2826;;;;
Michael;12:56:02;16:32:36;-991.7374,646.4464,646.4464;;There's a winch in the back of the truck.;Cutscene;Cutscene
Michael;12:56:02;16:32:37;-991.8545,646.9662,646.9662;;;;
Michael;12:56:02;16:32:37;-992.0588,647.687,647.687;;;;
Michael;12:56:02;16:32:38;-992.2189,647.8506,647.8506;;;;
Michael;12:56:02;16:32:38;-992.6544,647.2592,647.2592;;;;
Michael;12:56:02;16:32:39;-993.1661,647.0082,647.0082;;Tie the cable to one of those supports up there.;Cutscene;Cutscene
Michael;12:56:02;16:32:39;-993.7824,646.9997,646.9997;;;;
Michael;12:56:02;16:32:40;-994.4035,646.8279,646.8279;;;;
Michael;12:56:02;16:32:40;-994.9453,646.7173,646.7173;;;;
Michael;12:56:02;16:32:41;-995.3245,646.2435,646.2435;;;;
Michael;12:56:02;16:32:41;-995.4863,645.5775,645.5775;;;;
Michael;12:56:02;16:32:42;-995.3781,644.8737,644.8737;;You finna pull his deck down?;Cutscene;Cutscene
Michael;12:56:02;16:32:42;-995.2789,644.2904,644.2904;;;;
Michael;12:56:02;16:32:43;-995.2191,643.8387,643.8387;;;;
Michael;12:56:02;16:32:43;-995.0157,643.4765,643.4765;;Hey, that prick pulled my marriage down.;Cutscene;Cutscene
Michael;12:56:02;16:32:44;-994.8132,643.119,643.119;;;;
Michael;12:56:02;16:32:44;-994.9063,642.7953,642.7953;;;;
Michael;12:56:02;16:32:45;-994.903,642.6367,642.6367;;;;
Michael;12:56:02;16:32:45;-994.809,642.5425,642.5425;;Man, you really gonna be this fucking dramatic?;Cutscene;Cutscene
Michael;12:56:02;16:32:46;-995.0901,642.4555,642.4555;;;;
Michael;12:56:02;16:32:47;-995.4251,642.3928,642.3928;;;;
Michael;12:56:02;16:32:47;-995.7257,642.3608,642.3608;;;;
Michael;12:56:02;16:32:48;-995.9781,642.1893,642.1893;;Yeah, whatever.;Cutscene;Cutscene
Michael;12:56:02;16:32:48;-996.0029,641.8829,641.8829;;;;
Michael;12:56:02;16:32:49;-996.1005,641.6853,641.6853;;I told you I'd comp the session, bud!;Cutscene;Cutscene
Michael;12:56:02;16:32:49;-996.1907,641.5851,641.5851;;;;
Michael;12:56:02;16:32:50;-997.2817,642.5748,642.5748;;;;
Michael;12:56:02;16:32:50;-997.2956,642.2888,642.2888;;;;
Michael;12:56:02;16:32:51;-997.2112,641.9524,641.9524;;;;
Michael;12:56:02;16:32:51;-997.3555,641.7917,641.7917;;Well there were a lot of freaking sessions, bud!;Cutscene;Cutscene
Michael;12:56:02;16:32:52;-997.358,641.8495,641.8495;;;;
Michael;12:56:02;16:32:52;-997.2347,641.9367,641.9367;;;;
Michael;12:56:02;16:32:53;-997.1363,641.9019,641.9019;;;;
Michael;12:56:02;16:32:53;-997.2509,641.7932,641.7932;;;;
Michael;12:56:02;16:32:54;-997.3715,641.6656,641.6656;;I'm thinking you were working on more than just her backhand!;Cutscene;Cutscene
Michael;12:56:02;16:32:54;-997.3633,641.7008,641.7008;;;;
Michael;12:56:02;16:32:55;-997.3964,641.7231,641.7231;;;;
Michael;12:56:02;16:32:55;-997.415,641.736,641.736;;;;
Michael;12:56:02;16:32:56;-997.3944,641.7386,641.7386;;;;
Michael;12:56:02;16:32:56;-997.3931,641.7277,641.7277;;;;
Michael;12:56:02;16:32:57;-997.3154,641.7095,641.7095;;Mandy's backhand has come a long way, bro.;Cutscene;Cutscene
Michael;12:56:02;16:32:57;-997.1609,641.8672,641.8672;;;;
Michael;12:56:02;16:32:58;-997.0797,641.8939,641.8939;;;;
Michael;12:56:02;16:32:58;-997.1288,641.8368,641.8368;;;;
Michael;12:56:02;16:32:59;-997.289,641.7011,641.7011;;;;
Michael;12:56:02;16:32:59;-997.2874,641.6213,641.6213;;;;
Michael;12:56:02;16:33:00;-997.274,641.6204,641.6204;;;;
Michael;12:56:02;16:33:01;-997.2254,641.7245,641.7245;;But sometimes it's got to get worse to get better.;Cutscene;Cutscene
Michael;12:56:02;16:33:01;-997.1075,641.8161,641.8161;;;;
Michael;12:56:02;16:33:02;-997.0815,641.8317,641.8317;;;;
Michael;12:56:02;16:33:02;-997.0794,641.8367,641.8367;;;;
Michael;12:56:02;16:33:03;-997.0893,641.8522,641.8522;;;;
Michael;12:56:02;16:33:03;-997.1126,641.8597,641.8597;;;;
Michael;12:56:02;16:33:04;-997.2497,641.8377,641.8377;;Yeah, well, maybe I should come up there and practice my backhand...;Cutscene;Cutscene
Michael;12:56:02;16:33:04;-997.3197,641.9277,641.9277;;;;
Michael;12:56:02;16:33:05;-997.2723,642.0294,642.0294;;;;
Michael;12:56:02;16:33:05;-997.2997,642.0729,642.0729;;;;
Michael;12:56:02;16:33:06;-997.2565,642.068,642.068;;;;
Michael;12:56:02;16:33:06;-997.2372,641.9913,641.9913;;;;
Michael;12:56:02;16:33:07;-997.3032,641.9476,641.9476;;on your face!;Cutscene;Cutscene
Michael;12:56:02;16:33:07;-997.3369,642.1461,642.1461;;;;
Michael;12:56:02;16:33:08;-997.3087,642.1825,642.1825;;Oh, bud. Your negative energy is seriously bringing me down.;Cutscene;Cutscene
Michael;12:56:02;16:33:08;-997.2835,642.0853,642.0853;;;;
Michael;12:56:02;16:33:09;-997.2603,641.8969,641.8969;;;;
Michael;12:56:02;16:33:09;-997.153,641.7836,641.7836;;;;
Michael;12:56:02;16:33:10;-997.0795,641.8563,641.8563;;;;
Michael;12:56:02;16:33:10;-996.9839,641.8607,641.8607;;;;
Michael;12:56:02;16:33:11;-996.9503,641.8183,641.8183;;;;
Michael;12:56:02;16:33:11;-997.1266,641.7457,641.7457;;;;
Michael;12:56:02;16:33:12;-997.128,642.4091,642.4091;;Oh, I hope it is, bud.;Cutscene;Cutscene
Michael;12:56:02;16:33:12;-997.0551,642.5541,642.5541;;;;
Michael;12:56:02;16:33:13;-997.0262,642.5782,642.5782;;;;
Michael;12:56:02;16:33:14;-997.0222,642.5538,642.5538;;;;
Michael;12:56:02;16:33:14;-997.0878,642.4913,642.4913;;;;
Michael;12:56:02;16:33:15;-997.1361,642.4166,642.4166;;We hooked up, man.;Cutscene;Cutscene
Michael;12:56:02;16:33:15;-997.158,642.3947,642.3947;;;;
Michael;12:56:02;16:33:16;-997.1369,642.4302,642.4302;;You come into my house,;Cutscene;Cutscene
Michael;12:56:02;16:33:16;-997.2585,641.7956,641.7956;;;;
Michael;12:56:02;16:33:17;-997.2371,641.8829,641.8829;;;;
Michael;12:56:02;16:33:17;-997.2136,641.9313,641.9313;;take my money and nail my wife,;Cutscene;Cutscene
Michael;12:56:02;16:33:18;-997.2319,641.8495,641.8495;;;;
Michael;12:56:02;16:33:18;-997.2624,641.9883,641.9883;;;;
Michael;12:56:02;16:33:19;-997.2324,642.1551,642.1551;;;;
Michael;12:56:02;16:33:19;-997.388,642.3707,642.3707;;are you fucking kidding me!?;Cutscene;Cutscene
Michael;12:56:02;16:33:20;-997.4965,642.661,642.661;;;;
Michael;12:56:02;16:33:20;-997.5153,642.7518,642.7518;;;;
Michael;12:56:02;16:33:21;-997.4083,642.6085,642.6085;;;;
Michael;12:56:02;16:33:21;-997.3488,642.3438,642.3438;;I'm gonna stick up my hand and say that was uncool, bud.;Cutscene;Cutscene
Michael;12:56:02;16:33:22;-997.195,642.1323,642.1323;;;;
Michael;12:56:02;16:33:22;-997.3212,642.0314,642.0314;;;;
Michael;12:56:02;16:33:23;-997.3919,641.9783,641.9783;;;;
Michael;12:56:02;16:33:23;-997.314,641.9685,641.9685;;;;
Michael;12:56:02;16:33:24;-997.1166,641.9478,641.9478;;;;
Michael;12:56:02;16:33:24;-997.0603,641.8665,641.8665;;;;
Michael;12:56:02;16:33:25;-997.1436,641.7819,641.7819;;;;
Michael;12:56:02;16:33:25;-997.1818,641.7569,641.7569;;My bad. Seriously.;Cutscene;Cutscene
Michael;12:56:02;16:33:26;-997.0595,641.8019,641.8019;;;;
Michael;12:56:02;16:33:27;-997.1218,641.8891,641.8891;;;;
Michael;12:56:02;16:33:27;-997.2839,641.9702,641.9702;;;;
Michael;12:56:02;16:33:28;-997.3141,642.1274,642.1274;;;;
Michael;12:56:02;16:33:28;-997.3036,642.1669,642.1669;;How fucking magnanimous!;Cutscene;Cutscene
Michael;12:56:02;16:33:29;-997.2731,642.2433,642.2433;;;;
Michael;12:56:02;16:33:29;-997.267,642.3347,642.3347;;;;
Michael;12:56:02;16:33:30;-997.3682,642.3417,642.3417;;;;
Michael;12:56:02;16:33:30;-997.4219,642.3436,642.3436;;;;
Michael;12:56:02;16:33:31;-997.4684,642.3565,642.3565;;;;
Michael;12:56:02;16:33:31;-997.488,642.2582,642.2582;;May I please offer you my applause...;Cutscene;Cutscene
Michael;12:56:02;16:33:32;-997.434,642.311,642.311;;;;
Michael;12:56:02;16:33:32;-997.4181,642.3227,642.3227;;;;
Michael;12:56:02;16:33:33;-997.429,642.3185,642.3185;;You fucking motherfucker!;Cutscene;Cutscene
Michael;12:56:02;16:33:33;-997.5386,642.5232,642.5232;;;;
Michael;12:56:02;16:33:34;-997.7868,642.7501,642.7501;;;;
Michael;12:56:02;16:33:34;-997.8996,642.9318,642.9318;;;;
Michael;12:56:02;16:33:35;-997.1872,642.1928,642.1928;;;;
Michael;12:56:02;16:33:35;-997.2,642.1588,642.1588;;Dude!;Cutscene;Cutscene
Michael;12:56:02;16:33:36;-997.1459,642.1642,642.1642;;;;
Michael;12:56:15;16:33:36;-996.8522,644.1921,644.1921;;Hey, we'll see how you like it when someone fucks with your shit!;MICHAEL;FAM3_AEAC
Michael;12:56:30;16:33:37;-996.7028,644.4832,644.4832;;;;
Michael;12:56:46;16:33:37;-996.7219,644.8226,644.8226;;;;
Michael;12:57:02;16:33:38;-996.8395,645.1904,645.1904;;;;
Michael;12:57:17;16:33:39;-997.0068,645.5792,645.5792;;;;
Michael;12:57:33;16:33:39;-997.1697,645.9686,645.9686;;Hey! Wait! You got the wrong idea, pal!;TENNISCOACH;FAM3_AEAD
Michael;12:57:48;16:33:40;-997.2771,646.3454,646.3454;;;;
Michael;12:58:04;16:33:40;-997.2869,646.7039,646.7039;;;;
Michael;12:58:19;16:33:41;-997.2622,647.0759,647.0759;;;;
Michael;12:58:35;16:33:41;-997.1797,647.4436,647.4436;;;;
Michael;12:58:51;16:33:42;-996.9708,647.7573,647.7573;;;;
Michael;12:59:06;16:33:42;-996.556,647.9666,647.9666;;;;
Michael;12:59:22;16:33:43;-995.7329,647.9667,647.9667;;Whoa! Fuck!;TENNISCOACH;FAM3_AEAE
Michael;12:59:37;16:33:43;-994.8687,647.9116,647.9116;;;;
Michael;12:59:53;16:33:44;-993.9962,647.8338,647.8338;;;;
Michael;13:00:09;16:33:44;-993.2537,647.7952,647.7952;;;;
Michael;13:00:24;16:33:45;-992.7397,647.8153,647.8153;;;;
Michael;13:00:40;16:33:45;-992.675,647.815,647.815;;;;
Michael;13:00:56;16:33:46;-992.4963,647.5593,647.5593;;;;
Michael;13:01:11;16:33:46;-992.4326,647.3921,647.3921;;;;
Michael;13:01:27;16:33:47;-992.3093,647.1378,647.1378;;;;
Michael;13:01:43;16:33:47;-992.1382,645.763,645.763;True,Vans,BISON,0,0;;;
Michael;13:01:58;16:33:48;-992.1382,645.763,645.763;True,Vans,BISON,0,0;Here we go! Let's see what happens.;MICHAEL;FAM3_EUAA
Michael;13:02:14;16:33:48;-992.1367,645.7604,645.7604;True,Vans,BISON,0,01349957,0;;;
Michael;13:02:30;16:33:49;-992.1324,645.7651,645.7651;True,Vans,BISON,0,05823151,1;;;
Michael;13:02:45;16:33:49;-992.1394,645.7764,645.7764;True,Vans,BISON,0,05935394,1;;;
Michael;13:03:01;16:33:50;-992.1351,645.7534,645.7534;True,Vans,BISON,0,01468759,1;;;
Michael;13:03:16;16:33:50;-992.14,645.7886,645.7886;True,Vans,BISON,0,0290428,1;;;
Michael;13:03:32;16:33:51;-992.126,645.7346,645.7346;True,Vans,BISON,0,1047544,1;;;
Michael;13:03:48;16:33:52;-992.1332,645.741,645.741;True,Vans,BISON,0,05623284,1;;;
Michael;13:04:03;16:33:52;-992.1359,645.7576,645.7576;True,Vans,BISON,0,01514691,1;Dude, you are properly crazy.;FRANKLIN;FAM3_EUAB
Michael;13:04:19;16:33:53;-991.8769,645.7895,645.7895;True,Vans,BISON,1,69309,1;;;
Michael;13:04:34;16:33:53;-990.8354,645.98,645.98;True,Vans,BISON,1,206334,1;;;
Michael;13:04:50;16:33:54;-990.7795,645.9927,645.9927;True,Vans,BISON,0,2101163,1;;;
Michael;13:05:06;16:33:54;-990.8038,646.0172,646.0172;True,Vans,BISON,0,02350326,1;;;
Michael;13:05:22;16:33:55;-990.8007,646.0034,646.0034;True,Vans,BISON,0,01721795,1;;;
Michael;13:05:37;16:33:55;-990.8038,646.0217,646.0217;True,Vans,BISON,0,03010279,1;;;
Michael;13:05:53;16:33:56;-990.8013,646.0095,646.0095;True,Vans,BISON,0,01644341,1;;;
Michael;13:06:08;16:33:56;-990.8031,646.0176,646.0176;True,Vans,BISON,0,01030295,1;Aw shit. He sorry now if he wasn't already.;FRANKLIN;FAM3_BNAA
Michael;13:06:24;16:33:57;-990.8018,646.0092,646.0092;True,Vans,BISON,0,04234014,1;;;
Michael;13:06:40;16:33:57;-990.8041,646.0306,646.0306;True,Vans,BISON,0,07788914,1;;;
Michael;13:06:56;16:33:58;-990.8144,646.0783,646.0783;True,Vans,BISON,0,04306147,1;;;
Michael;13:07:11;16:33:58;-990.8043,646.0394,646.0394;True,Vans,BISON,0,02804012,1;;;
Michael;13:07:27;16:33:59;-990.808,646.0583,646.0583;True,Vans,BISON,0,05205506,1;;;
Michael;13:07:43;16:33:59;-990.8134,646.0737,646.0737;True,Vans,BISON,0,01879405,1;;;
Michael;13:07:59;16:34:00;-990.65,646.0523,646.0523;True,Vans,BISON,1,246446,1;;;
Michael;13:08:15;16:34:00;-989.6439,646.0441,646.0441;True,Vans,BISON,1,209214,1;Man, get some force on that motherfucker.;FRANKLIN;FAM3_BKAA
Michael;13:08:30;16:34:01;-989.6113,646.0954,646.0954;True,Vans,BISON,0,1600446,1;;;
Michael;13:08:46;16:34:01;-989.6242,646.0689,646.0689;True,Vans,BISON,0,04237465,1;;;
Michael;13:09:02;16:34:02;-989.6249,646.0778,646.0778;True,Vans,BISON,0,06159502,1;;;
Michael;13:09:17;16:34:03;-989.6268,646.0831,646.0831;True,Vans,BISON,0,02846158,1;;;
Michael;13:09:33;16:34:03;-989.6262,646.0701,646.0701;True,Vans,BISON,0,01140148,1;;;
Michael;13:09:49;16:34:04;-989.6255,646.0886,646.0886;True,Vans,BISON,0,02460496,1;;;
Michael;13:10:04;16:34:04;-989.6244,646.0816,646.0816;True,Vans,BISON,0,0436986,1;;;
Michael;13:10:20;16:34:05;-989.6251,646.0775,646.0775;True,Vans,BISON,0,0385516,1;;;
Michael;13:10:36;16:34:05;-989.6265,646.0942,646.0942;True,Vans,BISON,0,006650474,1;;;
Michael;13:10:51;16:34:06;-989.6262,646.0876,646.0876;True,Vans,BISON,0,02558351,1;;;
Michael;13:11:07;16:34:06;-989.6255,646.0699,646.0699;True,Vans,BISON,0,01805227,1;;;
Michael;13:11:22;16:34:07;-989.6257,646.0779,646.0779;True,Vans,BISON,0,01036681,1;Man, homie ain't grubbing outside tonight, dog.;FRANKLIN;FAM3_BOAA
Michael;13:11:38;16:34:07;-989.6251,646.0803,646.0803;True,Vans,BISON,0,007492142,1;;;
Michael;13:11:53;16:34:08;-989.6249,646.0806,646.0806;True,Vans,BISON,0,01045669,1;;;
Michael;13:12:09;16:34:08;-989.6251,646.0797,646.0797;True,Vans,BISON,0,0118288,1;;;
Michael;13:12:25;16:34:09;-989.6265,646.0792,646.0792;True,Vans,BISON,0,01159491,1;;;
Michael;13:12:41;16:34:09;-989.6263,646.0827,646.0827;True,Vans,BISON,0,004915629,1;;;
Michael;13:12:56;16:34:10;-989.6254,646.0858,646.0858;True,Vans,BISON,0,01086713,1;Do it, man. Fuckin' do it.;FRANKLIN;FAM3_BKAA
Michael;13:13:12;16:34:10;-989.5933,646.0739,646.0739;True,Vans,BISON,0,5157711,1;;;
Michael;13:13:28;16:34:11;-988.6703,646.0436,646.0436;True,Vans,BISON,1,816345,0;;;
Michael;13:13:43;16:34:11;-988.3253,646.1039,646.1039;True,Vans,BISON,0,06815971,0;Oh fuck!;FRANKLIN;FAM3_BPAA
Michael;13:13:59;16:34:12;-988.3268,646.1095,646.1095;True,Vans,BISON,0,0;;;
Michael;13:14:15;16:34:12;-988.3268,646.1095,646.1095;True,Vans,BISON,0,0;;;
Michael;13:14:30;16:34:13;-988.3268,646.1095,646.1095;True,Vans,BISON,0,0;;;
Michael;13:14:46;16:34:13;-988.3268,646.1095,646.1095;True,Vans,BISON,0,0;;;
Michael;13:15:02;16:34:14;-988.3268,646.1095,646.1095;True,Vans,BISON,0,0;;;
Michael;13:15:17;16:34:15;-988.3268,646.1095,646.1095;True,Vans,BISON,0,0;;;
Michael;13:15:33;16:34:15;-988.3268,646.1095,646.1095;True,Vans,BISON,0,0;;;
Michael;13:15:49;16:34:16;-988.3268,646.1095,646.1095;True,Vans,BISON,0,0;;;
Michael;13:16:04;16:34:16;-988.3268,646.1095,646.1095;True,Vans,BISON,0,0;;;
Michael;13:16:20;16:34:17;-988.3268,646.1095,646.1095;True,Vans,BISON,0,0;;;
Michael;13:16:35;16:34:17;-988.3268,646.1095,646.1095;True,Vans,BISON,0,0;;;
Michael;13:16:51;16:34:18;-988.3268,646.1095,646.1095;True,Vans,BISON,0,0;;;
Michael;13:17:07;16:34:18;-988.3268,646.1095,646.1095;True,Vans,BISON,0,0;;;
Michael;13:17:22;16:34:19;-988.3268,646.1095,646.1095;True,Vans,BISON,0,0;;;
Michael;13:17:38;16:34:19;-988.3268,646.1095,646.1095;True,Vans,BISON,0,0;;;
Michael;13:17:53;16:34:20;-988.3268,646.1095,646.1095;True,Vans,BISON,0,0;;;
Michael;13:18:09;16:34:20;-988.3268,646.1095,646.1095;True,Vans,BISON,0,0;;;
Michael;13:18:25;16:34:21;-988.3268,646.1095,646.1095;True,Vans,BISON,0,0;;;
Michael;13:18:40;16:34:21;-988.3268,646.1095,646.1095;True,Vans,BISON,0,0;;;
Michael;13:18:56;16:34:22;-994.4605,643.6536,643.6536;True,Vans,BISON,0,2150317,0;;;
Michael;13:19:11;16:34:22;-994.4286,643.6525,643.6525;True,Vans,BISON,0,02656759,0;Yeah! Fuck! Come on!;MICHAEL;FAM3_CFAA
Michael;13:19:27;16:34:23;-994.4304,643.6533,643.6533;True,Vans,BISON,0,0;;;
Michael;13:19:42;16:34:23;-994.4304,643.6533,643.6533;True,Vans,BISON,0,0;;;
Michael;13:19:58;16:34:24;-994.4304,643.6533,643.6533;True,Vans,BISON,0,0;;;
Michael;13:20:14;16:34:24;-994.4304,643.6533,643.6533;True,Vans,BISON,0,0;;;
Michael;13:20:29;16:34:25;-994.4304,643.6533,643.6533;True,Vans,BISON,0,0;Fuck, man! Fuck.;FRANKLIN;FAM3_CFAB
Michael;13:20:45;16:34:25;-994.4304,643.6533,643.6533;True,Vans,BISON,0,0;;;
Michael;13:21:00;16:34:26;-994.4304,643.6533,643.6533;True,Vans,BISON,0,0;;;
Michael;13:21:16;16:34:26;-994.4304,643.6533,643.6533;True,Vans,BISON,0,0;;;
Michael;13:21:32;16:34:27;-994.4304,643.6533,643.6533;True,Vans,BISON,0,0;Oh we did it! Fuck his ass!;MICHAEL;FAM3_CFAC
Michael;13:21:47;16:34:28;-994.4304,643.6533,643.6533;True,Vans,BISON,0,0;;;
Michael;13:22:03;16:34:28;-994.4304,643.6533,643.6533;True,Vans,BISON,0,0;;;
Michael;13:22:18;16:34:29;-994.4304,643.6533,643.6533;True,Vans,BISON,0,0;;;
Michael;13:22:34;16:34:29;-994.4304,643.6533,643.6533;True,Vans,BISON,0,0;;;
Michael;13:22:50;16:34:30;-994.4304,643.6533,643.6533;True,Vans,BISON,0,0;Yeah, fuck him. But, was we really trying to pull the dude's house off the fuckin' hill?;FRANKLIN;FAM3_CFAD
Michael;13:23:05;16:34:30;-994.4304,643.6533,643.6533;True,Vans,BISON,0,0;;;
Michael;13:23:21;16:34:31;-994.4304,643.6533,643.6533;True,Vans,BISON,0,0;;;
Michael;13:23:36;16:34:31;-994.4304,643.6533,643.6533;True,Vans,BISON,0,0;;;
Michael;13:23:52;16:34:32;-994.4304,643.6533,643.6533;True,Vans,BISON,0,0;;;
Michael;13:24:08;16:34:32;-994.4304,643.6533,643.6533;True,Vans,BISON,0,0;;;
Michael;13:24:23;16:34:33;-994.4304,643.6533,643.6533;True,Vans,BISON,0,0;;;
Michael;13:24:39;16:34:33;-994.4304,643.6533,643.6533;True,Vans,BISON,0,0;;;
Michael;13:24:54;16:34:34;-994.4304,643.6533,643.6533;True,Vans,BISON,0,0;;;
Michael;13:25:10;16:34:34;-994.4304,643.6533,643.6533;True,Vans,BISON,0,0;We were trying to teach him a fucking lesson.;MICHAEL;FAM3_CFAE
Michael;13:25:26;16:34:35;-994.4304,643.6533,643.6533;True,Vans,BISON,0,0;;;
Michael;13:25:41;16:34:35;-994.4304,643.6533,643.6533;True,Vans,BISON,0,0;;;
Michael;13:25:57;16:34:36;-994.4304,643.6533,643.6533;True,Vans,BISON,0,0;;;
Michael;13:26:13;16:34:36;-994.4304,643.6533,643.6533;True,Vans,BISON,0,0;;;
Michael;13:26:28;16:34:37;-994.4304,643.6533,643.6533;True,Vans,BISON,0,0;Now, that's an expensive bitch-ass lesson, man.;FRANKLIN;FAM3_CFAF
Michael;13:26:44;16:34:37;-994.4304,643.6533,643.6533;True,Vans,BISON,0,0;;;
Michael;13:26:59;16:34:38;-994.4304,643.6533,643.6533;True,Vans,BISON,0,0;;;
Michael;13:27:15;16:34:38;-994.4304,643.6533,643.6533;True,Vans,BISON,0,0;;;
Michael;13:27:31;16:34:39;-994.4304,643.6533,643.6533;True,Vans,BISON,0,0;;;
Michael;13:27:47;16:34:39;-994.4304,643.6533,643.6533;True,Vans,BISON,0,0;;;
Michael;13:28:02;16:34:40;-994.4304,643.6533,643.6533;True,Vans,BISON,0,0;Maybe he'll keep it on the court and out of my wife.;MICHAEL;FAM3_CFAG
Michael;13:28:18;16:34:41;-994.4304,643.6533,643.6533;True,Vans,BISON,0,0;;;
Michael;13:28:33;16:34:41;-994.4304,643.6533,643.6533;True,Vans,BISON,0,0;;;
Michael;13:28:49;16:34:42;-994.4304,643.6533,643.6533;True,Vans,BISON,0,0;;;
Michael;13:29:05;16:34:42;-994.4304,643.6533,643.6533;True,Vans,BISON,0,0;;;
Michael;13:29:21;16:34:43;-994.4304,643.6533,643.6533;True,Vans,BISON,0,0;Yeah, he not taking no housewives back to that motherfucker.;FRANKLIN;FAM3_CFAH
Michael;13:29:36;16:34:43;-994.4304,643.6533,643.6533;True,Vans,BISON,0,0;;;
Michael;13:29:52;16:34:44;-994.4304,643.6533,643.6533;True,Vans,BISON,0,0;;;
Michael;13:30:07;16:34:44;-994.4304,643.6533,643.6533;True,Vans,BISON,0,0;;;
Michael;13:30:23;16:34:45;-994.4304,643.6533,643.6533;True,Vans,BISON,0,0;;;
Michael;13:30:39;16:34:45;-994.4304,643.6533,643.6533;True,Vans,BISON,0,0;;;
Michael;13:30:54;16:34:46;-994.4304,643.6533,643.6533;True,Vans,BISON,0,0;;;
Michael;13:31:10;16:34:46;-994.4304,643.6533,643.6533;True,Vans,BISON,0,0;Hey, it's a service to the fucking community.;MICHAEL;FAM3_CFAI
Michael;13:31:26;16:34:47;-994.4304,643.6533,643.6533;True,Vans,BISON,0,0;;;
Michael;13:31:41;16:34:47;-994.4304,643.6533,643.6533;True,Vans,BISON,0,0;;;
Michael;13:31:57;16:34:48;-994.4304,643.6533,643.6533;True,Vans,BISON,0,0;;;
Michael;13:32:12;16:34:48;-994.4304,643.6533,643.6533;True,Vans,BISON,0,0;;;
Michael;13:32:28;16:34:49;-994.4304,643.6533,643.6533;True,Vans,BISON,0,0;;;
Michael;13:32:44;16:34:49;-994.4304,643.6533,643.6533;True,Vans,BISON,0,0;;;
Michael;13:32:59;16:34:50;-994.4304,643.6533,643.6533;True,Vans,BISON,0,0;;;
Michael;13:33:15;16:34:50;-994.2333,643.6518,643.6518;True,Vans,BISON,1,198457,1;;;
Michael;13:33:31;16:34:51;-992.9522,643.7488,643.7488;True,Vans,BISON,3,843283,1;;;
Michael;13:33:46;16:34:51;-990.0735,644.3245,644.3245;True,Vans,BISON,7,18085,0;;;
Michael;13:34:02;16:34:52;-986.095,644.9916,644.9916;True,Vans,BISON,9,684326,1;;;
Michael;13:34:18;16:34:53;-980.8908,645.8682,645.8682;True,Vans,BISON,9,405971,0;;;
Michael;13:34:33;16:34:53;-976.1373,646.8333,646.8333;True,Vans,BISON,9,043671,0;;;
Michael;13:34:49;16:34:54;-971.2222,647.4856,647.4856;True,Vans,BISON,10,56719,0;;;
Michael;13:35:04;16:34:54;-966.1331,648.3128,648.3128;True,Vans,BISON,10,10809,1;;;
Michael;13:35:20;16:34:55;-960.2583,649.2878,649.2878;True,Vans,BISON,12,82331,1;;;
Michael;13:35:36;16:34:55;-953.001,650.6414,650.6414;True,Vans,BISON,15,52511,1;;;
Michael;13:35:51;16:34:56;-943.7913,652.6586,652.6586;True,Vans,BISON,19,17622,0;;;
Michael;13:36:07;16:34:56;-934.1585,653.8522,653.8522;True,Vans,BISON,18,30997,0;;;
Michael;13:36:23;16:34:57;-925.1318,655.2432,655.2432;True,Vans,BISON,16,46988,0;;;
Michael;13:36:38;16:34:57;-917.1093,656.0995,656.0995;True,Vans,BISON,15,08342,0;Mr. De Santa! What the hell!? That's not my house.;TENNISCOACH;FAM3_DWAA
Michael;13:36:54;16:34:58;-909.7242,657.537,657.537;True,Vans,BISON,13,49521,0;;;
Michael;13:37:10;16:34:58;-903.2724,658.9592,658.9592;True,Vans,BISON,11,88224,0;;;
Michael;13:37:25;16:34:59;-898.0657,660.0079,660.0079;True,Vans,BISON,8,909415,0;;;
Michael;13:37:41;16:34:59;-893.9169,660.8681,660.8681;True,Vans,BISON,7,444578,0;;;
Michael;13:37:56;16:35:00;-890.515,661.5076,661.5076;True,Vans,BISON,5,85006,0;;;
Michael;13:38:12;16:35:00;-887.957,661.8856,661.8856;True,Vans,BISON,4,243976,0;"Green light! Green light! Martin Madrazo!" Fuck you.;MICHAEL;FAM3_CWAA
Michael;13:38:27;16:35:01;-886.1993,662.1191,662.1191;True,Vans,BISON,2,684526,0;;;
Michael;13:38:43;16:35:01;-885.2252,662.2743,662.2743;True,Vans,BISON,1,121863,0;;;
Michael;13:38:59;16:35:02;-885.0375,662.3565,662.3565;True,Vans,BISON,0,02665178,0;;;
Michael;13:39:14;16:35:02;-885.0397,662.3579,662.3579;True,Vans,BISON,0,0;;;
Michael;13:39:30;16:35:03;-885.0397,662.3579,662.3579;True,Vans,BISON,0,0;;;
Michael;13:39:45;16:35:03;-885.0397,662.3579,662.3579;True,Vans,BISON,0,0;;;
Michael;13:40:01;16:35:04;-884.8143,662.3345,662.3345;True,Vans,BISON,1,302168,1;;;
Michael;13:40:17;16:35:04;-883.5004,662.1068,662.1068;True,Vans,BISON,3,953611,1;;;
Michael;13:40:33;16:35:05;-880.1407,661.7645,661.7645;True,Vans,BISON,8,413331,1;;;
Michael;13:40:49;16:35:06;-874.9785,660.9124,660.9124;True,Vans,BISON,9,924438,0;Whoa. Homie. Martin? Martin Madrazo?;FRANKLIN;FAM3_CWAB
Michael;13:41:05;16:35:06;-869.6716,659.9911,659.9911;True,Vans,BISON,11,45831,1;;;
Michael;13:41:20;16:35:07;-863.0838,658.9965,658.9965;True,Vans,BISON,14,35604,1;;;
Michael;13:41:36;16:35:07;-854.9822,657.1432,657.1432;True,Vans,BISON,16,67299,0;;;
Michael;13:41:51;16:35:08;-847.019,654.6703,654.6703;True,Vans,BISON,16,14006,1;;;
Michael;13:42:07;16:35:08;-839.6027,651.4029,651.4029;True,Vans,BISON,14,9046,0;;;
Michael;13:42:23;16:35:09;-832.8091,647.8701,647.8701;True,Vans,BISON,15,46932,1;;;
Michael;13:42:38;16:35:09;-825.9644,642.5651,642.5651;True,Vans,BISON,16,92473,0;;;
Michael;13:42:54;16:35:10;-819.2962,636.1649,636.1649;True,Vans,BISON,18,49089,1;;;
Michael;13:43:09;16:35:10;-813.0871,628.7343,628.7343;True,Vans,BISON,18,54635,1;That's what she said.;MICHAEL;FAM3_CWAC
Michael;13:43:25;16:35:11;-807.7924,620.546,620.546;True,Vans,BISON,18,29543,1;;;
Michael;13:43:41;16:35:11;-804.2756,611.7284,611.7284;True,Vans,BISON,17,71624,0;;;
Michael;13:43:57;16:35:12;-801.544,603.2975,603.2975;True,Vans,BISON,16,24745,0;Damn, dude's a kingpin, homie. Man, you better hope...;FRANKLIN;FAM3_CWAD
Michael;13:44:12;16:35:12;-798.3759,594.9325,594.9325;True,Vans,BISON,17,83562,0;;;
Michael;13:44:28;16:35:13;-794.963,586.7223,586.7223;True,Vans,BISON,16,06949,0;;;
Michael;13:44:44;16:35:13;-791.7361,579.4579,579.4579;True,Vans,BISON,14,39618,0;;;
Michael;13:44:59;16:35:14;-788.6445,573.2467,573.2467;True,Vans,BISON,12,53221,0;;;
Michael;13:45:15;16:35:14;-785.1448,568.0306,568.0306;True,Vans,BISON,12,36957,1;;;
Michael;13:45:30;16:35:15;-781.4453,562.4326,562.4326;True,Vans,BISON,12,72828,0;I ain't hoping anything. Chick was hysterical. Chill out.;MICHAEL;FAM3_CWAE
Michael;13:45:46;16:35:15;-776.7052,557.3464,557.3464;True,Vans,BISON,13,87165,0;;;
Michael;13:46:02;16:35:16;-771.3668,552.9526,552.9526;True,Vans,BISON,12,68463,0;;;
Michael;13:46:18;16:35:17;-765.3058,550.1121,550.1121;True,Vans,BISON,14,32679,1;;;
Michael;13:46:34;16:35:17;-757.6724,547.6357,547.6357;True,Vans,BISON,15,56261,0;;;
Michael;13:46:49;16:35:18;-749.7823,545.1427,545.1427;True,Vans,BISON,17,76352,1;;;
Michael;13:47:05;16:35:18;-740.8234,541.4562,541.4562;True,Vans,BISON,19,32381,1;;;
Michael;13:47:21;16:35:19;-732.3511,536.2087,536.2087;True,Vans,BISON,19,08194,0;;;
Michael;13:47:36;16:35:19;-724.4827,530.1755,530.1755;True,Vans,BISON,19,02891,0;;;
Michael;13:47:52;16:35:20;-717.5363,523.7203,523.7203;True,Vans,BISON,17,48512,0;;;
Michael;13:48:08;16:35:20;-712.2194,516.7758,516.7758;True,Vans,BISON,15,90858,0;;;
Michael;13:48:24;16:35:21;-707.7814,510.2766,510.2766;True,Vans,BISON,14,41936,0;;;
Michael;13:48:39;16:35:21;-704.3024,505.0546,505.0546;True,Vans,BISON,11,04088,0;The coach should be doing the Russian broad. Chick needs to chill the fuck out.;MICHAEL;FAM3_BTAA
Michael;13:48:55;16:35:22;-701.7537,500.4232,500.4232;True,Vans,BISON,9,464357,0;;;
Michael;13:49:11;16:35:22;-700.774,496.157,496.157;True,Vans,BISON,7,890438,1;;;
Michael;13:49:26;16:35:23;-700.5687,492.116,492.116;True,Vans,BISON,6,919477,0;;;
Michael;13:49:42;16:35:23;-701.7624,488.408,488.408;True,Vans,BISON,7,478629,0;;;
Michael;13:49:57;16:35:24;-704.2108,484.9302,484.9302;True,Vans,BISON,8,088408,0;;;
Michael;13:50:13;16:35:24;-707.6911,483.4641,483.4641;True,Vans,BISON,7,883087,1;;;
Michael;13:50:29;16:35:25;-712.6669,482.7854,482.7854;True,Vans,BISON,10,37802,0;;;
Michael;13:50:44;16:35:25;-717.858,481.8713,481.8713;True,Vans,BISON,10,95712,1;Dead man! Dead man!;FRANKLIN;FAM3_BTAB
Michael;13:51:00;16:35:26;-723.9758,479.9645,479.9645;True,Vans,BISON,13,78572,1;;;
Michael;13:51:15;16:35:26;-730.9793,476.4255,476.4255;True,Vans,BISON,16,16392,1;;;
Michael;13:51:31;16:35:27;-738.6617,471.3188,471.3188;True,Vans,BISON,19,26726,0;;;
Michael;13:51:47;16:35:27;-746.8713,466.2336,466.2336;True,Vans,BISON,18,17948,0;;;
Michael;13:52:03;16:35:28;-754.5719,461.092,461.092;True,Vans,BISON,18,4873,1;Dead man!;MICHAEL;FAM3_BTAC
Michael;13:52:18;16:35:29;-762.6627,455.7715,455.7715;True,Vans,BISON,18,63441,0;;;
Michael;13:52:34;16:35:29;-771.0562,451.49,451.49;True,Vans,BISON,17,86172,0;;;
Michael;13:52:50;16:35:30;-779.5934,448.375,448.375;True,Vans,BISON,17,9657,0;;;
Michael;13:53:06;16:35:30;-788.5331,446.1778,446.1778;True,Vans,BISON,18,14591,0;;;
Michael;13:53:21;16:35:31;-798.0472,444.2985,444.2985;True,Vans,BISON,18,7974,0;But you did just pull her life apart, homie.;FRANKLIN;FAM3_BTAD
Michael;13:53:37;16:35:31;-807.3867,442.7765,442.7765;True,Vans,BISON,17,57597,0;;;
Michael;13:53:53;16:35:32;-816.0998,442.0123,442.0123;True,Vans,BISON,16,52184,0;;;
Michael;13:54:08;16:35:32;-824.468,441.3954,441.3954;True,Vans,BISON,16,70061,1;;;
Michael;13:54:24;16:35:33;-832.7724,440.8265,440.8265;True,Vans,BISON,15,36024,0;;;
Michael;13:54:40;16:35:33;-839.4925,440.4147,440.4147;True,Vans,BISON,11,92852,0;Hey man, there's some mean lookin' motherfucking eses right behind us.;FRANKLIN;FAM3_CVAA
Michael;13:54:55;16:35:34;-844.1896,440.1483,440.1483;True,Vans,BISON,8,08609,0;;;
Michael;13:55:11;16:35:34;-848.3803,439.8932,439.8932;True,Vans,BISON,9,01255,1;;;
Michael;13:55:26;16:35:35;-852.5385,438.6003,438.6003;True,Vans,BISON,7,241419,0;;;
Michael;13:55:42;16:35:35;-854.569,436.177,436.177;True,Vans,BISON,5,472161,1;;;
Michael;13:55:58;16:35:36;-855.6927,432.907,432.907;True,Vans,BISON,8,128022,1;;;
Michael;13:56:13;16:35:36;-856.8866,427.9814,427.9814;True,Vans,BISON,9,96514,0;That was quick. Alright, help me deal with this.;MICHAEL;FAM3_DHAA
Michael;13:56:29;16:35:37;-857.554,422.8289,422.8289;True,Vans,BISON,10,66811,1;;;
Michael;13:56:44;16:35:37;-858.2529,416.6225,416.6225;True,Vans,BISON,13,66987,1;;;
Michael;13:57:00;16:35:38;-858.8726,408.6058,408.6058;True,Vans,BISON,16,99435,1;;;
Michael;13:57:16;16:35:38;-859.2571,399.2661,399.2661;True,Vans,BISON,19,07959,1;;;
Michael;13:57:31;16:35:39;-859.7,388.8371,388.8371;True,Vans,BISON,20,89763,1;;;
Michael;13:57:47;16:35:39;-860.2873,377.7434,377.7434;True,Vans,BISON,21,51313,1;;;
Michael;13:58:03;16:35:40;-860.3967,366.58,366.58;True,Vans,BISON,20,57977,0;;;
Michael;13:58:18;16:35:41;-859.1199,355.856,355.856;True,Vans,BISON,21,49558,1;I'll give it a go, man. Keep driving.;FRANKLIN;FAM3_DIAA
Michael;13:58:34;16:35:41;-857.0464,344.7586,344.7586;True,Vans,BISON,20,60831,0;;;
Michael;13:58:50;16:35:42;-855.1401,334.6674,334.6674;True,Vans,BISON,18,89693,0;;;
Michael;13:59:05;16:35:42;-853.4392,325.4943,325.4943;True,Vans,BISON,17,20117,0;;;
Michael;13:59:21;16:35:43;-851.9576,317.153,317.153;True,Vans,BISON,16,38998,1;;;
Michael;13:59:36;16:35:43;-850.3373,308.3442,308.3442;True,Vans,BISON,18,20808,1;We can handle this, can't we? Screw 'em!;MICHAEL;FAM3_EYAA
Michael;13:59:52;16:35:44;-846.964,298.6301,298.6301;True,Vans,BISON,20,68541,1;;;
Michael;14:00:08;16:35:44;-840.6918,289.7802,289.7802;True,Vans,BISON,20,51741,0;;;
Michael;14:00:23;16:35:45;-832.5353,283.7202,283.7202;True,Vans,BISON,18,64414,0;;;
Michael;14:00:39;16:35:45;-823.8655,280.8557,280.8557;True,Vans,BISON,17,12559,1;;;
Michael;14:00:54;16:35:46;-814.8701,281.0609,281.0609;True,Vans,BISON,18,53349,1;;;
Michael;14:01:10;16:35:46;-804.4106,282.0752,282.0752;True,Vans,BISON,21,64097,1;;;
Michael;14:01:25;16:35:47;-793.3846,282.9377,282.9377;True,Vans,BISON,20,33595,0;;;
Michael;14:01:41;16:35:47;-783.3441,283.6464,283.6464;True,Vans,BISON,18,62739,0;;;
Michael;14:01:57;16:35:48;-774.0456,284.2419,284.2419;True,Vans,BISON,17,67273,1;;;
Michael;14:02:12;16:35:48;-765.2255,285.1967,285.1967;True,Vans,BISON,15,84399,0;;;
Michael;14:02:28;16:35:49;-757.7053,287.2481,287.2481;True,Vans,BISON,13,97484,0;;;
Michael;14:02:44;16:35:49;-751.0245,287.7303,287.7303;True,Vans,BISON,11,87383,0;;;
Michael;14:03:00;16:35:50;-745.3066,287.2727,287.2727;True,Vans,BISON,10,21098,0;;;
Michael;14:03:15;16:35:50;-740.361,287.3578,287.3578;True,Vans,BISON,8,68625,0;;;
Michael;14:03:31;16:35:51;-735.4264,287.4495,287.4495;True,Vans,BISON,10,66766,1;We gotta book, man. Go!;FRANKLIN;FAM3_EBAA
Michael;14:03:46;16:35:51;-730.2775,287.3876,287.3876;True,Vans,BISON,9,770297,1;;;
Michael;14:04:02;16:35:52;-724.3954,287.2057,287.2057;True,Vans,BISON,13,18513,0,9932001;;;
Michael;14:04:18;16:35:53;-716.7565,286.8698,286.8698;True,Vans,BISON,16,21688,0,9379408;;;
Michael;14:04:33;16:35:53;-707.5883,286.3781,286.3781;True,Vans,BISON,19,41454,1;How much distance we got between us?;MICHAEL;FAM3_DZAA
Michael;14:04:49;16:35:54;-697.1379,285.6486,285.6486;True,Vans,BISON,20,07558,0;;;
Michael;14:05:04;16:35:54;-687.1946,284.783,284.783;True,Vans,BISON,17,65703,0;;;
Michael;14:05:20;16:35:55;-679.0627,283.4435,283.4435;True,Vans,BISON,13,88245,0;;;
Michael;14:05:36;16:35:55;-672.9368,281.051,281.051;True,Vans,BISON,12,34166,0,03079548;;;
Michael;14:05:51;16:35:56;-668.0977,276.9792,276.9792;True,Vans,BISON,12,60693,0;;;
Michael;14:06:07;16:35:56;-663.7074,272.7806,272.7806;True,Vans,BISON,10,73552,0;;;
Michael;14:06:22;16:35:57;-659.4094,269.9171,269.9171;True,Vans,BISON,9,703411,0,00920976;;;
Michael;14:06:38;16:35:57;-654.8776,267.705,267.705;True,Vans,BISON,10,0912,0,9999999;;;
Michael;14:06:53;16:35:58;-649.6949,265.3665,265.3665;True,Vans,BISON,11,93313,0,9999999;;;
Michael;14:07:09;16:35:58;-643.6426,263.1512,263.1512;True,Vans,BISON,13,03896,0,8184985;;;
Michael;14:07:25;16:35:59;-636.5229,262.0252,262.0252;True,Vans,BISON,14,62349,0,9999999;Eh, fuck off!;FRANKLIN;FAM3_AMAA
Michael;14:07:40;16:35:59;-628.6512,261.2698,261.2698;True,Vans,BISON,16,15932,0,9999999;;;
Michael;14:07:56;16:36:00;-619.7283,260.4301,260.4301;True,Vans,BISON,17,96722,0,9999999;;;
Michael;14:08:12;16:36:00;-609.952,259.4559,259.4559;True,Vans,BISON,19,67745,0,9999999;;;
Michael;14:08:27;16:36:01;-599.2426,258.3519,258.3519;True,Vans,BISON,21,32598,1;;;
Michael;14:08:43;16:36:01;-588.0037,257.1304,257.1304;True,Vans,BISON,20,59275,0;;;
Michael;14:08:59;16:36:02;-577.0133,256.0167,256.0167;True,Vans,BISON,22,38981,0,9991636;;;
Michael;14:09:14;16:36:02;-564.8634,254.8969,254.8969;True,Vans,BISON,24,3663,0,3353748;;;
Michael;14:09:30;16:36:03;-552.0699,253.7193,253.7193;True,Vans,BISON,24,8728,0,06276992;Come on, kid.;MICHAEL;FAM3_DDAA
Michael;14:09:46;16:36:03;-539.1201,252.374,252.374;True,Vans,BISON,24,64869,0,1759892;;;
Michael;14:10:01;16:36:04;-526.469,250.117,250.117;True,Vans,BISON,24,56757,0,208255;;;
Michael;14:10:17;16:36:05;-513.8412,248.4717,248.4717;True,Vans,BISON,24,5028,0,2505485;;;
Michael;14:10:33;16:36:05;-501.2515,247.0159,247.0159;True,Vans,BISON,24,4564,0,2735096;;;
Michael;14:10:48;16:36:06;-488.485,245.5703,245.5703;True,Vans,BISON,24,55516,0,2240414;;;
Michael;14:11:04;16:36:06;-475.8382,244.0331,244.0331;True,Vans,BISON,24,4687,0,2685525;;;
Michael;14:11:19;16:36:07;-463.2592,242.3812,242.3812;True,Vans,BISON,24,44567,0,281275;;;
Michael;14:11:35;16:36:07;-450.6107,240.6012,240.6012;True,Vans,BISON,24,45971,0,2727339;Let's go, let's leave 'em behind!;FRANKLIN;FAM3_EBAA
Michael;14:11:50;16:36:08;-438.1353,238.9847,238.9847;True,Vans,BISON,24,55271,0,2415007;;;
Michael;14:12:06;16:36:08;-425.404,237.4576,237.4576;True,Vans,BISON,24,54627,0,09279758;;;
Michael;14:12:22;16:36:09;-413.2821,236.2655,236.2655;True,Vans,BISON,21,98287,0;;;
Michael;14:12:37;16:36:09;-402.5615,235.5448,235.5448;True,Vans,BISON,19,81939,0,03078816;I got one.;FRANKLIN;FAM3_CZAA
Michael;14:12:53;16:36:10;-392.4298,235.2321,235.2321;True,Vans,BISON,19,74102,0,08141198;;;
Michael;14:13:09;16:36:10;-382.1007,235.3883,235.3883;True,Vans,BISON,19,71589,0,106105;;;
Michael;14:13:24;16:36:11;-371.8655,236.0987,236.0987;True,Vans,BISON,20,14667,1;;;
Michael;14:13:40;16:36:11;-361.0235,237.3666,237.3666;True,Vans,BISON,20,19078,0;;;
Michael;14:13:55;16:36:12;-351.1213,238.984,238.984;True,Vans,BISON,19,24874,0,09836333;;;
Michael;14:14:11;16:36:12;-341.12,241.3267,241.3267;True,Vans,BISON,19,64266,0,1066234;;;
Michael;14:14:27;16:36:13;-331.0331,244.4598,244.4598;True,Vans,BISON,21,44163,0,8813061;;;
Michael;14:14:42;16:36:13;-320.5632,248.1435,248.1435;True,Vans,BISON,20,50082,0;;;
Michael;14:14:58;16:36:14;-311.0988,251.3344,251.3344;True,Vans,BISON,18,96953,0,1319669;;;
Michael;14:15:14;16:36:14;-301.2159,253.8953,253.8953;True,Vans,BISON,19,72888,0,08597818;;;
Michael;14:15:29;16:36:15;-291.2237,255.6261,255.6261;True,Vans,BISON,19,75753,0,08828127;;;
Michael;14:15:45;16:36:15;-280.9838,256.8375,256.8375;True,Vans,BISON,21,07002,0,9744805;;;
Michael;14:16:00;16:36:16;-268.9722,257.698,257.698;True,Vans,BISON,22,94167,0;;;
Michael;14:16:16;16:36:16;-257.9175,258.0123,258.0123;True,Vans,BISON,20,15872,0;;;
Michael;14:16:31;16:36:17;-247.7648,257.8492,257.8492;True,Vans,BISON,20,04058,0,9702328;This a misunderstanding, motherfucker.;FRANKLIN;FAM3_AMAA
Michael;14:16:47;16:36:17;-234.3911,257.424,257.424;True,Vans,BISON,29,04897,0;;;
Michael;14:17:03;16:36:18;-219.9202,258.3267,258.3267;True,Vans,BISON,26,51189,0;;;
Michael;14:17:18;16:36:19;-206.5349,258.0122,258.0122;True,Vans,BISON,24,54714,0,3196436;;;
Michael;14:17:34;16:36:19;-194.2769,255.1523,255.1523;True,Vans,BISON,24,05277,0,5085632;;;
Michael;14:17:50;16:36:20;-181.7662,252.9617,252.9617;True,Vans,BISON,24,644,0,2346046;;;
Michael;14:18:05;16:36:20;-169.0419,250.8746,250.8746;True,Vans,BISON,24,81847,0,119837;How you doing, Frank?;MICHAEL;FAM3_DDAA
Michael;14:18:21;16:36:21;-156.119,249.5934,249.5934;True,Vans,BISON,24,71419,0,198428;;;
Michael;14:18:37;16:36:21;-143.4079,247.8425,247.8425;True,Vans,BISON,24,6068,0,2941967;;;
Michael;14:18:52;16:36:22;-130.7883,246.5298,246.5298;True,Vans,BISON,23,59222,0;;;
Michael;14:19:08;16:36:22;-119.683,244.9957,244.9957;True,Vans,BISON,20,45997,0;;;
Michael;14:19:23;16:36:23;-110.7211,242.5182,242.5182;True,Vans,BISON,17,2115,0;;;
Michael;14:19:39;16:36:23;-102.5702,240.3235,240.3235;True,Vans,BISON,16,10497,0,6274167;;;
Michael;14:19:54;16:36:24;-98.8559,239.2054,239.2054;True,Vans,BISON,1,057047,0,2248309;;;
Michael;14:20:10;16:36:24;-99.14832,239.1288,239.1288;True,Vans,BISON,0,8636603,0,9298188;;;
Michael;14:20:25;16:36:25;-98.69838,238.9068,238.9068;True,Vans,BISON,0,08794157,1;;;
Michael;14:20:41;16:36:25;-98.74094,238.9572,238.9572;True,Vans,BISON,0,6305575,-0,3;Push the pedal, man. We gotta move.;FRANKLIN;FAM3_EBAA
Michael;14:20:56;16:36:26;-99.2791,239.3832,239.3832;True,Vans,BISON,1,324656,0,9861482;;;
Michael;14:21:12;16:36:26;-98.68792,239.1969,239.1969;True,Vans,BISON,3,547961,0,9065623;;;
Michael;14:21:27;16:36:27;-98.55093,239.2034,239.2034;True,Vans,BISON,0,01126871,0;;;
Michael;14:21:43;16:36:27;-98.894,239.4139,239.4139;True,Vans,BISON,1,546241,-0,3;;;
Michael;14:21:59;16:36:28;-99.94405,239.8906,239.8906;True,Vans,BISON,2,894493,-0,3;;;
Michael;14:22:14;16:36:28;-101.7064,240.2054,240.2054;True,Vans,BISON,3,527198,0,9460828;;;
Michael;14:22:30;16:36:29;-102.7874,240.0947,240.0947;True,Vans,BISON,0,6993741,0,9484593;;;
Michael;14:22:46;16:36:29;-102.3351,240.2425,240.2425;True,Vans,BISON,2,359058,0,8235117;;;
Michael;14:23:01;16:36:30;-100.8674,241.6296,241.6296;True,Vans,BISON,5,839417,0,7334028;Alright, we managed to lose them?;MICHAEL;FAM3_DZAA
Michael;14:23:17;16:36:31;-97.55348,244.4428,244.4428;True,Vans,BISON,10,52371,0,7571375;;;
Michael;14:23:33;16:36:31;-92.92063,246.5461,246.5461;True,Vans,BISON,9,63061,0,8298274;;;
Michael;14:23:48;16:36:32;-86.79454,247.5593,247.5593;True,Vans,BISON,15,09164,0,9055196;;;
Michael;14:24:04;16:36:32;-77.89427,248.6233,248.6233;True,Vans,BISON,19,17798,0,9999999;;;
Michael;14:24:19;16:36:33;-67.1459,249.9451,249.9451;True,Vans,BISON,21,0764,0;;;
Michael;14:24:35;16:36:33;-56.35313,251.3052,251.3052;True,Vans,BISON,22,75454,0,8766986;We gotta book, man. Go!;FRANKLIN;FAM3_EBAA
Michael;14:24:51;16:36:34;-44.68954,252.8059,252.8059;True,Vans,BISON,21,59438,0;;;
Michael;14:25:06;16:36:34;-34.18641,254.1067,254.1067;True,Vans,BISON,19,65111,0,120639;;;
Michael;14:25:22;16:36:35;-24.00762,254.9474,254.9474;True,Vans,BISON,19,67705,0,08627508;;;
Michael;14:25:38;16:36:35;-13.89155,255.063,255.063;True,Vans,BISON,19,43497,0,04619627;;;
Michael;14:25:53;16:36:36;-3.905614,254.3784,254.3784;True,Vans,BISON,19,44443,0,2210018;I think you slipped 'em, man.;FRANKLIN;FAM3_DBAA
Michael;14:26:09;16:36:36;6.034605,253.0564,253.0564;True,Vans,BISON,19,3264,0,0984372;;;
Michael;14:26:24;16:36:37;16.1202,251.0406,251.0406;True,Vans,BISON,21,13794,0,6341142;;;
Michael;14:26:39;16:36:37;25.92494,248.6909,248.6909;True,Vans,BISON,17,51992,1,203064E-06;;;
Michael;14:26:55;16:36:38;33.03648,245.531,245.531;True,Vans,BISON,12,73393,0;Alright. Let's go back home.;MICHAEL;FAM3_DCAA
Michael;14:27:10;16:36:38;36.97475,242.0628,242.0628;True,Vans,BISON,7,850199,0;;;
Michael;14:27:26;16:36:39;37.58255,239.1745,239.1745;True,Vans,BISON,5,058903,0,5357143;;;
Michael;14:27:41;16:36:39;35.59953,236.8587,236.8587;True,Vans,BISON,6,930068,0,5761519;;;
Michael;14:27:57;16:36:40;31.53324,235.424,235.424;True,Vans,BISON,9,661771,0,7801809;;;
Michael;14:28:13;16:36:40;26.56609,235.1245,235.1245;True,Vans,BISON,8,794888,0,7315562;Wow. Shit. You did good. I mean, your aim's all over the place, but you were a help.;MICHAEL;FAM3_FHAA
Michael;14:28:28;16:36:41;22.15941,233.1732,233.1732;True,Vans,BISON,9,874083,0,5705665;;;
Michael;14:28:44;16:36:41;18.38405,228.9949,228.9949;True,Vans,BISON,12,11241,0,7701099;;;
Michael;14:28:59;16:36:42;15.17824,222.9781,222.9781;True,Vans,BISON,14,39451,0,9504125;;;
Michael;14:29:15;16:36:42;12.308,215.2341,215.2341;True,Vans,BISON,17,7708,1;;;
Michael;14:29:31;16:36:43;8.96979,206.0975,206.0975;True,Vans,BISON,19,40026,0;;;
Michael;14:29:46;16:36:43;5.472778,196.8463,196.8463;True,Vans,BISON,19,9874,0;;;
Michael;14:30:01;16:36:44;1.881283,187.497,187.497;True,Vans,BISON,19,54503,0;;;
Michael;14:30:17;16:36:45;-1.395326,178.6543,178.6543;True,Vans,BISON,17,90098,0;;;
Michael;14:30:32;16:36:45;-4.24981,170.7133,170.7133;True,Vans,BISON,16,11263,0;;;
Michael;14:30:48;16:36:46;-6.920131,163.3116,163.3116;True,Vans,BISON,15,53024,0;;;
Michael;14:31:03;16:36:46;-9.614457,155.8128,155.8128;True,Vans,BISON,17,03442,0,9496791;Uhhh. Thanks... I guess.;FRANKLIN;FAM3_FHAB
Michael;14:31:19;16:36:47;-12.70097,147.1504,147.1504;True,Vans,BISON,19,47041,0;;;
Michael;14:31:35;16:36:47;-16.08912,137.9803,137.9803;True,Vans,BISON,19,78075,0,1233921;;;
Michael;14:31:50;16:36:48;-19.59681,128.6294,128.6294;True,Vans,BISON,19,99843,0;;;
Michael;14:32:06;16:36:48;-23.09216,119.1833,119.1833;True,Vans,BISON,19,99899,0;;;
Michael;14:32:21;16:36:49;-26.62147,109.6665,109.6665;True,Vans,BISON,19,9944,0;Don't get defensive. Go to a shooting range. Work on your aim. You'll do fine.;MICHAEL;FAM3_FHAC
Michael;14:32:37;16:36:49;-30.11104,100.1166,100.1166;True,Vans,BISON,19,79675,0;;;
Michael;14:32:52;16:36:50;-33.34655,91.04122,91.04122;True,Vans,BISON,17,92746,0;;;
Michael;14:33:08;16:36:50;-36.1824,82.9157,82.9157;True,Vans,BISON,15,75378,0;;;
Michael;14:33:24;16:36:51;-38.67421,75.70483,75.70483;True,Vans,BISON,13,85971,0;;;
Michael;14:33:39;16:36:51;-40.70504,69.70114,69.70114;True,Vans,BISON,10,14602,0;;;
Michael;14:33:55;16:36:52;-41.91103,66.10534,66.10534;True,Vans,BISON,5,114077,0;;;
Michael;14:34:11;16:36:52;-42.58948,64.13022,64.13022;True,Vans,BISON,3,283742,0;;;
Michael;14:34:26;16:36:53;-43.10004,62.66958,62.66958;True,Vans,BISON,2,778881,9,268522E-05;;;
Michael;14:34:41;16:36:53;-43.5387,61.44083,61.44083;True,Vans,BISON,2,312857,0;;;
Michael;14:34:57;16:36:54;-43.91213,60.4067,60.4067;True,Vans,BISON,1,968459,0,001833141;;;
Michael;14:35:13;16:36:54;-44.22688,59.52324,59.52324;True,Vans,BISON,1,647908,0,003521472;Aw fuck man, shit, you good?;FRANKLIN;FAM3_DFAA
Michael;14:35:28;16:36:55;-44.47725,58.79168,58.79168;True,Vans,BISON,1,383526,0,005127192;;;
Michael;14:35:43;16:36:55;-44.68545,58.16532,58.16532;True,Vans,BISON,1,165209,0,004530013;;;
Michael;14:35:59;16:36:56;-44.85527,57.6391,57.6391;True,Vans,BISON,0,9857679,0,003986642;;;
Michael;14:36:14;16:36:56;-45.00809,57.15057,57.15057;True,Vans,BISON,0,9743029,0,006922767;Fine as wine. I got a few knocks. You okay? I mean, you did good, kid.;MICHAEL;FAM3_DFAB
Michael;14:36:30;16:36:57;-45.15582,56.66245,56.66245;True,Vans,BISON,0,9964774,0,001309842;;;
Michael;14:36:46;16:36:57;-45.29987,56.17002,56.17002;True,Vans,BISON,0,9860241,0,003903344;;;
Michael;14:37:01;16:36:58;-45.43812,55.68095,55.68095;True,Vans,BISON,0,9989555,0,000757888;;;
Michael;14:37:17;16:36:58;-45.57323,55.18628,55.18628;True,Vans,BISON,0,9686145,0;;;
Michael;14:37:32;16:36:59;-45.69313,54.73114,54.73114;True,Vans,BISON,0,1337576,0;;;
Michael;14:37:48;16:37:00;-45.68812,54.74774,54.74774;True,Vans,BISON,0,0;;;
Michael;14:38:03;16:37:00;-45.68812,54.74774,54.74774;True,Vans,BISON,0,0;;;
Michael;14:38:19;16:37:01;-45.68812,54.74774,54.74774;True,Vans,BISON,0,0;;;
Michael;14:38:35;16:37:01;-45.68812,54.74774,54.74774;True,Vans,BISON,0,0;Man, I'm cool, man. I mean you, mentally.;FRANKLIN;FAM3_DFAC
Michael;14:38:50;16:37:02;-45.68812,54.74774,54.74774;True,Vans,BISON,0,0;;;
Michael;14:39:05;16:37:02;-45.68812,54.74774,54.74774;True,Vans,BISON,0,0;;;
Michael;14:39:21;16:37:03;-45.68812,54.74774,54.74774;True,Vans,BISON,0,0;;;
Michael;14:39:37;16:37:03;-45.68812,54.74774,54.74774;True,Vans,BISON,0,0;;;
Michael;14:39:52;16:37:04;-45.68812,54.74774,54.74774;True,Vans,BISON,0,0;;;
Michael;14:40:07;16:37:04;-45.68812,54.74774,54.74774;True,Vans,BISON,0,0;Mentally? Oh, man, I'm fucking excellent.;MICHAEL;FAM3_DFAD
Michael;14:40:23;16:37:05;-45.68812,54.74774,54.74774;True,Vans,BISON,0,0;;;
Michael;14:40:39;16:37:05;-45.68812,54.74774,54.74774;True,Vans,BISON,0,0;;;
Michael;14:40:54;16:37:06;-45.68812,54.74774,54.74774;True,Vans,BISON,0,0;;;
Michael;14:41:10;16:37:06;-45.68812,54.74774,54.74774;True,Vans,BISON,0,0;;;
Michael;14:41:25;16:37:07;-45.68812,54.74774,54.74774;True,Vans,BISON,0,0;My heart ain't pumped like that in years. Whoo! Yes! Fuckin' A bubba!;MICHAEL;FAM3_DFAJ
Michael;14:41:41;16:37:07;-45.68812,54.74774,54.74774;True,Vans,BISON,0,0;;;
Michael;14:41:56;16:37:08;-45.68812,54.74774,54.74774;True,Vans,BISON,0,0;;;
Michael;14:42:12;16:37:08;-45.68943,54.74263,54.74263;True,Vans,BISON,0,1557055,0,949778;;;
Michael;14:42:27;16:37:09;-45.88144,53.94171,53.94171;True,Vans,BISON,3,014338,0,5399044;;;
Michael;14:42:43;16:37:09;-46.33193,51.91125,51.91125;True,Vans,BISON,4,778088,0,3159675;;;
Michael;14:42:59;16:37:10;-47.11518,49.24899,49.24899;True,Vans,BISON,5,716826,0,2006066;;;
Michael;14:43:14;16:37:10;-48.57062,46.65632,46.65632;True,Vans,BISON,4,842135,0;;;
Michael;14:43:30;16:37:11;-50.46634,45.24806,45.24806;True,Vans,BISON,5,050986,0,6297398;;;
Michael;14:43:45;16:37:11;-53.33097,44.50083,44.50083;True,Vans,BISON,7,071497,0,120764;Man, you sound kind of manic.;FRANKLIN;FAM3_DFAE
Michael;14:44:00;16:37:12;-57.18242,44.77467,44.77467;True,Vans,BISON,8,619202,0,7791941;;;
Michael;14:44:16;16:37:12;-61.93749,46.37138,46.37138;True,Vans,BISON,9,531248,0;;;
Michael;14:44:31;16:37:13;-66.69075,48.34151,48.34151;True,Vans,BISON,11,1896,0,9999967;;;
Michael;14:44:47;16:37:14;-72.56285,51.02773,51.02773;True,Vans,BISON,13,49819,0,9999018;;;
Michael;14:45:03;16:37:14;-79.27202,54.41653,54.41653;True,Vans,BISON,15,73971,0,9941733;You just been green lit by the Mexican underworld's ambassador to Los Santos.;FRANKLIN;FAM3_DFAF
Michael;14:45:18;16:37:15;-87.10531,58.63184,58.63184;True,Vans,BISON,17,98959,0,9999999;;;
Michael;14:45:34;16:37:15;-95.64947,63.32937,63.32937;True,Vans,BISON,19,32858,0,3421316;;;
Michael;14:45:49;16:37:16;-104.1515,68.0426,68.0426;True,Vans,BISON,18,24841,0,882762;;;
Michael;14:46:05;16:37:16;-112.5831,73.02973,73.02973;True,Vans,BISON,19,28781,1;;;
Michael;14:46:21;16:37:17;-121.8482,77.71593,77.71593;True,Vans,BISON,20,67234,1;;;
Michael;14:46:36;16:37:17;-131.742,82.57683,82.57683;True,Vans,BISON,21,98119,1;;;
Michael;14:46:52;16:37:18;-141.9387,88.28702,88.28702;True,Vans,BISON,23,15138,1;;;
Michael;14:47:07;16:37:18;-152.6967,94.72269,94.72269;True,Vans,BISON,25,02461,1;Trust me. We handled it. Whoever the fuck Martin Madrazo is, I've known worse.;MICHAEL;FAM3_DFAG
Michael;14:47:23;16:37:19;-163.7851,101.827,101.827;True,Vans,BISON,25,31424,0;;;
Michael;14:47:38;16:37:19;-174.1118,109.1959,109.1959;True,Vans,BISON,23,54044,0;;;
Michael;14:47:54;16:37:20;-183.7122,115.9214,115.9214;True,Vans,BISON,21,694,0;;;
Michael;14:48:09;16:37:20;-193.1061,120.8671,120.8671;True,Vans,BISON,19,81555,0;;;
Michael;14:48:25;16:37:21;-202.1563,124.617,124.617;True,Vans,BISON,17,89058,0;;;
Michael;14:48:40;16:37:21;-210.7102,126.4339,126.4339;True,Vans,BISON,16,74227,1;;;
Michael;14:48:56;16:37:22;-219.8155,127.387,127.387;True,Vans,BISON,18,86003,1;;;
Michael;14:49:11;16:37:22;-229.9545,128.0015,128.0015;True,Vans,BISON,20,45406,1;;;
Michael;14:49:27;16:37:23;-240.7144,128.1143,128.1143;True,Vans,BISON,20,61073,0;;;
Michael;14:49:42;16:37:23;-250.9336,128.2313,128.2313;True,Vans,BISON,18,97457,0;;;
Michael;14:49:58;16:37:24;-260.3927,128.3661,128.3661;True,Vans,BISON,18,33531,1;;;
Michael;14:50:13;16:37:24;-270.3445,128.539,128.539;True,Vans,BISON,20,13993,1;We just handled a few low ranking clowns.;FRANKLIN;FAM3_DFAH
Michael;14:50:29;16:37:25;-281.2872,128.7861,128.7861;True,Vans,BISON,21,07227,0;;;
Michael;14:50:45;16:37:25;-291.8324,129.0658,129.0658;True,Vans,BISON,19,72917,1;;;
Michael;14:51:00;16:37:26;-302.4522,128.7141,128.7141;True,Vans,BISON,20,99673,0;;;
Michael;14:51:16;16:37:26;-312.9905,128.1422,128.1422;True,Vans,BISON,20,2415,0;;;
Michael;14:51:31;16:37:27;-323.0186,128.3445,128.3445;True,Vans,BISON,19,19306,1;We sit on it, we see what happens. Kid, there's no use second guessing.;MICHAEL;FAM3_DFAI
Michael;14:51:47;16:37:27;-332.8051,128.1885,128.1885;True,Vans,BISON,18,36038,0;;;
Michael;14:52:02;16:37:28;-341.8542,128.2647,128.2647;True,Vans,BISON,16,72479,0;;;
Michael;14:52:18;16:37:29;-349.4129,128.5343,128.5343;True,Vans,BISON,13,13848,0;;;
Michael;14:52:33;16:37:29;-355.7744,128.7947,128.7947;True,Vans,BISON,11,69739,0;;;
Michael;14:52:49;16:37:30;-361.4671,129.0408,129.0408;True,Vans,BISON,10,18621,0;;;
Michael;14:53:04;16:37:30;-366.7159,129.2784,129.2784;True,Vans,BISON,9,599511,1;;;
Michael;14:53:20;16:37:31;-371.7408,129.4656,129.4656;True,Vans,BISON,9,253434,0;;;
Michael;14:53:35;16:37:31;-376.6772,129.4968,129.4968;True,Vans,BISON,10,56796,1;;;
Michael;14:53:51;16:37:32;-381.8796,129.4757,129.4757;True,Vans,BISON,9,805211,1;;;
Michael;14:54:07;16:37:32;-387.6115,129.2959,129.2959;True,Vans,BISON,12,22695,1;;;
Michael;14:54:22;16:37:33;-393.8188,129.2821,129.2821;True,Vans,BISON,11,26072,0;Felt good, man. Whooo! Yeah! Doin' something for a change.;MICHAEL;FAM3_CGAH
Michael;14:54:38;16:37:33;-399.2182,129.3319,129.3319;True,Vans,BISON,9,748046,0;;;
Michael;14:54:53;16:37:34;-404.3211,129.71,129.71;True,Vans,BISON,9,205042,0;;;
Michael;14:55:09;16:37:34;-408.8977,130.1151,130.1151;True,Vans,BISON,8,552775,0;;;
Michael;14:55:24;16:37:35;-413.4514,130.2468,130.2468;True,Vans,BISON,8,914786,0;;;
Michael;14:55:40;16:37:35;-418.6092,130.3721,130.3721;True,Vans,BISON,9,974784,0;;;
Michael;14:55:55;16:37:36;-423.7813,130.519,130.519;True,Vans,BISON,10,42389,1;;;
Michael;14:56:11;16:37:36;-429.5171,130.7068,130.7068;True,Vans,BISON,11,32913,0;;;
Michael;14:56:27;16:37:37;-434.9681,130.9042,130.9042;True,Vans,BISON,9,777829,0;;;
Michael;14:56:42;16:37:37;-439.9401,131.1028,131.1028;True,Vans,BISON,9,484965,0;;;
Michael;14:56:57;16:37:38;-444.974,131.3291,131.3291;True,Vans,BISON,10,25771,0;Man, you know what? You are wasted sitting by that fuckin' pool, man.;FRANKLIN;FAM3_CGAI
Michael;14:57:13;16:37:38;-449.9513,131.5558,131.5558;True,Vans,BISON,9,662743,1;;;
Michael;14:57:28;16:37:39;-454.534,131.4676,131.4676;True,Vans,BISON,8,559835,1;;;
Michael;14:57:44;16:37:39;-458.8079,131.5826,131.5826;True,Vans,BISON,8,332607,1;;;
Michael;14:57:59;16:37:40;-463.788,131.8496,131.8496;True,Vans,BISON,10,38898,0;;;
Michael;14:58:15;16:37:40;-469.0991,131.9968,131.9968;True,Vans,BISON,9,672738,0;;;
Michael;14:58:31;16:37:41;-473.9457,132.0579,132.0579;True,Vans,BISON,8,998977,0;;;
Michael;14:58:46;16:37:41;-478.396,132.3491,132.3491;True,Vans,BISON,8,358826,0;;;
Michael;14:59:01;16:37:42;-483.1527,132.4495,132.4495;True,Vans,BISON,10,56666,0;;;
Michael;14:59:17;16:37:42;-488.1616,132.3333,132.3333;True,Vans,BISON,9,07327,1;;;
Michael;14:59:33;16:37:43;-492.6297,132.44,132.44;True,Vans,BISON,8,738387,1;You're right! I need to do something.;MICHAEL;FAM3_CGAJ
Michael;14:59:48;16:37:44;-497.7328,132.719,132.719;True,Vans,BISON,10,05706,0;;;
Michael;15:00:03;16:37:44;-502.8073,132.7552,132.7552;True,Vans,BISON,10,08828,0;;;
Michael;15:00:19;16:37:45;-507.863,132.736,132.736;True,Vans,BISON,9,548079,0;;;
Michael;15:00:35;16:37:45;-512.3871,132.7389,132.7389;True,Vans,BISON,7,968088,0;;;
Michael;15:00:50;16:37:46;-516.0181,133.149,133.149;True,Vans,BISON,6,385559,0;Scotch and sunshine and sitting on my ass? Fuck that, I'm better than that.;MICHAEL;FAM3_CGAK
Michael;15:01:06;16:37:46;-519.9006,133.5036,133.5036;True,Vans,BISON,8,46527,0;;;
Michael;15:01:21;16:37:47;-523.7627,133.6799,133.6799;True,Vans,BISON,5,573815,0;;;
Michael;15:01:36;16:37:47;-525.3429,133.5984,133.5984;True,Vans,BISON,2,077733,1;;;
Michael;15:01:52;16:37:48;-526.7352,133.5514,133.5514;True,Vans,BISON,3,681986,1;;;
Michael;15:02:07;16:37:48;-529.2578,133.4367,133.4367;True,Vans,BISON,6,034158,1;;;
Michael;15:02:23;16:37:49;-533.1398,132.9094,132.9094;True,Vans,BISON,9,279295,1;;;
Michael;15:02:38;16:37:49;-538.2416,132.3728,132.3728;True,Vans,BISON,9,565094,0;;;
Michael;15:02:54;16:37:50;-543.468,132.5525,132.5525;True,Vans,BISON,11,29385,1;;;
Michael;15:03:09;16:37:50;-549.87,133.0314,133.0314;True,Vans,BISON,13,47416,1;;;
Michael;15:03:25;16:37:51;-557.5228,133.141,133.141;True,Vans,BISON,16,14974,1;Damn skippy homie. All that knowledge up there. It's witherin' and dyin', dog.;FRANKLIN;FAM3_CGAL
Michael;15:03:40;16:37:51;-566.5358,132.571,132.571;True,Vans,BISON,18,98563,1;;;
Michael;15:03:56;16:37:52;-577.2916,132.3504,132.3504;True,Vans,BISON,21,54611,0;;;
Michael;15:04:11;16:37:52;-588.1082,132.5009,132.5009;True,Vans,BISON,20,35774,0;;;
Michael;15:04:27;16:37:53;-598.2676,132.6676,132.6676;True,Vans,BISON,18,95827,0;;;
Michael;15:04:43;16:37:53;-607.7482,132.8372,132.8372;True,Vans,BISON,17,54954,0;;;
Michael;15:04:58;16:37:54;-616.3594,133.0057,133.0057;True,Vans,BISON,16,21747,0;;;
Michael;15:05:14;16:37:54;-624.4128,133.2034,133.2034;True,Vans,BISON,14,86428,0;;;
Michael;15:05:29;16:37:55;-631.6027,134.1716,134.1716;True,Vans,BISON,13,89767,1;You don't pass that shit on, it's gone, homie. I bet you know some shit...;FRANKLIN;FAM3_CGAM
Michael;15:05:45;16:37:55;-639.3558,134.9545,134.9545;True,Vans,BISON,16,20708,1;;;
Michael;15:06:00;16:37:56;-648.3098,134.6581,134.6581;True,Vans,BISON,17,50079,0;;;
Michael;15:06:16;16:37:56;-656.985,134.1525,134.1525;True,Vans,BISON,17,15801,1;;;
Michael;15:06:31;16:37:57;-665.6399,133.5259,133.5259;True,Vans,BISON,15,78211,0;;;
Michael;15:06:47;16:37:58;-673.2855,132.0465,132.0465;True,Vans,BISON,14,60182,1;;;
Michael;15:07:03;16:37:58;-681.0273,129.5922,129.5922;True,Vans,BISON,15,59321,0;;;
Michael;15:07:18;16:37:59;-687.91,126.3813,126.3813;True,Vans,BISON,13,87726,0;;;
Michael;15:07:34;16:37:59;-693.8445,123.0835,123.0835;True,Vans,BISON,12,42903,0;;;
Michael;15:07:49;16:38:00;-699.1396,120.137,120.137;True,Vans,BISON,10,8881,0;You wouldn't believe the shit I know.;MICHAEL;FAM3_CGAN
Michael;15:08:05;16:38:00;-703.6814,117.6087,117.6087;True,Vans,BISON,9,373732,0;;;
Michael;15:08:20;16:38:01;-707.6406,115.449,115.449;True,Vans,BISON,8,526793,1;;;
Michael;15:08:36;16:38:01;-711.3209,113.8634,113.8634;True,Vans,BISON,7,511357,1;;;
Michael;15:08:52;16:38:02;-715.3406,112.6241,112.6241;True,Vans,BISON,7,61075,0;;;
Michael;15:09:07;16:38:02;-718.9282,111.4745,111.4745;True,Vans,BISON,6,736048,0;Yeah, you taken some scores?;FRANKLIN;FAM3_CGAO
Michael;15:09:23;16:38:03;-722.6782,110.208,110.208;True,Vans,BISON,9,2816,1;;;
Michael;15:09:39;16:38:03;-727.744,108.987,108.987;True,Vans,BISON,9,5669,0;;;
Michael;15:09:54;16:38:04;-733.0961,108.0755,108.0755;True,Vans,BISON,11,51628,1;;;
Michael;15:10:10;16:38:04;-739.5351,107.1043,107.1043;True,Vans,BISON,13,83824,1;There was a time, that was all I did.;MICHAEL;FAM3_CGAP
Michael;15:10:25;16:38:05;-747.3175,106.082,106.082;True,Vans,BISON,16,73025,1;;;
Michael;15:10:41;16:38:05;-756.4841,105.3109,105.3109;True,Vans,BISON,17,03984,0;;;
Michael;15:10:56;16:38:06;-763.9954,104.7949,104.7949;True,Vans,BISON,11,97169,0;;;
Michael;15:11:12;16:38:06;-768.8417,104.4966,104.4966;True,Vans,BISON,8,204247,0;;;
Michael;15:11:28;16:38:07;-773.7211,104.2253,104.2253;True,Vans,BISON,10,63377,0;Shit, well, you know, I can tell you some shit too.;FRANKLIN;FAM3_CGAQ
Michael;15:11:43;16:38:07;-778.8401,103.4683,103.4683;True,Vans,BISON,9,725356,0;;;
Michael;15:11:59;16:38:08;-783.8898,102.4262,102.4262;True,Vans,BISON,10,71013,1;;;
Michael;15:12:15;16:38:08;-789.8708,101.1992,101.1992;True,Vans,BISON,12,93425,1;;;
Michael;15:12:30;16:38:09;-797.033,99.4328,99.4328;True,Vans,BISON,15,65528,1;;;
Michael;15:12:46;16:38:09;-805.2226,96.97425,96.97425;True,Vans,BISON,16,58329,0;Yeah, like what?;MICHAEL;FAM3_CGAR
Michael;15:13:01;16:38:10;-813.1796,94.63008,94.63008;True,Vans,BISON,15,05484,0;;;
Michael;15:13:17;16:38:10;-820.2271,92.60651,92.60651;True,Vans,BISON,13,55865,0;About this city I was born and raised in.;FRANKLIN;FAM3_CGAS
Michael;15:13:32;16:38:11;-826.6555,90.85934,90.85934;True,Vans,BISON,12,05147,0;;;
Michael;15:13:48;16:38:12;-832.3521,89.53392,89.53392;True,Vans,BISON,10,62777,0;;;
Michael;15:14:03;16:38:12;-837.382,88.45252,88.45252;True,Vans,BISON,9,232666,0;;;
Michael;15:14:19;16:38:13;-841.665,87.56464,87.56464;True,Vans,BISON,7,252975,0;;;
Michael;15:14:35;16:38:13;-843.4948,87.20924,87.20924;True,Vans,BISON,1,624593,0;I'll think about it.;MICHAEL;FAM3_CGAT
Michael;15:14:50;16:38:14;-844.0348,87.06194,87.06194;True,Vans,BISON,1,02121,1;;;
Michael;15:15:06;16:38:14;-845.0515,87.02072,87.02072;True,Vans,BISON,3,046257,1;Yeah, do that, man. This could be cool.;FRANKLIN;FAM3_CGAU
Michael;15:15:21;16:38:15;-847.2702,87.12769,87.12769;True,Vans,BISON,5,614292,1;;;
Michael;15:15:37;16:38:15;-850.8445,87.83698,87.83698;True,Vans,BISON,8,629657,1;;;
Michael;15:15:52;16:38:16;-855.2698,90.38969,90.38969;True,Vans,BISON,10,38822,0;;;
Michael;15:16:08;16:38:16;-857.4092,94.60156,94.60156;True,Vans,BISON,9,115967,1;;;
Michael;15:16:24;16:38:17;-858.1535,99.50902,99.50902;True,Vans,BISON,8,834025,0;;;
Michael;15:16:39;16:38:17;-857.8401,104.1426,104.1426;True,Vans,BISON,9,775626,1;;;
Michael;15:16:55;16:38:18;-858.1097,109.1281,109.1281;True,Vans,BISON,8,804189,0;;;
Michael;15:17:10;16:38:18;-858.8052,113.4995,113.4995;True,Vans,BISON,9,268225,1;;;
Michael;15:17:26;16:38:19;-859.1658,118.4519,118.4519;True,Vans,BISON,10,36752,1;;;
Michael;15:17:41;16:38:19;-859.4555,123.9787,123.9787;True,Vans,BISON,11,60215,1;;;
Michael;15:17:57;16:38:20;-859.8145,130.8628,130.8628;True,Vans,BISON,15,27319,1;;;
Michael;15:18:12;16:38:20;-860.1862,138.5728,138.5728;True,Vans,BISON,14,09474,0;;;
Michael;15:18:28;16:38:21;-859.9463,145.5394,145.5394;True,Vans,BISON,13,0889,0;;;
Michael;15:18:43;16:38:21;-857.9903,151.0219,151.0219;True,Vans,BISON,10,25252,0;;;
Michael;15:18:59;16:38:22;-854.8925,154.6579,154.6579;True,Vans,BISON,9,052703,0;;;
Michael;15:19:15;16:38:22;-851.3228,157.0651,157.0651;True,Vans,BISON,8,128345,0;;;
Michael;15:19:30;16:38:23;-848.2101,158.6859,158.6859;True,Vans,BISON,6,361532,1;;;
Michael;15:19:45;16:38:23;-844.7097,160.1085,160.1085;True,Vans,BISON,8,477112,1;;;
Michael;15:20:01;16:38:24;-839.9443,161.7071,161.7071;True,Vans,BISON,9,83756,0;;;
Michael;15:20:16;16:38:24;-835.7098,164.1452,164.1452;True,Vans,BISON,10,53864,0;;;
Michael;15:20:32;16:38:25;-832.334,167.598,167.598;True,Vans,BISON,8,311831,0;;;
Michael;15:20:48;16:38:26;-829.6041,171.2398,171.2398;True,Vans,BISON,8,817938,0;;;
Michael;15:21:03;16:38:26;-827.2983,174.5407,174.5407;True,Vans,BISON,6,702271,0;;;
Michael;15:21:19;16:38:27;-825.6606,176.8889,176.8889;True,Vans,BISON,4,512784,0;;;
Michael;15:21:34;16:38:27;-824.6537,178.32,178.32;True,Vans,BISON,2,333842,0;;;
Michael;15:21:50;16:38:28;-824.4009,178.7574,178.7574;True,Vans,BISON,0,1917763,0;;;
Michael;15:22:05;16:38:28;-824.4241,178.7668,178.7668;True,Vans,BISON,0,01389604,0;;;
Michael;15:22:17;16:38:29;-821.6788,176.3352,176.3352;;;;
Michael;15:22:17;16:38:29;-821.5067,176.392,176.392;;;;
Michael;15:22:17;16:38:30;-821.0676,176.5061,176.5061;;Hey, thanks for the help out there today, kid.;Cutscene;Cutscene
Michael;15:22:17;16:38:30;-820.524,176.4603,176.4603;;;;
Michael;15:22:17;16:38:31;-820.0079,176.599,176.599;;;;
Michael;15:22:17;16:38:31;-819.6193,176.7355,176.7355;;;;
Michael;15:22:17;16:38:32;-819.2167,176.8652,176.8652;;;;
Michael;15:22:17;16:38:32;-818.9129,177.1255,177.1255;;;;
Michael;15:22:17;16:38:33;-818.7701,177.3285,177.3285;;I had no idea it was gonna get that hot.;Cutscene;Cutscene
Michael;15:22:17;16:38:33;-818.7522,177.3538,177.3538;;;;
Michael;15:22:17;16:38:34;-818.7614,177.337,177.337;;;;
Michael;15:22:17;16:38:34;-818.7578,177.3223,177.3223;;Shit. Pulling houses off the hillside;Cutscene;Cutscene
Michael;15:22:17;16:38:35;-818.7559,177.3257,177.3257;;;;
Michael;15:22:17;16:38:35;-818.7507,177.3278,177.3278;;;;
Michael;15:22:17;16:38:36;-818.7485,177.3291,177.3291;;;;
Michael;15:22:17;16:38:36;-818.7508,177.3123,177.3123;;sure has a weird way of fucking with people.;Cutscene;Cutscene
Michael;15:22:17;16:38:37;-818.7675,177.2887,177.2887;;;;
Michael;15:22:17;16:38:37;-818.784,177.28,177.28;;;;
Michael;15:22:17;16:38:38;-818.7864,177.2875,177.2875;;;;
Michael;15:22:17;16:38:38;-818.7687,177.3007,177.3007;;;;
Michael;15:22:17;16:38:39;-818.6856,177.3982,177.3982;;Yeah, well I thought I was through with all that shit.;Cutscene;Cutscene
Michael;15:22:17;16:38:40;-818.5138,177.5198,177.5198;;;;
Michael;15:22:17;16:38:40;-818.4127,177.5173,177.5173;;;;
Michael;15:22:17;16:38:41;-818.3948,177.4389,177.4389;;;;
Michael;15:22:17;16:38:41;-818.3672,177.3996,177.3996;;;;
Michael;15:22:17;16:38:42;-818.2873,177.4653,177.4653;;;;
Michael;15:22:17;16:38:42;-818.1607,177.5754,177.5754;;I don't know what the hell is going on.;Cutscene;Cutscene
Michael;15:22:17;16:38:43;-818.0948,177.7649,177.7649;;;;
Michael;15:22:17;16:38:43;-818.031,177.8565,177.8565;;;;
Michael;15:22:17;16:38:44;-817.8586,177.8762,177.8762;;;;
Michael;15:22:17;16:38:44;-817.7964,177.8064,177.8064;;Oh shit! I think we're about to find out.;Cutscene;Cutscene
Michael;15:22:17;16:38:45;-817.8463,177.7829,177.7829;;;;
Michael;15:22:17;16:38:45;-817.8649,177.7787,177.7787;;;;
Michael;15:22:17;16:38:46;-817.8706,177.7867,177.7867;;;;
Michael;15:22:17;16:38:46;-817.8683,177.7982,177.7982;;;;
Michael;15:22:17;16:38:47;-818.0192,177.7487,177.7487;;;;
Michael;15:22:17;16:38:47;-818.0821,177.7366,177.7366;;;;
Michael;15:22:17;16:38:48;-818.2156,177.7399,177.7399;;;;
Michael;15:22:17;16:38:48;-818.3987,177.7394,177.7394;;;;
Michael;15:22:17;16:38:49;-818.5447,177.6099,177.6099;;;;
Michael;15:22:17;16:38:49;-818.6663,177.3329,177.3329;;;;
Michael;15:22:17;16:38:50;-818.678,177.2634,177.2634;;;;
Michael;15:22:17;16:38:50;-818.6844,177.2549,177.2549;;Do you know who I am?;Cutscene;Cutscene
Michael;15:22:17;16:38:51;-818.6832,177.269,177.269;;;;
Michael;15:22:17;16:38:51;-818.7444,177.4071,177.4071;;;;
Michael;15:22:17;16:38:52;-818.7452,177.4874,177.4874;;;;
Michael;15:22:17;16:38:52;-818.7681,177.3854,177.3854;;;;
Michael;15:22:17;16:38:53;-818.744,177.1862,177.1862;;;;
Michael;15:22:17;16:38:54;-818.7921,177.16,177.16;;;;
Michael;15:22:17;16:38:54;-818.7798,177.1737,177.1737;;Do you?;Cutscene;Cutscene
Michael;15:22:17;16:38:55;-818.7665,177.1779,177.1779;;No!;Cutscene;Cutscene
Michael;15:22:17;16:38:55;-818.7959,177.1749,177.1749;;;;
Michael;15:22:17;16:38:56;-818.7734,177.1834,177.1834;;Do you, you?;Cutscene;Cutscene
Michael;15:22:17;16:38:56;-818.7475,177.1939,177.1939;;;;
Michael;15:22:17;16:38:57;-818.7554,177.2026,177.2026;;I think so.;Cutscene;Cutscene
Michael;15:22:17;16:38:57;-818.7532,177.2007,177.2007;;;;
Michael;15:22:17;16:38:58;-818.7575,177.1977,177.1977;;Good.;Cutscene;Cutscene
Michael;15:22:17;16:38:58;-818.7629,177.1971,177.1971;;;;
Michael;15:22:17;16:38:59;-818.7683,177.1981,177.1981;;;;
Michael;15:22:17;16:38:59;-818.7695,177.1947,177.1947;;I know who you are. I know where you live.;Cutscene;Cutscene
Michael;15:22:17;16:39:00;-818.7653,177.1915,177.1915;;;;
Michael;15:22:17;16:39:00;-818.7651,177.1917,177.1917;;;;
Michael;15:22:17;16:39:01;-818.7711,177.1946,177.1946;;;;
Michael;15:22:17;16:39:01;-818.7765,177.1941,177.1941;;Who are you?;Cutscene;Cutscene
Michael;15:22:17;16:39:02;-818.777,177.1938,177.1938;;;;
Michael;15:22:17;16:39:02;-818.7734,177.1924,177.1924;;I'm Franklin.;Cutscene;Cutscene
Michael;15:22:17;16:39:03;-818.7692,177.1949,177.1949;;;;
Michael;15:22:17;16:39:03;-818.7636,177.1979,177.1979;;;;
Michael;15:22:17;16:39:04;-818.7628,177.1969,177.1969;;License.;Cutscene;Cutscene
Michael;15:22:17;16:39:04;-818.7681,177.1971,177.1971;;;;
Michael;15:22:17;16:39:05;-818.7756,177.1931,177.1931;;;;
Michael;15:22:17;16:39:05;-818.7853,177.1847,177.1847;;;;
Michael;15:22:17;16:39:06;-818.7885,177.193,177.193;;;;
Michael;15:22:17;16:39:06;-818.812,177.2611,177.2611;;;;
Michael;15:22:17;16:39:07;-818.8556,177.3654,177.3654;;;;
Michael;15:22:17;16:39:07;-818.959,177.3971,177.3971;;;;
Michael;15:22:17;16:39:08;-819.1932,177.3224,177.3224;;;;
Michael;15:22:17;16:39:09;-819.2814,177.3023,177.3023;;;;
Michael;15:22:17;16:39:09;-819.3762,177.3796,177.3796;;Now,;Cutscene;Cutscene
Michael;15:22:17;16:39:10;-819.4457,177.5443,177.5443;;;;
Michael;15:22:17;16:39:10;-819.4353,177.6153,177.6153;;;;
Michael;15:22:17;16:39:11;-819.4479,177.5265,177.5265;;Franklin,;Cutscene;Cutscene
Michael;15:22:17;16:39:11;-819.4541,177.5118,177.5118;;;;
Michael;15:22:17;16:39:12;-819.457,177.5324,177.5324;;;;
Michael;15:22:17;16:39:12;-819.454,177.5008,177.5008;;maybe help Mr. De Santa here.;Cutscene;Cutscene
Michael;15:22:17;16:39:13;-819.4534,177.5188,177.5188;;;;
Michael;15:22:17;16:39:13;-819.4587,177.5182,177.5182;;;;
Michael;15:22:17;16:39:14;-819.46,177.515,177.515;;;;
Michael;15:22:17;16:39:14;-819.4641,177.518,177.518;;;;
Michael;15:22:17;16:39:15;-819.4627,177.5161,177.5161;;;;
Michael;15:22:17;16:39:15;-819.4575,177.5162,177.5162;;Who am I?;Cutscene;Cutscene
Michael;15:22:17;16:39:16;-819.4598,177.5167,177.5167;;;;
Michael;15:22:17;16:39:16;-819.4602,177.5171,177.5171;;;;
Michael;15:22:17;16:39:17;-819.4582,177.5189,177.5189;;I think Martin Madrazo.;Cutscene;Cutscene
Michael;15:22:17;16:39:17;-819.4601,177.5201,177.5201;;;;
Michael;15:22:17;16:39:18;-819.4647,177.5173,177.5173;;;;
Michael;15:22:17;16:39:18;-819.4697,177.518,177.518;;;;
Michael;15:22:17;16:39:19;-819.4648,177.5199,177.5199;;Good boy.;Cutscene;Cutscene
Michael;15:22:17;16:39:19;-819.4645,177.5207,177.5207;;;;
Michael;15:22:17;16:39:20;-819.4675,177.5192,177.5192;;;;
Michael;15:22:17;16:39:20;-819.4682,177.5493,177.5493;;;;
Michael;15:22:17;16:39:21;-819.4551,177.6188,177.6188;;Now maybe give him a little of the background.;Cutscene;Cutscene
Michael;15:22:17;16:39:21;-819.4422,177.6607,177.6607;;;;
Michael;15:22:17;16:39:22;-819.4492,177.5688,177.5688;;;;
Michael;15:22:17;16:39:23;-819.4427,177.4331,177.4331;;;;
Michael;15:22:17;16:39:23;-819.4467,177.4203,177.4203;;;;
Michael;15:22:17;16:39:24;-819.4924,177.4931,177.4931;;;;
Michael;15:22:17;16:39:24;-819.4843,177.4804,177.4804;;;;
Michael;15:22:17;16:39:25;-819.4998,177.5023,177.5023;;;;
Michael;15:22:17;16:39:25;-819.4965,177.5096,177.5096;;;;
Michael;15:22:17;16:39:26;-819.4788,177.4739,177.4739;;Man, Mr. Madrazo...;Cutscene;Cutscene
Michael;15:22:17;16:39:26;-819.4797,177.5036,177.5036;;;;
Michael;15:22:17;16:39:27;-819.4812,177.5046,177.5046;;;;
Michael;15:22:17;16:39:27;-819.5334,177.5577,177.5577;;;;
Michael;15:22:17;16:39:28;-819.5987,177.6681,177.6681;;;;
Michael;15:22:17;16:39:28;-819.6971,177.6899,177.6899;;;;
Michael;15:22:17;16:39:29;-819.8562,177.6415,177.6415;;Mr. Madrazo is a legitimate businessman.;Cutscene;Cutscene
Michael;15:22:17;16:39:29;-819.9121,177.6126,177.6126;;;;
Michael;15:22:17;16:39:30;-819.9662,177.6178,177.6178;;;;
Michael;15:22:17;16:39:30;-820.0764,177.6654,177.6654;;;;
Michael;15:22:17;16:39:31;-820.1715,177.7445,177.7445;;;;
Michael;15:22:17;16:39:31;-820.221,177.7894,177.7894;;He was wrongfully accused of...;Cutscene;Cutscene
Michael;15:22:17;16:39:32;-820.2291,177.7653,177.7653;;;;
Michael;15:22:17;16:39:32;-820.192,177.6814,177.6814;;;;
Michael;15:22:17;16:39:33;-820.153,177.6091,177.6091;;;;
Michael;15:22:17;16:39:33;-820.1389,177.6216,177.6216;;running a Mexican American gang and a narcotic ring,;Cutscene;Cutscene
Michael;15:22:17;16:39:34;-820.1937,177.7003,177.7003;;;;
Michael;15:22:17;16:39:34;-820.1784,177.8062,177.8062;;;;
Michael;15:22:17;16:39:35;-820.1904,177.7529,177.7529;;;;
Michael;15:22:17;16:39:36;-820.1803,177.7079,177.7079;;;;
Michael;15:22:17;16:39:36;-820.1827,177.7099,177.7099;;;;
Michael;15:22:17;16:39:37;-820.1786,177.71,177.71;;but the charges were dropped because of the witnesses came up...;Cutscene;Cutscene
Michael;15:22:17;16:39:37;-820.1719,177.7085,177.7085;;;;
Michael;15:22:17;16:39:38;-820.1699,177.7072,177.7072;;;;
Michael;15:22:17;16:39:38;-820.1752,177.7104,177.7104;;;;
Michael;15:22:17;16:39:39;-820.1784,177.7189,177.7189;;;;
Michael;15:22:17;16:39:39;-820.1719,177.7168,177.7168;;;;
Michael;15:22:17;16:39:40;-820.171,177.7145,177.7145;;;;
Michael;15:22:17;16:39:40;-820.1815,177.7141,177.7141;;missing.;Cutscene;Cutscene
Michael;15:22:17;16:39:41;-820.1846,177.7098,177.7098;;;;
Michael;15:22:17;16:39:41;-820.1757,177.7446,177.7446;;Smart kid.;Cutscene;Cutscene
Michael;15:22:17;16:39:42;-820.1913,177.7862,177.7862;;;;
Michael;15:22:17;16:39:42;-820.209,177.8327,177.8327;;;;
Michael;15:22:17;16:39:43;-820.2591,177.6911,177.6911;;Now, Michael.;Cutscene;Cutscene
Michael;15:22:17;16:39:43;-820.2494,177.65,177.65;;;;
Michael;15:22:17;16:39:44;-820.2075,177.6672,177.6672;;;;
Michael;15:22:17;16:39:44;-820.1882,177.6899,177.6899;;;;
Michael;15:22:17;16:39:45;-820.2367,177.7625,177.7625;;;;
Michael;15:22:17;16:39:45;-820.2501,177.8187,177.8187;;;;
Michael;15:22:17;16:39:46;-820.2434,177.8977,177.8977;;I've got a question for you.;Cutscene;Cutscene
Michael;15:22:17;16:39:46;-820.2326,177.9869,177.9869;;;;
Michael;15:22:17;16:39:47;-820.2363,178.0177,178.0177;;;;
Michael;15:22:17;16:39:47;-820.216,178.0296,178.0296;;;;
Michael;15:22:17;16:39:48;-820.1791,178.1075,178.1075;;;;
Michael;15:22:17;16:39:48;-820.3221,178.4288,178.4288;;;;
Michael;15:22:17;16:39:49;-820.8105,179.2607,179.2607;;;;
Michael;15:22:17;16:39:49;-820.9183,179.5506,179.5506;;;;
Michael;15:22:17;16:39:50;-821.0594,179.4417,179.4417;;;;
Michael;15:22:17;16:39:51;-820.9552,179.3846,179.3846;;Why did you pull an architecturally,;Cutscene;Cutscene
Michael;15:22:17;16:39:51;-820.8792,179.346,179.346;;;;
Michael;15:22:17;16:39:52;-820.8708,179.3205,179.3205;;;;
Michael;15:22:17;16:39:52;-820.8945,179.2718,179.2718;;;;
Michael;15:22:17;16:39:53;-820.9835,179.2472,179.2472;;;;
Michael;15:22:17;16:39:53;-821.0438,179.3209,179.3209;;significant,;Cutscene;Cutscene
Michael;15:22:17;16:39:54;-820.9929,179.3608,179.3608;;;;
Michael;15:22:17;16:39:54;-820.9405,179.3727,179.3727;;modernist wonder home down the hillside in Vinewood Hills?;Cutscene;Cutscene
Michael;15:22:17;16:39:55;-820.9452,179.3763,179.3763;;;;
Michael;15:22:17;16:39:55;-820.9512,179.3758,179.3758;;;;
Michael;15:22:17;16:39:56;-820.9532,179.3744,179.3744;;;;
Michael;15:22:17;16:39:56;-820.9788,179.3607,179.3607;;;;
Michael;15:22:17;16:39:57;-820.9836,179.3221,179.3221;;;;
Michael;15:22:17;16:39:57;-820.9785,179.2917,179.2917;;;;
Michael;15:22:17;16:39:58;-820.9734,179.2714,179.2714;;;;
Michael;15:22:17;16:39:58;-820.9844,179.2731,179.2731;;;;
Michael;15:22:17;16:39:59;-821.0214,179.3035,179.3035;;I thought the owner was banging my wife.;Cutscene;Cutscene
Michael;15:22:17;16:39:59;-821.0046,179.3356,179.3356;;;;
Michael;15:22:17;16:40:00;-820.9717,179.3463,179.3463;;;;
Michael;15:22:17;16:40:00;-820.9391,179.4034,179.4034;;;;
Michael;15:22:17;16:40:01;-820.9421,179.3892,179.3892;;;;
Michael;15:22:17;16:40:01;-820.9642,179.3821,179.3821;;Well that was a strange house for a tennis coach.;Cutscene;Cutscene
Michael;15:22:17;16:40:02;-820.962,179.3807,179.3807;;;;
Michael;15:22:17;16:40:02;-820.9565,179.3561,179.3561;;;;
Michael;15:22:17;16:40:03;-820.9706,179.364,179.364;;;;
Michael;15:22:17;16:40:04;-820.9925,179.3766,179.3766;;;;
Michael;15:22:17;16:40:04;-821.008,179.37,179.37;;;;
Michael;15:22:17;16:40:05;-820.9631,179.3918,179.3918;;I wasn't thinking straight.;Cutscene;Cutscene
Michael;15:22:17;16:40:05;-820.9321,179.4049,179.4049;;;;
Michael;15:22:17;16:40:06;-820.9282,179.4064,179.4064;;;;
Michael;15:22:17;16:40:06;-820.9408,179.4009,179.4009;;;;
Michael;15:22:17;16:40:07;-820.9438,179.3979,179.3979;;Clearly.;Cutscene;Cutscene
Michael;15:22:17;16:40:07;-820.9493,179.3957,179.3957;;;;
Michael;15:22:17;16:40:08;-820.9529,179.4,179.4;;Yeah.;Cutscene;Cutscene
Michael;15:22:17;16:40:08;-820.9474,179.3957,179.3957;;;;
Michael;15:22:17;16:40:09;-820.9453,179.4058,179.4058;;;;
Michael;15:22:17;16:40:09;-820.9415,179.4127,179.4127;;;;
Michael;15:22:17;16:40:10;-820.9359,179.414,179.414;;;;
Michael;15:22:17;16:40:10;-820.9282,179.412,179.412;;Well, Natalia will need a hotel,;Cutscene;Cutscene
Michael;15:22:17;16:40:11;-820.924,179.4137,179.4137;;;;
Michael;15:22:17;16:40:11;-820.9246,179.4066,179.4066;;;;
Michael;15:22:17;16:40:12;-820.9301,179.4103,179.4103;;;;
Michael;15:22:17;16:40:12;-820.9409,179.3923,179.3923;;;;
Michael;15:22:17;16:40:13;-820.9566,179.3671,179.3671;;;;
Michael;15:22:17;16:40:13;-820.9708,179.3412,179.3412;;;;
Michael;15:22:17;16:40:14;-821.009,179.3241,179.3241;;;;
Michael;15:22:17;16:40:14;-821.0308,179.32,179.32;;;;
Michael;15:22:17;16:40:15;-821.014,179.3306,179.3306;;while you finance the rebuild, won't she?;Cutscene;Cutscene
Michael;15:22:17;16:40:15;-821.0047,179.3408,179.3408;;;;
Michael;15:22:17;16:40:16;-820.9984,179.3531,179.3531;;;;
Michael;15:22:17;16:40:16;-820.9964,179.3609,179.3609;;;;
Michael;15:22:17;16:40:17;-820.9936,179.3705,179.3705;;;;
Michael;15:22:17;16:40:18;-820.9886,179.3773,179.3773;;;;
Michael;15:22:17;16:40:18;-820.986,179.3822,179.3822;;;;
Michael;15:22:17;16:40:19;-820.9865,179.3808,179.3808;;Sure.;Cutscene;Cutscene
Michael;15:22:17;16:40:19;-820.9795,179.3913,179.3913;;;;
Michael;15:22:17;16:40:20;-820.9854,179.3767,179.3767;;Good.;Cutscene;Cutscene
Michael;15:22:17;16:40:20;-820.9924,179.3676,179.3676;;;;
Michael;15:22:17;16:40:21;-820.9955,179.3602,179.3602;;And I'm guessing here that,;Cutscene;Cutscene
Michael;15:22:17;16:40:21;-821.003,179.3527,179.3527;;;;
Michael;15:22:17;16:40:22;-820.9965,179.3518,179.3518;;;;
Michael;15:22:17;16:40:22;-820.9741,179.3458,179.3458;;;;
Michael;15:22:17;16:40:23;-820.9496,179.3329,179.3329;;the rebuild will be somewhere in the...;Cutscene;Cutscene
Michael;15:22:17;16:40:23;-820.9296,179.3289,179.3289;;;;
Michael;15:22:17;16:40:24;-820.9283,179.3357,179.3357;;;;
Michael;15:22:17;16:40:24;-820.9183,179.3376,179.3376;;;;
Michael;15:22:17;16:40:25;-820.9056,179.3396,179.3396;;;;
Michael;15:22:17;16:40:25;-820.8959,179.3516,179.3516;;two point five million range?;Cutscene;Cutscene
Michael;15:22:17;16:40:26;-820.8893,179.3488,179.3488;;;;
Michael;15:22:17;16:40:26;-820.8797,179.3396,179.3396;;;;
Michael;15:22:17;16:40:27;-820.8727,179.3345,179.3345;;;;
Michael;15:22:17;16:40:27;-820.871,179.3456,179.3456;;;;
Michael;15:22:17;16:40:28;-820.8761,179.3606,179.3606;;Of course.;Cutscene;Cutscene
Michael;15:22:17;16:40:28;-820.8843,179.3655,179.3655;;;;
Michael;15:22:17;16:40:29;-820.9122,179.3796,179.3796;;;;
Michael;15:22:17;16:40:29;-820.9065,179.3874,179.3874;;;;
Michael;15:22:17;16:40:30;-820.9113,179.3898,179.3898;;Great.;Cutscene;Cutscene
Michael;15:22:17;16:40:30;-820.9255,179.3939,179.3939;;;;
Michael;15:22:17;16:40:31;-820.9419,179.3889,179.3889;;;;
Michael;15:22:17;16:40:31;-820.9558,179.3837,179.3837;;;;
Michael;15:22:17;16:40:32;-820.9598,179.3882,179.3882;;;;
Michael;15:22:17;16:40:33;-820.9297,179.3914,179.3914;;;;
Michael;15:22:17;16:40:33;-820.904,179.4063,179.4063;;;;
Michael;15:22:17;16:40:34;-820.908,179.4023,179.4023;;;;
Michael;15:22:17;16:40:34;-820.9136,179.4003,179.4003;;;;
Michael;15:22:17;16:40:35;-820.9184,179.396,179.396;;;;
Michael;15:22:17;16:40:35;-820.9242,179.3886,179.3886;;That's nice.;Cutscene;Cutscene
Michael;15:22:17;16:40:36;-820.9271,179.3808,179.3808;;;;
Michael;15:22:17;16:40:36;-820.9326,179.3706,179.3706;;;;
Michael;15:22:17;16:40:37;-820.8584,179.2987,179.2987;;;;
Michael;15:22:17;16:40:37;-820.8472,179.2994,179.2994;;;;
Michael;15:22:17;16:40:38;-820.8386,179.308,179.308;;;;
Michael;15:22:17;16:40:38;-820.8987,179.1603,179.1603;;;;
Michael;15:22:17;16:40:39;-820.8981,179.1349,179.1349;;Come on, man.;Cutscene;Cutscene
Michael;15:22:17;16:40:39;-820.9035,179.1569,179.1569;;;;
Michael;15:22:17;16:40:40;-820.832,178.8523,178.8523;;;;
Michael;15:22:17;16:40:40;-820.842,178.3944,178.3944;;;;
Michael;15:22:17;16:40:41;-820.7464,178.1323,178.1323;;Damn, you alright?;Cutscene;Cutscene
Michael;15:22:17;16:40:41;-820.6291,178.0987,178.0987;;;;
Michael;15:22:17;16:40:42;-820.5411,178.1072,178.1072;;;;
Michael;15:22:17;16:40:42;-820.4676,178.1816,178.1816;;;;
Michael;15:22:17;16:40:43;-820.3646,178.2352,178.2352;;;;
Michael;15:22:17;16:40:43;-820.3075,178.1604,178.1604;;;;
Michael;15:22:17;16:40:44;-820.2975,178.0098,178.0098;;Never better.;Cutscene;Cutscene
Michael;15:22:17;16:40:44;-820.2832,177.9337,177.9337;;;;
Michael;15:22:17;16:40:45;-820.3022,177.9079,177.9079;;;;
Michael;15:22:17;16:40:46;-820.3553,177.9242,177.9242;;;;
Michael;15:22:17;16:40:46;-820.4651,177.961,177.961;;So what now?;Cutscene;Cutscene
Michael;15:22:17;16:40:47;-820.5078,177.9692,177.9692;;;;
Michael;15:22:17;16:40:47;-820.4742,177.9113,177.9113;;;;
Michael;15:22:17;16:40:48;-820.4233,177.8342,177.8342;;;;
Michael;15:22:17;16:40:48;-820.3445,177.8213,177.8213;;Looks like I'm gonna have to postpone my retirement.;Cutscene;Cutscene
Michael;15:22:17;16:40:49;-820.3351,177.825,177.825;;;;
Michael;15:22:17;16:40:49;-820.3791,177.8615,177.8615;;;;
Michael;15:22:17;16:40:50;-820.4132,177.9209,177.9209;;;;
Michael;15:22:17;16:40:50;-820.4208,177.9657,177.9657;;;;
Michael;15:22:17;16:40:51;-820.4482,177.8849,177.8849;;;;
Michael;15:22:17;16:40:51;-820.4612,177.7373,177.7373;;;;
Michael;15:22:17;16:40:52;-820.4191,177.603,177.603;;Fuck!;Cutscene;Cutscene
Michael;15:22:17;16:40:52;-820.358,177.6276,177.6276;;;;
Michael;15:22:17;16:40:53;-820.3363,177.7248,177.7248;;;;
Michael;15:22:17;16:40:53;-820.2927,177.7896,177.7896;;;;
Michael;15:22:17;16:40:54;-820.3451,177.8053,177.8053;;;;
Michael;15:22:17;16:40:54;-820.4425,177.7438,177.7438;;Ah, man, I'm mortgaged up to my eyeballs.;Cutscene;Cutscene
Michael;15:22:17;16:40:55;-820.5493,177.7994,177.7994;;;;
Michael;15:22:17;16:40:55;-820.6389,177.9325,177.9325;;;;
Michael;15:22:17;16:40:56;-820.6569,177.9916,177.9916;;;;
Michael;15:22:17;16:40:56;-820.6062,177.9565,177.9565;;;;
Michael;15:22:17;16:40:57;-820.5919,177.932,177.932;;;;
Michael;15:22:17;16:40:57;-820.5927,177.9335,177.9335;;Look, I only know one way to make money.;Cutscene;Cutscene
Michael;15:22:17;16:40:58;-820.5922,177.9395,177.9395;;;;
Michael;15:22:17;16:40:58;-820.5934,177.9261,177.9261;;;;
Michael;15:22:17;16:40:59;-820.5905,177.9202,177.9202;;;;
Michael;15:22:17;16:41:00;-820.5903,177.9232,177.9232;;;;
Michael;15:22:17;16:41:00;-820.5891,177.9288,177.9288;;;;
Michael;15:22:17;16:41:01;-820.5973,177.9287,177.9287;;I'm gonna have to give an old friend a call.;Cutscene;Cutscene
Michael;15:22:17;16:41:01;-820.6014,177.9307,177.9307;;;;
Michael;15:22:17;16:41:02;-820.6039,177.9244,177.9244;;;;
Michael;15:22:17;16:41:02;-820.6061,177.9271,177.9271;;;;
Michael;15:22:17;16:41:03;-820.6136,177.938,177.938;;;;
Michael;15:22:17;16:41:03;-820.6188,177.9441,177.9441;;Lester.;Cutscene;Cutscene
Michael;15:22:17;16:41:04;-820.6036,177.9435,177.9435;;;;
Michael;15:22:17;16:41:04;-820.5994,177.9392,177.9392;;;;
Michael;15:22:17;16:41:05;-820.5939,177.9421,177.9421;;;;
Michael;15:22:17;16:41:05;-820.6086,177.945,177.945;;;;
Michael;15:22:17;16:41:06;-820.6146,177.9708,177.9708;;I think he's in town somewhere.;Cutscene;Cutscene
Michael;15:22:17;16:41:06;-820.6174,177.9038,177.9038;;;;
Michael;15:22:17;16:41:07;-820.5586,177.7675,177.7675;;;;
Michael;15:22:17;16:41:07;-820.4503,177.7422,177.7422;;;;
Michael;15:22:17;16:41:08;-820.4935,177.7558,177.7558;;Might have to track him down.;Cutscene;Cutscene
Michael;15:22:17;16:41:08;-820.5045,177.784,177.784;;;;
Michael;15:22:17;16:41:09;-820.5035,177.798,177.798;;;;
Michael;15:22:17;16:41:09;-820.506,177.805,177.805;;;;
Michael;15:22:17;16:41:10;-820.2468,177.8218,177.8218;;;;
Michael;15:22:17;16:41:10;-820.3474,177.8127,177.8127;;;;
Michael;15:22:17;16:41:11;-820.3384,177.8571,177.8571;;Just give me a little alone time, alright?;Cutscene;Cutscene
Michael;15:22:17;16:41:11;-820.2274,177.7796,177.7796;;;;
Michael;15:22:17;16:41:12;-820.1593,177.7385,177.7385;;;;
Michael;15:22:17;16:41:12;-820.1812,177.6964,177.6964;;;;
Michael;15:22:17;16:41:13;-820.2318,177.7145,177.7145;;;;
Michael;15:22:17;16:41:13;-820.2849,177.7572,177.7572;;;;
Michael;15:22:17;16:41:14;-820.2773,177.8256,177.8256;;;;
Michael;15:22:17;16:41:15;-820.2428,177.8595,177.8595;;Alright, dog.;Cutscene;Cutscene
Michael;15:22:17;16:41:15;-820.132,177.8287,177.8287;;;;
Michael;15:22:17;16:41:16;-820.0381,177.801,177.801;;;;
Michael;15:22:17;16:41:16;-819.688,177.6496,177.6496;;Fuck man, shit!;Cutscene;Cutscene
Michael;15:22:17;16:41:17;-819.374,177.5859,177.5859;;;;
Michael;15:22:17;16:41:17;-819.006,177.6454,177.6454;;;;
Michael;15:22:17;16:41:18;-818.6405,177.6743,177.6743;;;;
Michael;15:22:17;16:41:18;-818.2881,177.7465,177.7465;;;;
Michael;15:22:17;16:41:19;-817.9538,177.9092,177.9092;;;;
Michael;15:22:17;16:41:19;-817.5877,177.9589,177.9589;;;;
Michael;15:22:17;16:41:20;-817.3331,178.0804,178.0804;;;;
Michael;15:22:17;16:41:20;-817.078,178.2803,178.2803;;;;
Michael;15:22:17;16:41:21;-816.585,178.2744,178.2744;;;;
Michael;15:22:17;16:41:21;-816.0922,178.425,178.425;;;;
Michael;15:22:17;16:41:22;-815.6216,178.646,178.646;;;;
Michael;15:22:17;16:41:22;-815.169,178.7903,178.7903;;;;
Michael;15:22:17;16:41:23;-814.7797,178.9964,178.9964;;;;
Michael;15:22:17;16:41:23;-814.55,179.0398,179.0398;;;;
Michael;15:22:17;16:41:24;-814.4029,178.9444,178.9444;;;;
Michael;15:22:26;16:41:24;-814.3846,178.9236,178.9236;;;;
Michael;15:22:42;16:41:25;-814.3846,178.9236,178.9236;;;;
Michael;15:22:58;16:41:25;-814.3846,178.9236,178.9236;;;;
Michael;15:23:14;16:41:26;-814.3846,178.9236,178.9236;;;;
Michael;11:00:11;16:41:26;-95.55,-415.1,-415.1;;;;
Michael;11:00:27;16:41:27;-95.55,-415.1,-415.1;;;;
Michael;11:00:43;16:41:28;-95.55,-415.1,-415.1;;;;
Michael;11:00:58;16:41:28;-95.55,-415.1,-415.1;;;;
Michael;11:01:14;16:41:29;-95.55,-415.1,-415.1;;;;
Michael;11:01:29;16:41:29;-95.55,-415.1,-415.1;;;;
Michael;11:01:45;16:41:30;-95.55,-415.1,-415.1;;;;
Michael;11:02:00;16:41:30;-95.55,-415.1,-415.1;;;;
Michael;11:02:16;16:41:31;-95.55,-415.1,-415.1;;;;
Michael;11:02:32;16:41:31;-95.55,-415.1,-415.1;;;;
Michael;11:02:47;16:41:32;-95.55,-415.1,-415.1;;;;
Michael;11:03:03;16:41:32;-95.55,-415.1,-415.1;;;;
Michael;11:03:19;16:41:33;-95.55,-415.1,-415.1;;;;
Michael;11:03:34;16:41:33;-95.55,-415.1,-415.1;;;;
Michael;11:03:50;16:41:34;-95.55,-415.1,-415.1;;;;
Michael;11:04:05;16:41:34;-95.55,-415.1,-415.1;;;;
Michael;11:04:21;16:41:35;-95.55,-415.1,-415.1;;;;
Michael;11:04:36;16:41:35;-95.55,-415.1,-415.1;;;;
Michael;11:04:52;16:41:36;-95.55,-415.1,-415.1;;;;
Michael;11:05:07;16:41:36;-95.55,-415.1,-415.1;;;;
Michael;11:05:23;16:41:37;-95.55,-415.1,-415.1;;;;
Michael;11:05:38;16:41:37;-95.55,-415.1,-415.1;;;;
Michael;11:05:54;16:41:38;-95.93851,-415.4878,-415.4878;;;;
Michael;11:06:09;16:41:38;-95.93851,-415.4878,-415.4878;;Hello. Is this still the number for Lester Crest?;MICHAEL;FAM3_EQAA
Michael;11:06:25;16:41:39;-95.93851,-415.4878,-415.4878;;;;
Michael;11:06:40;16:41:39;-95.93851,-415.4878,-415.4878;;;;
Michael;11:06:55;16:41:40;-95.93851,-415.4878,-415.4878;;;;
Michael;11:07:11;16:41:40;-95.93851,-415.4878,-415.4878;;;;
Michael;11:07:26;16:41:41;-95.93851,-415.4878,-415.4878;;;;
Michael;11:07:42;16:41:41;-95.93851,-415.4878,-415.4878;;;;
Michael;11:07:57;16:41:42;-95.93851,-415.4878,-415.4878;;Who's asking?;LESTER;FAM3_EQAB
Michael;11:08:13;16:41:43;-95.93851,-415.4878,-415.4878;;;;
Michael;11:08:28;16:41:43;-95.93851,-415.4878,-415.4878;;Who's asking "who's asking"?;MICHAEL;FAM3_EQAC
Michael;11:08:44;16:41:44;-95.93851,-415.4878,-415.4878;;;;
Michael;11:08:59;16:41:44;-95.93851,-415.4878,-415.4878;;;;
Michael;11:09:15;16:41:45;-95.93851,-415.4878,-415.4878;;;;
Michael;11:09:30;16:41:45;-95.93851,-415.4878,-415.4878;;You're awful cagey... even for a dead man,;LESTER;FAM3_EQAD
Michael;11:09:46;16:41:46;-95.93851,-415.4878,-415.4878;;;;
Michael;11:10:01;16:41:46;-95.93851,-415.4878,-415.4878;;;;
Michael;11:10:17;16:41:47;-95.93851,-415.4878,-415.4878;;;;
Michael;11:10:32;16:41:47;-95.93851,-415.4878,-415.4878;;;;
Michael;11:10:48;16:41:48;-95.93851,-415.4878,-415.4878;;;;
Michael;11:11:03;16:41:48;-95.93851,-415.4878,-415.4878;;;;
Michael;11:11:19;16:41:49;-95.93851,-415.4878,-415.4878;;;;
Michael;11:11:34;16:41:49;-95.93851,-415.4878,-415.4878;;;;
Michael;11:11:50;16:41:50;-95.93851,-415.4878,-415.4878;;;;
Michael;11:12:05;16:41:50;-95.93851,-415.4878,-415.4878;;;;
Michael;11:12:21;16:41:51;-95.93851,-415.4878,-415.4878;;;;
Michael;11:12:37;16:41:51;-95.93851,-415.4878,-415.4878;;Michael.;LESTER;FAM3_EQAE
Michael;11:12:52;16:41:52;-95.93851,-415.4878,-415.4878;;Oh. You don't sound good, buddy.;MICHAEL;FAM3_EQAF
Michael;11:13:08;16:41:52;-95.93851,-415.4878,-415.4878;;;;
Michael;11:13:24;16:41:53;-95.93851,-415.4878,-415.4878;;;;
Michael;11:13:39;16:41:53;-95.93851,-415.4878,-415.4878;;;;
Michael;11:13:55;16:41:54;-95.93851,-415.4878,-415.4878;;;;
Michael;11:14:10;16:41:54;-95.93851,-415.4878,-415.4878;;Tactful and charming even in death. Come see me, old friend.;LESTER;FAM3_EQAG
Michael;11:14:26;16:41:55;-95.93851,-415.4878,-415.4878;;;;
Michael;11:14:42;16:41:55;-95.93851,-415.4878,-415.4878;;;;
Michael;11:14:57;16:41:56;-95.93851,-415.4878,-415.4878;;;;
Michael;11:15:13;16:41:57;-95.93851,-415.4878,-415.4878;;;;
Michael;11:15:29;16:41:57;-95.93851,-415.4878,-415.4878;;;;
Michael;11:15:44;16:41:58;-95.93851,-415.4878,-415.4878;;;;
Michael;11:16:00;16:41:58;-95.93851,-415.4878,-415.4878;;;;
Michael;11:16:15;16:41:59;-95.93851,-415.4878,-415.4878;;I'm living in Los Santos just like you. Murrieta Heights...;LESTER;FAM3_EQAH
Michael;11:16:31;16:41:59;-95.93851,-415.4878,-415.4878;;;;
Michael;11:16:47;16:42:00;-95.93851,-415.4878,-415.4878;;;;
Michael;11:17:02;16:42:00;-95.94041,-415.5529,-415.5529;;;;
Michael;11:17:18;16:42:01;-96.07968,-416.1671,-416.1671;;;;
Michael;11:17:33;16:42:01;-96.80965,-416.3026,-416.3026;;;;
Michael;11:17:49;16:42:02;-97.29966,-415.6277,-415.6277;;;;
Michael;11:18:05;16:42:02;-97.93411,-414.9871,-414.9871;;Whoa, whoa, wait... hey, how do you... hello?;MICHAEL;FAM3_EQAI
Michael;11:18:20;16:42:03;-98.70757,-414.5386,-414.5386;;;;
Michael;11:18:36;16:42:03;-99.46637,-414.0905,-414.0905;;;;
Michael;11:18:51;16:42:04;-100.2285,-413.6378,-413.6378;;;;
Michael;11:19:07;16:42:04;-100.9815,-413.1902,-413.1902;;;;
Michael;11:19:23;16:42:05;-101.7443,-412.7367,-412.7367;;;;
Michael;11:19:38;16:42:05;-102.5088,-412.2828,-412.2828;;;;
Michael;11:19:54;16:42:06;-103.3108,-411.8784,-411.8784;;;;
Michael;11:20:10;16:42:06;-104.1864,-411.5744,-411.5744;;;;
Michael;11:20:25;16:42:07;-105.0494,-411.3044,-411.3044;;You fucker.;MICHAEL;FAM3_EQAJ
Michael;11:20:41;16:42:07;-106.4761,-410.8914,-410.8914;;;;
Michael;11:20:57;16:42:08;-108.6258,-410.2319,-410.2319;;;;
Michael;11:21:13;16:42:09;-111.5817,-409.5168,-409.5168;;;;
Michael;11:21:28;16:42:09;-115.1145,-410.0027,-410.0027;;;;
Michael;11:21:44;16:42:10;-118.5348,-410.7556,-410.7556;;;;
Michael;11:22:00;16:42:10;-121.9191,-411.4243,-411.4243;;;;
Michael;11:22:15;16:42:11;-125.2789,-412.1895,-412.1895;;;;
Michael;11:22:31;16:42:11;-128.5608,-413.2741,-413.2741;;;;
Michael;11:22:47;16:42:12;-131.6044,-414.8874,-414.8874;;;;
Michael;11:23:03;16:42:12;-134.4239,-417.0254,-417.0254;;;;
Michael;11:23:18;16:42:13;-137.1278,-419.1043,-419.1043;;;;
Michael;11:23:33;16:42:13;-139.9124,-421.004,-421.004;;;;
Michael;11:23:49;16:42:14;-143.205,-422.2096,-422.2096;;;;
Michael;11:24:04;16:42:14;-146.5778,-422.8312,-422.8312;;;;
Michael;11:24:20;16:42:15;-150.0133,-423.0111,-423.0111;;;;
Michael;11:24:36;16:42:15;-153.4746,-423.2663,-423.2663;;;;
Michael;11:24:52;16:42:16;-154.7572,-424.2781,-424.2781;;;;
Michael;11:25:07;16:42:16;-154.9079,-424.0628,-424.0628;;;;
Michael;11:25:23;16:42:17;-155.8169,-423.4248,-423.4248;True,Sedans,TAILGATE,0,0;;;
Michael;11:25:39;16:42:17;-155.8164,-423.4251,-423.4251;True,Sedans,TAILGATE,0,007202572,0;;;
Michael;11:25:54;16:42:18;-155.8164,-423.4247,-423.4247;True,Sedans,TAILGATE,0,0;;;
Michael;11:26:10;16:42:18;-155.8164,-423.4247,-423.4247;True,Sedans,TAILGATE,0,0;;;
Michael;11:26:14;16:42:24;-155.8164,-423.4247,-423.4247;True,Sedans,TAILGATE,0,0;;;
Michael;11:26:30;16:42:24;-155.8164,-423.4247,-423.4247;True,Sedans,TAILGATE,0,0;;;
Michael;11:26:45;16:42:25;-155.8164,-423.4247,-423.4247;True,Sedans,TAILGATE,0,0;;;
Michael;11:27:01;16:42:25;-155.8164,-423.4247,-423.4247;True,Sedans,TAILGATE,0,0;;;
Michael;11:27:16;16:42:26;-155.7728,-423.2826,-423.2826;True,Sedans,TAILGATE,0,9837375,1;;;
Michael;11:27:32;16:42:27;-155.6704,-422.3119,-422.3119;True,Sedans,TAILGATE,2,830126,1;;;
Michael;11:27:47;16:42:27;-155.3697,-420.0482,-420.0482;True,Sedans,TAILGATE,6,238146,1;;;
Michael;11:28:03;16:42:28;-155.2134,-415.8478,-415.8478;True,Sedans,TAILGATE,8,772317,0;;;
Michael;11:28:18;16:42:28;-154.9973,-411.7244,-411.7244;True,Sedans,TAILGATE,7,473763,0;;;
Michael;11:28:34;16:42:29;-154.7956,-408.2223,-408.2223;True,Sedans,TAILGATE,5,921202,0;;;
Michael;11:28:49;16:42:29;-154.5772,-405.606,-405.606;True,Sedans,TAILGATE,4,227324,0;;;
Michael;11:29:05;16:42:30;-154.2748,-403.6126,-403.6126;True,Sedans,TAILGATE,4,255764,1;;;
Michael;11:29:20;16:42:30;-153.3404,-401.6916,-401.6916;True,Sedans,TAILGATE,3,541878,0;;;
Michael;11:29:36;16:42:31;-153.0794,-401.0205,-401.0205;True,Sedans,TAILGATE,0,6760269,1;;;
Michael;11:29:52;16:42:31;-152.7283,-400.1648,-400.1648;True,Sedans,TAILGATE,2,979348,1;;;
Michael;11:30:07;16:42:32;-152.2537,-397.9935,-397.9935;True,Sedans,TAILGATE,5,99453,1;;;
Michael;11:30:23;16:42:32;-151.389,-393.5905,-393.5905;True,Sedans,TAILGATE,11,11146,1;;;
Michael;11:30:39;16:42:33;-149.9845,-387.8486,-387.8486;True,Sedans,TAILGATE,11,77056,1;;;
Michael;11:30:54;16:42:33;-147.884,-381.6198,-381.6198;True,Sedans,TAILGATE,13,84153,1;;;
Michael;11:31:09;16:42:34;-146.2638,-373.9923,-373.9923;True,Sedans,TAILGATE,16,67948,1;;;
Michael;11:31:25;16:42:34;-143.8494,-364.9611,-364.9611;True,Sedans,TAILGATE,19,02525,1;;;
Michael;11:31:41;16:42:35;-139.8012,-355.5261,-355.5261;True,Sedans,TAILGATE,20,5032,1;;;
Michael;11:31:56;16:42:35;-136.4297,-345.2416,-345.2416;True,Sedans,TAILGATE,21,51031,1;;;
Michael;11:32:12;16:42:36;-132.5026,-334.6507,-334.6507;True,Sedans,TAILGATE,21,43428,0;;;
Michael;11:32:27;16:42:36;-128.3852,-324.2937,-324.2937;True,Sedans,TAILGATE,20,86316,0;;;
Michael;11:32:43;16:42:37;-124.7291,-314.0734,-314.0734;True,Sedans,TAILGATE,21,07417,0;;;
Michael;11:32:58;16:42:37;-121.4517,-304.0141,-304.0141;True,Sedans,TAILGATE,19,84395,0;;;
Michael;11:33:14;16:42:38;-118.0801,-295.0888,-295.0888;True,Sedans,TAILGATE,17,55343,0;;;
Michael;11:33:29;16:42:38;-114.539,-286.8541,-286.8541;True,Sedans,TAILGATE,17,51089,0;;;
Michael;11:33:45;16:42:39;-109.8347,-279.4816,-279.4816;True,Sedans,TAILGATE,16,31736,1;;;
Michael;11:34:00;16:42:39;-104.9063,-272.9196,-272.9196;True,Sedans,TAILGATE,15,33236,0;;;
Michael;11:34:15;16:42:40;-99.10152,-268.1824,-268.1824;True,Sedans,TAILGATE,14,31628,1;;;
Michael;11:34:31;16:42:40;-92.04794,-264.8849,-264.8849;True,Sedans,TAILGATE,15,69539,1;;;
Michael;11:34:47;16:42:41;-83.67427,-262.9326,-262.9326;True,Sedans,TAILGATE,16,56291,0;;;
Michael;11:35:02;16:42:42;-75.48615,-260.7968,-260.7968;True,Sedans,TAILGATE,16,2613,1;;;
Michael;11:35:18;16:42:42;-66.78537,-259.2518,-259.2518;True,Sedans,TAILGATE,17,87438,1;;;
Michael;11:35:33;16:42:43;-57.31788,-259.4702,-259.4702;True,Sedans,TAILGATE,18,80633,1;;;
Michael;11:35:49;16:42:43;-47.27107,-260.9337,-260.9337;True,Sedans,TAILGATE,20,47878,1;;;
Michael;11:36:04;16:42:44;-36.89034,-263.1807,-263.1807;True,Sedans,TAILGATE,20,3242,1;;;
Michael;11:36:20;16:42:44;-26.64188,-266.0532,-266.0532;True,Sedans,TAILGATE,20,13646,0;;;
Michael;11:36:35;16:42:45;-17.296,-269.4202,-269.4202;True,Sedans,TAILGATE,18,76764,0;;;
Michael;11:36:51;16:42:45;-8.725412,-272.4329,-272.4329;True,Sedans,TAILGATE,16,64141,0;;;
Michael;11:37:06;16:42:46;-1.195784,-275.4189,-275.4189;True,Sedans,TAILGATE,14,51293,0;;;
Michael;11:37:22;16:42:46;5.465422,-277.4295,-277.4295;True,Sedans,TAILGATE,12,47482,0;;;
Michael;11:37:37;16:42:47;9.648632,-279.4459,-279.4459;True,Sedans,TAILGATE,4,590386,0;;;
Michael;11:37:53;16:42:47;10.17313,-279.6907,-279.6907;True,Sedans,TAILGATE,0,052197,0;;;
Michael;11:38:09;16:42:48;10.18162,-279.7002,-279.7002;True,Sedans,TAILGATE,0,07390193,1;;;
Michael;11:38:24;16:42:48;10.61097,-279.9077,-279.9077;True,Sedans,TAILGATE,1,872672,1;;;
Michael;11:38:40;16:42:49;12.13247,-280.6346,-280.6346;True,Sedans,TAILGATE,4,752385,1;Doc, hey.;MICHAEL;FMFL_AVAA
Michael;11:38:55;16:42:49;15.47068,-281.972,-281.972;True,Sedans,TAILGATE,9,492281,1;;;
Michael;11:39:11;16:42:50;20.90895,-283.9047,-283.9047;True,Sedans,TAILGATE,11,27176,1;;;
Michael;11:39:26;16:42:50;26.80409,-286.2129,-286.2129;True,Sedans,TAILGATE,13,04079,1;Michael, I'm looking through my appointment book, and I don't see your name.;FRIEDLANDER;FMFL_AVAB
Michael;11:39:42;16:42:51;33.81664,-288.4095,-288.4095;True,Sedans,TAILGATE,15,2475,1;;;
Michael;11:39:57;16:42:51;41.63905,-291.1181,-291.1181;True,Sedans,TAILGATE,17,01025,1;;;
Michael;11:40:13;16:42:52;50.0644,-294.9291,-294.9291;True,Sedans,TAILGATE,18,89004,1;;;
Michael;11:40:28;16:42:52;60.0495,-298.9224,-298.9224;True,Sedans,TAILGATE,22,63519,1;;;
Michael;11:40:44;16:42:53;71.46855,-303.2499,-303.2499;True,Sedans,TAILGATE,23,79356,0;;;
Michael;11:40:59;16:42:53;82.54549,-307.4573,-307.4573;True,Sedans,TAILGATE,21,95558,0;;;
Michael;11:41:15;16:42:54;92.65031,-311.5024,-311.5024;True,Sedans,TAILGATE,19,99187,0;;;
Michael;11:41:31;16:42:54;101.7143,-316.2538,-316.2538;True,Sedans,TAILGATE,19,18876,0;;;
Michael;11:41:46;16:42:55;110.3894,-319.9653,-319.9653;True,Sedans,TAILGATE,17,45513,0;Yeah well, I'm more of a walk-in guy, Doc, you know that.;MICHAEL;FMFL_AVAC
Michael;11:42:02;16:42:55;119.1832,-323.4788,-323.4788;True,Sedans,TAILGATE,18,65454,0;;;
Michael;11:42:17;16:42:56;127.6257,-326.9367,-326.9367;True,Sedans,TAILGATE,16,96958,0;;;
Michael;11:42:32;16:42:57;135.323,-330.1761,-330.1761;True,Sedans,TAILGATE,15,71499,0;;;
Michael;11:42:48;16:42:57;142.6017,-332.7974,-332.7974;True,Sedans,TAILGATE,14,27576,0;;;
Michael;11:43:03;16:42:58;149.2407,-334.6826,-334.6826;True,Sedans,TAILGATE,12,51474,0;;;
Michael;11:43:19;16:42:58;154.8587,-336.6437,-336.6437;True,Sedans,TAILGATE,8,814511,0;Walk-ins are more expensive, but I'm always happy to accommodate.;FRIEDLANDER;FMFL_AVAD
Michael;11:43:35;16:42:59;156.49,-337.2596,-337.2596;True,Sedans,TAILGATE,0,1285692,0;;;
Michael;11:43:50;16:42:59;156.4929,-337.2513,-337.2513;True,Sedans,TAILGATE,0,02981675,1;;;
Michael;11:44:06;16:43:00;156.9126,-337.4155,-337.4155;True,Sedans,TAILGATE,1,91691,1;;;
Michael;11:44:22;16:43:00;158.5741,-338.082,-338.082;True,Sedans,TAILGATE,5,106017,1;;;
Michael;11:44:37;16:43:01;162.2883,-339.5048,-339.5048;True,Sedans,TAILGATE,10,49331,1;;;
Michael;11:44:53;16:43:01;167.8663,-341.6343,-341.6343;True,Sedans,TAILGATE,11,69733,1;;;
Michael;11:45:08;16:43:02;174.0552,-343.9986,-343.9986;True,Sedans,TAILGATE,13,90169,1;;;
Michael;11:45:24;16:43:02;181.2401,-346.7018,-346.7018;True,Sedans,TAILGATE,15,84505,1;Sure, you'll accommodate me as long as I got money in my pocket, right?;MICHAEL;FMFL_AVAE
Michael;11:45:39;16:43:03;189.2109,-349.6851,-349.6851;True,Sedans,TAILGATE,16,19431,0;;;
Michael;11:45:55;16:43:03;197.0447,-352.3859,-352.3859;True,Sedans,TAILGATE,15,49991,1;;;
Michael;11:46:10;16:43:04;205.0776,-355.0945,-355.0945;True,Sedans,TAILGATE,17,45763,1;;;
Michael;11:46:26;16:43:04;213.605,-358.6148,-358.6148;True,Sedans,TAILGATE,17,57564,1;;;
Michael;11:46:41;16:43:05;221.8518,-362.1237,-362.1237;True,Sedans,TAILGATE,16,93616,1;;;
Michael;11:46:57;16:43:05;229.9262,-364.435,-364.435;True,Sedans,TAILGATE,15,73278,1;;;
Michael;11:47:13;16:43:06;238.0306,-366.0115,-366.0115;True,Sedans,TAILGATE,15,00157,0;Hey, I'm in a bad way, Doc. I might come by soon.;MICHAEL;FMFL_AVAF
Michael;11:47:28;16:43:06;245.1863,-368.2229,-368.2229;True,Sedans,TAILGATE,13,66478,1;;;
Michael;11:47:44;16:43:07;252.3406,-370.5947,-370.5947;True,Sedans,TAILGATE,15,33024,1;;;
Michael;11:47:59;16:43:07;260.0725,-373.7577,-373.7577;True,Sedans,TAILGATE,16,83339,1;;;
Michael;11:48:15;16:43:08;268.0298,-378.1056,-378.1056;True,Sedans,TAILGATE,17,1789,0;;;
Michael;11:48:30;16:43:08;274.8166,-382.8992,-382.8992;True,Sedans,TAILGATE,15,20381,0;;;
Michael;11:48:46;16:43:09;280.4688,-387.3542,-387.3542;True,Sedans,TAILGATE,13,00071,0;;;
Michael;11:49:02;16:43:09;284.9605,-392.1368,-392.1368;True,Sedans,TAILGATE,13,08377,0;;;
Michael;11:49:17;16:43:10;288.4008,-397.5545,-397.5545;True,Sedans,TAILGATE,11,86064,0;;;
Michael;11:49:33;16:43:11;291.2226,-403.5065,-403.5065;True,Sedans,TAILGATE,13,62684,1;;;
Michael;11:49:48;16:43:11;293.1336,-410.4948,-410.4948;True,Sedans,TAILGATE,13,80956,1;;;
Michael;11:50:04;16:43:12;295.1032,-416.8871,-416.8871;True,Sedans,TAILGATE,12,45157,1;;;
Michael;11:50:19;16:43:12;296.3277,-422.6861,-422.6861;True,Sedans,TAILGATE,10,63999,0;;;
Michael;11:50:35;16:43:13;297.2874,-427.6532,-427.6532;True,Sedans,TAILGATE,8,729388,0;;;
Michael;11:50:51;16:43:13;298.6263,-431.636,-431.636;True,Sedans,TAILGATE,8,486867,1;;;
Michael;11:51:06;16:43:14;300.0876,-436.7015,-436.7015;True,Sedans,TAILGATE,11,9043,1;;;
Michael;11:51:21;16:43:14;300.5552,-442.4942,-442.4942;True,Sedans,TAILGATE,10,72896,0;;;
Michael;11:51:37;16:43:15;300.2178,-448.6506,-448.6506;True,Sedans,TAILGATE,13,12602,1;;;
Michael;11:51:52;16:43:15;299.6969,-455.9846,-455.9846;True,Sedans,TAILGATE,15,16439,1;;;
Michael;11:52:08;16:43:16;298.9257,-463.903,-463.903;True,Sedans,TAILGATE,14,76786,0;;;
Michael;11:52:23;16:43:16;297.6259,-471.2062,-471.2062;True,Sedans,TAILGATE,13,83522,1;;;
Michael;11:52:39;16:43:17;295.0907,-477.6359,-477.6359;True,Sedans,TAILGATE,13,53193,1;;;
Michael;11:52:54;16:43:17;291.777,-484.387,-484.387;True,Sedans,TAILGATE,15,4156,1;;;
Michael;11:53:10;16:43:18;289.0668,-492.2296,-492.2296;True,Sedans,TAILGATE,16,41533,0;;;
Michael;11:53:26;16:43:18;288.2702,-500.4052,-500.4052;True,Sedans,TAILGATE,15,53944,0;;;
Michael;11:53:41;16:43:19;288.1726,-508.1523,-508.1523;True,Sedans,TAILGATE,15,38431,1;;;
Michael;11:53:57;16:43:19;286.8894,-515.8235,-515.8235;True,Sedans,TAILGATE,14,08132,0;;;
Michael;11:54:13;16:43:20;285.0601,-522.4734,-522.4734;True,Sedans,TAILGATE,12,30072,0;;;
Michael;11:54:28;16:43:20;283.7152,-527.2452,-527.2452;True,Sedans,TAILGATE,7,04152,0;;;
Michael;11:54:44;16:43:21;282.9567,-530.5002,-530.5002;True,Sedans,TAILGATE,6,310166,1;;;
Michael;11:55:00;16:43:21;283.8084,-534.2643,-534.2643;True,Sedans,TAILGATE,9,413588,1;;;
Michael;11:55:15;16:43:22;286.3019,-539.3917,-539.3917;True,Sedans,TAILGATE,11,30995,0;;;
Michael;11:55:31;16:43:22;291.0167,-542.6523,-542.6523;True,Sedans,TAILGATE,11,8886,1;;;
Michael;11:55:46;16:43:23;297.5596,-544.0452,-544.0452;True,Sedans,TAILGATE,13,88577,1;;;
Michael;11:56:02;16:43:24;305.1542,-543.5416,-543.5416;True,Sedans,TAILGATE,15,57476,1;;;
Michael;11:56:17;16:43:24;313.0323,-543.209,-543.209;True,Sedans,TAILGATE,14,4478,0;;;
Michael;11:56:33;16:43:25;320.9123,-542.915,-542.915;True,Sedans,TAILGATE,16,15391,1;;;
Michael;11:56:48;16:43:25;329.5551,-543.3988,-543.3988;True,Sedans,TAILGATE,17,69852,1;;;
Michael;11:57:04;16:43:26;339.0643,-543.8398,-543.8398;True,Sedans,TAILGATE,19,25219,1;;;
Michael;11:57:19;16:43:26;349.0195,-544.277,-544.277;True,Sedans,TAILGATE,18,66681,0;;;
Michael;11:57:35;16:43:27;358.8242,-545.3626,-545.3626;True,Sedans,TAILGATE,18,3871,0;;;
Michael;11:57:51;16:43:27;368.235,-545.6929,-545.6929;True,Sedans,TAILGATE,18,55464,1;;;
Michael;11:58:06;16:43:28;378.1808,-546.274,-546.274;True,Sedans,TAILGATE,18,97524,0;;;
Michael;11:58:22;16:43:28;387.7028,-545.971,-545.971;True,Sedans,TAILGATE,18,18042,0;;;
Michael;11:58:37;16:43:29;396.5764,-545.9169,-545.9169;True,Sedans,TAILGATE,16,36811,0;;;
Michael;11:58:53;16:43:29;404.5827,-546.0045,-546.0045;True,Sedans,TAILGATE,14,55873,0;;;
Michael;11:59:08;16:43:30;411.6952,-546.0832,-546.0832;True,Sedans,TAILGATE,12,86433,0;;;
Michael;11:59:24;16:43:30;418.0508,-546.0389,-546.0389;True,Sedans,TAILGATE,12,40153,0;;;
Michael;11:59:39;16:43:31;424.4995,-545.4242,-545.4242;True,Sedans,TAILGATE,12,79353,0;;;
Michael;11:59:55;16:43:31;430.9615,-545.3351,-545.3351;True,Sedans,TAILGATE,13,14102,1;;;
Michael;12:00:11;16:43:32;438.3896,-545.9493,-545.9493;True,Sedans,TAILGATE,15,41087,1;;;
Michael;12:00:26;16:43:32;446.3509,-546.4817,-546.4817;True,Sedans,TAILGATE,15,30783,0;;;
Michael;12:00:41;16:43:33;453.8388,-547.4277,-547.4277;True,Sedans,TAILGATE,14,38351,0;;;
Michael;12:00:57;16:43:33;461.4993,-548.5687,-548.5687;True,Sedans,TAILGATE,16,23622,1;;;
Michael;12:01:12;16:43:34;469.4879,-550.4418,-550.4418;True,Sedans,TAILGATE,15,62103,0;;;
Michael;12:01:28;16:43:34;477.2914,-552.2567,-552.2567;True,Sedans,TAILGATE,15,19252,0;;;
Michael;12:01:43;16:43:35;484.7027,-553.3782,-553.3782;True,Sedans,TAILGATE,13,8183,0;;;
Michael;12:01:59;16:43:35;491.3758,-554.3422,-554.3422;True,Sedans,TAILGATE,12,30012,0;;;
Michael;12:02:14;16:43:36;497.9663,-555.2902,-555.2902;True,Sedans,TAILGATE,13,81623,1;;;
Michael;12:02:30;16:43:36;505.5296,-556.5038,-556.5038;True,Sedans,TAILGATE,15,59426,1;;;
Michael;12:02:46;16:43:37;513.8738,-558.486,-558.486;True,Sedans,TAILGATE,17,29243,1;;;
Michael;12:03:01;16:43:37;523.0694,-560.1445,-560.1445;True,Sedans,TAILGATE,18,92611,1;;;
Michael;12:03:17;16:43:38;533.0795,-562.6828,-562.6828;True,Sedans,TAILGATE,20,66132,1;;;
Michael;12:03:32;16:43:39;543.717,-565.7404,-565.7404;True,Sedans,TAILGATE,22,13574,1;;;
Michael;12:03:47;16:43:39;554.9745,-568.9667,-568.9667;True,Sedans,TAILGATE,23,4673,1;;;
Michael;12:04:03;16:43:40;566.194,-572.1729,-572.1729;True,Sedans,TAILGATE,22,29513,1;;;
Michael;12:04:18;16:43:40;577.316,-575.3609,-575.3609;True,Sedans,TAILGATE,21,84399,0;;;
Michael;12:04:35;16:43:41;589.037,-578.9145,-578.9145;True,Sedans,TAILGATE,22,58908,1;;;
Michael;12:04:51;16:43:41;600.2443,-583.3171,-583.3171;True,Sedans,TAILGATE,23,7788,1;;;
Michael;12:05:06;16:43:42;611.1235,-588.6089,-588.6089;True,Sedans,TAILGATE,23,21789,1;;;
Michael;12:05:22;16:43:42;622.162,-594.2111,-594.2111;True,Sedans,TAILGATE,24,25944,1;;;
Michael;12:05:37;16:43:43;633.0826,-599.7488,-599.7488;True,Sedans,TAILGATE,22,55441,0;;;
Michael;12:05:53;16:43:43;643.3446,-605.2037,-605.2037;True,Sedans,TAILGATE,21,70759,0;;;
Michael;12:06:08;16:43:44;653.8346,-609.7824,-609.7824;True,Sedans,TAILGATE,22,57133,1;;;
Michael;12:06:24;16:43:44;664.7556,-614.4797,-614.4797;True,Sedans,TAILGATE,23,61211,1;;;
Michael;12:06:39;16:43:45;676.2493,-619.4311,-619.4311;True,Sedans,TAILGATE,24,63832,1;;;
Michael;12:06:55;16:43:45;688.2379,-624.5992,-624.5992;True,Sedans,TAILGATE,25,66623,1;;;
Michael;12:07:10;16:43:46;700.5444,-629.9004,-629.9004;True,Sedans,TAILGATE,26,62268,1;;;
Michael;12:07:26;16:43:46;713.3242,-635.41,-635.41;True,Sedans,TAILGATE,27,56995,1;;;
Michael;12:07:41;16:43:47;726.61,-641.1413,-641.1413;True,Sedans,TAILGATE,28,49516,1;;;
Michael;12:07:57;16:43:47;740.0803,-647.334,-647.334;True,Sedans,TAILGATE,29,19064,1;;;
Michael;12:08:12;16:43:48;753.5479,-654.2811,-654.2811;True,Sedans,TAILGATE,29,75023,1;;;
Michael;12:08:28;16:43:48;767.2546,-661.4235,-661.4235;True,Sedans,TAILGATE,30,19923,1;;;
Michael;12:08:43;16:43:49;781.1315,-668.7161,-668.7161;True,Sedans,TAILGATE,30,5261,1;;;
Michael;12:08:59;16:43:49;794.1907,-676.6768,-676.6768;True,Sedans,TAILGATE,28,22878,0;;;
Michael;12:09:14;16:43:50;805.8354,-684.4445,-684.4445;True,Sedans,TAILGATE,25,81808,0;;;
Michael;12:09:30;16:43:50;815.5594,-690.6054,-690.6054;True,Sedans,TAILGATE,20,53994,0;;;
Michael;12:09:45;16:43:51;823.608,-696.5615,-696.5615;True,Sedans,TAILGATE,18,71786,1;;;
Michael;12:10:01;16:43:51;831.4183,-703.0037,-703.0037;True,Sedans,TAILGATE,19,36582,0;;;
Michael;12:10:16;16:43:52;839.0705,-709.4291,-709.4291;True,Sedans,TAILGATE,20,16274,1;;;
Michael;12:10:32;16:43:53;846.6156,-716.632,-716.632;True,Sedans,TAILGATE,19,06276,0;;;
Michael;12:10:48;16:43:53;853.6516,-722.8961,-722.8961;True,Sedans,TAILGATE,17,06505,0;;;
Michael;12:11:03;16:43:54;859.0941,-726.8055,-726.8055;True,Sedans,TAILGATE,7,59318,0;;;
Michael;12:11:19;16:43:54;861.0352,-729.006,-729.006;True,Sedans,TAILGATE,5,855165,1;;;
Michael;12:11:34;16:43:55;862.1703,-732.7247,-732.7247;True,Sedans,TAILGATE,9,46941,1;;;
Michael;12:11:50;16:43:55;864.5509,-737.8312,-737.8312;True,Sedans,TAILGATE,11,52186,0;;;
Michael;12:12:05;16:43:56;867.872,-742.9919,-742.9919;True,Sedans,TAILGATE,12,83805,1;;;
Michael;12:12:21;16:43:56;872.2867,-748.6906,-748.6906;True,Sedans,TAILGATE,15,16839,1;;;
Michael;12:12:36;16:43:57;877.5445,-755.3376,-755.3376;True,Sedans,TAILGATE,17,47317,1;;;
Michael;12:12:52;16:43:57;883.6343,-763.0807,-763.0807;True,Sedans,TAILGATE,20,17756,1;;;
Michael;12:13:07;16:43:58;890.3785,-771.5324,-771.5324;True,Sedans,TAILGATE,21,65496,1;;;
Michael;12:13:23;16:43:58;898.1061,-780.2137,-780.2137;True,Sedans,TAILGATE,22,77387,1;;;
Michael;12:13:39;16:43:59;906.4018,-788.9409,-788.9409;True,Sedans,TAILGATE,23,614,1;;;
Michael;12:13:54;16:43:59;915.6342,-797.343,-797.343;True,Sedans,TAILGATE,23,63015,0;;;
Michael;12:14:10;16:44:00;924.9027,-804.269,-804.269;True,Sedans,TAILGATE,21,91247,1;;;
Michael;12:14:25;16:44:00;934.8297,-808.921,-808.921;True,Sedans,TAILGATE,19,80204,0;;;
Michael;12:14:41;16:44:01;944.5482,-810.7131,-810.7131;True,Sedans,TAILGATE,18,9814,1;;;
Michael;12:14:57;16:44:01;954.611,-812.5898,-812.5898;True,Sedans,TAILGATE,20,67189,1;;;
Michael;12:15:12;16:44:02;965.6566,-812.8195,-812.8195;True,Sedans,TAILGATE,22,21982,1;;;
Michael;12:15:28;16:44:02;977.0051,-811.5864,-811.5864;True,Sedans,TAILGATE,21,27269,0;;;
Michael;12:15:43;16:44:03;987.2651,-810.7833,-810.7833;True,Sedans,TAILGATE,18,84603,0;;;
Michael;12:15:59;16:44:03;994.6374,-811.4485,-811.4485;True,Sedans,TAILGATE,12,30122,0;;;
Michael;12:16:14;16:44:04;1000.264,-813.7741,-813.7741;True,Sedans,TAILGATE,11,65816,0;;;
Michael;12:16:30;16:44:04;1005.338,-816.0985,-816.0985;True,Sedans,TAILGATE,10,23013,0;;;
Michael;12:16:45;16:44:05;1009.313,-818.8992,-818.8992;True,Sedans,TAILGATE,8,53714,0;;;
Michael;12:17:01;16:44:05;1011.929,-821.6581,-821.6581;True,Sedans,TAILGATE,6,500324,0;;;
Michael;12:17:16;16:44:06;1013.824,-823.9208,-823.9208;True,Sedans,TAILGATE,5,111619,1;;;
Michael;12:17:32;16:44:07;1015.131,-826.3098,-826.3098;True,Sedans,TAILGATE,4,836568,1;;;
Michael;12:17:48;16:44:07;1016.11,-828.3576,-828.3576;True,Sedans,TAILGATE,4,31545,1;;;
Michael;12:18:03;16:44:08;1017.635,-831.1025,-831.1025;True,Sedans,TAILGATE,7,953851,1;;;
Michael;12:18:19;16:44:08;1020.528,-835.0908,-835.0908;True,Sedans,TAILGATE,11,06778,1;;;
Michael;12:18:34;16:44:09;1025,-838.5558,-838.5558;True,Sedans,TAILGATE,9,89439,0;;;
Michael;12:18:50;16:44:09;1029.456,-840.1749,-840.1749;True,Sedans,TAILGATE,9,148236,1;;;
Michael;12:19:05;16:44:10;1034.826,-841.3875,-841.3875;True,Sedans,TAILGATE,11,74053,0;;;
Michael;12:19:21;16:44:10;1040.83,-842.1002,-842.1002;True,Sedans,TAILGATE,12,17598,1;;;
Michael;12:19:36;16:44:11;1047.505,-842.6334,-842.6334;True,Sedans,TAILGATE,13,84515,1;;;
Michael;12:19:52;16:44:11;1055.191,-843.3401,-843.3401;True,Sedans,TAILGATE,15,53654,1;;;
Michael;12:20:08;16:44:12;1063.683,-844.1383,-844.1383;True,Sedans,TAILGATE,17,12789,1;;;
Michael;12:20:23;16:44:12;1073,-845.0391,-845.0391;True,Sedans,TAILGATE,18,62779,1;;;
Michael;12:20:39;16:44:13;1082.732,-846.9189,-846.9189;True,Sedans,TAILGATE,19,89379,1;;;
Michael;12:20:55;16:44:13;1092.589,-848.5319,-848.5319;True,Sedans,TAILGATE,18,6251,1;;;
Michael;12:21:10;16:44:14;1102.043,-849.6351,-849.6351;True,Sedans,TAILGATE,17,49109,0;;;
Michael;12:21:26;16:44:14;1110.656,-849.8551,-849.8551;True,Sedans,TAILGATE,16,71094,1;;;
Michael;12:21:41;16:44:15;1119.573,-849.4816,-849.4816;True,Sedans,TAILGATE,17,0741,0;;;
Michael;12:21:57;16:44:15;1127.858,-849.2481,-849.2481;True,Sedans,TAILGATE,14,83089,0;;;
Michael;12:22:12;16:44:16;1134.927,-849.8927,-849.8927;True,Sedans,TAILGATE,12,81355,0;;;
Michael;12:22:28;16:44:16;1139.937,-850.7621,-850.7621;True,Sedans,TAILGATE,6,08425,0;;;
Michael;12:22:44;16:44:17;1142.53,-851.651,-851.651;True,Sedans,TAILGATE,4,381279,0;;;
Michael;12:22:59;16:44:17;1143.247,-851.9459,-851.9459;True,Sedans,TAILGATE,0,1152496,0;;;
Michael;12:23:15;16:44:18;1143.341,-851.99,-851.99;True,Sedans,TAILGATE,0,8044834,1;;;
Michael;12:23:30;16:44:18;1144.232,-852.3204,-852.3204;True,Sedans,TAILGATE,3,007782,1;;;
Michael;12:23:46;16:44:19;1146.302,-853.3366,-853.3366;True,Sedans,TAILGATE,5,821648,1;;;
Michael;12:24:02;16:44:19;1149.919,-855.5396,-855.5396;True,Sedans,TAILGATE,10,65632,1;;;
Michael;12:24:17;16:44:20;1153.872,-859.7272,-859.7272;True,Sedans,TAILGATE,11,13526,1;;;
Michael;12:24:32;16:44:21;1155.462,-865.4565,-865.4565;True,Sedans,TAILGATE,12,30908,1;;;
Michael;12:24:48;16:44:21;1154.751,-872.4205,-872.4205;True,Sedans,TAILGATE,14,50483,1;;;
Michael;12:25:04;16:44:22;1153.479,-880.1181,-880.1181;True,Sedans,TAILGATE,14,58908,0;;;
Michael;12:25:19;16:44:22;1152.482,-887.4609,-887.4609;True,Sedans,TAILGATE,13,81162,0;;;
Michael;12:25:35;16:44:23;1151.853,-894.2295,-894.2295;True,Sedans,TAILGATE,12,31317,0;;;
Michael;12:25:51;16:44:23;1150.978,-900.1757,-900.1757;True,Sedans,TAILGATE,10,85289,0;;;
Michael;12:26:06;16:44:24;1150.836,-905.3562,-905.3562;True,Sedans,TAILGATE,9,462605,0;;;
Michael;12:26:22;16:44:24;1150.879,-909.9081,-909.9081;True,Sedans,TAILGATE,8,13401,0;;;
Michael;12:26:37;16:44:25;1150.89,-913.0559,-913.0559;True,Sedans,TAILGATE,2,23899,0;;;
Michael;12:26:53;16:44:25;1150.946,-913.9019,-913.9019;True,Sedans,TAILGATE,1,194727,1;;;
Michael;12:27:08;16:44:26;1151.297,-915.024,-915.024;True,Sedans,TAILGATE,3,768249,1;;;
Michael;12:27:24;16:44:26;1152.263,-917.8603,-917.8603;True,Sedans,TAILGATE,6,638677,0;;;
Michael;12:27:40;16:44:27;1153.132,-920.8345,-920.8345;True,Sedans,TAILGATE,5,386617,0;;;
Michael;12:27:55;16:44:27;1153.5,-923.6566,-923.6566;True,Sedans,TAILGATE,6,875227,1;;;
Michael;12:28:11;16:44:28;1153.701,-927.9189,-927.9189;True,Sedans,TAILGATE,9,873585,1;;;
Michael;12:28:26;16:44:28;1153.742,-933.6607,-933.6607;True,Sedans,TAILGATE,11,29845,1;;;
Michael;12:28:42;16:44:29;1153.334,-940.2784,-940.2784;True,Sedans,TAILGATE,14,78073,1;;;
Michael;12:28:57;16:44:29;1153.239,-948.8356,-948.8356;True,Sedans,TAILGATE,17,91712,1;;;
Michael;12:29:13;16:44:30;1152.524,-958.5798,-958.5798;True,Sedans,TAILGATE,19,98555,1;;;
Michael;12:29:29;16:44:30;1151.306,-969.465,-969.465;True,Sedans,TAILGATE,22,04952,1;;;
Michael;12:29:44;16:44:31;1151.785,-981.2367,-981.2367;True,Sedans,TAILGATE,23,51081,1;;;
Michael;12:30:00;16:44:31;1153.25,-993.3541,-993.3541;True,Sedans,TAILGATE,23,00207,1;;;
Michael;12:30:15;16:44:32;1154.172,-1005.124,-1005.124;True,Sedans,TAILGATE,22,64446,0;;;
Michael;12:30:31;16:44:32;1155.8,-1016.54,-1016.54;True,Sedans,TAILGATE,22,22544,1;;;
Michael;12:30:46;16:44:33;1158.005,-1028.235,-1028.235;True,Sedans,TAILGATE,23,76844,1;;;
Michael;12:31:02;16:44:34;1160.452,-1040.468,-1040.468;True,Sedans,TAILGATE,23,76607,1;;;
Michael;12:31:18;16:44:34;1164.848,-1052.078,-1052.078;True,Sedans,TAILGATE,24,51997,1;;;
Michael;12:31:33;16:44:35;1169.39,-1064.167,-1064.167;True,Sedans,TAILGATE,25,72169,1;;;
Michael;12:31:48;16:44:35;1174.484,-1076.724,-1076.724;True,Sedans,TAILGATE,27,18919,1;;;
Michael;12:32:04;16:44:36;1181.141,-1089.457,-1089.457;True,Sedans,TAILGATE,28,37184,1;;;
Michael;12:32:19;16:44:36;1188.734,-1102.21,-1102.21;True,Sedans,TAILGATE,29,51089,1;;;
Michael;12:32:35;16:44:37;1196.666,-1115.76,-1115.76;True,Sedans,TAILGATE,30,46945,1;;;
Michael;12:32:51;16:44:37;1203.531,-1130.207,-1130.207;True,Sedans,TAILGATE,30,79347,0;;;
Michael;12:33:06;16:44:38;1211.317,-1143.724,-1143.724;True,Sedans,TAILGATE,28,92788,0;;;
Michael;12:33:22;16:44:38;1217.586,-1156.536,-1156.536;True,Sedans,TAILGATE,26,69321,0;;;
Michael;12:33:37;16:44:39;1222.297,-1168.946,-1168.946;True,Sedans,TAILGATE,24,91727,0;;;
Michael;12:33:53;16:44:39;1226.794,-1180.463,-1180.463;True,Sedans,TAILGATE,23,15183,0;;;
Michael;12:34:08;16:44:40;1229.689,-1191.626,-1191.626;True,Sedans,TAILGATE,21,11391,0;;;
Michael;12:34:24;16:44:40;1231.565,-1201.886,-1201.886;True,Sedans,TAILGATE,19,28979,0;;;
Michael;12:34:40;16:44:41;1233.486,-1211.275,-1211.275;True,Sedans,TAILGATE,17,55354,0;;;
Michael;12:34:55;16:44:41;1234.618,-1219.93,-1219.93;True,Sedans,TAILGATE,16,4455,1;;;
Michael;12:35:11;16:44:42;1235.038,-1229.1,-1229.1;True,Sedans,TAILGATE,19,22356,1;;;
Michael;12:35:26;16:44:42;1235.622,-1239.576,-1239.576;True,Sedans,TAILGATE,21,7839,1;;;
Michael;12:35:42;16:44:43;1236.782,-1251.702,-1251.702;True,Sedans,TAILGATE,23,26748,0;;;
Michael;12:35:57;16:44:43;1238.113,-1263.335,-1263.335;True,Sedans,TAILGATE,22,06321,0;;;
Michael;12:36:13;16:44:44;1237.746,-1274.322,-1274.322;True,Sedans,TAILGATE,20,89069,0;;;
Michael;12:36:28;16:44:44;1237.196,-1285.22,-1285.22;True,Sedans,TAILGATE,21,85384,1;;;
Michael;12:36:44;16:44:45;1236.25,-1296.93,-1296.93;True,Sedans,TAILGATE,23,17659,1;;;
Michael;12:36:59;16:44:45;1234.797,-1309.105,-1309.105;True,Sedans,TAILGATE,23,53389,0;;;
Michael;12:37:15;16:44:46;1233.287,-1320.599,-1320.599;True,Sedans,TAILGATE,21,58856,0;;;
Michael;12:37:30;16:44:46;1231.772,-1331.307,-1331.307;True,Sedans,TAILGATE,21,15965,1;;;
Michael;12:37:46;16:44:47;1230.335,-1342.479,-1342.479;True,Sedans,TAILGATE,22,58413,1;;;
Michael;12:38:01;16:44:47;1229.583,-1353.966,-1353.966;True,Sedans,TAILGATE,21,37642,0;;;
Michael;12:38:17;16:44:48;1229.936,-1364.472,-1364.472;True,Sedans,TAILGATE,19,42356,0;;;
Michael;12:38:32;16:44:49;1230.594,-1374.015,-1374.015;True,Sedans,TAILGATE,17,55784,0;;;
Michael;12:38:48;16:44:49;1231.376,-1382.608,-1382.608;True,Sedans,TAILGATE,15,57156,0;;;
Michael;12:39:04;16:44:50;1233.104,-1390.01,-1390.01;True,Sedans,TAILGATE,13,70904,0;;;
Michael;12:39:19;16:44:50;1234.866,-1395.631,-1395.631;True,Sedans,TAILGATE,6,452157,0;;;
Michael;12:39:35;16:44:51;1235.362,-1397.203,-1397.203;True,Sedans,TAILGATE,2,866757,1;;;
Michael;12:39:51;16:44:51;1236.066,-1399.491,-1399.491;True,Sedans,TAILGATE,5,796654,1;;;
Michael;12:40:06;16:44:52;1237.034,-1402.653,-1402.653;True,Sedans,TAILGATE,5,912053,1;;;
Michael;12:40:22;16:44:52;1238.022,-1405.931,-1405.931;True,Sedans,TAILGATE,6,981078,1;;;
Michael;12:40:37;16:44:53;1239.027,-1409.34,-1409.34;True,Sedans,TAILGATE,6,193189,0;;;
Michael;12:40:53;16:44:53;1239.991,-1412.703,-1412.703;True,Sedans,TAILGATE,7,581414,0;;;
Michael;12:41:08;16:44:54;1241.409,-1416.171,-1416.171;True,Sedans,TAILGATE,7,110614,0;;;
Michael;12:41:24;16:44:54;1242.733,-1419.678,-1419.678;True,Sedans,TAILGATE,8,668277,1;;;
Michael;12:41:39;16:44:55;1244.357,-1424.903,-1424.903;True,Sedans,TAILGATE,11,74205,0;;;
Michael;12:41:55;16:44:55;1246.361,-1430.605,-1430.605;True,Sedans,TAILGATE,12,61869,1;;;
Michael;12:42:11;16:44:56;1248.685,-1437.094,-1437.094;True,Sedans,TAILGATE,12,81208,0;;;
Michael;12:42:26;16:44:56;1251.262,-1442.91,-1442.91;True,Sedans,TAILGATE,12,22085,0;;;
Michael;12:42:42;16:44:57;1253.426,-1448.323,-1448.323;True,Sedans,TAILGATE,10,30733,0;;;
Michael;12:42:57;16:44:57;1256.027,-1452.656,-1452.656;True,Sedans,TAILGATE,10,33183,1;;;
Michael;12:43:13;16:44:58;1258.881,-1457.668,-1457.668;True,Sedans,TAILGATE,11,07705,0;;;
Michael;12:43:28;16:44:58;1260.827,-1462.972,-1462.972;True,Sedans,TAILGATE,11,55629,1;;;
Michael;12:43:44;16:44:59;1263.022,-1468.904,-1468.904;True,Sedans,TAILGATE,12,90705,1;;;
Michael;12:43:59;16:44:59;1264.854,-1475.556,-1475.556;True,Sedans,TAILGATE,13,62372,0;;;
Michael;12:44:15;16:45:00;1265.765,-1481.835,-1481.835;True,Sedans,TAILGATE,11,08879,0;;;
Michael;12:44:30;16:45:00;1267.091,-1486.765,-1486.765;True,Sedans,TAILGATE,8,732681,0;;;
Michael;12:44:46;16:45:01;1268.694,-1491.314,-1491.314;True,Sedans,TAILGATE,10,64404,1;;;
Michael;12:45:02;16:45:01;1271.161,-1496.61,-1496.61;True,Sedans,TAILGATE,10,84135,0;;;
Michael;12:45:17;16:45:02;1274.075,-1501.644,-1501.644;True,Sedans,TAILGATE,12,07165,1;;;
Michael;12:45:33;16:45:03;1277.063,-1507.358,-1507.358;True,Sedans,TAILGATE,13,03635,1;;;
Michael;12:45:48;16:45:03;1279.306,-1513.906,-1513.906;True,Sedans,TAILGATE,14,0043,1;;;
Michael;12:46:04;16:45:04;1281.412,-1521.008,-1521.008;True,Sedans,TAILGATE,15,38462,1;;;
Michael;12:46:19;16:45:04;1284.231,-1529.076,-1529.076;True,Sedans,TAILGATE,18,32028,1;;;
Michael;12:46:35;16:45:05;1288.348,-1537.824,-1537.824;True,Sedans,TAILGATE,19,73556,1;;;
Michael;12:46:50;16:45:05;1292.551,-1547.185,-1547.185;True,Sedans,TAILGATE,19,48891,0;;;
Michael;12:47:06;16:45:06;1296.06,-1555.86,-1555.86;True,Sedans,TAILGATE,16,91806,0;;;
Michael;12:47:21;16:45:06;1299.151,-1563.485,-1563.485;True,Sedans,TAILGATE,15,32426,1;;;
Michael;12:47:37;16:45:07;1302.26,-1570.288,-1570.288;True,Sedans,TAILGATE,13,31741,0;;;
Michael;12:47:52;16:45:07;1305.975,-1575.848,-1575.848;True,Sedans,TAILGATE,12,22262,0;;;
Michael;12:48:08;16:45:08;1309.357,-1580.564,-1580.564;True,Sedans,TAILGATE,10,1133,0;;;
Michael;12:48:23;16:45:08;1310.96,-1584.956,-1584.956;True,Sedans,TAILGATE,8,318297,0;;;
Michael;12:48:39;16:45:09;1311.744,-1589.34,-1589.34;True,Sedans,TAILGATE,9,99247,1;;;
Michael;12:48:55;16:45:09;1313.038,-1594.659,-1594.659;True,Sedans,TAILGATE,9,463439,0;;;
Michael;12:49:10;16:45:10;1315.446,-1598.432,-1598.432;True,Sedans,TAILGATE,7,721676,0;;;
Michael;12:49:26;16:45:10;1316.453,-1599.685,-1599.685;True,Sedans,TAILGATE,0,2120753,-1;;;
Michael;12:49:41;16:45:11;1316.514,-1599.626,-1599.626;True,Sedans,TAILGATE,0,06021085,0;;;
Michael;12:49:57;16:45:11;1316.651,-1599.793,-1599.793;True,Sedans,TAILGATE,1,205844,1;;;
Michael;12:50:13;16:45:12;1317.406,-1600.782,-1600.782;True,Sedans,TAILGATE,3,694274,1;;;
Michael;12:50:28;16:45:12;1319.172,-1603.077,-1603.077;True,Sedans,TAILGATE,7,818222,1;;;
Michael;12:50:44;16:45:13;1322.502,-1607.359,-1607.359;True,Sedans,TAILGATE,11,47732,0;;;
Michael;12:50:59;16:45:13;1326.236,-1612.172,-1612.172;True,Sedans,TAILGATE,12,72554,1;;;
Michael;12:51:15;16:45:14;1330.595,-1617.815,-1617.815;True,Sedans,TAILGATE,14,6216,1;;;
Michael;12:51:30;16:45:14;1335.506,-1624.239,-1624.239;True,Sedans,TAILGATE,16,59534,1;;;
Michael;12:51:46;16:45:15;1341.029,-1631.555,-1631.555;True,Sedans,TAILGATE,18,53253,1;;;
Michael;12:52:02;16:45:16;1347.143,-1639.757,-1639.757;True,Sedans,TAILGATE,20,3883,1;;;
Michael;12:52:17;16:45:16;1353.589,-1648.587,-1648.587;True,Sedans,TAILGATE,21,52381,0;;;
Michael;12:52:33;16:45:17;1359.717,-1657.196,-1657.196;True,Sedans,TAILGATE,20,25286,1;;;
Michael;12:52:48;16:45:17;1365.837,-1665.823,-1665.823;True,Sedans,TAILGATE,21,29446,1;;;
Michael;12:53:04;16:45:18;1372.51,-1673.59,-1673.59;True,Sedans,TAILGATE,18,63227,0;;;
Michael;12:53:19;16:45:18;1377.426,-1680.726,-1680.726;True,Sedans,TAILGATE,16,68528,1;;;
Michael;12:53:35;16:45:19;1379.49,-1688.529,-1688.529;True,Sedans,TAILGATE,15,5095,1;;;
Michael;12:53:50;16:45:19;1378.3,-1695.924,-1695.924;True,Sedans,TAILGATE,13,14483,0;;;
Michael;12:54:06;16:45:20;1373.887,-1699.31,-1699.31;True,Sedans,TAILGATE,9,417455,1;;;
Michael;12:54:21;16:45:20;1368.857,-1699.428,-1699.428;True,Sedans,TAILGATE,9,462645,1;;;
Michael;12:54:37;16:45:21;1363.332,-1700.602,-1700.602;True,Sedans,TAILGATE,11,42128,1;;;
Michael;12:54:53;16:45:21;1357.248,-1703.016,-1703.016;True,Sedans,TAILGATE,13,82869,1;;;
Michael;12:55:08;16:45:22;1349.769,-1706.079,-1706.079;True,Sedans,TAILGATE,17,62969,1;;;
Michael;12:55:24;16:45:22;1340.361,-1708.788,-1708.788;True,Sedans,TAILGATE,19,2893,0;;;
Michael;12:55:39;16:45:23;1330.856,-1710.717,-1710.717;True,Sedans,TAILGATE,18,15244,0;;;
Michael;12:55:55;16:45:23;1322.147,-1712.625,-1712.625;True,Sedans,TAILGATE,16,67387,0;;;
Michael;12:56:10;16:45:24;1314.494,-1715.471,-1715.471;True,Sedans,TAILGATE,15,18007,0;;;
Michael;12:56:26;16:45:24;1307.672,-1718.388,-1718.388;True,Sedans,TAILGATE,13,59226,0;;;
Michael;12:56:42;16:45:25;1301.302,-1720.589,-1720.589;True,Sedans,TAILGATE,12,08876,0;;;
Michael;12:56:57;16:45:25;1296.488,-1722.172,-1722.172;True,Sedans,TAILGATE,8,83075,0;;;
Michael;12:57:13;16:45:26;1293.602,-1723.423,-1723.423;True,Sedans,TAILGATE,4,909775,0;;;
Michael;12:57:28;16:45:26;1292.338,-1724.011,-1724.011;True,Sedans,TAILGATE,0,3649929,0;;;
Michael;12:57:44;16:45:27;1292.341,-1724.056,-1724.056;True,Sedans,TAILGATE,0,02147912,0;;;
Michael;12:57:59;16:45:27;1292.341,-1724.057,-1724.057;True,Sedans,TAILGATE,0,003666794,0;;;
Michael;12:58:15;16:45:28;1293.275,-1725.08,-1725.08;;;;
Michael;12:58:30;16:45:28;1293.129,-1725.371,-1725.371;;;;
Michael;12:58:46;16:45:29;1291.823,-1727.162,-1727.162;;;;
Michael;12:59:02;16:45:29;1288.861,-1727.002,-1727.002;;;;
Michael;12:59:17;16:45:30;1286.412,-1724.575,-1724.575;;;;
Michael;12:59:33;16:45:31;1285.011,-1722.612,-1722.612;;;;
Michael;12:59:48;16:45:31;1283.608,-1720.336,-1720.336;;;;
Michael;13:00:04;16:45:32;1282.058,-1717.461,-1717.461;;;;
Michael;13:00:19;16:45:32;1281.156,-1714.238,-1714.238;;;;
Michael;13:00:35;16:45:33;1279.765,-1711.244,-1711.244;;;;
Michael;13:00:51;16:45:33;1278.242,-1707.977,-1707.977;;;;
Michael;13:01:06;16:45:34;1276.378,-1705.289,-1705.289;;;;
Michael;13:01:22;16:45:34;1274.07,-1704.274,-1704.274;;;;
Michael;13:01:38;16:45:35;1272.276,-1704.105,-1704.105;;;;
Michael;13:01:53;16:45:35;1271.09,-1705.131,-1705.131;;;;
Michael;13:02:09;16:45:36;1270.628,-1707.221,-1707.221;;;;
Michael;13:02:24;16:45:36;1269.316,-1708.197,-1708.197;;;;
Michael;13:02:40;16:45:37;1267.646,-1708.555,-1708.555;;;;
Michael;13:02:55;16:45:37;1265.926,-1709.294,-1709.294;;;;
Michael;13:03:11;16:45:38;1263.942,-1711.069,-1711.069;;;;
Michael;13:03:27;16:45:38;1262.783,-1713.924,-1713.924;;;;
Michael;13:03:42;16:45:39;1265.153,-1714.612,-1714.612;;;;
Michael;13:03:58;16:45:39;1268.207,-1714.481,-1714.481;;;;
Michael;13:04:13;16:45:40;1268.32,-1714.661,-1714.661;;;;
Michael;13:04:29;16:45:40;1267.893,-1714.069,-1714.069;;;;
Michael;13:04:45;16:45:41;1265.764,-1714.483,-1714.483;;;;
Michael;13:05:00;16:45:41;1263.913,-1717.396,-1717.396;;;;
Michael;13:05:16;16:45:42;1263.547,-1720.723,-1720.723;;;;
Michael;13:05:31;16:45:42;1264.871,-1723.816,-1723.816;;;;
Michael;13:05:47;16:45:43;1267.447,-1725.371,-1725.371;;;;
Michael;13:06:03;16:45:44;1270,-1723.572,-1723.572;;;;
Michael;13:06:19;16:45:44;1272.995,-1722.16,-1722.16;;;;
Michael;13:06:34;16:45:45;1274.565,-1721.136,-1721.136;;;;
Michael;13:06:50;16:45:45;1274.573,-1721.036,-1721.036;;;;
Michael;13:07:05;16:45:46;1274.562,-1721.091,-1721.091;;;;
Michael;13:07:21;16:45:46;1274.516,-1721.353,-1721.353;;;;
Michael;13:07:36;16:45:47;1274.579,-1721.471,-1721.471;;;;
Michael;13:07:52;16:45:47;1274.646,-1721.441,-1721.441;;;;
Michael;13:08:07;16:45:48;1274.807,-1721.435,-1721.435;;;;
Michael;13:08:23;16:45:48;1274.807,-1721.435,-1721.435;;;;
Michael;13:08:39;16:45:49;1274.807,-1721.435,-1721.435;;;;
Michael;13:08:54;16:45:49;1274.807,-1721.435,-1721.435;;Fuck you, Lester. You gonna let me in or what?;Michael;LES1A_BRAA
Michael;13:09:10;16:45:50;1274.807,-1721.435,-1721.435;;;;
Michael;13:09:26;16:45:50;1274.807,-1721.435,-1721.435;;;;
Michael;13:09:41;16:45:51;1274.807,-1721.435,-1721.435;;;;
Michael;13:09:56;16:45:51;1274.807,-1721.435,-1721.435;;;;
Michael;13:10:12;16:45:52;1274.807,-1721.435,-1721.435;;Gimme a minute.;Lester;LES1A_BRAB
Michael;13:10:28;16:45:52;1274.807,-1721.435,-1721.435;;;;
Michael;13:10:44;16:45:53;1274.807,-1721.435,-1721.435;;;;
Michael;13:10:59;16:45:53;1274.807,-1721.435,-1721.435;;;;
Michael;13:11:15;16:45:54;1274.807,-1721.435,-1721.435;;;;
Michael;13:11:30;16:45:54;1274.807,-1721.435,-1721.435;;;;
Michael;13:11:46;16:45:55;1274.807,-1721.435,-1721.435;;;;
Michael;13:12:01;16:45:55;1274.807,-1721.435,-1721.435;;;;
Michael;13:12:17;16:45:56;1274.872,-1721.563,-1721.563;;;;
Michael;13:12:33;16:45:57;1275.108,-1722.099,-1722.099;;;;
Michael;13:12:49;16:45:57;1275.418,-1722.651,-1722.651;;;;
Michael;13:13:04;16:45:58;1275.505,-1722.809,-1722.809;;;;
Michael;13:13:20;16:45:58;1275.515,-1722.819,-1722.819;;;;
Michael;13:13:35;16:45:59;1275.494,-1722.429,-1722.429;;;;
Michael;13:13:51;16:45:59;1275.281,-1721.635,-1721.635;;;;
Michael;13:14:07;16:46:00;1274.826,-1720.852,-1720.852;;;;
Michael;13:14:22;16:46:00;1274.4,-1720.088,-1720.088;;;;
Michael;13:14:38;16:46:01;1274.065,-1719.242,-1719.242;;;;
Michael;13:14:54;16:46:01;1273.823,-1718.331,-1718.331;;;;
Michael;13:15:09;16:46:02;1273.717,-1716.998,-1716.998;;;;
Michael;13:15:25;16:46:02;1274.208,-1715.187,-1715.187;;I was wondering when you'd show up.;Lester;LES1A_BRAC
Michael;13:15:40;16:46:03;1274.732,-1713.914,-1713.914;;;;
Michael;13:15:56;16:46:03;1274.708,-1713.005,-1713.005;;;;
Michael;13:16:12;16:46:04;1274.495,-1712.137,-1712.137;;;;
Michael;13:16:27;16:46:04;1274.699,-1711.321,-1711.321;;I was dead.;Michael;LES1A_BRAD
Michael;13:16:43;16:46:05;1274.956,-1710.856,-1710.856;;;;
Michael;13:16:58;16:46:05;1274.907,-1710.771,-1710.771;;Praise be! I guess you weren't very dead.;Lester;LES1A_BRAE
Michael;13:17:14;16:46:06;1274.481,-1710.8,-1710.8;;;;
Michael;13:17:29;16:46:06;1274.314,-1710.64,-1710.64;;;;
Michael;13:17:44;16:46:07;1274.278,-1710.635,-1710.635;;;;
Michael;13:18:00;16:46:07;1274.241,-1710.632,-1710.632;;;;
Michael;13:18:16;16:46:08;1274.218,-1710.63,-1710.63;;;;
Michael;07:00:00;16:46:08;1273.967,-1708.401,-1708.401;;You...;Cutscene;Cutscene
Michael;07:00:00;16:46:09;1273.947,-1708.236,-1708.236;;;;
Michael;07:00:00;16:46:10;1274.096,-1708.125,-1708.125;;;;
Michael;07:00:00;16:46:10;1274.236,-1708.123,-1708.123;;need my help.;Cutscene;Cutscene
Michael;07:00:00;16:46:11;1274.311,-1708.215,-1708.215;;;;
Michael;07:00:00;16:46:11;1274.372,-1708.24,-1708.24;;;;
Michael;07:00:00;16:46:12;1274.331,-1708.22,-1708.22;;How do you know?;Cutscene;Cutscene
Michael;07:00:00;16:46:12;1274.363,-1708.204,-1708.204;;;;
Michael;07:00:00;16:46:13;1274.434,-1708.191,-1708.191;;;;
Michael;07:00:00;16:46:13;1274.703,-1708.04,-1708.04;;'Cause you came here.;Cutscene;Cutscene
Michael;07:00:00;16:46:14;1274.703,-1708.04,-1708.04;;;;
Michael;07:00:00;16:46:14;1274.703,-1708.041,-1708.041;;Why else would you?;Cutscene;Cutscene
Michael;07:00:00;16:46:15;1274.701,-1708.041,-1708.041;;;;
Michael;07:00:00;16:46:15;1274.699,-1708.041,-1708.041;;;;
Michael;07:00:00;16:46:16;1274.7,-1708.041,-1708.041;;;;
Michael;07:00:00;16:46:16;1274.702,-1708.04,-1708.04;;;;
Michael;07:00:00;16:46:17;1274.77,-1708.007,-1708.007;;;;
Michael;07:00:00;16:46:17;1274.773,-1708.006,-1708.006;;I haven't been a good friend for you, Lester.;Cutscene;Cutscene
Michael;07:00:00;16:46:18;1274.772,-1708.007,-1708.007;;;;
Michael;07:00:00;16:46:18;1274.772,-1708.007,-1708.007;;;;
Michael;07:00:00;16:46:19;1274.772,-1708.009,-1708.009;;;;
Michael;07:00:00;16:46:19;1274.773,-1708.008,-1708.008;;I know that.;Cutscene;Cutscene
Michael;07:00:00;16:46:20;1274.773,-1708.007,-1708.007;;;;
Michael;07:00:00;16:46:20;1274.771,-1708.008,-1708.008;;;;
Michael;07:00:00;16:46:21;1274.77,-1708.008,-1708.008;;;;
Michael;07:00:00;16:46:21;1274.77,-1708.008,-1708.008;;And you're gonna make it up to me by doing whatever I ask.;Cutscene;Cutscene
Michael;07:00:00;16:46:22;1274.771,-1708.008,-1708.008;;;;
Michael;07:00:00;16:46:22;1274.771,-1708.008,-1708.008;;;;
Michael;07:00:00;16:46:23;1274.77,-1708.009,-1708.009;;;;
Michael;07:00:00;16:46:23;1274.771,-1708.008,-1708.008;;;;
Michael;07:00:00;16:46:24;1274.77,-1708.009,-1708.009;;;;
Michael;07:00:00;16:46:24;1274.578,-1708.121,-1708.121;;;;
Michael;07:00:00;16:46:25;1274.526,-1708.155,-1708.155;;;;
Michael;07:00:00;16:46:26;1274.379,-1708.231,-1708.231;;Or rather, I-I mean...;Cutscene;Cutscene
Michael;07:00:00;16:46:26;1274.304,-1708.381,-1708.381;;;;
Michael;07:00:00;16:46:27;1274.232,-1708.485,-1708.485;;;;
Michael;07:00:00;16:46:27;1274.061,-1708.521,-1708.521;;;;
Michael;07:00:00;16:46:28;1273.97,-1708.521,-1708.521;;I need something done, you need to know something,;Cutscene;Cutscene
Michael;07:00:00;16:46:28;1273.983,-1708.591,-1708.591;;;;
Michael;07:00:00;16:46:29;1274.049,-1708.677,-1708.677;;;;
Michael;07:00:00;16:46:29;1274.073,-1708.693,-1708.693;;;;
Michael;07:00:00;16:46:30;1274.056,-1708.699,-1708.699;;so, why not help each other?;Cutscene;Cutscene
Michael;07:00:00;16:46:30;1274.045,-1708.714,-1708.714;;;;
Michael;07:00:00;16:46:31;1274.046,-1708.72,-1708.72;;;;
Michael;07:00:00;16:46:31;1274.042,-1708.725,-1708.725;;;;
Michael;07:00:00;16:46:32;1274.062,-1708.723,-1708.723;;;;
Michael;07:00:00;16:46:32;1274.059,-1708.729,-1708.729;;I gotta make some dough.;Cutscene;Cutscene
Michael;07:00:00;16:46:33;1274.057,-1708.73,-1708.73;;;;
Michael;07:00:00;16:46:33;1274.057,-1708.727,-1708.727;;;;
Michael;07:00:00;16:46:34;1274.059,-1708.727,-1708.727;;;;
Michael;07:00:00;16:46:34;1274.058,-1708.73,-1708.73;;So you're back in the game?;Cutscene;Cutscene
Michael;07:00:00;16:46:35;1274.056,-1708.733,-1708.733;;;;
Michael;07:00:00;16:46:35;1274.057,-1708.73,-1708.73;;;;
Michael;07:00:00;16:46:36;1274.058,-1708.734,-1708.734;;;;
Michael;07:00:00;16:46:36;1274.056,-1708.738,-1708.738;;I guess.;Cutscene;Cutscene
Michael;07:00:00;16:46:37;1274.056,-1708.74,-1708.74;;;;
Michael;07:00:00;16:46:37;1274.06,-1708.736,-1708.736;;;;
Michael;07:00:00;16:46:38;1274.062,-1708.733,-1708.733;;Look, Lester,;Cutscene;Cutscene
Michael;07:00:00;16:46:38;1274.066,-1708.728,-1708.728;;;;
Michael;07:00:00;16:46:39;1274.065,-1708.733,-1708.733;;about what happened before...;Cutscene;Cutscene
Michael;07:00:00;16:46:39;1274.064,-1708.744,-1708.744;;;;
Michael;07:00:00;16:46:40;1274.062,-1708.754,-1708.754;;;;
Michael;07:00:00;16:46:40;1274.061,-1708.731,-1708.731;;;;
Michael;07:00:00;16:46:41;1274.064,-1708.727,-1708.727;;;;
Michael;07:00:00;16:46:42;1274.062,-1708.736,-1708.736;;I know you never mentioned my name.;Cutscene;Cutscene
Michael;07:00:00;16:46:42;1274.061,-1708.739,-1708.739;;;;
Michael;07:00:00;16:46:43;1274.06,-1708.74,-1708.74;;;;
Michael;07:00:00;16:46:43;1274.057,-1708.736,-1708.736;;;;
Michael;07:00:00;16:46:44;1274.059,-1708.731,-1708.731;;I know I'm not on any lists anywhere,;Cutscene;Cutscene
Michael;07:00:00;16:46:44;1274.062,-1708.729,-1708.729;;;;
Michael;07:00:00;16:46:45;1274.065,-1708.735,-1708.735;;;;
Michael;07:00:00;16:46:45;1274.08,-1708.753,-1708.753;;;;
Michael;07:00:00;16:46:46;1274.097,-1708.774,-1708.774;;;;
Michael;07:00:00;16:46:46;1274.096,-1708.787,-1708.787;;;;
Michael;07:00:00;16:46:47;1274.066,-1708.826,-1708.826;;I know you never betrayed me.;Cutscene;Cutscene
Michael;07:00:00;16:46:47;1274.007,-1708.884,-1708.884;;;;
Michael;07:00:00;16:46:48;1273.913,-1708.921,-1708.921;;As for you, you gotta figure that I never told anyone.;Cutscene;Cutscene
Michael;07:00:00;16:46:48;1273.885,-1708.943,-1708.943;;;;
Michael;07:00:00;16:46:49;1273.913,-1708.97,-1708.97;;;;
Michael;07:00:00;16:46:49;1273.917,-1708.972,-1708.972;;;;
Michael;07:00:00;16:46:50;1273.918,-1708.965,-1708.965;;;;
Michael;07:00:00;16:46:50;1273.919,-1708.959,-1708.959;;;;
Michael;07:00:00;16:46:51;1273.92,-1708.959,-1708.959;;;;
Michael;07:00:00;16:46:51;1273.92,-1708.965,-1708.965;;That instead of gently decomposing in North Yankton,;Cutscene;Cutscene
Michael;07:00:00;16:46:52;1273.926,-1708.985,-1708.985;;;;
Michael;07:00:00;16:46:52;1273.953,-1709.005,-1709.005;;;;
Michael;07:00:00;16:46:53;1274.036,-1709.035,-1709.035;;;;
Michael;07:00:00;16:46:53;1274.115,-1709.026,-1709.026;;;;
Michael;07:00:00;16:46:54;1274.107,-1709.041,-1709.041;;you're angrily decomposing in Los Santos with a shrink...;Cutscene;Cutscene
Michael;07:00:00;16:46:54;1274.093,-1709.043,-1709.043;;;;
Michael;07:00:00;16:46:55;1274.091,-1709.042,-1709.042;;;;
Michael;07:00:00;16:46:55;1274.09,-1709.04,-1709.04;;;;
Michael;07:00:00;16:46:56;1274.084,-1709.039,-1709.039;;;;
Michael;07:00:00;16:46:57;1274.082,-1709.035,-1709.035;;;;
Michael;07:00:00;16:46:57;1274.084,-1709.03,-1709.03;;;;
Michael;07:00:00;16:46:58;1274.086,-1709.029,-1709.029;;and a wife who don't love you no more.;Cutscene;Cutscene
Michael;07:00:00;16:46:58;1274.088,-1709.03,-1709.03;;;;
Michael;07:00:00;16:46:59;1274.091,-1709.03,-1709.03;;;;
Michael;07:00:00;16:46:59;1274.096,-1709.027,-1709.027;;;;
Michael;07:00:00;16:47:00;1274.104,-1709.018,-1709.018;;;;
Michael;07:00:00;16:47:00;1274.112,-1708.983,-1708.983;;;;
Michael;07:00:00;16:47:01;1274.107,-1708.936,-1708.936;;Yeah...;Cutscene;Cutscene
Michael;07:00:00;16:47:01;1274.039,-1708.932,-1708.932;;yeah, well.;Cutscene;Cutscene
Michael;07:00:00;16:47:02;1273.98,-1708.928,-1708.928;;;;
Michael;07:00:00;16:47:02;1273.968,-1708.927,-1708.927;;;;
Michael;07:00:00;16:47:03;1274.001,-1708.976,-1708.976;;;;
Michael;07:00:00;16:47:03;1274.319,-1709.867,-1709.867;;Since you put it like that.;Cutscene;Cutscene
Michael;07:00:00;16:47:04;1274.412,-1710.106,-1710.106;;;;
Michael;07:00:00;16:47:04;1274.479,-1710.236,-1710.236;;Hey, shut up a minute,;Cutscene;Cutscene
Michael;07:00:00;16:47:05;1274.598,-1710.226,-1710.226;;I'm getting an Eyefind alert.;Cutscene;Cutscene
Michael;07:00:00;16:47:05;1274.659,-1710.213,-1710.213;;;;
Michael;07:00:00;16:47:06;1274.732,-1710.268,-1710.268;;;;
Michael;07:00:00;16:47:06;1274.774,-1710.356,-1710.356;;;;
Michael;07:00:00;16:47:07;1274.796,-1710.349,-1710.349;;That little college boy,;Cutscene;Cutscene
Michael;07:00:00;16:47:07;1274.875,-1710.257,-1710.257;;;;
Michael;07:00:00;16:47:08;1274.956,-1710.082,-1710.082;;;;
Michael;07:00:00;16:47:08;1274.934,-1710.023,-1710.023;;sack of shit,;Cutscene;Cutscene
Michael;07:00:00;16:47:09;1274.935,-1710.009,-1710.009;;;;
Michael;07:00:00;16:47:09;1274.935,-1710.012,-1710.012;;phony, fuck!;Cutscene;Cutscene
Michael;07:00:00;16:47:10;1274.935,-1710.011,-1710.011;;;;
Michael;07:00:00;16:47:10;1274.933,-1710.017,-1710.017;;;;
Michael;07:00:00;16:47:11;1274.929,-1709.922,-1709.922;;Who?;Cutscene;Cutscene
Michael;07:00:00;16:47:11;1274.929,-1709.922,-1709.922;;;;
Michael;07:00:00;16:47:12;1274.93,-1709.922,-1709.922;;Jay Norris?;Cutscene;Cutscene
Michael;07:00:00;16:47:13;1274.93,-1709.922,-1709.922;;;;
Michael;07:00:00;16:47:13;1274.931,-1709.919,-1709.919;;Yes.;Cutscene;Cutscene
Michael;07:00:00;16:47:14;1274.929,-1709.92,-1709.92;;That fuck is a lying bastard, I've read his fucking emails,;Cutscene;Cutscene
Michael;07:00:00;16:47:14;1274.931,-1709.921,-1709.921;;;;
Michael;07:00:00;16:47:15;1274.931,-1709.92,-1709.92;;;;
Michael;07:00:00;16:47:15;1274.929,-1709.919,-1709.919;;;;
Michael;07:00:00;16:47:16;1274.928,-1709.918,-1709.918;;he's a fucking cheat.;Cutscene;Cutscene
Michael;07:00:00;16:47:16;1274.93,-1709.92,-1709.92;;;;
Michael;07:00:00;16:47:17;1274.933,-1709.921,-1709.921;;;;
Michael;07:00:00;16:47:17;1274.929,-1709.921,-1709.921;;I-I-I heard him say that he saved America...;Cutscene;Cutscene
Michael;07:00:00;16:47:18;1274.933,-1709.919,-1709.919;;;;
Michael;07:00:00;16:47:18;1274.935,-1709.917,-1709.917;;;;
Michael;07:00:00;16:47:19;1274.931,-1709.914,-1709.914;;;;
Michael;07:00:00;16:47:19;1274.934,-1709.904,-1709.904;;;;
Michael;07:00:00;16:47:20;1274.948,-1709.911,-1709.911;;What? By outsourcing all the jobs?;Cutscene;Cutscene
Michael;07:00:00;16:47:20;1274.948,-1709.92,-1709.92;;;;
Michael;07:00:00;16:47:21;1274.938,-1709.915,-1709.915;;;;
Michael;07:00:00;16:47:21;1274.94,-1709.915,-1709.915;;By selling us little bits of plastic, restricted-access shit?;Cutscene;Cutscene
Michael;07:00:00;16:47:22;1274.938,-1709.915,-1709.915;;;;
Michael;07:00:00;16:47:22;1274.937,-1709.914,-1709.914;;;;
Michael;07:00:00;16:47:23;1274.935,-1709.914,-1709.914;;;;
Michael;07:00:00;16:47:23;1274.935,-1709.914,-1709.914;;;;
Michael;07:00:00;16:47:24;1274.935,-1709.914,-1709.914;;;;
Michael;07:00:00;16:47:24;1274.936,-1709.914,-1709.914;;;;
Michael;07:00:00;16:47:25;1274.936,-1709.914,-1709.914;;;;
Michael;07:00:00;16:47:25;1274.913,-1709.908,-1709.908;;;;
Michael;07:00:00;16:47:26;1274.914,-1709.91,-1709.91;;Well now it's payback time, you lying turd.;Cutscene;Cutscene
Michael;07:00:00;16:47:26;1274.913,-1709.909,-1709.909;;;;
Michael;07:00:00;16:47:27;1274.912,-1709.909,-1709.909;;;;
Michael;07:00:00;16:47:28;1274.912,-1709.907,-1709.907;;;;
Michael;07:00:00;16:47:28;1274.912,-1709.907,-1709.907;;;;
Michael;07:00:00;16:47:29;1274.913,-1709.908,-1709.908;;;;
Michael;07:00:00;16:47:29;1274.913,-1709.909,-1709.909;;;;
Michael;07:00:00;16:47:30;1274.912,-1709.907,-1709.907;;The hell are you talkin' about?;Cutscene;Cutscene
Michael;07:00:00;16:47:30;1274.912,-1709.906,-1709.906;;;;
Michael;07:00:00;16:47:31;1274.915,-1709.908,-1709.908;;;;
Michael;07:00:00;16:47:31;1274.913,-1709.905,-1709.905;;You are about to get that white collar gig that you always dreamed of, Mikey.;Cutscene;Cutscene
Michael;07:00:00;16:47:32;1274.913,-1709.905,-1709.905;;;;
Michael;07:00:00;16:47:32;1274.913,-1709.907,-1709.907;;;;
Michael;07:00:00;16:47:33;1274.914,-1709.909,-1709.909;;;;
Michael;07:00:00;16:47:33;1274.914,-1709.907,-1709.907;;;;
Michael;07:00:00;16:47:34;1274.913,-1709.904,-1709.904;;;;
Michael;07:00:00;16:47:34;1274.911,-1709.909,-1709.909;;;;
Michael;07:00:00;16:47:35;1274.911,-1709.907,-1709.907;;;;
Michael;07:00:00;16:47:35;1274.91,-1709.903,-1709.903;;;;
Michael;07:00:00;16:47:36;1274.909,-1709.901,-1709.901;;Here, take this err,;Cutscene;Cutscene
Michael;07:00:00;16:47:36;1274.905,-1709.895,-1709.895;;;;
Michael;07:00:00;16:47:37;1274.854,-1710.107,-1710.107;;;;
Michael;07:00:00;16:47:37;1274.751,-1710.341,-1710.341;;;;
Michael;07:00:00;16:47:38;1274.603,-1710.642,-1710.642;;fashionably retro, 'weird-for-a-forty-five-year-old-man-but-I-cannot-let-go-of-the-1980s' bag,;Cutscene;Cutscene
Michael;07:00:00;16:47:38;1274.405,-1710.801,-1710.801;;;;
Michael;07:00:00;16:47:39;1274.126,-1710.896,-1710.896;;;;
Michael;07:00:00;16:47:39;1273.938,-1711.026,-1711.026;;;;
Michael;07:00:00;16:47:40;1273.828,-1711.147,-1711.147;;;;
Michael;07:00:00;16:47:40;1273.66,-1711.103,-1711.103;;;;
Michael;07:00:00;16:47:41;1273.548,-1711.025,-1711.025;;;;
Michael;07:00:00;16:47:41;1273.517,-1710.949,-1710.949;;;;
Michael;07:00:00;16:47:42;1273.546,-1710.897,-1710.897;;;;
Michael;07:00:00;16:47:42;1273.628,-1710.845,-1710.845;;;;
Michael;07:00:00;16:47:43;1273.672,-1710.791,-1710.791;;;;
Michael;07:00:00;16:47:44;1273.67,-1710.788,-1710.788;;and dress yourself up like a billionaire math genius with low level Asperger's.;Cutscene;Cutscene
Michael;07:00:00;16:47:44;1273.657,-1710.801,-1710.801;;;;
Michael;07:00:00;16:47:45;1273.662,-1710.804,-1710.804;;;;
Michael;07:00:00;16:47:45;1273.67,-1710.806,-1710.806;;;;
Michael;07:00:00;16:47:46;1273.664,-1710.804,-1710.804;;;;
Michael;07:00:00;16:47:46;1273.66,-1710.8,-1710.8;;;;
Michael;07:00:00;16:47:47;1273.662,-1710.797,-1710.797;;;;
Michael;07:00:00;16:47:47;1273.666,-1710.802,-1710.802;;;;
Michael;07:00:00;16:47:48;1273.663,-1710.806,-1710.806;;;;
Michael;07:00:00;16:47:48;1273.664,-1710.794,-1710.794;;;;
Michael;07:00:00;16:47:49;1273.432,-1710.846,-1710.846;;;;
Michael;07:00:00;16:47:49;1273.415,-1710.863,-1710.863;;You better be ready for the minor glitch of your repulsive pseudo-messianic life.;Cutscene;Cutscene
Michael;07:00:00;16:47:50;1273.416,-1710.862,-1710.862;;;;
Michael;07:00:00;16:47:50;1273.502,-1710.843,-1710.843;;;;
Michael;07:00:00;16:47:51;1273.68,-1710.79,-1710.79;;;;
Michael;07:00:00;16:47:51;1273.841,-1710.778,-1710.778;;;;
Michael;07:00:00;16:47:52;1274.098,-1710.797,-1710.797;;;;
Michael;07:00:00;16:47:52;1274.927,-1710.616,-1710.616;;;;
Michael;07:00:00;16:47:53;1275.046,-1710.544,-1710.544;;;;
Michael;07:00:00;16:47:53;1275.103,-1710.447,-1710.447;;Okay, Lester...;Cutscene;Cutscene
Michael;07:00:00;16:47:54;1275.109,-1710.419,-1710.419;;;;
Michael;07:00:00;16:47:54;1275.12,-1710.417,-1710.417;;Get out of here!;Cutscene;Cutscene
Michael;07:00:00;16:47:55;1275.128,-1710.421,-1710.421;;;;
Michael;07:00:00;16:47:55;1275.127,-1710.426,-1710.426;;;;
Michael;07:00:00;16:47:56;1275.124,-1710.431,-1710.431;;;;
Michael;07:00:00;16:47:56;1275.123,-1710.43,-1710.43;;Call me when you're ready.;Cutscene;Cutscene
Michael;07:00:00;16:47:57;1275.125,-1710.43,-1710.43;;;;
Michael;07:00:00;16:47:57;1275.127,-1710.433,-1710.433;;;;
Michael;07:00:00;16:47:58;1275.124,-1710.432,-1710.432;;We are about to put the Darwinism back in social Darwinism,;Cutscene;Cutscene
Michael;07:00:00;16:47:58;1275.122,-1710.432,-1710.432;;;;
Michael;07:00:00;16:47:59;1275.119,-1710.431,-1710.431;;;;
Michael;07:00:00;16:48:00;1275.119,-1710.431,-1710.431;;;;
Michael;07:00:00;16:48:00;1275.117,-1710.431,-1710.431;;;;
Michael;07:00:00;16:48:01;1275.115,-1710.431,-1710.431;;;;
Michael;07:00:00;16:48:01;1275.115,-1710.43,-1710.43;;and brother, it is gonna be fun.;Cutscene;Cutscene
Michael;07:00:00;16:48:02;1275.115,-1710.429,-1710.429;;;;
Michael;07:00:00;16:48:02;1275.11,-1710.426,-1710.426;;;;
Michael;07:00:00;16:48:03;1275.113,-1710.424,-1710.424;;;;
Michael;07:00:00;16:48:03;1275.111,-1710.426,-1710.426;;You fuckin' kiddin' me?;Cutscene;Cutscene
Michael;07:00:00;16:48:04;1275.12,-1710.423,-1710.423;;;;
Michael;07:00:00;16:48:04;1275.123,-1710.423,-1710.423;;;;
Michael;07:00:00;16:48:05;1275.123,-1710.425,-1710.425;;I'm a bank robber, not a web designer.;Cutscene;Cutscene
Michael;07:00:00;16:48:05;1275.128,-1710.422,-1710.422;;;;
Michael;07:00:00;16:48:06;1275.129,-1710.424,-1710.424;;;;
Michael;07:00:00;16:48:06;1275.13,-1710.428,-1710.428;;So we'll go robbing... soon.;Cutscene;Cutscene
Michael;07:00:00;16:48:07;1275.125,-1710.43,-1710.43;;;;
Michael;07:00:00;16:48:07;1275.125,-1710.429,-1710.429;;;;
Michael;07:00:00;16:48:08;1275.122,-1710.431,-1710.431;;;;
Michael;07:00:00;16:48:08;1275.119,-1710.432,-1710.432;;;;
Michael;07:00:00;16:48:09;1275.117,-1710.431,-1710.431;;I'll find something.;Cutscene;Cutscene
Michael;07:00:00;16:48:09;1275.117,-1710.432,-1710.432;;;;
Michael;07:00:00;16:48:10;1275.119,-1710.428,-1710.428;;;;
Michael;07:00:00;16:48:10;1275.116,-1710.428,-1710.428;;;;
Michael;07:00:00;16:48:11;1275.108,-1710.426,-1710.426;;Just like the old days.;Cutscene;Cutscene
Michael;07:00:00;16:48:12;1275.102,-1710.423,-1710.423;;;;
Michael;07:00:00;16:48:12;1275.102,-1710.42,-1710.42;;;;
Michael;07:00:00;16:48:13;1275.101,-1710.419,-1710.419;;;;
Michael;07:00:00;16:48:13;1275.092,-1710.418,-1710.418;;;;
Michael;07:00:00;16:48:14;1275.075,-1710.42,-1710.42;;;;
Michael;07:00:00;16:48:14;1275.016,-1710.47,-1710.47;;;;
Michael;07:00:00;16:48:15;1274.883,-1710.615,-1710.615;;;;
Michael;07:00:00;16:48:15;1274.783,-1710.746,-1710.746;;;;
Michael;07:00:00;16:48:16;1274.589,-1710.992,-1710.992;;;;
Michael;07:00:00;16:48:16;1274.373,-1711.311,-1711.311;;;;
Michael;07:00:00;16:48:17;1274.138,-1711.702,-1711.702;;;;
Michael;07:00:00;16:48:17;1274.157,-1712.256,-1712.256;;;;
Michael;07:00:11;16:48:18;1273.975,-1712.66,-1712.66;;;;
Michael;07:00:26;16:48:18;1274.338,-1713.464,-1713.464;;;;
Michael;07:00:42;16:48:19;1274.465,-1713.83,-1713.83;;;;
Michael;07:00:57;16:48:19;1274.465,-1713.83,-1713.83;;;;
Michael;07:01:13;16:48:20;1274.568,-1714.098,-1714.098;;;;
Michael;07:01:29;16:48:20;1274.743,-1714.86,-1714.86;;;;
Michael;07:01:44;16:48:21;1274.23,-1715.507,-1715.507;;;;
Michael;07:01:59;16:48:21;1273.763,-1716.237,-1716.237;;;;
Michael;07:02:15;16:48:22;1273.725,-1717.131,-1717.131;;;;
Michael;07:02:31;16:48:22;1273.825,-1718.01,-1718.01;;;;
Michael;07:02:46;16:48:23;1273.977,-1718.879,-1718.879;;;;
Michael;07:03:02;16:48:23;1274.16,-1719.736,-1719.736;;;;
Michael;07:03:17;16:48:24;1274.485,-1720.545,-1720.545;;;;
Michael;07:03:32;16:48:24;1274.84,-1721.342,-1721.342;;;;
Michael;07:03:48;16:48:25;1275.227,-1722.146,-1722.146;;;;
Michael;07:04:04;16:48:25;1275.656,-1722.951,-1722.951;;;;
Michael;07:04:19;16:48:26;1276.129,-1723.717,-1723.717;;;;
Michael;07:04:35;16:48:27;1276.523,-1724.525,-1724.525;;;;
Michael;07:04:51;16:48:27;1277.033,-1725.74,-1725.74;;;;
Michael;07:05:07;16:48:28;1277.954,-1727.022,-1727.022;;;;
Michael;07:05:22;16:48:28;1278.932,-1728.279,-1728.279;;;;
Michael;07:05:38;16:48:29;1280.071,-1729.907,-1729.907;;;;
Michael;07:05:54;16:48:29;1282.91,-1729.554,-1729.554;;;;
Michael;07:06:09;16:48:30;1285.931,-1727.749,-1727.749;;;;
Michael;07:06:25;16:48:30;1289.087,-1726.63,-1726.63;;;;
Michael;07:06:40;16:48:31;1292.263,-1725.743,-1725.743;;;;
Michael;07:06:56;16:48:31;1293.289,-1725.041,-1725.041;;;;
Michael;07:07:11;16:48:32;1292.768,-1724.624,-1724.624;;;;
Michael;07:07:27;16:48:32;1292.342,-1724.057,-1724.057;True,Sedans,TAILGATE,0,0;;;
Michael;07:07:43;16:48:33;1292.344,-1724.057,-1724.057;True,Sedans,TAILGATE,0,007478963,0;;;
Michael;07:07:58;16:48:33;1292.342,-1724.056,-1724.056;True,Sedans,TAILGATE,0,00446377,0;;;
Michael;07:08:14;16:48:34;1292.342,-1724.056,-1724.056;True,Sedans,TAILGATE,0,0;;;
Michael;07:08:30;16:48:34;1292.306,-1724.074,-1724.074;True,Sedans,TAILGATE,0,4113649,1;;;
Michael;07:08:45;16:48:35;1291.62,-1724.526,-1724.526;True,Sedans,TAILGATE,2,9704,1;;;
Michael;07:09:01;16:48:35;1289.301,-1725.781,-1725.781;True,Sedans,TAILGATE,7,439614,1;;;
Michael;07:09:17;16:48:36;1285.075,-1728.856,-1728.856;True,Sedans,TAILGATE,11,90836,0;;;
Michael;07:09:33;16:48:36;1280.252,-1731.951,-1731.951;True,Sedans,TAILGATE,10,20586,0;;;
Michael;07:09:48;16:48:37;1275.337,-1734.931,-1734.931;True,Sedans,TAILGATE,12,73337,1;;;
Michael;07:10:04;16:48:37;1269.186,-1738.459,-1738.459;True,Sedans,TAILGATE,13,93219,1;;;
Michael;07:10:19;16:48:38;1262.383,-1742.552,-1742.552;True,Sedans,TAILGATE,17,18381,1;;;
Michael;07:10:35;16:48:39;1254.284,-1748.033,-1748.033;True,Sedans,TAILGATE,19,66191,0;;;
Michael;07:10:50;16:48:39;1245.836,-1752.827,-1752.827;True,Sedans,TAILGATE,18,83872,0;;;
Michael;07:11:06;16:48:40;1237.413,-1756.577,-1756.577;True,Sedans,TAILGATE,16,26424,0;;;
Michael;07:11:22;16:48:40;1229.739,-1759.363,-1759.363;True,Sedans,TAILGATE,15,50366,0;;;
Michael;07:11:38;16:48:41;1222.406,-1761.847,-1761.847;True,Sedans,TAILGATE,14,19441,0;;;
Michael;07:11:53;16:48:41;1215.675,-1761.818,-1761.818;True,Sedans,TAILGATE,12,5337,0;;;
Michael;07:12:09;16:48:42;1209.719,-1760.21,-1760.21;True,Sedans,TAILGATE,11,25752,0;;;
Michael;07:12:24;16:48:42;1204.609,-1757.7,-1757.7;True,Sedans,TAILGATE,10,63594,0;;;
Michael;07:12:40;16:48:43;1200.612,-1753.797,-1753.797;True,Sedans,TAILGATE,10,29113,0;;;
Michael;07:12:56;16:48:43;1197.382,-1749.612,-1749.612;True,Sedans,TAILGATE,11,0642,1;;;
Michael;07:13:11;16:48:44;1193.813,-1744.828,-1744.828;True,Sedans,TAILGATE,11,37981,0;;;
Michael;07:13:27;16:48:44;1190.277,-1739.921,-1739.921;True,Sedans,TAILGATE,12,69886,1;;;
Michael;07:13:42;16:48:45;1186.301,-1733.649,-1733.649;True,Sedans,TAILGATE,15,43118,0;;;
Michael;07:13:58;16:48:45;1181.526,-1727.596,-1727.596;True,Sedans,TAILGATE,14,05482,0;;;
Michael;07:14:14;16:48:46;1177.1,-1722.34,-1722.34;True,Sedans,TAILGATE,12,59183,0;;;
Michael;07:14:30;16:48:46;1173.152,-1717.594,-1717.594;True,Sedans,TAILGATE,10,89146,0;;;
Michael;07:14:45;16:48:47;1169.604,-1714.014,-1714.014;True,Sedans,TAILGATE,8,332431,0;;;
Michael;07:15:01;16:48:47;1166.136,-1712.746,-1712.746;True,Sedans,TAILGATE,6,098381,0;;;
Michael;07:15:16;16:48:48;1163.43,-1712.432,-1712.432;True,Sedans,TAILGATE,4,346712,0;;;
Michael;07:15:32;16:48:48;1161.844,-1712.623,-1712.623;True,Sedans,TAILGATE,2,171958,0;;;
Michael;07:15:48;16:48:49;1161.202,-1712.771,-1712.771;True,Sedans,TAILGATE,0,4184885,0;;;
Michael;07:16:03;16:48:49;1161.127,-1712.807,-1712.807;True,Sedans,TAILGATE,0,5583464,1;;;
Michael;07:16:19;16:48:50;1160.448,-1712.982,-1712.982;True,Sedans,TAILGATE,2,223809,1;;;
Michael;07:16:34;16:48:50;1158.831,-1713.565,-1713.565;True,Sedans,TAILGATE,4,799898,1;;;
Michael;07:16:50;16:48:51;1156.711,-1714.303,-1714.303;True,Sedans,TAILGATE,3,50083,0;;;
Michael;07:17:05;16:48:52;1155.22,-1714.856,-1714.856;True,Sedans,TAILGATE,3,648176,1;;;
Michael;07:17:21;16:48:52;1153.767,-1715.395,-1715.395;True,Sedans,TAILGATE,2,160211,0;;;
Michael;07:17:36;16:48:53;1153.412,-1715.565,-1715.565;True,Sedans,TAILGATE,0,05657362,0;;;
Michael;07:17:52;16:48:53;1153.415,-1715.571,-1715.571;True,Sedans,TAILGATE,0,0;;;
Michael;07:18:07;16:48:54;1153.415,-1715.571,-1715.571;True,Sedans,TAILGATE,0,0;;;
Michael;07:18:23;16:48:54;1153.358,-1715.59,-1715.59;True,Sedans,TAILGATE,0,5975909,1;;;
Michael;07:18:39;16:48:55;1152.568,-1715.855,-1715.855;True,Sedans,TAILGATE,2,708452,1;;;
Michael;07:18:54;16:48:55;1150.606,-1716.05,-1716.05;True,Sedans,TAILGATE,5,290853,1;;;
Michael;07:19:10;16:48:56;1146.884,-1715.969,-1715.969;True,Sedans,TAILGATE,8,674571,1;;;
Michael;07:19:25;16:48:56;1142.596,-1713.743,-1713.743;True,Sedans,TAILGATE,9,329559,1;;;
Michael;07:19:41;16:48:57;1138.966,-1709.522,-1709.522;True,Sedans,TAILGATE,11,30391,0;;;
Michael;07:19:56;16:48:57;1136.519,-1704.664,-1704.664;True,Sedans,TAILGATE,9,748041,1;;;
Michael;07:20:12;16:48:58;1134.559,-1699.437,-1699.437;True,Sedans,TAILGATE,11,8471,0;;;
Michael;07:20:27;16:48:58;1131.952,-1694.163,-1694.163;True,Sedans,TAILGATE,12,00731,1;;;
Michael;07:20:43;16:48:59;1128.058,-1688.534,-1688.534;True,Sedans,TAILGATE,14,20614,1;;;
Michael;07:20:58;16:48:59;1123.761,-1682.067,-1682.067;True,Sedans,TAILGATE,15,27001,0;;;
Michael;07:21:14;16:49:00;1120.393,-1674.306,-1674.306;True,Sedans,TAILGATE,17,36683,1;;;
Michael;07:21:30;16:49:00;1116.55,-1665.645,-1665.645;True,Sedans,TAILGATE,19,6613,1;;;
Michael;07:21:45;16:49:01;1112.182,-1656.908,-1656.908;True,Sedans,TAILGATE,18,19114,0;;;
Michael;07:22:01;16:49:01;1108.761,-1648.024,-1648.024;True,Sedans,TAILGATE,18,07091,0;;;
Michael;07:22:16;16:49:02;1105.555,-1638.872,-1638.872;True,Sedans,TAILGATE,19,79741,1;;;
Michael;07:22:32;16:49:02;1101.951,-1628.596,-1628.596;True,Sedans,TAILGATE,21,86515,1;;;
Michael;07:22:47;16:49:03;1098.802,-1617.359,-1617.359;True,Sedans,TAILGATE,23,54566,1;;;
Michael;07:23:03;16:49:03;1096.022,-1605.21,-1605.21;True,Sedans,TAILGATE,23,65507,0;;;
Michael;07:23:19;16:49:04;1094.174,-1592.958,-1592.958;True,Sedans,TAILGATE,24,61514,1;;;
Michael;07:23:34;16:49:04;1092.601,-1579.99,-1579.99;True,Sedans,TAILGATE,25,81578,1;;;
Michael;07:23:50;16:49:05;1090.993,-1566.384,-1566.384;True,Sedans,TAILGATE,27,24209,1;;;
Michael;07:24:05;16:49:06;1089.316,-1552.076,-1552.076;True,Sedans,TAILGATE,28,4392,1;;;
Michael;07:24:21;16:49:06;1087.397,-1537.284,-1537.284;True,Sedans,TAILGATE,29,45244,1;;;
Michael;07:24:36;16:49:07;1084.651,-1522.228,-1522.228;True,Sedans,TAILGATE,30,05473,1;;;
Michael;07:24:51;16:49:07;1083.319,-1506.616,-1506.616;True,Sedans,TAILGATE,31,41327,1;;;
Michael;07:25:07;16:49:08;1081.145,-1490.156,-1490.156;True,Sedans,TAILGATE,32,44926,1;;;
Michael;07:25:23;16:49:08;1078.186,-1473.414,-1473.414;True,Sedans,TAILGATE,32,82636,1;;;
Michael;07:25:38;16:49:09;1076.461,-1456.546,-1456.546;True,Sedans,TAILGATE,33,21877,1;;;
Michael;07:25:54;16:49:09;1075.672,-1439.219,-1439.219;True,Sedans,TAILGATE,33,61256,1;;;
Michael;07:26:09;16:49:10;1074.923,-1422.004,-1422.004;True,Sedans,TAILGATE,32,90709,0;;;
Michael;07:26:25;16:49:10;1074.204,-1404.867,-1404.867;True,Sedans,TAILGATE,33,50817,1;;;
Michael;07:26:40;16:49:11;1074.357,-1387.309,-1387.309;True,Sedans,TAILGATE,34,19664,1;;;
Michael;07:26:56;16:49:11;1074.378,-1369.409,-1369.409;True,Sedans,TAILGATE,34,66275,1;;;
Michael;07:27:11;16:49:12;1073.935,-1351.377,-1351.377;True,Sedans,TAILGATE,35,1779,1;;;
Michael;07:27:27;16:49:12;1073.481,-1333.233,-1333.233;True,Sedans,TAILGATE,35,70187,1;;;
Michael;07:27:42;16:49:13;1072.82,-1314.679,-1314.679;True,Sedans,TAILGATE,36,25756,1;;;
Michael;07:27:58;16:49:13;1071.325,-1295.796,-1295.796;True,Sedans,TAILGATE,36,8384,1;;;
Michael;07:28:13;16:49:14;1070.194,-1276.46,-1276.46;True,Sedans,TAILGATE,37,29852,1;;;
Michael;07:28:29;16:49:14;1069.256,-1256.796,-1256.796;True,Sedans,TAILGATE,37,8785,1;;;
Michael;07:28:44;16:49:15;1068.395,-1237.38,-1237.38;True,Sedans,TAILGATE,38,04978,1;;;
Michael;07:29:00;16:49:15;1067.516,-1217.454,-1217.454;True,Sedans,TAILGATE,38,19183,1;;;
Michael;07:29:16;16:49:16;1066.636,-1197.466,-1197.466;True,Sedans,TAILGATE,38,32104,1;;;
Michael;07:29:31;16:49:16;1065.751,-1177.466,-1177.466;True,Sedans,TAILGATE,38,43783,1;;;
Michael;07:29:47;16:49:17;1065.225,-1157.674,-1157.674;True,Sedans,TAILGATE,38,51395,1;;;
Michael;07:30:02;16:49:17;1065.533,-1137.672,-1137.672;True,Sedans,TAILGATE,38,6202,1;;;
Michael;07:30:18;16:49:18;1065.818,-1117.321,-1117.321;True,Sedans,TAILGATE,38,68803,1;;;
Michael;07:30:34;16:49:18;1065.053,-1097.659,-1097.659;True,Sedans,TAILGATE,36,41942,0;;;
Michael;07:30:50;16:49:19;1064.531,-1080.059,-1080.059;True,Sedans,TAILGATE,30,54731,0;;;
Michael;07:31:05;16:49:20;1064.711,-1064.874,-1064.874;True,Sedans,TAILGATE,29,36958,1;;;
Michael;07:31:21;16:49:20;1064.334,-1049.487,-1049.487;True,Sedans,TAILGATE,29,71188,1;;;
Michael;07:31:36;16:49:21;1061.634,-1034.985,-1034.985;True,Sedans,TAILGATE,28,55144,1;;;
Michael;07:31:51;16:49:21;1058.11,-1020.49,-1020.49;True,Sedans,TAILGATE,29,08585,1;;;
Michael;07:32:07;16:49:22;1055.016,-1005.589,-1005.589;True,Sedans,TAILGATE,29,61641,1;;;
Michael;07:32:23;16:49:22;1050.975,-990.7134,-990.7134;True,Sedans,TAILGATE,30,08142,1;;;
Michael;07:32:38;16:49:23;1045.445,-975.9423,-975.9423;True,Sedans,TAILGATE,30,67082,1;;;
Michael;07:32:54;16:49:23;1039.724,-961.0437,-961.0437;True,Sedans,TAILGATE,31,25698,1;;;
Michael;07:33:09;16:49:24;1034.88,-945.2683,-945.2683;True,Sedans,TAILGATE,32,097,1;;;
Michael;07:33:25;16:49:24;1030.172,-928.9418,-928.9418;True,Sedans,TAILGATE,33,37631,1;;;
Michael;07:33:40;16:49:25;1024.976,-912.3113,-912.3113;True,Sedans,TAILGATE,33,68309,1;;;
Michael;07:33:56;16:49:25;1019.23,-895.9858,-895.9858;True,Sedans,TAILGATE,32,88744,0;;;
Michael;07:34:11;16:49:26;1012.702,-880.1932,-880.1932;True,Sedans,TAILGATE,33,01464,1;;;
Michael;07:34:27;16:49:26;1005.591,-864.3752,-864.3752;True,Sedans,TAILGATE,33,3226,1;;;
Michael;07:34:43;16:49:27;998.5034,-848.373,-848.373;True,Sedans,TAILGATE,33,79104,1;;;
Michael;07:34:58;16:49:27;990.5889,-832.8531,-832.8531;True,Sedans,TAILGATE,33,79313,1;;;
Michael;07:35:14;16:49:28;981.5023,-818.0438,-818.0438;True,Sedans,TAILGATE,33,92149,1;;;
Michael;07:35:29;16:49:28;973.2375,-802.7101,-802.7101;True,Sedans,TAILGATE,33,92271,1;;;
Michael;07:35:45;16:49:29;963.5942,-788.1931,-788.1931;True,Sedans,TAILGATE,33,89502,1;;;
Michael;07:36:00;16:49:29;953.1205,-774.0153,-774.0153;True,Sedans,TAILGATE,33,91668,1;;;
Michael;07:36:16;16:49:30;941.977,-760.4479,-760.4479;True,Sedans,TAILGATE,33,96756,1;;;
Michael;07:36:31;16:49:30;930.4667,-747.0858,-747.0858;True,Sedans,TAILGATE,33,94016,0;;;
Michael;07:36:47;16:49:31;919.2753,-734.1366,-734.1366;True,Sedans,TAILGATE,32,05259,0;;;
Michael;07:37:03;16:49:31;908.512,-722.466,-722.466;True,Sedans,TAILGATE,29,61283,0;;;
Michael;07:37:18;16:49:32;897.5735,-712.1497,-712.1497;True,Sedans,TAILGATE,27,95637,1;;;
Michael;07:37:34;16:49:32;886.5461,-702.4356,-702.4356;True,Sedans,TAILGATE,28,75202,1;;;
Michael;07:37:49;16:49:33;875.2004,-692.5546,-692.5546;True,Sedans,TAILGATE,29,76895,1;;;
Michael;07:38:05;16:49:34;863.3192,-682.832,-682.832;True,Sedans,TAILGATE,29,23617,0;;;
Michael;07:38:20;16:49:34;851.8816,-673.5079,-673.5079;True,Sedans,TAILGATE,27,93103,0;;;
Michael;07:38:35;16:49:35;841.5461,-664.3369,-664.3369;True,Sedans,TAILGATE,25,76658,0;;;
Michael;07:38:51;16:49:35;831.9715,-655.174,-655.174;True,Sedans,TAILGATE,25,77659,1;;;
Michael;07:39:07;16:49:36;820.6477,-647.2912,-647.2912;True,Sedans,TAILGATE,27,05012,1;;;
Michael;07:39:22;16:49:36;808.7916,-639.3104,-639.3104;True,Sedans,TAILGATE,28,29905,1;;;
Michael;07:39:38;16:49:37;796.7808,-630.1894,-630.1894;True,Sedans,TAILGATE,29,5553,1;;;
Michael;07:39:54;16:49:37;784.5212,-620.5287,-620.5287;True,Sedans,TAILGATE,30,66778,1;;;
Michael;07:40:09;16:49:38;771.9426,-610.5589,-610.5589;True,Sedans,TAILGATE,31,61488,1;;;
Michael;07:40:24;16:49:38;758.6915,-600.8276,-600.8276;True,Sedans,TAILGATE,32,43977,1;;;
Michael;07:40:40;16:49:39;744.1892,-591.39,-591.39;True,Sedans,TAILGATE,32,88422,1;;;
Michael;07:40:56;16:49:39;729.8641,-582.3242,-582.3242;True,Sedans,TAILGATE,33,37489,1;;;
Michael;07:41:11;16:49:40;714.5369,-574.0045,-574.0045;True,Sedans,TAILGATE,33,83413,1;;;
Michael;07:41:27;16:49:40;698.7656,-566.551,-566.551;True,Sedans,TAILGATE,34,10887,1;;;
Michael;07:41:42;16:49:41;682.9957,-559.0446,-559.0446;True,Sedans,TAILGATE,33,97229,1;;;
Michael;07:41:58;16:49:41;667.3625,-551.4907,-551.4907;True,Sedans,TAILGATE,33,75272,1;;;
Michael;07:42:13;16:49:42;652.0415,-543.601,-543.601;True,Sedans,TAILGATE,33,80413,1;;;
Michael;07:42:29;16:49:42;636.9912,-534.258,-534.258;True,Sedans,TAILGATE,33,51122,0;;;
Michael;07:42:45;16:49:43;623.6047,-523.8953,-523.8953;True,Sedans,TAILGATE,30,42236,0;;;
Michael;07:43:00;16:49:43;613.6735,-512.6945,-512.6945;True,Sedans,TAILGATE,27,90144,0;;;
Michael;07:43:15;16:49:44;605.4545,-501.6902,-501.6902;True,Sedans,TAILGATE,26,24574,1;;;
Michael;07:43:31;16:49:44;598.1059,-490.1333,-490.1333;True,Sedans,TAILGATE,27,19216,1;;;
Michael;07:43:46;16:49:45;592.0309,-477.1418,-477.1418;True,Sedans,TAILGATE,28,46321,1;;;
Michael;07:44:02;16:49:45;585.3752,-463.769,-463.769;True,Sedans,TAILGATE,30,26678,1;;;
Michael;07:44:17;16:49:46;579.2821,-448.7765,-448.7765;True,Sedans,TAILGATE,31,66976,0;;;
Michael;07:44:33;16:49:46;578.2241,-433.3015,-433.3015;True,Sedans,TAILGATE,26,52417,0;;;
Michael;07:44:49;16:49:47;580.0621,-421.2347,-421.2347;True,Sedans,TAILGATE,22,40987,0;;;
Michael;07:45:04;16:49:47;583.5806,-410.9546,-410.9546;True,Sedans,TAILGATE,19,86783,0;;;
Michael;07:45:20;16:49:48;587.8756,-402.2025,-402.2025;True,Sedans,TAILGATE,17,66813,0;;;
Michael;07:45:35;16:49:49;590.0724,-396.3427,-396.3427;True,Sedans,TAILGATE,6,160732,0;;;
Michael;07:45:51;16:49:49;590.4543,-395.5547,-395.5547;True,Sedans,TAILGATE,0,02964223,0;;;
Michael;07:46:07;16:49:50;590.6006,-395.2579,-395.2579;True,Sedans,TAILGATE,1,508056,1;;;
Michael;07:46:22;16:49:50;590.9472,-394.5882,-394.5882;True,Sedans,TAILGATE,0,7830931,0;;;
Michael;07:46:38;16:49:51;590.9849,-394.4957,-394.4957;True,Sedans,TAILGATE,0,009069799,0;;;
Michael;07:46:53;16:49:51;590.9844,-394.4961,-394.4961;True,Sedans,TAILGATE,0,0;;;
Michael;07:47:09;16:49:52;591.0286,-394.4099,-394.4099;True,Sedans,TAILGATE,0,7487414,1;;;
Michael;07:47:24;16:49:52;591.4847,-393.6149,-393.6149;True,Sedans,TAILGATE,2,925064,1;;;
Michael;07:47:40;16:49:53;592.1528,-391.5748,-391.5748;True,Sedans,TAILGATE,5,652296,1;;;
Michael;07:47:56;16:49:53;593.2416,-387.4606,-387.4606;True,Sedans,TAILGATE,10,92653,1;;;
Michael;07:48:11;16:49:54;594.2192,-381.6378,-381.6378;True,Sedans,TAILGATE,11,78152,1;;;
Michael;07:48:27;16:49:54;594.3325,-375.0716,-375.0716;True,Sedans,TAILGATE,13,46965,1;;;
Michael;07:48:43;16:49:55;592.4113,-368.5705,-368.5705;True,Sedans,TAILGATE,13,15383,1;;;
Michael;07:48:58;16:49:55;588.7808,-362.7086,-362.7086;True,Sedans,TAILGATE,13,07137,0;;;
Michael;07:49:14;16:49:56;584.0668,-358.1946,-358.1946;True,Sedans,TAILGATE,11,59295,0;;;
Michael;07:49:29;16:49:56;579.7443,-354.7504,-354.7504;True,Sedans,TAILGATE,9,88363,0;;;
Michael;07:49:45;16:49:57;575.8237,-351.671,-351.671;True,Sedans,TAILGATE,10,5429,1;;;
Michael;07:50:00;16:49:57;571.2392,-348.0519,-348.0519;True,Sedans,TAILGATE,11,41629,1;;;
Michael;07:50:16;16:49:58;566.1618,-344.0241,-344.0241;True,Sedans,TAILGATE,12,98441,0;;;
Michael;07:50:31;16:49:58;560.912,-340.6211,-340.6211;True,Sedans,TAILGATE,11,10512,0;;;
Michael;07:50:47;16:49:59;556.7562,-338.444,-338.444;True,Sedans,TAILGATE,4,383192,0;;;
Michael;07:51:03;16:49:59;556.3078,-338.3069,-338.3069;True,Sedans,TAILGATE,0,1589199,1;;;
Michael;07:51:18;16:50:00;555.8833,-338.096,-338.096;True,Sedans,TAILGATE,1,890737,1;;;
Michael;07:51:34;16:50:00;554.42,-337.2539,-337.2539;True,Sedans,TAILGATE,4,818631,1;;;
Michael;07:51:50;16:50:01;551.0976,-335.683,-335.683;True,Sedans,TAILGATE,9,440791,1;;;
Michael;07:52:05;16:50:02;545.6469,-333.73,-333.73;True,Sedans,TAILGATE,11,3818,1;;;
Michael;07:52:21;16:50:02;539.9137,-331.1627,-331.1627;True,Sedans,TAILGATE,13,14379,1;;;
Michael;07:52:36;16:50:03;533.3754,-327.7495,-327.7495;True,Sedans,TAILGATE,14,94802,1;;;
Michael;07:52:52;16:50:03;525.6245,-324.5512,-324.5512;True,Sedans,TAILGATE,17,49886,1;;;
Michael;07:53:07;16:50:04;516.558,-321.1414,-321.1414;True,Sedans,TAILGATE,19,95572,1;;;
Michael;07:53:23;16:50:04;507.2242,-317.3502,-317.3502;True,Sedans,TAILGATE,18,37392,1;;;
Michael;07:53:39;16:50:05;498.2641,-312.9832,-312.9832;True,Sedans,TAILGATE,20,46335,1;;;
Michael;07:53:54;16:50:05;487.8221,-308.5392,-308.5392;True,Sedans,TAILGATE,22,57067,1;;;
Michael;07:54:10;16:50:06;476.4707,-304.4757,-304.4757;True,Sedans,TAILGATE,22,83221,0;;;
Michael;07:54:26;16:50:06;465.1811,-301.2991,-301.2991;True,Sedans,TAILGATE,23,17005,1;;;
Michael;07:54:41;16:50:07;453.7341,-297.6089,-297.6089;True,Sedans,TAILGATE,22,55662,0;;;
Michael;07:54:57;16:50:07;442.799,-293.1882,-293.1882;True,Sedans,TAILGATE,23,01276,0;;;
Michael;07:55:12;16:50:08;432.2168,-288.9218,-288.9218;True,Sedans,TAILGATE,21,22377,0;;;
Michael;07:55:28;16:50:08;422.7484,-284.4437,-284.4437;True,Sedans,TAILGATE,19,45737,0;;;
Michael;07:55:43;16:50:09;413.5742,-280.914,-280.914;True,Sedans,TAILGATE,18,49086,0;;;
Michael;07:55:59;16:50:09;404.6908,-277.7746,-277.7746;True,Sedans,TAILGATE,17,74184,0;;;
Michael;07:56:14;16:50:10;396.6795,-274.7102,-274.7102;True,Sedans,TAILGATE,15,55789,0;;;
Michael;07:56:30;16:50:10;389.7319,-272.0129,-272.0129;True,Sedans,TAILGATE,13,46189,0;;;
Michael;07:56:45;16:50:11;383.8465,-269.6832,-269.6832;True,Sedans,TAILGATE,9,425695,0;;;
Michael;07:57:01;16:50:11;381.5337,-268.7375,-268.7375;True,Sedans,TAILGATE,2,969373,0;;;
Michael;07:57:16;16:50:12;380.5195,-268.3126,-268.3126;True,Sedans,TAILGATE,1,817503,1;;;
Michael;07:57:32;16:50:12;378.9797,-267.6663,-267.6663;True,Sedans,TAILGATE,4,85082,1;;;
Michael;07:57:47;16:50:13;375.6445,-266.7953,-266.7953;True,Sedans,TAILGATE,8,478369,1;;;
Michael;07:58:03;16:50:13;370.2003,-265.8703,-265.8703;True,Sedans,TAILGATE,11,49578,0;;;
Michael;07:58:19;16:50:14;364.2997,-264.4378,-264.4378;True,Sedans,TAILGATE,12,40323,1;;;
Michael;07:58:34;16:50:14;357.9437,-261.8588,-261.8588;True,Sedans,TAILGATE,14,24766,1;;;
Michael;07:58:50;16:50:15;350.4497,-259.225,-259.225;True,Sedans,TAILGATE,16,88349,1;;;
Michael;07:59:05;16:50:16;341.4634,-256.1362,-256.1362;True,Sedans,TAILGATE,19,40019,1;;;
Michael;07:59:21;16:50:16;331.6165,-252.2129,-252.2129;True,Sedans,TAILGATE,21,70927,1;;;
Michael;07:59:36;16:50:17;321.1072,-248.2249,-248.2249;True,Sedans,TAILGATE,21,33214,1;;;
Michael;07:59:52;16:50:17;311.0208,-244.3823,-244.3823;True,Sedans,TAILGATE,20,55518,1;;;
Michael;08:00:07;16:50:18;301.3499,-240.6582,-240.6582;True,Sedans,TAILGATE,19,99997,0;;;
Michael;08:00:23;16:50:18;291.492,-236.8805,-236.8805;True,Sedans,TAILGATE,20,12626,1;;;
Michael;08:00:39;16:50:19;281.8835,-233.2194,-233.2194;True,Sedans,TAILGATE,18,59475,0;;;
Michael;08:00:54;16:50:19;273.2903,-230.0164,-230.0164;True,Sedans,TAILGATE,16,72146,0;;;
Michael;08:01:10;16:50:20;265.3936,-227.4159,-227.4159;True,Sedans,TAILGATE,15,03919,0;;;
Michael;08:01:25;16:50:20;258.4133,-225.1838,-225.1838;True,Sedans,TAILGATE,13,23232,0;;;
Michael;08:01:41;16:50:21;252.4691,-223.2882,-223.2882;True,Sedans,TAILGATE,9,663753,0;;;
Michael;08:01:57;16:50:21;249.944,-222.4799,-222.4799;True,Sedans,TAILGATE,0,7719247,0;;;
Michael;08:02:12;16:50:22;249.9322,-222.4929,-222.4929;True,Sedans,TAILGATE,0,009263432,0;;;
Michael;08:02:28;16:50:22;249.813,-222.4546,-222.4546;True,Sedans,TAILGATE,0,8864123,1;;;
Michael;08:02:43;16:50:23;248.8606,-222.1467,-222.1467;True,Sedans,TAILGATE,3,138903,1;;;
Michael;08:02:59;16:50:23;246.4749,-221.3755,-221.3755;True,Sedans,TAILGATE,6,796904,1;;;
Michael;08:03:14;16:50:24;241.7513,-219.7419,-219.7419;True,Sedans,TAILGATE,11,91604,0;;;
Michael;08:03:30;16:50:24;236.1595,-217.3381,-217.3381;True,Sedans,TAILGATE,12,15062,1;;;
Michael;08:03:45;16:50:25;229.785,-215.203,-215.203;True,Sedans,TAILGATE,14,02635,1;;;
Michael;08:04:01;16:50:25;222.3766,-212.4478,-212.4478;True,Sedans,TAILGATE,16,33825,1;;;
Michael;08:04:16;16:50:26;213.6161,-209.1276,-209.1276;True,Sedans,TAILGATE,19,8884,1;;;
Michael;08:04:32;16:50:26;203.7216,-205.4275,-205.4275;True,Sedans,TAILGATE,20,38817,0;;;
Michael;08:04:47;16:50:27;193.9062,-201.7679,-201.7679;True,Sedans,TAILGATE,19,50905,0;;;
Michael;08:05:03;16:50:27;184.7976,-198.3269,-198.3269;True,Sedans,TAILGATE,19,22018,1;;;
Michael;08:05:18;16:50:28;174.7731,-194.5476,-194.5476;True,Sedans,TAILGATE,21,03043,0;;;
Michael;08:05:34;16:50:28;165.1028,-190.9273,-190.9273;True,Sedans,TAILGATE,19,09608,0;;;
Michael;08:05:49;16:50:29;155.8004,-187.4454,-187.4454;True,Sedans,TAILGATE,20,08027,1;;;
Michael;08:06:05;16:50:30;146.3189,-183.897,-183.897;True,Sedans,TAILGATE,18,50981,0;;;
Michael;08:06:21;16:50:30;137.7623,-180.6916,-180.6916;True,Sedans,TAILGATE,16,60265,0;;;
Michael;08:06:36;16:50:31;129.8114,-178.3632,-178.3632;True,Sedans,TAILGATE,15,2871,0;;;
Michael;08:06:52;16:50:31;122.4276,-177.2741,-177.2741;True,Sedans,TAILGATE,13,595,0;;;
Michael;08:07:07;16:50:32;115.9836,-176.519,-176.519;True,Sedans,TAILGATE,11,80905,0;;;
Michael;08:07:23;16:50:32;110.4881,-175.6233,-175.6233;True,Sedans,TAILGATE,9,712876,0;;;
Michael;08:07:38;16:50:33;106.0854,-174.1555,-174.1555;True,Sedans,TAILGATE,9,188077,1;;;
Michael;08:07:54;16:50:33;101.0117,-172.301,-172.301;True,Sedans,TAILGATE,10,43615,0;;;
Michael;08:08:09;16:50:34;96.41925,-170.6198,-170.6198;True,Sedans,TAILGATE,8,699612,0;;;
Michael;08:08:25;16:50:34;94.84712,-170.0369,-170.0369;True,Sedans,TAILGATE,0,1449929,0;;;
Michael;08:08:40;16:50:35;94.78242,-169.9979,-169.9979;True,Sedans,TAILGATE,0,6826822,1;;;
Michael;08:08:56;16:50:35;93.96929,-169.7079,-169.7079;True,Sedans,TAILGATE,2,795364,1;;;
Michael;08:09:11;16:50:36;91.85178,-168.9554,-168.9554;True,Sedans,TAILGATE,6,255031,1;;;
Michael;08:09:26;16:50:36;87.71554,-167.9724,-167.9724;True,Sedans,TAILGATE,8,387628,0;;;
Michael;08:09:42;16:50:37;84.30093,-166.7529,-166.7529;True,Sedans,TAILGATE,6,391675,1;;;
Michael;08:09:58;16:50:37;81.37702,-167.1134,-167.1134;True,Sedans,TAILGATE,4,937166,0;;;
Michael;08:10:13;16:50:38;79.44382,-168.856,-168.856;True,Sedans,TAILGATE,5,998735,1;;;
Michael;08:10:29;16:50:38;78.77894,-171.4601,-171.4601;True,Sedans,TAILGATE,5,476978,1;;;
Michael;08:10:44;16:50:39;79.33582,-175.0968,-175.0968;True,Sedans,TAILGATE,8,494567,1;;;
Michael;08:11:00;16:50:39;81.93336,-178.0951,-178.0951;True,Sedans,TAILGATE,8,106572,1;;;
Michael;08:11:16;16:50:40;86.33038,-180.7563,-180.7563;True,Sedans,TAILGATE,11,58557,1;;;
Michael;08:11:31;16:50:40;92.09599,-182.3052,-182.3052;True,Sedans,TAILGATE,11,65599,0;;;
Michael;08:11:47;16:50:41;97.8545,-184.3311,-184.3311;True,Sedans,TAILGATE,12,67206,1;;;
Michael;08:12:02;16:50:41;103.4877,-187.2542,-187.2542;True,Sedans,TAILGATE,11,4162,0;;;
Michael;08:12:18;16:50:42;108.3181,-189.5547,-189.5547;True,Sedans,TAILGATE,9,480313,0;;;
Michael;08:12:33;16:50:42;112.4198,-191.2983,-191.2983;True,Sedans,TAILGATE,7,585915,0;;;
Michael;08:12:49;16:50:43;115.4582,-193.1175,-193.1175;True,Sedans,TAILGATE,6,482058,0;;;
Michael;08:13:04;16:50:43;118.2238,-194.1174,-194.1174;True,Sedans,TAILGATE,4,913317,0;;;
Michael;08:13:20;16:50:44;120.2255,-194.8525,-194.8525;True,Sedans,TAILGATE,3,313149,0;;;
Michael;08:13:36;16:50:45;120.5541,-194.9443,-194.9443;True,Sedans,TAILGATE,0,02940898,0;;;
Michael;08:13:51;16:50:45;120.5573,-194.9419,-194.9419;True,Sedans,TAILGATE,0,0;;;
Michael;08:14:07;16:50:46;120.5573,-194.9419,-194.9419;True,Sedans,TAILGATE,0,0;;;
Michael;08:14:23;16:50:46;120.5573,-194.9419,-194.9419;True,Sedans,TAILGATE,0,0;;;
Michael;08:14:38;16:50:47;120.5548,-194.9405,-194.9405;True,Sedans,TAILGATE,0,02143396,0;;;
Michael;08:14:54;16:50:47;119.9956,-196.2056,-196.2056;;;;
Michael;08:15:09;16:50:48;119.6042,-196.0408,-196.0408;;;;
Michael;08:15:24;16:50:48;119.717,-196.1164,-196.1164;;;;
Michael;08:15:40;16:50:49;120.2332,-196.8734,-196.8734;;;;
Michael;08:15:56;16:50:49;121.365,-198.5522,-198.5522;;;;
Michael;08:16:11;16:50:50;122.8378,-200.6516,-200.6516;;;;
Michael;08:16:27;16:50:50;124.7475,-203.4486,-203.4486;;;;
Michael;08:16:42;16:50:51;126.392,-206.3676,-206.3676;;;;
Michael;08:16:57;16:50:51;127.5488,-209.6842,-209.6842;;;;
Michael;08:17:13;16:50:52;128.1353,-211.3713,-211.3713;;;;
Michael;08:17:29;16:50:52;128.3161,-211.5298,-211.5298;;;;
Michael;08:17:44;16:50:53;128.119,-211.4441,-211.4441;;;;
Michael;08:17:59;16:50:53;126.5486,-211.056,-211.056;;;;
Michael;08:18:15;16:50:54;126.0396,-212.2706,-212.2706;;;;
Michael;08:18:31;16:50:54;125.6807,-213.2564,-213.2564;;;;
Michael;08:18:46;16:50:55;125.5878,-213.5647,-213.5647;;;;
Michael;08:19:02;16:50:55;125.4738,-214.1869,-214.1869;;Ah, excuse me.;MICHAEL;LES1A_DFAA
Michael;08:19:17;16:50:56;125.3579,-215.0597,-215.0597;;;;
Michael;08:19:33;16:50:56;125.2906,-215.9436,-215.9436;;;;
Michael;08:19:48;16:50:57;125.2609,-216.8773,-216.8773;;;;
Michael;08:20:04;16:50:57;125.2632,-217.7514,-217.7514;;;;
Michael;08:20:19;16:50:58;125.315,-218.6299,-218.6299;;;;
Michael;08:20:35;16:50:59;125.5014,-219.5037,-219.5037;;;;
Michael;08:20:47;16:50:59;125.2257,-220.1991,-220.1991;;;;
Michael;08:20:47;16:51:00;125.4728,-220.8162,-220.8162;;;;
Michael;08:20:47;16:51:00;125.7322,-221.3819,-221.3819;;;;
Michael;08:20:47;16:51:01;125.7721,-221.957,-221.957;;;;
Michael;08:20:47;16:51:01;125.8894,-222.4636,-222.4636;;I got this interview with this tech company.;Cutscene;Cutscene
Michael;08:20:47;16:51:02;125.9343,-222.7794,-222.7794;;;;
Michael;08:20:47;16:51:02;125.9127,-223.0306,-223.0306;;;;
Michael;08:20:47;16:51:03;125.9013,-223.0727,-223.0727;;;;
Michael;08:20:47;16:51:03;125.9021,-223.0708,-223.0708;;I'm thinking I need something, I don't know...;Cutscene;Cutscene
Michael;08:20:47;16:51:04;125.908,-223.0686,-223.0686;;;;
Michael;08:20:47;16:51:04;125.9985,-222.9898,-222.9898;;;;
Michael;08:20:47;16:51:05;126.0275,-222.8957,-222.8957;;;;
Michael;08:20:47;16:51:05;126.1052,-222.9039,-222.9039;;Geeky.;Cutscene;Cutscene
Michael;08:20:47;16:51:06;126.0633,-222.9569,-222.9569;;;;
Michael;08:20:47;16:51:06;126.091,-222.9585,-222.9585;;Youthful.;Cutscene;Cutscene
Michael;08:20:47;16:51:07;126.1103,-222.9621,-222.9621;;;;
Michael;08:20:47;16:51:07;126.1164,-222.9454,-222.9454;;Lost your job and the world's moved on, huh?;Cutscene;Cutscene
Michael;08:20:47;16:51:08;126.0811,-222.944,-222.944;;;;
Michael;08:20:47;16:51:08;126.0656,-222.9623,-222.9623;;;;
Michael;08:20:47;16:51:09;126.0903,-222.9608,-222.9608;;;;
Michael;08:20:47;16:51:09;126.0826,-222.9652,-222.9652;;;;
Michael;08:20:47;16:51:10;126.0999,-222.9692,-222.9692;;That's too bad.;Cutscene;Cutscene
Michael;08:20:47;16:51:10;126.0946,-222.9681,-222.9681;;;;
Michael;08:20:47;16:51:11;126.0965,-222.9715,-222.9715;;I didn't lose my job.;Cutscene;Cutscene
Michael;08:20:47;16:51:11;126.1083,-222.9706,-222.9706;;;;
Michael;08:20:47;16:51:12;126.1069,-222.9581,-222.9581;;;;
Michael;08:20:47;16:51:12;126.0996,-222.9518,-222.9518;;;;
Michael;08:20:47;16:51:13;126.0965,-222.9517,-222.9517;;Of course.;Cutscene;Cutscene
Michael;08:20:47;16:51:14;126.0975,-222.9618,-222.9618;;;;
Michael;08:20:47;16:51:14;126.0841,-222.964,-222.964;;Got too old,;Cutscene;Cutscene
Michael;08:20:47;16:51:15;126.0806,-222.9581,-222.9581;;;;
Michael;08:20:47;16:51:15;126.0723,-222.9544,-222.9544;;;;
Michael;08:20:47;16:51:16;126.0719,-222.9462,-222.9462;;got outsourced.;Cutscene;Cutscene
Michael;08:20:47;16:51:16;126.0688,-222.938,-222.938;;;;
Michael;08:20:47;16:51:17;126.0813,-222.9377,-222.9377;;Same thing happened to my dad.;Cutscene;Cutscene
Michael;08:20:47;16:51:17;126.0778,-222.9396,-222.9396;;;;
Michael;08:20:47;16:51:18;126.0846,-222.9421,-222.9421;;;;
Michael;08:20:47;16:51:18;126.0758,-222.944,-222.944;;;;
Michael;08:20:47;16:51:19;126.0028,-222.9616,-222.9616;;;;
Michael;08:20:47;16:51:19;126.0364,-222.9117,-222.9117;;Now you gotta fit in with a different generation.;Cutscene;Cutscene
Michael;08:20:47;16:51:20;126.0461,-222.8023,-222.8023;;;;
Michael;08:20:47;16:51:20;125.9928,-222.8086,-222.8086;;;;
Michael;08:20:47;16:51:21;125.9502,-222.8505,-222.8505;;;;
Michael;08:20:47;16:51:21;125.8924,-222.9152,-222.9152;;;;
Michael;08:20:47;16:51:22;125.9094,-222.9011,-222.9011;;;;
Michael;08:20:47;16:51:22;125.65,-222.8136,-222.8136;;What about...;Cutscene;Cutscene
Michael;08:20:47;16:51:23;125.6492,-222.8127,-222.8127;;;;
Michael;08:20:47;16:51:23;125.6543,-222.7918,-222.7918;;;;
Michael;08:20:47;16:51:24;125.6598,-222.7937,-222.7937;;A vest and some cargo shorts?;Cutscene;Cutscene
Michael;08:20:47;16:51:24;125.6663,-222.8116,-222.8116;;;;
Michael;08:20:47;16:51:25;125.683,-222.8538,-222.8538;;;;
Michael;08:20:47;16:51:25;125.6647,-222.855,-222.855;;;;
Michael;08:20:47;16:51:26;125.6762,-222.7955,-222.7955;;;;
Michael;08:20:47;16:51:26;125.7338,-222.6631,-222.6631;;;;
Michael;08:20:47;16:51:27;125.8203,-222.4355,-222.4355;;;;
Michael;08:20:47;16:51:28;125.9405,-222.0392,-222.0392;;;;
Michael;08:20:58;16:51:28;126.2795,-221.2592,-221.2592;;;;
Michael;08:21:14;16:51:29;126.62,-220.4882,-220.4882;;;;
Michael;08:21:30;16:51:29;126.8088,-219.9149,-219.9149;;;;
Michael;08:21:46;16:51:30;126.8582,-219.7673,-219.7673;;;;
Michael;08:22:02;16:51:30;126.8582,-219.7673,-219.7673;;;;
Michael;08:22:17;16:51:31;127.4964,-218.473,-218.473;;;;
Michael;08:22:33;16:51:31;127.4964,-218.473,-218.473;;;;
Michael;08:22:49;16:51:32;127.4964,-218.473,-218.473;;;;
Michael;08:23:04;16:51:32;127.4964,-218.473,-218.473;;;;
Michael;08:23:19;16:51:33;127.4964,-218.473,-218.473;;;;
Michael;08:23:35;16:51:33;127.4964,-218.473,-218.473;;;;
Michael;08:23:50;16:51:34;127.4964,-218.473,-218.473;;;;
Michael;08:24:06;16:51:34;127.4964,-218.473,-218.473;;;;
Michael;08:24:21;16:51:35;127.4964,-218.473,-218.473;;;;
Michael;08:24:36;16:51:35;127.4964,-218.473,-218.473;;Alright.;Cutscene;Cutscene
Michael;08:24:52;16:51:36;127.4964,-218.473,-218.473;;;;
Michael;08:25:08;16:51:36;127.4964,-218.473,-218.473;;;;
Michael;08:25:23;16:51:37;127.4964,-218.473,-218.473;;Yep, that's as youthful as you're going to get.;SHOPASSISTANT;LES1A_DNAA
Michael;08:25:39;16:51:37;127.7342,-218.5272,-218.5272;;;;
Michael;08:25:54;16:51:38;128.3965,-218.6217,-218.6217;;;;
Michael;08:26:10;16:51:38;129.2115,-218.1995,-218.1995;;;;
Michael;08:26:25;16:51:39;129.6794,-216.7006,-216.7006;;;;
Michael;08:26:41;16:51:39;129.6794,-216.7006,-216.7006;;;;
Michael;08:26:56;16:51:40;129.6794,-216.7006,-216.7006;;;;
Michael;08:27:12;16:51:40;129.6794,-216.7006,-216.7006;;;;
Michael;08:27:27;16:51:41;129.6794,-216.7006,-216.7006;;;;
Michael;08:27:43;16:51:42;129.8526,-216.5723,-216.5723;;;;
Michael;08:27:58;16:51:42;130.441,-216.497,-216.497;;;;
Michael;08:28:14;16:51:43;130.1588,-217.0835,-217.0835;;;;
Michael;08:28:29;16:51:43;129.7133,-217.9736,-217.9736;;;;
Michael;08:28:45;16:51:44;129.8348,-218.4025,-218.4025;;;;
Michael;08:29:00;16:51:44;129.8348,-218.4025,-218.4025;;;;
Michael;08:29:16;16:51:45;129.8348,-218.4025,-218.4025;;;;
Michael;08:29:31;16:51:45;129.8348,-218.4025,-218.4025;;;;
Michael;08:29:47;16:51:46;129.8348,-218.4025,-218.4025;;;;
Michael;08:30:02;16:51:46;129.8348,-218.4025,-218.4025;;;;
Michael;08:30:18;16:51:47;129.8348,-218.4025,-218.4025;;;;
Michael;08:30:34;16:51:47;129.8348,-218.4025,-218.4025;;;;
Michael;08:30:49;16:51:48;129.8348,-218.4025,-218.4025;;;;
Michael;08:31:05;16:51:48;129.8348,-218.4025,-218.4025;;;;
Michael;08:31:20;16:51:49;129.8348,-218.4025,-218.4025;;;;
Michael;08:31:36;16:51:49;129.8348,-218.4025,-218.4025;;;;
Michael;08:31:52;16:51:50;129.8348,-218.4025,-218.4025;;;;
Michael;08:32:07;16:51:50;129.8348,-218.4025,-218.4025;;;;
Michael;08:32:23;16:51:51;129.8348,-218.4025,-218.4025;;;;
Michael;08:32:38;16:51:51;129.8348,-218.4025,-218.4025;;Dignity aside, I think that might just work.;SHOPASSISTANT;LES1A_DRAA
Michael;08:32:54;16:51:52;129.8259,-218.4105,-218.4105;;;;
Michael;08:33:09;16:51:52;129.3508,-218.689,-218.689;;;;
Michael;08:33:25;16:51:53;128.595,-218.3661,-218.3661;;;;
Michael;08:33:41;16:51:53;127.7867,-217.9326,-217.9326;;;;
Michael;08:33:56;16:51:54;126.8909,-217.5227,-217.5227;;;;
Michael;08:34:12;16:51:54;126.2049,-217.3221,-217.3221;;;;
Michael;08:34:27;16:51:55;125.9747,-216.4495,-216.4495;;;;
Michael;08:34:43;16:51:56;126.1768,-215.4518,-215.4518;;Good luck at the interview.;SHOPASSISTANT;LES1A_DSAA
Michael;08:34:59;16:51:56;126.5065,-214.501,-214.501;;;;
Michael;08:35:14;16:51:57;126.794,-213.54,-213.54;;;;
Michael;08:35:30;16:51:57;127.0462,-212.5597,-212.5597;;;;
Michael;08:35:45;16:51:58;127.2427,-211.6245,-211.6245;;;;
Michael;08:36:01;16:51:58;127.4221,-210.3753,-210.3753;;;;
Michael;08:36:17;16:51:59;127.1292,-208.3314,-208.3314;;;;
Michael;08:36:32;16:51:59;125.9155,-205.5932,-205.5932;;;;
Michael;08:36:48;16:52:00;124.1147,-202.6468,-202.6468;;;;
Michael;08:37:04;16:52:00;122.3223,-199.6255,-199.6255;;;;
Michael;08:37:19;16:52:01;121.0824,-197.575,-197.575;;;;
Michael;08:37:35;16:52:01;120.1714,-196.4888,-196.4888;;;;
Michael;08:37:50;16:52:02;119.6343,-195.9943,-195.9943;;;;
Michael;08:38:06;16:52:02;120.3525,-195.3602,-195.3602;;;;
Michael;08:38:21;16:52:03;120.5573,-194.9409,-194.9409;True,Sedans,TAILGATE,0,0;;;
Michael;08:38:37;16:52:03;120.5573,-194.9409,-194.9409;True,Sedans,TAILGATE,0,0;;;
Michael;08:38:52;16:52:04;120.5573,-194.9409,-194.9409;True,Sedans,TAILGATE,0,0;;;
Michael;08:39:08;16:52:04;120.5573,-194.9409,-194.9409;True,Sedans,TAILGATE,0,0;;;
Michael;08:39:23;16:52:05;120.5573,-194.9409,-194.9409;True,Sedans,TAILGATE,0,0;;;
Michael;08:39:39;16:52:05;120.7619,-195.0212,-195.0212;True,Sedans,TAILGATE,1,225995,1;;;
Michael;08:39:54;16:52:06;121.9246,-195.4786,-195.4786;True,Sedans,TAILGATE,3,728516,1;;;
Michael;08:40:10;16:52:06;124.5925,-196.5035,-196.5035;True,Sedans,TAILGATE,7,775626,1;;;
Michael;08:40:25;16:52:07;129.4622,-197.8392,-197.8392;True,Sedans,TAILGATE,10,12077,0;;;
Michael;08:40:41;16:52:07;134.4963,-198.7344,-198.7344;True,Sedans,TAILGATE,10,76664,1;;;
Michael;08:40:57;16:52:08;140.3564,-199.7504,-199.7504;True,Sedans,TAILGATE,11,46157,1;;;
Michael;08:41:12;16:52:08;146.7428,-200.8587,-200.8587;True,Sedans,TAILGATE,13,46951,1;;;
Michael;08:41:28;16:52:09;154.4869,-202.1354,-202.1354;True,Sedans,TAILGATE,16,86258,0;;;
Michael;08:41:43;16:52:10;162.5065,-203.7421,-203.7421;True,Sedans,TAILGATE,14,91749,0;;;
Michael;08:41:59;16:52:10;169.472,-205.9955,-205.9955;True,Sedans,TAILGATE,13,11957,0;;;
Michael;08:42:14;16:52:11;175.7951,-206.8929,-206.8929;True,Sedans,TAILGATE,11,41695,0;;;
Michael;08:42:30;16:52:11;181.3329,-207.1437,-207.1437;True,Sedans,TAILGATE,10,58033,0;;;
Michael;08:42:45;16:52:12;186.3507,-208.5183,-208.5183;True,Sedans,TAILGATE,10,57242,1;;;
Michael;08:43:01;16:52:12;191.9351,-210.0519,-210.0519;True,Sedans,TAILGATE,10,58119,0;;;
Michael;08:43:17;16:52:13;196.9113,-210.9566,-210.9566;True,Sedans,TAILGATE,8,89298,0;;;
Michael;08:43:32;16:52:13;201.0433,-211.6941,-211.6941;True,Sedans,TAILGATE,7,506414,0;;;
Michael;08:43:48;16:52:14;204.3914,-212.4907,-212.4907;True,Sedans,TAILGATE,5,734731,0;;;
Michael;08:44:03;16:52:14;206.8646,-213.0945,-213.0945;True,Sedans,TAILGATE,4,120132,0;Michael.;MICHAEL;LES1A_BHAB
Michael;08:44:19;16:52:15;208.4289,-213.4804,-213.4804;True,Sedans,TAILGATE,0,5113106,0;I'm all dressed up. Now, you wanna run me through this thing?;MICHAEL;LES1A_BHAB
Michael;08:44:35;16:52:15;208.4431,-213.4887,-213.4887;True,Sedans,TAILGATE,0,0;;;
Michael;08:44:50;16:52:16;208.4715,-213.4956,-213.4956;True,Sedans,TAILGATE,0,4011198,1;;;
Michael;08:45:06;16:52:16;209.1843,-213.6699,-213.6699;True,Sedans,TAILGATE,2,52644,1;;;
Michael;08:45:21;16:52:17;210.8164,-213.6493,-213.6493;True,Sedans,TAILGATE,2,947797,0;;;
Michael;08:45:37;16:52:17;212.4126,-212.9287,-212.9287;True,Sedans,TAILGATE,4,569722,1;;;
Michael;08:45:53;16:52:18;214.23,-210.7924,-210.7924;True,Sedans,TAILGATE,5,298631,0;The prototype is somewhere in the Lifeinvader office. Find it, and fit it with the device in your bag.;LESTER;LES1A_BHAC
Michael;08:46:08;16:52:18;214.4585,-208.5891,-208.5891;True,Sedans,TAILGATE,3,647544,0;;;
Michael;08:46:24;16:52:19;213.7836,-206.7889,-206.7889;True,Sedans,TAILGATE,4,685449,1;;;
Michael;08:46:39;16:52:19;211.6153,-204.7854,-204.7854;True,Sedans,TAILGATE,6,868741,1;;;
Michael;08:46:55;16:52:20;207.4183,-204.0955,-204.0955;True,Sedans,TAILGATE,10,32605,1;;;
Michael;08:47:10;16:52:20;201.6184,-203.1987,-203.1987;True,Sedans,TAILGATE,11,44271,1;;;
Michael;08:47:26;16:52:21;195.4184,-201.5529,-201.5529;True,Sedans,TAILGATE,13,22117,1;;;
Michael;08:47:41;16:52:21;188.4405,-199.0493,-199.0493;True,Sedans,TAILGATE,15,37579,1;;;
Michael;08:47:57;16:52:22;180.0538,-195.8735,-195.8735;True,Sedans,TAILGATE,17,37251,0;;;
Michael;08:48:13;16:52:23;171.7256,-192.7935,-192.7935;True,Sedans,TAILGATE,16,85844,1;They just gonna let me in?;MICHAEL;LES1A_BHAD
Michael;08:48:28;16:52:23;163.8609,-189.4295,-189.4295;True,Sedans,TAILGATE,15,55226,0;;;
Michael;08:48:44;16:52:24;156.7107,-187.053,-187.053;True,Sedans,TAILGATE,14,63617,1;;;
Michael;08:48:59;16:52:24;148.9817,-184.9447,-184.9447;True,Sedans,TAILGATE,16,44832,1;Why wouldn't they, if you look the part? Hang around till someone opens the door and act entitled.;LESTER;LES1A_BHAE
Michael;08:49:15;16:52:25;141.1497,-182.8268,-182.8268;True,Sedans,TAILGATE,15,00357,1;;;
Michael;08:49:30;16:52:25;133.9617,-180.8512,-180.8512;True,Sedans,TAILGATE,14,14509,1;;;
Michael;08:49:45;16:52:26;126.6864,-178.1122,-178.1122;True,Sedans,TAILGATE,15,88447,1;;;
Michael;08:50:01;16:52:26;118.6055,-174.7397,-174.7397;True,Sedans,TAILGATE,16,89694,0;;;
Michael;08:50:16;16:52:27;110.927,-171.7283,-171.7283;True,Sedans,TAILGATE,15,04064,0;;;
Michael;08:50:32;16:52:27;104.1359,-169.0915,-169.0915;True,Sedans,TAILGATE,13,22272,0;;;
Michael;08:50:47;16:52:28;99.33464,-167.2234,-167.2234;True,Sedans,TAILGATE,4,676977,0;;;
Michael;08:51:03;16:52:28;98.22932,-166.7905,-166.7905;True,Sedans,TAILGATE,1,356808,0;;;
Michael;08:51:18;16:52:29;97.94722,-166.6889,-166.6889;True,Sedans,TAILGATE,0,01068375,0;;;
Michael;08:51:34;16:52:29;97.93035,-166.6824,-166.6824;True,Sedans,TAILGATE,0,3171408,1;Fine.;MICHAEL;LES1A_BHAF
Michael;08:51:49;16:52:30;97.32502,-166.4437,-166.4437;True,Sedans,TAILGATE,2,28229,1;;;
Michael;08:52:05;16:52:30;95.52979,-165.729,-165.729;True,Sedans,TAILGATE,5,371411,1;;;
Michael;08:52:20;16:52:31;91.80992,-164.2755,-164.2755;True,Sedans,TAILGATE,9,021528,0;;;
Michael;08:52:36;16:52:31;87.94531,-162.7745,-162.7745;True,Sedans,TAILGATE,7,247828,0;;;
Michael;08:52:52;16:52:32;84.19652,-161.3163,-161.3163;True,Sedans,TAILGATE,9,176286,1;;;
Michael;08:53:07;16:52:32;80.15977,-159.748,-159.748;True,Sedans,TAILGATE,8,470818,1;;;
Michael;08:53:22;16:52:33;75.1626,-157.8061,-157.8061;True,Sedans,TAILGATE,11,75442,0;;;
Michael;08:53:38;16:52:33;69.58678,-155.673,-155.673;True,Sedans,TAILGATE,12,31229,1;;;
Michael;08:53:53;16:52:34;63.09696,-153.6072,-153.6072;True,Sedans,TAILGATE,14,08828,1;;;
Michael;08:54:09;16:52:34;55.75957,-151.0955,-151.0955;True,Sedans,TAILGATE,15,85634,1;;;
Michael;08:54:24;16:52:35;47.56897,-148.2757,-148.2757;True,Sedans,TAILGATE,17,64856,1;;;
Michael;08:54:40;16:52:35;38.61592,-144.7982,-144.7982;True,Sedans,TAILGATE,19,23792,1;;;
Michael;08:54:55;16:52:36;28.73898,-141.7578,-141.7578;True,Sedans,TAILGATE,20,81589,1;;;
Michael;08:55:11;16:52:36;18.33585,-138.0715,-138.0715;True,Sedans,TAILGATE,21,68607,0;;;
Michael;08:55:26;16:52:37;8.300508,-133.9182,-133.9182;True,Sedans,TAILGATE,20,23492,0;;;
Michael;08:55:42;16:52:37;-1.019161,-130.7494,-130.7494;True,Sedans,TAILGATE,18,24786,0;;;
Michael;08:55:57;16:52:38;-9.350633,-127.6025,-127.6025;True,Sedans,TAILGATE,16,20076,0;;;
Michael;08:56:13;16:52:39;-16.65298,-124.6234,-124.6234;True,Sedans,TAILGATE,14,12029,0;;;
Michael;08:56:28;16:52:39;-23.15071,-122.5229,-122.5229;True,Sedans,TAILGATE,12,24517,0;;;
Michael;08:56:44;16:52:40;-28.52279,-120.3537,-120.3537;True,Sedans,TAILGATE,10,28559,0;;;
Michael;08:57:00;16:52:40;-33.21704,-118.8689,-118.8689;True,Sedans,TAILGATE,9,775122,1;;;
Michael;08:57:15;16:52:41;-38.24118,-117.5362,-117.5362;True,Sedans,TAILGATE,9,355828,0;;;
Michael;08:57:31;16:52:41;-42.37871,-116.3607,-116.3607;True,Sedans,TAILGATE,7,166697,0;;;
Michael;08:57:46;16:52:42;-45.60546,-115.114,-115.114;True,Sedans,TAILGATE,6,251762,0;;;
Michael;08:58:02;16:52:42;-48.91448,-114.1514,-114.1514;True,Sedans,TAILGATE,8,03677,1;;;
Michael;08:58:17;16:52:43;-53.99174,-112.8919,-112.8919;True,Sedans,TAILGATE,11,84015,0;;;
Michael;08:58:33;16:52:43;-59.73418,-111.2611,-111.2611;True,Sedans,TAILGATE,12,27942,1;;;
Michael;08:58:48;16:52:44;-65.97587,-108.3066,-108.3066;True,Sedans,TAILGATE,14,18987,1;;;
Michael;08:59:04;16:52:44;-73.18251,-105.1554,-105.1554;True,Sedans,TAILGATE,16,11308,1;;;
Michael;08:59:19;16:52:45;-81.52108,-102.4964,-102.4964;True,Sedans,TAILGATE,17,92792,1;;;
Michael;08:59:35;16:52:45;-90.89363,-99.76667,-99.76667;True,Sedans,TAILGATE,19,59999,0;;;
Michael;08:59:50;16:52:46;-100.0756,-96.67951,-96.67951;True,Sedans,TAILGATE,18,43577,1;;;
Michael;09:00:06;16:52:46;-109.2121,-92.9657,-92.9657;True,Sedans,TAILGATE,19,20488,1;;;
Michael;09:00:21;16:52:47;-118.8843,-88.95215,-88.95215;True,Sedans,TAILGATE,21,22759,1;;;
Michael;09:00:37;16:52:47;-129.5479,-84.70396,-84.70396;True,Sedans,TAILGATE,22,87611,1;;;
Michael;09:00:52;16:52:48;-141.1584,-81.05975,-81.05975;True,Sedans,TAILGATE,24,22853,1;;;
Michael;09:01:08;16:52:48;-152.7762,-76.72523,-76.72523;True,Sedans,TAILGATE,23,60013,0;;;
Michael;09:01:23;16:52:49;-164.2874,-73.05625,-73.05625;True,Sedans,TAILGATE,24,19381,1;;;
Michael;09:01:39;16:52:49;-175.9783,-68.5266,-68.5266;True,Sedans,TAILGATE,23,46507,0;;;
Michael;09:01:55;16:52:50;-187.0477,-64.64201,-64.64201;True,Sedans,TAILGATE,21,75738,0;;;
Michael;09:02:10;16:52:50;-197.1112,-60.45613,-60.45613;True,Sedans,TAILGATE,20,00818,0;;;
Michael;09:02:26;16:52:51;-205.8464,-55.67123,-55.67123;True,Sedans,TAILGATE,18,39049,0;;;
Michael;09:02:41;16:52:51;-213.7018,-51.87881,-51.87881;True,Sedans,TAILGATE,15,13988,0;;;
Michael;09:02:57;16:52:52;-220.7967,-49.79489,-49.79489;True,Sedans,TAILGATE,13,27911,0;;;
Michael;09:03:13;16:52:53;-226.3082,-47.7081,-47.7081;True,Sedans,TAILGATE,7,112015,0;;;
Michael;09:03:28;16:52:53;-227.6186,-47.14138,-47.14138;True,Sedans,TAILGATE,0,9888917,0;;;
Michael;09:03:44;16:52:54;-227.7588,-47.05381,-47.05381;True,Sedans,TAILGATE,0,01065007,0;;;
Michael;09:03:59;16:52:54;-227.7583,-47.05346,-47.05346;True,Sedans,TAILGATE,0,0259378,1;;;
Michael;09:04:15;16:52:55;-228.1847,-46.87281,-46.87281;True,Sedans,TAILGATE,1,981959,1;;;
Michael;09:04:30;16:52:55;-229.8484,-46.17465,-46.17465;True,Sedans,TAILGATE,5,279039,1;;;
Michael;09:04:46;16:52:56;-233.7755,-44.64404,-44.64404;True,Sedans,TAILGATE,10,61776,1;;;
Michael;09:05:01;16:52:56;-239.3894,-42.85822,-42.85822;True,Sedans,TAILGATE,11,58469,1;;;
Michael;09:05:17;16:52:57;-245.4271,-41.65001,-41.65001;True,Sedans,TAILGATE,11,25048,0;;;
Michael;09:05:32;16:52:57;-250.4564,-41.38034,-41.38034;True,Sedans,TAILGATE,5,944717,0;;;
Michael;09:05:48;16:52:58;-251.9268,-41.1146,-41.1146;True,Sedans,TAILGATE,2,306967,1;;;
Michael;09:06:03;16:52:58;-253.7109,-40.53034,-40.53034;True,Sedans,TAILGATE,5,386653,1;;;
Michael;09:06:19;16:52:59;-257.4298,-39.46069,-39.46069;True,Sedans,TAILGATE,9,518426,1;;;
Michael;09:06:34;16:52:59;-262.6977,-37.52865,-37.52865;True,Sedans,TAILGATE,11,25933,0;;;
Michael;09:06:50;16:53:00;-268.6415,-35.90754,-35.90754;True,Sedans,TAILGATE,12,7731,1;;;
Michael;09:07:05;16:53:00;-275.5772,-34.22535,-34.22535;True,Sedans,TAILGATE,14,91198,1;;;
Michael;09:07:21;16:53:01;-283.6813,-32.14519,-32.14519;True,Sedans,TAILGATE,17,64214,1;;;
Michael;09:07:37;16:53:01;-293.131,-28.75034,-28.75034;True,Sedans,TAILGATE,20,46868,1;;;
Michael;09:07:52;16:53:02;-303.5009,-24.71866,-24.71866;True,Sedans,TAILGATE,21,69485,0;;;
Michael;09:08:08;16:53:02;-313.9664,-20.67582,-20.67582;True,Sedans,TAILGATE,21,18705,0;;;
Michael;09:08:24;16:53:03;-324.125,-17.08111,-17.08111;True,Sedans,TAILGATE,20,04514,1;;;
Michael;09:08:39;16:53:03;-334.5007,-13.95849,-13.95849;True,Sedans,TAILGATE,21,77686,1;;;
Michael;09:08:55;16:53:04;-345.0305,-10.74078,-10.74078;True,Sedans,TAILGATE,20,44165,0;;;
Michael;09:09:10;16:53:04;-354.6192,-7.466599,-7.466599;True,Sedans,TAILGATE,18,69772,0;;;
Michael;09:09:26;16:53:05;-363.3714,-4.42772,-4.42772;True,Sedans,TAILGATE,18,11219,1;;;
Michael;09:09:41;16:53:05;-372.1598,-1.353093,-1.353093;True,Sedans,TAILGATE,17,53227,0;;;
Michael;09:09:57;16:53:06;-380.6224,1.489509,1.489509;True,Sedans,TAILGATE,16,63459,1;;;
Michael;09:10:12;16:53:07;-389.0478,2.921639,2.921639;True,Sedans,TAILGATE,16,92129,1;;;
Michael;09:10:28;16:53:07;-398.3396,3.605413,3.605413;True,Sedans,TAILGATE,18,77831,1;;;
Michael;09:10:44;16:53:08;-408.3268,4.985167,4.985167;True,Sedans,TAILGATE,20,08599,1;;;
Michael;09:10:59;16:53:08;-419.0893,5.863749,5.863749;True,Sedans,TAILGATE,21,91937,1;;;
Michael;09:11:15;16:53:09;-430.5182,6.708944,6.708944;True,Sedans,TAILGATE,21,43192,0;;;
Michael;09:11:30;16:53:09;-441.7765,7.185677,7.185677;True,Sedans,TAILGATE,22,51801,1;;;
Michael;09:11:45;16:53:10;-452.7523,7.96982,7.96982;True,Sedans,TAILGATE,20,9243,0;;;
Michael;09:12:01;16:53:10;-463.2946,8.249561,8.249561;True,Sedans,TAILGATE,19,13967,0;;;
Michael;09:12:16;16:53:11;-472.7418,8.489248,8.489248;True,Sedans,TAILGATE,17,52887,0;;;
Michael;09:12:32;16:53:11;-481.2498,8.869592,8.869592;True,Sedans,TAILGATE,15,73569,0;;;
Michael;09:12:47;16:53:12;-488.8817,9.661077,9.661077;True,Sedans,TAILGATE,14,01749,0;;;
Michael;09:13:03;16:53:12;-495.6481,10.37327,10.37327;True,Sedans,TAILGATE,12,29506,0;;;
Michael;09:13:18;16:53:13;-501.5858,10.53861,10.53861;True,Sedans,TAILGATE,10,47913,0;;;
Michael;09:13:34;16:53:13;-507.0696,11.07485,11.07485;True,Sedans,TAILGATE,11,39252,0;;;
Michael;09:13:50;16:53:14;-512.8022,11.40111,11.40111;True,Sedans,TAILGATE,11,87275,0;;;
Michael;09:14:05;16:53:14;-518.6607,11.63825,11.63825;True,Sedans,TAILGATE,11,61492,1;;;
Michael;09:14:21;16:53:15;-525.0359,11.8932,11.8932;True,Sedans,TAILGATE,12,03703,1;;;
Michael;09:14:36;16:53:15;-531.7954,12.16527,12.16527;True,Sedans,TAILGATE,13,99883,1;;;
Michael;09:14:52;16:53:16;-539.2226,12.46407,12.46407;True,Sedans,TAILGATE,13,7729,0;;;
Michael;09:15:08;16:53:16;-545.7997,12.4717,12.4717;True,Sedans,TAILGATE,9,878783,0;;;
Michael;09:15:23;16:53:17;-549.869,12.04796,12.04796;True,Sedans,TAILGATE,7,046784,0;;;
Michael;09:15:39;16:53:17;-553.4031,11.58582,11.58582;True,Sedans,TAILGATE,6,164587,0;;;
Michael;09:15:54;16:53:18;-556.6008,11.19844,11.19844;True,Sedans,TAILGATE,6,155065,0;;;
Michael;09:16:10;16:53:18;-559.8509,10.81488,10.81488;True,Sedans,TAILGATE,6,11301,1;;;
Michael;09:16:25;16:53:19;-563.6419,10.38006,10.38006;True,Sedans,TAILGATE,8,962997,1;;;
Michael;09:16:41;16:53:19;-568.5367,9.701301,9.701301;True,Sedans,TAILGATE,8,827139,0;;;
Michael;09:16:56;16:53:20;-573.1013,8.912271,8.912271;True,Sedans,TAILGATE,9,122289,0;;;
Michael;09:17:12;16:53:20;-577.704,8.400843,8.400843;True,Sedans,TAILGATE,8,809468,0;;;
Michael;09:17:27;16:53:21;-582.1306,7.850603,7.850603;True,Sedans,TAILGATE,8,568529,0;;;
Michael;09:17:43;16:53:22;-587.3322,7.262362,7.262362;True,Sedans,TAILGATE,10,65475,0;;;
Michael;09:17:58;16:53:22;-592.4798,6.265998,6.265998;True,Sedans,TAILGATE,10,61207,1;;;
Michael;09:18:14;16:53:23;-598.4276,5.573848,5.573848;True,Sedans,TAILGATE,11,66692,1;;;
Michael;09:18:30;16:53:23;-604.2966,4.618658,4.618658;True,Sedans,TAILGATE,12,1058,1;;;
Michael;09:18:45;16:53:24;-611.059,3.413672,3.413672;True,Sedans,TAILGATE,14,09697,0;;;
Michael;09:19:01;16:53:24;-617.9226,2.297056,2.297056;True,Sedans,TAILGATE,12,67576,0;;;
Michael;09:19:16;16:53:25;-624.4216,1.3229,1.3229;True,Sedans,TAILGATE,13,5878,1;;;
Michael;09:19:32;16:53:25;-631.9846,0.3356922,0.3356922;True,Sedans,TAILGATE,15,70535,1;;;
Michael;09:19:48;16:53:26;-640.8026,-0.1087027,-0.1087027;True,Sedans,TAILGATE,17,91848,1;;;
Michael;09:20:03;16:53:26;-650.6567,-0.363941,-0.363941;True,Sedans,TAILGATE,19,93773,1;;;
Michael;09:20:19;16:53:27;-660.5475,-0.9968437,-0.9968437;True,Sedans,TAILGATE,18,85378,1;;;
Michael;09:20:34;16:53:27;-669.9254,-2.605219,-2.605219;True,Sedans,TAILGATE,17,78908,0;;;
Michael;09:20:50;16:53:28;-678.4843,-4.785973,-4.785973;True,Sedans,TAILGATE,16,11548,0;;;
Michael;09:21:06;16:53:28;-686.1868,-6.708827,-6.708827;True,Sedans,TAILGATE,14,53816,0;;;
Michael;09:21:21;16:53:29;-692.8529,-8.665322,-8.665322;True,Sedans,TAILGATE,12,60653,0;;;
Michael;09:21:36;16:53:29;-698.1312,-11.12899,-11.12899;True,Sedans,TAILGATE,7,95284,0;;;
Michael;09:21:52;16:53:30;-700.5764,-12.40201,-12.40201;True,Sedans,TAILGATE,2,798477,0;;;
Michael;09:22:07;16:53:30;-700.7385,-12.59031,-12.59031;True,Sedans,TAILGATE,0,1202486,0;;;
Michael;09:22:23;16:53:31;-700.7596,-12.61912,-12.61912;True,Sedans,TAILGATE,0,4311887,1;;;
Michael;09:22:39;16:53:31;-701.4515,-12.96387,-12.96387;True,Sedans,TAILGATE,2,678971,1;;;
Michael;09:22:54;16:53:32;-703.4768,-13.96684,-13.96684;True,Sedans,TAILGATE,6,298862,1;;;
Michael;09:23:10;16:53:32;-707.6964,-16.09759,-16.09759;True,Sedans,TAILGATE,11,86721,1;;;
Michael;09:23:25;16:53:33;-713.1819,-18.85162,-18.85162;True,Sedans,TAILGATE,12,3178,1;;;
Michael;09:23:41;16:53:33;-719.3756,-21.93201,-21.93201;True,Sedans,TAILGATE,14,3347,1;;;
Michael;09:23:56;16:53:34;-726.4742,-25.40192,-25.40192;True,Sedans,TAILGATE,16,34826,1;;;
Michael;09:24:12;16:53:34;-734.5828,-29.592,-29.592;True,Sedans,TAILGATE,18,37303,1;;;
Michael;09:24:27;16:53:35;-743.3206,-34.71923,-34.71923;True,Sedans,TAILGATE,20,73751,1;;;
Michael;09:24:43;16:53:36;-752.252,-39.93766,-39.93766;True,Sedans,TAILGATE,18,9032,0;;;
Michael;09:24:59;16:53:36;-760.5945,-43.97066,-43.97066;True,Sedans,TAILGATE,17,25621,1;;;
Michael;09:25:14;16:53:37;-768.8955,-47.64396,-47.64396;True,Sedans,TAILGATE,17,81006,1;;;
Michael;09:25:30;16:53:37;-777.5446,-51.41359,-51.41359;True,Sedans,TAILGATE,17,46734,0;;;
Michael;09:25:45;16:53:38;-785.4878,-55.35662,-55.35662;True,Sedans,TAILGATE,16,36917,0;;;
Michael;09:26:01;16:53:38;-793.0058,-59.63368,-59.63368;True,Sedans,TAILGATE,17,7144,1;;;
Michael;09:26:16;16:53:39;-801.7524,-64.23721,-64.23721;True,Sedans,TAILGATE,19,52846,0;;;
Michael;09:26:32;16:53:39;-809.8282,-70.11087,-70.11087;True,Sedans,TAILGATE,19,91861,1;;;
Michael;09:26:47;16:53:40;-818.0533,-76.27275,-76.27275;True,Sedans,TAILGATE,18,80849,0;;;
Michael;09:27:03;16:53:40;-826.0204,-80.91985,-80.91985;True,Sedans,TAILGATE,17,09601,0;;;
Michael;09:27:18;16:53:41;-833.6495,-85.60358,-85.60358;True,Sedans,TAILGATE,17,70891,0;;;
Michael;09:27:34;16:53:41;-841.7458,-89.76942,-89.76942;True,Sedans,TAILGATE,17,83098,1;;;
Michael;09:27:50;16:53:42;-850.0039,-94.70419,-94.70419;True,Sedans,TAILGATE,19,11137,0;;;
Michael;09:28:05;16:53:42;-858.2514,-99.73447,-99.73447;True,Sedans,TAILGATE,18,89584,1;;;
Michael;09:28:21;16:53:43;-867.4155,-103.6837,-103.6837;True,Sedans,TAILGATE,20,03068,1;;;
Michael;09:28:36;16:53:43;-877.3151,-108.0286,-108.0286;True,Sedans,TAILGATE,21,85941,1;;;
Michael;09:28:52;16:53:44;-887.9107,-113.1682,-113.1682;True,Sedans,TAILGATE,22,97435,1;;;
Michael;09:29:08;16:53:44;-898.6621,-118.7379,-118.7379;True,Sedans,TAILGATE,23,02577,1;;;
Michael;09:29:23;16:53:45;-909.1456,-124.1898,-124.1898;True,Sedans,TAILGATE,22,5897,1;;;
Michael;09:29:39;16:53:45;-919.5132,-129.5817,-129.5817;True,Sedans,TAILGATE,22,48842,0;;;
Michael;09:29:54;16:53:46;-929.7295,-134.8708,-134.8708;True,Sedans,TAILGATE,21,66817,0;;;
Michael;09:30:10;16:53:46;-939.5907,-139.9904,-139.9904;True,Sedans,TAILGATE,20,17019,0;;;
Michael;09:30:26;16:53:47;-947.9698,-145.2624,-145.2624;True,Sedans,TAILGATE,18,01027,0;;;
Michael;09:30:41;16:53:47;-955.7145,-149.7301,-149.7301;True,Sedans,TAILGATE,17,31306,0;;;
Michael;09:30:57;16:53:48;-963.5029,-153.9103,-153.9103;True,Sedans,TAILGATE,16,82865,1;;;
Michael;09:31:12;16:53:48;-971.1849,-158.0231,-158.0231;True,Sedans,TAILGATE,17,01867,0;;;
Michael;09:31:27;16:53:49;-978.8906,-162.1509,-162.1509;True,Sedans,TAILGATE,17,01898,1;;;
Michael;09:31:43;16:53:50;-986.5789,-166.2648,-166.2648;True,Sedans,TAILGATE,17,16991,1;;;
Michael;09:31:58;16:53:50;-994.1711,-170.3269,-170.3269;True,Sedans,TAILGATE,15,90647,0;;;
Michael;09:32:14;16:53:51;-1000.937,-173.9476,-173.9476;True,Sedans,TAILGATE,14,12691,0;;;
Michael;09:32:29;16:53:51;-1005.945,-176.6276,-176.6276;True,Sedans,TAILGATE,5,758111,0;;;
Michael;09:32:45;16:53:52;-1007.34,-177.3736,-177.3736;True,Sedans,TAILGATE,2,095891,0;;;
Michael;09:33:00;16:53:52;-1007.915,-177.6806,-177.6806;True,Sedans,TAILGATE,0,4837688,0;;;
Michael;09:33:15;16:53:53;-1007.945,-177.6962,-177.6962;True,Sedans,TAILGATE,0,0;;;
Michael;09:33:31;16:53:53;-1008.189,-177.8263,-177.8263;True,Sedans,TAILGATE,1,372756,1;;;
Michael;09:33:46;16:53:54;-1009.358,-178.4515,-178.4515;True,Sedans,TAILGATE,3,920503,1;;;
Michael;09:34:02;16:53:54;-1012.087,-179.912,-179.912;True,Sedans,TAILGATE,8,286584,1;;;
Michael;09:34:18;16:53:55;-1016.985,-182.5331,-182.5331;True,Sedans,TAILGATE,11,4024,0;;;
Michael;09:34:33;16:53:55;-1022.516,-185.5135,-185.5135;True,Sedans,TAILGATE,13,18688,1;;;
Michael;09:34:49;16:53:56;-1029.158,-189.0216,-189.0216;True,Sedans,TAILGATE,15,46936,0;;;
Michael;09:35:04;16:53:56;-1035.86,-192.5183,-192.5183;True,Sedans,TAILGATE,13,52957,0;;;
Michael;09:35:20;16:53:57;-1042,-194.4493,-194.4493;True,Sedans,TAILGATE,11,49571,0;;;
Michael;09:35:36;16:53:57;-1047.623,-196.3764,-196.3764;True,Sedans,TAILGATE,10,6703,0;;;
Michael;09:35:51;16:53:58;-1052.954,-198.836,-198.836;True,Sedans,TAILGATE,12,29127,1;;;
Michael;09:36:07;16:53:58;-1058.874,-202.0998,-202.0998;True,Sedans,TAILGATE,12,59212,0;;;
Michael;09:36:23;16:53:59;-1063.941,-205.3703,-205.3703;True,Sedans,TAILGATE,10,47749,0;;;
Michael;09:36:38;16:53:59;-1068.32,-207.6537,-207.6537;True,Sedans,TAILGATE,8,769729,0;;;
Michael;09:36:54;16:54:00;-1071.991,-209.4811,-209.4811;True,Sedans,TAILGATE,7,079269,0;;;
Michael;09:37:09;16:54:00;-1074.879,-211.319,-211.319;True,Sedans,TAILGATE,5,939703,0;;;
Michael;09:37:25;16:54:01;-1076.907,-212.9484,-212.9484;True,Sedans,TAILGATE,3,780946,0;;;
Michael;09:37:40;16:54:01;-1077.887,-215.1053,-215.1053;True,Sedans,TAILGATE,6,17298,1;;;
Michael;09:37:56;16:54:02;-1077.885,-218.4368,-218.4368;True,Sedans,TAILGATE,5,965167,0;;;
Michael;09:38:12;16:54:02;-1076.353,-220.6618,-220.6618;True,Sedans,TAILGATE,4,989491,1;;;
Michael;09:38:27;16:54:03;-1074.607,-222.7467,-222.7467;True,Sedans,TAILGATE,5,188369,1;;;
Michael;09:38:43;16:54:04;-1072.012,-223.6635,-223.6635;True,Sedans,TAILGATE,4,930943,0;;;
Michael;09:38:59;16:54:04;-1069.249,-223.475,-223.475;True,Sedans,TAILGATE,6,863235,1;;;
Michael;09:39:14;16:54:05;-1065.555,-223.1862,-223.1862;True,Sedans,TAILGATE,6,353166,0;;;
Michael;09:39:30;16:54:05;-1062.865,-223.4014,-223.4014;True,Sedans,TAILGATE,4,081616,0;;;
Michael;09:39:45;16:54:06;-1061.121,-223.7696,-223.7696;True,Sedans,TAILGATE,3,384746,0;;;
Michael;09:40:01;16:54:06;-1059.978,-224.1904,-224.1904;True,Sedans,TAILGATE,1,37457,0;;;
Michael;09:40:16;16:54:07;-1059.902,-224.2804,-224.2804;True,Sedans,TAILGATE,0,04109715,0;;;
Michael;09:40:32;16:54:07;-1059.904,-224.2853,-224.2853;True,Sedans,TAILGATE,0,0;;;
Michael;09:40:48;16:54:08;-1059.903,-224.2831,-224.2831;True,Sedans,TAILGATE,0,01576676,0;;;
Michael;09:41:03;16:54:08;-1059.746,-222.8798,-222.8798;;;;
Michael;09:41:19;16:54:09;-1059.901,-222.8503,-222.8503;;;;
Michael;09:41:34;16:54:09;-1058.461,-222.177,-222.177;;;;
Michael;09:41:50;16:54:10;-1055.263,-221.628,-221.628;;;;
Michael;09:42:05;16:54:10;-1051.771,-221.8761,-221.8761;;;;
Michael;09:42:21;16:54:11;-1048.377,-221.3473,-221.3473;;;;
Michael;09:42:36;16:54:11;-1044.89,-221.1895,-221.1895;;;;
Michael;09:42:52;16:54:12;-1041.537,-222.1086,-222.1086;;;;
Michael;09:43:07;16:54:12;-1040.805,-224.2124,-224.2124;;;;
Michael;09:43:21;16:54:13;-1043.101,-226.6742,-226.6742;;;;
Michael;09:43:21;16:54:13;-1043.186,-227.2774,-227.2774;;;;
Michael;09:43:21;16:54:14;-1043.322,-227.8863,-227.8863;;;;
Michael;09:43:21;16:54:14;-1043.624,-228.3491,-228.3491;;;;
Michael;09:43:21;16:54:15;-1043.9,-228.698,-228.698;;;;
Michael;09:43:21;16:54:15;-1044.16,-229.1164,-229.1164;;;;
Michael;09:43:21;16:54:16;-1044.315,-229.294,-229.294;;;;
Michael;09:43:21;16:54:16;-1044.507,-229.4012,-229.4012;;;;
Michael;09:43:21;16:54:17;-1044.525,-229.5541,-229.5541;;;;
Michael;09:43:21;16:54:18;-1044.528,-229.5844,-229.5844;;;;
Michael;09:43:21;16:54:18;-1044.658,-229.3855,-229.3855;;;;
Michael;09:43:21;16:54:19;-1044.869,-228.9086,-228.9086;;;;
Michael;09:43:21;16:54:19;-1045.196,-228.3881,-228.3881;;;;
Michael;09:43:21;16:54:20;-1045.508,-227.9465,-227.9465;;;;
Michael;09:43:21;16:54:20;-1045.834,-227.6487,-227.6487;;;;
Michael;09:43:21;16:54:21;-1046.166,-227.5155,-227.5155;;;;
Michael;09:43:21;16:54:21;-1046.268,-227.3733,-227.3733;;;;
Michael;09:43:21;16:54:22;-1046.422,-227.2247,-227.2247;;;;
Michael;09:43:21;16:54:22;-1046.718,-227.3008,-227.3008;;;;
Michael;09:43:21;16:54:23;-1046.744,-227.3079,-227.3079;;;;
Michael;09:43:21;16:54:23;-1046.767,-227.3077,-227.3077;;;;
Michael;09:43:21;16:54:24;-1046.738,-227.2964,-227.2964;;;;
Michael;09:43:21;16:54:24;-1046.678,-227.3028,-227.3028;;;;
Michael;09:43:21;16:54:25;-1046.608,-227.2709,-227.2709;;;;
Michael;09:43:21;16:54:25;-1046.66,-227.2998,-227.2998;;Hey.;Cutscene;Cutscene
Michael;09:43:21;16:54:26;-1046.704,-227.3305,-227.3305;;;;
Michael;09:43:21;16:54:26;-1046.704,-227.3243,-227.3243;;;;
Michael;09:43:21;16:54:27;-1046.714,-227.3087,-227.3087;;;;
Michael;09:43:21;16:54:27;-1046.72,-227.3064,-227.3064;;Oh, great.;Cutscene;Cutscene
Michael;09:43:21;16:54:28;-1046.725,-227.3146,-227.3146;;;;
Michael;09:43:21;16:54:28;-1046.733,-227.321,-227.321;;;;
Michael;09:43:21;16:54:29;-1046.736,-227.3307,-227.3307;;;;
Michael;09:43:21;16:54:29;-1046.712,-227.3391,-227.3391;;;;
Michael;09:43:21;16:54:30;-1046.688,-227.3343,-227.3343;;PM's pushing for more functionality,;Cutscene;Cutscene
Michael;09:43:21;16:54:30;-1046.666,-227.3098,-227.3098;;;;
Michael;09:43:21;16:54:31;-1046.656,-227.2978,-227.2978;;;;
Michael;09:43:21;16:54:32;-1046.674,-227.3139,-227.3139;;;;
Michael;09:43:21;16:54:32;-1046.686,-227.321,-227.321;;;;
Michael;09:43:21;16:54:33;-1046.686,-227.3337,-227.3337;;;;
Michael;09:43:21;16:54:33;-1046.678,-227.3229,-227.3229;;but we are maxed.;Cutscene;Cutscene
Michael;09:43:21;16:54:34;-1046.69,-227.3239,-227.3239;;;;
Michael;09:43:21;16:54:34;-1046.679,-227.3331,-227.3331;;;;
Michael;09:43:21;16:54:35;-1046.675,-227.3267,-227.3267;;I mean if anything we have to strip features,;Cutscene;Cutscene
Michael;09:43:21;16:54:35;-1046.677,-227.3243,-227.3243;;;;
Michael;09:43:21;16:54:36;-1046.673,-227.325,-227.325;;;;
Michael;09:43:21;16:54:36;-1046.674,-227.3258,-227.3258;;;;
Michael;09:43:21;16:54:37;-1046.674,-227.3202,-227.3202;;;;
Michael;09:43:21;16:54:37;-1046.667,-227.3056,-227.3056;;especially if we're planning on releasing a fully priced update a year later.;Cutscene;Cutscene
Michael;09:43:21;16:54:38;-1046.676,-227.3029,-227.3029;;;;
Michael;09:43:21;16:54:38;-1046.694,-227.3182,-227.3182;;;;
Michael;09:43:21;16:54:39;-1046.683,-227.316,-227.316;;;;
Michael;09:43:21;16:54:39;-1046.663,-227.307,-227.307;;;;
Michael;09:43:21;16:54:40;-1046.663,-227.3102,-227.3102;;;;
Michael;09:43:21;16:54:40;-1046.669,-227.3109,-227.3109;;;;
Michael;09:43:21;16:54:41;-1046.673,-227.3102,-227.3102;;;;
Michael;09:43:21;16:54:41;-1046.672,-227.3121,-227.3121;;;;
Michael;09:43:21;16:54:42;-1046.676,-227.3164,-227.3164;;;;
Michael;09:43:21;16:54:42;-1046.675,-227.3139,-227.3139;;;;
Michael;09:43:21;16:54:43;-1046.663,-227.3039,-227.3039;;;;
Michael;09:43:21;16:54:43;-1046.67,-227.3166,-227.3166;;;;
Michael;09:43:21;16:54:44;-1046.67,-227.314,-227.314;;;;
Michael;09:43:21;16:54:44;-1046.671,-227.3168,-227.3168;;You know?;Cutscene;Cutscene
Michael;09:43:21;16:54:45;-1046.683,-227.3154,-227.3154;;Err, I mean, we're talking beta in Q4 maybe Q3.;Cutscene;Cutscene
Michael;09:43:21;16:54:46;-1046.678,-227.3108,-227.3108;;;;
Michael;09:43:21;16:54:46;-1046.669,-227.3123,-227.3123;;;;
Michael;09:43:21;16:54:47;-1046.668,-227.3113,-227.3113;;;;
Michael;09:43:21;16:54:47;-1046.674,-227.3105,-227.3105;;;;
Michael;09:43:21;16:54:48;-1046.669,-227.3071,-227.3071;;;;
Michael;09:43:21;16:54:48;-1046.668,-227.3084,-227.3084;;;;
Michael;09:43:21;16:54:49;-1046.668,-227.3108,-227.3108;;Look, milestones are one thing,;Cutscene;Cutscene
Michael;09:43:21;16:54:49;-1046.672,-227.3106,-227.3106;;;;
Michael;09:43:21;16:54:50;-1046.67,-227.3111,-227.3111;;;;
Michael;09:43:21;16:54:50;-1046.669,-227.3103,-227.3103;;;;
Michael;09:43:21;16:54:51;-1046.656,-227.3032,-227.3032;;but when design is changing its mind seemingly overnight,;Cutscene;Cutscene
Michael;09:43:21;16:54:51;-1046.6,-227.2653,-227.2653;;;;
Michael;09:43:21;16:54:52;-1046.527,-227.2103,-227.2103;;;;
Michael;09:43:21;16:54:52;-1046.482,-227.1468,-227.1468;;;;
Michael;09:43:21;16:54:53;-1046.512,-227.0363,-227.0363;;;;
Michael;09:43:21;16:54:53;-1046.45,-227.0884,-227.0884;;there's not much you can do about it...;Cutscene;Cutscene
Michael;09:43:21;16:54:54;-1046.392,-227.1816,-227.1816;;;;
Michael;09:43:21;16:54:54;-1046.358,-227.2193,-227.2193;;;;
Michael;09:43:21;16:54:55;-1046.278,-227.1825,-227.1825;;You know what I'm saying?;Cutscene;Cutscene
Michael;09:43:21;16:54:55;-1046.15,-227.0661,-227.0661;;;;
Michael;09:43:21;16:54:56;-1046.036,-226.9294,-226.9294;;Look, my Union-allocated smoke break's about up, so...;Cutscene;Cutscene
Michael;09:43:21;16:54:56;-1045.953,-226.9435,-226.9435;;;;
Michael;09:43:21;16:54:57;-1045.866,-227.0486,-227.0486;;;;
Michael;09:43:21;16:54:57;-1045.66,-227.065,-227.065;;;;
Michael;09:43:21;16:54:58;-1045.526,-226.9665,-226.9665;;;;
Michael;09:43:21;16:54:59;-1045.537,-226.8841,-226.8841;;;;
Michael;09:43:21;16:54:59;-1045.501,-226.8043,-226.8043;;;;
Michael;09:43:21;16:55:00;-1045.395,-226.8859,-226.8859;;Wait a minute, do I know you?;Cutscene;Cutscene
Michael;09:43:21;16:55:00;-1045.17,-227.1227,-227.1227;;;;
Michael;09:43:21;16:55:01;-1045.02,-227.3609,-227.3609;;;;
Michael;09:43:21;16:55:01;-1044.849,-227.3391,-227.3391;;;;
Michael;09:43:21;16:55:02;-1044.794,-227.1911,-227.1911;;;;
Michael;09:43:21;16:55:02;-1044.854,-227.0197,-227.0197;;;;
Michael;09:43:21;16:55:03;-1044.855,-226.8757,-226.8757;;Yeah, I think so.;Cutscene;Cutscene
Michael;09:43:21;16:55:03;-1044.79,-226.8702,-226.8702;;;;
Michael;09:43:21;16:55:04;-1044.71,-226.9407,-226.9407;;I-I-IT temp, right?;Cutscene;Cutscene
Michael;09:43:21;16:55:04;-1044.667,-226.9274,-226.9274;;;;
Michael;09:43:21;16:55:05;-1044.706,-226.9191,-226.9191;;;;
Michael;09:43:21;16:55:05;-1044.737,-226.917,-226.917;;;;
Michael;09:43:21;16:55:06;-1044.836,-226.8979,-226.8979;;Yeah.;Cutscene;Cutscene
Michael;09:43:21;16:55:06;-1044.859,-227.0234,-227.0234;;;;
Michael;09:43:21;16:55:07;-1044.757,-227.3798,-227.3798;;You know you gotta do something for me.;Cutscene;Cutscene
Michael;09:43:21;16:55:07;-1044.789,-227.848,-227.848;;;;
Michael;09:43:21;16:55:08;-1044.76,-228.2587,-228.2587;;;;
Michael;09:43:21;16:55:08;-1044.602,-228.7906,-228.7906;;;;
Michael;09:43:21;16:55:09;-1044.675,-229.3042,-229.3042;;Ah, you gotta put it in a ticket.;Cutscene;Cutscene
Michael;09:43:21;16:55:09;-1044.825,-229.7304,-229.7304;;;;
Michael;09:43:21;16:55:10;-1045.047,-230.0268,-230.0268;;;;
Michael;09:43:21;16:55:10;-1045.321,-230.0562,-230.0562;;;;
Michael;09:43:21;16:55:11;-1045.707,-230.1689,-230.1689;;Err...;Cutscene;Cutscene
Michael;09:43:21;16:55:11;-1046.13,-230.3063,-230.3063;;No.;Cutscene;Cutscene
Michael;09:43:21;16:55:12;-1046.457,-231.0042,-231.0042;;;;
Michael;09:43:21;16:55:13;-1046.569,-231.4574,-231.4574;;I'd like to keep this one out of the database, if you know what I mean?;Cutscene;Cutscene
Michael;09:43:21;16:55:13;-1046.755,-231.9626,-231.9626;;;;
Michael;09:43:21;16:55:14;-1046.999,-232.4538,-232.4538;;;;
Michael;09:43:21;16:55:14;-1047.749,-232.9105,-232.9105;;;;
Michael;09:43:21;16:55:15;-1048.424,-233.4303,-233.4303;;;;
Michael;09:43:21;16:55:15;-1049.041,-233.9363,-233.9363;;;;
Michael;09:43:32;16:55:16;-1049.779,-234.4677,-234.4677;;;;
Michael;09:43:48;16:55:16;-1050.514,-234.9684,-234.9684;;;;
Michael;09:44:03;16:55:17;-1051.283,-235.4408,-235.4408;;;;
Michael;09:44:19;16:55:17;-1052.026,-235.9174,-235.9174;;;;
Michael;09:44:34;16:55:18;-1052.814,-236.3549,-236.3549;;;;
Michael;09:44:50;16:55:18;-1053.558,-236.8112,-236.8112;;;;
Michael;09:45:06;16:55:19;-1054.393,-237.1349,-237.1349;;;;
Michael;09:45:21;16:55:19;-1055.218,-237.4739,-237.4739;;;;
Michael;09:45:37;16:55:20;-1056.018,-237.84,-237.84;;;;
Michael;09:45:52;16:55:20;-1056.825,-238.2093,-238.2093;;;;
Michael;09:46:08;16:55:21;-1057.666,-238.5944,-238.5944;;;;
Michael;09:46:23;16:55:21;-1058.468,-238.9616,-238.9616;;;;
Michael;09:46:39;16:55:22;-1059.276,-239.3317,-239.3317;;;;
Michael;09:46:55;16:55:22;-1060.08,-239.7,-239.7;;;;
Michael;09:47:10;16:55:23;-1060.881,-240.0666,-240.0666;;;;
Michael;09:47:27;16:55:23;-1061.735,-240.4581,-240.4581;;I'm totally becoming a tech evangelist when the big boys 'vest. Maybe not even tech, I'll evangelize anything.;LIEngineer;LES1A_CBAC
Michael;09:47:42;16:55:24;-1062.538,-240.8257,-240.8257;;;;
Michael;09:47:58;16:55:24;-1063.305,-241.238,-241.238;;;;
Michael;09:48:13;16:55:25;-1064.052,-241.7147,-241.7147;;;;
Michael;09:48:29;16:55:26;-1064.715,-242.3283,-242.3283;;;;
Michael;09:48:44;16:55:26;-1065.261,-243.0411,-243.0411;;;;
Michael;09:49:00;16:55:27;-1065.813,-243.7245,-243.7245;;;;
Michael;09:49:16;16:55:27;-1066.402,-244.3815,-244.3815;;;;
Michael;09:49:31;16:55:28;-1067.017,-245.0313,-245.0313;;;;
Michael;09:49:47;16:55:28;-1067.708,-245.5779,-245.5779;;;;
Michael;09:50:02;16:55:29;-1068.543,-245.5464,-245.5464;;;;
Michael;09:50:18;16:55:29;-1069.251,-245.1277,-245.1277;;;;
Michael;09:50:33;16:55:30;-1069.85,-244.6015,-244.6015;;;;
Michael;09:50:49;16:55:30;-1070.364,-244.0226,-244.0226;;;;
Michael;09:51:04;16:55:31;-1070.853,-243.3999,-243.3999;;;;
Michael;09:51:20;16:55:31;-1071.467,-242.7879,-242.7879;;;;
Michael;09:51:35;16:55:32;-1072.267,-242.4305,-242.4305;;;;
Michael;09:51:51;16:55:32;-1073.072,-242.3041,-242.3041;;;;
Michael;09:52:06;16:55:33;-1073.869,-242.4346,-242.4346;;;;
Michael;09:52:22;16:55:33;-1074.566,-242.7916,-242.7916;;;;
Michael;09:52:37;16:55:34;-1075.367,-243.1258,-243.1258;;;;
Michael;09:52:53;16:55:34;-1076.101,-243.6533,-243.6533;;;;
Michael;09:53:09;16:55:35;-1076.663,-244.3546,-244.3546;;;;
Michael;09:53:24;16:55:35;-1076.754,-245.2205,-245.2205;;;;
Michael;09:53:40;16:55:36;-1076.588,-246.1111,-246.1111;;;;
Michael;09:53:55;16:55:36;-1076.374,-246.9662,-246.9662;;;;
Michael;09:54:11;16:55:37;-1076.032,-247.7857,-247.7857;;;;
Michael;09:54:26;16:55:37;-1075.416,-248.4301,-248.4301;;;;
Michael;09:54:42;16:55:38;-1074.69,-248.9388,-248.9388;;;;
Michael;09:54:58;16:55:38;-1073.944,-249.4171,-249.4171;;;;
Michael;09:55:13;16:55:39;-1073.112,-249.5742,-249.5742;;;;
Michael;09:55:29;16:55:40;-1072.255,-249.2921,-249.2921;;;;
Michael;09:55:45;16:55:40;-1071.428,-248.9436,-248.9436;;;;
Michael;09:56:00;16:55:41;-1070.615,-248.604,-248.604;;;;
Michael;09:56:16;16:55:41;-1069.802,-248.2066,-248.2066;;;;
Michael;09:56:31;16:55:42;-1069.01,-247.7891,-247.7891;;;;
Michael;09:56:47;16:55:42;-1068.232,-247.3473,-247.3473;;;;
Michael;09:57:03;16:55:43;-1067.456,-246.9139,-246.9139;;;;
Michael;09:57:18;16:55:43;-1066.75,-246.3632,-246.3632;;;;
Michael;09:57:34;16:55:44;-1066.087,-245.758,-245.758;;;;
Michael;09:57:49;16:55:44;-1065.383,-245.2154,-245.2154;;;;
Michael;09:58:05;16:55:45;-1064.679,-244.6967,-244.6967;;;;
Michael;09:58:20;16:55:45;-1063.909,-244.2485,-244.2485;;;;
Michael;09:58:27;16:55:46;-1062.866,-244.2718,-244.2718;;;;
Michael;09:58:27;16:55:46;-1062.246,-244.1965,-244.1965;;Here you go.;Cutscene;Cutscene
Michael;09:58:27;16:55:47;-1061.651,-244.1585,-244.1585;;;;
Michael;09:58:27;16:55:47;-1061.219,-244.3116,-244.3116;;;;
Michael;09:58:27;16:55:48;-1060.878,-244.4205,-244.4205;;If you guys let me use the OS I requested;Cutscene;Cutscene
Michael;09:58:27;16:55:48;-1060.666,-244.5885,-244.5885;;;;
Michael;09:58:27;16:55:49;-1060.702,-244.7215,-244.7215;;;;
Michael;09:58:27;16:55:49;-1060.691,-244.8158,-244.8158;;;;
Michael;09:58:27;16:55:50;-1060.631,-244.9183,-244.9183;;;;
Michael;09:58:27;16:55:50;-1060.577,-244.9765,-244.9765;;this wouldn't be a problem.;Cutscene;Cutscene
Michael;09:58:27;16:55:51;-1060.499,-244.9902,-244.9902;;;;
Michael;09:58:27;16:55:51;-1060.546,-245.0289,-245.0289;;;;
Michael;09:58:27;16:55:52;-1060.562,-245.0326,-245.0326;;;;
Michael;09:58:27;16:55:52;-1060.543,-245.032,-245.032;;;;
Michael;09:58:27;16:55:53;-1060.55,-245.0317,-245.0317;;;;
Michael;09:58:27;16:55:54;-1060.555,-245.0353,-245.0353;;;;
Michael;09:58:27;16:55:54;-1060.551,-245.0387,-245.0387;;;;
Michael;09:58:27;16:55:55;-1060.558,-245.0376,-245.0376;;;;
Michael;09:58:40;16:55:55;-1060.362,-244.9605,-244.9605;;You've been at it on this PC.;MICHAEL;LES1A_AAAA
Michael;09:58:55;16:55:56;-1060.362,-244.9605,-244.9605;;;;
Michael;09:59:11;16:55:56;-1060.362,-244.9605,-244.9605;;;;
Michael;09:59:26;16:55:57;-1060.362,-244.9605,-244.9605;;;;
Michael;09:59:42;16:55:57;-1060.362,-244.9605,-244.9605;;;;
Michael;09:59:57;16:55:58;-1060.362,-244.9605,-244.9605;;;;
Michael;10:00:13;16:55:58;-1060.362,-244.9605,-244.9605;;Huh, got any antivirus software?;MICHAEL;LES1A_CFAA
Michael;10:00:29;16:55:59;-1060.362,-244.9605,-244.9605;;;;
Michael;10:00:44;16:55:59;-1060.362,-244.9605,-244.9605;;;;
Michael;10:01:00;16:56:00;-1060.362,-244.9605,-244.9605;;;;
Michael;10:01:15;16:56:00;-1060.362,-244.9605,-244.9605;;;;
Michael;10:01:31;16:56:01;-1060.362,-244.9605,-244.9605;;;;
Michael;10:01:46;16:56:01;-1060.362,-244.9605,-244.9605;;I think so. Behind this junk, on the left. Clicked an NSFW link, bro. Bit me on the ass.;LIEngineer;LES1A_CFAB
Michael;10:02:02;16:56:02;-1060.362,-244.9605,-244.9605;;;;
Michael;10:02:18;16:56:02;-1060.362,-244.9605,-244.9605;;;;
Michael;10:02:33;16:56:03;-1060.362,-244.9605,-244.9605;;;;
Michael;10:02:49;16:56:03;-1060.362,-244.9605,-244.9605;;;;
Michael;10:03:04;16:56:04;-1060.362,-244.9605,-244.9605;;;;
Michael;10:03:20;16:56:04;-1060.362,-244.9605,-244.9605;;;;
Michael;10:03:35;16:56:05;-1060.362,-244.9605,-244.9605;;;;
Michael;10:03:51;16:56:05;-1060.362,-244.9605,-244.9605;;;;
Michael;10:04:06;16:56:06;-1060.362,-244.9605,-244.9605;;;;
Michael;10:04:22;16:56:06;-1060.362,-244.9605,-244.9605;;;;
Michael;10:04:37;16:56:07;-1060.362,-244.9605,-244.9605;;;;
Michael;10:04:53;16:56:08;-1060.362,-244.9605,-244.9605;;Yeah, not safe for work, eh. You know, my son's computer runs into the same kind of problems.;MICHAEL;LES1A_CFAC
Michael;10:05:09;16:56:08;-1060.362,-244.9605,-244.9605;;;;
Michael;10:05:24;16:56:09;-1060.362,-244.9605,-244.9605;;;;
Michael;10:05:40;16:56:09;-1060.362,-244.9605,-244.9605;;;;
Michael;10:05:55;16:56:10;-1060.362,-244.9605,-244.9605;;;;
Michael;10:06:11;16:56:10;-1060.362,-244.9605,-244.9605;;;;
Michael;10:06:27;16:56:11;-1060.362,-244.9605,-244.9605;;;;
Michael;10:06:42;16:56:11;-1060.362,-244.9605,-244.9605;;;;
Michael;10:06:57;16:56:12;-1060.362,-244.9605,-244.9605;;;;
Michael;10:07:13;16:56:12;-1060.362,-244.9605,-244.9605;;;;
Michael;10:07:29;16:56:13;-1060.362,-244.9605,-244.9605;;;;
Michael;10:07:44;16:56:13;-1060.362,-244.9605,-244.9605;;I'll close the popups, see what I can do.;MICHAEL;LES1A_CFAD
Michael;10:08:00;16:56:14;-1060.362,-244.9605,-244.9605;;;;
Michael;10:08:15;16:56:14;-1060.362,-244.9605,-244.9605;;;;
Michael;10:08:31;16:56:15;-1060.362,-244.9605,-244.9605;;;;
Michael;10:08:47;16:56:15;-1060.362,-244.9605,-244.9605;;;;
Michael;10:09:02;16:56:16;-1060.362,-244.9605,-244.9605;;Your son codes? Start 'em early, bro. You write your best stuff in your tweens.;LIEngineer;LES1A_CFAE
Michael;10:09:18;16:56:16;-1060.362,-244.9605,-244.9605;;;;
Michael;10:09:33;16:56:17;-1060.362,-244.9605,-244.9605;;;;
Michael;10:09:49;16:56:17;-1060.362,-244.9605,-244.9605;;;;
Michael;10:10:04;16:56:18;-1060.362,-244.9605,-244.9605;;;;
Michael;10:10:20;16:56:18;-1060.362,-244.9605,-244.9605;;;;
Michael;10:10:35;16:56:19;-1060.362,-244.9605,-244.9605;;;;
Michael;10:10:51;16:56:19;-1060.362,-244.9605,-244.9605;;;;
Michael;10:11:06;16:56:20;-1060.362,-244.9605,-244.9605;;;;
Michael;10:11:22;16:56:20;-1060.362,-244.9605,-244.9605;;;;
Michael;10:11:37;16:56:21;-1060.362,-244.9605,-244.9605;;After that it's just a hack job.;LIEngineer;LES1A_CFAF
Michael;10:11:53;16:56:22;-1060.362,-244.9605,-244.9605;;;;
Michael;10:12:08;16:56:22;-1060.362,-244.9605,-244.9605;;;;
Michael;10:12:24;16:56:23;-1060.362,-244.9605,-244.9605;;;;
Michael;10:12:40;16:56:23;-1060.362,-244.9605,-244.9605;;;;
Michael;10:12:55;16:56:24;-1060.362,-244.9605,-244.9605;;;;
Michael;10:13:11;16:56:24;-1060.362,-244.9605,-244.9605;;;;
Michael;10:13:26;16:56:25;-1060.362,-244.9605,-244.9605;;;;
Michael;10:13:42;16:56:25;-1060.362,-244.9605,-244.9605;;;;
Michael;10:13:57;16:56:26;-1060.362,-244.9605,-244.9605;;;;
Michael;10:14:13;16:56:26;-1060.362,-244.9605,-244.9605;;;;
Michael;10:14:28;16:56:27;-1060.362,-244.9605,-244.9605;;And now we scan.;MICHAEL;LES1A_CIAA
Michael;10:14:44;16:56:27;-1060.362,-244.9605,-244.9605;;;;
Michael;10:14:59;16:56:28;-1060.362,-244.9605,-244.9605;;;;
Michael;10:15:15;16:56:28;-1060.362,-244.9605,-244.9605;;There it goes.;MICHAEL;LES1A_CJAA
Michael;10:15:30;16:56:29;-1060.362,-244.9605,-244.9605;;;;
Michael;10:15:46;16:56:29;-1060.362,-244.9605,-244.9605;;;;
Michael;10:16:01;16:56:30;-1060.362,-244.9605,-244.9605;;;;
Michael;10:16:17;16:56:30;-1060.362,-244.9605,-244.9605;;;;
Michael;10:16:32;16:56:31;-1060.362,-244.9605,-244.9605;;;;
Michael;10:16:48;16:56:31;-1060.362,-244.9605,-244.9605;;;;
Michael;10:17:04;16:56:32;-1060.362,-244.9605,-244.9605;;;;
Michael;10:17:19;16:56:32;-1060.362,-244.9605,-244.9605;;;;
Michael;10:17:35;16:56:33;-1060.362,-244.9605,-244.9605;;Rocking out might get you in the right headspace.;LIEngineer;LES1A_CVAA
Michael;10:17:50;16:56:33;-1060.362,-244.9605,-244.9605;;;;
Michael;10:18:06;16:56:34;-1060.362,-244.9605,-244.9605;;;;
Michael;10:18:21;16:56:34;-1060.362,-244.9605,-244.9605;;;;
Michael;10:18:37;16:56:35;-1060.362,-244.9605,-244.9605;;;;
Michael;10:18:52;16:56:36;-1060.362,-244.9605,-244.9605;;;;
Michael;10:19:08;16:56:36;-1060.362,-244.9605,-244.9605;;;;
Michael;10:19:24;16:56:37;-1060.362,-244.9605,-244.9605;;;;
Michael;10:19:39;16:56:37;-1060.362,-244.9605,-244.9605;;Bear with me, alright?;MICHAEL;LES1A_CMAA
Michael;10:19:55;16:56:38;-1060.362,-244.9605,-244.9605;;;;
Michael;10:20:10;16:56:38;-1060.362,-244.9605,-244.9605;;;;
Michael;10:20:26;16:56:39;-1060.362,-244.9605,-244.9605;;;;
Michael;10:20:41;16:56:39;-1060.362,-244.9605,-244.9605;;;;
Michael;10:20:57;16:56:40;-1060.362,-244.9605,-244.9605;;And that should do it. Why don't you try and keep things strictly "safe for work" from now on?;MICHAEL;LES1A_AGAA
Michael;10:21:13;16:56:40;-1060.362,-244.9605,-244.9605;;;;
Michael;10:21:28;16:56:41;-1060.362,-244.9605,-244.9605;;;;
Michael;10:21:44;16:56:41;-1060.362,-244.9605,-244.9605;;;;
Michael;10:21:59;16:56:42;-1060.362,-244.9605,-244.9605;;;;
Michael;10:22:15;16:56:42;-1060.362,-244.9605,-244.9605;;;;
Michael;10:22:31;16:56:43;-1060.362,-244.9605,-244.9605;;;;
Michael;10:22:46;16:56:43;-1060.362,-244.9605,-244.9605;;;;
Michael;10:23:02;16:56:44;-1060.362,-244.9605,-244.9605;;;;
Michael;10:23:17;16:56:44;-1060.362,-244.9605,-244.9605;;;;
Michael;10:23:22;16:56:45;-1060.547,-245.0429,-245.0429;;;;
Michael;10:23:22;16:56:45;-1060.553,-245.037,-245.037;;;;
Michael;10:23:22;16:56:46;-1060.556,-245.0357,-245.0357;;;;
Michael;10:23:22;16:56:46;-1060.583,-245.0504,-245.0504;;;;
Michael;10:23:22;16:56:47;-1060.604,-245.0384,-245.0384;;Hey, have you seen the prototype in the demo room?;Cutscene;Cutscene
Michael;10:23:22;16:56:47;-1060.663,-245.0406,-245.0406;;;;
Michael;10:23:22;16:56:48;-1060.691,-245.0404,-245.0404;;;;
Michael;10:23:22;16:56:48;-1060.669,-245.0648,-245.0648;;;;
Michael;10:23:22;16:56:49;-1060.66,-245.0718,-245.0718;;When Norris announces it at the keynote,;Cutscene;Cutscene
Michael;10:23:22;16:56:50;-1060.657,-245.0755,-245.0755;;;;
Michael;10:23:22;16:56:50;-1060.666,-245.0675,-245.0675;;;;
Michael;10:23:22;16:56:51;-1060.662,-245.0756,-245.0756;;;;
Michael;10:23:22;16:56:51;-1060.656,-245.0804,-245.0804;;;;
Michael;10:23:22;16:56:52;-1060.653,-245.0803,-245.0803;;minds are gonna blow.;Cutscene;Cutscene
Michael;10:23:22;16:56:52;-1060.656,-245.0786,-245.0786;;;;
Michael;10:23:22;16:56:53;-1060.663,-245.0802,-245.0802;;;;
Michael;10:23:22;16:56:53;-1060.647,-245.0501,-245.0501;;;;
Michael;10:23:22;16:56:54;-1060.714,-244.9632,-244.9632;;Yes, they are.;Cutscene;Cutscene
Michael;10:23:22;16:56:54;-1060.933,-244.7367,-244.7367;;;;
Michael;10:23:22;16:56:55;-1061.044,-244.5028,-244.5028;;;;
Michael;10:23:22;16:56:55;-1061.104,-244.3336,-244.3336;;;;
Michael;10:23:22;16:56:56;-1061.102,-244.3335,-244.3335;;;;
Michael;10:23:22;16:56:56;-1061.102,-244.3341,-244.3341;;;;
Michael;10:23:23;16:56:57;-1061.103,-244.3336,-244.3336;;;;
Michael;10:23:38;16:56:57;-1061.412,-243.9043,-243.9043;;;;
Michael;10:23:54;16:56:58;-1061.802,-243.1338,-243.1338;;;;
Michael;10:24:09;16:56:58;-1061.723,-242.2724,-242.2724;;;;
Michael;10:24:25;16:56:59;-1061.249,-241.5288,-241.5288;;;;
Michael;10:24:40;16:56:59;-1060.618,-240.9071,-240.9071;;;;
Michael;10:24:56;16:57:00;-1059.913,-240.3683,-240.3683;;;;
Michael;10:25:11;16:57:00;-1059.159,-239.8955,-239.8955;;;;
Michael;10:25:27;16:57:01;-1058.446,-239.3604,-239.3604;;;;
Michael;10:25:42;16:57:01;-1057.781,-238.7671,-238.7671;;;;
Michael;10:25:58;16:57:02;-1057.068,-238.2242,-238.2242;;;;
Michael;10:26:14;16:57:02;-1056.296,-237.785,-237.785;;;;
Michael;10:26:29;16:57:03;-1055.535,-237.3079,-237.3079;;;;
Michael;10:26:45;16:57:04;-1055.195,-236.5198,-236.5198;;;;
Michael;10:27:01;16:57:04;-1055.205,-235.6319,-235.6319;;;;
Michael;10:27:11;16:57:05;-1055.131,-234.5136,-234.5136;;;;
Michael;10:27:11;16:57:05;-1054.897,-234.0384,-234.0384;;;;
Michael;10:27:11;16:57:06;-1054.751,-233.4868,-233.4868;;;;
Michael;10:27:11;16:57:06;-1054.61,-232.8406,-232.8406;;;;
Michael;10:27:11;16:57:07;-1054.647,-232.1652,-232.1652;;;;
Michael;10:27:11;16:57:07;-1054.56,-231.5644,-231.5644;;;;
Michael;10:27:11;16:57:08;-1054.434,-231.0312,-231.0312;;;;
Michael;10:27:11;16:57:08;-1054.223,-230.743,-230.743;;;;
Michael;10:27:11;16:57:09;-1054.09,-230.5539,-230.5539;;;;
Michael;10:27:11;16:57:09;-1054.074,-230.5549,-230.5549;;Ah... good.;Cutscene;Cutscene
Michael;10:27:11;16:57:10;-1054.065,-230.7039,-230.7039;;;;
Michael;10:27:11;16:57:10;-1053.88,-230.5995,-230.5995;;;;
Michael;10:27:11;16:57:11;-1053.75,-230.3957,-230.3957;;;;
Michael;10:27:11;16:57:11;-1053.927,-230.315,-230.315;;;;
Michael;10:27:11;16:57:12;-1053.839,-230.5888,-230.5888;;;;
Michael;10:27:11;16:57:12;-1053.763,-230.7361,-230.7361;;;;
Michael;10:27:11;16:57:13;-1053.743,-230.7721,-230.7721;;;;
Michael;10:27:11;16:57:13;-1053.728,-230.7733,-230.7733;;;;
Michael;10:27:11;16:57:14;-1053.743,-230.7663,-230.7663;;;;
Michael;10:27:11;16:57:14;-1053.726,-230.7029,-230.7029;;;;
Michael;10:27:11;16:57:15;-1053.813,-230.6895,-230.6895;;;;
Michael;10:27:11;16:57:15;-1053.955,-230.7381,-230.7381;;;;
Michael;10:27:11;16:57:16;-1053.891,-230.7391,-230.7391;;;;
Michael;10:27:11;16:57:16;-1053.81,-230.7715,-230.7715;;;;
Michael;10:27:11;16:57:17;-1053.81,-230.8166,-230.8166;;;;
Michael;10:27:11;16:57:17;-1053.843,-230.8258,-230.8258;;Oh, nice.;Cutscene;Cutscene
Michael;10:27:11;16:57:18;-1053.828,-230.7726,-230.7726;;;;
Michael;10:27:11;16:57:19;-1053.816,-230.7581,-230.7581;;;;
Michael;10:27:11;16:57:19;-1053.831,-230.7575,-230.7575;;;;
Michael;10:27:11;16:57:20;-1053.841,-230.7468,-230.7468;;;;
Michael;10:27:11;16:57:20;-1053.841,-230.7454,-230.7454;;;;
Michael;10:27:11;16:57:21;-1053.838,-230.7503,-230.7503;;;;
Michael;10:27:11;16:57:21;-1053.835,-230.7491,-230.7491;;;;
Michael;10:27:11;16:57:22;-1053.829,-230.7568,-230.7568;;;;
Michael;10:27:11;16:57:22;-1053.844,-230.7472,-230.7472;;;;
Michael;10:27:11;16:57:23;-1054.198,-230.7527,-230.7527;;;;
Michael;10:27:11;16:57:23;-1054.392,-230.9009,-230.9009;;;;
Michael;10:27:11;16:57:24;-1054.504,-231.3467,-231.3467;;;;
Michael;10:27:11;16:57:24;-1054.746,-232.1753,-232.1753;;;;
Michael;10:27:11;16:57:25;-1054.744,-233.1668,-233.1668;;;;
Michael;10:27:12;16:57:25;-1054.817,-234.0698,-234.0698;;t the building.;Cutscene;Cutscene
Michael;10:27:27;16:57:26;-1054.88,-234.9463,-234.9463;;;;
Michael;10:27:43;16:57:26;-1055.046,-235.5842,-235.5842;;;;
Michael;10:27:59;16:57:27;-1055.071,-235.8813,-235.8813;;;;
Michael;10:28:14;16:57:27;-1055.074,-235.9348,-235.9348;;;;
Michael;10:28:30;16:57:28;-1055.074,-235.9308,-235.9308;;;;
Michael;10:28:45;16:57:28;-1055.06,-235.9898,-235.9898;;;;
Michael;10:29:01;16:57:29;-1054.887,-236.5243,-236.5243;;;;
Michael;10:29:16;16:57:29;-1054.698,-237.2835,-237.2835;;;;
Michael;10:29:32;16:57:30;-1055.046,-238.0732,-238.0732;;;;
Michael;10:29:47;16:57:30;-1055.765,-238.6034,-238.6034;;;;
Michael;10:30:03;16:57:31;-1056.576,-238.9901,-238.9901;;;;
Michael;10:30:18;16:57:31;-1057.38,-239.3315,-239.3315;;;;
Michael;10:30:34;16:57:32;-1058.196,-239.6764,-239.6764;;;;
Michael;10:30:50;16:57:33;-1059.014,-240.0254,-240.0254;;Dude, when it blue screens again, you're my guy.;LIEngineer;LES1A_BLAA
Michael;10:31:05;16:57:33;-1059.82,-240.3954,-240.3954;;;;
Michael;10:31:21;16:57:34;-1060.611,-240.7879,-240.7879;;;;
Michael;10:31:37;16:57:34;-1061.38,-241.225,-241.225;;;;
Michael;10:31:52;16:57:35;-1062.177,-241.7251,-241.7251;;;;
Michael;10:32:08;16:57:35;-1062.932,-242.1733,-242.1733;;;;
Michael;10:32:23;16:57:36;-1063.681,-242.6237,-242.6237;;;;
Michael;10:32:39;16:57:36;-1064.4,-243.1423,-243.1423;;;;
Michael;10:32:54;16:57:37;-1065.037,-243.7678,-243.7678;;;;
Michael;10:33:10;16:57:37;-1065.574,-244.4923,-244.4923;;;;
Michael;10:33:26;16:57:38;-1066.038,-245.2434,-245.2434;;;;
Michael;10:33:41;16:57:38;-1066.537,-245.9732,-245.9732;;;;
Michael;10:33:57;16:57:39;-1067.109,-246.6398,-246.6398;;;;
Michael;10:34:12;16:57:39;-1067.844,-247.1444,-247.1444;;;;
Michael;10:34:28;16:57:40;-1068.61,-247.587,-247.587;;;;
Michael;10:34:43;16:57:40;-1069.397,-247.9786,-247.9786;;;;
Michael;10:34:59;16:57:41;-1070.215,-248.3059,-248.3059;;;;
Michael;10:35:15;16:57:41;-1071.038,-248.6069,-248.6069;;;;
Michael;10:35:30;16:57:42;-1071.849,-249.0005,-249.0005;;;;
Michael;10:35:46;16:57:42;-1072.637,-249.3975,-249.3975;;;;
Michael;10:36:01;16:57:43;-1073.499,-249.6612,-249.6612;;;;
Michael;10:36:17;16:57:43;-1074.327,-249.5219,-249.5219;;;;
Michael;10:36:32;16:57:44;-1074.845,-248.8139,-248.8139;;;;
Michael;10:36:48;16:57:44;-1075.218,-248.0058,-248.0058;;;;
Michael;10:37:03;16:57:45;-1075.571,-247.1879,-247.1879;;;;
Michael;10:37:19;16:57:45;-1075.977,-246.3902,-246.3902;;;;
Michael;10:37:34;16:57:46;-1076.352,-245.5962,-245.5962;;;;
Michael;10:37:50;16:57:47;-1076.445,-244.716,-244.716;;;;
Michael;10:38:06;16:57:47;-1075.967,-243.9823,-243.9823;;;;
Michael;10:38:21;16:57:48;-1075.341,-243.3368,-243.3368;;;;
Michael;10:38:37;16:57:48;-1074.717,-242.9062,-242.9062;;;;
Michael;10:38:52;16:57:49;-1074.079,-242.5945,-242.5945;;;;
Michael;10:39:08;16:57:49;-1073.393,-242.3856,-242.3856;;;;
Michael;10:39:24;16:57:50;-1072.611,-242.3062,-242.3062;;;;
Michael;10:39:39;16:57:50;-1071.747,-242.5348,-242.5348;;;;
Michael;10:39:55;16:57:51;-1071.094,-243.0176,-243.0176;;;;
Michael;10:40:10;16:57:51;-1070.627,-243.5623,-243.5623;;;;
Michael;10:40:26;16:57:52;-1070.299,-244.2011,-244.2011;;;;
Michael;10:40:41;16:57:52;-1070.084,-244.8748,-244.8748;;;;
Michael;10:40:57;16:57:53;-1069.898,-245.5491,-245.5491;;;;
Michael;10:41:12;16:57:53;-1069.89,-246.329,-246.329;;;;
Michael;10:41:28;16:57:54;-1070.2,-247.128,-247.128;;;;
Michael;10:41:43;16:57:54;-1070.701,-247.6897,-247.6897;;;;
Michael;10:41:59;16:57:55;-1071.263,-248.1347,-248.1347;;;;
Michael;10:42:15;16:57:55;-1071.872,-248.5097,-248.5097;;;;
Michael;10:42:30;16:57:56;-1072.553,-248.8398,-248.8398;;;;
Michael;10:42:46;16:57:56;-1073.362,-249.225,-249.225;;;;
Michael;10:43:01;16:57:57;-1074.148,-249.614,-249.614;;;;
Michael;10:43:17;16:57:57;-1074.911,-250.044,-250.044;;;;
Michael;10:43:32;16:57:58;-1075.688,-250.5624,-250.5624;;;;
Michael;10:43:48;16:57:58;-1076.416,-251.0798,-251.0798;;;;
Michael;10:44:03;16:57:59;-1077.103,-251.6393,-251.6393;;;;
Michael;10:44:19;16:57:59;-1077.798,-252.2116,-252.2116;;;;
Michael;10:44:35;16:58:00;-1078.567,-252.6738,-252.6738;;;;
Michael;10:44:50;16:58:01;-1079.328,-253.1361,-253.1361;;;;
Michael;10:45:06;16:58:01;-1079.935,-253.7911,-253.7911;;Hold on, I'll buzz you out.;LIReceptionist;LES1A_AHAA
Michael;10:45:21;16:58:02;-1080.576,-254.4168,-254.4168;;;;
Michael;10:45:37;16:58:02;-1081.349,-254.9141,-254.9141;;;;
Michael;10:45:52;16:58:03;-1081.999,-255.5008,-255.5008;;;;
Michael;10:46:08;16:58:03;-1082.161,-256.383,-256.383;;;;
Michael;10:46:24;16:58:04;-1082.172,-257.268,-257.268;;;;
Michael;10:46:39;16:58:04;-1082.402,-258.1202,-258.1202;;;;
Michael;10:46:55;16:58:05;-1082.352,-259.0171,-259.0171;;;;
Michael;10:47:10;16:58:05;-1082.08,-259.8817,-259.8817;;;;
Michael;10:47:26;16:58:06;-1081.323,-261.4379,-261.4379;;;;
Michael;10:47:42;16:58:06;-1079.49,-262.5122,-262.5122;;;;
Michael;10:47:57;16:58:07;-1076.193,-261.748,-261.748;;;;
Michael;10:48:13;16:58:07;-1073.833,-260.6406,-260.6406;;;;
Michael;10:48:28;16:58:08;-1072.274,-259.8497,-259.8497;;;;
Michael;10:48:44;16:58:08;-1071.611,-259.6041,-259.6041;;;;
Michael;10:49:00;16:58:09;-1071.89,-260.0556,-260.0556;;;;
Michael;10:49:15;16:58:09;-1073.009,-260.5088,-260.5088;;;;
Michael;10:49:30;16:58:10;-1075.03,-261.3611,-261.3611;;;;
Michael;10:49:46;16:58:10;-1077.897,-262.72,-262.72;;;;
Michael;10:50:02;16:58:11;-1079.58,-263.1566,-263.1566;;;;
Michael;10:50:17;16:58:11;-1081.064,-263.8761,-263.8761;;;;
Michael;10:50:33;16:58:12;-1081.912,-264.2937,-264.2937;;;;
Michael;10:50:48;16:58:12;-1082.782,-264.5571,-264.5571;;;;
Michael;10:51:04;16:58:13;-1084.403,-265.0595,-265.0595;;;;
Michael;10:51:19;16:58:14;-1086.112,-265.5248,-265.5248;;;;
Michael;10:51:35;16:58:14;-1086.671,-265.672,-265.672;;;;
Michael;10:51:50;16:58:15;-1086.765,-265.6966,-265.6966;;;;
Michael;10:52:06;16:58:15;-1086.765,-265.6966,-265.6966;;;;
Michael;10:52:15;16:58:18;-1086.765,-265.6966,-265.6966;;;;
Michael;10:52:31;16:58:18;-1086.765,-265.6966,-265.6966;;;;
Michael;10:52:46;16:58:19;-1086.836,-265.7408,-265.7408;;;;
Michael;10:53:02;16:58:19;-1087.344,-266.3495,-266.3495;;;;
Michael;10:53:17;16:58:20;-1086.944,-267.8596,-267.8596;;;;
Michael;10:53:33;16:58:21;-1086.199,-269.1338,-269.1338;;;;
Michael;10:53:48;16:58:21;-1085.959,-269.5436,-269.5436;;;;
Michael;10:54:04;16:58:22;-1085.962,-269.5407,-269.5407;;;;
Michael;10:54:19;16:58:22;-1085.962,-269.5407,-269.5407;;;;
Michael;10:54:35;16:58:23;-1085.996,-269.3668,-269.3668;;;;
Michael;10:54:50;16:58:23;-1085.502,-268.7896,-268.7896;;;;
Michael;10:55:06;16:58:24;-1084.696,-268.45,-268.45;;;;
Michael;10:55:21;16:58:24;-1083.795,-268.3882,-268.3882;;;;
Michael;10:55:37;16:58:25;-1082.937,-268.4812,-268.4812;;;;
Michael;10:55:52;16:58:25;-1082.159,-268.8687,-268.8687;;;;
Michael;10:56:08;16:58:26;-1081.56,-268.3675,-268.3675;;;;
Michael;10:56:23;16:58:26;-1080.855,-266.7104,-266.7104;;;;
Michael;10:56:39;16:58:27;-1078.95,-264.7983,-264.7983;;;;
Michael;10:56:54;16:58:27;-1077.978,-263.9904,-263.9904;;;;
Michael;10:57:10;16:58:28;-1077.817,-263.8559,-263.8559;;;;
Michael;10:57:17;16:58:35;-1077.811,-263.8515,-263.8515;;;;
Michael;10:57:32;16:58:35;-1077.811,-263.8515,-263.8515;;;;
Michael;10:57:48;16:58:36;-1077.51,-263.6313,-263.6313;;;;
Michael;10:58:03;16:58:36;-1076.81,-263.2153,-263.2153;;;;
Michael;10:58:19;16:58:37;-1075.286,-262.3797,-262.3797;;;;
Michael;10:58:34;16:58:37;-1073.289,-261.1059,-261.1059;;;;
Michael;10:58:50;16:58:38;-1070.508,-259.0836,-259.0836;;;;
Michael;10:59:06;16:58:38;-1067.554,-257.4179,-257.4179;;;;
Michael;10:59:21;16:58:39;-1064.471,-255.8917,-255.8917;;;;
Michael;10:59:37;16:58:39;-1061.396,-254.3005,-254.3005;;;;
Michael;10:59:52;16:58:40;-1058.368,-252.7556,-252.7556;;;;
Michael;11:00:08;16:58:40;-1055.245,-251.2903,-251.2903;;;;
Michael;11:00:24;16:58:41;-1052.118,-249.8199,-249.8199;;;;
Michael;11:00:39;16:58:41;-1049.015,-248.3461,-248.3461;;;;
Michael;11:00:55;16:58:42;-1045.982,-246.7676,-246.7676;;;;
Michael;11:01:10;16:58:42;-1042.972,-245.0704,-245.0704;;;;
Michael;11:01:26;16:58:43;-1039.98,-243.3966,-243.3966;;;;
Michael;11:01:41;16:58:43;-1036.992,-241.7176,-241.7176;;;;
Michael;11:01:57;16:58:44;-1033.966,-240.0176,-240.0176;;;;
Michael;11:02:13;16:58:44;-1030.984,-238.3537,-238.3537;;;;
Michael;11:02:28;16:58:45;-1027.99,-236.6393,-236.6393;;;;
Michael;11:02:44;16:58:45;-1025.287,-234.4323,-234.4323;;;;
Michael;11:02:59;16:58:46;-1022.758,-232.0649,-232.0649;;;;
Michael;11:03:15;16:58:46;-1020.485,-229.3549,-229.3549;;;;
Michael;11:03:31;16:58:47;-1018.573,-226.421,-226.421;;;;
Michael;11:03:46;16:58:48;-1016.531,-223.718,-223.718;;;;
Michael;11:04:02;16:58:48;-1014.164,-221.2914,-221.2914;;;;
Michael;11:04:17;16:58:49;-1011.733,-218.9057,-218.9057;;;;
Michael;11:04:33;16:58:49;-1011.123,-217.3498,-217.3498;;;;
Michael;11:04:48;16:58:50;-1011.609,-217.1844,-217.1844;;;;
Michael;11:05:04;16:58:50;-1010.574,-216.6796,-216.6796;;;;
Michael;11:05:20;16:58:51;-1010.43,-216.2284,-216.2284;True,SUVs,HUNTLEY,0,00117592,0;;;
Michael;11:05:35;16:58:51;-1010.43,-216.2279,-216.2279;True,SUVs,HUNTLEY,0,0009706545,0;;;
Michael;11:05:51;16:58:52;-1010.43,-216.228,-216.228;True,SUVs,HUNTLEY,0,0;;;
Michael;11:06:07;16:58:52;-1010.43,-216.228,-216.228;True,SUVs,HUNTLEY,0,001604403,0;;;
Michael;11:06:22;16:58:53;-1010.068,-216.4362,-216.4362;True,SUVs,HUNTLEY,1,979393,1;;;
Michael;11:06:38;16:58:53;-1008.387,-217.4061,-217.4061;True,SUVs,HUNTLEY,5,681817,1;;;
Michael;11:06:54;16:58:54;-1004.696,-219.306,-219.306;True,SUVs,HUNTLEY,10,1029,0;;;
Michael;11:07:09;16:58:54;-999.5117,-221.1423,-221.1423;True,SUVs,HUNTLEY,10,30515,0;;;
Michael;11:07:25;16:58:55;-994.1185,-222.101,-222.101;True,SUVs,HUNTLEY,10,9643,1;;;
Michael;11:07:40;16:58:55;-988.8056,-221.8126,-221.8126;True,SUVs,HUNTLEY,10,31107,1;Hey... Michael... hold on... hold on... domed! I domed you...;LESTER;LES1A_DHAA
Michael;11:07:56;16:58:56;-982.7954,-221.1959,-221.1959;True,SUVs,HUNTLEY,13,0186,1;;;
Michael;11:08:11;16:58:56;-975.9511,-219.4185,-219.4185;True,SUVs,HUNTLEY,13,55585,0;;;
Michael;11:08:27;16:58:57;-969.4565,-217.0386,-217.0386;True,SUVs,HUNTLEY,13,32489,0;;;
Michael;11:08:42;16:58:57;-963.6317,-214.1216,-214.1216;True,SUVs,HUNTLEY,11,76505,0;;;
Michael;11:08:58;16:58:58;-958.4332,-211.4252,-211.4252;True,SUVs,HUNTLEY,11,07052,0;;;
Michael;11:09:13;16:58:58;-953.0323,-208.6137,-208.6137;True,SUVs,HUNTLEY,12,40643,1;;;
Michael;11:09:29;16:58:59;-947.4993,-205.7192,-205.7192;True,SUVs,HUNTLEY,12,09628,1;Lester? The thing's in the prototype, I'm going home to watch the keynote.;MICHAEL;LES1A_DHAB
Michael;11:09:45;16:58:59;-941.7368,-202.7052,-202.7052;True,SUVs,HUNTLEY,12,54474,1;;;
Michael;11:10:00;16:59:00;-936.1396,-199.7799,-199.7799;True,SUVs,HUNTLEY,11,24252,0;;;
Michael;11:10:16;16:59:00;-931.3831,-197.2922,-197.2922;True,SUVs,HUNTLEY,9,602813,0;;;
Michael;11:10:31;16:59:01;-927.1721,-195.1215,-195.1215;True,SUVs,HUNTLEY,9,651308,1;;;
Michael;11:10:47;16:59:02;-922.1703,-192.8822,-192.8822;True,SUVs,HUNTLEY,10,5485,1;;;
Michael;11:11:02;16:59:02;-916.6855,-189.9733,-189.9733;True,SUVs,HUNTLEY,13,53694,1;;;
Michael;11:11:18;16:59:03;-909.7008,-186.4878,-186.4878;True,SUVs,HUNTLEY,16,17761,0;;;
Michael;11:11:33;16:59:03;-902.6538,-183.0331,-183.0331;True,SUVs,HUNTLEY,14,38703,0;;;
Michael;11:11:49;16:59:04;-896.41,-179.95,-179.95;True,SUVs,HUNTLEY,12,66503,0;Teabag time, my friend!;LESTER;LES1A_DHAC
Michael;11:12:05;16:59:04;-890.9285,-177.2365,-177.2365;True,SUVs,HUNTLEY,10,90769,0;;;
Michael;11:12:20;16:59:05;-886.2783,-174.9725,-174.9725;True,SUVs,HUNTLEY,9,122097,0;;;
Michael;11:12:36;16:59:05;-882.5313,-172.8969,-172.8969;True,SUVs,HUNTLEY,7,362331,0;;;
Michael;11:12:51;16:59:06;-879.6079,-171.2137,-171.2137;True,SUVs,HUNTLEY,5,726675,0;Lester, did you hear me? Are you playing that game?;MICHAEL;LES1A_DHAD
Michael;11:13:07;16:59:06;-878.1792,-170.3938,-170.3938;True,SUVs,HUNTLEY,1,426488,0;;;
Michael;11:13:23;16:59:07;-877.9038,-170.2026,-170.2026;True,SUVs,HUNTLEY,0,01612484,0;;;
Michael;11:13:38;16:59:07;-877.8684,-170.1823,-170.1823;True,SUVs,HUNTLEY,0,5282986,1;;;
Michael;11:13:54;16:59:08;-877.017,-169.7187,-169.7187;True,SUVs,HUNTLEY,3,351076,1;;;
Michael;11:14:10;16:59:08;-874.4905,-168.3406,-168.3406;True,SUVs,HUNTLEY,7,78077,1;;;
Michael;11:14:25;16:59:09;-869.9319,-165.816,-165.816;True,SUVs,HUNTLEY,10,6082,0;;;
Michael;11:14:41;16:59:09;-864.903,-163.0043,-163.0043;True,SUVs,HUNTLEY,11,26227,0;Yeah, yeah. Sorry... Phone is rigged. What's your problem, you don't like shooters?;LESTER;LES1A_DHAE
Michael;11:14:56;16:59:10;-859.3609,-159.9704,-159.9704;True,SUVs,HUNTLEY,14,7232,1;;;
Michael;11:15:12;16:59:10;-851.3159,-155.6104,-155.6104;True,SUVs,HUNTLEY,20,59522,1;;;
Michael;11:15:27;16:59:11;-841.6852,-150.4622,-150.4622;True,SUVs,HUNTLEY,20,32756,0;;;
Michael;11:15:43;16:59:11;-832.785,-145.6821,-145.6821;True,SUVs,HUNTLEY,18,42716,0;;;
Michael;11:15:59;16:59:12;-824.7579,-141.3472,-141.3472;True,SUVs,HUNTLEY,16,57675,0;;;
Michael;11:16:14;16:59:12;-817.5026,-137.4146,-137.4146;True,SUVs,HUNTLEY,15,90444,0;;;
Michael;11:16:30;16:59:13;-810.548,-133.7164,-133.7164;True,SUVs,HUNTLEY,14,68856,0;;;
Michael;11:16:46;16:59:13;-804.0687,-130.5378,-130.5378;True,SUVs,HUNTLEY,12,89318,0;They're all the same, besides, you know me, I'm a movie guy. Classic Vinewood.;MICHAEL;LES1A_DHAF
Michael;11:17:01;16:59:14;-798.3182,-127.76,-127.76;True,SUVs,HUNTLEY,12,94057,1;;;
Michael;11:17:16;16:59:15;-791.806,-124.6227,-124.6227;True,SUVs,HUNTLEY,14,44149,0;;;
Michael;11:17:32;16:59:15;-785.4045,-121.5513,-121.5513;True,SUVs,HUNTLEY,13,06473,1;;;
Michael;11:17:48;16:59:16;-779.3129,-118.2196,-118.2196;True,SUVs,HUNTLEY,12,93447,0;;;
Michael;11:18:03;16:59:16;-774.7496,-114.0323,-114.0323;True,SUVs,HUNTLEY,11,56962,1;;;
Michael;11:18:19;16:59:17;-771.4772,-109.1324,-109.1324;True,SUVs,HUNTLEY,11,03293,1;;;
Michael;11:18:34;16:59:17;-770.1493,-103.8746,-103.8746;True,SUVs,HUNTLEY,9,402876,0;;;
Michael;11:18:50;16:59:18;-770.7214,-99.36419,-99.36419;True,SUVs,HUNTLEY,8,940786,1;;;
Michael;11:19:06;16:59:18;-771.9415,-93.99719,-93.99719;True,SUVs,HUNTLEY,10,38585,0;;;
Michael;11:19:21;16:59:19;-773.8988,-89.73192,-89.73192;True,SUVs,HUNTLEY,8,096488,0;;;
Michael;11:19:37;16:59:19;-776.3003,-86.83538,-86.83538;True,SUVs,HUNTLEY,6,275824,0;Classic Vinewood ended thirty years ago.;LESTER;LES1A_DHAG
Michael;11:19:52;16:59:20;-777.8788,-84.49002,-84.49002;True,SUVs,HUNTLEY,4,662219,0;;;
Michael;11:20:08;16:59:20;-779.3347,-82.00639,-82.00639;True,SUVs,HUNTLEY,7,426006,1;;;
Michael;11:20:24;16:59:21;-781.656,-77.38409,-77.38409;True,SUVs,HUNTLEY,10,69557,0;;;
Michael;11:20:39;16:59:21;-784.1558,-71.99785,-71.99785;True,SUVs,HUNTLEY,12,62171,1;;;
Michael;11:20:55;16:59:22;-787.1488,-65.35526,-65.35526;True,SUVs,HUNTLEY,15,35458,1;Now it's just superheroes, romantic comedies and remakes. None of which interest me.;LESTER;LES1A_DHAH
Michael;11:21:10;16:59:22;-790.6086,-58.43175,-58.43175;True,SUVs,HUNTLEY,13,97228,0;;;
Michael;11:21:26;16:59:23;-794.3261,-52.12785,-52.12785;True,SUVs,HUNTLEY,14,17141,1;;;
Michael;11:21:42;16:59:23;-798.6284,-45.24891,-45.24891;True,SUVs,HUNTLEY,16,73218,1;;;
Michael;11:21:58;16:59:24;-803.5516,-37.23315,-37.23315;True,SUVs,HUNTLEY,18,86037,0;;;
Michael;11:22:13;16:59:24;-807.5389,-28.77745,-28.77745;True,SUVs,HUNTLEY,16,9308,0;;;
Michael;11:22:29;16:59:25;-811.0285,-21.33974,-21.33974;True,SUVs,HUNTLEY,14,67142,0;;;
Michael;11:22:44;16:59:25;-814.7317,-15.04088,-15.04088;True,SUVs,HUNTLEY,13,73917,0;;;
Michael;11:23:00;16:59:26;-818.1531,-9.612777,-9.612777;True,SUVs,HUNTLEY,11,32432,0;;;
Michael;11:23:16;16:59:26;-820.9426,-5.155168,-5.155168;True,SUVs,HUNTLEY,9,017059,0;Hey, I believe this country can still make interesting movies.;MICHAEL;LES1A_DHAI
Michael;11:23:31;16:59:27;-823.2524,-1.404311,-1.404311;True,SUVs,HUNTLEY,9,547557,1;;;
Michael;11:23:47;16:59:28;-825.5057,2.298712,2.298712;True,SUVs,HUNTLEY,4,704615,0;;;
Michael;11:24:02;16:59:28;-826.0895,3.241123,3.241123;True,SUVs,HUNTLEY,0,8612418,0;;;
Michael;11:24:18;16:59:29;-826.1464,3.288583,3.288583;True,SUVs,HUNTLEY,0,01435602,1;;;
Michael;11:24:33;16:59:29;-826.3787,3.693964,3.693964;True,SUVs,HUNTLEY,2,006249,1;;;
Michael;11:24:49;16:59:30;-827.3502,5.382098,5.382098;True,SUVs,HUNTLEY,5,659754,1;;;
Michael;11:25:05;16:59:30;-829.4664,8.942667,8.942667;True,SUVs,HUNTLEY,10,72609,1;;;
Michael;11:25:20;16:59:31;-832.2139,13.75141,13.75141;True,SUVs,HUNTLEY,11,61705,1;There is no better way to define American life than a two hour plot in which the hero looks good;MICHAEL;LES1A_DHAJ
Michael;11:25:35;16:59:31;-835.234,20.16897,20.16897;True,SUVs,HUNTLEY,15,30652,1;;;
Michael;11:25:51;16:59:32;-838.4396,27.46264,27.46264;True,SUVs,HUNTLEY,15,00331,1;;;
Michael;11:26:07;16:59:32;-841.3738,34.35811,34.35811;True,SUVs,HUNTLEY,13,35469,0;;;
Michael;11:26:22;16:59:33;-843.711,40.00719,40.00719;True,SUVs,HUNTLEY,10,6563,0;;;
Michael;11:26:38;16:59:33;-845.2429,44.50659,44.50659;True,SUVs,HUNTLEY,8,081377,1;;;
Michael;11:26:54;16:59:34;-846.6041,48.23351,48.23351;True,SUVs,HUNTLEY,6,571222,0;;;
Michael;11:27:09;16:59:34;-847.7218,51.01738,51.01738;True,SUVs,HUNTLEY,5,065503,0;;;
Michael;11:27:25;16:59:35;-848.5223,53.13781,53.13781;True,SUVs,HUNTLEY,3,805934,1;;;
Michael;11:27:40;16:59:35;-849.123,54.79782,54.79782;True,SUVs,HUNTLEY,3,532928,1;;;
Michael;11:27:56;16:59:36;-850.0624,57.40875,57.40875;True,SUVs,HUNTLEY,6,790835,0;;;
Michael;11:28:11;16:59:36;-851.2396,60.7992,60.7992;True,SUVs,HUNTLEY,7,544847,1;and defeats evil.;MICHAEL;LES1A_DHAM
Michael;11:28:27;16:59:37;-852.5549,64.77493,64.77493;True,SUVs,HUNTLEY,8,479609,1;;;
Michael;11:28:43;16:59:37;-854.0428,69.80325,69.80325;True,SUVs,HUNTLEY,10,13601,0;;;
Michael;11:28:58;16:59:38;-854.9834,74.95892,74.95892;True,SUVs,HUNTLEY,10,39927,1;Whatever you say... enjoy yesterday.;LESTER;LES1A_DHAK
Michael;11:29:14;16:59:38;-855.7744,80.17938,80.17938;True,SUVs,HUNTLEY,10,47475,0;;;
Michael;11:29:29;16:59:39;-856.6008,85.51183,85.51183;True,SUVs,HUNTLEY,10,60824,0;;;
Michael;11:29:45;16:59:39;-857.3771,90.89503,90.89503;True,SUVs,HUNTLEY,10,94911,0;;;
Michael;11:30:00;16:59:40;-858.1266,96.42846,96.42846;True,SUVs,HUNTLEY,10,24501,0;;;
Michael;11:30:16;16:59:41;-858.4725,101.6787,101.6787;True,SUVs,HUNTLEY,9,491229,0;;;
Michael;11:30:32;16:59:41;-858.4374,106.006,106.006;True,SUVs,HUNTLEY,7,416971,0;Anyway, just call the device after he's unveiled it, and then we'll talk.;LESTER;LES1A_DHAL
Michael;11:30:47;16:59:42;-858.7008,109.081,109.081;True,SUVs,HUNTLEY,4,749163,0;;;
Michael;11:31:03;16:59:42;-858.8989,111.541,111.541;True,SUVs,HUNTLEY,4,598687,1;;;
Michael;11:31:18;16:59:43;-859.0999,114.2849,114.2849;True,SUVs,HUNTLEY,4,842577,0;;;
Michael;11:31:34;16:59:43;-859.2777,117.058,117.058;True,SUVs,HUNTLEY,7,023468,1;;;
Michael;11:31:50;16:59:44;-859.546,120.4015,120.4015;True,SUVs,HUNTLEY,5,119324,0;;;
Michael;11:32:05;16:59:44;-860.162,123.1878,123.1878;True,SUVs,HUNTLEY,7,193786,1;;;
Michael;11:32:21;16:59:45;-860.8005,127.7784,127.7784;True,SUVs,HUNTLEY,10,9759,0;;;
Michael;11:32:36;16:59:45;-861.3986,132.9774,132.9774;True,SUVs,HUNTLEY,10,6832,1;;;
Michael;11:32:52;16:59:46;-861.4806,138.6175,138.6175;True,SUVs,HUNTLEY,10,36138,0;;;
Michael;11:33:07;16:59:46;-860.9095,143.3905,143.3905;True,SUVs,HUNTLEY,9,498771,0;;;
Michael;11:33:23;16:59:47;-859.5812,148.3561,148.3561;True,SUVs,HUNTLEY,10,9084,0;;;
Michael;11:33:39;16:59:47;-857.0205,152.5279,152.5279;True,SUVs,HUNTLEY,9,26517,1;;;
Michael;11:33:54;16:59:48;-853.3597,156.1322,156.1322;True,SUVs,HUNTLEY,9,700914,0;;;
Michael;11:34:10;16:59:48;-849.645,158.1884,158.1884;True,SUVs,HUNTLEY,7,08563,0;;;
Michael;11:34:25;16:59:49;-846.6535,159.3381,159.3381;True,SUVs,HUNTLEY,7,25622,1;;;
Michael;11:34:41;16:59:49;-842.2176,160.3275,160.3275;True,SUVs,HUNTLEY,9,483778,0;;;
Michael;11:34:57;16:59:50;-838.0457,161.1863,161.1863;True,SUVs,HUNTLEY,7,067387,0;;;
Michael;11:35:12;16:59:50;-834.9749,162.2065,162.2065;True,SUVs,HUNTLEY,5,893394,0;;;
Michael;11:35:28;16:59:51;-832.9614,164.2024,164.2024;True,SUVs,HUNTLEY,5,296818,0;;;
Michael;11:35:43;16:59:51;-831.7337,165.7891,165.7891;True,SUVs,HUNTLEY,1,985961,0;;;
Michael;11:35:59;16:59:52;-831.573,166.0672,166.0672;True,SUVs,HUNTLEY,0,1427259,0;;;
Michael;11:36:15;16:59:52;-831.5831,166.0693,166.0693;True,SUVs,HUNTLEY,0,0;;;
Michael;11:36:30;16:59:53;-833.1738,166.2713,166.2713;;;;
Michael;11:36:46;16:59:53;-832.283,167.3304,167.3304;;;;
Michael;11:37:01;16:59:54;-830.4191,169.9998,169.9998;;;;
Michael;11:37:17;16:59:55;-828.2847,172.702,172.702;;;;
Michael;11:37:33;16:59:55;-825.8464,173.5004,173.5004;;;;
Michael;11:37:48;16:59:56;-824.9374,173.2398,173.2398;;;;
Michael;11:38:04;16:59:56;-824.3936,173.0138,173.0138;;;;
Michael;11:38:19;16:59:57;-823.346,172.5506,172.5506;;;;
Michael;11:38:35;16:59:57;-821.6289,173.8909,173.8909;;;;
Michael;11:38:51;16:59:58;-819.3442,176.4794,176.4794;;;;
Michael;11:39:06;16:59:58;-816.9524,177.9579,177.9579;;;;
Michael;11:39:22;16:59:59;-814.0409,179.2308,179.2308;;The talent show America deserves.;Cutscene;Cutscene
Michael;11:39:37;16:59:59;-812.5488,179.2784,179.2784;;;;
Michael;11:39:53;17:00:00;-811.6033,179.2676,179.2676;;;;
Michael;11:40:09;17:00:00;-809.8721,179.137,179.137;;;;
Michael;11:40:24;17:00:01;-808.2545,178.0742,178.0742;;;;
Michael;11:40:36;17:00:01;-801.3447,174.7073,174.7073;;Fame or Shame.;Cutscene;Cutscene
Michael;11:40:36;17:00:02;-801.3146,174.5058,174.5058;;;;
Michael;11:40:36;17:00:02;-801.489,174.2095,174.2095;;;;
Michael;11:40:36;17:00:03;-801.7117,173.8518,173.8518;;Oh my God, you guys are so lame!;Cutscene;Cutscene
Michael;11:40:36;17:00:03;-801.8831,173.4108,173.4108;;;;
Michael;11:40:36;17:00:04;-802.1361,173.0477,173.0477;;;;
Michael;11:40:36;17:00:04;-802.2786,172.7924,172.7924;;;;
Michael;11:40:36;17:00:05;-802.3531,172.5499,172.5499;;;;
Michael;11:40:36;17:00:05;-802.462,172.5552,172.5552;;;;
Michael;11:40:36;17:00:06;-802.5184,172.6441,172.6441;;Out.;Cutscene;Cutscene
Michael;11:40:36;17:00:06;-802.6089,172.5811,172.5811;;No!;Cutscene;Cutscene
Michael;11:40:36;17:00:07;-802.6139,172.4756,172.4756;;I'm watching Fame or Shame!;Cutscene;Cutscene
Michael;11:40:36;17:00:08;-802.6528,172.4812,172.4812;;;;
Michael;11:40:36;17:00:08;-802.6561,172.4735,172.4735;;;;
Michael;11:40:36;17:00:09;-802.9182,172.6271,172.6271;;Tough fucking tits!;Cutscene;Cutscene
Michael;11:40:36;17:00:09;-802.9836,172.6763,172.6763;;;;
Michael;11:40:36;17:00:10;-803.3142,172.7342,172.7342;;;;
Michael;11:40:36;17:00:10;-803.6002,172.6542,172.6542;;;;
Michael;11:40:36;17:00:11;-803.7587,172.6016,172.6016;;No! Argh!;Cutscene;Cutscene
Michael;11:40:36;17:00:11;-803.7661,172.5966,172.5966;;;;
Michael;11:40:36;17:00:12;-803.7262,172.7645,172.7645;;;;
Michael;11:40:36;17:00:12;-803.4396,172.6762,172.6762;;;;
Michael;11:40:36;17:00:13;-803.4224,172.5695,172.5695;;;;
Michael;11:40:36;17:00:13;-803.844,171.8914,171.8914;;;;
Michael;11:40:36;17:00:14;-803.8433,171.8912,171.8912;;;;
Michael;11:40:36;17:00:14;-803.8433,171.8909,171.8909;;;;
Michael;11:40:36;17:00:15;-803.882,171.8675,171.8675;;;;
Michael;11:40:36;17:00:15;-803.9146,171.8421,171.8421;;;;
Michael;11:40:36;17:00:16;-803.9095,171.8478,171.8478;;;;
Michael;11:40:36;17:00:16;-803.9132,171.8486,171.8486;;;;
Michael;11:40:36;17:00:17;-803.9132,171.8534,171.8534;;;;
Michael;11:40:36;17:00:17;-803.9105,171.8528,171.8528;;;;
Michael;11:40:40;17:00:18;-803.9083,171.848,171.848;;d Weazel News.;Cutscene;Cutscene
Michael;11:40:56;17:00:18;-803.9083,171.848,171.848;;;;
Michael;11:41:11;17:00:19;-803.9083,171.848,171.848;;;;
Michael;11:41:27;17:00:19;-803.9083,171.848,171.848;;;;
Michael;11:41:43;17:00:20;-803.9083,171.848,171.848;;Whoo! What a talent!;Cutscene;Cutscene
Michael;11:41:58;17:00:21;-803.9083,171.848,171.848;;;;
Michael;11:42:24;17:00:22;-803.9083,171.848,171.848;;;;
Michael;11:42:40;17:00:23;-803.9083,171.848,171.848;;I've never seen someone set fire to their crotch before!;Cutscene;Cutscene
Michael;11:42:55;17:00:23;-803.9083,171.848,171.848;;;;
Michael;11:43:11;17:00:24;-803.9083,171.848,171.848;;Ladies and gentlemen!;Cutscene;Cutscene
Michael;11:43:26;17:00:24;-803.9083,171.848,171.848;;;;
Michael;11:43:42;17:00:25;-803.9083,171.848,171.848;;;;
Michael;11:43:58;17:00:25;-803.9083,171.848,171.848;;Please welcome Mr. Jay Norris to the stage!;Cutscene;Cutscene
Michael;11:44:13;17:00:26;-803.9083,171.848,171.848;;;;
Michael;11:44:29;17:00:26;-803.9083,171.848,171.848;;;;
Michael;11:44:44;17:00:27;-803.9083,171.848,171.848;;;;
Michael;11:45:00;17:00:27;-803.9083,171.848,171.848;;;;
Michael;11:45:15;17:00:28;-803.9083,171.848,171.848;;;;
Michael;11:45:31;17:00:28;-803.9083,171.848,171.848;;;;
Michael;11:45:46;17:00:29;-803.9083,171.848,171.848;;;;
Michael;11:46:02;17:00:29;-803.9083,171.848,171.848;;;;
Michael;11:46:17;17:00:30;-803.9083,171.848,171.848;;;;
Michael;11:46:33;17:00:30;-803.9083,171.848,171.848;;;;
Michael;11:46:48;17:00:31;-803.9083,171.848,171.848;;;;
Michael;11:47:03;17:00:31;-803.9083,171.848,171.848;;;;
Michael;11:47:19;17:00:32;-803.9083,171.848,171.848;;;;
Michael;11:47:34;17:00:32;-803.9083,171.848,171.848;;;;
Michael;11:47:50;17:00:33;-803.9083,171.848,171.848;;;;
Michael;11:48:05;17:00:33;-803.9083,171.848,171.848;;;;
Michael;11:48:21;17:00:34;-803.9083,171.848,171.848;;Hey.;Cutscene;Cutscene
Michael;11:48:37;17:00:34;-803.9083,171.848,171.848;;;;
Michael;11:48:52;17:00:35;-803.9083,171.848,171.848;;;;
Michael;11:49:08;17:00:35;-803.9083,171.848,171.848;;;;
Michael;11:49:23;17:00:36;-803.9083,171.848,171.848;;This company has come a long way;Cutscene;Cutscene
Michael;11:49:39;17:00:37;-803.9083,171.848,171.848;;;;
Michael;11:49:54;17:00:37;-803.9083,171.848,171.848;;;;
Michael;11:50:10;17:00:38;-803.9083,171.848,171.848;;;;
Michael;11:50:26;17:00:38;-803.9083,171.848,171.848;;;;
Michael;11:50:41;17:00:39;-803.9083,171.848,171.848;;since we started it in my parents' pool house in East Carraway.;Cutscene;Cutscene
Michael;11:50:56;17:00:39;-803.9083,171.848,171.848;;;;
Michael;11:51:12;17:00:40;-803.9083,171.848,171.848;;;;
Michael;11:51:27;17:00:40;-803.9083,171.848,171.848;;;;
Michael;11:51:43;17:00:41;-803.9083,171.848,171.848;;;;
Michael;11:51:58;17:00:41;-803.9083,171.848,171.848;;;;
Michael;11:52:14;17:00:42;-803.9083,171.848,171.848;;;;
Michael;11:52:30;17:00:42;-803.9083,171.848,171.848;;;;
Michael;11:52:45;17:00:43;-803.9083,171.848,171.848;;;;
Michael;11:53:00;17:00:43;-803.9083,171.848,171.848;;Today, you're about to witness a new phase.;Cutscene;Cutscene
Michael;11:53:16;17:00:44;-803.9083,171.848,171.848;;;;
Michael;11:53:32;17:00:44;-803.9083,171.848,171.848;;;;
Michael;11:53:47;17:00:45;-803.9083,171.848,171.848;;;;
Michael;11:54:03;17:00:45;-803.9083,171.848,171.848;;;;
Michael;11:54:18;17:00:46;-803.9083,171.848,171.848;;;;
Michael;11:54:34;17:00:46;-803.9083,171.848,171.848;;;;
Michael;11:54:49;17:00:47;-803.9083,171.848,171.848;;Full on, weapons grade, red alert, world domination!;Cutscene;Cutscene
Michael;11:55:04;17:00:47;-803.9083,171.848,171.848;;;;
Michael;11:55:20;17:00:48;-803.9083,171.848,171.848;;;;
Michael;11:55:35;17:00:48;-803.9083,171.848,171.848;;;;
Michael;11:55:51;17:00:49;-803.9083,171.848,171.848;;;;
Michael;11:56:06;17:00:49;-803.9083,171.848,171.848;;;;
Michael;11:56:22;17:00:50;-803.9083,171.848,171.848;;;;
Michael;11:56:37;17:00:50;-803.9083,171.848,171.848;;;;
Michael;11:56:53;17:00:51;-803.9083,171.848,171.848;;;;
Michael;11:57:08;17:00:52;-803.9083,171.848,171.848;;Wooo!;Cutscene;Cutscene
Michael;11:57:24;17:00:52;-803.9083,171.848,171.848;;;;
Michael;11:57:39;17:00:53;-803.9083,171.848,171.848;;;;
Michael;11:57:55;17:00:53;-803.9083,171.848,171.848;;;;
Michael;11:58:10;17:00:54;-803.9083,171.848,171.848;;;;
Michael;11:58:26;17:00:54;-803.9083,171.848,171.848;;;;
Michael;11:58:42;17:00:55;-803.9083,171.848,171.848;;;;
Michael;11:58:57;17:00:55;-803.9083,171.848,171.848;;;;
Michael;11:59:13;17:00:56;-803.9083,171.848,171.848;;;;
Michael;11:59:28;17:00:56;-803.9083,171.848,171.848;;We have put a billion people's private data in the public domain,;Cutscene;Cutscene
Michael;11:59:44;17:00:57;-803.9083,171.848,171.848;;;;
Michael;11:59:59;17:00:57;-803.9083,171.848,171.848;;;;
Michael;12:00:15;17:00:58;-803.9083,171.848,171.848;;;;
Michael;12:00:30;17:00:58;-803.9083,171.848,171.848;;;;
Michael;12:00:46;17:00:59;-803.9083,171.848,171.848;;;;
Michael;12:01:02;17:00:59;-803.9083,171.848,171.848;;;;
Michael;12:01:17;17:01:00;-803.9083,171.848,171.848;;and we have milked every penny we could in the process.;Cutscene;Cutscene
Michael;12:01:33;17:01:00;-803.9083,171.848,171.848;;;;
Michael;12:01:48;17:01:01;-803.9083,171.848,171.848;;;;
Michael;12:02:04;17:01:01;-803.9083,171.848,171.848;;;;
Michael;12:02:20;17:01:02;-803.9083,171.848,171.848;;;;
Michael;12:02:35;17:01:02;-803.9083,171.848,171.848;;;;
Michael;12:02:51;17:01:03;-803.9083,171.848,171.848;;;;
Michael;12:03:06;17:01:03;-803.9083,171.848,171.848;;Wooo!;Cutscene;Cutscene
Michael;12:03:22;17:01:04;-803.9083,171.848,171.848;;;;
Michael;12:03:37;17:01:04;-803.9083,171.848,171.848;;;;
Michael;12:03:53;17:01:05;-803.9083,171.848,171.848;;;;
Michael;12:04:08;17:01:06;-803.9083,171.848,171.848;;;;
Michael;12:04:24;17:01:06;-803.9083,171.848,171.848;;We have one of the youngest work forces in the world!;Cutscene;Cutscene
Michael;12:04:39;17:01:07;-803.9083,171.848,171.848;;;;
Michael;12:04:55;17:01:07;-803.9083,171.848,171.848;;;;
Michael;12:05:10;17:01:08;-803.9083,171.848,171.848;;;;
Michael;12:05:26;17:01:08;-803.9083,171.848,171.848;;;;
Michael;12:05:41;17:01:09;-803.9083,171.848,171.848;;;;
Michael;12:05:57;17:01:09;-803.9083,171.848,171.848;;;;
Michael;12:06:13;17:01:10;-803.9083,171.848,171.848;;An average age of only fourteen point four years.;Cutscene;Cutscene
Michael;12:06:28;17:01:10;-803.9083,171.848,171.848;;;;
Michael;12:06:43;17:01:11;-803.9083,171.848,171.848;;;;
Michael;12:06:59;17:01:11;-803.9083,171.848,171.848;;;;
Michael;12:07:14;17:01:12;-803.9083,171.848,171.848;;;;
Michael;12:07:30;17:01:12;-803.9083,171.848,171.848;;;;
Michael;12:07:45;17:01:13;-803.9083,171.848,171.848;;;;
Michael;12:08:01;17:01:13;-803.9083,171.848,171.848;;That's not just impressive.;Cutscene;Cutscene
Michael;12:08:16;17:01:14;-803.9083,171.848,171.848;;;;
Michael;12:08:32;17:01:14;-803.9083,171.848,171.848;;It's revolutionary!;Cutscene;Cutscene
Michael;12:08:47;17:01:15;-803.9083,171.848,171.848;;;;
Michael;12:09:03;17:01:15;-803.9083,171.848,171.848;;;;
Michael;12:09:18;17:01:16;-803.9083,171.848,171.848;;;;
Michael;12:09:34;17:01:16;-803.9083,171.848,171.848;;Wooo!;Cutscene;Cutscene
Michael;12:09:49;17:01:17;-803.9083,171.848,171.848;;;;
Michael;12:10:05;17:01:17;-803.9083,171.848,171.848;;;;
Michael;12:10:21;17:01:18;-803.9083,171.848,171.848;;Yay!;Cutscene;Cutscene
Michael;12:10:36;17:01:18;-803.9083,171.848,171.848;;;;
Michael;12:10:52;17:01:19;-803.9083,171.848,171.848;;;;
Michael;12:11:07;17:01:19;-803.9083,171.848,171.848;;;;
Michael;12:11:23;17:01:20;-803.9083,171.848,171.848;;Wooo!;Cutscene;Cutscene
Michael;12:11:38;17:01:21;-803.9083,171.848,171.848;;;;
Michael;12:11:54;17:01:21;-803.9083,171.848,171.848;;;;
Michael;12:12:09;17:01:22;-803.9083,171.848,171.848;;;;
Michael;12:12:25;17:01:22;-803.9083,171.848,171.848;;Yay!;Cutscene;Cutscene
Michael;12:12:40;17:01:23;-803.9083,171.848,171.848;;;;
Michael;12:12:56;17:01:23;-803.9083,171.848,171.848;;;;
Michael;12:13:11;17:01:24;-803.9083,171.848,171.848;;Today.;Cutscene;Cutscene
Michael;12:13:27;17:01:24;-803.9083,171.848,171.848;;;;
Michael;12:13:42;17:01:25;-803.9083,171.848,171.848;;;;
Michael;12:13:58;17:01:25;-803.9083,171.848,171.848;;Right here.;Cutscene;Cutscene
Michael;12:14:14;17:01:26;-803.9083,171.848,171.848;;;;
Michael;12:14:29;17:01:26;-803.9083,171.848,171.848;;We are about to make the next step!;Cutscene;Cutscene
Michael;12:14:45;17:01:27;-803.9083,171.848,171.848;;;;
Michael;12:15:00;17:01:27;-803.9083,171.848,171.848;;;;
Michael;12:15:16;17:01:28;-803.9083,171.848,171.848;;;;
Michael;12:15:31;17:01:28;-803.9083,171.848,171.848;;;;
Michael;12:15:47;17:01:29;-803.9083,171.848,171.848;;;;
Michael;12:16:02;17:01:29;-803.9083,171.848,171.848;;;;
Michael;12:16:18;17:01:30;-803.9083,171.848,171.848;;Prepare to witness...;Cutscene;Cutscene
Michael;12:16:33;17:01:30;-803.9083,171.848,171.848;;;;
Michael;12:16:49;17:01:31;-803.9083,171.848,171.848;;;;
Michael;12:17:04;17:01:31;-803.9083,171.848,171.848;;;;
Michael;12:17:20;17:01:32;-803.9083,171.848,171.848;;;;
Michael;12:17:35;17:01:32;-803.9083,171.848,171.848;;;;
Michael;12:17:51;17:01:33;-803.9083,171.848,171.848;;;;
Michael;12:18:06;17:01:33;-803.9083,171.848,171.848;;The future.;Cutscene;Cutscene
Michael;12:18:21;17:01:34;-803.9083,171.848,171.848;;;;
Michael;12:18:37;17:01:34;-803.9083,171.848,171.848;;Dock!;Cutscene;Cutscene
Michael;12:18:53;17:01:35;-803.9083,171.848,171.848;;;;
Michael;12:19:08;17:01:35;-803.9083,171.848,171.848;;;;
Michael;12:19:24;17:01:36;-803.9083,171.848,171.848;;;;
Michael;12:19:39;17:01:37;-803.9083,171.848,171.848;;;;
Michael;12:19:55;17:01:37;-803.9083,171.848,171.848;;;;
Michael;12:20:10;17:01:38;-803.9083,171.848,171.848;;;;
Michael;12:20:26;17:01:38;-803.9083,171.848,171.848;;;;
Michael;12:20:41;17:01:39;-803.9083,171.848,171.848;;;;
Michael;12:20:57;17:01:39;-803.9083,171.848,171.848;;;;
Michael;12:21:12;17:01:40;-803.9083,171.848,171.848;;;;
Michael;12:21:28;17:01:40;-803.9083,171.848,171.848;;;;
Michael;12:21:44;17:01:41;-803.9083,171.848,171.848;;;;
Michael;12:21:59;17:01:41;-803.9083,171.848,171.848;;The Lifeinvader mobile device.;Cutscene;Cutscene
Michael;12:22:15;17:01:42;-803.9083,171.848,171.848;;;;
Michael;12:22:30;17:01:42;-803.9083,171.848,171.848;;;;
Michael;12:22:39;17:02:18;-803.9083,171.848,171.848;;;;
Michael;12:22:54;17:02:19;-803.9083,171.848,171.848;;;;
Michael;12:23:09;17:02:19;-803.9083,171.848,171.848;;;;
Michael;12:23:25;17:02:20;-803.9083,171.848,171.848;;;;
Michael;12:23:40;17:02:20;-803.9083,171.848,171.848;;Yes, we've invented something no one else has ever thought of.;Cutscene;Cutscene
Michael;12:23:56;17:02:21;-803.9083,171.848,171.848;;;;
Michael;12:24:11;17:02:21;-803.9083,171.848,171.848;;;;
Michael;12:24:27;17:02:22;-803.9083,171.848,171.848;;;;
Michael;12:24:42;17:02:22;-803.9083,171.848,171.848;;;;
Michael;12:24:58;17:02:23;-803.9083,171.848,171.848;;;;
Michael;12:25:13;17:02:23;-803.9083,171.848,171.848;;;;
Michael;12:25:29;17:02:24;-803.9083,171.848,171.848;;;;
Michael;12:25:44;17:02:24;-803.9083,171.848,171.848;;A small personal computerized device.;Cutscene;Cutscene
Michael;12:26:00;17:02:25;-803.9083,171.848,171.848;;;;
Michael;12:26:15;17:02:25;-803.9083,171.848,171.848;;;;
Michael;12:26:31;17:02:26;-803.9083,171.848,171.848;;;;
Michael;12:26:46;17:02:26;-803.9083,171.848,171.848;;;;
Michael;12:27:02;17:02:27;-803.9083,171.848,171.848;;;;
Michael;12:27:17;17:02:27;-803.9083,171.848,171.848;;;;
Michael;12:27:33;17:02:28;-803.9083,171.848,171.848;;;;
Michael;12:27:48;17:02:28;-803.9083,171.848,171.848;;Now, you're going to be able to stay docked twenty-four seven.;Cutscene;Cutscene
Michael;12:28:04;17:02:29;-803.9083,171.848,171.848;;;;
Michael;12:28:19;17:02:29;-803.9083,171.848,171.848;;;;
Michael;12:28:35;17:02:30;-803.9083,171.848,171.848;;;;
Michael;12:28:51;17:02:31;-803.9083,171.848,171.848;;;;
Michael;12:29:06;17:02:31;-803.9083,171.848,171.848;;;;
Michael;12:29:22;17:02:32;-803.9083,171.848,171.848;;;;
Michael;12:29:37;17:02:32;-803.9083,171.848,171.848;;;;
Michael;12:29:53;17:02:33;-803.9083,171.848,171.848;;On the bus.;Cutscene;Cutscene
Michael;12:30:08;17:02:33;-803.9083,171.848,171.848;;;;
Michael;12:30:24;17:02:34;-803.9083,171.848,171.848;;You can dock.;Cutscene;Cutscene
Michael;12:30:39;17:02:34;-803.9083,171.848,171.848;;;;
Michael;12:30:55;17:02:35;-803.9083,171.848,171.848;;;;
Michael;12:31:11;17:02:35;-803.9083,171.848,171.848;;On the subway.;Cutscene;Cutscene
Michael;12:31:26;17:02:36;-803.9083,171.848,171.848;;;;
Michael;12:31:42;17:02:36;-803.9083,171.848,171.848;;Stay docked.;Cutscene;Cutscene
Michael;12:31:57;17:02:37;-803.9083,171.848,171.848;;;;
Michael;12:32:13;17:02:37;-803.9083,171.848,171.848;;You can be docked in at home,;Cutscene;Cutscene
Michael;12:32:28;17:02:38;-803.9083,171.848,171.848;;;;
Michael;12:32:44;17:02:38;-803.9083,171.848,171.848;;;;
Michael;12:33:00;17:02:39;-803.9083,171.848,171.848;;and at the same time;Cutscene;Cutscene
Michael;12:33:15;17:02:39;-803.9083,171.848,171.848;;;;
Michael;12:33:31;17:02:40;-803.9083,171.848,171.848;;you're docking with some kids at the public pool.;Cutscene;Cutscene
Michael;12:33:46;17:02:40;-803.9083,171.848,171.848;;;;
Michael;12:34:02;17:02:41;-803.9083,171.848,171.848;;;;
Michael;12:34:17;17:02:41;-803.9083,171.848,171.848;;;;
Michael;12:34:33;17:02:42;-803.9083,171.848,171.848;;;;
Michael;12:34:49;17:02:42;-803.9083,171.848,171.848;;Dock!;Cutscene;Cutscene
Michael;12:35:04;17:02:43;-803.9083,171.848,171.848;;;;
Michael;12:35:20;17:02:44;-803.9083,171.848,171.848;;;;
Michael;12:35:35;17:02:44;-803.9083,171.848,171.848;;;;
Michael;12:35:51;17:02:45;-803.9083,171.848,171.848;;;;
Michael;12:36:06;17:02:45;-803.9083,171.848,171.848;;;;
Michael;12:36:22;17:02:46;-803.9083,171.848,171.848;;Hold on a second.;MICHAEL;LES1B_AJAA
Michael;12:36:38;17:02:46;-803.9083,171.848,171.848;;;;
Michael;12:36:53;17:02:47;-803.9083,171.848,171.848;;I think someone's trying to dock with me.;MICHAEL;LES1B_AJAA
Michael;12:37:09;17:02:47;-803.9083,171.848,171.848;;;;
Michael;12:37:24;17:02:48;-803.9083,171.848,171.848;;;;
Michael;12:37:40;17:02:48;-803.9083,171.848,171.848;;;;
Michael;12:37:56;17:02:49;-803.9083,171.848,171.848;;;;
Michael;12:38:11;17:02:49;-803.9083,171.848,171.848;;;;
Michael;12:38:27;17:02:50;-803.9083,171.848,171.848;;;;
Michael;12:38:42;17:02:50;-803.9083,171.848,171.848;;Hello?;Cutscene;Cutscene
Michael;12:38:58;17:02:51;-803.9083,171.848,171.848;;;;
Michael;12:39:13;17:02:51;-803.9083,171.848,171.848;;;;
Michael;12:39:29;17:02:52;-803.9083,171.848,171.848;;Oh! Ach! Oh! Jesus!;MICHAEL;LES1B_ANAA
Michael;12:39:44;17:02:52;-803.9083,171.848,171.848;;;;
Michael;12:40:00;17:02:53;-803.9083,171.848,171.848;;;;
Michael;12:40:15;17:02:53;-803.9083,171.848,171.848;;;;
Michael;12:40:31;17:02:54;-803.9083,171.848,171.848;;;;
Michael;12:40:47;17:02:54;-803.9083,171.848,171.848;;;;
Michael;12:41:02;17:02:55;-803.9083,171.848,171.848;;Whoa! Lest... Whoa.;MICHAEL;LES1B_ANAB
Michael;12:41:18;17:02:55;-803.9083,171.848,171.848;;;;
Michael;12:41:33;17:02:56;-803.9083,171.848,171.848;;;;
Michael;12:41:49;17:02:56;-803.9083,171.848,171.848;;;;
Michael;12:42:04;17:02:57;-803.9083,171.848,171.848;;;;
Michael;12:42:20;17:02:58;-803.9083,171.848,171.848;;;;
Michael;12:42:35;17:02:58;-803.9083,171.848,171.848;;;;
Michael;12:42:51;17:02:59;-803.9083,171.848,171.848;;;;
Michael;12:43:06;17:02:59;-803.9083,171.848,171.848;;;;
Michael;12:43:22;17:03:00;-803.9083,171.848,171.848;;;;
Michael;12:43:37;17:03:00;-803.9083,171.848,171.848;;;;
Michael;12:43:53;17:03:01;-803.9083,171.848,171.848;;;;
Michael;12:44:08;17:03:01;-803.9083,171.848,171.848;;;;
Michael;12:44:24;17:03:02;-803.9083,171.848,171.848;;;;
Michael;12:44:39;17:03:02;-803.9083,171.848,171.848;;;;
Michael;12:44:43;17:03:03;-803.9083,171.848,171.848;;;;
Michael;12:44:58;17:03:03;-803.9083,171.848,171.848;;;;
Michael;12:45:14;17:03:04;-803.9083,171.848,171.848;;;;
Michael;12:45:29;17:03:04;-803.9083,171.848,171.848;;;;
Michael;12:45:45;17:03:05;-803.9083,171.848,171.848;;;;
Michael;12:46:00;17:03:05;-803.9083,171.848,171.848;;;;
Michael;12:46:16;17:03:06;-803.9083,171.848,171.848;;;;
Michael;12:46:31;17:03:06;-803.9083,171.848,171.848;;;;
Michael;12:46:47;17:03:07;-803.9059,171.8498,171.8498;;;;
Michael;12:47:02;17:03:08;-803.8287,171.9028,171.9028;;;;
Michael;12:47:18;17:03:08;-803.736,171.9236,171.9236;;;;
Michael;12:47:33;17:03:09;-803.5598,171.9463,171.9463;;;;
Michael;12:47:49;17:03:09;-803.4388,172.1139,172.1139;;;;
Michael;12:48:04;17:03:10;-803.4123,172.1944,172.1944;;;;
Michael;12:48:20;17:03:10;-803.2677,172.2032,172.2032;;;;
Michael;12:48:35;17:03:11;-802.7299,172.4196,172.4196;;;;
Michael;12:48:51;17:03:11;-802.257,172.6392,172.6392;;;;
Michael;12:49:07;17:03:12;-801.7559,173.0958,173.0958;;;;
Michael;12:49:23;17:03:12;-801.959,173.9333,173.9333;;;;
Michael;12:49:38;17:03:13;-802.4861,174.6579,174.6579;;;;
Michael;12:49:54;17:03:13;-803.1332,175.2909,175.2909;;;;
Michael;12:50:09;17:03:14;-803.6854,175.6575,175.6575;;;;
Michael;12:50:25;17:03:14;-803.8815,175.7859,175.7859;;;;
Michael;12:50:41;17:03:15;-804.2973,176.3171,176.3171;;;;
Michael;12:50:56;17:03:15;-803.8037,176.8388,176.8388;;;;
Michael;12:51:12;17:03:16;-803.0734,176.664,176.664;;;;
Michael;12:51:27;17:03:16;-802.6517,177.0244,177.0244;;;;
Michael;12:51:43;17:03:17;-801.931,177.5157,177.5157;;;;
Michael;12:51:58;17:03:17;-801.5612,178.3187,178.3187;;;;
Michael;12:52:14;17:03:18;-801.5722,178.7424,178.7424;;;;
Michael;12:52:30;17:03:18;-801.6669,179.4563,179.4563;;;;
Michael;12:52:45;17:03:19;-801.7831,180.3501,180.3501;;;;
Michael;12:53:01;17:03:19;-802.0786,181.182,181.182;;;;
Michael;12:53:17;17:03:20;-802.7134,181.7323,181.7323;;;;
Michael;12:53:32;17:03:21;-803.6018,181.6069,181.6069;;;;
Michael;12:53:48;17:03:21;-804.4572,181.7109,181.7109;;;;
Michael;12:54:03;17:03:22;-804.6702,181.6632,181.6632;;;;
Michael;12:54:19;17:03:22;-804.1574,181.1479,181.1479;;;;
Michael;12:54:35;17:03:23;-804.5993,180.5954,180.5954;;;;
Michael;12:54:50;17:03:23;-806.6173,180.6753,180.6753;;;;
Michael;12:55:06;17:03:24;-808.0723,179.397,179.397;;;;
Michael;12:55:22;17:03:24;-808.3975,177.58,177.58;;;;
Michael;12:55:37;17:03:25;-807.5811,175.6624,175.6624;;;;
Michael;12:55:53;17:03:25;-806.8844,174.1534,174.1534;;;LESTER;JHF_CHAA
Michael;12:56:08;17:03:26;-806.2662,172.4178,172.4178;;;;
Michael;12:56:24;17:03:26;-805.9958,171.2813,171.2813;;Lest! That was heavy! You watching the news?;MICHAEL;JHF_CHAB
Michael;12:56:39;17:03:27;-806.1308,171.4092,171.4092;;;;
Michael;12:56:55;17:03:27;-806.2728,172.2001,172.2001;;;;
Michael;12:57:11;17:03:28;-806.2299,173.0825,173.0825;;;;
Michael;12:57:27;17:03:28;-806.774,174.0918,174.0918;;;;
Michael;12:57:42;17:03:29;-807.6298,175.9401,175.9401;;;;
Michael;12:57:57;17:03:29;-808.2244,177.4234,177.4234;;I don't have to, I'm watching the markets. I'll be trading pure alpha till close.;LESTER;JHF_CHAC
Michael;12:58:13;17:03:30;-808.5406,178.1603,178.1603;;;;
Michael;12:58:29;17:03:30;-809.225,179.0941,179.0941;;;;
Michael;12:58:44;17:03:31;-810.3726,180.7373,180.7373;;;;
Michael;12:58:59;17:03:31;-810.6472,181.8137,181.8137;;;;
Michael;12:59:15;17:03:32;-810.0651,182.3829,182.3829;;;;
Michael;12:59:31;17:03:32;-809.3865,182.8039,182.8039;;;;
Michael;12:59:46;17:03:33;-808.6744,183.1407,183.1407;;;;
Michael;13:00:02;17:03:33;-807.9324,183.3871,183.3871;;;;
Michael;13:00:18;17:03:34;-807.0607,183.3145,183.3145;;;;
Michael;13:00:34;17:03:35;-806.2756,182.9058,182.9058;;Alright. Hey, about that other thing? You know, the score?;MICHAEL;JHF_CHAD
Michael;13:00:49;17:03:35;-805.8107,182.2387,182.2387;;;;
Michael;13:01:05;17:03:36;-805.4503,181.5314,181.5314;;;;
Michael;13:01:20;17:03:36;-805.2101,180.764,180.764;;;;
Michael;13:01:36;17:03:37;-805.0059,179.8954,179.8954;;;;
Michael;13:01:52;17:03:37;-805.0162,178.9743,178.9743;;;;
Michael;13:02:08;17:03:38;-804.6146,178.4467,178.4467;;;;
Michael;13:02:23;17:03:38;-803.7591,178.5774,178.5774;;;;
Michael;13:02:39;17:03:39;-802.9493,178.2174,178.2174;;;;
Michael;13:02:55;17:03:39;-802.21,178.5911,178.5911;;;;
Michael;13:03:10;17:03:40;-801.996,179.456,179.456;;Oh yeah, yeah... absolutely. Let's do it.;LESTER;JHF_CHAE
Michael;13:03:26;17:03:40;-802.4905,179.7942,179.7942;;;;
Michael;13:03:41;17:03:41;-803.0551,179.1472,179.1472;;;;
Michael;13:03:57;17:03:41;-803.8826,178.6423,178.6423;;;;
Michael;13:04:12;17:03:42;-805.8123,178.1878,178.1878;;Put on a suit, look somewhat professional, and meet me at my warehouse off the LS Freeway...;LESTER;JHF_CHAH
Michael;13:04:28;17:03:42;-807.6349,177.7498,177.7498;;;;
Michael;13:04:44;17:03:43;-808.8087,177.3355,177.3355;;;;
Michael;13:04:59;17:03:43;-809.5406,177.3093,177.3093;;;;
Michael;13:05:15;17:03:44;-810.0242,177.948,177.948;;;;
Michael;13:05:30;17:03:44;-810.6155,178.5894,178.5894;;;;
Michael;13:05:46;17:03:45;-811.4956,178.6886,178.6886;;;;
Michael;13:06:01;17:03:45;-812.3835,178.5025,178.5025;;;;
Michael;13:06:17;17:03:46;-813.1107,178.3548,178.3548;;;;
Michael;13:06:32;17:03:47;-813.3168,178.3473,178.3473;;Oh, and I'm about to email you a link for the exchange. You can put in some trades of your own.;LESTER;JHF_CHAF
Michael;13:06:48;17:03:47;-813.3178,178.3492,178.3492;;;;
Michael;13:07:04;17:03:48;-813.3178,178.3492,178.3492;;;;
Michael;13:07:19;17:03:48;-813.3178,178.3492,178.3492;;;;
Michael;13:07:35;17:03:49;-813.3178,178.3492,178.3492;;;;
Michael;13:07:50;17:03:49;-813.3178,178.3492,178.3492;;;;
Michael;13:08:06;17:03:50;-813.3178,178.3492,178.3492;;;;
Michael;13:08:21;17:03:50;-813.3178,178.3492,178.3492;;;;
Michael;13:08:37;17:03:51;-813.3178,178.3492,178.3492;;;;
Michael;13:08:52;17:03:51;-813.3178,178.3492,178.3492;;;;
Michael;13:09:08;17:03:52;-813.3178,178.3492,178.3492;;I'm trying to stay off the day trading, but maybe I'll take a look.;MICHAEL;JHF_CHAG
Michael;13:09:23;17:03:52;-813.3178,178.3492,178.3492;;;;
Michael;13:09:39;17:03:53;-813.3178,178.3492,178.3492;;;;
Michael;13:09:55;17:03:53;-813.3178,178.3492,178.3492;;;;
Michael;13:10:10;17:03:54;-813.3178,178.3492,178.3492;;;;
Michael;13:10:26;17:03:54;-813.3178,178.3492,178.3492;;;;
Michael;13:10:42;17:03:55;-813.3178,178.3492,178.3492;;;;
Michael;13:10:57;17:03:55;-813.3178,178.3492,178.3492;;;;
Michael;13:11:13;17:03:56;-813.3178,178.3492,178.3492;;;;
Michael;13:11:29;17:03:56;-813.3178,178.3492,178.3492;;;;
Michael;13:11:44;17:03:57;-813.4828,178.0432,178.0432;;;;
Michael;13:12:00;17:03:57;-813.798,177.2385,177.2385;;;;
Michael;13:12:15;17:03:58;-813.8262,176.3448,176.3448;;;;
Michael;13:12:31;17:03:58;-813.5303,175.4953,175.4953;;;;
Michael;13:12:47;17:03:59;-812.7053,175.2406,175.2406;;;;
Michael;13:13:02;17:04:00;-811.9114,175.2564,175.2564;;;;
Michael;13:13:18;17:04:00;-811.8961,175.2218,175.2218;;;;
Michael;13:13:33;17:04:01;-811.8961,175.2218,175.2218;;;;
Michael;13:13:49;17:04:01;-811.8961,175.2218,175.2218;;;;
Michael;13:14:04;17:04:02;-811.8961,175.2218,175.2218;;;;
Michael;13:14:20;17:04:02;-811.8961,175.2218,175.2218;;;;
Michael;13:14:35;17:04:03;-811.8961,175.2218,175.2218;;;;
Michael;13:14:51;17:04:03;-811.8961,175.2218,175.2218;;;;
Michael;13:15:06;17:04:04;-811.8961,175.2218,175.2218;;;;
Michael;13:15:22;17:04:04;-811.8961,175.2218,175.2218;;;;
Michael;13:15:37;17:04:05;-811.8961,175.2218,175.2218;;;;
Michael;13:15:53;17:04:05;-811.8961,175.2218,175.2218;;;;
Michael;13:16:08;17:04:06;-811.8961,175.2218,175.2218;;;;
Michael;13:16:24;17:04:06;-811.8961,175.2218,175.2218;;;;
Michael;13:16:39;17:04:07;-811.8961,175.2218,175.2218;;;;
Michael;13:16:55;17:04:07;-811.8961,175.2218,175.2218;;;;
Michael;13:17:10;17:04:08;-811.8961,175.2218,175.2218;;;;
Michael;13:17:26;17:04:08;-811.8961,175.2218,175.2218;;;;
Michael;13:17:42;17:04:09;-811.8961,175.2218,175.2218;;;;
Michael;13:17:57;17:04:09;-811.8961,175.2218,175.2218;;;;
Michael;13:18:13;17:04:10;-811.8961,175.2218,175.2218;;;;
Michael;13:18:28;17:04:10;-811.8961,175.2218,175.2218;;;;
Michael;13:18:44;17:04:11;-811.8961,175.2218,175.2218;;;;
Michael;13:18:59;17:04:11;-811.8961,175.2218,175.2218;;;;
Michael;13:19:15;17:04:12;-811.8961,175.2218,175.2218;;;;
Michael;13:19:30;17:04:12;-811.8961,175.2218,175.2218;;;;
Michael;13:19:45;17:04:13;-811.8961,175.2218,175.2218;;;;
Michael;13:20:01;17:04:13;-811.8961,175.2218,175.2218;;;;
Michael;13:20:16;17:04:14;-811.8961,175.2218,175.2218;;;;
Michael;13:20:32;17:04:14;-811.8961,175.2218,175.2218;;;;
Michael;13:20:47;17:04:15;-811.8961,175.2218,175.2218;;;;
Michael;13:21:03;17:04:16;-811.8961,175.2218,175.2218;;;;
Michael;13:21:18;17:04:16;-811.8961,175.2218,175.2218;;;;
Michael;13:21:34;17:04:17;-811.8961,175.2218,175.2218;;;;
Michael;13:21:50;17:04:17;-811.8961,175.2218,175.2218;;;;
Michael;13:22:05;17:04:18;-811.8961,175.2218,175.2218;;;;
Michael;13:22:21;17:04:18;-811.8961,175.2218,175.2218;;;;
Michael;13:22:36;17:04:19;-811.8961,175.2218,175.2218;;;;
Michael;13:22:52;17:04:19;-811.8961,175.2218,175.2218;;;;
Michael;13:23:07;17:04:20;-811.8961,175.2218,175.2218;;;;
Michael;13:23:22;17:04:20;-811.8961,175.2218,175.2218;;;;
Michael;13:23:38;17:04:21;-811.8961,175.2218,175.2218;;;;
Michael;13:23:54;17:04:21;-811.8961,175.2218,175.2218;;;;
Michael;13:24:09;17:04:22;-811.8961,175.2218,175.2218;;;;
Michael;13:24:25;17:04:22;-811.8961,175.2218,175.2218;;;;
Michael;13:24:40;17:04:23;-811.8961,175.2218,175.2218;;;;
Michael;13:24:56;17:04:23;-811.8961,175.2218,175.2218;;;;
Michael;13:25:11;17:04:24;-811.8961,175.2218,175.2218;;;;
Michael;13:25:26;17:04:24;-811.8961,175.2218,175.2218;;;;
Michael;13:25:42;17:04:25;-811.9728,175.2844,175.2844;;;;
Michael;13:25:57;17:04:25;-812.5045,175.5164,175.5164;;;;
Michael;13:26:13;17:04:26;-813.3721,175.7169,175.7169;;;;
Michael;13:26:28;17:04:26;-813.8789,176.3667,176.3667;;;;
Michael;13:26:44;17:04:27;-813.9832,177.2409,177.2409;;;;
Michael;13:27:00;17:04:27;-813.8926,178.1276,178.1276;;;;
Michael;13:27:15;17:04:28;-813.2894,178.7487,178.7487;;;;
Michael;13:27:31;17:04:28;-812.6068,179.338,179.338;;;;
Michael;13:27:46;17:04:29;-812.0176,180.0006,180.0006;;;;
Michael;13:28:02;17:04:30;-811.7718,180.8336,180.8336;;;;
Michael;13:28:18;17:04:30;-812.1142,181.0451,181.0451;;;;
Michael;13:28:33;17:04:31;-812.319,181.2257,181.2257;;;;
Michael;13:28:49;17:04:31;-812.3963,181.2369,181.2369;;;;
Michael;13:29:04;17:04:32;-812.533,181.2534,181.2534;;;;
Michael;13:29:20;17:04:32;-812.5326,181.2555,181.2555;;;;
Michael;13:29:36;17:04:33;-812.5318,181.2567,181.2567;;;;
Michael;13:29:51;17:04:33;-812.5318,181.2567,181.2567;;;;
Michael;13:30:07;17:04:34;-812.5318,181.2567,181.2567;;;;
Michael;13:30:22;17:04:34;-812.5318,181.2567,181.2567;;;;
Michael;13:30:38;17:04:35;-812.5318,181.2567,181.2567;;;;
Michael;13:30:53;17:04:35;-812.5318,181.2567,181.2567;;;;
Michael;13:31:09;17:04:36;-812.5414,181.2535,181.2535;;;;
Michael;13:31:24;17:04:36;-812.5782,181.2397,181.2397;;;;
Michael;13:31:40;17:04:37;-812.5782,181.2433,181.2433;;;;
Michael;13:31:56;17:04:37;-812.5782,181.2439,181.2439;;;;
Michael;13:32:11;17:04:38;-812.5782,181.2439,181.2439;;;;
Michael;13:32:27;17:04:38;-812.5782,181.2439,181.2439;;;;
Michael;13:32:42;17:04:39;-812.5782,181.2439,181.2439;;;;
Michael;13:32:58;17:04:39;-812.5782,181.2439,181.2439;;;;
Michael;13:33:13;17:04:40;-812.5782,181.2439,181.2439;;;;
Michael;13:33:29;17:04:40;-812.5782,181.2439,181.2439;;;;
Michael;13:33:44;17:04:41;-812.5782,181.2439,181.2439;;;;
Michael;13:34:00;17:04:41;-812.5782,181.2439,181.2439;;;;
Michael;13:34:15;17:04:42;-812.5782,181.2439,181.2439;;;;
Michael;13:34:31;17:04:42;-812.5782,181.2439,181.2439;;;;
Michael;13:34:46;17:04:43;-812.5782,181.2439,181.2439;;;;
Michael;13:35:02;17:04:43;-812.5782,181.2439,181.2439;;;;
Michael;13:35:17;17:04:44;-812.5782,181.2439,181.2439;;;;
Michael;13:35:32;17:04:45;-812.5782,181.2439,181.2439;;;;
Michael;13:35:48;17:04:45;-812.5782,181.2439,181.2439;;;;
Michael;13:36:03;17:04:46;-812.5782,181.2439,181.2439;;;;
Michael;13:36:19;17:04:46;-812.5782,181.2439,181.2439;;;;
Michael;13:36:35;17:04:47;-812.5782,181.2439,181.2439;;;;
Michael;13:36:50;17:04:47;-812.5782,181.2439,181.2439;;;;
Michael;13:37:06;17:04:48;-812.5782,181.2439,181.2439;;;;
Michael;13:37:21;17:04:48;-812.5782,181.2439,181.2439;;;;
Michael;13:37:37;17:04:49;-812.5782,181.2439,181.2439;;;;
Michael;13:37:52;17:04:49;-812.5782,181.2439,181.2439;;;;
Michael;13:38:08;17:04:50;-812.5782,181.2439,181.2439;;;;
Michael;13:38:23;17:04:50;-812.5782,181.2439,181.2439;;;;
Michael;13:38:38;17:04:51;-812.5782,181.2439,181.2439;;;;
Michael;13:38:54;17:04:51;-812.5782,181.2439,181.2439;;;;
Michael;13:39:06;17:05:00;-812.5782,181.2439,181.2439;;;;
Michael;13:39:22;17:05:00;-812.5782,181.2439,181.2439;;;;
Michael;13:39:37;17:05:01;-812.5782,181.2439,181.2439;;;;
