char;time_ingame;time_rw;pos;vehicle;subtitles_text;speaker;soundfile
Franklin;17:37:06;13:29:08;-14.3803,-1438.514,-1438.514;;;;
Franklin;17:37:06;13:29:08;-14.3803,-1438.514,-1438.514;;;;
Franklin;17:37:07;13:29:09;-14.3803,-1438.514,-1438.514;;;;
Franklin;17:37:07;13:29:09;-14.3803,-1438.514,-1438.514;;;;
Franklin;17:37:08;13:29:10;-14.3803,-1438.514,-1438.514;;;;
Franklin;17:37:08;13:29:10;-14.3803,-1438.514,-1438.514;;;;
Franklin;17:37:09;13:29:11;-14.3803,-1438.514,-1438.514;;;;
Franklin;17:37:09;13:29:11;-14.3803,-1438.514,-1438.514;;;;
Franklin;17:37:10;13:29:12;-14.3803,-1438.514,-1438.514;;;;
Franklin;17:37:10;13:29:12;-14.3803,-1438.514,-1438.514;;;;
Franklin;17:38:51;13:30:53;-14.3803,-1438.514,-1438.514;;;;
Franklin;17:38:54;13:30:55;-14.3803,-1438.514,-1438.514;;;;
Franklin;17:38:54;13:30:56;-14.3803,-1438.514,-1438.514;;;;
Franklin;17:38:55;13:30:57;-14.3803,-1438.514,-1438.514;;;;
Franklin;17:38:55;13:30:57;-14.3803,-1438.514,-1438.514;;;;
Franklin;17:38:56;13:31:00;-14.38022,-1438.526,-1438.526;;;;
Franklin;17:38:58;13:31:00;-14.38022,-1438.526,-1438.526;;;;
Franklin;17:38:59;13:31:01;-14.36796,-1438.983,-1438.983;;;;
Franklin;17:38:59;13:31:01;-14.45815,-1440.544,-1440.544;;;;
Franklin;17:39:00;13:31:02;-14.21172,-1442.005,-1442.005;;;;
Franklin;17:39:00;13:31:02;-14.47729,-1443.969,-1443.969;;;;
Franklin;17:39:01;13:31:03;-14.5398,-1444.137,-1444.137;;;;
Franklin;17:39:01;13:31:03;-14.53983,-1444.137,-1444.137;;;;
Franklin;17:39:02;13:31:04;-14.88001,-1444.201,-1444.201;;;;
Franklin;17:39:02;13:31:04;-17.24696,-1445.412,-1445.412;;;;
Franklin;17:39:03;13:31:05;-20.02459,-1444.979,-1444.979;;;;
Franklin;17:39:04;13:31:05;-20.72518,-1442.017,-1442.017;;;;
Franklin;17:39:04;13:31:06;-21.31094,-1439.117,-1439.117;;;;
Franklin;17:39:05;13:31:06;-21.3196,-1437.131,-1437.131;;;;
Franklin;17:39:05;13:31:07;-21.65957,-1435.37,-1435.37;;;;
Franklin;17:39:06;13:31:07;-22.06264,-1435.215,-1435.215;;;;
Franklin;17:39:06;13:31:08;-23.33001,-1436.256,-1436.256;;;;
Franklin;17:39:07;13:31:09;-23.37247,-1436.923,-1436.923;;;;
Franklin;17:39:07;13:31:09;-23.31558,-1437.306,-1437.306;;;;
Franklin;17:39:08;13:31:10;-22.64904,-1437.799,-1437.799;;;;
Franklin;17:39:08;13:31:10;-21.92838,-1437.915,-1437.915;;;;
Franklin;17:39:09;13:31:11;-21.76374,-1438.371,-1438.371;;;;
Franklin;17:39:09;13:31:11;-21.35678,-1438.813,-1438.813;;;;
Franklin;17:39:10;13:31:12;-21.29959,-1439.514,-1439.514;;;;
Franklin;17:39:10;13:31:12;-21.30565,-1439.171,-1439.171;;;;
Franklin;17:39:11;13:31:13;-21.36561,-1438.708,-1438.708;;;;
Franklin;17:39:11;13:31:13;-21.3656,-1438.708,-1438.708;;;;
Franklin;17:39:12;13:31:14;-22.15815,-1439.135,-1439.135;;;;
Franklin;17:39:12;13:31:14;-22.62963,-1439.137,-1439.137;True,Sports,BUFFALO02,0,0;;;
Franklin;17:39:25;13:31:27;-22.62948,-1439.137,-1439.137;True,Sports,BUFFALO02,0,0023039,0;;;
Franklin;17:39:25;13:31:27;-22.63024,-1439.137,-1439.137;True,Sports,BUFFALO02,0,003161229,0;;;
Franklin;17:39:26;13:31:28;-22.63021,-1439.137,-1439.137;True,Sports,BUFFALO02,0,0;;;
Franklin;17:39:26;13:31:28;-22.63014,-1439.137,-1439.137;True,Sports,BUFFALO02,0,01143989,1;;;
Franklin;17:39:27;13:31:29;-22.73826,-1439.445,-1439.445;True,Sports,BUFFALO02,1,471527,1;;;
Franklin;17:39:27;13:31:29;-23.34469,-1440.693,-1440.693;True,Sports,BUFFALO02,4,050107,1;;;
Franklin;17:39:28;13:31:30;-24.28293,-1443.541,-1443.541;True,Sports,BUFFALO02,7,873056,1;;;
Franklin;17:39:29;13:31:30;-24.62099,-1447.131,-1447.131;True,Sports,BUFFALO02,5,666074,0;;;
Franklin;17:39:29;13:31:31;-23.90837,-1449.501,-1449.501;True,Sports,BUFFALO02,4,239472,0;;;
Franklin;17:39:30;13:31:31;-23.50752,-1451.177,-1451.177;True,Sports,BUFFALO02,2,895507,1;;;
Franklin;17:39:30;13:31:32;-23.29239,-1453.224,-1453.224;True,Sports,BUFFALO02,4,919203,0;;;
Franklin;17:39:31;13:31:32;-23.68595,-1455.683,-1455.683;True,Sports,BUFFALO02,5,645337,1;;;
Franklin;17:39:31;13:31:33;-25.77358,-1458.123,-1458.123;True,Sports,BUFFALO02,6,280288,1;;;
Franklin;17:39:32;13:31:34;-29.95709,-1459.262,-1459.262;True,Sports,BUFFALO02,10,82412,1;;;
Franklin;17:39:32;13:31:34;-35.6643,-1460.321,-1460.321;True,Sports,BUFFALO02,10,26455,0;;;
Franklin;17:39:33;13:31:35;-40.84151,-1461.1,-1461.1;True,Sports,BUFFALO02,9,662055,0;;;
Franklin;17:39:33;13:31:35;-45.36431,-1461.297,-1461.297;True,Sports,BUFFALO02,7,747973,0;;;
Franklin;17:39:34;13:31:36;-48.86385,-1461.487,-1461.487;True,Sports,BUFFALO02,5,620902,0;;;
Franklin;17:39:34;13:31:36;-52.54116,-1462.321,-1462.321;True,Sports,BUFFALO02,9,675765,1;;;
Franklin;17:39:35;13:31:37;-58.31319,-1463.43,-1463.43;True,Sports,BUFFALO02,11,71335,1;;;
Franklin;17:39:35;13:31:37;-64.67032,-1465.949,-1465.949;True,Sports,BUFFALO02,14,6298,1;;;
Franklin;17:39:36;13:31:38;-72.0418,-1470.123,-1470.123;True,Sports,BUFFALO02,17,34594,1;;;
Franklin;17:39:36;13:31:38;-79.13299,-1476.362,-1476.362;True,Sports,BUFFALO02,18,64631,0;;;
Franklin;17:39:37;13:31:39;-85.52905,-1483.226,-1483.226;True,Sports,BUFFALO02,18,09532,0;;;
Franklin;17:39:37;13:31:39;-91.51344,-1489.714,-1489.714;True,Sports,BUFFALO02,15,91681,0;;;
Franklin;17:39:38;13:31:40;-96.53759,-1495.662,-1495.662;True,Sports,BUFFALO02,14,06453,0;;;
Franklin;17:39:38;13:31:40;-100.4634,-1500.357,-1500.357;True,Sports,BUFFALO02,9,954465,0;;;
Franklin;17:39:39;13:31:41;-102.9885,-1503.317,-1503.317;True,Sports,BUFFALO02,5,062243,0;;;
Franklin;17:39:39;13:31:41;-103.8364,-1504.371,-1504.371;True,Sports,BUFFALO02,0,2655572,0;;;
Franklin;17:39:40;13:31:42;-103.8276,-1504.361,-1504.361;True,Sports,BUFFALO02,0,0;;;
Franklin;17:39:40;13:31:42;-103.8276,-1504.361,-1504.361;True,Sports,BUFFALO02,0,0;;;
Franklin;17:39:41;13:31:43;-103.8276,-1504.361,-1504.361;True,Sports,BUFFALO02,0,0;;;
Franklin;17:39:42;13:31:43;-103.8276,-1504.361,-1504.361;True,Sports,BUFFALO02,0,0;;;
Franklin;17:39:42;13:31:44;-103.8276,-1504.361,-1504.361;True,Sports,BUFFALO02,0,0;;;
Franklin;17:39:43;13:31:44;-103.8276,-1504.361,-1504.361;True,Sports,BUFFALO02,0,0;;;
Franklin;17:39:43;13:31:45;-103.8276,-1504.361,-1504.361;True,Sports,BUFFALO02,0,0;;;
Franklin;17:39:44;13:31:45;-103.8452,-1504.378,-1504.378;True,Sports,BUFFALO02,0,3540176,1;;;
Franklin;17:39:44;13:31:46;-104.4028,-1504.835,-1504.835;True,Sports,BUFFALO02,2,426347,1;;;
Franklin;17:39:45;13:31:47;-106.0604,-1506.281,-1506.281;True,Sports,BUFFALO02,6,371128,1;;;
Franklin;17:39:45;13:31:47;-109.8541,-1509.426,-1509.426;True,Sports,BUFFALO02,11,48917,0;;;
Franklin;17:39:46;13:31:48;-114.842,-1511.164,-1511.164;True,Sports,BUFFALO02,9,277709,0;;;
Franklin;17:39:46;13:31:48;-120.2744,-1510.051,-1510.051;True,Sports,BUFFALO02,11,40983,0;;;
Franklin;17:39:47;13:31:49;-125.6251,-1506.783,-1506.783;True,Sports,BUFFALO02,13,00456,1;;;
Franklin;17:39:47;13:31:49;-131.3077,-1501.712,-1501.712;True,Sports,BUFFALO02,15,75167,1;;;
Franklin;17:39:48;13:31:50;-137.6466,-1496.321,-1496.321;True,Sports,BUFFALO02,15,4656,0;;;
Franklin;17:39:48;13:31:50;-144.1978,-1490.965,-1490.965;True,Sports,BUFFALO02,16,84941,0;;;
Franklin;17:39:49;13:31:51;-150.5228,-1485.642,-1485.642;True,Sports,BUFFALO02,15,26791,0;;;
Franklin;17:39:49;13:31:51;-156.4231,-1480.705,-1480.705;True,Sports,BUFFALO02,15,46222,1;;;
Franklin;17:39:50;13:31:52;-164.0933,-1476.105,-1476.105;True,Sports,BUFFALO02,17,78438,0;;;
Franklin;17:39:50;13:31:52;-171.9949,-1471.972,-1471.972;True,Sports,BUFFALO02,16,12185,0;;;
Franklin;17:39:51;13:31:53;-179.3811,-1467.555,-1467.555;True,Sports,BUFFALO02,15,84113,0;;;
Franklin;17:39:51;13:31:53;-185.3614,-1462.751,-1462.751;True,Sports,BUFFALO02,14,10389,0;;;
Franklin;17:39:52;13:31:54;-190.3077,-1458.064,-1458.064;True,Sports,BUFFALO02,12,16895,0;;;
Franklin;17:39:52;13:31:54;-194.9569,-1454.527,-1454.527;True,Sports,BUFFALO02,10,44827,0;;;
Franklin;17:39:53;13:31:55;-198.8857,-1451.401,-1451.401;True,Sports,BUFFALO02,8,746883,0;;;
Franklin;17:39:53;13:31:55;-202.0537,-1448.844,-1448.844;True,Sports,BUFFALO02,7,073131,0;;;
Franklin;17:39:54;13:31:56;-204.3851,-1446.966,-1446.966;True,Sports,BUFFALO02,3,927385,0;;;
Franklin;17:39:55;13:31:56;-205.0159,-1446.444,-1446.444;True,Sports,BUFFALO02,0,09434,0;;;
Franklin;17:39:55;13:31:57;-205.0128,-1446.447,-1446.447;True,Sports,BUFFALO02,0,0;;;
Franklin;17:39:56;13:31:57;-205.0128,-1446.447,-1446.447;True,Sports,BUFFALO02,0,0;;;
Franklin;17:39:56;13:31:58;-205.0128,-1446.447,-1446.447;True,Sports,BUFFALO02,0,0;;;
Franklin;17:39:57;13:31:58;-205.0128,-1446.447,-1446.447;True,Sports,BUFFALO02,0,0;;;
Franklin;17:39:57;13:31:59;-205.0128,-1446.447,-1446.447;True,Sports,BUFFALO02,0,0;;;
Franklin;17:39:58;13:32:00;-205.0128,-1446.447,-1446.447;True,Sports,BUFFALO02,0,0;;;
Franklin;17:39:58;13:32:00;-205.0128,-1446.447,-1446.447;True,Sports,BUFFALO02,0,0;;;
Franklin;17:39:59;13:32:01;-205.0128,-1446.447,-1446.447;True,Sports,BUFFALO02,0,0;;;
Franklin;17:39:59;13:32:01;-205.0128,-1446.447,-1446.447;True,Sports,BUFFALO02,0,0;;;
Franklin;17:40:00;13:32:02;-205.0128,-1446.447,-1446.447;True,Sports,BUFFALO02,0,0;;;
Franklin;17:40:00;13:32:02;-205.0128,-1446.447,-1446.447;True,Sports,BUFFALO02,0,0;;;
Franklin;17:40:01;13:32:03;-205.0128,-1446.447,-1446.447;True,Sports,BUFFALO02,0,0;;;
Franklin;17:40:01;13:32:03;-205.0128,-1446.447,-1446.447;True,Sports,BUFFALO02,0,0;;;
Franklin;17:40:02;13:32:04;-205.0128,-1446.447,-1446.447;True,Sports,BUFFALO02,0,0;;;
Franklin;17:40:02;13:32:04;-205.0128,-1446.447,-1446.447;True,Sports,BUFFALO02,0,0;;;
Franklin;17:40:03;13:32:05;-205.0128,-1446.447,-1446.447;True,Sports,BUFFALO02,0,0;;;
Franklin;17:40:03;13:32:05;-205.0128,-1446.447,-1446.447;True,Sports,BUFFALO02,0,0;;;
Franklin;17:40:04;13:32:06;-205.0128,-1446.447,-1446.447;True,Sports,BUFFALO02,0,0;;;
Franklin;17:40:04;13:32:06;-205.0128,-1446.447,-1446.447;True,Sports,BUFFALO02,0,0;;;
Franklin;17:40:05;13:32:07;-205.0128,-1446.447,-1446.447;True,Sports,BUFFALO02,0,0;;;
Franklin;17:40:05;13:32:07;-205.0128,-1446.447,-1446.447;True,Sports,BUFFALO02,0,0;;;
Franklin;17:40:06;13:32:08;-205.0128,-1446.447,-1446.447;True,Sports,BUFFALO02,0,0;;;
Franklin;17:40:06;13:32:08;-205.0128,-1446.447,-1446.447;True,Sports,BUFFALO02,0,0;;;
Franklin;17:40:07;13:32:09;-205.0128,-1446.447,-1446.447;True,Sports,BUFFALO02,0,0;;;
Franklin;17:40:08;13:32:09;-205.0128,-1446.447,-1446.447;True,Sports,BUFFALO02,0,0;;;
Franklin;17:40:08;13:32:10;-205.0128,-1446.447,-1446.447;True,Sports,BUFFALO02,0,0;;;
Franklin;17:40:09;13:32:10;-205.0128,-1446.447,-1446.447;True,Sports,BUFFALO02,0,0;;;
Franklin;17:40:09;13:32:11;-206.4183,-1445.514,-1445.514;True,Sports,BUFFALO02,6,12966,0;;;
Franklin;17:40:10;13:32:11;-208.602,-1443.817,-1443.817;True,Sports,BUFFALO02,4,472342,0;;;
Franklin;17:40:10;13:32:12;-210.1251,-1442.638,-1442.638;True,Sports,BUFFALO02,2,830263,0;;;
Franklin;17:40:11;13:32:13;-210.9398,-1441.976,-1441.976;True,Sports,BUFFALO02,1,240016,0;;;
Franklin;17:40:11;13:32:13;-211.2639,-1441.718,-1441.718;True,Sports,BUFFALO02,1,260545,1;;;
Franklin;17:40:12;13:32:14;-212.4088,-1440.816,-1440.816;True,Sports,BUFFALO02,4,483662,1;;;
Franklin;17:40:12;13:32:14;-215.2964,-1438.544,-1438.544;True,Sports,BUFFALO02,10,32571,1;;;
Franklin;17:40:13;13:32:15;-219.8695,-1434.868,-1434.868;True,Sports,BUFFALO02,11,28457,1;;;
Franklin;17:40:13;13:32:15;-224.5997,-1430.4,-1430.4;True,Sports,BUFFALO02,13,01537,0;;;
Franklin;17:40:14;13:32:16;-229.6706,-1426.84,-1426.84;True,Sports,BUFFALO02,10,92303,0;;;
Franklin;17:40:14;13:32:16;-235.2438,-1424.901,-1424.901;True,Sports,BUFFALO02,12,83945,1;;;
Franklin;17:40:15;13:32:17;-242.7062,-1423.729,-1423.729;True,Sports,BUFFALO02,17,03248,1;;;
Franklin;17:40:15;13:32:17;-252.8387,-1422.427,-1422.427;True,Sports,BUFFALO02,20,39468,0;;;
Franklin;17:40:16;13:32:18;-263.3097,-1420.607,-1420.607;True,Sports,BUFFALO02,19,85802,0;;;
Franklin;17:40:16;13:32:18;-273.2614,-1420.06,-1420.06;True,Sports,BUFFALO02,18,88956,1;;;
Franklin;17:40:17;13:32:19;-283.8497,-1419.656,-1419.656;True,Sports,BUFFALO02,21,61994,1;;;
Franklin;17:40:17;13:32:19;-294.9056,-1420.136,-1420.136;True,Sports,BUFFALO02,20,24422,0;;;
Franklin;17:40:18;13:32:20;-305.0218,-1420.338,-1420.338;True,Sports,BUFFALO02,18,16624,0;;;
Franklin;17:40:18;13:32:20;-313.7904,-1419.954,-1419.954;True,Sports,BUFFALO02,15,07965,0;;;
Franklin;17:40:19;13:32:21;-320.5505,-1419.724,-1419.724;True,Sports,BUFFALO02,11,97311,0;;;
Franklin;17:40:20;13:32:21;-326.4076,-1419.743,-1419.743;True,Sports,BUFFALO02,10,46952,0;;;
Franklin;17:40:20;13:32:22;-331.4071,-1419.725,-1419.725;True,Sports,BUFFALO02,8,481441,0;;;
Franklin;17:40:21;13:32:22;-335.0776,-1419.675,-1419.675;True,Sports,BUFFALO02,6,18263,0;;;
Franklin;17:40:21;13:32:23;-337.5615,-1419.624,-1419.624;True,Sports,BUFFALO02,3,59905,0;;;
Franklin;17:40:22;13:32:23;-338.7042,-1419.625,-1419.625;True,Sports,BUFFALO02,1,203519,0;;;
Franklin;17:40:22;13:32:24;-338.9905,-1419.6,-1419.6;True,Sports,BUFFALO02,0,0250228,0;;;
Franklin;17:40:23;13:32:25;-339.101,-1419.598,-1419.598;True,Sports,BUFFALO02,0,4441318,1;;;
Franklin;17:40:23;13:32:25;-339.1383,-1419.597,-1419.597;True,Sports,BUFFALO02,0,0;;;
Franklin;17:40:24;13:32:26;-339.1383,-1419.597,-1419.597;True,Sports,BUFFALO02,0,0;;;
Franklin;17:40:24;13:32:26;-339.1383,-1419.597,-1419.597;True,Sports,BUFFALO02,0,0;;;
Franklin;17:40:25;13:32:27;-339.3646,-1419.591,-1419.591;True,Sports,BUFFALO02,1,520512,1;;;
Franklin;17:40:25;13:32:27;-340.1803,-1419.719,-1419.719;True,Sports,BUFFALO02,1,087644,0;;;
Franklin;17:40:26;13:32:28;-340.7917,-1419.745,-1419.745;True,Sports,BUFFALO02,0,8173274,0;;;
Franklin;17:40:26;13:32:28;-340.9261,-1419.75,-1419.75;True,Sports,BUFFALO02,0,003795869,0;;;
Franklin;17:40:27;13:32:29;-341.0692,-1419.757,-1419.757;True,Sports,BUFFALO02,0,005761275,0;;;
Franklin;17:40:27;13:32:29;-341.0684,-1419.757,-1419.757;True,Sports,BUFFALO02,0,0;;;
Franklin;17:40:28;13:32:30;-341.0684,-1419.757,-1419.757;True,Sports,BUFFALO02,0,0;;;
Franklin;17:40:28;13:32:30;-341.0684,-1419.757,-1419.757;True,Sports,BUFFALO02,0,0;;;
Franklin;17:40:29;13:32:31;-341.0684,-1419.757,-1419.757;True,Sports,BUFFALO02,0,0;;;
Franklin;17:40:29;13:32:31;-341.0684,-1419.757,-1419.757;True,Sports,BUFFALO02,0,0;;;
Franklin;17:40:30;13:32:32;-341.0684,-1419.757,-1419.757;True,Sports,BUFFALO02,0,0;;;
Franklin;17:40:30;13:32:32;-341.0684,-1419.757,-1419.757;True,Sports,BUFFALO02,0,0;;;
Franklin;17:40:31;13:32:33;-341.0684,-1419.757,-1419.757;True,Sports,BUFFALO02,0,0;;;
Franklin;17:40:32;13:32:33;-341.0684,-1419.757,-1419.757;True,Sports,BUFFALO02,0,0;;;
Franklin;17:40:32;13:32:34;-341.0684,-1419.757,-1419.757;True,Sports,BUFFALO02,0,0;;;
Franklin;17:40:33;13:32:34;-341.0684,-1419.757,-1419.757;True,Sports,BUFFALO02,0,0;;;
Franklin;17:40:33;13:32:35;-341.0684,-1419.757,-1419.757;True,Sports,BUFFALO02,0,0;;;
Franklin;17:40:34;13:32:35;-341.0684,-1419.757,-1419.757;True,Sports,BUFFALO02,0,0;;;
Franklin;17:40:34;13:32:36;-341.0684,-1419.757,-1419.757;True,Sports,BUFFALO02,0,0;;;
Franklin;17:40:35;13:32:36;-341.0684,-1419.757,-1419.757;True,Sports,BUFFALO02,0,0;;;
Franklin;17:40:35;13:32:37;-341.0684,-1419.757,-1419.757;True,Sports,BUFFALO02,0,0;;;
Franklin;17:40:36;13:32:38;-341.0684,-1419.757,-1419.757;True,Sports,BUFFALO02,0,0;;;
Franklin;17:40:36;13:32:38;-341.0684,-1419.757,-1419.757;True,Sports,BUFFALO02,0,0;;;
Franklin;17:40:37;13:32:39;-341.0684,-1419.757,-1419.757;True,Sports,BUFFALO02,0,0;;;
Franklin;17:40:37;13:32:39;-341.1326,-1419.76,-1419.76;True,Sports,BUFFALO02,0,7570008,1;;;
Franklin;17:40:38;13:32:40;-342.3976,-1419.798,-1419.798;True,Sports,BUFFALO02,4,411488,1;;;
Franklin;17:40:38;13:32:40;-346.2573,-1419.918,-1419.918;True,Sports,BUFFALO02,10,90123,1;;;
Franklin;17:40:39;13:32:41;-352.1079,-1420.057,-1420.057;True,Sports,BUFFALO02,10,64545,0;;;
Franklin;17:40:39;13:32:41;-357.218,-1420.144,-1420.144;True,Sports,BUFFALO02,9,943866,1;;;
Franklin;17:40:40;13:32:42;-362.5052,-1420.202,-1420.202;True,Sports,BUFFALO02,10,98438,1;;;
Franklin;17:40:40;13:32:42;-367.9392,-1420.232,-1420.232;True,Sports,BUFFALO02,9,550457,0;;;
Franklin;17:40:41;13:32:43;-372.8347,-1419.546,-1419.546;True,Sports,BUFFALO02,8,829568,0;;;
Franklin;17:40:41;13:32:43;-377.2728,-1418.983,-1418.983;True,Sports,BUFFALO02,8,10676,1;;;
Franklin;17:40:42;13:32:44;-382.5069,-1418.502,-1418.502;True,Sports,BUFFALO02,10,42042,0;;;
Franklin;17:40:42;13:32:44;-386.8763,-1418.068,-1418.068;True,Sports,BUFFALO02,7,345686,0;;;
Franklin;17:40:43;13:32:45;-390.1288,-1417.703,-1417.703;True,Sports,BUFFALO02,5,079724,0;;;
Franklin;17:40:43;13:32:45;-392.1336,-1418.012,-1418.012;True,Sports,BUFFALO02,3,922051,1;;;
Franklin;17:40:44;13:32:46;-395.4281,-1418.897,-1418.897;True,Sports,BUFFALO02,8,831697,1;;;
Franklin;17:40:45;13:32:46;-401.0741,-1419.084,-1419.084;True,Sports,BUFFALO02,11,25011,0;;;
Franklin;17:40:45;13:32:47;-407.5959,-1418.292,-1418.292;True,Sports,BUFFALO02,13,99756,1;;;
Franklin;17:40:46;13:32:47;-415.5877,-1417.12,-1417.12;True,Sports,BUFFALO02,16,67259,1;;;
Franklin;17:40:46;13:32:48;-424.8089,-1415.211,-1415.211;True,Sports,BUFFALO02,19,33966,1;;;
Franklin;17:40:47;13:32:48;-435.5065,-1413.527,-1413.527;True,Sports,BUFFALO02,22,35576,1;;;
Franklin;17:40:47;13:32:49;-447.7419,-1412.009,-1412.009;True,Sports,BUFFALO02,23,24203,0;;;
Franklin;17:40:48;13:32:50;-458.9832,-1409.823,-1409.823;True,Sports,BUFFALO02,21,24257,0;;;
Franklin;17:40:48;13:32:50;-469.4523,-1406.804,-1406.804;True,Sports,BUFFALO02,20,36586,0;;;
Franklin;17:40:49;13:32:51;-478.62,-1402.758,-1402.758;True,Sports,BUFFALO02,18,40154,0;;;
Franklin;17:40:49;13:32:51;-486.8036,-1398.867,-1398.867;True,Sports,BUFFALO02,16,32703,0;;;
Franklin;17:40:50;13:32:52;-493.0765,-1394.51,-1394.51;True,Sports,BUFFALO02,11,50364,0;;;
Franklin;17:40:50;13:32:52;-497.235,-1390.375,-1390.375;True,Sports,BUFFALO02,11,60084,0;;;
Franklin;17:40:51;13:32:53;-501.3212,-1385.593,-1385.593;True,Sports,BUFFALO02,13,32367,1;;;
Franklin;17:40:51;13:32:53;-506.077,-1379.101,-1379.101;True,Sports,BUFFALO02,17,20205,1;;;
Franklin;17:40:52;13:32:54;-511.0763,-1370.894,-1370.894;True,Sports,BUFFALO02,20,06051,1;;;
Franklin;17:40:52;13:32:54;-514.5441,-1361.034,-1361.034;True,Sports,BUFFALO02,17,77264,0;;;
Franklin;17:40:53;13:32:55;-515.8804,-1354.809,-1354.809;True,Sports,BUFFALO02,8,326373,0;;;
Franklin;17:40:53;13:32:55;-515.7484,-1349.89,-1349.89;True,Sports,BUFFALO02,11,78674,1;;;
Franklin;17:40:54;13:32:56;-515.2716,-1343.842,-1343.842;True,Sports,BUFFALO02,12,56821,1;;;
Franklin;17:40:54;13:32:56;-514.5773,-1337.702,-1337.702;True,Sports,BUFFALO02,10,85467,0;;;
Franklin;17:40:55;13:32:57;-512.9329,-1331.862,-1331.862;True,Sports,BUFFALO02,13,21387,1;;;
Franklin;17:40:55;13:32:57;-510.5329,-1325.203,-1325.203;True,Sports,BUFFALO02,13,24843,0;;;
Franklin;17:40:56;13:32:58;-507.8868,-1319.641,-1319.641;True,Sports,BUFFALO02,10,28392,0;;;
Franklin;17:40:56;13:32:58;-505.5458,-1314.917,-1314.917;True,Sports,BUFFALO02,11,61331,1;;;
Franklin;17:40:57;13:32:59;-503.1085,-1309.61,-1309.61;True,Sports,BUFFALO02,10,33938,0;;;
Franklin;17:40:58;13:32:59;-501.0263,-1304.73,-1304.73;True,Sports,BUFFALO02,11,38111,1;;;
Franklin;17:40:58;13:33:00;-498.3459,-1299.445,-1299.445;True,Sports,BUFFALO02,10,64911,0;;;
Franklin;17:40:59;13:33:00;-496.826,-1294.569,-1294.569;True,Sports,BUFFALO02,10,42154,1;;;
Franklin;17:40:59;13:33:01;-494.5837,-1289.124,-1289.124;True,Sports,BUFFALO02,11,66283,1;;;
Franklin;17:41:00;13:33:01;-492.0969,-1282.748,-1282.748;True,Sports,BUFFALO02,14,56964,1;;;
Franklin;17:41:00;13:33:02;-488.7787,-1275.335,-1275.335;True,Sports,BUFFALO02,15,19619,0;;;
Franklin;17:41:01;13:33:03;-486.494,-1269.344,-1269.344;True,Sports,BUFFALO02,10,88105,0;;;
Franklin;17:41:01;13:33:03;-484.5278,-1263.843,-1263.843;True,Sports,BUFFALO02,11,48147,1;;;
Franklin;17:41:02;13:33:04;-482.3909,-1257.909,-1257.909;True,Sports,BUFFALO02,12,29475,1;;;
Franklin;17:41:02;13:33:04;-479.9128,-1251.102,-1251.102;True,Sports,BUFFALO02,14,93835,0;;;
Franklin;17:41:03;13:33:05;-477.665,-1244.987,-1244.987;True,Sports,BUFFALO02,10,5743,0;;;
Franklin;17:41:03;13:33:05;-475.6833,-1239.447,-1239.447;True,Sports,BUFFALO02,11,30565,0;;;
Franklin;17:41:04;13:33:06;-474.8453,-1234.101,-1234.101;True,Sports,BUFFALO02,9,54456,0;;;
Franklin;17:41:04;13:33:06;-474.7204,-1228.737,-1228.737;True,Sports,BUFFALO02,10,92708,0;;;
Franklin;17:41:05;13:33:07;-474.1775,-1223.016,-1223.016;True,Sports,BUFFALO02,11,69489,0;;;
Franklin;17:41:05;13:33:07;-474.6027,-1217.34,-1217.34;True,Sports,BUFFALO02,10,35625,0;;;
Franklin;17:41:06;13:33:08;-475.3651,-1212.401,-1212.401;True,Sports,BUFFALO02,9,387802,1;;;
Franklin;17:41:06;13:33:08;-477.3411,-1207.665,-1207.665;True,Sports,BUFFALO02,10,97986,1;;;
Franklin;17:41:07;13:33:09;-481.1057,-1203.039,-1203.039;True,Sports,BUFFALO02,10,3341,0;;;
Franklin;17:41:07;13:33:09;-483.0962,-1198.13,-1198.13;True,Sports,BUFFALO02,11,56262,1;;;
Franklin;17:41:08;13:33:10;-485.1477,-1192.369,-1192.369;True,Sports,BUFFALO02,12,53091,1;;;
Franklin;17:41:08;13:33:10;-487.8417,-1186.886,-1186.886;True,Sports,BUFFALO02,11,39407,1;;;
Franklin;17:41:09;13:33:11;-491.0502,-1181.852,-1181.852;True,Sports,BUFFALO02,10,899,0;;;
Franklin;17:41:10;13:33:11;-494.3343,-1177.322,-1177.322;True,Sports,BUFFALO02,10,64549,0;;;
Franklin;17:41:10;13:33:12;-497.7924,-1172.587,-1172.587;True,Sports,BUFFALO02,12,49517,1;;;
Franklin;17:41:11;13:33:12;-501.567,-1166.945,-1166.945;True,Sports,BUFFALO02,12,39798,0;;;
Franklin;17:41:11;13:33:13;-504.5268,-1161.738,-1161.738;True,Sports,BUFFALO02,10,74202,0;;;
Franklin;17:41:12;13:33:13;-507.0371,-1157.222,-1157.222;True,Sports,BUFFALO02,9,216537,0;;;
Franklin;17:41:12;13:33:14;-509.3993,-1152.759,-1152.759;True,Sports,BUFFALO02,11,63287,1;;;
Franklin;17:41:13;13:33:15;-511.699,-1147.059,-1147.059;True,Sports,BUFFALO02,12,3776,1;;;
Franklin;17:41:13;13:33:15;-514.3451,-1141.766,-1141.766;True,Sports,BUFFALO02,10,34579,0;;;
Franklin;17:41:14;13:33:16;-516.674,-1137.57,-1137.57;True,Sports,BUFFALO02,8,386748,0;;;
Franklin;17:41:14;13:33:16;-518.5731,-1134.267,-1134.267;True,Sports,BUFFALO02,6,394571,0;;;
Franklin;17:41:15;13:33:17;-519.9628,-1131.667,-1131.667;True,Sports,BUFFALO02,5,181703,0;;;
Franklin;17:41:15;13:33:17;-520.8693,-1129.594,-1129.594;True,Sports,BUFFALO02,4,321328,1;;;
Franklin;17:41:16;13:33:18;-521.9837,-1127.86,-1127.86;True,Sports,BUFFALO02,4,369869,1;;;
Franklin;17:41:16;13:33:18;-524.4872,-1125.694,-1125.694;True,Sports,BUFFALO02,7,874517,1;;;
Franklin;17:41:17;13:33:19;-528.6462,-1125.032,-1125.032;True,Sports,BUFFALO02,8,986048,1;;;
Franklin;17:41:17;13:33:19;-534.2255,-1125.421,-1125.421;True,Sports,BUFFALO02,10,83712,0;;;
Franklin;17:41:18;13:33:20;-538.9799,-1127.742,-1127.742;True,Sports,BUFFALO02,9,080485,0;;;
Franklin;17:41:18;13:33:20;-541.3204,-1131.714,-1131.714;True,Sports,BUFFALO02,10,66998,1;;;
Franklin;17:41:19;13:33:21;-544.3738,-1137.025,-1137.025;True,Sports,BUFFALO02,12,45642,1;;;
Franklin;17:41:19;13:33:21;-547.3055,-1143.724,-1143.724;True,Sports,BUFFALO02,14,59918,0;;;
Franklin;17:41:20;13:33:22;-549.7798,-1150.943,-1150.943;True,Sports,BUFFALO02,15,69878,1;;;
Franklin;17:41:20;13:33:22;-551.9308,-1159.749,-1159.749;True,Sports,BUFFALO02,19,04174,1;;;
Franklin;17:41:21;13:33:23;-554.4885,-1169.496,-1169.496;True,Sports,BUFFALO02,18,62451,0;;;
Franklin;17:41:22;13:33:23;-557.6658,-1179.095,-1179.095;True,Sports,BUFFALO02,20,44229,1;;;
Franklin;17:41:22;13:33:24;-561.5154,-1188.88,-1188.88;True,Sports,BUFFALO02,19,07168,0;;;
Franklin;17:41:23;13:33:24;-565.7224,-1197.855,-1197.855;True,Sports,BUFFALO02,20,72528,1;;;
Franklin;17:41:23;13:33:25;-570.3991,-1206.946,-1206.946;True,Sports,BUFFALO02,18,86945,0;;;
Franklin;17:41:24;13:33:25;-576.051,-1215.264,-1215.264;True,Sports,BUFFALO02,19,58509,0;;;
Franklin;17:41:24;13:33:26;-581.403,-1224.126,-1224.126;True,Sports,BUFFALO02,21,28941,1;;;
Franklin;17:41:25;13:33:27;-587.864,-1233.412,-1233.412;True,Sports,BUFFALO02,21,45571,0;;;
Franklin;17:41:25;13:33:27;-595.4817,-1240.898,-1240.898;True,Sports,BUFFALO02,19,80509,0;;;
Franklin;17:41:26;13:33:28;-603.1486,-1247.046,-1247.046;True,Sports,BUFFALO02,18,32024,0;;;
Franklin;17:41:26;13:33:28;-610.2895,-1252.631,-1252.631;True,Sports,BUFFALO02,16,92069,0;;;
Franklin;17:41:27;13:33:29;-616.9286,-1257.71,-1257.71;True,Sports,BUFFALO02,15,29452,0;;;
Franklin;17:41:27;13:33:29;-623.4926,-1261.458,-1261.458;True,Sports,BUFFALO02,15,12021,1;;;
Franklin;17:41:28;13:33:30;-631.2916,-1263.573,-1263.573;True,Sports,BUFFALO02,14,83905,0;;;
Franklin;17:41:28;13:33:30;-638.7504,-1264.625,-1264.625;True,Sports,BUFFALO02,15,37268,1;;;
Franklin;17:41:29;13:33:31;-646.5219,-1262.892,-1262.892;True,Sports,BUFFALO02,14,7014,0;;;
Franklin;17:41:29;13:33:31;-653.8401,-1259.042,-1259.042;True,Sports,BUFFALO02,16,97424,1;;;
Franklin;17:41:30;13:33:32;-659.9023,-1252.739,-1252.739;True,Sports,BUFFALO02,17,33395,1;;;
Franklin;17:41:30;13:33:32;-664.9081,-1244.169,-1244.169;True,Sports,BUFFALO02,20,25485,0;;;
Franklin;17:41:31;13:33:33;-670.199,-1235.431,-1235.431;True,Sports,BUFFALO02,20,08822,1;;;
Franklin;17:41:31;13:33:33;-676.367,-1227.476,-1227.476;True,Sports,BUFFALO02,18,70195,1;;;
Franklin;17:41:32;13:33:34;-683.8823,-1220.48,-1220.48;True,Sports,BUFFALO02,20,87132,1;;;
Franklin;17:41:32;13:33:34;-692.1465,-1212.623,-1212.623;True,Sports,BUFFALO02,23,34743,1;;;
Franklin;17:41:33;13:33:35;-700.4845,-1204.06,-1204.06;True,Sports,BUFFALO02,22,02551,0;;;
Franklin;17:41:34;13:33:35;-707.5569,-1195.757,-1195.757;True,Sports,BUFFALO02,19,98863,0;;;
Franklin;17:41:34;13:33:36;-713.8925,-1188.048,-1188.048;True,Sports,BUFFALO02,17,93493,0;;;
Franklin;17:41:35;13:33:36;-719.9252,-1181.639,-1181.639;True,Sports,BUFFALO02,15,94412,0;;;
Franklin;17:41:35;13:33:37;-724.7927,-1175.472,-1175.472;True,Sports,BUFFALO02,15,0413,1;;;
Franklin;17:41:36;13:33:37;-729.962,-1168.686,-1168.686;True,Sports,BUFFALO02,16,86934,0;;;
Franklin;17:41:36;13:33:38;-735.0184,-1162.044,-1162.044;True,Sports,BUFFALO02,15,01895,0;;;
Franklin;17:41:37;13:33:38;-739.4509,-1156.238,-1156.238;True,Sports,BUFFALO02,13,19762,0;;;
Franklin;17:41:37;13:33:39;-744.1125,-1152.209,-1152.209;True,Sports,BUFFALO02,10,96336,0;;;
Franklin;17:41:38;13:33:40;-748.6932,-1149.335,-1149.335;True,Sports,BUFFALO02,11,04079,0;;;
Franklin;17:41:38;13:33:40;-753.0274,-1146.456,-1146.456;True,Sports,BUFFALO02,8,851833,0;;;
Franklin;17:41:39;13:33:41;-755.4978,-1143.243,-1143.243;True,Sports,BUFFALO02,7,005436,0;;;
Franklin;17:41:39;13:33:41;-756.371,-1141.689,-1141.689;True,Sports,BUFFALO02,0,1169435,0;;;
Franklin;17:41:40;13:33:42;-756.3734,-1141.68,-1141.68;True,Sports,BUFFALO02,0,2910927,1;;;
Franklin;17:41:40;13:33:42;-756.4273,-1141.582,-1141.582;True,Sports,BUFFALO02,0,002086828,0;;;
Franklin;17:41:41;13:33:43;-756.4791,-1141.515,-1141.515;True,Sports,BUFFALO02,0,01308175,1;;;
Franklin;17:41:41;13:33:43;-756.5061,-1141.465,-1141.465;True,Sports,BUFFALO02,0,005907317,0;;;
Franklin;17:41:42;13:33:44;-756.5334,-1141.416,-1141.416;True,Sports,BUFFALO02,0,3089586,1;;;
Franklin;17:41:42;13:33:44;-756.575,-1141.342,-1141.342;True,Sports,BUFFALO02,0,1950659,1;;;
Franklin;17:41:43;13:33:45;-756.5737,-1141.336,-1141.336;True,Sports,BUFFALO02,0,01112202,0;;;
Franklin;17:41:43;13:33:45;-756.5765,-1141.338,-1141.338;True,Sports,BUFFALO02,0,0;;;
Franklin;17:41:44;13:33:46;-756.5765,-1141.338,-1141.338;True,Sports,BUFFALO02,0,0;;;
Franklin;17:41:44;13:33:46;-756.5765,-1141.338,-1141.338;True,Sports,BUFFALO02,0,0;;;
Franklin;17:41:45;13:33:47;-756.5765,-1141.338,-1141.338;True,Sports,BUFFALO02,0,0;;;
Franklin;17:41:45;13:33:47;-756.5765,-1141.338,-1141.338;True,Sports,BUFFALO02,0,0;;;
Franklin;17:41:46;13:33:48;-756.5765,-1141.338,-1141.338;True,Sports,BUFFALO02,0,0;;;
Franklin;17:41:47;13:33:48;-756.5765,-1141.338,-1141.338;True,Sports,BUFFALO02,0,0;;;
Franklin;17:41:47;13:33:49;-756.6052,-1141.287,-1141.287;True,Sports,BUFFALO02,0,6304598,1;;;
Franklin;17:41:48;13:33:49;-757.0803,-1140.437,-1140.437;True,Sports,BUFFALO02,3,280954,1;;;
Franklin;17:41:48;13:33:50;-758.4777,-1137.931,-1137.931;True,Sports,BUFFALO02,7,983639,1;;;
Franklin;17:41:49;13:33:50;-761.2044,-1133.093,-1133.093;True,Sports,BUFFALO02,11,18271,0;;;
Franklin;17:41:49;13:33:51;-764.4421,-1128.665,-1128.665;True,Sports,BUFFALO02,10,10128,1;;;
Franklin;17:41:50;13:33:52;-768.2933,-1124.377,-1124.377;True,Sports,BUFFALO02,11,00742,0;;;
Franklin;17:41:50;13:33:52;-772.9993,-1121.319,-1121.319;True,Sports,BUFFALO02,10,75753,0;;;
Franklin;17:41:51;13:33:53;-778.598,-1119.554,-1119.554;True,Sports,BUFFALO02,10,63135,0;;;
Franklin;17:41:51;13:33:53;-783.5886,-1120.323,-1120.323;True,Sports,BUFFALO02,10,18261,1;;;
Franklin;17:41:52;13:33:54;-789.1777,-1122.152,-1122.152;True,Sports,BUFFALO02,11,28811,1;;;
Franklin;17:41:52;13:33:54;-794.1395,-1125.207,-1125.207;True,Sports,BUFFALO02,12,05971,1;;;
Franklin;17:41:53;13:33:55;-800.4577,-1129.101,-1129.101;True,Sports,BUFFALO02,15,98562,1;;;
Franklin;17:41:53;13:33:55;-808.8259,-1133.683,-1133.683;True,Sports,BUFFALO02,19,7483,1;;;
Franklin;17:41:54;13:33:56;-819.3944,-1138.534,-1138.534;True,Sports,BUFFALO02,23,72952,0;;;
Franklin;17:41:54;13:33:56;-830.765,-1142.58,-1142.58;True,Sports,BUFFALO02,23,23822,0;;;
Franklin;17:41:55;13:33:57;-841.1091,-1147.699,-1147.699;True,Sports,BUFFALO02,21,45149,0;;;
Franklin;17:41:55;13:33:57;-850.6087,-1153.61,-1153.61;True,Sports,BUFFALO02,21,24093,0;;;
Franklin;17:41:56;13:33:58;-859.8414,-1159.053,-1159.053;True,Sports,BUFFALO02,19,78427,0;;;
Franklin;17:41:56;13:33:58;-869.5692,-1163.551,-1163.551;True,Sports,BUFFALO02,21,82938,1;;;
Franklin;17:41:57;13:33:59;-879.8015,-1169.738,-1169.738;True,Sports,BUFFALO02,23,83294,1;;;
Franklin;17:41:58;13:33:59;-890.5497,-1175.852,-1175.852;True,Sports,BUFFALO02,22,91128,0;;;
Franklin;17:41:58;13:34:00;-900.0864,-1181.909,-1181.909;True,Sports,BUFFALO02,20,71931,0;;;
Franklin;17:41:59;13:34:00;-908.9625,-1186.916,-1186.916;True,Sports,BUFFALO02,18,76587,0;;;
Franklin;17:41:59;13:34:01;-917.044,-1191.366,-1191.366;True,Sports,BUFFALO02,16,88379,0;;;
Franklin;17:42:00;13:34:01;-923.9622,-1195.167,-1195.167;True,Sports,BUFFALO02,12,73349,0;;;
Franklin;17:42:00;13:34:02;-928.6664,-1197.74,-1197.74;True,Sports,BUFFALO02,8,649591,0;;;
Franklin;17:42:01;13:34:02;-932.2073,-1199.651,-1199.651;True,Sports,BUFFALO02,6,641167,0;;;
Franklin;17:42:01;13:34:03;-934.2234,-1200.712,-1200.712;True,Sports,BUFFALO02,2,04939,0;;;
Franklin;17:42:02;13:34:04;-934.3912,-1200.813,-1200.813;True,Sports,BUFFALO02,0,009159064,0;;;
Franklin;17:42:02;13:34:04;-934.391,-1200.813,-1200.813;True,Sports,BUFFALO02,0,0;;;
Franklin;17:42:03;13:34:05;-934.391,-1200.813,-1200.813;True,Sports,BUFFALO02,0,0;;;
Franklin;17:42:03;13:34:05;-934.391,-1200.813,-1200.813;True,Sports,BUFFALO02,0,0;;;
Franklin;17:42:04;13:34:06;-934.391,-1200.813,-1200.813;True,Sports,BUFFALO02,0,0;;;
Franklin;17:42:04;13:34:06;-934.391,-1200.813,-1200.813;True,Sports,BUFFALO02,0,0;;;
Franklin;17:42:05;13:34:07;-934.391,-1200.813,-1200.813;True,Sports,BUFFALO02,0,0;;;
Franklin;17:42:05;13:34:07;-934.391,-1200.813,-1200.813;True,Sports,BUFFALO02,0,0;;;
Franklin;17:42:06;13:34:08;-934.391,-1200.813,-1200.813;True,Sports,BUFFALO02,0,0;;;
Franklin;17:42:06;13:34:08;-934.391,-1200.813,-1200.813;True,Sports,BUFFALO02,0,0;;;
Franklin;17:42:07;13:34:09;-934.391,-1200.813,-1200.813;True,Sports,BUFFALO02,0,0;;;
Franklin;17:42:07;13:34:09;-934.391,-1200.813,-1200.813;True,Sports,BUFFALO02,0,0;;;
Franklin;17:42:08;13:34:10;-934.4323,-1200.834,-1200.834;True,Sports,BUFFALO02,0,5569094,1;;;
Franklin;17:42:08;13:34:10;-935.229,-1201.244,-1201.244;True,Sports,BUFFALO02,3,095558,1;;;
Franklin;17:42:09;13:34:11;-937.6198,-1202.465,-1202.465;True,Sports,BUFFALO02,7,563048,1;;;
Franklin;17:42:09;13:34:11;-942.3391,-1205.321,-1205.321;True,Sports,BUFFALO02,11,38805,0;;;
Franklin;17:42:10;13:34:12;-947.6331,-1208.985,-1208.985;True,Sports,BUFFALO02,13,64369,1;;;
Franklin;17:42:10;13:34:12;-954.2378,-1212.422,-1212.422;True,Sports,BUFFALO02,14,17574,1;;;
Franklin;17:42:11;13:34:13;-960.6014,-1215.999,-1215.999;True,Sports,BUFFALO02,14,11682,1;;;
Franklin;17:42:12;13:34:13;-967.273,-1220.745,-1220.745;True,Sports,BUFFALO02,17,1097,1;;;
Franklin;17:42:12;13:34:14;-974.1404,-1227.558,-1227.558;True,Sports,BUFFALO02,19,75582,1;;;
Franklin;17:42:13;13:34:14;-982.6066,-1234.12,-1234.12;True,Sports,BUFFALO02,20,49945,0;;;
Franklin;17:42:13;13:34:15;-992.2347,-1239.248,-1239.248;True,Sports,BUFFALO02,22,42263,1;;;
Franklin;17:42:14;13:34:15;-1002.369,-1244.462,-1244.462;True,Sports,BUFFALO02,21,07727,0;;;
Franklin;17:42:14;13:34:16;-1011.373,-1249.646,-1249.646;True,Sports,BUFFALO02,19,00735,0;;;
Franklin;17:42:15;13:34:17;-1019.71,-1253.856,-1253.856;True,Sports,BUFFALO02,17,04434,0;;;
Franklin;17:42:15;13:34:17;-1026.999,-1257.963,-1257.963;True,Sports,BUFFALO02,15,129,0;;;
Franklin;17:42:16;13:34:18;-1033.268,-1261.718,-1261.718;True,Sports,BUFFALO02,13,29525,0;;;
Franklin;17:42:16;13:34:18;-1038.79,-1265.037,-1265.037;True,Sports,BUFFALO02,11,53703,0;;;
Franklin;17:42:17;13:34:19;-1043.541,-1267.89,-1267.89;True,Sports,BUFFALO02,9,815048,0;;;
Franklin;17:42:17;13:34:19;-1047.539,-1270.289,-1270.289;True,Sports,BUFFALO02,7,88472,0;;;
Franklin;17:42:18;13:34:20;-1050.042,-1271.787,-1271.787;True,Sports,BUFFALO02,3,26571,0;;;
Franklin;17:42:18;13:34:20;-1050.527,-1272.078,-1272.078;True,Sports,BUFFALO02,0,03264251,0;;;
Franklin;17:42:19;13:34:21;-1050.525,-1272.077,-1272.077;True,Sports,BUFFALO02,0,0;;;
Franklin;17:42:19;13:34:21;-1050.525,-1272.077,-1272.077;True,Sports,BUFFALO02,0,0;;;
Franklin;17:42:20;13:34:22;-1050.525,-1272.077,-1272.077;True,Sports,BUFFALO02,0,0;;;
Franklin;17:42:20;13:34:22;-1050.525,-1272.077,-1272.077;True,Sports,BUFFALO02,0,0;;;
Franklin;17:42:21;13:34:23;-1050.525,-1272.077,-1272.077;True,Sports,BUFFALO02,0,0;;;
Franklin;17:42:21;13:34:23;-1050.525,-1272.077,-1272.077;True,Sports,BUFFALO02,0,0;;;
Franklin;17:42:22;13:34:24;-1050.525,-1272.077,-1272.077;True,Sports,BUFFALO02,0,0;;;
Franklin;17:42:22;13:34:24;-1050.525,-1272.077,-1272.077;True,Sports,BUFFALO02,0,0;;;
Franklin;17:42:23;13:34:25;-1050.525,-1272.077,-1272.077;True,Sports,BUFFALO02,0,0;;;
Franklin;17:42:24;13:34:25;-1050.525,-1272.077,-1272.077;True,Sports,BUFFALO02,0,0;;;
Franklin;17:42:24;13:34:26;-1050.525,-1272.077,-1272.077;True,Sports,BUFFALO02,0,0;;;
Franklin;17:42:25;13:34:26;-1050.525,-1272.077,-1272.077;True,Sports,BUFFALO02,0,0;;;
Franklin;17:42:25;13:34:27;-1050.525,-1272.077,-1272.077;True,Sports,BUFFALO02,0,0;;;
Franklin;17:42:26;13:34:27;-1050.525,-1272.077,-1272.077;True,Sports,BUFFALO02,0,0;;;
Franklin;17:42:26;13:34:28;-1050.525,-1272.077,-1272.077;True,Sports,BUFFALO02,0,0;;;
Franklin;17:42:27;13:34:29;-1050.525,-1272.077,-1272.077;True,Sports,BUFFALO02,0,0;;;
Franklin;17:42:27;13:34:29;-1050.525,-1272.077,-1272.077;True,Sports,BUFFALO02,0,0;;;
Franklin;17:42:28;13:34:30;-1050.525,-1272.077,-1272.077;True,Sports,BUFFALO02,0,0;;;
Franklin;17:42:28;13:34:30;-1050.525,-1272.077,-1272.077;True,Sports,BUFFALO02,0,0;;;
Franklin;17:42:29;13:34:31;-1050.525,-1272.077,-1272.077;True,Sports,BUFFALO02,0,0;;;
Franklin;17:42:29;13:34:31;-1050.525,-1272.077,-1272.077;True,Sports,BUFFALO02,0,0;;;
Franklin;17:42:30;13:34:32;-1050.525,-1272.077,-1272.077;True,Sports,BUFFALO02,0,0;;;
Franklin;17:42:30;13:34:32;-1050.525,-1272.077,-1272.077;True,Sports,BUFFALO02,0,0;;;
Franklin;17:42:31;13:34:33;-1050.525,-1272.077,-1272.077;True,Sports,BUFFALO02,0,0;;;
Franklin;17:42:31;13:34:33;-1050.525,-1272.077,-1272.077;True,Sports,BUFFALO02,0,0;;;
Franklin;17:42:32;13:34:34;-1050.525,-1272.077,-1272.077;True,Sports,BUFFALO02,0,0;;;
Franklin;17:42:32;13:34:34;-1050.525,-1272.077,-1272.077;True,Sports,BUFFALO02,0,0;;;
Franklin;17:42:33;13:34:35;-1050.525,-1272.077,-1272.077;True,Sports,BUFFALO02,0,0;;;
Franklin;17:42:34;13:34:35;-1050.525,-1272.077,-1272.077;True,Sports,BUFFALO02,0,0;;;
Franklin;17:42:34;13:34:36;-1050.525,-1272.077,-1272.077;True,Sports,BUFFALO02,0,0;;;
Franklin;17:42:35;13:34:36;-1050.525,-1272.077,-1272.077;True,Sports,BUFFALO02,0,0;;;
Franklin;17:42:35;13:34:37;-1050.525,-1272.077,-1272.077;True,Sports,BUFFALO02,0,0;;;
Franklin;17:42:36;13:34:37;-1050.525,-1272.077,-1272.077;True,Sports,BUFFALO02,0,0;;;
Franklin;17:42:36;13:34:38;-1050.525,-1272.077,-1272.077;True,Sports,BUFFALO02,0,0;;;
Franklin;17:42:37;13:34:39;-1050.525,-1272.077,-1272.077;True,Sports,BUFFALO02,0,0;;;
Franklin;17:42:37;13:34:39;-1050.525,-1272.077,-1272.077;True,Sports,BUFFALO02,0,0;;;
Franklin;17:42:38;13:34:40;-1050.525,-1272.077,-1272.077;True,Sports,BUFFALO02,0,0;;;
Franklin;17:42:38;13:34:40;-1050.525,-1272.077,-1272.077;True,Sports,BUFFALO02,0,0;;;
Franklin;17:42:39;13:34:41;-1050.525,-1272.077,-1272.077;True,Sports,BUFFALO02,0,0;;;
Franklin;17:42:39;13:34:41;-1050.525,-1272.077,-1272.077;True,Sports,BUFFALO02,0,0;;;
Franklin;17:42:40;13:34:42;-1050.525,-1272.077,-1272.077;True,Sports,BUFFALO02,0,0;;;
Franklin;17:42:40;13:34:42;-1050.525,-1272.077,-1272.077;True,Sports,BUFFALO02,0,0;;;
Franklin;17:42:41;13:34:43;-1050.525,-1272.077,-1272.077;True,Sports,BUFFALO02,0,0;;;
Franklin;17:42:41;13:34:43;-1050.525,-1272.077,-1272.077;True,Sports,BUFFALO02,0,0;;;
Franklin;17:42:42;13:34:44;-1050.525,-1272.077,-1272.077;True,Sports,BUFFALO02,0,0;;;
Franklin;17:42:42;13:34:44;-1050.525,-1272.077,-1272.077;True,Sports,BUFFALO02,0,0;;;
Franklin;17:42:43;13:34:45;-1050.525,-1272.077,-1272.077;True,Sports,BUFFALO02,0,0;;;
Franklin;17:42:43;13:34:45;-1050.525,-1272.077,-1272.077;True,Sports,BUFFALO02,0,0;;;
Franklin;17:42:44;13:34:46;-1050.538,-1272.084,-1272.084;True,Sports,BUFFALO02,0,2980095,1;;;
Franklin;17:42:44;13:34:46;-1051.206,-1272.481,-1272.481;True,Sports,BUFFALO02,2,794691,1;;;
Franklin;17:42:45;13:34:47;-1053.331,-1272.982,-1272.982;True,Sports,BUFFALO02,5,949254,1;;;
Franklin;17:42:46;13:34:47;-1058.07,-1273.516,-1273.516;True,Sports,BUFFALO02,11,84122,0;;;
Franklin;17:42:46;13:34:48;-1063.751,-1274.775,-1274.775;True,Sports,BUFFALO02,10,6532,0;;;
Franklin;17:42:47;13:34:48;-1068.099,-1277.235,-1277.235;True,Sports,BUFFALO02,8,929356,1;;;
Franklin;17:42:47;13:34:49;-1072.157,-1280.354,-1280.354;True,Sports,BUFFALO02,9,48159,0;;;
Franklin;17:42:48;13:34:49;-1076.111,-1282.919,-1282.919;True,Sports,BUFFALO02,8,616388,0;;;
Franklin;17:42:48;13:34:50;-1081.203,-1285.285,-1285.285;True,Sports,BUFFALO02,11,27853,0;;;
Franklin;17:42:49;13:34:50;-1086.79,-1288.412,-1288.412;True,Sports,BUFFALO02,13,77453,1;;;
Franklin;17:42:49;13:34:51;-1093.468,-1292.268,-1292.268;True,Sports,BUFFALO02,16,22371,1;;;
Franklin;17:42:50;13:34:52;-1101.541,-1296.683,-1296.683;True,Sports,BUFFALO02,17,53201,0;;;
Franklin;17:42:50;13:34:52;-1109.133,-1299.739,-1299.739;True,Sports,BUFFALO02,13,71158,0;;;
Franklin;17:42:51;13:34:53;-1115.385,-1301.93,-1301.93;True,Sports,BUFFALO02,11,8994,0;;;
Franklin;17:42:51;13:34:53;-1121.108,-1302.84,-1302.84;True,Sports,BUFFALO02,11,25091,1;;;
Franklin;17:42:52;13:34:54;-1127.84,-1304.208,-1304.208;True,Sports,BUFFALO02,14,56939,1;;;
Franklin;17:42:52;13:34:54;-1136.292,-1304.989,-1304.989;True,Sports,BUFFALO02,17,72188,1;;;
Franklin;17:42:53;13:34:55;-1146.245,-1304.219,-1304.219;True,Sports,BUFFALO02,19,19817,0;;;
Franklin;17:42:53;13:34:55;-1155.133,-1301.117,-1301.117;True,Sports,BUFFALO02,16,99299,0;;;
Franklin;17:42:54;13:34:56;-1162.752,-1296.386,-1296.386;True,Sports,BUFFALO02,17,58274,1;;;
Franklin;17:42:54;13:34:56;-1170.325,-1290.718,-1290.718;True,Sports,BUFFALO02,17,13548,0;;;
Franklin;17:42:55;13:34:57;-1176.776,-1284.4,-1284.4;True,Sports,BUFFALO02,16,16038,0;;;
Franklin;17:42:55;13:34:57;-1180.591,-1277.574,-1277.574;True,Sports,BUFFALO02,13,93895,0;;;
Franklin;17:42:56;13:34:58;-1183.494,-1271.505,-1271.505;True,Sports,BUFFALO02,12,5254,1;;;
Franklin;17:42:56;13:34:58;-1185.75,-1264.749,-1264.749;True,Sports,BUFFALO02,15,20218,1;;;
Franklin;17:42:57;13:34:59;-1188.369,-1256.507,-1256.507;True,Sports,BUFFALO02,19,41481,1;;;
Franklin;17:42:58;13:34:59;-1192.128,-1246.521,-1246.521;True,Sports,BUFFALO02,20,11176,0;;;
Franklin;17:42:58;13:35:00;-1194.542,-1237.439,-1237.439;True,Sports,BUFFALO02,14,44736,0;;;
Franklin;17:42:59;13:35:00;-1195.894,-1230.518,-1230.518;True,Sports,BUFFALO02,12,52792,0;;;
Franklin;17:42:59;13:35:01;-1197.809,-1224.71,-1224.71;True,Sports,BUFFALO02,11,89085,1;;;
Franklin;17:43:00;13:35:01;-1199.388,-1218.488,-1218.488;True,Sports,BUFFALO02,11,71127,0;;;
Franklin;17:43:00;13:35:02;-1200.725,-1212.371,-1212.371;True,Sports,BUFFALO02,13,79454,1;;;
Franklin;17:43:01;13:35:03;-1202.398,-1204.606,-1204.606;True,Sports,BUFFALO02,14,87582,0;;;
Franklin;17:43:01;13:35:03;-1204.193,-1197.463,-1197.463;True,Sports,BUFFALO02,13,34457,0;;;
Franklin;17:43:02;13:35:04;-1207.399,-1191.893,-1191.893;True,Sports,BUFFALO02,11,48683,0;;;
Franklin;17:43:02;13:35:04;-1209.732,-1187.144,-1187.144;True,Sports,BUFFALO02,9,181911,0;;;
Franklin;17:43:03;13:35:05;-1210.932,-1182.323,-1182.323;True,Sports,BUFFALO02,11,13412,0;;;
Franklin;17:43:03;13:35:05;-1211.907,-1177.945,-1177.945;True,Sports,BUFFALO02,4,538562,0;;;
Franklin;17:43:04;13:35:06;-1212.159,-1176.031,-1176.031;True,Sports,BUFFALO02,2,514289,0;;;
Franklin;17:43:04;13:35:06;-1212.187,-1175.85,-1175.85;True,Sports,BUFFALO02,0,005473431,0;;;
Franklin;17:43:05;13:35:07;-1212.187,-1175.85,-1175.85;True,Sports,BUFFALO02,0,0;;;
Franklin;17:43:05;13:35:07;-1212.187,-1175.85,-1175.85;True,Sports,BUFFALO02,0,0;;;
Franklin;17:43:06;13:35:08;-1212.187,-1175.85,-1175.85;True,Sports,BUFFALO02,0,0;;;
Franklin;17:43:06;13:35:08;-1212.187,-1175.85,-1175.85;True,Sports,BUFFALO02,0,0;;;
Franklin;17:43:07;13:35:09;-1212.187,-1175.85,-1175.85;True,Sports,BUFFALO02,0,0;;;
Franklin;17:43:07;13:35:09;-1212.187,-1175.85,-1175.85;True,Sports,BUFFALO02,0,0;;;
Franklin;17:43:08;13:35:10;-1212.187,-1175.85,-1175.85;True,Sports,BUFFALO02,0,0;;;
Franklin;17:43:08;13:35:10;-1212.188,-1175.847,-1175.847;True,Sports,BUFFALO02,0,1029565,1;;;
Franklin;17:43:09;13:35:11;-1212.288,-1175.246,-1175.246;True,Sports,BUFFALO02,2,382563,1;;;
Franklin;17:43:10;13:35:11;-1212.929,-1173.373,-1173.373;True,Sports,BUFFALO02,5,751395,1;;;
Franklin;17:43:10;13:35:12;-1214.282,-1168.998,-1168.998;True,Sports,BUFFALO02,11,82687,0;;;
Franklin;17:43:11;13:35:12;-1216.986,-1163.941,-1163.941;True,Sports,BUFFALO02,11,84389,0;;;
Franklin;17:43:11;13:35:13;-1221.351,-1160.273,-1160.273;True,Sports,BUFFALO02,9,874509,0;;;
Franklin;17:43:12;13:35:13;-1226.49,-1158.844,-1158.844;True,Sports,BUFFALO02,11,35047,1;;;
Franklin;17:43:12;13:35:14;-1232.182,-1159.431,-1159.431;True,Sports,BUFFALO02,10,44445,1;;;
Franklin;17:43:13;13:35:14;-1238.032,-1161.373,-1161.373;True,Sports,BUFFALO02,13,31721,1;;;
Franklin;17:43:13;13:35:15;-1244.203,-1164.044,-1164.044;True,Sports,BUFFALO02,12,01214,0;;;
Franklin;17:43:14;13:35:16;-1249.512,-1166.459,-1166.459;True,Sports,BUFFALO02,10,46848,0;;;
Franklin;17:43:14;13:35:16;-1254.38,-1168.912,-1168.912;True,Sports,BUFFALO02,9,903025,0;;;
Franklin;17:43:15;13:35:17;-1258.602,-1171.191,-1171.191;True,Sports,BUFFALO02,8,341724,0;;;
Franklin;17:43:15;13:35:17;-1262.239,-1172.967,-1172.967;True,Sports,BUFFALO02,6,85864,0;;;
Franklin;17:43:16;13:35:18;-1265.783,-1175.071,-1175.071;True,Sports,BUFFALO02,9,947968,1;;;
Franklin;17:43:16;13:35:18;-1270.586,-1177.349,-1177.349;True,Sports,BUFFALO02,9,739577,0;;;
Franklin;17:43:17;13:35:19;-1274.837,-1179.282,-1179.282;True,Sports,BUFFALO02,8,177267,0;;;
Franklin;17:43:17;13:35:19;-1278.176,-1181.257,-1181.257;True,Sports,BUFFALO02,6,89162,0;;;
Franklin;17:43:18;13:35:20;-1281.297,-1182.895,-1182.895;True,Sports,BUFFALO02,7,598882,1;;;
Franklin;17:43:18;13:35:20;-1286.239,-1183.686,-1183.686;True,Sports,BUFFALO02,10,60537,1;;;
Franklin;17:43:19;13:35:21;-1290.67,-1182.09,-1182.09;True,Sports,BUFFALO02,8,118167,0;;;
Franklin;17:43:19;13:35:21;-1294.037,-1178.263,-1178.263;True,Sports,BUFFALO02,11,62809,0;;;
Franklin;17:43:20;13:35:22;-1296.036,-1172.709,-1172.709;True,Sports,BUFFALO02,12,59118,1;;;
Franklin;17:43:21;13:35:22;-1297.288,-1165.003,-1165.003;True,Sports,BUFFALO02,16,991,1;;;
Franklin;17:43:21;13:35:23;-1297.78,-1154.806,-1154.806;True,Sports,BUFFALO02,20,70897,0;;;
Franklin;17:43:22;13:35:23;-1298.202,-1144.546,-1144.546;True,Sports,BUFFALO02,18,60604,0;;;
Franklin;17:43:22;13:35:24;-1298.426,-1135.476,-1135.476;True,Sports,BUFFALO02,16,50509,0;;;
Franklin;17:43:23;13:35:24;-1298.15,-1127.423,-1127.423;True,Sports,BUFFALO02,14,33434,0;;;
Franklin;17:43:23;13:35:25;-1298.613,-1120.534,-1120.534;True,Sports,BUFFALO02,12,34918,0;;;
Franklin;17:43:24;13:35:26;-1299.178,-1115.077,-1115.077;True,Sports,BUFFALO02,7,476727,0;;;
Franklin;17:43:24;13:35:26;-1299.461,-1113.078,-1113.078;True,Sports,BUFFALO02,0,2840141,-1;;;
Franklin;17:43:25;13:35:27;-1299.461,-1113.1,-1113.1;True,Sports,BUFFALO02,0,005905553,0;;;
Franklin;17:43:25;13:35:27;-1299.461,-1113.1,-1113.1;True,Sports,BUFFALO02,0,0;;;
Franklin;17:43:26;13:35:28;-1299.461,-1113.1,-1113.1;True,Sports,BUFFALO02,0,0;;;
Franklin;17:43:26;13:35:28;-1299.461,-1113.1,-1113.1;True,Sports,BUFFALO02,0,0;;;
Franklin;17:43:27;13:35:29;-1299.461,-1113.1,-1113.1;True,Sports,BUFFALO02,0,0;;;
Franklin;17:43:27;13:35:29;-1299.461,-1113.1,-1113.1;True,Sports,BUFFALO02,0,0;;;
Franklin;17:43:28;13:35:30;-1299.461,-1113.1,-1113.1;True,Sports,BUFFALO02,0,0;;;
Franklin;17:43:28;13:35:30;-1299.461,-1113.1,-1113.1;True,Sports,BUFFALO02,0,0;;;
Franklin;17:43:29;13:35:31;-1299.461,-1113.1,-1113.1;True,Sports,BUFFALO02,0,0;;;
Franklin;17:43:29;13:35:31;-1299.461,-1113.1,-1113.1;True,Sports,BUFFALO02,0,0;;;
Franklin;17:43:30;13:35:32;-1299.461,-1113.1,-1113.1;True,Sports,BUFFALO02,0,0;;;
Franklin;17:43:30;13:35:32;-1299.461,-1113.1,-1113.1;True,Sports,BUFFALO02,0,0;;;
Franklin;17:43:31;13:35:33;-1299.461,-1113.1,-1113.1;True,Sports,BUFFALO02,0,0;;;
Franklin;17:43:31;13:35:33;-1299.461,-1113.1,-1113.1;True,Sports,BUFFALO02,0,0;;;
Franklin;17:43:32;13:35:34;-1299.461,-1113.1,-1113.1;True,Sports,BUFFALO02,0,0;;;
Franklin;17:43:33;13:35:34;-1299.461,-1113.1,-1113.1;True,Sports,BUFFALO02,0,0;;;
Franklin;17:43:33;13:35:35;-1299.461,-1113.1,-1113.1;True,Sports,BUFFALO02,0,0;;;
Franklin;17:43:34;13:35:35;-1299.461,-1113.1,-1113.1;True,Sports,BUFFALO02,0,0;;;
Franklin;17:43:34;13:35:36;-1299.461,-1113.1,-1113.1;True,Sports,BUFFALO02,0,0;;;
Franklin;17:43:35;13:35:37;-1299.461,-1113.1,-1113.1;True,Sports,BUFFALO02,0,0;;;
Franklin;17:43:35;13:35:37;-1299.461,-1113.1,-1113.1;True,Sports,BUFFALO02,0,0;;;
Franklin;17:43:36;13:35:38;-1299.461,-1113.099,-1113.099;True,Sports,BUFFALO02,0,04158979,1;;;
Franklin;17:43:36;13:35:38;-1299.486,-1112.998,-1112.998;True,Sports,BUFFALO02,0,002787737,0;;;
Franklin;17:43:37;13:35:39;-1299.486,-1112.998,-1112.998;True,Sports,BUFFALO02,0,0;;;
Franklin;17:43:37;13:35:39;-1299.52,-1112.865,-1112.865;True,Sports,BUFFALO02,0,04466882,1;;;
Franklin;17:43:38;13:35:40;-1299.52,-1112.866,-1112.866;True,Sports,BUFFALO02,0,0;;;
Franklin;17:43:38;13:35:40;-1299.52,-1112.866,-1112.866;True,Sports,BUFFALO02,0,0;;;
Franklin;17:43:39;13:35:41;-1299.52,-1112.866,-1112.866;True,Sports,BUFFALO02,0,0;;;
Franklin;17:43:39;13:35:41;-1299.62,-1112.479,-1112.479;True,Sports,BUFFALO02,1,815804,1;;;
Franklin;17:43:40;13:35:42;-1300.041,-1110.736,-1110.736;True,Sports,BUFFALO02,5,188785,1;;;
Franklin;17:43:40;13:35:42;-1301.433,-1107.046,-1107.046;True,Sports,BUFFALO02,10,52008,1;;;
Franklin;17:43:41;13:35:43;-1304.096,-1101.513,-1101.513;True,Sports,BUFFALO02,12,31976,1;;;
Franklin;17:43:41;13:35:43;-1307.852,-1097.189,-1097.189;True,Sports,BUFFALO02,9,66511,0;;;
Franklin;17:43:42;13:35:44;-1313.176,-1095.594,-1095.594;True,Sports,BUFFALO02,11,33725,0;;;
Franklin;17:43:43;13:35:44;-1318.628,-1096.2,-1096.2;True,Sports,BUFFALO02,9,860671,1;;;
Franklin;17:43:43;13:35:45;-1324.097,-1097.866,-1097.866;True,Sports,BUFFALO02,11,4731,0;;;
Franklin;17:43:44;13:35:45;-1329.991,-1099.697,-1099.697;True,Sports,BUFFALO02,11,95333,0;;;
Franklin;17:43:44;13:35:46;-1335.236,-1102.194,-1102.194;True,Sports,BUFFALO02,10,45328,0;;;
Franklin;17:43:45;13:35:46;-1339.804,-1104.521,-1104.521;True,Sports,BUFFALO02,9,377967,0;;;
Franklin;17:43:45;13:35:47;-1343.891,-1106.596,-1106.596;True,Sports,BUFFALO02,8,470734,0;;;
Franklin;17:43:46;13:35:47;-1347.585,-1108.444,-1108.444;True,Sports,BUFFALO02,7,826062,1;;;
Franklin;17:43:46;13:35:48;-1351.922,-1109.693,-1109.693;True,Sports,BUFFALO02,8,61023,0;;;
Franklin;17:43:47;13:35:49;-1354.758,-1110.129,-1110.129;True,Sports,BUFFALO02,1,505849,0;;;
Franklin;17:43:47;13:35:49;-1355.133,-1110.154,-1110.154;True,Sports,BUFFALO02,0,007458105,0;;;
Franklin;17:43:48;13:35:50;-1355.131,-1110.155,-1110.155;True,Sports,BUFFALO02,0,0142867,0;;;
Franklin;17:43:48;13:35:50;-1354.954,-1111.474,-1111.474;;;;
Franklin;17:43:49;13:35:51;-1354.772,-1111.858,-1111.858;;;;
Franklin;17:43:49;13:35:51;-1355.923,-1113.74,-1113.74;;;;
Franklin;17:43:50;13:35:52;-1358.849,-1113.872,-1113.872;;;;
Franklin;17:43:50;13:35:52;-1360.258,-1111.105,-1111.105;;;;
Franklin;17:43:51;13:35:53;-1361.718,-1107.802,-1107.802;;;;
Franklin;17:43:51;13:35:53;-1363.378,-1104.638,-1104.638;;;;
Franklin;17:43:52;13:35:54;-1365.196,-1101.606,-1101.606;;;;
Franklin;17:43:52;13:35:54;-1367.124,-1098.623,-1098.623;;;;
Franklin;17:43:53;13:35:55;-1369.033,-1095.614,-1095.614;;;;
Franklin;17:43:53;13:35:55;-1370.974,-1092.662,-1092.662;;;;
Franklin;17:43:54;13:35:56;-1373.074,-1089.801,-1089.801;;;;
Franklin;17:43:55;13:35:56;-1375.224,-1086.984,-1086.984;;;;
Franklin;17:43:55;13:35:57;-1377.374,-1084.169,-1084.169;;;;
Franklin;17:43:56;13:35:57;-1379.547,-1081.323,-1081.323;;;;
Franklin;17:43:56;13:35:58;-1381.697,-1078.506,-1078.506;;;;
Franklin;17:43:57;13:35:58;-1383.836,-1075.706,-1075.706;;;;
Franklin;17:43:57;13:35:59;-1386.304,-1073.237,-1073.237;;;;
Franklin;17:43:58;13:35:59;-1388.528,-1070.521,-1070.521;;;;
Franklin;17:43:58;13:36:00;-1390.702,-1067.676,-1067.676;;;;
Franklin;17:43:59;13:36:01;-1392.859,-1064.913,-1064.913;;;;
Franklin;17:43:59;13:36:01;-1395.391,-1062.529,-1062.529;;;;
Franklin;17:44:00;13:36:02;-1397.974,-1060.139,-1060.139;;;;
Franklin;17:44:00;13:36:02;-1400.263,-1057.477,-1057.477;;;;
Franklin;17:44:01;13:36:03;-1402.467,-1054.755,-1054.755;;;;
Franklin;17:44:01;13:36:03;-1404.709,-1052.062,-1052.062;;;;
Franklin;17:44:02;13:36:04;-1406.986,-1049.355,-1049.355;;;;
Franklin;17:44:02;13:36:04;-1409.27,-1046.639,-1046.639;;;;
Franklin;17:44:03;13:36:05;-1411.509,-1043.866,-1043.866;;;;
Franklin;17:44:03;13:36:05;-1413.71,-1041.145,-1041.145;;;;
Franklin;17:44:04;13:36:06;-1415.958,-1038.4,-1038.4;;;;
Franklin;17:44:04;13:36:06;-1417.942,-1035.473,-1035.473;;;;
Franklin;17:44:05;13:36:07;-1420.236,-1032.828,-1032.828;;;;
Franklin;17:44:05;13:36:07;-1422.712,-1030.224,-1030.224;;;;
Franklin;17:44:06;13:36:08;-1424.877,-1027.393,-1027.393;;;;
Franklin;17:44:06;13:36:08;-1427.135,-1024.628,-1024.628;;;;
Franklin;17:44:07;13:36:09;-1429.37,-1021.873,-1021.873;;;;
Franklin;17:44:07;13:36:09;-1431.588,-1019.092,-1019.092;;;;
Franklin;17:44:08;13:36:10;-1434.005,-1016.461,-1016.461;;;;
Franklin;17:44:09;13:36:10;-1436.415,-1013.878,-1013.878;;;;
Franklin;17:44:09;13:36:11;-1438.806,-1011.265,-1011.265;;;;
Franklin;17:44:10;13:36:11;-1441.073,-1008.531,-1008.531;;;;
Franklin;17:44:10;13:36:12;-1443.317,-1005.788,-1005.788;;;;
Franklin;17:44:11;13:36:12;-1445.565,-1003.053,-1003.053;;;;
Franklin;17:44:11;13:36:13;-1447.816,-1000.374,-1000.374;;;;
Franklin;17:44:12;13:36:14;-1450.09,-997.6752,-997.6752;;;;
Franklin;17:44:12;13:36:14;-1452.402,-994.9313,-994.9313;;;;
Franklin;17:44:13;13:36:15;-1454.698,-992.2078,-992.2078;;;;
Franklin;17:44:13;13:36:15;-1457.02,-989.5215,-989.5215;;;;
Franklin;17:44:14;13:36:16;-1459.291,-986.8462,-986.8462;;;;
Franklin;17:44:14;13:36:16;-1461.558,-984.0978,-984.0978;;;;
Franklin;17:44:15;13:36:17;-1463.795,-981.3668,-981.3668;;;;
Franklin;17:44:15;13:36:17;-1466.032,-978.647,-978.647;;;;
Franklin;17:44:16;13:36:18;-1468.495,-976.1245,-976.1245;;;;
Franklin;17:44:16;13:36:18;-1471.006,-973.5973,-973.5973;;;;
Franklin;17:44:17;13:36:19;-1473.536,-971.0582,-971.0582;;;;
Franklin;17:44:17;13:36:19;-1476.114,-968.6143,-968.6143;;;;
Franklin;17:44:18;13:36:20;-1478.72,-966.1665,-966.1665;;;;
Franklin;17:44:18;13:36:20;-1481.305,-963.7382,-963.7382;;;;
Franklin;17:44:19;13:36:21;-1483.875,-961.3253,-961.3253;;;;
Franklin;17:44:19;13:36:21;-1486.476,-958.8823,-958.8823;;;;
Franklin;17:44:20;13:36:22;-1489.058,-956.41,-956.41;;;;
Franklin;17:44:21;13:36:22;-1491.481,-953.8496,-953.8496;;;;
Franklin;17:44:21;13:36:23;-1493.919,-951.2465,-951.2465;;;;
Franklin;17:44:22;13:36:23;-1496.556,-948.8571,-948.8571;;;;
Franklin;17:44:22;13:36:24;-1499.511,-946.9733,-946.9733;;;;
Franklin;17:44:23;13:36:24;-1502.285,-944.8162,-944.8162;;;;
Franklin;17:44:23;13:36:25;-1504.555,-942.0074,-942.0074;;;;
Franklin;17:44:24;13:36:26;-1507.252,-934.3307,-934.3307;;;;
Franklin;17:44:24;13:36:26;-1507.252,-934.3307,-934.3307;;;;
Franklin;17:44:25;13:36:27;-1507.252,-934.3307,-934.3307;;;;
Franklin;17:44:25;13:36:27;-1507.252,-934.3307,-934.3307;;;;
Franklin;17:44:26;13:36:28;-1507.252,-934.3307,-934.3307;;;;
Franklin;17:44:26;13:36:28;-1507.252,-934.3307,-934.3307;;;;
Franklin;17:44:27;13:36:29;-1507.252,-934.3307,-934.3307;;;;
Franklin;17:44:27;13:36:29;-1507.252,-934.3307,-934.3307;;;;
Franklin;17:44:28;13:36:30;-1507.252,-934.3307,-934.3307;;;;
Franklin;17:44:28;13:36:30;-1507.252,-934.3307,-934.3307;;;;
Franklin;17:44:29;13:36:31;-1507.252,-934.3307,-934.3307;;;;
Franklin;17:44:29;13:36:31;-1507.252,-934.3307,-934.3307;;;;
Franklin;17:44:30;13:36:32;-1505.645,-945.465,-945.465;;;;
Franklin;17:44:30;13:36:32;-1505.635,-945.4646,-945.4646;;;;
Franklin;17:44:31;13:36:33;-1505.632,-945.4601,-945.4601;;;;
Franklin;17:44:31;13:36:33;-1505.634,-945.4584,-945.4584;;;;
Franklin;17:44:32;13:36:34;-1505.635,-945.4607,-945.4607;;;;
Franklin;17:44:33;13:36:34;-1505.644,-945.4637,-945.4637;;;;
Franklin;17:44:33;13:36:35;-1505.656,-945.472,-945.472;;;;
Franklin;17:44:34;13:36:35;-1505.822,-945.424,-945.424;;;;
Franklin;17:44:34;13:36:36;-1506.266,-945.6163,-945.6163;;;;
Franklin;17:44:35;13:36:36;-1506.812,-945.8007,-945.8007;;;;
Franklin;17:44:35;13:36:37;-1507.301,-945.9639,-945.9639;;;;
Franklin;17:44:36;13:36:38;-1507.747,-946.2167,-946.2167;;So, what's up, man?;Cutscene;Cutscene
Franklin;17:44:36;13:36:38;-1508.229,-946.3152,-946.3152;;;;
Franklin;17:44:37;13:36:39;-1508.651,-946.5061,-946.5061;;Sit down and face forward!;Cutscene;Cutscene
Franklin;17:44:37;13:36:39;-1509.079,-946.6522,-946.6522;;;;
Franklin;17:44:38;13:36:40;-1509.552,-946.6357,-946.6357;;;;
Franklin;17:44:38;13:36:40;-1509.805,-946.7906,-946.7906;;;;
Franklin;17:44:39;13:36:41;-1510.025,-946.9246,-946.9246;;Now, I don't have a lot of time,;Cutscene;Cutscene
Franklin;17:44:39;13:36:41;-1510.302,-947.0526,-947.0526;;;;
Franklin;17:44:40;13:36:42;-1510.44,-947.1863,-947.1863;;;;
Franklin;17:44:40;13:36:42;-1510.548,-947.2953,-947.2953;;;;
Franklin;17:44:41;13:36:43;-1510.595,-947.3672,-947.3672;;I know you need money.;Cutscene;Cutscene
Franklin;17:44:41;13:36:43;-1510.617,-947.4341,-947.4341;;;;
Franklin;17:44:42;13:36:44;-1510.605,-947.4604,-947.4604;;Did Michael tell you about Lifeinvader?;Cutscene;Cutscene
Franklin;17:44:42;13:36:44;-1510.569,-947.4488,-947.4488;;;;
Franklin;17:44:43;13:36:45;-1510.532,-947.4219,-947.4219;;;;
Franklin;17:44:43;13:36:45;-1510.531,-947.4229,-947.4229;;;;
Franklin;17:44:44;13:36:46;-1510.532,-947.4244,-947.4244;;Oh, shit, y'all two did that?;Cutscene;Cutscene
Franklin;17:44:45;13:36:46;-1510.54,-947.4294,-947.4294;;;;
Franklin;17:44:45;13:36:47;-1510.554,-947.4373,-947.4373;;;;
Franklin;17:44:46;13:36:47;-1510.55,-947.4382,-947.4382;;;;
Franklin;17:44:46;13:36:48;-1510.552,-947.4382,-947.4382;;Look forward!;Cutscene;Cutscene
Franklin;17:44:47;13:36:48;-1510.555,-947.4406,-947.4406;;;;
Franklin;17:44:47;13:36:49;-1510.556,-947.45,-947.45;;;;
Franklin;17:44:48;13:36:50;-1510.559,-947.4569,-947.4569;;We're two strangers having a friendly chat.;Cutscene;Cutscene
Franklin;17:44:48;13:36:50;-1510.567,-947.4496,-947.4496;;;;
Franklin;17:44:49;13:36:51;-1510.567,-947.4391,-947.4391;;;;
Franklin;17:44:49;13:36:51;-1510.564,-947.4306,-947.4306;;;;
Franklin;17:44:50;13:36:52;-1510.558,-947.4317,-947.4317;;And don't pretend that you liked Jay Norris.;Cutscene;Cutscene
Franklin;17:44:50;13:36:52;-1510.554,-947.4382,-947.4382;;;;
Franklin;17:44:51;13:36:53;-1510.562,-947.4393,-947.4393;;;;
Franklin;17:44:51;13:36:53;-1510.563,-947.4378,-947.4378;;;;
Franklin;17:44:52;13:36:54;-1510.561,-947.4389,-947.4389;;;;
Franklin;17:44:52;13:36:54;-1510.562,-947.4358,-947.4358;;Oh, man, I don't know, homie.;Cutscene;Cutscene
Franklin;17:44:53;13:36:55;-1510.561,-947.4379,-947.4379;;;;
Franklin;17:44:53;13:36:55;-1510.562,-947.4382,-947.4382;;;;
Franklin;17:44:54;13:36:56;-1510.563,-947.4363,-947.4363;;;;
Franklin;17:44:55;13:36:56;-1510.562,-947.4362,-947.4362;;I mean, yeah, the dude outsourced work to child slaves,;Cutscene;Cutscene
Franklin;17:44:55;13:36:57;-1510.563,-947.4366,-947.4366;;;;
Franklin;17:44:56;13:36:57;-1510.558,-947.438,-947.438;;;;
Franklin;17:44:56;13:36:58;-1510.561,-947.4357,-947.4357;;;;
Franklin;17:44:57;13:36:58;-1510.562,-947.4359,-947.4359;;;;
Franklin;17:44:57;13:36:59;-1510.56,-947.4357,-947.4357;;then stole and sold everybody's private information,;Cutscene;Cutscene
Franklin;17:44:58;13:37:00;-1510.558,-947.4373,-947.4373;;;;
Franklin;17:44:58;13:37:00;-1510.561,-947.4349,-947.4349;;;;
Franklin;17:44:59;13:37:01;-1510.56,-947.437,-947.437;;;;
Franklin;17:44:59;13:37:01;-1510.563,-947.4365,-947.4365;;;;
Franklin;17:45:00;13:37:02;-1510.558,-947.4364,-947.4364;;and even ripped his own friends' ideas off.;Cutscene;Cutscene
Franklin;17:45:00;13:37:02;-1510.559,-947.4377,-947.4377;;;;
Franklin;17:45:01;13:37:03;-1510.561,-947.4367,-947.4367;;;;
Franklin;17:45:01;13:37:03;-1510.563,-947.4369,-947.4369;;;;
Franklin;17:45:02;13:37:04;-1510.562,-947.4381,-947.4381;;and walked around like the messiah while doing it, but...;Cutscene;Cutscene
Franklin;17:45:02;13:37:04;-1510.562,-947.4381,-947.4381;;;;
Franklin;17:45:03;13:37:05;-1510.561,-947.4379,-947.4379;;;;
Franklin;17:45:03;13:37:05;-1510.562,-947.4372,-947.4372;;;;
Franklin;17:45:04;13:37:06;-1510.563,-947.4388,-947.4388;;Man, I don't think the nigga deserved to have his fucking head blowed off on TV.;Cutscene;Cutscene
Franklin;17:45:04;13:37:06;-1510.565,-947.4375,-947.4375;;;;
Franklin;17:45:05;13:37:07;-1510.568,-947.441,-947.441;;;;
Franklin;17:45:06;13:37:07;-1510.566,-947.4409,-947.4409;;;;
Franklin;17:45:06;13:37:08;-1510.565,-947.4404,-947.4404;;;;
Franklin;17:45:07;13:37:08;-1510.565,-947.4417,-947.4417;;;;
Franklin;17:45:07;13:37:09;-1510.567,-947.441,-947.441;;;;
Franklin;17:45:08;13:37:09;-1510.609,-947.4562,-947.4562;;Oh, well, aren't you just the moral majority?;Cutscene;Cutscene
Franklin;17:45:08;13:37:10;-1510.609,-947.4556,-947.4556;;;;
Franklin;17:45:09;13:37:11;-1510.61,-947.4553,-947.4553;;;;
Franklin;17:45:09;13:37:11;-1510.611,-947.4563,-947.4563;;;;
Franklin;17:45:10;13:37:12;-1510.611,-947.4575,-947.4575;;You know, that's why the world is the way it is today.;Cutscene;Cutscene
Franklin;17:45:10;13:37:12;-1510.612,-947.4579,-947.4579;;;;
Franklin;17:45:11;13:37:13;-1510.614,-947.457,-947.457;;;;
Franklin;17:45:11;13:37:13;-1510.614,-947.4562,-947.4562;;;;
Franklin;17:45:12;13:37:14;-1510.614,-947.4559,-947.4559;;When a paid thug gets all namby pamby;Cutscene;Cutscene
Franklin;17:45:12;13:37:14;-1510.612,-947.4564,-947.4564;;;;
Franklin;17:45:13;13:37:15;-1510.613,-947.4571,-947.4571;;;;
Franklin;17:45:13;13:37:15;-1510.611,-947.4591,-947.4591;;;;
Franklin;17:45:14;13:37:16;-1510.614,-947.4631,-947.4631;;when someone asks him to act like a paid thug,;Cutscene;Cutscene
Franklin;17:45:14;13:37:16;-1510.615,-947.4597,-947.4597;;;;
Franklin;17:45:15;13:37:17;-1510.573,-947.4399,-947.4399;;;;
Franklin;17:45:15;13:37:17;-1510.573,-947.4434,-947.4434;;;;
Franklin;17:45:16;13:37:18;-1510.57,-947.4455,-947.4455;;;;
Franklin;17:45:16;13:37:18;-1510.57,-947.4452,-947.4452;;and for a good cause.;Cutscene;Cutscene
Franklin;17:45:17;13:37:19;-1510.57,-947.4449,-947.4449;;;;
Franklin;17:45:18;13:37:19;-1510.569,-947.4433,-947.4433;;;;
Franklin;17:45:18;13:37:20;-1510.57,-947.4418,-947.4418;;Man, check this out, homie.;Cutscene;Cutscene
Franklin;17:45:19;13:37:20;-1510.571,-947.4447,-947.4447;;;;
Franklin;17:45:19;13:37:21;-1510.567,-947.4454,-947.4454;;I like blowing motherfucking fools' heads off just as much as the next psychotic asshole,;Cutscene;Cutscene
Franklin;17:45:20;13:37:21;-1510.568,-947.4447,-947.4447;;;;
Franklin;17:45:20;13:37:22;-1510.565,-947.4446,-947.4446;;;;
Franklin;17:45:21;13:37:22;-1510.566,-947.4434,-947.4434;;;;
Franklin;17:45:21;13:37:23;-1510.568,-947.4451,-947.4451;;;;
Franklin;17:45:22;13:37:24;-1510.567,-947.4448,-947.4448;;;;
Franklin;17:45:22;13:37:24;-1510.568,-947.4454,-947.4454;;;;
Franklin;17:45:23;13:37:25;-1510.568,-947.4424,-947.4424;;but I just don't look at this shit as doing a good deed.;Cutscene;Cutscene
Franklin;17:45:23;13:37:25;-1510.568,-947.4456,-947.4456;;;;
Franklin;17:45:24;13:37:26;-1510.567,-947.4458,-947.4458;;;;
Franklin;17:45:24;13:37:26;-1510.569,-947.4499,-947.4499;;;;
Franklin;17:45:25;13:37:27;-1510.572,-947.4481,-947.4481;;Well, now you can.;Cutscene;Cutscene
Franklin;17:45:25;13:37:27;-1510.572,-947.4466,-947.4466;;;;
Franklin;17:45:26;13:37:28;-1510.572,-947.4468,-947.4468;;;;
Franklin;17:45:26;13:37:28;-1510.573,-947.447,-947.447;;'Cause it's not fools' heads,;Cutscene;Cutscene
Franklin;17:45:27;13:37:29;-1510.573,-947.4474,-947.4474;;;;
Franklin;17:45:27;13:37:29;-1510.573,-947.4486,-947.4486;;it's assholes' heads, and not just heads, you know.;Cutscene;Cutscene
Franklin;17:45:28;13:37:30;-1510.572,-947.4531,-947.4531;;;;
Franklin;17:45:28;13:37:30;-1510.573,-947.4503,-947.4503;;;;
Franklin;17:45:29;13:37:31;-1510.579,-947.4535,-947.4535;;;;
Franklin;17:45:29;13:37:31;-1510.577,-947.4568,-947.4568;;;;
Franklin;17:45:30;13:37:32;-1510.574,-947.4543,-947.4543;;Trashing cars,;Cutscene;Cutscene
Franklin;17:45:31;13:37:32;-1510.604,-947.431,-947.431;;;;
Franklin;17:45:31;13:37:33;-1510.64,-947.4222,-947.4222;;;;
Franklin;17:45:32;13:37:33;-1510.621,-947.4271,-947.4271;;or planting lies,;Cutscene;Cutscene
Franklin;17:45:32;13:37:34;-1510.591,-947.4582,-947.4582;;;;
Franklin;17:45:33;13:37:34;-1510.581,-947.4606,-947.4606;;forging evidence,;Cutscene;Cutscene
Franklin;17:45:33;13:37:35;-1510.581,-947.457,-947.457;;anything we can do to take the battle back to these turds.;Cutscene;Cutscene
Franklin;17:45:34;13:37:36;-1510.574,-947.4592,-947.4592;;;;
Franklin;17:45:34;13:37:36;-1510.569,-947.4572,-947.4572;;;;
Franklin;17:45:35;13:37:37;-1510.568,-947.4581,-947.4581;;;;
Franklin;17:45:35;13:37:37;-1510.569,-947.4442,-947.4442;;;;
Franklin;17:45:36;13:37:38;-1510.575,-947.449,-947.449;;;;
Franklin;17:45:36;13:37:38;-1510.612,-947.4691,-947.4691;;You know, we'll...;Cutscene;Cutscene
Franklin;17:45:37;13:37:39;-1510.613,-947.467,-947.467;;;;
Franklin;17:45:37;13:37:39;-1510.613,-947.4691,-947.4691;;fix the market in our favor and we'll right a few wrongs while we're at it.;Cutscene;Cutscene
Franklin;17:45:38;13:37:40;-1510.613,-947.4658,-947.4658;;;;
Franklin;17:45:38;13:37:40;-1510.613,-947.4659,-947.4659;;;;
Franklin;17:45:39;13:37:41;-1510.613,-947.467,-947.467;;;;
Franklin;17:45:39;13:37:41;-1510.613,-947.4682,-947.4682;;;;
Franklin;17:45:40;13:37:42;-1510.613,-947.4684,-947.4684;;;;
Franklin;17:45:40;13:37:42;-1510.56,-947.4346,-947.4346;;Shit! Okay, cool.;Cutscene;Cutscene
Franklin;17:45:41;13:37:43;-1510.565,-947.4398,-947.4398;;;;
Franklin;17:45:41;13:37:43;-1510.563,-947.4388,-947.4388;;;;
Franklin;17:45:42;13:37:44;-1510.562,-947.4442,-947.4442;;Right, so you heard of Mollis?;Cutscene;Cutscene
Franklin;17:45:43;13:37:44;-1510.567,-947.4426,-947.4426;;;;
Franklin;17:45:43;13:37:45;-1510.566,-947.4446,-947.4446;;;;
Franklin;17:45:44;13:37:45;-1510.564,-947.4433,-947.4433;;;;
Franklin;17:45:44;13:37:46;-1510.564,-947.4417,-947.4417;;Hell yeah.;Cutscene;Cutscene
Franklin;17:45:45;13:37:46;-1510.563,-947.4423,-947.4423;;;;
Franklin;17:45:45;13:37:47;-1510.563,-947.4434,-947.4434;;Okay, so there's a new Mollis, sort of a super Mollis.;Cutscene;Cutscene
Franklin;17:45:46;13:37:47;-1510.563,-947.4434,-947.4434;;;;
Franklin;17:45:46;13:37:48;-1510.564,-947.4439,-947.4439;;;;
Franklin;17:45:47;13:37:49;-1510.564,-947.4438,-947.4438;;;;
Franklin;17:45:47;13:37:49;-1510.564,-947.444,-947.444;;;;
Franklin;17:45:48;13:37:50;-1510.612,-947.4651,-947.4651;;;;
Franklin;17:45:48;13:37:50;-1510.612,-947.4639,-947.4639;;And it's called Priapol, it's giving the living rigor mortis.;Cutscene;Cutscene
Franklin;17:45:49;13:37:51;-1510.61,-947.4678,-947.4678;;;;
Franklin;17:45:49;13:37:51;-1510.612,-947.466,-947.466;;;;
Franklin;17:45:50;13:37:52;-1510.613,-947.4656,-947.4656;;;;
Franklin;17:45:50;13:37:52;-1510.613,-947.4646,-947.4646;;;;
Franklin;17:45:51;13:37:53;-1510.612,-947.4645,-947.4645;;;;
Franklin;17:45:51;13:37:53;-1510.612,-947.4636,-947.4636;;Only Brett Lowrey,;Cutscene;Cutscene
Franklin;17:45:52;13:37:54;-1510.612,-947.4639,-947.4639;;;;
Franklin;17:45:52;13:37:54;-1510.612,-947.4642,-947.4642;;CEO of Bilkinton Research paid off the FDA.;Cutscene;Cutscene
Franklin;17:45:53;13:37:55;-1510.614,-947.4657,-947.4657;;;;
Franklin;17:45:53;13:37:55;-1510.612,-947.4645,-947.4645;;;;
Franklin;17:45:54;13:37:56;-1510.611,-947.4598,-947.4598;;;;
Franklin;17:45:54;13:37:56;-1510.611,-947.4596,-947.4596;;;;
Franklin;17:45:55;13:37:57;-1510.612,-947.4615,-947.4615;;;;
Franklin;17:45:56;13:37:57;-1510.611,-947.4641,-947.4641;;He doesn't care that his hardness pills are;Cutscene;Cutscene
Franklin;17:45:56;13:37:58;-1510.611,-947.4692,-947.4692;;;;
Franklin;17:45:57;13:37:58;-1510.617,-947.4693,-947.4693;;;;
Franklin;17:45:57;13:37:59;-1510.616,-947.4629,-947.4629;;;;
Franklin;17:45:58;13:37:59;-1510.615,-947.4614,-947.4614;;giving desperate middle-aged men the world over heart attacks.;Cutscene;Cutscene
Franklin;17:45:58;13:38:00;-1510.613,-947.4617,-947.4617;;;;
Franklin;17:45:59;13:38:01;-1510.613,-947.4638,-947.4638;;;;
Franklin;17:45:59;13:38:01;-1510.612,-947.463,-947.463;;;;
Franklin;17:46:00;13:38:02;-1510.612,-947.4626,-947.4626;;;;
Franklin;17:46:00;13:38:02;-1510.559,-947.4327,-947.4327;;;;
Franklin;17:46:01;13:38:03;-1510.561,-947.4351,-947.4351;;Damn, man, that sucks.;Cutscene;Cutscene
Franklin;17:46:01;13:38:03;-1510.559,-947.4337,-947.4337;;;;
Franklin;17:46:02;13:38:04;-1510.559,-947.4358,-947.4358;;Yeah, it does!;Cutscene;Cutscene
Franklin;17:46:02;13:38:04;-1510.56,-947.4359,-947.4359;;;;
Franklin;17:46:03;13:38:05;-1510.561,-947.4356,-947.4356;;Now, Mr. Greedy Lowrey is staying at the Von Crastenburg Hotel on Richman,;Cutscene;Cutscene
Franklin;17:46:03;13:38:05;-1510.561,-947.4359,-947.4359;;;;
Franklin;17:46:04;13:38:06;-1510.619,-947.4963,-947.4963;;;;
Franklin;17:46:04;13:38:06;-1510.62,-947.4968,-947.4968;;;;
Franklin;17:46:05;13:38:07;-1510.619,-947.4972,-947.4972;;;;
Franklin;17:46:05;13:38:07;-1510.62,-947.4993,-947.4993;;;;
Franklin;17:46:06;13:38:08;-1510.622,-947.4973,-947.4973;;;;
Franklin;17:46:06;13:38:08;-1510.623,-947.4987,-947.4987;;;;
Franklin;17:46:07;13:38:09;-1510.622,-947.4993,-947.4993;;of course he'll be well protected, but...;Cutscene;Cutscene
Franklin;17:46:08;13:38:09;-1510.622,-947.499,-947.499;;;;
Franklin;17:46:08;13:38:10;-1510.622,-947.499,-947.499;;;;
Franklin;17:46:09;13:38:10;-1510.622,-947.4991,-947.4991;;;;
Franklin;17:46:09;13:38:11;-1510.623,-947.4995,-947.4995;;if he goes away,;Cutscene;Cutscene
Franklin;17:46:10;13:38:11;-1510.625,-947.4999,-947.4999;;;;
Franklin;17:46:10;13:38:12;-1510.624,-947.4998,-947.4998;;then America goes back to using Mollis,;Cutscene;Cutscene
Franklin;17:46:11;13:38:12;-1510.624,-947.5013,-947.5013;;;;
Franklin;17:46:11;13:38:13;-1510.625,-947.4965,-947.4965;;;;
Franklin;17:46:12;13:38:14;-1510.559,-947.4972,-947.4972;;;;
Franklin;17:46:12;13:38:14;-1510.555,-947.4883,-947.4883;;and Betta Pharmaceuticals gets a big bump in the price of their stock.;Cutscene;Cutscene
Franklin;17:46:13;13:38:15;-1510.553,-947.4752,-947.4752;;;;
Franklin;17:46:13;13:38:15;-1510.549,-947.4719,-947.4719;;;;
Franklin;17:46:14;13:38:16;-1510.548,-947.4755,-947.4755;;;;
Franklin;17:46:14;13:38:16;-1510.546,-947.4736,-947.4736;;;;
Franklin;17:46:15;13:38:17;-1510.533,-947.476,-947.476;;;;
Franklin;17:46:15;13:38:17;-1510.536,-947.4752,-947.4752;;;;
Franklin;17:46:16;13:38:18;-1510.536,-947.4739,-947.4739;;Damn, man.;Cutscene;Cutscene
Franklin;17:46:16;13:38:18;-1510.536,-947.4745,-947.4745;;Alright, fuck it. I got you.;Cutscene;Cutscene
Franklin;17:46:17;13:38:19;-1510.536,-947.4746,-947.4746;;;;
Franklin;17:46:17;13:38:19;-1510.536,-947.4744,-947.4744;;;;
Franklin;17:46:18;13:38:20;-1510.537,-947.4742,-947.4742;;;;
Franklin;17:46:18;13:38:20;-1510.537,-947.4738,-947.4738;;I thought that you would.;Cutscene;Cutscene
Franklin;17:46:19;13:38:21;-1510.537,-947.4738,-947.4738;;;;
Franklin;17:46:19;13:38:21;-1510.537,-947.4734,-947.4734;;Now, consider using a sniper rifle,;Cutscene;Cutscene
Franklin;17:46:20;13:38:22;-1510.537,-947.4732,-947.4732;;;;
Franklin;17:46:21;13:38:22;-1510.537,-947.4735,-947.4735;;;;
Franklin;17:46:21;13:38:23;-1510.537,-947.475,-947.475;;;;
Franklin;17:46:22;13:38:23;-1510.536,-947.4756,-947.4756;;or sticky bombs,;Cutscene;Cutscene
Franklin;17:46:22;13:38:24;-1510.538,-947.4743,-947.4743;;;;
Franklin;17:46:23;13:38:24;-1510.537,-947.4736,-947.4736;;you know, whatever.;Cutscene;Cutscene
Franklin;17:46:23;13:38:25;-1510.537,-947.4744,-947.4744;;Do it your way, however you want.;Cutscene;Cutscene
Franklin;17:46:24;13:38:25;-1510.537,-947.4744,-947.4744;;;;
Franklin;17:46:24;13:38:26;-1510.538,-947.4746,-947.4746;;;;
Franklin;17:46:25;13:38:27;-1510.537,-947.4742,-947.4742;;;;
Franklin;17:46:25;13:38:27;-1510.536,-947.4733,-947.4733;;I'm gonna make the investment.;Cutscene;Cutscene
Franklin;17:46:26;13:38:28;-1510.536,-947.4728,-947.4728;;;;
Franklin;17:46:26;13:38:28;-1510.537,-947.4749,-947.4749;;;;
Franklin;17:46:27;13:38:29;-1510.536,-947.4739,-947.4739;;We don't speak about this or anything.;Cutscene;Cutscene
Franklin;17:46:27;13:38:29;-1510.538,-947.475,-947.475;;;;
Franklin;17:46:28;13:38:30;-1510.6,-947.4797,-947.4797;;;;
Franklin;17:46:28;13:38:30;-1510.601,-947.4829,-947.4829;;;;
Franklin;17:46:29;13:38:31;-1510.602,-947.4788,-947.4788;;;;
Franklin;17:46:29;13:38:31;-1510.603,-947.4802,-947.4802;;Now walk away and I'll stay here till you're gone.;Cutscene;Cutscene
Franklin;17:46:30;13:38:32;-1510.601,-947.4795,-947.4795;;;;
Franklin;17:46:30;13:38:32;-1510.6,-947.4804,-947.4804;;;;
Franklin;17:46:31;13:38:33;-1510.6,-947.4802,-947.4802;;;;
Franklin;17:46:31;13:38:33;-1510.6,-947.4798,-947.4798;;;;
Franklin;17:46:32;13:38:34;-1510.511,-947.3808,-947.3808;;;;
Franklin;17:46:32;13:38:34;-1510.256,-947.1278,-947.1278;;;;
Franklin;17:46:33;13:38:35;-1510.115,-947.0222,-947.0222;;;;
Franklin;17:46:34;13:38:35;-1510.104,-947.0031,-947.0031;;;;
Franklin;17:46:34;13:38:36;-1510.104,-947.0031,-947.0031;;;;
Franklin;17:46:35;13:38:36;-1509.621,-946.8326,-946.8326;;;;
Franklin;17:46:35;13:38:37;-1508.699,-946.507,-946.507;;;;
Franklin;17:46:36;13:38:37;-1507.801,-946.4341,-946.4341;;;;
Franklin;17:46:36;13:38:38;-1506.937,-946.6362,-946.6362;;;;
Franklin;17:46:37;13:38:38;-1506.054,-946.6129,-946.6129;;;;
Franklin;17:46:37;13:38:39;-1504.763,-947.1281,-947.1281;;;;
Franklin;17:46:38;13:38:40;-1502.82,-948.1546,-948.1546;;;;
Franklin;17:46:38;13:38:40;-1499.909,-949.9614,-949.9614;;;;
Franklin;17:46:39;13:38:41;-1497.068,-952.0385,-952.0385;;;;
Franklin;17:46:39;13:38:41;-1494.253,-954.1522,-954.1522;;;;
Franklin;17:46:40;13:38:42;-1491.577,-956.5424,-956.5424;;;;
Franklin;17:46:40;13:38:42;-1488.77,-958.7953,-958.7953;;;;
Franklin;17:46:41;13:38:43;-1485.965,-961.0204,-961.0204;;;;
Franklin;17:46:41;13:38:43;-1483.177,-963.2324,-963.2324;;;;
Franklin;17:46:42;13:38:44;-1480.387,-965.4454,-965.4454;;;;
Franklin;17:46:42;13:38:44;-1477.6,-967.6561,-967.6561;;;;
Franklin;17:46:43;13:38:45;-1474.836,-969.849,-969.849;;;;
Franklin;17:46:43;13:38:45;-1472.063,-972.0492,-972.0492;;;;
Franklin;17:46:44;13:38:46;-1469.249,-974.2807,-974.2807;;;;
Franklin;17:46:44;13:38:46;-1466.492,-976.4678,-976.4678;;;;
Franklin;17:46:45;13:38:47;-1463.69,-978.6898,-978.6898;;;;
Franklin;17:46:45;13:38:47;-1460.997,-980.9742,-980.9742;;;;
Franklin;17:46:46;13:38:48;-1458.339,-983.4219,-983.4219;;;;
Franklin;17:46:47;13:38:48;-1456.194,-986.1703,-986.1703;;;;
Franklin;17:46:47;13:38:49;-1453.815,-988.8582,-988.8582;;;;
Franklin;17:46:48;13:38:49;-1451.463,-991.5007,-991.5007;;;;
Franklin;17:46:48;13:38:50;-1449.101,-994.1551,-994.1551;;;;
Franklin;17:46:49;13:38:50;-1446.716,-996.8355,-996.8355;;;;
Franklin;17:46:49;13:38:51;-1444.353,-999.4906,-999.4906;;;;
Franklin;17:46:50;13:38:52;-1441.974,-1002.163,-1002.163;;;;
Franklin;17:46:50;13:38:52;-1439.619,-1004.81,-1004.81;;;;
Franklin;17:46:51;13:38:53;-1437.258,-1007.464,-1007.464;;;;
Franklin;17:46:51;13:38:53;-1434.927,-1010.083,-1010.083;;;;
Franklin;17:46:52;13:38:54;-1432.563,-1012.739,-1012.739;;;;
Franklin;17:46:52;13:38:54;-1430.188,-1015.407,-1015.407;;;;
Franklin;17:46:53;13:38:55;-1427.825,-1018.063,-1018.063;;;;
Franklin;17:46:53;13:38:55;-1425.482,-1020.695,-1020.695;;;;
Franklin;17:46:54;13:38:56;-1423.116,-1023.354,-1023.354;;;;
Franklin;17:46:54;13:38:56;-1420.775,-1026.036,-1026.036;;;;
Franklin;17:46:55;13:38:57;-1418.889,-1028.438,-1028.438;;;;
Franklin;17:46:55;13:38:57;-1416.635,-1031.143,-1031.143;;;;
Franklin;17:46:56;13:38:58;-1414.333,-1033.906,-1033.906;;;;
Franklin;17:46:56;13:38:58;-1412.075,-1036.616,-1036.616;;;;
Franklin;17:46:57;13:38:59;-1409.818,-1039.324,-1039.324;;;;
Franklin;17:46:57;13:38:59;-1407.526,-1042.074,-1042.074;;;;
Franklin;17:46:58;13:39:00;-1405.28,-1044.768,-1044.768;;;;
Franklin;17:46:59;13:39:00;-1403.016,-1047.484,-1047.484;;;;
Franklin;17:46:59;13:39:01;-1400.719,-1050.24,-1050.24;;;;
Franklin;17:47:00;13:39:01;-1398.451,-1052.962,-1052.962;;;;
Franklin;17:47:00;13:39:02;-1396.187,-1055.678,-1055.678;;;;
Franklin;17:47:01;13:39:02;-1393.995,-1058.4,-1058.4;;;;
Franklin;17:47:01;13:39:03;-1391.75,-1061.13,-1061.13;;;;
Franklin;17:47:02;13:39:03;-1389.62,-1063.984,-1063.984;;;;
Franklin;17:47:02;13:39:04;-1387.497,-1066.84,-1066.84;;;;
Franklin;17:47:03;13:39:05;-1385.557,-1069.786,-1069.786;;;;
Franklin;17:47:03;13:39:05;-1383.646,-1072.734,-1072.734;;;;
Franklin;17:47:04;13:39:06;-1381.348,-1075.35,-1075.35;;;;
Franklin;17:47:04;13:39:06;-1379.595,-1078.365,-1078.365;;;;
Franklin;17:47:05;13:39:07;-1377.751,-1081.471,-1081.471;;;;
Franklin;17:47:05;13:39:07;-1375.865,-1084.459,-1084.459;;;;
Franklin;17:47:06;13:39:08;-1373.848,-1087.326,-1087.326;;;;
Franklin;17:47:06;13:39:08;-1371.561,-1090.036,-1090.036;;;;
Franklin;17:47:07;13:39:09;-1369.437,-1092.913,-1092.913;;;;
Franklin;17:47:07;13:39:09;-1367.177,-1095.696,-1095.696;;;;
Franklin;17:47:08;13:39:10;-1365.017,-1098.504,-1098.504;;;;
Franklin;17:47:08;13:39:10;-1363.137,-1101.418,-1101.418;;;;
Franklin;17:47:09;13:39:11;-1361.46,-1104.63,-1104.63;;;;
Franklin;17:47:09;13:39:11;-1359.81,-1107.707,-1107.707;;;;
Franklin;17:47:10;13:39:12;-1358.098,-1110.787,-1110.787;;;;
Franklin;17:47:10;13:39:12;-1355.55,-1112.206,-1112.206;;;;
Franklin;17:47:11;13:39:13;-1354.633,-1111.399,-1111.399;;;;
Franklin;17:47:12;13:39:13;-1355.215,-1110.609,-1110.609;;;;
Franklin;17:47:12;13:39:14;-1355.13,-1110.155,-1110.155;True,Sports,BUFFALO02,0,0;;;
Franklin;17:47:13;13:39:14;-1355.13,-1110.155,-1110.155;True,Sports,BUFFALO02,0,0;;;
Franklin;17:47:13;13:39:15;-1355.111,-1110.147,-1110.147;True,Sports,BUFFALO02,0,2820676,-1;;;
Franklin;17:47:14;13:39:15;-1354.565,-1109.936,-1109.936;True,Sports,BUFFALO02,2,096498,-1;;;
Franklin;17:47:14;13:39:16;-1352.938,-1109.566,-1109.566;True,Sports,BUFFALO02,4,328218,-1;;;
Franklin;17:47:15;13:39:17;-1350.013,-1109.661,-1109.661;True,Sports,BUFFALO02,7,101603,-1;;;
Franklin;17:47:15;13:39:17;-1346.577,-1111.746,-1111.746;True,Sports,BUFFALO02,7,204022,0;;;
Franklin;17:47:16;13:39:18;-1345.69,-1113.051,-1113.051;True,Sports,BUFFALO02,0,4528179,1;;;
Franklin;17:47:16;13:39:18;-1345.485,-1112.48,-1112.48;True,Sports,BUFFALO02,2,021109,1;;;
Franklin;17:47:17;13:39:19;-1344.521,-1111.063,-1111.063;True,Sports,BUFFALO02,4,951108,1;;;
Franklin;17:47:17;13:39:19;-1341.415,-1108.953,-1108.953;True,Sports,BUFFALO02,9,712506,1;;;
Franklin;17:47:18;13:39:20;-1336.372,-1106.256,-1106.256;True,Sports,BUFFALO02,10,83349,1;;;
Franklin;17:47:18;13:39:20;-1330.307,-1103.9,-1103.9;True,Sports,BUFFALO02,14,47124,1;;;
Franklin;17:47:19;13:39:21;-1323.235,-1100.681,-1100.681;True,Sports,BUFFALO02,14,98085,1;;;
Franklin;17:47:19;13:39:21;-1315.53,-1096.843,-1096.843;True,Sports,BUFFALO02,17,68331,0;;;
Franklin;17:47:20;13:39:22;-1307.505,-1093.476,-1093.476;True,Sports,BUFFALO02,15,58275,0;;;
Franklin;17:47:20;13:39:22;-1300.529,-1090.066,-1090.066;True,Sports,BUFFALO02,14,91174,1;;;
Franklin;17:47:21;13:39:23;-1293.638,-1086.769,-1086.769;True,Sports,BUFFALO02,13,46994,0;;;
Franklin;17:47:21;13:39:23;-1287.42,-1084.458,-1084.458;True,Sports,BUFFALO02,12,42216,0;;;
Franklin;17:47:22;13:39:24;-1281.892,-1082.09,-1082.09;True,Sports,BUFFALO02,10,43072,0;;;
Franklin;17:47:22;13:39:24;-1277.321,-1079.849,-1079.849;True,Sports,BUFFALO02,10,24125,1;;;
Franklin;17:47:23;13:39:25;-1272.874,-1077.672,-1077.672;True,Sports,BUFFALO02,8,560827,0;;;
Franklin;17:47:24;13:39:25;-1269.313,-1075.984,-1075.984;True,Sports,BUFFALO02,6,737268,0;;;
Franklin;17:47:24;13:39:26;-1266.544,-1074.704,-1074.704;True,Sports,BUFFALO02,4,909251,0;;;
Franklin;17:47:25;13:39:26;-1264.668,-1073.837,-1073.837;True,Sports,BUFFALO02,3,093571,0;;;
Franklin;17:47:25;13:39:27;-1263.66,-1073.351,-1073.351;True,Sports,BUFFALO02,1,289183,0;;;
Franklin;17:47:26;13:39:27;-1263.408,-1073.224,-1073.224;True,Sports,BUFFALO02,0,5553252,1;;;
Franklin;17:47:26;13:39:28;-1263.365,-1073.204,-1073.204;True,Sports,BUFFALO02,0,2056272,1;;;
Franklin;17:47:27;13:39:28;-1263.175,-1073.135,-1073.135;True,Sports,BUFFALO02,0,0156543,0;;;
Franklin;17:47:27;13:39:29;-1263.175,-1073.134,-1073.134;True,Sports,BUFFALO02,0,0;;;
Franklin;17:47:28;13:39:30;-1263.175,-1073.134,-1073.134;True,Sports,BUFFALO02,0,0;;;
Franklin;17:47:28;13:39:30;-1263.175,-1073.134,-1073.134;True,Sports,BUFFALO02,0,0;;;
Franklin;17:47:29;13:39:31;-1263.175,-1073.134,-1073.134;True,Sports,BUFFALO02,0,0;;;
Franklin;17:47:29;13:39:31;-1263.175,-1073.134,-1073.134;True,Sports,BUFFALO02,0,0;;;
Franklin;17:47:30;13:39:32;-1263.175,-1073.134,-1073.134;True,Sports,BUFFALO02,0,0;;;
Franklin;17:47:30;13:39:32;-1263.175,-1073.134,-1073.134;True,Sports,BUFFALO02,0,0;;;
Franklin;17:47:31;13:39:33;-1263.175,-1073.134,-1073.134;True,Sports,BUFFALO02,0,0;;;
Franklin;17:47:31;13:39:33;-1263.175,-1073.134,-1073.134;True,Sports,BUFFALO02,0,0;;;
Franklin;17:47:32;13:39:34;-1263.175,-1073.134,-1073.134;True,Sports,BUFFALO02,0,0;;;
Franklin;17:47:32;13:39:34;-1263.175,-1073.134,-1073.134;True,Sports,BUFFALO02,0,0;;;
Franklin;17:47:33;13:39:35;-1263.175,-1073.134,-1073.134;True,Sports,BUFFALO02,0,0;;;
Franklin;17:47:33;13:39:35;-1263.175,-1073.134,-1073.134;True,Sports,BUFFALO02,0,0;;;
Franklin;17:47:34;13:39:36;-1263.175,-1073.134,-1073.134;True,Sports,BUFFALO02,0,0;;;
Franklin;17:47:34;13:39:36;-1263.175,-1073.134,-1073.134;True,Sports,BUFFALO02,0,0;;;
Franklin;17:47:35;13:39:37;-1263.175,-1073.134,-1073.134;True,Sports,BUFFALO02,0,0;;;
Franklin;17:47:35;13:39:37;-1263.175,-1073.134,-1073.134;True,Sports,BUFFALO02,0,0;;;
Franklin;17:47:36;13:39:38;-1263.175,-1073.134,-1073.134;True,Sports,BUFFALO02,0,0;;;
Franklin;17:47:37;13:39:38;-1263.175,-1073.134,-1073.134;True,Sports,BUFFALO02,0,0;;;
Franklin;17:47:37;13:39:39;-1263.175,-1073.134,-1073.134;True,Sports,BUFFALO02,0,0;;;
Franklin;17:47:38;13:39:39;-1263.175,-1073.134,-1073.134;True,Sports,BUFFALO02,0,0;;;
Franklin;17:47:38;13:39:40;-1263.175,-1073.134,-1073.134;True,Sports,BUFFALO02,0,0;;;
Franklin;17:47:39;13:39:40;-1263.175,-1073.134,-1073.134;True,Sports,BUFFALO02,0,0;;;
Franklin;17:47:39;13:39:41;-1263.175,-1073.134,-1073.134;True,Sports,BUFFALO02,0,0;;;
Franklin;17:47:40;13:39:42;-1263.175,-1073.134,-1073.134;True,Sports,BUFFALO02,0,0;;;
Franklin;17:47:40;13:39:42;-1263.175,-1073.134,-1073.134;True,Sports,BUFFALO02,0,0;;;
Franklin;17:47:41;13:39:43;-1263.175,-1073.134,-1073.134;True,Sports,BUFFALO02,0,0;;;
Franklin;17:47:41;13:39:43;-1263.174,-1073.134,-1073.134;True,Sports,BUFFALO02,0,04207335,1;;;
Franklin;17:47:42;13:39:44;-1262.703,-1072.934,-1072.934;True,Sports,BUFFALO02,2,107098,1;;;
Franklin;17:47:42;13:39:44;-1261.121,-1072.082,-1072.082;True,Sports,BUFFALO02,5,080663,1;;;
Franklin;17:47:43;13:39:45;-1257.407,-1070.565,-1070.565;True,Sports,BUFFALO02,10,12016,1;;;
Franklin;17:47:43;13:39:45;-1253.154,-1066.661,-1066.661;True,Sports,BUFFALO02,10,67578,0;;;
Franklin;17:47:44;13:39:46;-1251.928,-1061.837,-1061.837;True,Sports,BUFFALO02,10,29967,1;;;
Franklin;17:47:44;13:39:46;-1252.099,-1056.009,-1056.009;True,Sports,BUFFALO02,11,30249,1;;;
Franklin;17:47:45;13:39:47;-1253.839,-1049.525,-1049.525;True,Sports,BUFFALO02,14,41033,1;;;
Franklin;17:47:45;13:39:47;-1256.262,-1041.677,-1041.677;True,Sports,BUFFALO02,17,16939,1;;;
Franklin;17:47:46;13:39:48;-1259.008,-1032.359,-1032.359;True,Sports,BUFFALO02,19,82911,1;;;
Franklin;17:47:46;13:39:48;-1261.466,-1021.93,-1021.93;True,Sports,BUFFALO02,20,62544,0;;;
Franklin;17:47:47;13:39:49;-1264.785,-1011.783,-1011.783;True,Sports,BUFFALO02,21,02434,1;;;
Franklin;17:47:47;13:39:49;-1268.338,-1001.793,-1001.793;True,Sports,BUFFALO02,19,50702,0;;;
Franklin;17:47:48;13:39:50;-1270.532,-992.572,-992.572;True,Sports,BUFFALO02,17,21815,0;;;
Franklin;17:47:48;13:39:50;-1271.747,-984.2924,-984.2924;True,Sports,BUFFALO02,15,11015,0;;;
Franklin;17:47:49;13:39:51;-1273.53,-977.1865,-977.1865;True,Sports,BUFFALO02,13,16094,0;;;
Franklin;17:47:50;13:39:51;-1274.678,-971.0643,-971.0643;True,Sports,BUFFALO02,10,94574,0;;;
Franklin;17:47:50;13:39:52;-1274.118,-964.9513,-964.9513;True,Sports,BUFFALO02,12,95637,1;;;
Franklin;17:47:51;13:39:52;-1273.89,-958.6981,-958.6981;True,Sports,BUFFALO02,10,93923,0;;;
Franklin;17:47:51;13:39:53;-1275.405,-953.1259,-953.1259;True,Sports,BUFFALO02,10,4208,0;;;
Franklin;17:47:52;13:39:53;-1276.979,-947.8814,-947.8814;True,Sports,BUFFALO02,9,862302,0;;;
Franklin;17:47:52;13:39:54;-1278.243,-943.0696,-943.0696;True,Sports,BUFFALO02,9,583766,1;;;
Franklin;17:47:53;13:39:55;-1280.117,-937.5322,-937.5322;True,Sports,BUFFALO02,11,37632,1;;;
Franklin;17:47:53;13:39:55;-1281.698,-931.0717,-931.0717;True,Sports,BUFFALO02,14,33905,1;;;
Franklin;17:47:54;13:39:56;-1283.54,-923.1607,-923.1607;True,Sports,BUFFALO02,17,03373,1;;;
Franklin;17:47:54;13:39:56;-1285.531,-913.8522,-913.8522;True,Sports,BUFFALO02,18,16135,0;;;
Franklin;17:47:55;13:39:57;-1286.612,-904.1179,-904.1179;True,Sports,BUFFALO02,18,94616,0;;;
Franklin;17:47:55;13:39:57;-1288.468,-894.9186,-894.9186;True,Sports,BUFFALO02,16,70399,0;;;
Franklin;17:47:56;13:39:58;-1289.111,-886.497,-886.497;True,Sports,BUFFALO02,16,41232,1;;;
Franklin;17:47:56;13:39:58;-1291.897,-878.0221,-878.0221;True,Sports,BUFFALO02,16,74212,0;;;
Franklin;17:47:57;13:39:59;-1296.446,-870.7688,-870.7688;True,Sports,BUFFALO02,16,50411,0;;;
Franklin;17:47:57;13:39:59;-1300.284,-863.9539,-863.9539;True,Sports,BUFFALO02,13,83162,0;;;
Franklin;17:47:58;13:40:00;-1304.395,-858.0724,-858.0724;True,Sports,BUFFALO02,15,21096,1;;;
Franklin;17:47:58;13:40:00;-1310.293,-851.9901,-851.9901;True,Sports,BUFFALO02,18,4771,1;;;
Franklin;17:47:59;13:40:01;-1317.578,-845.5254,-845.5254;True,Sports,BUFFALO02,17,84866,0;;;
Franklin;17:47:59;13:40:01;-1323.65,-839.1755,-839.1755;True,Sports,BUFFALO02,15,88549,0;;;
Franklin;17:48:00;13:40:02;-1328.972,-833.6053,-833.6053;True,Sports,BUFFALO02,14,09977,0;;;
Franklin;17:48:00;13:40:02;-1333.804,-828.7195,-828.7195;True,Sports,BUFFALO02,12,33386,0;;;
Franklin;17:48:01;13:40:03;-1337.966,-824.4791,-824.4791;True,Sports,BUFFALO02,10,5806,0;;;
Franklin;17:48:01;13:40:03;-1341.422,-820.8789,-820.8789;True,Sports,BUFFALO02,8,616492,0;;;
Franklin;17:48:02;13:40:04;-1344.158,-817.9671,-817.9671;True,Sports,BUFFALO02,6,548896,0;;;
Franklin;17:48:03;13:40:04;-1346.164,-816.1221,-816.1221;True,Sports,BUFFALO02,4,117768,0;;;
Franklin;17:48:03;13:40:05;-1347.382,-815.1975,-815.1975;True,Sports,BUFFALO02,1,910707,0;;;
Franklin;17:48:04;13:40:05;-1347.712,-814.9466,-814.9466;True,Sports,BUFFALO02,0,009495438,0;;;
Franklin;17:48:04;13:40:06;-1347.712,-814.9474,-814.9474;True,Sports,BUFFALO02,0,0;;;
Franklin;17:48:05;13:40:06;-1347.712,-814.9474,-814.9474;True,Sports,BUFFALO02,0,0;;;
Franklin;17:48:05;13:40:07;-1347.712,-814.9474,-814.9474;True,Sports,BUFFALO02,0,0;;;
Franklin;17:48:06;13:40:08;-1347.821,-814.8558,-814.8558;True,Sports,BUFFALO02,0,9759985,1;;;
Franklin;17:48:06;13:40:08;-1348.714,-814.1165,-814.1165;True,Sports,BUFFALO02,3,79436,1;;;
Franklin;17:48:07;13:40:09;-1351.319,-811.9913,-811.9913;True,Sports,BUFFALO02,9,609981,1;;;
Franklin;17:48:07;13:40:09;-1355.816,-808.3852,-808.3852;True,Sports,BUFFALO02,11,46946,1;;;
Franklin;17:48:08;13:40:10;-1360.357,-804.7068,-804.7068;True,Sports,BUFFALO02,10,63405,0;;;
Franklin;17:48:08;13:40:10;-1364.272,-801.5233,-801.5233;True,Sports,BUFFALO02,8,936863,0;;;
Franklin;17:48:09;13:40:11;-1368.148,-798.3578,-798.3578;True,Sports,BUFFALO02,11,91754,1;;;
Franklin;17:48:09;13:40:11;-1372.804,-794.5089,-794.5089;True,Sports,BUFFALO02,12,74201,1;;;
Franklin;17:48:10;13:40:12;-1378.078,-790.1447,-790.1447;True,Sports,BUFFALO02,12,55744,0;;;
Franklin;17:48:10;13:40:12;-1382.578,-786.1241,-786.1241;True,Sports,BUFFALO02,10,70275,0;;;
Franklin;17:48:11;13:40:13;-1386.801,-782.0144,-782.0144;True,Sports,BUFFALO02,11,21803,0;;;
Franklin;17:48:11;13:40:13;-1390.895,-778.8245,-778.8245;True,Sports,BUFFALO02,9,066218,0;;;
Franklin;17:48:12;13:40:14;-1394.179,-776.3314,-776.3314;True,Sports,BUFFALO02,7,645178,1;;;
Franklin;17:48:12;13:40:14;-1397.642,-773.6757,-773.6757;True,Sports,BUFFALO02,7,820927,0;;;
Franklin;17:48:13;13:40:15;-1400.063,-770.9292,-770.9292;True,Sports,BUFFALO02,6,208407,0;;;
Franklin;17:48:13;13:40:15;-1402.224,-768.7012,-768.7012;True,Sports,BUFFALO02,5,50542,0;;;
Franklin;17:48:14;13:40:16;-1403.988,-767.1935,-767.1935;True,Sports,BUFFALO02,3,398187,0;;;
Franklin;17:48:14;13:40:16;-1404.907,-766.4036,-766.4036;True,Sports,BUFFALO02,1,318707,0;;;
Franklin;17:48:15;13:40:17;-1405.066,-766.27,-766.27;True,Sports,BUFFALO02,0,01033449,0;;;
Franklin;17:48:16;13:40:17;-1405.065,-766.2705,-766.2705;True,Sports,BUFFALO02,0,0;;;
Franklin;17:48:16;13:40:18;-1405.065,-766.2705,-766.2705;True,Sports,BUFFALO02,0,0;;;
Franklin;17:48:17;13:40:18;-1405.065,-766.2705,-766.2705;True,Sports,BUFFALO02,0,0;;;
Franklin;17:48:17;13:40:19;-1405.065,-766.2705,-766.2705;True,Sports,BUFFALO02,0,0;;;
Franklin;17:48:18;13:40:19;-1405.065,-766.2705,-766.2705;True,Sports,BUFFALO02,0,0;;;
Franklin;17:48:18;13:40:20;-1405.065,-766.2705,-766.2705;True,Sports,BUFFALO02,0,0;;;
Franklin;17:48:19;13:40:21;-1405.065,-766.2705,-766.2705;True,Sports,BUFFALO02,0,0;;;
Franklin;17:48:19;13:40:21;-1405.065,-766.2705,-766.2705;True,Sports,BUFFALO02,0,0;;;
Franklin;17:48:20;13:40:22;-1405.065,-766.2705,-766.2705;True,Sports,BUFFALO02,0,0;;;
Franklin;17:48:20;13:40:22;-1405.067,-766.2686,-766.2686;True,Sports,BUFFALO02,0,08565734,1;;;
Franklin;17:48:21;13:40:23;-1405.103,-766.2369,-766.2369;True,Sports,BUFFALO02,0,002632963,0;;;
Franklin;17:48:21;13:40:23;-1405.103,-766.2371,-766.2371;True,Sports,BUFFALO02,0,0;;;
Franklin;17:48:22;13:40:24;-1405.102,-766.2375,-766.2375;True,Sports,BUFFALO02,0,002775225,1;;;
Franklin;17:48:22;13:40:24;-1405.101,-766.2356,-766.2356;True,Sports,BUFFALO02,0,01231111,1;;;
Franklin;17:48:23;13:40:25;-1405.1,-766.2346,-766.2346;True,Sports,BUFFALO02,0,0178054,0;;;
Franklin;17:48:23;13:40:25;-1405.102,-766.2371,-766.2371;True,Sports,BUFFALO02,0,0;;;
Franklin;17:48:24;13:40:26;-1405.118,-766.2234,-766.2234;True,Sports,BUFFALO02,0,3495621,1;;;
Franklin;17:48:24;13:40:26;-1405.168,-766.1812,-766.1812;True,Sports,BUFFALO02,0,002520053,0;;;
Franklin;17:48:25;13:40:27;-1405.168,-766.1812,-766.1812;True,Sports,BUFFALO02,0,0;;;
Franklin;17:48:25;13:40:27;-1405.168,-766.1812,-766.1812;True,Sports,BUFFALO02,0,0;;;
Franklin;17:48:26;13:40:28;-1405.276,-766.0851,-766.0851;True,Sports,BUFFALO02,0,9952649,1;;;
Franklin;17:48:26;13:40:28;-1405.779,-765.6502,-765.6502;True,Sports,BUFFALO02,0,5380401,0;;;
Franklin;17:48:27;13:40:29;-1405.802,-765.6299,-765.6299;True,Sports,BUFFALO02,0,0;;;
Franklin;17:48:27;13:40:29;-1405.84,-765.5963,-765.5963;True,Sports,BUFFALO02,0,5638177,1;;;
Franklin;17:48:28;13:40:30;-1406.48,-765.1094,-765.1094;True,Sports,BUFFALO02,2,791549,1;;;
Franklin;17:48:29;13:40:30;-1407.934,-763.3656,-763.3656;True,Sports,BUFFALO02,6,57024,1;;;
Franklin;17:48:29;13:40:31;-1411.674,-760.0663,-760.0663;True,Sports,BUFFALO02,11,53761,0;;;
Franklin;17:48:30;13:40:31;-1414.738,-755.8044,-755.8044;True,Sports,BUFFALO02,9,087973,0;;;
Franklin;17:48:30;13:40:32;-1416.71,-750.8031,-750.8031;True,Sports,BUFFALO02,11,64356,0;;;
Franklin;17:48:31;13:40:32;-1417.422,-744.9121,-744.9121;True,Sports,BUFFALO02,12,27766,1;;;
Franklin;17:48:31;13:40:33;-1414.748,-738.505,-738.505;True,Sports,BUFFALO02,14,69037,1;;;
Franklin;17:48:32;13:40:34;-1409.119,-731.9835,-731.9835;True,Sports,BUFFALO02,17,97876,1;;;
Franklin;17:48:32;13:40:34;-1401.666,-726.4992,-726.4992;True,Sports,BUFFALO02,16,89663,0;;;
Franklin;17:48:33;13:40:35;-1394.856,-721.9634,-721.9634;True,Sports,BUFFALO02,14,67027,0;;;
Franklin;17:48:33;13:40:35;-1389.404,-717.3482,-717.3482;True,Sports,BUFFALO02,12,8884,0;;;
Franklin;17:48:34;13:40:36;-1384.196,-712.6323,-712.6323;True,Sports,BUFFALO02,12,99227,1;;;
Franklin;17:48:34;13:40:36;-1378.999,-708.119,-708.119;True,Sports,BUFFALO02,12,61757,0;;;
Franklin;17:48:35;13:40:37;-1373.721,-704.6934,-704.6934;True,Sports,BUFFALO02,12,78765,1;;;
Franklin;17:48:35;13:40:37;-1367.631,-700.5853,-700.5853;True,Sports,BUFFALO02,15,34153,1;;;
Franklin;17:48:36;13:40:38;-1360.452,-695.3975,-695.3975;True,Sports,BUFFALO02,17,30009,0;;;
Franklin;17:48:36;13:40:38;-1353.542,-690.2557,-690.2557;True,Sports,BUFFALO02,15,69641,0;;;
Franklin;17:48:37;13:40:39;-1346.942,-685.5206,-685.5206;True,Sports,BUFFALO02,16,46613,1;;;
Franklin;17:48:37;13:40:39;-1339.963,-681.3788,-681.3788;True,Sports,BUFFALO02,12,70595,0;;;
Franklin;17:48:38;13:40:40;-1335.717,-678.6227,-678.6227;True,Sports,BUFFALO02,8,65048,0;;;
Franklin;17:48:38;13:40:40;-1333.349,-676.7464,-676.7464;True,Sports,BUFFALO02,4,25321,0;;;
Franklin;17:48:39;13:40:41;-1332.031,-675.6122,-675.6122;True,Sports,BUFFALO02,2,400133,0;;;
Franklin;17:48:39;13:40:41;-1331.713,-675.3348,-675.3348;True,Sports,BUFFALO02,0,02009874,0;;;
Franklin;17:48:40;13:40:42;-1331.714,-675.3359,-675.3359;True,Sports,BUFFALO02,0,0;;;
Franklin;17:48:40;13:40:42;-1331.714,-675.3359,-675.3359;True,Sports,BUFFALO02,0,0;;;
Franklin;17:48:41;13:40:43;-1331.684,-675.3108,-675.3108;True,Sports,BUFFALO02,0,4923376,1;;;
Franklin;17:48:42;13:40:43;-1331.036,-674.7779,-674.7779;True,Sports,BUFFALO02,2,930352,1;;;
Franklin;17:48:42;13:40:44;-1329.107,-673.1414,-673.1414;True,Sports,BUFFALO02,6,913991,1;;;
Franklin;17:48:43;13:40:44;-1325.603,-669.3887,-669.3887;True,Sports,BUFFALO02,11,59756,0;;;
Franklin;17:48:43;13:40:45;-1320.841,-665.5401,-665.5401;True,Sports,BUFFALO02,13,08582,1;;;
Franklin;17:48:44;13:40:45;-1314.935,-661.3588,-661.3588;True,Sports,BUFFALO02,13,4282,0;;;
Franklin;17:48:44;13:40:46;-1309.573,-657.6146,-657.6146;True,Sports,BUFFALO02,11,71321,0;;;
Franklin;17:48:45;13:40:47;-1304.899,-654.4023,-654.4023;True,Sports,BUFFALO02,9,998238,0;;;
Franklin;17:48:45;13:40:47;-1300.983,-651.7552,-651.7552;True,Sports,BUFFALO02,8,321798,0;;;
Franklin;17:48:46;13:40:48;-1297.088,-648.9725,-648.9725;True,Sports,BUFFALO02,11,45053,1;;;
Franklin;17:48:46;13:40:48;-1292.555,-645.5345,-645.5345;True,Sports,BUFFALO02,10,03042,0;;;
Franklin;17:48:47;13:40:49;-1288.709,-642.6324,-642.6324;True,Sports,BUFFALO02,8,232845,0;;;
Franklin;17:48:47;13:40:49;-1285.609,-640.3231,-640.3231;True,Sports,BUFFALO02,7,104031,1;;;
Franklin;17:48:48;13:40:50;-1282.222,-637.8345,-637.8345;True,Sports,BUFFALO02,7,581586,0;;;
Franklin;17:48:48;13:40:50;-1278.908,-635.4219,-635.4219;True,Sports,BUFFALO02,8,026467,0;;;
Franklin;17:48:49;13:40:51;-1275.538,-633.0074,-633.0074;True,Sports,BUFFALO02,8,381806,0;;;
Franklin;17:48:49;13:40:51;-1271.222,-629.966,-629.966;True,Sports,BUFFALO02,11,6904,0;;;
Franklin;17:48:50;13:40:52;-1266.602,-626.7589,-626.7589;True,Sports,BUFFALO02,9,682826,0;;;
Franklin;17:48:50;13:40:52;-1263.129,-624.388,-624.388;True,Sports,BUFFALO02,7,203712,0;;;
Franklin;17:48:51;13:40:53;-1260.375,-622.5449,-622.5449;True,Sports,BUFFALO02,5,453401,0;;;
Franklin;17:48:51;13:40:53;-1258.392,-621.2303,-621.2303;True,Sports,BUFFALO02,3,763543,0;;;
Franklin;17:48:52;13:40:54;-1257.061,-620.363,-620.363;True,Sports,BUFFALO02,2,329567,0;;;
Franklin;17:48:52;13:40:54;-1256.443,-619.9128,-619.9128;True,Sports,BUFFALO02,0,6580491,0;;;
Franklin;17:48:53;13:40:55;-1256.323,-619.8347,-619.8347;True,Sports,BUFFALO02,0,7489276,1;;;
Franklin;17:48:54;13:40:55;-1256.182,-619.7382,-619.7382;True,Sports,BUFFALO02,0,005715613,0;;;
Franklin;17:48:54;13:40:56;-1255.878,-619.5302,-619.5302;True,Sports,BUFFALO02,1,735503,1;;;
Franklin;17:48:55;13:40:56;-1254.698,-618.5829,-618.5829;True,Sports,BUFFALO02,3,250852,0;;;
Franklin;17:48:55;13:40:57;-1253.434,-617.5546,-617.5546;True,Sports,BUFFALO02,2,809912,0;;;
Franklin;17:48:56;13:40:57;-1251.849,-616.5453,-616.5453;True,Sports,BUFFALO02,5,239497,0;;;
Franklin;17:48:56;13:40:58;-1249.625,-615.2167,-615.2167;True,Sports,BUFFALO02,4,19087,0;;;
Franklin;17:48:57;13:40:59;-1249.228,-614.9683,-614.9683;True,Sports,BUFFALO02,0,02563078,0;;;
Franklin;17:48:57;13:40:59;-1249.127,-614.8766,-614.8766;True,Sports,BUFFALO02,0,01486791,0;;;
Franklin;17:48:58;13:41:00;-1248.971,-614.6937,-614.6937;True,Sports,BUFFALO02,1,205682,1;;;
Franklin;17:48:58;13:41:00;-1248.759,-614.4779,-614.4779;True,Sports,BUFFALO02,0,007819619,0;;;
Franklin;17:48:59;13:41:01;-1248.759,-614.4786,-614.4786;True,Sports,BUFFALO02,0,0;;;
Franklin;17:48:59;13:41:01;-1248.759,-614.4786,-614.4786;True,Sports,BUFFALO02,0,0;;;
Franklin;17:49:00;13:41:02;-1248.759,-614.4786,-614.4786;True,Sports,BUFFALO02,0,0;;;
Franklin;17:49:00;13:41:02;-1248.759,-614.4786,-614.4786;True,Sports,BUFFALO02,0,0;;;
Franklin;17:49:01;13:41:03;-1248.759,-614.4786,-614.4786;True,Sports,BUFFALO02,0,0;;;
Franklin;17:49:01;13:41:03;-1248.759,-614.4786,-614.4786;True,Sports,BUFFALO02,0,0;;;
Franklin;17:49:02;13:41:04;-1248.759,-614.4786,-614.4786;True,Sports,BUFFALO02,0,0;;;
Franklin;17:49:02;13:41:04;-1248.759,-614.4786,-614.4786;True,Sports,BUFFALO02,0,0;;;
Franklin;17:49:03;13:41:05;-1248.759,-614.4786,-614.4786;True,Sports,BUFFALO02,0,0;;;
Franklin;17:49:03;13:41:05;-1248.759,-614.4786,-614.4786;True,Sports,BUFFALO02,0,0;;;
Franklin;17:49:04;13:41:06;-1248.759,-614.4786,-614.4786;True,Sports,BUFFALO02,0,0;;;
Franklin;17:49:04;13:41:06;-1248.759,-614.4786,-614.4786;True,Sports,BUFFALO02,0,0;;;
Franklin;17:49:05;13:41:07;-1248.759,-614.4786,-614.4786;True,Sports,BUFFALO02,0,0;;;
Franklin;17:49:06;13:41:07;-1248.759,-614.4786,-614.4786;True,Sports,BUFFALO02,0,0;;;
Franklin;17:49:06;13:41:08;-1248.759,-614.4786,-614.4786;True,Sports,BUFFALO02,0,0;;;
Franklin;17:49:07;13:41:08;-1248.759,-614.4786,-614.4786;True,Sports,BUFFALO02,0,0;;;
Franklin;17:49:07;13:41:09;-1248.759,-614.4786,-614.4786;True,Sports,BUFFALO02,0,0;;;
Franklin;17:49:08;13:41:09;-1248.592,-614.3554,-614.3554;True,Sports,BUFFALO02,1,263673,1;;;
Franklin;17:49:08;13:41:10;-1247.454,-613.5604,-613.5604;True,Sports,BUFFALO02,4,320241,1;;;
Franklin;17:49:09;13:41:11;-1244.729,-611.6134,-611.6134;True,Sports,BUFFALO02,7,34771,0;;;
Franklin;17:49:09;13:41:11;-1241.88,-609.5257,-609.5257;True,Sports,BUFFALO02,6,07513,0;;;
Franklin;17:49:10;13:41:12;-1239.775,-607.8716,-607.8716;True,Sports,BUFFALO02,4,692063,1;;;
Franklin;17:49:10;13:41:12;-1237.202,-605.2439,-605.2439;True,Sports,BUFFALO02,9,545019,1;;;
Franklin;17:49:11;13:41:13;-1233.166,-601.9119,-601.9119;True,Sports,BUFFALO02,10,04453,0;;;
Franklin;17:49:11;13:41:13;-1229.669,-598.7244,-598.7244;True,Sports,BUFFALO02,7,89957,0;;;
Franklin;17:49:12;13:41:14;-1226.833,-594.1553,-594.1553;True,Sports,BUFFALO02,11,56879,0;;;
Franklin;17:49:12;13:41:14;-1226.008,-588.6323,-588.6323;True,Sports,BUFFALO02,9,987328,0;;;
Franklin;17:49:13;13:41:15;-1227.872,-583.6591,-583.6591;True,Sports,BUFFALO02,11,78356,1;;;
Franklin;17:49:13;13:41:15;-1231.919,-579.1133,-579.1133;True,Sports,BUFFALO02,12,3823,1;;;
Franklin;17:49:14;13:41:16;-1236.204,-573.5971,-573.5971;True,Sports,BUFFALO02,14,65986,1;;;
Franklin;17:49:14;13:41:16;-1240.303,-566.4684,-566.4684;True,Sports,BUFFALO02,16,92344,1;;;
Franklin;17:49:15;13:41:17;-1245.776,-559.203,-559.203;True,Sports,BUFFALO02,16,9969,0;;;
Franklin;17:49:15;13:41:17;-1251.295,-552.4151,-552.4151;True,Sports,BUFFALO02,16,52141,0;;;
Franklin;17:49:16;13:41:18;-1256.899,-545.5283,-545.5283;True,Sports,BUFFALO02,18,23474,1;;;
Franklin;17:49:16;13:41:18;-1261.709,-537.8887,-537.8887;True,Sports,BUFFALO02,16,18384,0;;;
Franklin;17:49:17;13:41:19;-1265.308,-531.0073,-531.0073;True,Sports,BUFFALO02,13,85487,0;;;
Franklin;17:49:17;13:41:19;-1268.97,-525.5493,-525.5493;True,Sports,BUFFALO02,11,76834,0;;;
Franklin;17:49:18;13:41:20;-1272.127,-520.9662,-520.9662;True,Sports,BUFFALO02,10,1461,1;;;
Franklin;17:49:19;13:41:20;-1274.746,-516.0895,-516.0895;True,Sports,BUFFALO02,9,828081,0;;;
Franklin;17:49:19;13:41:21;-1276.19,-511.8521,-511.8521;True,Sports,BUFFALO02,7,53312,0;;;
Franklin;17:49:20;13:41:21;-1276.856,-506.7366,-506.7366;True,Sports,BUFFALO02,11,80335,0;;;
Franklin;17:49:20;13:41:22;-1276.835,-501.7989,-501.7989;True,Sports,BUFFALO02,5,048693,0;;;
Franklin;17:49:21;13:41:22;-1276.76,-501.1796,-501.1796;True,Sports,BUFFALO02,0,03372844,0;;;
Franklin;17:49:21;13:41:23;-1276.761,-501.1816,-501.1816;True,Sports,BUFFALO02,0,0;;;
Franklin;17:49:22;13:41:24;-1276.761,-501.1816,-501.1816;True,Sports,BUFFALO02,0,0;;;
Franklin;17:49:22;13:41:24;-1276.761,-501.1816,-501.1816;True,Sports,BUFFALO02,0,0;;;
Franklin;17:49:23;13:41:25;-1276.761,-501.1816,-501.1816;True,Sports,BUFFALO02,0,0;;;
Franklin;17:49:23;13:41:25;-1276.761,-501.1816,-501.1816;True,Sports,BUFFALO02,0,0;;;
Franklin;17:49:24;13:41:26;-1276.761,-501.1816,-501.1816;True,Sports,BUFFALO02,0,0;;;
Franklin;17:49:24;13:41:26;-1276.761,-501.1816,-501.1816;True,Sports,BUFFALO02,0,0;;;
Franklin;17:49:25;13:41:27;-1276.761,-501.1816,-501.1816;True,Sports,BUFFALO02,0,0;;;
Franklin;17:49:25;13:41:27;-1276.761,-501.1816,-501.1816;True,Sports,BUFFALO02,0,0;;;
Franklin;17:49:26;13:41:28;-1276.761,-501.1816,-501.1816;True,Sports,BUFFALO02,0,0;;;
Franklin;17:49:26;13:41:28;-1276.761,-501.1816,-501.1816;True,Sports,BUFFALO02,0,0;;;
Franklin;17:49:27;13:41:29;-1276.761,-501.1816,-501.1816;True,Sports,BUFFALO02,0,0;;;
Franklin;17:49:27;13:41:29;-1276.761,-501.1816,-501.1816;True,Sports,BUFFALO02,0,0;;;
Franklin;17:49:28;13:41:30;-1276.761,-501.1816,-501.1816;True,Sports,BUFFALO02,0,0;;;
Franklin;17:49:28;13:41:30;-1276.761,-501.1816,-501.1816;True,Sports,BUFFALO02,0,0;;;
Franklin;17:49:29;13:41:31;-1276.761,-501.1816,-501.1816;True,Sports,BUFFALO02,0,0;;;
Franklin;17:49:29;13:41:31;-1276.761,-501.1816,-501.1816;True,Sports,BUFFALO02,0,0;;;
Franklin;17:49:30;13:41:32;-1276.761,-501.1816,-501.1816;True,Sports,BUFFALO02,0,0;;;
Franklin;17:49:30;13:41:32;-1276.761,-501.1816,-501.1816;True,Sports,BUFFALO02,0,0;;;
Franklin;17:49:31;13:41:33;-1276.761,-501.1816,-501.1816;True,Sports,BUFFALO02,0,0;;;
Franklin;17:49:32;13:41:33;-1276.761,-501.1816,-501.1816;True,Sports,BUFFALO02,0,0;;;
Franklin;17:49:32;13:41:34;-1276.761,-501.1816,-501.1816;True,Sports,BUFFALO02,0,0;;;
Franklin;17:49:33;13:41:34;-1276.761,-501.1816,-501.1816;True,Sports,BUFFALO02,0,0;;;
Franklin;17:49:33;13:41:35;-1276.761,-501.1816,-501.1816;True,Sports,BUFFALO02,0,0;;;
Franklin;17:49:34;13:41:35;-1276.761,-501.1816,-501.1816;True,Sports,BUFFALO02,0,0;;;
Franklin;17:49:34;13:41:36;-1276.761,-501.1816,-501.1816;True,Sports,BUFFALO02,0,0;;;
Franklin;17:49:35;13:41:37;-1276.761,-501.1816,-501.1816;True,Sports,BUFFALO02,0,0;;;
Franklin;17:49:35;13:41:37;-1276.761,-501.1816,-501.1816;True,Sports,BUFFALO02,0,0;;;
Franklin;17:49:36;13:41:38;-1276.761,-501.1816,-501.1816;True,Sports,BUFFALO02,0,0;;;
Franklin;17:49:36;13:41:38;-1276.761,-501.1816,-501.1816;True,Sports,BUFFALO02,0,0;;;
Franklin;17:49:37;13:41:39;-1276.761,-501.1816,-501.1816;True,Sports,BUFFALO02,0,0;;;
Franklin;17:49:37;13:41:39;-1276.761,-501.1816,-501.1816;True,Sports,BUFFALO02,0,0;;;
Franklin;17:49:38;13:41:40;-1276.761,-501.1816,-501.1816;True,Sports,BUFFALO02,0,0;;;
Franklin;17:49:38;13:41:40;-1276.761,-501.1816,-501.1816;True,Sports,BUFFALO02,0,0;;;
Franklin;17:49:39;13:41:41;-1276.761,-501.1816,-501.1816;True,Sports,BUFFALO02,0,0;;;
Franklin;17:49:39;13:41:41;-1276.761,-501.1816,-501.1816;True,Sports,BUFFALO02,0,0;;;
Franklin;17:49:40;13:41:42;-1276.761,-501.1816,-501.1816;True,Sports,BUFFALO02,0,0;;;
Franklin;17:49:40;13:41:42;-1276.759,-501.1815,-501.1815;True,Sports,BUFFALO02,0,01265446,0;;;
Franklin;17:49:41;13:41:43;-1276.761,-501.1819,-501.1819;True,Sports,BUFFALO02,0,0;;;
Franklin;17:49:41;13:41:43;-1276.742,-501.1674,-501.1674;True,Sports,BUFFALO02,0,06836168,0;;;
Franklin;17:49:42;13:41:44;-1276.746,-501.1691,-501.1691;True,Sports,BUFFALO02,0,0;;;
Franklin;17:49:42;13:41:44;-1276.746,-501.1691,-501.1691;True,Sports,BUFFALO02,0,0;;;
Franklin;17:49:43;13:41:45;-1276.746,-501.1691,-501.1691;True,Sports,BUFFALO02,0,0;;;
Franklin;17:49:43;13:41:45;-1276.746,-501.1691,-501.1691;True,Sports,BUFFALO02,0,0;;;
Franklin;17:49:44;13:41:46;-1276.746,-501.1691,-501.1691;True,Sports,BUFFALO02,0,0;;;
Franklin;17:49:45;13:41:46;-1276.746,-501.1691,-501.1691;True,Sports,BUFFALO02,0,0;;;
Franklin;17:49:45;13:41:47;-1276.746,-501.1691,-501.1691;True,Sports,BUFFALO02,0,0;;;
Franklin;17:49:46;13:41:47;-1276.746,-501.1691,-501.1691;True,Sports,BUFFALO02,0,0;;;
Franklin;17:49:46;13:41:48;-1276.74,-501.1335,-501.1335;True,Sports,BUFFALO02,0,4764852,1;;;
Franklin;17:49:47;13:41:48;-1276.494,-500.3958,-500.3958;True,Sports,BUFFALO02,2,712223,1;;;
Franklin;17:49:47;13:41:49;-1275.625,-498.37,-498.37;True,Sports,BUFFALO02,6,044148,1;;;
Franklin;17:49:48;13:41:50;-1272.969,-494.5244,-494.5244;True,Sports,BUFFALO02,11,96517,0;;;
Franklin;17:49:48;13:41:50;-1269.578,-489.7415,-489.7415;True,Sports,BUFFALO02,10,33663,0;;;
Franklin;17:49:49;13:41:51;-1268.368,-487.0373,-487.0373;True,Sports,BUFFALO02,1,467645,0;;;
Franklin;17:49:49;13:41:51;-1268.368,-486.3208,-486.3208;True,Sports,BUFFALO02,2,256947,1;;;
Franklin;17:49:50;13:41:52;-1268.388,-484.4837,-484.4837;True,Sports,BUFFALO02,4,822449,1;;;
Franklin;17:49:50;13:41:52;-1268.556,-481.0374,-481.0374;True,Sports,BUFFALO02,8,388423,1;;;
Franklin;17:49:51;13:41:53;-1266.752,-477.2738,-477.2738;True,Sports,BUFFALO02,9,903998,1;;;
Franklin;17:49:51;13:41:53;-1263.023,-472.7495,-472.7495;True,Sports,BUFFALO02,11,71597,1;;;
Franklin;17:49:52;13:41:54;-1258.624,-467.8603,-467.8603;True,Sports,BUFFALO02,12,04504,0;;;
Franklin;17:49:52;13:41:54;-1254.244,-464.0117,-464.0117;True,Sports,BUFFALO02,10,2746,0;;;
Franklin;17:49:53;13:41:55;-1250.494,-460.8885,-460.8885;True,Sports,BUFFALO02,8,546506,0;;;
Franklin;17:49:53;13:41:55;-1247.446,-458.3529,-458.3529;True,Sports,BUFFALO02,6,869463,0;;;
Franklin;17:49:54;13:41:56;-1244.934,-455.8423,-455.8423;True,Sports,BUFFALO02,7,835047,1;;;
Franklin;17:49:54;13:41:56;-1242.731,-451.0369,-451.0369;True,Sports,BUFFALO02,11,53606,0;;;
Franklin;17:49:55;13:41:57;-1241.242,-445.1153,-445.1153;True,Sports,BUFFALO02,12,36987,1;;;
Franklin;17:49:55;13:41:57;-1242.951,-438.3104,-438.3104;True,Sports,BUFFALO02,14,97141,1;;;
Franklin;17:49:56;13:41:58;-1247.764,-431.3789,-431.3789;True,Sports,BUFFALO02,18,33196,1;;;
Franklin;17:49:57;13:41:58;-1254.286,-423.1352,-423.1352;True,Sports,BUFFALO02,22,33714,1;;;
Franklin;17:49:57;13:41:59;-1261.002,-413.2233,-413.2233;True,Sports,BUFFALO02,21,07751,0;;;
Franklin;17:49:58;13:41:59;-1266.717,-404.6069,-404.6069;True,Sports,BUFFALO02,18,66329,0;;;
Franklin;17:49:58;13:42:00;-1270.61,-396.4036,-396.4036;True,Sports,BUFFALO02,16,22659,0;;;
Franklin;17:49:59;13:42:00;-1273.38,-389.1266,-389.1266;True,Sports,BUFFALO02,14,1514,0;;;
Franklin;17:49:59;13:42:01;-1275.866,-382.7169,-382.7169;True,Sports,BUFFALO02,11,98397,0;;;
Franklin;17:50:00;13:42:02;-1278.68,-377.7292,-377.7292;True,Sports,BUFFALO02,9,953816,0;;;
Franklin;17:50:00;13:42:02;-1280.588,-373.4085,-373.4085;True,Sports,BUFFALO02,8,096889,0;;;
Franklin;17:50:01;13:42:03;-1282.308,-370.0934,-370.0934;True,Sports,BUFFALO02,6,359233,0;;;
Franklin;17:50:01;13:42:03;-1283.654,-367.5488,-367.5488;True,Sports,BUFFALO02,5,089267,1;;;
Franklin;17:50:02;13:42:04;-1285.15,-364.6908,-364.6908;True,Sports,BUFFALO02,6,926776,1;;;
Franklin;17:50:02;13:42:04;-1287.423,-360.3311,-360.3311;True,Sports,BUFFALO02,11,92952,0;;;
Franklin;17:50:03;13:42:05;-1290.261,-354.8465,-354.8465;True,Sports,BUFFALO02,13,05037,1;;;
Franklin;17:50:03;13:42:05;-1293.883,-347.88,-347.88;True,Sports,BUFFALO02,16,91032,1;;;
Franklin;17:50:04;13:42:06;-1298.332,-339.3916,-339.3916;True,Sports,BUFFALO02,19,92785,1;;;
Franklin;17:50:04;13:42:06;-1303.484,-330.046,-330.046;True,Sports,BUFFALO02,19,98646,0;;;
Franklin;17:50:05;13:42:07;-1308.618,-321.514,-321.514;True,Sports,BUFFALO02,17,97661,0;;;
Franklin;17:50:05;13:42:07;-1313.737,-313.0169,-313.0169;True,Sports,BUFFALO02,20,55721,1;;;
Franklin;17:50:06;13:42:08;-1318.686,-303.4443,-303.4443;True,Sports,BUFFALO02,19,67966,0;;;
Franklin;17:50:06;13:42:08;-1323.231,-295.0042,-295.0042;True,Sports,BUFFALO02,17,52944,0;;;
Franklin;17:50:07;13:42:09;-1326.914,-288.8665,-288.8665;True,Sports,BUFFALO02,8,26013,0;;;
Franklin;17:50:07;13:42:09;-1327.637,-287.562,-287.562;True,Sports,BUFFALO02,0,1696668,-1;;;
Franklin;17:50:08;13:42:10;-1327.255,-288.2056,-288.2056;True,Sports,BUFFALO02,2,869393,-1;;;
Franklin;17:50:09;13:42:10;-1325.968,-290.3681,-290.3681;True,Sports,BUFFALO02,6,900971,-1;;;
Franklin;17:50:09;13:42:11;-1323.513,-293.8545,-293.8545;True,Sports,BUFFALO02,8,082397,0;;;
Franklin;17:50:10;13:42:11;-1322.836,-296.051,-296.051;True,Sports,BUFFALO02,0,917074,1;;;
Franklin;17:50:10;13:42:12;-1322.502,-295.6535,-295.6535;True,Sports,BUFFALO02,2,255373,1;;;
Franklin;17:50:11;13:42:12;-1320.936,-293.9969,-293.9969;True,Sports,BUFFALO02,6,235126,1;;;
Franklin;17:50:11;13:42:13;-1318.762,-292.1519,-292.1519;True,Sports,BUFFALO02,4,665279,0;;;
Franklin;17:50:12;13:42:13;-1317.179,-290.6138,-290.6138;True,Sports,BUFFALO02,5,000432,1;;;
Franklin;17:50:12;13:42:14;-1314.497,-287.7691,-287.7691;True,Sports,BUFFALO02,10,22024,1;;;
Franklin;17:50:13;13:42:15;-1309.933,-284.653,-284.653;True,Sports,BUFFALO02,10,03777,0;;;
Franklin;17:50:13;13:42:15;-1305.224,-282.1547,-282.1547;True,Sports,BUFFALO02,11,64311,1;;;
Franklin;17:50:14;13:42:16;-1300.394,-278.459,-278.459;True,Sports,BUFFALO02,12,17274,0;;;
Franklin;17:50:14;13:42:16;-1297.399,-273.6438,-273.6438;True,Sports,BUFFALO02,11,02166,1;;;
Franklin;17:50:15;13:42:17;-1297.252,-267.2997,-267.2997;True,Sports,BUFFALO02,14,15175,1;;;
Franklin;17:50:15;13:42:17;-1300.191,-259.4792,-259.4792;True,Sports,BUFFALO02,17,30152,1;;;
Franklin;17:50:16;13:42:18;-1304.563,-250.9588,-250.9588;True,Sports,BUFFALO02,19,6678,1;;;
Franklin;17:50:16;13:42:18;-1310.228,-241.6066,-241.6066;True,Sports,BUFFALO02,20,70988,0;;;
Franklin;17:50:17;13:42:19;-1315.383,-233.484,-233.484;True,Sports,BUFFALO02,15,04414,0;;;
Franklin;17:50:17;13:42:19;-1319.106,-227.2462,-227.2462;True,Sports,BUFFALO02,12,62207,0;;;
Franklin;17:50:18;13:42:20;-1320.866,-221.5036,-221.5036;True,Sports,BUFFALO02,10,44937,0;;;
Franklin;17:50:18;13:42:20;-1320.714,-215.9881,-215.9881;True,Sports,BUFFALO02,10,63546,0;;;
Franklin;17:50:19;13:42:21;-1318.723,-211.254,-211.254;True,Sports,BUFFALO02,9,05519,0;;;
Franklin;17:50:19;13:42:21;-1316.662,-207.4016,-207.4016;True,Sports,BUFFALO02,7,886369,0;;;
Franklin;17:50:20;13:42:22;-1314.585,-204.4617,-204.4617;True,Sports,BUFFALO02,5,881093,0;;;
Franklin;17:50:21;13:42:22;-1311.444,-203.2029,-203.2029;True,Sports,BUFFALO02,6,335102,0;;;
Franklin;17:50:21;13:42:23;-1307.532,-201.827,-201.827;True,Sports,BUFFALO02,10,08652,1;;;
Franklin;17:50:22;13:42:23;-1302.17,-199.4298,-199.4298;True,Sports,BUFFALO02,10,69211,0;;;
Franklin;17:50:22;13:42:24;-1297.344,-198.405,-198.405;True,Sports,BUFFALO02,8,253235,0;;;
Franklin;17:50:23;13:42:24;-1294.099,-199.9825,-199.9825;True,Sports,BUFFALO02,7,288196,1;;;
Franklin;17:50:23;13:42:25;-1291.493,-203.3565,-203.3565;True,Sports,BUFFALO02,9,098194,1;;;
Franklin;17:50:24;13:42:26;-1288.467,-208.0337,-208.0337;True,Sports,BUFFALO02,11,23757,0;;;
Franklin;17:50:24;13:42:26;-1285.078,-212.528,-212.528;True,Sports,BUFFALO02,10,31479,0;;;
Franklin;17:50:25;13:42:27;-1282.966,-216.5966,-216.5966;True,Sports,BUFFALO02,8,03013,1;;;
Franklin;17:50:25;13:42:27;-1280.498,-220.7389,-220.7389;True,Sports,BUFFALO02,9,622191,1;;;
Franklin;17:50:26;13:42:28;-1276.95,-225.4778,-225.4778;True,Sports,BUFFALO02,11,88398,1;;;
Franklin;17:50:26;13:42:28;-1273.65,-230.2292,-230.2292;True,Sports,BUFFALO02,10,41045,1;;;
Franklin;17:50:27;13:42:29;-1270.822,-234.8367,-234.8367;True,Sports,BUFFALO02,9,445835,0;;;
Franklin;17:50:27;13:42:29;-1269.959,-238.4699,-238.4699;True,Sports,BUFFALO02,5,810439,1;;;
Franklin;17:50:28;13:42:30;-1270.503,-240.1772,-240.1772;True,Sports,BUFFALO02,1,455812,1;;;
Franklin;17:50:28;13:42:30;-1270.745,-240.3379,-240.3379;True,Sports,BUFFALO02,0,8309666,1;;;
Franklin;17:50:29;13:42:31;-1271.424,-240.8973,-240.8973;True,Sports,BUFFALO02,2,738914,1;;;
Franklin;17:50:29;13:42:31;-1272.727,-241.5933,-241.5933;True,Sports,BUFFALO02,2,605696,0;;;
Franklin;17:50:30;13:42:32;-1273.757,-241.6874,-241.6874;True,Sports,BUFFALO02,1,945319,1;;;
Franklin;17:50:30;13:42:32;-1275.363,-241.5985,-241.5985;True,Sports,BUFFALO02,4,357871,1;;;
Franklin;17:50:31;13:42:33;-1278.006,-239.9025,-239.9025;True,Sports,BUFFALO02,7,895928,1;;;
Franklin;17:50:31;13:42:33;-1280.116,-235.5259,-235.5259;True,Sports,BUFFALO02,11,67231,1;;;
Franklin;17:50:32;13:42:34;-1282.506,-230.5268,-230.5268;True,Sports,BUFFALO02,10,66872,0;;;
Franklin;17:50:33;13:42:34;-1285.213,-226.6177,-226.6177;True,Sports,BUFFALO02,7,848348,0;;;
Franklin;17:50:33;13:42:35;-1287.628,-223.2509,-223.2509;True,Sports,BUFFALO02,9,791652,1;;;
Franklin;17:50:34;13:42:35;-1289.927,-218.8093,-218.8093;True,Sports,BUFFALO02,8,423395,0;;;
Franklin;17:50:34;13:42:36;-1290.847,-214.913,-214.913;True,Sports,BUFFALO02,8,101701,1;;;
Franklin;17:50:35;13:42:36;-1293.685,-210.3145,-210.3145;True,Sports,BUFFALO02,11,51547,0;;;
Franklin;17:50:35;13:42:37;-1297.172,-205.9717,-205.9717;True,Sports,BUFFALO02,9,758542,0;;;
Franklin;17:50:36;13:42:38;-1299.223,-202.2606,-202.2606;True,Sports,BUFFALO02,6,161273,0;;;
Franklin;17:50:36;13:42:38;-1299.14,-200.3345,-200.3345;True,Sports,BUFFALO02,1,72131,1;;;
Franklin;17:50:37;13:42:39;-1298.886,-200.0739,-200.0739;True,Sports,BUFFALO02,0,9311137,1;;;
Franklin;17:50:37;13:42:39;-1298.23,-199.3364,-199.3364;True,Sports,BUFFALO02,2,735346,0;;;
Franklin;17:50:38;13:42:40;-1297.403,-198.7598,-198.7598;True,Sports,BUFFALO02,1,171736,0;;;
Franklin;17:50:38;13:42:40;-1296.396,-198.2752,-198.2752;True,Sports,BUFFALO02,3,328461,1;;;
Franklin;17:50:39;13:42:41;-1294.68,-198.0081,-198.0081;True,Sports,BUFFALO02,2,659692,0;;;
Franklin;17:50:39;13:42:41;-1293.766,-198.1579,-198.1579;True,Sports,BUFFALO02,1,045752,0;;;
Franklin;17:50:40;13:42:42;-1293.276,-198.3247,-198.3247;True,Sports,BUFFALO02,1,709741,1;;;
Franklin;17:50:40;13:42:42;-1291.926,-199.1244,-199.1244;True,Sports,BUFFALO02,4,456855,1;;;
Franklin;17:50:41;13:42:43;-1289.689,-201.7393,-201.7393;True,Sports,BUFFALO02,8,680506,1;;;
Franklin;17:50:41;13:42:43;-1287.293,-206.5759,-206.5759;True,Sports,BUFFALO02,10,93596,0;;;
Franklin;17:50:42;13:42:44;-1285.246,-210.866,-210.866;True,Sports,BUFFALO02,7,766583,0;;;
Franklin;17:50:42;13:42:44;-1283.641,-214.0206,-214.0206;True,Sports,BUFFALO02,5,799586,0;;;
Franklin;17:50:43;13:42:45;-1282.24,-215.8498,-215.8498;True,Sports,BUFFALO02,3,488292,0;;;
Franklin;17:50:43;13:42:45;-1281.434,-216.9121,-216.9121;True,Sports,BUFFALO02,2,167525,1;;;
Franklin;17:50:44;13:42:46;-1280.99,-218.298,-218.298;True,Sports,BUFFALO02,2,933875,0;;;
Franklin;17:50:45;13:42:46;-1280.621,-219.3427,-219.3427;True,Sports,BUFFALO02,1,443019,1;;;
Franklin;17:50:45;13:42:47;-1279.848,-220.3606,-220.3606;True,Sports,BUFFALO02,3,884872,1;;;
Franklin;17:50:46;13:42:47;-1277.8,-222.8006,-222.8006;True,Sports,BUFFALO02,8,883302,1;;;
Franklin;17:50:46;13:42:48;-1273.913,-227.1344,-227.1344;True,Sports,BUFFALO02,11,68682,1;;;
Franklin;17:50:47;13:42:48;-1269.858,-232.3948,-232.3948;True,Sports,BUFFALO02,12,9804,0;;;
Franklin;17:50:47;13:42:49;-1267.942,-238.129,-238.129;True,Sports,BUFFALO02,10,5471,0;;;
Franklin;17:50:48;13:42:50;-1269.517,-242.177,-242.177;True,Sports,BUFFALO02,6,580834,0;;;
Franklin;17:50:48;13:42:50;-1272.072,-243.0699,-243.0699;True,Sports,BUFFALO02,4,317424,0;;;
Franklin;17:50:49;13:42:51;-1274.759,-242.2048,-242.2048;True,Sports,BUFFALO02,6,875296,1;;;
Franklin;17:50:49;13:42:51;-1277.314,-238.6713,-238.6713;True,Sports,BUFFALO02,10,8415,1;;;
Franklin;17:50:50;13:42:52;-1280.068,-233.6024,-233.6024;True,Sports,BUFFALO02,11,28011,1;;;
Franklin;17:50:50;13:42:52;-1282.951,-229.2844,-229.2844;True,Sports,BUFFALO02,8,707965,0;;;
Franklin;17:50:51;13:42:53;-1285.114,-226.2598,-226.2598;True,Sports,BUFFALO02,5,905384,0;;;
Franklin;17:50:51;13:42:53;-1286.529,-224.3946,-224.3946;True,Sports,BUFFALO02,3,523153,1;;;
Franklin;17:50:52;13:42:54;-1287.381,-222.4966,-222.4966;True,Sports,BUFFALO02,3,460705,0;;;
Franklin;17:50:52;13:42:54;-1287.552,-221.3838,-221.3838;True,Sports,BUFFALO02,0,3188459,-1;;;
Franklin;17:50:53;13:42:55;-1287.485,-221.6381,-221.6381;True,Sports,BUFFALO02,1,404607,-1;;;
Franklin;17:50:53;13:42:55;-1287.028,-222.871,-222.871;True,Sports,BUFFALO02,3,474304,-1;;;
Franklin;17:50:54;13:42:56;-1286.438,-225.6072,-225.6072;True,Sports,BUFFALO02,7,716805,-1;;;
Franklin;17:50:54;13:42:56;-1284.578,-228.8585,-228.8585;True,Sports,BUFFALO02,8,095784,-1;;;
Franklin;17:50:55;13:42:57;-1281.357,-231.751,-231.751;True,Sports,BUFFALO02,8,203939,0;;;
Franklin;17:50:56;13:42:57;-1278.598,-234.2569,-234.2569;True,Sports,BUFFALO02,6,928736,0;;;
Franklin;17:50:56;13:42:58;-1276.405,-238.2043,-238.2043;True,Sports,BUFFALO02,11,14402,-1;;;
Franklin;17:50:57;13:42:58;-1273.157,-244.0174,-244.0174;True,Sports,BUFFALO02,12,35022,0;;;
Franklin;17:50:57;13:42:59;-1270.326,-249.7315,-249.7315;True,Sports,BUFFALO02,10,00123,0;;;
Franklin;17:50:58;13:42:59;-1269.713,-251.9514,-251.9514;True,Sports,BUFFALO02,0,402241,1;;;
Franklin;17:50:58;13:43:00;-1269.759,-251.8101,-251.8101;True,Sports,BUFFALO02,1,054784,1;;;
Franklin;17:50:59;13:43:01;-1270.15,-250.9913,-250.9913;True,Sports,BUFFALO02,1,421735,0;;;
Franklin;17:50:59;13:43:01;-1270.484,-250.772,-250.772;True,Sports,BUFFALO02,0,8935652,1;;;
Franklin;17:51:00;13:43:02;-1271.357,-250.2917,-250.2917;True,Sports,BUFFALO02,3,035999,1;;;
Franklin;17:51:00;13:43:02;-1273.698,-249.3993,-249.3993;True,Sports,BUFFALO02,6,924595,1;;;
Franklin;17:51:01;13:43:03;-1278.474,-247.6059,-247.6059;True,Sports,BUFFALO02,11,75861,0;;;
Franklin;17:51:01;13:43:03;-1283.71,-244.8271,-244.8271;True,Sports,BUFFALO02,11,51835,1;;;
Franklin;17:51:02;13:43:04;-1287.96,-240.4286,-240.4286;True,Sports,BUFFALO02,11,14681,0;;;
Franklin;17:51:02;13:43:04;-1291.043,-236.0898,-236.0898;True,Sports,BUFFALO02,9,426365,0;;;
Franklin;17:51:03;13:43:05;-1293.96,-231.8769,-231.8769;True,Sports,BUFFALO02,11,83219,1;;;
Franklin;17:51:03;13:43:05;-1296.948,-226.5457,-226.5457;True,Sports,BUFFALO02,12,52882,1;;;
Franklin;17:51:04;13:43:06;-1299.859,-219.8472,-219.8472;True,Sports,BUFFALO02,14,94877,0;;;
Franklin;17:51:04;13:43:06;-1302.325,-213.1081,-213.1081;True,Sports,BUFFALO02,12,72969,0;;;
Franklin;17:51:05;13:43:07;-1303.138,-206.9707,-206.9707;True,Sports,BUFFALO02,9,882146,0;;;
Franklin;17:51:05;13:43:07;-1303.104,-203.0211,-203.0211;True,Sports,BUFFALO02,6,142012,0;;;
Franklin;17:51:06;13:43:08;-1301.725,-200.9647,-200.9647;True,Sports,BUFFALO02,2,303894,0;;;
Franklin;17:51:07;13:43:08;-1301.672,-200.9296,-200.9296;True,Sports,BUFFALO02,0,6655713,-1;;;
Franklin;17:51:07;13:43:09;-1302.008,-201.6448,-201.6448;True,Sports,BUFFALO02,2,500784,-1;;;
Franklin;17:51:08;13:43:09;-1303.178,-203.2433,-203.2433;True,Sports,BUFFALO02,5,131566,-1;;;
Franklin;17:51:08;13:43:10;-1305.21,-204.6026,-204.6026;True,Sports,BUFFALO02,1,564134,0;;;
Franklin;17:51:09;13:43:10;-1304.977,-204.692,-204.692;True,Sports,BUFFALO02,1,375073,1;;;
Franklin;17:51:09;13:43:11;-1303.749,-205.2532,-205.2532;True,Sports,BUFFALO02,3,874969,1;;;
Franklin;17:51:10;13:43:12;-1301.643,-207.2323,-207.2323;True,Sports,BUFFALO02,7,63336,1;;;
Franklin;17:51:10;13:43:12;-1298.587,-211.5844,-211.5844;True,Sports,BUFFALO02,11,65822,0;;;
Franklin;17:51:11;13:43:13;-1294.65,-216.5581,-216.5581;True,Sports,BUFFALO02,13,39521,1;;;
Franklin;17:51:11;13:43:13;-1290.783,-222.1381,-222.1381;True,Sports,BUFFALO02,12,30027,0;;;
Franklin;17:51:12;13:43:14;-1287.533,-227.3393,-227.3393;True,Sports,BUFFALO02,11,54319,0;;;
Franklin;17:51:12;13:43:14;-1284.396,-232.3603,-232.3603;True,Sports,BUFFALO02,11,53868,0;;;
Franklin;17:51:13;13:43:15;-1281.062,-236.8179,-236.8179;True,Sports,BUFFALO02,10,62537,0;;;
Franklin;17:51:13;13:43:15;-1277.431,-240.6394,-240.6394;True,Sports,BUFFALO02,9,960777,0;;;
Franklin;17:51:14;13:43:16;-1273.782,-243.5651,-243.5651;True,Sports,BUFFALO02,7,710139,0;;;
Franklin;17:51:14;13:43:16;-1270.299,-243.4953,-243.4953;True,Sports,BUFFALO02,7,100364,1;;;
Franklin;17:51:15;13:43:17;-1267.031,-240.499,-240.499;True,Sports,BUFFALO02,10,17165,1;;;
Franklin;17:51:15;13:43:17;-1266.769,-235.8432,-235.8432;True,Sports,BUFFALO02,9,081408,1;;;
Franklin;17:51:16;13:43:18;-1269.755,-231.7823,-231.7823;True,Sports,BUFFALO02,11,03711,1;;;
Franklin;17:51:16;13:43:18;-1273.959,-227.2864,-227.2864;True,Sports,BUFFALO02,12,22511,1;;;
Franklin;17:51:17;13:43:19;-1277.701,-222.6279,-222.6279;True,Sports,BUFFALO02,11,27363,1;;;
Franklin;17:51:18;13:43:19;-1281.137,-217.591,-217.591;True,Sports,BUFFALO02,10,91518,0;;;
Franklin;17:51:18;13:43:20;-1283.969,-212.9421,-212.9421;True,Sports,BUFFALO02,10,72275,0;;;
Franklin;17:51:19;13:43:20;-1287.372,-207.3451,-207.3451;True,Sports,BUFFALO02,16,10266,1;;;
Franklin;17:51:19;13:43:21;-1291.98,-199.8108,-199.8108;True,Sports,BUFFALO02,17,20164,0;;;
Franklin;17:51:20;13:43:21;-1296.004,-192.4879,-192.4879;True,Sports,BUFFALO02,13,17487,0;;;
Franklin;17:51:20;13:43:22;-1296.844,-188.5251,-188.5251;True,Sports,BUFFALO02,2,492567,0;;;
Franklin;17:51:21;13:43:22;-1296.87,-188.3932,-188.3932;True,Sports,BUFFALO02,0,01805279,0;;;
Franklin;17:51:21;13:43:23;-1296.739,-188.0767,-188.0767;True,Sports,BUFFALO02,1,502938,1;;;
Franklin;17:51:22;13:43:24;-1296.453,-187.54,-187.54;True,Sports,BUFFALO02,0,05750543,-1;;;
Franklin;17:51:22;13:43:24;-1296.454,-187.9401,-187.9401;True,Sports,BUFFALO02,1,579204,-1;;;
Franklin;17:51:23;13:43:25;-1296.605,-189.3035,-189.3035;True,Sports,BUFFALO02,3,777958,-1;;;
Franklin;17:51:23;13:43:25;-1297.508,-191.4091,-191.4091;True,Sports,BUFFALO02,2,809286,0;;;
Franklin;17:51:24;13:43:26;-1297.464,-191.484,-191.484;True,Sports,BUFFALO02,1,045373,1;;;
Franklin;17:51:24;13:43:26;-1296.343,-191.2572,-191.2572;True,Sports,BUFFALO02,3,403359,1;;;
Franklin;17:51:25;13:43:27;-1293.778,-191.5065,-191.5065;True,Sports,BUFFALO02,6,556493,1;;;
Franklin;17:51:25;13:43:27;-1289.652,-194.0037,-194.0037;True,Sports,BUFFALO02,11,85925,1;;;
Franklin;17:51:26;13:43:28;-1285.095,-198.314,-198.314;True,Sports,BUFFALO02,12,96061,1;;;
Franklin;17:51:26;13:43:28;-1280.405,-203.6994,-203.6994;True,Sports,BUFFALO02,13,57001,0;;;
Franklin;17:51:27;13:43:29;-1276.951,-209.2985,-209.2985;True,Sports,BUFFALO02,11,79186,0;;;
Franklin;17:51:27;13:43:29;-1273.947,-214.6123,-214.6123;True,Sports,BUFFALO02,11,11069,0;;;
Franklin;17:51:28;13:43:30;-1273.072,-218.8021,-218.8021;True,Sports,BUFFALO02,5,417938,0;;;
Franklin;17:51:28;13:43:30;-1273.884,-220.2281,-220.2281;True,Sports,BUFFALO02,1,375631,1;;;
Franklin;17:51:29;13:43:31;-1273.993,-220.2686,-220.2686;True,Sports,BUFFALO02,0,3029021,1;;;
Franklin;17:51:30;13:43:31;-1274.522,-220.5443,-220.5443;True,Sports,BUFFALO02,2,087254,1;;;
Franklin;17:51:30;13:43:32;-1276.181,-221.1291,-221.1291;True,Sports,BUFFALO02,4,78159,1;;;
Franklin;17:51:31;13:43:32;-1278.37,-220.7906,-220.7906;True,Sports,BUFFALO02,4,350031,1;;;
Franklin;17:51:31;13:43:33;-1280.894,-218.9223,-218.9223;True,Sports,BUFFALO02,8,236836,1;;;
Franklin;17:51:32;13:43:33;-1284.271,-214.4949,-214.4949;True,Sports,BUFFALO02,12,04719,0;;;
Franklin;17:51:32;13:43:34;-1287.776,-209.3739,-209.3739;True,Sports,BUFFALO02,12,32412,0;;;
Franklin;17:51:33;13:43:34;-1291.036,-204.3011,-204.3011;True,Sports,BUFFALO02,11,65667,0;;;
Franklin;17:51:33;13:43:35;-1294.071,-199.4651,-199.4651;True,Sports,BUFFALO02,10,75337,0;;;
Franklin;17:51:34;13:43:36;-1294.573,-194.8309,-194.8309;True,Sports,BUFFALO02,7,683907,0;;;
Franklin;17:51:34;13:43:36;-1292.393,-192.3329,-192.3329;True,Sports,BUFFALO02,5,564395,0;;;
Franklin;17:51:35;13:43:37;-1290,-191.8945,-191.8945;True,Sports,BUFFALO02,3,852949,0;;;
Franklin;17:51:35;13:43:37;-1288.466,-192.3473,-192.3473;True,Sports,BUFFALO02,2,285219,0;;;
Franklin;17:51:36;13:43:38;-1287.413,-193.0387,-193.0387;True,Sports,BUFFALO02,3,469432,1;;;
Franklin;17:51:36;13:43:38;-1285.136,-194.7981,-194.7981;True,Sports,BUFFALO02,7,882389,1;;;
Franklin;17:51:37;13:43:39;-1281.522,-198.9634,-198.9634;True,Sports,BUFFALO02,11,39855,0;;;
Franklin;17:51:37;13:43:39;-1278.087,-203.352,-203.352;True,Sports,BUFFALO02,9,683829,0;;;
Franklin;17:51:38;13:43:40;-1275.51,-207.8027,-207.8027;True,Sports,BUFFALO02,11,38722,1;;;
Franklin;17:51:38;13:43:40;-1272.087,-212.4859,-212.4859;True,Sports,BUFFALO02,10,23969,0;;;
Franklin;17:51:39;13:43:41;-1268.633,-215.936,-215.936;True,Sports,BUFFALO02,8,537064,0;;;
Franklin;17:51:39;13:43:41;-1266.029,-218.4376,-218.4376;True,Sports,BUFFALO02,4,846777,0;;;
Franklin;17:51:40;13:43:42;-1264.817,-219.6012,-219.6012;True,Sports,BUFFALO02,1,836208,0;;;
Franklin;17:51:40;13:43:42;-1264.659,-219.749,-219.749;True,Sports,BUFFALO02,0,0003282805,0;;;
Franklin;17:51:41;13:43:43;-1264.659,-219.749,-219.749;True,Sports,BUFFALO02,0,0;;;
Franklin;17:51:41;13:43:43;-1266.173,-214.0011,-214.0011;;;;
Franklin;17:51:42;13:43:44;-1266.173,-214.0011,-214.0011;;;;
Franklin;17:51:43;13:43:44;-1266.173,-214.0011,-214.0011;;;;
Franklin;17:51:43;13:43:45;-1266.173,-214.0011,-214.0011;;;;
Franklin;17:51:44;13:43:45;-1266.173,-214.0011,-214.0011;;;;
Franklin;17:51:44;13:43:46;-1266.173,-214.0011,-214.0011;;;;
Franklin;17:51:45;13:43:46;-1266.173,-214.0011,-214.0011;;;;
Franklin;17:51:45;13:43:47;-1266.173,-214.0011,-214.0011;;;;
Franklin;17:51:46;13:43:48;-1266.173,-214.0011,-214.0011;;;;
Franklin;17:51:46;13:43:48;-1266.173,-214.0011,-214.0011;;;;
Franklin;17:51:47;13:43:49;-1266.173,-214.0011,-214.0011;;;;
Franklin;17:51:47;13:43:49;-1266.173,-214.0011,-214.0011;;;;
Franklin;17:51:48;13:43:50;-1266.173,-214.0011,-214.0011;;;;
Franklin;17:51:48;13:43:50;-1266.173,-214.0011,-214.0011;;;;
Franklin;17:51:49;13:43:51;-1266.173,-214.0011,-214.0011;;;;
Franklin;17:51:49;13:43:51;-1266.173,-214.0011,-214.0011;;;;
Franklin;17:51:50;13:43:52;-1266.173,-214.0011,-214.0011;;;;
Franklin;17:51:50;13:43:52;-1266.173,-214.0011,-214.0011;;;;
Franklin;17:51:51;13:43:53;-1266.173,-214.0011,-214.0011;;;;
Franklin;17:51:51;13:43:53;-1266.173,-214.0011,-214.0011;;;;
Franklin;17:51:52;13:43:54;-1266.173,-214.0011,-214.0011;;;;
Franklin;17:51:52;13:43:54;-1266.173,-214.0011,-214.0011;;;;
Franklin;17:51:53;13:43:55;-1266.173,-214.0011,-214.0011;;;;
Franklin;17:51:53;13:43:55;-1266.173,-214.0011,-214.0011;;;;
Franklin;17:51:54;13:43:56;-1266.173,-214.0011,-214.0011;;;;
Franklin;17:51:55;13:43:56;-1266.173,-214.0011,-214.0011;;;;
Franklin;17:51:55;13:43:57;-1266.173,-214.0011,-214.0011;;;;
Franklin;17:51:56;13:43:57;-1266.173,-214.0011,-214.0011;;;;
Franklin;17:51:56;13:43:58;-1266.173,-214.0011,-214.0011;;;;
Franklin;17:51:57;13:43:58;-1266.173,-214.0011,-214.0011;;;;
Franklin;17:51:57;13:43:59;-1266.387,-213.9542,-213.9542;;;;
Franklin;17:51:58;13:43:59;-1267.256,-213.6498,-213.6498;;;;
Franklin;17:51:58;13:44:00;-1268.25,-214.2857,-214.2857;;;;
Franklin;17:51:59;13:44:01;-1267.69,-216.2689,-216.2689;;;;
Franklin;17:51:59;13:44:01;-1266.716,-217.3917,-217.3917;;;;
Franklin;17:52:00;13:44:02;-1266.567,-217.5853,-217.5853;;;;
Franklin;17:52:00;13:44:02;-1267.25,-217.3757,-217.3757;;;;
Franklin;17:52:01;13:44:03;-1268.681,-217.6282,-217.6282;;;;
Franklin;17:52:01;13:44:03;-1269.839,-219.3849,-219.3849;;;;
Franklin;17:52:02;13:44:04;-1268.478,-221.8755,-221.8755;;;;
Franklin;17:52:02;13:44:04;-1266.311,-224.4659,-224.4659;;;;
Franklin;17:52:03;13:44:05;-1265.328,-227.856,-227.856;;;;
Franklin;17:52:03;13:44:05;-1265.227,-231.4198,-231.4198;;;;
Franklin;17:52:04;13:44:06;-1266.274,-234.557,-234.557;;;;
Franklin;17:52:04;13:44:06;-1267.412,-237.7313,-237.7313;;;;
Franklin;17:52:05;13:44:07;-1268.49,-241.137,-241.137;;;;
Franklin;17:52:05;13:44:07;-1270.313,-244.2462,-244.2462;;;;
Franklin;17:52:06;13:44:08;-1272.682,-246.9379,-246.9379;;;;
Franklin;17:52:06;13:44:08;-1275.723,-248.1978,-248.1978;;;;
Franklin;17:52:07;13:44:09;-1279.026,-248.6144,-248.6144;;;;
Franklin;17:52:08;13:44:09;-1280.718,-247.8765,-247.8765;;;;
Franklin;17:52:08;13:44:10;-1280.311,-246.5521,-246.5521;;;;
Franklin;17:52:09;13:44:10;-1279.112,-246.3693,-246.3693;;;;
Franklin;17:52:09;13:44:11;-1277.368,-245.94,-245.94;;;;
Franklin;17:52:10;13:44:12;-1274.636,-244.7482,-244.7482;;;;
Franklin;17:52:10;13:44:12;-1272.009,-242.6363,-242.6363;;;;
Franklin;17:52:11;13:44:13;-1270.368,-239.4373,-239.4373;;;;
Franklin;17:52:11;13:44:13;-1269.023,-236.162,-236.162;;;;
Franklin;17:52:12;13:44:14;-1267.949,-232.7735,-232.7735;;;;
Franklin;17:52:12;13:44:14;-1266.947,-229.3567,-229.3567;;;;
Franklin;17:52:13;13:44:15;-1266.584,-228.0829,-228.0829;;;;
Franklin;17:52:13;13:44:15;-1266.54,-227.928,-227.928;;;;
Franklin;17:52:14;13:44:16;-1266.497,-227.7766,-227.7766;;;;
Franklin;17:52:14;13:44:16;-1266.32,-227.1551,-227.1551;;;;
Franklin;17:52:15;13:44:17;-1265.934,-224.9994,-224.9994;;;;
Franklin;17:52:15;13:44:17;-1265.9,-223.3555,-223.3555;;;;
Franklin;17:52:16;13:44:18;-1265.961,-222.2221,-222.2221;;;;
Franklin;17:52:16;13:44:18;-1265.903,-221.3295,-221.3295;;;;
Franklin;17:52:17;13:44:19;-1265.984,-220.5342,-220.5342;;;;
Franklin;17:52:17;13:44:19;-1266.045,-220.4656,-220.4656;;;;
Franklin;17:52:18;13:44:20;-1266.037,-219.9005,-219.9005;;;;
Franklin;17:52:19;13:44:20;-1266.405,-219.1989,-219.1989;True,Sports,BUFFALO02,0,0;;;
Franklin;17:52:19;13:44:21;-1266.405,-219.1989,-219.1989;True,Sports,BUFFALO02,0,0;;;
Franklin;17:52:20;13:44:21;-1266.405,-219.1989,-219.1989;True,Sports,BUFFALO02,0,0;;;
Franklin;17:52:20;13:44:22;-1266.769,-219.3331,-219.3331;True,Sports,BUFFALO02,1,56839,-1;;;
Franklin;17:52:21;13:44:22;-1267.645,-219.9104,-219.9104;True,Sports,BUFFALO02,0,7629043,0;;;
Franklin;17:52:21;13:44:23;-1267.527,-219.709,-219.709;True,Sports,BUFFALO02,1,254989,1;;;
Franklin;17:52:22;13:44:24;-1267.085,-218.549,-218.549;True,Sports,BUFFALO02,3,623784,1;;;
Franklin;17:52:22;13:44:24;-1266.983,-216.0282,-216.0282;True,Sports,BUFFALO02,5,219462,0;;;
Franklin;17:52:23;13:44:25;-1268.248,-214.1876,-214.1876;True,Sports,BUFFALO02,3,543419,0;;;
Franklin;17:52:23;13:44:25;-1269.604,-212.4463,-212.4463;True,Sports,BUFFALO02,5,710518,1;;;
Franklin;17:52:24;13:44:26;-1271.67,-208.6446,-208.6446;True,Sports,BUFFALO02,11,07369,1;;;
Franklin;17:52:24;13:44:26;-1275.373,-204.1023,-204.1023;True,Sports,BUFFALO02,10,18631,0;;;
Franklin;17:52:25;13:44:27;-1278.953,-200.7949,-200.7949;True,Sports,BUFFALO02,8,471914,0;;;
Franklin;17:52:25;13:44:27;-1282.615,-197.5099,-197.5099;True,Sports,BUFFALO02,11,03477,0;;;
Franklin;17:52:26;13:44:28;-1286.739,-194.3517,-194.3517;True,Sports,BUFFALO02,8,714486,0;;;
Franklin;17:52:26;13:44:28;-1290.485,-193.7029,-193.7029;True,Sports,BUFFALO02,6,098438,0;;;
Franklin;17:52:27;13:44:29;-1292.298,-194.3964,-194.3964;True,Sports,BUFFALO02,0,3016185,-1;;;
Franklin;17:52:27;13:44:29;-1292.14,-194.3594,-194.3594;True,Sports,BUFFALO02,1,130668,-1;;;
Franklin;17:52:28;13:44:30;-1291.071,-194.1068,-194.1068;True,Sports,BUFFALO02,3,108916,-1;;;
Franklin;17:52:28;13:44:30;-1289.425,-192.7733,-192.7733;True,Sports,BUFFALO02,5,070371,0;;;
Franklin;17:52:29;13:44:31;-1288.474,-192.2683,-192.2683;True,Sports,BUFFALO02,0,2871966,1;;;
Franklin;17:52:29;13:44:31;-1289.001,-192.0727,-192.0727;True,Sports,BUFFALO02,2,066027,1;;;
Franklin;17:52:30;13:44:32;-1289.643,-191.742,-191.742;True,Sports,BUFFALO02,0,01159415,-1;;;
Franklin;17:52:31;13:44:32;-1289.283,-191.7518,-191.7518;True,Sports,BUFFALO02,1,498575,-1;;;
Franklin;17:52:31;13:44:33;-1288.222,-192.008,-192.008;True,Sports,BUFFALO02,1,856419,0;;;
Franklin;17:52:32;13:44:33;-1287.752,-192.2556,-192.2556;True,Sports,BUFFALO02,0,2299251,0;;;
Franklin;17:52:32;13:44:34;-1287.662,-192.3318,-192.3318;True,Sports,BUFFALO02,0,7857175,-1;;;
Franklin;17:52:33;13:44:34;-1286.93,-192.7502,-192.7502;True,Sports,BUFFALO02,2,05239,0;;;
Franklin;17:52:33;13:44:35;-1286.893,-192.7482,-192.7482;True,Sports,BUFFALO02,1,079425,1;;;
Franklin;17:52:34;13:44:36;-1288.037,-192.5904,-192.5904;True,Sports,BUFFALO02,3,711786,1;;;
Franklin;17:52:34;13:44:36;-1290.628,-192.8883,-192.8883;True,Sports,BUFFALO02,6,603248,1;;;
Franklin;17:52:35;13:44:37;-1294.25,-195.423,-195.423;True,Sports,BUFFALO02,8,928699,0;;;
Franklin;17:52:35;13:44:37;-1297.699,-196.6667,-196.6667;True,Sports,BUFFALO02,4,650983,0;;;
Franklin;17:52:36;13:44:38;-1298.224,-196.7585,-196.7585;True,Sports,BUFFALO02,0,4626292,-1;;;
Franklin;17:52:36;13:44:38;-1297.616,-196.5308,-196.5308;True,Sports,BUFFALO02,2,133472,-1;;;
Franklin;17:52:37;13:44:39;-1295.892,-196.2878,-196.2878;True,Sports,BUFFALO02,4,597146,-1;;;
Franklin;17:52:37;13:44:39;-1292.92,-197.3466,-197.3466;True,Sports,BUFFALO02,7,120765,-1;;;
Franklin;17:52:38;13:44:40;-1290.051,-200.1637,-200.1637;True,Sports,BUFFALO02,7,702363,-1;;;
Franklin;17:52:38;13:44:40;-1287.273,-204.0762,-204.0762;True,Sports,BUFFALO02,11,14764,-1;;;
Franklin;17:52:39;13:44:41;-1283.97,-209.4465,-209.4465;True,Sports,BUFFALO02,13,48778,-1;;;
Franklin;17:52:39;13:44:41;-1280.695,-215.5184,-215.5184;True,Sports,BUFFALO02,12,76912,0;;;
Franklin;17:52:40;13:44:42;-1277.83,-220.8627,-220.8627;True,Sports,BUFFALO02,8,543131,0;;;
Franklin;17:52:40;13:44:42;-1276.932,-222.418,-222.418;True,Sports,BUFFALO02,0,616841,0;;;
Franklin;17:52:41;13:44:43;-1276.91,-222.4665,-222.4665;True,Sports,BUFFALO02,0,0009224555,0;;;
Franklin;17:52:41;13:44:43;-1276.91,-222.466,-222.466;True,Sports,BUFFALO02,0,0;;;
Franklin;17:52:42;13:44:44;-1278.022,-223.3047,-223.3047;;;;
Franklin;17:52:43;13:44:44;-1277.936,-223.4145,-223.4145;;;;
Franklin;17:52:43;13:44:45;-1278.394,-223.7477,-223.7477;;;;
Franklin;17:52:44;13:44:45;-1278.555,-224.7748,-224.7748;;;;
Franklin;17:52:44;13:44:46;-1277.136,-226.1205,-226.1205;;;;
Franklin;17:52:45;13:44:46;-1274.469,-225.5555,-225.5555;;;;
Franklin;17:52:45;13:44:47;-1271.331,-223.8374,-223.8374;;;;
Franklin;17:52:46;13:44:48;-1268.011,-222.5743,-222.5743;;;;
Franklin;17:52:46;13:44:48;-1266.656,-222.0983,-222.0983;;;;
Franklin;17:52:47;13:44:49;-1266.479,-222.0342,-222.0342;;;;
Franklin;17:52:47;13:44:49;-1266.319,-221.9743,-221.9743;;;;
Franklin;17:52:48;13:44:50;-1266.175,-221.9189,-221.9189;;;;
Franklin;17:52:48;13:44:50;-1265.267,-221.6165,-221.6165;;;;
Franklin;17:52:49;13:44:51;-1264.408,-221.2615,-221.2615;;;;
Franklin;17:52:49;13:44:51;-1263.186,-220.9905,-220.9905;;;;
Franklin;17:52:50;13:44:52;-1261.616,-220.0149,-220.0149;;;;
Franklin;17:52:50;13:44:52;-1261.106,-220.0001,-220.0001;;;;
Franklin;17:52:51;13:44:53;-1261.011,-220.1376,-220.1376;;;;
Franklin;17:52:51;13:44:53;-1260.835,-220.2698,-220.2698;;;;
Franklin;17:52:52;13:44:54;-1260.476,-220.8946,-220.8946;;;;
Franklin;17:52:52;13:44:54;-1260.037,-221.5287,-221.5287;;;;
Franklin;17:52:53;13:44:55;-1259.737,-221.958,-221.958;;Let's move it out people, we need this area cleared.;OJAvaGuard;OJAS_MDAA
Franklin;17:52:54;13:44:55;-1259.716,-221.9867,-221.9867;;;;
Franklin;17:52:54;13:44:56;-1259.716,-221.9867,-221.9867;;;;
Franklin;17:52:55;13:44:56;-1259.716,-221.9867,-221.9867;;;;
Franklin;17:52:55;13:44:57;-1259.716,-221.9867,-221.9867;;;;
Franklin;17:52:56;13:44:57;-1259.716,-221.9867,-221.9867;;;;
Franklin;17:52:56;13:44:58;-1259.716,-221.9867,-221.9867;;;;
Franklin;17:52:57;13:44:58;-1259.716,-221.9867,-221.9867;;;;
Franklin;17:52:57;13:44:59;-1259.716,-221.9867,-221.9867;;;;
Franklin;17:52:58;13:45:00;-1259.716,-221.9867,-221.9867;;;;
Franklin;17:52:58;13:45:00;-1259.716,-221.9867,-221.9867;;;;
Franklin;17:52:59;13:45:01;-1259.716,-221.9867,-221.9867;;;;
Franklin;17:52:59;13:45:01;-1259.716,-221.9867,-221.9867;;;;
Franklin;17:53:00;13:45:02;-1259.716,-221.9867,-221.9867;;;;
Franklin;17:53:00;13:45:02;-1259.716,-221.9867,-221.9867;;;;
Franklin;17:53:01;13:45:03;-1259.716,-221.9867,-221.9867;;;;
Franklin;17:53:01;13:45:03;-1259.716,-221.9867,-221.9867;;;;
Franklin;17:53:02;13:45:04;-1259.716,-221.9867,-221.9867;;;;
Franklin;17:53:02;13:45:04;-1259.714,-221.9035,-221.9035;;;;
Franklin;17:53:03;13:45:05;-1259.73,-221.9118,-221.9118;;;;
Franklin;17:53:03;13:45:05;-1259.73,-221.9118,-221.9118;;;;
Franklin;17:53:04;13:45:06;-1259.73,-221.9119,-221.9119;;;;
Franklin;17:53:04;13:45:06;-1259.73,-221.9119,-221.9119;;;;
Franklin;17:53:05;13:45:07;-1259.73,-221.9119,-221.9119;;;;
Franklin;17:53:05;13:45:07;-1259.73,-221.912,-221.912;;;;
Franklin;17:53:06;13:45:08;-1259.73,-221.912,-221.912;;;;
Franklin;17:53:07;13:45:08;-1259.73,-221.912,-221.912;;;;
Franklin;17:53:07;13:45:09;-1259.73,-221.912,-221.912;;;;
Franklin;17:53:08;13:45:09;-1259.73,-221.912,-221.912;;;;
Franklin;17:53:08;13:45:10;-1259.73,-221.912,-221.912;;;;
Franklin;17:53:09;13:45:10;-1259.73,-221.912,-221.912;;;;
Franklin;17:53:09;13:45:11;-1260.075,-221.5151,-221.5151;;;;
Franklin;17:53:10;13:45:12;-1260.504,-220.8867,-220.8867;;;;
Franklin;17:53:10;13:45:12;-1260.995,-220.3338,-220.3338;;;;
Franklin;17:53:11;13:45:13;-1261.085,-219.8479,-219.8479;;;;
Franklin;17:53:11;13:45:13;-1261.478,-219.3838,-219.3838;;;;
Franklin;17:53:12;13:45:14;-1261.703,-219.2297,-219.2297;;;;
Franklin;17:53:12;13:45:14;-1262.043,-218.9859,-218.9859;;;;
Franklin;17:53:13;13:45:15;-1262.626,-218.519,-218.519;;;;
Franklin;17:53:13;13:45:15;-1262.492,-218.3211,-218.3211;;;;
Franklin;17:53:14;13:45:16;-1262.365,-218.1968,-218.1968;;;;
Franklin;17:53:14;13:45:16;-1262.365,-218.1969,-218.1969;;;;
Franklin;17:53:15;13:45:17;-1262.365,-218.1969,-218.1969;;;;
Franklin;17:53:15;13:45:17;-1262.365,-218.1969,-218.1969;;;;
Franklin;17:53:16;13:45:18;-1262.365,-218.1969,-218.1969;;;;
Franklin;17:53:16;13:45:18;-1262.365,-218.1969,-218.1969;;;;
Franklin;17:53:17;13:45:19;-1262.365,-218.1969,-218.1969;;;;
Franklin;17:53:17;13:45:19;-1262.365,-218.1969,-218.1969;;;;
Franklin;17:53:18;13:45:20;-1262.365,-218.1969,-218.1969;;;;
Franklin;17:53:19;13:45:20;-1262.365,-218.1969,-218.1969;;;;
Franklin;17:53:19;13:45:21;-1262.365,-218.1969,-218.1969;;;;
Franklin;17:53:20;13:45:21;-1262.365,-218.1969,-218.1969;;;;
Franklin;17:53:20;13:45:22;-1262.365,-218.1969,-218.1969;;;;
Franklin;17:53:21;13:45:22;-1262.365,-218.1969,-218.1969;;;;
Franklin;17:53:21;13:45:23;-1262.365,-218.1969,-218.1969;;;;
Franklin;17:53:22;13:45:24;-1262.365,-218.1969,-218.1969;;;;
Franklin;17:53:22;13:45:24;-1262.365,-218.1969,-218.1969;;;;
Franklin;17:53:23;13:45:25;-1262.365,-218.1969,-218.1969;;;;
Franklin;17:53:23;13:45:25;-1262.365,-218.1969,-218.1969;;;;
Franklin;17:53:24;13:45:26;-1262.365,-218.1969,-218.1969;;;;
Franklin;17:53:24;13:45:26;-1262.365,-218.1969,-218.1969;;;;
Franklin;17:53:25;13:45:27;-1262.365,-218.1969,-218.1969;;;;
Franklin;17:53:25;13:45:27;-1262.365,-218.197,-218.197;;;;
Franklin;17:53:26;13:45:28;-1262.365,-218.197,-218.197;;;;
Franklin;17:53:26;13:45:28;-1262.365,-218.197,-218.197;;;;
Franklin;17:53:27;13:45:29;-1262.365,-218.197,-218.197;;;;
Franklin;17:53:27;13:45:29;-1262.365,-218.1971,-218.1971;;;;
Franklin;17:53:28;13:45:30;-1262.365,-218.1971,-218.1971;;;;
Franklin;17:53:28;13:45:30;-1262.365,-218.1972,-218.1972;;;;
Franklin;17:53:29;13:45:31;-1262.365,-218.1977,-218.1977;;;;
Franklin;17:53:29;13:45:31;-1262.365,-218.1977,-218.1977;;;;
Franklin;17:53:30;13:45:32;-1262.365,-218.1977,-218.1977;;;;
Franklin;17:53:31;13:45:32;-1262.365,-218.1979,-218.1979;;;;
Franklin;17:53:31;13:45:33;-1262.365,-218.1979,-218.1979;;;;
Franklin;17:53:32;13:45:33;-1262.365,-218.1979,-218.1979;;;;
Franklin;17:53:32;13:45:34;-1262.365,-218.1979,-218.1979;;;;
Franklin;17:53:33;13:45:34;-1262.365,-218.1979,-218.1979;;;;
Franklin;17:53:33;13:45:35;-1262.365,-218.1979,-218.1979;;Keep your eye out for anything unusual.;OJAva_TARGET;OJAS_GQAA
Franklin;17:53:34;13:45:36;-1262.365,-218.1979,-218.1979;;;;
Franklin;17:53:34;13:45:36;-1262.365,-218.1979,-218.1979;;;;
Franklin;17:53:35;13:45:37;-1262.365,-218.1979,-218.1979;;Let's see if we can get through one day without some wannabe hippie waving an anti-globalization sign in my face.;OJAva_TARGET;OJAS_GQAB
Franklin;17:53:35;13:45:37;-1262.365,-218.1979,-218.1979;;;;
Franklin;17:53:36;13:45:38;-1262.365,-218.1979,-218.1979;;;;
Franklin;17:53:36;13:45:38;-1262.365,-218.1979,-218.1979;;;;
Franklin;17:53:37;13:45:39;-1262.365,-218.1979,-218.1979;;;;
Franklin;17:53:37;13:45:39;-1262.365,-218.1979,-218.1979;;;;
Franklin;17:53:38;13:45:40;-1262.365,-218.1979,-218.1979;;;;
Franklin;17:53:38;13:45:40;-1262.365,-218.1979,-218.1979;;;;
Franklin;17:53:39;13:45:41;-1262.365,-218.1979,-218.1979;;;;
Franklin;17:53:39;13:45:41;-1262.365,-218.1979,-218.1979;;;;
Franklin;17:53:40;13:45:42;-1262.365,-218.1979,-218.1979;;;;
Franklin;17:53:40;13:45:42;-1262.365,-218.1979,-218.1979;;;;
Franklin;17:53:41;13:45:43;-1262.365,-218.1979,-218.1979;;;;
Franklin;17:53:41;13:45:43;-1262.365,-218.1979,-218.1979;;;;
Franklin;17:53:42;13:45:44;-1262.365,-218.1979,-218.1979;;;;
Franklin;17:53:43;13:45:44;-1262.365,-218.1979,-218.1979;;;;
Franklin;17:53:43;13:45:45;-1262.365,-218.1979,-218.1979;;;;
Franklin;17:53:44;13:45:45;-1262.365,-218.1979,-218.1979;;;;
Franklin;17:53:44;13:45:46;-1262.543,-218.256,-218.256;;We got a shooter! Take cover!;OJAvaGuard;OJAS_GVAA
Franklin;17:53:45;13:45:46;-1263.589,-218.8805,-218.8805;;;;
Franklin;17:53:45;13:45:47;-1265.667,-220.9127,-220.9127;;;;
Franklin;17:53:46;13:45:47;-1268.854,-222.4499,-222.4499;;;;
Franklin;17:53:46;13:45:48;-1272.173,-221.513,-221.513;;Shots fired, shots fired.;OJAvaGuard;OJAS_GVAB
Franklin;17:53:47;13:45:49;-1275.298,-221.7121,-221.7121;;;;
Franklin;17:53:47;13:45:49;-1275.612,-222.2013,-222.2013;;;;
Franklin;17:53:48;13:45:50;-1276.574,-222.1811,-222.1811;;;;
Franklin;17:53:48;13:45:50;-1276.91,-222.4656,-222.4656;True,Sports,BUFFALO02,0,0;;;
Franklin;17:53:49;13:45:51;-1276.91,-222.4656,-222.4656;True,Sports,BUFFALO02,0,0;;;
Franklin;17:53:49;13:45:51;-1276.91,-222.4656,-222.4656;True,Sports,BUFFALO02,0,0;;;
Franklin;17:53:50;13:45:52;-1276.91,-222.4656,-222.4656;True,Sports,BUFFALO02,0,0;;;
Franklin;17:53:50;13:45:52;-1276.913,-222.46,-222.46;True,Sports,BUFFALO02,0,119774,1;;;
Franklin;17:53:51;13:45:53;-1277.227,-222.0067,-222.0067;True,Sports,BUFFALO02,2,184294,1;;;
Franklin;17:53:51;13:45:53;-1278.183,-220.1998,-220.1998;True,Sports,BUFFALO02,5,95521,1;;;
Franklin;17:53:52;13:45:54;-1280.885,-216.5285,-216.5285;True,Sports,BUFFALO02,11,97179,1;Where is that son of a bitch?;OJAvaGuard;OJAS_GWAA
Franklin;17:53:52;13:45:54;-1285.008,-212.0432,-212.0432;True,Sports,BUFFALO02,12,28486,0;;;
Franklin;17:53:53;13:45:55;-1288.009,-206.8891,-206.8891;True,Sports,BUFFALO02,11,44827,0;;;
Franklin;17:53:53;13:45:55;-1291.317,-201.6987,-201.6987;True,Sports,BUFFALO02,11,90209,0;Keep your eyes open!;OJAvaGuard;OJAS_GWAB
Franklin;17:53:54;13:45:56;-1295.525,-197.6684,-197.6684;True,Sports,BUFFALO02,10,11557,1;;;
Franklin;17:53:55;13:45:56;-1301.435,-197.2346,-197.2346;True,Sports,BUFFALO02,12,49511,1;He's here somewhere.;OJAvaGuard;OJAS_GWAC
Franklin;17:53:55;13:45:57;-1308.281,-199.7624,-199.7624;True,Sports,BUFFALO02,15,47911,1;;;
Franklin;17:53:56;13:45:57;-1316.194,-202.9309,-202.9309;True,Sports,BUFFALO02,16,38018,0;;;
Franklin;17:53:56;13:45:58;-1323.851,-204.8479,-204.8479;True,Sports,BUFFALO02,14,2476,1;;;
Franklin;17:53:57;13:45:58;-1331.488,-205.3875,-205.3875;True,Sports,BUFFALO02,14,24226,0;;;
Franklin;17:53:57;13:45:59;-1338.212,-205.5339,-205.5339;True,Sports,BUFFALO02,12,82566,1;;;
Franklin;17:53:58;13:46:00;-1344.99,-208.5263,-208.5263;True,Sports,BUFFALO02,15,78224,1;;;
Franklin;17:53:58;13:46:00;-1352.064,-214.032,-214.032;True,Sports,BUFFALO02,18,67445,1;;;
Franklin;17:53:59;13:46:01;-1359.679,-219.0055,-219.0055;True,Sports,BUFFALO02,16,43751,0;;;
Franklin;17:53:59;13:46:01;-1367.488,-220.1479,-220.1479;True,Sports,BUFFALO02,14,60131,1;;;
Franklin;17:54:00;13:46:02;-1374.347,-216.5097,-216.5097;True,Sports,BUFFALO02,16,03492,1;;;
Franklin;17:54:00;13:46:02;-1379.466,-209.2078,-209.2078;True,Sports,BUFFALO02,18,39832,1;;;
Franklin;17:54:01;13:46:03;-1385.365,-200.6407,-200.6407;True,Sports,BUFFALO02,21,58299,1;;;
Franklin;17:54:01;13:46:03;-1392.426,-190.8565,-190.8565;True,Sports,BUFFALO02,24,05599,0;;;
Franklin;17:54:02;13:46:04;-1399.741,-180.4896,-180.4896;True,Sports,BUFFALO02,25,42169,1;;;
Franklin;17:54:02;13:46:04;-1407.884,-169.7124,-169.7124;True,Sports,BUFFALO02,24,78011,0;;;
Franklin;17:54:03;13:46:05;-1416.961,-160.1392,-160.1392;True,Sports,BUFFALO02,24,87153,0;;;
Franklin;17:54:03;13:46:05;-1424.666,-150.3217,-150.3217;True,Sports,BUFFALO02,22,48633,0;;;
Franklin;17:54:04;13:46:06;-1431.898,-142.1305,-142.1305;True,Sports,BUFFALO02,19,88621,0;;;
Franklin;17:54:04;13:46:06;-1438.398,-135.1075,-135.1075;True,Sports,BUFFALO02,17,38765,0;;;
Franklin;17:54:05;13:46:07;-1443.502,-128.3147,-128.3147;True,Sports,BUFFALO02,15,22425,0;;;
Franklin;17:54:05;13:46:07;-1448.064,-122.374,-122.374;True,Sports,BUFFALO02,14,47834,1;;;
Franklin;17:54:06;13:46:08;-1453.494,-117.7179,-117.7179;True,Sports,BUFFALO02,12,67401,0;;;
Franklin;17:54:07;13:46:08;-1459.158,-113.5331,-113.5331;True,Sports,BUFFALO02,14,69362,0;;;
Franklin;17:54:07;13:46:09;-1465.639,-109.4789,-109.4789;True,Sports,BUFFALO02,14,07796,0;;;
Franklin;17:54:08;13:46:09;-1472.171,-108.4524,-108.4524;True,Sports,BUFFALO02,12,07471,1;;;
Franklin;17:54:08;13:46:10;-1479.241,-108.9484,-108.9484;True,Sports,BUFFALO02,14,29229,0;;;
Franklin;17:54:11;13:46:12;-1485.287,-111.2646,-111.2646;True,Sports,BUFFALO02,2,49745,0;;;
Franklin;17:54:11;13:46:13;-1486.032,-111.6909,-111.6909;True,Sports,BUFFALO02,1,214544,1;;;
Franklin;17:54:12;13:46:14;-1487.04,-112.4444,-112.4444;True,Sports,BUFFALO02,3,8408,1;;;
Franklin;17:54:12;13:46:14;-1489.739,-114.4071,-114.4071;True,Sports,BUFFALO02,9,48822,1;;;
Franklin;17:54:13;13:46:15;-1493.285,-117.1726,-117.1726;True,Sports,BUFFALO02,8,865177,1;;;
Franklin;17:54:13;13:46:15;-1496.323,-120.5046,-120.5046;True,Sports,BUFFALO02,7,733853,0;;;
Franklin;17:54:14;13:46:16;-1499.295,-123.5163,-123.5163;True,Sports,BUFFALO02,7,876807,0;;;
Franklin;17:54:14;13:46:16;-1502.373,-125.9351,-125.9351;True,Sports,BUFFALO02,7,453885,0;;;
Franklin;17:54:15;13:46:17;-1505.236,-127.8183,-127.8183;True,Sports,BUFFALO02,5,949149,1;;;
Franklin;17:54:15;13:46:17;-1507.189,-129.5772,-129.5772;True,Sports,BUFFALO02,4,099771,0;;;
Franklin;17:54:16;13:46:18;-1508.436,-130.6867,-130.6867;True,Sports,BUFFALO02,2,285264,0;;;
Franklin;17:54:16;13:46:18;-1508.974,-131.1623,-131.1623;True,Sports,BUFFALO02,0,4763545,0;;;
Franklin;17:54:17;13:46:19;-1508.995,-131.1802,-131.1802;True,Sports,BUFFALO02,0,0;;;
Franklin;17:54:17;13:46:19;-1508.995,-131.1802,-131.1802;True,Sports,BUFFALO02,0,0;;;
Franklin;17:54:18;13:46:20;-1509.026,-131.2077,-131.2077;True,Sports,BUFFALO02,0,5114939,1;;;
Franklin;17:54:18;13:46:20;-1509.703,-131.7959,-131.7959;True,Sports,BUFFALO02,3,060122,1;;;
Franklin;17:54:19;13:46:21;-1511.704,-133.5379,-133.5379;True,Sports,BUFFALO02,7,421632,1;;;
Franklin;17:54:20;13:46:21;-1515.719,-137.0412,-137.0412;True,Sports,BUFFALO02,11,38469,0;;;
Franklin;17:54:20;13:46:22;-1518.926,-141.1991,-141.1991;True,Sports,BUFFALO02,9,26507,1;;;
Franklin;17:54:21;13:46:22;-1522.037,-146.0359,-146.0359;True,Sports,BUFFALO02,11,27739,0;;;
Franklin;17:54:21;13:46:23;-1525.764,-149.7176,-149.7176;True,Sports,BUFFALO02,9,211651,0;;;
Franklin;17:54:22;13:46:23;-1529.424,-152.8614,-152.8614;True,Sports,BUFFALO02,9,350363,0;;;
Franklin;17:54:22;13:46:24;-1532.684,-155.6512,-155.6512;True,Sports,BUFFALO02,7,14634,0;Eh, it's done.;FRANKLIN;OJAS_HBAA
Franklin;17:54:23;13:46:25;-1534.648,-157.3319,-157.3319;True,Sports,BUFFALO02,2,383344,0;I know. Good work.;LESTER;OJAS_HBAB
Franklin;17:54:23;13:46:25;-1535.161,-157.771,-157.771;True,Sports,BUFFALO02,0,3009811,1;;;
Franklin;17:54:24;13:46:26;-1535.246,-157.8444,-157.8444;True,Sports,BUFFALO02,0,003441027,0;;;
Franklin;17:54:24;13:46:26;-1535.246,-157.8444,-157.8444;True,Sports,BUFFALO02,0,0;Alright, well shit, let me know about the next thing.;FRANKLIN;OJAS_HBAC
Franklin;17:54:25;13:46:27;-1535.246,-157.8444,-157.8444;True,Sports,BUFFALO02,0,005298789,1;;;
Franklin;17:54:25;13:46:27;-1535.516,-158.077,-158.077;True,Sports,BUFFALO02,1,666097,1;;;
Franklin;17:54:26;13:46:28;-1535.927,-158.4314,-158.4314;True,Sports,BUFFALO02,0,01725287,0;;;
Franklin;17:54:26;13:46:28;-1536.122,-158.5993,-158.5993;True,Sports,BUFFALO02,1,376819,1;;;
Franklin;17:54:27;13:46:29;-1536.58,-158.9941,-158.9941;True,Sports,BUFFALO02,0,219181,0;Will do, but before that, I've got to tell you something. Our investment portfolio was getting a little... successful, so;LESTER;OJAS_HBAD
Franklin;17:54:27;13:46:29;-1536.582,-158.9958,-158.9958;True,Sports,BUFFALO02,0,0;;;
Franklin;17:54:28;13:46:30;-1536.582,-158.9958,-158.9958;True,Sports,BUFFALO02,0,0;;;
Franklin;17:54:28;13:46:30;-1536.582,-158.9958,-158.9958;True,Sports,BUFFALO02,0,0;;;
Franklin;17:54:29;13:46:31;-1536.582,-158.9958,-158.9958;True,Sports,BUFFALO02,0,0;;;
Franklin;17:54:29;13:46:31;-1536.582,-158.9958,-158.9958;True,Sports,BUFFALO02,0,0;;;
Franklin;17:54:30;13:46:32;-1536.582,-158.9958,-158.9958;True,Sports,BUFFALO02,0,0;;;
Franklin;17:54:30;13:46:32;-1536.582,-158.9958,-158.9958;True,Sports,BUFFALO02,0,0;;;
Franklin;17:54:31;13:46:33;-1536.582,-158.9958,-158.9958;True,Sports,BUFFALO02,0,0;;;
Franklin;17:54:32;13:46:33;-1536.583,-158.9968,-158.9968;True,Sports,BUFFALO02,0,06653531,1;;;
Franklin;17:54:32;13:46:34;-1536.638,-159.0435,-159.0435;True,Sports,BUFFALO02,0,01702856,1;;;
Franklin;17:54:33;13:46:34;-1536.639,-159.0406,-159.0406;True,Sports,BUFFALO02,0,01365632,0;I figured we needed some tangible assets -  property - so we bought a house in the Vinewood Hills.;LESTER;OJAS_HBAI
Franklin;17:54:33;13:46:35;-1536.637,-159.0427,-159.0427;True,Sports,BUFFALO02,0,0;;;
Franklin;17:54:34;13:46:35;-1536.637,-159.0427,-159.0427;True,Sports,BUFFALO02,0,0;;;
Franklin;17:54:34;13:46:36;-1536.637,-159.0427,-159.0427;True,Sports,BUFFALO02,0,0;;;
Franklin;17:54:35;13:46:36;-1536.637,-159.0427,-159.0427;True,Sports,BUFFALO02,0,0;;;
Franklin;17:54:35;13:46:37;-1536.64,-159.0448,-159.0448;True,Sports,BUFFALO02,0,1126212,1;;;
Franklin;17:54:36;13:46:38;-1537.068,-159.4155,-159.4155;True,Sports,BUFFALO02,2,217039,1;;;
Franklin;17:54:36;13:46:38;-1538.655,-160.7829,-160.7829;True,Sports,BUFFALO02,6,156497,1;;;
Franklin;17:54:37;13:46:39;-1542.319,-163.9372,-163.9372;True,Sports,BUFFALO02,11,6172,0;;;
Franklin;17:54:37;13:46:39;-1546.474,-167.5145,-167.5145;True,Sports,BUFFALO02,9,623574,0;;;
Franklin;17:54:38;13:46:40;-1549.917,-170.4787,-170.4787;True,Sports,BUFFALO02,7,906122,0;;;
Franklin;17:54:38;13:46:40;-1552.696,-172.8717,-172.8717;True,Sports,BUFFALO02,6,284012,0;Yeah, sure, man, whatever. You know best about this shit.;FRANKLIN;OJAS_HBAE
Franklin;17:54:39;13:46:41;-1554.576,-174.8265,-174.8265;True,Sports,BUFFALO02,3,996676,0;;;
Franklin;17:54:39;13:46:41;-1555.178,-176.7194,-176.7194;True,Sports,BUFFALO02,3,543472,0;;;
Franklin;17:54:40;13:46:42;-1555.372,-178.0237,-178.0237;True,Sports,BUFFALO02,1,785138,1;;;
Franklin;17:54:40;13:46:42;-1555.535,-179.5107,-179.5107;True,Sports,BUFFALO02,4,22867,1;;;
Franklin;17:54:41;13:46:43;-1555.575,-183.0509,-183.0509;True,Sports,BUFFALO02,9,801267,1;;;
Franklin;17:54:41;13:46:43;-1555.941,-188.8361,-188.8361;True,Sports,BUFFALO02,11,16004,0;And we needed someone to live there for tax purposes, so some guys are moving your stuff in.;LESTER;OJAS_HBAF
Franklin;17:54:42;13:46:44;-1555.724,-194.2881,-194.2881;True,Sports,BUFFALO02,10,42419,1;;;
Franklin;17:54:42;13:46:44;-1554.386,-199.1803,-199.1803;True,Sports,BUFFALO02,8,933846,0;;;
Franklin;17:54:43;13:46:45;-1552.817,-203.1126,-203.1126;True,Sports,BUFFALO02,7,380587,0;;;
Franklin;17:54:43;13:46:45;-1550.626,-206.1816,-206.1816;True,Sports,BUFFALO02,7,074862,0;;;
Franklin;17:54:44;13:46:46;-1548.507,-208.7021,-208.7021;True,Sports,BUFFALO02,5,564371,0;;;
Franklin;17:54:45;13:46:46;-1546.6,-210.1632,-210.1632;True,Sports,BUFFALO02,3,966261,0;;;
Franklin;17:54:45;13:46:47;-1544.983,-211.4703,-211.4703;True,Sports,BUFFALO02,5,460075,1;;;
Franklin;17:54:46;13:46:47;-1541.76,-214.2856,-214.2856;True,Sports,BUFFALO02,10,94238,1;;;
Franklin;17:54:46;13:46:48;-1537.902,-218.8967,-218.8967;True,Sports,BUFFALO02,10,98964,0;Oh shit! Meaning I don't have to live with my crazy-ass aunt no more?;FRANKLIN;OJAS_HBAG
Franklin;17:54:47;13:46:48;-1534.627,-223.1812,-223.1812;True,Sports,BUFFALO02,9,873098,0;;;
Franklin;17:54:47;13:46:49;-1531.747,-227.0063,-227.0063;True,Sports,BUFFALO02,8,77248,0;;;
Franklin;17:54:48;13:46:49;-1529.192,-230.4182,-230.4182;True,Sports,BUFFALO02,7,661095,0;;;
Franklin;17:54:48;13:46:50;-1526.99,-233.3613,-233.3613;True,Sports,BUFFALO02,6,545895,0;;;
Franklin;17:54:49;13:46:51;-1525.485,-235.8746,-235.8746;True,Sports,BUFFALO02,4,63934,0;;;
Franklin;17:54:49;13:46:51;-1524.727,-238.7445,-238.7445;True,Sports,BUFFALO02,8,051938,1;;;
Franklin;17:54:50;13:46:52;-1522.692,-243.5051,-243.5051;True,Sports,BUFFALO02,9,953254,0;;;
Franklin;17:54:50;13:46:52;-1519.9,-247.4236,-247.4236;True,Sports,BUFFALO02,8,505289,0;Man, I don't know what the fuck to say, dog.;FRANKLIN;OJAS_HBAK
Franklin;17:54:51;13:46:53;-1517.411,-250.6573,-250.6573;True,Sports,BUFFALO02,6,967984,0;;;
Franklin;17:54:51;13:46:53;-1515.72,-252.2735,-252.2735;True,Sports,BUFFALO02,0,3937162,-1;;;
Franklin;17:54:52;13:46:54;-1515.715,-252.2841,-252.2841;True,Sports,BUFFALO02,0,008804171,0;;;
Franklin;17:54:52;13:46:54;-1515.716,-252.2842,-252.2842;True,Sports,BUFFALO02,0,0;Don't say anything. Especially if a man in a suit comes to the door. I'm joking, that probably isn't going to happen.;LESTER;OJAS_HBAH
Franklin;17:54:53;13:46:55;-1515.716,-252.2842,-252.2842;True,Sports,BUFFALO02,0,0;;;
Franklin;17:54:53;13:46:55;-1515.716,-252.2842,-252.2842;True,Sports,BUFFALO02,0,0;;;
Franklin;17:54:54;13:46:56;-1515.716,-252.2842,-252.2842;True,Sports,BUFFALO02,0,0;;;
Franklin;17:54:54;13:46:56;-1515.716,-252.2842,-252.2842;True,Sports,BUFFALO02,0,0;;;
Franklin;17:54:55;13:46:57;-1515.716,-252.2842,-252.2842;True,Sports,BUFFALO02,0,0;;;
Franklin;17:54:55;13:46:57;-1515.716,-252.2842,-252.2842;True,Sports,BUFFALO02,0,0;;;
Franklin;17:54:56;13:46:58;-1515.716,-252.2842,-252.2842;True,Sports,BUFFALO02,0,0;;;
Franklin;17:54:56;13:46:58;-1515.716,-252.2842,-252.2842;True,Sports,BUFFALO02,0,0;;;
Franklin;17:54:57;13:46:59;-1515.716,-252.2842,-252.2842;True,Sports,BUFFALO02,0,0;;;
Franklin;17:54:58;13:46:59;-1515.716,-252.2842,-252.2842;True,Sports,BUFFALO02,0,0;;;
Franklin;17:54:58;13:47:00;-1515.716,-252.2842,-252.2842;True,Sports,BUFFALO02,0,0;It's yours. Enjoy it. 3671 Whispymound drive.;LESTER;OJAS_HBAJ
Franklin;17:54:59;13:47:00;-1515.716,-252.2842,-252.2842;True,Sports,BUFFALO02,0,0;;;
Franklin;17:54:59;13:47:01;-1515.716,-252.2842,-252.2842;True,Sports,BUFFALO02,0,0;;;
Franklin;17:55:00;13:47:01;-1515.716,-252.2842,-252.2842;True,Sports,BUFFALO02,0,0;;;
Franklin;17:55:00;13:47:02;-1515.716,-252.2842,-252.2842;True,Sports,BUFFALO02,0,0;;;
Franklin;17:55:01;13:47:03;-1515.716,-252.2842,-252.2842;True,Sports,BUFFALO02,0,0;;;
Franklin;17:55:01;13:47:03;-1515.642,-252.3778,-252.3778;True,Sports,BUFFALO02,0,9927614,1;;;
Franklin;17:55:02;13:47:04;-1514.984,-253.3522,-253.3522;True,Sports,BUFFALO02,3,88259,1;;;
Franklin;17:55:02;13:47:04;-1513.136,-256.15,-256.15;True,Sports,BUFFALO02,9,595965,1;;;
Franklin;17:55:03;13:47:05;-1511.138,-261.4578,-261.4578;True,Sports,BUFFALO02,10,68974,0;;;
Franklin;17:55:03;13:47:05;-1511.919,-266.1912,-266.1912;True,Sports,BUFFALO02,8,516273,0;;;
Franklin;17:55:04;13:47:06;-1513.344,-269.9417,-269.9417;True,Sports,BUFFALO02,6,871867,0;;;
Franklin;17:55:04;13:47:06;-1514.985,-272.6221,-272.6221;True,Sports,BUFFALO02,5,310484,0;;;
Franklin;17:55:05;13:47:07;-1516.523,-274.3702,-274.3702;True,Sports,BUFFALO02,3,825548,0;;;
Franklin;17:55:05;13:47:07;-1517.565,-275.5856,-275.5856;True,Sports,BUFFALO02,2,421114,0;;;
Franklin;17:55:06;13:47:28;-1517.851,-275.918,-275.918;True,Sports,BUFFALO02,1,86179,0;;;
Franklin;17:55:27;13:47:29;-1518.22,-276.3842,-276.3842;True,Sports,BUFFALO02,0,4492301,0;;;
Franklin;17:55:27;13:47:29;-1518.243,-276.411,-276.411;True,Sports,BUFFALO02,0,09559715,0;;;
Franklin;17:55:28;13:47:30;-1518.243,-276.4124,-276.4124;True,Sports,BUFFALO02,0,0;;;
Franklin;17:55:28;13:47:30;-1518.243,-276.4124,-276.4124;True,Sports,BUFFALO02,0,0;;;
Franklin;17:55:29;13:47:31;-1518.243,-276.4124,-276.4124;True,Sports,BUFFALO02,0,0;;;
Franklin;17:55:29;13:47:31;-1518.243,-276.4124,-276.4124;True,Sports,BUFFALO02,0,0;;;
Franklin;17:55:30;13:47:32;-1518.243,-276.4124,-276.4124;True,Sports,BUFFALO02,0,0;;;
Franklin;17:55:30;13:47:32;-1518.243,-276.4124,-276.4124;True,Sports,BUFFALO02,0,0;;;
Franklin;17:55:31;13:47:33;-1518.243,-276.4124,-276.4124;True,Sports,BUFFALO02,0,0;;;
Franklin;17:55:31;13:47:33;-1518.243,-276.4124,-276.4124;True,Sports,BUFFALO02,0,0;;;
Franklin;17:55:32;13:47:34;-1518.243,-276.4124,-276.4124;True,Sports,BUFFALO02,0,0;;;
Franklin;17:55:32;13:47:34;-1518.243,-276.4124,-276.4124;True,Sports,BUFFALO02,0,0;;;
Franklin;17:55:33;13:47:35;-1518.243,-276.4124,-276.4124;True,Sports,BUFFALO02,0,0;;;
Franklin;17:55:33;13:47:35;-1518.243,-276.4124,-276.4124;True,Sports,BUFFALO02,0,0;;;
Franklin;17:55:34;13:47:36;-1518.243,-276.4124,-276.4124;True,Sports,BUFFALO02,0,0;;;
Franklin;17:55:35;13:47:36;-1518.243,-276.4124,-276.4124;True,Sports,BUFFALO02,0,0;;;
Franklin;17:55:35;13:47:37;-1518.243,-276.4124,-276.4124;True,Sports,BUFFALO02,0,0;;;
Franklin;17:55:36;13:47:37;-1518.243,-276.4124,-276.4124;True,Sports,BUFFALO02,0,0;;;
Franklin;17:55:36;13:47:38;-1518.243,-276.4124,-276.4124;True,Sports,BUFFALO02,0,0;;;
???;17:55:37;13:47:38;0,0,0;;Gimme a break. Please!;Michael;PRS_BXAA
???;17:55:37;13:47:39;0,0,0;;;;
???;17:55:38;13:47:40;0,0,0;;;;
???;17:55:38;13:47:40;0,0,0;;;;
???;17:55:39;13:47:41;0,0,0;;;;
???;17:55:39;13:47:41;0,0,0;;;;
char;time_ingame;time_rw;pos;vehicle;subtitles_text;speaker;soundfile
Michael;17:55:43;13:47:45;-464.241,-1593.026,-1593.026;True,Sedans,TAILGATE,0,0;;;
Michael;17:55:53;13:47:55;-464.241,-1593.026,-1593.026;True,Sedans,TAILGATE,0,0;;;
Michael;17:55:53;13:47:55;-464.3024,-1593.198,-1593.198;True,Sedans,TAILGATE,1,067897,1;;;
Michael;17:55:54;13:47:56;-464.7983,-1594.095,-1594.095;True,Sedans,TAILGATE,2,880599,1;;;
Michael;17:55:54;13:47:56;-466.0189,-1595.999,-1595.999;True,Sedans,TAILGATE,6,159584,1;;;
Michael;17:55:55;13:47:57;-467.2216,-1598.897,-1598.897;True,Sedans,TAILGATE,5,595747,1;;;
Michael;17:55:56;13:47:57;-469.2845,-1601.706,-1601.706;True,Sedans,TAILGATE,8,384278,1;;;
Michael;17:55:56;13:47:58;-472.0283,-1605.99,-1605.99;True,Sedans,TAILGATE,11,44271,1;;;
Michael;17:55:57;13:47:58;-474.7244,-1611.356,-1611.356;True,Sedans,TAILGATE,11,72468,1;;;
Michael;17:55:57;13:47:59;-478.5283,-1616.899,-1616.899;True,Sedans,TAILGATE,13,58992,1;;;
Michael;17:55:58;13:47:59;-481.6706,-1623.301,-1623.301;True,Sedans,TAILGATE,12,93124,0;;;
Michael;17:55:58;13:48:00;-485.3285,-1629.042,-1629.042;True,Sedans,TAILGATE,12,59922,0;;;
Michael;17:55:59;13:48:01;-489.5508,-1633.706,-1633.706;True,Sedans,TAILGATE,12,32152,1;;;
Michael;17:55:59;13:48:01;-494.2189,-1638.651,-1638.651;True,Sedans,TAILGATE,12,49556,0;;;
Michael;17:56:00;13:48:02;-498.9592,-1643.654,-1643.654;True,Sedans,TAILGATE,12,43668,0;;;
Michael;17:56:00;13:48:02;-502.4496,-1646.893,-1646.893;True,Sedans,TAILGATE,8,167329,0;;;
Michael;17:56:01;13:48:03;-505.3989,-1649.347,-1649.347;True,Sedans,TAILGATE,6,618841,0;;;
Michael;17:56:01;13:48:03;-508.8061,-1652.148,-1652.148;True,Sedans,TAILGATE,10,19252,1;De Santa.;MICHAEL;FOFL_AAAA
Michael;17:56:02;13:48:04;-513.426,-1655.933,-1655.933;True,Sedans,TAILGATE,11,08587,0;;;
Michael;17:56:02;13:48:04;-517.7402,-1659.46,-1659.46;True,Sedans,TAILGATE,11,05495,1;That's not the name in your file, Michael. Steve Haines here.;STEVE;FOFL_AAAB
Michael;17:56:03;13:48:05;-522.3871,-1662.697,-1662.697;True,Sedans,TAILGATE,10,35622,0;;;
Michael;17:56:03;13:48:05;-527.4727,-1665.346,-1665.346;True,Sedans,TAILGATE,11,96124,1;;;
Michael;17:56:04;13:48:06;-533.5247,-1668.364,-1668.364;True,Sedans,TAILGATE,13,84965,1;;;
Michael;17:56:04;13:48:06;-540.439,-1671.848,-1671.848;True,Sedans,TAILGATE,15,71393,1;;;
Michael;17:56:05;13:48:07;-548.1091,-1675.74,-1675.74;True,Sedans,TAILGATE,17,50326,1;;;
Michael;17:56:05;13:48:07;-556.7781,-1680.129,-1680.129;True,Sedans,TAILGATE,19,32862,1;Yeah, Agent Douchebag. Hey, that poor son of a bitch we grabbed for you still breathing?;MICHAEL;FOFL_AAAC
Michael;17:56:06;13:48:08;-566.7524,-1683.578,-1683.578;True,Sedans,TAILGATE,21,49293,1;;;
Michael;17:56:07;13:48:08;-577.9104,-1686.563,-1686.563;True,Sedans,TAILGATE,22,91925,1;;;
Michael;17:56:07;13:48:09;-589.6883,-1689.515,-1689.515;True,Sedans,TAILGATE,23,86506,1;;;
Michael;17:56:08;13:48:09;-601.9922,-1690.945,-1690.945;True,Sedans,TAILGATE,23,5737,1;;;
Michael;17:56:08;13:48:10;-614.3797,-1691.816,-1691.816;True,Sedans,TAILGATE,24,38099,0;;;
Michael;17:56:09;13:48:10;-626.3364,-1693.671,-1693.671;True,Sedans,TAILGATE,22,27709,0;;;
Michael;17:56:09;13:48:11;-637.4136,-1695.609,-1695.609;True,Sedans,TAILGATE,20,55984,0;;;
Michael;17:56:10;13:48:11;-647.5796,-1695.957,-1695.957;True,Sedans,TAILGATE,18,61992,0;;;
Michael;17:56:10;13:48:12;-656.8027,-1695.968,-1695.968;True,Sedans,TAILGATE,16,75804,0;;;
Michael;17:56:11;13:48:13;-665.65,-1695.964,-1695.964;True,Sedans,TAILGATE,17,10269,0;;;
Michael;17:56:11;13:48:13;-674.9182,-1695.986,-1695.986;True,Sedans,TAILGATE,19,6263,0;See for yourself. Right now. Trevor Philips is on his way to help with the debrief.;STEVE;FOFL_AAAD
Michael;17:56:12;13:48:14;-684.7415,-1696.906,-1696.906;True,Sedans,TAILGATE,19,02274,0;;;
Michael;17:56:12;13:48:14;-694.2269,-1698.539,-1698.539;True,Sedans,TAILGATE,17,8836,0;;;
Michael;17:56:13;13:48:15;-702.9637,-1700.03,-1700.03;True,Sedans,TAILGATE,16,8148,0;;;
Michael;17:56:13;13:48:15;-711.2444,-1700.94,-1700.94;True,Sedans,TAILGATE,15,72414,0;;;
Michael;17:56:14;13:48:16;-719.0617,-1701.559,-1701.559;True,Sedans,TAILGATE,14,43655,0;;;
Michael;17:56:14;13:48:16;-725.9144,-1701.984,-1701.984;True,Sedans,TAILGATE,12,26622,0;;;
Michael;17:56:15;13:48:17;-731.7,-1701.033,-1701.033;True,Sedans,TAILGATE,10,02073,0;;;
Michael;17:56:15;13:48:17;-736.3117,-1701.675,-1701.675;True,Sedans,TAILGATE,7,841205,0;Warehouse off Dutch London in Banning.;STEVE;FOFL_AAAF
Michael;17:56:16;13:48:18;-739.8246,-1701.9,-1701.9;True,Sedans,TAILGATE,5,735301,0;;;
Michael;17:56:16;13:48:18;-742.0547,-1701.81,-1701.81;True,Sedans,TAILGATE,3,389838,0;;;
Michael;17:56:17;13:48:19;-743.3294,-1701.72,-1701.72;True,Sedans,TAILGATE,0,6617218,0;;;
Michael;17:56:17;13:48:19;-743.3475,-1701.703,-1701.703;True,Sedans,TAILGATE,0,0;;;
Michael;17:56:18;13:48:20;-743.3475,-1701.703,-1701.703;True,Sedans,TAILGATE,0,0;Great. Sounds just like my kinda party.;MICHAEL;FOFL_AAAE
Michael;17:56:18;13:48:20;-743.4034,-1701.688,-1701.688;True,Sedans,TAILGATE,0,5391481,1;;;
Michael;17:56:19;13:48:21;-744.0633,-1701.453,-1701.453;True,Sedans,TAILGATE,2,173312,1;;;
Michael;17:56:20;13:48:21;-745.7495,-1700.863,-1700.863;True,Sedans,TAILGATE,4,552813,1;;;
Michael;17:56:20;13:48:22;-747.703,-1698.844,-1698.844;True,Sedans,TAILGATE,6,691414,1;;;
Michael;17:56:21;13:48:22;-749.4373,-1694.806,-1694.806;True,Sedans,TAILGATE,9,692599,1;;;
Michael;17:56:21;13:48:23;-748.8747,-1689.095,-1689.095;True,Sedans,TAILGATE,11,22946,0;;;
Michael;17:56:22;13:48:23;-748.2178,-1682.74,-1682.74;True,Sedans,TAILGATE,13,53156,1;;;
Michael;17:56:22;13:48:24;-749.1104,-1674.996,-1674.996;True,Sedans,TAILGATE,16,05217,1;;;
Michael;17:56:23;13:48:25;-748.1006,-1666.727,-1666.727;True,Sedans,TAILGATE,15,58155,1;;;
Michael;17:56:23;13:48:25;-746.4067,-1659.131,-1659.131;True,Sedans,TAILGATE,14,02221,0;;;
Michael;17:56:24;13:48:26;-744.3791,-1652.56,-1652.56;True,Sedans,TAILGATE,12,37342,0;;;
Michael;17:56:24;13:48:26;-742.7676,-1646.751,-1646.751;True,Sedans,TAILGATE,10,68419,0;;;
Michael;17:56:25;13:48:27;-740.4399,-1642.237,-1642.237;True,Sedans,TAILGATE,9,182745,0;;;
Michael;17:56:25;13:48:27;-738.9668,-1638.504,-1638.504;True,Sedans,TAILGATE,6,419276,0;;;
Michael;17:56:26;13:48:28;-739.8765,-1635.84,-1635.84;True,Sedans,TAILGATE,4,669675,0;;;
Michael;17:56:26;13:48:28;-741.4397,-1634.615,-1634.615;True,Sedans,TAILGATE,3,132165,0;;;
Michael;17:56:27;13:48:29;-742.6116,-1634.308,-1634.308;True,Sedans,TAILGATE,1,619211,0;;;
Michael;17:56:27;13:48:29;-743.0594,-1634.321,-1634.321;True,Sedans,TAILGATE,0,6675755,1;;;
Michael;17:56:28;13:48:30;-743.6505,-1633.763,-1633.763;True,Sedans,TAILGATE,2,557844,1;;;
Michael;17:56:28;13:48:30;-744.2423,-1632.913,-1632.913;True,Sedans,TAILGATE,0,4407491,-1;;;
Michael;17:56:29;13:48:31;-744.175,-1632.956,-1632.956;True,Sedans,TAILGATE,0,7932503,-1;;;
Michael;17:56:29;13:48:31;-743.5586,-1633.294,-1633.294;True,Sedans,TAILGATE,1,298365,0;;;
Michael;17:56:30;13:48:32;-743.5161,-1633.341,-1633.341;True,Sedans,TAILGATE,0,808924,1;;;
Michael;17:56:30;13:48:32;-743.7114,-1632.411,-1632.411;True,Sedans,TAILGATE,2,973464,1;;;
Michael;17:56:31;13:48:33;-743.7102,-1631.1,-1631.1;True,Sedans,TAILGATE,2,112456,1;;;
Michael;17:56:32;13:48:33;-743.2426,-1629.511,-1629.511;True,Sedans,TAILGATE,4,6975,1;;;
Michael;17:56:32;13:48:34;-741.1774,-1626.999,-1626.999;True,Sedans,TAILGATE,8,147313,1;;;
Michael;17:56:33;13:48:34;-737.962,-1623.748,-1623.748;True,Sedans,TAILGATE,8,227214,0;;;
Michael;17:56:33;13:48:35;-735.3926,-1620.791,-1620.791;True,Sedans,TAILGATE,6,714478,0;;;
Michael;17:56:34;13:48:35;-732.9665,-1619.125,-1619.125;True,Sedans,TAILGATE,5,143534,0;;;
Michael;17:56:34;13:48:36;-730.3097,-1618.019,-1618.019;True,Sedans,TAILGATE,6,767025,1;;;
Michael;17:56:35;13:48:37;-726.3118,-1616.301,-1616.301;True,Sedans,TAILGATE,9,391981,1;;;
Michael;17:56:35;13:48:37;-721.0941,-1614.856,-1614.856;True,Sedans,TAILGATE,11,78567,1;;;
Michael;17:56:36;13:48:38;-715.4806,-1616.332,-1616.332;True,Sedans,TAILGATE,11,09654,1;;;
Michael;17:56:36;13:48:38;-710.3479,-1620.062,-1620.062;True,Sedans,TAILGATE,13,13262,1;;;
Michael;17:56:37;13:48:39;-704.1686,-1623.812,-1623.812;True,Sedans,TAILGATE,13,16955,0;;;
Michael;17:56:37;13:48:39;-699.6443,-1628.548,-1628.548;True,Sedans,TAILGATE,12,1023,0;;;
Michael;17:56:38;13:48:40;-695.9295,-1632.95,-1632.95;True,Sedans,TAILGATE,10,21402,0;;;
Michael;17:56:38;13:48:40;-692.1989,-1635.994,-1635.994;True,Sedans,TAILGATE,8,25519,0;;;
Michael;17:56:39;13:48:41;-690.225,-1637.352,-1637.352;True,Sedans,TAILGATE,7,120781,0;;;
Michael;17:56:39;13:48:41;-689.9279,-1637.557,-1637.557;True,Sedans,TAILGATE,6,932379,0;;;
Michael;17:56:40;13:48:42;-689.6381,-1637.761,-1637.761;True,Sedans,TAILGATE,6,742966,0;;;
Michael;17:56:40;13:48:42;-689.3508,-1637.965,-1637.965;True,Sedans,TAILGATE,6,551289,0;;;
Michael;17:56:41;13:48:43;-689.0784,-1638.16,-1638.16;True,Sedans,TAILGATE,6,362532,0;;;
Michael;17:56:41;13:48:43;-688.8171,-1638.352,-1638.352;True,Sedans,TAILGATE,6,174994,0;;;
Michael;17:56:42;13:48:44;-688.5616,-1638.54,-1638.54;True,Sedans,TAILGATE,5,987975,0;;;
Michael;17:56:43;13:48:44;-688.3139,-1638.724,-1638.724;True,Sedans,TAILGATE,5,801518,0;;;
Michael;17:56:43;13:48:45;-688.0739,-1638.902,-1638.902;True,Sedans,TAILGATE,5,614809,0;;;
Michael;17:56:44;13:48:45;-687.8412,-1639.075,-1639.075;True,Sedans,TAILGATE,5,428198,0;;;
Michael;17:56:44;13:48:46;-687.6161,-1639.243,-1639.243;True,Sedans,TAILGATE,5,241446,0;;;
Michael;17:56:45;13:48:46;-686.79,-1639.857,-1639.857;True,Sedans,TAILGATE,4,492138,0;;;
Michael;17:56:45;13:48:47;-685.3007,-1640.96,-1640.96;True,Sedans,TAILGATE,2,748124,0;;;
Michael;17:56:46;13:48:47;-684.5135,-1641.515,-1641.515;True,Sedans,TAILGATE,1,010796,0;;;
Michael;17:56:46;13:48:48;-684.3848,-1641.581,-1641.581;True,Sedans,TAILGATE,0,01256999,0;;;
Michael;17:56:47;13:48:49;-684.3848,-1641.581,-1641.581;True,Sedans,TAILGATE,0,0;;;
Michael;17:56:47;13:48:49;-684.3848,-1641.581,-1641.581;True,Sedans,TAILGATE,0,0;;;
Michael;17:56:48;13:48:50;-684.3848,-1641.581,-1641.581;True,Sedans,TAILGATE,0,0;;;
Michael;17:56:48;13:48:50;-684.3848,-1641.581,-1641.581;True,Sedans,TAILGATE,0,0;;;
Michael;17:56:49;13:48:51;-684.3848,-1641.581,-1641.581;True,Sedans,TAILGATE,0,0;;;
Michael;17:56:49;13:48:51;-684.3848,-1641.581,-1641.581;True,Sedans,TAILGATE,0,0;;;
Michael;17:56:50;13:48:52;-684.3848,-1641.581,-1641.581;True,Sedans,TAILGATE,0,0;;;
Michael;17:56:50;13:48:52;-684.3848,-1641.581,-1641.581;True,Sedans,TAILGATE,0,0;;;
Michael;17:56:51;13:48:53;-684.3848,-1641.581,-1641.581;True,Sedans,TAILGATE,0,0;;;
Michael;17:56:51;13:48:53;-684.3848,-1641.581,-1641.581;True,Sedans,TAILGATE,0,0;;;
Michael;17:56:52;13:48:54;-684.3848,-1641.581,-1641.581;True,Sedans,TAILGATE,0,0;;;
Michael;17:56:52;13:48:54;-684.3848,-1641.581,-1641.581;True,Sedans,TAILGATE,0,0;;;
Michael;17:56:53;13:48:55;-684.3848,-1641.581,-1641.581;True,Sedans,TAILGATE,0,0;;;
Michael;17:56:54;13:48:55;128.5858,-2197.777,-2197.777;;;;
Michael;17:56:54;13:48:56;128.5652,-2197.84,-2197.84;;;;
Michael;17:56:55;13:48:56;128.5682,-2197.834,-2197.834;;;;
Michael;17:56:55;13:48:57;128.5755,-2197.829,-2197.829;;;;
Michael;17:56:56;13:48:57;128.5762,-2197.835,-2197.835;;;;
Michael;17:56:56;13:48:58;128.5793,-2197.854,-2197.854;;;;
Michael;17:56:57;13:48:58;128.5823,-2197.862,-2197.862;;;;
Michael;17:56:57;13:48:59;128.6375,-2198.01,-2198.01;;;;
Michael;17:56:58;13:49:00;128.549,-2198.273,-2198.273;;Sweet Jesus.;Cutscene;Cutscene
Michael;17:56:58;13:49:00;133.1381,-2201.781,-2201.781;;;;
Michael;17:56:59;13:49:01;133.0916,-2200.912,-2200.912;;;;
Michael;17:56:59;13:49:01;133.0531,-2200.19,-2200.19;;The guy's your neighbor. Caesars Place, Rockford Hills.;Dave;FBI3_DGAA
Michael;17:57:00;13:49:02;133.0147,-2199.471,-2199.471;;;;
Michael;17:57:00;13:49:02;132.967,-2198.579,-2198.579;;;;
Michael;17:57:01;13:49:03;132.8926,-2197.979,-2197.979;;;;
Michael;17:57:01;13:49:03;132.7762,-2197.654,-2197.654;;;;
Michael;17:57:02;13:49:04;132.4183,-2197.019,-2197.019;;;;
Michael;17:57:02;13:49:04;131.9972,-2196.236,-2196.236;;;;
Michael;17:57:03;13:49:05;131.1051,-2195.54,-2195.54;;;;
Michael;17:57:03;13:49:05;130.4924,-2193.275,-2193.275;;;;
Michael;17:57:04;13:49:06;128.3297,-2192.573,-2192.573;;;;
Michael;17:57:04;13:49:06;128.0101,-2194.272,-2194.272;;;;
Michael;17:57:05;13:49:07;127.1831,-2194.665,-2194.665;;;;
Michael;17:57:05;13:49:07;128.024,-2195.067,-2195.067;;;;
Michael;17:57:06;13:49:08;128.3178,-2195.583,-2195.583;True,Coupes,ORACLE,0,0;;;
Michael;17:57:07;13:49:08;128.3168,-2195.583,-2195.583;True,Coupes,ORACLE,0,02761706,0;;;
Michael;17:57:07;13:49:09;128.3179,-2195.584,-2195.584;True,Coupes,ORACLE,0,0;;;
Michael;17:57:08;13:49:09;128.3179,-2195.584,-2195.584;True,Coupes,ORACLE,0,0;;;
Michael;17:57:08;13:49:10;128.4927,-2195.522,-2195.522;True,Coupes,ORACLE,1,163152,1;;;
Michael;17:57:09;13:49:11;129.7527,-2195.312,-2195.312;True,Coupes,ORACLE,3,898457,1;;;
Michael;17:57:09;13:49:11;133.0312,-2194.612,-2194.612;True,Coupes,ORACLE,9,172607,1;;;
Michael;17:57:10;13:49:12;137.7213,-2193.706,-2193.706;True,Coupes,ORACLE,8,362619,0;;;
Michael;17:57:10;13:49:12;142.2252,-2192.898,-2192.898;True,Coupes,ORACLE,10,44742,1;;;
Michael;17:57:11;13:49:13;148.2962,-2192.555,-2192.555;True,Coupes,ORACLE,11,58125,1;;;
Michael;17:57:11;13:49:13;155.0284,-2192.378,-2192.378;True,Coupes,ORACLE,14,48653,1;;;
Michael;17:57:12;13:49:14;163.1983,-2192.089,-2192.089;True,Coupes,ORACLE,16,83723,1;;;
Michael;17:57:12;13:49:14;172.2527,-2191.722,-2191.722;True,Coupes,ORACLE,17,0354,0;;;
Michael;17:57:13;13:49:15;180.5981,-2191.371,-2191.371;True,Coupes,ORACLE,15,01874,0;;;
Michael;17:57:13;13:49:15;187.9302,-2191.07,-2191.07;True,Coupes,ORACLE,13,89096,1;;;
Michael;17:57:14;13:49:16;195.8366,-2190.836,-2190.836;True,Coupes,ORACLE,15,36089,0;;;
Michael;17:57:14;13:49:16;203.5777,-2191.29,-2191.29;True,Coupes,ORACLE,14,30074,0;;;
Michael;17:57:15;13:49:17;210.6519,-2191.351,-2191.351;True,Coupes,ORACLE,13,10258,0;;;
Michael;17:57:15;13:49:17;216.8179,-2190.632,-2190.632;True,Coupes,ORACLE,11,16043,1;Yeah, the more I see of your boss, the more I like him.;Michael;FBI3_DHAA
Michael;17:57:16;13:49:18;223.2313,-2189.896,-2189.896;True,Coupes,ORACLE,11,88568,0;;;
Michael;17:57:16;13:49:18;229.3136,-2189.503,-2189.503;True,Coupes,ORACLE,11,62833,0;;;
Michael;17:57:17;13:49:19;234.7317,-2188.328,-2188.328;True,Coupes,ORACLE,10,56029,1;;;
Michael;17:57:18;13:49:19;240.3373,-2186.074,-2186.074;True,Coupes,ORACLE,11,58817,0;;;
Michael;17:57:18;13:49:20;245.6504,-2183.562,-2183.562;True,Coupes,ORACLE,10,60836,0;;;
Michael;17:57:19;13:49:20;250.2805,-2180.401,-2180.401;True,Coupes,ORACLE,11,83239,1;I was you, I wouldn't be so critical of who others associate with.;Dave;FBI3_DHAB
Michael;17:57:19;13:49:21;255.0563,-2176.822,-2176.822;True,Coupes,ORACLE,11,14986,1;;;
Michael;17:57:20;13:49:21;258.3099,-2171.475,-2171.475;True,Coupes,ORACLE,12,90494,1;;;
Michael;17:57:20;13:49:22;262.3361,-2165.199,-2165.199;True,Coupes,ORACLE,15,53989,1;;;
Michael;17:57:21;13:49:23;263.7583,-2157.723,-2157.723;True,Coupes,ORACLE,13,39559,0;;;
Michael;17:57:21;13:49:23;261.1217,-2152.208,-2152.208;True,Coupes,ORACLE,11,47216,1;;;
Michael;17:57:22;13:49:24;256.0575,-2147.666,-2147.666;True,Coupes,ORACLE,14,49165,1;;;
Michael;17:57:22;13:49:24;249.9322,-2142.038,-2142.038;True,Coupes,ORACLE,17,12129,1;;;
Michael;17:57:23;13:49:25;243.3546,-2135.158,-2135.158;True,Coupes,ORACLE,19,43291,0;So, is he going to be a problem?;Michael;FBI3_DHAM
Michael;17:57:23;13:49:25;237.5698,-2127.448,-2127.448;True,Coupes,ORACLE,17,96904,1;;;
Michael;17:57:24;13:49:26;234.745,-2118.998,-2118.998;True,Coupes,ORACLE,15,80542,0;;;
Michael;17:57:24;13:49:26;233.9292,-2111.67,-2111.67;True,Coupes,ORACLE,13,43692,1;For sure. But there's nothing we can do about it.;Dave;FBI3_DHAN
Michael;17:57:25;13:49:27;234.7025,-2104.718,-2104.718;True,Coupes,ORACLE,12,07313,0;;;
Michael;17:57:25;13:49:27;235.3339,-2099.43,-2099.43;True,Coupes,ORACLE,9,492338,1;;;
Michael;17:57:26;13:49:28;237.03,-2094.457,-2094.457;True,Coupes,ORACLE,11,69659,1;;;
Michael;17:57:26;13:49:28;239.9656,-2088.912,-2088.912;True,Coupes,ORACLE,12,28075,1;;;
Michael;17:57:27;13:49:29;242.5931,-2082.164,-2082.164;True,Coupes,ORACLE,15,1389,1;If something happened to him right now, I'd be right under a microscope,;Dave;FBI3_DHAO
Michael;17:57:27;13:49:29;244.7465,-2074.328,-2074.328;True,Coupes,ORACLE,15,37985,0;;;
Michael;17:57:28;13:49:30;248.5173,-2066.947,-2066.947;True,Coupes,ORACLE,18,08777,1;;;
Michael;17:57:28;13:49:30;255.0146,-2058.866,-2058.866;True,Coupes,ORACLE,21,69844,1;;;
Michael;17:57:29;13:49:31;262.17,-2048.661,-2048.661;True,Coupes,ORACLE,25,10728,0;;;
Michael;17:57:30;13:49:31;270.0398,-2038.679,-2038.679;True,Coupes,ORACLE,24,60993,1;;;
Michael;17:57:30;13:49:32;277.2984,-2028.522,-2028.522;True,Coupes,ORACLE,23,65464,1;;;
Michael;17:57:31;13:49:32;285,-2018.875,-2018.875;True,Coupes,ORACLE,22,66426,0;;;
Michael;17:57:31;13:49:33;292.8364,-2009.745,-2009.745;True,Coupes,ORACLE,23,72493,1;an electron microscope of bureaucratic shit,;Dave;FBI3_DHAP
Michael;17:57:32;13:49:33;301.1294,-1999.673,-1999.673;True,Coupes,ORACLE,25,60032,1;;;
Michael;17:57:32;13:49:34;310.1574,-1990.014,-1990.014;True,Coupes,ORACLE,24,22566,0;;;
Michael;17:57:33;13:49:35;318.022,-1980.948,-1980.948;True,Coupes,ORACLE,21,74874,0;;;
Michael;17:57:33;13:49:35;324.7203,-1972.794,-1972.794;True,Coupes,ORACLE,19,50672,0;;;
Michael;17:57:34;13:49:36;331.1475,-1965.668,-1965.668;True,Coupes,ORACLE,17,53956,0;and that would make it very difficult to keep old secrets.;Dave;FBI3_DHBN
Michael;17:57:34;13:49:36;336.9609,-1959.372,-1959.372;True,Coupes,ORACLE,14,7739,0;;;
Michael;17:57:35;13:49:37;341.2723,-1954.798,-1954.798;True,Coupes,ORACLE,9,827816,0;;;
Michael;17:57:35;13:49:37;343.4648,-1952.329,-1952.329;True,Coupes,ORACLE,4,162207,0;;;
Michael;17:57:36;13:49:38;344.1711,-1951.406,-1951.406;True,Coupes,ORACLE,0,4715863,0;;;
Michael;17:57:36;13:49:38;344.1313,-1951.368,-1951.368;True,Coupes,ORACLE,0,006761224,0;;;
Michael;17:57:37;13:49:39;344.1311,-1951.368,-1951.368;True,Coupes,ORACLE,0,0;;;
Michael;17:57:37;13:49:39;344.1311,-1951.368,-1951.368;True,Coupes,ORACLE,0,0;Oh, well, boohoo for you.;Michael;FBI3_DHAQ
Michael;17:57:38;13:49:40;344.1311,-1951.368,-1951.368;True,Coupes,ORACLE,0,0;;;
Michael;17:57:38;13:49:40;344.1311,-1951.368,-1951.368;True,Coupes,ORACLE,0,0;;;
Michael;17:57:39;13:49:41;344.1311,-1951.368,-1951.368;True,Coupes,ORACLE,0,0;;;
Michael;17:57:39;13:49:41;344.1311,-1951.368,-1951.368;True,Coupes,ORACLE,0,0;;;
Michael;17:57:40;13:49:42;344.1311,-1951.368,-1951.368;True,Coupes,ORACLE,0,0;;;
Michael;17:57:40;13:49:42;344.1311,-1951.368,-1951.368;True,Coupes,ORACLE,0,0;You know who else is having trouble keeping secrets, asshole? Me. After you brought Trevor in on this.;Michael;FBI3_DHAR
Michael;17:57:41;13:49:43;344.1309,-1951.369,-1951.369;True,Coupes,ORACLE,0,01944637,-1;;;
Michael;17:57:41;13:49:43;344.1096,-1951.395,-1951.395;True,Coupes,ORACLE,0,004534944,0;;;
Michael;17:57:42;13:49:44;344.0375,-1951.492,-1951.492;True,Coupes,ORACLE,0,9120712,-1;;;
Michael;17:57:43;13:49:44;343.6867,-1952.164,-1952.164;True,Coupes,ORACLE,0,452348,0;;;
Michael;17:57:43;13:49:45;343.7738,-1951.998,-1951.998;True,Coupes,ORACLE,1,160692,1;;;
Michael;17:57:44;13:49:45;344.052,-1951.387,-1951.387;True,Coupes,ORACLE,0,7142004,0;;;
Michael;17:57:44;13:49:46;344.097,-1951.308,-1951.308;True,Coupes,ORACLE,0,07483499,1;;;
Michael;17:57:45;13:49:46;344.0951,-1951.309,-1951.309;True,Coupes,ORACLE,0,004875862,0;;;
Michael;17:57:45;13:49:47;344.0951,-1951.309,-1951.309;True,Coupes,ORACLE,0,0;;;
Michael;17:57:46;13:49:48;344.0951,-1951.309,-1951.309;True,Coupes,ORACLE,0,0;;;
Michael;17:57:46;13:49:48;344.0951,-1951.309,-1951.309;True,Coupes,ORACLE,0,0;;;
Michael;17:57:47;13:49:49;344.0951,-1951.309,-1951.309;True,Coupes,ORACLE,0,0;I only brought him in after you'd put out your press release. "Townley's taking scores again!";Dave;FBI3_DHAS
Michael;17:57:47;13:49:49;344.0951,-1951.309,-1951.309;True,Coupes,ORACLE,0,0;;;
Michael;17:57:48;13:49:50;344.0951,-1951.309,-1951.309;True,Coupes,ORACLE,0,0;;;
Michael;17:57:48;13:49:50;344.0951,-1951.309,-1951.309;True,Coupes,ORACLE,0,0;;;
Michael;17:57:49;13:49:51;344.0951,-1951.309,-1951.309;True,Coupes,ORACLE,0,0;;;
Michael;17:57:49;13:49:51;344.0951,-1951.309,-1951.309;True,Coupes,ORACLE,0,0;;;
Michael;17:57:50;13:49:52;344.0951,-1951.309,-1951.309;True,Coupes,ORACLE,0,0;;;
Michael;17:57:50;13:49:52;344.0951,-1951.309,-1951.309;True,Coupes,ORACLE,0,0;;;
Michael;17:57:51;13:49:53;344.0951,-1951.309,-1951.309;True,Coupes,ORACLE,0,0;;;
Michael;17:57:51;13:49:53;344.0951,-1951.309,-1951.309;True,Coupes,ORACLE,0,0;;;
Michael;17:57:52;13:49:54;344.0951,-1951.309,-1951.309;True,Coupes,ORACLE,0,0;The Los Santos reboot.;Dave;FBI3_DHBO
Michael;17:57:52;13:49:54;344.0951,-1951.309,-1951.309;True,Coupes,ORACLE,0,0;;;
Michael;17:57:53;13:49:55;344.0951,-1951.309,-1951.309;True,Coupes,ORACLE,0,0;;;
Michael;17:57:53;13:49:55;344.1855,-1951.086,-1951.086;True,Coupes,ORACLE,1,232006,1;;;
Michael;17:57:54;13:49:56;344.5135,-1949.921,-1949.921;True,Coupes,ORACLE,3,703587,1;If we didn't control the situation, and he'd unearthed this connection, then what?;Dave;FBI3_DHAT
Michael;17:57:54;13:49:56;345.2668,-1946.944,-1946.944;True,Coupes,ORACLE,8,278786,1;;;
Michael;17:57:55;13:49:57;347.2848,-1941.823,-1941.823;True,Coupes,ORACLE,12,21767,0;;;
Michael;17:57:56;13:49:57;350.1054,-1936.244,-1936.244;True,Coupes,ORACLE,12,99121,1;;;
Michael;17:57:56;13:49:58;351.8896,-1930.102,-1930.102;True,Coupes,ORACLE,12,18963,1;;;
Michael;17:57:57;13:49:58;352.5562,-1923.278,-1923.278;True,Coupes,ORACLE,14,35227,1;;;
Michael;17:57:57;13:49:59;350.983,-1915.875,-1915.875;True,Coupes,ORACLE,13,84886,0;;;
Michael;17:57:58;13:49:59;347.1721,-1909.146,-1909.146;True,Coupes,ORACLE,15,95473,1;;;
Michael;17:57:58;13:50:00;341.472,-1902.396,-1902.396;True,Coupes,ORACLE,16,86712,0;Then Trevor flips out, beheads me, kills my family... or raises 'em as his own.;Michael;FBI3_DHAU
Michael;17:57:59;13:50:01;335.8409,-1896.24,-1896.24;True,Coupes,ORACLE,14,89128,0;;;
Michael;17:57:59;13:50:01;330.9778,-1890.844,-1890.844;True,Coupes,ORACLE,13,16987,1;;;
Michael;17:58:00;13:50:02;325.4642,-1886.363,-1886.363;True,Coupes,ORACLE,13,09471,0;;;
Michael;17:58:00;13:50:02;319.5714,-1883.848,-1883.848;True,Coupes,ORACLE,12,82902,1;;;
Michael;17:58:01;13:50:03;314.449,-1880.642,-1880.642;True,Coupes,ORACLE,10,75056,0;;;
Michael;17:58:01;13:50:03;310.3316,-1877.52,-1877.52;True,Coupes,ORACLE,9,026963,0;;;
Michael;17:58:02;13:50:04;306.9673,-1874.96,-1874.96;True,Coupes,ORACLE,7,390364,0;;;
Michael;17:58:02;13:50:04;304.2201,-1872.897,-1872.897;True,Coupes,ORACLE,5,792156,0;;;
Michael;17:58:03;13:50:05;302.2112,-1871.413,-1871.413;True,Coupes,ORACLE,3,416546,0;;;
Michael;17:58:03;13:50:05;301.7519,-1871.024,-1871.024;True,Coupes,ORACLE,0,2071943,0;;;
Michael;17:58:04;13:50:06;301.7743,-1871.006,-1871.006;True,Coupes,ORACLE,0,002863499,0;I don't know which is worse. Anyway, any of that could happen at any time.;Michael;FBI3_DHAV
Michael;17:58:04;13:50:06;301.7743,-1871.006,-1871.006;True,Coupes,ORACLE,0,0;;;
Michael;17:58:05;13:50:07;301.7743,-1871.006,-1871.006;True,Coupes,ORACLE,0,0;;;
Michael;17:58:05;13:50:07;301.7743,-1871.006,-1871.006;True,Coupes,ORACLE,0,0;;;
Michael;17:58:06;13:50:08;301.7743,-1871.006,-1871.006;True,Coupes,ORACLE,0,0;;;
Michael;17:58:06;13:50:08;301.7743,-1871.006,-1871.006;True,Coupes,ORACLE,0,0;;;
Michael;17:58:07;13:50:09;301.7743,-1871.006,-1871.006;True,Coupes,ORACLE,0,0;;;
Michael;17:58:07;13:50:09;301.7743,-1871.006,-1871.006;True,Coupes,ORACLE,0,0;;;
Michael;17:58:08;13:50:10;301.7743,-1871.006,-1871.006;True,Coupes,ORACLE,0,0;;;
Michael;17:58:09;13:50:10;301.7743,-1871.006,-1871.006;True,Coupes,ORACLE,0,0;Slow down. Let's think this through. What does he know?;Dave;FBI3_DHAW
Michael;17:58:09;13:50:11;301.7743,-1871.006,-1871.006;True,Coupes,ORACLE,0,0;;;
Michael;17:58:10;13:50:11;301.7743,-1871.006,-1871.006;True,Coupes,ORACLE,0,0;;;
Michael;17:58:10;13:50:12;301.7743,-1871.006,-1871.006;True,Coupes,ORACLE,0,0;;;
Michael;17:58:11;13:50:12;301.7743,-1871.006,-1871.006;True,Coupes,ORACLE,0,0;;;
Michael;17:58:11;13:50:13;301.7743,-1871.006,-1871.006;True,Coupes,ORACLE,0,0;;;
Michael;17:58:12;13:50:13;301.7743,-1871.006,-1871.006;True,Coupes,ORACLE,0,0;;;
Michael;17:58:12;13:50:14;301.7743,-1871.006,-1871.006;True,Coupes,ORACLE,0,0;;;
Michael;17:58:13;13:50:15;301.7743,-1871.006,-1871.006;True,Coupes,ORACLE,0,0;;;
Michael;17:58:13;13:50:15;301.4269,-1870.757,-1870.757;True,Coupes,ORACLE,2,012328,1;He knows I'm alive. He knows I got money. And, now he knows I'm working with the FIB.;Michael;FBI3_DHAX
Michael;17:58:14;13:50:16;299.7986,-1869.57,-1869.57;True,Coupes,ORACLE,5,960504,1;;;
Michael;17:58:14;13:50:16;296.0309,-1866.771,-1866.771;True,Coupes,ORACLE,11,92042,1;;;
Michael;17:58:15;13:50:17;291.0607,-1863.08,-1863.08;True,Coupes,ORACLE,12,55549,1;;;
Michael;17:58:15;13:50:17;285.519,-1858.437,-1858.437;True,Coupes,ORACLE,15,45821,1;;;
Michael;17:58:16;13:50:18;278.639,-1852.482,-1852.482;True,Coupes,ORACLE,19,45005,1;;;
Michael;17:58:16;13:50:18;270.5175,-1845.185,-1845.185;True,Coupes,ORACLE,22,82232,1;;;
Michael;17:58:17;13:50:19;261.6082,-1837.563,-1837.563;True,Coupes,ORACLE,21,52581,0;;;
Michael;17:58:17;13:50:19;253.1852,-1830.927,-1830.927;True,Coupes,ORACLE,19,58015,0;;;
Michael;17:58:18;13:50:20;246.0665,-1824.18,-1824.18;True,Coupes,ORACLE,17,6543,0;;;
Michael;17:58:18;13:50:20;239.3746,-1818.771,-1818.771;True,Coupes,ORACLE,15,6837,0;;;
Michael;17:58:19;13:50:21;232.5468,-1813.907,-1813.907;True,Coupes,ORACLE,16,27515,0;;;
Michael;17:58:19;13:50:21;226.3959,-1808.95,-1808.95;True,Coupes,ORACLE,14,19328,0;Does he know how long you've been working with the FIB?;Dave;FBI3_DHAY
Michael;17:58:20;13:50:22;220.7627,-1803.789,-1803.789;True,Coupes,ORACLE,14,75672,1;;;
Michael;17:58:20;13:50:22;214.687,-1798.247,-1798.247;True,Coupes,ORACLE,16,57091,0;;;
Michael;17:58:21;13:50:23;208.5404,-1793.083,-1793.083;True,Coupes,ORACLE,14,47962,0;;;
Michael;17:58:22;13:50:23;203.6859,-1788.13,-1788.13;True,Coupes,ORACLE,12,03124,0;;;
Michael;17:58:22;13:50:24;200.6962,-1783.175,-1783.175;True,Coupes,ORACLE,10,25903,0;How long? The fuck does that matter?;Michael;FBI3_DHAZ
Michael;17:58:23;13:50:24;197.8499,-1779.483,-1779.483;True,Coupes,ORACLE,8,133001,0;;;
Michael;17:58:23;13:50:25;195.0011,-1777.059,-1777.059;True,Coupes,ORACLE,6,408564,0;;;
Michael;17:58:24;13:50:25;192.744,-1775.267,-1775.267;True,Coupes,ORACLE,4,753183,0;;;
Michael;17:58:24;13:50:26;191.4144,-1774.089,-1774.089;True,Coupes,ORACLE,1,080608,0;;;
Michael;17:58:25;13:50:27;190.7231,-1773.115,-1773.115;True,Coupes,ORACLE,3,724937,0;;;
Michael;17:58:25;13:50:27;189.5855,-1772.131,-1772.131;True,Coupes,ORACLE,2,072419,0;;;
Michael;17:58:26;13:50:28;188.4354,-1771.204,-1771.204;True,Coupes,ORACLE,4,573628,1;;;
Michael;17:58:26;13:50:28;185.3728,-1768.736,-1768.736;True,Coupes,ORACLE,10,33307,1;;;
Michael;17:58:27;13:50:29;180.6794,-1764.931,-1764.931;True,Coupes,ORACLE,11,63692,1;Either you were working with us before the cash depot job - you walked your crew into an ambush,;Dave;FBI3_DHBA
Michael;17:58:27;13:50:29;175.5756,-1760.574,-1760.574;True,Coupes,ORACLE,13,98734,1;;;
Michael;17:58:28;13:50:30;170.0146,-1754.926,-1754.926;True,Coupes,ORACLE,16,25231,1;;;
Michael;17:58:28;13:50:30;163.2798,-1749.455,-1749.455;True,Coupes,ORACLE,16,63232,1;;;
Michael;17:58:29;13:50:31;156.1153,-1743.439,-1743.439;True,Coupes,ORACLE,19,04176,1;;;
Michael;17:58:29;13:50:31;147.8535,-1736.405,-1736.405;True,Coupes,ORACLE,22,28078,1;;;
Michael;17:58:30;13:50:32;138.3174,-1728.946,-1728.946;True,Coupes,ORACLE,24,17153,1;;;
Michael;17:58:30;13:50:32;128.1984,-1721.026,-1721.026;True,Coupes,ORACLE,24,28521,0;;;
Michael;17:58:31;13:50:33;118.7943,-1713.499,-1713.499;True,Coupes,ORACLE,22,3508,0;;;
Michael;17:58:31;13:50:33;110.4975,-1705.928,-1705.928;True,Coupes,ORACLE,20,48656,0;;;
Michael;17:58:32;13:50:34;102.6645,-1698.77,-1698.77;True,Coupes,ORACLE,19,72972,0;one of them spent ten years on the run, and the other landed in a Federal penitentiary...;Dave;FBI3_DHBB
Michael;17:58:32;13:50:34;95.14832,-1692.294,-1692.294;True,Coupes,ORACLE,18,91375,0;;;
Michael;17:58:33;13:50:35;87.96181,-1686.116,-1686.116;True,Coupes,ORACLE,17,66354,0;;;
Michael;17:58:34;13:50:35;81.31907,-1680.432,-1680.432;True,Coupes,ORACLE,16,07812,1;;;
Michael;17:58:34;13:50:36;74.063,-1674.471,-1674.471;True,Coupes,ORACLE,19,64668,1;;;
Michael;17:58:35;13:50:36;65.44425,-1667.881,-1667.881;True,Coupes,ORACLE,22,07471,1;;;
Michael;17:58:35;13:50:37;56.44011,-1660.157,-1660.157;True,Coupes,ORACLE,22,34649,0;;;
Michael;17:58:36;13:50:37;47.88401,-1653.163,-1653.163;True,Coupes,ORACLE,20,37043,0;;;
Michael;17:58:36;13:50:38;40.56117,-1646.393,-1646.393;True,Coupes,ORACLE,18,45723,0;;;
Michael;17:58:37;13:50:38;33.36741,-1640.844,-1640.844;True,Coupes,ORACLE,16,67667,0;;;
Michael;17:58:37;13:50:39;26.88295,-1635.775,-1635.775;True,Coupes,ORACLE,14,90852,0;Or?;Michael;FBI3_DHBC
Michael;17:58:38;13:50:40;21.33566,-1630.994,-1630.994;True,Coupes,ORACLE,13,21986,0;Or we stumbled on the cash depot job, Brad went down, you went down, Trevor got away.;Dave;FBI3_DHBD
Michael;17:58:38;13:50:40;16.50146,-1626.766,-1626.766;True,Coupes,ORACLE,11,47806,0;;;
Michael;17:58:39;13:50:41;12.075,-1623.544,-1623.544;True,Coupes,ORACLE,9,65461,0;;;
Michael;17:58:39;13:50:41;8.7941,-1620.774,-1620.774;True,Coupes,ORACLE,6,409495,0;;;
Michael;17:58:40;13:50:42;7.401111,-1619.558,-1619.558;True,Coupes,ORACLE,1,666507,0;;;
Michael;17:58:40;13:50:42;7.086819,-1619.213,-1619.213;True,Coupes,ORACLE,0,168507,0;;;
Michael;17:58:41;13:50:43;7.090093,-1619.207,-1619.207;True,Coupes,ORACLE,0,0;;;
Michael;17:58:41;13:50:43;7.090093,-1619.207,-1619.207;True,Coupes,ORACLE,0,0;;;
Michael;17:58:42;13:50:44;7.090093,-1619.207,-1619.207;True,Coupes,ORACLE,0,0;;;
Michael;17:58:42;13:50:44;7.090093,-1619.207,-1619.207;True,Coupes,ORACLE,0,0;;;
Michael;17:58:43;13:50:45;7.090093,-1619.207,-1619.207;True,Coupes,ORACLE,0,0;;;
Michael;17:58:43;13:50:45;7.090093,-1619.207,-1619.207;True,Coupes,ORACLE,0,0;;;
Michael;17:58:44;13:50:46;7.090093,-1619.207,-1619.207;True,Coupes,ORACLE,0,0;The FIB cut you a deal on your sick bed, faked your death, and you end up here.;Dave;FBI3_DHBE
Michael;17:58:44;13:50:46;7.090093,-1619.207,-1619.207;True,Coupes,ORACLE,0,0;;;
Michael;17:58:45;13:50:47;7.090093,-1619.207,-1619.207;True,Coupes,ORACLE,0,0;;;
Michael;17:58:45;13:50:47;7.090093,-1619.207,-1619.207;True,Coupes,ORACLE,0,0;;;
Michael;17:58:46;13:50:48;7.090093,-1619.207,-1619.207;True,Coupes,ORACLE,0,0;;;
Michael;17:58:47;13:50:48;7.090093,-1619.207,-1619.207;True,Coupes,ORACLE,0,0;;;
Michael;17:58:47;13:50:49;7.090093,-1619.207,-1619.207;True,Coupes,ORACLE,0,0;;;
Michael;17:58:48;13:50:49;7.090093,-1619.207,-1619.207;True,Coupes,ORACLE,0,0;;;
Michael;17:58:48;13:50:50;7.071803,-1619.19,-1619.19;True,Coupes,ORACLE,0,3768948,1;;;
Michael;17:58:49;13:50:50;6.462774,-1618.63,-1618.63;True,Coupes,ORACLE,2,943809,1;Who's to say which of those is true?;Michael;FBI3_DHBF
Michael;17:58:49;13:50:51;4.5806,-1616.91,-1616.91;True,Coupes,ORACLE,7,318563,1;;;
Michael;17:58:50;13:50:51;0.5276718,-1613.285,-1613.285;True,Coupes,ORACLE,12,02267,0;;;
Michael;17:58:50;13:50:52;-3.785319,-1609.399,-1609.399;True,Coupes,ORACLE,10,38677,0;;;
Michael;17:58:51;13:50:53;-7.474952,-1606.055,-1606.055;True,Coupes,ORACLE,8,73765,0;That there's any doubt probably accounts for you being alive.;Dave;FBI3_DHBG
Michael;17:58:51;13:50:53;-11.29947,-1602.59,-1602.59;True,Coupes,ORACLE,10,69413,1;;;
Michael;17:58:52;13:50:54;-16.1734,-1599.009,-1599.009;True,Coupes,ORACLE,11,48022,1;;;
Michael;17:58:52;13:50:54;-20.7079,-1594.902,-1594.902;True,Coupes,ORACLE,12,44589,1;;;
Michael;17:58:53;13:50:55;-25.8512,-1590.054,-1590.054;True,Coupes,ORACLE,14,83539,1;;;
Michael;17:58:53;13:50:55;-32.1056,-1585.132,-1585.132;True,Coupes,ORACLE,15,04864,1;;;
Michael;17:58:54;13:50:56;-38.6107,-1580.212,-1580.212;True,Coupes,ORACLE,16,21079,1;;;
Michael;17:58:54;13:50:56;-45.46865,-1574.679,-1574.679;True,Coupes,ORACLE,16,43105,0;Back there, Trevor made you right away. The second he saw you.;Michael;FBI3_DHBH
Michael;17:58:55;13:50:57;-51.49937,-1569.32,-1569.32;True,Coupes,ORACLE,15,01598,1;;;
Michael;17:58:55;13:50:57;-58.0068,-1564.188,-1564.188;True,Coupes,ORACLE,17,02626,1;;;
Michael;17:58:56;13:50:58;-64.97641,-1557.989,-1557.989;True,Coupes,ORACLE,19,15116,1;;;
Michael;17:58:56;13:50:58;-73.3946,-1551.347,-1551.347;True,Coupes,ORACLE,21,3997,1;;;
Michael;17:58:57;13:50:59;-82.19251,-1543.87,-1543.87;True,Coupes,ORACLE,21,38945,0;;;
Michael;17:58:57;13:50:59;-90.08235,-1536.821,-1536.821;True,Coupes,ORACLE,19,16422,0;;;
Michael;17:58:58;13:51:00;-97.44801,-1530.961,-1530.961;True,Coupes,ORACLE,17,23133,0;;;
Michael;17:58:58;13:51:00;-104.267,-1525.109,-1525.109;True,Coupes,ORACLE,17,80791,1;;;
Michael;17:58:59;13:51:01;-111.9258,-1519.211,-1519.211;True,Coupes,ORACLE,19,90698,1;You remember, after the bust, I was in all the papers. I was on the evening news.;Dave;FBI3_DHBI
Michael;17:59:00;13:51:01;-120.6027,-1512.703,-1512.703;True,Coupes,ORACLE,20,90325,0;;;
Michael;17:59:00;13:51:02;-127.9935,-1506.116,-1506.116;True,Coupes,ORACLE,16,25021,0;;;
Michael;17:59:01;13:51:02;-133.985,-1500.575,-1500.575;True,Coupes,ORACLE,16,00952,1;;;
Michael;17:59:01;13:51:03;-140.225,-1494.902,-1494.902;True,Coupes,ORACLE,16,78842,0;;;
Michael;17:59:02;13:51:03;-147.2207,-1489.559,-1489.559;True,Coupes,ORACLE,16,14139,0;;;
Michael;17:59:02;13:51:04;-153.9493,-1485.068,-1485.068;True,Coupes,ORACLE,15,32657,1;;;
Michael;17:59:03;13:51:05;-160.7342,-1480.599,-1480.599;True,Coupes,ORACLE,15,16445,0;;;
Michael;17:59:03;13:51:05;-167.0157,-1476.475,-1476.475;True,Coupes,ORACLE,13,77995,1;;;
Michael;17:59:04;13:51:06;-172.7192,-1472.033,-1472.033;True,Coupes,ORACLE,13,49904,0;"The man who killed Michael Townley.";Dave;FBI3_DHBJ
Michael;17:59:04;13:51:06;-177.8728,-1467.707,-1467.707;True,Coupes,ORACLE,12,60372,0;;;
Michael;17:59:05;13:51:07;-182.7956,-1463.884,-1463.884;True,Coupes,ORACLE,11,94716,1;;;
Michael;17:59:05;13:51:07;-187.6384,-1459.074,-1459.074;True,Coupes,ORACLE,13,31428,0;;;
Michael;17:59:06;13:51:08;-192.6297,-1455.07,-1455.07;True,Coupes,ORACLE,11,46894,0;;;
Michael;17:59:06;13:51:08;-197.2778,-1452.135,-1452.135;True,Coupes,ORACLE,9,708642,0;Yeah, I was quite a trophy, a good head to hang on your wall.;Michael;FBI3_DHBK
Michael;17:59:07;13:51:09;-199.8643,-1450.011,-1450.011;True,Coupes,ORACLE,0,8547816,0;;;
Michael;17:59:07;13:51:09;-199.916,-1450.058,-1450.058;True,Coupes,ORACLE,0,03138281,0;;;
Michael;17:59:08;13:51:10;-199.9177,-1450.059,-1450.059;True,Coupes,ORACLE,0,0;;;
Michael;17:59:08;13:51:10;-199.9177,-1450.059,-1450.059;True,Coupes,ORACLE,0,0;;;
Michael;17:59:09;13:51:11;-199.9177,-1450.059,-1450.059;True,Coupes,ORACLE,0,0;;;
Michael;17:59:09;13:51:11;-199.9177,-1450.059,-1450.059;True,Coupes,ORACLE,0,0;;;
Michael;17:59:10;13:51:12;-199.9177,-1450.059,-1450.059;True,Coupes,ORACLE,0,0;;;
Michael;17:59:10;13:51:12;-199.9177,-1450.059,-1450.059;True,Coupes,ORACLE,0,0;;;
Michael;17:59:11;13:51:13;-199.9177,-1450.059,-1450.059;True,Coupes,ORACLE,0,0;;;
Michael;17:59:12;13:51:13;-199.9177,-1450.059,-1450.059;True,Coupes,ORACLE,0,0;;;
Michael;17:59:12;13:51:14;-199.9177,-1450.059,-1450.059;True,Coupes,ORACLE,0,0;Back then, sure. Not now.;Dave;FBI3_DHBL
Michael;17:59:13;13:51:14;-199.9177,-1450.059,-1450.059;True,Coupes,ORACLE,0,0;;;
Michael;17:59:13;13:51:15;-199.9177,-1450.059,-1450.059;True,Coupes,ORACLE,0,0;;;
Michael;17:59:14;13:51:15;-199.9177,-1450.059,-1450.059;True,Coupes,ORACLE,0,0;;;
Michael;17:59:14;13:51:16;-199.9177,-1450.059,-1450.059;True,Coupes,ORACLE,0,0;;;
Michael;17:59:15;13:51:16;-199.9177,-1450.059,-1450.059;True,Coupes,ORACLE,0,0;;;
Michael;17:59:15;13:51:17;-199.9177,-1450.059,-1450.059;True,Coupes,ORACLE,0,0;;;
Michael;17:59:16;13:51:18;-199.9177,-1450.059,-1450.059;True,Coupes,ORACLE,0,0;;;
Michael;17:59:16;13:51:18;-199.9177,-1450.059,-1450.059;True,Coupes,ORACLE,0,0;;;
Michael;17:59:17;13:51:19;-199.9177,-1450.059,-1450.059;True,Coupes,ORACLE,0,0;;;
Michael;17:59:17;13:51:19;-199.9177,-1450.059,-1450.059;True,Coupes,ORACLE,0,0;;;
Michael;17:59:18;13:51:20;-199.9177,-1450.059,-1450.059;True,Coupes,ORACLE,0,0;;;
Michael;17:59:18;13:51:20;-199.9177,-1450.059,-1450.059;True,Coupes,ORACLE,0,0;;;
Michael;17:59:19;13:51:21;-199.9177,-1450.059,-1450.059;True,Coupes,ORACLE,0,0;;;
Michael;17:59:19;13:51:21;-199.9177,-1450.059,-1450.059;True,Coupes,ORACLE,0,0;;;
Michael;17:59:20;13:51:22;-199.9177,-1450.059,-1450.059;True,Coupes,ORACLE,0,0;;;
Michael;17:59:20;13:51:22;-199.9604,-1450.026,-1450.026;True,Coupes,ORACLE,0,6104051,1;;;
Michael;17:59:21;13:51:23;-200.7442,-1449.431,-1449.431;True,Coupes,ORACLE,3,32497,1;;;
Michael;17:59:21;13:51:23;-202.9849,-1447.705,-1447.705;True,Coupes,ORACLE,8,005682,1;;;
Michael;17:59:22;13:51:24;-207.2063,-1444.025,-1444.025;True,Coupes,ORACLE,11,77695,0;;;
Michael;17:59:22;13:51:24;-211.7284,-1439.979,-1439.979;True,Coupes,ORACLE,11,19653,0;;;
Michael;17:59:23;13:51:25;-215.8388,-1436.605,-1436.605;True,Coupes,ORACLE,9,55597,0;;;
Michael;17:59:23;13:51:25;-220.2581,-1433.037,-1433.037;True,Coupes,ORACLE,12,24212,0;;;
Michael;17:59:24;13:51:26;-224.9221,-1429.206,-1429.206;True,Coupes,ORACLE,11,50917,0;;;
Michael;17:59:25;13:51:26;-230.9636,-1426.596,-1426.596;True,Coupes,ORACLE,13,88452,1;;;
Michael;17:59:25;13:51:27;-237.7706,-1422.952,-1422.952;True,Coupes,ORACLE,15,18373,1;;;
Michael;17:59:26;13:51:27;-245.6035,-1419.273,-1419.273;True,Coupes,ORACLE,17,46203,0;;;
Michael;17:59:26;13:51:28;-254.102,-1418.368,-1418.368;True,Coupes,ORACLE,15,41546,0;;;
Michael;17:59:27;13:51:28;-261.5471,-1417.37,-1417.37;True,Coupes,ORACLE,14,30104,1;;;
Michael;17:59:27;13:51:29;-266.5877,-1413.014,-1413.014;True,Coupes,ORACLE,11,97704,1;;;
Michael;17:59:28;13:51:29;-267.7285,-1406.499,-1406.499;True,Coupes,ORACLE,13,85251,1;;;
Michael;17:59:28;13:51:30;-268.3131,-1398.662,-1398.662;True,Coupes,ORACLE,16,32534,1;;;
Michael;17:59:29;13:51:31;-269.0715,-1389.474,-1389.474;True,Coupes,ORACLE,18,80035,1;;;
Michael;17:59:29;13:51:31;-269.5739,-1379.193,-1379.193;True,Coupes,ORACLE,21,10561,1;;;
Michael;17:59:30;13:51:32;-270.8949,-1367.633,-1367.633;True,Coupes,ORACLE,23,30723,1;;;
Michael;17:59:30;13:51:32;-271.9562,-1355.19,-1355.19;True,Coupes,ORACLE,24,77209,1;;;
Michael;17:59:31;13:51:33;-272.0748,-1342.247,-1342.247;True,Coupes,ORACLE,24,39357,1;;;
Michael;17:59:31;13:51:33;-272.7523,-1329.599,-1329.599;True,Coupes,ORACLE,23,36059,0;;;
Michael;17:59:32;13:51:34;-272.0849,-1318.032,-1318.032;True,Coupes,ORACLE,21,31186,0;;;
Michael;17:59:32;13:51:34;-271.6152,-1306.793,-1306.793;True,Coupes,ORACLE,22,27321,1;;;
Michael;17:59:33;13:51:35;-272.9683,-1294.798,-1294.798;True,Coupes,ORACLE,24,36951,1;;;
Michael;17:59:33;13:51:35;-274.0261,-1281.888,-1281.888;True,Coupes,ORACLE,24,33695,1;;;
Michael;17:59:34;13:51:36;-273.0511,-1268.774,-1268.774;True,Coupes,ORACLE,25,92673,1;;;
Michael;17:59:34;13:51:36;-271.5748,-1255.057,-1255.057;True,Coupes,ORACLE,27,7885,1;;;
Michael;17:59:35;13:51:37;-270.7187,-1240.267,-1240.267;True,Coupes,ORACLE,28,55447,0;;;
Michael;17:59:35;13:51:37;-270.7137,-1225.938,-1225.938;True,Coupes,ORACLE,26,89822,0;;;
Michael;17:59:36;13:51:38;-269.9288,-1212.668,-1212.668;True,Coupes,ORACLE,25,36974,0;;;
Michael;17:59:36;13:51:38;-270.1029,-1199.863,-1199.863;True,Coupes,ORACLE,23,67318,0;;;
Michael;17:59:37;13:51:39;-271.2587,-1188.599,-1188.599;True,Coupes,ORACLE,19,42357,0;;;
Michael;17:59:38;13:51:39;-272.6103,-1178.989,-1178.989;True,Coupes,ORACLE,18,64485,1;;;
Michael;17:59:38;13:51:40;-274.5183,-1169.047,-1169.047;True,Coupes,ORACLE,18,95503,0;;;
Michael;17:59:39;13:51:40;-276.7099,-1159.738,-1159.738;True,Coupes,ORACLE,18,29319,0;;;
Michael;17:59:39;13:51:41;-281.4244,-1152.171,-1152.171;True,Coupes,ORACLE,16,3679,0;;;
Michael;17:59:40;13:51:41;-286.605,-1145.115,-1145.115;True,Coupes,ORACLE,17,37888,1;;;
Michael;17:59:40;13:51:42;-293.2999,-1138.727,-1138.727;True,Coupes,ORACLE,17,21187,0;;;
Michael;17:59:41;13:51:43;-301.0031,-1135.8,-1135.8;True,Coupes,ORACLE,14,68567,0;;;
Michael;17:59:41;13:51:43;-309.0458,-1134.848,-1134.848;True,Coupes,ORACLE,16,37168,1;;;
Michael;17:59:42;13:51:44;-317.9588,-1132.74,-1132.74;True,Coupes,ORACLE,18,45902,1;;;
Michael;17:59:42;13:51:44;-327.8014,-1130.895,-1130.895;True,Coupes,ORACLE,20,36448,1;;;
Michael;17:59:43;13:51:45;-338.6716,-1128.412,-1128.412;True,Coupes,ORACLE,22,38137,1;;;
Michael;17:59:43;13:51:45;-350.3046,-1125.93,-1125.93;True,Coupes,ORACLE,23,85,1;;;
Michael;17:59:44;13:51:46;-362.7147,-1123.183,-1123.183;True,Coupes,ORACLE,25,09471,1;;;
Michael;17:59:44;13:51:46;-375.1288,-1120.581,-1120.581;True,Coupes,ORACLE,24,70525,1;;;
Michael;17:59:45;13:51:47;-388.3998,-1117.06,-1117.06;True,Coupes,ORACLE,27,35672,1;;;
Michael;17:59:45;13:51:47;-402.5577,-1113.852,-1113.852;True,Coupes,ORACLE,28,71541,1;;;
Michael;17:59:46;13:51:48;-417.2809,-1110.213,-1110.213;True,Coupes,ORACLE,30,03345,1;;;
Michael;17:59:46;13:51:48;-431.8264,-1106.386,-1106.386;True,Coupes,ORACLE,27,966,0;;;
Michael;17:59:47;13:51:49;-445.3758,-1102.731,-1102.731;True,Coupes,ORACLE,26,03849,0;;;
Michael;17:59:47;13:51:49;-457.8502,-1098.763,-1098.763;True,Coupes,ORACLE,24,5075,0;;;
Michael;17:59:48;13:51:50;-469.3639,-1094.414,-1094.414;True,Coupes,ORACLE,23,03743,0;;;
Michael;17:59:48;13:51:50;-480.2543,-1090.423,-1090.423;True,Coupes,ORACLE,21,67818,0;;;
Michael;17:59:49;13:51:51;-490.4082,-1086.674,-1086.674;True,Coupes,ORACLE,20,37266,0;;;
Michael;17:59:49;13:51:51;-499.7592,-1082.644,-1082.644;True,Coupes,ORACLE,19,03073,0;;;
Michael;17:59:50;13:51:52;-508.1118,-1078.298,-1078.298;True,Coupes,ORACLE,17,50047,0;;;
Michael;17:59:51;13:51:52;-515.5973,-1073.912,-1073.912;True,Coupes,ORACLE,15,63992,1;;;
Michael;17:59:51;13:51:53;-522.1398,-1068.021,-1068.021;True,Coupes,ORACLE,18,03294,1;;;
Michael;17:59:52;13:51:53;-527.4434,-1059.5,-1059.5;True,Coupes,ORACLE,20,36177,1;;;
Michael;17:59:52;13:51:54;-529.9608,-1048.517,-1048.517;True,Coupes,ORACLE,22,83296,1;;;
Michael;17:59:53;13:51:54;-530.2305,-1036.78,-1036.78;True,Coupes,ORACLE,22,69239,1;;;
Michael;17:59:53;13:51:55;-530.8843,-1024.855,-1024.855;True,Coupes,ORACLE,22,18674,0;;;
Michael;17:59:54;13:51:56;-532.8836,-1014.086,-1014.086;True,Coupes,ORACLE,20,054,0;;;
Michael;17:59:54;13:51:56;-534.0142,-1004.296,-1004.296;True,Coupes,ORACLE,18,197,0;;;
Michael;17:59:55;13:51:57;-534.7466,-995.1688,-995.1688;True,Coupes,ORACLE,17,12573,1;;;
Michael;17:59:55;13:51:57;-535.9046,-985.5085,-985.5085;True,Coupes,ORACLE,19,99021,1;;;
Michael;17:59:56;13:51:58;-537.7066,-975.0251,-975.0251;True,Coupes,ORACLE,19,63634,0;;;
Michael;17:59:56;13:51:58;-541.8354,-966.0742,-966.0742;True,Coupes,ORACLE,18,1939,0;;;
Michael;17:59:57;13:51:59;-548.6028,-960.2037,-960.2037;True,Coupes,ORACLE,18,14143,1;;;
Michael;17:59:57;13:51:59;-557.8516,-956.3686,-956.3686;True,Coupes,ORACLE,20,30318,1;;;
Michael;17:59:58;13:52:00;-568.1415,-955.3593,-955.3593;True,Coupes,ORACLE,19,77643,1;;;
Michael;17:59:58;13:52:00;-579.1353,-955.3289,-955.3289;True,Coupes,ORACLE,22,23283,0;;;
Michael;17:59:59;13:52:01;-590.2749,-954.9545,-954.9545;True,Coupes,ORACLE,20,58681,0;;;
Michael;17:59:59;13:52:01;-600.6276,-954.5791,-954.5791;True,Coupes,ORACLE,18,96983,0;;;
Michael;18:00:00;13:52:02;-610.1749,-954.2334,-954.2334;True,Coupes,ORACLE,17,3919,0;;;
Michael;18:00:00;13:52:02;-618.4583,-953.7559,-953.7559;True,Coupes,ORACLE,12,99225,0;;;
Michael;18:00:01;13:52:03;-623.8117,-951.07,-951.07;True,Coupes,ORACLE,11,0388,1;;;
Michael;18:00:01;13:52:03;-627.499,-946.3032,-946.3032;True,Coupes,ORACLE,11,28837,1;;;
Michael;18:00:02;13:52:04;-629.9321,-940.6106,-940.6106;True,Coupes,ORACLE,13,48561,1;;;
Michael;18:00:03;13:52:04;-631.3531,-933.1553,-933.1553;True,Coupes,ORACLE,15,45774,1;;;
Michael;18:00:03;13:52:05;-631.1119,-924.7309,-924.7309;True,Coupes,ORACLE,17,18438,1;;;
Michael;18:00:04;13:52:05;-629.7524,-915.2643,-915.2643;True,Coupes,ORACLE,19,05544,0;;;
Michael;18:00:04;13:52:06;-629.7231,-905.6716,-905.6716;True,Coupes,ORACLE,18,23524,0;;;
Michael;18:00:05;13:52:06;-630.1364,-896.5967,-896.5967;True,Coupes,ORACLE,16,29675,0;;;
Michael;18:00:05;13:52:07;-630.5449,-888.5665,-888.5665;True,Coupes,ORACLE,14,54386,0;;;
Michael;18:00:06;13:52:08;-630.5916,-881.2056,-881.2056;True,Coupes,ORACLE,14,62164,1;;;
Michael;18:00:06;13:52:08;-631.0451,-873.3619,-873.3619;True,Coupes,ORACLE,14,30983,0;;;
Michael;18:00:07;13:52:09;-631.675,-866.4061,-866.4061;True,Coupes,ORACLE,12,44414,0;;;
Michael;18:00:07;13:52:09;-632.1102,-859.8229,-859.8229;True,Coupes,ORACLE,13,78143,1;;;
Michael;18:00:08;13:52:10;-632.1104,-852.0475,-852.0475;True,Coupes,ORACLE,15,89371,1;;;
Michael;18:00:08;13:52:10;-632.4588,-843.1252,-843.1252;True,Coupes,ORACLE,18,35116,1;;;
Michael;18:00:09;13:52:11;-633.2629,-832.8606,-832.8606;True,Coupes,ORACLE,21,34476,1;;;
Michael;18:00:09;13:52:11;-635.1188,-821.1934,-821.1934;True,Coupes,ORACLE,23,54268,1;;;
Michael;18:00:10;13:52:12;-635.8225,-808.5516,-808.5516;True,Coupes,ORACLE,25,13269,1;;;
Michael;18:00:10;13:52:12;-635.765,-795.7721,-795.7721;True,Coupes,ORACLE,24,67591,1;;;
Michael;18:00:11;13:52:13;-635.3606,-782.2779,-782.2779;True,Coupes,ORACLE,26,09707,1;;;
Michael;18:00:11;13:52:13;-635.2953,-768.3798,-768.3798;True,Coupes,ORACLE,27,43002,1;;;
Michael;18:00:12;13:52:14;-635.4428,-753.78,-753.78;True,Coupes,ORACLE,28,70708,1;;;
Michael;18:00:12;13:52:14;-635.8137,-738.4985,-738.4985;True,Coupes,ORACLE,29,79285,1;;;
Michael;18:00:13;13:52:15;-635.6807,-722.8184,-722.8184;True,Coupes,ORACLE,29,5498,0;;;
Michael;18:00:14;13:52:15;-634.8849,-708.0319,-708.0319;True,Coupes,ORACLE,27,09214,0;;;
Michael;18:00:14;13:52:16;-633.7598,-695.3723,-695.3723;True,Coupes,ORACLE,21,2143,0;;;
Michael;18:00:15;13:52:16;-633.2007,-684.895,-684.895;True,Coupes,ORACLE,19,13144,0;;;
Michael;18:00:15;13:52:17;-632.2557,-674.6995,-674.6995;True,Coupes,ORACLE,20,54734,1;;;
Michael;18:00:16;13:52:17;-630.6871,-663.3859,-663.3859;True,Coupes,ORACLE,24,00967,1;;;
Michael;18:00:16;13:52:18;-629.4875,-650.4633,-650.4633;True,Coupes,ORACLE,24,18272,0;;;
Michael;18:00:17;13:52:18;-629.4153,-638.3947,-638.3947;True,Coupes,ORACLE,23,36047,1;;;
Michael;18:00:17;13:52:19;-628.2219,-626.0999,-626.0999;True,Coupes,ORACLE,23,33388,0;;;
Michael;18:00:18;13:52:20;-625.2681,-614.3862,-614.3862;True,Coupes,ORACLE,23,99409,1;;;
Michael;18:00:18;13:52:20;-623.3166,-602.2841,-602.2841;True,Coupes,ORACLE,23,00916,1;;;
Michael;18:00:19;13:52:21;-623.3354,-589.934,-589.934;True,Coupes,ORACLE,24,43678,1;;;
Michael;18:00:19;13:52:21;-623.4343,-576.9554,-576.9554;True,Coupes,ORACLE,25,86663,1;;;
Michael;18:00:20;13:52:22;-623.4702,-563.1525,-563.1525;True,Coupes,ORACLE,27,1851,1;;;
Michael;18:00:20;13:52:22;-623.4901,-548.4604,-548.4604;True,Coupes,ORACLE,27,73125,0;;;
Michael;18:00:21;13:52:23;-623.4633,-534.4095,-534.4095;True,Coupes,ORACLE,27,18881,1;;;
Michael;18:00:21;13:52:23;-623.3871,-519.8243,-519.8243;True,Coupes,ORACLE,28,52266,1;;;
Michael;18:00:22;13:52:24;-623.2645,-504.5347,-504.5347;True,Coupes,ORACLE,29,77934,1;;;
Michael;18:00:22;13:52:24;-623.1083,-489.3127,-489.3127;True,Coupes,ORACLE,28,59842,0;;;
Michael;18:00:23;13:52:25;-622.9299,-474.9088,-474.9088;True,Coupes,ORACLE,26,57051,0;;;
Michael;18:00:23;13:52:25;-622.7416,-461.5903,-461.5903;True,Coupes,ORACLE,24,63042,0;;;
Michael;18:00:24;13:52:26;-622.6301,-449.0858,-449.0858;True,Coupes,ORACLE,22,64447,0;;;
Michael;18:00:24;13:52:26;-622.989,-437.751,-437.751;True,Coupes,ORACLE,20,70564,0;;;
Michael;18:00:25;13:52:27;-622.7833,-427.5665,-427.5665;True,Coupes,ORACLE,18,81645,0;;;
Michael;18:00:25;13:52:27;-622.9859,-418.203,-418.203;True,Coupes,ORACLE,18,42029,1;;;
Michael;18:00:26;13:52:28;-622.3813,-408.5854,-408.5854;True,Coupes,ORACLE,17,42237,0;;;
Michael;18:00:27;13:52:28;-622.8523,-399.9219,-399.9219;True,Coupes,ORACLE,15,61092,0;;;
Michael;18:00:27;13:52:29;-623.3024,-391.8876,-391.8876;True,Coupes,ORACLE,16,03683,1;;;
Michael;18:00:28;13:52:29;-622.9019,-382.885,-382.885;True,Coupes,ORACLE,18,55669,1;;;
Michael;18:00:28;13:52:30;-623.2195,-372.4949,-372.4949;True,Coupes,ORACLE,21,13443,1;;;
Michael;18:00:29;13:52:30;-624.7996,-361.1071,-361.1071;True,Coupes,ORACLE,23,38763,1;;;
Michael;18:00:29;13:52:31;-627.5877,-348.7968,-348.7968;True,Coupes,ORACLE,24,8621,1;;;
Michael;18:00:30;13:52:32;-632.2704,-336.7766,-336.7766;True,Coupes,ORACLE,24,36541,1;;;
Michael;18:00:30;13:52:32;-637.3363,-324.389,-324.389;True,Coupes,ORACLE,25,45915,0;;;
Michael;18:00:31;13:52:33;-644.1812,-313.3193,-313.3193;True,Coupes,ORACLE,25,22306,1;;;
Michael;18:00:31;13:52:33;-651.2695,-301.7411,-301.7411;True,Coupes,ORACLE,26,53849,1;;;
Michael;18:00:32;13:52:34;-658.4772,-289.7167,-289.7167;True,Coupes,ORACLE,26,89111,0;;;
Michael;18:00:32;13:52:34;-664.9911,-278.1072,-278.1072;True,Coupes,ORACLE,24,72514,0;;;
Michael;18:00:33;13:52:35;-670.0704,-266.9561,-266.9561;True,Coupes,ORACLE,22,70585,0;;;
Michael;18:00:33;13:52:35;-674.7166,-256.5613,-256.5613;True,Coupes,ORACLE,21,14399,1;;;
Michael;18:00:34;13:52:36;-680.0294,-246.2373,-246.2373;True,Coupes,ORACLE,23,00253,1;;;
Michael;18:00:34;13:52:36;-685.8524,-235.0851,-235.0851;True,Coupes,ORACLE,25,08207,0;;;
Michael;18:00:35;13:52:37;-692.0253,-223.8216,-223.8216;True,Coupes,ORACLE,25,29009,1;;;
Michael;18:00:35;13:52:37;-698.1678,-211.6397,-211.6397;True,Coupes,ORACLE,27,82689,1;;;
Michael;18:00:36;13:52:38;-705.6356,-198.4695,-198.4695;True,Coupes,ORACLE,31,124,1;;;
Michael;18:00:36;13:52:38;-713.6038,-184.5913,-184.5913;True,Coupes,ORACLE,30,01739,0;;;
Michael;18:00:37;13:52:39;-721.6772,-171.3275,-171.3275;True,Coupes,ORACLE,28,75375,0;;;
Michael;18:00:37;13:52:39;-730.5656,-159.7266,-159.7266;True,Coupes,ORACLE,26,52536,0;;;
Michael;18:00:38;13:52:40;-737.9536,-148.5873,-148.5873;True,Coupes,ORACLE,24,89462,1;;;
Michael;18:00:39;13:52:40;-745.1611,-137.2033,-137.2033;True,Coupes,ORACLE,26,54136,1;;;
Michael;18:00:39;13:52:41;-752.3522,-125.6787,-125.6787;True,Coupes,ORACLE,25,61368,0;;;
Michael;18:00:40;13:52:41;-759.0694,-114.7691,-114.7691;True,Coupes,ORACLE,23,59826,0;;;
Michael;18:00:40;13:52:42;-764.3694,-104.3668,-104.3668;True,Coupes,ORACLE,21,76477,0;;;
Michael;18:00:41;13:52:42;-768.8944,-94.47211,-94.47211;True,Coupes,ORACLE,20,00248,0;;;
Michael;18:00:41;13:52:43;-773.1439,-86.0358,-86.0358;True,Coupes,ORACLE,16,96437,0;;;
Michael;18:00:42;13:52:44;-777.9494,-78.85942,-78.85942;True,Coupes,ORACLE,17,14461,1;;;
Michael;18:00:42;13:52:44;-782.598,-70.45802,-70.45802;True,Coupes,ORACLE,19,96276,1;;;
Michael;18:00:43;13:52:45;-787.881,-60.64286,-60.64286;True,Coupes,ORACLE,22,20978,1;;;
Michael;18:00:43;13:52:45;-794.0322,-50.43017,-50.43017;True,Coupes,ORACLE,22,4504,0;;;
Michael;18:00:44;13:52:46;-799.8482,-40.88261,-40.88261;True,Coupes,ORACLE,20,61148,0;;;
Michael;18:00:44;13:52:46;-805.2335,-31.89746,-31.89746;True,Coupes,ORACLE,19,67041,1;;;
Michael;18:00:45;13:52:47;-810.4989,-23.08418,-23.08418;True,Coupes,ORACLE,19,12049,0;;;
Michael;18:00:45;13:52:47;-815.4227,-14.68472,-14.68472;True,Coupes,ORACLE,19,73024,1;;;
Michael;18:00:46;13:52:48;-820.4818,-5.918568,-5.918568;True,Coupes,ORACLE,16,94854,0;;;
Michael;18:00:46;13:52:48;-825.0789,0.75035,0.75035;True,Coupes,ORACLE,13,86907,0;;;
Michael;18:00:47;13:52:49;-831.4896,4.238689,4.238689;True,Coupes,ORACLE,14,82499,1;;;
Michael;18:00:47;13:52:49;-839.2133,5.198938,5.198938;True,Coupes,ORACLE,14,5816,0;;;
Michael;18:00:48;13:52:50;-847.2894,5.222935,5.222935;True,Coupes,ORACLE,16,94824,1;;;
Michael;18:00:48;13:52:50;-856.3154,5.575608,5.575608;True,Coupes,ORACLE,16,80192,0;;;
Michael;18:00:49;13:52:51;-864.7972,6.905476,6.905476;True,Coupes,ORACLE,13,82072,0;;;
Michael;18:00:49;13:52:51;-869.7709,7.082372,7.082372;True,Coupes,ORACLE,7,260416,0;;;
Michael;18:00:50;13:52:52;-872.2939,5.263699,5.263699;True,Coupes,ORACLE,5,724158,1;;;
Michael;18:00:51;13:52:52;-873.73,1.738261,1.738261;True,Coupes,ORACLE,9,34933,1;;;
Michael;18:00:51;13:52:53;-874.4072,-3.397157,-3.397157;True,Coupes,ORACLE,9,615192,0;;;
Michael;18:00:52;13:52:53;-875.2733,-10.20338,-10.20338;True,Coupes,ORACLE,1,98649,0,005161256;;;
Michael;18:00:52;13:52:54;-875.6042,-11.19923,-11.19923;True,Coupes,ORACLE,1,99423,0,003371745;This is bullshit.;Michael;FBI3_ABAA
Michael;18:00:53;13:52:55;-875.9319,-12.18976,-12.18976;True,Coupes,ORACLE,1,985181,0,004978687;;;
Michael;18:00:53;13:52:55;-876.2559,-13.17933,-13.17933;True,Coupes,ORACLE,1,991978,0,003510237;;;
Michael;18:00:54;13:52:56;-876.5198,-13.99637,-13.99637;True,Coupes,ORACLE,1,023951,0,0099484;;;
Michael;18:00:54;13:52:56;-876.5161,-13.98903,-13.98903;True,Coupes,ORACLE,0,0;This place? Davey, they been shooting the "Real Cunts of Suburbia" here the last few weeks.;Michael;FBI3_ABAZ
Michael;18:00:55;13:52:57;-876.5161,-13.98903,-13.98903;True,Coupes,ORACLE,0,0;;;
Michael;18:00:55;13:52:57;-876.5161,-13.98903,-13.98903;True,Coupes,ORACLE,0,0;;;
Michael;18:00:56;13:52:58;-876.5161,-13.98903,-13.98903;True,Coupes,ORACLE,0,0;;;
Michael;18:00:56;13:52:58;-876.5161,-13.98903,-13.98903;True,Coupes,ORACLE,0,0;;;
Michael;18:00:57;13:52:59;-876.5161,-13.98903,-13.98903;True,Coupes,ORACLE,0,0;;;
Michael;18:00:57;13:52:59;-876.5161,-13.98903,-13.98903;True,Coupes,ORACLE,0,0;;;
Michael;18:00:58;13:53:00;-876.5161,-13.98903,-13.98903;True,Coupes,ORACLE,0,0;;;
Michael;18:00:58;13:53:00;-876.5161,-13.98903,-13.98903;True,Coupes,ORACLE,0,0;;;
Michael;18:00:59;13:53:01;-876.5161,-13.98903,-13.98903;True,Coupes,ORACLE,0,0;;;
Michael;18:00:59;13:53:01;-876.5161,-13.98903,-13.98903;True,Coupes,ORACLE,0,0;No way that's your guy.;Michael;FBI3_ABAY
Michael;18:01:00;13:53:02;-876.5161,-13.98903,-13.98903;True,Coupes,ORACLE,0,0;;;
Michael;18:01:00;13:53:02;-876.5161,-13.98903,-13.98903;True,Coupes,ORACLE,0,0;Shit. You are kidding me. I'll call Steve.;Dave;FBI3_ABAC
Michael;18:01:01;13:53:03;-876.5161,-13.98903,-13.98903;True,Coupes,ORACLE,0,0;;;
Michael;18:01:02;13:53:03;-876.5161,-13.98903,-13.98903;True,Coupes,ORACLE,0,0;;;
Michael;18:01:02;13:53:04;-876.5161,-13.98903,-13.98903;True,Coupes,ORACLE,0,0;;;
Michael;18:01:03;13:53:04;-876.5161,-13.98903,-13.98903;True,Coupes,ORACLE,0,0;;;
Michael;18:01:03;13:53:05;-876.5161,-13.98903,-13.98903;True,Coupes,ORACLE,0,0;;;
Michael;18:01:04;13:53:05;-876.5161,-13.98903,-13.98903;True,Coupes,ORACLE,0,0;;;
Michael;18:01:04;13:53:06;-876.5161,-13.98903,-13.98903;True,Coupes,ORACLE,0,0;;;
Michael;18:01:05;13:53:07;-876.5161,-13.98903,-13.98903;True,Coupes,ORACLE,0,0;;;
Michael;18:01:05;13:53:07;-876.5161,-13.98903,-13.98903;True,Coupes,ORACLE,0,0;;;
Michael;18:01:06;13:53:08;-876.5161,-13.98903,-13.98903;True,Coupes,ORACLE,0,0;;;
Michael;18:01:06;13:53:08;-876.5161,-13.98903,-13.98903;True,Coupes,ORACLE,0,0;;;
Michael;18:01:07;13:53:09;-876.5161,-13.98903,-13.98903;True,Coupes,ORACLE,0,0;;;
Michael;18:01:07;13:53:09;-876.5161,-13.98903,-13.98903;True,Coupes,ORACLE,0,0;;;
Michael;18:01:08;13:53:10;-876.5161,-13.98903,-13.98903;True,Coupes,ORACLE,0,0;;;
Michael;18:01:08;13:53:10;-876.5161,-13.98903,-13.98903;True,Coupes,ORACLE,0,0;;;
Michael;18:01:09;13:53:11;-876.5161,-13.98903,-13.98903;True,Coupes,ORACLE,0,0;Wrong house. This guy isn't our guy.;Dave;FBI3_ABAD
Michael;18:01:09;13:53:11;-876.5161,-13.98903,-13.98903;True,Coupes,ORACLE,0,0;;;
Michael;18:01:10;13:53:12;-876.5161,-13.98903,-13.98903;True,Coupes,ORACLE,0,0;;;
Michael;18:01:10;13:53:12;-876.5161,-13.98903,-13.98903;True,Coupes,ORACLE,0,0;;;
Michael;18:01:11;13:53:13;-876.5161,-13.98903,-13.98903;True,Coupes,ORACLE,0,0;;;
Michael;18:01:11;13:53:13;-876.5161,-13.98903,-13.98903;True,Coupes,ORACLE,0,0;;;
Michael;18:01:12;13:53:14;-876.5161,-13.98903,-13.98903;True,Coupes,ORACLE,0,0;;;
Michael;18:01:12;13:53:14;-876.5161,-13.98903,-13.98903;True,Coupes,ORACLE,0,0;;;
Michael;18:01:13;13:53:15;-876.5161,-13.98903,-13.98903;True,Coupes,ORACLE,0,0;Okay. Okay. Okay. Uh, you sure you don't want to silence him just to make sure?;STEVE;FBI3_ABAE
Michael;18:01:13;13:53:15;-876.5161,-13.98903,-13.98903;True,Coupes,ORACLE,0,0;;;
Michael;18:01:14;13:53:16;-876.5161,-13.98903,-13.98903;True,Coupes,ORACLE,0,0;;;
Michael;18:01:15;13:53:16;-876.5161,-13.98903,-13.98903;True,Coupes,ORACLE,0,0;;;
Michael;18:01:15;13:53:17;-876.5161,-13.98903,-13.98903;True,Coupes,ORACLE,0,0;;;
Michael;18:01:16;13:53:17;-876.5161,-13.98903,-13.98903;True,Coupes,ORACLE,0,0;;;
Michael;18:01:16;13:53:18;-876.5161,-13.98903,-13.98903;True,Coupes,ORACLE,0,0;If we're silencing someone, we're silencing the right someone. Get me another address.;Dave;FBI3_ABAF
Michael;18:01:17;13:53:18;-876.5161,-13.98903,-13.98903;True,Coupes,ORACLE,0,0;;;
Michael;18:01:17;13:53:19;-876.5161,-13.98903,-13.98903;True,Coupes,ORACLE,0,0;;;
Michael;18:01:18;13:53:20;-876.5161,-13.98903,-13.98903;True,Coupes,ORACLE,0,0;;;
Michael;18:01:18;13:53:20;-876.5161,-13.98903,-13.98903;True,Coupes,ORACLE,0,0;;;
Michael;18:01:19;13:53:21;-876.5161,-13.98903,-13.98903;True,Coupes,ORACLE,0,0;;;
Michael;18:01:19;13:53:21;-876.5161,-13.98903,-13.98903;True,Coupes,ORACLE,0,0;;;
Michael;18:01:20;13:53:22;-876.5161,-13.98903,-13.98903;True,Coupes,ORACLE,0,0;;;
Michael;18:01:20;13:53:22;-876.5161,-13.98903,-13.98903;True,Coupes,ORACLE,0,0;;;
Michael;18:01:21;13:53:23;-876.5161,-13.98903,-13.98903;True,Coupes,ORACLE,0,0;;;
Michael;18:01:21;13:53:23;-876.5161,-13.98903,-13.98903;True,Coupes,ORACLE,0,0;;;
Michael;18:01:22;13:53:24;-876.5161,-13.98903,-13.98903;True,Coupes,ORACLE,0,0;;;
Michael;18:01:22;13:53:24;-876.5161,-13.98903,-13.98903;True,Coupes,ORACLE,0,0;;;
Michael;18:01:23;13:53:25;-876.5161,-13.98903,-13.98903;True,Coupes,ORACLE,0,0;;;
Michael;18:01:23;13:53:25;-876.5161,-13.98903,-13.98903;True,Coupes,ORACLE,0,0;;;
Michael;18:01:24;13:53:26;-876.5161,-13.98903,-13.98903;True,Coupes,ORACLE,0,0;;;
Michael;18:01:24;13:53:26;-876.5161,-13.98903,-13.98903;True,Coupes,ORACLE,0,0;Hey, you want a coffee?;Dave;FBI3_DIAA
Michael;18:01:25;13:53:27;-876.5161,-13.98903,-13.98903;True,Coupes,ORACLE,0,0;;;
Michael;18:01:25;13:53:27;-876.5161,-13.98903,-13.98903;True,Coupes,ORACLE,0,0;;;
Michael;18:01:26;13:53:28;-876.5161,-13.98903,-13.98903;True,Coupes,ORACLE,0,0;;;
Michael;18:01:27;13:53:28;-876.1364,-14.20613,-14.20613;;;;
Michael;18:01:27;13:53:29;-876.1364,-14.20613,-14.20613;;Turns out that was the wrong Azerbaijani. We need a new address from Mr. K.;STEVE;FBI3_ENAA
Michael;18:01:28;13:53:29;-876.1364,-14.20613,-14.20613;;;;
Michael;18:01:28;13:53:30;-876.1364,-14.20613,-14.20613;;;;
Michael;18:01:29;13:53:30;-876.1364,-14.20613,-14.20613;;;;
Michael;18:01:29;13:53:31;-876.1364,-14.20613,-14.20613;;;;
Michael;18:01:30;13:53:32;-876.1364,-14.20613,-14.20613;;;;
Michael;18:01:30;13:53:32;-876.1364,-14.20613,-14.20613;;;;
Michael;18:01:31;13:53:33;-876.1364,-14.20613,-14.20613;;;;
Michael;18:01:31;13:53:33;-876.1364,-14.20613,-14.20613;;;;
Michael;18:01:32;13:53:34;-876.1364,-14.20613,-14.20613;;;;
Michael;18:01:32;13:53:34;-876.1364,-14.20613,-14.20613;;Choose your instrument, and go to work on him.;STEVE;FBI3_ENAB
Michael;18:01:33;13:53:35;-876.1364,-14.20613,-14.20613;;;;
Michael;18:01:33;13:53:35;-876.1364,-14.20613,-14.20613;;;;
char;time_ingame;time_rw;pos;vehicle;subtitles_text;speaker;soundfile
Trevor;18:01:37;13:53:39;144.053,-2203.052,-2203.052;;Where do we start, eh, buddy?;TREVOR;FBI3_ENAC
Trevor;18:01:38;13:53:40;144.053,-2203.052,-2203.052;;;;
Trevor;18:01:39;13:53:40;144.053,-2203.052,-2203.052;;;;
Trevor;18:01:39;13:53:41;144.053,-2203.052,-2203.052;;;;
Trevor;18:01:40;13:53:41;144.053,-2203.052,-2203.052;;Wait. What are you talking about, the wrong guy? No. Who do you want?;MisterK;FBI3_ENAD
Trevor;18:01:40;13:53:42;144.053,-2203.052,-2203.052;;;;
Trevor;18:01:41;13:53:43;144.053,-2203.052,-2203.052;;;;
Trevor;18:01:41;13:53:43;144.053,-2203.052,-2203.052;;;;
Trevor;18:01:42;13:53:44;144.053,-2203.052,-2203.052;;;;
Trevor;18:01:42;13:53:44;144.053,-2203.052,-2203.052;;;;
Trevor;18:01:43;13:53:45;144.053,-2203.052,-2203.052;;;;
Trevor;18:01:43;13:53:45;144.053,-2203.052,-2203.052;;;;
Trevor;18:01:44;13:53:46;144.053,-2203.052,-2203.052;;;;
Trevor;18:01:44;13:53:46;144.053,-2203.052,-2203.052;;;;
Trevor;18:01:45;13:53:47;144.053,-2203.052,-2203.052;;Just tell me what you want. Huh, man? Huh? Please. Look at me. Please.;MisterK;FBI3_ENAE
Trevor;18:01:45;13:53:47;144.053,-2203.052,-2203.052;;;;
Trevor;18:01:46;13:53:48;144.053,-2203.052,-2203.052;;;;
Trevor;18:01:46;13:53:48;144.053,-2203.052,-2203.052;;;;
Trevor;18:01:47;13:53:49;144.053,-2203.052,-2203.052;;;;
Trevor;18:01:47;13:53:49;144.053,-2203.052,-2203.052;;;;
Trevor;18:01:48;13:53:50;144.053,-2203.052,-2203.052;;;;
Trevor;18:01:48;13:53:50;144.053,-2203.052,-2203.052;;;;
Trevor;18:01:49;13:53:51;144.053,-2203.052,-2203.052;;;;
Trevor;18:01:49;13:53:51;144.053,-2203.052,-2203.052;;;;
Trevor;18:01:50;13:53:52;144.053,-2203.052,-2203.052;;;;
Trevor;18:01:51;13:53:52;144.053,-2203.052,-2203.052;;;;
Trevor;18:01:51;13:53:53;144.053,-2203.052,-2203.052;;This is an important part of the great democratic experiment.;STEVE;FBI3_ALAA
Trevor;18:01:52;13:53:53;144.053,-2203.052,-2203.052;;;;
Trevor;18:01:52;13:53:54;144.053,-2203.052,-2203.052;;;;
Trevor;18:01:53;13:53:54;144.053,-2203.052,-2203.052;;;;
Trevor;18:01:53;13:53:55;144.053,-2203.052,-2203.052;;;;
Trevor;18:01:54;13:53:55;144.053,-2203.052,-2203.052;;;;
Trevor;18:01:54;13:53:56;144.053,-2203.052,-2203.052;;;;
Trevor;18:01:55;13:53:57;144.053,-2203.052,-2203.052;;;;
Trevor;18:01:55;13:53:57;144.053,-2203.052,-2203.052;;Look. Look.;MisterK;FBI3_AGAA
Trevor;18:01:56;13:53:58;144.053,-2203.052,-2203.052;;;;
Trevor;18:01:56;13:53:58;144.0003,-2203.056,-2203.056;;;;
Trevor;18:01:57;13:53:59;144.0079,-2203.017,-2203.017;;That's dangerous! You could kill me!;MisterK;FBI3_DCAA
Trevor;18:01:57;13:53:59;144.0171,-2202.979,-2202.979;;;;
Trevor;18:01:58;13:54:00;144.0261,-2202.941,-2202.941;;;;
Trevor;18:01:58;13:54:00;143.753,-2202.079,-2202.079;;;;
Trevor;18:01:59;13:54:01;143.753,-2202.079,-2202.079;;;;
Trevor;18:01:59;13:54:01;143.753,-2202.079,-2202.079;;;;
Trevor;18:02:00;13:54:02;143.753,-2202.079,-2202.079;;;;
Trevor;18:02:00;13:54:02;143.753,-2202.079,-2202.079;;You can't.;MisterK;FBI3_DEAA
Trevor;18:02:01;13:54:03;143.753,-2202.079,-2202.079;;;;
Trevor;18:02:01;13:54:03;143.753,-2202.079,-2202.079;;;;
Trevor;18:02:02;13:54:04;143.753,-2202.079,-2202.079;;;;
Trevor;18:02:02;13:54:04;143.753,-2202.079,-2202.079;;;;
Trevor;18:02:03;13:54:05;143.753,-2202.079,-2202.079;;;;
Trevor;18:02:03;13:54:05;143.753,-2202.079,-2202.079;;;;
Trevor;18:02:04;13:54:06;143.753,-2202.079,-2202.079;;Shit, please!;MisterK;FBI3_EOAA
Trevor;18:02:05;13:54:06;143.753,-2202.079,-2202.079;;;;
Trevor;18:02:05;13:54:07;143.753,-2202.079,-2202.079;;;;
Trevor;18:02:06;13:54:07;143.753,-2202.079,-2202.079;;;;
Trevor;18:02:06;13:54:08;143.753,-2202.079,-2202.079;;;;
Trevor;18:02:07;13:54:08;143.753,-2202.079,-2202.079;;;;
Trevor;18:02:07;13:54:09;143.753,-2202.079,-2202.079;;;;
Trevor;18:02:08;13:54:10;143.753,-2202.079,-2202.079;;;;
Trevor;18:02:08;13:54:10;143.753,-2202.079,-2202.079;;;;
Trevor;18:02:09;13:54:11;143.753,-2202.079,-2202.079;;;;
Trevor;18:02:09;13:54:11;143.753,-2202.079,-2202.079;;;;
Trevor;18:02:10;13:54:12;143.753,-2202.079,-2202.079;;;;
Trevor;18:02:10;13:54:12;143.753,-2202.079,-2202.079;;;;
Trevor;18:02:11;13:54:13;143.753,-2202.079,-2202.079;;;;
Trevor;18:02:11;13:54:13;143.753,-2202.079,-2202.079;;;;
Trevor;18:02:12;13:54:14;143.753,-2202.079,-2202.079;;;;
Trevor;18:02:12;13:54:14;143.753,-2202.079,-2202.079;;Turn them off.;MisterK;FBI3_DEAA
Trevor;18:02:13;13:54:15;143.753,-2202.079,-2202.079;;;;
Trevor;18:02:13;13:54:15;143.753,-2202.079,-2202.079;;;;
Trevor;18:02:14;13:54:16;143.753,-2202.079,-2202.079;;;;
Trevor;18:02:14;13:54:16;143.753,-2202.079,-2202.079;;;;
Trevor;18:02:15;13:54:17;143.753,-2202.079,-2202.079;;;;
Trevor;18:02:15;13:54:17;143.753,-2202.079,-2202.079;;;;
Trevor;18:02:16;13:54:18;143.753,-2202.079,-2202.079;;;;
Trevor;18:02:16;13:54:18;143.753,-2202.079,-2202.079;;;;
Trevor;18:02:17;13:54:19;143.753,-2202.079,-2202.079;;;;
Trevor;18:02:18;13:54:19;143.753,-2202.079,-2202.079;;;;
Trevor;18:02:18;13:54:20;143.753,-2202.079,-2202.079;;We need him moderately coherent.;STEVE;FBI3_AEAA
Trevor;18:02:19;13:54:20;143.753,-2202.079,-2202.079;;;;
Trevor;18:02:19;13:54:21;143.753,-2202.079,-2202.079;;;;
Trevor;18:02:20;13:54:21;143.753,-2202.079,-2202.079;;;;
Trevor;18:02:20;13:54:22;143.753,-2202.079,-2202.079;;;;
Trevor;18:02:21;13:54:22;143.753,-2202.079,-2202.079;;Don't fry him completely.;STEVE;FBI3_AEAA
Trevor;18:02:21;13:54:23;143.753,-2202.079,-2202.079;;;;
Trevor;18:02:22;13:54:24;143.753,-2202.079,-2202.079;;;;
Trevor;18:02:22;13:54:24;143.753,-2202.079,-2202.079;;;;
Trevor;18:02:23;13:54:25;143.753,-2202.079,-2202.079;;;;
Trevor;18:02:23;13:54:25;143.753,-2202.079,-2202.079;;Look at the chub in his pants!;TREVOR;FBI3_ASAA
Trevor;18:02:24;13:54:26;143.753,-2202.079,-2202.079;;;;
Trevor;18:02:24;13:54:26;143.753,-2202.079,-2202.079;;;;
Trevor;18:02:25;13:54:27;143.7489,-2202.111,-2202.111;;;;
Trevor;18:02:25;13:54:27;143.733,-2202.256,-2202.256;;;;
Trevor;18:02:26;13:54:28;143.7192,-2202.403,-2202.403;;;;
Trevor;18:02:26;13:54:28;143.7049,-2202.55,-2202.55;;;;
Trevor;18:02:27;13:54:29;143.6873,-2202.695,-2202.695;;;;
Trevor;18:02:27;13:54:29;143.6641,-2202.838,-2202.838;;;;
Trevor;18:02:28;13:54:30;143.6627,-2203.134,-2203.134;;;;
Trevor;18:02:28;13:54:30;143.7951,-2203.017,-2203.017;;;;
Trevor;18:02:29;13:54:31;144.0335,-2203.004,-2203.004;;Mr. Philips.;Cutscene;Cutscene
Trevor;18:02:29;13:54:31;144.1343,-2202.824,-2202.824;;;;
Trevor;18:02:30;13:54:32;144.2398,-2202.752,-2202.752;;;;
Trevor;18:02:30;13:54:32;144.2651,-2202.858,-2202.858;;Ask him about Tahir Javan.;Cutscene;Cutscene
Trevor;18:02:31;13:54:33;144.145,-2202.967,-2202.967;;;;
Trevor;18:02:32;13:54:33;144.1126,-2202.915,-2202.915;;;;
Trevor;18:02:32;13:54:34;144.1408,-2202.855,-2202.855;;;;
Trevor;18:02:33;13:54:34;144.1539,-2202.816,-2202.816;;;;
Trevor;18:02:33;13:54:35;144.1629,-2202.813,-2202.813;;;;
Trevor;18:02:34;13:54:35;144.171,-2202.814,-2202.814;;;;
Trevor;18:02:34;13:54:36;143.9696,-2202.833,-2202.833;;Why didn't you ask me?;Cutscene;Cutscene
Trevor;18:02:35;13:54:37;143.7659,-2202.766,-2202.766;;;;
Trevor;18:02:35;13:54:37;143.6608,-2202.605,-2202.605;;I know Tahir.;Cutscene;Cutscene
Trevor;18:02:36;13:54:38;143.6042,-2202.586,-2202.586;;;;
Trevor;18:02:36;13:54:38;143.6124,-2202.613,-2202.613;;;;
Trevor;18:02:37;13:54:39;143.6059,-2202.673,-2202.673;;I did his home theater...;Cutscene;Cutscene
Trevor;18:02:37;13:54:39;143.5595,-2202.869,-2202.869;;;;
Trevor;18:02:38;13:54:40;143.6747,-2202.955,-2202.955;;;;
Trevor;18:02:38;13:54:40;143.7848,-2203.025,-2203.025;;;;
Trevor;18:02:39;13:54:41;143.7303,-2203.01,-2203.01;;;;
Trevor;18:02:39;13:54:41;143.7251,-2203.004,-2203.004;;He lives in Chumash.;Cutscene;Cutscene
Trevor;18:02:40;13:54:42;143.7321,-2202.996,-2202.996;;;;
Trevor;18:02:40;13:54:42;143.7299,-2202.998,-2202.998;;;;
Trevor;18:02:41;13:54:43;143.7255,-2203.004,-2203.004;;The right, on The Western Highway.;Cutscene;Cutscene
Trevor;18:02:41;13:54:43;143.7263,-2203.009,-2203.009;;;;
Trevor;18:02:42;13:54:44;143.7343,-2203.001,-2203.001;;;;
Trevor;18:02:42;13:54:44;143.7471,-2202.992,-2202.992;;;;
Trevor;18:02:43;13:54:45;143.7535,-2202.984,-2202.984;;;;
Trevor;18:02:43;13:54:45;143.7636,-2202.976,-2202.976;;Well that wasn't so tough, was it? Huh?;Cutscene;Cutscene
Trevor;18:02:44;13:54:46;143.8448,-2202.959,-2202.959;;;;
Trevor;18:02:44;13:54:46;143.8378,-2202.921,-2202.921;;;;
Trevor;18:02:45;13:54:47;143.7177,-2202.762,-2202.762;;;;
Trevor;18:02:46;13:54:47;143.8807,-2202.669,-2202.669;;;;
Trevor;18:02:46;13:54:48;143.8919,-2202.613,-2202.613;;;;
Trevor;18:02:47;13:54:48;143.5068,-2202.802,-2202.802;;;;
Trevor;18:02:47;13:54:49;143.4315,-2202.899,-2202.899;;Did you get that?;Cutscene;Cutscene
Trevor;18:02:48;13:54:49;143.4485,-2202.812,-2202.812;;Did you hear him?;Cutscene;Cutscene
Trevor;18:02:48;13:54:50;143.5226,-2203.053,-2203.053;;;;
Trevor;18:02:49;13:54:50;143.6692,-2203.188,-2203.188;;He lives in Chumash. The Western Highway.;Cutscene;Cutscene
Trevor;18:02:49;13:54:51;143.7597,-2203.243,-2203.243;;;;
Trevor;18:02:50;13:54:52;143.6519,-2203.301,-2203.301;;;;
Trevor;18:02:50;13:54:52;143.7663,-2203.272,-2203.272;;;;
Trevor;18:02:51;13:54:53;143.8216,-2203.167,-2203.167;;;;
Trevor;18:02:51;13:54:53;143.8206,-2203.132,-2203.132;;;;
Trevor;18:02:52;13:54:54;143.8163,-2203.112,-2203.112;;;;
Trevor;18:02:52;13:54:54;143.8165,-2203.112,-2203.112;;;;
Trevor;18:02:53;13:54:55;143.8165,-2203.112,-2203.112;;;;
Trevor;18:02:53;13:54:55;143.8165,-2203.112,-2203.112;;;;
Trevor;18:02:54;13:54:56;143.8165,-2203.112,-2203.112;;;;
Trevor;18:02:54;13:54:56;143.8165,-2203.112,-2203.112;;;;
Trevor;18:02:55;13:54:57;143.8165,-2203.112,-2203.112;;Chumash. You're driving.;Dave;FBI3_DFAA
Trevor;18:02:55;13:54:57;143.8165,-2203.112,-2203.112;;;;
Trevor;18:02:56;13:54:58;143.8165,-2203.112,-2203.112;;;;
Trevor;18:02:56;13:54:58;143.8165,-2203.112,-2203.112;;;;
Trevor;18:02:57;13:54:59;143.8165,-2203.112,-2203.112;;;;
Trevor;18:02:57;13:54:59;143.8165,-2203.112,-2203.112;;;;
Trevor;18:02:58;13:55:00;143.8165,-2203.112,-2203.112;;;;
Trevor;18:02:59;13:55:00;143.8165,-2203.112,-2203.112;;Remember, terror does not take coffee breaks.;Dave;FBI3_DFAC
Trevor;18:02:59;13:55:01;143.8165,-2203.112,-2203.112;;;;
Trevor;18:03:00;13:55:01;143.8165,-2203.112,-2203.112;;;;
char;time_ingame;time_rw;pos;vehicle;subtitles_text;speaker;soundfile
Michael;18:03:04;13:55:05;-1268.098,-880.7958,-880.7958;;Remember, terror does not take coffee breaks.;Michael;FBI3_DFAB
Michael;18:03:04;13:55:06;-1268.098,-880.7958,-880.7958;;What a dick.;Michael;FBI3_DFAB
Michael;18:03:05;13:55:06;-1268.103,-880.8016,-880.8016;;;;
Michael;18:03:05;13:55:07;-1268.299,-881.0122,-881.0122;;;;
Michael;18:03:06;13:55:07;-1268.608,-881.3771,-881.3771;;;Dave;FBI3_DFAD
Michael;18:03:06;13:55:08;-1268.869,-881.7431,-881.7431;;;;
Michael;18:03:07;13:55:09;-1269.136,-882.1566,-882.1566;;;;
Michael;18:03:07;13:55:09;-1269.221,-882.6537,-882.6537;;;;
Michael;18:03:08;13:55:10;-1269.296,-883.1545,-883.1545;;;;
Michael;18:03:08;13:55:10;-1269.365,-883.6616,-883.6616;;;;
Michael;18:03:09;13:55:11;-1269.41,-884.1635,-884.1635;;;;
Michael;18:03:09;13:55:11;-1269.381,-884.6566,-884.6566;;;;
Michael;18:03:10;13:55:12;-1269.089,-885.143,-885.143;;;;
Michael;18:03:10;13:55:12;-1268.72,-885.7998,-885.7998;;;;
Michael;18:03:11;13:55:13;-1268.273,-886.4299,-886.4299;;;;
Michael;18:03:11;13:55:13;-1267.84,-887.0914,-887.0914;;;;
Michael;18:03:12;13:55:14;-1267.693,-888.4164,-888.4164;;;;
Michael;18:03:12;13:55:14;-1268.102,-890.5876,-890.5876;;;;
Michael;18:03:13;13:55:15;-1267.348,-893.4974,-893.4974;;;;
Michael;18:03:13;13:55:15;-1264.809,-894.9193,-894.9193;;;;
Michael;18:03:14;13:55:16;-1262.628,-893.2236,-893.2236;;;;
Michael;18:03:14;13:55:16;-1262.771,-893.3188,-893.3188;;;;
Michael;18:03:15;13:55:17;-1263.881,-892.5216,-892.5216;True,Coupes,ORACLE,0,006573645,0;;;
Michael;18:03:16;13:55:17;-1263.881,-892.5222,-892.5222;True,Coupes,ORACLE,0,003444401,0;;;
Michael;18:03:16;13:55:18;-1263.881,-892.52,-892.52;True,Coupes,ORACLE,0,005888602,0;;;
Michael;18:03:17;13:55:18;-1263.881,-892.5219,-892.5219;True,Coupes,ORACLE,0,0;;;
Michael;18:03:17;13:55:19;-1263.881,-892.5219,-892.5219;True,Coupes,ORACLE,0,0;;;
Michael;18:03:18;13:55:19;-1264.167,-892.7067,-892.7067;True,Coupes,ORACLE,1,885021,1;;;
Michael;18:03:18;13:55:20;-1265.843,-893.7895,-893.7895;True,Coupes,ORACLE,6,130822,1;;;
Michael;18:03:19;13:55:21;-1270.162,-895.6627,-895.6627;True,Coupes,ORACLE,11,60273,1;;;
Michael;18:03:19;13:55:21;-1276.099,-896.1965,-896.1965;True,Coupes,ORACLE,10,34574,0;;;
Michael;18:03:20;13:55:22;-1280.478,-893.5377,-893.5377;True,Coupes,ORACLE,11,07769,1;;;
Michael;18:03:20;13:55:22;-1284.32,-888.8174,-888.8174;True,Coupes,ORACLE,11,57095,1;;;
Michael;18:03:21;13:55:23;-1287.622,-882.9857,-882.9857;True,Coupes,ORACLE,13,82887,1;;;
Michael;18:03:21;13:55:23;-1292.022,-876.6113,-876.6113;True,Coupes,ORACLE,16,13777,1;;;
Michael;18:03:22;13:55:24;-1297.893,-869.7267,-869.7267;True,Coupes,ORACLE,18,23454,1;;;
Michael;18:03:22;13:55:24;-1304.954,-862.4042,-862.4042;True,Coupes,ORACLE,21,12922,1;;;
Michael;18:03:23;13:55:25;-1313.044,-854.029,-854.029;True,Coupes,ORACLE,23,65911,1;;;
Michael;18:03:23;13:55:25;-1321.647,-845.1177,-845.1177;True,Coupes,ORACLE,23,75377,1;;;
Michael;18:03:24;13:55:26;-1330.547,-835.9879,-835.9879;True,Coupes,ORACLE,24,24895,0;;;
Michael;18:03:24;13:55:26;-1340.262,-828.1572,-828.1572;True,Coupes,ORACLE,24,27473,1;;;
Michael;18:03:25;13:55:27;-1350.457,-819.9438,-819.9438;True,Coupes,ORACLE,25,72764,1;;;
Michael;18:03:25;13:55:27;-1359.687,-810.8488,-810.8488;True,Coupes,ORACLE,23,79424,0;So how are Steve and Trevor getting along?;Michael;FBI3_DJAA
Michael;18:03:26;13:55:28;-1368.325,-802.6138,-802.6138;True,Coupes,ORACLE,21,93831,0;;;
Michael;18:03:26;13:55:28;-1377.138,-795.8907,-795.8907;True,Coupes,ORACLE,21,87111,1;;;
Michael;18:03:27;13:55:29;-1386.267,-788.1554,-788.1554;True,Coupes,ORACLE,23,93674,1;;;
Michael;18:03:28;13:55:29;-1394.963,-779.136,-779.136;True,Coupes,ORACLE,23,97187,1;Seems like a productive relationship.;Dave;FBI3_DJAB
Michael;18:03:28;13:55:30;-1403.456,-769.9647,-769.9647;True,Coupes,ORACLE,23,99648,1;;;
Michael;18:03:29;13:55:30;-1412.856,-761.0883,-761.0883;True,Coupes,ORACLE,25,21391,1;;;
Michael;18:03:29;13:55:31;-1422.059,-752.3702,-752.3702;True,Coupes,ORACLE,23,58467,0;;;
Michael;18:03:30;13:55:31;-1431.26,-744.8445,-744.8445;True,Coupes,ORACLE,21,80447,0;Well, like I said, he's got his uses.;Michael;FBI3_DJAC
Michael;18:03:30;13:55:32;-1440.55,-738.8204,-738.8204;True,Coupes,ORACLE,21,86807,1;;;
Michael;18:03:31;13:55:33;-1450.161,-731.4341,-731.4341;True,Coupes,ORACLE,23,93192,1;;;
Michael;18:03:31;13:55:33;-1459.391,-723.1461,-723.1461;True,Coupes,ORACLE,23,85949,1;;;
Michael;18:03:32;13:55:34;-1469.314,-715.2259,-715.2259;True,Coupes,ORACLE,24,98558,1;And as you can see, we're trying to take full advantage of them.;Dave;FBI3_DJAD
Michael;18:03:32;13:55:34;-1479.35,-707.2183,-707.2183;True,Coupes,ORACLE,23,65294,0;;;
Michael;18:03:33;13:55:35;-1488.419,-700.0686,-700.0686;True,Coupes,ORACLE,21,10094,0;;;
Michael;18:03:33;13:55:35;-1498.118,-694.3096,-694.3096;True,Coupes,ORACLE,22,3341,1;;;
Michael;18:03:34;13:55:36;-1507.976,-687.527,-687.527;True,Coupes,ORACLE,23,98653,1;;;
Michael;18:03:34;13:55:36;-1517.349,-680.095,-680.095;True,Coupes,ORACLE,22,02382,0;Then what?;Michael;FBI3_DJAE
Michael;18:03:35;13:55:37;-1525.935,-673.146,-673.146;True,Coupes,ORACLE,20,19327,0;;;
Michael;18:03:35;13:55:37;-1533.731,-666.8402,-666.8402;True,Coupes,ORACLE,19,18645,1;This thing with the Agency gets put to rest, and we don't need you any more.;Dave;FBI3_DJAF
Michael;18:03:36;13:55:38;-1541.951,-660.1956,-660.1956;True,Coupes,ORACLE,21,33114,0;;;
Michael;18:03:36;13:55:38;-1550.132,-653.5344,-653.5344;True,Coupes,ORACLE,19,4587,0;;;
Michael;18:03:37;13:55:39;-1557.526,-647.3947,-647.3947;True,Coupes,ORACLE,17,49175,0;;;
Michael;18:03:37;13:55:39;-1564.206,-641.7852,-641.7852;True,Coupes,ORACLE,15,55166,0;;;
Michael;18:03:38;13:55:40;-1570.19,-636.7792,-636.7792;True,Coupes,ORACLE,14,95727,0;;;
Michael;18:03:38;13:55:40;-1576.052,-632.4297,-632.4297;True,Coupes,ORACLE,13,04527,0;Right, and what about Trevor?;Michael;FBI3_DJAG
Michael;18:03:39;13:55:41;-1581.227,-628.7127,-628.7127;True,Coupes,ORACLE,11,15436,0;;;
Michael;18:03:40;13:55:41;-1585.552,-625.5777,-625.5777;True,Coupes,ORACLE,10,20147,1;;;
Michael;18:03:40;13:55:42;-1590.247,-621.9326,-621.9326;True,Coupes,ORACLE,11,81327,0;;;
Michael;18:03:41;13:55:42;-1595.144,-617.9105,-617.9105;True,Coupes,ORACLE,13,15721,1;What about him?;Dave;FBI3_DJAH
Michael;18:03:41;13:55:43;-1600.896,-613.1225,-613.1225;True,Coupes,ORACLE,14,35573,0;;;
Michael;18:03:42;13:55:43;-1606.304,-608.6396,-608.6396;True,Coupes,ORACLE,13,18023,0;I need some resolution, Davey. You let him walk.;Michael;FBI3_DJAI
Michael;18:03:42;13:55:44;-1611.495,-604.9838,-604.9838;True,Coupes,ORACLE,11,16949,0;;;
Michael;18:03:43;13:55:45;-1616.464,-601.221,-601.221;True,Coupes,ORACLE,12,99155,1;;;
Michael;18:03:43;13:55:45;-1622.191,-596.4527,-596.4527;True,Coupes,ORACLE,16,0442,1;;;
Michael;18:03:44;13:55:46;-1629.209,-591.3837,-591.3837;True,Coupes,ORACLE,15,89711,0;;;
Michael;18:03:44;13:55:46;-1635.011,-587.2896,-587.2896;True,Coupes,ORACLE,11,87565,0;;;
Michael;18:03:45;13:55:47;-1640.026,-583.7612,-583.7612;True,Coupes,ORACLE,11,2764,0;You said you'd clean the whole thing up back in North Yankton.;Michael;FBI3_DJBD
Michael;18:03:45;13:55:47;-1644.453,-580.653,-580.653;True,Coupes,ORACLE,9,655632,0;;;
Michael;18:03:46;13:55:48;-1649.009,-577.4518,-577.4518;True,Coupes,ORACLE,12,32297,0;;;
Michael;18:03:46;13:55:48;-1653.873,-574.0282,-574.0282;True,Coupes,ORACLE,10,66025,0;;;
Michael;18:03:47;13:55:49;-1657.406,-570.4897,-570.4897;True,Coupes,ORACLE,8,688647,0;;;
Michael;18:03:47;13:55:49;-1660.338,-567.744,-567.744;True,Coupes,ORACLE,6,841932,0;;;
Michael;18:03:48;13:55:50;-1663.667,-565.257,-565.257;True,Coupes,ORACLE,8,288705,0;;;
Michael;18:03:48;13:55:50;-1667.051,-562.9816,-562.9816;True,Coupes,ORACLE,7,781591,0;And you told me it'd be a clean job - no casualties.;Dave;FBI3_DJAJ
Michael;18:03:49;13:55:51;-1670.052,-560.9774,-560.9774;True,Coupes,ORACLE,6,296534,0;;;
Michael;18:03:49;13:55:51;-1672.285,-559.1846,-559.1846;True,Coupes,ORACLE,4,809601,0;;;
Michael;18:03:50;13:55:52;-1673.892,-557.8288,-557.8288;True,Coupes,ORACLE,3,44707,0;;;
Michael;18:03:51;13:55:52;-1675.28,-556.5178,-556.5178;True,Coupes,ORACLE,5,110078,1;;;
Michael;18:03:51;13:55:53;-1677.371,-554.7488,-554.7488;True,Coupes,ORACLE,4,380207,0;There were more eyes on that town than there needed to be.;Dave;FBI3_DJAK
Michael;18:03:52;13:55:53;-1678.857,-553.759,-553.759;True,Coupes,ORACLE,2,386532,0;;;
Michael;18:03:52;13:55:54;-1679.461,-553.3712,-553.3712;True,Coupes,ORACLE,0,440612,0;;;
Michael;18:03:53;13:55:54;-1679.481,-553.3687,-553.3687;True,Coupes,ORACLE,0,006249432,1;;;
Michael;18:03:53;13:55:55;-1679.751,-553.1379,-553.1379;True,Coupes,ORACLE,1,67535,1;;;
Michael;18:03:54;13:55:56;-1681.074,-552.1744,-552.1744;True,Coupes,ORACLE,3,777884,0;Yeah, well according to my eyes, Trevor is your problem, Dave, as much as he is mine.;Michael;FBI3_DJAL
Michael;18:03:54;13:55:56;-1682.236,-551.3296,-551.3296;True,Coupes,ORACLE,1,79544,0;;;
Michael;18:03:55;13:55:57;-1682.557,-551.093,-551.093;True,Coupes,ORACLE,0,1977539,-1;;;
Michael;18:03:55;13:55:57;-1682.549,-551.0977,-551.0977;True,Coupes,ORACLE,0,0;;;
Michael;18:03:56;13:55:58;-1682.549,-551.0977,-551.0977;True,Coupes,ORACLE,0,0;;;
Michael;18:03:56;13:55:58;-1682.549,-551.0977,-551.0977;True,Coupes,ORACLE,0,0;;;
Michael;18:03:57;13:55:59;-1682.549,-551.0977,-551.0977;True,Coupes,ORACLE,0,0;;;
Michael;18:03:57;13:55:59;-1682.549,-551.0977,-551.0977;True,Coupes,ORACLE,0,0;;;
Michael;18:03:58;13:56:00;-1682.549,-551.0977,-551.0977;True,Coupes,ORACLE,0,0;;;
Michael;18:03:58;13:56:00;-1682.549,-551.0977,-551.0977;True,Coupes,ORACLE,0,0;;;
Michael;18:03:59;13:56:01;-1682.549,-551.0977,-551.0977;True,Coupes,ORACLE,0,0;He's not a problem at all. We're monitoring him. Has he said anything about Brad?;Dave;FBI3_DJAM
Michael;18:03:59;13:56:01;-1682.549,-551.0977,-551.0977;True,Coupes,ORACLE,0,0;;;
Michael;18:04:00;13:56:02;-1682.549,-551.0977,-551.0977;True,Coupes,ORACLE,0,0;;;
Michael;18:04:00;13:56:02;-1682.549,-551.0977,-551.0977;True,Coupes,ORACLE,0,0;;;
Michael;18:04:01;13:56:03;-1682.549,-551.0977,-551.0977;True,Coupes,ORACLE,0,0;;;
Michael;18:04:01;13:56:03;-1682.549,-551.0977,-551.0977;True,Coupes,ORACLE,0,0;;;
Michael;18:04:02;13:56:04;-1682.549,-551.0977,-551.0977;True,Coupes,ORACLE,0,0;;;
Michael;18:04:03;13:56:04;-1682.549,-551.0977,-551.0977;True,Coupes,ORACLE,0,0;;;
Michael;18:04:03;13:56:05;-1682.549,-551.0977,-551.0977;True,Coupes,ORACLE,0,0;;;
Michael;18:04:04;13:56:05;-1682.549,-551.0977,-551.0977;True,Coupes,ORACLE,0,0;;;
Michael;18:04:04;13:56:06;-1682.549,-551.0977,-551.0977;True,Coupes,ORACLE,0,0;Fuck yeah, he has. Plenty. I keep changing the subject.;Michael;FBI3_DJAN
Michael;18:04:05;13:56:06;-1682.549,-551.0977,-551.0977;True,Coupes,ORACLE,0,0;;;
Michael;18:04:05;13:56:07;-1682.549,-551.0977,-551.0977;True,Coupes,ORACLE,0,0;;;
Michael;18:04:06;13:56:08;-1682.549,-551.0977,-551.0977;True,Coupes,ORACLE,0,0;;;
Michael;18:04:06;13:56:08;-1682.549,-551.0977,-551.0977;True,Coupes,ORACLE,0,0;;;
Michael;18:04:07;13:56:09;-1682.549,-551.0977,-551.0977;True,Coupes,ORACLE,0,0;;;
Michael;18:04:07;13:56:09;-1682.549,-551.0977,-551.0977;True,Coupes,ORACLE,0,0;;;
Michael;18:04:08;13:56:10;-1682.549,-551.0977,-551.0977;True,Coupes,ORACLE,0,0;You know, he thinks you might actually commute Brad's sentence when this is all over.;Michael;FBI3_DJAO
Michael;18:04:08;13:56:10;-1682.549,-551.0977,-551.0977;True,Coupes,ORACLE,0,0;;;
Michael;18:04:09;13:56:11;-1682.549,-551.0977,-551.0977;True,Coupes,ORACLE,0,0;;;
Michael;18:04:09;13:56:11;-1682.549,-551.0977,-551.0977;True,Coupes,ORACLE,0,0;;;
Michael;18:04:10;13:56:12;-1682.549,-551.0977,-551.0977;True,Coupes,ORACLE,0,0;;;
Michael;18:04:10;13:56:12;-1682.549,-551.0977,-551.0977;True,Coupes,ORACLE,0,0;;;
Michael;18:04:11;13:56:13;-1682.549,-551.0977,-551.0977;True,Coupes,ORACLE,0,0;;;
Michael;18:04:11;13:56:13;-1682.549,-551.0977,-551.0977;True,Coupes,ORACLE,0,0;;;
Michael;18:04:12;13:56:14;-1682.549,-551.0977,-551.0977;True,Coupes,ORACLE,0,0;That's good. Fine work. We'll send another letter. It's about time, anyway.;Dave;FBI3_DJAP
Michael;18:04:12;13:56:14;-1682.549,-551.0977,-551.0977;True,Coupes,ORACLE,0,0;;;
Michael;18:04:13;13:56:15;-1682.549,-551.0977,-551.0977;True,Coupes,ORACLE,0,0;;;
Michael;18:04:13;13:56:15;-1682.549,-551.0977,-551.0977;True,Coupes,ORACLE,0,0;;;
Michael;18:04:14;13:56:16;-1682.549,-551.0977,-551.0977;True,Coupes,ORACLE,0,0;;;
Michael;18:04:15;13:56:16;-1682.549,-551.0977,-551.0977;True,Coupes,ORACLE,0,0;;;
Michael;18:04:15;13:56:17;-1682.549,-551.0977,-551.0977;True,Coupes,ORACLE,0,0;;;
Michael;18:04:16;13:56:17;-1682.549,-551.0977,-551.0977;True,Coupes,ORACLE,0,0;;;
Michael;18:04:16;13:56:18;-1682.549,-551.0977,-551.0977;True,Coupes,ORACLE,0,0;Ah, so that's you who's been sending those fucking letters to Trevor, huh?;Michael;FBI3_DJAQ
Michael;18:04:17;13:56:18;-1682.549,-551.0977,-551.0977;True,Coupes,ORACLE,0,0;;;
Michael;18:04:17;13:56:19;-1682.584,-551.073,-551.073;True,Coupes,ORACLE,0,5325716,1;;;
Michael;18:04:18;13:56:20;-1683.308,-550.5557,-550.5557;True,Coupes,ORACLE,3,086969,1;;;
Michael;18:04:18;13:56:20;-1685.599,-548.9118,-548.9118;True,Coupes,ORACLE,8,039591,1;;;
Michael;18:04:19;13:56:21;-1689.019,-546.443,-546.443;True,Coupes,ORACLE,6,153817,0;;;
Michael;18:04:19;13:56:21;-1690.88,-545.1047,-545.1047;True,Coupes,ORACLE,3,254976,0;;;
Michael;18:04:20;13:56:22;-1692.914,-543.6508,-543.6508;True,Coupes,ORACLE,6,726091,1;;;
Michael;18:04:20;13:56:22;-1696.337,-542.1395,-542.1395;True,Coupes,ORACLE,6,546241,0;Yeah. He thinks they're from Brad - who he thinks is locked up in high security, and not,;Dave;FBI3_DJAR
Michael;18:04:21;13:56:23;-1698.921,-541.0244,-541.0244;True,Coupes,ORACLE,4,251745,0;;;
Michael;18:04:21;13:56:23;-1701.014,-540.283,-540.283;True,Coupes,ORACLE,5,436494,1;;;
Michael;18:04:22;13:56:24;-1704.76,-540.6032,-540.6032;True,Coupes,ORACLE,7,637689,0;;;
Michael;18:04:22;13:56:24;-1708.104,-542.1442,-542.1442;True,Coupes,ORACLE,7,007291,1;;;
Michael;18:04:23;13:56:25;-1711.934,-544.3735,-544.3735;True,Coupes,ORACLE,8,766082,0;;;
Michael;18:04:23;13:56:25;-1715.304,-546.7601,-546.7601;True,Coupes,ORACLE,7,141438,0;;;
Michael;18:04:24;13:56:26;-1718.467,-549.6729,-549.6729;True,Coupes,ORACLE,10,16015,1;;;
Michael;18:04:24;13:56:26;-1722.859,-553.8802,-553.8802;True,Coupes,ORACLE,11,23181,0;;;
Michael;18:04:25;13:56:27;-1727.139,-557.184,-557.184;True,Coupes,ORACLE,9,327331,0;;;
Michael;18:04:26;13:56:27;-1731.083,-558.2702,-558.2702;True,Coupes,ORACLE,7,110195,0;well not six feet under in a grave marked Michael Townley.;Dave;FBI3_DJAS
Michael;18:04:26;13:56:28;-1734.34,-558.0724,-558.0724;True,Coupes,ORACLE,5,856068,1;;;
Michael;18:04:27;13:56:28;-1738.31,-557.6557,-557.6557;True,Coupes,ORACLE,9,662377,1;;;
Michael;18:04:27;13:56:29;-1744.046,-556.1754,-556.1754;True,Coupes,ORACLE,11,61811,0;;;
Michael;18:04:28;13:56:29;-1749.146,-553.7603,-553.7603;True,Coupes,ORACLE,10,56827,1;;;
Michael;18:04:28;13:56:30;-1754.351,-550.4233,-550.4233;True,Coupes,ORACLE,11,75244,0;;;
Michael;18:04:29;13:56:31;-1759.868,-547.4935,-547.4935;True,Coupes,ORACLE,12,35352,1;The trainees write them. It's a good exercise.;Dave;FBI3_DJAT
Michael;18:04:29;13:56:31;-1766.144,-543.8817,-543.8817;True,Coupes,ORACLE,15,27804,1;;;
Michael;18:04:30;13:56:32;-1773.434,-539.1764,-539.1764;True,Coupes,ORACLE,18,24039,1;;;
Michael;18:04:30;13:56:32;-1781.034,-534.1857,-534.1857;True,Coupes,ORACLE,16,99717,0;;;
Michael;18:04:31;13:56:33;-1787.369,-529.9619,-529.9619;True,Coupes,ORACLE,12,2054,0;What the fuck? How'd that get started?;Michael;FBI3_DJAU
Michael;18:04:31;13:56:33;-1792.417,-526.5439,-526.5439;True,Coupes,ORACLE,12,24998,0;;;
Michael;18:04:32;13:56:34;-1797.465,-523.0805,-523.0805;True,Coupes,ORACLE,11,34383,0;;;
Michael;18:04:32;13:56:34;-1802.787,-519.6832,-519.6832;True,Coupes,ORACLE,12,72979,0;;;
Michael;18:04:33;13:56:35;-1808.139,-516.5171,-516.5171;True,Coupes,ORACLE,11,27061,0;;;
Michael;18:04:33;13:56:35;-1812.984,-513.0112,-513.0112;True,Coupes,ORACLE,12,68018,1;;;
Michael;18:04:34;13:56:36;-1819.397,-509.3706,-509.3706;True,Coupes,ORACLE,15,50289,1;;;
Michael;18:04:34;13:56:36;-1826.327,-505.0173,-505.0173;True,Coupes,ORACLE,15,40968,0;A few years ago, a letter came to the Federal prison system, addressed to Brad.;Dave;FBI3_DJAV
Michael;18:04:35;13:56:37;-1832.545,-500.5776,-500.5776;True,Coupes,ORACLE,14,09257,0;;;
Michael;18:04:35;13:56:37;-1838.036,-497.6118,-497.6118;True,Coupes,ORACLE,9,787858,0;;;
Michael;18:04:36;13:56:38;-1841.895,-495.2472,-495.2472;True,Coupes,ORACLE,8,029346,0;;;
Michael;18:04:36;13:56:38;-1845.148,-492.4663,-492.4663;True,Coupes,ORACLE,9,777541,1;;;
Michael;18:04:37;13:56:39;-1849.948,-488.782,-488.782;True,Coupes,ORACLE,11,79779,0;;;
Michael;18:04:38;13:56:39;-1854.797,-485.4905,-485.4905;True,Coupes,ORACLE,10,39726,0;;;
Michael;18:04:38;13:56:40;-1858.974,-482.0753,-482.0753;True,Coupes,ORACLE,10,10909,0;Wasn't signed, but it gave a PO box in Sandy Shores.;Dave;FBI3_DJAW
Michael;18:04:39;13:56:40;-1863.145,-478.9608,-478.9608;True,Coupes,ORACLE,10,26589,0;;;
Michael;18:04:39;13:56:41;-1868.064,-475.2779,-475.2779;True,Coupes,ORACLE,11,45008,1;;;
Michael;18:04:40;13:56:41;-1873.157,-472.1946,-472.1946;True,Coupes,ORACLE,10,78398,0;;;
Michael;18:04:40;13:56:42;-1877.316,-469.1057,-469.1057;True,Coupes,ORACLE,9,088881,0;;;
Michael;18:04:41;13:56:43;-1882.106,-466.2113,-466.2113;True,Coupes,ORACLE,12,01919,0;;;
Michael;18:04:41;13:56:43;-1887.562,-462.7225,-462.7225;True,Coupes,ORACLE,13,55484,1;I played the part of Brad, and we started a correspondence.;Dave;FBI3_DJAX
Michael;18:04:42;13:56:44;-1893.796,-458.2377,-458.2377;True,Coupes,ORACLE,14,7808,0;;;
Michael;18:04:42;13:56:44;-1899.921,-454.1984,-454.1984;True,Coupes,ORACLE,13,1978,0;;;
Michael;18:04:43;13:56:45;-1905.197,-450.4383,-450.4383;True,Coupes,ORACLE,11,8849,0;;;
Michael;18:04:43;13:56:45;-1909.818,-446.9277,-446.9277;True,Coupes,ORACLE,10,60488,0;;;
Michael;18:04:44;13:56:46;-1914.451,-444.1256,-444.1256;True,Coupes,ORACLE,9,81439,0;;;
Michael;18:04:44;13:56:46;-1919.015,-441.6025,-441.6025;True,Coupes,ORACLE,10,00052,0;Thanks for telling me, Davey.;Michael;FBI3_DJAY
Michael;18:04:45;13:56:47;-1923.535,-438.5885,-438.5885;True,Coupes,ORACLE,11,16646,1;;;
Michael;18:04:45;13:56:47;-1928.131,-434.5625,-434.5625;True,Coupes,ORACLE,11,53127,0;;;
Michael;18:04:46;13:56:48;-1932.876,-431.4193,-431.4193;True,Coupes,ORACLE,10,50982,1;I was doing you a favor. Didn't think you'd want to know he was in the same state.;Dave;FBI3_DJAZ
Michael;18:04:46;13:56:48;-1938.023,-428.1682,-428.1682;True,Coupes,ORACLE,11,88272,0;;;
Michael;18:04:47;13:56:49;-1943.602,-424.5962,-424.5962;True,Coupes,ORACLE,14,08889,1;;;
Michael;18:04:47;13:56:49;-1949.586,-420.7145,-420.7145;True,Coupes,ORACLE,13,1971,0;;;
Michael;18:04:48;13:56:50;-1955.077,-417.1007,-417.1007;True,Coupes,ORACLE,11,95282,0;;;
Michael;18:04:49;13:56:50;-1960.212,-413.6738,-413.6738;True,Coupes,ORACLE,12,74445,1;;;
Michael;18:04:49;13:56:51;-1966.36,-409.5186,-409.5186;True,Coupes,ORACLE,14,53168,0;;;
Michael;18:04:50;13:56:51;-1972.362,-405.4515,-405.4515;True,Coupes,ORACLE,13,27301,0;;;
Michael;18:04:50;13:56:52;-1978.036,-402.0842,-402.0842;True,Coupes,ORACLE,12,10851,0;So now what? I just sit back and hope he doesn't figure it out?;Michael;FBI3_DJBA
Michael;18:04:51;13:56:52;-1983.21,-399.101,-399.101;True,Coupes,ORACLE,11,0005,0;;;
Michael;18:04:51;13:56:53;-1987.744,-396.2333,-396.2333;True,Coupes,ORACLE,9,909419,0;;;
Michael;18:04:52;13:56:54;-1991.719,-393.4974,-393.4974;True,Coupes,ORACLE,8,922281,0;;;
Michael;18:04:52;13:56:54;-1995.344,-391.197,-391.197;True,Coupes,ORACLE,7,688318,0;;;
Michael;18:04:53;13:56:55;-1998.572,-389.6487,-389.6487;True,Coupes,ORACLE,5,771015,0;;;
Michael;18:04:53;13:56:55;-2000.311,-388.7388,-388.7388;True,Coupes,ORACLE,1,606534,0;;;
Michael;18:04:54;13:56:56;-2000.6,-388.7092,-388.7092;True,Coupes,ORACLE,0,156968,1;;;
Michael;18:04:54;13:56:56;-2000.866,-388.542,-388.542;True,Coupes,ORACLE,0,762518,1;It's worked so far...;Dave;FBI3_DJBB
Michael;18:04:55;13:56:57;-2001.572,-387.9183,-387.9183;True,Coupes,ORACLE,1,893762,0;;;
Michael;18:04:55;13:56:57;-2002.189,-387.4923,-387.4923;True,Coupes,ORACLE,1,025414,0;He's a time bomb, Dave, and you fucking know it.;Michael;FBI3_DJBC
Michael;18:04:56;13:56:58;-2002.438,-387.3287,-387.3287;True,Coupes,ORACLE,0,1523186,0;;;
Michael;18:04:56;13:56:58;-2002.444,-387.3248,-387.3248;True,Coupes,ORACLE,0,0;;;
Michael;18:04:57;13:56:59;-2002.444,-387.3248,-387.3248;True,Coupes,ORACLE,0,0;;;
Michael;18:04:57;13:56:59;-2002.969,-386.9673,-386.9673;True,Coupes,ORACLE,3,201378,1;;;
Michael;18:04:58;13:57:00;-2004.337,-386.0319,-386.0319;True,Coupes,ORACLE,2,660566,0;;;
Michael;18:04:58;13:57:00;-2005.492,-385.237,-385.237;True,Coupes,ORACLE,3,830984,1;;;
Michael;18:04:59;13:57:01;-2008.19,-384.494,-384.494;True,Coupes,ORACLE,6,195493,1;;;
Michael;18:04:59;13:57:01;-2011.852,-382.8412,-382.8412;True,Coupes,ORACLE,9,790797,1;;;
Michael;18:05:00;13:57:02;-2016.953,-380.3287,-380.3287;True,Coupes,ORACLE,9,890411,0;;;
Michael;18:05:01;13:57:02;-2021.015,-379.6138,-379.6138;True,Coupes,ORACLE,3,990589,0;;;
Michael;18:05:01;13:57:03;-2022.004,-379.4564,-379.4564;True,Coupes,ORACLE,1,414489,1;;;
Michael;18:05:02;13:57:03;-2023.395,-378.8006,-378.8006;True,Coupes,ORACLE,4,805752,1;;;
Michael;18:05:02;13:57:04;-2027.094,-378.0511,-378.0511;True,Coupes,ORACLE,9,765119,1;;;
Michael;18:05:03;13:57:04;-2033.059,-378.0709,-378.0709;True,Coupes,ORACLE,11,51686,0;;;
Michael;18:05:03;13:57:05;-2039.768,-378.2861,-378.2861;True,Coupes,ORACLE,14,15171,1;;;
Michael;18:05:04;13:57:06;-2047.903,-378.4731,-378.4731;True,Coupes,ORACLE,16,57538,1;;;
Michael;18:05:04;13:57:06;-2057.134,-377.5854,-377.5854;True,Coupes,ORACLE,19,05184,1;;;
Michael;18:05:05;13:57:07;-2067.448,-375.5309,-375.5309;True,Coupes,ORACLE,21,98166,1;;;
Michael;18:05:05;13:57:07;-2079.042,-371.7715,-371.7715;True,Coupes,ORACLE,24,40486,1;;;
Michael;18:05:06;13:57:08;-2091.379,-367.5683,-367.5683;True,Coupes,ORACLE,24,38668,0;;;
Michael;18:05:06;13:57:08;-2103.45,-363.4705,-363.4705;True,Coupes,ORACLE,25,34962,1;;;
Michael;18:05:07;13:57:09;-2116.207,-359.1625,-359.1625;True,Coupes,ORACLE,26,6299,1;;;
Michael;18:05:07;13:57:09;-2130.373,-354.3008,-354.3008;True,Coupes,ORACLE,30,82336,1;;;
Michael;18:05:08;13:57:10;-2146.571,-349.5504,-349.5504;True,Coupes,ORACLE,32,8982,1;;;
Michael;18:05:08;13:57:10;-2163.53,-345.4003,-345.4003;True,Coupes,ORACLE,33,88354,1;;;
Michael;18:05:09;13:57:11;-2181.233,-342.232,-342.232;True,Coupes,ORACLE,34,8041,1;;;
Michael;18:05:09;13:57:11;-2198.874,-339.9708,-339.9708;True,Coupes,ORACLE,33,97309,1;;;
Michael;18:05:10;13:57:12;-2217.007,-338.9878,-338.9878;True,Coupes,ORACLE,35,69534,1;;;
Michael;18:05:10;13:57:12;-2235.791,-336.979,-336.979;True,Coupes,ORACLE,36,52887,1;;;
Michael;18:05:11;13:57:13;-2254.593,-333.0113,-333.0113;True,Coupes,ORACLE,37,09734,1;;;
Michael;18:05:11;13:57:13;-2272.947,-326.4396,-326.4396;True,Coupes,ORACLE,37,78533,1;;;
Michael;18:05:12;13:57:14;-2291.331,-319.1698,-319.1698;True,Coupes,ORACLE,38,05993,0;;;
Michael;18:05:13;13:57:14;-2308.658,-311.3533,-311.3533;True,Coupes,ORACLE,35,60714,0;;;
Michael;18:05:13;13:57:15;-2324.002,-301.3015,-301.3015;True,Coupes,ORACLE,35,1069,1;;;
Michael;18:05:14;13:57:15;-2337.957,-289.0331,-289.0331;True,Coupes,ORACLE,35,91454,1;;;
Michael;18:05:14;13:57:16;-2353.425,-277.9556,-277.9556;True,Coupes,ORACLE,36,467,1;;;
Michael;18:05:15;13:57:16;-2369.936,-268.1162,-268.1162;True,Coupes,ORACLE,37,12494,1;;;
Michael;18:05:15;13:57:17;-2386.4,-257.7619,-257.7619;True,Coupes,ORACLE,37,72073,1;;;
Michael;18:05:16;13:57:18;-2403.725,-248.0565,-248.0565;True,Coupes,ORACLE,38,36967,1;;;
Michael;18:05:16;13:57:18;-2421.671,-238.1068,-238.1068;True,Coupes,ORACLE,38,87961,1;;;
Michael;18:05:17;13:57:19;-2439.366,-228.32,-228.32;True,Coupes,ORACLE,39,28794,1;;;
Michael;18:05:17;13:57:19;-2457.845,-218.69,-218.69;True,Coupes,ORACLE,39,80347,1;;;
Michael;18:05:18;13:57:20;-2476.608,-209.4366,-209.4366;True,Coupes,ORACLE,40,22108,1;;;
Michael;18:05:18;13:57:20;-2495.337,-199.3898,-199.3898;True,Coupes,ORACLE,39,93886,0;;;
Michael;18:05:19;13:57:21;-2512.954,-189.5569,-189.5569;True,Coupes,ORACLE,37,53391,0;;;
Michael;18:05:19;13:57:21;-2530.073,-179.6568,-179.6568;True,Coupes,ORACLE,38,09137,1;;;
Michael;18:05:20;13:57:22;-2546.81,-168.6837,-168.6837;True,Coupes,ORACLE,38,65519,1;;;
Michael;18:05:20;13:57:22;-2562.913,-157.5031,-157.5031;True,Coupes,ORACLE,36,79332,0;;;
Michael;18:05:21;13:57:23;-2578.275,-147.6497,-147.6497;True,Coupes,ORACLE,32,05663,0;;;
Michael;18:05:21;13:57:23;-2590.963,-137.9161,-137.9161;True,Coupes,ORACLE,29,69427,0;;;
Michael;18:05:22;13:57:24;-2601.92,-126.7751,-126.7751;True,Coupes,ORACLE,30,17689,1;;;
Michael;18:05:22;13:57:24;-2613.012,-115.1574,-115.1574;True,Coupes,ORACLE,30,31667,1;;;
Michael;18:05:23;13:57:25;-2624.927,-104.116,-104.116;True,Coupes,ORACLE,31,19926,0;;;
Michael;18:05:24;13:57:25;-2635.729,-92.70567,-92.70567;True,Coupes,ORACLE,29,36417,0;;;
Michael;18:05:24;13:57:26;-2645.966,-81.32786,-81.32786;True,Coupes,ORACLE,28,82924,0;;;
Michael;18:05:25;13:57:26;-2655.415,-70.03577,-70.03577;True,Coupes,ORACLE,28,33096,1;;;
Michael;18:05:25;13:57:27;-2664.818,-58.05949,-58.05949;True,Coupes,ORACLE,29,84454,0;;;
Michael;18:05:26;13:57:27;-2674.92,-46.70905,-46.70905;True,Coupes,ORACLE,27,92251,0;;;
Michael;18:05:26;13:57:28;-2684.219,-37.18793,-37.18793;True,Coupes,ORACLE,21,03135,0;;;
Michael;18:05:27;13:57:29;-2690.354,-31.38611,-31.38611;True,Coupes,ORACLE,13,59421,0;;;
Michael;18:05:27;13:57:29;-2694.299,-25.41669,-25.41669;True,Coupes,ORACLE,14,42031,1;;;
Michael;18:05:28;13:57:30;-2699.274,-19.03144,-19.03144;True,Coupes,ORACLE,16,84745,1;;;
Michael;18:05:28;13:57:30;-2705.891,-12.39577,-12.39577;True,Coupes,ORACLE,19,33675,1;;;
Michael;18:05:29;13:57:31;-2714.041,-5.212591,-5.212591;True,Coupes,ORACLE,21,62834,1;;;
Michael;18:05:29;13:57:31;-2722.11,2.034001,2.034001;True,Coupes,ORACLE,19,58186,0;;;
Michael;18:05:30;13:57:32;-2729.374,8.53304,8.53304;True,Coupes,ORACLE,17,57855,0;;;
Michael;18:05:30;13:57:32;-2737.206,13.62288,13.62288;True,Coupes,ORACLE,19,08453,1;;;
Michael;18:05:31;13:57:33;-2745.716,18.64124,18.64124;True,Coupes,ORACLE,18,14977,0;;;
Michael;18:05:31;13:57:33;-2754.364,23.04333,23.04333;True,Coupes,ORACLE,19,82399,1;;;
Michael;18:05:32;13:57:34;-2763.689,28.53679,28.53679;True,Coupes,ORACLE,21,15547,0;;;
Michael;18:05:32;13:57:34;-2773.687,33.1865,33.1865;True,Coupes,ORACLE,21,92986,1;;;
Michael;18:05:33;13:57:35;-2783.767,38.54545,38.54545;True,Coupes,ORACLE,22,03841,1;;;
Michael;18:05:33;13:57:35;-2793.859,43.94718,43.94718;True,Coupes,ORACLE,21,04331,0;;;
Michael;18:05:34;13:57:36;-2804.415,48.36995,48.36995;True,Coupes,ORACLE,22,73515,1;;;
Michael;18:05:34;13:57:36;-2816.006,52.4764,52.4764;True,Coupes,ORACLE,24,62128,1;;;
Michael;18:05:35;13:57:37;-2828.136,57.16203,57.16203;True,Coupes,ORACLE,24,21114,1;;;
Michael;18:05:36;13:57:37;-2840.744,60.24664,60.24664;True,Coupes,ORACLE,25,69717,1;;;
Michael;18:05:36;13:57:38;-2853.841,64.33141,64.33141;True,Coupes,ORACLE,27,31411,1;;;
Michael;18:05:37;13:57:38;-2867.819,68.98065,68.98065;True,Coupes,ORACLE,28,87898,1;;;
Michael;18:05:37;13:57:39;-2882.122,73.26064,73.26064;True,Coupes,ORACLE,26,64884,0;;;
Michael;18:05:38;13:57:39;-2894.785,76.91105,76.91105;True,Coupes,ORACLE,24,04779,0;;;
Michael;18:05:38;13:57:40;-2905.606,81.84348,81.84348;True,Coupes,ORACLE,21,8084,0;;;
Michael;18:05:39;13:57:41;-2915.968,85.68709,85.68709;True,Coupes,ORACLE,21,50844,0;;;
Michael;18:05:39;13:57:41;-2926.261,88.8633,88.8633;True,Coupes,ORACLE,19,73793,0;;;
Michael;18:05:40;13:57:42;-2935.655,91.75919,91.75919;True,Coupes,ORACLE,18,00255,0;;;
Michael;18:05:40;13:57:42;-2943.406,95.03962,95.03962;True,Coupes,ORACLE,12,30133,0;;;
Michael;18:05:41;13:57:43;-2948.92,98.09795,98.09795;True,Coupes,ORACLE,11,50947,0;;;
Michael;18:05:41;13:57:43;-2954.533,101.3819,101.3819;True,Coupes,ORACLE,13,71038,1;;;
Michael;18:05:42;13:57:44;-2960.843,105.9143,105.9143;True,Coupes,ORACLE,15,77553,0;;;
Michael;18:05:42;13:57:44;-2967.02,111.0493,111.0493;True,Coupes,ORACLE,15,79338,1;;;
Michael;18:05:43;13:57:45;-2973.316,116.3445,116.3445;True,Coupes,ORACLE,15,95626,1;;;
Michael;18:05:43;13:57:45;-2980.527,121.4068,121.4068;True,Coupes,ORACLE,17,79284,0;;;
Michael;18:05:44;13:57:46;-2988.021,126.4308,126.4308;True,Coupes,ORACLE,16,73559,0;;;
Michael;18:05:44;13:57:46;-2993.258,133.0594,133.0594;True,Coupes,ORACLE,17,10897,1;;;
Michael;18:05:45;13:57:47;-2998.338,140.5834,140.5834;True,Coupes,ORACLE,17,0243,0;;;
Michael;18:05:45;13:57:47;-3003.113,148.0095,148.0095;True,Coupes,ORACLE,16,86476,0;;;
Michael;18:05:46;13:57:48;-3006.856,155.6329,155.6329;True,Coupes,ORACLE,16,83232,1;;;
Michael;18:05:46;13:57:48;-3011.381,163.8432,163.8432;True,Coupes,ORACLE,19,09078,1;;;
Michael;18:05:47;13:57:49;-3015.769,173.8213,173.8213;True,Coupes,ORACLE,22,17106,1;;;
Michael;18:05:48;13:57:49;-3019.621,185.2792,185.2792;True,Coupes,ORACLE,23,86905,1;;;
Michael;18:05:48;13:57:50;-3022.115,197.8848,197.8848;True,Coupes,ORACLE,24,85663,0;;;
Michael;18:05:49;13:57:50;-3023.511,210.4347,210.4347;True,Coupes,ORACLE,24,28306,1;;;
Michael;18:05:49;13:57:51;-3024.26,223.0668,223.0668;True,Coupes,ORACLE,23,31247,0;;;
Michael;18:05:50;13:57:51;-3023.48,235.3092,235.3092;True,Coupes,ORACLE,24,1139,1;;;
Michael;18:05:50;13:57:52;-3022.297,248.1457,248.1457;True,Coupes,ORACLE,24,51955,0;;;
Michael;18:05:51;13:57:53;-3020.13,260.4984,260.4984;True,Coupes,ORACLE,22,89459,1;;;
Michael;18:05:51;13:57:53;-3017.951,272.3009,272.3009;True,Coupes,ORACLE,22,59424,1;;;
Michael;18:05:52;13:57:54;-3014.694,283.2401,283.2401;True,Coupes,ORACLE,20,87732,0;;;
Michael;18:05:52;13:57:54;-3010.317,292.6059,292.6059;True,Coupes,ORACLE,19,17593,0;;;
Michael;18:05:53;13:57:55;-3005.904,301.5392,301.5392;True,Coupes,ORACLE,18,98036,0;;;
Michael;18:05:53;13:57:55;-3001.752,309.9298,309.9298;True,Coupes,ORACLE,17,33291,0;;;
Michael;18:05:54;13:57:56;-2997.941,317.6372,317.6372;True,Coupes,ORACLE,15,58237,0;;;
Michael;18:05:54;13:57:56;-2994.535,324.4843,324.4843;True,Coupes,ORACLE,13,89671,0;;;
Michael;18:05:55;13:57:57;-2990.778,330.5031,330.5031;True,Coupes,ORACLE,14,16996,1;;;
Michael;18:05:55;13:57:57;-2985.229,336.3206,336.3206;True,Coupes,ORACLE,15,96718,0;;;
Michael;18:05:56;13:57:58;-2979.619,341.8707,341.8707;True,Coupes,ORACLE,14,24466,0;;;
Michael;18:05:56;13:57:58;-2974.569,346.8589,346.8589;True,Coupes,ORACLE,13,93551,1;;;
Michael;18:05:57;13:57:59;-2969.606,352.4873,352.4873;True,Coupes,ORACLE,13,73303,0;;;
Michael;18:05:57;13:57:59;-2967.448,356.1587,356.1587;True,Coupes,ORACLE,3,093025,0;;;
Michael;18:05:58;13:58:00;-2967.324,356.5987,356.5987;True,Coupes,ORACLE,0,2110682,0;;;
Michael;18:05:59;13:58:00;-2967.351,356.608,356.608;True,Coupes,ORACLE,0,01911806,0;;;
Michael;18:05:59;13:58:01;-2968.764,356.7796,356.7796;;;;
Michael;18:06:00;13:58:01;-2957.099,306.3979,306.3979;;;;
Michael;18:06:00;13:58:02;-2956.97,306.7112,306.7112;;;;
Michael;18:06:01;13:58:02;-2956.749,307.2233,307.2233;;;;
Michael;18:06:01;13:58:03;-2956.612,307.8305,307.8305;;;;
Michael;18:06:02;13:58:04;-2956.406,308.4343,308.4343;;;;
Michael;18:06:02;13:58:04;-2956.19,308.9402,308.9402;;;;
Michael;18:06:03;13:58:05;-2956.008,309.494,309.494;;;;
Michael;18:06:03;13:58:05;-2955.704,310.0565,310.0565;;;;
Michael;18:06:04;13:58:06;-2955.48,310.7336,310.7336;;;;
Michael;18:06:04;13:58:06;-2955.249,311.3596,311.3596;;;;
Michael;18:06:05;13:58:07;-2955.099,312.0139,312.0139;;;;
Michael;18:06:05;13:58:07;-2954.799,313.2588,313.2588;;;;
Michael;18:06:06;13:58:08;-2954.943,313.2269,313.2269;;This'll do.;Cutscene;Cutscene
Michael;18:06:06;13:58:08;-2954.95,313.2204,313.2204;;;;
Michael;18:06:07;13:58:09;-2954.817,313.1836,313.1836;;;;
Michael;18:06:07;13:58:09;-2954.85,313.1664,313.1664;;Alright.;Cutscene;Cutscene
Michael;18:06:08;13:58:10;-2954.861,313.1855,313.1855;;;;
Michael;18:06:08;13:58:10;-2954.841,313.1978,313.1978;;;;
Michael;18:06:09;13:58:11;-2954.816,313.1632,313.1632;;Find out who we're looking for.;Cutscene;Cutscene
Michael;18:06:10;13:58:11;-2954.808,313.1718,313.1718;;;;
Michael;18:06:10;13:58:12;-2954.774,313.2724,313.2724;;;;
Michael;18:06:11;13:58:12;-2954.695,313.2585,313.2585;;;;
Michael;18:06:11;13:58:13;-2954.694,313.266,313.266;;Yeah, we need a description of the target.;Cutscene;Cutscene
Michael;18:06:12;13:58:13;-2954.7,313.2746,313.2746;;;;
Michael;18:06:12;13:58:14;-2954.685,313.2537,313.2537;;;;
Michael;18:06:13;13:58:15;-2954.697,313.2521,313.2521;;;;
Michael;18:06:13;13:58:15;-2954.687,313.2576,313.2576;;;;
Michael;18:06:14;13:58:16;147.397,-2201.349,-2201.349;;Yeah... Err...;Cutscene;Cutscene
Michael;18:06:14;13:58:16;147.397,-2201.349,-2201.349;;;;
Michael;18:06:15;13:58:17;147.397,-2201.349,-2201.349;;;;
Michael;18:06:15;13:58:17;147.397,-2201.349,-2201.349;;I'll take care of it.;Cutscene;Cutscene
Michael;18:06:16;13:58:18;147.397,-2201.349,-2201.349;;;;
Michael;18:06:16;13:58:18;147.397,-2201.349,-2201.349;;Loosen him up.;Cutscene;Cutscene
Michael;18:06:17;13:58:19;147.397,-2201.349,-2201.349;;;;
Michael;18:06:17;13:58:19;147.397,-2201.349,-2201.349;;;;
Michael;18:06:18;13:58:20;147.397,-2201.349,-2201.349;;;;
Michael;18:06:18;13:58:20;147.397,-2201.349,-2201.349;;;;
Michael;18:06:19;13:58:21;147.397,-2201.349,-2201.349;;;;
Michael;18:06:19;13:58:21;147.397,-2201.349,-2201.349;;Loosen him up!;Cutscene;Cutscene
Michael;18:06:20;13:58:22;147.397,-2201.349,-2201.349;;No.;Cutscene;Cutscene
Michael;18:06:20;13:58:22;147.397,-2201.349,-2201.349;;;;
Michael;18:06:21;13:58:23;147.397,-2201.349,-2201.349;;Please...;Cutscene;Cutscene
Michael;18:06:22;13:58:23;147.397,-2201.349,-2201.349;;;;
char;time_ingame;time_rw;pos;vehicle;subtitles_text;speaker;soundfile
Michael;18:06:26;13:58:28;-2954.849,313.2841,313.2841;;;;
Michael;18:06:26;13:58:28;-2954.852,313.2847,313.2847;;;;
Michael;18:06:27;13:58:29;-2954.852,313.2847,313.2847;;;;
Michael;18:06:27;13:58:29;-2954.852,313.2847,313.2847;;;;
Michael;18:06:28;13:58:30;-2954.852,313.2847,313.2847;;;;
Michael;18:06:28;13:58:30;-2954.852,313.2847,313.2847;;;;
Michael;18:06:29;13:58:31;-2954.852,313.2847,313.2847;;;;
Michael;18:06:29;13:58:31;-2954.852,313.2847,313.2847;;;;
Michael;18:06:30;13:58:32;-2954.852,313.2847,313.2847;;;;
Michael;18:06:30;13:58:32;-2954.852,313.2847,313.2847;;;;
Michael;18:06:31;13:58:33;-2954.852,313.2847,313.2847;;The anticipation is always worse.;TREVOR;FBI3_ERAA
Michael;18:06:31;13:58:33;-2954.852,313.2847,313.2847;;;;
Michael;18:06:32;13:58:34;-2954.852,313.2847,313.2847;;;;
Michael;18:06:32;13:58:34;-2954.852,313.2847,313.2847;;;;
Michael;18:06:33;13:58:35;-2954.852,313.2847,313.2847;;;;
Michael;18:06:33;13:58:35;-2954.852,313.2847,313.2847;;;;
Michael;18:06:34;13:58:36;-2954.852,313.2847,313.2847;;Really?;MisterK;FBI3_ERAB
Michael;18:06:35;13:58:36;-2954.852,313.2847,313.2847;;;;
Michael;18:06:35;13:58:37;-2954.852,313.2847,313.2847;;;;
Michael;18:06:36;13:58:37;-2954.852,313.2847,313.2847;;;;
Michael;18:06:36;13:58:38;-2954.852,313.2847,313.2847;;Not the wrench.;MisterK;FBI3_CIAA
Michael;18:06:37;13:58:38;-2954.852,313.2847,313.2847;;;;
Michael;18:06:37;13:58:39;-2954.852,313.2847,313.2847;;;;
Michael;18:06:38;13:58:40;-2954.852,313.2847,313.2847;;;;
Michael;18:06:38;13:58:40;-2954.852,313.2847,313.2847;;;;
Michael;18:06:39;13:58:41;-2954.852,313.2847,313.2847;;;;
Michael;18:06:39;13:58:41;-2954.852,313.2847,313.2847;;Please don't hit me.;MisterK;FBI3_CIAA
Michael;18:06:40;13:58:42;-2954.852,313.2847,313.2847;;;;
Michael;18:06:40;13:58:42;-2954.852,313.2847,313.2847;;;;
Michael;18:06:41;13:58:43;-2954.852,313.2847,313.2847;;Watch the knee!;TREVOR;FBI3_EZAA
Michael;18:06:41;13:58:43;-2954.852,313.2847,313.2847;;;;
Michael;18:06:42;13:58:44;-2954.852,313.2847,313.2847;;;;
Michael;18:06:42;13:58:44;-2954.852,313.2847,313.2847;;;;
Michael;18:06:43;13:58:45;-2954.852,313.2847,313.2847;;;;
Michael;18:06:43;13:58:45;-2954.852,313.2847,313.2847;;;;
Michael;18:06:44;13:58:46;-2954.852,313.2847,313.2847;;;;
Michael;18:06:44;13:58:46;-3024.751,332.2954,332.2954;;;;
Michael;18:06:45;13:58:47;-3024.751,332.2954,332.2954;;Hey... Hey... Hey... Hey.;Cutscene;Cutscene
Michael;18:06:45;13:58:47;-3024.751,332.2954,332.2954;;;;
Michael;18:06:46;13:58:48;-3024.751,332.2954,332.2954;;;;
Michael;18:06:46;13:58:48;-3024.751,332.2954,332.2954;;Now... huh?;Cutscene;Cutscene
Michael;18:06:47;13:58:49;-3024.751,332.2954,332.2954;;;;
Michael;18:06:48;13:58:49;-3024.751,332.2954,332.2954;;Now you ready to talk?;Cutscene;Cutscene
Michael;18:06:48;13:58:50;-3024.751,332.2954,332.2954;;;;
Michael;18:06:49;13:58:50;-3024.751,332.2954,332.2954;;I've been ready to talk;Cutscene;Cutscene
Michael;18:06:49;13:58:51;-3024.751,332.2954,332.2954;;;;
Michael;18:06:50;13:58:51;-3024.751,332.2954,332.2954;;;;
Michael;18:06:50;13:58:52;-3024.751,332.2954,332.2954;;since the day I got kidnapped six weeks ago.;Cutscene;Cutscene
Michael;18:06:51;13:58:53;-3024.751,332.2954,332.2954;;;;
Michael;18:06:51;13:58:53;-3024.751,332.2954,332.2954;;;;
Michael;18:06:52;13:58:54;-3024.751,332.2954,332.2954;;;;
Michael;18:06:52;13:58:54;-3024.751,332.2954,332.2954;;;;
Michael;18:06:53;13:58:55;-3024.751,332.2954,332.2954;;That's what we were afraid of.;Cutscene;Cutscene
Michael;18:06:53;13:58:55;-3024.751,332.2954,332.2954;;;;
Michael;18:06:54;13:58:56;-3024.751,332.2954,332.2954;;;;
Michael;18:06:54;13:58:56;-3024.751,332.2954,332.2954;;;;
Michael;18:06:55;13:58:57;-3024.751,332.2954,332.2954;;;;
Michael;18:06:55;13:58:57;-3024.751,332.2954,332.2954;;this guy we're after, what does he look like?;Cutscene;Cutscene
Michael;18:06:56;13:58:58;-3024.751,332.2954,332.2954;;;;
Michael;18:06:56;13:58:58;-3024.751,332.2954,332.2954;;;;
Michael;18:06:57;13:58:59;-3024.751,332.2954,332.2954;;;;
Michael;18:06:57;13:58:59;-3024.751,332.2954,332.2954;;;;
Michael;18:06:58;13:59:00;-3024.751,332.2954,332.2954;;;;
Michael;18:06:58;13:59:00;-3024.751,332.2954,332.2954;;;;
Michael;18:06:59;13:59:01;-3024.751,332.2954,332.2954;;;;
Michael;18:06:59;13:59:01;-3024.751,332.2954,332.2954;;Average height.;Cutscene;Cutscene
Michael;18:07:00;13:59:02;-3024.751,332.2954,332.2954;;;;
Michael;18:07:01;13:59:02;-3024.751,332.2954,332.2954;;Middle-aged.;Cutscene;Cutscene
Michael;18:07:01;13:59:03;-3024.751,332.2954,332.2954;;;;
Michael;18:07:02;13:59:03;-3024.751,332.2954,332.2954;;Yeah, yeah,;Cutscene;Cutscene
Michael;18:07:02;13:59:04;-3024.751,332.2954,332.2954;;;;
Michael;18:07:03;13:59:04;-3024.751,332.2954,332.2954;;;;
Michael;18:07:03;13:59:05;-3024.751,332.2954,332.2954;;;;
Michael;18:07:04;13:59:06;-3024.751,332.2954,332.2954;;;;
Michael;18:07:04;13:59:06;-3024.751,332.2954,332.2954;;;;
Michael;18:07:05;13:59:07;-3024.751,332.2954,332.2954;;;;
Michael;18:07:05;13:59:07;-3024.751,332.2954,332.2954;;;;
Michael;18:07:06;13:59:08;-3024.751,332.2954,332.2954;;;;
Michael;18:07:06;13:59:08;-3024.751,332.2954,332.2954;;He's dark, okay?;Cutscene;Cutscene
Michael;18:07:07;13:59:09;-3024.751,332.2954,332.2954;;He's Azerbaijani for God's sake.;Cutscene;Cutscene
Michael;18:07:07;13:59:09;-3024.751,332.2954,332.2954;;;;
Michael;18:07:08;13:59:10;-3024.751,332.2954,332.2954;;;;
Michael;18:07:08;13:59:10;-3024.751,332.2954,332.2954;;Look around, that enough for you?;Cutscene;Cutscene
Michael;18:07:09;13:59:11;-3024.751,332.2954,332.2954;;;;
Michael;18:07:09;13:59:11;-3024.751,332.2954,332.2954;;;;
Michael;18:07:10;13:59:12;-3024.751,332.2954,332.2954;;;;
Michael;18:07:10;13:59:12;-3024.751,332.2954,332.2954;;;;
Michael;18:07:11;13:59:13;-3024.751,332.2954,332.2954;;;;
char;time_ingame;time_rw;pos;vehicle;subtitles_text;speaker;soundfile
Michael;18:07:15;13:59:17;-3024.751,332.2954,332.2954;;;;
Michael;18:07:16;13:59:17;-3024.751,332.2954,332.2954;;;;
Michael;18:07:16;13:59:18;-3024.751,332.2954,332.2954;;;;
Michael;18:07:17;13:59:19;-3024.751,332.2954,332.2954;;;;
Michael;18:07:17;13:59:19;-3024.751,332.2954,332.2954;;;;
Michael;18:07:18;13:59:20;-3024.751,332.2954,332.2954;;;;
Michael;18:07:18;13:59:20;-3024.751,332.2954,332.2954;;;;
Michael;18:07:19;13:59:21;-3024.751,332.2954,332.2954;;;;
Michael;18:07:19;13:59:21;-3024.751,332.2954,332.2954;;;;
Michael;18:07:20;13:59:22;-3024.751,332.2954,332.2954;;;;
Michael;18:07:20;13:59:22;-3024.751,332.2954,332.2954;;;;
Michael;18:07:21;13:59:23;-3024.751,332.2954,332.2954;;;;
Michael;18:07:21;13:59:23;-3024.751,332.2954,332.2954;;;;
Michael;18:07:22;13:59:24;-3024.751,332.2954,332.2954;;We're live.;Michael;FBI3_EHAA
Michael;18:07:22;13:59:24;-3024.751,332.2954,332.2954;;;;
Michael;18:07:23;13:59:25;-3024.751,332.2954,332.2954;;;;
Michael;18:07:23;13:59:25;-3024.751,332.2954,332.2954;;You see anyone down there who might be an Azerbaijani?;Dave;FBI3_CDAA
Michael;18:07:24;13:59:26;-3024.751,332.2954,332.2954;;;;
Michael;18:07:24;13:59:26;-3024.751,332.2954,332.2954;;;;
Michael;18:07:25;13:59:27;-3024.751,332.2954,332.2954;;;;
Michael;18:07:26;13:59:27;-3024.751,332.2954,332.2954;;;;
Michael;18:07:26;13:59:28;-3024.751,332.2954,332.2954;;Fuck do I know? You might be an Azerbajina for all I know. What's one look like?;Michael;FBI3_CDAB
Michael;18:07:27;13:59:28;-3024.751,332.2954,332.2954;;;;
Michael;18:07:27;13:59:29;-3024.751,332.2954,332.2954;;;;
Michael;18:07:28;13:59:29;-3024.751,332.2954,332.2954;;;;
Michael;18:07:28;13:59:30;-3024.751,332.2954,332.2954;;;;
Michael;18:07:29;13:59:31;-3024.751,332.2954,332.2954;;;;
Michael;18:07:29;13:59:31;-3024.751,332.2954,332.2954;;;;
Michael;18:07:30;13:59:32;-3024.751,332.2954,332.2954;;;;
Michael;18:07:30;13:59:32;-3024.751,332.2954,332.2954;;;;
Michael;18:07:31;13:59:33;-3024.751,332.2954,332.2954;;;;
Michael;18:07:31;13:59:33;-3024.751,332.2954,332.2954;;They look Eastern.;Dave;FBI3_CDAC
Michael;18:07:32;13:59:34;-3024.751,332.2954,332.2954;;;;
Michael;18:07:32;13:59:34;-3024.751,332.2954,332.2954;;Half this town looks Eastern, Davey. You got the fall of the Shah and the collapse of communism to thank for that.;Michael;FBI3_CDAD
Michael;18:07:33;13:59:35;-3024.751,332.2954,332.2954;;;;
Michael;18:07:33;13:59:35;-3024.751,332.2954,332.2954;;;;
Michael;18:07:34;13:59:36;-3024.751,332.2954,332.2954;;;;
Michael;18:07:34;13:59:36;-3024.751,332.2954,332.2954;;;;
Michael;18:07:35;13:59:37;-3024.751,332.2954,332.2954;;;;
Michael;18:07:35;13:59:37;-3024.751,332.2954,332.2954;;;;
Michael;18:07:36;13:59:38;-3024.751,332.2954,332.2954;;;;
Michael;18:07:37;13:59:38;-3024.751,332.2954,332.2954;;;;
Michael;18:07:37;13:59:39;-3024.751,332.2954,332.2954;;;;
Michael;18:07:38;13:59:39;-3024.751,332.2954,332.2954;;;;
Michael;18:07:38;13:59:40;-3024.751,332.2954,332.2954;;;;
Michael;18:07:39;13:59:40;-3024.751,332.2954,332.2954;;Anyone stand out?;Dave;FBI3_CDAE
Michael;18:07:39;13:59:41;-3024.751,332.2954,332.2954;;;;
Michael;18:07:40;13:59:41;-3024.751,332.2954,332.2954;;;;
Michael;18:07:40;13:59:42;-3024.751,332.2954,332.2954;;No, they all kind of blend in. Make a call, Dave.;Michael;FBI3_CDAF
Michael;18:07:41;13:59:43;-3024.751,332.2954,332.2954;;;;
Michael;18:07:41;13:59:43;-3024.751,332.2954,332.2954;;;;
Michael;18:07:42;13:59:44;-3024.751,332.2954,332.2954;;;;
Michael;18:07:42;13:59:44;-3024.751,332.2954,332.2954;;;;
Michael;18:07:43;13:59:45;-3024.751,332.2954,332.2954;;;;
Michael;18:07:43;13:59:45;-3024.751,332.2954,332.2954;;;;
Michael;18:07:44;13:59:46;-3024.751,332.2954,332.2954;;;;
Michael;18:07:44;13:59:46;-3024.751,332.2954,332.2954;;;;
Michael;18:07:45;13:59:47;-3024.751,332.2954,332.2954;;;;
Michael;18:07:45;13:59:47;-3024.751,332.2954,332.2954;;We're going to need some more info on this guy. They're having a party down there.;Dave;FBI3_CDAG
Michael;18:07:46;13:59:48;-3024.751,332.2954,332.2954;;;;
Michael;18:07:46;13:59:48;-3024.751,332.2954,332.2954;;;;
Michael;18:07:47;13:59:49;-3024.751,332.2954,332.2954;;;;
Michael;18:07:47;13:59:49;-3024.751,332.2954,332.2954;;;;
Michael;18:07:48;13:59:50;-3024.751,332.2954,332.2954;;;;
Michael;18:07:49;13:59:50;-3024.751,332.2954,332.2954;;;;
Michael;18:07:49;13:59:51;-3024.751,332.2954,332.2954;;;;
Michael;18:07:50;13:59:51;-3024.751,332.2954,332.2954;;;;
Michael;18:07:50;13:59:52;-3024.751,332.2954,332.2954;;;;
Michael;18:07:51;13:59:52;-3024.751,332.2954,332.2954;;;;
Michael;18:07:51;13:59:53;-3024.751,332.2954,332.2954;;;;
Michael;18:07:52;13:59:53;-3024.751,332.2954,332.2954;;;;
Michael;18:07:52;13:59:54;-3024.751,332.2954,332.2954;;;;
Michael;18:07:53;13:59:55;-3024.751,332.2954,332.2954;;;;
Michael;18:07:53;13:59:55;-3024.751,332.2954,332.2954;;;;
Michael;18:07:54;13:59:56;-3024.751,332.2954,332.2954;;;;
Michael;18:07:54;13:59:56;-3024.751,332.2954,332.2954;;;;
char;time_ingame;time_rw;pos;vehicle;subtitles_text;speaker;soundfile
Michael;18:07:59;14:00:00;-3024.751,332.2954,332.2954;;That ain't gonna cut it, my friend.;Cutscene;Cutscene
Michael;18:07:59;14:00:01;-3024.751,332.2954,332.2954;;;;
Michael;18:08:00;14:00:01;-3024.751,332.2954,332.2954;;;;
Michael;18:08:00;14:00:02;-3024.751,332.2954,332.2954;;Shit. Shit. I, I,;Cutscene;Cutscene
Michael;18:08:01;14:00:03;-3024.751,332.2954,332.2954;;;;
Michael;18:08:01;14:00:03;-3024.751,332.2954,332.2954;;let me think. I...;Cutscene;Cutscene
Michael;18:08:02;14:00:04;-3024.751,332.2954,332.2954;;Bzzzt!;Cutscene;Cutscene
Michael;18:08:02;14:00:04;-3024.751,332.2954,332.2954;;;;
Michael;18:08:03;14:00:05;-3024.751,332.2954,332.2954;;Sorry, too late!;Cutscene;Cutscene
Michael;18:08:03;14:00:05;-3024.751,332.2954,332.2954;;;;
Michael;18:08:04;14:00:06;-3024.751,332.2954,332.2954;;Trevor, show our contestant what he's won today!;Cutscene;Cutscene
Michael;18:08:04;14:00:06;-3024.751,332.2954,332.2954;;;;
Michael;18:08:05;14:00:07;-3024.751,332.2954,332.2954;;;;
Michael;18:08:05;14:00:07;-3024.751,332.2954,332.2954;;;;
Michael;18:08:06;14:00:08;-3024.751,332.2954,332.2954;;;;
Michael;18:08:06;14:00:08;-3024.751,332.2954,332.2954;;wait, wait, I remember!;Cutscene;Cutscene
char;time_ingame;time_rw;pos;vehicle;subtitles_text;speaker;soundfile
Trevor;18:08:10;14:00:12;144.053,-2203.052,-2203.052;;;;
Trevor;18:08:11;14:00:13;144.053,-2203.052,-2203.052;;;;
Trevor;18:08:12;14:00:13;144.053,-2203.052,-2203.052;;;;
Trevor;18:08:12;14:00:14;143.9365,-2203.053,-2203.053;;I hope you've been flossing!;TREVOR;FBI3_CQAA
Trevor;18:08:13;14:00:14;143.9365,-2203.053,-2203.053;;;;
Trevor;18:08:13;14:00:15;143.9365,-2203.053,-2203.053;;;;
Trevor;18:08:14;14:00:15;143.9365,-2203.053,-2203.053;;;;
Trevor;18:08:14;14:00:16;143.9365,-2203.053,-2203.053;;;;
Trevor;18:08:15;14:00:16;143.9365,-2203.053,-2203.053;;;;
Trevor;18:08:15;14:00:17;143.9365,-2203.053,-2203.053;;I just had them lasered!;MisterK;FBI3_CMAA
Trevor;18:08:16;14:00:18;143.9346,-2203.051,-2203.051;;;;
Trevor;18:08:16;14:00:18;143.8763,-2202.989,-2202.989;;;;
Trevor;18:08:17;14:00:19;143.761,-2202.866,-2202.866;;;;
Trevor;18:08:17;14:00:19;143.6217,-2202.718,-2202.718;;;;
Trevor;18:08:18;14:00:20;143.493,-2202.581,-2202.581;;;;
Trevor;18:08:18;14:00:20;143.4118,-2202.494,-2202.494;;Are they sterilized?;MisterK;FBI3_CMAA
Trevor;18:08:19;14:00:21;143.3989,-2202.48,-2202.48;;;;
Trevor;18:08:19;14:00:21;143.3989,-2202.48,-2202.48;;;;
Trevor;18:08:20;14:00:22;143.3989,-2202.48,-2202.48;;;;
Trevor;18:08:20;14:00:22;143.3989,-2202.48,-2202.48;;;;
Trevor;18:08:21;14:00:23;143.3989,-2202.48,-2202.48;;;;
Trevor;18:08:21;14:00:23;143.3989,-2202.48,-2202.48;;;;
Trevor;18:08:22;14:00:24;143.3989,-2202.48,-2202.48;;;;
Trevor;18:08:22;14:00:24;143.3989,-2202.48,-2202.48;;;;
Trevor;18:08:23;14:00:25;143.3989,-2202.48,-2202.48;;;;
Trevor;18:08:23;14:00:25;143.3989,-2202.48,-2202.48;;;;
Trevor;18:08:24;14:00:26;143.3989,-2202.48,-2202.48;;;;
Trevor;18:08:25;14:00:26;143.3989,-2202.48,-2202.48;;;;
Trevor;18:08:25;14:00:27;143.3989,-2202.48,-2202.48;;;;
Trevor;18:08:26;14:00:27;143.3989,-2202.48,-2202.48;;;;
Trevor;18:08:26;14:00:28;143.3989,-2202.48,-2202.48;;;;
Trevor;18:08:27;14:00:28;143.3989,-2202.48,-2202.48;;;;
Trevor;18:08:27;14:00:29;143.3989,-2202.48,-2202.48;;;;
Trevor;18:08:28;14:00:29;143.3989,-2202.48,-2202.48;;;;
Trevor;18:08:28;14:00:30;143.3989,-2202.48,-2202.48;;;;
Trevor;18:08:29;14:00:31;143.3989,-2202.48,-2202.48;;;;
Trevor;18:08:29;14:00:31;143.3989,-2202.48,-2202.48;;;;
Trevor;18:08:30;14:00:32;143.3989,-2202.48,-2202.48;;;;
Trevor;18:08:30;14:00:32;143.3989,-2202.48,-2202.48;;;;
Trevor;18:08:31;14:00:33;143.3989,-2202.48,-2202.48;;;;
Trevor;18:08:31;14:00:33;143.3989,-2202.48,-2202.48;;;;
Trevor;18:08:32;14:00:34;143.3989,-2202.48,-2202.48;;;;
Trevor;18:08:32;14:00:34;143.3989,-2202.48,-2202.48;;;;
Trevor;18:08:33;14:00:35;143.3989,-2202.48,-2202.48;;;;
Trevor;18:08:33;14:00:35;143.3989,-2202.48,-2202.48;;;;
Trevor;18:08:34;14:00:36;143.3989,-2202.48,-2202.48;;;;
Trevor;18:08:34;14:00:36;143.3989,-2202.48,-2202.48;;He was a tough SOB, that little guy.;FBI3_FXAA;FBI3_FXAA
Trevor;18:08:35;14:00:37;143.3989,-2202.48,-2202.48;;;;
Trevor;18:08:35;14:00:37;143.3989,-2202.48,-2202.48;;;;
Trevor;18:08:36;14:00:38;143.3989,-2202.48,-2202.48;;;;
Trevor;18:08:36;14:00:38;143.3989,-2202.48,-2202.48;;;;
Trevor;18:08:37;14:00:39;143.3989,-2202.48,-2202.48;;;;
Trevor;18:08:37;14:00:39;143.3989,-2202.48,-2202.48;;;;
Trevor;18:08:38;14:00:40;143.3989,-2202.48,-2202.48;;Shit... that hurts so much.;FBI3_FXAB;FBI3_FXAB
Trevor;18:08:39;14:00:40;143.3989,-2202.48,-2202.48;;;;
Trevor;18:08:39;14:00:41;143.3989,-2202.48,-2202.48;;;;
Trevor;18:08:40;14:00:41;143.3989,-2202.48,-2202.48;;;;
Trevor;18:08:40;14:00:42;143.3989,-2202.48,-2202.48;;;;
Trevor;18:08:41;14:00:42;143.3989,-2202.48,-2202.48;;;;
Trevor;18:08:41;14:00:43;143.3989,-2202.48,-2202.48;;;;
Trevor;18:08:42;14:00:43;143.3989,-2202.48,-2202.48;;;;
Trevor;18:08:42;14:00:44;143.3989,-2202.48,-2202.48;;;;
Trevor;18:08:43;14:00:45;143.3989,-2202.48,-2202.48;;;;
Trevor;18:08:43;14:00:45;143.3989,-2202.48,-2202.48;;;;
Trevor;18:08:44;14:00:46;143.3989,-2202.48,-2202.48;;;;
Trevor;18:08:44;14:00:46;143.3989,-2202.48,-2202.48;;;;
Trevor;18:08:45;14:00:47;143.4809,-2202.563,-2202.563;;;;
Trevor;18:08:45;14:00:47;143.487,-2202.632,-2202.632;;I guess our interrogation techniques were a little too advanced.;TREVOR;FBI3_AMAA
Trevor;18:08:46;14:00:48;143.3399,-2202.959,-2202.959;;;;
Trevor;18:08:46;14:00:48;143.4165,-2203.242,-2203.242;;;;
Trevor;18:08:47;14:00:49;143.4257,-2203.088,-2203.088;;;;
Trevor;18:08:47;14:00:49;143.4494,-2203.009,-2203.009;;;;
Trevor;18:08:48;14:00:50;143.4898,-2202.995,-2202.995;;;;
Trevor;18:08:48;14:00:50;143.4212,-2202.767,-2202.767;;;;
Trevor;18:08:49;14:00:51;143.562,-2202.598,-2202.598;;;;
Trevor;18:08:49;14:00:51;143.4095,-2202.61,-2202.61;;;;
Trevor;18:08:50;14:00:52;143.4768,-2202.565,-2202.565;;;;
Trevor;18:08:50;14:00:52;143.4286,-2202.577,-2202.577;;;;
Trevor;18:08:51;14:00:53;143.4525,-2202.567,-2202.567;;;;
Trevor;18:08:52;14:00:53;143.5046,-2202.625,-2202.625;;Wakey, wakey.;TREVOR;FBI3_ANAA
Trevor;18:08:52;14:00:54;143.3318,-2202.719,-2202.719;;;;
Trevor;18:08:53;14:00:54;143.275,-2202.805,-2202.805;;;;
Trevor;18:08:53;14:00:55;143.3924,-2202.866,-2202.866;;;;
Trevor;18:08:54;14:00:55;143.4367,-2202.874,-2202.874;;;;
Trevor;18:08:54;14:00:56;143.4424,-2202.883,-2202.883;;;;
Trevor;18:08:55;14:00:56;143.4284,-2202.938,-2202.938;;I'm still here...;FBI3_APAA;FBI3_APAA
Trevor;18:08:55;14:00:57;143.2355,-2203.094,-2203.094;;;;
Trevor;18:08:56;14:00:58;143.2637,-2203.157,-2203.157;;;;
Trevor;18:08:56;14:00:58;143.385,-2203.251,-2203.251;;;;
Trevor;18:08:57;14:00:59;143.4374,-2203.288,-2203.288;;;;
Trevor;18:08:57;14:00:59;143.491,-2203.281,-2203.281;;;;
Trevor;18:08:58;14:01:00;143.4911,-2203.11,-2203.11;;;;
Trevor;18:08:58;14:01:00;143.5434,-2202.896,-2202.896;;;;
Trevor;18:08:59;14:01:01;143.6371,-2202.866,-2202.866;;;;
Trevor;18:08:59;14:01:01;143.6263,-2202.878,-2202.878;;;;
Trevor;18:09:00;14:01:02;143.711,-2202.842,-2202.842;;;;
Trevor;18:09:00;14:01:02;143.6669,-2202.772,-2202.772;;;;
Trevor;18:09:01;14:01:03;143.3943,-2202.773,-2202.773;;;;
Trevor;18:09:01;14:01:03;143.3602,-2202.835,-2202.835;;;;
Trevor;18:09:02;14:01:04;143.4687,-2202.852,-2202.852;;;;
Trevor;18:09:02;14:01:04;143.6037,-2202.771,-2202.771;;;;
Trevor;18:09:03;14:01:05;143.7516,-2202.874,-2202.874;;;;
Trevor;18:09:03;14:01:05;143.5476,-2202.903,-2202.903;;;;
Trevor;18:09:04;14:01:06;143.4726,-2202.763,-2202.763;;;;
Trevor;18:09:05;14:01:06;143.4919,-2202.63,-2202.63;;;;
Trevor;18:09:05;14:01:07;143.5034,-2202.625,-2202.625;;;;
Trevor;18:09:06;14:01:07;143.4488,-2202.637,-2202.637;;;;
Trevor;18:09:06;14:01:08;143.4188,-2202.854,-2202.854;;;;
Trevor;18:09:07;14:01:08;143.3941,-2202.855,-2202.855;;;;
Trevor;18:09:07;14:01:09;143.3752,-2202.794,-2202.794;;;;
Trevor;18:09:08;14:01:09;143.118,-2202.943,-2202.943;;;;
Trevor;18:09:08;14:01:10;143.2758,-2203.133,-2203.133;;;;
Trevor;18:09:09;14:01:11;143.519,-2203.12,-2203.12;;;;
Trevor;18:09:09;14:01:11;143.7126,-2203.083,-2203.083;;;;
Trevor;18:09:10;14:01:12;143.819,-2203.031,-2203.031;;So, what have you got for us?;Cutscene;Cutscene
Trevor;18:09:10;14:01:12;143.8089,-2203.026,-2203.026;;;;
Trevor;18:09:11;14:01:13;143.6538,-2203.111,-2203.111;;Hmm?;Cutscene;Cutscene
Trevor;18:09:11;14:01:13;143.6958,-2203.13,-2203.13;;;;
Trevor;18:09:12;14:01:14;143.7034,-2203.15,-2203.15;;We need Trev to shake up your memory again?;Cutscene;Cutscene
Trevor;18:09:12;14:01:14;143.5755,-2203.187,-2203.187;;;;
Trevor;18:09:13;14:01:15;143.7001,-2202.998,-2202.998;;;;
Trevor;18:09:13;14:01:15;143.7951,-2202.889,-2202.889;;No, no, no no no.;Cutscene;Cutscene
Trevor;18:09:14;14:01:16;144.0502,-2202.891,-2202.891;;;;
Trevor;18:09:14;14:01:16;144.1999,-2202.928,-2202.928;;;;
Trevor;18:09:15;14:01:17;143.9669,-2202.87,-2202.87;;;;
Trevor;18:09:15;14:01:17;143.9123,-2202.725,-2202.725;;;;
Trevor;18:09:16;14:01:18;144.0415,-2202.614,-2202.614;;;;
Trevor;18:09:16;14:01:18;143.9711,-2202.754,-2202.754;;;;
Trevor;18:09:17;14:01:19;143.8384,-2202.878,-2202.878;;No, no, he's got beard!;Cutscene;Cutscene
Trevor;18:09:18;14:01:19;143.6322,-2202.857,-2202.857;;;;
Trevor;18:09:18;14:01:20;143.4781,-2202.911,-2202.911;;;;
Trevor;18:09:19;14:01:20;143.3871,-2203.085,-2203.085;;;;
Trevor;18:09:19;14:01:21;143.4854,-2203.027,-2203.027;;Oh, he's got beard?;Cutscene;Cutscene
Trevor;18:09:20;14:01:21;143.782,-2202.625,-2202.625;;He's got bushy beard!;Cutscene;Cutscene
Trevor;18:09:20;14:01:22;144.0369,-2202.686,-2202.686;;;;
Trevor;18:09:21;14:01:23;144.0763,-2202.759,-2202.759;;Uh-huh? I think you're making this up.;Cutscene;Cutscene
Trevor;18:09:21;14:01:23;143.9003,-2202.931,-2202.931;;;;
Trevor;18:09:22;14:01:24;143.6854,-2202.943,-2202.943;;;;
Trevor;18:09:22;14:01:24;143.4764,-2202.937,-2202.937;;;;
Trevor;18:09:23;14:01:25;143.4586,-2203.07,-2203.07;;No, no, I'm not.;Cutscene;Cutscene
Trevor;18:09:23;14:01:25;143.6315,-2202.995,-2202.995;;Huh? Yeah?;Cutscene;Cutscene
Trevor;18:09:24;14:01:26;143.643,-2202.978,-2202.978;;;;
Trevor;18:09:24;14:01:26;143.6278,-2202.975,-2202.975;;;;
Trevor;18:09:25;14:01:27;143.6191,-2202.967,-2202.967;;;;
Trevor;18:09:25;14:01:27;143.6139,-2202.961,-2202.961;;;;
Trevor;18:09:26;14:01:28;143.6143,-2202.963,-2202.963;;;;
Trevor;18:09:26;14:01:28;143.6159,-2202.96,-2202.96;;Got any beardy types at this party? Huh?;Cutscene;Cutscene
Trevor;18:09:27;14:01:29;143.6367,-2202.933,-2202.933;;;;
Trevor;18:09:27;14:01:29;143.6612,-2202.903,-2202.903;;;;
Trevor;18:09:28;14:01:30;143.5841,-2202.912,-2202.912;;;;
Trevor;18:09:28;14:01:30;143.2993,-2202.931,-2202.931;;Because that's all Mr. K's given us.;Cutscene;Cutscene
Trevor;18:09:29;14:01:31;143.2296,-2202.968,-2202.968;;;;
Trevor;18:09:29;14:01:31;143.378,-2203.104,-2203.104;;;;
Trevor;18:09:30;14:01:32;143.5393,-2203.049,-2203.049;;;;
Trevor;18:09:31;14:01:32;143.6912,-2202.99,-2202.99;;You know, I'm thinking maybe;Cutscene;Cutscene
Trevor;18:09:31;14:01:33;143.6401,-2203.129,-2203.129;;;;
Trevor;18:09:32;14:01:33;143.6568,-2203.175,-2203.175;;we ought to just take two bullets;Cutscene;Cutscene
Trevor;18:09:32;14:01:34;143.802,-2203.167,-2203.167;;;;
Trevor;18:09:33;14:01:34;143.6919,-2203.221,-2203.221;;;;
Trevor;18:09:33;14:01:35;143.7677,-2203.188,-2203.188;;;;
Trevor;18:09:34;14:01:36;143.892,-2203.184,-2203.184;;;;
Trevor;18:09:34;14:01:36;143.8674,-2203.173,-2203.173;;and just call an airstrike on Chumash Beach.;Cutscene;Cutscene
Trevor;18:09:35;14:01:37;143.7569,-2203.211,-2203.211;;;;
Trevor;18:09:35;14:01:37;143.6313,-2203.252,-2203.252;;;;
Trevor;18:09:36;14:01:38;143.6501,-2203.241,-2203.241;;;;
Trevor;18:09:36;14:01:38;143.7328,-2203.158,-2203.158;;;;
Trevor;18:09:37;14:01:39;143.7328,-2203.158,-2203.158;;Get out the scope.;Dave;FBI3_CVAA
Trevor;18:09:37;14:01:39;143.7328,-2203.158,-2203.158;;;;
Trevor;18:09:38;14:01:40;143.7328,-2203.158,-2203.158;;;;
char;time_ingame;time_rw;pos;vehicle;subtitles_text;speaker;soundfile
Michael;18:09:42;14:01:44;-3024.751,332.2954,332.2954;;;;
Michael;18:09:43;14:01:45;-3024.751,332.2954,332.2954;;;;
Michael;18:09:43;14:01:45;-3024.751,332.2954,332.2954;;;;
Michael;18:09:44;14:01:46;-3024.751,332.2954,332.2954;;;;
Michael;18:09:44;14:01:46;-3024.751,332.2954,332.2954;;;;
Michael;18:09:45;14:01:47;-3024.751,332.2954,332.2954;;;;
Michael;18:09:45;14:01:47;-3024.751,332.2954,332.2954;;;;
Michael;18:09:46;14:01:48;-3024.751,332.2954,332.2954;;Who am I looking for?;Michael;FBI3_EIAA
Michael;18:09:47;14:01:48;-3024.751,332.2954,332.2954;;;;
Michael;18:09:47;14:01:49;-3024.751,332.2954,332.2954;;;;
Michael;18:09:48;14:01:49;-3024.751,332.2954,332.2954;;Steve's saying "beard." What you got?;Dave;FBI3_CFAA
Michael;18:09:48;14:01:50;-3024.751,332.2954,332.2954;;;;
Michael;18:09:49;14:01:50;-3024.751,332.2954,332.2954;;;;
Michael;18:09:49;14:01:51;-3024.751,332.2954,332.2954;;;;
Michael;18:09:50;14:01:52;-3024.751,332.2954,332.2954;;Anything specific, or is some stubble gonna cut it?;Michael;FBI3_CFAB
Michael;18:09:50;14:01:52;-3024.751,332.2954,332.2954;;;;
Michael;18:09:51;14:01:53;-3024.751,332.2954,332.2954;;;;
Michael;18:09:51;14:01:53;-3024.751,332.2954,332.2954;;;;
Michael;18:09:52;14:01:54;-3024.751,332.2954,332.2954;;;;
Michael;18:09:52;14:01:54;-3024.751,332.2954,332.2954;;;;
Michael;18:09:53;14:01:55;-3024.751,332.2954,332.2954;;Let's start at mountain man, and we'll work our way down till someone fits the profile.;Dave;FBI3_CFAC
Michael;18:09:53;14:01:55;-3024.751,332.2954,332.2954;;;;
Michael;18:09:54;14:01:56;-3024.751,332.2954,332.2954;;;;
Michael;18:09:54;14:01:56;-3024.751,332.2954,332.2954;;;;
Michael;18:09:55;14:01:57;-3024.751,332.2954,332.2954;;;;
Michael;18:09:55;14:01:57;-3024.751,332.2954,332.2954;;;;
Michael;18:09:56;14:01:58;-3024.751,332.2954,332.2954;;;;
Michael;18:09:56;14:01:58;-3024.751,332.2954,332.2954;;;;
Michael;18:09:57;14:01:59;-3024.751,332.2954,332.2954;;There's a few beards at this party. Vinewood's full of weak chins. Place is famous for it.;Michael;FBI3_CFAD
Michael;18:09:57;14:01:59;-3024.751,332.2954,332.2954;;;;
Michael;18:09:58;14:02:00;-3024.751,332.2954,332.2954;;;;
Michael;18:09:59;14:02:00;-3024.751,332.2954,332.2954;;;;
Michael;18:09:59;14:02:01;-3024.751,332.2954,332.2954;;;;
Michael;18:10:00;14:02:01;-3024.751,332.2954,332.2954;;;;
Michael;18:10:00;14:02:02;-3024.751,332.2954,332.2954;;;;
Michael;18:10:01;14:02:02;-3024.751,332.2954,332.2954;;;;
Michael;18:10:01;14:02:03;-3024.751,332.2954,332.2954;;;;
Michael;18:10:02;14:02:04;-3024.751,332.2954,332.2954;;;;
Michael;18:10:02;14:02:04;-3024.751,332.2954,332.2954;;;;
Michael;18:10:03;14:02:05;-3024.751,332.2954,332.2954;;Damn!;Dave;FBI3_CFAE
Michael;18:10:03;14:02:05;-3024.751,332.2954,332.2954;;Beards are in fashion in Chumash. Land of beach hipsters. We need more.;Dave;FBI3_CFAF
Michael;18:10:04;14:02:06;-3024.751,332.2954,332.2954;;;;
Michael;18:10:04;14:02:06;-3024.751,332.2954,332.2954;;;;
Michael;18:10:05;14:02:07;-3024.751,332.2954,332.2954;;;;
Michael;18:10:05;14:02:07;-3024.751,332.2954,332.2954;;;;
Michael;18:10:06;14:02:08;-3024.751,332.2954,332.2954;;;;
Michael;18:10:06;14:02:08;-3024.751,332.2954,332.2954;;;;
Michael;18:10:07;14:02:09;-3024.751,332.2954,332.2954;;;;
Michael;18:10:07;14:02:09;-3024.751,332.2954,332.2954;;;;
Michael;18:10:08;14:02:10;-3024.751,332.2954,332.2954;;;;
Michael;18:10:08;14:02:10;-3024.751,332.2954,332.2954;;;;
Michael;18:10:09;14:02:11;-3024.751,332.2954,332.2954;;;;
Michael;18:10:09;14:02:11;-3024.751,332.2954,332.2954;;;;
Michael;18:10:10;14:02:12;-3024.751,332.2954,332.2954;;;;
Michael;18:10:11;14:02:12;-3024.751,332.2954,332.2954;;It's gonna be a long day;Cutscene;Cutscene
Michael;18:10:11;14:02:13;-3024.751,332.2954,332.2954;;;;
Michael;18:10:12;14:02:13;-3024.751,332.2954,332.2954;;;;
Michael;18:10:12;14:02:14;-3024.751,332.2954,332.2954;;until you give us some intel on our target.;Cutscene;Cutscene
Michael;18:10:13;14:02:14;-3024.751,332.2954,332.2954;;;;
Michael;18:10:13;14:02:15;-3024.751,332.2954,332.2954;;;;
Michael;18:10:14;14:02:15;-3024.751,332.2954,332.2954;;;;
Michael;18:10:14;14:02:16;-3024.751,332.2954,332.2954;;He's a, he's got beard.;Cutscene;Cutscene
Michael;18:10:15;14:02:17;-3024.751,332.2954,332.2954;;;;
char;time_ingame;time_rw;pos;vehicle;subtitles_text;speaker;soundfile
Michael;18:10:19;14:02:21;-3024.751,332.2954,332.2954;;He's a, he's got beard.;Cutscene;Cutscene
Michael;18:10:19;14:02:21;-3024.751,332.2954,332.2954;;He smokes...;Cutscene;Cutscene
Michael;18:10:20;14:02:22;-3024.751,332.2954,332.2954;;;;
Michael;18:10:20;14:02:22;-3024.751,332.2954,332.2954;;he smokes like a fucking chimney!;Cutscene;Cutscene
Michael;18:10:21;14:02:23;-3024.751,332.2954,332.2954;;;;
Michael;18:10:22;14:02:23;-3024.751,332.2954,332.2954;;I, I don't know.;Cutscene;Cutscene
Michael;18:10:22;14:02:24;-3024.751,332.2954,332.2954;;Trev, maybe one more time?;Cutscene;Cutscene
Michael;18:10:23;14:02:24;-3024.751,332.2954,332.2954;;;;
Michael;18:10:23;14:02:25;-3024.751,332.2954,332.2954;;Just to be sure.;Cutscene;Cutscene
char;time_ingame;time_rw;pos;vehicle;subtitles_text;speaker;soundfile
Michael;18:10:27;14:02:29;-3024.751,332.2954,332.2954;;Just to be sure.;Cutscene;Cutscene
Michael;18:10:27;14:02:29;-3024.751,332.2954,332.2954;;;;
Michael;18:10:28;14:02:30;-3024.751,332.2954,332.2954;;Uh huh.;Cutscene;Cutscene
Michael;18:10:28;14:02:30;-3024.751,332.2954,332.2954;;;;
Michael;18:10:29;14:02:31;-3024.751,332.2954,332.2954;;This is a mental battle, my brother. You've got to convince yourself you're not gonna drown.;TREVOR;FBI3_CSAA
Michael;18:10:29;14:02:31;-3024.751,332.2954,332.2954;;;;
Michael;18:10:30;14:02:32;-3024.751,332.2954,332.2954;;;;
Michael;18:10:31;14:02:32;-3024.751,332.2954,332.2954;;;;
Michael;18:10:31;14:02:33;-3024.751,332.2954,332.2954;;;;
Michael;18:10:32;14:02:33;-3024.751,332.2954,332.2954;;;;
Michael;18:10:32;14:02:34;-3024.751,332.2954,332.2954;;;;
Michael;18:10:33;14:02:34;-3024.751,332.2954,332.2954;;;;
Michael;18:10:33;14:02:35;-3024.751,332.2954,332.2954;;;;
Michael;18:10:34;14:02:35;-3024.751,332.2954,332.2954;;;;
Michael;18:10:34;14:02:36;-3024.751,332.2954,332.2954;;;;
Michael;18:10:35;14:02:36;-3024.751,332.2954,332.2954;;;;
Michael;18:10:35;14:02:37;-3024.751,332.2954,332.2954;;It's torture! It is!;FBI3_DWAA;FBI3_DWAA
Michael;18:10:36;14:02:38;-3024.751,332.2954,332.2954;;;;
Michael;18:10:36;14:02:38;-3024.751,332.2954,332.2954;;;;
Michael;18:10:37;14:02:39;-3024.751,332.2954,332.2954;;;;
Michael;18:10:37;14:02:39;-3024.751,332.2954,332.2954;;;;
Michael;18:10:38;14:02:40;-3024.751,332.2954,332.2954;;I got blood in my mouth.;FBI3_GAAA;FBI3_GAAA
Michael;18:10:38;14:02:40;-3024.751,332.2954,332.2954;;;;
Michael;18:10:39;14:02:41;-3024.751,332.2954,332.2954;;;;
Michael;18:10:39;14:02:41;-3024.751,332.2954,332.2954;;;;
Michael;18:10:40;14:02:42;-3024.751,332.2954,332.2954;;;;
char;time_ingame;time_rw;pos;vehicle;subtitles_text;speaker;soundfile
Trevor;18:10:44;14:02:46;143.8218,-2202.389,-2202.389;;;;
Trevor;18:10:45;14:02:46;143.7934,-2202.419,-2202.419;;;;
Trevor;18:10:45;14:02:47;143.7842,-2202.445,-2202.445;;Sadist!;FBI3_GAAA;FBI3_GAAA
Trevor;18:10:46;14:02:47;143.7513,-2202.425,-2202.425;;;;
Trevor;18:10:46;14:02:48;143.7888,-2202.615,-2202.615;;;;
Trevor;18:10:47;14:02:48;143.6746,-2202.481,-2202.481;;;;
Trevor;18:10:47;14:02:49;143.4542,-2202.368,-2202.368;;;;
Trevor;18:10:48;14:02:49;143.3723,-2202.354,-2202.354;;;;
Trevor;18:10:48;14:02:50;143.4773,-2202.23,-2202.23;;;;
Trevor;18:10:49;14:02:51;143.3507,-2202.395,-2202.395;;Torturer!;FBI3_GAAA;FBI3_GAAA
Trevor;18:10:49;14:02:51;143.1572,-2202.579,-2202.579;;;;
Trevor;18:10:50;14:02:52;142.7957,-2202.828,-2202.828;;;;
Trevor;18:10:50;14:02:52;142.5573,-2203.015,-2203.015;;;;
Trevor;18:10:51;14:02:53;142.3936,-2203.016,-2203.016;;;;
Trevor;18:10:51;14:02:53;142.357,-2202.885,-2202.885;;My mouth. I will drown.;FBI3_GAAA;FBI3_GAAA
Trevor;18:10:52;14:02:54;142.2573,-2202.879,-2202.879;;;;
Trevor;18:10:52;14:02:54;142.2477,-2202.852,-2202.852;;;;
Trevor;18:10:53;14:02:55;142.31,-2202.779,-2202.779;;;;
Trevor;18:10:53;14:02:55;142.2168,-2202.832,-2202.832;;;;
Trevor;18:10:54;14:02:56;142.2063,-2202.811,-2202.811;;;;
Trevor;18:10:54;14:02:56;142.2326,-2202.805,-2202.805;;;;
Trevor;18:10:55;14:02:57;142.3606,-2202.777,-2202.777;;;;
Trevor;18:10:55;14:02:57;142.3273,-2202.806,-2202.806;;;;
Trevor;18:10:56;14:02:58;142.3174,-2202.782,-2202.782;;;;
Trevor;18:10:56;14:02:58;142.3239,-2202.762,-2202.762;;;;
Trevor;18:10:57;14:02:59;142.212,-2202.703,-2202.703;;;;
Trevor;18:10:57;14:02:59;142.1349,-2202.781,-2202.781;;;;
Trevor;18:10:58;14:03:00;142.1276,-2202.785,-2202.785;;;;
Trevor;18:10:59;14:03:00;142.1475,-2202.783,-2202.783;;;;
Trevor;18:10:59;14:03:01;142.1699,-2202.722,-2202.722;;;;
Trevor;18:11:00;14:03:01;142.1785,-2202.71,-2202.71;;;;
Trevor;18:11:00;14:03:02;142.1766,-2202.714,-2202.714;;;;
Trevor;18:11:01;14:03:02;142.1809,-2202.758,-2202.758;;;;
Trevor;18:11:01;14:03:03;142.1322,-2202.771,-2202.771;;;;
Trevor;18:11:02;14:03:03;142.1334,-2202.801,-2202.801;;;;
Trevor;18:11:02;14:03:04;142.1393,-2202.797,-2202.797;;;;
Trevor;18:11:03;14:03:05;142.1234,-2202.787,-2202.787;;;;
Trevor;18:11:03;14:03:05;142.1369,-2202.787,-2202.787;;;;
Trevor;18:11:04;14:03:06;142.1266,-2202.776,-2202.776;;;;
Trevor;18:11:04;14:03:06;142.1435,-2202.811,-2202.811;;;;
Trevor;18:11:05;14:03:07;142.1434,-2202.795,-2202.795;;;;
Trevor;18:11:05;14:03:07;142.1642,-2202.737,-2202.737;;;;
Trevor;18:11:06;14:03:08;142.1769,-2202.71,-2202.71;;Always by the book, that's my vibe.;TREVOR;FBI3_CTAA
Trevor;18:11:06;14:03:08;142.1766,-2202.712,-2202.712;;;;
Trevor;18:11:07;14:03:09;142.1699,-2202.718,-2202.718;;;;
Trevor;18:11:07;14:03:09;142.1678,-2202.72,-2202.72;;;;
Trevor;18:11:08;14:03:10;142.1776,-2202.71,-2202.71;;;;
Trevor;18:11:08;14:03:10;142.2163,-2202.698,-2202.698;;;;
Trevor;18:11:09;14:03:11;142.1358,-2202.784,-2202.784;;;;
Trevor;18:11:09;14:03:11;142.127,-2202.781,-2202.781;;;;
Trevor;18:11:10;14:03:12;142.1444,-2202.81,-2202.81;;;;
Trevor;18:11:10;14:03:12;142.1214,-2202.774,-2202.774;;;;
Trevor;18:11:11;14:03:13;142.1428,-2202.8,-2202.8;;;;
Trevor;18:11:12;14:03:13;142.1309,-2202.766,-2202.766;;;;
Trevor;18:11:12;14:03:14;142.1383,-2202.809,-2202.809;;;;
Trevor;18:11:13;14:03:14;142.1307,-2202.783,-2202.783;;;;
Trevor;18:11:13;14:03:15;142.1318,-2202.796,-2202.796;;;;
Trevor;18:11:14;14:03:15;142.1338,-2202.778,-2202.778;;;;
Trevor;18:11:14;14:03:16;142.1292,-2202.791,-2202.791;;He's wet alright. Let up.;STEVE;FBI3_AFAA
Trevor;18:11:15;14:03:16;142.1438,-2202.806,-2202.806;;;;
Trevor;18:11:15;14:03:17;142.1464,-2202.786,-2202.786;;;;
Trevor;18:11:16;14:03:18;142.1687,-2202.725,-2202.725;;;;
Trevor;18:11:16;14:03:18;142.1515,-2202.719,-2202.719;;Are we gonna get him up?;TREVOR;FBI3_GFAA
Trevor;18:11:17;14:03:19;142.1983,-2202.696,-2202.696;;;;
Trevor;18:11:17;14:03:19;142.118,-2202.658,-2202.658;;;;
Trevor;18:11:18;14:03:20;142.0773,-2202.699,-2202.699;;;;
Trevor;18:11:18;14:03:20;142.0642,-2202.722,-2202.722;;;;
Trevor;18:11:19;14:03:21;142.1649,-2202.655,-2202.655;;The blackness is terrible!;FBI3_GEAA;FBI3_GEAA
Trevor;18:11:19;14:03:21;142.1402,-2202.6,-2202.6;;;;
Trevor;18:11:20;14:03:22;142.1362,-2202.644,-2202.644;;;;
Trevor;18:11:20;14:03:22;142.231,-2202.756,-2202.756;;;;
Trevor;18:11:21;14:03:23;142.1867,-2202.935,-2202.935;;;;
Trevor;18:11:21;14:03:23;142.435,-2203.022,-2203.022;;;;
Trevor;18:11:22;14:03:24;142.711,-2202.94,-2202.94;;Today's lesson is about government regulation.;FBI3_GNAA;FBI3_GNAA
Trevor;18:11:22;14:03:24;143.0932,-2202.735,-2202.735;;;;
Trevor;18:11:23;14:03:25;143.3868,-2202.681,-2202.681;;;;
Trevor;18:11:23;14:03:25;144.0968,-2202.52,-2202.52;;;;
Trevor;18:11:24;14:03:26;144.1609,-2202.415,-2202.415;;;;
Trevor;18:11:25;14:03:26;144.3098,-2202.304,-2202.304;;;;
Trevor;18:11:25;14:03:27;144.249,-2202.382,-2202.382;;Lesson? This is meaningless!;FBI3_GNAB;FBI3_GNAB
Trevor;18:11:26;14:03:27;144.2192,-2202.503,-2202.503;;;;
Trevor;18:11:26;14:03:28;144.228,-2202.495,-2202.495;;;;
Trevor;18:11:27;14:03:28;144.3328,-2202.379,-2202.379;;;;
Trevor;18:11:27;14:03:29;144.3856,-2202.368,-2202.368;;;;
Trevor;18:11:28;14:03:30;144.331,-2202.475,-2202.475;;;;
Trevor;18:11:28;14:03:30;143.6549,-2203.293,-2203.293;;;;
Trevor;18:11:29;14:03:31;143.6173,-2203.278,-2203.278;;;;
Trevor;18:11:29;14:03:31;143.719,-2203.219,-2203.219;;;;
Trevor;18:11:30;14:03:32;143.7884,-2203.164,-2203.164;;;;
Trevor;18:11:30;14:03:32;143.7034,-2203.17,-2203.17;;Mr. K?;Cutscene;Cutscene
Trevor;18:11:31;14:03:33;143.7256,-2203.173,-2203.173;;;;
Trevor;18:11:31;14:03:33;143.8755,-2203.173,-2203.173;;;;
Trevor;18:11:32;14:03:34;143.8299,-2203.216,-2203.216;;;;
Trevor;18:11:32;14:03:34;143.6734,-2203.299,-2203.299;;;;
Trevor;18:11:33;14:03:35;143.7667,-2203.258,-2203.258;;;;
Trevor;18:11:33;14:03:35;143.7961,-2203.242,-2203.242;;;;
Trevor;18:11:34;14:03:36;143.6573,-2203.264,-2203.264;;;;
Trevor;18:11:34;14:03:36;143.6787,-2203.222,-2203.222;;;;
Trevor;18:11:35;14:03:37;143.8044,-2203.139,-2203.139;;Shh.;Cutscene;Cutscene
Trevor;18:11:35;14:03:37;143.776,-2203.183,-2203.183;;;;
Trevor;18:11:36;14:03:38;143.6663,-2203.32,-2203.32;;;;
Trevor;18:11:37;14:03:38;143.6895,-2203.294,-2203.294;;;;
Trevor;18:11:37;14:03:39;143.6687,-2203.125,-2203.125;;It's okay.;Cutscene;Cutscene
Trevor;18:11:38;14:03:39;143.6877,-2203.186,-2203.186;;;;
Trevor;18:11:38;14:03:40;143.6943,-2203.257,-2203.257;;He, he chain smokes... he's left handed...;Cutscene;Cutscene
Trevor;18:11:39;14:03:40;143.6956,-2203.251,-2203.251;;;;
Trevor;18:11:39;14:03:41;143.6885,-2203.213,-2203.213;;;;
Trevor;18:11:40;14:03:41;143.6764,-2203.204,-2203.204;;;;
Trevor;18:11:40;14:03:42;143.6767,-2203.22,-2203.22;;;;
Trevor;18:11:41;14:03:43;143.679,-2203.245,-2203.245;;;;
Trevor;18:11:41;14:03:43;143.6713,-2203.262,-2203.262;;;;
Trevor;18:11:42;14:03:44;143.669,-2203.202,-2203.202;;What's that?;Cutscene;Cutscene
Trevor;18:11:42;14:03:44;143.6641,-2203.101,-2203.101;;He chain smokes... and he's left handed.;Cutscene;Cutscene
Trevor;18:11:43;14:03:45;143.6319,-2203.089,-2203.089;;;;
Trevor;18:11:43;14:03:45;143.6714,-2203.166,-2203.166;;;;
Trevor;18:11:44;14:03:46;143.7058,-2203.237,-2203.237;;;;
Trevor;18:11:44;14:03:46;143.7231,-2203.237,-2203.237;;;;
Trevor;18:11:45;14:03:47;143.7224,-2203.166,-2203.166;;;;
Trevor;18:11:45;14:03:47;143.6861,-2203.099,-2203.099;;Aah, okay.;Cutscene;Cutscene
Trevor;18:11:46;14:03:48;143.643,-2203.062,-2203.062;;;;
Trevor;18:11:46;14:03:48;143.6142,-2203.052,-2203.052;;;;
Trevor;18:11:47;14:03:49;143.6112,-2203.047,-2203.047;;;;
Trevor;18:11:47;14:03:49;143.6656,-2203.122,-2203.122;;;;
Trevor;18:11:48;14:03:50;143.6629,-2203.156,-2203.156;;;;
Trevor;18:11:48;14:03:50;143.6293,-2203.1,-2203.1;;;;
Trevor;18:11:49;14:03:51;143.618,-2203.097,-2203.097;;;;
Trevor;18:11:49;14:03:51;143.6809,-2203.155,-2203.155;;Any of these beardy guys at the party smoke cigarettes?;Cutscene;Cutscene
Trevor;18:11:50;14:03:52;143.7207,-2203.189,-2203.189;;;;
Trevor;18:11:51;14:03:52;143.7134,-2203.017,-2203.017;;;;
Trevor;18:11:51;14:03:53;143.6349,-2202.942,-2202.942;;Mr. K says he smokes like a pack or two a day.;Cutscene;Cutscene
Trevor;18:11:52;14:03:53;143.5995,-2202.963,-2202.963;;;;
Trevor;18:11:52;14:03:54;143.5251,-2203.101,-2203.101;;;;
Trevor;18:11:53;14:03:54;143.5251,-2203.124,-2203.124;;;;
Trevor;18:11:53;14:03:55;143.7034,-2203.031,-2203.031;;;;
Trevor;18:11:54;14:03:56;143.731,-2203.054,-2203.054;;;;
Trevor;18:11:54;14:03:56;143.6127,-2203.142,-2203.142;;Redwood cigarettes.;Cutscene;Cutscene
Trevor;18:11:55;14:03:57;143.7029,-2203.157,-2203.157;;;;
Trevor;18:11:55;14:03:57;143.7633,-2203.176,-2203.176;;Thank you Mr. K.;Cutscene;Cutscene
Trevor;18:11:56;14:03:58;143.7013,-2203.246,-2203.246;;;;
Trevor;18:11:56;14:03:58;143.6621,-2203.271,-2203.271;;;;
Trevor;18:11:57;14:03:59;143.6829,-2203.272,-2203.272;;;;
Trevor;18:11:57;14:03:59;143.6829,-2203.272,-2203.272;;Steve's telling me he chain smokes Redwoods.;Dave;FBI3_CHAA
Trevor;18:11:58;14:04:00;143.6829,-2203.272,-2203.272;;;;
Trevor;18:11:58;14:04:00;143.6829,-2203.272,-2203.272;;;;
char;time_ingame;time_rw;pos;vehicle;subtitles_text;speaker;soundfile
Michael;18:12:03;14:04:05;-3024.751,332.2954,332.2954;;Steve's telling me he chain smokes Redwoods.;Michael;FBI3_CHAB
Michael;18:12:03;14:04:05;-3024.751,332.2954,332.2954;;It ain't the cigarettes that'll kill him. It's the guys who put the warnings on the packets he should worry about.;Michael;FBI3_CHAB
Michael;18:12:04;14:04:06;-3024.751,332.2954,332.2954;;;;
Michael;18:12:04;14:04:06;-3024.751,332.2954,332.2954;;;;
Michael;18:12:05;14:04:07;-3024.751,332.2954,332.2954;;;;
Michael;18:12:05;14:04:07;-3024.751,332.2954,332.2954;;;;
Michael;18:12:06;14:04:08;-3024.751,332.2954,332.2954;;;;
Michael;18:12:06;14:04:08;-3024.751,332.2954,332.2954;;;;
Michael;18:12:07;14:04:09;-3024.751,332.2954,332.2954;;;;
Michael;18:12:07;14:04:09;-3024.751,332.2954,332.2954;;;;
Michael;18:12:08;14:04:10;-3024.751,332.2954,332.2954;;;;
Michael;18:12:08;14:04:10;-3024.751,332.2954,332.2954;;And he's left handed.;Dave;FBI3_CHAC
Michael;18:12:09;14:04:11;-3024.751,332.2954,332.2954;;;;
Michael;18:12:10;14:04:11;-3024.751,332.2954,332.2954;;Oh, now I get it. You're telling me to assassinate a guy because he's got facial hair,;Michael;FBI3_CHAD
Michael;18:12:10;14:04:12;-3024.751,332.2954,332.2954;;;;
Michael;18:12:11;14:04:12;-3024.751,332.2954,332.2954;;;;
Michael;18:12:11;14:04:13;-3024.751,332.2954,332.2954;;;;
Michael;18:12:12;14:04:13;-3024.751,332.2954,332.2954;;;;
Michael;18:12:12;14:04:14;-3024.751,332.2954,332.2954;;;;
Michael;18:12:13;14:04:14;-3024.751,332.2954,332.2954;;;;
Michael;18:12:13;14:04:15;-3024.751,332.2954,332.2954;;;;
Michael;18:12:14;14:04:16;-3024.751,332.2954,332.2954;;;;
Michael;18:12:14;14:04:16;-3024.751,332.2954,332.2954;;;;
Michael;18:12:15;14:04:17;-3024.751,332.2954,332.2954;;;;
Michael;18:12:15;14:04:17;-3024.751,332.2954,332.2954;;a cigarette, and he's left handed?;Michael;FBI3_CHAF
Michael;18:12:16;14:04:18;-3024.751,332.2954,332.2954;;;;
Michael;18:12:16;14:04:18;-3024.751,332.2954,332.2954;;;;
Michael;18:12:17;14:04:19;-3024.751,332.2954,332.2954;;;;
Michael;18:12:17;14:04:19;-3024.751,332.2954,332.2954;;;;
Michael;18:12:18;14:04:20;-3024.751,332.2954,332.2954;;;;
Michael;18:12:18;14:04:20;-3024.751,332.2954,332.2954;;;;
Michael;18:12:19;14:04:21;-3024.751,332.2954,332.2954;;Oh, I see someone. He fits the profile.;Michael;FBI3_CXAA
Michael;18:12:19;14:04:21;-3024.751,332.2954,332.2954;;;;
Michael;18:12:20;14:04:22;-3024.751,332.2954,332.2954;;;;
Michael;18:12:20;14:04:22;-3024.751,332.2954,332.2954;;;;
Michael;18:12:21;14:04:23;-3024.751,332.2954,332.2954;;;;
Michael;18:12:21;14:04:23;-3024.751,332.2954,332.2954;;;;
Michael;18:12:22;14:04:24;-3024.751,332.2954,332.2954;;Yup - fits it all the way.;Michael;FBI3_CXAB
Michael;18:12:23;14:04:24;-3024.751,332.2954,332.2954;;;;
Michael;18:12:23;14:04:25;-3024.751,332.2954,332.2954;;;;
Michael;18:12:24;14:04:25;-3024.751,332.2954,332.2954;;;;
Michael;18:12:24;14:04:26;-3024.751,332.2954,332.2954;;;;
Michael;18:12:25;14:04:26;-3024.751,332.2954,332.2954;;I got a good feeling... well, good as you can get while clipping a guy who probably don't deserve it.;Michael;FBI3_CXAC
Michael;18:12:25;14:04:27;-3024.751,332.2954,332.2954;;;;
Michael;18:12:26;14:04:28;-3024.751,332.2954,332.2954;;;;
Michael;18:12:26;14:04:28;-3024.751,332.2954,332.2954;;;;
Michael;18:12:27;14:04:29;-3024.751,332.2954,332.2954;;;;
Michael;18:12:27;14:04:29;-3024.751,332.2954,332.2954;;;;
Michael;18:12:28;14:04:30;-3024.751,332.2954,332.2954;;;;
Michael;18:12:28;14:04:30;-3024.751,332.2954,332.2954;;;;
Michael;18:12:29;14:04:31;-3024.751,332.2954,332.2954;;;;
Michael;18:12:29;14:04:31;-3024.751,332.2954,332.2954;;And now I'm taking the shot.;Michael;FBI3_CXAD
Michael;18:12:30;14:04:32;-3024.751,332.2954,332.2954;;;;
Michael;18:12:30;14:04:32;-3024.751,332.2954,332.2954;;;;
Michael;18:12:31;14:04:33;-3024.751,332.2954,332.2954;;;;
Michael;18:12:31;14:04:33;-3024.751,332.2954,332.2954;;;;
Michael;18:12:32;14:04:34;-3024.751,332.2954,332.2954;;;;
Michael;18:12:32;14:04:34;-3024.751,332.2954,332.2954;;Davey, I got someone. Definitely a lefty, Redwood smoking, bearded, maybe,;Michael;FBI3_DMAA
Michael;18:12:33;14:04:35;-3024.751,332.2954,332.2954;;;;
Michael;18:12:33;14:04:35;-3024.751,332.2954,332.2954;;;;
Michael;18:12:34;14:04:36;-3024.751,332.2954,332.2954;;;;
Michael;18:12:35;14:04:36;-3024.751,332.2954,332.2954;;;;
Michael;18:12:35;14:04:37;-3024.751,332.2954,332.2954;;;;
Michael;18:12:36;14:04:37;-3024.751,332.2954,332.2954;;;;
Michael;18:12:36;14:04:38;-3024.751,332.2954,332.2954;;;;
Michael;18:12:37;14:04:39;-3024.751,332.2954,332.2954;;;;
Michael;18:12:37;14:04:39;-3024.751,332.2954,332.2954;;;;
Michael;18:12:38;14:04:40;-3024.751,332.2954,332.2954;;;;
Michael;18:12:38;14:04:40;-3024.751,332.2954,332.2954;;;;
Michael;18:12:39;14:04:41;-3024.751,332.2954,332.2954;;could be, used to be Azerbaijani.;Michael;FBI3_DMAC
Michael;18:12:39;14:04:41;-3024.751,332.2954,332.2954;;;;
Michael;18:12:40;14:04:42;-3024.751,332.2954,332.2954;;;;
Michael;18:12:40;14:04:42;-3024.751,332.2954,332.2954;;;;
Michael;18:12:41;14:04:43;-3024.751,332.2954,332.2954;;;;
Michael;18:12:41;14:04:43;-3024.751,332.2954,332.2954;;;;
Michael;18:12:42;14:04:44;-3024.751,332.2954,332.2954;;Good enough for me. Steve, it's done.;Dave;FBI3_DMAB
Michael;18:12:42;14:04:44;-3024.751,332.2954,332.2954;;;;
Michael;18:12:43;14:04:45;-3024.751,332.2954,332.2954;;;;
Michael;18:12:43;14:04:45;-3024.751,332.2954,332.2954;;;;
Michael;18:12:44;14:04:46;147.397,-2201.35,-2201.35;;;;
Michael;18:12:44;14:04:46;147.397,-2201.35,-2201.35;;Woo!;Cutscene;Cutscene
Michael;18:12:45;14:04:47;147.397,-2201.35,-2201.35;;That is a wrap my friends.;Cutscene;Cutscene
Michael;18:12:45;14:04:47;147.397,-2201.35,-2201.35;;;;
Michael;18:12:46;14:04:48;147.397,-2201.35,-2201.35;;;;
Michael;18:12:47;14:04:48;147.397,-2201.35,-2201.35;;;;
Michael;18:12:47;14:04:49;147.397,-2201.35,-2201.35;;Excellent work the pair of you.;Cutscene;Cutscene
Michael;18:12:48;14:04:49;147.397,-2201.35,-2201.35;;;;
Michael;18:12:48;14:04:50;147.397,-2201.35,-2201.35;;;;
Michael;18:12:49;14:04:50;147.397,-2201.35,-2201.35;;Now, I've got a racquetball game to get to, so, Trevor,;Cutscene;Cutscene
Michael;18:12:49;14:04:51;147.397,-2201.35,-2201.35;;;;
Michael;18:12:50;14:04:52;147.397,-2201.35,-2201.35;;;;
Michael;18:12:50;14:04:52;147.397,-2201.35,-2201.35;;;;
Michael;18:12:51;14:04:53;147.397,-2201.35,-2201.35;;;;
Michael;18:12:51;14:04:53;147.397,-2201.35,-2201.35;;if you take care of Mr. K, I think we're all set.;Cutscene;Cutscene
Michael;18:12:52;14:04:54;147.397,-2201.35,-2201.35;;;;
Michael;18:12:52;14:04:54;147.397,-2201.35,-2201.35;;;;
Michael;18:12:53;14:04:55;147.397,-2201.35,-2201.35;;;;
Michael;18:12:53;14:04:55;147.397,-2201.35,-2201.35;;;;
Michael;18:12:54;14:04:56;147.397,-2201.35,-2201.35;;What the fuck do you want me to do with him?;Cutscene;Cutscene
Michael;18:12:54;14:04:56;147.397,-2201.35,-2201.35;;;;
Michael;18:12:55;14:04:57;147.397,-2201.35,-2201.35;;I would say he's outlived his usefulness.;Cutscene;Cutscene
Michael;18:12:55;14:04:57;147.397,-2201.35,-2201.35;;;;
Michael;18:12:56;14:04:58;147.397,-2201.35,-2201.35;;;;
Michael;18:12:56;14:04:58;147.397,-2201.35,-2201.35;;;;
Michael;18:12:57;14:04:59;147.397,-2201.35,-2201.35;;Oh, c'mon please.;Cutscene;Cutscene
Michael;18:12:57;14:04:59;147.397,-2201.35,-2201.35;;;;
Michael;18:12:58;14:05:00;147.397,-2201.35,-2201.35;;;;
Michael;18:12:58;14:05:00;147.397,-2201.35,-2201.35;;Shut up!;Cutscene;Cutscene
Michael;18:12:59;14:05:01;147.397,-2201.35,-2201.35;;That's a sport.;Cutscene;Cutscene
Michael;18:13:00;14:05:01;147.397,-2201.35,-2201.35;;;;
Michael;18:13:00;14:05:02;147.397,-2201.35,-2201.35;;;;
Michael;18:13:01;14:05:02;147.397,-2201.35,-2201.35;;;;
Michael;18:13:01;14:05:03;147.397,-2201.35,-2201.35;;;;
Michael;18:13:02;14:05:03;147.397,-2201.35,-2201.35;;;;
Michael;18:13:02;14:05:04;147.397,-2201.35,-2201.35;;;;
Michael;18:13:03;14:05:04;147.397,-2201.35,-2201.35;;;;
Michael;18:13:03;14:05:05;147.397,-2201.35,-2201.35;;;;
Michael;18:13:04;14:05:06;147.397,-2201.35,-2201.35;;;;
Michael;18:13:04;14:05:06;147.397,-2201.35,-2201.35;;;;
Michael;18:13:05;14:05:07;147.397,-2201.35,-2201.35;;;;
Michael;18:13:05;14:05:07;147.397,-2201.35,-2201.35;;;;
Michael;18:13:06;14:05:08;147.397,-2201.35,-2201.35;;;;
Michael;18:13:06;14:05:08;147.397,-2201.35,-2201.35;;;;
Michael;18:13:07;14:05:09;147.397,-2201.35,-2201.35;;Let's go, come on.;Cutscene;Cutscene
Michael;18:13:07;14:05:09;147.397,-2201.35,-2201.35;;;;
Michael;18:13:08;14:05:10;147.397,-2201.35,-2201.35;;;;
Michael;18:13:08;14:05:10;147.397,-2201.35,-2201.35;;Where you taking me to?;Cutscene;Cutscene
Michael;18:13:09;14:05:11;147.397,-2201.35,-2201.35;;;;
Michael;18:13:09;14:05:11;147.397,-2201.35,-2201.35;;Fuck, let's just go, okay?;Cutscene;Cutscene
Michael;18:13:10;14:05:12;147.397,-2201.35,-2201.35;;;;
Michael;18:13:10;14:05:12;147.397,-2201.35,-2201.35;;;;
Michael;18:13:11;14:05:13;147.397,-2201.35,-2201.35;;I ain't gonna let those G-man fucking scumbags tell me what to do.;Cutscene;Cutscene
Michael;18:13:11;14:05:13;147.397,-2201.35,-2201.35;;;;
Michael;18:13:12;14:05:14;147.397,-2201.35,-2201.35;;;;
Michael;18:13:13;14:05:14;147.397,-2201.35,-2201.35;;;;
char;time_ingame;time_rw;pos;vehicle;subtitles_text;speaker;soundfile
Michael;18:13:17;14:05:19;147.397,-2201.35,-2201.35;;I ain't gonna let those G-man fucking scumbags tell me what to do.;Cutscene;Cutscene
Michael;18:13:17;14:05:19;147.397,-2201.35,-2201.35;;;;
Michael;18:13:18;14:05:20;147.397,-2201.35,-2201.35;;Then why did you just torture me?;Cutscene;Cutscene
Michael;18:13:18;14:05:20;147.397,-2201.35,-2201.35;;;;
Michael;18:13:19;14:05:21;147.397,-2201.35,-2201.35;;Don't ask too many fucking questions.;Cutscene;Cutscene
Michael;18:13:19;14:05:21;147.397,-2201.35,-2201.35;;;;
Michael;18:13:20;14:05:22;147.397,-2201.35,-2201.35;;;;
Michael;18:13:20;14:05:22;147.397,-2201.35,-2201.35;;;;
Michael;18:13:21;14:05:23;147.397,-2201.35,-2201.35;;Let's go, get up.;Cutscene;Cutscene
Michael;18:13:21;14:05:23;147.397,-2201.35,-2201.35;;;;
Michael;18:13:22;14:05:24;147.397,-2201.35,-2201.35;;Come on, up the fucking stairs.;Cutscene;Cutscene
Michael;18:13:22;14:05:24;147.397,-2201.35,-2201.35;;;;
Michael;18:13:23;14:05:25;147.397,-2201.35,-2201.35;;;;
Michael;18:13:23;14:05:25;147.397,-2201.35,-2201.35;;;;
Michael;18:13:24;14:05:26;147.397,-2201.35,-2201.35;;;;
Michael;18:13:24;14:05:26;147.397,-2201.35,-2201.35;;;;
Michael;18:13:25;14:05:27;147.397,-2201.35,-2201.35;;;;
Michael;18:13:26;14:05:27;147.397,-2201.35,-2201.35;;;;
Michael;18:13:26;14:05:28;147.397,-2201.35,-2201.35;;;;
Michael;18:13:27;14:05:28;147.397,-2201.35,-2201.35;;;;
Michael;18:13:27;14:05:29;147.397,-2201.35,-2201.35;;;;
Michael;18:13:28;14:05:29;147.397,-2201.35,-2201.35;;;;
Michael;18:13:28;14:05:30;147.397,-2201.35,-2201.35;;;;
Michael;18:13:29;14:05:30;147.397,-2201.35,-2201.35;;;;
char;time_ingame;time_rw;pos;vehicle;subtitles_text;speaker;soundfile
Michael;18:13:33;14:05:35;147.397,-2201.35,-2201.35;;Oh, for fuck sakes.;Cutscene;Cutscene
Michael;18:13:34;14:05:35;147.397,-2201.35,-2201.35;;;;
Michael;18:13:34;14:05:36;147.397,-2201.35,-2201.35;;;;
Michael;18:13:35;14:05:36;147.397,-2201.35,-2201.35;;;;
Michael;18:13:35;14:05:37;147.397,-2201.35,-2201.35;;Come on.;Cutscene;Cutscene
Michael;18:13:36;14:05:38;147.397,-2201.35,-2201.35;;Let's go.;Cutscene;Cutscene
Michael;18:13:36;14:05:38;147.397,-2201.35,-2201.35;;Alright, now you got a flight to catch.;Cutscene;Cutscene
Michael;18:13:37;14:05:39;147.397,-2201.35,-2201.35;;;;
Michael;18:13:37;14:05:39;147.397,-2201.35,-2201.35;;;;
Michael;18:13:38;14:05:40;147.397,-2201.35,-2201.35;;;;
Michael;18:13:38;14:05:40;147.397,-2201.35,-2201.35;;;;
Michael;18:13:39;14:05:41;147.397,-2201.35,-2201.35;;Okay?;Cutscene;Cutscene
Michael;18:13:39;14:05:41;147.397,-2201.35,-2201.35;;;;
Michael;18:13:40;14:05:42;147.397,-2201.35,-2201.35;;;;
Michael;18:13:40;14:05:42;147.397,-2201.35,-2201.35;;Let's get you to the airport.;Cutscene;Cutscene
Michael;18:13:41;14:05:43;147.397,-2201.35,-2201.35;;;;
Michael;18:13:41;14:05:43;147.397,-2201.35,-2201.35;;;;
Michael;18:13:42;14:05:44;147.397,-2201.35,-2201.35;;;;
Michael;18:13:42;14:05:44;147.397,-2201.35,-2201.35;;;;
Michael;18:13:43;14:05:45;147.397,-2201.35,-2201.35;;;;
Michael;18:13:43;14:05:45;147.397,-2201.35,-2201.35;;;;
Michael;18:13:44;14:05:46;147.397,-2201.35,-2201.35;;;;
Michael;18:13:44;14:05:46;147.397,-2201.35,-2201.35;;Oh, safety first.;Cutscene;Cutscene
Michael;18:13:45;14:05:47;147.397,-2201.35,-2201.35;;;;
???;18:13:46;14:05:47;0,0,0;;;;
???;18:13:46;14:05:48;0,0,0;;;;
???;18:13:47;14:05:48;0,0,0;;;;
char;time_ingame;time_rw;pos;vehicle;subtitles_text;speaker;soundfile
Trevor;18:13:51;14:05:53;126.8564,-2198.856,-2198.856;True,OffRoad,BODHI2,0,1061068,1;;;
Trevor;18:13:51;14:05:53;127.4731,-2198.333,-2198.333;True,OffRoad,BODHI2,3,057441,1;;;
Trevor;18:13:52;14:05:54;129.7503,-2196.923,-2196.923;True,OffRoad,BODHI2,7,606195,1;;;
Trevor;18:13:52;14:05:54;134.3154,-2194.857,-2194.857;True,OffRoad,BODHI2,10,43356,0;;;
Trevor;18:13:53;14:05:55;139.321,-2193.854,-2193.854;True,OffRoad,BODHI2,10,41964,1;;;
Trevor;18:13:53;14:05:55;145.7976,-2193.787,-2193.787;True,OffRoad,BODHI2,13,79872,1;;;
Trevor;18:13:54;14:05:56;153.8346,-2192.639,-2192.639;True,OffRoad,BODHI2,17,42341,1;;;
Trevor;18:13:55;14:05:56;163.7248,-2191.451,-2191.451;True,OffRoad,BODHI2,21,33327,1;;;
Trevor;18:13:55;14:05:57;175.0246,-2190.495,-2190.495;True,OffRoad,BODHI2,21,01268,0;;;
Trevor;18:13:56;14:05:57;186.1799,-2190.494,-2190.494;True,OffRoad,BODHI2,22,43794,1;;;
Trevor;18:13:56;14:05:58;198.4877,-2190.599,-2190.599;True,OffRoad,BODHI2,24,08796,1;;;
Trevor;18:13:57;14:05:58;211.1986,-2189.909,-2189.909;True,OffRoad,BODHI2,24,34757,0;;;
Trevor;18:13:57;14:05:59;223.4287,-2189.201,-2189.201;True,OffRoad,BODHI2,22,6569,0;;;
Trevor;18:13:58;14:06:00;234.0128,-2187.144,-2187.144;True,OffRoad,BODHI2,19,36987,0;Hey, how's your mouth?;FBI3_GPAA;FBI3_GPAA
Trevor;18:13:58;14:06:00;243.3099,-2183.844,-2183.844;True,OffRoad,BODHI2,18,35452,0;;;
Trevor;18:13:59;14:06:01;251.7057,-2179.668,-2179.668;True,OffRoad,BODHI2,17,78879,0;;;
Trevor;18:13:59;14:06:01;256.3831,-2172.907,-2172.907;True,OffRoad,BODHI2,14,66277,1;It hurts.;FBI3_GPAB;FBI3_GPAB
Trevor;18:14:00;14:06:02;259.7047,-2165.32,-2165.32;True,OffRoad,BODHI2,17,2661,1;;;
Trevor;18:14:00;14:06:02;262.4493,-2157.348,-2157.348;True,OffRoad,BODHI2,14,82175,0;Can you speak?;FBI3_GPAC;FBI3_GPAC
Trevor;18:14:01;14:06:03;261.3546,-2150.631,-2150.631;True,OffRoad,BODHI2,12,79226,1;;;
Trevor;18:14:01;14:06:03;256.4535,-2145.847,-2145.847;True,OffRoad,BODHI2,14,29688,1;;;
Trevor;18:14:02;14:06:04;249.6366,-2141.473,-2141.473;True,OffRoad,BODHI2,16,9499,1;Kinda.;FBI3_GPAD;FBI3_GPAD
Trevor;18:14:02;14:06:04;242.9072,-2134.761,-2134.761;True,OffRoad,BODHI2,19,24587,1;;;
Trevor;18:14:03;14:06:05;236.8501,-2126.914,-2126.914;True,OffRoad,BODHI2,17,86452,0;Are you going to hold it together?;FBI3_GPAE;FBI3_GPAE
Trevor;18:14:03;14:06:05;233.8198,-2119.19,-2119.19;True,OffRoad,BODHI2,14,71664,1;;;
Trevor;18:14:04;14:06:06;233.5865,-2112.1,-2112.1;True,OffRoad,BODHI2,12,39988,0;;;
Trevor;18:14:04;14:06:06;234.5477,-2106.291,-2106.291;True,OffRoad,BODHI2,10,08562,0;I want to go home. I want to see my family.;FBI3_GPAF;FBI3_GPAF
Trevor;18:14:05;14:06:07;236.1231,-2102.674,-2102.674;True,OffRoad,BODHI2,6,36071,0;;;
Trevor;18:14:05;14:06:07;237.6329,-2099.95,-2099.95;True,OffRoad,BODHI2,6,37637,1;;;
Trevor;18:14:06;14:06:08;239.2773,-2095.536,-2095.536;True,OffRoad,BODHI2,10,76923,0;;;
Trevor;18:14:07;14:06:08;239.8371,-2090.529,-2090.529;True,OffRoad,BODHI2,9,858408,1;;;
Trevor;18:14:07;14:06:09;239.893,-2084.604,-2084.604;True,OffRoad,BODHI2,12,79311,1;;;
Trevor;18:14:08;14:06:09;238.6466,-2077.374,-2077.374;True,OffRoad,BODHI2,15,07179,1;;;
Trevor;18:14:08;14:06:10;234.8303,-2070.163,-2070.163;True,OffRoad,BODHI2,16,05169,1;;;
Trevor;18:14:09;14:06:10;228.0806,-2064.29,-2064.29;True,OffRoad,BODHI2,18,17055,1;No, no, no. You have no home. You have no family. That shit is over.;FBI3_GPAG;FBI3_GPAG
Trevor;18:14:09;14:06:11;221.3278,-2058.273,-2058.273;True,OffRoad,BODHI2,16,78769,1;;;
Trevor;18:14:10;14:06:12;214.7134,-2052.593,-2052.593;True,OffRoad,BODHI2,15,62548,0;;;
Trevor;18:14:10;14:06:12;208.6972,-2048.065,-2048.065;True,OffRoad,BODHI2,13,64627,0;;;
Trevor;18:14:11;14:06:13;203.007,-2044.791,-2044.791;True,OffRoad,BODHI2,11,69982,0;;;
Trevor;18:14:11;14:06:13;197.9226,-2042.456,-2042.456;True,OffRoad,BODHI2,9,88771,0;;;
Trevor;18:14:12;14:06:14;193.7057,-2040.551,-2040.551;True,OffRoad,BODHI2,8,132326,0;;;
Trevor;18:14:12;14:06:14;190.2299,-2039.186,-2039.186;True,OffRoad,BODHI2,5,819765,0;;;
Trevor;18:14:13;14:06:15;187.6213,-2038.75,-2038.75;True,OffRoad,BODHI2,4,155725,0;I do. They're in Morningwood. I love them very much.;FBI3_GPAH;FBI3_GPAH
Trevor;18:14:13;14:06:15;185.9574,-2038.425,-2038.425;True,OffRoad,BODHI2,2,431654,0;;;
Trevor;18:14:14;14:06:16;185.1601,-2038.315,-2038.315;True,OffRoad,BODHI2,0,7096841,0;;;
Trevor;18:14:14;14:06:16;185.0911,-2038.318,-2038.318;True,OffRoad,BODHI2,0,001682277,0;;;
Trevor;18:14:15;14:06:17;185.0911,-2038.318,-2038.318;True,OffRoad,BODHI2,0,0;;;
Trevor;18:14:15;14:06:17;185.0911,-2038.318,-2038.318;True,OffRoad,BODHI2,0,0;;;
Trevor;18:14:16;14:06:18;185.0911,-2038.318,-2038.318;True,OffRoad,BODHI2,0,0;;;
Trevor;18:14:16;14:06:18;185.0911,-2038.318,-2038.318;True,OffRoad,BODHI2,0,0;;;
Trevor;18:14:17;14:06:19;185.0911,-2038.318,-2038.318;True,OffRoad,BODHI2,0,0;;;
Trevor;18:14:17;14:06:19;185.0911,-2038.318,-2038.318;True,OffRoad,BODHI2,0,0;;;
Trevor;18:14:18;14:06:20;185.0911,-2038.318,-2038.318;True,OffRoad,BODHI2,0,0;No. That's your old life. That's over now. You're off the grid, you're one of the invisible people.;FBI3_GPAI;FBI3_GPAI
Trevor;18:14:19;14:06:20;185.0911,-2038.318,-2038.318;True,OffRoad,BODHI2,0,0;;;
Trevor;18:14:19;14:06:21;185.0911,-2038.318,-2038.318;True,OffRoad,BODHI2,0,0;;;
Trevor;18:14:20;14:06:21;185.0363,-2038.303,-2038.303;True,OffRoad,BODHI2,0,6014,1;;;
Trevor;18:14:20;14:06:22;184.722,-2038.241,-2038.241;True,OffRoad,BODHI2,0,01476588,0;;;
Trevor;18:14:21;14:06:22;184.7193,-2038.239,-2038.239;True,OffRoad,BODHI2,0,1357416,1;;;
Trevor;18:14:21;14:06:23;184.6193,-2038.219,-2038.219;True,OffRoad,BODHI2,0,008245541,0;;;
Trevor;18:14:22;14:06:24;184.4101,-2038.226,-2038.226;True,OffRoad,BODHI2,1,336636,1;;;
Trevor;18:14:22;14:06:24;182.8579,-2038.431,-2038.431;True,OffRoad,BODHI2,4,858602,1;;;
Trevor;18:14:23;14:06:25;179.0535,-2038.979,-2038.979;True,OffRoad,BODHI2,9,921086,1;;;
Trevor;18:14:23;14:06:25;173.7068,-2039.129,-2039.129;True,OffRoad,BODHI2,9,458473,0;Just take me home.;FBI3_GPAJ;FBI3_GPAJ
Trevor;18:14:24;14:06:26;168.9544,-2038.08,-2038.08;True,OffRoad,BODHI2,10,02167,1;;;
Trevor;18:14:24;14:06:26;163.8661,-2036.625,-2036.625;True,OffRoad,BODHI2,8,876746,0;;;
Trevor;18:14:25;14:06:27;158.7218,-2036.632,-2036.632;True,OffRoad,BODHI2,11,07984,1;;;
Trevor;18:14:25;14:06:27;152.2402,-2036.896,-2036.896;True,OffRoad,BODHI2,13,59016,1;I'm taking you to the airport. You're going to get on a plane.;FBI3_GPAM;FBI3_GPAM
Trevor;18:14:26;14:06:28;144.4009,-2036.755,-2036.755;True,OffRoad,BODHI2,16,56107,1;;;
Trevor;18:14:26;14:06:28;135.469,-2036.132,-2036.132;True,OffRoad,BODHI2,16,3786,0;;;
Trevor;18:14:27;14:06:29;128.1422,-2037.028,-2037.028;True,OffRoad,BODHI2,9,544765,0;;;
Trevor;18:14:27;14:06:29;123.958,-2037.428,-2037.428;True,OffRoad,BODHI2,8,267311,1;;;
Trevor;18:14:28;14:06:30;118.877,-2036.559,-2036.559;True,OffRoad,BODHI2,10,54449,0;;;
Trevor;18:14:28;14:06:30;113.7788,-2035.207,-2035.207;True,OffRoad,BODHI2,10,50812,1;;;
Trevor;18:14:29;14:06:31;107.8051,-2034.1,-2034.1;True,OffRoad,BODHI2,12,67866,1;You're flying a long way from this country and you're going to spread your message.;FBI3_GPAN;FBI3_GPAN
Trevor;18:14:30;14:06:31;100.5336,-2033.296,-2033.296;True,OffRoad,BODHI2,15,20833,1;;;
Trevor;18:14:30;14:06:32;91.86956,-2032.268,-2032.268;True,OffRoad,BODHI2,17,75458,1;;;
Trevor;18:14:31;14:06:32;82.08973,-2031.794,-2031.794;True,OffRoad,BODHI2,19,56856,1;;;
Trevor;18:14:31;14:06:33;71.41476,-2032.426,-2032.426;True,OffRoad,BODHI2,21,25446,1;;;
Trevor;18:14:32;14:06:33;60.03009,-2032.188,-2032.188;True,OffRoad,BODHI2,21,97631,0;;;
Trevor;18:14:32;14:06:34;48.94232,-2031.823,-2031.823;True,OffRoad,BODHI2,21,25502,1;;;
Trevor;18:14:33;14:06:35;37.36469,-2032.628,-2032.628;True,OffRoad,BODHI2,22,83561,1;I don't have a message.;FBI3_GPAO;FBI3_GPAO
Trevor;18:14:33;14:06:35;25.05338,-2034.085,-2034.085;True,OffRoad,BODHI2,24,18955,1;;;
Trevor;18:14:34;14:06:36;12.22096,-2034.936,-2034.936;True,OffRoad,BODHI2,25,36809,1;;;
Trevor;18:14:34;14:06:36;-1.115341,-2036.669,-2036.669;True,OffRoad,BODHI2,26,52078,1;;;
Trevor;18:14:35;14:06:37;-15.23643,-2037.703,-2037.703;True,OffRoad,BODHI2,27,6495,1;You're a torture advocate!;FBI3_GPAP;FBI3_GPAP
Trevor;18:14:35;14:06:37;-29.56902,-2040.488,-2040.488;True,OffRoad,BODHI2,28,60582,1;;;
Trevor;18:14:36;14:06:38;-44.05357,-2044.62,-2044.62;True,OffRoad,BODHI2,29,21151,1;;;
Trevor;18:14:36;14:06:38;-58.22194,-2050.244,-2050.244;True,OffRoad,BODHI2,29,53934,1;;;
Trevor;18:14:37;14:06:39;-71.97623,-2056.264,-2056.264;True,OffRoad,BODHI2,27,3855,0;;;
Trevor;18:14:37;14:06:39;-84.5423,-2061.258,-2061.258;True,OffRoad,BODHI2,24,5695,0;Advocate?;FBI3_GPAQ;FBI3_GPAQ
Trevor;18:14:38;14:06:40;-96.21225,-2063.746,-2063.746;True,OffRoad,BODHI2,21,88814,0;;;
Trevor;18:14:38;14:06:40;-106.7971,-2065.432,-2065.432;True,OffRoad,BODHI2,19,32309,0;The media and the government would have us believe that torture is some necessary thing.;FBI3_GPAR;FBI3_GPAR
Trevor;18:14:39;14:06:41;-115.8393,-2068.443,-2068.443;True,OffRoad,BODHI2,16,92017,0;;;
Trevor;18:14:39;14:06:41;-123.3946,-2071.717,-2071.717;True,OffRoad,BODHI2,13,76223,0;;;
Trevor;18:14:40;14:06:42;-127.6187,-2073.248,-2073.248;True,OffRoad,BODHI2,3,503264,0;;;
Trevor;18:14:40;14:06:42;-127.7987,-2073.336,-2073.336;True,OffRoad,BODHI2,0,1350072,0;;;
Trevor;18:14:41;14:06:43;-127.7988,-2073.327,-2073.327;True,OffRoad,BODHI2,0,0;;;
Trevor;18:14:42;14:06:43;-127.7988,-2073.327,-2073.327;True,OffRoad,BODHI2,0,0;;;
Trevor;18:14:42;14:06:44;-127.7988,-2073.327,-2073.327;True,OffRoad,BODHI2,0,0;;;
Trevor;18:14:43;14:06:44;-127.7988,-2073.327,-2073.327;True,OffRoad,BODHI2,0,0;;;
Trevor;18:14:43;14:06:45;-127.7988,-2073.327,-2073.327;True,OffRoad,BODHI2,0,0;;;
Trevor;18:14:44;14:06:45;-127.7988,-2073.327,-2073.327;True,OffRoad,BODHI2,0,0;We need it to get information, to assert ourselves. Did we get any information out of you?;FBI3_GPAS;FBI3_GPAS
Trevor;18:14:44;14:06:46;-127.7988,-2073.327,-2073.327;True,OffRoad,BODHI2,0,0;;;
Trevor;18:14:45;14:06:47;-127.7988,-2073.327,-2073.327;True,OffRoad,BODHI2,0,0;;;
Trevor;18:14:45;14:06:47;-127.7988,-2073.327,-2073.327;True,OffRoad,BODHI2,0,0;;;
Trevor;18:14:46;14:06:48;-127.7988,-2073.327,-2073.327;True,OffRoad,BODHI2,0,0;;;
Trevor;18:14:46;14:06:48;-127.7988,-2073.327,-2073.327;True,OffRoad,BODHI2,0,0;;;
Trevor;18:14:47;14:06:49;-127.7988,-2073.327,-2073.327;True,OffRoad,BODHI2,0,0;;;
Trevor;18:14:47;14:06:49;-127.7988,-2073.327,-2073.327;True,OffRoad,BODHI2,0,0;;;
Trevor;18:14:48;14:06:50;-127.8105,-2073.327,-2073.327;True,OffRoad,BODHI2,0,1819599,1;;;
Trevor;18:14:48;14:06:50;-128.5701,-2073.366,-2073.366;True,OffRoad,BODHI2,2,997967,1;;;
Trevor;18:14:49;14:06:51;-131.2474,-2073.753,-2073.753;True,OffRoad,BODHI2,7,483844,1;;;
Trevor;18:14:49;14:06:51;-135.2676,-2074.877,-2074.877;True,OffRoad,BODHI2,3,678085,0;;;
Trevor;18:14:50;14:06:52;-136.6366,-2075.411,-2075.411;True,OffRoad,BODHI2,2,998004,1;I would have told you everything.;FBI3_GPAT;FBI3_GPAT
Trevor;18:14:50;14:06:52;-138.612,-2075.865,-2075.865;True,OffRoad,BODHI2,5,293383,1;;;
Trevor;18:14:51;14:06:53;-141.5885,-2077.153,-2077.153;True,OffRoad,BODHI2,7,395103,1;;;
Trevor;18:14:51;14:06:53;-145.5524,-2079.275,-2079.275;True,OffRoad,BODHI2,9,645454,1;;;
Trevor;18:14:52;14:06:54;-150.9099,-2082.048,-2082.048;True,OffRoad,BODHI2,13,41573,1;;;
Trevor;18:14:52;14:06:54;-158.0562,-2085.135,-2085.135;True,OffRoad,BODHI2,16,15141,1;;;
Trevor;18:14:53;14:06:55;-166.204,-2089.037,-2089.037;True,OffRoad,BODHI2,18,45566,1;Exactly. Torture's for the torturer. Or the guy giving the orders to the torturer.;FBI3_GPAU;FBI3_GPAU
Trevor;18:14:54;14:06:55;-175.1905,-2093.898,-2093.898;True,OffRoad,BODHI2,20,63819,1;;;
Trevor;18:14:54;14:06:56;-185.0123,-2099.153,-2099.153;True,OffRoad,BODHI2,22,37365,1;;;
Trevor;18:14:55;14:06:56;-195.4033,-2104.019,-2104.019;True,OffRoad,BODHI2,20,99069,1;;;
Trevor;18:14:55;14:06:57;-205.8499,-2108.417,-2108.417;True,OffRoad,BODHI2,22,26268,1;;;
Trevor;18:14:56;14:06:57;-217.0598,-2112.667,-2112.667;True,OffRoad,BODHI2,23,74798,1;;;
Trevor;18:14:56;14:06:58;-228.7585,-2117.645,-2117.645;True,OffRoad,BODHI2,25,23351,1;;;
Trevor;18:14:57;14:06:59;-241.7648,-2120.677,-2120.677;True,OffRoad,BODHI2,25,9864,0;;;
Trevor;18:14:57;14:06:59;-254.6437,-2120.286,-2120.286;True,OffRoad,BODHI2,24,32306,1;;;
Trevor;18:14:58;14:07:00;-267.2656,-2117.726,-2117.726;True,OffRoad,BODHI2,25,50538,1;;;
Trevor;18:14:58;14:07:00;-279.8352,-2112.374,-2112.374;True,OffRoad,BODHI2,26,60428,1;;;
Trevor;18:14:59;14:07:01;-291.8259,-2104.799,-2104.799;True,OffRoad,BODHI2,28,43555,1;You torture for the good times - we should all admit that. It's useless as a means of getting information!;FBI3_GPAV;FBI3_GPAV
Trevor;18:14:59;14:07:01;-305.2199,-2097.671,-2097.671;True,OffRoad,BODHI2,29,52789,1;;;
Trevor;18:15:00;14:07:02;-319.1274,-2090.901,-2090.901;True,OffRoad,BODHI2,30,37892,1;;;
Trevor;18:15:00;14:07:02;-332.9131,-2084.234,-2084.234;True,OffRoad,BODHI2,28,93381,1;;;
Trevor;18:15:01;14:07:03;-346.2157,-2076.856,-2076.856;True,OffRoad,BODHI2,29,39016,1;;;
Trevor;18:15:01;14:07:03;-359.766,-2068.999,-2068.999;True,OffRoad,BODHI2,30,83772,1;;;
Trevor;18:15:02;14:07:04;-373.4833,-2060.848,-2060.848;True,OffRoad,BODHI2,30,31701,0;;;
Trevor;18:15:02;14:07:04;-385.1671,-2051.42,-2051.42;True,OffRoad,BODHI2,27,62054,0;;;
Trevor;18:15:03;14:07:05;-395.4749,-2042.507,-2042.507;True,OffRoad,BODHI2,25,01699,0;;;
Trevor;18:15:03;14:07:05;-405.7169,-2035.588,-2035.588;True,OffRoad,BODHI2,23,37181,1;;;
Trevor;18:15:04;14:07:06;-416.1543,-2028.323,-2028.323;True,OffRoad,BODHI2,24,96634,1;;;
Trevor;18:15:04;14:07:06;-426.1631,-2019.195,-2019.195;True,OffRoad,BODHI2,26,73812,1;;;
Trevor;18:15:05;14:07:07;-434.8856,-2007.743,-2007.743;True,OffRoad,BODHI2,28,28487,1;I'm feeling light-headed.;FBI3_GPAW;FBI3_GPAW
Trevor;18:15:06;14:07:07;-443.9087,-1995.562,-1995.562;True,OffRoad,BODHI2,29,15257,1;;;
Trevor;18:15:06;14:07:08;-453.0726,-1983.106,-1983.106;True,OffRoad,BODHI2,30,01374,1;;;
Trevor;18:15:07;14:07:08;-461.6089,-1969.862,-1969.862;True,OffRoad,BODHI2,30,80088,1;Sometimes you torture for the torturee - but only if they're prepared to pay.;FBI3_GPAX;FBI3_GPAX
Trevor;18:15:07;14:07:09;-469.9026,-1956.203,-1956.203;True,OffRoad,BODHI2,29,43378,0;;;
Trevor;18:15:08;14:07:09;-478.1291,-1944.242,-1944.242;True,OffRoad,BODHI2,26,53723,0;;;
Trevor;18:15:08;14:07:10;-487.0962,-1934.526,-1934.526;True,OffRoad,BODHI2,24,62083,0;;;
Trevor;18:15:09;14:07:11;-496.2879,-1926.391,-1926.391;True,OffRoad,BODHI2,22,47235,0;;;
Trevor;18:15:09;14:07:11;-506.526,-1921.37,-1921.37;True,OffRoad,BODHI2,22,07342,1;;;
Trevor;18:15:10;14:07:12;-517.7608,-1917.377,-1917.377;True,OffRoad,BODHI2,23,50786,1;;;
Trevor;18:15:10;14:07:12;-529.1599,-1913.909,-1913.909;True,OffRoad,BODHI2,21,86951,1;;;
Trevor;18:15:11;14:07:13;-540.8693,-1912.576,-1912.576;True,OffRoad,BODHI2,21,97445,0;;;
Trevor;18:15:11;14:07:13;-551.8527,-1914.362,-1914.362;True,OffRoad,BODHI2,21,51639,1;;;
Trevor;18:15:12;14:07:14;-563.5969,-1915.675,-1915.675;True,OffRoad,BODHI2,24,05609,1;;;
Trevor;18:15:12;14:07:14;-575.7331,-1919.884,-1919.884;True,OffRoad,BODHI2,24,44495,0;;;
Trevor;18:15:13;14:07:15;-585.7293,-1927.681,-1927.681;True,OffRoad,BODHI2,25,33585,1;I'm very unwell.;FBI3_GPAY;FBI3_GPAY
Trevor;18:15:13;14:07:15;-595.9136,-1936.908,-1936.908;True,OffRoad,BODHI2,27,50763,1;;;
Trevor;18:15:14;14:07:16;-605.3383,-1947.334,-1947.334;True,OffRoad,BODHI2,25,87887,0;;;
Trevor;18:15:14;14:07:16;-611.192,-1958.631,-1958.631;True,OffRoad,BODHI2,23,50699,0;;;
Trevor;18:15:15;14:07:17;-614.2641,-1967.675,-1967.675;True,OffRoad,BODHI2,14,28355,0;It's "Me, me, me, me, me, me, me, me, me" with you.;FBI3_GPAZ;FBI3_GPAZ
Trevor;18:15:15;14:07:17;-617.1077,-1974.282,-1974.282;True,OffRoad,BODHI2,13,86723,1;;;
Trevor;18:15:16;14:07:18;-620.2436,-1981.016,-1981.016;True,OffRoad,BODHI2,13,58022,0;;;
Trevor;18:15:17;14:07:18;-623.1406,-1987.16,-1987.16;True,OffRoad,BODHI2,12,87175,1;;;
Trevor;18:15:17;14:07:19;-626.8067,-1992.884,-1992.884;True,OffRoad,BODHI2,12,09056,0;;;
Trevor;18:15:18;14:07:19;-630.1695,-1997.861,-1997.861;True,OffRoad,BODHI2,11,15627,0;Jesus Christ. Good grief. I thought we really bonded, but now I'm having my doubts.;FBI3_GPBA;FBI3_GPBA
Trevor;18:15:18;14:07:20;-632.3767,-2002.761,-2002.761;True,OffRoad,BODHI2,9,351369,0;;;
Trevor;18:15:19;14:07:20;-634.2762,-2006.964,-2006.964;True,OffRoad,BODHI2,8,471487,0;;;
Trevor;18:15:19;14:07:21;-637.1668,-2011.224,-2011.224;True,OffRoad,BODHI2,10,47592,0;;;
Trevor;18:15:20;14:07:22;-640.0588,-2015.502,-2015.502;True,OffRoad,BODHI2,10,56324,1;;;
Trevor;18:15:20;14:07:22;-643.8668,-2020.55,-2020.55;True,OffRoad,BODHI2,13,36181,1;;;
Trevor;18:15:21;14:07:23;-647.4964,-2027.359,-2027.359;True,OffRoad,BODHI2,15,88882,0;;;
Trevor;18:15:21;14:07:23;-651.8959,-2033.849,-2033.849;True,OffRoad,BODHI2,14,74519,1;;;
Trevor;18:15:22;14:07:24;-656.3039,-2040.819,-2040.819;True,OffRoad,BODHI2,16,90352,1;;;
Trevor;18:15:22;14:07:24;-660.4545,-2049.355,-2049.355;True,OffRoad,BODHI2,19,27936,1;;;
Trevor;18:15:23;14:07:25;-665.0176,-2058.906,-2058.906;True,OffRoad,BODHI2,21,11976,1;;;
Trevor;18:15:23;14:07:25;-670.1734,-2069.086,-2069.086;True,OffRoad,BODHI2,22,26635,0;;;
Trevor;18:15:24;14:07:26;-676.085,-2078.56,-2078.56;True,OffRoad,BODHI2,21,1933,1;;;
Trevor;18:15:24;14:07:26;-683.2247,-2087.499,-2087.499;True,OffRoad,BODHI2,23,00164,1;;;
Trevor;18:15:25;14:07:27;-691.1586,-2097.074,-2097.074;True,OffRoad,BODHI2,24,38486,1;;;
Trevor;18:15:25;14:07:27;-698.1868,-2107.961,-2107.961;True,OffRoad,BODHI2,25,76733,1;;;
Trevor;18:15:26;14:07:28;-705.7062,-2119.605,-2119.605;True,OffRoad,BODHI2,27,05403,1;;;
Trevor;18:15:26;14:07:28;-714.7515,-2130.919,-2130.919;True,OffRoad,BODHI2,28,35031,1;;;
Trevor;18:15:27;14:07:29;-725.3988,-2141.467,-2141.467;True,OffRoad,BODHI2,29,13278,1;;;
Trevor;18:15:27;14:07:29;-736.4152,-2152.264,-2152.264;True,OffRoad,BODHI2,29,81154,1;;;
Trevor;18:15:28;14:07:30;-747.4466,-2163.067,-2163.067;True,OffRoad,BODHI2,28,51253,1;;;
Trevor;18:15:29;14:07:30;-760.3158,-2170.636,-2170.636;True,OffRoad,BODHI2,28,70921,1;;;
Trevor;18:15:29;14:07:31;-774.1212,-2176.986,-2176.986;True,OffRoad,BODHI2,29,66413,1;;;
Trevor;18:15:30;14:07:31;-786.8906,-2186.359,-2186.359;True,OffRoad,BODHI2,30,49662,1;;;
Trevor;18:15:30;14:07:32;-798.7021,-2197.383,-2197.383;True,OffRoad,BODHI2,31,14788,0;;;
Trevor;18:15:31;14:07:33;-810.4485,-2207.642,-2207.642;True,OffRoad,BODHI2,29,19356,1;;;
Trevor;18:15:31;14:07:33;-822.3494,-2217.622,-2217.622;True,OffRoad,BODHI2,30,6803,1;;;
Trevor;18:15:32;14:07:34;-835.1082,-2228.392,-2228.392;True,OffRoad,BODHI2,32,49934,1;;;
Trevor;18:15:32;14:07:34;-848.3738,-2239.416,-2239.416;True,OffRoad,BODHI2,33,02751,1;;;
Trevor;18:15:33;14:07:35;-861.7919,-2250.554,-2250.554;True,OffRoad,BODHI2,33,48131,1;;;
Trevor;18:15:33;14:07:35;-875.2888,-2261.824,-2261.824;True,OffRoad,BODHI2,33,79512,1;;;
Trevor;18:15:34;14:07:36;-887.5614,-2274.087,-2274.087;True,OffRoad,BODHI2,31,91978,0;;;
Trevor;18:15:34;14:07:36;-897.1366,-2286.733,-2286.733;True,OffRoad,BODHI2,29,89866,1;;;
Trevor;18:15:35;14:07:37;-905.8729,-2299.509,-2299.509;True,OffRoad,BODHI2,30,41978,1;;;
Trevor;18:15:35;14:07:37;-914.0787,-2313.266,-2313.266;True,OffRoad,BODHI2,31,25337,1;;;
Trevor;18:15:36;14:07:38;-922.3787,-2327.449,-2327.449;True,OffRoad,BODHI2,31,80618,1;;;
Trevor;18:15:36;14:07:38;-930.7769,-2341.851,-2341.851;True,OffRoad,BODHI2,32,67746,1;;;
Trevor;18:15:37;14:07:39;-939.4243,-2356.622,-2356.622;True,OffRoad,BODHI2,33,27434,1;;;
Trevor;18:15:37;14:07:39;-948.5845,-2371.346,-2371.346;True,OffRoad,BODHI2,33,5671,1;;;
Trevor;18:15:38;14:07:40;-957.2031,-2386.839,-2386.839;True,OffRoad,BODHI2,33,96056,1;;;
Trevor;18:15:38;14:07:40;-965.4077,-2402.681,-2402.681;True,OffRoad,BODHI2,34,49499,1;;;
Trevor;18:15:39;14:07:41;-974.4344,-2418.253,-2418.253;True,OffRoad,BODHI2,34,79784,1;;;
Trevor;18:15:40;14:07:41;-984.1896,-2433.971,-2433.971;True,OffRoad,BODHI2,35,12902,1;;;
Trevor;18:15:40;14:07:42;-993.6138,-2449.607,-2449.607;True,OffRoad,BODHI2,36,11591,1;;;
Trevor;18:15:41;14:07:42;-1002.644,-2466.317,-2466.317;True,OffRoad,BODHI2,36,48648,1;;;
Trevor;18:15:41;14:07:43;-1011.538,-2483.236,-2483.236;True,OffRoad,BODHI2,36,57302,1;;;
Trevor;18:15:42;14:07:43;-1020.912,-2500.102,-2500.102;True,OffRoad,BODHI2,36,87475,1;;;
Trevor;18:15:42;14:07:44;-1030.736,-2515.959,-2515.959;True,OffRoad,BODHI2,34,37563,0;;;
Trevor;18:15:43;14:07:45;-1039.454,-2530.736,-2530.736;True,OffRoad,BODHI2,31,76363,0;;;
Trevor;18:15:43;14:07:45;-1047.006,-2544.951,-2544.951;True,OffRoad,BODHI2,29,16788,0;;;
Trevor;18:15:44;14:07:46;-1054.849,-2556.895,-2556.895;True,OffRoad,BODHI2,24,85653,0;;;
Trevor;18:15:44;14:07:46;-1061.848,-2567.143,-2567.143;True,OffRoad,BODHI2,22,61268,0;;;
Trevor;18:15:45;14:07:47;-1067.405,-2577.007,-2577.007;True,OffRoad,BODHI2,21,13318,1;;;
Trevor;18:15:45;14:07:47;-1072.541,-2587.175,-2587.175;True,OffRoad,BODHI2,22,58741,1;;;
Trevor;18:15:46;14:07:48;-1078.103,-2597.928,-2597.928;True,OffRoad,BODHI2,23,86523,1;;;
Trevor;18:15:46;14:07:48;-1083.831,-2609.356,-2609.356;True,OffRoad,BODHI2,24,89541,1;;;
Trevor;18:15:47;14:07:49;-1088.13,-2622.102,-2622.102;True,OffRoad,BODHI2,26,15625,1;;;
Trevor;18:15:47;14:07:49;-1091.338,-2635.419,-2635.419;True,OffRoad,BODHI2,25,7374,0;;;
Trevor;18:15:48;14:07:50;-1092.572,-2648.963,-2648.963;True,OffRoad,BODHI2,25,85151,0;;;
Trevor;18:15:48;14:07:50;-1091.715,-2662.265,-2662.265;True,OffRoad,BODHI2,25,49117,0;;;
Trevor;18:15:49;14:07:51;-1088.798,-2674.42,-2674.42;True,OffRoad,BODHI2,22,78879,0;Departures.;TREVOR;FBI3_GQAA
Trevor;18:15:49;14:07:51;-1082.787,-2684.665,-2684.665;True,OffRoad,BODHI2,22,19865,0;No one drives me to the airport.;TREVOR;FBI3_GQAB
Trevor;18:15:50;14:07:52;-1076.748,-2694.303,-2694.303;True,OffRoad,BODHI2,22,16729,1;;;
Trevor;18:15:51;14:07:52;-1070.506,-2703.632,-2703.632;True,OffRoad,BODHI2,20,53497,1;;;
Trevor;18:15:51;14:07:53;-1063.111,-2711.2,-2711.2;True,OffRoad,BODHI2,18,97648,0;;;
Trevor;18:15:52;14:07:53;-1055.24,-2716.78,-2716.78;True,OffRoad,BODHI2,18,81625,1;;;
Trevor;18:15:52;14:07:54;-1046.965,-2721.759,-2721.759;True,OffRoad,BODHI2,18,01327,1;;;
Trevor;18:15:53;14:07:54;-1038.24,-2726.351,-2726.351;True,OffRoad,BODHI2,18,27191,0;;;
Trevor;18:15:53;14:07:55;-1036.1,-2727.611,-2727.611;;;;
Trevor;18:15:54;14:07:56;-1035.959,-2727.574,-2727.574;;;;
Trevor;18:15:54;14:07:56;-1035.729,-2727.441,-2727.441;;;;
Trevor;18:15:55;14:07:57;-1035.623,-2726.948,-2726.948;;;;
Trevor;18:15:55;14:07:57;-1035.511,-2726.533,-2726.533;;Here we be.;Cutscene;Cutscene
Trevor;18:15:56;14:07:58;-1035.573,-2726.203,-2726.203;;;;
Trevor;18:15:56;14:07:58;-1035.647,-2726.489,-2726.489;;;;
Trevor;18:15:57;14:07:59;-1034.998,-2726.705,-2726.705;;;;
Trevor;18:15:57;14:07:59;-1034.248,-2727.202,-2727.202;;;;
Trevor;18:15:58;14:08:00;-1033.531,-2727.829,-2727.829;;;;
Trevor;18:15:58;14:08:00;-1033.291,-2728.574,-2728.574;;;;
Trevor;18:15:59;14:08:01;-1034.823,-2730.653,-2730.653;;;;
Trevor;18:15:59;14:08:01;-1035.576,-2730.402,-2730.402;;;;
Trevor;18:16:00;14:08:02;-1036.388,-2730.07,-2730.07;;;;
Trevor;18:16:00;14:08:02;-1037.067,-2729.683,-2729.683;;;;
Trevor;18:16:01;14:08:03;-1037.582,-2729.478,-2729.478;;;;
Trevor;18:16:01;14:08:03;-1037.678,-2729.407,-2729.407;;;;
Trevor;18:16:02;14:08:04;-1037.578,-2729.304,-2729.304;;;;
Trevor;18:16:03;14:08:04;-1037.623,-2729.005,-2729.005;;;;
Trevor;18:16:03;14:08:05;-1037.65,-2728.963,-2728.963;;Run.;Cutscene;Cutscene
Trevor;18:16:04;14:08:05;-1037.714,-2728.964,-2728.964;;You're free.;Cutscene;Cutscene
Trevor;18:16:04;14:08:06;-1037.835,-2729.087,-2729.087;;;;
Trevor;18:16:05;14:08:06;-1037.809,-2729.116,-2729.116;;;;
Trevor;18:16:05;14:08:07;-1037.799,-2729.106,-2729.106;;;;
Trevor;18:16:06;14:08:07;-1037.801,-2729.093,-2729.093;;;;
Trevor;18:16:06;14:08:08;-1037.798,-2729.101,-2729.101;;But my family's here.;Cutscene;Cutscene
Trevor;18:16:07;14:08:09;-1037.794,-2729.102,-2729.102;;;;
Trevor;18:16:07;14:08:09;-1037.792,-2729.101,-2729.101;;;;
Trevor;18:16:08;14:08:10;-1037.781,-2729.119,-2729.119;;Your family is probably the ones who got you fucking in here, alright?;Cutscene;Cutscene
Trevor;18:16:08;14:08:10;-1037.793,-2729.125,-2729.125;;;;
Trevor;18:16:09;14:08:11;-1037.615,-2729.037,-2729.037;;;;
Trevor;18:16:09;14:08:11;-1037.483,-2729.032,-2729.032;;;;
Trevor;18:16:10;14:08:12;-1037.44,-2729.194,-2729.194;;;;
Trevor;18:16:10;14:08:12;-1037.398,-2729.201,-2729.201;;;;
Trevor;18:16:11;14:08:13;-1037.385,-2729.188,-2729.188;;;;
Trevor;18:16:11;14:08:13;-1037.34,-2729.15,-2729.15;;;;
Trevor;18:16:12;14:08:14;-1037.272,-2728.956,-2728.956;;Now look, trust no one, alright?;Cutscene;Cutscene
Trevor;18:16:12;14:08:14;-1037.28,-2728.959,-2728.959;;;;
Trevor;18:16:13;14:08:15;-1037.278,-2728.965,-2728.965;;;;
Trevor;18:16:13;14:08:15;-1037.292,-2728.96,-2728.96;;;;
Trevor;18:16:14;14:08:16;-1037.34,-2728.92,-2728.92;;You're alone now.;Cutscene;Cutscene
Trevor;18:16:15;14:08:16;-1037.456,-2728.963,-2728.963;;;;
Trevor;18:16:15;14:08:17;-1037.663,-2729.096,-2729.096;;;;
Trevor;18:16:16;14:08:17;-1037.683,-2729.109,-2729.109;;Really?;Cutscene;Cutscene
Trevor;18:16:16;14:08:18;-1037.67,-2729.098,-2729.098;;Yeah, really, now let's go,;Cutscene;Cutscene
Trevor;18:16:17;14:08:18;-1037.682,-2729.081,-2729.081;;;;
Trevor;18:16:17;14:08:19;-1037.688,-2729.083,-2729.083;;fuck off.;Cutscene;Cutscene
Trevor;18:16:18;14:08:20;-1037.68,-2729.083,-2729.083;;;;
Trevor;18:16:18;14:08:20;-1037.642,-2729.079,-2729.079;;;;
Trevor;18:16:19;14:08:21;-1037.523,-2728.9,-2728.9;;Come on.;Cutscene;Cutscene
Trevor;18:16:19;14:08:21;-1037.479,-2728.902,-2728.902;;;;
Trevor;18:16:20;14:08:22;-1037.595,-2728.997,-2728.997;;;;
Trevor;18:16:20;14:08:22;-1037.667,-2729.048,-2729.048;;;;
Trevor;18:16:21;14:08:23;-1037.412,-2729.036,-2729.036;;;;
Trevor;18:16:21;14:08:23;-1036.947,-2729.07,-2729.07;;;;
Trevor;18:16:22;14:08:24;-1036.698,-2728.893,-2728.893;;;;
Trevor;18:16:22;14:08:24;-1036.514,-2728.517,-2728.517;;;;
Trevor;18:16:23;14:08:25;-1036.523,-2728.496,-2728.496;;;;
Trevor;18:16:23;14:08:25;-1036.562,-2728.51,-2728.51;;;;
Trevor;18:16:24;14:08:26;-1036.313,-2728.047,-2728.047;;;;
Trevor;18:16:24;14:08:26;-1036.077,-2727.667,-2727.667;;;;
Trevor;18:16:25;14:08:27;-1036.078,-2727.667,-2727.667;;;;
Trevor;18:16:25;14:08:27;-1036.078,-2727.667,-2727.667;;;;
Trevor;18:16:26;14:08:28;-1036.09,-2727.654,-2727.654;;;;
Trevor;18:16:26;14:08:28;-1036.071,-2727.683,-2727.683;;;;
Trevor;18:16:27;14:08:29;-1036.071,-2727.683,-2727.683;;;;
Trevor;18:16:28;14:08:29;-1036.071,-2727.683,-2727.683;;;;
Trevor;18:16:28;14:08:30;-1036.071,-2727.683,-2727.683;;;;
Trevor;18:16:29;14:08:30;-1036.071,-2727.683,-2727.683;;;;
Trevor;18:16:29;14:08:31;-1036.071,-2727.683,-2727.683;;;;
Trevor;18:16:30;14:08:31;-1036.071,-2727.683,-2727.683;;;;
Trevor;18:16:30;14:08:32;-1036.071,-2727.683,-2727.683;;;;
Trevor;18:16:31;14:08:33;-1036.071,-2727.683,-2727.683;;;;
Trevor;18:16:31;14:08:33;-1036.469,-2727.982,-2727.982;True,OffRoad,BODHI2,0,0;;;
Trevor;18:16:32;14:08:34;-1036.469,-2727.982,-2727.982;True,OffRoad,BODHI2,0,0;;;
Trevor;18:16:32;14:08:34;-1036.211,-2728.149,-2728.149;True,OffRoad,BODHI2,1,824867,1;;;
Trevor;18:16:33;14:08:35;-1035.18,-2728.761,-2728.761;True,OffRoad,BODHI2,1,584602,0;;;
Trevor;18:16:33;14:08:35;-1034.526,-2729.013,-2729.013;True,OffRoad,BODHI2,0,8776841,0;;;
Trevor;18:16:34;14:08:36;-1034.158,-2729.217,-2729.217;True,OffRoad,BODHI2,1,754917,1;;;
Trevor;18:16:34;14:08:36;-1032.397,-2730.226,-2730.226;True,OffRoad,BODHI2,6,221713,1;;;
Trevor;18:16:35;14:08:37;-1028.715,-2732.298,-2732.298;True,OffRoad,BODHI2,8,068048,0;;;
Trevor;18:16:35;14:08:37;-1025.47,-2734.134,-2734.134;True,OffRoad,BODHI2,6,210122,0;;;
Trevor;18:16:36;14:08:38;-1022.958,-2735.406,-2735.406;True,OffRoad,BODHI2,4,86186,0;;;
Trevor;18:16:36;14:08:38;-1020.446,-2736.41,-2736.41;True,OffRoad,BODHI2,6,653041,1;;;
Trevor;18:16:37;14:08:39;-1016.102,-2738.197,-2738.197;True,OffRoad,BODHI2,10,95672,0;;;
Trevor;18:16:37;14:08:39;-1011.25,-2740.218,-2740.218;True,OffRoad,BODHI2,9,819046,1;;;
Trevor;18:16:38;14:08:40;-1006.049,-2742.42,-2742.42;True,OffRoad,BODHI2,10,78832,0;;;
Trevor;18:16:38;14:08:40;-1001.142,-2744.35,-2744.35;True,OffRoad,BODHI2,10,15886,1;;;
Trevor;18:16:39;14:08:41;-996.3932,-2745.184,-2745.184;True,OffRoad,BODHI2,8,488189,1;;;
Trevor;18:16:40;14:08:41;-991.4633,-2746.221,-2746.221;True,OffRoad,BODHI2,10,92556,0;;;
Trevor;18:16:40;14:08:42;-986.4343,-2746.875,-2746.875;True,OffRoad,BODHI2,8,579721,0;;;
Trevor;18:16:41;14:08:42;-982.4861,-2747.045,-2747.045;True,OffRoad,BODHI2,6,72319,0;;;
Trevor;18:16:41;14:08:43;-979.4716,-2747.175,-2747.175;True,OffRoad,BODHI2,4,88706,0;;;
Trevor;18:16:42;14:08:43;-977.412,-2747.274,-2747.274;True,OffRoad,BODHI2,3,081701,0;;;
Trevor;18:16:42;14:08:44;-976.2851,-2747.315,-2747.315;True,OffRoad,BODHI2,1,303438,0;;;
Trevor;18:16:43;14:08:45;-976.0502,-2747.284,-2747.284;True,OffRoad,BODHI2,0,02069694,0;;;
Trevor;18:16:43;14:08:45;-976.0525,-2747.284,-2747.284;True,OffRoad,BODHI2,0,0;;;
Trevor;18:17:00;14:09:02;-976.0525,-2747.284,-2747.284;True,OffRoad,BODHI2,0,0;;;
Trevor;18:17:00;14:09:02;-976.0525,-2747.284,-2747.284;True,OffRoad,BODHI2,0,0;;;
Trevor;18:17:01;14:09:03;-976.0525,-2747.284,-2747.284;True,OffRoad,BODHI2,0,0;;;
Trevor;18:17:01;14:09:03;-976.0525,-2747.284,-2747.284;True,OffRoad,BODHI2,0,0;;;
Trevor;18:49:33;14:41:35;-976.0525,-2747.284,-2747.284;True,OffRoad,BODHI2,0,0;;;
Trevor;18:49:35;14:41:37;-976.0525,-2747.284,-2747.284;True,OffRoad,BODHI2,0,0;;;
Trevor;18:49:36;14:41:38;-976.0525,-2747.284,-2747.284;True,OffRoad,BODHI2,0,0;;;
Trevor;18:49:36;14:41:38;-975.6926,-2747.31,-2747.31;True,OffRoad,BODHI2,1,999958,1;;;
Trevor;18:49:37;14:41:39;-973.526,-2747.468,-2747.468;True,OffRoad,BODHI2,6,644796,1;;;
Trevor;18:49:37;14:41:39;-968.5479,-2747.623,-2747.623;True,OffRoad,BODHI2,10,65502,0;;;
Trevor;18:49:38;14:41:40;-963.3892,-2747.264,-2747.264;True,OffRoad,BODHI2,10,16811,1;;;
Trevor;18:49:38;14:41:40;-957.4794,-2746.379,-2746.379;True,OffRoad,BODHI2,12,74496,1;;;
Trevor;18:49:39;14:41:41;-950.4221,-2744.898,-2744.898;True,OffRoad,BODHI2,14,72386,1;;;
Trevor;18:49:40;14:41:41;-942.6567,-2741.689,-2741.689;True,OffRoad,BODHI2,17,12879,1;;;
Trevor;18:49:40;14:41:42;-934.1459,-2737.578,-2737.578;True,OffRoad,BODHI2,19,12612,1;;;
Trevor;18:49:41;14:41:42;-925.1497,-2731.927,-2731.927;True,OffRoad,BODHI2,21,01412,1;;;
Trevor;18:49:41;14:41:43;-916.3483,-2724.763,-2724.763;True,OffRoad,BODHI2,21,78232,0;;;
Trevor;18:49:42;14:41:43;-909.6482,-2716.151,-2716.151;True,OffRoad,BODHI2,20,91021,1;;;
Trevor;18:49:42;14:41:44;-903.8699,-2706.297,-2706.297;True,OffRoad,BODHI2,22,3243,1;;;
Trevor;18:49:43;14:41:45;-898.2437,-2696.493,-2696.493;True,OffRoad,BODHI2,20,57203,0;;;
Trevor;18:49:43;14:41:45;-893.1865,-2687.692,-2687.692;True,OffRoad,BODHI2,18,44511,0;;;
Trevor;18:49:44;14:41:46;-888.1588,-2679.334,-2679.334;True,OffRoad,BODHI2,19,59121,1;;;
Trevor;18:49:44;14:41:46;-881.6755,-2670.561,-2670.561;True,OffRoad,BODHI2,21,91474,1;;;
Trevor;18:49:45;14:41:47;-875.1115,-2661.361,-2661.361;True,OffRoad,BODHI2,20,73811,0;;;
Trevor;18:49:45;14:41:47;-870.4881,-2651.244,-2651.244;True,OffRoad,BODHI2,22,37855,1;;;
Trevor;18:49:46;14:41:48;-864.6827,-2640.642,-2640.642;True,OffRoad,BODHI2,24,78898,1;;;
Trevor;18:49:46;14:41:48;-857.7936,-2628.519,-2628.519;True,OffRoad,BODHI2,28,54605,1;;;
Trevor;18:49:47;14:41:49;-850.0181,-2614.955,-2614.955;True,OffRoad,BODHI2,31,25556,1;;;
Trevor;18:49:47;14:41:49;-842.603,-2600.972,-2600.972;True,OffRoad,BODHI2,29,60187,1;;;
Trevor;18:49:48;14:41:50;-835.037,-2588.056,-2588.056;True,OffRoad,BODHI2,27,41053,0;;;
Trevor;18:49:48;14:41:50;-827.618,-2576.55,-2576.55;True,OffRoad,BODHI2,25,05886,0;;;
Trevor;18:49:49;14:41:51;-820.8091,-2565.364,-2565.364;True,OffRoad,BODHI2,25,69043,1;;;
Trevor;18:49:49;14:41:51;-814.5132,-2553.175,-2553.175;True,OffRoad,BODHI2,26,65817,0;;;
Trevor;18:49:50;14:41:52;-808.0527,-2541.486,-2541.486;True,OffRoad,BODHI2,26,0138,1;;;
Trevor;18:49:51;14:41:52;-801.0134,-2529.266,-2529.266;True,OffRoad,BODHI2,27,08324,0;;;
Trevor;18:49:51;14:41:53;-794.0981,-2517.202,-2517.202;True,OffRoad,BODHI2,26,79038,1;;;
Trevor;18:49:52;14:41:53;-788.3027,-2504.332,-2504.332;True,OffRoad,BODHI2,27,86957,1;;;
Trevor;18:49:52;14:41:54;-782.6014,-2490.599,-2490.599;True,OffRoad,BODHI2,28,7471,1;;;
Trevor;18:49:53;14:41:54;-775.8268,-2476.971,-2476.971;True,OffRoad,BODHI2,29,07839,0;;;
Trevor;18:49:53;14:41:55;-767.4202,-2464.473,-2464.473;True,OffRoad,BODHI2,29,54369,1;;;
Trevor;18:49:54;14:41:55;-759.5002,-2451.026,-2451.026;True,OffRoad,BODHI2,30,18867,1;;;
Trevor;18:49:54;14:41:56;-752.851,-2437.283,-2437.283;True,OffRoad,BODHI2,28,22314,0;;;
Trevor;18:49:55;14:41:57;-747.4377,-2424.222,-2424.222;True,OffRoad,BODHI2,25,59475,0;;;
Trevor;18:49:55;14:41:57;-741.1613,-2413.77,-2413.77;True,OffRoad,BODHI2,19,41772,0;;;
Trevor;18:49:56;14:41:58;-735.2189,-2406.252,-2406.252;True,OffRoad,BODHI2,17,287,0;;;
Trevor;18:49:56;14:41:58;-729.5026,-2399.408,-2399.408;True,OffRoad,BODHI2,17,51253,1;;;
Trevor;18:49:57;14:41:59;-725.898,-2391.82,-2391.82;True,OffRoad,BODHI2,14,83177,0;;;
Trevor;18:49:57;14:41:59;-727.2852,-2385.168,-2385.168;True,OffRoad,BODHI2,13,40122,1;;;
Trevor;18:49:58;14:42:00;-731.8265,-2378.692,-2378.692;True,OffRoad,BODHI2,16,97278,1;;;
Trevor;18:49:58;14:42:00;-737.2637,-2371.243,-2371.243;True,OffRoad,BODHI2,17,22003,0;;;
Trevor;18:49:59;14:42:01;-742.256,-2364.284,-2364.284;True,OffRoad,BODHI2,16,15495,0;;;
Trevor;18:49:59;14:42:01;-747.7768,-2358.441,-2358.441;True,OffRoad,BODHI2,16,31209,1;;;
Trevor;18:50:00;14:42:02;-754.7523,-2352.233,-2352.233;True,OffRoad,BODHI2,19,23799,1;;;
Trevor;18:50:00;14:42:02;-762.7505,-2345.075,-2345.075;True,OffRoad,BODHI2,21,46143,1;;;
Trevor;18:50:01;14:42:03;-770.8655,-2337.609,-2337.609;True,OffRoad,BODHI2,19,955,0;;;
Trevor;18:50:01;14:42:03;-777.4923,-2330.249,-2330.249;True,OffRoad,BODHI2,17,95035,0;;;
Trevor;18:50:02;14:42:04;-784.1426,-2324.57,-2324.57;True,OffRoad,BODHI2,15,81311,0;;;
Trevor;18:50:03;14:42:04;-790.2554,-2320.017,-2320.017;True,OffRoad,BODHI2,13,65025,0;;;
Trevor;18:50:03;14:42:05;-795.1364,-2315.402,-2315.402;True,OffRoad,BODHI2,11,96788,0;;;
Trevor;18:50:04;14:42:05;-799.303,-2311.305,-2311.305;True,OffRoad,BODHI2,10,4444,0;;;
Trevor;18:50:04;14:42:06;-802.9042,-2307.763,-2307.763;True,OffRoad,BODHI2,9,131445,0;;;
Trevor;18:50:05;14:42:06;-806.0391,-2304.646,-2304.646;True,OffRoad,BODHI2,7,970278,0;;;
Trevor;18:50:05;14:42:07;-808.7541,-2301.937,-2301.937;True,OffRoad,BODHI2,7,031343,0;;;
Trevor;18:50:06;14:42:08;-811.7009,-2298.984,-2298.984;True,OffRoad,BODHI2,9,138487,0;;;
Trevor;18:50:06;14:42:08;-814.8527,-2295.804,-2295.804;True,OffRoad,BODHI2,8,281621,0;;;
Trevor;18:50:07;14:42:09;-817.6605,-2292.955,-2292.955;True,OffRoad,BODHI2,7,354867,0;;;
Trevor;18:50:07;14:42:09;-820.1498,-2290.412,-2290.412;True,OffRoad,BODHI2,6,348312,0;;;
Trevor;18:50:08;14:42:10;-822.2091,-2288.293,-2288.293;True,OffRoad,BODHI2,5,142832,0;;;
Trevor;18:50:08;14:42:10;-824.0784,-2286.287,-2286.287;True,OffRoad,BODHI2,6,412172,1;;;
Trevor;18:50:09;14:42:11;-827.322,-2283.13,-2283.13;True,OffRoad,BODHI2,10,97525,0;;;
Trevor;18:50:09;14:42:11;-830.6958,-2279.306,-2279.306;True,OffRoad,BODHI2,9,631721,1;;;
Trevor;18:50:10;14:42:12;-834.3212,-2274.895,-2274.895;True,OffRoad,BODHI2,12,44251,1;;;
Trevor;18:50:10;14:42:12;-839.6817,-2269.973,-2269.973;True,OffRoad,BODHI2,15,30159,1;;;
Trevor;18:50:11;14:42:13;-845.6354,-2263.593,-2263.593;True,OffRoad,BODHI2,18,31812,1;;;
Trevor;18:50:11;14:42:13;-852.89,-2256.179,-2256.179;True,OffRoad,BODHI2,21,06533,1;;;
Trevor;18:50:12;14:42:14;-861.2001,-2248.783,-2248.783;True,OffRoad,BODHI2,20,3962,0;;;
Trevor;18:50:12;14:42:14;-868.2067,-2241.693,-2241.693;True,OffRoad,BODHI2,18,2765,0;;;
Trevor;18:50:13;14:42:15;-873.1931,-2235.517,-2235.517;True,OffRoad,BODHI2,13,94615,0;;;
Trevor;18:50:13;14:42:15;-877.8162,-2230.334,-2230.334;True,OffRoad,BODHI2,12,10293,0;;;
Trevor;18:50:14;14:42:16;-881.7386,-2226.108,-2226.108;True,OffRoad,BODHI2,10,10826,0;;;
Trevor;18:50:15;14:42:16;-885.4693,-2222.815,-2222.815;True,OffRoad,BODHI2,9,347378,0;;;
Trevor;18:50:15;14:42:17;-888.6724,-2219.8,-2219.8;True,OffRoad,BODHI2,7,595154,0;;;
Trevor;18:50:16;14:42:17;-891.1984,-2217.396,-2217.396;True,OffRoad,BODHI2,5,738245,0;;;
Trevor;18:50:16;14:42:18;-893.0106,-2215.656,-2215.656;True,OffRoad,BODHI2,3,890078,0;;;
Trevor;18:50:17;14:42:18;-894.1185,-2214.581,-2214.581;True,OffRoad,BODHI2,2,081309,0;;;
Trevor;18:50:17;14:42:19;-894.7556,-2214.013,-2214.013;True,OffRoad,BODHI2,2,149734,1;;;
Trevor;18:50:18;14:42:20;-896.3188,-2212.5,-2212.5;True,OffRoad,BODHI2,6,39365,1;;;
Trevor;18:50:18;14:42:20;-899.6328,-2209.261,-2209.261;True,OffRoad,BODHI2,10,81456,0;;;
Trevor;18:50:19;14:42:21;-903.3433,-2205.547,-2205.547;True,OffRoad,BODHI2,9,978553,1;;;
Trevor;18:50:19;14:42:21;-907.6288,-2201.208,-2201.208;True,OffRoad,BODHI2,13,29755,1;;;
Trevor;18:50:20;14:42:22;-912.9308,-2195.86,-2195.86;True,OffRoad,BODHI2,15,47999,1;;;
Trevor;18:50:20;14:42:22;-918.8897,-2189.839,-2189.839;True,OffRoad,BODHI2,16,3951,0;;;
Trevor;18:50:21;14:42:23;-924.2424,-2184.444,-2184.444;True,OffRoad,BODHI2,12,52227,0;;;
Trevor;18:50:21;14:42:23;-928.4687,-2180.2,-2180.2;True,OffRoad,BODHI2,10,61211,0;;;
Trevor;18:50:22;14:42:24;-931.979,-2176.618,-2176.618;True,OffRoad,BODHI2,8,74102,0;;;
Trevor;18:50:22;14:42:24;-934.8093,-2173.705,-2173.705;True,OffRoad,BODHI2,6,863653,0;;;
Trevor;18:50:23;14:42:25;-937.0395,-2171.383,-2171.383;True,OffRoad,BODHI2,6,526334,1;;;
Trevor;18:50:23;14:42:25;-940.0823,-2168.172,-2168.172;True,OffRoad,BODHI2,10,93462,1;;;
Trevor;18:50:24;14:42:26;-943.9652,-2164.492,-2164.492;True,OffRoad,BODHI2,9,281503,0;;;
Trevor;18:50:24;14:42:26;-947.0236,-2161.441,-2161.441;True,OffRoad,BODHI2,7,24483,0;;;
Trevor;18:50:25;14:42:27;-950.2258,-2158.22,-2158.22;True,OffRoad,BODHI2,10,91155,1;;;
Trevor;18:50:25;14:42:27;-954.1595,-2154.545,-2154.545;True,OffRoad,BODHI2,9,82848,1;;;
Trevor;18:50:26;14:42:28;-958.3813,-2150.591,-2150.591;True,OffRoad,BODHI2,12,20642,1;;;
Trevor;18:50:27;14:42:28;-962.5336,-2146.521,-2146.521;True,OffRoad,BODHI2,10,25756,0;;;
Trevor;18:50:27;14:42:29;-965.9692,-2142.688,-2142.688;True,OffRoad,BODHI2,10,56119,1;;;
Trevor;18:50:28;14:42:29;-970.7902,-2138.341,-2138.341;True,OffRoad,BODHI2,14,22216,1;;;
Trevor;18:50:28;14:42:30;-976.0823,-2133.022,-2133.022;True,OffRoad,BODHI2,13,80773,0;;;
Trevor;18:50:29;14:42:30;-980.6976,-2128.43,-2128.43;True,OffRoad,BODHI2,11,31826,1;;;
Trevor;18:50:29;14:42:31;-985.2805,-2124.038,-2124.038;True,OffRoad,BODHI2,13,22228,1;;;
Trevor;18:50:30;14:42:32;-989.7588,-2119.746,-2119.746;True,OffRoad,BODHI2,10,72786,0;;;
Trevor;18:50:30;14:42:32;-993.1132,-2116.037,-2116.037;True,OffRoad,BODHI2,9,07464,1;;;
Trevor;18:50:31;14:42:33;-997.0565,-2112.517,-2112.517;True,OffRoad,BODHI2,10,11096,0;;;
Trevor;18:50:31;14:42:33;-1000.623,-2109.036,-2109.036;True,OffRoad,BODHI2,9,411947,1;;;
Trevor;18:50:32;14:42:34;-1004.481,-2105.224,-2105.224;True,OffRoad,BODHI2,11,34076,1;;;
Trevor;18:50:32;14:42:34;-1009.153,-2100.572,-2100.572;True,OffRoad,BODHI2,14,01911,1;;;
Trevor;18:50:33;14:42:35;-1014.463,-2095.331,-2095.331;True,OffRoad,BODHI2,13,57396,0;;;
Trevor;18:50:33;14:42:35;-1019.059,-2090.835,-2090.835;True,OffRoad,BODHI2,10,17831,0;;;
Trevor;18:50:34;14:42:36;-1022.178,-2087.626,-2087.626;True,OffRoad,BODHI2,7,602138,0;;;
Trevor;18:50:34;14:42:36;-1024.709,-2084.799,-2084.799;True,OffRoad,BODHI2,6,930118,0;;;
Trevor;18:50:35;14:42:37;-1026.973,-2082.563,-2082.563;True,OffRoad,BODHI2,5,561297,1;;;
Trevor;18:50:35;14:42:37;-1029.586,-2079.938,-2079.938;True,OffRoad,BODHI2,9,040748,1;;;
Trevor;18:50:36;14:42:38;-1032.891,-2076.587,-2076.587;True,OffRoad,BODHI2,8,142471,0;;;
Trevor;18:50:36;14:42:38;-1035.825,-2073.571,-2073.571;True,OffRoad,BODHI2,9,627846,1;;;
Trevor;18:50:37;14:42:39;-1039.623,-2069.611,-2069.611;True,OffRoad,BODHI2,9,809408,0;;;
Trevor;18:50:37;14:42:39;-1042.838,-2066.202,-2066.202;True,OffRoad,BODHI2,8,079564,0;;;
Trevor;18:50:38;14:42:40;-1045.395,-2063.453,-2063.453;True,OffRoad,BODHI2,6,250364,0;;;
Trevor;18:50:39;14:42:40;-1047.3,-2061.393,-2061.393;True,OffRoad,BODHI2,5,318017,1;;;
Trevor;18:50:39;14:42:41;-1049.74,-2058.712,-2058.712;True,OffRoad,BODHI2,9,025681,1;;;
Trevor;18:50:40;14:42:41;-1053.343,-2054.724,-2054.724;True,OffRoad,BODHI2,9,913222,0;;;
Trevor;18:50:40;14:42:42;-1056.486,-2051.214,-2051.214;True,OffRoad,BODHI2,8,114655,0;;;
Trevor;18:50:41;14:42:42;-1059.647,-2047.745,-2047.745;True,OffRoad,BODHI2,11,09007,0;;;
Trevor;18:50:41;14:42:43;-1063.234,-2043.936,-2043.936;True,OffRoad,BODHI2,9,663753,1;;;
Trevor;18:50:42;14:42:44;-1066.893,-2039.967,-2039.967;True,OffRoad,BODHI2,10,06678,0;;;
Trevor;18:50:42;14:42:44;-1070.198,-2036.579,-2036.579;True,OffRoad,BODHI2,8,111458,0;;;
Trevor;18:50:43;14:42:45;-1073.625,-2033.033,-2033.033;True,OffRoad,BODHI2,10,93841,0;;;
Trevor;18:50:43;14:42:45;-1076.289,-2028.904,-2028.904;True,OffRoad,BODHI2,9,000495,1;;;
Trevor;18:50:44;14:42:46;-1078.188,-2023.964,-2023.964;True,OffRoad,BODHI2,11,21806,1;;;
Trevor;18:50:44;14:42:46;-1081.772,-2018.359,-2018.359;True,OffRoad,BODHI2,14,01974,1;;;
Trevor;18:50:45;14:42:47;-1085.408,-2011.234,-2011.234;True,OffRoad,BODHI2,17,10981,1;;;
Trevor;18:50:45;14:42:47;-1089.522,-2002.231,-2002.231;True,OffRoad,BODHI2,19,50124,0;;;
Trevor;18:50:46;14:42:48;-1091.164,-1992.718,-1992.718;True,OffRoad,BODHI2,18,18842,0;;;
Trevor;18:50:46;14:42:48;-1091.532,-1983.836,-1983.836;True,OffRoad,BODHI2,16,09958,0;;;
Trevor;18:50:47;14:42:49;-1091.382,-1975.973,-1975.973;True,OffRoad,BODHI2,14,04726,0;;;
Trevor;18:50:47;14:42:49;-1090.414,-1969.339,-1969.339;True,OffRoad,BODHI2,11,94545,0;;;
Trevor;18:50:48;14:42:50;-1089.258,-1963.758,-1963.758;True,OffRoad,BODHI2,10,01876,0;;;
Trevor;18:50:48;14:42:50;-1087.658,-1958.94,-1958.94;True,OffRoad,BODHI2,9,317529,0;;;
Trevor;18:50:49;14:42:51;-1085.449,-1954.381,-1954.381;True,OffRoad,BODHI2,11,03931,1;;;
Trevor;18:50:49;14:42:51;-1082.633,-1950.003,-1950.003;True,OffRoad,BODHI2,8,975491,0;;;
Trevor;18:50:50;14:42:52;-1080.157,-1946.621,-1946.621;True,OffRoad,BODHI2,7,136715,0;;;
Trevor;18:50:51;14:42:52;-1077.855,-1943.54,-1943.54;True,OffRoad,BODHI2,9,257153,1;;;
Trevor;18:50:51;14:42:53;-1074.595,-1939.27,-1939.27;True,OffRoad,BODHI2,9,856079,0;;;
Trevor;18:50:52;14:42:53;-1071.31,-1935.069,-1935.069;True,OffRoad,BODHI2,11,30138,1;;;
Trevor;18:50:52;14:42:54;-1067.224,-1929.932,-1929.932;True,OffRoad,BODHI2,13,68526,1;;;
Trevor;18:50:53;14:42:54;-1061.731,-1924.525,-1924.525;True,OffRoad,BODHI2,15,9711,1;;;
Trevor;18:50:53;14:42:55;-1054.328,-1919.082,-1919.082;True,OffRoad,BODHI2,18,37068,0;;;
Trevor;18:50:54;14:42:56;-1047.886,-1912.952,-1912.952;True,OffRoad,BODHI2,16,19219,0;;;
Trevor;18:50:54;14:42:56;-1042.526,-1907.23,-1907.23;True,OffRoad,BODHI2,14,12402,0;;;
Trevor;18:50:55;14:42:57;-1037.897,-1902.343,-1902.343;True,OffRoad,BODHI2,12,04811,0;;;
Trevor;18:50:55;14:42:57;-1033.95,-1898.196,-1898.196;True,OffRoad,BODHI2,9,889865,0;;;
Trevor;18:50:56;14:42:58;-1030.818,-1894.929,-1894.929;True,OffRoad,BODHI2,7,724741,0;;;
Trevor;18:50:56;14:42:58;-1028.422,-1892.47,-1892.47;True,OffRoad,BODHI2,5,587175,0;;;
Trevor;18:50:57;14:42:59;-1026.796,-1890.822,-1890.822;True,OffRoad,BODHI2,3,426965,0;;;
Trevor;18:50:57;14:42:59;-1025.954,-1889.961,-1889.961;True,OffRoad,BODHI2,1,234882,0;;;
Trevor;18:50:58;14:43:00;-1025.861,-1889.819,-1889.819;True,OffRoad,BODHI2,0,01911183,0;;;
Trevor;18:50:58;14:43:00;-1025.86,-1889.821,-1889.821;True,OffRoad,BODHI2,0,04014141,1;;;
Trevor;18:50:59;14:43:01;-1025.435,-1889.404,-1889.404;True,OffRoad,BODHI2,2,681195,1;;;
Trevor;18:50:59;14:43:01;-1023.604,-1887.595,-1887.595;True,OffRoad,BODHI2,7,395129,1;;;
Trevor;18:51:00;14:43:02;-1020.056,-1884.092,-1884.092;True,OffRoad,BODHI2,10,57022,0;;;
Trevor;18:51:00;14:43:02;-1016.456,-1880.579,-1880.579;True,OffRoad,BODHI2,9,715324,1;;;
Trevor;18:51:01;14:43:03;-1012.353,-1876.939,-1876.939;True,OffRoad,BODHI2,11,56177,1;;;
Trevor;18:51:01;14:43:03;-1007.172,-1872.837,-1872.837;True,OffRoad,BODHI2,13,55885,1;;;
Trevor;18:51:02;14:43:04;-1001.822,-1867.412,-1867.412;True,OffRoad,BODHI2,15,57154,1;;;
Trevor;18:51:02;14:43:04;-995.2509,-1861.419,-1861.419;True,OffRoad,BODHI2,18,38506,1;;;
Trevor;18:51:03;14:43:05;-987.6471,-1854.646,-1854.646;True,OffRoad,BODHI2,19,44789,0;;;
Trevor;18:51:04;14:43:05;-980.7361,-1848.199,-1848.199;True,OffRoad,BODHI2,16,94117,0;;;
Trevor;18:51:04;14:43:06;-975.1885,-1842.24,-1842.24;True,OffRoad,BODHI2,14,64709,0;;;
Trevor;18:51:05;14:43:06;-970.0153,-1837.542,-1837.542;True,OffRoad,BODHI2,12,28985,0;;;
Trevor;18:51:05;14:43:07;-965.4469,-1833.358,-1833.358;True,OffRoad,BODHI2,12,39536,1;;;
Trevor;18:51:06;14:43:07;-960.8212,-1828.895,-1828.895;True,OffRoad,BODHI2,12,47219,0;;;
Trevor;18:51:06;14:43:08;-956.4966,-1824.645,-1824.645;True,OffRoad,BODHI2,11,88548,1;;;
Trevor;18:51:07;14:43:09;-951.963,-1819.936,-1819.936;True,OffRoad,BODHI2,12,20285,0;;;
Trevor;18:51:07;14:43:09;-947.2882,-1815.469,-1815.469;True,OffRoad,BODHI2,13,10461,1;;;
Trevor;18:51:08;14:43:10;-941.9695,-1810.143,-1810.143;True,OffRoad,BODHI2,15,53294,1;;;
Trevor;18:51:08;14:43:10;-935.9374,-1803.873,-1803.873;True,OffRoad,BODHI2,17,19992,0;;;
Trevor;18:51:09;14:43:11;-930.1761,-1798.081,-1798.081;True,OffRoad,BODHI2,12,90949,0;;;
Trevor;18:51:09;14:43:11;-925.6074,-1793.727,-1793.727;True,OffRoad,BODHI2,11,36331,0;;;
Trevor;18:51:10;14:43:12;-921.6929,-1790.068,-1790.068;True,OffRoad,BODHI2,9,501588,0;;;
Trevor;18:51:10;14:43:12;-918.4293,-1787.038,-1787.038;True,OffRoad,BODHI2,7,661831,0;;;
Trevor;18:51:11;14:43:13;-915.8143,-1783.716,-1783.716;True,OffRoad,BODHI2,9,88911,1;;;
Trevor;18:51:11;14:43:13;-912.2008,-1779.749,-1779.749;True,OffRoad,BODHI2,9,714782,0;;;
Trevor;18:51:12;14:43:14;-908.9384,-1776.132,-1776.132;True,OffRoad,BODHI2,10,45722,1;;;
Trevor;18:51:12;14:43:14;-905.9258,-1771.672,-1771.672;True,OffRoad,BODHI2,9,534592,1;;;
Trevor;18:51:13;14:43:15;-902.9762,-1768.025,-1768.025;True,OffRoad,BODHI2,9,085375,1;;;
Trevor;18:51:13;14:43:15;-899.7071,-1763.818,-1763.818;True,OffRoad,BODHI2,10,43197,0;;;
Trevor;18:51:14;14:43:16;-896.529,-1759.605,-1759.605;True,OffRoad,BODHI2,10,70722,1;;;
Trevor;18:51:14;14:43:16;-892.7245,-1754.699,-1754.699;True,OffRoad,BODHI2,13,03277,1;;;
Trevor;18:51:15;14:43:17;-887.627,-1749.205,-1749.205;True,OffRoad,BODHI2,15,52948,1;;;
Trevor;18:51:16;14:43:17;-881.7226,-1743.246,-1743.246;True,OffRoad,BODHI2,15,08771,0;;;
Trevor;18:51:16;14:43:18;-876.4523,-1737.989,-1737.989;True,OffRoad,BODHI2,13,06813,0;;;
Trevor;18:51:17;14:43:18;-871.9857,-1733.59,-1733.59;True,OffRoad,BODHI2,11,19434,0;;;
Trevor;18:51:17;14:43:19;-868.1172,-1729.807,-1729.807;True,OffRoad,BODHI2,10,38382,1;;;
Trevor;18:51:18;14:43:19;-864.3176,-1726.114,-1726.114;True,OffRoad,BODHI2,9,422039,0;;;
Trevor;18:51:18;14:43:20;-860.978,-1722.918,-1722.918;True,OffRoad,BODHI2,9,459668,1;;;
Trevor;18:51:19;14:43:21;-857.0916,-1719.241,-1719.241;True,OffRoad,BODHI2,10,02188,0;;;
Trevor;18:51:19;14:43:21;-853.6396,-1715.686,-1715.686;True,OffRoad,BODHI2,8,972795,0;;;
Trevor;18:51:20;14:43:22;-850.7878,-1712.658,-1712.658;True,OffRoad,BODHI2,7,370262,1;;;
Trevor;18:51:20;14:43:22;-847.4359,-1709.161,-1709.161;True,OffRoad,BODHI2,10,74854,0;;;
Trevor;18:51:21;14:43:23;-843.5576,-1705.616,-1705.616;True,OffRoad,BODHI2,9,941965,1;;;
Trevor;18:51:21;14:43:23;-839.4695,-1701.4,-1701.4;True,OffRoad,BODHI2,12,49822,1;;;
Trevor;18:51:22;14:43:24;-833.98,-1696.508,-1696.508;True,OffRoad,BODHI2,14,97205,0;;;
Trevor;18:51:22;14:43:24;-828.7521,-1691.066,-1691.066;True,OffRoad,BODHI2,15,09535,1;;;
Trevor;18:51:23;14:43:25;-823.739,-1685.561,-1685.561;True,OffRoad,BODHI2,13,28621,0;;;
Trevor;18:51:23;14:43:25;-819.2656,-1680.936,-1680.936;True,OffRoad,BODHI2,11,50527,0;;;
Trevor;18:51:24;14:43:26;-815.2836,-1677.066,-1677.066;True,OffRoad,BODHI2,9,654953,0;;;
Trevor;18:51:24;14:43:26;-812.0388,-1673.434,-1673.434;True,OffRoad,BODHI2,9,88921,1;;;
Trevor;18:51:25;14:43:27;-808.5855,-1669.284,-1669.284;True,OffRoad,BODHI2,9,741873,0;;;
Trevor;18:51:25;14:43:27;-805.7679,-1665.276,-1665.276;True,OffRoad,BODHI2,9,773407,1;;;
Trevor;18:51:26;14:43:28;-803.2344,-1660.354,-1660.354;True,OffRoad,BODHI2,10,50077,0;;;
Trevor;18:51:27;14:43:28;-801.03,-1655.731,-1655.731;True,OffRoad,BODHI2,9,438849,1;;;
Trevor;18:51:27;14:43:29;-798.3585,-1651.111,-1651.111;True,OffRoad,BODHI2,10,47738,0;;;
Trevor;18:51:28;14:43:29;-796.053,-1646.771,-1646.771;True,OffRoad,BODHI2,8,906837,1;;;
Trevor;18:51:28;14:43:30;-792.9464,-1642.619,-1642.619;True,OffRoad,BODHI2,10,84046,0;;;
Trevor;18:51:29;14:43:30;-790.1586,-1638.321,-1638.321;True,OffRoad,BODHI2,9,071342,1;;;
Trevor;18:51:29;14:43:31;-787.4009,-1634.57,-1634.57;True,OffRoad,BODHI2,8,741957,1;;;
Trevor;18:51:30;14:43:32;-783.8943,-1630.437,-1630.437;True,OffRoad,BODHI2,10,03873,0;;;
Trevor;18:51:30;14:43:32;-780.1024,-1626.698,-1626.698;True,OffRoad,BODHI2,11,24528,1;;;
Trevor;18:51:31;14:43:33;-775.8826,-1621.83,-1621.83;True,OffRoad,BODHI2,14,03656,1;;;
Trevor;18:51:31;14:43:33;-770.6313,-1615.665,-1615.665;True,OffRoad,BODHI2,16,91385,1;;;
Trevor;18:51:32;14:43:34;-764.2987,-1610.131,-1610.131;True,OffRoad,BODHI2,15,38865,0;;;
Trevor;18:51:32;14:43:34;-758.9556,-1604.968,-1604.968;True,OffRoad,BODHI2,13,41765,0;;;
Trevor;18:51:33;14:43:35;-754.3609,-1600.261,-1600.261;True,OffRoad,BODHI2,12,37571,1;;;
Trevor;18:51:33;14:43:35;-749.6449,-1595.455,-1595.455;True,OffRoad,BODHI2,12,2372,0;;;
Trevor;18:51:34;14:43:36;-745.561,-1591.322,-1591.322;True,OffRoad,BODHI2,10,32956,0;;;
Trevor;18:51:34;14:43:36;-742.0826,-1587.849,-1587.849;True,OffRoad,BODHI2,8,427411,0;;;
Trevor;18:51:35;14:43:37;-738.878,-1584.684,-1584.684;True,OffRoad,BODHI2,10,08158,1;;;
Trevor;18:51:35;14:43:37;-735.0438,-1580.911,-1580.911;True,OffRoad,BODHI2,9,735246,0;;;
Trevor;18:51:36;14:43:38;-731.5854,-1577.49,-1577.49;True,OffRoad,BODHI2,10,10983,1;;;
Trevor;18:51:36;14:43:38;-727.986,-1573.33,-1573.33;True,OffRoad,BODHI2,9,722444,0;;;
Trevor;18:51:37;14:43:39;-724.3854,-1568.42,-1568.42;True,OffRoad,BODHI2,14,06526,1;;;
Trevor;18:51:37;14:43:39;-719.6713,-1561.573,-1561.573;True,OffRoad,BODHI2,15,73666,0;;;
Trevor;18:51:38;14:43:40;-715.5571,-1554.985,-1554.985;True,OffRoad,BODHI2,13,64981,0;;;
Trevor;18:51:39;14:43:40;-713.0804,-1548.799,-1548.799;True,OffRoad,BODHI2,11,76074,0;;;
Trevor;18:51:39;14:43:41;-711.2357,-1543.454,-1543.454;True,OffRoad,BODHI2,9,864539,0;;;
Trevor;18:51:40;14:43:41;-710.0536,-1538.681,-1538.681;True,OffRoad,BODHI2,10,12325,1;;;
Trevor;18:51:40;14:43:42;-708.4218,-1533.461,-1533.461;True,OffRoad,BODHI2,9,700229,0;;;
Trevor;18:51:41;14:43:42;-707.2762,-1529.065,-1529.065;True,OffRoad,BODHI2,8,268157,1;;;
Trevor;18:51:41;14:43:43;-706.1454,-1524.511,-1524.511;True,OffRoad,BODHI2,10,76288,1;;;
Trevor;18:51:42;14:43:44;-704.6277,-1519.408,-1519.408;True,OffRoad,BODHI2,9,762136,1;;;
Trevor;18:51:42;14:43:44;-703.4027,-1513.85,-1513.85;True,OffRoad,BODHI2,12,44912,1;;;
Trevor;18:51:43;14:43:45;-701.4399,-1507.066,-1507.066;True,OffRoad,BODHI2,13,57748,0;;;
Trevor;18:51:43;14:43:45;-699.0791,-1500.873,-1500.873;True,OffRoad,BODHI2,11,88237,0;;;
Trevor;18:51:44;14:43:46;-696.5189,-1495.877,-1495.877;True,OffRoad,BODHI2,10,08131,0;;;
Trevor;18:51:44;14:43:46;-693.9616,-1491.758,-1491.758;True,OffRoad,BODHI2,8,646631,1;;;
Trevor;18:51:45;14:43:47;-691.3864,-1487.704,-1487.704;True,OffRoad,BODHI2,8,578223,0;;;
Trevor;18:51:45;14:43:47;-689.1683,-1484.187,-1484.187;True,OffRoad,BODHI2,8,16052,1;;;
Trevor;18:51:46;14:43:48;-686.3665,-1480.893,-1480.893;True,OffRoad,BODHI2,9,308594,1;;;
Trevor;18:51:46;14:43:48;-682.1207,-1477.396,-1477.396;True,OffRoad,BODHI2,9,941677,0;;;
Trevor;18:51:47;14:43:49;-678.391,-1474.547,-1474.547;True,OffRoad,BODHI2,8,16542,0;;;
Trevor;18:51:47;14:43:49;-676.5988,-1473.167,-1473.167;True,OffRoad,BODHI2,2,177376,0;;;
Trevor;18:51:48;14:43:50;-675.6656,-1472.609,-1472.609;True,OffRoad,BODHI2,3,026994,1;;;
Trevor;18:51:48;14:43:50;-673.2497,-1471.213,-1471.213;True,OffRoad,BODHI2,7,715617,1;;;
Trevor;18:51:49;14:43:51;-668.8712,-1468.635,-1468.635;True,OffRoad,BODHI2,9,937954,0;;;
Trevor;18:51:50;14:43:51;-664.8375,-1466.242,-1466.242;True,OffRoad,BODHI2,8,101619,0;;;
Trevor;18:51:50;14:43:52;-661.6453,-1464.331,-1464.331;True,OffRoad,BODHI2,6,117705,0;;;
Trevor;18:51:51;14:43:52;-659.0805,-1462.489,-1462.489;True,OffRoad,BODHI2,7,210938,1;;;
Trevor;18:51:51;14:43:53;-655.4913,-1459.089,-1459.089;True,OffRoad,BODHI2,10,71077,0;;;
Trevor;18:51:52;14:43:53;-652.7764,-1454.746,-1454.746;True,OffRoad,BODHI2,9,774402,1;;;
Trevor;18:51:52;14:43:54;-650.5775,-1449.322,-1449.322;True,OffRoad,BODHI2,12,22378,1;;;
Trevor;18:51:53;14:43:55;-649.0837,-1442.43,-1442.43;True,OffRoad,BODHI2,14,78024,1;;;
Trevor;18:51:53;14:43:55;-647.9013,-1434.087,-1434.087;True,OffRoad,BODHI2,17,07018,1;;;
Trevor;18:51:54;14:43:56;-646.6326,-1424.791,-1424.791;True,OffRoad,BODHI2,19,20497,1;;;
Trevor;18:51:54;14:43:56;-645.1765,-1414.077,-1414.077;True,OffRoad,BODHI2,21,88219,1;;;
Trevor;18:51:55;14:43:57;-643.0157,-1403.175,-1403.175;True,OffRoad,BODHI2,20,54917,1;;;
Trevor;18:51:55;14:43:57;-641.3129,-1392.791,-1392.791;True,OffRoad,BODHI2,19,35326,0;;;
Trevor;18:51:56;14:43:58;-640.4877,-1383.289,-1383.289;True,OffRoad,BODHI2,17,26131,0;;;
Trevor;18:51:56;14:43:58;-639.7629,-1374.972,-1374.972;True,OffRoad,BODHI2,15,26255,0;;;
Trevor;18:51:57;14:43:59;-639.0798,-1367.528,-1367.528;True,OffRoad,BODHI2,13,28612,0;;;
Trevor;18:51:57;14:43:59;-638.4452,-1361.1,-1361.1;True,OffRoad,BODHI2,11,33471,0;;;
Trevor;18:51:58;14:44:00;-637.8356,-1355.605,-1355.605;True,OffRoad,BODHI2,10,31065,1;;;
Trevor;18:51:58;14:44:00;-636.8055,-1350.466,-1350.466;True,OffRoad,BODHI2,9,195372,0;;;
Trevor;18:51:59;14:44:01;-635.8284,-1346.211,-1346.211;True,OffRoad,BODHI2,7,302063,0;;;
Trevor;18:51:59;14:44:01;-635.0555,-1342.984,-1342.984;True,OffRoad,BODHI2,5,465257,0;;;
Trevor;18:52:00;14:44:02;-634.4435,-1340.53,-1340.53;True,OffRoad,BODHI2,5,055663,1;;;
Trevor;18:52:01;14:44:02;-633.5786,-1337.211,-1337.211;True,OffRoad,BODHI2,6,47246,0;;;
Trevor;18:52:01;14:44:03;-632.8235,-1334.398,-1334.398;True,OffRoad,BODHI2,4,623996,0;;;
Trevor;18:52:02;14:44:03;-632.3074,-1332.528,-1332.528;True,OffRoad,BODHI2,2,795083,0;;;
Trevor;18:52:02;14:44:04;-631.8947,-1331.113,-1331.113;True,OffRoad,BODHI2,3,588007,1;;;
Trevor;18:52:03;14:44:04;-631.0359,-1328.204,-1328.204;True,OffRoad,BODHI2,6,779271,0;;;
Trevor;18:52:03;14:44:05;-630.1088,-1325.138,-1325.138;True,OffRoad,BODHI2,6,119928,1;;;
Trevor;18:52:04;14:44:06;-629.1968,-1322.226,-1322.226;True,OffRoad,BODHI2,5,194893,1;;;
Trevor;18:52:04;14:44:06;-628.9256,-1319.197,-1319.197;True,OffRoad,BODHI2,5,703493,0;;;
Trevor;18:52:05;14:44:07;-628.8372,-1316.728,-1316.728;True,OffRoad,BODHI2,3,819678,0;;;
Trevor;18:52:05;14:44:07;-628.8226,-1314.809,-1314.809;True,OffRoad,BODHI2,4,744818,1;;;
Trevor;18:52:06;14:44:08;-628.8878,-1311.143,-1311.143;True,OffRoad,BODHI2,9,298548,1;;;
Trevor;18:52:06;14:44:08;-629.6273,-1305.798,-1305.798;True,OffRoad,BODHI2,10,09593,0;;;
Trevor;18:52:07;14:44:09;-630.6766,-1300.557,-1300.557;True,OffRoad,BODHI2,11,5843,1;;;
Trevor;18:52:07;14:44:09;-632.2741,-1293.77,-1293.77;True,OffRoad,BODHI2,14,76095,1;;;
Trevor;18:52:08;14:44:10;-634.9968,-1285.882,-1285.882;True,OffRoad,BODHI2,17,30147,1;;;
Trevor;18:52:08;14:44:10;-639.1016,-1278.102,-1278.102;True,OffRoad,BODHI2,16,44823,1;;;
Trevor;18:52:09;14:44:11;-646.0157,-1272.207,-1272.207;True,OffRoad,BODHI2,18,91236,1;;;
Trevor;18:52:09;14:44:11;-654.3513,-1266.313,-1266.313;True,OffRoad,BODHI2,19,13172,0;;;
Trevor;18:52:10;14:44:12;-661.7488,-1259.376,-1259.376;True,OffRoad,BODHI2,20,0647,1;;;
Trevor;18:52:10;14:44:12;-668.3987,-1250.658,-1250.658;True,OffRoad,BODHI2,22,23647,1;;;
Trevor;18:52:11;14:44:13;-674.3064,-1240.959,-1240.959;True,OffRoad,BODHI2,20,63476,0;;;
Trevor;18:52:12;14:44:13;-680.5862,-1231.911,-1231.911;True,OffRoad,BODHI2,21,8209,1;;;
Trevor;18:52:12;14:44:14;-687.5815,-1222.353,-1222.353;True,OffRoad,BODHI2,23,10333,1;;;
Trevor;18:52:13;14:44:14;-694.8818,-1212.365,-1212.365;True,OffRoad,BODHI2,24,2942,0;;;
Trevor;18:52:13;14:44:15;-702.0914,-1202.568,-1202.568;True,OffRoad,BODHI2,22,81783,1;;;
Trevor;18:52:14;14:44:15;-709.9601,-1193.059,-1193.059;True,OffRoad,BODHI2,24,59302,1;;;
Trevor;18:52:14;14:44:16;-718.5931,-1182.873,-1182.873;True,OffRoad,BODHI2,26,06716,1;;;
Trevor;18:52:15;14:44:17;-727.7148,-1172.059,-1172.059;True,OffRoad,BODHI2,27,18915,1;;;
Trevor;18:52:15;14:44:17;-736.7997,-1161.247,-1161.247;True,OffRoad,BODHI2,25,7985,0;;;
Trevor;18:52:16;14:44:18;-744.2416,-1150.86,-1150.86;True,OffRoad,BODHI2,23,44898,0;;;
Trevor;18:52:16;14:44:18;-749.9014,-1141.662,-1141.662;True,OffRoad,BODHI2,18,60521,0;;;
Trevor;18:52:17;14:44:19;-754.101,-1133.522,-1133.522;True,OffRoad,BODHI2,16,41294,0;;;
Trevor;18:52:17;14:44:19;-759.4155,-1127.029,-1127.029;True,OffRoad,BODHI2,15,43062,0;;;
Trevor;18:52:18;14:44:20;-765.8654,-1121.322,-1121.322;True,OffRoad,BODHI2,16,78734,0;;;
Trevor;18:52:18;14:44:20;-772.884,-1117.63,-1117.63;True,OffRoad,BODHI2,14,22895,0;;;
Trevor;18:52:19;14:44:21;-780.0569,-1116.31,-1116.31;True,OffRoad,BODHI2,14,4099,1;;;
Trevor;18:52:19;14:44:21;-788.2117,-1117.581,-1117.581;True,OffRoad,BODHI2,17,25544,1;;;
Trevor;18:52:20;14:44:22;-797.2148,-1121.307,-1121.307;True,OffRoad,BODHI2,19,77284,1;;;
Trevor;18:52:20;14:44:22;-806.4817,-1127.091,-1127.091;True,OffRoad,BODHI2,22,47996,0;;;
Trevor;18:52:21;14:44:23;-815.9892,-1133.054,-1133.054;True,OffRoad,BODHI2,21,12906,1;;;
Trevor;18:52:21;14:44:23;-825.8433,-1138.92,-1138.92;True,OffRoad,BODHI2,22,7468,1;;;
Trevor;18:52:22;14:44:24;-835.7931,-1144.151,-1144.151;True,OffRoad,BODHI2,20,85671,0;;;
Trevor;18:52:23;14:44:24;-844.9872,-1149.055,-1149.055;True,OffRoad,BODHI2,18,95156,0;;;
Trevor;18:52:23;14:44:25;-853.0466,-1153.889,-1153.889;True,OffRoad,BODHI2,17,17339,0;;;
Trevor;18:52:24;14:44:25;-860.3696,-1158.151,-1158.151;True,OffRoad,BODHI2,15,3756,0;;;
Trevor;18:52:24;14:44:26;-867.0347,-1161.697,-1161.697;True,OffRoad,BODHI2,12,71878,0;;;
Trevor;18:52:25;14:44:26;-872.2474,-1164.443,-1164.443;True,OffRoad,BODHI2,10,37797,0;;;
Trevor;18:52:25;14:44:27;-876.2457,-1166.654,-1166.654;True,OffRoad,BODHI2,6,626767,0;;;
Trevor;18:52:26;14:44:28;-878.7723,-1168.314,-1168.314;True,OffRoad,BODHI2,4,980028,0;;;
Trevor;18:52:26;14:44:28;-880.6216,-1169.342,-1169.342;True,OffRoad,BODHI2,3,181962,0;;;
Trevor;18:52:27;14:44:29;-880.9669,-1169.514,-1169.514;True,OffRoad,BODHI2,0,04073615,0;;;
Trevor;18:52:27;14:44:29;-880.9637,-1169.514,-1169.514;True,OffRoad,BODHI2,0,0;;;
Trevor;18:52:28;14:44:30;-880.9637,-1169.514,-1169.514;True,OffRoad,BODHI2,0,0;;;
Trevor;18:52:28;14:44:30;-880.9637,-1169.514,-1169.514;True,OffRoad,BODHI2,0,0;;;
Trevor;18:52:29;14:44:31;-880.9637,-1169.514,-1169.514;True,OffRoad,BODHI2,0,0;;;
Trevor;18:52:29;14:44:31;-880.9637,-1169.514,-1169.514;True,OffRoad,BODHI2,0,0;;;
Trevor;18:52:30;14:44:32;-880.9637,-1169.514,-1169.514;True,OffRoad,BODHI2,0,0;;;
Trevor;18:52:30;14:44:32;-880.9637,-1169.514,-1169.514;True,OffRoad,BODHI2,0,0;;;
Trevor;18:52:31;14:44:33;-880.9637,-1169.514,-1169.514;True,OffRoad,BODHI2,0,0;;;
Trevor;18:52:31;14:44:33;-880.9637,-1169.514,-1169.514;True,OffRoad,BODHI2,0,0;;;
Trevor;18:52:32;14:44:34;-880.9637,-1169.514,-1169.514;True,OffRoad,BODHI2,0,0;;;
Trevor;18:52:32;14:44:34;-880.9637,-1169.514,-1169.514;True,OffRoad,BODHI2,0,0;;;
Trevor;18:52:33;14:44:35;-880.9637,-1169.514,-1169.514;True,OffRoad,BODHI2,0,0;;;
Trevor;18:52:33;14:44:35;-880.9637,-1169.514,-1169.514;True,OffRoad,BODHI2,0,0;;;
Trevor;18:52:34;14:44:36;-880.9637,-1169.514,-1169.514;True,OffRoad,BODHI2,0,0;;;
Trevor;18:52:35;14:44:36;-880.9637,-1169.514,-1169.514;True,OffRoad,BODHI2,0,0;;;
Trevor;18:52:35;14:44:37;-880.9637,-1169.514,-1169.514;True,OffRoad,BODHI2,0,0;;;
Trevor;18:52:36;14:44:37;-880.9637,-1169.514,-1169.514;True,OffRoad,BODHI2,0,0;;;
Trevor;18:52:36;14:44:38;-880.9637,-1169.514,-1169.514;True,OffRoad,BODHI2,0,0;;;
Trevor;18:52:37;14:44:38;-880.9637,-1169.514,-1169.514;True,OffRoad,BODHI2,0,0;;;
Trevor;18:52:37;14:44:39;-880.9637,-1169.514,-1169.514;True,OffRoad,BODHI2,0,0;;;
Trevor;18:52:38;14:44:40;-880.9637,-1169.514,-1169.514;True,OffRoad,BODHI2,0,0;;;
Trevor;18:52:38;14:44:40;-880.9637,-1169.514,-1169.514;True,OffRoad,BODHI2,0,0;;;
Trevor;18:52:39;14:44:41;-880.9637,-1169.514,-1169.514;True,OffRoad,BODHI2,0,0;;;
Trevor;18:52:39;14:44:41;-880.9637,-1169.514,-1169.514;True,OffRoad,BODHI2,0,0;;;
Trevor;18:52:40;14:44:42;-880.9637,-1169.514,-1169.514;True,OffRoad,BODHI2,0,0;;;
Trevor;18:52:40;14:44:42;-880.9637,-1169.514,-1169.514;True,OffRoad,BODHI2,0,0;;;
Trevor;18:52:41;14:44:43;-880.9637,-1169.514,-1169.514;True,OffRoad,BODHI2,0,0;;;
Trevor;18:52:41;14:44:43;-880.9637,-1169.514,-1169.514;True,OffRoad,BODHI2,0,0;;;
Trevor;18:52:42;14:44:44;-880.995,-1169.53,-1169.53;True,OffRoad,BODHI2,0,4309814,1;;;
Trevor;18:52:42;14:44:44;-881.6783,-1169.894,-1169.894;True,OffRoad,BODHI2,1,355124,0;;;
Trevor;18:52:43;14:44:45;-882.3975,-1170.402,-1170.402;True,OffRoad,BODHI2,3,031424,1;;;
Trevor;18:52:43;14:44:45;-883.8344,-1171.274,-1171.274;True,OffRoad,BODHI2,2,49086,0;;;
Trevor;18:52:44;14:44:46;-884.612,-1171.653,-1171.653;True,OffRoad,BODHI2,0,8234405,0;;;
Trevor;18:52:44;14:44:46;-884.7028,-1171.698,-1171.698;True,OffRoad,BODHI2,0,05708212,1;;;
Trevor;18:52:45;14:44:47;-885.215,-1172.041,-1172.041;True,OffRoad,BODHI2,2,812473,1;;;
Trevor;18:52:46;14:44:47;-887.6312,-1173.522,-1173.522;True,OffRoad,BODHI2,8,314626,1;;;
Trevor;18:52:46;14:44:48;-891.752,-1176.008,-1176.008;True,OffRoad,BODHI2,8,539551,0;;;
Trevor;18:52:47;14:44:48;-896.0663,-1178.624,-1178.624;True,OffRoad,BODHI2,10,66897,0;;;
Trevor;18:52:47;14:44:49;-900.5425,-1181.319,-1181.319;True,OffRoad,BODHI2,10,10605,1;;;
Trevor;18:52:48;14:44:49;-905.6037,-1184.361,-1184.361;True,OffRoad,BODHI2,12,43382,1;;;
Trevor;18:52:48;14:44:50;-911.8088,-1188.098,-1188.098;True,OffRoad,BODHI2,14,83028,1;;;
Trevor;18:52:49;14:44:51;-918.1711,-1191.912,-1191.912;True,OffRoad,BODHI2,11,7736,0;;;
Trevor;18:52:49;14:44:51;-923.0807,-1194.855,-1194.855;True,OffRoad,BODHI2,10,83886,1;;;
Trevor;18:52:50;14:44:52;-927.6009,-1197.561,-1197.561;True,OffRoad,BODHI2,9,516296,1;;;
Trevor;18:52:50;14:44:52;-932.4169,-1200.429,-1200.429;True,OffRoad,BODHI2,12,13065,1;;;
Trevor;18:52:51;14:44:53;-938.4422,-1204.068,-1204.068;True,OffRoad,BODHI2,14,85127,1;;;
Trevor;18:52:51;14:44:53;-945.6144,-1208.445,-1208.445;True,OffRoad,BODHI2,17,01073,1;;;
Trevor;18:52:52;14:44:54;-954.0157,-1213.063,-1213.063;True,OffRoad,BODHI2,19,10629,1;;;
Trevor;18:52:52;14:44:54;-962.6107,-1218.029,-1218.029;True,OffRoad,BODHI2,17,84062,0;;;
Trevor;18:52:53;14:44:55;-969.9119,-1222.842,-1222.842;True,OffRoad,BODHI2,15,73927,0;;;
Trevor;18:52:53;14:44:55;-976.5704,-1226.433,-1226.433;True,OffRoad,BODHI2,13,61946,0;;;
Trevor;18:52:54;14:44:56;-982.1382,-1229.748,-1229.748;True,OffRoad,BODHI2,11,31248,0;;;
Trevor;18:52:54;14:44:56;-986.7169,-1232.406,-1232.406;True,OffRoad,BODHI2,9,059885,0;;;
Trevor;18:52:55;14:44:57;-987.3227,-1232.689,-1232.689;True,OffRoad,BODHI2,0,04357477,0;;;
Trevor;18:52:55;14:44:57;-987.2957,-1232.68,-1232.68;True,OffRoad,BODHI2,0,358606,-1;;;
Trevor;18:52:56;14:44:58;-986.4647,-1232.468,-1232.468;True,OffRoad,BODHI2,3,092904,-1;;;
Trevor;18:52:57;14:44:58;-986.0057,-1232.123,-1232.123;True,OffRoad,BODHI2,0,6386245,1;;;
Trevor;18:52:57;14:44:59;-986.768,-1232.973,-1232.973;True,OffRoad,BODHI2,4,060981,1;;;
Trevor;18:52:58;14:44:59;-988.4241,-1235.38,-1235.38;True,OffRoad,BODHI2,5,315034,0;;;
Trevor;18:52:58;14:45:00;-990.565,-1236.677,-1236.677;True,OffRoad,BODHI2,5,505643,1;;;
Trevor;18:52:59;14:45:00;-993.8857,-1238.937,-1238.937;True,OffRoad,BODHI2,9,582911,1;;;
Trevor;18:52:59;14:45:01;-998.0984,-1242.205,-1242.205;True,OffRoad,BODHI2,9,442709,0;;;
Trevor;18:53:00;14:45:02;-1001.873,-1244.651,-1244.651;True,OffRoad,BODHI2,8,28307,1;;;
Trevor;18:53:00;14:45:02;-1006.365,-1247.086,-1247.086;True,OffRoad,BODHI2,10,31607,0;;;
Trevor;18:53:01;14:45:03;-1010.356,-1249.959,-1249.959;True,OffRoad,BODHI2,8,324372,0;;;
Trevor;18:53:01;14:45:03;-1013.729,-1251.92,-1251.92;True,OffRoad,BODHI2,7,929658,1;;;
Trevor;18:53:02;14:45:04;-1017.051,-1253.704,-1253.704;True,OffRoad,BODHI2,6,338693,0;;;
Trevor;18:53:02;14:45:04;-1019.677,-1255.109,-1255.109;True,OffRoad,BODHI2,5,9143,1;;;
Trevor;18:53:03;14:45:05;-1022.414,-1256.574,-1256.574;True,OffRoad,BODHI2,6,295024,0;;;
Trevor;18:53:03;14:45:05;-1024.752,-1257.986,-1257.986;True,OffRoad,BODHI2,4,003041,0;;;
Trevor;18:53:04;14:45:06;-1026.015,-1259.005,-1259.005;True,OffRoad,BODHI2,2,176409,0;;;
Trevor;18:53:04;14:45:06;-1027.015,-1259.496,-1259.496;True,OffRoad,BODHI2,3,253953,1;;;
Trevor;18:53:05;14:45:07;-1029.137,-1260.706,-1260.706;True,OffRoad,BODHI2,4,637294,0;;;
Trevor;18:53:05;14:45:07;-1030.816,-1261.674,-1261.674;True,OffRoad,BODHI2,3,421681,1;;;
Trevor;18:53:06;14:45:08;-1032.462,-1262.625,-1262.625;True,OffRoad,BODHI2,3,207752,1;;;
Trevor;18:53:06;14:45:08;-1033.963,-1263.493,-1263.493;True,OffRoad,BODHI2,2,608103,0;;;
Trevor;18:53:07;14:45:09;-1034.719,-1263.946,-1263.946;True,OffRoad,BODHI2,0,9719991,1;;;
Trevor;18:53:08;14:45:09;-1035.323,-1264.317,-1264.317;True,OffRoad,BODHI2,1,331393,1;;;
Trevor;18:53:08;14:45:10;-1035.926,-1264.676,-1264.676;True,OffRoad,BODHI2,0,5667897,0;;;
Trevor;18:53:09;14:45:10;-1036.377,-1264.947,-1264.947;True,OffRoad,BODHI2,2,306239,1;;;
Trevor;18:53:09;14:45:11;-1037.857,-1265.832,-1265.832;True,OffRoad,BODHI2,2,839695,0;;;
Trevor;18:53:10;14:45:11;-1038.719,-1266.346,-1266.346;True,OffRoad,BODHI2,1,017665,0;;;
Trevor;18:53:10;14:45:12;-1038.84,-1266.419,-1266.419;True,OffRoad,BODHI2,0,012324,0;;;
Trevor;18:53:11;14:45:13;-1038.839,-1266.419,-1266.419;True,OffRoad,BODHI2,0,0;;;
Trevor;18:53:11;14:45:13;-1038.839,-1266.419,-1266.419;True,OffRoad,BODHI2,0,0;;;
Trevor;18:53:12;14:45:14;-1038.839,-1266.419,-1266.419;True,OffRoad,BODHI2,0,0;;;
Trevor;18:53:12;14:45:14;-1038.839,-1266.419,-1266.419;True,OffRoad,BODHI2,0,0;;;
Trevor;18:53:13;14:45:15;-1038.839,-1266.419,-1266.419;True,OffRoad,BODHI2,0,0;;;
Trevor;18:53:13;14:45:15;-1038.839,-1266.419,-1266.419;True,OffRoad,BODHI2,0,0;;;
Trevor;18:53:14;14:45:16;-1038.839,-1266.419,-1266.419;True,OffRoad,BODHI2,0,0;;;
Trevor;18:53:14;14:45:16;-1038.839,-1266.419,-1266.419;True,OffRoad,BODHI2,0,0;;;
Trevor;18:53:15;14:45:17;-1038.839,-1266.419,-1266.419;True,OffRoad,BODHI2,0,0;;;
Trevor;18:53:15;14:45:17;-1038.839,-1266.419,-1266.419;True,OffRoad,BODHI2,0,0;;;
Trevor;18:53:16;14:45:18;-1038.839,-1266.419,-1266.419;True,OffRoad,BODHI2,0,0;;;
Trevor;18:53:16;14:45:18;-1038.839,-1266.419,-1266.419;True,OffRoad,BODHI2,0,0;;;
Trevor;18:53:17;14:45:19;-1038.839,-1266.419,-1266.419;True,OffRoad,BODHI2,0,0;;;
Trevor;18:53:17;14:45:19;-1038.839,-1266.419,-1266.419;True,OffRoad,BODHI2,0,0;;;
Trevor;18:53:18;14:45:20;-1038.839,-1266.419,-1266.419;True,OffRoad,BODHI2,0,0;;;
Trevor;18:53:18;14:45:20;-1038.839,-1266.419,-1266.419;True,OffRoad,BODHI2,0,0;;;
Trevor;18:53:19;14:45:21;-1038.839,-1266.419,-1266.419;True,OffRoad,BODHI2,0,0;;;
Trevor;18:53:20;14:45:21;-1038.839,-1266.419,-1266.419;True,OffRoad,BODHI2,0,0;;;
Trevor;18:53:20;14:45:22;-1038.839,-1266.419,-1266.419;True,OffRoad,BODHI2,0,0;;;
Trevor;18:53:21;14:45:22;-1038.839,-1266.419,-1266.419;True,OffRoad,BODHI2,0,0;;;
Trevor;18:53:21;14:45:23;-1038.839,-1266.419,-1266.419;True,OffRoad,BODHI2,0,0;;;
Trevor;18:53:22;14:45:24;-1038.839,-1266.419,-1266.419;True,OffRoad,BODHI2,0,0;;;
Trevor;18:53:22;14:45:24;-1038.839,-1266.419,-1266.419;True,OffRoad,BODHI2,0,0;;;
Trevor;18:53:23;14:45:25;-1038.839,-1266.419,-1266.419;True,OffRoad,BODHI2,0,0;;;
Trevor;18:53:23;14:45:25;-1038.839,-1266.419,-1266.419;True,OffRoad,BODHI2,0,0;;;
Trevor;18:53:24;14:45:26;-1038.839,-1266.419,-1266.419;True,OffRoad,BODHI2,0,0;;;
Trevor;18:53:24;14:45:26;-1038.851,-1266.426,-1266.426;True,OffRoad,BODHI2,0,2204475,1;;;
Trevor;18:53:25;14:45:27;-1039.588,-1266.865,-1266.865;True,OffRoad,BODHI2,3,387575,1;;;
Trevor;18:53:25;14:45:27;-1042.303,-1268.483,-1268.483;True,OffRoad,BODHI2,8,819889,1;;;
Trevor;18:53:26;14:45:28;-1045.832,-1270.589,-1270.589;True,OffRoad,BODHI2,5,24576,0;;;
Trevor;18:53:26;14:45:28;-1047.941,-1271.847,-1271.847;True,OffRoad,BODHI2,5,206012,1;;;
Trevor;18:53:27;14:45:29;-1051.248,-1273.804,-1273.804;True,OffRoad,BODHI2,9,574542,1;;;
Trevor;18:53:27;14:45:29;-1054.755,-1275.885,-1275.885;True,OffRoad,BODHI2,4,14321,0;;;
Trevor;18:53:28;14:45:30;-1056.38,-1276.868,-1276.868;True,OffRoad,BODHI2,4,121805,1;;;
Trevor;18:53:28;14:45:30;-1058.833,-1278.326,-1278.326;True,OffRoad,BODHI2,5,552925,1;;;
Trevor;18:53:29;14:45:31;-1062.017,-1280.233,-1280.233;True,OffRoad,BODHI2,9,184507,1;;;
Trevor;18:53:29;14:45:31;-1066.692,-1283.019,-1283.019;True,OffRoad,BODHI2,9,953203,0;;;
Trevor;18:53:30;14:45:32;-1070.529,-1285.72,-1285.72;True,OffRoad,BODHI2,8,051833,0;;;
Trevor;18:53:31;14:45:32;-1073.695,-1288.26,-1288.26;True,OffRoad,BODHI2,9,11465,1;;;
Trevor;18:53:31;14:45:33;-1077.769,-1291.901,-1291.901;True,OffRoad,BODHI2,9,912835,0;;;
Trevor;18:53:32;14:45:33;-1080.015,-1294.076,-1294.076;True,OffRoad,BODHI2,4,891617,1;;;
Trevor;18:53:32;14:45:34;-1081.396,-1296.028,-1296.028;True,OffRoad,BODHI2,4,127684,1;;;
Trevor;18:53:33;14:45:35;-1082.539,-1298.849,-1298.849;True,OffRoad,BODHI2,7,773586,1;;;
Trevor;18:53:33;14:45:35;-1083.195,-1302.881,-1302.881;True,OffRoad,BODHI2,9,317883,1;;;
Trevor;18:53:34;14:45:36;-1082.722,-1307.376,-1307.376;True,OffRoad,BODHI2,9,536662,1;;;
Trevor;18:53:34;14:45:36;-1081.136,-1312.306,-1312.306;True,OffRoad,BODHI2,9,972077,1;;;
Trevor;18:53:35;14:45:37;-1079.156,-1317.332,-1317.332;True,OffRoad,BODHI2,9,61696,0;;;
Trevor;18:53:35;14:45:37;-1076.959,-1322.266,-1322.266;True,OffRoad,BODHI2,9,929696,0;;;
Trevor;18:53:36;14:45:38;-1075.425,-1326.668,-1326.668;True,OffRoad,BODHI2,8,984231,1;;;
Trevor;18:53:36;14:45:38;-1074.147,-1331.819,-1331.819;True,OffRoad,BODHI2,10,3093,0;;;
Trevor;18:53:37;14:45:39;-1073.601,-1336.584,-1336.584;True,OffRoad,BODHI2,8,281898,0;;;
Trevor;18:53:37;14:45:39;-1073.691,-1341.12,-1341.12;True,OffRoad,BODHI2,8,630726,0;;;
Trevor;18:53:38;14:45:40;-1074.168,-1345.379,-1345.379;True,OffRoad,BODHI2,7,959841,0;;;
Trevor;18:53:38;14:45:40;-1074.628,-1349.118,-1349.118;True,OffRoad,BODHI2,7,28181,1;;;
Trevor;18:53:39;14:45:41;-1075.69,-1352.937,-1352.937;True,OffRoad,BODHI2,6,838828,0;;;
Trevor;18:53:39;14:45:41;-1076.891,-1356.583,-1356.583;True,OffRoad,BODHI2,9,300019,1;;;
Trevor;18:53:40;14:45:42;-1078.424,-1361.676,-1361.676;True,OffRoad,BODHI2,9,494635,0;;;
Trevor;18:53:40;14:45:42;-1079.227,-1366.067,-1366.067;True,OffRoad,BODHI2,7,552453,0;;;
Trevor;18:53:41;14:45:43;-1079.687,-1368.79,-1368.79;True,OffRoad,BODHI2,3,868632,0;;;
Trevor;18:53:42;14:45:43;-1080.079,-1371.104,-1371.104;True,OffRoad,BODHI2,6,164041,1;;;
Trevor;18:53:42;14:45:44;-1080.809,-1375.438,-1375.438;True,OffRoad,BODHI2,10,63723,1;;;
Trevor;18:53:43;14:45:44;-1082.196,-1380.618,-1380.618;True,OffRoad,BODHI2,9,206472,0;;;
Trevor;18:53:43;14:45:45;-1083.606,-1385.081,-1385.081;True,OffRoad,BODHI2,9,335327,0;;;
Trevor;18:53:44;14:45:45;-1084.762,-1389.693,-1389.693;True,OffRoad,BODHI2,8,598019,0;;;
Trevor;18:53:44;14:45:46;-1085.564,-1394.249,-1394.249;True,OffRoad,BODHI2,10,72229,1;;;
Trevor;18:53:45;14:45:47;-1086.74,-1399.439,-1399.439;True,OffRoad,BODHI2,9,126493,0;;;
Trevor;18:53:45;14:45:47;-1087.805,-1403.681,-1403.681;True,OffRoad,BODHI2,8,358127,1;;;
Trevor;18:53:46;14:45:48;-1088.807,-1407.703,-1407.703;True,OffRoad,BODHI2,7,78868,1;;;
Trevor;18:53:46;14:45:48;-1089.521,-1412.71,-1412.71;True,OffRoad,BODHI2,10,08813,0;;;
Trevor;18:53:47;14:45:49;-1091.399,-1416.994,-1416.994;True,OffRoad,BODHI2,8,00559,0;;;
Trevor;18:53:47;14:45:49;-1091.934,-1418.727,-1418.727;True,OffRoad,BODHI2,2,71436,1;;;
Trevor;18:53:48;14:45:50;-1092.933,-1420.729,-1420.729;True,OffRoad,BODHI2,6,255309,1;;;
Trevor;18:53:48;14:45:50;-1094.833,-1423.705,-1423.705;True,OffRoad,BODHI2,6,069391,0;;;
Trevor;18:53:49;14:45:51;-1096.258,-1425.918,-1425.918;True,OffRoad,BODHI2,4,195411,0;;;
Trevor;18:53:49;14:45:51;-1096.984,-1426.919,-1426.919;True,OffRoad,BODHI2,0,2754685,0;;;
Trevor;18:53:50;14:45:52;-1097.007,-1426.883,-1426.883;True,OffRoad,BODHI2,0,005521607,0;;;
Trevor;18:53:50;14:45:52;-1097.005,-1426.884,-1426.884;True,OffRoad,BODHI2,0,002081554,0;;;
Trevor;18:53:51;14:45:53;-1097.011,-1426.89,-1426.89;True,OffRoad,BODHI2,0,01058878,1;;;
Trevor;18:53:51;14:45:53;-1097.022,-1426.904,-1426.904;True,OffRoad,BODHI2,0,00460677,0;;;
Trevor;18:53:52;14:45:54;-1097.032,-1426.92,-1426.92;True,OffRoad,BODHI2,0,2771862,1;;;
Trevor;18:53:53;14:45:54;-1097.622,-1427.654,-1427.654;True,OffRoad,BODHI2,3,560596,1;;;
Trevor;18:53:53;14:45:55;-1099.542,-1429.968,-1429.968;True,OffRoad,BODHI2,6,850702,0;;;
Trevor;18:53:54;14:45:55;-1101.496,-1432.345,-1432.345;True,OffRoad,BODHI2,5,060486,0;;;
Trevor;18:53:54;14:45:56;-1103.191,-1434.359,-1434.359;True,OffRoad,BODHI2,6,226026,1;;;
Trevor;18:53:55;14:45:56;-1104.708,-1436.688,-1436.688;True,OffRoad,BODHI2,4,489367,1;;;
Trevor;18:53:55;14:45:57;-1105.428,-1439.416,-1439.416;True,OffRoad,BODHI2,6,828348,1;;;
Trevor;18:53:56;14:45:58;-1104.847,-1444.068,-1444.068;True,OffRoad,BODHI2,11,19097,1;;;
Trevor;18:53:56;14:45:58;-1103.56,-1449.221,-1449.221;True,OffRoad,BODHI2,8,895958,0;;;
Trevor;18:53:57;14:45:59;-1103.978,-1453.539,-1453.539;True,OffRoad,BODHI2,9,931456,1;;;
Trevor;18:53:57;14:45:59;-1106.261,-1458.4,-1458.4;True,OffRoad,BODHI2,9,367566,0;;;
Trevor;18:53:58;14:46:00;-1109.761,-1462.409,-1462.409;True,OffRoad,BODHI2,11,15849,1;;;
Trevor;18:53:58;14:46:00;-1114.829,-1466.391,-1466.391;True,OffRoad,BODHI2,13,90066,1;;;
Trevor;18:53:59;14:46:01;-1121.063,-1471.411,-1471.411;True,OffRoad,BODHI2,16,9203,1;;;
Trevor;18:53:59;14:46:01;-1128.13,-1476.938,-1476.938;True,OffRoad,BODHI2,16,55452,0;;;
Trevor;18:54:00;14:46:02;-1134.788,-1481.455,-1481.455;True,OffRoad,BODHI2,14,651,0;;;
Trevor;18:54:00;14:46:02;-1140.854,-1485.623,-1485.623;True,OffRoad,BODHI2,14,84058,1;;;
Trevor;18:54:01;14:46:03;-1146.733,-1491.003,-1491.003;True,OffRoad,BODHI2,14,84056,0;;;
Trevor;18:54:01;14:46:03;-1151.475,-1496.451,-1496.451;True,OffRoad,BODHI2,12,84305,0;;;
Trevor;18:54:02;14:46:04;-1155.466,-1501.183,-1501.183;True,OffRoad,BODHI2,10,90448,0;;;
Trevor;18:54:02;14:46:04;-1158.856,-1505.161,-1505.161;True,OffRoad,BODHI2,9,020417,0;;;
Trevor;18:54:03;14:46:05;-1161.586,-1508.34,-1508.34;True,OffRoad,BODHI2,7,174203,0;;;
Trevor;18:54:03;14:46:05;-1163.697,-1510.833,-1510.833;True,OffRoad,BODHI2,5,331616,0;;;
Trevor;18:54:04;14:46:06;-1165.157,-1512.588,-1512.588;True,OffRoad,BODHI2,3,646448,1;;;
Trevor;18:54:05;14:46:06;-1166.326,-1514.758,-1514.758;True,OffRoad,BODHI2,6,308481,1;;;
Trevor;18:54:05;14:46:07;-1166.404,-1517.481,-1517.481;True,OffRoad,BODHI2,4,411623,0;;;
Trevor;18:54:06;14:46:07;-1165.673,-1519.163,-1519.163;True,OffRoad,BODHI2,2,850616,1;;;
Trevor;18:54:06;14:46:08;-1164.388,-1520.779,-1520.779;True,OffRoad,BODHI2,4,178589,0;;;
Trevor;18:54:07;14:46:08;-1163.608,-1521.779,-1521.779;True,OffRoad,BODHI2,0,06912493,-1;;;
Trevor;18:54:07;14:46:09;-1163.594,-1521.752,-1521.752;True,OffRoad,BODHI2,0,01279616,0;;;
Trevor;18:54:08;14:46:10;-1162.372,-1520.796,-1520.796;;;;
Trevor;18:54:08;14:46:10;-1162.424,-1520.521,-1520.521;;;;
Trevor;18:54:09;14:46:11;-1162.437,-1520.321,-1520.321;;;;
Trevor;18:54:09;14:46:11;-1161.932,-1520.381,-1520.381;;;;
Trevor;18:54:10;14:46:12;-1161.95,-1520.335,-1520.335;;;;
Trevor;18:54:10;14:46:12;-1161.966,-1520.381,-1520.381;;;;
Trevor;18:54:11;14:46:13;-1162.363,-1521.13,-1521.13;;;;
Trevor;18:54:11;14:46:13;-1160.994,-1522.657,-1522.657;;;;
Trevor;18:54:12;14:46:14;-1158.928,-1525.634,-1525.634;;;;
Trevor;18:54:12;14:46:14;-1156.401,-1527.328,-1527.328;;;;
Trevor;18:54:13;14:46:15;-1154.084,-1525.506,-1525.506;;;;
Trevor;18:54:13;14:46:15;-1151.381,-1523.143,-1523.143;;;;
Trevor;18:54:14;14:46:16;-1148.723,-1521.261,-1521.261;;;;
Trevor;18:54:14;14:46:16;-1147.933,-1520.772,-1520.772;;;;
Trevor;18:54:15;14:46:17;-1147.269,-1520.353,-1520.353;;;;
Trevor;18:54:15;14:46:17;-1146.581,-1519.977,-1519.977;;;;
Trevor;18:54:16;14:46:18;-1145.93,-1519.533,-1519.533;;;;
Trevor;18:54:17;14:46:18;-1145.139,-1519.186,-1519.186;;;;
Trevor;18:54:17;14:46:19;-1144.293,-1519.35,-1519.35;;;;
Trevor;18:54:18;14:46:19;-1144.227,-1520.117,-1520.117;;;;
Trevor;18:54:18;14:46:20;-1144.752,-1520.722,-1520.722;;;;
Trevor;18:54:19;14:46:20;-1145.347,-1521.247,-1521.247;;;;
Trevor;18:54:19;14:46:21;-1146.005,-1521.694,-1521.694;;;;
Trevor;18:54:20;14:46:22;-1146.674,-1522.106,-1522.106;;;;
Trevor;18:54:20;14:46:22;-1147.385,-1522.489,-1522.489;;;;
Trevor;18:54:21;14:46:23;-1148.568,-1522.897,-1522.897;;;;
Trevor;18:54:21;14:46:23;-1149.706,-1522.179,-1522.179;;;;
Trevor;18:54:22;14:46:24;-1150.354,-1521.499,-1521.499;;And Trevor is...;WADE;DH1_DHAY
Trevor;18:54:22;14:46:24;-1150.974,-1520.765,-1520.765;;;;
Trevor;18:54:23;14:46:25;-1151.464,-1519.981,-1519.981;;;;
Trevor;18:54:23;14:46:25;-1152.013,-1519.248,-1519.248;;Trevor... Trevor is a...;FLOYD;DH1_DHAC
Trevor;18:54:24;14:46:26;-1152.602,-1518.554,-1518.554;;;;
Trevor;18:54:24;14:46:26;-1153.356,-1518.157,-1518.157;;;;
Trevor;18:54:25;14:46:27;-1154.203,-1518.47,-1518.47;;;;
Trevor;18:54:25;14:46:27;-1156.232,-1519.384,-1519.384;;;;
Trevor;18:54:26;14:46:28;-1156.549,-1519.677,-1519.677;;Trevor is a what?;Cutscene;Cutscene
Trevor;18:54:26;14:46:28;-1156.96,-1519.885,-1519.885;;Trevor is...;Cutscene;Cutscene
Trevor;18:54:27;14:46:29;-1157.268,-1520.156,-1520.156;;;;
Trevor;18:54:27;14:46:29;-1157.58,-1520.425,-1520.425;;;;
Trevor;18:54:28;14:46:30;-1157.94,-1520.547,-1520.547;;a good guy.;Cutscene;Cutscene
Trevor;18:54:29;14:46:30;-1158.224,-1520.612,-1520.612;;;;
Trevor;18:54:29;14:46:31;-1158.535,-1520.473,-1520.473;;He's like family, that's it ain't it, Floyd?;Cutscene;Cutscene
Trevor;18:54:30;14:46:31;-1158.788,-1520.66,-1520.66;;;;
Trevor;18:54:30;14:46:32;-1159.007,-1520.825,-1520.825;;;;
Trevor;18:54:31;14:46:32;-1159.248,-1520.905,-1520.905;;;;
Trevor;18:54:31;14:46:33;-1159.335,-1521.019,-1521.019;;Tha-tha-tha-that's it right, yes, Trevor.;Cutscene;Cutscene
Trevor;18:54:32;14:46:34;-1159.392,-1521.23,-1521.23;;;;
Trevor;18:54:32;14:46:34;-1159.458,-1521.276,-1521.276;;;;
Trevor;18:54:33;14:46:35;-1159.573,-1521.181,-1521.181;;;;
Trevor;18:54:33;14:46:35;-1159.627,-1521.174,-1521.174;;;;
Trevor;18:54:34;14:46:36;-1159.65,-1521.28,-1521.28;;;;
Trevor;18:54:34;14:46:36;-1159.655,-1521.411,-1521.411;;;;
Trevor;18:54:35;14:46:37;-1159.643,-1521.487,-1521.487;;;;
Trevor;18:54:35;14:46:37;-1159.805,-1521.476,-1521.476;;B-b-b-b-but the thing is, umm...;Cutscene;Cutscene
Trevor;18:54:36;14:46:38;-1160.015,-1521.486,-1521.486;;;;
Trevor;18:54:36;14:46:38;-1160.292,-1521.612,-1521.612;;;;
Trevor;18:54:37;14:46:39;-1160.458,-1521.643,-1521.643;;I ain't been with that many women.;Cutscene;Cutscene
Trevor;18:54:37;14:46:39;-1160.605,-1521.504,-1521.504;;;;
Trevor;18:54:38;14:46:40;-1160.685,-1521.437,-1521.437;;;;
Trevor;18:54:38;14:46:40;-1160.858,-1521.459,-1521.459;;;;
Trevor;18:54:39;14:46:41;-1160.971,-1521.499,-1521.499;;I don't find it easy, and umm...;Cutscene;Cutscene
Trevor;18:54:39;14:46:41;-1160.991,-1521.474,-1521.474;;;;
Trevor;18:54:40;14:46:42;-1160.95,-1521.285,-1521.285;;;;
Trevor;18:54:41;14:46:42;-1160.919,-1521.204,-1521.204;;;;
Trevor;18:54:41;14:46:43;-1160.973,-1521.128,-1521.128;;;;
Trevor;18:54:42;14:46:43;-1161.112,-1520.981,-1520.981;;and Debra, w-w-we're getting married so...;Cutscene;Cutscene
Trevor;18:54:42;14:46:44;-1161.16,-1520.896,-1520.896;;;;
Trevor;18:54:43;14:46:44;-1161.102,-1520.79,-1520.79;;;;
Trevor;18:54:43;14:46:45;-1161.014,-1520.683,-1520.683;;;;
Trevor;18:54:44;14:46:46;-1161.041,-1520.601,-1520.601;;;;
Trevor;18:54:44;14:46:46;-1161.116,-1520.418,-1520.418;;Oh, that's beautiful.;Cutscene;Cutscene
Trevor;18:54:45;14:46:47;-1161.144,-1520.361,-1520.361;;;;
Trevor;18:54:45;14:46:47;-1161.042,-1520.329,-1520.329;;;;
Trevor;18:54:46;14:46:48;-1160.889,-1520.323,-1520.323;;B-but I'm scared that she's gonna leave me.;Cutscene;Cutscene
Trevor;18:54:46;14:46:48;-1160.833,-1520.262,-1520.262;;;;
Trevor;18:54:47;14:46:49;-1160.787,-1520.067,-1520.067;;;;
Trevor;18:54:47;14:46:49;-1159.655,-1519.434,-1519.434;;;;
Trevor;18:54:48;14:46:50;-1159.633,-1519.482,-1519.482;;I mean this is her place and the fornicatin'...;Cutscene;Cutscene
Trevor;18:54:48;14:46:50;-1159.618,-1519.606,-1519.606;;;;
Trevor;18:54:49;14:46:51;-1159.6,-1519.652,-1519.652;;;;
Trevor;18:54:49;14:46:51;-1159.449,-1519.646,-1519.646;;;;
Trevor;18:54:50;14:46:52;-1159.328,-1519.639,-1519.639;;;;
Trevor;18:54:50;14:46:52;-1159.291,-1519.745,-1519.745;;There's Mr. Raspberry Jam...;Cutscene;Cutscene
Trevor;18:54:51;14:46:53;-1159.308,-1519.906,-1519.906;;;;
Trevor;18:54:51;14:46:53;-1159.247,-1519.935,-1519.935;;;;
Trevor;18:54:52;14:46:54;-1159.054,-1519.924,-1519.924;;;;
Trevor;18:54:52;14:46:54;-1159.076,-1520.006,-1520.006;;Whoa! Whoa!;Cutscene;Cutscene
Trevor;18:54:53;14:46:55;-1159.109,-1520.018,-1520.018;;;;
Trevor;18:54:54;14:46:55;-1159.059,-1519.806,-1519.806;;;;
Trevor;18:54:54;14:46:56;-1159.28,-1519.677,-1519.677;;Now Mr. Raspberry Jam...;Cutscene;Cutscene
Trevor;18:54:55;14:46:56;-1159.329,-1519.643,-1519.643;;;;
Trevor;18:54:55;14:46:57;-1159.36,-1519.642,-1519.642;;;;
Trevor;18:54:56;14:46:57;-1159.62,-1519.552,-1519.552;;;;
Trevor;18:54:56;14:46:58;-1159.677,-1519.665,-1519.665;;;;
Trevor;18:54:57;14:46:59;-1159.802,-1519.725,-1519.725;;;;
Trevor;18:54:57;14:46:59;-1159.963,-1519.703,-1519.703;;He died a noble death.;Cutscene;Cutscene
Trevor;18:54:58;14:47:00;-1159.875,-1519.708,-1519.708;;;;
Trevor;18:54:58;14:47:00;-1159.799,-1519.7,-1519.7;;;;
Trevor;18:54:59;14:47:01;-1159.85,-1519.775,-1519.775;;;;
Trevor;18:54:59;14:47:01;-1159.937,-1519.817,-1519.817;;;;
Trevor;18:55:00;14:47:02;-1159.853,-1519.762,-1519.762;;;;
Trevor;18:55:00;14:47:02;-1159.922,-1519.81,-1519.81;;;;
Trevor;18:55:01;14:47:03;-1159.951,-1519.852,-1519.852;;Bringing great joy to a... lonely man.;Cutscene;Cutscene
Trevor;18:55:01;14:47:03;-1159.915,-1519.795,-1519.795;;;;
Trevor;18:55:02;14:47:04;-1159.939,-1519.773,-1519.773;;;;
Trevor;18:55:02;14:47:04;-1159.942,-1519.769,-1519.769;;;;
Trevor;18:55:03;14:47:05;-1159.928,-1519.759,-1519.759;;;;
Trevor;18:55:03;14:47:05;-1159.908,-1519.757,-1519.757;;;;
Trevor;18:55:04;14:47:06;-1159.908,-1519.752,-1519.752;;;;
Trevor;18:55:04;14:47:06;-1159.965,-1519.784,-1519.784;;;;
Trevor;18:55:05;14:47:07;-1159.984,-1519.791,-1519.791;;I ain't got a very big penis!;Cutscene;Cutscene
Trevor;18:55:06;14:47:07;-1159.956,-1519.787,-1519.787;;;;
Trevor;18:55:06;14:47:08;-1159.841,-1519.7,-1519.7;;;;
Trevor;18:55:07;14:47:08;-1159.809,-1519.503,-1519.503;;;;
Trevor;18:55:07;14:47:09;-1159.917,-1519.353,-1519.353;;;;
Trevor;18:55:08;14:47:09;-1159.917,-1519.343,-1519.343;;;;
Trevor;18:55:08;14:47:10;-1159.922,-1519.338,-1519.338;;Some girls laugh when they...;Cutscene;Cutscene
Trevor;18:55:09;14:47:10;-1159.92,-1519.335,-1519.335;;;;
Trevor;18:55:09;14:47:11;-1159.92,-1519.332,-1519.332;;;;
Trevor;18:55:10;14:47:12;-1159.924,-1519.332,-1519.332;;;;
Trevor;18:55:10;14:47:12;-1159.928,-1519.332,-1519.332;;When they look at it.;Cutscene;Cutscene
Trevor;18:55:11;14:47:13;-1159.928,-1519.334,-1519.334;;;;
Trevor;18:55:11;14:47:13;-1159.929,-1519.333,-1519.333;;Well, show me.;Cutscene;Cutscene
Trevor;18:55:12;14:47:14;-1159.847,-1519.344,-1519.344;;;;
Trevor;18:55:12;14:47:14;-1159.601,-1519.411,-1519.411;;;;
Trevor;18:55:13;14:47:15;-1159.529,-1519.563,-1519.563;;;;
Trevor;18:55:13;14:47:15;-1159.46,-1519.741,-1519.741;;Oh, no...;Cutscene;Cutscene
Trevor;18:55:14;14:47:16;-1159.259,-1519.867,-1519.867;;Show me, boy!;Cutscene;Cutscene
Trevor;18:55:14;14:47:16;-1158.978,-1520.048,-1520.048;;;;
Trevor;18:55:15;14:47:17;-1158.832,-1520.395,-1520.395;;I-I-I-I-I-I-I don't want to.;Cutscene;Cutscene
Trevor;18:55:15;14:47:17;-1158.553,-1520.542,-1520.542;;;;
Trevor;18:55:16;14:47:18;-1158.393,-1520.624,-1520.624;;;;
Trevor;18:55:16;14:47:18;-1158.405,-1520.703,-1520.703;;;;
Trevor;18:55:17;14:47:19;-1158.387,-1520.709,-1520.709;;;;
Trevor;18:55:17;14:47:19;-1158.375,-1520.692,-1520.692;;;;
Trevor;18:55:18;14:47:20;-1158.367,-1520.675,-1520.675;;;;
Trevor;18:55:19;14:47:20;-1158.478,-1520.661,-1520.661;;;;
Trevor;18:55:19;14:47:21;-1158.592,-1520.678,-1520.678;;;;
Trevor;18:55:20;14:47:21;-1158.68,-1520.527,-1520.527;;;;
Trevor;18:55:20;14:47:22;-1158.712,-1520.483,-1520.483;;;;
Trevor;18:55:21;14:47:22;-1158.543,-1520.634,-1520.634;;;;
Trevor;18:55:21;14:47:23;-1158.417,-1520.623,-1520.623;;;;
Trevor;18:55:22;14:47:23;-1158.478,-1520.676,-1520.676;;;;
Trevor;18:55:22;14:47:24;-1158.506,-1520.676,-1520.676;;Mine ain't nothin' special,;Cutscene;Cutscene
Trevor;18:55:23;14:47:25;-1158.445,-1520.612,-1520.612;;;;
Trevor;18:55:23;14:47:25;-1158.431,-1520.586,-1520.586;;;;
Trevor;18:55:24;14:47:26;-1158.434,-1520.6,-1520.6;;but this boy gets the job done.;Cutscene;Cutscene
Trevor;18:55:24;14:47:26;-1158.446,-1520.587,-1520.587;;;;
Trevor;18:55:25;14:47:27;-1158.447,-1520.583,-1520.583;;;;
Trevor;18:55:25;14:47:27;-1158.45,-1520.574,-1520.574;;;;
Trevor;18:55:26;14:47:28;-1158.446,-1520.575,-1520.575;;Alright?;Cutscene;Cutscene
Trevor;18:55:26;14:47:28;-1158.071,-1520.919,-1520.919;;;;
Trevor;18:55:27;14:47:29;-1158.081,-1520.915,-1520.915;;;;
Trevor;18:55:27;14:47:29;-1158.084,-1520.882,-1520.882;;Now, Wade here says that you work at the docks?;Cutscene;Cutscene
Trevor;18:55:28;14:47:30;-1158.121,-1520.939,-1520.939;;;;
Trevor;18:55:28;14:47:30;-1158.068,-1520.957,-1520.957;;;;
Trevor;18:55:29;14:47:31;-1158.035,-1520.964,-1520.964;;;;
Trevor;18:55:29;14:47:31;-1158.04,-1520.991,-1520.991;;;;
Trevor;18:55:30;14:47:32;-1157.99,-1520.956,-1520.956;;;;
Trevor;18:55:30;14:47:32;-1157.972,-1521.01,-1521.01;;Umm, yes.;Cutscene;Cutscene
Trevor;18:55:31;14:47:33;-1158.001,-1520.987,-1520.987;;;;
Trevor;18:55:32;14:47:33;-1157.968,-1520.994,-1520.994;;Look at me!;Cutscene;Cutscene
Trevor;18:55:32;14:47:34;-1157.977,-1520.98,-1520.98;;;;
Trevor;18:55:33;14:47:34;-1157.981,-1520.978,-1520.978;;;;
Trevor;18:55:33;14:47:35;-1157.979,-1520.998,-1520.998;;;;
Trevor;18:55:34;14:47:35;-1157.989,-1521.011,-1521.011;;Can you just...;Cutscene;Cutscene
Trevor;18:55:34;14:47:36;-1158.009,-1521.026,-1521.026;;;;
Trevor;18:55:35;14:47:36;-1158.017,-1521.031,-1521.031;;;;
Trevor;18:55:35;14:47:37;-1158.014,-1521.03,-1521.03;;;;
Trevor;18:55:36;14:47:38;-1158.033,-1521.008,-1521.008;;put your Johnson away? Sir?;Cutscene;Cutscene
Trevor;18:55:36;14:47:38;-1158.051,-1521.02,-1521.02;;;;
Trevor;18:55:37;14:47:39;-1158.041,-1521.031,-1521.031;;;;
Trevor;18:55:37;14:47:39;-1157.996,-1521.006,-1521.006;;;;
Trevor;18:55:38;14:47:40;-1157.941,-1520.958,-1520.958;;Ah, Jesus.;Cutscene;Cutscene
Trevor;18:55:38;14:47:40;-1158.078,-1520.907,-1520.907;;;;
Trevor;18:55:39;14:47:41;-1158.164,-1520.848,-1520.848;;;;
Trevor;18:55:39;14:47:41;-1158.175,-1520.82,-1520.82;;;;
Trevor;18:55:40;14:47:42;-1158.076,-1520.764,-1520.764;;;;
Trevor;18:55:40;14:47:42;-1158.093,-1520.981,-1520.981;;Yes, I work at the docks.;Cutscene;Cutscene
Trevor;18:55:41;14:47:43;-1158.028,-1520.917,-1520.917;;;;
Trevor;18:55:41;14:47:43;-1158.093,-1520.877,-1520.877;;;;
Trevor;18:55:42;14:47:44;-1158.15,-1520.944,-1520.944;;And?;Cutscene;Cutscene
Trevor;18:55:42;14:47:44;-1158.05,-1520.887,-1520.887;;;;
Trevor;18:55:43;14:47:45;-1158.007,-1520.844,-1520.844;;;;
Trevor;18:55:43;14:47:45;-1158.004,-1520.93,-1520.93;;Anything uh, interesting there for a man like me?;Cutscene;Cutscene
Trevor;18:55:44;14:47:46;-1158,-1520.932,-1520.932;;;;
Trevor;18:55:45;14:47:46;-1158.002,-1520.932,-1520.932;;;;
Trevor;18:55:45;14:47:47;-1158.006,-1520.931,-1520.931;;;;
Trevor;18:55:46;14:47:47;-1158.007,-1520.932,-1520.932;;;;
Trevor;18:55:46;14:47:48;-1158.003,-1520.935,-1520.935;;;;
Trevor;18:55:47;14:47:48;-1158.003,-1520.934,-1520.934;;Well I mean I-I-I don't rightly...;Cutscene;Cutscene
Trevor;18:55:47;14:47:49;-1158.004,-1520.934,-1520.934;;;;
Trevor;18:55:48;14:47:49;-1158.003,-1520.935,-1520.935;;;;
Trevor;18:55:48;14:47:50;-1158.006,-1520.931,-1520.931;;;;
Trevor;18:55:49;14:47:51;-1158.009,-1520.927,-1520.927;;;;
Trevor;18:55:49;14:47:51;-1158.011,-1520.927,-1520.927;;;;
Trevor;18:55:50;14:47:52;-1158.007,-1520.929,-1520.929;;rightly know.;Cutscene;Cutscene
Trevor;18:55:50;14:47:52;-1158.006,-1520.93,-1520.93;;;;
Trevor;18:55:51;14:47:53;-1158.004,-1520.932,-1520.932;;What kinda person are you?;Cutscene;Cutscene
Trevor;18:55:51;14:47:53;-1158.214,-1520.828,-1520.828;;Oh, I'm that kind of person, Floyd!;Cutscene;Cutscene
Trevor;18:55:52;14:47:54;-1157.856,-1520.873,-1520.873;;;;
Trevor;18:55:52;14:47:54;-1157.812,-1520.931,-1520.931;;;;
Trevor;18:55:53;14:47:55;-1157.828,-1520.981,-1520.981;;;;
Trevor;18:55:53;14:47:55;-1157.839,-1520.984,-1520.984;;;;
Trevor;18:55:54;14:47:56;-1157.828,-1520.993,-1520.993;;I am that kind of person!;Cutscene;Cutscene
Trevor;18:55:54;14:47:56;-1157.827,-1520.992,-1520.992;;;;
Trevor;18:55:55;14:47:57;-1157.815,-1520.996,-1520.996;;;;
Trevor;18:55:55;14:47:57;-1157.815,-1520.992,-1520.992;;;;
Trevor;18:55:56;14:47:58;-1157.81,-1520.99,-1520.99;;;;
Trevor;18:55:56;14:47:58;-1157.809,-1520.983,-1520.983;;;;
Trevor;18:55:57;14:47:59;-1157.809,-1520.973,-1520.973;;;;
Trevor;18:55:58;14:47:59;-1157.647,-1521.132,-1521.132;;Now, let's get you, Wade and that...;Cutscene;Cutscene
Trevor;18:55:58;14:48:00;-1157.833,-1521.269,-1521.269;;;;
Trevor;18:55:59;14:48:00;-1157.766,-1521.309,-1521.309;;;;
Trevor;18:55:59;14:48:01;-1157.682,-1521.357,-1521.357;;;;
Trevor;18:56:00;14:48:01;-1157.725,-1521.644,-1521.644;;;;
Trevor;18:56:00;14:48:02;-1157.625,-1521.828,-1521.828;;;;
Trevor;18:56:01;14:48:02;-1157.345,-1521.932,-1521.932;;;;
Trevor;18:56:01;14:48:03;-1157.562,-1521.76,-1521.76;;;;
Trevor;18:56:02;14:48:04;-1157.612,-1521.797,-1521.797;;little tormentor down there, to put these on.;Cutscene;Cutscene
Trevor;18:56:02;14:48:04;-1157.628,-1521.669,-1521.669;;;;
Trevor;18:56:03;14:48:05;-1157.644,-1521.652,-1521.652;;;;
Trevor;18:56:03;14:48:05;-1157.625,-1521.713,-1521.713;;;;
Trevor;18:56:04;14:48:06;-1157.512,-1521.873,-1521.873;;;;
Trevor;18:56:04;14:48:06;-1157.336,-1521.849,-1521.849;;;;
Trevor;18:56:05;14:48:07;-1156.99,-1521.944,-1521.944;;;;
Trevor;18:56:05;14:48:07;-1156.957,-1521.964,-1521.964;;;;
Trevor;18:56:06;14:48:08;-1157.015,-1521.915,-1521.915;;;;
Trevor;18:56:06;14:48:08;-1157.057,-1522.049,-1522.049;;;;
Trevor;18:56:07;14:48:09;-1157.222,-1521.862,-1521.862;;;;
Trevor;18:56:07;14:48:09;-1157.113,-1521.898,-1521.898;;;;
Trevor;18:56:08;14:48:10;-1156.782,-1522.38,-1522.38;;;;
Trevor;18:56:08;14:48:10;-1156.774,-1522.406,-1522.406;;;;
Trevor;18:56:09;14:48:11;-1156.724,-1522.421,-1522.421;;We...;Cutscene;Cutscene
Trevor;18:56:09;14:48:11;-1156.727,-1522.258,-1522.258;;;;
Trevor;18:56:10;14:48:12;-1156.87,-1522.223,-1522.223;;are going for a ride.;Cutscene;Cutscene
Trevor;18:56:11;14:48:12;-1156.886,-1522.141,-1522.141;;;;
Trevor;18:56:11;14:48:13;-1156.876,-1522.003,-1522.003;;;;
Trevor;18:56:12;14:48:13;-1156.819,-1522.135,-1522.135;;;;
Trevor;18:56:12;14:48:14;-1156.807,-1522.086,-1522.086;;;;
Trevor;18:56:13;14:48:14;-1156.815,-1522.083,-1522.083;;Gentlemen, the gateway to America awaits!;Cutscene;Cutscene
Trevor;18:56:13;14:48:15;-1156.735,-1521.943,-1521.943;;;;
Trevor;18:56:14;14:48:15;-1156.743,-1521.97,-1521.97;;;;
Trevor;18:56:14;14:48:16;-1156.743,-1521.975,-1521.975;;;;
Trevor;18:56:15;14:48:17;-1156.742,-1521.978,-1521.978;;;;
Trevor;18:56:15;14:48:17;-1156.745,-1521.967,-1521.967;;;;
Trevor;18:56:16;14:48:18;-1156.753,-1521.994,-1521.994;;;;
Trevor;18:56:16;14:48:18;-1156.757,-1521.993,-1521.993;;;;
Trevor;06:00:01;14:48:19;-1148.101,-1521.334,-1521.334;;;;
Trevor;06:00:01;14:48:19;-1148.428,-1521.534,-1521.534;;;;
Trevor;06:00:02;14:48:20;-1148.745,-1521.815,-1521.815;;Ron, we got an inside man at the Port of LS.;Cutscene;Cutscene
Trevor;06:00:02;14:48:20;-1149.15,-1522.208,-1522.208;;;;
Trevor;06:00:03;14:48:21;-1149.486,-1522.502,-1522.502;;;;
Trevor;06:00:03;14:48:21;-1150.036,-1522.907,-1522.907;;;;
Trevor;06:00:04;14:48:22;-1150.497,-1523.44,-1523.44;;;;
Trevor;06:00:04;14:48:22;-1151.056,-1523.963,-1523.963;;I'm gonna send you some information.;Cutscene;Cutscene
Trevor;06:00:05;14:48:23;-1151.475,-1524.529,-1524.529;;;;
Trevor;06:00:05;14:48:23;-1152.018,-1525.011,-1525.011;;;;
Trevor;06:00:06;14:48:24;-1152.522,-1525.469,-1525.469;;I need you on point to help plan things.;Cutscene;Cutscene
Trevor;06:00:06;14:48:24;-1153.037,-1525.88,-1525.88;;;;
Trevor;06:00:07;14:48:25;-1153.594,-1526.178,-1526.178;;;;
Trevor;06:00:08;14:48:25;-1154.098,-1526.319,-1526.319;;;;
Trevor;06:00:08;14:48:26;-1154.607,-1526.104,-1526.104;;;;
Trevor;06:00:09;14:48:26;-1155.095,-1525.807,-1525.807;;I got it T, I really miss...;Cutscene;Cutscene
Trevor;06:00:09;14:48:27;-1155.47,-1525.378,-1525.378;;;;
Trevor;06:00:10;14:48:27;-1155.799,-1524.929,-1524.929;;;;
Trevor;06:00:10;14:48:28;-1156.225,-1524.39,-1524.39;;;;
Trevor;06:00:11;14:48:29;-1156.199,-1524.104,-1524.104;;;;
Trevor;06:00:11;14:48:29;-1156.199,-1524.104,-1524.104;;;;
Trevor;06:00:12;14:48:30;-1156.199,-1524.104,-1524.104;;;;
Trevor;06:00:12;14:48:30;-1156.069,-1523.512,-1523.512;;;;
Trevor;06:00:13;14:48:31;-1155.552,-1523.007,-1523.007;;;;
Trevor;06:00:13;14:48:31;-1155.018,-1522.827,-1522.827;True,OffRoad,BODHI2,0,0;;;
Trevor;06:00:14;14:48:32;-1155.018,-1522.827,-1522.827;True,OffRoad,BODHI2,0,004828361,0;;;
Trevor;06:00:14;14:48:32;-1155.016,-1522.827,-1522.827;True,OffRoad,BODHI2,0,0;;;
Trevor;06:00:15;14:48:33;-1155.017,-1522.827,-1522.827;True,OffRoad,BODHI2,0,002687129,0;;;
Trevor;06:00:15;14:48:33;-1155.017,-1522.827,-1522.827;True,OffRoad,BODHI2,0,002419777,0;;;
Trevor;06:00:16;14:48:34;-1155.017,-1522.827,-1522.827;True,OffRoad,BODHI2,0,0;;;
Trevor;06:00:16;14:48:34;-1155.017,-1522.827,-1522.827;True,OffRoad,BODHI2,0,01971475,0;;;
Trevor;06:00:17;14:48:35;-1155.018,-1522.827,-1522.827;True,OffRoad,BODHI2,0,0;;;
Trevor;06:00:17;14:48:35;-1155.018,-1522.827,-1522.827;True,OffRoad,BODHI2,0,004901495,0;;;
Trevor;06:00:18;14:48:36;-1155.018,-1522.828,-1522.828;True,OffRoad,BODHI2,0,0;;;
Trevor;06:00:18;14:48:36;-1155.018,-1522.828,-1522.828;True,OffRoad,BODHI2,0,0;;;
Trevor;06:00:19;14:48:37;-1155.018,-1522.828,-1522.828;True,OffRoad,BODHI2,0,0;;;
Trevor;06:00:20;14:48:37;-1155.018,-1522.828,-1522.828;True,OffRoad,BODHI2,0,0;;;
Trevor;06:00:20;14:48:38;-1155.018,-1522.828,-1522.828;True,OffRoad,BODHI2,0,0;;;
Trevor;06:00:21;14:48:38;-1155.018,-1522.828,-1522.828;True,OffRoad,BODHI2,0,0;;;
Trevor;06:00:21;14:48:39;-1155.018,-1522.828,-1522.828;True,OffRoad,BODHI2,0,0;;;
Trevor;06:00:22;14:48:39;-1155.046,-1522.794,-1522.794;True,OffRoad,BODHI2,0,5056137,1;;;
Trevor;06:00:22;14:48:40;-1155.717,-1521.954,-1521.954;True,OffRoad,BODHI2,3,799547,1;;;
Trevor;06:00:23;14:48:41;-1157.057,-1520.152,-1520.152;True,OffRoad,BODHI2,3,769542,1;;;
Trevor;06:00:23;14:48:41;-1158.216,-1517.7,-1517.7;True,OffRoad,BODHI2,6,833751,1;;;
Trevor;06:00:24;14:48:42;-1158.359,-1514.517,-1514.517;True,OffRoad,BODHI2,6,97783,1;;;
Trevor;06:00:24;14:48:42;-1157.167,-1509.817,-1509.817;True,OffRoad,BODHI2,10,50727,0;;;
Trevor;06:00:25;14:48:43;-1154.22,-1505.77,-1505.77;True,OffRoad,BODHI2,10,19432,1;;;
Trevor;06:00:25;14:48:43;-1150.25,-1502.138,-1502.138;True,OffRoad,BODHI2,9,651868,0;;;
Trevor;06:00:26;14:48:44;-1146.144,-1498.486,-1498.486;True,OffRoad,BODHI2,11,81856,1;;;
Trevor;06:00:26;14:48:44;-1140.923,-1493.858,-1493.858;True,OffRoad,BODHI2,14,98437,1;;;
Trevor;06:00:27;14:48:45;-1134.236,-1488.181,-1488.181;True,OffRoad,BODHI2,18,57084,1;;;
Trevor;06:00:27;14:48:45;-1126.557,-1482.086,-1482.086;True,OffRoad,BODHI2,17,79464,0;;;
Trevor;06:00:28;14:48:46;-1118.974,-1477.443,-1477.443;True,OffRoad,BODHI2,16,60258,0;;;
Trevor;06:00:28;14:48:46;-1112.354,-1473.359,-1473.359;True,OffRoad,BODHI2,12,48828,0;;;
Trevor;06:00:29;14:48:47;-1107.327,-1470.122,-1470.122;True,OffRoad,BODHI2,10,60956,0;;;
Trevor;06:00:29;14:48:47;-1103.561,-1466.894,-1466.894;True,OffRoad,BODHI2,9,016491,1;;;
Trevor;06:00:30;14:48:48;-1100.587,-1462.738,-1462.738;True,OffRoad,BODHI2,10,84236,0;;;
Trevor;06:00:30;14:48:48;-1097.105,-1459.071,-1459.071;True,OffRoad,BODHI2,9,448179,1;Come on then, Floyd. What you got for me?;Trevor;DH1_DOAA
Trevor;06:00:31;14:48:49;-1093.779,-1454.588,-1454.588;True,OffRoad,BODHI2,12,35729,1;;;
Trevor;06:00:32;14:48:49;-1090.534,-1447.75,-1447.75;True,OffRoad,BODHI2,16,02414,0;;;
Trevor;06:00:32;14:48:50;-1088.488,-1438.981,-1438.981;True,OffRoad,BODHI2,19,5777,1;;;
Trevor;06:00:33;14:48:50;-1086.825,-1428.121,-1428.121;True,OffRoad,BODHI2,20,54355,0;Like I said, I don't rightly know what we got. You're going to have to;Floyd;DH1_DOAB
Trevor;06:00:33;14:48:51;-1085.217,-1418.039,-1418.039;True,OffRoad,BODHI2,19,42988,1;;;
Trevor;06:00:34;14:48:51;-1083.532,-1407.694,-1407.694;True,OffRoad,BODHI2,20,99842,1;;;
Trevor;06:00:34;14:48:52;-1081.311,-1397.163,-1397.163;True,OffRoad,BODHI2,19,50122,0;;;
Trevor;06:00:35;14:48:53;-1078.991,-1387.717,-1387.717;True,OffRoad,BODHI2,18,87623,1;;;
Trevor;06:00:35;14:48:53;-1076.428,-1377.651,-1377.651;True,OffRoad,BODHI2,20,62783,1;;;
Trevor;06:00:36;14:48:54;-1073.745,-1367.288,-1367.288;True,OffRoad,BODHI2,20,64744,1;;;
Trevor;06:00:36;14:48:54;-1070.75,-1356.507,-1356.507;True,OffRoad,BODHI2,22,09405,1;;;
Trevor;06:00:37;14:48:55;-1066.85,-1345.774,-1345.774;True,OffRoad,BODHI2,21,186,0;;;
Trevor;06:00:37;14:48:55;-1063.403,-1335.166,-1335.166;True,OffRoad,BODHI2,21,93082,1;;;
Trevor;06:00:38;14:48:56;-1059.256,-1324.194,-1324.194;True,OffRoad,BODHI2,23,02374,1;be more exact in your questioning, sir.;Floyd;DH1_DOBI
Trevor;06:00:38;14:48:56;-1053.625,-1313.299,-1313.299;True,OffRoad,BODHI2,24,0815,1;;;
Trevor;06:00:39;14:48:57;-1047.361,-1301.742,-1301.742;True,OffRoad,BODHI2,25,37772,1;;;
Trevor;06:00:39;14:48:57;-1040.362,-1290.286,-1290.286;True,OffRoad,BODHI2,24,67875,0;;;
Trevor;06:00:40;14:48:58;-1031.786,-1281.586,-1281.586;True,OffRoad,BODHI2,22,10987,0;;;
Trevor;06:00:40;14:48:58;-1022.968,-1274.629,-1274.629;True,OffRoad,BODHI2,20,00628,0;Err... we're looking for something to steal.;Trevor;DH1_DOAC
Trevor;06:00:41;14:48:59;-1014.581,-1269.618,-1269.618;True,OffRoad,BODHI2,17,90962,0;;;
Trevor;06:00:41;14:48:59;-1005.922,-1265.566,-1265.566;True,OffRoad,BODHI2,19,51643,1;;;
Trevor;06:00:42;14:49:00;-996.3741,-1260.556,-1260.556;True,OffRoad,BODHI2,21,21844,1;;;
Trevor;06:00:43;14:49:00;-986.7425,-1254.585,-1254.585;True,OffRoad,BODHI2,22,1449,0;;;
Trevor;06:00:43;14:49:01;-976.9547,-1249.303,-1249.303;True,OffRoad,BODHI2,21,21099,1;;;
Trevor;06:00:44;14:49:01;-967.9429,-1243.157,-1243.157;True,OffRoad,BODHI2,21,19051,1;;;
Trevor;06:00:44;14:49:02;-958.5693,-1237.84,-1237.84;True,OffRoad,BODHI2,19,99598,0;Sir, I stole a pencil in elementary school and I've been regretting it ever since.;Floyd;DH1_DOAD
Trevor;06:00:45;14:49:02;-949.7209,-1233.216,-1233.216;True,OffRoad,BODHI2,18,06936,0;;;
Trevor;06:00:45;14:49:03;-941.3987,-1228.839,-1228.839;True,OffRoad,BODHI2,18,89327,1;;;
Trevor;06:00:46;14:49:04;-932.527,-1223.505,-1223.505;True,OffRoad,BODHI2,20,58388,1;;;
Trevor;06:00:46;14:49:04;-922.5706,-1218.27,-1218.27;True,OffRoad,BODHI2,22,43538,1;;;
Trevor;06:00:47;14:49:05;-912.9798,-1212.359,-1212.359;True,OffRoad,BODHI2,20,97118,1;;;
Trevor;06:00:47;14:49:05;-903.3502,-1206.732,-1206.732;True,OffRoad,BODHI2,22,27023,1;;;
Trevor;06:00:48;14:49:06;-893.0273,-1200.977,-1200.977;True,OffRoad,BODHI2,23,35499,1;;;
Trevor;06:00:48;14:49:06;-883.0735,-1193.268,-1193.268;True,OffRoad,BODHI2,25,36622,1;;;
Trevor;06:00:49;14:49:07;-872.8692,-1185.435,-1185.435;True,OffRoad,BODHI2,23,7919,0;;;
Trevor;06:00:49;14:49:07;-862.9164,-1179.097,-1179.097;True,OffRoad,BODHI2,21,56898,0;Floyd always was a stick in the mud.;Wade;DH1_DOAE
Trevor;06:00:50;14:49:08;-853.8555,-1173.426,-1173.426;True,OffRoad,BODHI2,19,3521,0;;;
Trevor;06:00:50;14:49:08;-845.902,-1168.443,-1168.443;True,OffRoad,BODHI2,17,20915,0;;;
Trevor;06:00:51;14:49:09;-838.7621,-1163.939,-1163.939;True,OffRoad,BODHI2,15,07097,0;;;
Trevor;06:00:51;14:49:09;-832.5983,-1160.035,-1160.035;True,OffRoad,BODHI2,12,92478,0;Look, sir, please,;Floyd;DH1_DOAF
Trevor;06:00:52;14:49:10;-826.9078,-1156.442,-1156.442;True,OffRoad,BODHI2,13,81618,1;;;
Trevor;06:00:52;14:49:10;-819.9344,-1152.855,-1152.855;True,OffRoad,BODHI2,14,61413,0;;;
Trevor;06:00:53;14:49:11;-812.9598,-1149.515,-1149.515;True,OffRoad,BODHI2,13,93209,0;;;
Trevor;06:00:53;14:49:11;-806.5984,-1146.489,-1146.489;True,OffRoad,BODHI2,12,44772,0;;;
Trevor;06:00:54;14:49:12;-801.5031,-1143.665,-1143.665;True,OffRoad,BODHI2,10,02542,0;just tell me what you want and I'll do my utmost to assist you in finding it.;Floyd;DH1_DOBJ
Trevor;06:00:55;14:49:12;-797.9552,-1141.406,-1141.406;True,OffRoad,BODHI2,6,537848,0;;;
Trevor;06:00:55;14:49:13;-795.5822,-1139.958,-1139.958;True,OffRoad,BODHI2,4,35916,0;;;
Trevor;06:00:56;14:49:13;-794.1095,-1139.069,-1139.069;True,OffRoad,BODHI2,2,263151,0;;;
Trevor;06:00:56;14:49:14;-793.5627,-1138.723,-1138.723;True,OffRoad,BODHI2,0,2643005,0;;;
Trevor;06:00:57;14:49:14;-793.5652,-1138.72,-1138.72;True,OffRoad,BODHI2,0,0;;;
Trevor;06:00:57;14:49:15;-793.5652,-1138.72,-1138.72;True,OffRoad,BODHI2,0,0;;;
Trevor;06:00:58;14:49:16;-793.5652,-1138.72,-1138.72;True,OffRoad,BODHI2,0,0;;;
Trevor;06:00:58;14:49:16;-793.5652,-1138.72,-1138.72;True,OffRoad,BODHI2,0,0;;;
Trevor;06:00:59;14:49:17;-793.5652,-1138.72,-1138.72;True,OffRoad,BODHI2,0,0;Here's the problem. I don't know what I want.;Trevor;DH1_DOAG
Trevor;06:00:59;14:49:17;-793.5652,-1138.72,-1138.72;True,OffRoad,BODHI2,0,0;;;
Trevor;06:01:00;14:49:18;-793.5652,-1138.72,-1138.72;True,OffRoad,BODHI2,0,0;;;
Trevor;06:01:00;14:49:18;-793.5652,-1138.72,-1138.72;True,OffRoad,BODHI2,0,0;;;
Trevor;06:01:01;14:49:19;-793.5652,-1138.72,-1138.72;True,OffRoad,BODHI2,0,0;;;
Trevor;06:01:01;14:49:19;-793.5652,-1138.72,-1138.72;True,OffRoad,BODHI2,0,0;;;
Trevor;06:01:02;14:49:20;-793.5652,-1138.72,-1138.72;True,OffRoad,BODHI2,0,0;;;
Trevor;06:01:02;14:49:20;-793.5652,-1138.72,-1138.72;True,OffRoad,BODHI2,0,0;;;
Trevor;06:01:03;14:49:21;-793.566,-1138.721,-1138.721;True,OffRoad,BODHI2,0,01170695,1;It's a bit, well, like pornography or a perfect turd, I can't quite describe it,;Trevor;DH1_DOAH
Trevor;06:01:03;14:49:21;-793.1447,-1138.481,-1138.481;True,OffRoad,BODHI2,2,206771,1;;;
Trevor;06:01:04;14:49:22;-792.2487,-1137.964,-1137.964;True,OffRoad,BODHI2,1,086618,0;;;
Trevor;06:01:04;14:49:22;-791.8357,-1137.712,-1137.712;True,OffRoad,BODHI2,1,699373,1;;;
Trevor;06:01:05;14:49:23;-790.3083,-1136.838,-1136.838;True,OffRoad,BODHI2,5,346536,1;;;
Trevor;06:01:05;14:49:23;-786.7093,-1134.88,-1134.88;True,OffRoad,BODHI2,9,914291,1;;;
Trevor;06:01:06;14:49:24;-781.588,-1133.205,-1133.205;True,OffRoad,BODHI2,9,299046,0;;;
Trevor;06:01:07;14:49:24;-776.5869,-1134.111,-1134.111;True,OffRoad,BODHI2,10,91033,1;;;
Trevor;06:01:07;14:49:25;-771.2067,-1137.271,-1137.271;True,OffRoad,BODHI2,12,88772,1;;;
Trevor;06:01:08;14:49:25;-766.4102,-1143.06,-1143.06;True,OffRoad,BODHI2,15,5761,1;;;
Trevor;06:01:08;14:49:26;-762.2634,-1150.693,-1150.693;True,OffRoad,BODHI2,17,61095,1;;;
Trevor;06:01:09;14:49:26;-757.4828,-1159.127,-1159.127;True,OffRoad,BODHI2,19,6289,1;but I'll know it when I see it.;Trevor;DH1_DOBL
Trevor;06:01:09;14:49:27;-750.7797,-1167.445,-1167.445;True,OffRoad,BODHI2,21,21426,1;;;
Trevor;06:01:10;14:49:28;-743.1309,-1176.183,-1176.183;True,OffRoad,BODHI2,22,08418,0;;;
Trevor;06:01:10;14:49:28;-736.3156,-1185.129,-1185.129;True,OffRoad,BODHI2,21,23988,1;;;
Trevor;06:01:11;14:49:29;-729.0695,-1194.068,-1194.068;True,OffRoad,BODHI2,22,39031,1;;;
Trevor;06:01:11;14:49:29;-721.3786,-1203.493,-1203.493;True,OffRoad,BODHI2,23,67727,1;You ain't aiding my comprehension.;Floyd;DH1_DOAI
Trevor;06:01:12;14:49:30;-713.3807,-1213.365,-1213.365;True,OffRoad,BODHI2,25,1577,1;;;
Trevor;06:01:12;14:49:30;-704.886,-1223.99,-1223.99;True,OffRoad,BODHI2,26,68014,1;;;
Trevor;06:01:13;14:49:31;-696.4552,-1234.6,-1234.6;True,OffRoad,BODHI2,24,62457,0;;;
Trevor;06:01:13;14:49:31;-689.7562,-1244.716,-1244.716;True,OffRoad,BODHI2,22,41929,0;;;
Trevor;06:01:14;14:49:32;-684.5979,-1253.781,-1253.781;True,OffRoad,BODHI2,18,01065,0;Alright, alright. How's this? Two hundred;Trevor;DH1_DOAJ
Trevor;06:01:14;14:49:32;-680.1816,-1261.72,-1261.72;True,OffRoad,BODHI2,16,00163,0;;;
Trevor;06:01:15;14:49:33;-677.263,-1269.034,-1269.034;True,OffRoad,BODHI2,14,67441,1;;;
Trevor;06:01:15;14:49:33;-674.4908,-1275.861,-1275.861;True,OffRoad,BODHI2,13,20273,0;;;
Trevor;06:01:16;14:49:34;-671.8459,-1281.709,-1281.709;True,OffRoad,BODHI2,11,41528,0;;;
Trevor;06:01:17;14:49:34;-669.5499,-1286.813,-1286.813;True,OffRoad,BODHI2,10,5015,1;;;
Trevor;06:01:17;14:49:35;-667.4675,-1292.403,-1292.403;True,OffRoad,BODHI2,12,0777,0;;;
Trevor;06:01:18;14:49:35;-665.7233,-1297.579,-1297.579;True,OffRoad,BODHI2,7,749265,0;and thirty six billion dollars worth of cargo came through The Port of Los Santos last year.;Trevor;DH1_DOAK
Trevor;06:01:18;14:49:36;-664.6069,-1301.012,-1301.012;True,OffRoad,BODHI2,6,099935,0;;;
Trevor;06:01:19;14:49:36;-663.6042,-1304.174,-1304.174;True,OffRoad,BODHI2,6,001904,0;;;
Trevor;06:01:19;14:49:37;-662.7778,-1306.846,-1306.846;True,OffRoad,BODHI2,5,343635,1;;;
Trevor;06:01:20;14:49:38;-662.0211,-1309.382,-1309.382;True,OffRoad,BODHI2,4,339744,0;;;
Trevor;06:01:20;14:49:38;-661.5034,-1311.175,-1311.175;True,OffRoad,BODHI2,3,453863,1;;;
Trevor;06:01:21;14:49:39;-660.7903,-1313.758,-1313.758;True,OffRoad,BODHI2,7,115818,1;;;
Trevor;06:01:21;14:49:39;-659.5065,-1318.495,-1318.495;True,OffRoad,BODHI2,10,99376,0;;;
Trevor;06:01:22;14:49:40;-658.1439,-1323.646,-1323.646;True,OffRoad,BODHI2,10,27247,1;;;
Trevor;06:01:22;14:49:40;-656.6603,-1329.746,-1329.746;True,OffRoad,BODHI2,13,45354,1;;;
Trevor;06:01:23;14:49:41;-655.086,-1336.893,-1336.893;True,OffRoad,BODHI2,13,43696,0;;;
Trevor;06:01:23;14:49:41;-653.7657,-1343.249,-1343.249;True,OffRoad,BODHI2,11,4156,0;He's real good with numbers.;Wade;DH1_DOAP
Trevor;06:01:24;14:49:42;-653.7305,-1348.646,-1348.646;True,OffRoad,BODHI2,9,97596,1;;;
Trevor;06:01:24;14:49:42;-654.0755,-1354.389,-1354.389;True,OffRoad,BODHI2,12,20047,1;;;
Trevor;06:01:25;14:49:43;-654.4357,-1360.564,-1360.564;True,OffRoad,BODHI2,11,19968,0;I don't want to hijack a truck full of pineapples, Floyd.;Trevor;DH1_DOAQ
Trevor;06:01:25;14:49:43;-654.6804,-1365.972,-1365.972;True,OffRoad,BODHI2,10,22639,1;;;
Trevor;06:01:26;14:49:44;-653.2385,-1371.433,-1371.433;True,OffRoad,BODHI2,11,99736,1;;;
Trevor;06:01:26;14:49:44;-650.5446,-1377.718,-1377.718;True,OffRoad,BODHI2,14,09678,1;;;
Trevor;06:01:27;14:49:45;-649.4417,-1385.479,-1385.479;True,OffRoad,BODHI2,15,66701,1;;;
Trevor;06:01:27;14:49:45;-650.7765,-1394.103,-1394.103;True,OffRoad,BODHI2,17,51993,1;;;
Trevor;06:01:28;14:49:46;-651.7126,-1403.729,-1403.729;True,OffRoad,BODHI2,18,74532,0;;;
Trevor;06:01:29;14:49:46;-652.281,-1412.448,-1412.448;True,OffRoad,BODHI2,14,58747,0;;;
Trevor;06:01:29;14:49:47;-652.7388,-1419.501,-1419.501;True,OffRoad,BODHI2,12,80404,0;;;
Trevor;06:01:30;14:49:47;-653.0874,-1424.888,-1424.888;True,OffRoad,BODHI2,8,778372,0;You need to give us the inside track on what's coming through.;Trevor;DH1_DOBM
Trevor;06:01:30;14:49:48;-653.0768,-1428.94,-1428.94;True,OffRoad,BODHI2,6,885134,0;;;
Trevor;06:01:31;14:49:48;-653.0251,-1432.012,-1432.012;True,OffRoad,BODHI2,5,037332,0;;;
Trevor;06:01:31;14:49:49;-653.1328,-1434.204,-1434.204;True,OffRoad,BODHI2,3,388868,0;;;
Trevor;06:01:32;14:49:49;-653.1852,-1435.531,-1435.531;True,OffRoad,BODHI2,1,749333,0;;;
Trevor;06:01:32;14:49:50;-653.229,-1436.334,-1436.334;True,OffRoad,BODHI2,2,259557,1;;;
Trevor;06:01:33;14:49:51;-653.3329,-1438.546,-1438.546;True,OffRoad,BODHI2,6,216601,1;;;
Trevor;06:01:33;14:49:51;-653.5834,-1443.204,-1443.204;True,OffRoad,BODHI2,10,9473,0;We don't know what's in the containers. They certainly don't put price tags on 'em.;Floyd;DH1_DOAR
Trevor;06:01:34;14:49:52;-653.9319,-1448.477,-1448.477;True,OffRoad,BODHI2,9,191101,0;;;
Trevor;06:01:34;14:49:52;-654.2189,-1452.875,-1452.875;True,OffRoad,BODHI2,8,682556,1;;;
Trevor;06:01:35;14:49:53;-654.5739,-1458.265,-1458.265;True,OffRoad,BODHI2,10,46861,0;;;
Trevor;06:01:35;14:49:53;-654.9294,-1463.666,-1463.666;True,OffRoad,BODHI2,10,68831,1;;;
Trevor;06:01:36;14:49:54;-655.3218,-1469.833,-1469.833;True,OffRoad,BODHI2,12,94098,1;;;
Trevor;06:01:36;14:49:54;-655.7639,-1477.13,-1477.13;True,OffRoad,BODHI2,15,08084,1;;;
Trevor;06:01:37;14:49:55;-656.2557,-1485.457,-1485.457;True,OffRoad,BODHI2,16,46076,0;;;
Trevor;06:01:37;14:49:55;-657.2978,-1493.296,-1493.296;True,OffRoad,BODHI2,14,32993,0;;;
Trevor;06:01:38;14:49:56;-660.1636,-1500.131,-1500.131;True,OffRoad,BODHI2,14,87561,1;;;
Trevor;06:01:38;14:49:56;-663.9246,-1507.462,-1507.462;True,OffRoad,BODHI2,16,80972,1;Have you noticed anything? Anything different? Anything that might indicate something...;Trevor;DH1_DOAS
Trevor;06:01:39;14:49:57;-666.8696,-1516.31,-1516.31;True,OffRoad,BODHI2,18,97987,1;;;
Trevor;06:01:40;14:49:57;-670.2071,-1526.231,-1526.231;True,OffRoad,BODHI2,20,85962,1;;;
Trevor;06:01:40;14:49:58;-674.886,-1536.426,-1536.426;True,OffRoad,BODHI2,22,00664,1;;;
Trevor;06:01:41;14:49:58;-680.221,-1546.972,-1546.972;True,OffRoad,BODHI2,22,21294,0;;;
Trevor;06:01:41;14:49:59;-684.5928,-1557.034,-1557.034;True,OffRoad,BODHI2,20,33885,1;;;
Trevor;06:01:42;14:49:59;-690.5189,-1565.927,-1565.927;True,OffRoad,BODHI2,21,30654,1;;;
Trevor;06:01:42;14:50:00;-697.2821,-1574.874,-1574.874;True,OffRoad,BODHI2,22,09449,1;;;
Trevor;06:01:43;14:50:01;-703.5425,-1584.532,-1584.532;True,OffRoad,BODHI2,21,60009,0;;;
Trevor;06:01:43;14:50:01;-707.6304,-1594.131,-1594.131;True,OffRoad,BODHI2,18,78064,0;;;
Trevor;06:01:44;14:50:02;-709.186,-1603.041,-1603.041;True,OffRoad,BODHI2,17,00645,0;;;
Trevor;06:01:44;14:50:02;-708.022,-1611.227,-1611.227;True,OffRoad,BODHI2,14,56147,0;Well, there's been all these Merryweather folks hanging around.;Floyd;DH1_DOAT
Trevor;06:01:45;14:50:03;-705.5587,-1618.636,-1618.636;True,OffRoad,BODHI2,15,61733,0;;;
Trevor;06:01:45;14:50:03;-700.9722,-1624.995,-1624.995;True,OffRoad,BODHI2,15,88265,1;;;
Trevor;06:01:46;14:50:04;-695.1793,-1631.577,-1631.577;True,OffRoad,BODHI2,18,16625,1;;;
Trevor;06:01:46;14:50:04;-687.7399,-1638.108,-1638.108;True,OffRoad,BODHI2,18,62807,0;;;
Trevor;06:01:47;14:50:05;-681.0912,-1644.572,-1644.572;True,OffRoad,BODHI2,16,42366,0;;;
Trevor;06:01:47;14:50:05;-675.5336,-1650.193,-1650.193;True,OffRoad,BODHI2,14,45598,0;;;
Trevor;06:01:48;14:50:06;-670.5258,-1655.234,-1655.234;True,OffRoad,BODHI2,12,74972,0;;;
Trevor;06:01:48;14:50:06;-666.3317,-1659.64,-1659.64;True,OffRoad,BODHI2,10,93295,0;;;
Trevor;06:01:49;14:50:07;-662.6272,-1663.572,-1663.572;True,OffRoad,BODHI2,9,989605,1;;;
Trevor;06:01:49;14:50:07;-658.277,-1667.139,-1667.139;True,OffRoad,BODHI2,11,74979,1;Merryweather Security Consulting? Private army to the New World Order?;Trevor;DH1_DOAU
Trevor;06:01:50;14:50:08;-652.6036,-1670.907,-1670.907;True,OffRoad,BODHI2,14,1147,1;;;
Trevor;06:01:50;14:50:08;-646.3329,-1676.031,-1676.031;True,OffRoad,BODHI2,16,79805,1;;;
Trevor;06:01:51;14:50:09;-638.8439,-1683,-1683;True,OffRoad,BODHI2,21,35727,1;;;
Trevor;06:01:52;14:50:09;-630.5561,-1691.077,-1691.077;True,OffRoad,BODHI2,22,04127,0;;;
Trevor;06:01:52;14:50:10;-623.1726,-1699.291,-1699.291;True,OffRoad,BODHI2,20,95977,0;;;
Trevor;06:01:53;14:50:10;-615.1471,-1706.343,-1706.343;True,OffRoad,BODHI2,19,02647,0;;;
Trevor;06:01:53;14:50:11;-607.8587,-1712.236,-1712.236;True,OffRoad,BODHI2,17,32583,0;;;
Trevor;06:01:54;14:50:11;-600.4905,-1718.17,-1718.17;True,OffRoad,BODHI2,19,01162,1;My butt's gone numb.;Wade;DH1_DOAV
Trevor;06:01:54;14:50:12;-591.3403,-1724.164,-1724.164;True,OffRoad,BODHI2,22,22288,1;;;
Trevor;06:01:55;14:50:13;-581.566,-1730.281,-1730.281;True,OffRoad,BODHI2,21,12797,1;The folks waging outsourced shadow wars in twenty countries around the globe,;Trevor;DH1_DOAW
Trevor;06:01:55;14:50:13;-572.118,-1736.616,-1736.616;True,OffRoad,BODHI2,22,36668,1;;;
Trevor;06:01:56;14:50:14;-562.7704,-1743.945,-1743.945;True,OffRoad,BODHI2,23,67386,1;;;
Trevor;06:01:56;14:50:14;-552.7421,-1751.643,-1751.643;True,OffRoad,BODHI2,24,88898,1;;;
Trevor;06:01:57;14:50:15;-541.7881,-1758.249,-1758.249;True,OffRoad,BODHI2,23,64236,0;;;
Trevor;06:01:57;14:50:15;-531.4938,-1764.016,-1764.016;True,OffRoad,BODHI2,21,67759,0;;;
Trevor;06:01:58;14:50:16;-521.3087,-1768.969,-1768.969;True,OffRoad,BODHI2,21,9116,1;;;
Trevor;06:01:58;14:50:16;-509.7957,-1772.195,-1772.195;True,OffRoad,BODHI2,23,24534,1;and recently cleared to operate on US soil?;Trevor;DH1_DOAX
Trevor;06:01:59;14:50:17;-497.7652,-1775.951,-1775.951;True,OffRoad,BODHI2,24,62958,1;;;
Trevor;06:01:59;14:50:17;-485.715,-1779.841,-1779.841;True,OffRoad,BODHI2,22,9717,0;;;
Trevor;06:02:00;14:50:18;-474.5802,-1781.916,-1781.916;True,OffRoad,BODHI2,20,67193,0;;;
Trevor;06:02:00;14:50:18;-464.3816,-1781.616,-1781.616;True,OffRoad,BODHI2,18,55715,0;;;
Trevor;06:02:01;14:50:19;-454.7741,-1779.887,-1779.887;True,OffRoad,BODHI2,19,27692,1;That, umm, sounds like them.;Floyd;DH1_DOAY
Trevor;06:02:01;14:50:19;-444.5949,-1777.147,-1777.147;True,OffRoad,BODHI2,20,37248,0;;;
Trevor;06:02:02;14:50:20;-435.0649,-1773.992,-1773.992;True,OffRoad,BODHI2,18,34054,0;;;
Trevor;06:02:03;14:50:20;-426.2083,-1772.516,-1772.516;True,OffRoad,BODHI2,16,11249,0;;;
Trevor;06:02:03;14:50:21;-418.886,-1774.165,-1774.165;True,OffRoad,BODHI2,13,2013,0;;;
Trevor;06:02:04;14:50:21;-413.7936,-1778.969,-1778.969;True,OffRoad,BODHI2,14,27961,1;;;
Trevor;06:02:04;14:50:22;-410.6443,-1786.266,-1786.266;True,OffRoad,BODHI2,14,85167,0;So, there's a private militia in the port. What are they guarding?;Trevor;DH1_DOAZ
Trevor;06:02:05;14:50:22;-410.2177,-1793.345,-1793.345;True,OffRoad,BODHI2,12,22722,0;;;
Trevor;06:02:05;14:50:23;-410.1472,-1799.042,-1799.042;True,OffRoad,BODHI2,9,306239,0;;;
Trevor;06:02:06;14:50:24;-407.5849,-1802.132,-1802.132;True,OffRoad,BODHI2,6,730966,0;;;
Trevor;06:02:06;14:50:24;-404.6504,-1802.681,-1802.681;True,OffRoad,BODHI2,4,918998,0;;;
Trevor;06:02:07;14:50:25;-402.7978,-1803.093,-1803.093;True,OffRoad,BODHI2,2,647424,0;;;
Trevor;06:02:07;14:50:25;-401.9027,-1803.747,-1803.747;True,OffRoad,BODHI2,2,330005,1;;;
Trevor;06:02:08;14:50:26;-400.6101,-1805.171,-1805.171;True,OffRoad,BODHI2,4,200338,0;This one freighter. I guess now that you mention it, it ain't quite right.;Floyd;DH1_DOBA
Trevor;06:02:08;14:50:26;-400.1614,-1806.178,-1806.178;True,OffRoad,BODHI2,0,3479784,-1;;;
Trevor;06:02:09;14:50:27;-400.3387,-1806.019,-1806.019;True,OffRoad,BODHI2,0,024214,0;;;
Trevor;06:02:09;14:50:27;-400.3366,-1806.023,-1806.023;True,OffRoad,BODHI2,0,0;;;
Trevor;06:02:10;14:50:28;-400.3366,-1806.023,-1806.023;True,OffRoad,BODHI2,0,0;;;
Trevor;06:02:10;14:50:28;-400.3366,-1806.023,-1806.023;True,OffRoad,BODHI2,0,0;;;
Trevor;06:02:11;14:50:29;-400.3366,-1806.023,-1806.023;True,OffRoad,BODHI2,0,0;;;
Trevor;06:02:11;14:50:29;-400.3366,-1806.023,-1806.023;True,OffRoad,BODHI2,0,0;;;
Trevor;06:02:12;14:50:30;-400.3366,-1806.023,-1806.023;True,OffRoad,BODHI2,0,0;;;
Trevor;06:02:12;14:50:30;-400.3366,-1806.023,-1806.023;True,OffRoad,BODHI2,0,0;;;
Trevor;06:02:13;14:50:31;-400.3366,-1806.023,-1806.023;True,OffRoad,BODHI2,0,0;;;
Trevor;06:02:14;14:50:31;-400.3366,-1806.023,-1806.023;True,OffRoad,BODHI2,0,0;;;
Trevor;06:02:14;14:50:32;-400.3366,-1806.023,-1806.023;True,OffRoad,BODHI2,0,0;A freighter. Perfect. Can I get on board?;Trevor;DH1_DOBB
Trevor;06:02:15;14:50:32;-400.3366,-1806.023,-1806.023;True,OffRoad,BODHI2,0,0;;;
Trevor;06:02:15;14:50:33;-400.3366,-1806.023,-1806.023;True,OffRoad,BODHI2,0,0;;;
Trevor;06:02:16;14:50:33;-400.3366,-1806.023,-1806.023;True,OffRoad,BODHI2,0,0;;;
Trevor;06:02:16;14:50:34;-400.3366,-1806.023,-1806.023;True,OffRoad,BODHI2,0,0;;;
Trevor;06:02:17;14:50:35;-400.3366,-1806.023,-1806.023;True,OffRoad,BODHI2,0,0;;;
Trevor;06:02:17;14:50:35;-400.3366,-1806.023,-1806.023;True,OffRoad,BODHI2,0,0;;;
Trevor;06:02:18;14:50:36;-400.3366,-1806.023,-1806.023;True,OffRoad,BODHI2,0,0;No, no. They won't let you anywhere near it. They're kind of assholes about it actually.;Floyd;DH1_DOBC
Trevor;06:02:18;14:50:36;-400.3366,-1806.023,-1806.023;True,OffRoad,BODHI2,0,0;;;
Trevor;06:02:19;14:50:37;-400.3366,-1806.023,-1806.023;True,OffRoad,BODHI2,0,0;;;
Trevor;06:02:19;14:50:37;-400.3366,-1806.023,-1806.023;True,OffRoad,BODHI2,0,0;;;
Trevor;06:02:20;14:50:38;-400.3366,-1806.023,-1806.023;True,OffRoad,BODHI2,0,0;;;
Trevor;06:02:20;14:50:38;-400.3366,-1806.023,-1806.023;True,OffRoad,BODHI2,0,0;;;
Trevor;06:02:21;14:50:39;-400.3365,-1806.023,-1806.023;True,OffRoad,BODHI2,0,005227699,1;;;
Trevor;06:02:21;14:50:39;-400.16,-1806.352,-1806.352;True,OffRoad,BODHI2,1,925162,1;;;
Trevor;06:02:22;14:50:40;-399.3328,-1808.06,-1808.06;True,OffRoad,BODHI2,5,656527,1;;;
Trevor;06:02:22;14:50:40;-397.4763,-1812.006,-1812.006;True,OffRoad,BODHI2,10,52133,1;;;
Trevor;06:02:23;14:50:41;-394.3941,-1816.579,-1816.579;True,OffRoad,BODHI2,9,806194,1;;;
Trevor;06:02:23;14:50:41;-391.4567,-1820.575,-1820.575;True,OffRoad,BODHI2,8,785147,0;The other day my colleague, Ralph...;Floyd;DH1_DOBD
Trevor;06:02:24;14:50:42;-388.0462,-1824.006,-1824.006;True,OffRoad,BODHI2,9,777606,0;;;
Trevor;06:02:24;14:50:42;-383.9171,-1827.506,-1827.506;True,OffRoad,BODHI2,10,06618,0;;;
Trevor;06:02:25;14:50:43;-379.8468,-1829.434,-1829.434;True,OffRoad,BODHI2,8,068459,1;;;
Trevor;06:02:26;14:50:43;-374.9975,-1830.434,-1830.434;True,OffRoad,BODHI2,11,04251,0;I don't give a shit about Ralph. We got to take a look. Is there anything else?;Trevor;DH1_DOBE
Trevor;06:02:26;14:50:44;-369.876,-1830.918,-1830.918;True,OffRoad,BODHI2,8,834828,0;;;
Trevor;06:02:27;14:50:44;-365.7905,-1830.84,-1830.84;True,OffRoad,BODHI2,6,910298,0;;;
Trevor;06:02:27;14:50:45;-361.7489,-1830.733,-1830.733;True,OffRoad,BODHI2,9,454165,1;;;
Trevor;06:02:28;14:50:46;-356.3002,-1830.591,-1830.591;True,OffRoad,BODHI2,9,885219,0;;;
Trevor;06:02:28;14:50:46;-351.1018,-1830.605,-1830.605;True,OffRoad,BODHI2,10,87081,1;;;
Trevor;06:02:29;14:50:47;-344.9431,-1831.353,-1831.353;True,OffRoad,BODHI2,13,09208,1;;;
Trevor;06:02:29;14:50:47;-338.2784,-1832.326,-1832.326;True,OffRoad,BODHI2,11,90832,0;;;
Trevor;06:02:30;14:50:48;-332.6645,-1833.161,-1833.161;True,OffRoad,BODHI2,9,932707,0;;;
Trevor;06:02:30;14:50:48;-328.0181,-1833.861,-1833.861;True,OffRoad,BODHI2,7,976017,0;;;
Trevor;06:02:31;14:50:49;-323.6603,-1834.532,-1834.532;True,OffRoad,BODHI2,10,01904,1;There's another bunch of Merryweather guys out by the navy warehouse. They got boats;Floyd;DH1_DOBF
Trevor;06:02:31;14:50:49;-318.3539,-1835.366,-1835.366;True,OffRoad,BODHI2,9,499658,0;;;
Trevor;06:02:32;14:50:50;-314.0013,-1836.153,-1836.153;True,OffRoad,BODHI2,7,240231,1;;;
Trevor;06:02:32;14:50:50;-309.9984,-1838.026,-1838.026;True,OffRoad,BODHI2,9,965007,1;;;
Trevor;06:02:33;14:50:51;-304.9156,-1839.702,-1839.702;True,OffRoad,BODHI2,9,637004,0;;;
Trevor;06:02:33;14:50:51;-300.5793,-1840.941,-1840.941;True,OffRoad,BODHI2,7,579046,0;;;
Trevor;06:02:34;14:50:52;-296.6148,-1842.107,-1842.107;True,OffRoad,BODHI2,9,444793,1;;;
Trevor;06:02:34;14:50:52;-291.7118,-1843.093,-1843.093;True,OffRoad,BODHI2,8,50518,0;;;
Trevor;06:02:35;14:50:53;-287.8329,-1842.799,-1842.799;True,OffRoad,BODHI2,6,527365,0;;;
Trevor;06:02:35;14:50:53;-284.985,-1842.528,-1842.528;True,OffRoad,BODHI2,4,474621,0;;;
Trevor;06:02:36;14:50:54;-283.0494,-1842.362,-1842.362;True,OffRoad,BODHI2,3,930747,1;;;
Trevor;06:02:37;14:50:54;-281.5504,-1842.245,-1842.245;True,OffRoad,BODHI2,2,141395,1;coming in and out. I heard they was testing something.;Floyd;DH1_DOBG
Trevor;06:02:37;14:50:55;-280.0483,-1842.104,-1842.104;True,OffRoad,BODHI2,4,205288,1;;;
Trevor;06:02:38;14:50:55;-277.1394,-1841.276,-1841.276;True,OffRoad,BODHI2,7,38738,1;;;
Trevor;06:02:38;14:50:56;-272.3913,-1840.611,-1840.611;True,OffRoad,BODHI2,10,97019,0;;;
Trevor;06:02:39;14:50:56;-267.3018,-1839.685,-1839.685;True,OffRoad,BODHI2,9,503854,1;;;
Trevor;06:02:39;14:50:57;-261.9534,-1838.739,-1838.739;True,OffRoad,BODHI2,11,43167,1;;;
Trevor;06:02:40;14:50:57;-255.6238,-1839.113,-1839.113;True,OffRoad,BODHI2,12,42952,1;;;
Trevor;06:02:40;14:50:58;-249.1941,-1842.407,-1842.407;True,OffRoad,BODHI2,15,00472,1;;;
Trevor;06:02:41;14:50:59;-243.7835,-1848.936,-1848.936;True,OffRoad,BODHI2,17,96951,1;Alright. We'll take a look at that as well.;Trevor;DH1_DOBH
Trevor;06:02:41;14:50:59;-238.326,-1857.35,-1857.35;True,OffRoad,BODHI2,20,49664,1;;;
Trevor;06:02:42;14:51:00;-230.028,-1865.085,-1865.085;True,OffRoad,BODHI2,22,39915,0;;;
Trevor;06:02:42;14:51:00;-220.8409,-1871.357,-1871.357;True,OffRoad,BODHI2,20,58219,0;;;
Trevor;06:02:43;14:51:01;-212.2431,-1877.043,-1877.043;True,OffRoad,BODHI2,18,72488,0;;;
Trevor;06:02:43;14:51:01;-204.8287,-1882.489,-1882.489;True,OffRoad,BODHI2,17,01806,0;;;
Trevor;06:02:44;14:51:02;-198.1024,-1887.593,-1887.593;True,OffRoad,BODHI2,15,37337,0;;;
Trevor;06:02:44;14:51:02;-192.7922,-1893.632,-1893.632;True,OffRoad,BODHI2,16,5112,1;;;
Trevor;06:02:45;14:51:03;-187.3868,-1901.132,-1901.132;True,OffRoad,BODHI2,19,0968,1;;;
Trevor;06:02:45;14:51:03;-181.2202,-1909.757,-1909.757;True,OffRoad,BODHI2,21,84018,1;;;
Trevor;06:02:46;14:51:04;-174.6076,-1919.236,-1919.236;True,OffRoad,BODHI2,21,22536,0;;;
Trevor;06:02:46;14:51:04;-168.8484,-1928.712,-1928.712;True,OffRoad,BODHI2,22,35929,1;;;
Trevor;06:02:47;14:51:05;-163.876,-1939.881,-1939.881;True,OffRoad,BODHI2,24,0944,1;;;
Trevor;06:02:47;14:51:05;-159.5543,-1952.256,-1952.256;True,OffRoad,BODHI2,26,18398,1;;;
Trevor;06:02:48;14:51:06;-156.2057,-1966.346,-1966.346;True,OffRoad,BODHI2,28,54627,1;;;
Trevor;06:02:48;14:51:06;-154.94,-1981.486,-1981.486;True,OffRoad,BODHI2,29,27022,1;;;
Trevor;06:02:49;14:51:07;-156.1655,-1996.57,-1996.57;True,OffRoad,BODHI2,28,4082,0;;;
Trevor;06:02:50;14:51:07;-157.243,-2010.73,-2010.73;True,OffRoad,BODHI2,26,08986,0;;;
Trevor;06:02:50;14:51:08;-159.0368,-2023.658,-2023.658;True,OffRoad,BODHI2,22,86732,0;;;
Trevor;06:02:51;14:51:08;-161.1708,-2034.455,-2034.455;True,OffRoad,BODHI2,20,26593,0;;;
Trevor;06:02:51;14:51:09;-163.8034,-2044.043,-2044.043;True,OffRoad,BODHI2,15,59238,0;;;
Trevor;06:02:52;14:51:10;-165.7848,-2049.293,-2049.293;True,OffRoad,BODHI2,5,215163,0;;;
Trevor;06:02:52;14:51:10;-166.6004,-2051.239,-2051.239;True,OffRoad,BODHI2,2,938975,0;;;
Trevor;06:02:53;14:51:11;-166.9184,-2052.08,-2052.08;True,OffRoad,BODHI2,0,5184592,0;;;
Trevor;06:02:53;14:51:11;-166.9179,-2052.098,-2052.098;True,OffRoad,BODHI2,0,0;;;
Trevor;06:02:54;14:51:12;-166.9179,-2052.098,-2052.098;True,OffRoad,BODHI2,0,0;;;
Trevor;06:02:54;14:51:12;-166.9179,-2052.098,-2052.098;True,OffRoad,BODHI2,0,0;;;
Trevor;06:02:55;14:51:13;-166.9179,-2052.098,-2052.098;True,OffRoad,BODHI2,0,0;;;
Trevor;06:02:55;14:51:13;-166.9179,-2052.098,-2052.098;True,OffRoad,BODHI2,0,0;;;
Trevor;06:02:56;14:51:14;-166.9179,-2052.098,-2052.098;True,OffRoad,BODHI2,0,0;;;
Trevor;06:02:56;14:51:14;-166.9179,-2052.098,-2052.098;True,OffRoad,BODHI2,0,0;;;
Trevor;06:02:57;14:51:15;-166.9179,-2052.098,-2052.098;True,OffRoad,BODHI2,0,0;;;
Trevor;06:02:57;14:51:15;-166.9179,-2052.098,-2052.098;True,OffRoad,BODHI2,0,0;;;
Trevor;06:02:58;14:51:16;-166.9179,-2052.098,-2052.098;True,OffRoad,BODHI2,0,0;;;
Trevor;06:02:58;14:51:16;-166.9179,-2052.098,-2052.098;True,OffRoad,BODHI2,0,0;;;
Trevor;06:02:59;14:51:17;-166.9179,-2052.098,-2052.098;True,OffRoad,BODHI2,0,0;;;
Trevor;06:02:59;14:51:17;-166.9179,-2052.098,-2052.098;True,OffRoad,BODHI2,0,0;;;
Trevor;06:03:00;14:51:18;-166.9179,-2052.098,-2052.098;True,OffRoad,BODHI2,0,0;;;
Trevor;06:03:01;14:51:18;-166.9179,-2052.098,-2052.098;True,OffRoad,BODHI2,0,0;;;
Trevor;06:03:01;14:51:19;-166.9949,-2052.214,-2052.214;True,OffRoad,BODHI2,1,087637,1;;;
Trevor;06:03:02;14:51:19;-167.6104,-2053.473,-2053.473;True,OffRoad,BODHI2,4,530587,1;;;
Trevor;06:03:02;14:51:20;-169.0874,-2056.707,-2056.707;True,OffRoad,BODHI2,8,437437,0;;;
Trevor;06:03:03;14:51:20;-169.7937,-2060.235,-2060.235;True,OffRoad,BODHI2,6,435173,1;;;
Trevor;06:03:03;14:51:21;-169.8133,-2063.164,-2063.164;True,OffRoad,BODHI2,4,454924,0;;;
Trevor;06:03:04;14:51:22;-169.6731,-2064.911,-2064.911;True,OffRoad,BODHI2,2,327622,0;;;
Trevor;06:03:04;14:51:22;-169.5103,-2065.491,-2065.491;True,OffRoad,BODHI2,0,2115884,0;;;
Trevor;06:03:05;14:51:23;-169.4983,-2065.528,-2065.528;True,OffRoad,BODHI2,0,6731421,1;;;
Trevor;06:03:05;14:51:23;-169.168,-2066.47,-2066.47;True,OffRoad,BODHI2,3,472669,1;;;
Trevor;06:03:06;14:51:24;-168.7157,-2067.659,-2067.659;True,OffRoad,BODHI2,1,453796,0;;;
Trevor;06:03:06;14:51:24;-168.4768,-2068.279,-2068.279;True,OffRoad,BODHI2,2,048959,1;;;
Trevor;06:03:07;14:51:25;-167.9214,-2070.219,-2070.219;True,OffRoad,BODHI2,5,744094,1;;;
Trevor;06:03:07;14:51:25;-166.7542,-2074.38,-2074.38;True,OffRoad,BODHI2,10,86999,1;;;
Trevor;06:03:08;14:51:26;-164.8784,-2079.476,-2079.476;True,OffRoad,BODHI2,9,677073,0;;;
Trevor;06:03:08;14:51:26;-163.2063,-2083.771,-2083.771;True,OffRoad,BODHI2,8,042027,0;;;
Trevor;06:03:09;14:51:27;-161.8461,-2087.276,-2087.276;True,OffRoad,BODHI2,7,200875,1;;;
Trevor;06:03:09;14:51:27;-159.9704,-2091.3,-2091.3;True,OffRoad,BODHI2,8,450576,0;;;
Trevor;06:03:10;14:51:28;-156.9938,-2093.915,-2093.915;True,OffRoad,BODHI2,8,060229,1;;;
Trevor;06:03:10;14:51:28;-152.2818,-2095.989,-2095.989;True,OffRoad,BODHI2,10,36708,0;;;
Trevor;06:03:11;14:51:29;-147.3645,-2096.877,-2096.877;True,OffRoad,BODHI2,9,718107,1;;;
Trevor;06:03:11;14:51:29;-141.7691,-2096.147,-2096.147;True,OffRoad,BODHI2,12,18785,1;;;
Trevor;06:03:12;14:51:30;-135.0817,-2093.889,-2093.889;True,OffRoad,BODHI2,15,40348,1;;;
Trevor;06:03:13;14:51:30;-126.615,-2091.239,-2091.239;True,OffRoad,BODHI2,18,01936,1;;;
Trevor;06:03:13;14:51:31;-117.0671,-2087.844,-2087.844;True,OffRoad,BODHI2,20,49388,1;;;
Trevor;06:03:14;14:51:31;-106.3895,-2083.851,-2083.851;True,OffRoad,BODHI2,21,53766,0;;;
Trevor;06:03:14;14:51:32;-95.57166,-2080.556,-2080.556;True,OffRoad,BODHI2,22,26882,1;;;
Trevor;06:03:15;14:51:32;-84.21596,-2076.652,-2076.652;True,OffRoad,BODHI2,23,94283,1;;;
Trevor;06:03:15;14:51:33;-71.97073,-2072.185,-2072.185;True,OffRoad,BODHI2,25,71206,1;;;
Trevor;06:03:16;14:51:34;-58.8676,-2067.548,-2067.548;True,OffRoad,BODHI2,27,29601,1;;;
Trevor;06:03:16;14:51:34;-44.84377,-2062.701,-2062.701;True,OffRoad,BODHI2,28,49542,1;;;
Trevor;06:03:17;14:51:35;-30.3273,-2057.787,-2057.787;True,OffRoad,BODHI2,29,99524,1;;;
Trevor;06:03:17;14:51:35;-15.27062,-2052.807,-2052.807;True,OffRoad,BODHI2,31,23831,1;;;
Trevor;06:03:18;14:51:36;-0.2065006,-2049.485,-2049.485;True,OffRoad,BODHI2,28,9039,0;;;
Trevor;06:03:18;14:51:36;14.348,-2048.813,-2048.813;True,OffRoad,BODHI2,26,64641,0;;;
Trevor;06:03:19;14:51:37;27.52058,-2048.644,-2048.644;True,OffRoad,BODHI2,24,49148,0;;;
Trevor;06:03:19;14:51:37;39.64828,-2048.557,-2048.557;True,OffRoad,BODHI2,22,41462,0;;;
Trevor;06:03:20;14:51:38;50.77697,-2048.535,-2048.535;True,OffRoad,BODHI2,20,39629,0;;;
Trevor;06:03:20;14:51:38;60.82908,-2048.569,-2048.569;True,OffRoad,BODHI2,18,44918,0;;;
Trevor;06:03:21;14:51:39;69.98286,-2048.646,-2048.646;True,OffRoad,BODHI2,16,53696,0;;;
Trevor;06:03:21;14:51:39;78.17464,-2048.764,-2048.764;True,OffRoad,BODHI2,14,66705,0;;;
Trevor;06:03:22;14:51:40;85.62817,-2048.921,-2048.921;True,OffRoad,BODHI2,14,58674,1;;;
Trevor;06:03:22;14:51:40;93.69511,-2049.142,-2049.142;True,OffRoad,BODHI2,15,47146,0;;;
Trevor;06:03:23;14:51:41;101.3409,-2049.41,-2049.41;True,OffRoad,BODHI2,14,33979,1;;;
Trevor;06:03:24;14:51:41;109.3834,-2049.759,-2049.759;True,OffRoad,BODHI2,16,13906,0;;;
Trevor;06:03:24;14:51:42;117.6665,-2050.138,-2050.138;True,OffRoad,BODHI2,16,59211,1;;;
Trevor;06:03:25;14:51:42;126.5512,-2050.594,-2050.594;True,OffRoad,BODHI2,16,87606,1;;;
Trevor;06:03:25;14:51:43;135.1333,-2050.828,-2050.828;True,OffRoad,BODHI2,16,03915,1;;;
Trevor;06:03:26;14:51:43;143.9498,-2050.193,-2050.193;True,OffRoad,BODHI2,16,54549,0;;;
Trevor;06:03:26;14:51:44;152.0529,-2050.402,-2050.402;True,OffRoad,BODHI2,14,61699,0;;;
Trevor;06:03:27;14:51:45;159.0279,-2050.652,-2050.652;True,OffRoad,BODHI2,12,64174,0;;;
Trevor;06:03:27;14:51:45;165.0664,-2050.952,-2050.952;True,OffRoad,BODHI2,10,79619,0;;;
Trevor;06:03:28;14:51:46;171.0586,-2050.296,-2050.296;True,OffRoad,BODHI2,12,90482,1;;;
Trevor;06:03:28;14:51:46;178.2511,-2048.768,-2048.768;True,OffRoad,BODHI2,15,47008,1;;;
Trevor;06:03:29;14:51:47;186.884,-2049.396,-2049.396;True,OffRoad,BODHI2,17,76898,1;;;
Trevor;06:03:29;14:51:47;196.0694,-2052.404,-2052.404;True,OffRoad,BODHI2,18,71047,0;;;
Trevor;06:03:30;14:51:48;204.4232,-2056.49,-2056.49;True,OffRoad,BODHI2,17,66227,0;;;
Trevor;06:03:30;14:51:48;211.3974,-2061.58,-2061.58;True,OffRoad,BODHI2,14,93655,0;;;
Trevor;06:03:31;14:51:49;215.8548,-2066.026,-2066.026;True,OffRoad,BODHI2,5,465292,0;;;
Trevor;06:03:31;14:51:49;216.2894,-2066.762,-2066.762;True,OffRoad,BODHI2,0,1098917,0;;;
Trevor;06:03:32;14:51:50;216.5365,-2066.971,-2066.971;True,OffRoad,BODHI2,1,790227,1;;;
Trevor;06:03:32;14:51:50;217.7646,-2068.471,-2068.471;True,OffRoad,BODHI2,5,707755,1;;;
Trevor;06:03:33;14:51:51;220.6093,-2071.725,-2071.725;True,OffRoad,BODHI2,10,71844,1;;;
Trevor;06:03:33;14:51:51;224.5946,-2075.361,-2075.361;True,OffRoad,BODHI2,9,792245,1;;;
Trevor;06:03:34;14:51:52;229.3362,-2078.68,-2078.68;True,OffRoad,BODHI2,12,07949,1;;;
Trevor;06:03:34;14:51:52;234.9163,-2082.607,-2082.607;True,OffRoad,BODHI2,14,27714,1;;;
Trevor;06:03:35;14:51:53;240.8533,-2088.102,-2088.102;True,OffRoad,BODHI2,16,73944,1;;;
Trevor;06:03:36;14:51:53;246.2827,-2095.506,-2095.506;True,OffRoad,BODHI2,17,77138,1;;;
Trevor;06:03:36;14:51:54;251.8745,-2102.407,-2102.407;True,OffRoad,BODHI2,17,25729,1;;;
Trevor;06:03:37;14:51:54;259.563,-2108.185,-2108.185;True,OffRoad,BODHI2,19,34787,1;;;
Trevor;06:03:37;14:51:55;268.5046,-2114.206,-2114.206;True,OffRoad,BODHI2,21,4564,1;;;
Trevor;06:03:38;14:51:55;277.2305,-2121.581,-2121.581;True,OffRoad,BODHI2,22,09032,0;;;
Trevor;06:03:38;14:51:56;285.6074,-2128.893,-2128.893;True,OffRoad,BODHI2,20,27461,0;;;
Trevor;06:03:39;14:51:57;292.9312,-2135.805,-2135.805;True,OffRoad,BODHI2,18,20362,0;;;
Trevor;06:03:39;14:51:57;298.6255,-2143.675,-2143.675;True,OffRoad,BODHI2,18,69646,1;;;
Trevor;06:03:40;14:51:58;304.9518,-2151.074,-2151.074;True,OffRoad,BODHI2,18,05499,0;;;
Trevor;06:03:40;14:51:58;312.0768,-2156.94,-2156.94;True,OffRoad,BODHI2,17,37649,0;;;
Trevor;06:03:41;14:51:59;318.8039,-2162.152,-2162.152;True,OffRoad,BODHI2,15,42074,0;;;
Trevor;06:03:41;14:51:59;324.7335,-2166.948,-2166.948;True,OffRoad,BODHI2,13,77933,0;;;
Trevor;06:03:42;14:52:00;330.6562,-2169.867,-2169.867;True,OffRoad,BODHI2,11,60207,0;;;
Trevor;06:03:42;14:52:00;333.7479,-2171.309,-2171.309;True,OffRoad,BODHI2,1,772494,0;;;
Trevor;06:03:43;14:52:01;333.8421,-2171.357,-2171.357;True,OffRoad,BODHI2,0,02058529,0;;;
Trevor;06:03:43;14:52:01;333.9374,-2171.416,-2171.416;True,OffRoad,BODHI2,0,933982,1;;;
Trevor;06:03:44;14:52:02;335.1155,-2172.108,-2172.108;True,OffRoad,BODHI2,4,382354,1;;;
Trevor;06:03:44;14:52:02;337.454,-2173.463,-2173.463;True,OffRoad,BODHI2,3,341373,0;;;
Trevor;06:03:45;14:52:03;338.3235,-2173.926,-2173.926;True,OffRoad,BODHI2,1,195614,1;;;
Trevor;06:03:45;14:52:03;339.3097,-2174.41,-2174.41;True,OffRoad,BODHI2,3,636124,1;;;
Trevor;06:03:46;14:52:04;341.749,-2176.122,-2176.122;True,OffRoad,BODHI2,7,854735,1;;;
Trevor;06:03:47;14:52:04;345.9192,-2179.214,-2179.214;True,OffRoad,BODHI2,10,38895,0;;;
Trevor;06:03:47;14:52:05;349.4389,-2182.756,-2182.756;True,OffRoad,BODHI2,8,994857,0;;;
Trevor;06:03:48;14:52:05;351.9964,-2186.061,-2186.061;True,OffRoad,BODHI2,7,706951,1;These bridges - they the only way out the port?;Trevor;DH1_DPAA
Trevor;06:03:48;14:52:06;353.5531,-2190.378,-2190.378;True,OffRoad,BODHI2,10,47325,1;;;
Trevor;06:03:49;14:52:06;354.5708,-2195.589,-2195.589;True,OffRoad,BODHI2,9,533361,0;;;
Trevor;06:03:49;14:52:07;354.7307,-2200.077,-2200.077;True,OffRoad,BODHI2,7,581202,0;;;
Trevor;06:03:50;14:52:07;353.2121,-2203.313,-2203.313;True,OffRoad,BODHI2,7,944702,1;;;
Trevor;06:03:50;14:52:08;351.1838,-2207.908,-2207.908;True,OffRoad,BODHI2,10,76304,0;Yup. Once you're off 'em, you're straight on the highway.;Floyd;DH1_DPAB
Trevor;06:03:51;14:52:09;350.842,-2213.278,-2213.278;True,OffRoad,BODHI2,10,38839,0;;;
Trevor;06:03:51;14:52:09;350.2493,-2218.574,-2218.574;True,OffRoad,BODHI2,10,78844,1;;;
Trevor;06:03:52;14:52:10;350.1463,-2224.911,-2224.911;True,OffRoad,BODHI2,13,38855,1;;;
Trevor;06:03:52;14:52:10;349.7149,-2232.83,-2232.83;True,OffRoad,BODHI2,16,18492,1;;;
Trevor;06:03:53;14:52:11;349.9575,-2241.494,-2241.494;True,OffRoad,BODHI2,17,67925,1;;;
Trevor;06:03:53;14:52:11;349.7677,-2251.648,-2251.648;True,OffRoad,BODHI2,20,35448,1;A truck can come here, load up, and get on the blacktop,;Floyd;DH1_DPAC
Trevor;06:03:54;14:52:12;350.1741,-2262.774,-2262.774;True,OffRoad,BODHI2,22,06975,1;;;
Trevor;06:03:54;14:52:12;349.9918,-2274.132,-2274.132;True,OffRoad,BODHI2,21,04813,0;;;
Trevor;06:03:55;14:52:13;349.9732,-2284.524,-2284.524;True,OffRoad,BODHI2,18,9351,0;;;
Trevor;06:03:55;14:52:13;350.7651,-2294.16,-2294.16;True,OffRoad,BODHI2,19,12122,1;;;
Trevor;06:03:56;14:52:14;351.2337,-2304.434,-2304.434;True,OffRoad,BODHI2,20,55574,0;;;
Trevor;06:03:56;14:52:14;351.2357,-2314.645,-2314.645;True,OffRoad,BODHI2,18,58257,0;;;
Trevor;06:03:57;14:52:15;351.0574,-2324.026,-2324.026;True,OffRoad,BODHI2,17,88079,1;;;
Trevor;06:03:57;14:52:15;350.1374,-2334.024,-2334.024;True,OffRoad,BODHI2,20,25728,1;keep on going till he runs out of gas.;Floyd;DH1_DPAG
Trevor;06:03:58;14:52:16;350.2854,-2345.069,-2345.069;True,OffRoad,BODHI2,22,10849,1;;;
Trevor;06:03:59;14:52:16;349.6588,-2356.502,-2356.502;True,OffRoad,BODHI2,21,00676,0;;;
Trevor;06:03:59;14:52:17;348.6402,-2367.45,-2367.45;True,OffRoad,BODHI2,21,68416,1;;;
Trevor;06:04:00;14:52:17;347.8066,-2379.258,-2379.258;True,OffRoad,BODHI2,23,41578,1;;;
Trevor;06:04:00;14:52:18;345.3542,-2391.47,-2391.47;True,OffRoad,BODHI2,24,84368,1;Real poetic. What happens if an alarm's tripped?;Trevor;DH1_DPAD
Trevor;06:04:01;14:52:18;341.6945,-2404.362,-2404.362;True,OffRoad,BODHI2,26,5601,1;;;
Trevor;06:04:01;14:52:19;338.8801,-2418.393,-2418.393;True,OffRoad,BODHI2,28,6199,1;;;
Trevor;06:04:02;14:52:20;335.5316,-2433.257,-2433.257;True,OffRoad,BODHI2,28,28164,0;;;
Trevor;06:04:02;14:52:20;330.9036,-2446.857,-2446.857;True,OffRoad,BODHI2,26,54378,0;;;
Trevor;06:04:03;14:52:21;326.5752,-2459.584,-2459.584;True,OffRoad,BODHI2,24,5813,0;;;
Trevor;06:04:03;14:52:21;324.7522,-2471.642,-2471.642;True,OffRoad,BODHI2,20,9127,0;The National Office of Security Enforcement monitor the whole area.;Floyd;DH1_DPAE
Trevor;06:04:04;14:52:22;324.6845,-2481.398,-2481.398;True,OffRoad,BODHI2,17,93698,0;;;
Trevor;06:04:04;14:52:22;324.9402,-2490.283,-2490.283;True,OffRoad,BODHI2,15,93138,0;;;
Trevor;06:04:05;14:52:23;323.0681,-2498.314,-2498.314;True,OffRoad,BODHI2,15,11336,0;;;
Trevor;06:04:05;14:52:23;319.2747,-2504.376,-2504.376;True,OffRoad,BODHI2,12,1909,0;;;
Trevor;06:04:06;14:52:24;313.5497,-2507.007,-2507.007;True,OffRoad,BODHI2,13,03943,1;;;
Trevor;06:04:06;14:52:24;306.4034,-2509.031,-2509.031;True,OffRoad,BODHI2,15,56972,1;;;
Trevor;06:04:07;14:52:25;298.3678,-2512.043,-2512.043;True,OffRoad,BODHI2,17,61601,1;Something goes off in Port City, every road round here gets shut down.;Floyd;DH1_DPAF
Trevor;06:04:07;14:52:25;289.2311,-2516.247,-2516.247;True,OffRoad,BODHI2,20,5043,1;;;
Trevor;06:04:08;14:52:26;279.6447,-2521.747,-2521.747;True,OffRoad,BODHI2,22,04935,1;;;
Trevor;06:04:08;14:52:26;269.6278,-2527.096,-2527.096;True,OffRoad,BODHI2,20,39946,0;;;
Trevor;06:04:09;14:52:27;260.8716,-2532.031,-2532.031;True,OffRoad,BODHI2,18,37024,0;;;
Trevor;06:04:09;14:52:27;252.577,-2535.676,-2535.676;True,OffRoad,BODHI2,16,55436,1;;;
Trevor;06:04:10;14:52:28;243.6589,-2537.978,-2537.978;True,OffRoad,BODHI2,18,62922,1;;;
Trevor;06:04:11;14:52:28;233.8033,-2540.646,-2540.646;True,OffRoad,BODHI2,19,98598,0;;;
Trevor;06:04:11;14:52:29;224.5318,-2543.736,-2543.736;True,OffRoad,BODHI2,17,8745,0;;;
Trevor;06:04:12;14:52:29;215.7384,-2545.845,-2545.845;True,OffRoad,BODHI2,16,74152,0;No way anybody could come in or out.;Floyd;DH1_DPAH
Trevor;06:04:12;14:52:30;207.6755,-2546.966,-2546.966;True,OffRoad,BODHI2,14,8953,1;;;
Trevor;06:04:13;14:52:31;199.5863,-2548.339,-2548.339;True,OffRoad,BODHI2,16,59105,1;;;
Trevor;06:04:13;14:52:31;190.4735,-2549.282,-2549.282;True,OffRoad,BODHI2,18,69798,1;;;
Trevor;06:04:14;14:52:32;180.2878,-2550.05,-2550.05;True,OffRoad,BODHI2,20,63244,1;;;
Trevor;06:04:14;14:52:32;169.0718,-2550.554,-2550.554;True,OffRoad,BODHI2,22,314,1;;;
Trevor;06:04:15;14:52:33;157.7107,-2550.289,-2550.289;True,OffRoad,BODHI2,20,95471,1;;;
Trevor;06:04:15;14:52:33;146.3257,-2549.942,-2549.942;True,OffRoad,BODHI2,22,41586,1;;;
Trevor;06:04:16;14:52:34;134.1773,-2549.544,-2549.544;True,OffRoad,BODHI2,23,91982,1;;;
Trevor;06:04:16;14:52:34;121.4213,-2549.101,-2549.101;True,OffRoad,BODHI2,24,92873,0;;;
Trevor;06:04:17;14:52:35;108.9022,-2548.692,-2548.692;True,OffRoad,BODHI2,24,10227,0;;;
Trevor;06:04:17;14:52:35;96.66576,-2548.299,-2548.299;True,OffRoad,BODHI2,23,1348,0;;;
Trevor;06:04:18;14:52:36;85.27043,-2547.93,-2547.93;True,OffRoad,BODHI2,21,10205,0;;;
Trevor;06:04:18;14:52:36;74.84676,-2548.387,-2548.387;True,OffRoad,BODHI2,18,87165,0;;;
Trevor;06:04:19;14:52:37;65.48604,-2548.78,-2548.78;True,OffRoad,BODHI2,16,90667,0;;;
Trevor;06:04:19;14:52:37;57.19638,-2548.827,-2548.827;True,OffRoad,BODHI2,15,53812,1;;;
Trevor;06:04:20;14:52:38;48.71566,-2547.817,-2547.817;True,OffRoad,BODHI2,17,85817,1;;;
Trevor;06:04:20;14:52:38;39.43997,-2545.708,-2545.708;True,OffRoad,BODHI2,17,83633,0;;;
Trevor;06:04:21;14:52:39;31.54618,-2542.089,-2542.089;True,OffRoad,BODHI2,15,63146,0;;;
Trevor;06:04:21;14:52:39;25.89478,-2538.408,-2538.408;True,OffRoad,BODHI2,9,271671,0;Go park and get to dispatch.;GATEGUARD;DH1_ABAA
Trevor;06:04:22;14:52:40;23.71864,-2537.049,-2537.049;True,OffRoad,BODHI2,0,05476886,0;;;
Trevor;06:04:23;14:52:40;23.74811,-2537.067,-2537.067;True,OffRoad,BODHI2,0,007970126,0;;;
Trevor;06:04:23;14:52:41;23.74797,-2537.067,-2537.067;True,OffRoad,BODHI2,0,0;;;
Trevor;06:04:24;14:52:41;23.74797,-2537.067,-2537.067;True,OffRoad,BODHI2,0,0;Uh, yep! Will do!;Floyd;DH1_ABAB
Trevor;06:04:24;14:52:42;23.74797,-2537.067,-2537.067;True,OffRoad,BODHI2,0,0;;;
Trevor;06:04:25;14:52:42;23.74797,-2537.067,-2537.067;True,OffRoad,BODHI2,0,0;;;
Trevor;06:04:25;14:52:43;23.74797,-2537.067,-2537.067;True,OffRoad,BODHI2,0,0;;;
Trevor;06:04:26;14:52:44;23.73088,-2537.058,-2537.058;True,OffRoad,BODHI2,0,2758583,1;Go park and get to dispatch.;Trevor;DH1_ABAC
Trevor;06:04:26;14:52:44;23.01101,-2536.609,-2536.609;True,OffRoad,BODHI2,3,142505,1;;;
Trevor;06:04:27;14:52:45;20.76823,-2534.944,-2534.944;True,OffRoad,BODHI2,7,694252,1;;;
Trevor;06:04:27;14:52:45;16.93609,-2531.614,-2531.614;True,OffRoad,BODHI2,10,48261,0;Come on. Shift's about to start.;GATEGUARD;DH1_ABAD
Trevor;06:04:28;14:52:46;13.03756,-2528.3,-2528.3;True,OffRoad,BODHI2,10,18586,1;;;
Trevor;06:04:28;14:52:46;8.116576,-2524.96,-2524.96;True,OffRoad,BODHI2,12,38633,1;;;
Trevor;06:04:29;14:52:47;2.260282,-2520.853,-2520.853;True,OffRoad,BODHI2,14,59837,1;;;
Trevor;06:04:29;14:52:47;-4.031936,-2516.142,-2516.142;True,OffRoad,BODHI2,14,81532,1;;;
Trevor;06:04:30;14:52:48;-10.59989,-2512.249,-2512.249;True,OffRoad,BODHI2,13,81155,0;;;
Trevor;06:04:30;14:52:48;-16.73727,-2509.73,-2509.73;True,OffRoad,BODHI2,11,47765,0;;;
Trevor;06:04:31;14:52:49;-22.07922,-2510.343,-2510.343;True,OffRoad,BODHI2,10,79296,1;;;
Trevor;06:04:31;14:52:49;-27.16788,-2513.74,-2513.74;True,OffRoad,BODHI2,13,03483,1;;;
Trevor;06:04:32;14:52:50;-32.5421,-2518.769,-2518.769;True,OffRoad,BODHI2,14,80015,0;;;
Trevor;06:04:32;14:52:50;-37.2751,-2524.266,-2524.266;True,OffRoad,BODHI2,12,96566,0;;;
Trevor;06:04:33;14:52:51;-41.32962,-2529.109,-2529.109;True,OffRoad,BODHI2,11,17651,0;;;
Trevor;06:04:33;14:52:51;-45.42199,-2532.388,-2532.388;True,OffRoad,BODHI2,8,614823,0;;;
Trevor;06:04:34;14:52:52;-49.18689,-2533.006,-2533.006;True,OffRoad,BODHI2,6,92613,1;;;
Trevor;06:04:35;14:52:52;-53.65256,-2532.842,-2532.842;True,OffRoad,BODHI2,9,160653,0;;;
Trevor;06:04:35;14:52:53;-57.41415,-2531.635,-2531.635;True,OffRoad,BODHI2,5,132196,0;;;
Trevor;06:04:36;14:52:53;-58.87568,-2531.113,-2531.113;True,OffRoad,BODHI2,0,1985048,0;;;
Trevor;06:04:36;14:52:54;-58.83266,-2531.06,-2531.06;True,OffRoad,BODHI2,0,003246837,0;Here comes the supe'. I got to check in.;Floyd;DH1_DTAA
Trevor;06:04:37;14:52:55;-58.83333,-2531.06,-2531.06;True,OffRoad,BODHI2,0,0;;;
Trevor;06:04:37;14:52:55;-58.83331,-2531.061,-2531.061;True,OffRoad,BODHI2,0,00528346,0;;;
Trevor;06:04:38;14:52:56;-58.83398,-2531.061,-2531.061;True,OffRoad,BODHI2,0,0;;;
Trevor;06:04:38;14:52:56;-58.83434,-2531.061,-2531.061;True,OffRoad,BODHI2,0,00310021,0;;;
Trevor;06:04:39;14:52:57;-58.83458,-2531.064,-2531.064;True,OffRoad,BODHI2,0,006655429,0;;;
Trevor;06:04:39;14:52:57;-58.83458,-2531.064,-2531.064;True,OffRoad,BODHI2,0,0;Remember, Floyd. This can go real wrong, real quick.;Trevor;DH1_DTAB
Trevor;06:04:40;14:52:58;-58.8345,-2531.063,-2531.063;True,OffRoad,BODHI2,0,009568512,0;;;
Trevor;06:04:40;14:52:58;-58.83459,-2531.063,-2531.063;True,OffRoad,BODHI2,0,005008353,0;;;
Trevor;06:04:41;14:52:59;-59.158,-2532.664,-2532.664;;;;
Trevor;06:04:41;14:52:59;-58.97866,-2532.862,-2532.862;;;;
Trevor;06:04:42;14:53:00;-58.93038,-2532.894,-2532.894;;;;
Trevor;06:04:42;14:53:00;-58.93036,-2532.894,-2532.894;;;;
Trevor;06:04:43;14:53:01;-59.10489,-2532.845,-2532.845;;;;
Trevor;06:04:43;14:53:01;-59.83926,-2532.794,-2532.794;;;;
Trevor;06:04:44;14:53:02;-60.59452,-2532.317,-2532.317;;;;
Trevor;06:04:45;14:53:02;-61.27512,-2531.794,-2531.794;;;;
Trevor;06:04:45;14:53:03;-61.90479,-2531.201,-2531.201;;;;
Trevor;06:04:46;14:53:03;-62.22297,-2530.364,-2530.364;;;;
Trevor;06:04:46;14:53:04;-62.46703,-2529.441,-2529.441;;;;
Trevor;06:04:47;14:53:04;-62.16359,-2528.638,-2528.638;;;;
Trevor;06:04:47;14:53:05;-61.61986,-2527.889,-2527.889;;;;
Trevor;06:04:48;14:53:05;-61.08997,-2527.079,-2527.079;;;;
Trevor;06:04:48;14:53:06;-60.6561,-2526.212,-2526.212;;We got a waste spillage, and I got a slot on the cleanup crew.;SUPERVISOR1;DH1_BXAD
Trevor;06:04:49;14:53:07;-60.72012,-2525.396,-2525.396;;;;
Trevor;06:04:49;14:53:07;-60.80962,-2525.031,-2525.031;;;;
Trevor;06:04:50;14:53:08;-60.83503,-2524.957,-2524.957;;;;
Trevor;06:04:50;14:53:08;-60.83529,-2524.957,-2524.957;;;;
Trevor;06:04:51;14:53:09;-60.83529,-2524.957,-2524.957;;;;
Trevor;06:04:51;14:53:09;-60.76982,-2524.92,-2524.92;;;;
Trevor;06:04:52;14:53:10;-60.55096,-2524.429,-2524.429;;;;
Trevor;06:04:52;14:53:10;-60.55742,-2524.219,-2524.219;;There is nothing that Wade here ain't gonna do for a warm meal.;Trevor;DH1_BXAE
Trevor;06:04:53;14:53:11;-60.55882,-2524.217,-2524.217;;;;
Trevor;06:04:53;14:53:11;-60.55882,-2524.217,-2524.217;;;;
Trevor;06:04:54;14:53:12;-60.55882,-2524.217,-2524.217;;;;
Trevor;06:04:54;14:53:12;-60.55882,-2524.217,-2524.217;;;;
Trevor;06:04:55;14:53:13;-60.55882,-2524.217,-2524.217;;;;
Trevor;06:04:55;14:53:13;-60.55882,-2524.217,-2524.217;;;;
Trevor;06:04:56;14:53:14;-60.55882,-2524.217,-2524.217;;Hope you got a strong stomach, son. Get in there!;SUPERVISOR1;DH1_BXAG
Trevor;06:04:57;14:53:14;-60.55882,-2524.217,-2524.217;;;;
Trevor;06:04:57;14:53:15;-60.55882,-2524.217,-2524.217;;;;
Trevor;06:04:58;14:53:15;-60.50748,-2524.293,-2524.293;;;;
Trevor;06:04:58;14:53:16;-60.53018,-2524.302,-2524.302;;;;
Trevor;06:04:59;14:53:16;-60.59702,-2524.334,-2524.334;;;;
Trevor;06:04:59;14:53:17;-60.59637,-2524.326,-2524.326;;;;
Trevor;06:05:00;14:53:18;-60.57584,-2524.296,-2524.296;;;;
Trevor;06:05:00;14:53:18;-60.56403,-2524.286,-2524.286;;;;
Trevor;06:05:01;14:53:19;-60.87915,-2524.438,-2524.438;;;;
Trevor;06:05:01;14:53:19;-61.54129,-2524.633,-2524.633;;;;
Trevor;06:05:02;14:53:20;-62.15899,-2524.15,-2524.15;;;;
Trevor;06:05:02;14:53:20;-62.87342,-2523.768,-2523.768;;;;
Trevor;06:05:03;14:53:21;-63.73716,-2523.768,-2523.768;;;;
Trevor;06:05:03;14:53:21;-64.52943,-2523.516,-2523.516;;;;
Trevor;06:05:04;14:53:22;-65.29375,-2523.072,-2523.072;;;;
Trevor;06:05:04;14:53:22;-66.07436,-2522.609,-2522.609;;;;
Trevor;06:05:05;14:53:23;-66.85191,-2522.147,-2522.147;;You gonna take me to see this freighter?;Trevor;DH1_ASAA
Trevor;06:05:05;14:53:23;-67.63863,-2521.681,-2521.681;;;;
Trevor;06:05:06;14:53:24;-68.42152,-2521.216,-2521.216;;;;
Trevor;06:05:06;14:53:24;-69.19701,-2520.755,-2520.755;;Yeah, it's over here.;Floyd;DH1_ASAB
Trevor;06:05:07;14:53:25;-69.97521,-2520.293,-2520.293;;;;
Trevor;06:05:07;14:53:25;-70.66369,-2519.758,-2519.758;;;;
Trevor;06:05:08;14:53:26;-71.38657,-2519.265,-2519.265;;;;
Trevor;06:05:09;14:53:26;-72.12266,-2518.761,-2518.761;;;;
Trevor;06:05:09;14:53:27;-72.76459,-2518.191,-2518.191;;;;
Trevor;06:05:10;14:53:27;-73.48969,-2517.686,-2517.686;;You ever get helicopters coming in and out of here? You know those big sky crane things that can pick up a whole container?;Trevor;DH1_AEAA
Trevor;06:05:10;14:53:28;-74.19361,-2517.137,-2517.137;;;;
Trevor;06:05:11;14:53:28;-74.78836,-2516.536,-2516.536;;;;
Trevor;06:05:11;14:53:29;-75.07176,-2515.772,-2515.772;;;;
Trevor;06:05:12;14:53:30;-75.35574,-2514.988,-2514.988;;;;
Trevor;06:05:12;14:53:30;-75.82938,-2514.281,-2514.281;;;;
Trevor;06:05:13;14:53:31;-76.33129,-2513.581,-2513.581;;;;
Trevor;06:05:13;14:53:31;-76.76963,-2512.866,-2512.866;;;;
Trevor;06:05:14;14:53:32;-77.31651,-2512.167,-2512.167;;;;
Trevor;06:05:14;14:53:32;-77.89645,-2511.459,-2511.459;;;;
Trevor;06:05:15;14:53:33;-78.47778,-2510.749,-2510.749;;;;
Trevor;06:05:15;14:53:33;-79.05399,-2510.044,-2510.044;;Now, this is restricted airspace. They won't let anything out of here without clearance.;Floyd;DH1_AEAB
Trevor;06:05:16;14:53:34;-79.63317,-2509.338,-2509.338;;;;
Trevor;06:05:16;14:53:34;-80.22906,-2508.61,-2508.61;;;;
Trevor;06:05:17;14:53:35;-80.80839,-2507.902,-2507.902;;;;
Trevor;06:05:17;14:53:35;-81.322,-2507.276,-2507.276;;;;
Trevor;06:05:18;14:53:36;-81.55469,-2506.992,-2506.992;;;;
Trevor;06:05:18;14:53:36;-81.69216,-2506.824,-2506.824;;;;
Trevor;06:05:19;14:53:37;-82.17526,-2506.239,-2506.239;;;;
Trevor;06:05:20;14:53:37;-82.58092,-2505.745,-2505.745;;;;
Trevor;06:05:20;14:53:38;-82.83063,-2505.441,-2505.441;;Shoot it down if they have to.;Floyd;DH1_AEAC
Trevor;06:05:21;14:53:38;-83.37656,-2504.892,-2504.892;;;;
Trevor;06:05:21;14:53:39;-84.11477,-2504.482,-2504.482;;;;
Trevor;06:05:22;14:53:39;-84.77911,-2503.988,-2503.988;;;;
Trevor;06:05:22;14:53:40;-85.50959,-2503.516,-2503.516;;;;
Trevor;06:05:23;14:53:41;-86.21127,-2503.049,-2503.049;;So, how's a man in a hurry supposed to get in and out of this place?;Trevor;DH1_ATAA
Trevor;06:05:23;14:53:41;-86.9133,-2502.592,-2502.592;;;;
Trevor;06:05:24;14:53:42;-87.60596,-2502.016,-2502.016;;;;
Trevor;06:05:24;14:53:42;-88.29904,-2501.427,-2501.427;;;;
Trevor;06:05:25;14:53:43;-89.04668,-2500.995,-2500.995;;;;
Trevor;06:05:25;14:53:43;-89.89201,-2501.044,-2501.044;;;;
Trevor;06:05:26;14:53:44;-90.67139,-2500.888,-2500.888;;Well, we got a port that's dredged to fifty feet.;Floyd;DH1_ATAB
Trevor;06:05:26;14:53:44;-91.38013,-2500.421,-2500.421;;;;
Trevor;06:05:27;14:53:45;-92.10599,-2499.945,-2499.945;;;;
Trevor;06:05:27;14:53:45;-92.79082,-2499.452,-2499.452;;;;
Trevor;06:05:28;14:53:46;-93.57289,-2499.021,-2499.021;;;;
Trevor;06:05:28;14:53:46;-94.2508,-2498.494,-2498.494;;What's the coast guard response like?;Trevor;DH1_ATAC
Trevor;06:05:29;14:53:47;-94.96059,-2498.018,-2498.018;;;;
Trevor;06:05:29;14:53:47;-95.66898,-2497.522,-2497.522;;;;
Trevor;06:05:30;14:53:48;-96.4202,-2497.052,-2497.052;;;;
Trevor;06:05:31;14:53:48;-97.10044,-2496.532,-2496.532;;Well, they got cutters, forty five foot response vessels, air support... you're not gonna move much faster than them.;Floyd;DH1_ATAD
Trevor;06:05:31;14:53:49;-97.85424,-2496.07,-2496.07;;;;
Trevor;06:05:32;14:53:49;-98.57338,-2495.546,-2495.546;;;;
Trevor;06:05:32;14:53:50;-99.24062,-2495.015,-2495.015;;;;
Trevor;06:05:33;14:53:50;-99.98138,-2494.513,-2494.513;;;;
Trevor;06:05:33;14:53:51;-100.6297,-2493.961,-2493.961;;;;
Trevor;06:05:34;14:53:52;-101.3667,-2493.464,-2493.464;;;;
Trevor;06:05:34;14:53:52;-102.1272,-2492.971,-2492.971;;;;
Trevor;06:05:35;14:53:53;-102.87,-2492.438,-2492.438;;;;
Trevor;06:05:35;14:53:53;-103.5096,-2491.888,-2491.888;;;;
Trevor;06:05:36;14:53:54;-104.1425,-2491.316,-2491.316;;;;
Trevor;06:05:36;14:53:54;-104.8218,-2490.782,-2490.782;;'Specially if you're carrying something.;Floyd;DH1_ATAE
Trevor;06:05:37;14:53:55;-105.5623,-2490.266,-2490.266;;;;
Trevor;06:05:37;14:53:55;-106.3048,-2489.75,-2489.75;;;;
Trevor;06:05:38;14:53:56;-106.9986,-2489.214,-2489.214;;Maybe I'll have to saddle you up and ride you across the Miriam Turner Overpass.;Trevor;DH1_ATAF
Trevor;06:05:38;14:53:56;-107.652,-2488.641,-2488.641;;;;
Trevor;06:05:39;14:53:57;-108.2369,-2488.037,-2488.037;;;;
Trevor;06:05:39;14:53:57;-108.7494,-2487.393,-2487.393;;;;
Trevor;06:05:40;14:53:58;-108.9038,-2486.573,-2486.573;;;;
Trevor;06:05:40;14:53:58;-108.6393,-2485.795,-2485.795;;;;
Trevor;06:05:41;14:53:59;-108.2537,-2485.02,-2485.02;;;;
Trevor;06:05:41;14:53:59;-107.8117,-2484.231,-2484.231;;;;
Trevor;06:05:42;14:54:00;-107.3105,-2483.473,-2483.473;;I just said they had the water surface real covered.;Floyd;DH1_ATAG
Trevor;06:05:43;14:54:00;-106.7926,-2482.735,-2482.735;;;;
Trevor;06:05:43;14:54:01;-106.273,-2481.993,-2481.993;;;;
Trevor;06:05:44;14:54:01;-105.763,-2481.234,-2481.234;;;;
Trevor;06:05:44;14:54:02;-105.2778,-2480.475,-2480.475;;;;
Trevor;06:05:45;14:54:02;-104.8134,-2479.693,-2479.693;;;;
Trevor;06:05:45;14:54:03;-104.3493,-2478.909,-2478.909;;;;
Trevor;06:05:46;14:54:04;-103.8783,-2478.126,-2478.126;;Okay.;Trevor;DH1_ATAH
Trevor;06:05:46;14:54:04;-103.3847,-2477.35,-2477.35;;;;
Trevor;06:05:47;14:54:05;-102.8973,-2476.584,-2476.584;;;;
Trevor;06:05:47;14:54:05;-102.3519,-2475.913,-2475.913;;That is the freighter I told you about.;Floyd;DH1_AFAA
Trevor;06:05:48;14:54:06;-101.8665,-2475.213,-2475.213;;;;
Trevor;06:05:48;14:54:06;-101.3939,-2474.498,-2474.498;;;;
Trevor;06:05:49;14:54:07;-100.9807,-2473.748,-2473.748;;;;
Trevor;06:05:49;14:54:07;-100.8357,-2472.919,-2472.919;;What do you think they got on it?;Trevor;DH1_AFAB
Trevor;06:05:50;14:54:08;-101.1368,-2472.16,-2472.16;;;;
Trevor;06:05:50;14:54:08;-101.6653,-2471.517,-2471.517;;;;
Trevor;06:05:51;14:54:09;-101.9132,-2470.713,-2470.713;;We just stevedore them, we ain't meant to know what's in the containers.;Floyd;DH1_AFAC
Trevor;06:05:51;14:54:09;-102.3945,-2470.029,-2470.029;;;;
Trevor;06:05:52;14:54:10;-102.7494,-2469.264,-2469.264;;;;
Trevor;06:05:52;14:54:10;-103.0921,-2468.492,-2468.492;;;;
Trevor;06:05:53;14:54:11;-103.451,-2467.68,-2467.68;;;;
Trevor;06:05:53;14:54:11;-103.8441,-2466.878,-2466.878;;But?;Trevor;DH1_AFAD
Trevor;06:05:54;14:54:12;-104.3466,-2466.173,-2466.173;;;;
Trevor;06:05:55;14:54:12;-104.8964,-2465.458,-2465.458;;But these are marked military. Government.;Floyd;DH1_AFAE
Trevor;06:05:55;14:54:13;-105.4529,-2464.734,-2464.734;;;;
Trevor;06:05:56;14:54:13;-106.0089,-2464.014,-2464.014;;;;
Trevor;06:05:56;14:54:14;-106.7073,-2463.556,-2463.556;;;;
Trevor;06:05:57;14:54:14;-107.5689,-2463.469,-2463.469;;;;
Trevor;06:05:57;14:54:15;-108.2693,-2463.05,-2463.05;;;;
Trevor;06:05:58;14:54:16;-108.97,-2462.545,-2462.545;;;;
Trevor;06:05:58;14:54:16;-109.6956,-2462.125,-2462.125;;;;
Trevor;06:05:59;14:54:17;-110.4088,-2461.602,-2461.602;;Anything weird about that?;Trevor;DH1_AFAF
Trevor;06:05:59;14:54:17;-111.1487,-2461.158,-2461.158;;;;
Trevor;06:06:00;14:54:18;-111.8839,-2460.727,-2460.727;;;;
Trevor;06:06:00;14:54:18;-112.6945,-2460.498,-2460.498;;The government stuff is hot freight. Pulls up, goes right through.;Floyd;DH1_AFAG
Trevor;06:06:01;14:54:19;-113.4398,-2460.088,-2460.088;;;;
Trevor;06:06:01;14:54:19;-114.206,-2459.619,-2459.619;;;;
Trevor;06:06:02;14:54:20;-114.9734,-2459.147,-2459.147;;;;
Trevor;06:06:02;14:54:20;-115.7475,-2458.67,-2458.67;;;;
Trevor;06:06:03;14:54:21;-116.5263,-2458.191,-2458.191;;;;
Trevor;06:06:03;14:54:21;-117.3003,-2457.714,-2457.714;;;;
Trevor;06:06:04;14:54:22;-118.0789,-2457.241,-2457.241;;;;
Trevor;06:06:04;14:54:22;-118.8605,-2456.881,-2456.881;;This stuff's... just been sitting here.;Floyd;DH1_AFAI
Trevor;06:06:05;14:54:23;-119.611,-2456.461,-2456.461;;;;
Trevor;06:06:05;14:54:23;-120.3873,-2455.996,-2455.996;;;;
Trevor;06:06:06;14:54:24;-121.1716,-2455.524,-2455.524;;;;
Trevor;06:06:07;14:54:24;-121.9436,-2455.06,-2455.06;;;;
Trevor;06:06:07;14:54:25;-122.7286,-2454.59,-2454.59;;You are beginning to arouse my... curiosity.;Trevor;DH1_AFAH
Trevor;06:06:08;14:54:25;-123.5032,-2454.125,-2454.125;;;;
Trevor;06:06:08;14:54:26;-124.2752,-2453.66,-2453.66;;;;
Trevor;06:06:09;14:54:26;-124.954,-2453.116,-2453.116;;;;
Trevor;06:06:09;14:54:27;-125.6462,-2452.585,-2452.585;;;;
Trevor;06:06:10;14:54:28;-126.2311,-2451.973,-2451.973;;;;
Trevor;06:06:10;14:54:28;-126.646,-2451.263,-2451.263;;;;
Trevor;06:06:11;14:54:29;-126.9846,-2450.486,-2450.486;;;;
Trevor;06:06:11;14:54:29;-127.3634,-2449.734,-2449.734;;;;
Trevor;06:06:12;14:54:30;-127.4475,-2448.919,-2448.919;;;;
Trevor;06:06:12;14:54:30;-127.4362,-2448.07,-2448.07;;;;
Trevor;06:06:13;14:54:31;-127.4446,-2447.231,-2447.231;;Merryweather guys at two o'clock. They're giving Forrest a hard time, alright.;Floyd;DH1_DUAA
Trevor;06:06:13;14:54:31;-127.3445,-2446.395,-2446.395;;;;
Trevor;06:06:14;14:54:32;-127.0029,-2445.636,-2445.636;;;;
Trevor;06:06:14;14:54:32;-126.59,-2444.921,-2444.921;;;;
Trevor;06:06:15;14:54:33;-126.4968,-2444.063,-2444.063;;;;
Trevor;06:06:15;14:54:33;-126.4854,-2443.168,-2443.168;;;;
Trevor;06:06:16;14:54:34;-126.4745,-2442.263,-2442.263;;;;
Trevor;06:06:16;14:54:34;-126.4421,-2441.348,-2441.348;;;;
Trevor;06:06:17;14:54:35;-126.0452,-2440.633,-2440.633;;;;
Trevor;06:06:17;14:54:35;-125.5921,-2439.93,-2439.93;;;;
Trevor;06:06:18;14:54:36;-125.3269,-2439.108,-2439.108;;;;
Trevor;06:06:18;14:54:36;-125.2369,-2438.251,-2438.251;;;;
Trevor;06:06:19;14:54:37;-125.1422,-2437.415,-2437.415;;;;
Trevor;06:06:20;14:54:37;-125.1009,-2436.558,-2436.558;;;;
Trevor;06:06:20;14:54:38;-125.2273,-2435.731,-2435.731;;;;
Trevor;06:06:21;14:54:38;-125.1426,-2434.87,-2434.87;;;;
Trevor;06:06:21;14:54:39;-125.0333,-2433.97,-2433.97;;;;
Trevor;06:06:22;14:54:39;-124.9239,-2433.069,-2433.069;;;;
Trevor;06:06:22;14:54:40;-124.8116,-2432.146,-2432.146;;You. You. We need two guys on the handler.;SUPERVISOR2;DH1_AVAA
Trevor;06:06:23;14:54:41;-124.6969,-2431.203,-2431.203;;;;
Trevor;06:06:23;14:54:41;-124.5806,-2430.247,-2430.247;;;;
Trevor;06:06:24;14:54:42;-124.4648,-2429.295,-2429.295;;;;
Trevor;06:06:24;14:54:42;-124.3481,-2428.337,-2428.337;;;;
Trevor;06:06:25;14:54:43;-124.2314,-2427.377,-2427.377;;;;
Trevor;06:06:25;14:54:43;-124.1143,-2426.414,-2426.414;;;;
Trevor;06:06:26;14:54:44;-124.0388,-2425.465,-2425.465;;Couple of containers in bay B got to be brought up to F.;SUPERVISOR2;DH1_AVAB
Trevor;06:06:26;14:54:44;-124.4006,-2424.662,-2424.662;;;;
Trevor;06:06:27;14:54:45;-124.5578,-2423.786,-2423.786;;;;
Trevor;06:06:27;14:54:45;-125.024,-2423.036,-2423.036;;;;
Trevor;06:06:28;14:54:46;-125.3509,-2422.204,-2422.204;;;;
Trevor;06:06:28;14:54:46;-125.8646,-2421.475,-2421.475;;;;
Trevor;06:06:29;14:54:47;-126.1979,-2420.673,-2420.673;;That ain't a question. Get on it. Now!;SUPERVISOR2;DH1_AVAC
Trevor;06:06:29;14:54:47;-126.1959,-2419.757,-2419.757;;;;
Trevor;06:06:30;14:54:48;-126.2435,-2418.802,-2418.802;;;;
Trevor;06:06:30;14:54:48;-126.6448,-2418.056,-2418.056;;;;
Trevor;06:06:31;14:54:49;-126.8352,-2417.648,-2417.648;;;;
Trevor;06:06:32;14:54:49;-126.5628,-2417.237,-2417.237;;;;
Trevor;06:06:32;14:54:50;-126.2406,-2416.627,-2416.627;;;;
Trevor;06:06:33;14:54:50;-126.2622,-2417.018,-2417.018;;;;
Trevor;06:06:33;14:54:51;-126.5854,-2417.179,-2417.179;;;;
Trevor;06:06:34;14:54:51;-127.2848,-2417.423,-2417.423;;;;
Trevor;06:06:34;14:54:52;-127.4683,-2417.478,-2417.478;;;;
Trevor;06:06:35;14:54:53;-127.4748,-2417.457,-2417.457;;;;
Trevor;06:06:35;14:54:53;-127.5834,-2417.441,-2417.441;;;;
Trevor;06:06:36;14:54:54;-127.3153,-2417.374,-2417.374;;;;
Trevor;06:06:36;14:54:54;-127.1325,-2417.327,-2417.327;;;;
Trevor;06:06:37;14:54:55;-127.2704,-2417.332,-2417.332;;;;
Trevor;06:06:37;14:54:55;-127.6472,-2417.351,-2417.351;;;;
Trevor;06:06:38;14:54:56;-127.8792,-2417.364,-2417.364;;;;
Trevor;06:06:38;14:54:56;-127.9015,-2417.365,-2417.365;;;;
Trevor;06:06:39;14:54:57;-127.9015,-2417.365,-2417.365;;;;
Trevor;06:06:39;14:54:57;-127.9015,-2417.365,-2417.365;;Get up, we got to do this.;DH1_FIAA;DH1_FIAA
Trevor;06:06:40;14:54:58;-127.9016,-2417.363,-2417.363;;;;
Trevor;06:06:40;14:54:58;-127.9013,-2417.362,-2417.362;;;;
Trevor;06:06:41;14:54:59;-127.9013,-2417.36,-2417.36;;;;
Trevor;06:06:41;14:54:59;-128.6899,-2417.341,-2417.341;;;;
Trevor;06:06:42;14:55:00;-129.8459,-2417.324,-2417.324;;;;
Trevor;06:06:43;14:55:00;-129.77,-2418.277,-2418.277;True,Industrial,HANDLER,0,0;;;
Trevor;06:06:43;14:55:01;-129.7697,-2418.277,-2418.277;True,Industrial,HANDLER,0,02453954,0;How about I run that prick over in this thing?;Trevor;DH1_DWAA
Trevor;06:06:44;14:55:01;-129.7701,-2418.277,-2418.277;True,Industrial,HANDLER,0,0;;;
Trevor;06:06:44;14:55:02;-129.7701,-2418.277,-2418.277;True,Industrial,HANDLER,0,0;;;
Trevor;06:06:45;14:55:02;-129.7701,-2418.277,-2418.277;True,Industrial,HANDLER,0,003990135,1;;;
Trevor;06:06:45;14:55:03;-129.7672,-2418.362,-2418.362;True,Industrial,HANDLER,0,4365097,1;;;
Trevor;06:06:46;14:55:03;-129.8252,-2418.726,-2418.726;True,Industrial,HANDLER,0,9587957,1;I thought you wanted to 'scope' the place. We don't get the containers,;Floyd;DH1_DWAB
Trevor;06:06:46;14:55:04;-129.9776,-2419.319,-2419.319;True,Industrial,HANDLER,1,38152,1;;;
Trevor;06:06:47;14:55:05;-130.1546,-2420.125,-2420.125;True,Industrial,HANDLER,1,880163,1;;;
Trevor;06:06:47;14:55:05;-130.1319,-2421.249,-2421.249;True,Industrial,HANDLER,2,413122,1;;;
Trevor;06:06:48;14:55:06;-130.0168,-2422.622,-2422.622;True,Industrial,HANDLER,2,967943,1;;;
Trevor;06:06:48;14:55:06;-129.6993,-2424.238,-2424.238;True,Industrial,HANDLER,3,429763,1;;;
Trevor;06:06:49;14:55:07;-129.0731,-2426.037,-2426.037;True,Industrial,HANDLER,3,935029,1;;;
Trevor;06:06:49;14:55:07;-128.1,-2428.002,-2428.002;True,Industrial,HANDLER,4,363524,1;;;
Trevor;06:06:50;14:55:08;-126.8089,-2429.967,-2429.967;True,Industrial,HANDLER,4,837529,1;they're gonna check your card.;Floyd;DH1_DWAC
Trevor;06:06:50;14:55:08;-124.637,-2431.542,-2431.542;True,Industrial,HANDLER,5,427883,1;;;
Trevor;06:06:51;14:55:09;-122.0546,-2432.969,-2432.969;True,Industrial,HANDLER,5,906702,1;;;
Trevor;06:06:51;14:55:09;-119.0705,-2434.213,-2434.213;True,Industrial,HANDLER,6,507487,1;;;
Trevor;06:06:52;14:55:10;-115.6835,-2435.101,-2435.101;True,Industrial,HANDLER,7,02923,1;;;
Trevor;06:06:52;14:55:10;-111.9939,-2435.761,-2435.761;True,Industrial,HANDLER,7,500222,1;I'm getting nervous.;Floyd;DH1_EKAA
Trevor;06:06:53;14:55:11;-108.0376,-2436.591,-2436.591;True,Industrial,HANDLER,8,023876,1;;;
Trevor;06:06:53;14:55:11;-103.8447,-2437.625,-2437.625;True,Industrial,HANDLER,8,526262,1;;;
Trevor;06:06:54;14:55:12;-99.34879,-2438.653,-2438.653;True,Industrial,HANDLER,9,129066,1;You're always nervous. Relax.;Trevor;DH1_EKAB
Trevor;06:06:54;14:55:12;-94.66979,-2440.056,-2440.056;True,Industrial,HANDLER,9,541017,1;;;
Trevor;06:06:55;14:55:13;-89.77183,-2441.804,-2441.804;True,Industrial,HANDLER,10,40607,1;;;
Trevor;06:06:56;14:55:13;-84.82539,-2444.264,-2444.264;True,Industrial,HANDLER,10,7818,1;;;
Trevor;06:06:56;14:55:14;-79.90582,-2447.013,-2447.013;True,Industrial,HANDLER,11,03552,1;Not always, sir. Just around you. And it's just...;Floyd;DH1_EKAC
Trevor;06:06:57;14:55:14;-74.93199,-2449.926,-2449.926;True,Industrial,HANDLER,11,22977,1;;;
Trevor;06:06:57;14:55:15;-69.8886,-2452.946,-2452.946;True,Industrial,HANDLER,11,52349,1;;;
Trevor;06:06:58;14:55:15;-64.77659,-2456.18,-2456.18;True,Industrial,HANDLER,11,91102,1;;;
Trevor;06:06:58;14:55:16;-59.28077,-2459.323,-2459.323;True,Industrial,HANDLER,12,1621,1;;;
Trevor;06:06:59;14:55:16;-53.7496,-2461.789,-2461.789;True,Industrial,HANDLER,10,67117,0;;;
Trevor;06:06:59;14:55:17;-48.87525,-2462.695,-2462.695;True,Industrial,HANDLER,8,975927,1;;;
Trevor;06:07:00;14:55:18;-44.24846,-2461.671,-2461.671;True,Industrial,HANDLER,9,196794,1;;;
Trevor;06:07:00;14:55:18;-40.50765,-2459.002,-2459.002;True,Industrial,HANDLER,7,873589,0;;;
Trevor;06:07:01;14:55:19;-37.87774,-2456.578,-2456.578;True,Industrial,HANDLER,5,909069,0;cousin Wade's on his own. He better hold it together. Stick to the story.;Floyd;DH1_EKAD
Trevor;06:07:01;14:55:19;-35.42082,-2454.833,-2454.833;True,Industrial,HANDLER,5,993782,1;;;
Trevor;06:07:02;14:55:20;-32.45803,-2453.796,-2453.796;True,Industrial,HANDLER,6,371955,1;;;
Trevor;06:07:02;14:55:20;-29.06087,-2454.272,-2454.272;True,Industrial,HANDLER,6,921819,1;;;
Trevor;06:07:03;14:55:21;-25.47215,-2455.748,-2455.748;True,Industrial,HANDLER,7,721006,1;;;
Trevor;06:07:03;14:55:21;-21.70713,-2457.547,-2457.547;True,Industrial,HANDLER,8,282933,1;;;
Trevor;06:07:04;14:55:22;-17.95053,-2459.95,-2459.95;True,Industrial,HANDLER,8,850129,1;;;
Trevor;06:07:04;14:55:22;-14.08582,-2462.778,-2462.778;True,Industrial,HANDLER,9,285716,1;;;
Trevor;06:07:05;14:55:23;-10.10471,-2465.85,-2465.85;True,Industrial,HANDLER,10,09674,1;;;
Trevor;06:07:05;14:55:23;-5.807544,-2469.2,-2469.2;True,Industrial,HANDLER,10,66718,1;;;
Trevor;06:07:06;14:55:24;-1.333801,-2472.719,-2472.719;True,Industrial,HANDLER,11,12453,1;He'll be fine. Boy's on a waste clearance crew.;Trevor;DH1_EKAE
Trevor;06:07:06;14:55:24;3.2403,-2476.337,-2476.337;True,Industrial,HANDLER,11,2352,0;;;
Trevor;06:07:07;14:55:25;7.411838,-2479.722,-2479.722;True,Industrial,HANDLER,9,269943,0;;;
Trevor;06:07:08;14:55:25;11.16324,-2482.68,-2482.68;True,Industrial,HANDLER,9,151116,1;;;
Trevor;06:07:08;14:55:26;14.9897,-2485.615,-2485.615;True,Industrial,HANDLER,9,605201,1;;;
Trevor;06:07:09;14:55:26;19.72829,-2487.697,-2487.697;True,Industrial,HANDLER,10,1644,1;;;
Trevor;06:07:09;14:55:27;23.92593,-2489.933,-2489.933;True,Industrial,HANDLER,8,192314,0;He's never happier than when he's neck deep in shit.;Trevor;DH1_EKAF
Trevor;06:07:10;14:55:27;27.10512,-2491.913,-2491.913;True,Industrial,HANDLER,6,211124,0;;;
Trevor;06:07:10;14:55:28;29.59941,-2493.065,-2493.065;True,Industrial,HANDLER,4,408019,0;;;
Trevor;06:07:11;14:55:29;31.40316,-2493.488,-2493.488;True,Industrial,HANDLER,2,776629,0;;;
Trevor;06:07:11;14:55:29;32.42451,-2493.534,-2493.534;True,Industrial,HANDLER,1,271935,0;;;
Trevor;06:07:12;14:55:30;32.68799,-2493.501,-2493.501;True,Industrial,HANDLER,0,02778207,0;;;
Trevor;06:07:12;14:55:30;32.61591,-2493.537,-2493.537;True,Industrial,HANDLER,0,660049,-1;;;
Trevor;06:07:13;14:55:31;31.9236,-2494.171,-2494.171;True,Industrial,HANDLER,2,645591,-1;It's those containers. Bay B.;Floyd;DH1_DZAA
Trevor;06:07:13;14:55:31;31.14343,-2495.306,-2495.306;True,Industrial,HANDLER,2,671571,0;;;
Trevor;06:07:14;14:55:32;30.57514,-2496.566,-2496.566;True,Industrial,HANDLER,2,280932,0;;;
Trevor;06:07:14;14:55:32;30.27677,-2496.91,-2496.91;True,Industrial,HANDLER,0,1002779,1;;;
Trevor;06:07:15;14:55:33;30.60062,-2496.712,-2496.712;True,Industrial,HANDLER,1,205758,1;;;
Trevor;06:07:15;14:55:33;31.27743,-2496.328,-2496.328;True,Industrial,HANDLER,1,745997,1;;;
Trevor;06:07:16;14:55:34;32.12127,-2495.729,-2495.729;True,Industrial,HANDLER,2,28961,1;I'm going to lose my job.;Floyd;DH1_DXAA
Trevor;06:07:16;14:55:34;32.92427,-2494.657,-2494.657;True,Industrial,HANDLER,2,894289,1;;;
Trevor;06:07:17;14:55:35;33.7173,-2493.178,-2493.178;True,Industrial,HANDLER,3,493598,1;;;
Trevor;06:07:17;14:55:35;34.37022,-2491.414,-2491.414;True,Industrial,HANDLER,3,179316,0;;;
Trevor;06:07:18;14:55:36;35.00587,-2489.911,-2489.911;True,Industrial,HANDLER,3,106913,0;;;
Trevor;06:07:18;14:55:36;35.44844,-2488.834,-2488.834;True,Industrial,HANDLER,1,40624,0;;;
Trevor;06:07:19;14:55:37;35.56332,-2488.536,-2488.536;True,Industrial,HANDLER,0,1561356,1;;;
Trevor;06:07:20;14:55:37;35.62551,-2488.392,-2488.392;True,Industrial,HANDLER,0,521495,1;;;
Trevor;06:07:20;14:55:38;35.82509,-2488.032,-2488.032;True,Industrial,HANDLER,0,929197,1;;;
Trevor;06:07:21;14:55:38;35.89171,-2487.905,-2487.905;True,Industrial,HANDLER,0,01364396,0;;;
Trevor;06:07:21;14:55:39;35.89159,-2487.906,-2487.906;True,Industrial,HANDLER,0,00906449,1;;;
Trevor;06:07:22;14:55:39;35.9006,-2487.893,-2487.893;True,Industrial,HANDLER,0,1022008,1;;;
Trevor;06:07:22;14:55:40;35.99355,-2487.757,-2487.757;True,Industrial,HANDLER,0,08874434,1;;;
Trevor;06:07:23;14:55:41;36.0572,-2487.659,-2487.659;True,Industrial,HANDLER,0,5295665,1;;;
Trevor;06:07:23;14:55:41;36.1007,-2487.584,-2487.584;True,Industrial,HANDLER,0,01090571,0;;;
Trevor;06:07:24;14:55:42;36.10062,-2487.585,-2487.585;True,Industrial,HANDLER,0,00264652,0;;;
Trevor;06:07:24;14:55:42;36.09991,-2487.585,-2487.585;True,Industrial,HANDLER,0,008351803,0;;;
Trevor;06:07:25;14:55:43;36.1013,-2487.589,-2487.589;True,Industrial,HANDLER,0,03607356,0;;;
Trevor;06:07:25;14:55:43;36.09985,-2487.587,-2487.587;True,Industrial,HANDLER,0,0;;;
Trevor;06:07:26;14:55:44;36.09978,-2487.586,-2487.586;True,Industrial,HANDLER,0,006966214,0;;;
Trevor;06:07:26;14:55:44;36.09958,-2487.586,-2487.586;True,Industrial,HANDLER,0,01244068,0;;;
Trevor;06:07:27;14:55:45;36.09876,-2487.588,-2487.588;True,Industrial,HANDLER,0,0139529,0;;;
Trevor;06:07:27;14:55:45;36.09981,-2487.587,-2487.587;True,Industrial,HANDLER,0,0;;;
Trevor;06:07:28;14:55:46;36.09981,-2487.587,-2487.587;True,Industrial,HANDLER,0,0;;;
Trevor;06:07:28;14:55:46;36.09981,-2487.587,-2487.587;True,Industrial,HANDLER,0,0;;;
Trevor;06:07:29;14:55:47;36.09922,-2487.587,-2487.587;True,Industrial,HANDLER,0,024085,1;;;
Trevor;06:07:29;14:55:47;36.11555,-2487.584,-2487.584;True,Industrial,HANDLER,0,01712764,1;;;
Trevor;06:07:30;14:55:48;36.1153,-2487.585,-2487.585;True,Industrial,HANDLER,0,007343603,1;;;
Trevor;06:07:30;14:55:48;36.14465,-2487.561,-2487.561;True,Industrial,HANDLER,0,2506631,1;;;
Trevor;06:07:31;14:55:49;36.32878,-2487.426,-2487.426;True,Industrial,HANDLER,0,6028948,1;;;
Trevor;06:07:32;14:55:49;36.60552,-2487.151,-2487.151;True,Industrial,HANDLER,0,562394,1;;;
Trevor;06:07:32;14:55:50;36.63485,-2487.113,-2487.113;True,Industrial,HANDLER,0,00700233,0;;;
Trevor;06:07:33;14:55:50;36.47799,-2487.373,-2487.373;True,Industrial,HANDLER,1,572979,-1;;;
Trevor;06:07:33;14:55:51;35.60138,-2488.253,-2488.253;True,Industrial,HANDLER,2,604697,0;;;
Trevor;06:07:34;14:55:52;34.54455,-2489.078,-2489.078;True,Industrial,HANDLER,2,458269,0;;;
Trevor;06:07:34;14:55:52;33.67114,-2490.052,-2490.052;True,Industrial,HANDLER,2,520029,-1;;;
Trevor;06:07:35;14:55:53;32.5365,-2490.798,-2490.798;True,Industrial,HANDLER,2,506401,0;;;
Trevor;06:07:35;14:55:53;31.70642,-2491.802,-2491.802;True,Industrial,HANDLER,2,554402,-1;;;
Trevor;06:07:36;14:55:54;31.19368,-2493.06,-2493.06;True,Industrial,HANDLER,2,708744,-1;;;
Trevor;06:07:36;14:55:54;30.97318,-2493.943,-2493.943;True,Industrial,HANDLER,0,4010559,1;;;
Trevor;06:07:37;14:55:55;30.99566,-2493.829,-2493.829;True,Industrial,HANDLER,0,7722892,1;;;
Trevor;06:07:37;14:55:55;31.24019,-2493.262,-2493.262;True,Industrial,HANDLER,1,522989,1;;;
Trevor;06:07:38;14:55:56;31.70604,-2492.421,-2492.421;True,Industrial,HANDLER,2,146325,1;;;
Trevor;06:07:38;14:55:56;32.41326,-2491.366,-2491.366;True,Industrial,HANDLER,2,752854,1;;;
Trevor;06:07:39;14:55:57;33.31982,-2490.184,-2490.184;True,Industrial,HANDLER,2,475836,0;;;
Trevor;06:07:39;14:55:57;33.87663,-2489.522,-2489.522;True,Industrial,HANDLER,1,067786,1;;;
Trevor;06:07:40;14:55:58;34.08276,-2489.282,-2489.282;True,Industrial,HANDLER,0,4486096,1;;;
Trevor;06:07:40;14:55:58;34.30608,-2488.967,-2488.967;True,Industrial,HANDLER,1,038657,1;;;
Trevor;06:07:41;14:55:59;34.7033,-2488.397,-2488.397;True,Industrial,HANDLER,1,460595,0;;;
Trevor;06:07:41;14:55:59;34.89062,-2488.087,-2488.087;True,Industrial,HANDLER,0,2775171,1;;;
Trevor;06:07:42;14:56:00;34.9119,-2488.055,-2488.055;True,Industrial,HANDLER,0,2401143,1;;;
Trevor;06:07:43;14:56:00;35.06391,-2487.811,-2487.811;True,Industrial,HANDLER,0,851849,1;;;
Trevor;06:07:43;14:56:01;35.39859,-2487.313,-2487.313;True,Industrial,HANDLER,1,452191,1;;;
Trevor;06:07:44;14:56:01;35.74644,-2486.807,-2486.807;True,Industrial,HANDLER,0,90817,1;;;
Trevor;06:07:44;14:56:02;35.92119,-2486.553,-2486.553;True,Industrial,HANDLER,0,02368779,0;;;
Trevor;06:07:45;14:56:02;35.91761,-2486.557,-2486.557;True,Industrial,HANDLER,0,0133927,0;;;
Trevor;06:07:45;14:56:03;35.91822,-2486.557,-2486.557;True,Industrial,HANDLER,0,003201576,0;;;
Trevor;06:07:46;14:56:04;35.91774,-2486.557,-2486.557;True,Industrial,HANDLER,0,007330886,0;And attach it.;Floyd;DH1_EEAA
Trevor;06:07:46;14:56:04;35.91822,-2486.557,-2486.557;True,Industrial,HANDLER,0,0;;;
Trevor;06:07:47;14:56:05;35.91819,-2486.557,-2486.557;True,Industrial,HANDLER,0,009411881,0;;;
Trevor;06:07:47;14:56:05;35.91912,-2486.557,-2486.557;True,Industrial,HANDLER,0,0;Okay. We got it. Let's take her down to bay F.;Floyd;DH1_EFAA
Trevor;06:07:48;14:56:06;35.9194,-2486.555,-2486.555;True,Industrial,HANDLER,0,009719685,0;;;
Trevor;06:07:48;14:56:06;35.91941,-2486.555,-2486.555;True,Industrial,HANDLER,0,001989534,0;;;
Trevor;06:07:49;14:56:07;35.9047,-2486.574,-2486.574;True,Industrial,HANDLER,0,2756444,-1;;;
Trevor;06:07:49;14:56:07;35.68662,-2487.232,-2487.232;True,Industrial,HANDLER,2,356393,-1;;;
Trevor;06:07:50;14:56:08;35.52749,-2488.617,-2488.617;True,Industrial,HANDLER,2,704422,0;;;
Trevor;06:07:50;14:56:08;35.65087,-2490.02,-2490.02;True,Industrial,HANDLER,2,735526,-1;;;
Trevor;06:07:51;14:56:09;36.03739,-2491.399,-2491.399;True,Industrial,HANDLER,2,751985,-1;;;
Trevor;06:07:51;14:56:09;36.65898,-2492.68,-2492.68;True,Industrial,HANDLER,2,753478,-1;;;
Trevor;06:07:52;14:56:10;37.44883,-2493.793,-2493.793;True,Industrial,HANDLER,2,04808,0;I know why they call 'em handlers. Because they handle like a dream.;Trevor;DH1_EMAA
Trevor;06:07:52;14:56:10;37.55893,-2494.099,-2494.099;True,Industrial,HANDLER,0,2331628,1;;;
Trevor;06:07:53;14:56:11;37.55539,-2493.699,-2493.699;True,Industrial,HANDLER,1,15287,1;;;
Trevor;06:07:53;14:56:11;37.5917,-2492.961,-2492.961;True,Industrial,HANDLER,1,654319,1;;;
Trevor;06:07:54;14:56:12;37.5905,-2491.974,-2491.974;True,Industrial,HANDLER,2,113692,1;;;
Trevor;06:07:55;14:56:12;37.44568,-2490.751,-2490.751;True,Industrial,HANDLER,2,568925,1;;;
Trevor;06:07:55;14:56:13;37.06381,-2489.368,-2489.368;True,Industrial,HANDLER,3,005883,1;;;
Trevor;06:07:56;14:56:13;36.35175,-2487.874,-2487.874;True,Industrial,HANDLER,3,414974,1;;;
Trevor;06:07:56;14:56:14;35.08139,-2486.479,-2486.479;True,Industrial,HANDLER,3,940744,1;This ain't a toy, sir, it's heavy machinery.;Floyd;DH1_EMAB
Trevor;06:07:57;14:56:14;33.2553,-2485.332,-2485.332;True,Industrial,HANDLER,4,462686,1;;;
Trevor;06:07:57;14:56:15;30.90575,-2484.616,-2484.616;True,Industrial,HANDLER,5,013185,1;;;
Trevor;06:07:58;14:56:16;28.16064,-2484.202,-2484.202;True,Industrial,HANDLER,5,601717,1;;;
Trevor;06:07:58;14:56:16;25.09107,-2483.808,-2483.808;True,Industrial,HANDLER,6,105494,1;;;
Trevor;06:07:59;14:56:17;21.78491,-2483.513,-2483.513;True,Industrial,HANDLER,6,505639,1;;;
Trevor;06:07:59;14:56:17;18.36013,-2482.858,-2482.858;True,Industrial,HANDLER,6,972923,1;Thank fuck I'm high as a kite.;Trevor;DH1_EMAC
Trevor;06:08:00;14:56:18;14.9256,-2481.276,-2481.276;True,Industrial,HANDLER,7,486638,1;;;
Trevor;06:08:00;14:56:18;11.53511,-2479.163,-2479.163;True,Industrial,HANDLER,7,926212,1;;;
Trevor;06:08:01;14:56:19;7.858285,-2476.952,-2476.952;True,Industrial,HANDLER,8,394653,1;;;
Trevor;06:08:01;14:56:19;3.900373,-2474.79,-2474.79;True,Industrial,HANDLER,8,807461,1;;;
Trevor;06:08:02;14:56:20;-0.3132075,-2472.708,-2472.708;True,Industrial,HANDLER,9,244352,1;You should not be operating this vehicle while under the influence.;Floyd;DH1_EMAD
Trevor;06:08:02;14:56:20;-4.575135,-2470.233,-2470.233;True,Industrial,HANDLER,9,617242,1;;;
Trevor;06:08:03;14:56:21;-8.962025,-2467.51,-2467.51;True,Industrial,HANDLER,10,12063,1;;;
Trevor;06:08:03;14:56:21;-13.18669,-2464.228,-2464.228;True,Industrial,HANDLER,10,58419,1;;;
Trevor;06:08:04;14:56:22;-17.23561,-2460.448,-2460.448;True,Industrial,HANDLER,10,73101,1;;;
Trevor;06:08:04;14:56:22;-21.05501,-2457.015,-2457.015;True,Industrial,HANDLER,8,736068,0;;;
Trevor;06:08:05;14:56:23;-24.80961,-2454.892,-2454.892;True,Industrial,HANDLER,8,228506,1;;;
Trevor;06:08:05;14:56:23;-29.01891,-2454.182,-2454.182;True,Industrial,HANDLER,8,378323,1;;;
Trevor;06:08:06;14:56:24;-33.152,-2455.67,-2455.67;True,Industrial,HANDLER,8,61622,1;I'll operate you under the influence if you're not careful.;Trevor;DH1_EMAE
Trevor;06:08:07;14:56:24;-37.22143,-2458.1,-2458.1;True,Industrial,HANDLER,9,217699,1;;;
Trevor;06:08:07;14:56:25;-41.52135,-2460.362,-2460.362;True,Industrial,HANDLER,9,646449,1;;;
Trevor;06:08:08;14:56:25;-46.29386,-2462.188,-2462.188;True,Industrial,HANDLER,9,999736,1;;;
Trevor;06:08:08;14:56:26;-51.45847,-2463.222,-2463.222;True,Industrial,HANDLER,10,37108,1;;;
Trevor;06:08:09;14:56:26;-56.73717,-2462.626,-2462.626;True,Industrial,HANDLER,10,42992,1;;;
Trevor;06:08:09;14:56:27;-61.68967,-2460.239,-2460.239;True,Industrial,HANDLER,10,73904,1;;;
Trevor;06:08:10;14:56:28;-66.29404,-2456.785,-2456.785;True,Industrial,HANDLER,11,32808,1;;;
Trevor;06:08:10;14:56:28;-71.07606,-2453.087,-2453.087;True,Industrial,HANDLER,11,8382,1;;;
Trevor;06:08:11;14:56:29;-76.17073,-2449.571,-2449.571;True,Industrial,HANDLER,12,09864,1;;;
Trevor;06:08:11;14:56:29;-81.68097,-2446.419,-2446.419;True,Industrial,HANDLER,12,33428,1;;;
Trevor;06:08:12;14:56:30;-87.65141,-2444.127,-2444.127;True,Industrial,HANDLER,12,40925,1;;;
Trevor;06:08:12;14:56:30;-93.86261,-2442.223,-2442.223;True,Industrial,HANDLER,12,20589,0;;;
Trevor;06:08:13;14:56:31;-99.10634,-2440.584,-2440.584;True,Industrial,HANDLER,8,553501,0;;;
Trevor;06:08:13;14:56:31;-102.5264,-2440.354,-2440.354;True,Industrial,HANDLER,4,671738,0;;;
Trevor;06:08:14;14:56:32;-103.9992,-2440.433,-2440.433;True,Industrial,HANDLER,1,085393,0;;;
Trevor;06:08:14;14:56:32;-104.0699,-2440.427,-2440.427;True,Industrial,HANDLER,0,6485963,-1;;;
Trevor;06:08:15;14:56:33;-103.8171,-2440.464,-2440.464;True,Industrial,HANDLER,0,2039142,1;;;
Trevor;06:08:15;14:56:33;-103.8285,-2440.455,-2440.455;True,Industrial,HANDLER,0,2290003,1;;;
Trevor;06:08:16;14:56:34;-103.9982,-2440.333,-2440.333;True,Industrial,HANDLER,0,5543055,1;;;
Trevor;06:08:16;14:56:34;-104.2973,-2440.114,-2440.114;True,Industrial,HANDLER,0,8615545,1;;;
Trevor;06:08:17;14:56:35;-104.7357,-2439.811,-2439.811;True,Industrial,HANDLER,1,19438,1;;;
Trevor;06:08:17;14:56:35;-104.9719,-2439.66,-2439.66;True,Industrial,HANDLER,0,04191363,1;;;
Trevor;06:08:18;14:56:36;-104.9768,-2439.662,-2439.662;True,Industrial,HANDLER,0,1445072,1;;;
Trevor;06:08:19;14:56:36;-105.1159,-2439.582,-2439.582;True,Industrial,HANDLER,0,4627606,1;;;
Trevor;06:08:19;14:56:37;-105.3988,-2439.429,-2439.429;True,Industrial,HANDLER,0,7696468,1;;;
Trevor;06:08:20;14:56:37;-105.8312,-2439.217,-2439.217;True,Industrial,HANDLER,1,088283,1;;;
Trevor;06:08:20;14:56:38;-106.446,-2438.961,-2438.961;True,Industrial,HANDLER,1,481236,1;;;
Trevor;06:08:21;14:56:38;-107.2906,-2438.699,-2438.699;True,Industrial,HANDLER,1,935943,1;;;
Trevor;06:08:21;14:56:39;-108.3948,-2438.503,-2438.503;True,Industrial,HANDLER,2,388192,1;;;
Trevor;06:08:22;14:56:39;-109.7597,-2438.469,-2438.469;True,Industrial,HANDLER,2,83479,1;;;
Trevor;06:08:22;14:56:40;-111.3158,-2438.696,-2438.696;True,Industrial,HANDLER,3,264033,1;;;
Trevor;06:08:23;14:56:41;-112.9961,-2439.294,-2439.294;True,Industrial,HANDLER,3,66378,1;;;
Trevor;06:08:23;14:56:41;-114.6454,-2440.328,-2440.328;True,Industrial,HANDLER,3,481094,0;;;
Trevor;06:08:24;14:56:42;-115.2384,-2441.254,-2441.254;True,Industrial,HANDLER,0,5506961,0;;;
Trevor;06:08:24;14:56:42;-115.2103,-2441.178,-2441.178;True,Industrial,HANDLER,1,044357,-1;;;
Trevor;06:08:25;14:56:43;-115.2894,-2440.144,-2440.144;True,Industrial,HANDLER,2,71552,-1;;;
Trevor;06:08:25;14:56:43;-115.6636,-2438.763,-2438.763;True,Industrial,HANDLER,2,754217,0;;;
Trevor;06:08:26;14:56:44;-115.8036,-2437.951,-2437.951;True,Industrial,HANDLER,0,3346701,1;;;
Trevor;06:08:26;14:56:44;-115.8468,-2438.143,-2438.143;True,Industrial,HANDLER,1,001588,1;;;
Trevor;06:08:27;14:56:45;-116.0853,-2438.802,-2438.802;True,Industrial,HANDLER,1,614068,1;;;
Trevor;06:08:27;14:56:45;-116.3796,-2439.717,-2439.717;True,Industrial,HANDLER,2,077574,1;;;
Trevor;06:08:28;14:56:46;-116.6234,-2440.894,-2440.894;True,Industrial,HANDLER,2,521383,1;;;
Trevor;06:08:28;14:56:46;-116.7017,-2442.314,-2442.314;True,Industrial,HANDLER,2,954848,1;;;
Trevor;06:08:29;14:56:47;-116.5046,-2443.962,-2443.962;True,Industrial,HANDLER,3,377302,1;;;
Trevor;06:08:29;14:56:47;-115.7082,-2445.674,-2445.674;True,Industrial,HANDLER,3,924929,1;;;
Trevor;06:08:30;14:56:48;-114.2954,-2447.299,-2447.299;True,Industrial,HANDLER,4,449554,1;;;
Trevor;06:08:31;14:56:48;-112.2297,-2448.716,-2448.716;True,Industrial,HANDLER,5,045514,1;;;
Trevor;06:08:31;14:56:49;-109.9021,-2450.219,-2450.219;True,Industrial,HANDLER,5,551381,0;;;
Trevor;06:08:32;14:56:49;-107.8817,-2451.575,-2451.575;True,Industrial,HANDLER,3,897769,0;;;
Trevor;06:08:32;14:56:50;-106.2912,-2452.665,-2452.665;True,Industrial,HANDLER,3,811887,1;;;
Trevor;06:08:33;14:56:50;-104.6457,-2453.8,-2453.8;True,Industrial,HANDLER,3,311354,0;;;
Trevor;06:08:33;14:56:51;-103.5411,-2454.564,-2454.564;True,Industrial,HANDLER,2,216128,1;;;
Trevor;06:08:34;14:56:51;-102.4707,-2455.304,-2455.304;True,Industrial,HANDLER,2,791199,1;;;
Trevor;06:08:34;14:56:52;-101.265,-2456.139,-2456.139;True,Industrial,HANDLER,2,255016,0;;;
Trevor;06:08:35;14:56:53;-100.6439,-2456.564,-2456.564;True,Industrial,HANDLER,0,6495859,0;;;
Trevor;06:08:35;14:56:53;-100.5863,-2456.603,-2456.603;True,Industrial,HANDLER,0,07926521,1;;;
Trevor;06:08:36;14:56:54;-100.4125,-2456.722,-2456.722;True,Industrial,HANDLER,0,7189894,1;;;
Trevor;06:08:36;14:56:54;-99.96782,-2457.028,-2457.028;True,Industrial,HANDLER,1,336345,1;;;
Trevor;06:08:37;14:56:55;-99.44767,-2457.389,-2457.389;True,Industrial,HANDLER,0,5707678,0;;;
Trevor;06:08:37;14:56:55;-99.41,-2457.416,-2457.416;True,Industrial,HANDLER,0,01184281,0;;;
Trevor;06:08:38;14:56:56;-99.41077,-2457.415,-2457.415;True,Industrial,HANDLER,0,009736801,0;;;
Trevor;06:08:38;14:56:56;-99.41104,-2457.415,-2457.415;True,Industrial,HANDLER,0,009719916,0;;;
Trevor;06:08:39;14:56:57;-99.41125,-2457.415,-2457.415;True,Industrial,HANDLER,0,009364724,0;You happy? Now, I'll get the other one for you. Me, anyway.;Trevor;DH1_GIAA
Trevor;06:08:39;14:56:57;-99.41138,-2457.415,-2457.415;True,Industrial,HANDLER,0,009248377,0;;;
Trevor;06:08:40;14:56:58;-99.43477,-2457.396,-2457.396;True,Industrial,HANDLER,0,09264223,0;;;
Trevor;06:08:40;14:56:58;-99.4213,-2457.41,-2457.41;True,Industrial,HANDLER,0,04424779,0;;;
Trevor;06:08:41;14:56:59;-99.41512,-2457.412,-2457.412;True,Industrial,HANDLER,0,01876625,0;;;
Trevor;06:08:41;14:56:59;-99.42604,-2457.406,-2457.406;True,Industrial,HANDLER,0,1899756,-1;;;
Trevor;06:08:42;14:57:00;-99.99335,-2457.211,-2457.211;True,Industrial,HANDLER,2,200207,-1;;;
Trevor;06:08:43;14:57:00;-101.3332,-2457.032,-2457.032;True,Industrial,HANDLER,2,734056,-1;;;
Trevor;06:08:43;14:57:01;-102.717,-2457.108,-2457.108;True,Industrial,HANDLER,2,47053,0;;;
Trevor;06:08:44;14:57:01;-103.2811,-2456.999,-2456.999;True,Industrial,HANDLER,0,0957262,1;I'm going to need a better view of that freighter.;Trevor;DH1_ENAA
Trevor;06:08:44;14:57:02;-102.9842,-2457.172,-2457.172;True,Industrial,HANDLER,1,205841,1;;;
Trevor;06:08:45;14:57:02;-102.4212,-2457.537,-2457.537;True,Industrial,HANDLER,0,7672499,0;;;
Trevor;06:08:45;14:57:03;-102.4917,-2457.544,-2457.544;True,Industrial,HANDLER,1,074218,-1;;;
Trevor;06:08:46;14:57:03;-103.5776,-2457.708,-2457.708;True,Industrial,HANDLER,2,639139,-1;;;
Trevor;06:08:46;14:57:04;-104.8664,-2458.216,-2458.216;True,Industrial,HANDLER,2,721116,0;I'm sorry, but this is as close as you goin' to get.;Floyd;DH1_ENAB
Trevor;06:08:47;14:57:05;-105.6435,-2458.587,-2458.587;True,Industrial,HANDLER,0,3735585,1;;;
Trevor;06:08:47;14:57:05;-105.4881,-2458.583,-2458.583;True,Industrial,HANDLER,0,9188492,1;;;
Trevor;06:08:48;14:57:06;-104.8348,-2458.684,-2458.684;True,Industrial,HANDLER,1,566945,1;;;
Trevor;06:08:48;14:57:06;-103.912,-2458.811,-2458.811;True,Industrial,HANDLER,2,040533,1;;;
Trevor;06:08:49;14:57:07;-102.7448,-2458.858,-2458.858;True,Industrial,HANDLER,2,496228,1;;;
Trevor;06:08:49;14:57:07;-101.339,-2458.71,-2458.71;True,Industrial,HANDLER,2,966904,1;;;
Trevor;06:08:50;14:57:08;-99.81803,-2457.98,-2457.98;True,Industrial,HANDLER,3,591794,1;Nah, nah, nah. I need to take some pictures, send 'em to my guy, Ron.;Trevor;DH1_ENAC
Trevor;06:08:50;14:57:08;-98.23949,-2456.672,-2456.672;True,Industrial,HANDLER,4,189036,1;;;
Trevor;06:08:51;14:57:09;-96.68349,-2454.93,-2454.93;True,Industrial,HANDLER,4,690748,1;;;
Trevor;06:08:51;14:57:09;-95.26041,-2452.799,-2452.799;True,Industrial,HANDLER,5,044475,1;;;
Trevor;06:08:52;14:57:10;-93.49825,-2450.745,-2450.745;True,Industrial,HANDLER,5,377826,1;;;
Trevor;06:08:52;14:57:10;-91.16295,-2449.11,-2449.11;True,Industrial,HANDLER,5,701501,1;;;
Trevor;06:08:53;14:57:11;-88.2353,-2448.407,-2448.407;True,Industrial,HANDLER,6,131577,1;;;
Trevor;06:08:53;14:57:11;-84.93719,-2449.018,-2449.018;True,Industrial,HANDLER,6,849645,1;;;
Trevor;06:08:54;14:57:12;-81.53294,-2450.621,-2450.621;True,Industrial,HANDLER,7,481067,1;;;
Trevor;06:08:55;14:57:12;-78.07888,-2452.678,-2452.678;True,Industrial,HANDLER,7,989126,1;I'll need a proper view.;Trevor;DH1_ENAG
Trevor;06:08:55;14:57:13;-74.56362,-2455.135,-2455.135;True,Industrial,HANDLER,8,4755,1;;;
Trevor;06:08:56;14:57:13;-70.83036,-2457.724,-2457.724;True,Industrial,HANDLER,9,206903,1;;;
Trevor;06:08:56;14:57:14;-66.42869,-2459.947,-2459.947;True,Industrial,HANDLER,9,794071,1;There's the cranes, but...;Floyd;DH1_ENAD
Trevor;06:08:57;14:57:14;-61.55358,-2461.784,-2461.784;True,Industrial,HANDLER,10,16838,1;;;
Trevor;06:08:57;14:57:15;-56.32163,-2462.677,-2462.677;True,Industrial,HANDLER,10,37771,1;;;
Trevor;06:08:58;14:57:15;-51.07364,-2461.531,-2461.531;True,Industrial,HANDLER,10,35081,1;;;
Trevor;06:08:58;14:57:16;-46.20478,-2458.964,-2458.964;True,Industrial,HANDLER,10,76103,1;Cranes. Perfect.;Trevor;DH1_ENAE
Trevor;06:08:59;14:57:17;-42.1518,-2456.045,-2456.045;True,Industrial,HANDLER,8,718212,0;;;
Trevor;06:08:59;14:57:17;-38.59178,-2454.016,-2454.016;True,Industrial,HANDLER,7,598616,1;;;
Trevor;06:09:00;14:57:18;-34.67023,-2453.363,-2453.363;True,Industrial,HANDLER,7,913077,1;Oh, shoot.;Floyd;DH1_ENAF
Trevor;06:09:00;14:57:18;-30.44693,-2453.927,-2453.927;True,Industrial,HANDLER,8,589309,1;;;
Trevor;06:09:01;14:57:19;-26.08135,-2455.401,-2455.401;True,Industrial,HANDLER,9,093695,1;;;
Trevor;06:09:01;14:57:19;-21.59362,-2457.347,-2457.347;True,Industrial,HANDLER,9,617013,1;;;
Trevor;06:09:02;14:57:20;-16.89079,-2459.42,-2459.42;True,Industrial,HANDLER,10,3353,1;;;
Trevor;06:09:02;14:57:20;-12.081,-2462.3,-2462.3;True,Industrial,HANDLER,10,74025,1;;;
Trevor;06:09:03;14:57:21;-7.358539,-2465.533,-2465.533;True,Industrial,HANDLER,10,9849,1;;;
Trevor;06:09:03;14:57:21;-2.68124,-2468.905,-2468.905;True,Industrial,HANDLER,11,18277,1;;;
Trevor;06:09:04;14:57:22;2.10853,-2472.428,-2472.428;True,Industrial,HANDLER,11,38134,1;;;
Trevor;06:09:04;14:57:22;6.904816,-2475.993,-2475.993;True,Industrial,HANDLER,11,59178,1;;;
Trevor;06:09:05;14:57:23;11.78847,-2479.632,-2479.632;True,Industrial,HANDLER,11,7843,1;;;
Trevor;06:09:05;14:57:23;16.77368,-2483.351,-2483.351;True,Industrial,HANDLER,11,85856,0;;;
Trevor;06:09:06;14:57:24;21.20294,-2486.852,-2486.852;True,Industrial,HANDLER,9,83569,0;;;
Trevor;06:09:06;14:57:24;24.6834,-2489.66,-2489.66;True,Industrial,HANDLER,7,027706,0;;;
Trevor;06:09:07;14:57:25;27.02824,-2491.215,-2491.215;True,Industrial,HANDLER,4,656098,1;;;
Trevor;06:09:08;14:57:25;29.32432,-2492.115,-2492.115;True,Industrial,HANDLER,4,642961,0;;;
Trevor;06:09:08;14:57:26;31.25706,-2492.391,-2492.391;True,Industrial,HANDLER,3,036311,0;;;
Trevor;06:09:09;14:57:26;32.58683,-2492.296,-2492.296;True,Industrial,HANDLER,2,662164,1;;;
Trevor;06:09:09;14:57:27;34.03182,-2491.943,-2491.943;True,Industrial,HANDLER,3,118573,1;;;
Trevor;06:09:10;14:57:27;35.58401,-2491.245,-2491.245;True,Industrial,HANDLER,3,54219,1;;;
Trevor;06:09:10;14:57:28;36.95771,-2490.262,-2490.262;True,Industrial,HANDLER,2,60178,0;;;
Trevor;06:09:11;14:57:29;37.6019,-2489.568,-2489.568;True,Industrial,HANDLER,1,091074,0;;;
Trevor;06:09:11;14:57:29;37.86165,-2489.081,-2489.081;True,Industrial,HANDLER,1,277844,1;;;
Trevor;06:09:12;14:57:30;38.08186,-2488.292,-2488.292;True,Industrial,HANDLER,1,863044,1;;;
Trevor;06:09:12;14:57:30;38.16233,-2487.174,-2487.174;True,Industrial,HANDLER,2,397904,1;;;
Trevor;06:09:13;14:57:31;38.16079,-2485.988,-2485.988;True,Industrial,HANDLER,1,618176,0;;;
Trevor;06:09:13;14:57:31;38.17566,-2485.114,-2485.114;True,Industrial,HANDLER,1,931597,1;;;
Trevor;06:09:14;14:57:32;38.38628,-2484.022,-2484.022;True,Industrial,HANDLER,2,058358,0;;;
Trevor;06:09:14;14:57:32;38.7011,-2482.925,-2482.925;True,Industrial,HANDLER,1,846468,0;;;
Trevor;06:09:15;14:57:33;38.94963,-2482.461,-2482.461;True,Industrial,HANDLER,0,2334178,0;;;
Trevor;06:09:15;14:57:33;38.96236,-2482.451,-2482.451;True,Industrial,HANDLER,0,1607815,1;;;
Trevor;06:09:16;14:57:34;39.06538,-2482.281,-2482.281;True,Industrial,HANDLER,0,1331633,1;;;
Trevor;06:09:16;14:57:34;39.06481,-2482.28,-2482.28;True,Industrial,HANDLER,0,01529728,0;;;
Trevor;06:09:17;14:57:35;39.07816,-2482.261,-2482.261;True,Industrial,HANDLER,0,01463922,0;Hook it up.;Floyd;DH1_EEAA
Trevor;06:09:17;14:57:35;39.12508,-2482.196,-2482.196;True,Industrial,HANDLER,0,447959,1;;;
Trevor;06:09:18;14:57:36;39.1956,-2482.099,-2482.099;True,Industrial,HANDLER,0,08847597,0;;;
Trevor;06:09:18;14:57:36;39.19481,-2482.1,-2482.1;True,Industrial,HANDLER,0,004089419,0;Hey, whose dick you have to suck to get this job?;Trevor;DH1_ELAA
Trevor;06:09:19;14:57:37;39.19467,-2482.1,-2482.1;True,Industrial,HANDLER,0,008659372,1;;;
Trevor;06:09:20;14:57:37;39.22889,-2482.074,-2482.074;True,Industrial,HANDLER,0,2465788,1;;;
Trevor;06:09:20;14:57:38;39.4068,-2481.942,-2481.942;True,Industrial,HANDLER,0,5867366,1;;;
Trevor;06:09:21;14:57:38;39.69821,-2481.643,-2481.643;True,Industrial,HANDLER,0,986643,1;;;
Trevor;06:09:21;14:57:39;40.14949,-2481.25,-2481.25;True,Industrial,HANDLER,1,338017,1;;;
Trevor;06:09:22;14:57:39;40.76723,-2480.72,-2480.72;True,Industrial,HANDLER,1,782254,1;Being a stevedore used to be back-breaking work, now you're paid brain surgeon bucks to;Trevor;DH1_ELAB
Trevor;06:09:22;14:57:40;41.50887,-2479.975,-2479.975;True,Industrial,HANDLER,2,233958,1;;;
Trevor;06:09:23;14:57:41;42.27975,-2478.968,-2478.968;True,Industrial,HANDLER,2,675015,1;;;
Trevor;06:09:23;14:57:41;42.90727,-2477.59,-2477.59;True,Industrial,HANDLER,3,203046,1;;;
Trevor;06:09:24;14:57:42;43.1887,-2475.809,-2475.809;True,Industrial,HANDLER,3,702328,1;;;
Trevor;06:09:24;14:57:42;43.25603,-2473.773,-2473.773;True,Industrial,HANDLER,4,233617,1;;;
Trevor;06:09:25;14:57:43;42.92992,-2471.435,-2471.435;True,Industrial,HANDLER,4,724002,1;;;
Trevor;06:09:25;14:57:43;42.1501,-2468.92,-2468.92;True,Industrial,HANDLER,5,281051,1;;;
Trevor;06:09:26;14:57:44;41.15405,-2466.232,-2466.232;True,Industrial,HANDLER,5,748778,1;;;
Trevor;06:09:26;14:57:44;39.72191,-2463.431,-2463.431;True,Industrial,HANDLER,6,249125,1;push an oversized shopping cart.;Trevor;DH1_ELAC
Trevor;06:09:27;14:57:45;37.8782,-2460.627,-2460.627;True,Industrial,HANDLER,6,711812,1;;;
Trevor;06:09:27;14:57:45;35.51954,-2457.802,-2457.802;True,Industrial,HANDLER,7,228835,1;;;
Trevor;06:09:28;14:57:46;32.7616,-2455.12,-2455.12;True,Industrial,HANDLER,7,69577,1;;;
Trevor;06:09:28;14:57:46;29.78166,-2452.267,-2452.267;True,Industrial,HANDLER,8,170382,1;;;
Trevor;06:09:29;14:57:47;26.2938,-2449.534,-2449.534;True,Industrial,HANDLER,8,618853,1;I did not fellatiate no one to get this job. Debra's old friends with the,;Floyd;DH1_ELAD
Trevor;06:09:29;14:57:47;22.52891,-2446.908,-2446.908;True,Industrial,HANDLER,9,026492,1;;;
Trevor;06:09:30;14:57:48;18.50172,-2444.293,-2444.293;True,Industrial,HANDLER,9,389052,1;;;
Trevor;06:09:30;14:57:48;14.54433,-2441.248,-2441.248;True,Industrial,HANDLER,9,745965,1;;;
Trevor;06:09:31;14:57:49;11.26151,-2437.316,-2437.316;True,Industrial,HANDLER,10,01342,1;;;
Trevor;06:09:32;14:57:49;7.701921,-2433.395,-2433.395;True,Industrial,HANDLER,10,44814,1;;;
Trevor;06:09:32;14:57:50;3.575533,-2429.691,-2429.691;True,Industrial,HANDLER,10,70837,1;;;
Trevor;06:09:33;14:57:50;-0.8903543,-2426.794,-2426.794;True,Industrial,HANDLER,9,103574,0;;;
Trevor;06:09:33;14:57:51;-5.222365,-2425.324,-2425.324;True,Industrial,HANDLER,8,231796,0;;;
Trevor;06:09:34;14:57:52;-9.079636,-2425.236,-2425.236;True,Industrial,HANDLER,7,06124,1;;;
Trevor;06:09:34;14:57:52;-12.54259,-2426.726,-2426.726;True,Industrial,HANDLER,7,363465,1;well, with the...;Floyd;DH1_ELAF
Trevor;06:09:35;14:57:53;-14.97758,-2429.821,-2429.821;True,Industrial,HANDLER,7,986076,1;;;
Trevor;06:09:35;14:57:53;-17.43815,-2433.382,-2433.382;True,Industrial,HANDLER,8,62618,1;Bluh... with the... with the... Say no more.;Trevor;DH1_ELAE
Trevor;06:09:36;14:57:54;-20.67942,-2436.603,-2436.603;True,Industrial,HANDLER,9,10232,1;;;
Trevor;06:09:36;14:57:54;-24.30335,-2439.924,-2439.924;True,Industrial,HANDLER,9,692276,1;;;
Trevor;06:09:37;14:57:55;-28.04695,-2443.503,-2443.503;True,Industrial,HANDLER,10,04749,1;;;
Trevor;06:09:37;14:57:55;-31.57056,-2447.649,-2447.649;True,Industrial,HANDLER,10,65286,1;;;
Trevor;06:09:38;14:57:56;-35.06583,-2452.117,-2452.117;True,Industrial,HANDLER,11,11603,1;;;
Trevor;06:09:38;14:57:56;-38.26453,-2456.885,-2456.885;True,Industrial,HANDLER,10,19782,0;You didn't fellate no one, but darling Debbie probably did, and she probably enjoyed it.;Trevor;DH1_ELAG
Trevor;06:09:39;14:57:57;-41.07233,-2460.685,-2460.685;True,Industrial,HANDLER,8,160047,0;;;
Trevor;06:09:39;14:57:57;-44.05111,-2463.277,-2463.277;True,Industrial,HANDLER,7,589675,1;;;
Trevor;06:09:40;14:57:58;-47.84204,-2464.584,-2464.584;True,Industrial,HANDLER,7,896291,1;;;
Trevor;06:09:40;14:57:58;-52.0865,-2464.571,-2464.571;True,Industrial,HANDLER,8,361602,1;;;
Trevor;06:09:41;14:57:59;-56.3889,-2463.08,-2463.08;True,Industrial,HANDLER,9,01563,1;;;
Trevor;06:09:41;14:57:59;-60.78056,-2460.883,-2460.883;True,Industrial,HANDLER,9,527616,1;;;
Trevor;06:09:42;14:58:00;-65.21961,-2458.361,-2458.361;True,Industrial,HANDLER,10,17009,1;;;
Trevor;06:09:43;14:58:00;-69.90198,-2455.562,-2455.562;True,Industrial,HANDLER,10,69107,1;;;
Trevor;06:09:43;14:58:01;-74.81589,-2452.536,-2452.536;True,Industrial,HANDLER,11,20257,1;;;
Trevor;06:09:44;14:58:01;-79.19202,-2449.406,-2449.406;True,Industrial,HANDLER,9,248257,0;;;
Trevor;06:09:44;14:58:02;-82.86153,-2447.287,-2447.287;True,Industrial,HANDLER,7,261208,0;;;
Trevor;06:09:45;14:58:02;-86.41983,-2446.263,-2446.263;True,Industrial,HANDLER,7,250651,1;;;
Trevor;06:09:45;14:58:03;-89.77119,-2446.317,-2446.317;True,Industrial,HANDLER,5,520321,0;;;
Trevor;06:09:46;14:58:04;-92.06113,-2447.083,-2447.083;True,Industrial,HANDLER,3,924413,0;;;
Trevor;06:09:46;14:58:04;-93.16469,-2448.274,-2448.274;True,Industrial,HANDLER,2,310434,0;;;
Trevor;06:09:47;14:58:05;-93.56758,-2448.945,-2448.945;True,Industrial,HANDLER,0,7095733,0;;;
Trevor;06:09:47;14:58:05;-93.60733,-2449.008,-2449.008;True,Industrial,HANDLER,0,01653051,0;;;
Trevor;06:09:48;14:58:06;-93.60641,-2449.007,-2449.007;True,Industrial,HANDLER,0,006621624,0;;;
Trevor;06:09:48;14:58:06;-93.60635,-2449.006,-2449.006;True,Industrial,HANDLER,0,002188443,0;;;
Trevor;06:09:49;14:58:07;-93.60606,-2449.006,-2449.006;True,Industrial,HANDLER,0,009120686,0;;;
Trevor;06:09:49;14:58:07;-93.60604,-2449.006,-2449.006;True,Industrial,HANDLER,0,006001111,0;;;
Trevor;06:09:50;14:58:08;-93.60603,-2449.006,-2449.006;True,Industrial,HANDLER,0,008102167,0;;;
Trevor;06:09:50;14:58:08;-93.60385,-2449.003,-2449.003;True,Industrial,HANDLER,0,0;;;
Trevor;06:09:51;14:58:09;-93.60385,-2449.003,-2449.003;True,Industrial,HANDLER,0,0;;;
Trevor;06:09:51;14:58:09;-93.60385,-2449.003,-2449.003;True,Industrial,HANDLER,0,0;;;
Trevor;06:09:52;14:58:10;-93.60385,-2449.003,-2449.003;True,Industrial,HANDLER,0,0;;;
Trevor;06:09:52;14:58:10;-93.60439,-2449.003,-2449.003;True,Industrial,HANDLER,0,007154905,0;;;
Trevor;06:09:53;14:58:11;-93.59602,-2448.991,-2448.991;True,Industrial,HANDLER,0,2026778,-1;If my work here is done, I'm going up the gantry.;Trevor;DH1_EOAA
Trevor;06:09:53;14:58:11;-93.19081,-2448.486,-2448.486;True,Industrial,HANDLER,2,365603,-1;;;
Trevor;06:09:54;14:58:12;-92.11959,-2447.678,-2447.678;True,Industrial,HANDLER,2,64043,-1;;;
Trevor;06:09:55;14:58:12;-91.03432,-2446.896,-2446.896;True,Industrial,HANDLER,2,494658,0;;;
Trevor;06:09:55;14:58:13;-90.05275,-2446.042,-2446.042;True,Industrial,HANDLER,2,492017,-1;;;
Trevor;06:09:56;14:58:13;-89.57858,-2445.61,-2445.61;True,Industrial,HANDLER,0,02926568,0;;;
Trevor;06:09:56;14:58:14;-89.58618,-2445.619,-2445.619;True,Industrial,HANDLER,0,0;;;
Trevor;06:09:57;14:58:14;-89.58797,-2445.618,-2445.618;True,Industrial,HANDLER,0,005947269,0;;;
Trevor;06:09:57;14:58:15;-89.5883,-2445.618,-2445.618;True,Industrial,HANDLER,0,0;;;
Trevor;06:09:58;14:58:16;-89.5883,-2445.618,-2445.618;True,Industrial,HANDLER,0,0;;;
Trevor;06:09:58;14:58:16;-89.5883,-2445.618,-2445.618;True,Industrial,HANDLER,0,0;;;
Trevor;06:09:59;14:58:17;-89.5883,-2445.618,-2445.618;True,Industrial,HANDLER,0,0;;;
Trevor;06:09:59;14:58:17;-89.5883,-2445.618,-2445.618;True,Industrial,HANDLER,0,0;;;
Trevor;06:10:00;14:58:18;-87.14761,-2447.005,-2447.005;;;;
Trevor;06:10:00;14:58:18;-86.44048,-2446.938,-2446.938;;;;
Trevor;06:10:01;14:58:19;-84.63842,-2445.591,-2445.591;;;;
Trevor;06:10:01;14:58:19;-84.8422,-2442.322,-2442.322;;;;
Trevor;06:10:02;14:58:20;-83.99338,-2438.835,-2438.835;;;;
Trevor;06:10:02;14:58:20;-82.71922,-2435.675,-2435.675;;;;
Trevor;06:10:03;14:58:21;-81.12188,-2432.575,-2432.575;;;;
Trevor;06:10:03;14:58:21;-78.93892,-2429.631,-2429.631;;;;
Trevor;06:10:04;14:58:22;-76.49141,-2426.992,-2426.992;;;;
Trevor;06:10:04;14:58:22;-74.82806,-2424.013,-2424.013;;;;
Trevor;06:10:05;14:58:23;-73.80038,-2420.898,-2420.898;;;;
Trevor;06:10:05;14:58:23;-73.49471,-2417.5,-2417.5;;;;
Trevor;06:10:06;14:58:24;-73.52473,-2414.012,-2414.012;;;;
Trevor;06:10:07;14:58:24;-73.67434,-2410.419,-2410.419;;;;
Trevor;06:10:07;14:58:25;-73.0125,-2406.95,-2406.95;;;;
Trevor;06:10:08;14:58:25;-70.95385,-2404.22,-2404.22;;;;
Trevor;06:10:08;14:58:26;-68.04488,-2402.359,-2402.359;;;;
Trevor;06:10:09;14:58:26;-64.80139,-2402.34,-2402.34;;;;
Trevor;06:10:09;14:58:27;-61.29682,-2403.061,-2403.061;;;;
Trevor;06:10:10;14:58:28;-58.02831,-2403.474,-2403.474;;;;
Trevor;06:10:10;14:58:28;-54.504,-2403.674,-2403.674;;;;
Trevor;06:10:11;14:58:29;-51.24903,-2404.245,-2404.245;;;;
Trevor;06:10:11;14:58:29;-49.81047,-2404.859,-2404.859;;;;
Trevor;06:10:12;14:58:30;-49.82938,-2404.953,-2404.953;;;;
Trevor;06:10:12;14:58:30;-49.82185,-2404.96,-2404.96;;;;
Trevor;06:10:13;14:58:31;-49.82185,-2404.96,-2404.96;;;;
Trevor;06:10:13;14:58:31;-49.81615,-2405.346,-2405.346;;;;
Trevor;06:10:14;14:58:32;-49.85462,-2405.938,-2405.938;;;;
Trevor;06:10:14;14:58:32;-50.62346,-2405.942,-2405.942;;;;
Trevor;06:10:15;14:58:33;-51.75467,-2405.719,-2405.719;;;;
Trevor;06:10:15;14:58:33;-52.70775,-2405.78,-2405.78;;;;
Trevor;06:10:16;14:58:34;-53.55521,-2405.834,-2405.834;;;;
Trevor;06:10:16;14:58:34;-54.38986,-2405.89,-2405.89;;;;
Trevor;06:10:17;14:58:35;-55.23909,-2405.954,-2405.954;;;;
Trevor;06:10:18;14:58:35;-56.13705,-2405.984,-2405.984;;;;
Trevor;06:10:18;14:58:36;-57.07598,-2405.984,-2405.984;;;;
Trevor;06:10:19;14:58:36;-57.76319,-2407.151,-2407.151;;;;
Trevor;06:10:19;14:58:37;-58.17165,-2408.02,-2408.02;;;;
Trevor;06:10:20;14:58:38;-58.07399,-2407.928,-2407.928;;;;
Trevor;06:10:20;14:58:38;-57.54379,-2407.918,-2407.918;;;;
Trevor;06:10:21;14:58:39;-55.71133,-2407.912,-2407.912;;;;
Trevor;06:10:21;14:58:39;-53.24701,-2407.708,-2407.708;;;;
Trevor;06:10:22;14:58:40;-51.4463,-2407.617,-2407.617;;;;
Trevor;06:10:22;14:58:40;-51.32459,-2407.707,-2407.707;;;;
Trevor;06:10:23;14:58:41;-51.23104,-2407.66,-2407.66;;;;
Trevor;06:10:23;14:58:41;-51.23109,-2407.66,-2407.66;;;;
Trevor;06:10:24;14:58:42;-51.23116,-2407.66,-2407.66;;;;
Trevor;06:10:24;14:58:42;-51.23116,-2407.642,-2407.642;;;;
Trevor;06:10:25;14:58:43;-51.22956,-2407.095,-2407.095;;;;
Trevor;06:10:25;14:58:43;-50.90425,-2406.458,-2406.458;;Hey, there ain't time to admire the view. I been waiting on a crane driver nearly an hour.;SIGNALMAN;DH1_FJAA
Trevor;06:10:26;14:58:44;-49.67581,-2405.64,-2405.64;;;;
Trevor;06:10:26;14:58:44;-49.11831,-2405.813,-2405.813;;;;
Trevor;06:10:27;14:58:45;-49.23581,-2405.924,-2405.924;;;;
Trevor;06:10:27;14:58:45;-49.24848,-2405.95,-2405.95;;;;
Trevor;06:10:28;14:58:46;-49.24848,-2405.95,-2405.95;;;;
Trevor;06:10:29;14:58:46;-49.24848,-2405.992,-2405.992;;;;
Trevor;06:10:29;14:58:47;-49.2483,-2406.352,-2406.352;;;;
Trevor;06:10:30;14:58:47;-48.99932,-2407.135,-2407.135;;;;
Trevor;06:10:30;14:58:48;-49.02487,-2409.264,-2409.264;;;;
Trevor;06:10:31;14:58:48;-49.0344,-2411.698,-2411.698;;I'm not permitted to drive cranes, buddy.;Trevor;DH1_FJAB
Trevor;06:10:31;14:58:49;-49.04288,-2414.087,-2414.087;;;;
Trevor;06:10:32;14:58:49;-49.36044,-2415.461,-2415.461;;;;
Trevor;06:10:32;14:58:50;-49.35969,-2415.042,-2415.042;;;;
Trevor;06:10:33;14:58:51;-49.6399,-2414.983,-2414.983;;;;
Trevor;06:10:33;14:58:51;-49.82144,-2414.989,-2414.989;;Hey, you need me to get your Union rep up here, right now? Sooner you get in the cab, sooner we can get out of here.;SIGNALMAN;DH1_FJAC
Trevor;06:10:34;14:58:52;-50.48435,-2415.025,-2415.025;;;;
Trevor;06:10:34;14:58:52;-51.34962,-2414.852,-2414.852;;;;
Trevor;06:10:35;14:58:53;-52.03387,-2414.667,-2414.667;;;;
Trevor;06:10:35;14:58:53;-52.19971,-2414.32,-2414.32;;;;
Trevor;06:10:36;14:58:54;-52.25466,-2414.13,-2414.13;;;;
Trevor;06:10:36;14:58:54;-52.25466,-2414.123,-2414.123;;;;
Trevor;06:10:37;14:58:55;-52.25466,-2414.123,-2414.123;;;;
Trevor;06:10:37;14:58:55;-52.5828,-2414.26,-2414.26;;;;
Trevor;06:10:38;14:58:56;-53.05291,-2414.581,-2414.581;;;;
Trevor;06:10:38;14:58:56;-53.34155,-2414.6,-2414.6;;;;
Trevor;06:10:39;14:58:57;-53.58621,-2414.505,-2414.505;;This is on you.;Trevor;DH1_FJAD
Trevor;06:10:39;14:58:57;-53.77011,-2414.391,-2414.391;;;;
Trevor;06:10:40;14:58:58;-53.84517,-2414.319,-2414.319;;;;
Trevor;06:10:41;14:58:58;-53.84048,-2414.298,-2414.298;;;;
Trevor;06:10:41;14:58:59;-53.83128,-2414.291,-2414.291;;;;
Trevor;06:10:42;14:58:59;-53.53016,-2414.291,-2414.291;;;;
Trevor;06:10:42;14:59:00;-53.53016,-2414.291,-2414.291;;Alright, I'm here. What do I do?;Trevor;DH1_FVAA
Trevor;06:10:43;14:59:00;-53.53016,-2414.291,-2414.291;;;;
Trevor;06:10:43;14:59:01;-53.53016,-2414.291,-2414.291;;;;
Trevor;06:10:44;14:59:01;-53.53016,-2414.291,-2414.291;;;;
Trevor;06:10:44;14:59:02;-53.55431,-2414.291,-2414.291;;;;
Trevor;06:10:45;14:59:03;-53.92838,-2414.291,-2414.291;;;;
Trevor;06:10:45;14:59:03;-54.19454,-2414.291,-2414.291;;;;
Trevor;06:10:46;14:59:04;-55.2401,-2414.291,-2414.291;;;;
Trevor;06:10:46;14:59:04;-56.74102,-2414.291,-2414.291;;;;
Trevor;06:10:47;14:59:05;-57.65665,-2414.291,-2414.291;;;;
Trevor;06:10:47;14:59:05;-57.77954,-2414.291,-2414.291;;;;
Trevor;06:10:48;14:59:06;-57.1787,-2414.291,-2414.291;;;;
Trevor;06:10:48;14:59:06;-56.82617,-2414.291,-2414.291;;;;
Trevor;06:10:49;14:59:07;-56.82617,-2414.484,-2414.484;;;;
Trevor;06:10:49;14:59:07;-56.82617,-2415.793,-2415.793;;;;
Trevor;06:10:50;14:59:08;-56.82617,-2416.559,-2416.559;;;;
Trevor;06:10:50;14:59:08;-56.82577,-2416.574,-2416.574;;;;
Trevor;06:10:51;14:59:09;-56.39741,-2416.574,-2416.574;;;;
Trevor;06:10:51;14:59:09;-55.16456,-2416.574,-2416.574;;;;
Trevor;06:10:52;14:59:10;-53.57437,-2416.574,-2416.574;;First up - position the cabin over a container.;SIGNALMAN;DH1_FLAA
Trevor;06:10:53;14:59:10;-52.01389,-2416.574,-2416.574;;;;
Trevor;06:10:53;14:59:11;-50.55445,-2416.574,-2416.574;;;;
Trevor;06:10:54;14:59:11;-49.12246,-2416.574,-2416.574;;;;
Trevor;06:10:54;14:59:12;-48.82716,-2416.574,-2416.574;;;;
Trevor;06:10:55;14:59:12;-48.82716,-2416.574,-2416.574;;;;
Trevor;06:10:55;14:59:13;-48.82716,-2416.569,-2416.569;;;;
Trevor;06:10:56;14:59:13;-48.82716,-2416.037,-2416.037;;;;
Trevor;06:10:56;14:59:14;-48.82716,-2416.309,-2416.309;;There are some lights on the spreader that should help with alignment.;SIGNALMAN;DH1_FXAA
Trevor;06:10:57;14:59:15;-48.82716,-2416.331,-2416.331;;;;
Trevor;06:10:57;14:59:15;-48.97514,-2416.331,-2416.331;;;;
Trevor;06:10:58;14:59:16;-49.74571,-2416.331,-2416.331;;;;
Trevor;06:10:58;14:59:16;-50.00061,-2416.331,-2416.331;;;;
Trevor;06:10:59;14:59:17;-50.01544,-2416.331,-2416.331;;;;
Trevor;06:10:59;14:59:17;-50.41753,-2416.331,-2416.331;;;;
Trevor;06:11:00;14:59:18;-50.45459,-2416.331,-2416.331;;;;
Trevor;06:11:00;14:59:18;-50.45459,-2416.331,-2416.331;;;;
Trevor;06:11:01;14:59:19;-50.45546,-2416.331,-2416.331;;;;
Trevor;06:11:01;14:59:19;-50.75599,-2416.331,-2416.331;;;;
Trevor;06:11:02;14:59:20;-50.77089,-2416.331,-2416.331;;;;
Trevor;06:11:02;14:59:20;-50.77089,-2416.331,-2416.331;;;;
Trevor;06:11:03;14:59:21;-50.77089,-2416.331,-2416.331;;;;
Trevor;06:11:03;14:59:21;-50.77089,-2416.331,-2416.331;;;;
Trevor;06:11:04;14:59:22;-50.76966,-2416.445,-2416.445;;;;
Trevor;06:11:05;14:59:22;-50.76882,-2416.522,-2416.522;;;;
Trevor;06:11:05;14:59:23;-50.76882,-2416.522,-2416.522;;;;
Trevor;06:11:06;14:59:23;-50.76882,-2416.522,-2416.522;;;;
Trevor;06:11:06;14:59:24;-50.76882,-2416.522,-2416.522;;;;
Trevor;06:11:07;14:59:24;-50.76882,-2416.522,-2416.522;;;;
Trevor;06:11:07;14:59:25;-50.76882,-2416.522,-2416.522;;;;
Trevor;06:11:08;14:59:25;-50.76882,-2416.522,-2416.522;;;;
Trevor;06:11:08;14:59:26;-50.76882,-2416.522,-2416.522;;;;
Trevor;06:11:09;14:59:27;-50.76882,-2416.522,-2416.522;;;;
Trevor;06:11:09;14:59:27;-50.76882,-2416.522,-2416.522;;;;
Trevor;06:11:10;14:59:28;-50.76882,-2416.522,-2416.522;;;;
Trevor;06:11:10;14:59:28;-50.76882,-2416.522,-2416.522;;;;
Trevor;06:11:11;14:59:29;-50.76882,-2416.522,-2416.522;;;;
Trevor;06:11:11;14:59:29;-50.76882,-2416.522,-2416.522;;;;
Trevor;06:11:12;14:59:30;-50.76882,-2416.522,-2416.522;;;;
Trevor;06:11:12;14:59:30;-50.76882,-2416.522,-2416.522;;;;
Trevor;06:11:13;14:59:31;-50.76882,-2416.522,-2416.522;;;;
Trevor;06:11:13;14:59:31;-50.76882,-2416.522,-2416.522;;;;
Trevor;06:11:14;14:59:32;-50.76882,-2416.522,-2416.522;;;;
Trevor;06:11:14;14:59:32;-50.76882,-2416.522,-2416.522;;;;
Trevor;06:11:15;14:59:33;-50.76882,-2416.522,-2416.522;;Looks like you're in line.;SIGNALMAN;DH1_FMAA
Trevor;06:11:15;14:59:33;-50.76882,-2416.522,-2416.522;;;;
Trevor;06:11:16;14:59:34;-50.76882,-2416.522,-2416.522;;;;
Trevor;06:11:17;14:59:34;-50.76882,-2416.522,-2416.522;;;;
Trevor;06:11:17;14:59:35;-50.76882,-2416.522,-2416.522;;That's lined up. Move the spreader down so it can grab the container.;SIGNALMAN;DH1_FNAA
Trevor;06:11:18;14:59:35;-50.76882,-2416.522,-2416.522;;;;
Trevor;06:11:18;14:59:36;-50.76882,-2416.522,-2416.522;;;;
Trevor;06:11:19;14:59:36;-50.76882,-2416.522,-2416.522;;;;
Trevor;06:11:19;14:59:37;-50.76882,-2416.522,-2416.522;;;;
Trevor;06:11:20;14:59:38;-50.76882,-2416.522,-2416.522;;;;
Trevor;06:11:20;14:59:38;-50.76882,-2416.522,-2416.522;;;;
Trevor;06:11:21;14:59:39;-50.76882,-2416.522,-2416.522;;;;
Trevor;06:11:21;14:59:39;-50.76882,-2416.522,-2416.522;;;;
Trevor;06:11:22;14:59:40;-50.76882,-2416.522,-2416.522;;;;
Trevor;06:11:22;14:59:40;-50.76882,-2416.522,-2416.522;;;;
Trevor;06:11:23;14:59:41;-50.76882,-2416.522,-2416.522;;;;
Trevor;06:11:23;14:59:41;-50.76882,-2416.522,-2416.522;;;;
Trevor;06:11:24;14:59:42;-50.76882,-2416.522,-2416.522;;;;
Trevor;06:11:24;14:59:42;-50.76882,-2416.522,-2416.522;;;;
Trevor;06:11:25;14:59:43;-50.76882,-2416.522,-2416.522;;;;
Trevor;06:11:25;14:59:43;-50.76882,-2416.522,-2416.522;;;;
Trevor;06:11:26;14:59:44;-50.76882,-2416.522,-2416.522;;;;
Trevor;06:11:26;14:59:44;-50.76882,-2416.522,-2416.522;;;;
Trevor;06:11:27;14:59:45;-50.76882,-2416.522,-2416.522;;;;
Trevor;06:11:27;14:59:45;-50.76882,-2416.522,-2416.522;;;;
Trevor;06:11:28;14:59:46;-50.76882,-2416.522,-2416.522;;;;
Trevor;06:11:29;14:59:46;-50.76882,-2416.522,-2416.522;;;;
Trevor;06:11:29;14:59:47;-50.76882,-2416.522,-2416.522;;;;
Trevor;06:11:30;14:59:47;-50.76882,-2416.522,-2416.522;;;;
Trevor;06:11:30;14:59:48;-50.76882,-2416.522,-2416.522;;;;
Trevor;06:11:31;14:59:48;-50.76882,-2416.522,-2416.522;;;;
Trevor;06:11:31;14:59:49;-50.76882,-2416.522,-2416.522;;;;
Trevor;06:11:32;14:59:50;-50.76882,-2416.522,-2416.522;;;;
Trevor;06:11:32;14:59:50;-50.76882,-2416.522,-2416.522;;;;
Trevor;06:11:33;14:59:51;-50.76882,-2416.522,-2416.522;;;;
Trevor;06:11:33;14:59:51;-50.76882,-2416.522,-2416.522;;;;
Trevor;06:11:34;14:59:52;-50.76882,-2416.522,-2416.522;;;;
Trevor;06:11:34;14:59:52;-50.76882,-2416.522,-2416.522;;;;
Trevor;06:11:35;14:59:53;-50.76882,-2416.522,-2416.522;;;;
Trevor;06:11:35;14:59:53;-50.76882,-2416.522,-2416.522;;;;
Trevor;06:11:36;14:59:54;-50.76882,-2416.522,-2416.522;;;;
Trevor;06:11:36;14:59:54;-50.76882,-2416.522,-2416.522;;;;
Trevor;06:11:37;14:59:55;-50.76882,-2416.522,-2416.522;;;;
Trevor;06:11:37;14:59:55;-50.76882,-2416.522,-2416.522;;;;
Trevor;06:11:38;14:59:56;-50.76882,-2416.522,-2416.522;;;;
Trevor;06:11:38;14:59:56;-50.76882,-2416.522,-2416.522;;;;
Trevor;06:11:39;14:59:57;-50.76882,-2416.522,-2416.522;;;;
Trevor;06:11:40;14:59:57;-50.76882,-2416.522,-2416.522;;;;
Trevor;06:11:40;14:59:58;-50.76882,-2416.522,-2416.522;;;;
Trevor;06:11:41;14:59:58;-50.76882,-2416.522,-2416.522;;;;
Trevor;06:11:41;14:59:59;-50.76882,-2416.522,-2416.522;;;;
Trevor;06:11:42;14:59:59;-50.76882,-2416.522,-2416.522;;;;
Trevor;06:11:42;15:00:00;-50.76882,-2416.522,-2416.522;;;;
Trevor;06:11:43;15:00:01;-50.76882,-2416.522,-2416.522;;;;
Trevor;06:11:43;15:00:01;-50.76882,-2416.522,-2416.522;;;;
Trevor;06:11:44;15:00:02;-50.76882,-2416.522,-2416.522;;;;
Trevor;06:11:44;15:00:02;-50.76882,-2416.522,-2416.522;;;;
Trevor;06:11:45;15:00:03;-50.76882,-2416.522,-2416.522;;;;
Trevor;06:11:45;15:00:03;-50.76882,-2416.522,-2416.522;;;;
Trevor;06:11:46;15:00:04;-50.76882,-2416.522,-2416.522;;;;
Trevor;06:11:46;15:00:04;-50.76882,-2416.522,-2416.522;;;;
Trevor;06:11:47;15:00:05;-50.76882,-2416.522,-2416.522;;;;
Trevor;06:11:47;15:00:05;-50.76882,-2416.522,-2416.522;;;;
Trevor;06:11:48;15:00:06;-50.76882,-2416.522,-2416.522;;;;
Trevor;06:11:48;15:00:06;-50.76882,-2416.522,-2416.522;;;;
Trevor;06:11:49;15:00:07;-50.76882,-2416.522,-2416.522;;;;
Trevor;06:11:49;15:00:07;-50.76882,-2416.522,-2416.522;;;;
Trevor;06:11:50;15:00:08;-50.76882,-2416.522,-2416.522;;;;
Trevor;06:11:50;15:00:08;-50.76882,-2416.522,-2416.522;;;;
Trevor;06:11:51;15:00:09;-50.76882,-2416.522,-2416.522;;;;
Trevor;06:11:52;15:00:09;-50.76882,-2416.522,-2416.522;;;;
Trevor;06:11:52;15:00:10;-50.76882,-2416.522,-2416.522;;;;
Trevor;06:11:53;15:00:10;-50.76882,-2416.522,-2416.522;;;;
Trevor;06:11:53;15:00:11;-50.76882,-2416.522,-2416.522;;;;
Trevor;06:11:54;15:00:11;-50.76882,-2416.522,-2416.522;;;;
Trevor;06:11:54;15:00:12;-50.76882,-2416.522,-2416.522;;;;
Trevor;06:11:55;15:00:13;-50.76882,-2416.522,-2416.522;;;;
Trevor;06:11:55;15:00:13;-50.76882,-2416.522,-2416.522;;;;
Trevor;06:11:56;15:00:14;-50.76882,-2416.522,-2416.522;;;;
Trevor;06:11:56;15:00:14;-50.76882,-2416.522,-2416.522;;;;
Trevor;06:11:57;15:00:15;-50.76882,-2416.522,-2416.522;;;;
Trevor;06:11:57;15:00:15;-50.76882,-2416.522,-2416.522;;;;
Trevor;06:11:58;15:00:16;-50.76882,-2416.522,-2416.522;;;;
Trevor;06:11:58;15:00:16;-50.76882,-2416.522,-2416.522;;;;
Trevor;06:11:59;15:00:17;-50.76882,-2416.522,-2416.522;;;;
Trevor;06:11:59;15:00:17;-50.76882,-2416.522,-2416.522;;;;
Trevor;06:12:00;15:00:18;-50.76882,-2416.522,-2416.522;;;;
Trevor;06:12:00;15:00:18;-50.76882,-2416.522,-2416.522;;;;
Trevor;06:12:01;15:00:19;-50.76882,-2416.522,-2416.522;;;;
Trevor;06:12:01;15:00:19;-50.76882,-2416.522,-2416.522;;;;
Trevor;06:12:02;15:00:20;-50.76882,-2416.522,-2416.522;;;;
Trevor;06:12:02;15:00:20;-50.76882,-2416.522,-2416.522;;;;
Trevor;06:12:03;15:00:21;-50.76882,-2416.522,-2416.522;;;;
Trevor;06:12:03;15:00:21;-50.76882,-2416.522,-2416.522;;;;
Trevor;06:12:04;15:00:22;-50.76882,-2416.522,-2416.522;;;;
Trevor;06:12:05;15:00:22;-50.76882,-2416.522,-2416.522;;;;
Trevor;06:12:05;15:00:23;-50.76882,-2416.522,-2416.522;;;;
Trevor;06:12:06;15:00:23;-50.76882,-2416.522,-2416.522;;;;
Trevor;06:12:06;15:00:24;-50.76882,-2416.522,-2416.522;;;;
Trevor;06:12:07;15:00:24;-50.76882,-2416.522,-2416.522;;;;
Trevor;06:12:07;15:00:25;-50.76882,-2416.522,-2416.522;;;;
Trevor;06:12:08;15:00:26;-50.76882,-2416.522,-2416.522;;;;
Trevor;06:12:08;15:00:26;-50.76882,-2416.522,-2416.522;;;;
Trevor;06:12:09;15:00:27;-50.76882,-2416.522,-2416.522;;;;
Trevor;06:12:09;15:00:27;-50.76882,-2416.522,-2416.522;;;;
Trevor;06:12:10;15:00:28;-50.76882,-2416.522,-2416.522;;;;
Trevor;06:12:10;15:00:28;-50.76882,-2416.522,-2416.522;;;;
Trevor;06:12:11;15:00:29;-50.76882,-2416.522,-2416.522;;;;
Trevor;06:12:11;15:00:29;-50.76882,-2416.522,-2416.522;;;;
Trevor;06:12:12;15:00:30;-50.76882,-2416.522,-2416.522;;;;
Trevor;06:12:12;15:00:30;-50.76882,-2416.522,-2416.522;;;;
Trevor;06:12:13;15:00:31;-50.76882,-2416.522,-2416.522;;;;
Trevor;06:12:13;15:00:31;-50.76882,-2416.522,-2416.522;;;;
Trevor;06:12:14;15:00:32;-50.76882,-2416.522,-2416.522;;;;
Trevor;06:12:14;15:00:32;-50.76882,-2416.522,-2416.522;;;;
Trevor;06:12:15;15:00:33;-50.76882,-2416.522,-2416.522;;;;
Trevor;06:12:15;15:00:33;-50.76882,-2416.522,-2416.522;;;;
Trevor;06:12:16;15:00:34;-50.76882,-2416.522,-2416.522;;;;
Trevor;06:12:17;15:00:34;-50.76882,-2416.522,-2416.522;;;;
Trevor;06:12:17;15:00:35;-50.76882,-2416.522,-2416.522;;;;
Trevor;06:12:18;15:00:35;-50.76882,-2416.522,-2416.522;;;;
Trevor;06:12:18;15:00:36;-50.76882,-2416.522,-2416.522;;;;
Trevor;06:12:19;15:00:36;-50.76882,-2416.522,-2416.522;;;;
Trevor;06:12:19;15:00:37;-50.76882,-2416.522,-2416.522;;;;
Trevor;06:12:20;15:00:37;-50.76882,-2416.522,-2416.522;;;;
Trevor;06:12:20;15:00:38;-50.76882,-2416.522,-2416.522;;;;
Trevor;06:12:21;15:00:39;-50.76882,-2416.522,-2416.522;;;;
Trevor;06:12:21;15:00:39;-50.76882,-2416.522,-2416.522;;;;
Trevor;06:12:22;15:00:40;-50.76882,-2416.522,-2416.522;;;;
Trevor;06:12:22;15:00:40;-50.76882,-2416.522,-2416.522;;;;
Trevor;06:12:23;15:00:41;-50.76882,-2416.522,-2416.522;;;;
Trevor;06:12:23;15:00:41;-50.76882,-2416.522,-2416.522;;;;
Trevor;06:12:24;15:00:42;-50.76882,-2416.522,-2416.522;;;;
Trevor;06:12:24;15:00:42;-50.76882,-2416.522,-2416.522;;;;
Trevor;06:12:25;15:00:43;-50.76882,-2416.522,-2416.522;;;;
Trevor;06:12:25;15:00:43;-50.76882,-2416.522,-2416.522;;;;
Trevor;06:12:26;15:00:44;-50.76882,-2416.522,-2416.522;;;;
Trevor;06:12:26;15:00:44;-50.76882,-2416.522,-2416.522;;;;
Trevor;06:12:27;15:00:45;-50.76882,-2416.522,-2416.522;;;;
Trevor;06:12:27;15:00:45;-50.76882,-2416.522,-2416.522;;;;
Trevor;06:12:28;15:00:46;-50.76882,-2416.522,-2416.522;;;;
Trevor;06:12:28;15:00:46;-50.76882,-2416.522,-2416.522;;;;
Trevor;06:12:29;15:00:47;-50.76882,-2416.522,-2416.522;;;;
Trevor;06:12:30;15:00:47;-50.76882,-2416.522,-2416.522;;;;
Trevor;06:12:30;15:00:48;-50.76882,-2416.522,-2416.522;;;;
Trevor;06:12:31;15:00:48;-50.76882,-2416.522,-2416.522;;;;
Trevor;06:12:31;15:00:49;-50.76882,-2416.522,-2416.522;;;;
Trevor;06:12:32;15:00:49;-50.76882,-2416.522,-2416.522;;;;
Trevor;06:12:32;15:00:50;-50.76882,-2416.522,-2416.522;;;;
Trevor;06:12:33;15:00:51;-50.76882,-2416.522,-2416.522;;;;
Trevor;06:12:33;15:00:51;-50.76882,-2416.522,-2416.522;;;;
Trevor;06:12:34;15:00:52;-50.76882,-2416.522,-2416.522;;;;
Trevor;06:12:34;15:00:52;-50.76882,-2416.522,-2416.522;;;;
Trevor;06:12:35;15:00:53;-50.76882,-2416.522,-2416.522;;;;
Trevor;06:12:35;15:00:53;-50.76882,-2416.522,-2416.522;;;;
Trevor;06:12:36;15:00:54;-50.76882,-2416.522,-2416.522;;;;
Trevor;06:12:36;15:00:54;-50.76882,-2416.522,-2416.522;;;;
Trevor;06:12:37;15:00:55;-50.76882,-2416.522,-2416.522;;;;
Trevor;06:12:37;15:00:55;-50.76882,-2416.522,-2416.522;;;;
Trevor;06:12:38;15:00:56;-50.76882,-2416.522,-2416.522;;;;
Trevor;06:12:38;15:00:56;-50.76882,-2416.522,-2416.522;;;;
Trevor;06:12:39;15:00:57;-50.76882,-2416.522,-2416.522;;;;
Trevor;06:12:39;15:00:57;-50.76882,-2416.522,-2416.522;;;;
Trevor;06:12:40;15:00:58;-50.76882,-2416.522,-2416.522;;;;
Trevor;06:12:40;15:00:58;-50.76882,-2416.522,-2416.522;;;;
Trevor;06:12:41;15:00:59;-50.76882,-2416.522,-2416.522;;;;
Trevor;06:12:41;15:00:59;-50.76882,-2416.522,-2416.522;;;;
Trevor;06:12:42;15:01:00;-50.76882,-2416.522,-2416.522;;;;
Trevor;06:12:43;15:01:00;-50.76882,-2416.522,-2416.522;;;;
Trevor;06:12:43;15:01:01;-50.76882,-2416.522,-2416.522;;;;
Trevor;06:12:44;15:01:01;-50.76882,-2416.522,-2416.522;;;;
Trevor;06:12:44;15:01:02;-50.76882,-2416.522,-2416.522;;;;
Trevor;06:12:45;15:01:02;-50.76882,-2416.522,-2416.522;;;;
Trevor;06:12:45;15:01:03;-50.76882,-2416.522,-2416.522;;;;
Trevor;06:12:46;15:01:03;-50.76882,-2416.522,-2416.522;;;;
Trevor;06:12:46;15:01:04;-50.76882,-2416.522,-2416.522;;;;
Trevor;06:12:47;15:01:05;-50.76882,-2416.522,-2416.522;;;;
Trevor;06:12:47;15:01:05;-50.76882,-2416.522,-2416.522;;;;
Trevor;06:12:48;15:01:06;-50.76882,-2416.522,-2416.522;;;;
Trevor;06:12:48;15:01:06;-50.76882,-2416.522,-2416.522;;;;
Trevor;06:12:49;15:01:07;-50.76882,-2416.522,-2416.522;;;;
Trevor;06:12:49;15:01:07;-50.76882,-2416.522,-2416.522;;;;
Trevor;06:12:50;15:01:08;-50.76882,-2416.522,-2416.522;;;;
Trevor;06:12:50;15:01:08;-50.76882,-2416.522,-2416.522;;;;
Trevor;06:12:51;15:01:09;-50.76882,-2416.522,-2416.522;;;;
Trevor;06:12:51;15:01:09;-50.76882,-2416.522,-2416.522;;;;
Trevor;06:12:52;15:01:10;-50.76882,-2416.522,-2416.522;;;;
Trevor;06:12:52;15:01:10;-50.76882,-2416.522,-2416.522;;;;
Trevor;06:12:53;15:01:11;-50.76882,-2416.522,-2416.522;;;;
Trevor;06:12:53;15:01:11;-50.76882,-2416.522,-2416.522;;;;
Trevor;06:12:54;15:01:12;-50.76882,-2416.522,-2416.522;;;;
Trevor;06:12:54;15:01:12;-50.76882,-2416.522,-2416.522;;;;
Trevor;06:12:55;15:01:13;-50.76882,-2416.522,-2416.522;;;;
Trevor;06:12:56;15:01:13;-50.76882,-2416.522,-2416.522;;;;
Trevor;06:12:56;15:01:14;-50.76882,-2416.522,-2416.522;;;;
Trevor;06:12:57;15:01:14;-50.76882,-2416.522,-2416.522;;;;
Trevor;06:12:57;15:01:15;-50.76882,-2416.522,-2416.522;;;;
Trevor;06:12:58;15:01:15;-50.76882,-2416.522,-2416.522;;;;
Trevor;06:12:58;15:01:16;-50.76882,-2416.522,-2416.522;;;;
Trevor;06:12:59;15:01:17;-50.76882,-2416.522,-2416.522;;;;
Trevor;06:12:59;15:01:17;-50.76882,-2416.522,-2416.522;;;;
Trevor;06:13:00;15:01:18;-50.76882,-2416.522,-2416.522;;;;
Trevor;06:13:00;15:01:18;-50.76882,-2416.522,-2416.522;;;;
Trevor;06:13:01;15:01:19;-50.76882,-2416.522,-2416.522;;;;
Trevor;06:13:01;15:01:19;-50.76882,-2416.522,-2416.522;;;;
Trevor;06:13:02;15:01:20;-50.76882,-2416.522,-2416.522;;;;
Trevor;06:13:02;15:01:20;-50.76882,-2416.522,-2416.522;;;;
Trevor;06:13:03;15:01:21;-50.76882,-2416.522,-2416.522;;;;
Trevor;06:13:03;15:01:21;-50.76882,-2416.522,-2416.522;;;;
Trevor;06:13:04;15:01:22;-50.76882,-2416.522,-2416.522;;;;
Trevor;06:13:04;15:01:22;-50.76882,-2416.522,-2416.522;;;;
Trevor;06:13:05;15:01:23;-50.76882,-2416.522,-2416.522;;;;
Trevor;06:13:05;15:01:23;-50.76882,-2416.522,-2416.522;;;;
Trevor;06:13:06;15:01:24;-50.76882,-2416.522,-2416.522;;;;
Trevor;06:13:06;15:01:24;-50.76882,-2416.522,-2416.522;;;;
Trevor;06:13:07;15:01:25;-50.76882,-2416.522,-2416.522;;;;
Trevor;06:13:07;15:01:25;-50.76882,-2416.522,-2416.522;;;;
Trevor;06:13:08;15:01:26;-50.76882,-2416.522,-2416.522;;;;
Trevor;06:13:09;15:01:26;-50.76882,-2416.522,-2416.522;;;;
Trevor;06:13:09;15:01:27;-50.76882,-2416.522,-2416.522;;;;
Trevor;06:13:10;15:01:27;-50.76882,-2416.522,-2416.522;;;;
Trevor;06:13:10;15:01:28;-50.76882,-2416.522,-2416.522;;;;
Trevor;06:13:11;15:01:28;-50.76882,-2416.522,-2416.522;;;;
Trevor;06:13:11;15:01:29;-50.76882,-2416.522,-2416.522;;;;
Trevor;06:13:12;15:01:29;-50.76882,-2416.522,-2416.522;;;;
Trevor;06:13:12;15:01:30;-50.76882,-2416.522,-2416.522;;;;
Trevor;06:13:13;15:01:31;-50.76882,-2416.522,-2416.522;;;;
Trevor;06:13:13;15:01:31;-50.76882,-2416.522,-2416.522;;;;
Trevor;06:13:14;15:01:32;-50.76882,-2416.522,-2416.522;;;;
Trevor;06:13:14;15:01:32;-50.76882,-2416.522,-2416.522;;;;
Trevor;06:13:15;15:01:33;-50.76882,-2416.522,-2416.522;;;;
Trevor;06:13:15;15:01:33;-50.76882,-2416.522,-2416.522;;;;
Trevor;06:13:16;15:01:34;-50.76882,-2416.522,-2416.522;;;;
Trevor;06:13:16;15:01:34;-50.76882,-2416.522,-2416.522;;;;
Trevor;06:13:17;15:01:35;-50.76882,-2416.522,-2416.522;;;;
Trevor;06:13:17;15:01:35;-50.76882,-2416.522,-2416.522;;;;
Trevor;06:13:18;15:01:36;-50.76882,-2416.522,-2416.522;;;;
Trevor;06:13:18;15:01:36;-50.76882,-2416.522,-2416.522;;;;
Trevor;06:13:19;15:01:37;-50.76882,-2416.522,-2416.522;;;;
Trevor;06:13:19;15:01:37;-50.76882,-2416.522,-2416.522;;;;
Trevor;06:13:20;15:01:38;-50.76882,-2416.522,-2416.522;;;;
Trevor;06:13:20;15:01:38;-50.76882,-2416.522,-2416.522;;;;
Trevor;06:13:21;15:01:39;-50.76882,-2416.522,-2416.522;;;;
Trevor;06:13:21;15:01:39;-50.76882,-2416.522,-2416.522;;;;
Trevor;06:13:22;15:01:40;-50.76882,-2416.522,-2416.522;;;;
Trevor;06:13:23;15:01:40;-50.76882,-2416.522,-2416.522;;;;
Trevor;06:13:23;15:01:41;-50.76882,-2416.522,-2416.522;;;;
Trevor;06:13:24;15:01:41;-50.76882,-2416.522,-2416.522;;;;
Trevor;06:13:24;15:01:42;-50.76882,-2416.522,-2416.522;;;;
Trevor;06:13:25;15:01:42;-50.76882,-2416.522,-2416.522;;;;
Trevor;06:13:25;15:01:43;-50.76882,-2416.522,-2416.522;;;;
Trevor;06:13:26;15:01:44;-50.76882,-2416.522,-2416.522;;;;
Trevor;06:13:26;15:01:44;-50.76882,-2416.522,-2416.522;;;;
Trevor;06:13:27;15:01:45;-50.76882,-2416.522,-2416.522;;;;
Trevor;06:13:27;15:01:45;-50.76882,-2416.522,-2416.522;;;;
Trevor;06:13:28;15:01:46;-50.76882,-2416.522,-2416.522;;;;
Trevor;06:13:28;15:01:46;-50.76882,-2416.522,-2416.522;;;;
Trevor;06:13:29;15:01:47;-50.76882,-2416.522,-2416.522;;;;
Trevor;06:13:29;15:01:47;-50.76882,-2416.522,-2416.522;;;;
Trevor;06:13:30;15:01:48;-50.76882,-2416.522,-2416.522;;;;
Trevor;06:13:30;15:01:48;-50.76882,-2416.522,-2416.522;;;;
Trevor;06:13:31;15:01:49;-50.76882,-2416.522,-2416.522;;;;
Trevor;06:13:31;15:01:49;-50.76882,-2416.522,-2416.522;;;;
Trevor;06:13:32;15:01:50;-50.76882,-2416.522,-2416.522;;;;
Trevor;06:13:32;15:01:50;-50.76882,-2416.522,-2416.522;;;;
Trevor;06:13:33;15:01:51;-50.76882,-2416.522,-2416.522;;;;
Trevor;06:13:33;15:01:51;-50.76882,-2416.522,-2416.522;;;;
Trevor;06:13:34;15:01:52;-50.76882,-2416.522,-2416.522;;;;
Trevor;06:13:34;15:01:52;-50.76882,-2416.522,-2416.522;;;;
Trevor;06:13:35;15:01:53;-50.76882,-2416.522,-2416.522;;;;
Trevor;06:13:36;15:01:53;-50.76882,-2416.522,-2416.522;;She's there. Lock her on.;SIGNALMAN;DH1_FOAA
Trevor;06:13:36;15:01:54;-50.76996,-2416.479,-2416.479;;;;
Trevor;06:13:37;15:01:54;-50.76996,-2416.479,-2416.479;;;;
Trevor;06:13:37;15:01:55;-50.77204,-2416.329,-2416.329;;;;
Trevor;06:13:38;15:01:55;-50.77559,-2416.073,-2416.073;;;;
Trevor;06:13:38;15:01:56;-50.77832,-2415.878,-2415.878;;It's hooked up. So, lift it high enough to clear that container stack, and move it to the other end.;SIGNALMAN;DH1_FPAA
Trevor;06:13:39;15:01:56;-50.77832,-2415.878,-2415.878;;;;
Trevor;06:13:39;15:01:57;-50.77832,-2415.878,-2415.878;;;;
Trevor;06:13:40;15:01:58;-50.77832,-2415.878,-2415.878;;;;
Trevor;06:13:40;15:01:58;-50.77832,-2415.878,-2415.878;;;;
Trevor;06:13:41;15:01:59;-50.77832,-2415.878,-2415.878;;;;
Trevor;06:13:41;15:01:59;-50.77832,-2415.878,-2415.878;;;;
Trevor;06:13:42;15:02:00;-50.77832,-2415.878,-2415.878;;;;
Trevor;06:13:42;15:02:00;-50.77832,-2415.878,-2415.878;;;;
Trevor;06:13:43;15:02:01;-50.77832,-2415.878,-2415.878;;;;
Trevor;06:13:43;15:02:01;-50.77832,-2415.878,-2415.878;;Take us to the other end, bay number five.;SIGNALMAN;DH1_FZAA
Trevor;06:13:44;15:02:02;-50.77832,-2415.878,-2415.878;;;;
Trevor;06:13:44;15:02:02;-50.77832,-2415.878,-2415.878;;;;
Trevor;06:13:45;15:02:03;-50.77832,-2415.878,-2415.878;;;;
Trevor;06:13:45;15:02:03;-50.77832,-2415.878,-2415.878;;;;
Trevor;06:13:46;15:02:04;-50.77832,-2415.878,-2415.878;;;;
Trevor;06:13:46;15:02:04;-50.77832,-2415.878,-2415.878;;;;
Trevor;06:13:47;15:02:05;-50.77832,-2415.878,-2415.878;;Keep going, keep going.;SIGNALMAN;DH1_GBAA
Trevor;06:13:48;15:02:05;-50.77832,-2415.878,-2415.878;;;;
Trevor;06:13:48;15:02:06;-50.77832,-2415.878,-2415.878;;;;
Trevor;06:13:49;15:02:06;-50.77832,-2415.878,-2415.878;;;;
Trevor;06:13:49;15:02:07;-50.77832,-2415.878,-2415.878;;;;
Trevor;06:13:50;15:02:07;-50.77832,-2415.878,-2415.878;;;;
Trevor;06:13:50;15:02:08;-50.77832,-2415.878,-2415.878;;;;
Trevor;06:13:51;15:02:08;-50.77832,-2415.878,-2415.878;;;;
Trevor;06:13:51;15:02:09;-50.77832,-2415.878,-2415.878;;;;
Trevor;06:13:52;15:02:10;-50.77832,-2415.878,-2415.878;;;;
Trevor;06:13:52;15:02:10;-50.77832,-2415.878,-2415.878;;;;
Trevor;06:13:53;15:02:11;-50.77832,-2415.878,-2415.878;;;;
Trevor;06:13:53;15:02:11;-50.77832,-2415.878,-2415.878;;;;
Trevor;06:13:54;15:02:12;-50.77832,-2415.878,-2415.878;;;;
Trevor;06:13:54;15:02:12;-50.77832,-2415.878,-2415.878;;;;
Trevor;06:13:55;15:02:13;-50.77832,-2415.878,-2415.878;;;;
Trevor;06:13:55;15:02:13;-50.77832,-2415.878,-2415.878;;;;
Trevor;06:13:56;15:02:14;-50.77832,-2415.878,-2415.878;;;;
Trevor;06:13:56;15:02:14;-50.77832,-2415.878,-2415.878;;;;
Trevor;06:13:57;15:02:15;-50.77832,-2415.878,-2415.878;;;;
Trevor;06:13:57;15:02:15;-50.77832,-2415.878,-2415.878;;;;
Trevor;06:13:58;15:02:16;-50.77832,-2415.878,-2415.878;;;;
Trevor;06:13:58;15:02:16;-50.77832,-2415.878,-2415.878;;;;
Trevor;06:13:59;15:02:17;-50.77832,-2415.878,-2415.878;;;;
Trevor;06:13:59;15:02:17;-50.77832,-2415.878,-2415.878;;;;
Trevor;06:14:00;15:02:18;-50.77832,-2415.878,-2415.878;;;;
Trevor;06:14:00;15:02:18;-50.77832,-2415.878,-2415.878;;That's the truck. Ease her onto it.;SIGNALMAN;DH1_BOAA
Trevor;06:14:01;15:02:19;-50.77832,-2415.878,-2415.878;;;;
Trevor;06:14:02;15:02:19;-50.77832,-2415.878,-2415.878;;;;
Trevor;06:14:02;15:02:20;-50.77832,-2415.878,-2415.878;;;;
Trevor;06:14:03;15:02:20;-50.77832,-2415.878,-2415.878;;;;
Trevor;06:14:03;15:02:21;-50.77832,-2415.878,-2415.878;;;;
Trevor;06:14:04;15:02:21;-50.77832,-2415.878,-2415.878;;;;
Trevor;06:14:04;15:02:22;-50.77832,-2415.878,-2415.878;;Bring the container down over the truck's frame.;SIGNALMAN;DH1_FYAA
Trevor;06:14:05;15:02:22;-50.77832,-2415.878,-2415.878;;;;
Trevor;06:14:05;15:02:23;-50.77832,-2415.878,-2415.878;;;;
Trevor;06:14:06;15:02:24;-50.77832,-2415.878,-2415.878;;;;
Trevor;06:14:06;15:02:24;-50.77832,-2415.878,-2415.878;;;;
Trevor;06:14:07;15:02:25;-50.77832,-2415.878,-2415.878;;;;
Trevor;06:14:07;15:02:25;-50.77832,-2415.878,-2415.878;;;;
Trevor;06:14:08;15:02:26;-50.77832,-2415.878,-2415.878;;;;
Trevor;06:14:08;15:02:26;-50.77832,-2415.878,-2415.878;;;;
Trevor;06:14:09;15:02:27;-50.77832,-2415.878,-2415.878;;;;
Trevor;06:14:09;15:02:27;-50.77832,-2415.878,-2415.878;;;;
Trevor;06:14:10;15:02:28;-50.77832,-2415.878,-2415.878;;;;
Trevor;06:14:10;15:02:28;-50.77832,-2415.878,-2415.878;;;;
Trevor;06:14:11;15:02:29;-50.77832,-2415.878,-2415.878;;;;
Trevor;06:14:11;15:02:29;-50.77832,-2415.878,-2415.878;;;;
Trevor;06:14:12;15:02:30;-50.77832,-2415.878,-2415.878;;;;
Trevor;06:14:12;15:02:30;-50.77832,-2415.878,-2415.878;;;;
Trevor;06:14:13;15:02:31;-50.77832,-2415.878,-2415.878;;;;
Trevor;06:14:13;15:02:31;-50.77832,-2415.878,-2415.878;;;;
Trevor;06:14:14;15:02:32;-50.77832,-2415.878,-2415.878;;;;
Trevor;06:14:15;15:02:32;-50.77832,-2415.878,-2415.878;;;;
Trevor;06:14:15;15:02:33;-50.77832,-2415.878,-2415.878;;;;
Trevor;06:14:16;15:02:33;-50.77832,-2415.878,-2415.878;;;;
Trevor;06:14:16;15:02:34;-50.77832,-2415.878,-2415.878;;;;
Trevor;06:14:17;15:02:34;-50.77832,-2415.878,-2415.878;;;;
Trevor;06:14:17;15:02:35;-50.77832,-2415.878,-2415.878;;;;
Trevor;06:14:18;15:02:35;-50.77832,-2415.878,-2415.878;;;;
Trevor;06:14:18;15:02:36;-50.77832,-2415.878,-2415.878;;;;
Trevor;06:14:19;15:02:37;-50.77832,-2415.878,-2415.878;;Container's locked. Haul that freight.;SIGNALMAN;DH1_GDAA
Trevor;06:14:19;15:02:37;-50.77832,-2415.878,-2415.878;;;;
Trevor;06:14:20;15:02:38;-50.77832,-2415.878,-2415.878;;;;
Trevor;06:14:20;15:02:38;-50.77832,-2415.878,-2415.878;;;;
Trevor;06:14:21;15:02:39;-50.77832,-2415.878,-2415.878;;;;
Trevor;06:14:21;15:02:39;-50.77832,-2415.878,-2415.878;;Signalman and crane driver working together. Now, let's do the same thing again.;SIGNALMAN;DH1_BPAA
Trevor;06:14:22;15:02:40;-50.50741,-2415.916,-2415.916;;;;
Trevor;06:14:22;15:02:40;-49.88601,-2415.73,-2415.73;;;;
Trevor;06:14:23;15:02:41;-49.84684,-2415.412,-2415.412;;;;
Trevor;06:14:23;15:02:41;-50.46926,-2415.629,-2415.629;;;;
Trevor;06:14:24;15:02:42;-50.45916,-2416.201,-2416.201;;;;
Trevor;06:14:24;15:02:42;-49.85859,-2416.275,-2416.275;;;;
Trevor;06:14:25;15:02:43;-49.61453,-2415.798,-2415.798;;;;
Trevor;06:14:25;15:02:43;-50.11938,-2415.445,-2415.445;;;;
Trevor;06:14:26;15:02:44;-50.54454,-2415.802,-2415.802;;;;
Trevor;06:14:26;15:02:44;-50.30162,-2416.349,-2416.349;;Get back down the other end.;SIGNALMAN;DH1_GEAA
Trevor;06:14:27;15:02:45;-49.78762,-2416.224,-2416.224;;;;
Trevor;06:14:28;15:02:45;-49.74369,-2415.627,-2415.627;;;;
Trevor;06:14:28;15:02:46;-50.30768,-2415.505,-2415.505;;;;
Trevor;06:14:29;15:02:46;-50.62296,-2415.975,-2415.975;;;;
Trevor;06:14:29;15:02:47;-50.16829,-2416.334,-2416.334;;;;
Trevor;06:14:30;15:02:47;-49.68284,-2416.061,-2416.061;;;;
Trevor;06:14:30;15:02:48;-49.89137,-2415.485,-2415.485;;;;
Trevor;06:14:31;15:02:48;-50.42118,-2415.504,-2415.504;;;;
Trevor;06:14:31;15:02:49;-50.50349,-2416.112,-2416.112;;;;
Trevor;06:14:32;15:02:50;-49.98051,-2416.313,-2416.313;;;;
Trevor;06:14:32;15:02:50;-49.61151,-2415.846,-2415.846;;;;
Trevor;06:14:33;15:02:51;-49.98912,-2415.459,-2415.459;;;;
Trevor;06:14:33;15:02:51;-50.52369,-2415.702,-2415.702;;;;
Trevor;06:14:34;15:02:52;-50.35713,-2416.262,-2416.262;;;;
Trevor;06:14:34;15:02:52;-49.80068,-2416.312,-2416.312;;;;
Trevor;06:14:35;15:02:53;-49.69495,-2415.734,-2415.734;;;;
Trevor;06:14:35;15:02:53;-50.16505,-2415.443,-2415.443;;;;
Trevor;06:14:36;15:02:54;-50.56652,-2415.906,-2415.906;;Get in position over the second container in bay one.;SIGNALMAN;DH1_GFAA
Trevor;06:14:36;15:02:54;-50.2843,-2416.351,-2416.351;;;;
Trevor;06:14:37;15:02:55;-49.71101,-2416.128,-2416.128;;;;
Trevor;06:14:37;15:02:55;-49.80644,-2415.573,-2415.573;;;;
Trevor;06:14:38;15:02:56;-50.38899,-2415.484,-2415.484;;;;
Trevor;06:14:38;15:02:56;-50.52804,-2416.024,-2416.024;;;;
Trevor;06:14:39;15:02:57;-50.05613,-2416.354,-2416.354;;;;
Trevor;06:14:39;15:02:57;-49.64764,-2415.926,-2415.926;;;;
Trevor;06:14:40;15:02:58;-49.86989,-2415.43,-2415.43;;;;
Trevor;06:14:41;15:02:58;-50.43817,-2415.619,-2415.619;;;;
Trevor;06:14:41;15:02:59;-50.23597,-2416.076,-2416.076;;;;
Trevor;06:14:42;15:02:59;-49.67894,-2415.9,-2415.9;;;;
Trevor;06:14:42;15:03:00;-49.7229,-2415.42,-2415.42;;;;
Trevor;06:14:43;15:03:00;-50.30194,-2415.362,-2415.362;;;;
Trevor;06:14:43;15:03:01;-50.40441,-2415.35,-2415.35;;;;
Trevor;06:14:44;15:03:02;-50.37304,-2414.778,-2414.778;;;;
Trevor;06:14:44;15:03:02;-48.26887,-2414.82,-2414.82;;;;
Trevor;06:14:45;15:03:03;-45.80615,-2414.928,-2414.928;;;;
Trevor;06:14:45;15:03:03;-43.60142,-2415.993,-2415.993;;;;
Trevor;06:14:46;15:03:04;-42.21826,-2418.003,-2418.003;;;;
Trevor;06:14:46;15:03:04;-42.0115,-2420.443,-2420.443;;;;
Trevor;06:14:47;15:03:05;-43.02102,-2422.636,-2422.636;;;;
Trevor;06:14:47;15:03:05;-44.99067,-2424.06,-2424.06;;;;
Trevor;06:14:48;15:03:06;-47.41312,-2424.327,-2424.327;;;;
Trevor;06:14:48;15:03:06;-49.63665,-2423.372,-2423.372;;;;
Trevor;06:14:49;15:03:07;-51.10409,-2421.453,-2421.453;;;;
Trevor;06:14:49;15:03:07;-51.43713,-2419.025,-2419.025;;;;
Trevor;06:14:50;15:03:08;-50.53285,-2416.768,-2416.768;;;;
Trevor;06:14:50;15:03:08;-48.63126,-2415.25,-2415.25;;;;
Trevor;06:14:51;15:03:09;-46.23484,-2414.868,-2414.868;;;;
Trevor;06:14:51;15:03:09;-43.95129,-2415.72,-2415.72;;;;
Trevor;06:14:52;15:03:10;-42.38202,-2417.602,-2417.602;;;;
Trevor;06:14:52;15:03:10;-41.95288,-2419.988,-2419.988;;;;
Trevor;06:14:53;15:03:11;-42.76519,-2422.294,-2422.294;;;;
Trevor;06:14:54;15:03:11;-44.60649,-2423.89,-2423.89;;;;
Trevor;06:14:54;15:03:12;-46.99683,-2424.367,-2424.367;;;;
Trevor;06:14:55;15:03:12;-49.31063,-2423.601,-2423.601;;;;
Trevor;06:14:55;15:03:13;-50.93999,-2421.798,-2421.798;;;;
Trevor;06:14:56;15:03:13;-51.46834,-2419.394,-2419.394;;;;
Trevor;06:14:56;15:03:14;-50.73877,-2417.066,-2417.066;;;;
Trevor;06:14:57;15:03:14;-48.97343,-2415.415,-2415.415;;;;
Trevor;06:14:57;15:03:15;-46.62658,-2414.848,-2414.848;;;;
Trevor;06:14:58;15:03:16;-44.27432,-2415.522,-2415.522;;;;
Trevor;06:14:58;15:03:16;-43.18441,-2416.402,-2416.402;;;;
Trevor;06:14:59;15:03:17;-43.27415,-2416.425,-2416.425;;;;
Trevor;06:14:59;15:03:17;-43.82036,-2416.176,-2416.176;;;;
Trevor;06:15:00;15:03:18;-43.68779,-2415.645,-2415.645;;;;
Trevor;06:15:00;15:03:18;-43.11094,-2415.754,-2415.754;;;;
Trevor;06:15:01;15:03:19;-43.03409,-2416.281,-2416.281;;;;
Trevor;06:15:01;15:03:19;-43.61189,-2416.451,-2416.451;;;;
Trevor;06:15:02;15:03:20;-43.89678,-2416,-2416;;;;
Trevor;06:15:02;15:03:20;-43.45,-2415.593,-2415.593;;;;
Trevor;06:15:03;15:03:21;-43.02028,-2415.935,-2415.935;;;;
Trevor;06:15:03;15:03:21;-43.24949,-2416.479,-2416.479;;;;
Trevor;06:15:04;15:03:22;-43.77911,-2416.319,-2416.319;;;;
Trevor;06:15:04;15:03:22;-43.80534,-2415.759,-2415.759;;;;
Trevor;06:15:05;15:03:23;-43.22429,-2415.694,-2415.694;;;;
Trevor;06:15:05;15:03:23;-42.9701,-2416.176,-2416.176;;;;
Trevor;06:15:06;15:03:24;-43.46842,-2416.487,-2416.487;;;;
Trevor;06:15:07;15:03:24;-43.87814,-2416.14,-2416.14;;;;
Trevor;06:15:07;15:03:25;-43.53239,-2415.65,-2415.65;;;;
Trevor;06:15:08;15:03:25;-42.96394,-2416.059,-2416.059;;;;
Trevor;06:15:08;15:03:26;-43.35528,-2416.575,-2416.575;;;;
Trevor;06:15:09;15:03:26;-43.75822,-2416.172,-2416.172;;;;
Trevor;06:15:09;15:03:27;-43.39672,-2415.727,-2415.727;;;;
Trevor;06:15:10;15:03:27;-42.93085,-2416.029,-2416.029;;;;
Trevor;06:15:10;15:03:28;-43.05692,-2416.576,-2416.576;;;;
Trevor;06:15:11;15:03:29;-43.64169,-2416.476,-2416.476;;;;
Trevor;06:15:11;15:03:29;-43.74565,-2415.945,-2415.945;;;;
Trevor;06:15:12;15:03:30;-43.1748,-2415.779,-2415.779;;;;
Trevor;06:15:12;15:03:30;-42.8921,-2416.232,-2416.232;;;;
Trevor;06:15:13;15:03:31;-43.33513,-2416.642,-2416.642;;;;
Trevor;06:15:13;15:03:31;-43.76791,-2416.334,-2416.334;;;;
Trevor;06:15:14;15:03:32;-43.56149,-2415.784,-2415.784;;;;
Trevor;06:15:14;15:03:32;-43.01202,-2415.93,-2415.93;;;;
Trevor;06:15:15;15:03:33;-42.97551,-2416.499,-2416.499;;;;
Trevor;06:15:15;15:03:33;-43.52927,-2416.586,-2416.586;;;;
Trevor;06:15:16;15:03:34;-43.79994,-2416.1,-2416.1;;;;
Trevor;06:15:16;15:03:34;-43.28669,-2415.81,-2415.81;;;;
Trevor;06:15:17;15:03:35;-42.76689,-2416.195,-2416.195;;;;
Trevor;06:15:17;15:03:35;-42.72271,-2416.252,-2416.252;;;;
Trevor;06:15:18;15:03:36;-43.08803,-2415.85,-2415.85;;;;
Trevor;06:15:18;15:03:36;-43.37146,-2416.249,-2416.249;;;;
Trevor;06:15:19;15:03:37;-42.87259,-2416.479,-2416.479;;;;
Trevor;06:15:20;15:03:37;-42.80345,-2416.018,-2416.018;;;;
Trevor;06:15:20;15:03:38;-43.36707,-2415.885,-2415.885;;;;
Trevor;06:15:21;15:03:38;-43.59253,-2416.361,-2416.361;;;;
Trevor;06:15:21;15:03:39;-43.19884,-2416.746,-2416.746;;;;
Trevor;06:15:22;15:03:39;-43.06228,-2416.761,-2416.761;;;;
Trevor;06:15:22;15:03:40;-43.06401,-2416.813,-2416.813;;;;
Trevor;06:15:23;15:03:40;-43.11312,-2416.789,-2416.789;;;;
Trevor;06:15:23;15:03:41;-43.16393,-2416.759,-2416.759;;;;
Trevor;06:15:24;15:03:42;-43.19277,-2416.735,-2416.735;;;;
Trevor;06:15:24;15:03:42;-43.06858,-2416.851,-2416.851;;;;
Trevor;06:15:25;15:03:43;-43.17679,-2416.545,-2416.545;;;;
Trevor;06:15:25;15:03:43;-43.67977,-2416.296,-2416.296;;;;
Trevor;06:15:26;15:03:44;-43.88341,-2416.87,-2416.87;;;;
Trevor;06:15:26;15:03:44;-43.90106,-2417.258,-2417.258;;;;
Trevor;06:15:27;15:03:45;-43.82726,-2417.029,-2417.029;;;;
Trevor;06:15:27;15:03:45;-43.87281,-2416.486,-2416.486;;;;
Trevor;06:15:28;15:03:46;-44.35869,-2416.686,-2416.686;;;;
Trevor;06:15:28;15:03:46;-44.61734,-2417.277,-2417.277;;;;
Trevor;06:15:29;15:03:47;-44.6357,-2417.392,-2417.392;;;;
Trevor;06:15:29;15:03:47;-44.63551,-2417.392,-2417.392;;;;
Trevor;06:15:30;15:03:48;-44.63551,-2417.392,-2417.392;;;;
Trevor;06:15:30;15:03:48;-44.63551,-2417.392,-2417.392;;;;
Trevor;06:15:31;15:03:49;-44.63551,-2417.392,-2417.392;;;;
Trevor;06:15:31;15:03:49;-44.63741,-2417.392,-2417.392;;;;
Trevor;06:15:32;15:03:50;-44.64073,-2417.392,-2417.392;;;;
Trevor;06:15:32;15:03:50;-44.64073,-2417.392,-2417.392;;;;
Trevor;06:15:33;15:03:51;-110.4192,-2415.041,-2415.041;;;;
Trevor;06:15:34;15:03:51;-110.4192,-2415.041,-2415.041;;Alright. You're done. Break time.;SIGNALMAN;DH1_CJAA
Trevor;06:15:34;15:03:52;-110.4192,-2415.041,-2415.041;;;;
Trevor;06:15:35;15:03:52;-110.4192,-2415.041,-2415.041;;;;
Trevor;06:15:35;15:03:53;-110.4192,-2415.041,-2415.041;;;;
Trevor;06:15:36;15:03:53;-110.4192,-2415.041,-2415.041;;;;
Trevor;06:15:36;15:03:54;-110.4192,-2415.041,-2415.041;;;;
Trevor;06:15:37;15:03:55;-110.4192,-2415.041,-2415.041;;;;
Trevor;06:15:37;15:03:55;-110.4192,-2415.041,-2415.041;;;;
Trevor;06:15:38;15:03:56;-110.3766,-2415.034,-2415.034;;;;
Trevor;06:15:38;15:03:56;-110.153,-2414.995,-2414.995;;;;
Trevor;06:15:39;15:03:57;-109.8124,-2414.936,-2414.936;;;;
Trevor;06:15:39;15:03:57;-109.4446,-2414.872,-2414.872;;;;
Trevor;06:15:40;15:03:58;-109.1357,-2414.819,-2414.819;;;;
Trevor;06:15:40;15:03:58;-108.9775,-2414.791,-2414.791;;;;
Trevor;06:15:41;15:03:59;-108.9734,-2414.795,-2414.795;;;;
Trevor;06:15:41;15:03:59;-108.9734,-2414.795,-2414.795;;This is some view, ain't it? I'm going to take a couple of shots for my boy.;Trevor;DH1_FRAA
Trevor;06:15:42;15:04:00;-108.8916,-2414.92,-2414.92;;;;
Trevor;06:15:42;15:04:00;-108.9761,-2414.806,-2414.806;;;;
Trevor;06:15:43;15:04:01;-108.8645,-2414.864,-2414.864;;;;
Trevor;06:15:43;15:04:01;-108.8645,-2414.864,-2414.864;;;;
Trevor;06:15:44;15:04:02;-108.8608,-2414.987,-2414.987;;;;
Trevor;06:15:44;15:04:02;-108.8699,-2415.596,-2415.596;;;;
Trevor;06:15:45;15:04:03;-109.0946,-2415.954,-2415.954;;;;
Trevor;06:15:46;15:04:03;-109.4741,-2415.927,-2415.927;;;;
Trevor;06:15:46;15:04:04;-110.241,-2415.823,-2415.823;;;;
Trevor;06:15:47;15:04:04;-111.1418,-2415.735,-2415.735;;;;
Trevor;06:15:47;15:04:05;-112.0425,-2415.705,-2415.705;;;;
Trevor;06:15:48;15:04:05;-112.9405,-2415.731,-2415.731;;;;
Trevor;06:15:48;15:04:06;-113.8502,-2415.783,-2415.783;;;;
Trevor;06:15:49;15:04:07;-114.5071,-2415.352,-2415.352;;;;
Trevor;06:15:49;15:04:07;-114.8204,-2414.518,-2414.518;;;;
Trevor;06:15:50;15:04:08;-114.8181,-2413.619,-2413.619;;;;
Trevor;06:15:50;15:04:08;-114.7223,-2412.095,-2412.095;;;;
Trevor;06:15:51;15:04:09;-114.5259,-2409.385,-2409.385;;;;
Trevor;06:15:51;15:04:09;-114.4173,-2406.624,-2406.624;; the camera phone to take photos of the boat.;Cutscene;Cutscene
Trevor;06:15:52;15:04:10;-114.3741,-2406.633,-2406.633;;;;
Trevor;06:15:52;15:04:10;-114.3589,-2406.633,-2406.633;;;;
Trevor;06:15:53;15:04:11;-114.3561,-2406.633,-2406.633;;;;
Trevor;06:15:53;15:04:11;-114.3561,-2406.633,-2406.633;;;;
Trevor;06:15:54;15:04:12;-114.3561,-2406.633,-2406.633;;;;
Trevor;06:15:54;15:04:12;-114.3561,-2406.633,-2406.633;;;;
Trevor;06:15:55;15:04:13;-114.355,-2406.633,-2406.633;;;;
Trevor;06:15:55;15:04:13;-114.3521,-2406.634,-2406.634;;;;
Trevor;06:15:56;15:04:14;-114.3508,-2406.635,-2406.635;;;;
Trevor;06:15:56;15:04:14;-114.3508,-2406.635,-2406.635;;;;
Trevor;06:15:57;15:04:15;-114.3508,-2406.635,-2406.635;;;;
Trevor;06:15:58;15:04:15;-114.3448,-2406.635,-2406.635;;;;
Trevor;06:15:58;15:04:16;-114.3238,-2406.635,-2406.635;;;;
Trevor;06:15:59;15:04:16;-114.3222,-2406.635,-2406.635;;;;
Trevor;06:15:59;15:04:17;-114.3222,-2406.635,-2406.635;;;;
Trevor;06:16:00;15:04:17;-114.3222,-2406.635,-2406.635;;;;
Trevor;06:16:00;15:04:18;-114.3222,-2406.635,-2406.635;;;;
Trevor;06:16:01;15:04:19;-114.3149,-2406.635,-2406.635;;;;
Trevor;06:16:01;15:04:19;-114.3117,-2406.635,-2406.635;;;;
Trevor;06:16:02;15:04:20;-114.3116,-2406.635,-2406.635;;;;
Trevor;06:16:02;15:04:20;-114.3105,-2406.635,-2406.635;;;;
Trevor;06:16:03;15:04:21;-114.309,-2406.635,-2406.635;;;;
Trevor;06:16:03;15:04:21;-114.3089,-2406.635,-2406.635;;;;
Trevor;06:16:04;15:04:22;-114.3089,-2406.635,-2406.635;;;;
Trevor;06:16:04;15:04:22;-114.3086,-2406.635,-2406.635;;;;
Trevor;06:16:05;15:04:23;-114.2934,-2406.633,-2406.633;;;;
Trevor;06:16:05;15:04:23;-114.286,-2406.633,-2406.633;;;;
Trevor;06:16:06;15:04:24;-114.286,-2406.633,-2406.633;;;;
Trevor;06:16:06;15:04:24;-114.286,-2406.633,-2406.633;;;;
Trevor;06:16:07;15:04:25;-114.286,-2406.633,-2406.633;;;;
Trevor;06:16:07;15:04:25;-114.2925,-2406.635,-2406.635;;;;
Trevor;06:16:08;15:04:26;-114.3043,-2406.646,-2406.646;;;;
Trevor;06:16:08;15:04:26;-114.3043,-2406.646,-2406.646;;;;
Trevor;06:16:09;15:04:27;-114.3012,-2406.646,-2406.646;;;;
Trevor;06:16:09;15:04:27;-114.3011,-2406.646,-2406.646;;;;
Trevor;06:16:10;15:04:28;-114.3082,-2406.649,-2406.649;;;;
Trevor;06:16:11;15:04:28;-114.3082,-2406.649,-2406.649;;;;
Trevor;06:16:11;15:04:29;-114.3079,-2406.649,-2406.649;;;;
Trevor;06:16:12;15:04:29;-114.3058,-2406.649,-2406.649;;;;
Trevor;06:16:12;15:04:30;-114.3057,-2406.649,-2406.649;;;;
Trevor;06:16:13;15:04:30;-114.3057,-2406.649,-2406.649;;;;
Trevor;06:16:13;15:04:31;-114.2983,-2406.644,-2406.644;;;;
Trevor;06:16:14;15:04:32;-114.2825,-2406.634,-2406.634;;;;
Trevor;06:16:14;15:04:32;-114.282,-2406.634,-2406.634;;;;
Trevor;06:16:15;15:04:33;-114.282,-2406.634,-2406.634;;;;
Trevor;06:16:15;15:04:33;-114.282,-2406.634,-2406.634;;;;
Trevor;06:16:16;15:04:34;-114.282,-2406.634,-2406.634;;;;
Trevor;06:16:16;15:04:34;-114.282,-2406.634,-2406.634;;;;
Trevor;06:16:17;15:04:35;-114.282,-2406.634,-2406.634;;;;
Trevor;06:16:17;15:04:35;-114.282,-2406.634,-2406.634;;;;
Trevor;06:16:18;15:04:36;-114.282,-2406.634,-2406.634;;;;
Trevor;06:16:18;15:04:36;-114.282,-2406.634,-2406.634;;;;
Trevor;06:16:19;15:04:37;-114.2802,-2406.633,-2406.633;;;;
Trevor;06:16:19;15:04:37;-114.2715,-2406.633,-2406.633;;;;
Trevor;06:16:20;15:04:38;-114.2715,-2406.633,-2406.633;;;;
Trevor;06:16:20;15:04:38;-114.2715,-2406.633,-2406.633;;d the photos to Ron.;Cutscene;Cutscene
Trevor;06:16:21;15:04:39;-114.2665,-2406.633,-2406.633;;;;
Trevor;06:16:21;15:04:39;-114.2607,-2406.633,-2406.633;;;;
Trevor;06:16:22;15:04:40;-114.2607,-2406.633,-2406.633;;;;
Trevor;06:16:22;15:04:40;-114.2607,-2406.633,-2406.633;;;;
Trevor;06:16:23;15:04:41;-114.2607,-2406.633,-2406.633;;;;
Trevor;06:16:24;15:04:41;-114.2607,-2406.633,-2406.633;;;;
Trevor;06:16:24;15:04:42;-114.2607,-2406.633,-2406.633;;;;
Trevor;06:16:25;15:04:42;-114.2607,-2406.633,-2406.633;;;;
Trevor;06:16:25;15:04:43;-114.2609,-2406.633,-2406.633;;;;
Trevor;06:16:26;15:04:43;-114.2664,-2406.633,-2406.633;;;;
Trevor;06:16:26;15:04:44;-114.272,-2406.635,-2406.635;;;;
Trevor;06:16:27;15:04:44;-114.2842,-2406.697,-2406.697;;;;
Trevor;06:16:27;15:04:45;-114.296,-2406.749,-2406.749;;;;
Trevor;06:16:28;15:04:46;-114.2966,-2406.747,-2406.747;;;;
Trevor;06:16:28;15:04:46;-114.2966,-2406.747,-2406.747;;;;
Trevor;06:16:29;15:04:47;-114.2966,-2406.747,-2406.747;;;;
Trevor;06:16:29;15:04:47;-114.2797,-2406.747,-2406.747;;;;
Trevor;06:16:30;15:04:48;-114.268,-2406.747,-2406.747;;;;
Trevor;06:16:30;15:04:48;-114.2355,-2407.072,-2407.072;;;;
Trevor;06:16:31;15:04:49;-114.2056,-2407.779,-2407.779;;;;
Trevor;06:16:31;15:04:49;-114.1663,-2408.686,-2408.686;;;;
Trevor;06:16:32;15:04:50;-114.0674,-2409.636,-2409.636;;;;
Trevor;06:16:32;15:04:50;-114.0673,-2410.564,-2410.564;;;;
Trevor;06:16:33;15:04:51;-114.0264,-2411.529,-2411.529;;;;
Trevor;06:16:33;15:04:51;-113.9918,-2412.48,-2412.48;;;;
Trevor;06:16:34;15:04:52;-113.9574,-2413.433,-2413.433;;;;
Trevor;06:16:34;15:04:52;-114.215,-2414.283,-2414.283;;;;
Trevor;06:16:35;15:04:53;-114.3493,-2415.07,-2415.07;;;;
Trevor;06:16:35;15:04:53;-114.3604,-2415.07,-2415.07;;;;
Trevor;06:16:36;15:04:54;-114.3694,-2415.075,-2415.075;;;;
Trevor;06:16:37;15:04:54;-114.3661,-2415.052,-2415.052;;;;
Trevor;06:16:37;15:04:55;-114.327,-2415.101,-2415.101;;;;
Trevor;06:16:38;15:04:55;-114.1805,-2415.243,-2415.243;;;;
Trevor;06:16:38;15:04:56;-113.5649,-2415.76,-2415.76;;;;
Trevor;06:16:39;15:04:56;-113.0302,-2415.838,-2415.838;;;;
Trevor;06:16:39;15:04:57;-112.0725,-2415.6,-2415.6;;;;
Trevor;06:16:40;15:04:58;-110.3062,-2415.709,-2415.709;;;;
Trevor;06:16:40;15:04:58;-107.3854,-2415.53,-2415.53;;;;
Trevor;06:16:41;15:04:59;-105.0246,-2416.177,-2416.177;;;;
Trevor;06:16:41;15:04:59;-103.5938,-2416.357,-2416.357;;;;
Trevor;06:16:42;15:05:00;-101.4447,-2416.832,-2416.832;;;;
Trevor;06:16:42;15:05:00;-99.03677,-2417.369,-2417.369;;;;
Trevor;06:16:43;15:05:01;-97.91685,-2417.551,-2417.551;;;;
Trevor;06:16:43;15:05:01;-97.81243,-2417.428,-2417.428;;;;
Trevor;06:16:44;15:05:02;-97.79176,-2417.491,-2417.491;;;;
Trevor;06:16:44;15:05:02;-97.76954,-2417.528,-2417.528;;;;
Trevor;06:16:45;15:05:03;-97.67595,-2417.54,-2417.54;;;;
Trevor;06:16:45;15:05:03;-97.45294,-2417.546,-2417.546;;;;
Trevor;06:16:46;15:05:04;-97.43896,-2417.445,-2417.445;;;;
Trevor;06:16:46;15:05:04;-98.56062,-2416.122,-2416.122;;;;
Trevor;06:16:47;15:05:05;-100.3098,-2415.374,-2415.374;;;;
Trevor;06:16:47;15:05:05;-101.4556,-2415.037,-2415.037;;;;
Trevor;06:16:48;15:05:06;-102.4136,-2414.846,-2414.846;;;;
Trevor;06:16:48;15:05:06;-102.9315,-2413.148,-2413.148;;Trevor, come on, I can take you over to the warehouse.;Floyd;DH1_AAAA
Trevor;06:16:49;15:05:07;-103.0634,-2411.5,-2411.5;;;;
Trevor;06:16:50;15:05:07;-104.2526,-2408.626,-2408.626;;;;
Trevor;06:16:50;15:05:08;-106.8247,-2409.465,-2409.465;;;;
Trevor;06:16:51;15:05:08;-110.1434,-2410.678,-2410.678;;;;
Trevor;06:16:51;15:05:09;-113.609,-2410.464,-2410.464;;;;
Trevor;06:16:52;15:05:09;-117.0551,-2410.077,-2410.077;;;;
Trevor;06:16:52;15:05:10;-119.435,-2411.672,-2411.672;;;;
Trevor;06:16:53;15:05:11;-121.6621,-2412.172,-2412.172;;;;
Trevor;06:16:53;15:05:11;-123.6417,-2412.273,-2412.273;;This rig ain't being used.;Floyd;DH1_ERAA
Trevor;06:16:54;15:05:12;-125.232,-2412.495,-2412.495;;;;
Trevor;06:16:54;15:05:12;-126.4557,-2413.702,-2413.702;;;;
Trevor;06:16:55;15:05:13;-125.3982,-2416.62,-2416.62;;;;
Trevor;06:16:55;15:05:13;-123.2748,-2419.101,-2419.101;;;;
Trevor;06:16:56;15:05:14;-120.5893,-2418.439,-2418.439;;;;
Trevor;06:16:56;15:05:14;-119.761,-2418.803,-2418.803;;;;
Trevor;06:16:57;15:05:15;-119.7609,-2418.803,-2418.803;;;;
Trevor;06:16:57;15:05:15;-119.9774,-2418.373,-2418.373;;;;
Trevor;06:16:58;15:05:16;-120.3717,-2417.761,-2417.761;;;;
Trevor;06:16:58;15:05:16;-117.9909,-2416.627,-2416.627;True,Commercial,HAULER,0,0;;;
Trevor;06:16:59;15:05:17;-117.9909,-2416.627,-2416.627;True,Commercial,HAULER,0,0;;;
Trevor;06:16:59;15:05:17;-117.9909,-2416.627,-2416.627;True,Commercial,HAULER,0,0;;;
Trevor;06:17:00;15:05:18;-117.9882,-2416.627,-2416.627;True,Commercial,HAULER,0,01161809,1;;;
Trevor;06:17:00;15:05:18;-118.2692,-2416.667,-2416.667;True,Commercial,HAULER,1,325138,1;;;
Trevor;06:17:01;15:05:19;-119.3535,-2417.017,-2417.017;True,Commercial,HAULER,3,03538,1;;;
Trevor;06:17:01;15:05:19;-121.1494,-2417.913,-2417.913;True,Commercial,HAULER,4,696902,1;;;
Trevor;06:17:02;15:05:20;-123.3294,-2419.745,-2419.745;True,Commercial,HAULER,6,313858,1;;;
Trevor;06:17:02;15:05:20;-125.2804,-2422.882,-2422.882;True,Commercial,HAULER,7,58383,0;;;
Trevor;06:17:03;15:05:21;-125.868,-2426.114,-2426.114;True,Commercial,HAULER,6,157946,1;;;
Trevor;06:17:04;15:05:21;-125.0762,-2429.684,-2429.684;True,Commercial,HAULER,7,912299,1;;;
Trevor;06:17:04;15:05:22;-122.5925,-2433.393,-2433.393;True,Commercial,HAULER,9,442766,1;;;
Trevor;06:17:05;15:05:22;-118.2317,-2436.298,-2436.298;True,Commercial,HAULER,11,09431,1;;;
Trevor;06:17:05;15:05:23;-112.3127,-2438.531,-2438.531;True,Commercial,HAULER,13,14502,1;;;
Trevor;06:17:06;15:05:23;-105.3168,-2439.993,-2439.993;True,Commercial,HAULER,14,54246,1;;;
Trevor;06:17:06;15:05:24;-97.70581,-2441.701,-2441.701;True,Commercial,HAULER,15,64297,1;;;
Trevor;06:17:07;15:05:25;-90.74458,-2444.789,-2444.789;True,Commercial,HAULER,13,87697,1;;;
Trevor;06:17:07;15:05:25;-84.48196,-2448.876,-2448.876;True,Commercial,HAULER,14,96966,1;;;
Trevor;06:17:08;15:05:26;-77.76255,-2453.43,-2453.43;True,Commercial,HAULER,15,84266,1;;;
Trevor;06:17:08;15:05:26;-71.19541,-2458.661,-2458.661;True,Commercial,HAULER,16,5843,1;;;
Trevor;06:17:09;15:05:27;-65.03139,-2465.045,-2465.045;True,Commercial,HAULER,17,36732,1;;;
Trevor;06:17:09;15:05:27;-59.74605,-2472.696,-2472.696;True,Commercial,HAULER,18,03962,1;;;
Trevor;06:17:10;15:05:28;-54.7446,-2480.98,-2480.98;True,Commercial,HAULER,18,60757,1;;;
Trevor;06:17:10;15:05:28;-49.48092,-2489.245,-2489.245;True,Commercial,HAULER,18,96313,1;It's on the other side of Port City.;Floyd;DH1_ESAA
Trevor;06:17:11;15:05:29;-43.17324,-2497.082,-2497.082;True,Commercial,HAULER,19,39561,1;;;
Trevor;06:17:11;15:05:29;-36.1644,-2504.334,-2504.334;True,Commercial,HAULER,19,61821,1;;;
Trevor;06:17:12;15:05:30;-28.15221,-2510.631,-2510.631;True,Commercial,HAULER,19,32964,0;;;
Trevor;06:17:12;15:05:30;-20.26302,-2515.728,-2515.728;True,Commercial,HAULER,16,79786,0;So, they been guarding one of them dry docks. We can take a look at it, but no one's allowed round there.;Floyd;DH1_EZAA
Trevor;06:17:13;15:05:31;-13.38474,-2520.229,-2520.229;True,Commercial,HAULER,15,16561,1;;;
Trevor;06:17:13;15:05:31;-7.171088,-2524.762,-2524.762;True,Commercial,HAULER,13,56495,0;;;
Trevor;06:17:14;15:05:32;-2.307368,-2528.799,-2528.799;True,Commercial,HAULER,10,92772,0;;;
Trevor;06:17:14;15:05:32;1.760083,-2532.457,-2532.457;True,Commercial,HAULER,10,47885,0;;;
Trevor;06:17:15;15:05:33;5.365769,-2535.706,-2535.706;True,Commercial,HAULER,8,145496,0;;;
Trevor;06:17:16;15:05:33;8.475142,-2537.699,-2537.699;True,Commercial,HAULER,7,011256,1;;;
Trevor;06:17:16;15:05:34;12.02071,-2539.683,-2539.683;True,Commercial,HAULER,8,550177,1;;;
Trevor;06:17:17;15:05:34;16.39144,-2542.151,-2542.151;True,Commercial,HAULER,10,509,1;;;
Trevor;06:17:17;15:05:35;21.60111,-2545.1,-2545.1;True,Commercial,HAULER,12,4425,1;;;
Trevor;06:17:18;15:05:35;27.6651,-2548.295,-2548.295;True,Commercial,HAULER,13,94207,1;;;
Trevor;06:17:18;15:05:36;34.82743,-2550.926,-2550.926;True,Commercial,HAULER,15,1852,1;;;
Trevor;06:17:19;15:05:37;42.92508,-2552.364,-2552.364;True,Commercial,HAULER,16,59882,1;Normal rules don't apply to us, Floyd. We're going in.;Trevor;DH1_EZAB
Trevor;06:17:19;15:05:37;51.95021,-2552.909,-2552.909;True,Commercial,HAULER,17,31592,0;;;
Trevor;06:17:20;15:05:38;60.45293,-2552.878,-2552.878;True,Commercial,HAULER,15,99391,1;;;
Trevor;06:17:20;15:05:38;68.97101,-2552.811,-2552.811;True,Commercial,HAULER,16,75877,1;;;
Trevor;06:17:21;15:05:39;77.87371,-2553.324,-2553.324;True,Commercial,HAULER,17,39989,1;;;
Trevor;06:17:21;15:05:39;86.96998,-2554.361,-2554.361;True,Commercial,HAULER,18,00246,1;;;
Trevor;06:17:22;15:05:40;96.49034,-2554.638,-2554.638;True,Commercial,HAULER,18,48585,1;;;
Trevor;06:17:22;15:05:40;106.1503,-2554.089,-2554.089;True,Commercial,HAULER,18,90221,1;;;
Trevor;06:17:23;15:05:41;116.1675,-2553.849,-2553.849;True,Commercial,HAULER,19,26354,1;;;
Trevor;06:17:23;15:05:41;126.325,-2554.246,-2554.246;True,Commercial,HAULER,19,52273,1;I don't know. Rules applied to me my whole life. I like rules.;Floyd;DH1_EZAC
Trevor;06:17:24;15:05:42;136.6167,-2555.035,-2555.035;True,Commercial,HAULER,19,79166,1;;;
Trevor;06:17:24;15:05:42;146.608,-2555.75,-2555.75;True,Commercial,HAULER,17,83569,0;;;
Trevor;06:17:25;15:05:43;155.944,-2555.756,-2555.756;True,Commercial,HAULER,18,22625,1;;;
Trevor;06:17:25;15:05:43;165.5194,-2556.05,-2556.05;True,Commercial,HAULER,18,71454,1;;;
Trevor;06:17:26;15:05:44;175.4857,-2556.609,-2556.609;True,Commercial,HAULER,19,27387,1;;;
Trevor;06:17:26;15:05:44;185.6073,-2556.839,-2556.839;True,Commercial,HAULER,19,72828,1;;;
Trevor;06:17:27;15:05:45;195.6628,-2555.358,-2555.358;True,Commercial,HAULER,19,88607,1;;;
Trevor;06:17:28;15:05:45;205.6849,-2552.105,-2552.105;True,Commercial,HAULER,20,04858,1;;;
Trevor;06:17:28;15:05:46;215.9826,-2549.911,-2549.911;True,Commercial,HAULER,20,51604,1;And look at you. You're a failure. You're in a loveless relationship...;Trevor;DH1_EZAD
Trevor;06:17:29;15:05:46;226.5742,-2548.461,-2548.461;True,Commercial,HAULER,20,77263,1;;;
Trevor;06:17:29;15:05:47;237.357,-2546.709,-2546.709;True,Commercial,HAULER,22,19227,1;;;
Trevor;06:17:30;15:05:47;248.6188,-2543.885,-2543.885;True,Commercial,HAULER,22,74443,1;;;
Trevor;06:17:30;15:05:48;259.8562,-2540.032,-2540.032;True,Commercial,HAULER,23,0007,1;;;
Trevor;06:17:31;15:05:48;270.7745,-2534.909,-2534.909;True,Commercial,HAULER,23,0624,1;;;
Trevor;06:17:31;15:05:49;281.9421,-2530.703,-2530.703;True,Commercial,HAULER,23,15585,1;;;
Trevor;06:17:32;15:05:50;293.6387,-2527.617,-2527.617;True,Commercial,HAULER,23,49604,1;;;
Trevor;06:17:32;15:05:50;305.4425,-2524.115,-2524.115;True,Commercial,HAULER,23,82564,1;;;
Trevor;06:17:33;15:05:51;317.2005,-2520.323,-2520.323;True,Commercial,HAULER,24,03074,1;What do you mean, loveless? I love Debra.;Floyd;DH1_EZAE
Trevor;06:17:33;15:05:51;329.5208,-2517.057,-2517.057;True,Commercial,HAULER,24,2992,1;;;
Trevor;06:17:34;15:05:52;341.88,-2515.04,-2515.04;True,Commercial,HAULER,24,33688,1;;;
Trevor;06:17:34;15:05:52;354.364,-2513.977,-2513.977;True,Commercial,HAULER,24,26631,1;;;
Trevor;06:17:35;15:05:53;367.0318,-2512.885,-2512.885;True,Commercial,HAULER,24,20629,1;;;
Trevor;06:17:35;15:05:53;379.1758,-2511.421,-2511.421;True,Commercial,HAULER,23,79567,1;;;
Trevor;06:17:36;15:05:54;391.4707,-2510.187,-2510.187;True,Commercial,HAULER,23,89566,1;;;
Trevor;06:17:36;15:05:54;403.9395,-2510.216,-2510.216;True,Commercial,HAULER,23,47124,1;;;
Trevor;06:17:37;15:05:55;416.1208,-2511.093,-2511.093;True,Commercial,HAULER,22,93079,0;If she loved you, she'd be here, wouldn't she? But she's not.;Trevor;DH1_EZAF
Trevor;06:17:37;15:05:55;427.2086,-2512.76,-2512.76;True,Commercial,HAULER,20,073,0;;;
Trevor;06:17:38;15:05:56;437.2613,-2514.392,-2514.392;True,Commercial,HAULER,18,42193,0;;;
Trevor;06:17:38;15:05:56;446.1833,-2515.7,-2515.7;True,Commercial,HAULER,15,85375,0;;;
Trevor;06:17:39;15:05:57;453.5591,-2517.84,-2517.84;True,Commercial,HAULER,14,84776,1;;;
Trevor;06:17:39;15:05:57;460.5977,-2521.678,-2521.678;True,Commercial,HAULER,16,35517,1;;;
Trevor;06:17:40;15:05:58;468.1927,-2525.703,-2525.703;True,Commercial,HAULER,17,15631,1;;;
Trevor;06:17:41;15:05:58;477.0753,-2528.858,-2528.858;True,Commercial,HAULER,19,36575,1;;;
Trevor;06:17:41;15:05:59;486.6572,-2532.555,-2532.555;True,Commercial,HAULER,20,48546,1;;;
Trevor;06:17:42;15:05:59;496.5693,-2537.12,-2537.12;True,Commercial,HAULER,21,29541,0;;;
Trevor;06:17:42;15:06:00;506.2313,-2541.131,-2541.131;True,Commercial,HAULER,19,8468,1;;;
Trevor;06:17:43;15:06:00;516.0975,-2544.378,-2544.378;True,Commercial,HAULER,20,35003,1;;;
Trevor;06:17:43;15:06:01;526.3368,-2547.535,-2547.535;True,Commercial,HAULER,20,74474,1;;;
Trevor;06:17:44;15:06:02;536.6303,-2550.855,-2550.855;True,Commercial,HAULER,19,54072,0;;;
Trevor;06:17:44;15:06:02;545.4803,-2555.156,-2555.156;True,Commercial,HAULER,19,08603,1;;;
Trevor;06:17:45;15:06:03;552.7158,-2560.701,-2560.701;True,Commercial,HAULER,16,41131,0;You know I'm insecure...;Floyd;DH1_EZAG
Trevor;06:17:45;15:06:03;558.7404,-2565.612,-2565.612;True,Commercial,HAULER,13,76427,0;;;
Trevor;06:17:46;15:06:04;564.2993,-2569.572,-2569.572;True,Commercial,HAULER,12,31572,0;;;
Trevor;06:17:46;15:06:04;569.2459,-2573.636,-2573.636;True,Commercial,HAULER,12,89688,1;;;
Trevor;06:17:47;15:06:05;574.589,-2578.149,-2578.149;True,Commercial,HAULER,14,06693,1;You've got a dead end job.;Trevor;DH1_EZAH
Trevor;06:17:47;15:06:05;580.3435,-2583.214,-2583.214;True,Commercial,HAULER,15,84272,1;;;
Trevor;06:17:48;15:06:06;586.4617,-2589.529,-2589.529;True,Commercial,HAULER,17,18921,1;;;
Trevor;06:17:48;15:06:06;591.5141,-2597.234,-2597.234;True,Commercial,HAULER,17,85828,1;;;
Trevor;06:17:49;15:06:07;596.1781,-2605.688,-2605.688;True,Commercial,HAULER,18,45886,1;What? Dead end? No.;Floyd;DH1_EZAI
Trevor;06:17:49;15:06:07;600.7631,-2614.014,-2614.014;True,Commercial,HAULER,17,38815,0;;;
Trevor;06:17:50;15:06:08;604.8646,-2621.455,-2621.455;True,Commercial,HAULER,15,15691,1;;;
Trevor;06:17:50;15:06:08;609.2175,-2628.364,-2628.364;True,Commercial,HAULER,15,99503,1;;;
Trevor;06:17:51;15:06:09;614.2254,-2635.257,-2635.257;True,Commercial,HAULER,16,84211,1;;;
Trevor;06:17:51;15:06:09;619.4316,-2642.501,-2642.501;True,Commercial,HAULER,17,48451,1;Floyd - it's dead end.;Trevor;DH1_EZAJ
Trevor;06:17:52;15:06:10;624.2177,-2650.453,-2650.453;True,Commercial,HAULER,18,06111,1;;;
Trevor;06:17:53;15:06:10;628.1298,-2659.038,-2659.038;True,Commercial,HAULER,18,47782,1;;;
Trevor;06:17:53;15:06:11;631.3644,-2668.308,-2668.308;True,Commercial,HAULER,18,93746,1;;;
Trevor;06:17:54;15:06:11;634.1416,-2677.878,-2677.878;True,Commercial,HAULER,19,28291,1;;;
Trevor;06:17:54;15:06:12;637.0145,-2687.58,-2687.58;True,Commercial,HAULER,19,44991,1;Being a unionized longshoreman's one of the best paying jobs in the country.;Floyd;DH1_EZAK
Trevor;06:17:55;15:06:12;641.0559,-2697.031,-2697.031;True,Commercial,HAULER,19,72542,1;;;
Trevor;06:17:55;15:06:13;645.2386,-2705.911,-2705.911;True,Commercial,HAULER,17,8875,1;;;
Trevor;06:17:56;15:06:14;649.0513,-2714.42,-2714.42;True,Commercial,HAULER,18,28423,1;;;
Trevor;06:17:56;15:06:14;652.2031,-2723.567,-2723.567;True,Commercial,HAULER,18,6258,1;;;
Trevor;06:17:57;15:06:15;654.9241,-2732.916,-2732.916;True,Commercial,HAULER,18,93948,1;;;
Trevor;06:17:57;15:06:15;658.4872,-2742.318,-2742.318;True,Commercial,HAULER,19,36589,1;;;
Trevor;06:17:58;15:06:16;661.9741,-2751.813,-2751.813;True,Commercial,HAULER,19,74121,1;;;
Trevor;06:17:58;15:06:16;664.7053,-2761.934,-2761.934;True,Commercial,HAULER,20,18078,1;You tell people round La Puerta that's what you do, they liable to rob you, they're so jealous.;Floyd;DH1_EZAL
Trevor;06:17:59;15:06:17;666.3428,-2772.555,-2772.555;True,Commercial,HAULER,20,79542,1;;;
Trevor;06:17:59;15:06:17;667.1302,-2783.36,-2783.36;True,Commercial,HAULER,21,23101,1;;;
Trevor;06:18:00;15:06:18;667.878,-2794.532,-2794.532;True,Commercial,HAULER,21,6548,1;;;
Trevor;06:18:00;15:06:18;668.537,-2805.799,-2805.799;True,Commercial,HAULER,21,99875,1;;;
Trevor;06:18:01;15:06:19;668.6197,-2817.286,-2817.286;True,Commercial,HAULER,22,32521,1;;;
Trevor;06:18:01;15:06:19;668.5462,-2828.972,-2828.972;True,Commercial,HAULER,22,76778,1;;;
Trevor;06:18:02;15:06:20;668.6209,-2841.145,-2841.145;True,Commercial,HAULER,23,10678,1;;;
Trevor;06:18:02;15:06:20;669.3537,-2853.343,-2853.343;True,Commercial,HAULER,23,39051,1;;;
Trevor;06:18:03;15:06:21;669.9547,-2865.57,-2865.57;True,Commercial,HAULER,23,70038,1;No one's jealous of you, Floyd. They pity you. You're abused by that woman.;Trevor;DH1_EZAM
Trevor;06:18:03;15:06:21;670.0908,-2877.807,-2877.807;True,Commercial,HAULER,23,87649,1;;;
Trevor;06:18:04;15:06:22;669.466,-2890.258,-2890.258;True,Commercial,HAULER,24,00309,1;;;
Trevor;06:18:05;15:06:22;669.5021,-2902.884,-2902.884;True,Commercial,HAULER,24,18677,1;;;
Trevor;06:18:05;15:06:23;670.0435,-2915.319,-2915.319;True,Commercial,HAULER,24,2738,1;;;
Trevor;06:18:06;15:06:23;669.1458,-2927.813,-2927.813;True,Commercial,HAULER,24,08669,1;;;
Trevor;06:18:06;15:06:24;665.9509,-2939.981,-2939.981;True,Commercial,HAULER,24,35223,1;;;
Trevor;06:18:07;15:06:24;661.109,-2951.75,-2951.75;True,Commercial,HAULER,24,51698,1;;;
Trevor;06:18:07;15:06:25;656.6171,-2963.747,-2963.747;True,Commercial,HAULER,24,61911,1;;;
Trevor;06:18:08;15:06:25;652.6217,-2975.937,-2975.937;True,Commercial,HAULER,24,71413,1;;;
Trevor;06:18:08;15:06:26;647.7851,-2987.291,-2987.291;True,Commercial,HAULER,22,30408,0;You're abused by these slave drivers. I mean, I've never worked so hard in my life.;Trevor;DH1_EZAN
Trevor;06:18:09;15:06:27;641.3609,-2995.979,-2995.979;True,Commercial,HAULER,19,7564,0;;;
Trevor;06:18:09;15:06:27;633.1036,-3001.812,-3001.812;True,Commercial,HAULER,19,20761,1;;;
Trevor;06:18:10;15:06:28;624.9117,-3006.883,-3006.883;True,Commercial,HAULER,17,5968,0;;;
Trevor;06:18:10;15:06:28;617.6971,-3011.053,-3011.053;True,Commercial,HAULER,15,01522,0;;;
Trevor;06:18:11;15:06:29;610.774,-3012.393,-3012.393;True,Commercial,HAULER,11,98035,0;;;
Trevor;06:18:11;15:06:29;605.7732,-3012.017,-3012.017;True,Commercial,HAULER,6,039823,0;;;
Trevor;06:18:12;15:06:30;603.2511,-3010.765,-3010.765;True,Commercial,HAULER,5,5205,1;;;
Trevor;06:18:12;15:06:30;600.2692,-3009.59,-3009.59;True,Commercial,HAULER,6,746448,1;;;
Trevor;06:18:13;15:06:31;596.436,-3009.558,-3009.558;True,Commercial,HAULER,8,101571,1;;;
Trevor;06:18:13;15:06:31;591.904,-3010.852,-3010.852;True,Commercial,HAULER,10,00639,1;;;
Trevor;06:18:14;15:06:32;586.2528,-3011.971,-3011.971;True,Commercial,HAULER,12,0839,1;;;
Trevor;06:18:14;15:06:32;579.5016,-3012.524,-3012.524;True,Commercial,HAULER,13,98857,1;;;
Trevor;06:18:15;15:06:33;571.8068,-3012.574,-3012.574;True,Commercial,HAULER,15,36611,1;;;
Trevor;06:18:15;15:06:33;563.5446,-3012.227,-3012.227;True,Commercial,HAULER,16,5525,1;;;
Trevor;06:18:16;15:06:34;555.2248,-3012.24,-3012.24;True,Commercial,HAULER,14,83479,1;It ain't so bad.;Floyd;DH1_EZAO
Trevor;06:18:16;15:06:34;547.2474,-3012.684,-3012.684;True,Commercial,HAULER,15,78972,1;;;
Trevor;06:18:17;15:06:35;538.779,-3012.821,-3012.821;True,Commercial,HAULER,16,8353,1;;;
Trevor;06:18:18;15:06:35;529.8163,-3012.939,-3012.939;True,Commercial,HAULER,17,5959,1;I been doing this every day for ten years. Only usually with less of the criminality.;Floyd;DH1_EZAQ
Trevor;06:18:18;15:06:36;520.4673,-3013.077,-3013.077;True,Commercial,HAULER,18,24078,1;;;
Trevor;06:18:19;15:06:36;510.8656,-3013.221,-3013.221;True,Commercial,HAULER,18,81026,1;;;
Trevor;06:18:19;15:06:37;501.6657,-3013.348,-3013.348;True,Commercial,HAULER,15,9608,0;;;
Trevor;06:18:20;15:06:37;494.241,-3014.257,-3014.257;True,Commercial,HAULER,13,21605,0;;;
Trevor;06:18:20;15:06:38;488.5005,-3017.297,-3017.297;True,Commercial,HAULER,12,50242,1;;;
Trevor;06:18:21;15:06:38;484.3028,-3022.436,-3022.436;True,Commercial,HAULER,13,30459,1;;;
Trevor;06:18:21;15:06:39;481.052,-3028.986,-3028.986;True,Commercial,HAULER,14,52523,1;;;
Trevor;06:18:22;15:06:40;478.3712,-3036.409,-3036.409;True,Commercial,HAULER,15,22448,0;;;
Trevor;06:18:22;15:06:40;477.2537,-3043.476,-3043.476;True,Commercial,HAULER,12,48005,0;;;
Trevor;06:18:23;15:06:41;477.977,-3049.824,-3049.824;True,Commercial,HAULER,12,90714,1;;;
Trevor;06:18:23;15:06:41;479.2796,-3056.615,-3056.615;True,Commercial,HAULER,13,84346,1;;;
Trevor;06:18:24;15:06:42;479.7453,-3064.06,-3064.06;True,Commercial,HAULER,14,71261,1;;;
Trevor;06:18:24;15:06:42;479.698,-3072.198,-3072.198;True,Commercial,HAULER,16,98787,1;;;
Trevor;06:18:25;15:06:43;479.6293,-3081.411,-3081.411;True,Commercial,HAULER,17,69594,0;;;
Trevor;06:18:25;15:06:43;479.5016,-3089.767,-3089.767;True,Commercial,HAULER,14,78344,0;;;
Trevor;06:18:26;15:06:44;479.3636,-3096.735,-3096.735;True,Commercial,HAULER,11,59308,0;;;
Trevor;06:18:26;15:06:44;479.6905,-3102.13,-3102.13;True,Commercial,HAULER,8,821916,0;;;
Trevor;06:18:27;15:06:45;479.9458,-3105.314,-3105.314;True,Commercial,HAULER,3,577432,0;;;
Trevor;06:18:27;15:06:45;480.276,-3111.478,-3111.478;;Hey, hey, hey, hey!;Cutscene;Cutscene
Trevor;06:18:28;15:06:46;480.2662,-3111.481,-3111.481;;;;
Trevor;06:18:28;15:06:46;480.247,-3111.458,-3111.458;;;;
Trevor;06:18:29;15:06:47;480.2621,-3111.471,-3111.471;;You can't come through here.;Cutscene;Cutscene
Trevor;06:18:29;15:06:47;480.3944,-3111.463,-3111.463;;;;
Trevor;06:18:30;15:06:48;480.693,-3111.596,-3111.596;;;;
Trevor;06:18:31;15:06:48;480.8914,-3111.741,-3111.741;;It's restricted access.;Cutscene;Cutscene
Trevor;06:18:31;15:06:49;481.0218,-3111.661,-3111.661;;;;
Trevor;06:18:32;15:06:49;481.1731,-3111.559,-3111.559;;No entiendo.;Cutscene;Cutscene
Trevor;06:18:32;15:06:50;481.2708,-3111.472,-3111.472;;;;
Trevor;06:18:33;15:06:50;481.2782,-3111.404,-3111.404;;;;
Trevor;06:18:33;15:06:51;481.4659,-3111.268,-3111.268;;;;
Trevor;06:18:34;15:06:52;481.7243,-3111.054,-3111.054;;No understand you. Huh?;Cutscene;Cutscene
Trevor;06:18:34;15:06:52;481.579,-3111.15,-3111.15;;;;
Trevor;06:18:35;15:06:53;481.4278,-3111.24,-3111.24;;;;
Trevor;06:18:35;15:06:53;481.6868,-3111.259,-3111.259;;;;
Trevor;06:18:36;15:06:54;481.6183,-3111.293,-3111.293;;;;
Trevor;06:18:36;15:06:54;481.6413,-3111.386,-3111.386;;Manifesto.;Cutscene;Cutscene
Trevor;06:18:37;15:06:55;481.6706,-3111.581,-3111.581;;;;
Trevor;06:18:37;15:06:55;481.4822,-3112.107,-3112.107;;;;
Trevor;06:18:38;15:06:56;481.329,-3112.738,-3112.738;;Manifesto say, deliver here.;Cutscene;Cutscene
Trevor;06:18:38;15:06:56;481.0397,-3112.996,-3112.996;;;;
Trevor;06:18:39;15:06:57;480.9962,-3112.991,-3112.991;;;;
Trevor;06:18:39;15:06:57;480.9985,-3112.975,-3112.975;;;;
Trevor;06:18:40;15:06:58;481.0151,-3113.007,-3113.007;;;;
Trevor;06:18:40;15:06:58;480.906,-3113.156,-3113.156;;;;
Trevor;06:18:41;15:06:59;480.7458,-3113.771,-3113.771;;;;
Trevor;06:18:41;15:06:59;480.5305,-3114.683,-3114.683;;Hey!;Cutscene;Cutscene
Trevor;06:18:42;15:07:00;480.5326,-3115.655,-3115.655;;Stop!;Cutscene;Cutscene
Trevor;06:18:42;15:07:00;480.5357,-3116.196,-3116.196;;Where the fuck do you think you're going!?;Cutscene;Cutscene
Trevor;06:18:43;15:07:01;480.5741,-3115.873,-3115.873;;;;
Trevor;06:18:44;15:07:01;480.4931,-3115.396,-3115.396;;Whoa, whoa, whoa!;Cutscene;Cutscene
Trevor;06:18:44;15:07:02;480.6001,-3115.188,-3115.188;;;;
Trevor;06:18:45;15:07:02;480.563,-3115.043,-3115.043;;;;
Trevor;06:18:45;15:07:03;480.6057,-3114.912,-3114.912;;;;
Trevor;06:18:46;15:07:03;480.6059,-3114.402,-3114.402;;;;
Trevor;06:18:46;15:07:04;480.6718,-3114.046,-3114.046;;;;
Trevor;06:18:47;15:07:05;480.823,-3113.7,-3113.7;;;;
Trevor;06:18:47;15:07:05;480.8736,-3113.389,-3113.389;;He must have got confused.;Cutscene;Cutscene
Trevor;06:18:48;15:07:06;481.1203,-3113.251,-3113.251;;;;
Trevor;06:18:48;15:07:06;481.1159,-3113.018,-3113.018;;;;
Trevor;06:18:49;15:07:07;481.1136,-3113.01,-3113.01;;The guy don't speak English.;Cutscene;Cutscene
Trevor;06:18:49;15:07:07;481.1524,-3113.061,-3113.061;;;;
Trevor;06:18:50;15:07:08;481.1952,-3112.982,-3112.982;;;;
Trevor;06:18:50;15:07:08;481.2146,-3112.819,-3112.819;;What did we just say?;Cutscene;Cutscene
Trevor;06:18:51;15:07:09;481.3602,-3112.902,-3112.902;;;;
Trevor;06:18:51;15:07:09;481.2962,-3112.918,-3112.918;;;;
Trevor;06:18:52;15:07:10;481.4016,-3112.914,-3112.914;;;;
Trevor;06:18:52;15:07:10;481.2233,-3112.9,-3112.9;;;;
Trevor;06:18:53;15:07:11;481.1554,-3112.948,-3112.948;;;;
Trevor;06:18:53;15:07:11;481.0892,-3112.928,-3112.928;;;;
Trevor;06:18:54;15:07:12;481.2181,-3112.945,-3112.945;;;;
Trevor;06:18:54;15:07:12;481.0935,-3112.945,-3112.945;;;;
Trevor;06:18:55;15:07:13;481.1136,-3112.944,-3112.944;;;;
Trevor;06:18:55;15:07:13;481.188,-3113.01,-3113.01;;;;
Trevor;06:18:56;15:07:14;481.2174,-3113.085,-3113.085;;The guy writing it must have...;Cutscene;Cutscene
Trevor;06:18:57;15:07:14;481.056,-3113.059,-3113.059;;;;
Trevor;06:18:57;15:07:15;481.007,-3113.174,-3113.174;;;;
Trevor;06:18:58;15:07:15;481.0558,-3113.236,-3113.236;;;;
Trevor;06:18:58;15:07:16;481.1122,-3113.175,-3113.175;;;;
Trevor;06:18:59;15:07:16;481.168,-3113.034,-3113.034;;;;
Trevor;06:18:59;15:07:17;481.2334,-3113.016,-3113.016;;Please!;Cutscene;Cutscene
Trevor;06:19:00;15:07:17;481.3255,-3113.08,-3113.08;;;;
Trevor;06:19:00;15:07:18;481.1666,-3113.07,-3113.07;;;;
Trevor;06:19:01;15:07:19;481.0437,-3113.139,-3113.139;;;;
Trevor;06:19:01;15:07:19;481.235,-3113.285,-3113.285;;;;
Trevor;06:19:02;15:07:20;481.579,-3113.434,-3113.434;;;;
Trevor;06:19:02;15:07:20;481.7734,-3113.624,-3113.624;;;;
Trevor;06:19:03;15:07:21;481.7672,-3113.945,-3113.945;;;;
Trevor;06:19:03;15:07:21;482.2537,-3113.992,-3113.992;;;;
Trevor;06:19:04;15:07:22;483.2101,-3113.929,-3113.929;;;;
Trevor;06:19:04;15:07:22;484.12,-3114.034,-3114.034;;;;
Trevor;06:19:05;15:07:23;484.2781,-3113.624,-3113.624;;;;
Trevor;06:19:05;15:07:23;484.1345,-3112.745,-3112.745;;;;
Trevor;06:19:06;15:07:24;484.0695,-3112.536,-3112.536;;;;
Trevor;06:19:06;15:07:24;483.9088,-3112.779,-3112.779;;;;
Trevor;06:19:07;15:07:25;483.8977,-3113.4,-3113.4;;;;
Trevor;06:19:07;15:07:25;483.4485,-3113.804,-3113.804;;;;
Trevor;06:19:08;15:07:26;482.5683,-3113.78,-3113.78;;;;
Trevor;06:19:08;15:07:26;482.0652,-3113.435,-3113.435;;;;
Trevor;06:19:09;15:07:27;481.8377,-3112.094,-3112.094;;;;
Trevor;06:19:09;15:07:27;481.6192,-3109.881,-3109.881;;;;
Trevor;06:19:10;15:07:28;481.5698,-3107.296,-3107.296;;;;
Trevor;06:19:11;15:07:28;481.4683,-3104.932,-3104.932;;;;
Trevor;06:19:11;15:07:29;481.3665,-3102.524,-3102.524;;Sorry, you're going to have to go it alone.;Trevor;DH1_DLAA
Trevor;06:19:12;15:07:29;481.2652,-3100.129,-3100.129;;;;
Trevor;06:19:12;15:07:30;481.3131,-3098.159,-3098.159;;;;
Trevor;06:19:13;15:07:30;481.3465,-3096.758,-3096.758;;;;
Trevor;06:19:13;15:07:31;481.3567,-3095.76,-3095.76;;;;
Trevor;06:19:14;15:07:31;481.3627,-3094.79,-3094.79;;;;
Trevor;06:19:14;15:07:32;481.3856,-3093.604,-3093.604;;;;
Trevor;06:19:15;15:07:33;481.2976,-3091.687,-3091.687;;;;
Trevor;06:19:15;15:07:33;480.0807,-3088.86,-3088.86;;;;
Trevor;06:19:16;15:07:34;479.783,-3085.341,-3085.341;;;;
Trevor;06:19:16;15:07:34;479.8659,-3081.934,-3081.934;;;;
Trevor;06:19:17;15:07:35;479.9342,-3078.628,-3078.628;;;;
Trevor;06:19:17;15:07:35;480.0027,-3075.276,-3075.276;;;;
Trevor;06:19:18;15:07:36;480.0694,-3071.985,-3071.985;;;;
Trevor;06:19:18;15:07:36;480.1354,-3068.7,-3068.7;;;;
Trevor;06:19:19;15:07:37;480.0708,-3065.402,-3065.402;;;;
Trevor;06:19:19;15:07:37;479.8434,-3062.04,-3062.04;;;;
Trevor;06:19:20;15:07:38;479.6232,-3058.602,-3058.602;;;;
Trevor;06:19:20;15:07:38;479.4422,-3055.304,-3055.304;;;;
Trevor;06:19:21;15:07:39;479.2602,-3051.991,-3051.991;;;;
Trevor;06:19:21;15:07:39;478.9737,-3048.733,-3048.733;;;;
Trevor;06:19:22;15:07:40;477.0047,-3046.848,-3046.848;;;;
Trevor;06:19:22;15:07:40;473.7431,-3045.78,-3045.78;;;;
Trevor;06:19:23;15:07:41;471.9595,-3043.059,-3043.059;;;;
Trevor;06:19:24;15:07:41;469.205,-3042.239,-3042.239;;;;
Trevor;06:19:24;15:07:42;465.7538,-3042.733,-3042.733;;;;
Trevor;06:19:25;15:07:42;462.6978,-3043.471,-3043.471;;;;
Trevor;06:19:25;15:07:43;460.1991,-3045.881,-3045.881;;;;
Trevor;06:19:26;15:07:43;457.6006,-3048.036,-3048.036;;;;
Trevor;06:19:26;15:07:44;454.9047,-3050.416,-3050.416;;;;
Trevor;06:19:27;15:07:44;452.3,-3052.534,-3052.534;;;;
Trevor;06:19:27;15:07:45;449.7063,-3054.57,-3054.57;;;;
Trevor;06:19:28;15:07:46;447.3685,-3055.958,-3055.958;;;;
Trevor;06:19:28;15:07:46;448.4569,-3056.014,-3056.014;;;;
Trevor;06:19:29;15:07:47;449.2888,-3057.107,-3057.107;;;;
Trevor;06:19:29;15:07:47;447.9903,-3058.524,-3058.524;;;;
Trevor;06:19:30;15:07:48;447.886,-3058.195,-3058.195;;;;
Trevor;06:19:30;15:07:48;447.7425,-3058.196,-3058.196;;;;
Trevor;06:19:31;15:07:49;447.6106,-3058.197,-3058.197;;;;
Trevor;06:19:31;15:07:49;447.6548,-3058.198,-3058.198;;;;
Trevor;06:19:32;15:07:50;447.6904,-3058.206,-3058.206;;;;
Trevor;06:19:32;15:07:50;447.6829,-3058.213,-3058.213;;;;
Trevor;06:19:33;15:07:51;447.816,-3058.207,-3058.207;;;;
Trevor;06:19:33;15:07:51;447.0651,-3057.082,-3057.082;True,Compacts,PANTO,0,0;;;
Trevor;06:19:34;15:07:52;447.0651,-3057.082,-3057.082;True,Compacts,PANTO,0,0;;;
Trevor;06:19:34;15:07:52;447.0651,-3057.082,-3057.082;True,Compacts,PANTO,0,0;;;
Trevor;06:19:35;15:07:53;447.0651,-3057.082,-3057.082;True,Compacts,PANTO,0,0;;;
Trevor;06:19:35;15:07:53;447.0651,-3057.082,-3057.082;True,Compacts,PANTO,0,0;;;
Trevor;06:19:36;15:07:54;447.0651,-3057.082,-3057.082;True,Compacts,PANTO,0,0;Trevor, these photos... you've really stumbled onto something. The ship... Merryweather.;NERVOUSRON;DH1_FQAA
Trevor;06:19:37;15:07:54;447.0651,-3057.082,-3057.082;True,Compacts,PANTO,0,0;;;
Trevor;06:19:37;15:07:55;447.0651,-3057.082,-3057.082;True,Compacts,PANTO,0,0;;;
Trevor;06:19:38;15:07:55;447.0651,-3057.082,-3057.082;True,Compacts,PANTO,0,0;;;
Trevor;06:19:38;15:07:56;447.0651,-3057.082,-3057.082;True,Compacts,PANTO,0,0;;;
Trevor;06:19:39;15:07:56;447.0651,-3057.082,-3057.082;True,Compacts,PANTO,0,0;;;
Trevor;06:19:39;15:07:57;447.0651,-3057.082,-3057.082;True,Compacts,PANTO,0,0;;;
Trevor;06:19:40;15:07:58;447.1314,-3057.075,-3057.075;True,Compacts,PANTO,0,5935501,-1;;;
Trevor;06:19:40;15:07:58;447.845,-3056.949,-3056.949;True,Compacts,PANTO,2,256332,-1;;;
Trevor;06:19:41;15:07:59;449.5465,-3057.154,-3057.154;True,Compacts,PANTO,4,474225,-1;;;
Trevor;06:19:41;15:07:59;452.2877,-3057.997,-3057.997;True,Compacts,PANTO,6,799064,-1;;;
Trevor;06:19:42;15:08:00;454.8669,-3059.692,-3059.692;True,Compacts,PANTO,3,380214,0;Yeah, yeah, yeah, I know. Tell me about the ship.;Trevor;DH1_FQAB
Trevor;06:19:42;15:08:00;455.039,-3060.046,-3060.046;True,Compacts,PANTO,0,5904242,1;;;
Trevor;06:19:43;15:08:01;455.1232,-3059.295,-3059.295;True,Compacts,PANTO,2,497216,1;;;
Trevor;06:19:43;15:08:01;455.8417,-3057.448,-3057.448;True,Compacts,PANTO,5,341353,1;;;
Trevor;06:19:44;15:08:02;457.9789,-3054.317,-3054.317;True,Compacts,PANTO,9,442388,1;;;
Trevor;06:19:44;15:08:02;462.2831,-3050.895,-3050.895;True,Compacts,PANTO,11,11,1;;;
Trevor;06:19:45;15:08:03;466.7225,-3046.108,-3046.108;True,Compacts,PANTO,14,49539,1;If we put a man with a gun on the bridge next to it, and get a guy on board, I think we got a good chance of taking over.;Trevor;DH1_FQAK
Trevor;06:19:45;15:08:03;472.3817,-3039.547,-3039.547;True,Compacts,PANTO,18,1733,1;;;
Trevor;06:19:46;15:08:04;479.2245,-3031.999,-3031.999;True,Compacts,PANTO,20,68606,1;;;
Trevor;06:19:46;15:08:04;487.7605,-3024.868,-3024.868;True,Compacts,PANTO,21,32333,0;;;
Trevor;06:19:47;15:08:05;497.899,-3020.353,-3020.353;True,Compacts,PANTO,22,23674,1;;;
Trevor;06:19:47;15:08:05;509.6388,-3017.265,-3017.265;True,Compacts,PANTO,23,84212,1;;;
Trevor;06:19:48;15:08:06;522.2393,-3016.453,-3016.453;True,Compacts,PANTO,25,15807,1;;;
Trevor;06:19:49;15:08:06;535.8882,-3016.495,-3016.495;True,Compacts,PANTO,26,67431,1;;;
Trevor;06:19:49;15:08:07;550.1489,-3016.545,-3016.545;True,Compacts,PANTO,27,88552,1;;;
Trevor;06:19:50;15:08:07;565.0272,-3016.282,-3016.282;True,Compacts,PANTO,28,80696,1;;;
Trevor;06:19:50;15:08:08;579.8837,-3015.412,-3015.412;True,Compacts,PANTO,28,06183,0;;;
Trevor;06:19:51;15:08:08;593.462,-3015.777,-3015.777;True,Compacts,PANTO,22,78961,0;;;
Trevor;06:19:51;15:08:09;604.8842,-3016.154,-3016.154;True,Compacts,PANTO,20,81703,0;;;
Trevor;06:19:52;15:08:10;614.9303,-3014.968,-3014.968;True,Compacts,PANTO,18,20118,0;Way it looks to me, there's a container below deck. They're guarding it for the government -;NERVOUSRON;DH1_FQAE
Trevor;06:19:52;15:08:10;623.3882,-3011.743,-3011.743;True,Compacts,PANTO,16,25419,0;;;
Trevor;06:19:53;15:08:11;630.4445,-3008.136,-3008.136;True,Compacts,PANTO,14,10369,0;;;
Trevor;06:19:53;15:08:11;635.9709,-3003.872,-3003.872;True,Compacts,PANTO,13,78803,1;;;
Trevor;06:19:54;15:08:12;642.1097,-2998.971,-2998.971;True,Compacts,PANTO,16,29209,1;;;
Trevor;06:19:54;15:08:12;647.9421,-2992.4,-2992.4;True,Compacts,PANTO,16,29937,0;;;
Trevor;06:19:55;15:08:13;652.7369,-2984.694,-2984.694;True,Compacts,PANTO,18,46475,1;;;
Trevor;06:19:55;15:08:13;656.2701,-2974.969,-2974.969;True,Compacts,PANTO,20,58319,1;;;
Trevor;06:19:56;15:08:14;659.8038,-2964.51,-2964.51;True,Compacts,PANTO,21,70075,0;;;
Trevor;06:19:56;15:08:14;665.1451,-2954.764,-2954.764;True,Compacts,PANTO,22,00247,1;;;
Trevor;06:19:57;15:08:15;669.3097,-2943.666,-2943.666;True,Compacts,PANTO,23,59937,1;keeping it off the books. Serious military technology, most like.;NERVOUSRON;DH1_FQAF
Trevor;06:19:57;15:08:15;672.2264,-2931.438,-2931.438;True,Compacts,PANTO,24,81432,0;;;
Trevor;06:19:58;15:08:16;673.306,-2918.982,-2918.982;True,Compacts,PANTO,22,95619,1;;;
Trevor;06:19:58;15:08:16;672.9904,-2907.407,-2907.407;True,Compacts,PANTO,22,45002,1;;;
Trevor;06:19:59;15:08:17;672.8469,-2895.399,-2895.399;True,Compacts,PANTO,23,49326,0;;;
Trevor;06:19:59;15:08:17;672.8452,-2883.656,-2883.656;True,Compacts,PANTO,21,56419,1;;;
Trevor;06:20:00;15:08:18;671.7344,-2872.239,-2872.239;True,Compacts,PANTO,22,92482,1;;;
Trevor;06:20:01;15:08:18;672.3325,-2859.862,-2859.862;True,Compacts,PANTO,24,60258,1;;;
Trevor;06:20:01;15:08:19;672.013,-2846.254,-2846.254;True,Compacts,PANTO,27,02723,1;;;
Trevor;06:20:02;15:08:19;672.3188,-2831.749,-2831.749;True,Compacts,PANTO,28,0996,1;Yeah, of course. I just found a manifest.;Trevor;DH1_FQAG
Trevor;06:20:02;15:08:20;673.0748,-2816.632,-2816.632;True,Compacts,PANTO,29,47889,0;;;
Trevor;06:20:03;15:08:20;673.5483,-2801.158,-2801.158;True,Compacts,PANTO,30,07299,1;;;
Trevor;06:20:03;15:08:21;672.8907,-2784.961,-2784.961;True,Compacts,PANTO,32,54159,0;;;
Trevor;06:20:04;15:08:21;669.6783,-2769.254,-2769.254;True,Compacts,PANTO,29,91909,0;;;
Trevor;06:20:04;15:08:22;665.6413,-2754.229,-2754.229;True,Compacts,PANTO,30,37874,1;;;
Trevor;06:20:05;15:08:23;661.3896,-2738.447,-2738.447;True,Compacts,PANTO,32,9481,1;;;
Trevor;06:20:05;15:08:23;655.8685,-2721.653,-2721.653;True,Compacts,PANTO,34,3502,1;They're testing something out at sea, it's gotta be that. Now,;Trevor;DH1_FQAL
Trevor;06:20:06;15:08:24;649.7925,-2704.689,-2704.689;True,Compacts,PANTO,34,75256,1;;;
Trevor;06:20:06;15:08:24;642.9376,-2688.253,-2688.253;True,Compacts,PANTO,33,71177,0;;;
Trevor;06:20:07;15:08:25;635.8066,-2672.96,-2672.96;True,Compacts,PANTO,31,20294,0;;;
Trevor;06:20:07;15:08:25;629.7012,-2658.833,-2658.833;True,Compacts,PANTO,28,84165,0;;;
Trevor;06:20:08;15:08:26;623.4771,-2645.829,-2645.829;True,Compacts,PANTO,27,19759,1;;;
Trevor;06:20:08;15:08:26;617.1517,-2633.058,-2633.058;True,Compacts,PANTO,27,52775,0;get back to work. If the TPI conglomerate ain't thriving, there's only one man responsible.;Trevor;DH1_FQAM
Trevor;06:20:09;15:08:27;611.1189,-2620.859,-2620.859;True,Compacts,PANTO,25,37192,0;;;
Trevor;06:20:09;15:08:27;605.5081,-2609.517,-2609.517;True,Compacts,PANTO,23,27649,0;;;
Trevor;06:20:10;15:08:28;600.1151,-2599.481,-2599.481;True,Compacts,PANTO,20,25289,0;;;
Trevor;06:20:10;15:08:28;595.6658,-2591.566,-2591.566;True,Compacts,PANTO,16,51656,0;;;
Trevor;06:20:11;15:08:29;591.5535,-2584.324,-2584.324;True,Compacts,PANTO,16,14149,1;;;
Trevor;06:20:11;15:08:29;586.9207,-2577.795,-2577.795;True,Compacts,PANTO,14,42166,0;;;
Trevor;06:20:12;15:08:30;582.2476,-2572.574,-2572.574;True,Compacts,PANTO,12,28488,0;;;
Trevor;06:20:12;15:08:30;577.6663,-2568.612,-2568.612;True,Compacts,PANTO,10,90666,0;;;
Trevor;06:20:13;15:08:31;574.0032,-2564.668,-2564.668;True,Compacts,PANTO,9,959563,0;;;
Trevor;06:20:13;15:08:31;569.1866,-2561.591,-2561.591;True,Compacts,PANTO,12,31723,1;;;
Trevor;06:20:14;15:08:32;563.7332,-2557.167,-2557.167;True,Compacts,PANTO,14,85562,1;;;
Trevor;06:20:15;15:08:32;557.4921,-2552.481,-2552.481;True,Compacts,PANTO,14,9921,0;Of course, yeah, but I'll start pulling all the intel I can get on Merryweather at the same time.;NERVOUSRON;DH1_FQAH
Trevor;06:20:15;15:08:33;551.1333,-2548.534,-2548.534;True,Compacts,PANTO,14,42375,1;;;
Trevor;06:20:16;15:08:33;544.3947,-2543.833,-2543.833;True,Compacts,PANTO,16,96507,0;;;
Trevor;06:20:16;15:08:34;537.2582,-2539.464,-2539.464;True,Compacts,PANTO,15,90268,1;;;
Trevor;06:20:17;15:08:34;529.9968,-2534.542,-2534.542;True,Compacts,PANTO,16,67035,0;;;
Trevor;06:20:17;15:08:35;523.2715,-2529.39,-2529.39;True,Compacts,PANTO,16,60394,0;;;
Trevor;06:20:18;15:08:36;516.6848,-2524.704,-2524.704;True,Compacts,PANTO,14,5876,0;;;
Trevor;06:20:18;15:08:36;511.0825,-2520.35,-2520.35;True,Compacts,PANTO,12,64714,0;;;
Trevor;06:20:19;15:08:37;506.1388,-2516.99,-2516.99;True,Compacts,PANTO,10,72725,0;;;
Trevor;06:20:19;15:08:37;500.659,-2513.839,-2513.839;True,Compacts,PANTO,13,34143,1;;;
Trevor;06:20:20;15:08:38;494.1117,-2510.069,-2510.069;True,Compacts,PANTO,16,02828,1;;;
Trevor;06:20:20;15:08:38;485.756,-2506.386,-2506.386;True,Compacts,PANTO,18,70753,1;I got a file here somewhere.;NERVOUSRON;DH1_FQAJ
Trevor;06:20:21;15:08:39;476.2728,-2502.25,-2502.25;True,Compacts,PANTO,20,85272,1;;;
Trevor;06:20:21;15:08:39;466.4389,-2496.808,-2496.808;True,Compacts,PANTO,21,25116,0;;;
Trevor;06:20:22;15:08:40;456.362,-2491.726,-2491.726;True,Compacts,PANTO,22,4655,1;;;
Trevor;06:20:22;15:08:40;447.034,-2484.351,-2484.351;True,Compacts,PANTO,23,21271,1;;;
Trevor;06:20:23;15:08:41;439.5464,-2474.489,-2474.489;True,Compacts,PANTO,22,7443,0;;;
Trevor;06:20:23;15:08:41;436.1869,-2463.994,-2463.994;True,Compacts,PANTO,20,61103,1;;;
Trevor;06:20:24;15:08:42;434.3335,-2452.971,-2452.971;True,Compacts,PANTO,22,49792,1;;;
Trevor;06:20:24;15:08:42;434.0544,-2441.535,-2441.535;True,Compacts,PANTO,21,25189,1;;;
Trevor;06:20:25;15:08:43;437.6366,-2430.821,-2430.821;True,Compacts,PANTO,22,00288,1;;;
Trevor;06:20:25;15:08:43;444.4308,-2422.202,-2422.202;True,Compacts,PANTO,21,61925,1;;;
Trevor;06:20:26;15:08:44;453.9654,-2415.687,-2415.687;True,Compacts,PANTO,22,42034,0;;;
Trevor;06:20:27;15:08:44;464.2903,-2412.796,-2412.796;True,Compacts,PANTO,19,26054,0;;;
Trevor;06:20:27;15:08:45;473.7854,-2414.197,-2414.197;True,Compacts,PANTO,18,69229,1;;;
Trevor;06:20:28;15:08:45;483.5422,-2417.379,-2417.379;True,Compacts,PANTO,20,68442,1;;;
Trevor;06:20:28;15:08:46;493.277,-2420.242,-2420.242;True,Compacts,PANTO,18,17561,0;;;
Trevor;06:20:29;15:08:46;501.1025,-2424.641,-2424.641;True,Compacts,PANTO,17,8013,1;;;
Trevor;06:20:29;15:08:47;508.476,-2431.152,-2431.152;True,Compacts,PANTO,19,87542,1;;;
Trevor;06:20:30;15:08:48;513.9193,-2440.306,-2440.306;True,Compacts,PANTO,21,17429,1;;;
Trevor;06:20:30;15:08:48;516.1333,-2450.775,-2450.775;True,Compacts,PANTO,19,58687,0;;;
Trevor;06:20:31;15:08:49;514.894,-2460.732,-2460.732;True,Compacts,PANTO,19,86479,0;;;
Trevor;06:20:31;15:08:49;511.4726,-2470.472,-2470.472;True,Compacts,PANTO,19,31075,0;;;
Trevor;06:20:32;15:08:50;507.2178,-2478.864,-2478.864;True,Compacts,PANTO,17,37523,1;;;
Trevor;06:20:32;15:08:50;500.0943,-2485.06,-2485.06;True,Compacts,PANTO,18,14825,0;;;
Trevor;06:20:33;15:08:51;492.088,-2488.312,-2488.312;True,Compacts,PANTO,15,53723,0;;;
Trevor;06:20:33;15:08:51;483.9315,-2488.941,-2488.941;True,Compacts,PANTO,15,35189,0;;;
Trevor;06:20:34;15:08:52;476.5194,-2489.574,-2489.574;True,Compacts,PANTO,13,53718,0;;;
Trevor;06:20:34;15:08:52;470.0272,-2490.717,-2490.717;True,Compacts,PANTO,11,69167,0;;;
Trevor;06:20:35;15:08:53;464.3688,-2491.116,-2491.116;True,Compacts,PANTO,10,53917,1;;;
Trevor;06:20:35;15:08:53;458.937,-2492.255,-2492.255;True,Compacts,PANTO,9,81991,0;;;
Trevor;06:20:36;15:08:54;453.4253,-2492.096,-2492.096;True,Compacts,PANTO,11,9272,1;;;
Trevor;06:20:36;15:08:54;446.8082,-2492.372,-2492.372;True,Compacts,PANTO,13,03431,0;;;
Trevor;06:20:37;15:08:55;440.0714,-2492.87,-2492.87;True,Compacts,PANTO,13,78139,1;;;
Trevor;06:20:37;15:08:55;433.0382,-2495.868,-2495.868;True,Compacts,PANTO,16,08563,1;;;
Trevor;06:20:38;15:08:56;424.2421,-2499.01,-2499.01;True,Compacts,PANTO,19,25729,1;;;
Trevor;06:20:39;15:08:56;414.1004,-2500.629,-2500.629;True,Compacts,PANTO,19,25657,0;;;
Trevor;06:20:39;15:08:57;404.4265,-2501.072,-2501.072;True,Compacts,PANTO,19,47487,1;;;
Trevor;06:20:40;15:08:57;393.8816,-2501.082,-2501.082;True,Compacts,PANTO,19,91257,0;;;
Trevor;06:20:40;15:08:58;384.1109,-2499.63,-2499.63;True,Compacts,PANTO,18,54637,0;;;
Trevor;06:20:41;15:08:58;375.1418,-2497.827,-2497.827;True,Compacts,PANTO,17,16183,0;;;
Trevor;06:20:41;15:08:59;366.657,-2497.546,-2497.546;True,Compacts,PANTO,16,09278,0;;;
Trevor;06:20:42;15:08:59;358.6707,-2498.322,-2498.322;True,Compacts,PANTO,14,50126,0;;;
Trevor;06:20:42;15:09:00;351.619,-2498.156,-2498.156;True,Compacts,PANTO,12,65768,0;;;
Trevor;06:20:43;15:09:01;345.6784,-2496.596,-2496.596;True,Compacts,PANTO,11,13328,0;;;
Trevor;06:20:43;15:09:01;341.1848,-2493.796,-2493.796;True,Compacts,PANTO,9,525392,1;;;
Trevor;06:20:44;15:09:02;339.1288,-2488.867,-2488.867;True,Compacts,PANTO,11,6872,1;;;
Trevor;06:20:44;15:09:02;337.9268,-2482.143,-2482.143;True,Compacts,PANTO,14,26891,1;;;
Trevor;06:20:45;15:09:03;337.6896,-2474.129,-2474.129;True,Compacts,PANTO,16,76211,1;;;
Trevor;06:20:45;15:09:03;338.6884,-2464.865,-2464.865;True,Compacts,PANTO,18,9608,1;;;
Trevor;06:20:46;15:09:04;340.4798,-2454.637,-2454.637;True,Compacts,PANTO,20,87889,1;;;
Trevor;06:20:46;15:09:04;342.3821,-2443.686,-2443.686;True,Compacts,PANTO,21,32291,0;;;
Trevor;06:20:47;15:09:05;346.0347,-2433.881,-2433.881;True,Compacts,PANTO,20,46776,1;;;
Trevor;06:20:47;15:09:05;349.6238,-2423.37,-2423.37;True,Compacts,PANTO,22,14574,1;;;
Trevor;06:20:48;15:09:06;352.7398,-2411.885,-2411.885;True,Compacts,PANTO,23,79996,1;;;
Trevor;06:20:48;15:09:06;355.3601,-2399.367,-2399.367;True,Compacts,PANTO,25,45906,0;;;
Trevor;06:20:49;15:09:07;357.1712,-2386.853,-2386.853;True,Compacts,PANTO,23,28679,0;;;
Trevor;06:20:49;15:09:07;358.8276,-2374.525,-2374.525;True,Compacts,PANTO,24,70716,1;;;
Trevor;06:20:50;15:09:08;360.827,-2361.374,-2361.374;True,Compacts,PANTO,26,09162,1;;;
Trevor;06:20:50;15:09:08;362.1324,-2347.463,-2347.463;True,Compacts,PANTO,27,31977,1;;;
Trevor;06:20:51;15:09:09;362.6859,-2332.733,-2332.733;True,Compacts,PANTO,28,37906,1;;;
Trevor;06:20:52;15:09:09;362.6904,-2317.651,-2317.651;True,Compacts,PANTO,29,12692,1;;;
Trevor;06:20:52;15:09:10;361.7144,-2302.563,-2302.563;True,Compacts,PANTO,29,83185,1;;;
Trevor;06:20:53;15:09:10;360.7131,-2287.105,-2287.105;True,Compacts,PANTO,29,17812,0;;;
Trevor;06:20:53;15:09:11;359.8015,-2272.646,-2272.646;True,Compacts,PANTO,26,93849,0;;;
Trevor;06:20:54;15:09:11;359.5625,-2259.483,-2259.483;True,Compacts,PANTO,24,70896,0;;;
Trevor;06:20:54;15:09:12;359.8083,-2247.213,-2247.213;True,Compacts,PANTO,21,50172,0;;;
Trevor;06:20:55;15:09:12;360.2623,-2236.89,-2236.89;True,Compacts,PANTO,18,64156,0;;;
Trevor;06:20:55;15:09:13;359.377,-2228.021,-2228.021;True,Compacts,PANTO,16,24272,0;;;
Trevor;06:20:56;15:09:14;360.0695,-2220.423,-2220.423;True,Compacts,PANTO,13,56778,0;;;
Trevor;06:20:56;15:09:14;361.7147,-2214.291,-2214.291;True,Compacts,PANTO,9,646688,0;;;
Trevor;06:20:57;15:09:15;362.8915,-2210.241,-2210.241;True,Compacts,PANTO,7,044883,0;;;
Trevor;06:20:57;15:09:15;364.5295,-2206.503,-2206.503;True,Compacts,PANTO,8,354896,0;;;
Trevor;06:20:58;15:09:16;366.1077,-2202.705,-2202.705;True,Compacts,PANTO,8,256249,0;;;
Trevor;06:20:58;15:09:16;367.0261,-2199.045,-2199.045;True,Compacts,PANTO,6,239943,0;;;
Trevor;06:20:59;15:09:17;367.7683,-2195.629,-2195.629;True,Compacts,PANTO,8,647309,1;;;
Trevor;06:20:59;15:09:17;368.72,-2190.447,-2190.447;True,Compacts,PANTO,10,31924,1;;;
Trevor;06:21:00;15:09:18;368.7046,-2184.495,-2184.495;True,Compacts,PANTO,12,7683,1;;;
Trevor;06:21:00;15:09:18;367.2226,-2177.819,-2177.819;True,Compacts,PANTO,12,30737,0;;;
Trevor;06:21:01;15:09:19;363.2235,-2172.302,-2172.302;True,Compacts,PANTO,14,48081,1;;;
Trevor;06:21:01;15:09:19;358.4193,-2165.328,-2165.328;True,Compacts,PANTO,17,80368,1;;;
Trevor;06:21:02;15:09:20;350.8346,-2158.994,-2158.994;True,Compacts,PANTO,20,07623,1;;;
Trevor;06:21:02;15:09:20;340.7668,-2154.569,-2154.569;True,Compacts,PANTO,21,89471,1;;;
Trevor;06:21:03;15:09:21;330.6492,-2150.153,-2150.153;True,Compacts,PANTO,21,88911,1;;;
Trevor;06:21:03;15:09:21;320.6749,-2143.775,-2143.775;True,Compacts,PANTO,23,39193,1;;;
Trevor;06:21:04;15:09:22;310.6467,-2135.668,-2135.668;True,Compacts,PANTO,25,87261,1;;;
Trevor;06:21:05;15:09:22;298.9413,-2128.395,-2128.395;True,Compacts,PANTO,27,01667,1;;;
Trevor;06:21:05;15:09:23;287.2089,-2119.945,-2119.945;True,Compacts,PANTO,27,92709,1;;;
Trevor;06:21:06;15:09:23;276.3482,-2110.254,-2110.254;True,Compacts,PANTO,28,75651,1;;;
Trevor;06:21:06;15:09:24;265.1113,-2100.065,-2100.065;True,Compacts,PANTO,29,38945,1;;;
Trevor;06:21:07;15:09:24;253.4176,-2090.18,-2090.18;True,Compacts,PANTO,29,9819,1;;;
Trevor;06:21:07;15:09:25;242.4485,-2079.814,-2079.814;True,Compacts,PANTO,28,52937,1;;;
Trevor;06:21:08;15:09:25;231.8341,-2070.208,-2070.208;True,Compacts,PANTO,26,27553,0;;;
Trevor;06:21:08;15:09:26;221.9974,-2061.662,-2061.662;True,Compacts,PANTO,24,165,0;;;
Trevor;06:21:09;15:09:27;212.4385,-2054.517,-2054.517;True,Compacts,PANTO,21,97586,0;;;
Trevor;06:21:09;15:09:27;202.8195,-2048.414,-2048.414;True,Compacts,PANTO,22,40477,1;;;
Trevor;06:21:10;15:09:28;193.0766,-2042.938,-2042.938;True,Compacts,PANTO,21,47664,1;;;
Trevor;06:21:10;15:09:28;182.7505,-2040.08,-2040.08;True,Compacts,PANTO,19,38576,1;;;
Trevor;06:21:11;15:09:29;172.722,-2037.798,-2037.798;True,Compacts,PANTO,20,86377,1;;;
Trevor;06:21:11;15:09:29;161.5511,-2036.498,-2036.498;True,Compacts,PANTO,22,46176,1;;;
Trevor;06:21:12;15:09:30;149.6181,-2035.082,-2035.082;True,Compacts,PANTO,24,40875,1;;;
Trevor;06:21:12;15:09:30;136.6104,-2034.446,-2034.446;True,Compacts,PANTO,26,21264,1;;;
Trevor;06:21:13;15:09:31;122.304,-2033.73,-2033.73;True,Compacts,PANTO,28,40768,1;;;
Trevor;06:21:13;15:09:31;107.4385,-2034.119,-2034.119;True,Compacts,PANTO,29,4451,1;;;
Trevor;06:21:14;15:09:32;91.90645,-2033.012,-2033.012;True,Compacts,PANTO,29,5613,0;;;
Trevor;06:21:14;15:09:32;76.65631,-2032.209,-2032.209;True,Compacts,PANTO,29,89645,1;;;
Trevor;06:21:15;15:09:33;60.68182,-2031.268,-2031.268;True,Compacts,PANTO,30,94006,1;;;
Trevor;06:21:15;15:09:33;44.50821,-2031.005,-2031.005;True,Compacts,PANTO,31,70003,1;;;
Trevor;06:21:16;15:09:34;28.23491,-2031.277,-2031.277;True,Compacts,PANTO,30,53879,0;;;
Trevor;06:21:16;15:09:34;12.98602,-2031.447,-2031.447;True,Compacts,PANTO,28,14085,0;;;
Trevor;06:21:17;15:09:35;-1.234974,-2032.582,-2032.582;True,Compacts,PANTO,27,65209,0;;;
Trevor;06:21:17;15:09:35;-14.51153,-2035.308,-2035.308;True,Compacts,PANTO,25,19953,0;;;
Trevor;06:21:18;15:09:36;-26.38086,-2038.473,-2038.473;True,Compacts,PANTO,22,84999,1;;;
Trevor;06:21:19;15:09:36;-37.52047,-2043.105,-2043.105;True,Compacts,PANTO,24,04319,1;;;
Trevor;06:21:19;15:09:37;-49.67063,-2046.906,-2046.906;True,Compacts,PANTO,25,2112,1;;;
Trevor;06:21:20;15:09:37;-62.25347,-2051.159,-2051.159;True,Compacts,PANTO,26,20299,1;;;
Trevor;06:21:20;15:09:38;-75.33202,-2055.302,-2055.302;True,Compacts,PANTO,27,2325,1;;;
Trevor;06:21:21;15:09:38;-88.84243,-2060.388,-2060.388;True,Compacts,PANTO,28,27567,1;;;
Trevor;06:21:21;15:09:39;-102.291,-2065.395,-2065.395;True,Compacts,PANTO,26,20208,0;;;
Trevor;06:21:22;15:09:39;-114.349,-2069.754,-2069.754;True,Compacts,PANTO,23,61074,0;;;
Trevor;06:21:22;15:09:40;-125.4599,-2072.903,-2072.903;True,Compacts,PANTO,20,84212,0;;;
Trevor;06:21:23;15:09:41;-135.0761,-2076.599,-2076.599;True,Compacts,PANTO,18,32106,0;;;
Trevor;06:21:23;15:09:41;-142.4411,-2079.338,-2079.338;True,Compacts,PANTO,13,27303,0;;;
Trevor;06:21:24;15:09:42;-148.7793,-2079.898,-2079.898;True,Compacts,PANTO,12,1792,1;;;
Trevor;06:21:24;15:09:42;-155.454,-2077.695,-2077.695;True,Compacts,PANTO,14,36275,0;;;
Trevor;06:21:25;15:09:43;-160.8714,-2073.355,-2073.355;True,Compacts,PANTO,13,97227,1;;;
Trevor;06:21:25;15:09:43;-164.8605,-2066.699,-2066.699;True,Compacts,PANTO,15,28348,0;;;
Trevor;06:21:26;15:09:44;-167.1108,-2059.688,-2059.688;True,Compacts,PANTO,13,38551,0;;;
Trevor;06:21:26;15:09:44;-164.9796,-2052.934,-2052.934;True,Compacts,PANTO,15,19909,1;;;
Trevor;06:21:27;15:09:45;-161.0648,-2045.196,-2045.196;True,Compacts,PANTO,18,33379,1;;;
Trevor;06:21:27;15:09:45;-158.8474,-2035.223,-2035.223;True,Compacts,PANTO,20,5383,1;;;
Trevor;06:21:28;15:09:46;-156.5309,-2024.305,-2024.305;True,Compacts,PANTO,21,34851,0;;;
Trevor;06:21:28;15:09:46;-154.1487,-2013.273,-2013.273;True,Compacts,PANTO,22,56348,1;;;
Trevor;06:21:29;15:09:47;-151.6495,-2001.68,-2001.68;True,Compacts,PANTO,22,3838,0;;;
Trevor;06:21:29;15:09:47;-149.5938,-1990.574,-1990.574;True,Compacts,PANTO,20,87131,0;;;
Trevor;06:21:30;15:09:48;-149.9112,-1979.255,-1979.255;True,Compacts,PANTO,22,88392,1;;;
Trevor;06:21:30;15:09:48;-151.7709,-1966.883,-1966.883;True,Compacts,PANTO,24,65497,0;;;
Trevor;06:21:31;15:09:49;-154.9722,-1954.989,-1954.989;True,Compacts,PANTO,22,04565,0;;;
Trevor;06:21:32;15:09:49;-157.8844,-1945.426,-1945.426;True,Compacts,PANTO,17,9711,0;;;
Trevor;06:21:32;15:09:50;-158.897,-1937.468,-1937.468;True,Compacts,PANTO,12,47183,0;;;
Trevor;06:21:33;15:09:50;-158.6478,-1931.526,-1931.526;True,Compacts,PANTO,10,53036,0;;;
Trevor;06:21:33;15:09:51;-158.9861,-1926.428,-1926.428;True,Compacts,PANTO,10,09477,0;;;
Trevor;06:21:34;15:09:51;-160.4384,-1921.112,-1921.112;True,Compacts,PANTO,11,77573,1;;;
Trevor;06:21:34;15:09:52;-161.8068,-1914.54,-1914.54;True,Compacts,PANTO,14,05421,1;;;
Trevor;06:21:35;15:09:53;-165.9918,-1907.943,-1907.943;True,Compacts,PANTO,16,05936,1;;;
Trevor;06:21:35;15:09:53;-172.5981,-1901.709,-1901.709;True,Compacts,PANTO,18,55898,1;;;
Trevor;06:21:36;15:09:54;-180.3823,-1895.124,-1895.124;True,Compacts,PANTO,21,00203,1;;;
Trevor;06:21:36;15:09:54;-189.2256,-1888.299,-1888.299;True,Compacts,PANTO,21,18408,0;;;
Trevor;06:21:37;15:09:55;-197.9806,-1881.118,-1881.118;True,Compacts,PANTO,22,28084,1;;;
Trevor;06:21:37;15:09:55;-206.986,-1874.133,-1874.133;True,Compacts,PANTO,20,82894,0;;;
Trevor;06:21:38;15:09:56;-215.64,-1868.554,-1868.554;True,Compacts,PANTO,18,7136,0;;;
Trevor;06:21:38;15:09:56;-223.4101,-1863.617,-1863.617;True,Compacts,PANTO,16,72705,0;;;
Trevor;06:21:39;15:09:57;-229.9784,-1858.637,-1858.637;True,Compacts,PANTO,14,734,0;;;
Trevor;06:21:39;15:09:57;-235.0464,-1853.492,-1853.492;True,Compacts,PANTO,12,20274,0;;;
Trevor;06:21:40;15:09:58;-237.6103,-1850.239,-1850.239;True,Compacts,PANTO,3,832222,0;;;
Trevor;06:21:40;15:09:58;-237.7547,-1849.779,-1849.779;True,Compacts,PANTO,0,1921221,0;;;
Trevor;06:21:41;15:09:59;-237.7322,-1849.77,-1849.77;True,Compacts,PANTO,0,006324452,0;;;
Trevor;06:21:41;15:09:59;-237.732,-1849.77,-1849.77;True,Compacts,PANTO,0,0;;;
Trevor;06:21:42;15:10:00;-237.732,-1849.77,-1849.77;True,Compacts,PANTO,0,0;;;
Trevor;06:21:42;15:10:00;-237.732,-1849.77,-1849.77;True,Compacts,PANTO,0,0;;;
Trevor;06:21:43;15:10:01;-237.732,-1849.77,-1849.77;True,Compacts,PANTO,0,0;;;
Trevor;06:21:44;15:10:01;-237.732,-1849.77,-1849.77;True,Compacts,PANTO,0,0;;;
Trevor;06:21:44;15:10:02;-237.732,-1849.77,-1849.77;True,Compacts,PANTO,0,0;;;
Trevor;06:21:45;15:10:02;-237.732,-1849.77,-1849.77;True,Compacts,PANTO,0,0;;;
Trevor;06:21:45;15:10:03;-237.732,-1849.77,-1849.77;True,Compacts,PANTO,0,0;;;
Trevor;06:21:46;15:10:03;-237.732,-1849.77,-1849.77;True,Compacts,PANTO,0,0;;;
Trevor;06:21:46;15:10:04;-237.732,-1849.77,-1849.77;True,Compacts,PANTO,0,0;;;
Trevor;06:21:47;15:10:05;-237.732,-1849.77,-1849.77;True,Compacts,PANTO,0,0;;;
Trevor;06:21:47;15:10:05;-237.732,-1849.77,-1849.77;True,Compacts,PANTO,0,0;;;
Trevor;06:21:48;15:10:06;-237.8289,-1849.469,-1849.469;True,Compacts,PANTO,1,344132,1;;;
Trevor;06:21:48;15:10:06;-238.1721,-1848.174,-1848.174;True,Compacts,PANTO,3,863979,1;;;
Trevor;06:21:49;15:10:07;-239.1927,-1845.353,-1845.353;True,Compacts,PANTO,7,873596,1;;;
Trevor;06:21:49;15:10:07;-240.9855,-1840.573,-1840.573;True,Compacts,PANTO,10,47348,1;;;
Trevor;06:21:50;15:10:08;-243.954,-1835.629,-1835.629;True,Compacts,PANTO,10,33788,0;;;
Trevor;06:21:50;15:10:08;-246.9229,-1831.739,-1831.739;True,Compacts,PANTO,8,607351,0;;;
Trevor;06:21:51;15:10:09;-249.9679,-1829.008,-1829.008;True,Compacts,PANTO,8,920322,1;;;
Trevor;06:21:51;15:10:09;-254.5237,-1826.224,-1826.224;True,Compacts,PANTO,10,80886,1;;;
Trevor;06:21:52;15:10:10;-259.7287,-1824.53,-1824.53;True,Compacts,PANTO,10,73311,1;;;
Trevor;06:21:52;15:10:10;-266.0449,-1823.862,-1823.862;True,Compacts,PANTO,13,7489,1;;;
Trevor;06:21:53;15:10:11;-274.2167,-1823.924,-1823.924;True,Compacts,PANTO,17,66721,1;;;
Trevor;06:21:53;15:10:11;-283.5005,-1823.849,-1823.849;True,Compacts,PANTO,18,03509,1;;;
Trevor;06:21:54;15:10:12;-293.2118,-1821.916,-1821.916;True,Compacts,PANTO,20,52061,1;;;
Trevor;06:21:54;15:10:12;-303.7807,-1819.301,-1819.301;True,Compacts,PANTO,20,14514,0;;;
Trevor;06:21:55;15:10:13;-313.6679,-1817.713,-1817.713;True,Compacts,PANTO,18,41399,0;;;
Trevor;06:21:56;15:10:13;-322.7162,-1816.733,-1816.733;True,Compacts,PANTO,16,80339,0;;;
Trevor;06:21:56;15:10:14;-330.8888,-1815.551,-1815.551;True,Compacts,PANTO,15,13226,0;;;
Trevor;06:21:57;15:10:14;-338.6207,-1814.243,-1814.243;True,Compacts,PANTO,14,44524,0;;;
Trevor;06:21:57;15:10:15;-346.5168,-1813.765,-1813.765;True,Compacts,PANTO,16,64333,1;;;
Trevor;06:21:58;15:10:15;-355.17,-1813.991,-1813.991;True,Compacts,PANTO,16,15106,0;;;
Trevor;06:21:58;15:10:16;-363.4819,-1815.503,-1815.503;True,Compacts,PANTO,16,57965,0;;;
Trevor;06:21:59;15:10:16;-372.082,-1815.156,-1815.156;True,Compacts,PANTO,17,72596,1;;;
Trevor;06:21:59;15:10:17;-380.4997,-1811.427,-1811.427;True,Compacts,PANTO,18,24048,0;;;
Trevor;06:22:00;15:10:18;-386.558,-1805.051,-1805.051;True,Compacts,PANTO,15,89923,0;;;
Trevor;06:22:00;15:10:18;-389.6489,-1798.085,-1798.085;True,Compacts,PANTO,13,77928,0;;;
Trevor;06:22:01;15:10:19;-392.7856,-1791.684,-1791.684;True,Compacts,PANTO,14,07763,0;;;
Trevor;06:22:01;15:10:19;-396.4196,-1785.864,-1785.864;True,Compacts,PANTO,12,22385,0;;;
Trevor;06:22:02;15:10:20;-398.4511,-1780.79,-1780.79;True,Compacts,PANTO,7,658397,0;;;
Trevor;06:22:02;15:10:20;-398.9454,-1778.654,-1778.654;True,Compacts,PANTO,2,652641,0;;;
Trevor;06:22:03;15:10:21;-399.0778,-1777.664,-1777.664;True,Compacts,PANTO,1,29226,0;;;
Trevor;06:22:03;15:10:21;-399.0285,-1777.371,-1777.371;True,Compacts,PANTO,0,06163219,0;;;
Trevor;06:22:04;15:10:22;-399.0204,-1777.372,-1777.372;True,Compacts,PANTO,0,0;;;
Trevor;06:22:04;15:10:22;-399.0916,-1776.935,-1776.935;True,Compacts,PANTO,1,897661,1;;;
Trevor;06:22:05;15:10:23;-399.3961,-1775.244,-1775.244;True,Compacts,PANTO,4,860938,1;;;
Trevor;06:22:05;15:10:23;-400.7514,-1771.991,-1771.991;True,Compacts,PANTO,8,992352,1;;;
Trevor;06:22:06;15:10:24;-404.6488,-1768.483,-1768.483;True,Compacts,PANTO,10,70245,1;;;
Trevor;06:22:06;15:10:24;-410.6392,-1765.865,-1765.865;True,Compacts,PANTO,14,01721,1;;;
Trevor;06:22:07;15:10:25;-418.377,-1764.585,-1764.585;True,Compacts,PANTO,16,30149,1;;;
Trevor;06:22:07;15:10:25;-427.4956,-1765.716,-1765.716;True,Compacts,PANTO,18,80891,0;;;
Trevor;06:22:08;15:10:26;-436.993,-1768.373,-1768.373;True,Compacts,PANTO,19,76966,1;;;
Trevor;06:22:08;15:10:26;-446.4065,-1771.153,-1771.153;True,Compacts,PANTO,18,15662,0;;;
Trevor;06:22:09;15:10:27;-455.084,-1774.457,-1774.457;True,Compacts,PANTO,17,78428,0;;;
Trevor;06:22:09;15:10:27;-463.8173,-1776.562,-1776.562;True,Compacts,PANTO,17,83582,1;;;
Trevor;06:22:10;15:10:28;-473.3741,-1778.386,-1778.386;True,Compacts,PANTO,19,62925,0;;;
Trevor;06:22:11;15:10:28;-483.4164,-1778.675,-1778.675;True,Compacts,PANTO,18,72942,0;;;
Trevor;06:22:11;15:10:29;-492.3238,-1776.909,-1776.909;True,Compacts,PANTO,16,56279,0;;;
Trevor;06:22:12;15:10:29;-500.1183,-1774.425,-1774.425;True,Compacts,PANTO,14,69371,0;;;
Trevor;06:22:12;15:10:30;-506.8868,-1772.188,-1772.188;True,Compacts,PANTO,12,88817,0;;;
Trevor;06:22:13;15:10:30;-512.9359,-1770.086,-1770.086;True,Compacts,PANTO,12,57294,1;;;
Trevor;06:22:13;15:10:31;-519.5061,-1767.23,-1767.23;True,Compacts,PANTO,15,12986,1;;;
Trevor;06:22:14;15:10:32;-527.0938,-1763.385,-1763.385;True,Compacts,PANTO,17,66423,1;;;
Trevor;06:22:14;15:10:32;-535.7623,-1758.317,-1758.317;True,Compacts,PANTO,20,30946,1;;;
Trevor;06:22:15;15:10:33;-544.6069,-1751.737,-1751.737;True,Compacts,PANTO,21,80692,0;;;
Trevor;06:22:15;15:10:33;-553.9128,-1745.435,-1745.435;True,Compacts,PANTO,22,08326,1;;;
Trevor;06:22:16;15:10:34;-564.1121,-1739.434,-1739.434;True,Compacts,PANTO,24,33463,1;;;
Trevor;06:22:16;15:10:34;-575.8724,-1733.195,-1733.195;True,Compacts,PANTO,27,00442,1;;;
Trevor;06:22:17;15:10:35;-587.8273,-1725.427,-1725.427;True,Compacts,PANTO,28,15657,1;;;
Trevor;06:22:17;15:10:35;-599.2983,-1716.123,-1716.123;True,Compacts,PANTO,29,14972,1;;;
Trevor;06:22:18;15:10:36;-610.7987,-1706.064,-1706.064;True,Compacts,PANTO,29,03287,0;;;
Trevor;06:22:18;15:10:36;-621.7541,-1696.946,-1696.946;True,Compacts,PANTO,26,7094,0;;;
Trevor;06:22:19;15:10:37;-632.0539,-1688.315,-1688.315;True,Compacts,PANTO,24,40071,0;;;
Trevor;06:22:19;15:10:37;-640.6426,-1679.958,-1679.958;True,Compacts,PANTO,20,70058,0;;;
Trevor;06:22:20;15:10:38;-647.3423,-1672.631,-1672.631;True,Compacts,PANTO,17,89902,0;;;
Trevor;06:22:20;15:10:38;-652.7516,-1665.533,-1665.533;True,Compacts,PANTO,17,05924,0;;;
Trevor;06:22:21;15:10:39;-659.4585,-1659.217,-1659.217;True,Compacts,PANTO,19,25757,0;;;
Trevor;06:22:21;15:10:39;-666.0941,-1652.198,-1652.198;True,Compacts,PANTO,17,59003,0;;;
Trevor;06:22:22;15:10:40;-671.9131,-1645.775,-1645.775;True,Compacts,PANTO,15,81975,0;;;
Trevor;06:22:22;15:10:40;-677.0711,-1639.97,-1639.97;True,Compacts,PANTO,14,29168,0;;;
Trevor;06:22:23;15:10:41;-681.7661,-1634.432,-1634.432;True,Compacts,PANTO,14,74863,1;;;
Trevor;06:22:24;15:10:41;-686.2544,-1627.294,-1627.294;True,Compacts,PANTO,17,04986,0;;;
Trevor;06:22:24;15:10:42;-690.2789,-1619.924,-1619.924;True,Compacts,PANTO,15,36242,0;;;
Trevor;06:22:25;15:10:42;-692.4858,-1612.405,-1612.405;True,Compacts,PANTO,16,1981,1;;;
Trevor;06:22:25;15:10:43;-693.1022,-1603.299,-1603.299;True,Compacts,PANTO,19,02937,1;;;
Trevor;06:22:26;15:10:43;-691.6738,-1593.074,-1593.074;True,Compacts,PANTO,21,26723,1;;;
Trevor;06:22:26;15:10:44;-686.8049,-1583.1,-1583.1;True,Compacts,PANTO,21,56724,1;;;
Trevor;06:22:27;15:10:45;-679.0775,-1573.735,-1573.735;True,Compacts,PANTO,24,97732,1;;;
Trevor;06:22:27;15:10:45;-671.249,-1562.549,-1562.549;True,Compacts,PANTO,27,53761,1;;;
Trevor;06:22:28;15:10:46;-663.7602,-1549.932,-1549.932;True,Compacts,PANTO,28,92492,1;;;
Trevor;06:22:28;15:10:46;-657.3199,-1536.077,-1536.077;True,Compacts,PANTO,29,89203,0;;;
Trevor;06:22:29;15:10:47;-652.1926,-1522.003,-1522.003;True,Compacts,PANTO,28,58521,0;;;
Trevor;06:22:29;15:10:47;-648.3361,-1508.157,-1508.157;True,Compacts,PANTO,26,62719,0;;;
Trevor;06:22:30;15:10:48;-646.1461,-1495.095,-1495.095;True,Compacts,PANTO,24,64127,0;;;
Trevor;06:22:30;15:10:48;-644.5261,-1482.618,-1482.618;True,Compacts,PANTO,25,01455,1;;;
Trevor;06:22:31;15:10:49;-643.747,-1469.081,-1469.081;True,Compacts,PANTO,26,63555,1;;;
Trevor;06:22:31;15:10:49;-643.0155,-1455.02,-1455.02;True,Compacts,PANTO,27,87126,1;;;
Trevor;06:22:32;15:10:50;-642.0801,-1440.032,-1440.032;True,Compacts,PANTO,29,3402,1;;;
Trevor;06:22:32;15:10:50;-641.224,-1425.382,-1425.382;True,Compacts,PANTO,27,02306,0;;;
Trevor;06:22:33;15:10:51;-640.7419,-1412.031,-1412.031;True,Compacts,PANTO,24,82128,0;;;
Trevor;06:22:33;15:10:51;-640.2335,-1399.688,-1399.688;True,Compacts,PANTO,22,64282,0;;;
Trevor;06:22:34;15:10:52;-639.2065,-1388.454,-1388.454;True,Compacts,PANTO,20,69394,0;;;
Trevor;06:22:34;15:10:52;-638.4961,-1378.298,-1378.298;True,Compacts,PANTO,18,77621,0;;;
Trevor;06:22:35;15:10:53;-637.7783,-1369.07,-1369.07;True,Compacts,PANTO,16,90796,0;;;
Trevor;06:22:35;15:10:53;-637.0545,-1360.765,-1360.765;True,Compacts,PANTO,15,30517,1;;;
Trevor;06:22:36;15:10:54;-636.2226,-1352.208,-1352.208;True,Compacts,PANTO,17,60152,0;;;
Trevor;06:22:37;15:10:54;-635.3,-1343.607,-1343.607;True,Compacts,PANTO,13,75528,0;;;
Trevor;06:22:37;15:10:55;-634.739,-1338.836,-1338.836;True,Compacts,PANTO,5,400524,0;;;
Trevor;06:22:38;15:10:55;-634.8251,-1335.68,-1335.68;True,Compacts,PANTO,7,980304,1;;;
Trevor;06:22:38;15:10:56;-635.6259,-1330.827,-1330.827;True,Compacts,PANTO,9,060964,0;;;
Trevor;06:22:39;15:10:56;-636.5537,-1327.312,-1327.312;True,Compacts,PANTO,3,47358,0;;;
Trevor;06:22:39;15:10:57;-636.5319,-1326.95,-1326.95;True,Compacts,PANTO,0,09949028,0;;;
Trevor;06:22:40;15:10:58;-636.5191,-1326.943,-1326.943;True,Compacts,PANTO,0,2740747,1;;;
Trevor;06:22:40;15:10:58;-636.3687,-1326.415,-1326.415;True,Compacts,PANTO,1,884794,1;;;
Trevor;06:22:41;15:10:59;-636.1884,-1325.95,-1325.95;True,Compacts,PANTO,0,0711538,-1;;;
Trevor;06:22:41;15:10:59;-636.1923,-1325.956,-1325.956;True,Compacts,PANTO,0,0;;;
Trevor;06:22:42;15:11:00;-636.1764,-1325.916,-1325.916;True,Compacts,PANTO,0,1638682,1;;;
Trevor;06:22:42;15:11:00;-636.1763,-1325.913,-1325.913;True,Compacts,PANTO,0,00349098,0;;;
Trevor;06:22:43;15:11:01;-636.1489,-1325.848,-1325.848;True,Compacts,PANTO,0,3225453,1;;;
Trevor;06:22:43;15:11:01;-636.1469,-1325.834,-1325.834;True,Compacts,PANTO,0,004357146,0;;;
Trevor;06:22:44;15:11:02;-636.1469,-1325.834,-1325.834;True,Compacts,PANTO,0,0;;;
Trevor;06:22:44;15:11:02;-636.1469,-1325.834,-1325.834;True,Compacts,PANTO,0,0;;;
Trevor;06:22:45;15:11:03;-636.1469,-1325.834,-1325.834;True,Compacts,PANTO,0,0;;;
Trevor;06:22:45;15:11:03;-636.1469,-1325.834,-1325.834;True,Compacts,PANTO,0,0;;;
Trevor;06:22:46;15:11:04;-636.1469,-1325.834,-1325.834;True,Compacts,PANTO,0,0;;;
Trevor;06:22:46;15:11:04;-636.1469,-1325.834,-1325.834;True,Compacts,PANTO,0,0;;;
Trevor;06:22:47;15:11:05;-636.1469,-1325.834,-1325.834;True,Compacts,PANTO,0,0;;;
Trevor;06:22:48;15:11:05;-636.1469,-1325.834,-1325.834;True,Compacts,PANTO,0,0;;;
Trevor;06:22:48;15:11:06;-636.1469,-1325.834,-1325.834;True,Compacts,PANTO,0,0;;;
Trevor;06:22:49;15:11:06;-636.1469,-1325.834,-1325.834;True,Compacts,PANTO,0,0;;;
Trevor;06:22:49;15:11:07;-636.1469,-1325.834,-1325.834;True,Compacts,PANTO,0,0;;;
Trevor;06:22:50;15:11:07;-636.1469,-1325.834,-1325.834;True,Compacts,PANTO,0,0;;;
Trevor;06:22:50;15:11:08;-636.1464,-1325.833,-1325.833;True,Compacts,PANTO,0,06066133,1;;;
Trevor;06:22:51;15:11:08;-635.9833,-1325.408,-1325.408;True,Compacts,PANTO,1,720915,1;;;
Trevor;06:22:51;15:11:09;-635.4689,-1323.91,-1323.91;True,Compacts,PANTO,4,471292,1;;;
Trevor;06:22:52;15:11:10;-634.3957,-1321.012,-1321.012;True,Compacts,PANTO,6,072561,0;;;
Trevor;06:22:52;15:11:10;-633.382,-1318.458,-1318.458;True,Compacts,PANTO,4,417825,0;;;
Trevor;06:22:53;15:11:11;-632.4832,-1316.202,-1316.202;True,Compacts,PANTO,6,072322,0;;;
Trevor;06:22:53;15:11:11;-631.4882,-1313.693,-1313.693;True,Compacts,PANTO,4,425078,0;;;
Trevor;06:22:54;15:11:12;-630.8395,-1311.441,-1311.441;True,Compacts,PANTO,3,889395,0;;;
Trevor;06:22:54;15:11:12;-630.3315,-1309.301,-1309.301;True,Compacts,PANTO,5,750697,1;;;
Trevor;06:22:55;15:11:13;-629.83,-1306.685,-1306.685;True,Compacts,PANTO,5,21977,1;;;
Trevor;06:22:55;15:11:13;-629.8795,-1304.235,-1304.235;True,Compacts,PANTO,5,289851,1;;;
Trevor;06:22:56;15:11:14;-629.9619,-1301.432,-1301.432;True,Compacts,PANTO,5,017595,1;;;
Trevor;06:22:56;15:11:14;-630.743,-1298.128,-1298.128;True,Compacts,PANTO,8,788388,1;;;
Trevor;06:22:57;15:11:15;-632.322,-1293.043,-1293.043;True,Compacts,PANTO,10,92543,1;;;
Trevor;06:22:57;15:11:15;-634.3854,-1286.985,-1286.985;True,Compacts,PANTO,13,53145,1;;;
Trevor;06:22:58;15:11:16;-638.0942,-1280.112,-1280.112;True,Compacts,PANTO,16,49377,1;;;
Trevor;06:22:58;15:11:16;-643.8495,-1272.764,-1272.764;True,Compacts,PANTO,19,17735,1;;;
Trevor;06:22:59;15:11:17;-651.2714,-1265.419,-1265.419;True,Compacts,PANTO,20,87481,1;;;
Trevor;06:22:59;15:11:17;-660.6014,-1259.201,-1259.201;True,Compacts,PANTO,21,29874,1;;;
Trevor;06:23:00;15:11:18;-668.0423,-1250.784,-1250.784;True,Compacts,PANTO,22,53926,1;;;
Trevor;06:23:01;15:11:18;-673.9998,-1240.186,-1240.186;True,Compacts,PANTO,24,3463,1;;;
Trevor;06:23:01;15:11:19;-680.6044,-1228.954,-1228.954;True,Compacts,PANTO,25,8342,1;;;
Trevor;06:23:02;15:11:19;-689.2859,-1218.487,-1218.487;True,Compacts,PANTO,26,87184,1;;;
Trevor;06:23:02;15:11:20;-698.2542,-1207.589,-1207.589;True,Compacts,PANTO,27,97494,1;;;
Trevor;06:23:03;15:11:20;-706.948,-1196.454,-1196.454;True,Compacts,PANTO,25,91519,0;;;
Trevor;06:23:03;15:11:21;-714.9603,-1186.464,-1186.464;True,Compacts,PANTO,23,72086,0;;;
Trevor;06:23:04;15:11:22;-722.5002,-1177.216,-1177.216;True,Compacts,PANTO,21,64593,0;;;
Trevor;06:23:04;15:11:22;-729.4509,-1168.974,-1168.974;True,Compacts,PANTO,19,67823,0;;;
Trevor;06:23:05;15:11:23;-735.7477,-1161.512,-1161.512;True,Compacts,PANTO,17,77028,0;;;
Trevor;06:23:05;15:11:23;-741.7878,-1155.376,-1155.376;True,Compacts,PANTO,15,82791,0;;;
Trevor;06:23:06;15:11:24;-747.5834,-1150.21,-1150.21;True,Compacts,PANTO,13,98069,0;;;
Trevor;06:23:06;15:11:24;-752.1525,-1145.217,-1145.217;True,Compacts,PANTO,12,05249,0;;;
Trevor;06:23:07;15:11:25;-755.2048,-1140.323,-1140.323;True,Compacts,PANTO,9,850861,0;;;
Trevor;06:23:07;15:11:25;-757.1776,-1136.902,-1136.902;True,Compacts,PANTO,4,810345,0;;;
Trevor;06:23:08;15:11:26;-757.4184,-1136.306,-1136.306;True,Compacts,PANTO,0,1685887,0;;;
Trevor;06:23:08;15:11:26;-757.3978,-1136.303,-1136.303;True,Compacts,PANTO,0,004330017,0;;;
Trevor;06:23:09;15:11:27;-757.3978,-1136.303,-1136.303;True,Compacts,PANTO,0,0;;;
Trevor;06:23:09;15:11:27;-757.3978,-1136.303,-1136.303;True,Compacts,PANTO,0,01113336,-1;;;
Trevor;06:23:10;15:11:28;-757.2125,-1136.613,-1136.613;True,Compacts,PANTO,1,498077,-1;;;
Trevor;06:23:10;15:11:28;-757.0325,-1136.91,-1136.91;True,Compacts,PANTO,0,005904899,0;;;
Trevor;06:23:11;15:11:29;-757.034,-1136.907,-1136.907;True,Compacts,PANTO,0,0;;;
Trevor;06:23:11;15:11:29;-757.034,-1136.907,-1136.907;True,Compacts,PANTO,0,0;;;
Trevor;06:23:12;15:11:30;-757.034,-1136.907,-1136.907;True,Compacts,PANTO,0,0;;;
Trevor;06:23:12;15:11:30;-757.034,-1136.907,-1136.907;True,Compacts,PANTO,0,0;;;
Trevor;06:23:13;15:11:31;-757.034,-1136.907,-1136.907;True,Compacts,PANTO,0,0;;;
Trevor;06:23:14;15:11:31;-757.034,-1136.907,-1136.907;True,Compacts,PANTO,0,0;;;
Trevor;06:23:14;15:11:32;-757.034,-1136.907,-1136.907;True,Compacts,PANTO,0,0;;;
Trevor;06:23:15;15:11:32;-757.034,-1136.907,-1136.907;True,Compacts,PANTO,0,0;;;
Trevor;06:23:15;15:11:33;-757.163,-1136.693,-1136.693;True,Compacts,PANTO,1,274634,1;;;
Trevor;06:23:16;15:11:33;-757.8041,-1135.624,-1135.624;True,Compacts,PANTO,3,696974,1;;;
Trevor;06:23:16;15:11:34;-758.9578,-1133.1,-1133.1;True,Compacts,PANTO,7,122959,1;;;
Trevor;06:23:17;15:11:35;-761.623,-1128.897,-1128.897;True,Compacts,PANTO,10,31155,0;;;
Trevor;06:23:17;15:11:35;-765.0936,-1124.367,-1124.367;True,Compacts,PANTO,10,61059,0;;;
Trevor;06:23:18;15:11:36;-768.998,-1120.838,-1120.838;True,Compacts,PANTO,10,59837,0;;;
Trevor;06:23:18;15:11:36;-773.6697,-1119.52,-1119.52;True,Compacts,PANTO,9,071185,1;;;
Trevor;06:23:19;15:11:37;-778.5741,-1119.73,-1119.73;True,Compacts,PANTO,10,75906,1;;;
Trevor;06:23:19;15:11:37;-784.0576,-1121.089,-1121.089;True,Compacts,PANTO,11,66845,1;;;
Trevor;06:23:20;15:11:38;-789.8033,-1123.56,-1123.56;True,Compacts,PANTO,12,22302,1;;;
Trevor;06:23:20;15:11:38;-796.246,-1126.485,-1126.485;True,Compacts,PANTO,14,80202,1;;;
Trevor;06:23:21;15:11:39;-804.2114,-1129.555,-1129.555;True,Compacts,PANTO,18,84707,1;;;
Trevor;06:23:21;15:11:39;-814.1164,-1133.62,-1133.62;True,Compacts,PANTO,21,72524,0;;;
Trevor;06:23:22;15:11:40;-824.3789,-1138.459,-1138.459;True,Compacts,PANTO,22,72859,1;;;
Trevor;06:23:22;15:11:40;-834.9503,-1144.222,-1144.222;True,Compacts,PANTO,22,59461,1;;;
Trevor;06:23:23;15:11:41;-845.836,-1150.166,-1150.166;True,Compacts,PANTO,24,80621,1;;;
Trevor;06:23:23;15:11:41;-857.3201,-1156.335,-1156.335;True,Compacts,PANTO,24,78287,1;;;
Trevor;06:23:24;15:11:42;-869.234,-1162.833,-1162.833;True,Compacts,PANTO,26,83294,1;;;
Trevor;06:23:24;15:11:42;-881.5698,-1170.139,-1170.139;True,Compacts,PANTO,28,08541,1;;;
Trevor;06:23:25;15:11:43;-894.0026,-1178.301,-1178.301;True,Compacts,PANTO,29,56799,1;;;
Trevor;06:23:25;15:11:43;-907.4797,-1185.237,-1185.237;True,Compacts,PANTO,28,64079,0;;;
Trevor;06:23:26;15:11:44;-919.892,-1191.397,-1191.397;True,Compacts,PANTO,23,76116,0;;;
Trevor;06:23:27;15:11:44;-930.1946,-1197.081,-1197.081;True,Compacts,PANTO,21,72357,0;;;
Trevor;06:23:27;15:11:45;-940.3826,-1203.004,-1203.004;True,Compacts,PANTO,23,74559,1;;;
Trevor;06:23:28;15:11:45;-951.3601,-1209.267,-1209.267;True,Compacts,PANTO,25,39208,1;;;
Trevor;06:23:28;15:11:46;-962.7823,-1215.885,-1215.885;True,Compacts,PANTO,24,8836,0;;;
Trevor;06:23:29;15:11:46;-973.5063,-1222.046,-1222.046;True,Compacts,PANTO,23,3924,1;;;
Trevor;06:23:29;15:11:47;-984.5102,-1228.216,-1228.216;True,Compacts,PANTO,24,85864,1;;;
Trevor;06:23:30;15:11:48;-995.7938,-1234.399,-1234.399;True,Compacts,PANTO,23,53232,0;;;
Trevor;06:23:30;15:11:48;-1005.745,-1240.473,-1240.473;True,Compacts,PANTO,21,36009,0;;;
Trevor;06:23:31;15:11:49;-1014.961,-1246.457,-1246.457;True,Compacts,PANTO,21,15935,0;;;
Trevor;06:23:31;15:11:49;-1024.278,-1251.334,-1251.334;True,Compacts,PANTO,19,09262,0;;;
Trevor;06:23:32;15:11:50;-1032.162,-1256.155,-1256.155;True,Compacts,PANTO,16,77657,0;;;
Trevor;06:23:32;15:11:50;-1037.163,-1262.253,-1262.253;True,Compacts,PANTO,14,24476,0;;;
Trevor;06:23:33;15:11:51;-1041.922,-1267.257,-1267.257;True,Compacts,PANTO,13,30082,1;;;
Trevor;06:23:33;15:11:51;-1047.627,-1272.155,-1272.155;True,Compacts,PANTO,14,36568,0;;;
Trevor;06:23:34;15:11:52;-1054.176,-1276.084,-1276.084;True,Compacts,PANTO,16,05991,1;;;
Trevor;06:23:34;15:11:52;-1061.444,-1279.936,-1279.936;True,Compacts,PANTO,14,9155,0;;;
Trevor;06:23:35;15:11:53;-1067.92,-1283.361,-1283.361;True,Compacts,PANTO,13,2262,0;;;
Trevor;06:23:35;15:11:53;-1073.464,-1287.267,-1287.267;True,Compacts,PANTO,13,39553,0;;;
Trevor;06:23:36;15:11:54;-1077.823,-1292.014,-1292.014;True,Compacts,PANTO,11,53702,0;;;
Trevor;06:23:36;15:11:54;-1082.248,-1295.705,-1295.705;True,Compacts,PANTO,11,75135,1;;;
Trevor;06:23:37;15:11:55;-1085.289,-1300.748,-1300.748;True,Compacts,PANTO,10,30509,0;;;
Trevor;06:23:37;15:11:55;-1084.343,-1305.849,-1305.849;True,Compacts,PANTO,11,04071,1;;;
Trevor;06:23:38;15:11:56;-1081.489,-1311.847,-1311.847;True,Compacts,PANTO,13,9648,1;;;
Trevor;06:23:38;15:11:56;-1078.265,-1319.503,-1319.503;True,Compacts,PANTO,17,92064,1;;;
Trevor;06:23:39;15:11:57;-1074.858,-1329.116,-1329.116;True,Compacts,PANTO,20,74344,1;;;
Trevor;06:23:40;15:11:57;-1072.825,-1339.98,-1339.98;True,Compacts,PANTO,20,77783,0;;;
Trevor;06:23:40;15:11:58;-1073.971,-1350.074,-1350.074;True,Compacts,PANTO,18,58049,0;;;
Trevor;06:23:41;15:11:58;-1076.226,-1359.97,-1359.97;True,Compacts,PANTO,20,05667,0;;;
Trevor;06:23:41;15:11:59;-1079.104,-1369.366,-1369.366;True,Compacts,PANTO,18,09312,0;;;
Trevor;06:23:42;15:11:59;-1081.171,-1378.171,-1378.171;True,Compacts,PANTO,17,67869,1;;;
Trevor;06:23:42;15:12:00;-1083.925,-1387.429,-1387.429;True,Compacts,PANTO,20,00893,1;;;
Trevor;06:23:43;15:12:01;-1086.988,-1397.255,-1397.255;True,Compacts,PANTO,18,82939,0;;;
Trevor;06:23:43;15:12:01;-1089.106,-1404.967,-1404.967;True,Compacts,PANTO,12,52407,0;;;
Trevor;06:23:44;15:12:02;-1090.806,-1410.832,-1410.832;True,Compacts,PANTO,10,79256,0;;;
Trevor;06:23:44;15:12:02;-1092.33,-1415.8,-1415.8;True,Compacts,PANTO,9,055802,0;;;
Trevor;06:23:45;15:12:03;-1094.058,-1419.391,-1419.391;True,Compacts,PANTO,5,071233,0;;;
Trevor;06:23:45;15:12:03;-1094.739,-1420.155,-1420.155;True,Compacts,PANTO,0,8659055,1;;;
Trevor;06:23:46;15:12:04;-1095.447,-1420.906,-1420.906;True,Compacts,PANTO,3,196853,1;;;
Trevor;06:23:46;15:12:04;-1097.199,-1422.724,-1422.724;True,Compacts,PANTO,6,750954,1;;;
Trevor;06:23:47;15:12:05;-1099.428,-1425.313,-1425.313;True,Compacts,PANTO,7,11041,1;;;
Trevor;06:23:47;15:12:05;-1102.603,-1428.935,-1428.935;True,Compacts,PANTO,10,16601,0;;;
Trevor;06:23:48;15:12:06;-1105.957,-1432.036,-1432.036;True,Compacts,PANTO,6,839933,0;;;
Trevor;06:23:48;15:12:06;-1109.018,-1434.329,-1434.329;True,Compacts,PANTO,8,550515,0;;;
Trevor;06:23:49;15:12:07;-1110.764,-1437.466,-1437.466;True,Compacts,PANTO,5,751981,0;;;
Trevor;06:23:49;15:12:07;-1109.777,-1439.99,-1439.99;True,Compacts,PANTO,6,125934,1;;;
Trevor;06:23:50;15:12:08;-1107.677,-1442.25,-1442.25;True,Compacts,PANTO,5,935524,0;;;
Trevor;06:23:50;15:12:08;-1106.19,-1444.537,-1444.537;True,Compacts,PANTO,5,394086,1;;;
Trevor;06:23:51;15:12:09;-1104.174,-1448.048,-1448.048;True,Compacts,PANTO,10,26576,1;;;
Trevor;06:23:51;15:12:09;-1102.975,-1452.778,-1452.778;True,Compacts,PANTO,8,477753,0;;;
Trevor;06:23:52;15:12:10;-1104.119,-1456.416,-1456.416;True,Compacts,PANTO,7,514928,1;;;
Trevor;06:23:53;15:12:10;-1107.119,-1460.284,-1460.284;True,Compacts,PANTO,10,27001,0;;;
Trevor;06:23:53;15:12:11;-1111.832,-1464.214,-1464.214;True,Compacts,PANTO,11,84696,0;;;
Trevor;06:23:54;15:12:11;-1117.33,-1467.31,-1467.31;True,Compacts,PANTO,13,3738,1;;;
Trevor;06:23:54;15:12:12;-1122.679,-1470.902,-1470.902;True,Compacts,PANTO,10,79857,0;;;
Trevor;06:23:55;15:12:12;-1126.611,-1473.676,-1473.676;True,Compacts,PANTO,8,377777,0;;;
Trevor;06:23:55;15:12:13;-1129.588,-1475.742,-1475.742;True,Compacts,PANTO,5,277206,0;;;
Trevor;06:23:56;15:12:14;-1131.527,-1477.061,-1477.061;True,Compacts,PANTO,3,767641,0;;;
Trevor;06:23:56;15:12:14;-1133.166,-1478.144,-1478.144;True,Compacts,PANTO,5,001136,1;;;
Trevor;06:23:57;15:12:15;-1136.177,-1480.471,-1480.471;True,Compacts,PANTO,9,659558,1;;;
Trevor;06:23:57;15:12:15;-1140.032,-1484.157,-1484.157;True,Compacts,PANTO,9,606068,0;;;
Trevor;06:23:58;15:12:16;-1143.849,-1487.307,-1487.307;True,Compacts,PANTO,10,47324,1;;;
Trevor;06:23:58;15:12:16;-1148.124,-1490.942,-1490.942;True,Compacts,PANTO,10,89003,0;;;
Trevor;06:23:59;15:12:17;-1152.192,-1494.715,-1494.715;True,Compacts,PANTO,11,65222,1;;;
Trevor;06:23:59;15:12:17;-1156.934,-1499.315,-1499.315;True,Compacts,PANTO,12,66113,0;;;
Trevor;06:24:00;15:12:18;-1159.658,-1504.54,-1504.54;True,Compacts,PANTO,10,34921,0;;;
Trevor;06:24:00;15:12:18;-1160.662,-1509.378,-1509.378;True,Compacts,PANTO,8,614049,0;;;
Trevor;06:24:01;15:12:19;-1161.018,-1513.35,-1513.35;True,Compacts,PANTO,7,103544,0;;;
Trevor;06:24:01;15:12:19;-1160.47,-1516.708,-1516.708;True,Compacts,PANTO,6,696595,1;;;
Trevor;06:24:02;15:12:20;-1158.931,-1519.561,-1519.561;True,Compacts,PANTO,5,427791,0;;;
Trevor;06:24:02;15:12:20;-1157.66,-1521.615,-1521.615;True,Compacts,PANTO,3,89737,0;;;
Trevor;06:24:03;15:12:21;-1156.825,-1522.961,-1522.961;True,Compacts,PANTO,1,669764,0;;;
Trevor;06:24:03;15:12:21;-1156.688,-1523.022,-1523.022;True,Compacts,PANTO,0,07667055,0;;;
Trevor;06:24:04;15:12:22;-1156.02,-1521.837,-1521.837;;;;
Trevor;06:24:05;15:12:22;-1156.216,-1521.622,-1521.622;;;;
Trevor;06:24:05;15:12:23;-1155.729,-1521.385,-1521.385;;;;
Trevor;06:24:06;15:12:23;-1154.936,-1521.419,-1521.419;;;;
Trevor;06:24:06;15:12:24;-1154.116,-1521.687,-1521.687;;;;
Trevor;06:24:07;15:12:24;-1153.195,-1521.678,-1521.678;;;;
Trevor;06:24:07;15:12:25;-1152.295,-1521.81,-1521.81;;;;
Trevor;06:24:08;15:12:25;-1151.394,-1521.842,-1521.842;;;;
Trevor;06:24:08;15:12:26;-1150.492,-1521.842,-1521.842;;;;
Trevor;06:24:09;15:12:27;-1149.642,-1521.6,-1521.6;;;;
Trevor;06:24:09;15:12:27;-1148.917,-1521.277,-1521.277;;;;
Trevor;06:24:10;15:12:28;-1148.214,-1520.933,-1520.933;;;;
Trevor;06:24:10;15:12:28;-1147.541,-1520.54,-1520.54;;;;
Trevor;06:24:11;15:12:29;-1146.871,-1520.125,-1520.125;;;;
Trevor;06:24:11;15:12:29;-1146.203,-1519.726,-1519.726;;;;
Trevor;06:24:12;15:12:30;-1145.465,-1519.377,-1519.377;;;;
Trevor;06:24:12;15:12:30;-1144.601,-1519.204,-1519.204;;;;
Trevor;06:24:13;15:12:31;-1144.147,-1519.793,-1519.793;;;;
Trevor;06:24:13;15:12:31;-1144.441,-1520.484,-1520.484;;;;
Trevor;06:24:14;15:12:32;-1144.97,-1521.083,-1521.083;;;;
Trevor;06:24:14;15:12:32;-1145.59,-1521.558,-1521.558;;;;
Trevor;06:24:15;15:12:33;-1146.264,-1521.962,-1521.962;;;;
Trevor;06:24:15;15:12:33;-1146.94,-1522.354,-1522.354;;;;
Trevor;06:24:16;15:12:34;-1147.705,-1522.741,-1522.741;;;;
Trevor;06:24:16;15:12:34;-1148.577,-1522.742,-1522.742;;;;
Trevor;06:24:17;15:12:35;-1149.321,-1522.26,-1522.26;;;;
Trevor;06:24:17;15:12:35;-1149.967,-1521.637,-1521.637;;;;
Trevor;06:24:18;15:12:36;-1150.616,-1520.944,-1520.944;;;;
Trevor;06:24:19;15:12:36;-1151.266,-1520.243,-1520.243;;;;
Trevor;06:24:19;15:12:37;-1151.797,-1519.485,-1519.485;;;;
Trevor;06:24:20;15:12:37;-1152.367,-1518.729,-1518.729;;;;
Trevor;06:24:20;15:12:38;-1153.117,-1518.227,-1518.227;;;;
Trevor;06:24:21;15:12:38;-1153.91,-1518.121,-1518.121;;;;
Trevor;06:24:21;15:12:39;-1154.314,-1518.133,-1518.133;;;;
Trevor;06:24:22;15:12:40;-1154.994,-1518.37,-1518.37;;;;
Trevor;06:24:22;15:12:40;-1155.614,-1518.881,-1518.881;;Oh.;Trevor;DH1_FHAA
Trevor;06:24:23;15:12:41;-1155.46,-1518.462,-1518.462;;;;
Trevor;06:24:23;15:12:41;-1155.076,-1518.051,-1518.051;;;;
Trevor;06:24:24;15:12:42;-1154.819,-1517.785,-1517.785;;;;
Trevor;06:24:24;15:12:42;-1154.661,-1517.723,-1517.723;;What in the name of all things holy?;Trevor;DH1_FHAB
Trevor;06:24:25;15:12:43;-1154.77,-1517.634,-1517.634;;;;
Trevor;06:24:25;15:12:43;-1154.918,-1517.722,-1517.722;;;;
Trevor;06:24:26;15:12:44;-1155.246,-1517.927,-1517.927;;;;
Trevor;06:24:26;15:12:44;-1155.391,-1518.186,-1518.186;;;;
Trevor;06:24:27;15:12:45;-1155.489,-1518.526,-1518.526;;;;
Trevor;06:24:27;15:12:45;-1154.362,-1518.136,-1518.136;;;;
Trevor;06:24:28;15:12:46;-1154.531,-1518.447,-1518.447;;;;
Trevor;06:24:28;15:12:46;-1154.826,-1518.75,-1518.75;;;;
Trevor;06:24:29;15:12:47;-1155.06,-1519.023,-1519.023;;;;
Trevor;06:24:29;15:12:47;-1155.157,-1519.302,-1519.302;;I-I-I tried to stop it,;Cutscene;Cutscene
Trevor;06:24:30;15:12:48;-1155.484,-1519.398,-1519.398;;;;
Trevor;06:24:30;15:12:48;-1155.775,-1519.541,-1519.541;;;;
Trevor;06:24:31;15:12:49;-1156.047,-1519.758,-1519.758;;;;
Trevor;06:24:32;15:12:49;-1156.429,-1519.872,-1519.872;;;;
Trevor;06:24:32;15:12:50;-1156.696,-1520.062,-1520.062;;;;
Trevor;06:24:33;15:12:50;-1156.902,-1520.234,-1520.234;;;;
Trevor;06:24:33;15:12:51;-1157.081,-1520.353,-1520.353;;but it just kept...;Cutscene;Cutscene
Trevor;06:24:34;15:12:51;-1157.008,-1520.602,-1520.602;;;;
Trevor;06:24:34;15:12:52;-1157.085,-1520.759,-1520.759;;;;
Trevor;06:24:35;15:12:53;-1157.11,-1520.992,-1520.992;;;;
Trevor;06:24:35;15:12:53;-1157.085,-1521.102,-1521.102;;coming...;Cutscene;Cutscene
Trevor;06:24:36;15:12:54;-1157.111,-1521.108,-1521.108;;;;
Trevor;06:24:36;15:12:54;-1157.188,-1520.995,-1520.995;;;;
Trevor;06:24:37;15:12:55;-1157.23,-1520.882,-1520.882;;and coming...;Cutscene;Cutscene
Trevor;06:24:37;15:12:55;-1157.335,-1520.909,-1520.909;;;;
Trevor;06:24:38;15:12:56;-1157.649,-1520.822,-1520.822;;There, there, Wade.;Cutscene;Cutscene
Trevor;06:24:38;15:12:56;-1157.946,-1520.876,-1520.876;;;;
Trevor;06:24:39;15:12:57;-1158.22,-1520.752,-1520.752;;;;
Trevor;06:24:39;15:12:57;-1158.486,-1520.628,-1520.628;;;;
Trevor;06:24:40;15:12:58;-1158.654,-1520.409,-1520.409;;;;
Trevor;06:24:40;15:12:58;-1158.69,-1520.286,-1520.286;;You're just not cut out for honest work, alright?;Cutscene;Cutscene
Trevor;06:24:41;15:12:59;-1158.704,-1520.196,-1520.196;;;;
Trevor;06:24:41;15:12:59;-1158.726,-1520.166,-1520.166;;;;
Trevor;06:24:42;15:13:00;-1158.747,-1520.152,-1520.152;;;;
Trevor;06:24:42;15:13:00;-1158.77,-1520.143,-1520.143;;;;
Trevor;06:24:43;15:13:01;-1158.722,-1520.307,-1520.307;;;;
Trevor;06:24:43;15:13:01;-1158.625,-1520.43,-1520.43;;;;
Trevor;06:24:44;15:13:02;-1158.495,-1520.631,-1520.631;;;;
Trevor;06:24:45;15:13:02;-1158.268,-1520.602,-1520.602;;;;
Trevor;06:24:45;15:13:03;-1157.961,-1520.731,-1520.731;;;;
Trevor;06:24:46;15:13:03;-1157.792,-1520.694,-1520.694;;;;
Trevor;06:24:46;15:13:04;-1157.535,-1520.676,-1520.676;;Did you get what you needed?;Cutscene;Cutscene
Trevor;06:24:47;15:13:04;-1157.376,-1520.754,-1520.754;;;;
Trevor;06:24:47;15:13:05;-1157.37,-1520.824,-1520.824;;;;
Trevor;06:24:48;15:13:05;-1157.235,-1521.05,-1521.05;;Yeah, yeah, yeah, more or less, yeah.;Cutscene;Cutscene
Trevor;06:24:48;15:13:06;-1157.27,-1521.201,-1521.201;;;;
Trevor;06:24:49;15:13:07;-1157.275,-1521.532,-1521.532;;;;
Trevor;06:24:49;15:13:07;-1157.117,-1521.889,-1521.889;;;;
Trevor;06:24:50;15:13:08;-1156.954,-1522.276,-1522.276;;I just gotta figure out a place to plan this now.;Cutscene;Cutscene
Trevor;06:24:50;15:13:08;-1156.909,-1522.595,-1522.595;;;;
Trevor;06:24:51;15:13:09;-1156.784,-1522.763,-1522.763;;;;
Trevor;06:24:51;15:13:09;-1156.617,-1522.975,-1522.975;;;;
Trevor;06:24:52;15:13:10;-1156.717,-1523.115,-1523.115;;;;
Trevor;06:24:52;15:13:10;-1156.856,-1523.17,-1523.17;;;;
Trevor;06:24:53;15:13:11;-1157,-1523.155,-1523.155;;;;
Trevor;06:24:53;15:13:11;-1156.972,-1523.504,-1523.504;;Alright, this'll do, huh.;Cutscene;Cutscene
Trevor;06:24:54;15:13:12;-1156.934,-1523.969,-1523.969;;;;
Trevor;06:24:54;15:13:12;-1156.779,-1524.415,-1524.415;;;;
Trevor;06:24:55;15:13:13;-1156.634,-1524.628,-1524.628;;;;
Trevor;06:24:55;15:13:13;-1156.933,-1524.485,-1524.485;;;;
Trevor;06:24:56;15:13:14;-1157.062,-1524.307,-1524.307;;;;
Trevor;06:24:56;15:13:14;-1156.968,-1524.002,-1524.002;;;;
Trevor;06:24:57;15:13:15;-1157.026,-1523.853,-1523.853;;;;
Trevor;06:24:57;15:13:15;-1156.977,-1523.824,-1523.824;;That woman ain't even fine.;Cutscene;Cutscene
Trevor;06:24:58;15:13:16;-1157.01,-1523.875,-1523.875;;;;
Trevor;06:24:58;15:13:16;-1157.245,-1524.002,-1524.002;;;;
Trevor;06:24:59;15:13:17;-1157.781,-1523.9,-1523.9;;;;
Trevor;06:25:00;15:13:17;-1157.695,-1524.051,-1524.051;;;;
Trevor;06:25:00;15:13:18;-1157.53,-1524.17,-1524.17;;;;
Trevor;06:25:01;15:13:18;-1157.336,-1524.026,-1524.026;;;;
Trevor;06:25:01;15:13:19;-1157.265,-1523.958,-1523.958;;Ain't no one understands why Floyd lets her use him so.;Cutscene;Cutscene
Trevor;06:25:02;15:13:19;-1157.286,-1524.051,-1524.051;;;;
Trevor;06:25:02;15:13:20;-1157.232,-1524.087,-1524.087;;;;
Trevor;06:25:03;15:13:20;-1157.083,-1524.009,-1524.009;;;;
Trevor;06:25:03;15:13:21;-1157.099,-1523.962,-1523.962;;;;
Trevor;06:25:04;15:13:22;-1157.187,-1523.946,-1523.946;;;;
Trevor;06:25:04;15:13:22;-1157.235,-1523.959,-1523.959;;;;
Trevor;06:25:05;15:13:23;-1157.207,-1523.968,-1523.968;;;;
Trevor;06:25:05;15:13:23;-1157.183,-1523.98,-1523.98;;;;
Trevor;06:25:06;15:13:24;-1157.182,-1523.968,-1523.968;;;;
Trevor;06:25:06;15:13:24;-1157.174,-1523.956,-1523.956;;;;
Trevor;06:25:07;15:13:25;-1157.15,-1523.952,-1523.952;;;;
Trevor;06:25:07;15:13:25;-1157.119,-1523.958,-1523.958;;;;
Trevor;06:25:08;15:13:26;-1157.2,-1523.847,-1523.847;;;;
Trevor;06:25:08;15:13:26;-1157.025,-1523.65,-1523.65;;Oh, it's low self-esteem, Wade.;Cutscene;Cutscene
Trevor;06:25:09;15:13:27;-1156.949,-1523.675,-1523.675;;;;
Trevor;06:25:09;15:13:27;-1156.9,-1523.837,-1523.837;;;;
Trevor;06:25:10;15:13:28;-1157.066,-1523.833,-1523.833;;;;
Trevor;06:25:10;15:13:28;-1157.028,-1523.871,-1523.871;;We gotta build him back up.;Cutscene;Cutscene
Trevor;06:25:11;15:13:29;-1156.877,-1523.964,-1523.964;;;;
Trevor;06:25:11;15:13:29;-1156.91,-1524.112,-1524.112;;;;
Trevor;06:25:12;15:13:30;-1156.92,-1524.205,-1524.205;;;;
Trevor;06:25:13;15:13:30;-1156.873,-1524.413,-1524.413;;;;
Trevor;06:25:13;15:13:31;-1156.617,-1524.5,-1524.5;;Now...;Cutscene;Cutscene
Trevor;06:25:14;15:13:31;-1156.632,-1524.615,-1524.615;;;;
Trevor;06:25:14;15:13:32;-1156.69,-1524.636,-1524.636;;;;
Trevor;06:25:15;15:13:32;-1156.747,-1524.691,-1524.691;;;;
Trevor;06:25:15;15:13:33;-1156.861,-1524.751,-1524.751;;;;
Trevor;06:25:16;15:13:33;-1157.064,-1524.913,-1524.913;;;;
Trevor;06:25:16;15:13:34;-1156.993,-1524.812,-1524.812;;;;
Trevor;06:25:17;15:13:35;-1157.092,-1524.78,-1524.78;;;;
Trevor;06:25:17;15:13:35;-1157.191,-1524.841,-1524.841;;;;
Trevor;06:25:18;15:13:36;-1157.195,-1524.889,-1524.889;;;;
Trevor;06:25:18;15:13:36;-1157.093,-1524.857,-1524.857;;;;
Trevor;06:25:19;15:13:37;-1156.987,-1524.801,-1524.801;;And...;Cutscene;Cutscene
Trevor;06:25:19;15:13:37;-1157.158,-1524.694,-1524.694;;;;
Trevor;06:25:20;15:13:38;-1157.2,-1524.323,-1524.323;;There...;Cutscene;Cutscene
Trevor;06:25:20;15:13:38;-1157.363,-1524.003,-1524.003;;Perfect!;Cutscene;Cutscene
Trevor;06:25:21;15:13:39;-1157.242,-1523.756,-1523.756;;;;
Trevor;06:25:21;15:13:39;-1157.274,-1523.735,-1523.735;;;;
Trevor;06:25:22;15:13:40;-1157.924,-1523.198,-1523.198;;;;
Trevor;06:25:22;15:13:40;-1157.764,-1523.333,-1523.333;;;;
Trevor;06:25:23;15:13:41;-1157.696,-1523.41,-1523.41;;;;
Trevor;06:25:23;15:13:41;-1157.818,-1523.484,-1523.484;;;;
Trevor;06:25:24;15:13:42;-1157.749,-1523.45,-1523.45;;;;
Trevor;06:25:24;15:13:42;-1158.004,-1522.75,-1522.75;;Alright, so, based on my observations, I'd say these Merryweather security;TREVOR;DHF_ANAA
Trevor;06:25:25;15:13:43;-1158.004,-1522.75,-1522.75;;;;
Trevor;06:25:25;15:13:43;-1158.004,-1522.75,-1522.75;;;;
Trevor;06:25:26;15:13:44;-1158.004,-1522.75,-1522.75;;;;
Trevor;06:25:27;15:13:44;-1158.004,-1522.75,-1522.75;;;;
Trevor;06:25:27;15:13:45;-1158.004,-1522.75,-1522.75;;;;
Trevor;06:25:28;15:13:45;-1158.004,-1522.75,-1522.75;;;;
Trevor;06:25:28;15:13:46;-1158.004,-1522.75,-1522.75;;;;
Trevor;06:25:29;15:13:46;-1158.004,-1522.75,-1522.75;;;;
Trevor;06:25:29;15:13:47;-1158.004,-1522.75,-1522.75;;;;
Trevor;06:25:30;15:13:47;-1158.004,-1522.75,-1522.75;;cocksnots are sitting on something real valuable.;TREVOR;DHF_ANAC
Trevor;06:25:30;15:13:48;-1158.004,-1522.75,-1522.75;;;;
Trevor;06:25:31;15:13:49;-1158.004,-1522.75,-1522.75;;;;
Trevor;06:25:31;15:13:49;-1158.004,-1522.75,-1522.75;;;;
Trevor;06:25:32;15:13:50;-1158.004,-1522.75,-1522.75;;;;
Trevor;06:25:32;15:13:50;-1158.004,-1522.75,-1522.75;;;;
Trevor;06:25:33;15:13:51;-1158.004,-1522.75,-1522.75;;;;
Trevor;06:25:33;15:13:51;-1158.004,-1522.75,-1522.75;;I think they got two of these things, but we only need one.;TREVOR;DHF_ANAB
Trevor;06:25:34;15:13:52;-1158.004,-1522.75,-1522.75;;;;
Trevor;06:25:34;15:13:52;-1158.004,-1522.75,-1522.75;;;;
Trevor;06:25:35;15:13:53;-1158.004,-1522.75,-1522.75;;;;
Trevor;06:25:35;15:13:53;-1158.004,-1522.75,-1522.75;;;;
Trevor;06:25:36;15:13:54;-1158.004,-1522.75,-1522.75;;;;
Trevor;06:25:36;15:13:54;-1158.004,-1522.75,-1522.75;;;;
Trevor;06:25:37;15:13:55;-1158.004,-1522.75,-1522.75;;The first one is on that freighter, in a container below deck.;TREVOR;DHF_AOAA
Trevor;06:25:37;15:13:55;-1158.004,-1522.75,-1522.75;;;;
Trevor;06:25:38;15:13:56;-1158.004,-1522.75,-1522.75;;;;
Trevor;06:25:38;15:13:56;-1158.004,-1522.75,-1522.75;;;;
Trevor;06:25:39;15:13:57;-1158.004,-1522.75,-1522.75;;;;
Trevor;06:25:39;15:13:57;-1158.004,-1522.75,-1522.75;;;;
Trevor;06:25:40;15:13:58;-1158.004,-1522.75,-1522.75;;They got guards all over that ship, so it's likely they're keeping it on ice.;TREVOR;DHF_AOAB
Trevor;06:25:41;15:13:58;-1158.004,-1522.75,-1522.75;;;;
Trevor;06:25:41;15:13:59;-1158.004,-1522.75,-1522.75;;;;
Trevor;06:25:42;15:13:59;-1158.004,-1522.75,-1522.75;;;;
Trevor;06:25:42;15:14:00;-1158.004,-1522.75,-1522.75;;;;
Trevor;06:25:43;15:14:00;-1158.004,-1522.75,-1522.75;;;;
Trevor;06:25:43;15:14:01;-1158.004,-1522.75,-1522.75;;;;
Trevor;06:25:44;15:14:01;-1158.004,-1522.75,-1522.75;;;;
Trevor;06:25:44;15:14:02;-1158.004,-1522.75,-1522.75;;;;
Trevor;06:25:45;15:14:03;-1158.004,-1522.75,-1522.75;;;;
Trevor;06:25:45;15:14:03;-1158.004,-1522.75,-1522.75;;;;
Trevor;06:25:46;15:14:04;-1158.004,-1522.75,-1522.75;;;;
Trevor;06:25:46;15:14:04;-1158.004,-1522.75,-1522.75;;The air, land and sea routes into the port'll be locked down as soon as we make a noise. At these x's here.;TREVOR;DHF_ARAA
Trevor;06:25:47;15:14:05;-1158.004,-1522.75,-1522.75;;;;
Trevor;06:25:47;15:14:05;-1158.004,-1522.75,-1522.75;;;;
Trevor;06:25:48;15:14:06;-1158.004,-1522.75,-1522.75;;;;
Trevor;06:25:48;15:14:06;-1158.004,-1522.75,-1522.75;;;;
Trevor;06:25:49;15:14:07;-1158.004,-1522.75,-1522.75;;;;
Trevor;06:25:49;15:14:07;-1158.004,-1522.75,-1522.75;;;;
Trevor;06:25:50;15:14:08;-1158.004,-1522.75,-1522.75;;;;
Trevor;06:25:50;15:14:08;-1158.004,-1522.75,-1522.75;;;;
Trevor;06:25:51;15:14:09;-1158.004,-1522.75,-1522.75;;;;
Trevor;06:25:51;15:14:09;-1158.004,-1522.75,-1522.75;;;;
Trevor;06:25:52;15:14:10;-1158.004,-1522.75,-1522.75;;Which means we have to blow up the ship, and grab the thing underwater.;TREVOR;DHF_ARAB
Trevor;06:25:52;15:14:10;-1158.004,-1522.75,-1522.75;;;;
Trevor;06:25:53;15:14:11;-1158.004,-1522.75,-1522.75;;;;
Trevor;06:25:53;15:14:11;-1158.004,-1522.75,-1522.75;;;;
Trevor;06:25:54;15:14:12;-1158.004,-1522.75,-1522.75;;;;
Trevor;06:25:54;15:14:12;-1158.004,-1522.75,-1522.75;;;;
Trevor;06:25:55;15:14:13;-1158.004,-1522.75,-1522.75;;;;
Trevor;06:25:56;15:14:13;-1158.004,-1522.75,-1522.75;;;;
Trevor;06:25:56;15:14:14;-1158.004,-1522.75,-1522.75;;Need a guy to plant the bombs, a guy to look out for him with a rifle, and a guy to grab the thing, whatever it is, underwater.;TREVOR;DHF_ARAD
Trevor;06:25:57;15:14:14;-1158.004,-1522.75,-1522.75;;;;
Trevor;06:25:57;15:14:15;-1158.004,-1522.75,-1522.75;;;;
Trevor;06:25:58;15:14:15;-1158.004,-1522.75,-1522.75;;;;
Trevor;06:25:58;15:14:16;-1158.004,-1522.75,-1522.75;;;;
Trevor;06:25:59;15:14:16;-1158.004,-1522.75,-1522.75;;;;
Trevor;06:25:59;15:14:17;-1158.004,-1522.75,-1522.75;;;;
Trevor;06:26:00;15:14:18;-1158.004,-1522.75,-1522.75;;;;
Trevor;06:26:00;15:14:18;-1158.004,-1522.75,-1522.75;;;;
Trevor;06:26:01;15:14:19;-1158.004,-1522.75,-1522.75;;;;
Trevor;06:26:01;15:14:19;-1158.004,-1522.75,-1522.75;;;;
Trevor;06:26:02;15:14:20;-1158.004,-1522.75,-1522.75;;That means stealing us a submarine, of course, but you can find us one of them, can't ya?;TREVOR;DHF_ARAE
Trevor;06:26:02;15:14:20;-1158.004,-1522.75,-1522.75;;;;
Trevor;06:26:03;15:14:21;-1158.004,-1522.75,-1522.75;;;;
Trevor;06:26:03;15:14:21;-1158.004,-1522.75,-1522.75;;;;
Trevor;06:26:04;15:14:22;-1158.004,-1522.75,-1522.75;;;;
Trevor;06:26:04;15:14:22;-1158.004,-1522.75,-1522.75;;;;
Trevor;06:26:05;15:14:23;-1158.004,-1522.75,-1522.75;;;;
Trevor;06:26:05;15:14:23;-1158.004,-1522.75,-1522.75;;;;
Trevor;06:26:06;15:14:24;-1158.004,-1522.75,-1522.75;;;;
Trevor;06:26:06;15:14:24;-1158.004,-1522.75,-1522.75;;Now, the other one is off the coast being tested.;TREVOR;DHF_ASAA
Trevor;06:26:07;15:14:25;-1158.004,-1522.75,-1522.75;;;;
Trevor;06:26:07;15:14:25;-1158.004,-1522.75,-1522.75;;;;
Trevor;06:26:08;15:14:26;-1158.004,-1522.75,-1522.75;;;;
Trevor;06:26:08;15:14:26;-1158.004,-1522.75,-1522.75;;;;
Trevor;06:26:09;15:14:27;-1158.004,-1522.75,-1522.75;;;;
Trevor;06:26:10;15:14:27;-1158.004,-1522.75,-1522.75;;;;
Trevor;06:26:10;15:14:28;-1158.004,-1522.75,-1522.75;;They're running the operation from the dock where I last saw your cousin.;TREVOR;DHF_ASAE
Trevor;06:26:11;15:14:28;-1158.004,-1522.75,-1522.75;;;;
Trevor;06:26:11;15:14:29;-1158.004,-1522.75,-1522.75;;;;
Trevor;06:26:12;15:14:29;-1158.004,-1522.75,-1522.75;;;;
Trevor;06:26:12;15:14:30;-1158.004,-1522.75,-1522.75;;;;
Trevor;06:26:13;15:14:30;-1158.004,-1522.75,-1522.75;;;;
Trevor;06:26:13;15:14:31;-1158.004,-1522.75,-1522.75;;;;
Trevor;06:26:14;15:14:32;-1158.004,-1522.75,-1522.75;;We'll need a submarine for that too, and probably a chopper, a big one.;TREVOR;DHF_ASAB
Trevor;06:26:14;15:14:32;-1158.004,-1522.75,-1522.75;;;;
Trevor;06:26:15;15:14:33;-1158.004,-1522.75,-1522.75;;;;
Trevor;06:26:15;15:14:33;-1158.004,-1522.75,-1522.75;;;;
Trevor;06:26:16;15:14:34;-1158.004,-1522.75,-1522.75;;;;
Trevor;06:26:16;15:14:34;-1158.004,-1522.75,-1522.75;;;;
Trevor;06:26:17;15:14:35;-1158.004,-1522.75,-1522.75;;;;
Trevor;06:26:17;15:14:35;-1158.004,-1522.75,-1522.75;;We go out there, look around underwater, locate it,;TREVOR;DHF_ASAD
Trevor;06:26:18;15:14:36;-1158.004,-1522.75,-1522.75;;;;
Trevor;06:26:18;15:14:36;-1158.004,-1522.75,-1522.75;;;;
Trevor;06:26:19;15:14:37;-1158.004,-1522.75,-1522.75;;;;
Trevor;06:26:19;15:14:37;-1158.004,-1522.75,-1522.75;;;;
Trevor;06:26:20;15:14:38;-1158.004,-1522.75,-1522.75;;;;
Trevor;06:26:20;15:14:38;-1158.004,-1522.75,-1522.75;;;;
Trevor;06:26:21;15:14:39;-1158.004,-1522.75,-1522.75;;;;
Trevor;06:26:21;15:14:39;-1158.004,-1522.75,-1522.75;;bring it back here, and find out what it is.;TREVOR;DHF_ASAG
Trevor;06:26:22;15:14:40;-1158.004,-1522.75,-1522.75;;;;
Trevor;06:26:22;15:14:40;-1158.004,-1522.75,-1522.75;;;;
Trevor;06:26:23;15:14:41;-1158.004,-1522.75,-1522.75;;;;
Trevor;06:26:24;15:14:41;-1158.004,-1522.75,-1522.75;;;;
Trevor;06:26:24;15:14:42;-1158.004,-1522.75,-1522.75;;;;
Trevor;06:26:25;15:14:42;-1158.004,-1522.75,-1522.75;;;;
Trevor;06:26:25;15:14:43;-1158.004,-1522.75,-1522.75;;Here? To the condo?;WADE;DHF_ASAC
Trevor;06:26:26;15:14:43;-1158.004,-1522.75,-1522.75;;;;
Trevor;06:26:26;15:14:44;-1158.004,-1522.75,-1522.75;;;;
Trevor;06:26:27;15:14:44;-1158.004,-1522.75,-1522.75;;;;
Trevor;06:26:27;15:14:45;-1158.004,-1522.75,-1522.75;;;;
Trevor;06:26:28;15:14:46;-1158.004,-1522.75,-1522.75;;;;
Trevor;06:26:28;15:14:46;-1158.004,-1522.75,-1522.75;;;;
Trevor;06:26:29;15:14:47;-1158.004,-1522.75,-1522.75;;Alright, so what do we think? Container ship, or whatever's offshore?;TREVOR;DHF_AEAA
Trevor;06:26:29;15:14:47;-1158.004,-1522.75,-1522.75;;;;
Trevor;06:26:30;15:14:48;-1158.004,-1522.75,-1522.75;;;;
Trevor;06:26:30;15:14:48;-1158.004,-1522.75,-1522.75;;;;
Trevor;06:26:31;15:14:49;-1158.004,-1522.75,-1522.75;;;;
Trevor;06:26:31;15:14:49;-1158.004,-1522.75,-1522.75;;;;
Trevor;06:26:32;15:14:50;-1158.004,-1522.75,-1522.75;;;;
Trevor;06:26:32;15:14:50;-1158.004,-1522.75,-1522.75;;;;
Trevor;06:26:33;15:14:51;-1158.004,-1522.75,-1522.75;;;;
Trevor;06:26:33;15:14:51;-1158.004,-1522.75,-1522.75;;;;
Trevor;06:26:34;15:14:52;-1158.004,-1522.75,-1522.75;;;;
Trevor;06:26:34;15:14:52;-1158.004,-1522.75,-1522.75;;;;
Trevor;06:26:35;15:14:53;-1158.004,-1522.75,-1522.75;;;;
Trevor;06:26:35;15:14:53;-1158.004,-1522.75,-1522.75;;;;
Trevor;06:26:36;15:14:54;-1158.004,-1522.75,-1522.75;;;;
Trevor;06:26:36;15:14:54;-1158.004,-1522.75,-1522.75;;;;
Trevor;06:26:37;15:14:55;-1158.004,-1522.75,-1522.75;;;;
Trevor;06:26:37;15:14:55;-1158.004,-1522.75,-1522.75;;;;
Trevor;06:26:38;15:14:56;-1158.004,-1522.75,-1522.75;;;;
Trevor;06:26:39;15:14:56;-1158.004,-1522.75,-1522.75;;;;
Trevor;06:26:39;15:14:57;-1158.004,-1522.75,-1522.75;;;;
Trevor;06:26:40;15:14:57;-1158.004,-1522.75,-1522.75;;;;
Trevor;06:26:40;15:14:58;-1158.004,-1522.75,-1522.75;;;;
Trevor;06:26:41;15:14:58;-1158.004,-1522.75,-1522.75;;;;
Trevor;06:26:41;15:14:59;-1158.004,-1522.75,-1522.75;;;;
Trevor;06:26:42;15:14:59;-1158.004,-1522.75,-1522.75;;;;
Trevor;06:26:42;15:15:00;-1158.004,-1522.75,-1522.75;;Offshore. Deep sea adventure. Got to be.;DHF_AMAA;DHF_AMAA
Trevor;06:26:43;15:15:01;-1158.004,-1522.75,-1522.75;;;;
Trevor;06:26:43;15:15:01;-1158.004,-1522.75,-1522.75;;;;
Trevor;06:26:44;15:15:02;-1158.004,-1522.75,-1522.75;;;;
Trevor;06:26:44;15:15:02;-1158.004,-1522.75,-1522.75;;;;
Trevor;06:26:45;15:15:03;-1158.004,-1522.75,-1522.75;;;;
Trevor;06:26:45;15:15:03;-1158.004,-1522.75,-1522.75;;;;
Trevor;06:26:46;15:15:04;-1158.004,-1522.75,-1522.75;;You and Floyd can help. And we'll bring along Michael and his unpaid intern.;TREVOR;DHF_ATAA
Trevor;06:26:46;15:15:04;-1158.004,-1522.75,-1522.75;;;;
Trevor;06:26:47;15:15:05;-1158.004,-1522.75,-1522.75;;;;
Trevor;06:26:47;15:15:05;-1158.004,-1522.75,-1522.75;;;;
Trevor;06:26:48;15:15:06;-1158.004,-1522.75,-1522.75;;;;
Trevor;06:26:48;15:15:06;-1158.004,-1522.75,-1522.75;;;;
Trevor;06:26:49;15:15:07;-1158.004,-1522.75,-1522.75;;;;
Trevor;06:26:49;15:15:07;-1158.004,-1522.75,-1522.75;;;;
Trevor;06:26:50;15:15:08;-1157.314,-1523.725,-1523.725;;;;
Trevor;06:26:50;15:15:08;-1157.471,-1523.651,-1523.651;;Okay! Alright!;Cutscene;Cutscene
Trevor;06:26:51;15:15:09;-1157.641,-1523.721,-1523.721;;;;
Trevor;06:26:51;15:15:09;-1157.626,-1523.763,-1523.763;;;;
Trevor;06:26:52;15:15:10;-1157.324,-1523.759,-1523.759;;What is that smell?;Cutscene;Cutscene
Trevor;06:26:53;15:15:10;-1157.17,-1523.581,-1523.581;;;;
Trevor;06:26:53;15:15:11;-1156.993,-1523.413,-1523.413;;;;
Trevor;06:26:54;15:15:11;-1156.607,-1523.548,-1523.548;;Oh! We are going straight to the local Union Rep.;Cutscene;Cutscene
Trevor;06:26:54;15:15:12;-1156.037,-1523.539,-1523.539;;;;
Trevor;06:26:55;15:15:12;-1155.502,-1523.48,-1523.48;;;;
Trevor;06:26:55;15:15:13;-1155.085,-1523.307,-1523.307;;;;
Trevor;06:26:56;15:15:13;-1154.469,-1522.166,-1522.166;;;;
Trevor;06:26:56;15:15:14;-1154.388,-1522.054,-1522.054;;;;
Trevor;06:26:57;15:15:15;-1154.518,-1521.948,-1521.948;;;;
Trevor;06:26:57;15:15:15;-1154.505,-1522.007,-1522.007;;;;
Trevor;06:26:58;15:15:16;-1154.343,-1522.293,-1522.293;;Wade here was injured in the performance of his duties.;Cutscene;Cutscene
Trevor;06:26:58;15:15:16;-1154.368,-1522.507,-1522.507;;;;
Trevor;06:26:59;15:15:17;-1154.212,-1522.521,-1522.521;;;;
Trevor;06:26:59;15:15:17;-1154.276,-1522.381,-1522.381;;;;
Trevor;06:27:00;15:15:18;-1154.354,-1522.266,-1522.266;;;;
Trevor;06:27:00;15:15:18;-1154.242,-1522.282,-1522.282;;;;
Trevor;06:27:01;15:15:19;-1154.172,-1522.364,-1522.364;;;;
Trevor;06:27:01;15:15:19;-1154.281,-1522.331,-1522.331;;Human waste has seeped into his very pores,;Cutscene;Cutscene
Trevor;06:27:02;15:15:20;-1154.432,-1522.277,-1522.277;;;;
Trevor;06:27:02;15:15:20;-1154.347,-1522.387,-1522.387;;;;
Trevor;06:27:03;15:15:21;-1154.299,-1522.432,-1522.432;;;;
Trevor;06:27:03;15:15:21;-1154.327,-1522.409,-1522.409;;and I am sorry to say this but,;Cutscene;Cutscene
Trevor;06:27:04;15:15:22;-1154.442,-1522.227,-1522.227;;;;
Trevor;06:27:04;15:15:22;-1154.32,-1522.146,-1522.146;;;;
Trevor;06:27:05;15:15:23;-1154.331,-1522.009,-1522.009;;I don't think he's ever going to smell normal...;Cutscene;Cutscene
Trevor;06:27:05;15:15:23;-1154.386,-1521.916,-1521.916;;;;
Trevor;06:27:06;15:15:24;-1154.389,-1521.96,-1521.96;;;;
Trevor;06:27:07;15:15:24;-1154.26,-1522.13,-1522.13;;again.;Cutscene;Cutscene
Trevor;06:27:07;15:15:25;-1154.229,-1522.204,-1522.204;;You can't go to the Union.;Cutscene;Cutscene
Trevor;06:27:08;15:15:25;-1154.227,-1522.254,-1522.254;;;;
Trevor;06:27:08;15:15:26;-1154.125,-1522.381,-1522.381;;You are Union, alright, and you vouched for us, alright?;Cutscene;Cutscene
Trevor;06:27:09;15:15:26;-1154.295,-1522.236,-1522.236;;;;
Trevor;06:27:09;15:15:27;-1154.225,-1522.116,-1522.116;;;;
Trevor;06:27:10;15:15:28;-1154.113,-1522.137,-1522.137;;;;
Trevor;06:27:10;15:15:28;-1153.908,-1522.278,-1522.278;;;;
Trevor;06:27:11;15:15:29;-1153.975,-1522.173,-1522.173;;;;
Trevor;06:27:11;15:15:29;-1154.219,-1521.668,-1521.668;;Look at him, man!;Cutscene;Cutscene
Trevor;06:27:12;15:15:30;-1154.452,-1520.803,-1520.803;;;;
Trevor;06:27:12;15:15:30;-1154.557,-1519.996,-1519.996;;Smell him!;Cutscene;Cutscene
Trevor;06:27:13;15:15:31;-1154.677,-1519.909,-1519.909;;;;
Trevor;06:27:13;15:15:31;-1154.721,-1519.713,-1519.713;;;;
Trevor;06:27:14;15:15:32;-1154.783,-1519.27,-1519.27;;;;
Trevor;06:27:14;15:15:32;-1154.65,-1518.72,-1518.72;;;;
Trevor;06:27:15;15:15:33;-1154.14,-1518.334,-1518.334;;Trevor! Trevor, I...;Cutscene;Cutscene
Trevor;06:27:15;15:15:33;-1153.643,-1518.151,-1518.151;;;;
Trevor;06:27:16;15:15:34;-1153.133,-1517.819,-1517.819;;You're planning a robbery on my place of work!;Cutscene;Cutscene
Trevor;06:27:16;15:15:34;-1152.779,-1517.64,-1517.64;;;;
Trevor;06:27:17;15:15:35;-1152.705,-1517.532,-1517.532;;;;
Trevor;06:27:17;15:15:35;-1152.783,-1517.31,-1517.31;;;;
Trevor;06:27:18;15:15:36;-1152.681,-1517.289,-1517.289;;;;
Trevor;06:27:18;15:15:36;-1152.591,-1517.286,-1517.286;;;;
Trevor;06:27:19;15:15:37;-1152.739,-1517.33,-1517.33;;You violated Mr. Raspberry Jam and...;Cutscene;Cutscene
Trevor;06:27:19;15:15:37;-1152.708,-1517.348,-1517.348;;;;
Trevor;06:27:20;15:15:38;-1152.658,-1517.364,-1517.364;;;;
Trevor;06:27:21;15:15:38;-1152.621,-1517.357,-1517.357;;;;
Trevor;06:27:21;15:15:39;-1152.599,-1517.339,-1517.339;;God alone knows what else!;Cutscene;Cutscene
Trevor;06:27:22;15:15:39;-1152.588,-1517.333,-1517.333;;;;
Trevor;06:27:22;15:15:40;-1152.587,-1517.335,-1517.335;;;;
Trevor;06:27:23;15:15:40;-1152.569,-1517.335,-1517.335;;;;
Trevor;06:27:23;15:15:41;-1152.558,-1517.337,-1517.337;;;;
Trevor;06:27:24;15:15:42;-1152.567,-1517.341,-1517.341;;You damaged Debra...;Cutscene;Cutscene
Trevor;06:27:24;15:15:42;-1152.574,-1517.342,-1517.342;;;;
Trevor;06:27:25;15:15:43;-1152.618,-1517.336,-1517.336;;;;
Trevor;06:27:25;15:15:43;-1152.821,-1517.255,-1517.255;;;;
Trevor;06:27:26;15:15:44;-1152.931,-1517.243,-1517.243;;;;
Trevor;06:27:26;15:15:44;-1153.187,-1517.249,-1517.249;;look, my lady and my Union...;Cutscene;Cutscene
Trevor;06:27:27;15:15:45;-1153.212,-1517.356,-1517.356;;;;
Trevor;06:27:27;15:15:45;-1153.19,-1517.429,-1517.429;;;;
Trevor;06:27:28;15:15:46;-1153.147,-1517.448,-1517.448;;;;
Trevor;06:27:28;15:15:46;-1153.148,-1517.373,-1517.373;;that's all I got.;Cutscene;Cutscene
Trevor;06:27:29;15:15:47;-1153.155,-1517.305,-1517.305;;;;
Trevor;06:27:29;15:15:47;-1153.162,-1517.292,-1517.292;;;;
Trevor;06:27:30;15:15:48;-1153.148,-1517.282,-1517.282;;;;
Trevor;06:27:30;15:15:48;-1153.121,-1517.251,-1517.251;;So why don't we just,;Cutscene;Cutscene
Trevor;06:27:31;15:15:49;-1153.111,-1517.239,-1517.239;;;;
Trevor;06:27:31;15:15:49;-1153.122,-1517.247,-1517.247;;;;
Trevor;06:27:32;15:15:50;-1153.122,-1517.253,-1517.253;;why don't we just let this all slide? Huh?;Cutscene;Cutscene
Trevor;06:27:33;15:15:50;-1153.122,-1517.26,-1517.26;;;;
Trevor;06:27:33;15:15:51;-1153.13,-1517.264,-1517.264;;;;
Trevor;06:27:34;15:15:51;-1153.136,-1517.262,-1517.262;;;;
Trevor;06:27:34;15:15:52;-1153.137,-1517.248,-1517.248;;;;
Trevor;06:27:35;15:15:52;-1153.145,-1517.231,-1517.231;;;;
Trevor;06:27:35;15:15:53;-1153.256,-1517.313,-1517.313;;;;
Trevor;06:27:36;15:15:54;-1153.547,-1517.544,-1517.544;;If you're comfortable...;Cutscene;Cutscene
Trevor;06:27:36;15:15:54;-1153.543,-1517.442,-1517.442;;;;
Trevor;06:27:37;15:15:55;-1153.457,-1517.401,-1517.401;;;;
Trevor;06:27:37;15:15:55;-1153.494,-1517.551,-1517.551;;with what's happened to your cousin,;Cutscene;Cutscene
Trevor;06:27:38;15:15:56;-1153.483,-1517.612,-1517.612;;;;
Trevor;06:27:38;15:15:56;-1153.554,-1517.485,-1517.485;;;;
Trevor;06:27:39;15:15:57;-1153.632,-1517.586,-1517.586;;;;
Trevor;06:27:39;15:15:57;-1153.65,-1517.728,-1517.728;;;;
Trevor;06:27:40;15:15:58;-1153.681,-1517.738,-1517.738;;;;
Trevor;06:27:40;15:15:58;-1153.624,-1517.73,-1517.73;;then so be it, alright?;Cutscene;Cutscene
Trevor;06:27:41;15:15:59;-1153.575,-1517.76,-1517.76;;;;
Trevor;06:27:41;15:15:59;-1153.377,-1517.648,-1517.648;;;;
Trevor;06:27:42;15:16:00;-1152.998,-1517.545,-1517.545;;But I would give him a bath and rinse him off.;Cutscene;Cutscene
Trevor;06:27:42;15:16:00;-1152.653,-1517.738,-1517.738;;;;
Trevor;06:27:43;15:16:01;-1152.362,-1518.043,-1518.043;;;;
Trevor;06:27:43;15:16:01;-1152.093,-1518.804,-1518.804;;;;
Trevor;06:27:44;15:16:02;-1151.698,-1519.707,-1519.707;;;;
Trevor;06:27:44;15:16:02;-1148.379,-1524.85,-1524.85;;No!;Cutscene;Cutscene
Trevor;06:27:45;15:16:03;-1148.375,-1524.867,-1524.867;;;;
Trevor;06:27:45;15:16:03;-1148.378,-1524.864,-1524.864;;;;
Trevor;06:27:46;15:16:04;-1148.403,-1524.831,-1524.831;;No baths!;Cutscene;Cutscene
Trevor;06:27:47;15:16:04;-1148.425,-1524.835,-1524.835;;;;
Trevor;06:27:47;15:16:05;-1148.415,-1524.847,-1524.847;;;;
Trevor;06:27:48;15:16:05;-1148.394,-1524.848,-1524.848;;;;
Trevor;06:27:48;15:16:06;-1148.392,-1524.845,-1524.845;;;;
Trevor;06:27:48;15:16:06;-1148.395,-1524.846,-1524.846;;;;
Trevor;06:27:48;15:16:07;-1148.395,-1524.846,-1524.846;;;;
Trevor;07:00:07;15:16:08;-1148.411,-1524.796,-1524.796;;;;
Trevor;09:50:20;15:16:08;-1148.426,-1524.747,-1524.747;;;;
Trevor;13:13:30;15:16:09;-1148.426,-1524.747,-1524.747;;;;
Trevor;17:02:46;15:16:09;-1148.426,-1524.747,-1524.747;;;;
Trevor;20:50:51;15:16:10;-1148.426,-1524.747,-1524.747;;;;
Trevor;00:24:49;15:16:10;-1148.426,-1524.747,-1524.747;;;;
Trevor;03:28:13;15:16:11;-1148.426,-1524.747,-1524.747;;;;
Trevor;05:00:00;15:16:11;-1148.426,-1524.747,-1524.747;;;;
Trevor;05:00:00;15:16:12;-1148.426,-1524.747,-1524.747;;;;
Trevor;05:00:00;15:16:12;-1159.274,-1522.388,-1522.388;;;;
Trevor;05:00:01;15:16:13;-1159.274,-1522.388,-1522.388;;;;
Trevor;05:00:01;15:16:13;-1159.274,-1522.388,-1522.388;;;;
Trevor;05:00:02;15:16:14;-1159.274,-1522.388,-1522.388;;;;
Trevor;05:00:02;15:16:14;-1159.274,-1522.388,-1522.388;;;;
Trevor;05:00:03;15:16:15;-1159.274,-1522.388,-1522.388;;;;
Trevor;05:00:03;15:16:15;-1159.274,-1522.388,-1522.388;;;;
Trevor;05:00:04;15:16:16;-1159.274,-1522.388,-1522.388;;;;
Trevor;05:00:04;15:16:16;-1159.475,-1522.179,-1522.179;;;;
Trevor;05:00:05;15:16:17;-1159.784,-1521.908,-1521.908;;;;
Trevor;05:00:06;15:16:17;-1159.784,-1521.908,-1521.908;;;;
Trevor;05:00:06;15:16:18;-1159.885,-1521.868,-1521.868;;;;
Trevor;05:00:07;15:16:18;-1160.095,-1521.798,-1521.798;;;;
Trevor;05:00:07;15:16:19;-1160.29,-1521.732,-1521.732;;;;
Trevor;05:00:08;15:16:19;-1160.354,-1521.708,-1521.708;;;;
Trevor;05:00:08;15:16:20;-1160.354,-1521.708,-1521.708;;;;
Trevor;05:00:09;15:16:20;-1160.354,-1521.708,-1521.708;;;;
Trevor;05:00:09;15:16:21;-1160.354,-1521.708,-1521.708;;;;
Trevor;05:00:10;15:16:22;-1160.354,-1521.708,-1521.708;;;;
Trevor;05:00:10;15:16:22;-1160.354,-1521.708,-1521.708;;;;
Trevor;05:00:11;15:16:23;-1160.354,-1521.708,-1521.708;;;;
Trevor;05:00:11;15:16:23;-1160.176,-1521.848,-1521.848;;;;
Trevor;05:00:12;15:16:24;-1159.549,-1521.884,-1521.884;;;;
Trevor;05:00:12;15:16:24;-1158.923,-1521.277,-1521.277;;;;
Trevor;05:00:13;15:16:25;-1158.312,-1520.632,-1520.632;;;;
Trevor;05:00:13;15:16:25;-1158.232,-1520.662,-1520.662;;;;
Trevor;05:00:14;15:16:26;-1158.068,-1520.77,-1520.77;;;;
Trevor;05:00:14;15:16:26;-1157.353,-1520.849,-1520.849;;;;
Trevor;05:00:15;15:16:27;-1156.774,-1520.361,-1520.361;;;;
Trevor;05:00:15;15:16:27;-1155.591,-1519.394,-1519.394;;;;
Trevor;05:00:16;15:16:28;-1153.802,-1517.94,-1517.94;;;;
Trevor;05:00:16;15:16:28;-1152.085,-1517.235,-1517.235;;I'm sorry. Sometimes it just goes up like that. It'll go down.;WADE;FMT_BUAA
Trevor;05:00:17;15:16:29;-1151.273,-1517.179,-1517.179;;;;
Trevor;05:00:18;15:16:29;-1150.587,-1516.997,-1516.997;;;;
Trevor;05:00:18;15:16:30;-1149.768,-1516.792,-1516.792;;;;
Trevor;05:00:19;15:16:30;-1149.486,-1516.726,-1516.726;;;;
Trevor;05:00:19;15:16:31;-1149.486,-1516.726,-1516.726;;;;
Trevor;05:00:20;15:16:31;-1149.486,-1516.726,-1516.726;;;;
Trevor;05:00:20;15:16:32;-1149.486,-1516.726,-1516.726;;;;
Trevor;05:00:33;15:16:44;-1149.486,-1516.726,-1516.726;;;;
Trevor;05:00:33;15:16:45;-1149.486,-1516.726,-1516.726;;;;
Trevor;05:00:34;15:16:46;-1149.486,-1516.726,-1516.726;;;;
Trevor;05:00:34;15:16:46;-1149.486,-1516.726,-1516.726;;;;
Trevor;05:00:35;15:16:47;-1149.486,-1516.726,-1516.726;;;;
Trevor;05:00:35;15:16:47;-1149.486,-1516.726,-1516.726;;;;
Trevor;05:00:36;15:16:48;-1149.486,-1516.726,-1516.726;;;;
Trevor;05:00:36;15:16:48;-1149.486,-1516.726,-1516.726;;;;
Trevor;05:00:37;15:16:49;-1149.486,-1516.726,-1516.726;;;;
Trevor;05:00:37;15:16:49;-1149.486,-1516.726,-1516.726;;;;
Trevor;05:00:38;15:16:50;-1149.486,-1516.726,-1516.726;;;;
Trevor;05:00:38;15:16:50;-1149.486,-1516.726,-1516.726;;;;
Trevor;05:00:39;15:16:51;-1149.486,-1516.726,-1516.726;;;;
Trevor;05:00:39;15:16:51;-1149.486,-1516.726,-1516.726;;Ahh, Trevor, hey.;MICHAEL;DHF_ADAE
Trevor;05:00:40;15:16:52;-1149.486,-1516.726,-1516.726;;;;
Trevor;05:00:40;15:16:52;-1149.486,-1516.726,-1516.726;;;;
Trevor;05:00:41;15:16:53;-1149.486,-1516.726,-1516.726;;;;
Trevor;05:00:41;15:16:53;-1149.486,-1516.726,-1516.726;;Mikey! Hey, listen, loving it here in LS. Really settling in,;TREVOR;DHF_ADAA
Trevor;05:00:42;15:16:54;-1149.486,-1516.726,-1516.726;;;;
Trevor;05:00:42;15:16:54;-1149.486,-1516.726,-1516.726;;;;
Trevor;05:00:43;15:16:55;-1149.486,-1516.726,-1516.726;;;;
Trevor;05:00:44;15:16:55;-1149.486,-1516.726,-1516.726;;;;
Trevor;05:00:44;15:16:56;-1149.486,-1516.726,-1516.726;;;;
Trevor;05:00:45;15:16:56;-1149.486,-1516.726,-1516.726;;;;
Trevor;05:00:45;15:16:57;-1149.486,-1516.726,-1516.726;;;;
Trevor;05:00:46;15:16:57;-1149.486,-1516.726,-1516.726;;;;
Trevor;05:00:46;15:16:58;-1149.486,-1516.726,-1516.726;;;;
Trevor;05:00:47;15:16:58;-1149.486,-1516.726,-1516.726;;;;
Trevor;05:00:47;15:16:59;-1149.486,-1516.726,-1516.726;;;;
Trevor;05:00:48;15:17:00;-1149.486,-1516.726,-1516.726;;getting my first enema tomorrow. Anyway, I heard about some action.;TREVOR;DHF_ADAF
Trevor;05:00:48;15:17:00;-1149.486,-1516.726,-1516.726;;;;
Trevor;05:00:49;15:17:01;-1149.486,-1516.726,-1516.726;;;;
Trevor;05:00:49;15:17:01;-1149.486,-1516.726,-1516.726;;;;
Trevor;05:00:50;15:17:02;-1149.486,-1516.726,-1516.726;;;;
Trevor;05:00:50;15:17:02;-1149.486,-1516.726,-1516.726;;;;
Trevor;05:00:51;15:17:03;-1149.486,-1516.726,-1516.726;;;;
Trevor;05:00:51;15:17:03;-1149.486,-1516.726,-1516.726;;;;
Trevor;05:00:52;15:17:04;-1149.486,-1516.726,-1516.726;;;;
Trevor;05:00:52;15:17:04;-1149.486,-1516.726,-1516.726;;Yeah, huh? Yeah, okay.;MICHAEL;DHF_ADAB
Trevor;05:00:53;15:17:05;-1149.486,-1516.726,-1516.726;;;;
Trevor;05:00:53;15:17:05;-1149.486,-1516.726,-1516.726;;;;
Trevor;05:00:54;15:17:06;-1149.486,-1516.726,-1516.726;;;;
Trevor;05:00:54;15:17:06;-1149.486,-1516.726,-1516.726;;;;
Trevor;05:00:55;15:17:07;-1149.486,-1516.726,-1516.726;;You bet it's okay. Listen,;TREVOR;DHF_ADAC
Trevor;05:00:55;15:17:07;-1149.486,-1516.726,-1516.726;;;;
Trevor;05:00:56;15:17:08;-1149.486,-1516.726,-1516.726;;;;
Trevor;05:00:56;15:17:08;-1149.486,-1516.726,-1516.726;;;;
Trevor;05:00:57;15:17:09;-1149.486,-1516.726,-1516.726;;;;
Trevor;05:00:58;15:17:09;-1149.486,-1516.726,-1516.726;;I gotta do a little prep work, but so far it's looking pretty tasty.;TREVOR;DHF_ADAG
Trevor;05:00:58;15:17:10;-1149.486,-1516.726,-1516.726;;;;
Trevor;05:00:59;15:17:10;-1149.486,-1516.726,-1516.726;;;;
Trevor;05:00:59;15:17:11;-1149.486,-1516.726,-1516.726;;;;
Trevor;05:01:00;15:17:11;-1149.486,-1516.726,-1516.726;;;;
Trevor;05:01:00;15:17:12;-1149.486,-1516.726,-1516.726;;;;
Trevor;05:01:01;15:17:12;-1149.486,-1516.726,-1516.726;;;;
Trevor;05:01:01;15:17:13;-1149.486,-1516.726,-1516.726;;;;
Trevor;05:01:02;15:17:14;-1149.486,-1516.726,-1516.726;;I'll need you to bring along that kid you been hanging with, Franklin.;TREVOR;DHF_ADAD
Trevor;05:01:02;15:17:14;-1149.486,-1516.726,-1516.726;;;;
Trevor;05:01:03;15:17:15;-1149.486,-1516.726,-1516.726;;;;
Trevor;05:01:03;15:17:15;-1149.486,-1516.726,-1516.726;;;;
Trevor;05:01:04;15:17:16;-1149.486,-1516.726,-1516.726;;;;
Trevor;05:01:04;15:17:16;-1149.486,-1516.726,-1516.726;;;;
Trevor;05:01:05;15:17:17;-1149.486,-1516.726,-1516.726;;;;
Trevor;05:01:05;15:17:17;-1149.486,-1516.726,-1516.726;;Oh, yeah, and how's your flying? You might need to take a few classes at flight school.;TREVOR;DHF_AZAA
Trevor;05:01:06;15:17:18;-1149.486,-1516.726,-1516.726;;;;
Trevor;05:01:06;15:17:18;-1149.486,-1516.726,-1516.726;;;;
Trevor;05:01:07;15:17:19;-1149.486,-1516.726,-1516.726;;;;
Trevor;05:01:07;15:17:19;-1149.486,-1516.726,-1516.726;;;;
Trevor;05:01:08;15:17:20;-1149.486,-1516.726,-1516.726;;;;
Trevor;05:01:08;15:17:20;-1149.486,-1516.726,-1516.726;;;;
Trevor;05:01:09;15:17:21;-1149.486,-1516.726,-1516.726;;;;
Trevor;05:01:09;15:17:21;-1149.486,-1516.726,-1516.726;;;;
Trevor;05:01:10;15:17:22;-1149.486,-1516.726,-1516.726;;;;
Trevor;05:01:10;15:17:22;-1149.486,-1516.726,-1516.726;;;;
Trevor;05:01:11;15:17:23;-1149.486,-1516.726,-1516.726;;Why would I need to do that?;MICHAEL;DHF_AZAB
Trevor;05:01:12;15:17:23;-1149.486,-1516.726,-1516.726;;;;
Trevor;05:01:12;15:17:24;-1149.486,-1516.726,-1516.726;;;;
Trevor;05:01:13;15:17:24;-1149.486,-1516.726,-1516.726;;Trust me, you'll regret it if you don't. Gonna be just like old times, pal.;TREVOR;DHF_AZAE
Trevor;05:01:13;15:17:25;-1149.486,-1516.726,-1516.726;;;;
Trevor;05:01:14;15:17:25;-1149.486,-1516.726,-1516.726;;;;
Trevor;05:01:14;15:17:26;-1149.486,-1516.726,-1516.726;;;;
Trevor;05:01:15;15:17:27;-1149.486,-1516.726,-1516.726;;;;
Trevor;05:01:15;15:17:27;-1149.486,-1516.726,-1516.726;;;;
Trevor;05:01:16;15:17:28;-1149.486,-1516.726,-1516.726;;;;
Trevor;05:01:16;15:17:28;-1149.486,-1516.726,-1516.726;;;;
Trevor;05:01:17;15:17:29;-1149.486,-1516.726,-1516.726;;;;
Trevor;05:01:17;15:17:29;-1149.486,-1516.726,-1516.726;;;;
Trevor;05:01:18;15:17:30;-1149.486,-1516.726,-1516.726;;;;
Trevor;05:01:18;15:17:30;-1149.486,-1516.726,-1516.726;;;;
Trevor;05:01:19;15:17:31;-1149.486,-1516.726,-1516.726;;;;
Trevor;05:01:19;15:17:31;-1149.486,-1516.726,-1516.726;;;;
Trevor;05:01:20;15:17:32;-1149.486,-1516.726,-1516.726;;;;
Trevor;05:01:20;15:17:32;-1149.486,-1516.726,-1516.726;;;;
Trevor;05:01:21;15:17:33;-1149.486,-1516.726,-1516.726;;;;
Trevor;05:01:21;15:17:33;-1149.486,-1516.726,-1516.726;;;;
Trevor;05:01:22;15:17:34;-1149.486,-1516.726,-1516.726;;;;
Trevor;05:01:22;15:17:34;-1149.486,-1516.726,-1516.726;;;;
Trevor;05:01:23;15:17:35;-1149.486,-1516.726,-1516.726;;You're getting wet, Floyd. Take your pants off.;WADE;FMT_BUAA
Trevor;05:01:23;15:17:35;-1149.486,-1516.726,-1516.726;;;;
Trevor;05:01:24;15:17:36;-1149.486,-1516.726,-1516.726;;;;
Trevor;05:01:24;15:17:36;-1149.486,-1516.726,-1516.726;;;;
Trevor;05:01:25;15:17:37;-1149.486,-1516.726,-1516.726;;;;
Trevor;05:01:26;15:17:37;-1149.486,-1516.726,-1516.726;;;;
Trevor;05:01:26;15:17:38;-1149.486,-1516.726,-1516.726;;;;
Trevor;05:01:27;15:17:38;-1149.486,-1516.726,-1516.726;;;;
Trevor;05:01:27;15:17:39;-1149.486,-1516.726,-1516.726;;;;
Trevor;05:01:28;15:17:39;-1149.486,-1516.726,-1516.726;;;;
Trevor;05:01:28;15:17:40;-1149.486,-1516.726,-1516.726;;;;
Trevor;05:01:29;15:17:40;-1149.485,-1516.727,-1516.727;;;;
Trevor;05:01:29;15:17:41;-1148.986,-1516.572,-1516.572;;;;
Trevor;05:01:30;15:17:42;-1147.274,-1516.254,-1516.254;;;;
Trevor;05:01:30;15:17:42;-1145.457,-1515.012,-1515.012;;;;
Trevor;05:01:31;15:17:43;-1145.457,-1515.012,-1515.012;;;;
Trevor;05:01:31;15:17:43;-1145.457,-1515.013,-1515.013;;;;
Trevor;05:01:31;15:17:44;-1145.458,-1515.013,-1515.013;;;;
Trevor;05:01:32;15:17:44;-1145.458,-1515.015,-1515.015;;;;
Trevor;05:01:33;15:17:45;-1145.458,-1515.016,-1515.016;;;;
Trevor;05:01:33;15:17:45;-1145.459,-1515.018,-1515.018;;;;
Trevor;05:01:34;15:17:46;-1145.459,-1515.02,-1515.02;;Mucky nose. Naughty.;TREVOR;SH_RJ_AFAA
Trevor;05:01:34;15:17:46;-1145.46,-1515.023,-1515.023;;;;
Trevor;05:01:35;15:17:47;-1145.461,-1515.025,-1515.025;;;;
Trevor;05:01:35;15:17:47;-1145.461,-1515.028,-1515.028;;;;
Trevor;05:01:36;15:17:48;-1145.462,-1515.03,-1515.03;;;;
Trevor;05:01:37;15:17:48;-1145.463,-1515.033,-1515.033;;;;
Trevor;05:01:37;15:17:49;-1145.464,-1515.036,-1515.036;;;;
Trevor;05:01:38;15:17:49;-1145.464,-1515.039,-1515.039;;;;
Trevor;05:01:38;15:17:50;-1145.465,-1515.041,-1515.041;;;;
Trevor;05:01:39;15:17:50;-1145.466,-1515.044,-1515.044;;;;
Trevor;05:01:39;15:17:51;-1145.466,-1515.046,-1515.046;;;;
Trevor;05:01:40;15:17:51;-1145.467,-1515.049,-1515.049;;;;
Trevor;05:01:40;15:17:52;-1145.467,-1515.051,-1515.051;;;;
Trevor;05:01:41;15:17:53;-1145.468,-1515.052,-1515.052;;;;
Trevor;05:01:41;15:17:53;-1145.468,-1515.052,-1515.052;;Do my naughty bits, cousin.;WADE;FMT_BUAA
Trevor;05:01:42;15:17:54;-1145.465,-1515.041,-1515.041;;;;
Trevor;05:01:42;15:17:54;-1145.461,-1515.025,-1515.025;;;;
Trevor;05:01:43;15:17:55;-1145.458,-1515.014,-1515.014;;;;
Trevor;05:01:43;15:17:55;-1145.457,-1515.012,-1515.012;;;;
Trevor;05:01:44;15:17:56;-1145.457,-1515.012,-1515.012;;;;
Trevor;05:01:44;15:17:56;-1145.457,-1515.012,-1515.012;;;;
Trevor;05:01:45;15:17:57;-1145.457,-1515.012,-1515.012;;;;
Trevor;05:01:45;15:17:57;-1145.457,-1515.012,-1515.012;;;;
Trevor;05:01:46;15:17:58;-1145.457,-1515.012,-1515.012;;;;
Trevor;05:01:46;15:17:58;-1145.425,-1515.179,-1515.179;;;;
Trevor;05:01:47;15:17:59;-1146.256,-1515.669,-1515.669;;;;
Trevor;05:01:47;15:17:59;-1147.443,-1516.462,-1516.462;;;;
Trevor;05:01:48;15:18:00;-1147.555,-1516.548,-1516.548;;;;
Trevor;05:01:48;15:18:00;-1147.535,-1516.559,-1516.559;;;;
Trevor;05:01:49;15:18:01;-1147.591,-1516.476,-1516.476;;;;
Trevor;05:01:49;15:18:01;-1148.672,-1516.19,-1516.19;;;;
Trevor;05:01:50;15:18:02;-1149.997,-1516.65,-1516.65;;;;
Trevor;05:01:51;15:18:02;-1151.704,-1516.089,-1516.089;;;;
Trevor;05:01:51;15:18:03;-1150.621,-1515.282,-1515.282;;;;
Trevor;05:01:52;15:18:03;-1149.282,-1514.55,-1514.55;;;;
Trevor;05:01:52;15:18:04;-1148.042,-1513.775,-1513.775;;;;
Trevor;05:01:53;15:18:04;-1147.374,-1513.31,-1513.31;;;;
Trevor;05:01:53;15:18:05;-1147.332,-1513.281,-1513.281;;;;
Trevor;05:01:54;15:18:06;-1146.727,-1512.315,-1512.315;;;;
Trevor;05:01:54;15:18:06;-1147.021,-1511.977,-1511.977;;;;
Trevor;05:01:55;15:18:07;-1147.355,-1511.854,-1511.854;;;;
Trevor;05:01:55;15:18:07;-1147.83,-1511.974,-1511.974;;;;
Trevor;05:01:56;15:18:08;-1148.143,-1512.086,-1512.086;;;;
Trevor;05:01:56;15:18:08;-1148.156,-1512.092,-1512.092;;;;
Trevor;05:01:57;15:18:09;-1148.156,-1512.092,-1512.092;;;;
Trevor;05:01:57;15:18:09;-1148.156,-1512.092,-1512.092;;;;
Trevor;05:01:58;15:18:10;-1148.156,-1512.092,-1512.092;;;;
Trevor;05:01:58;15:18:10;-1148.156,-1512.092,-1512.092;;;;
Trevor;05:01:59;15:18:11;-1148.156,-1512.092,-1512.092;;;;
Trevor;05:01:59;15:18:11;-1148.156,-1512.092,-1512.092;;;;
Trevor;05:02:00;15:18:12;-1148.156,-1512.092,-1512.092;;;;
Trevor;05:02:00;15:18:12;-1148.156,-1512.092,-1512.092;;;;
Trevor;05:02:01;15:18:13;-1148.156,-1512.092,-1512.092;;;;
Trevor;17:02:01;15:18:18;-1148.156,-1512.092,-1512.092;;;;
Trevor;17:02:07;15:18:19;-1148.156,-1512.092,-1512.092;;;;
Trevor;17:02:08;15:18:19;-1148.156,-1512.092,-1512.092;;;;
Trevor;17:02:08;15:18:20;-1148.011,-1512.032,-1512.032;;;;
Trevor;17:02:09;15:18:21;-1147.505,-1511.872,-1511.872;;;;
Trevor;17:02:09;15:18:21;-1147.107,-1511.937,-1511.937;;;;
Trevor;17:02:10;15:18:22;-1146.838,-1512.166,-1512.166;;;;
Trevor;17:02:10;15:18:22;-1146.683,-1512.377,-1512.377;;;;
Trevor;17:02:11;15:18:23;-1146.66,-1512.408,-1512.408;;;;
Trevor;17:02:11;15:18:23;-1146.66,-1512.408,-1512.408;;;;
Trevor;17:02:12;15:18:24;-1146.66,-1512.408,-1512.408;;;;
Trevor;17:02:12;15:18:24;-1146.66,-1512.408,-1512.408;;;;
Trevor;17:02:13;15:18:25;-1146.66,-1512.408,-1512.408;;;;
Trevor;17:02:13;15:18:25;-1146.66,-1512.408,-1512.408;;;;
Trevor;17:02:14;15:18:26;-1146.66,-1512.408,-1512.408;;;;
Trevor;17:02:14;15:18:26;-1146.66,-1512.408,-1512.408;;;;
Trevor;17:02:15;15:18:27;-1146.66,-1512.408,-1512.408;;;;
Trevor;17:02:15;15:18:27;-1146.66,-1512.408,-1512.408;;;;
Trevor;17:02:16;15:18:28;-1146.66,-1512.408,-1512.408;;;;
Trevor;17:02:16;15:18:28;-1146.66,-1512.408,-1512.408;;;;
Trevor;17:02:17;15:18:29;-1146.66,-1512.408,-1512.408;;;;
Trevor;17:02:17;15:18:29;-1146.66,-1512.408,-1512.408;;;;
Trevor;17:02:18;15:18:30;-1146.66,-1512.408,-1512.408;;;;
Trevor;17:02:19;15:18:30;-1146.66,-1512.408,-1512.408;;;;
Trevor;17:02:19;15:18:31;-1146.66,-1512.408,-1512.408;;;;
Trevor;17:02:20;15:18:31;-1146.66,-1512.408,-1512.408;;;;
Trevor;17:02:20;15:18:32;-1146.66,-1512.408,-1512.408;;;;
Trevor;17:02:21;15:18:32;-1146.66,-1512.408,-1512.408;;;;
Trevor;17:02:21;15:18:33;-1146.66,-1512.408,-1512.408;;;;
Trevor;17:02:22;15:18:33;-1146.66,-1512.408,-1512.408;;;;
Trevor;17:02:22;15:18:34;-1146.66,-1512.408,-1512.408;;;;
Trevor;17:02:23;15:18:35;-1146.66,-1512.408,-1512.408;;;;
Trevor;17:02:23;15:18:35;-1146.66,-1512.408,-1512.408;;;;
Trevor;17:02:24;15:18:36;-1146.66,-1512.408,-1512.408;;;;
???;17:02:24;15:18:36;0,0,0;;;;
???;17:02:25;15:18:37;0,0,0;;;;
???;17:02:25;15:18:37;0,0,0;;;;
???;17:02:26;15:18:38;0,0,0;;;;
???;17:02:26;15:18:38;0,0,0;;;;
???;17:02:27;15:18:39;0,0,0;;What are ya, a park ranger or something? Because to me you look like some kind of puckered up asshole.;Michael;PRS_BYAA
???;17:02:27;15:18:39;0,0,0;;;;
???;17:02:28;15:18:40;0,0,0;;;;
???;17:02:28;15:18:40;0,0,0;;;;
???;17:02:29;15:18:41;0,0,0;;;;
???;17:02:29;15:18:41;0,0,0;;;;
???;17:02:30;15:18:42;0,0,0;;;;
???;17:02:30;15:18:42;0,0,0;;;;
???;17:02:31;15:18:43;0,0,0;;;;
???;17:02:32;15:18:43;0,0,0;;;;
???;17:02:32;15:18:44;0,0,0;;;;
???;17:02:33;15:18:44;0,0,0;;;;
???;17:02:33;15:18:45;0,0,0;;;;
???;17:02:34;15:18:45;0,0,0;;;;
???;17:02:34;15:18:46;0,0,0;;;;
???;17:02:35;15:18:46;0,0,0;;;;
???;17:02:35;15:18:47;0,0,0;;;;
char;time_ingame;time_rw;pos;vehicle;subtitles_text;speaker;soundfile
Michael;17:02:39;15:18:51;260.98,1117.81,1117.81;;;;
Michael;17:02:40;15:18:52;260.98,1117.81,1117.81;;;;
Michael;17:02:40;15:18:52;260.98,1117.81,1117.81;;;;
Michael;17:02:41;15:18:53;260.98,1117.81,1117.81;;;;
Michael;17:02:41;15:18:53;260.9806,1117.81,1117.81;;;;
Michael;17:02:42;15:18:54;261.1185,1118.27,1118.27;;;;
Michael;17:02:42;15:18:54;261.8282,1118.79,1118.79;;;;
Michael;17:02:43;15:18:55;262.6828,1119.106,1119.106;;;;
Michael;17:02:43;15:18:55;263.5562,1119.24,1119.24;;;;
Michael;17:02:44;15:18:56;264.4496,1119.285,1119.285;;;;
Michael;17:02:44;15:18:56;265.333,1119.26,1119.26;;;;
Michael;17:02:45;15:18:57;266.2149,1119.418,1119.418;;;;
Michael;17:02:46;15:18:57;267.1755,1119.465,1119.465;;;;
Michael;17:02:46;15:18:58;269.1059,1118.864,1118.864;;;;
Michael;17:02:47;15:18:58;270.8667,1118.93,1118.93;;;;
Michael;17:02:47;15:18:59;270.5073,1119.73,1119.73;;;;
Michael;17:02:48;15:18:59;271.4353,1119.672,1119.672;;;;
Michael;17:02:48;15:19:00;271.8809,1119.816,1119.816;True,Sedans,TAILGATE,0,0;;;
Michael;17:02:49;15:19:01;271.8809,1119.816,1119.816;True,Sedans,TAILGATE,0,0;;;
Michael;17:02:49;15:19:01;271.8809,1119.816,1119.816;True,Sedans,TAILGATE,0,0;;;
Michael;17:02:50;15:19:09;271.8809,1119.816,1119.816;True,Sedans,TAILGATE,0,0;;;
Michael;17:02:58;15:19:10;271.8809,1119.816,1119.816;True,Sedans,TAILGATE,0,0;;;
Michael;17:02:58;15:19:10;272.0222,1119.469,1119.469;True,Sedans,TAILGATE,2,049576,1;;;
Michael;17:02:59;15:19:11;272.9057,1117.385,1117.385;True,Sedans,TAILGATE,6,756299,1;;;
Michael;17:02:59;15:19:11;275.0892,1113.242,1113.242;True,Sedans,TAILGATE,11,09537,1;;;
Michael;17:03:00;15:19:12;278.5726,1108.261,1108.261;True,Sedans,TAILGATE,12,2856,1;;;
Michael;17:03:00;15:19:12;282.6748,1102.545,1102.545;True,Sedans,TAILGATE,14,81769,1;;;
Michael;17:03:01;15:19:13;286.9881,1095.536,1095.536;True,Sedans,TAILGATE,17,02413,1;;;
Michael;17:03:01;15:19:13;291.2959,1087.028,1087.028;True,Sedans,TAILGATE,19,33851,1;;;
Michael;17:03:02;15:19:14;296.6242,1077.724,1077.724;True,Sedans,TAILGATE,21,45743,1;;;
Michael;17:03:02;15:19:14;300.2482,1066.738,1066.738;True,Sedans,TAILGATE,23,31057,1;;;
Michael;17:03:03;15:19:15;303.1712,1055.274,1055.274;True,Sedans,TAILGATE,22,23973,0;;;
Michael;17:03:03;15:19:15;305.9832,1044.446,1044.446;True,Sedans,TAILGATE,20,54248,0;;;
Michael;17:03:04;15:19:16;307.3235,1034.169,1034.169;True,Sedans,TAILGATE,18,94668,0;;;
Michael;17:03:05;15:19:16;307.6517,1024.732,1024.732;True,Sedans,TAILGATE,17,25935,0;;;
Michael;17:03:05;15:19:17;307.7758,1016.179,1016.179;True,Sedans,TAILGATE,15,81152,1;;;
Michael;17:03:06;15:19:17;307.9363,1007.364,1007.364;True,Sedans,TAILGATE,18,17394,1;;;
Michael;17:03:06;15:19:18;309.935,998.6693,998.6693;True,Sedans,TAILGATE,16,33295,1;;;
Michael;17:03:07;15:19:18;312.0993,990.2207,990.2207;True,Sedans,TAILGATE,17,33013,0;;;
Michael;17:03:07;15:19:19;312.7847,981.3992,981.3992;True,Sedans,TAILGATE,16,84819,1;;;
Michael;17:03:08;15:19:20;313.052,972.1884,972.1884;True,Sedans,TAILGATE,18,50006,1;;;
Michael;17:03:08;15:19:20;312.0645,961.3392,961.3392;True,Sedans,TAILGATE,22,78715,1;;;
Michael;17:03:09;15:19:21;311.5435,949.0622,949.0622;True,Sedans,TAILGATE,24,33967,0;;;
Michael;17:03:09;15:19:21;309.5144,937.1555,937.1555;True,Sedans,TAILGATE,22,68171,0;;;
Michael;17:03:10;15:19:22;306.512,926.0263,926.0263;True,Sedans,TAILGATE,22,00475,0;;;
Michael;17:03:10;15:19:22;304.3789,914.7974,914.7974;True,Sedans,TAILGATE,21,62761,0;;;
Michael;17:03:11;15:19:23;301.187,904.3873,904.3873;True,Sedans,TAILGATE,21,41587,1;;;
Michael;17:03:11;15:19:23;297.7986,893.5146,893.5146;True,Sedans,TAILGATE,22,73928,1;;;
Michael;17:03:12;15:19:24;293.3387,882.8207,882.8207;True,Sedans,TAILGATE,21,97343,0;;;
Michael;17:03:12;15:19:24;290.0891,872.1208,872.1208;True,Sedans,TAILGATE,20,79909,0;;;
Michael;17:03:13;15:19:25;287.125,861.451,861.451;True,Sedans,TAILGATE,21,71651,0;;;
Michael;17:03:13;15:19:25;284.8893,853.5393,853.5393;True,Sedans,TAILGATE,9,659583,0;;;
Michael;17:03:14;15:19:26;284.2794,850.5337,850.5337;True,Sedans,TAILGATE,5,516196,1;;;
Michael;17:03:14;15:19:26;283.5828,846.6279,846.6279;True,Sedans,TAILGATE,9,646096,1;;;
Michael;17:03:15;15:19:27;282.5684,840.9482,840.9482;True,Sedans,TAILGATE,11,3115,0;;;
Michael;17:03:15;15:19:27;282.2479,834.6342,834.6342;True,Sedans,TAILGATE,13,30137,1;;;
Michael;17:03:16;15:19:28;280.585,827.3383,827.3383;True,Sedans,TAILGATE,15,19137,1;;;
Michael;17:03:17;15:19:28;278.9771,819.8883,819.8883;True,Sedans,TAILGATE,14,13505,0;;;
Michael;17:03:17;15:19:29;279.2937,813.0282,813.0282;True,Sedans,TAILGATE,12,90311,0;;;
Michael;17:03:18;15:19:29;280.6844,806.0244,806.0244;True,Sedans,TAILGATE,14,34656,0;;;
Michael;17:03:18;15:19:30;282.5263,799.1618,799.1618;True,Sedans,TAILGATE,13,35062,0;;;
Michael;17:03:19;15:19:30;283.4962,792.6836,792.6836;True,Sedans,TAILGATE,11,98099,0;;;
Michael;17:03:19;15:19:31;284.2672,787.4998,787.4998;True,Sedans,TAILGATE,8,010318,0;;;
Michael;17:03:20;15:19:32;284.9452,783.9303,783.9303;True,Sedans,TAILGATE,6,409306,0;;;
Michael;17:03:20;15:19:32;285.6103,780.6942,780.6942;True,Sedans,TAILGATE,5,927684,0;;;
Michael;17:03:21;15:19:33;286.2954,777.7324,777.7324;True,Sedans,TAILGATE,6,594807,1;;;
Michael;17:03:21;15:19:33;286.7319,773.3917,773.3917;True,Sedans,TAILGATE,8,885196,0;;;
Michael;17:03:22;15:19:34;288.0071,769.3164,769.3164;True,Sedans,TAILGATE,7,519103,0;;;
Michael;17:03:22;15:19:34;288.4927,766.5447,766.5447;True,Sedans,TAILGATE,4,378173,0;;;
Michael;17:03:23;15:19:35;288.787,764.4444,764.4444;True,Sedans,TAILGATE,4,817902,1;;;
Michael;17:03:23;15:19:35;288.6295,761.3489,761.3489;True,Sedans,TAILGATE,5,849587,0;;;
Michael;17:03:24;15:19:36;288.9415,758.8042,758.8042;True,Sedans,TAILGATE,5,289599,1;;;
Michael;17:03:24;15:19:36;290.1459,755.2704,755.2704;True,Sedans,TAILGATE,8,747453,1;;;
Michael;17:03:25;15:19:37;291.3342,749.8201,749.8201;True,Sedans,TAILGATE,11,43307,0;;;
Michael;17:03:25;15:19:37;292.4423,743.6751,743.6751;True,Sedans,TAILGATE,11,97339,0;;;
Michael;17:03:26;15:19:38;294.0358,737.7606,737.7606;True,Sedans,TAILGATE,13,00683,1;;;
Michael;17:03:26;15:19:38;295.9928,730.5235,730.5235;True,Sedans,TAILGATE,15,95305,1;;;
Michael;17:03:27;15:19:39;296.3861,721.6884,721.6884;True,Sedans,TAILGATE,17,98923,0;;;
Michael;17:03:28;15:19:39;295.4954,712.907,712.907;True,Sedans,TAILGATE,17,17221,0;;;
Michael;17:03:28;15:19:40;295.2511,704.4803,704.4803;True,Sedans,TAILGATE,16,21141,0;;;
Michael;17:03:29;15:19:40;293.5311,696.6169,696.6169;True,Sedans,TAILGATE,16,40453,1;;;
Michael;17:03:29;15:19:41;291.2754,687.7897,687.7897;True,Sedans,TAILGATE,19,41543,1;;;
Michael;17:03:30;15:19:41;288.0504,677.7751,677.7751;True,Sedans,TAILGATE,22,18009,1;;;
Michael;17:03:30;15:19:42;284.2386,666.6547,666.6547;True,Sedans,TAILGATE,23,277,0;;;
Michael;17:03:31;15:19:43;280.9716,655.4844,655.4844;True,Sedans,TAILGATE,22,33409,0;;;
Michael;17:03:31;15:19:43;277.1161,645.0232,645.0232;True,Sedans,TAILGATE,21,43645,0;;;
Michael;17:03:32;15:19:44;274.5831,634.7031,634.7031;True,Sedans,TAILGATE,20,24847,0;;;
Michael;17:03:32;15:19:44;272.25,625.0046,625.0046;True,Sedans,TAILGATE,18,87221,0;;;
Michael;17:03:33;15:19:45;270.1744,615.8824,615.8824;True,Sedans,TAILGATE,17,08508,0;;;
Michael;17:03:33;15:19:45;269.4867,607.3881,607.3881;True,Sedans,TAILGATE,16,56421,1;;;
Michael;17:03:34;15:19:46;268.9813,597.868,597.868;True,Sedans,TAILGATE,20,4262,1;;;
Michael;17:03:34;15:19:46;268.443,586.6226,586.6226;True,Sedans,TAILGATE,22,86165,0;;;
Michael;17:03:35;15:19:47;267.8856,575.3064,575.3064;True,Sedans,TAILGATE,21,93639,0;;;
Michael;17:03:35;15:19:47;267.2766,563.998,563.998;True,Sedans,TAILGATE,23,03405,1;;;
Michael;17:03:36;15:19:48;266.5981,552.4615,552.4615;True,Sedans,TAILGATE,22,36182,1;;;
Michael;17:03:36;15:19:48;265.0841,541.106,541.106;True,Sedans,TAILGATE,21,4438,0;;;
Michael;17:03:37;15:19:49;260.3647,531.4384,531.4384;True,Sedans,TAILGATE,19,76751,0;;;
Michael;17:03:37;15:19:49;255.3906,522.8731,522.8731;True,Sedans,TAILGATE,19,24573,0;;;
Michael;17:03:38;15:19:50;250.8168,514.6147,514.6147;True,Sedans,TAILGATE,18,77364,0;;;
Michael;17:03:38;15:19:50;246.2288,506.4309,506.4309;True,Sedans,TAILGATE,18,30235,0;;;
Michael;17:03:39;15:19:51;241.7574,497.6551,497.6551;True,Sedans,TAILGATE,18,96166,0;;;
Michael;17:03:40;15:19:51;239.8662,488.4977,488.4977;True,Sedans,TAILGATE,17,74691,0;;;
Michael;17:03:40;15:19:52;238.6634,479.6536,479.6536;True,Sedans,TAILGATE,16,64754,0;;;
Michael;17:03:41;15:19:52;237.6152,471.4876,471.4876;True,Sedans,TAILGATE,15,50462,0;;;
Michael;17:03:41;15:19:53;237.1423,464.6226,464.6226;True,Sedans,TAILGATE,11,18556,0;;;
Michael;17:03:42;15:19:53;236.6411,458.8268,458.8268;True,Sedans,TAILGATE,11,64514,0;;;
Michael;17:03:42;15:19:54;234.8145,452.8704,452.8704;True,Sedans,TAILGATE,13,41009,1;;;
Michael;17:03:43;15:19:55;231.5208,446.6191,446.6191;True,Sedans,TAILGATE,13,2736,0;;;
Michael;17:03:43;15:19:55;226.7415,442.2251,442.2251;True,Sedans,TAILGATE,12,94539,1;;;
Michael;17:03:44;15:19:56;220.0117,439.1513,439.1513;True,Sedans,TAILGATE,15,19179,1;;;
Michael;17:03:44;15:19:56;212.183,435.6683,435.6683;True,Sedans,TAILGATE,17,546,1;;;
Michael;17:03:45;15:19:57;202.9412,432.9891,432.9891;True,Sedans,TAILGATE,19,53236,1;;;
Michael;17:03:45;15:19:57;192.3552,431.046,431.046;True,Sedans,TAILGATE,21,27508,1;;;
Michael;17:03:46;15:19:58;181.043,428.6692,428.6692;True,Sedans,TAILGATE,22,25272,0;;;
Michael;17:03:46;15:19:58;170.2263,425.302,425.302;True,Sedans,TAILGATE,21,41133,1;;;
Michael;17:03:47;15:19:59;159.336,421.4631,421.4631;True,Sedans,TAILGATE,22,86047,1;;;
Michael;17:03:47;15:19:59;147.5918,417.8813,417.8813;True,Sedans,TAILGATE,23,97768,1;;;
Michael;17:03:48;15:20:00;136.2096,412.3894,412.3894;True,Sedans,TAILGATE,23,87765,1;;;
Michael;17:03:48;15:20:00;124.8711,406.3139,406.3139;True,Sedans,TAILGATE,25,44826,1;;;
Michael;17:03:49;15:20:01;113.5664,399.003,399.003;True,Sedans,TAILGATE,26,71624,1;;;
Michael;17:03:49;15:20:01;102.8127,390.9784,390.9784;True,Sedans,TAILGATE,25,14198,0;;;
Michael;17:03:50;15:20:02;94.09168,383.5147,383.5147;True,Sedans,TAILGATE,19,92964,0;;;
Michael;17:03:50;15:20:02;87.30266,376.5202,376.5202;True,Sedans,TAILGATE,18,0093,0;;;
Michael;17:03:51;15:20:03;81.58607,369.6547,369.6547;True,Sedans,TAILGATE,16,11863,0;;;
Michael;17:03:52;15:20:03;77.42863,365.0421,365.0421;True,Sedans,TAILGATE,10,42782,0;;;
Michael;17:03:52;15:20:04;74.71293,360.8628,360.8628;True,Sedans,TAILGATE,8,781808,0;;;
Michael;17:03:53;15:20:04;72.63717,357.2261,357.2261;True,Sedans,TAILGATE,7,289509,0;;;
Michael;17:03:53;15:20:05;70.9418,354.2315,354.2315;True,Sedans,TAILGATE,5,840048,0;;;
Michael;17:03:54;15:20:05;69.6256,351.9287,351.9287;True,Sedans,TAILGATE,4,402806,0;;;
Michael;17:03:54;15:20:06;68.66033,350.2553,350.2553;True,Sedans,TAILGATE,2,952245,0;;;
Michael;17:03:55;15:20:07;68.09211,349.2553,349.2553;True,Sedans,TAILGATE,1,548319,0;;;
Michael;17:03:59;15:20:11;67.99174,349.0413,349.0413;True,Sedans,TAILGATE,1,045681,0;;;
Michael;17:04:00;15:20:12;67.82059,348.7022,348.7022;True,Sedans,TAILGATE,1,305969,1;;;
Michael;17:04:00;15:20:12;67.00112,347.6099,347.6099;True,Sedans,TAILGATE,3,807763,1;;;
Michael;17:04:01;15:20:13;65.08678,345.167,345.167;True,Sedans,TAILGATE,8,204115,1;;;
Michael;17:04:01;15:20:13;62.32935,340.3327,340.3327;True,Sedans,TAILGATE,11,51394,0;;;
Michael;17:04:02;15:20:14;59.92335,334.9381,334.9381;True,Sedans,TAILGATE,11,62793,1;;;
Michael;17:04:02;15:20:14;57.08675,330.1045,330.1045;True,Sedans,TAILGATE,10,19166,0;;;
Michael;17:04:03;15:20:15;54.75272,325.8233,325.8233;True,Sedans,TAILGATE,8,554062,0;;;
Michael;17:04:03;15:20:15;52.97458,321.3698,321.3698;True,Sedans,TAILGATE,9,393638,0;;;
Michael;17:04:04;15:20:16;51.26363,315.9579,315.9579;True,Sedans,TAILGATE,11,48864,0;;;
Michael;17:04:04;15:20:16;49.0433,310.5294,310.5294;True,Sedans,TAILGATE,11,02903,0;;;
Michael;17:04:05;15:20:17;47.71365,305.1971,305.1971;True,Sedans,TAILGATE,11,24393,1;;;
Michael;17:04:05;15:20:17;45.54766,299.7192,299.7192;True,Sedans,TAILGATE,10,46905,0;;;
Michael;17:04:06;15:20:18;43.47978,294.6086,294.6086;True,Sedans,TAILGATE,11,65429,1;;;
Michael;17:04:06;15:20:18;39.8591,289.0093,289.0093;True,Sedans,TAILGATE,14,07682,1;;;
Michael;17:04:07;15:20:19;35.0783,283.5159,283.5159;True,Sedans,TAILGATE,12,99337,0;;;
Michael;17:04:08;15:20:19;33.22066,279.1657,279.1657;True,Sedans,TAILGATE,4,311428,0;;;
Michael;17:04:08;15:20:20;33.03442,278.3445,278.3445;True,Sedans,TAILGATE,1,706938,1;;;
Michael;17:04:09;15:20:20;32.66259,276.7881,276.7881;True,Sedans,TAILGATE,4,438408,1;;;
Michael;17:04:09;15:20:21;31.69099,274.0893,274.0893;True,Sedans,TAILGATE,6,819949,1;;;
Michael;17:04:10;15:20:21;30.01735,270.5662,270.5662;True,Sedans,TAILGATE,8,649277,1;;;
Michael;17:04:10;15:20:22;25.62287,267.5777,267.5777;True,Sedans,TAILGATE,11,31591,1;;;
Michael;17:04:11;15:20:22;19.853,268.1274,268.1274;True,Sedans,TAILGATE,11,49934,1;;;
Michael;17:04:11;15:20:23;13.66673,269.4242,269.4242;True,Sedans,TAILGATE,13,0878,1;;;
Michael;17:04:12;15:20:24;6.242037,269.9999,269.9999;True,Sedans,TAILGATE,15,22628,1;;;
Michael;17:04:12;15:20:24;-2.200897,270.5497,270.5497;True,Sedans,TAILGATE,17,26128,1;;;
Michael;17:04:13;15:20:25;-11.74512,271.201,271.201;True,Sedans,TAILGATE,19,56077,1;;;
Michael;17:04:13;15:20:25;-22.34242,271.433,271.433;True,Sedans,TAILGATE,21,6234,1;;;
Michael;17:04:14;15:20:26;-34.22584,270.9344,270.9344;True,Sedans,TAILGATE,23,6154,1;;;
Michael;17:04:14;15:20:26;-46.4361,269.8271,269.8271;True,Sedans,TAILGATE,24,07766,1;;;
Michael;17:04:15;15:20:27;-59.28741,268.1771,268.1771;True,Sedans,TAILGATE,25,72787,1;;;
Michael;17:04:15;15:20:27;-73.09247,266.4707,266.4707;True,Sedans,TAILGATE,27,39966,1;;;
Michael;17:04:16;15:20:28;-87.38511,264.8101,264.8101;True,Sedans,TAILGATE,29,06389,1;;;
Michael;17:04:16;15:20:28;-102.7115,263.1512,263.1512;True,Sedans,TAILGATE,29,91065,0;;;
Michael;17:04:17;15:20:29;-117.5543,261.949,261.949;True,Sedans,TAILGATE,28,10825,0;;;
Michael;17:04:17;15:20:29;-131.7534,262.4052,262.4052;True,Sedans,TAILGATE,26,36213,0;;;
Michael;17:04:18;15:20:30;-144.8843,262.6465,262.6465;True,Sedans,TAILGATE,24,68298,0;;;
Michael;17:04:18;15:20:30;-157.2186,263.0113,263.0113;True,Sedans,TAILGATE,22,97433,0;;;
Michael;17:04:19;15:20:31;-168.6462,263.9192,263.9192;True,Sedans,TAILGATE,21,295,0;;;
Michael;17:04:19;15:20:31;-179.5293,264.8766,264.8766;True,Sedans,TAILGATE,21,40005,1;;;
Michael;17:04:20;15:20:32;-191.027,265.956,265.956;True,Sedans,TAILGATE,23,00576,1;;;
Michael;17:04:21;15:20:32;-203.1752,267.1727,267.1727;True,Sedans,TAILGATE,24,29142,1;;;
Michael;17:04:21;15:20:33;-215.2282,268.4125,268.4125;True,Sedans,TAILGATE,22,55804,0;;;
Michael;17:04:22;15:20:33;-226.5009,269.6324,269.6324;True,Sedans,TAILGATE,20,61197,0;;;
Michael;17:04:22;15:20:34;-236.6931,270.5833,270.5833;True,Sedans,TAILGATE,18,55383,0;;;
Michael;17:04:23;15:20:34;-246.504,270.618,270.618;True,Sedans,TAILGATE,19,0231,0;;;
Michael;17:04:23;15:20:35;-256.146,271.3046,271.3046;True,Sedans,TAILGATE,19,49873,1;;;
Michael;17:04:24;15:20:35;-267.1822,271.0257,271.0257;True,Sedans,TAILGATE,22,73822,1;;;
Michael;17:04:24;15:20:36;-279.1056,270.2157,270.2157;True,Sedans,TAILGATE,22,64999,1;;;
Michael;17:04:25;15:20:37;-290.7191,267.1411,267.1411;True,Sedans,TAILGATE,23,72508,1;;;
Michael;17:04:25;15:20:37;-302.7615,263.7786,263.7786;True,Sedans,TAILGATE,23,70804,0;;;
Michael;17:04:26;15:20:38;-314.7593,260.3022,260.3022;True,Sedans,TAILGATE,24,9483,1;;;
Michael;17:04:26;15:20:38;-326.4995,255.6582,255.6582;True,Sedans,TAILGATE,23,61881,0;;;
Michael;17:04:27;15:20:39;-338.5724,252.2121,252.2121;True,Sedans,TAILGATE,24,91287,1;;;
Michael;17:04:27;15:20:39;-351.5758,250.3451,250.3451;True,Sedans,TAILGATE,25,97168,0;;;
Michael;17:04:28;15:20:40;-364.347,250.0074,250.0074;True,Sedans,TAILGATE,24,0036,0;;;
Michael;17:04:28;15:20:40;-376.295,249.4225,249.4225;True,Sedans,TAILGATE,22,06404,0;;;
Michael;17:04:29;15:20:41;-387.1266,248.5678,248.5678;True,Sedans,TAILGATE,20,06823,0;;;
Michael;17:04:29;15:20:41;-396.8269,248.3748,248.3748;True,Sedans,TAILGATE,17,45137,0;;;
Michael;17:04:30;15:20:42;-404.8021,249.6001,249.6001;True,Sedans,TAILGATE,14,40282,0;;;
Michael;17:04:30;15:20:42;-411.1957,251.1472,251.1472;True,Sedans,TAILGATE,11,5495,0;;;
Michael;17:04:31;15:20:43;-416.4137,251.7146,251.7146;True,Sedans,TAILGATE,9,072434,0;;;
Michael;17:04:31;15:20:43;-420.5675,251.9155,251.9155;True,Sedans,TAILGATE,7,77771,0;;;
Michael;17:04:32;15:20:44;-424.3431,252.468,252.468;True,Sedans,TAILGATE,6,593349,0;;;
Michael;17:04:32;15:20:44;-427.4207,253.0207,253.0207;True,Sedans,TAILGATE,6,095611,1;;;
Michael;17:04:33;15:20:45;-431.0483,253.4659,253.4659;True,Sedans,TAILGATE,6,368921,0;;;
Michael;17:04:33;15:20:45;-433.9028,253.9221,253.9221;True,Sedans,TAILGATE,5,278759,1;;;
Michael;17:04:34;15:20:46;-436.722,255.3564,255.3564;True,Sedans,TAILGATE,7,134601,1;;;
Michael;17:04:35;15:20:46;-441.4254,255.9156,255.9156;True,Sedans,TAILGATE,11,28419,1;;;
Michael;17:04:35;15:20:47;-447.4982,255.7597,255.7597;True,Sedans,TAILGATE,12,10113,1;;;
Michael;17:04:36;15:20:47;-454.3195,255.7221,255.7221;True,Sedans,TAILGATE,14,82468,1;;;
Michael;17:04:36;15:20:48;-462.7269,256.7614,256.7614;True,Sedans,TAILGATE,17,05615,1;;;
Michael;17:04:37;15:20:48;-471.1709,257.2352,257.2352;True,Sedans,TAILGATE,16,04109,1;;;
Michael;17:04:37;15:20:49;-479.956,258.2395,258.2395;True,Sedans,TAILGATE,17,76794,1;;;
Michael;17:04:38;15:20:50;-488.9415,259.1712,259.1712;True,Sedans,TAILGATE,16,50633,0;;;
Michael;17:04:38;15:20:50;-497.0932,259.8172,259.8172;True,Sedans,TAILGATE,14,58854,0;;;
Michael;17:04:39;15:20:51;-502.6163,260.5973,260.5973;True,Sedans,TAILGATE,9,14662,0;;;
Michael;17:04:39;15:20:51;-506.7231,261.256,261.256;True,Sedans,TAILGATE,6,126663,0;;;
Michael;17:04:40;15:20:52;-509.4795,261.6708,261.6708;True,Sedans,TAILGATE,4,451001,0;;;
Michael;17:04:40;15:20:52;-511.8078,262.0437,262.0437;True,Sedans,TAILGATE,5,682848,1;;;
Michael;17:04:41;15:20:53;-515.509,262.2029,262.2029;True,Sedans,TAILGATE,7,727424,0;;;
Michael;17:04:41;15:20:53;-519.0823,262.0709,262.0709;True,Sedans,TAILGATE,6,00262,0;;;
Michael;17:04:42;15:20:54;-521.9083,262.8413,262.8413;True,Sedans,TAILGATE,6,70564,1;;;
Michael;17:04:42;15:20:54;-525.744,263.5941,263.5941;True,Sedans,TAILGATE,8,561517,1;;;
Michael;17:04:43;15:20:55;-531.1844,262.9207,262.9207;True,Sedans,TAILGATE,11,62388,0;;;
Michael;17:04:43;15:20:55;-537.0994,262.8583,262.8583;True,Sedans,TAILGATE,12,29729,1;;;
Michael;17:04:44;15:20:56;-544.0148,263.4618,263.4618;True,Sedans,TAILGATE,14,32974,1;;;
Michael;17:04:44;15:20:56;-551.786,265.2589,265.2589;True,Sedans,TAILGATE,16,49523,1;;;
Michael;17:04:45;15:20:57;-560.4987,266.6966,266.6966;True,Sedans,TAILGATE,18,20127,1;;;
Michael;17:04:45;15:20:57;-569.9094,267.7421,267.7421;True,Sedans,TAILGATE,17,77981,0;;;
Michael;17:04:46;15:20:58;-578.5945,268.6787,268.6787;True,Sedans,TAILGATE,15,88215,0;;;
Michael;17:04:47;15:20:58;-586.409,269.0928,269.0928;True,Sedans,TAILGATE,14,6145,1;;;
Michael;17:04:47;15:20:59;-594.0137,269.4736,269.4736;True,Sedans,TAILGATE,14,12267,0;;;
Michael;17:04:48;15:20:59;-600.55,270.8497,270.8497;True,Sedans,TAILGATE,9,554571,0;;;
Michael;17:04:48;15:21:00;-605.0285,271.0554,271.0554;True,Sedans,TAILGATE,9,118161,1;;;
Michael;17:04:49;15:21:00;-610.655,270.5529,270.5529;True,Sedans,TAILGATE,11,52694,0;;;
Michael;17:04:49;15:21:01;-616.6899,270.3126,270.3126;True,Sedans,TAILGATE,12,62418,1;;;
Michael;17:04:50;15:21:01;-623.4275,269.0722,269.0722;True,Sedans,TAILGATE,14,07756,1;;;
Michael;17:04:50;15:21:02;-630.4352,267.7036,267.7036;True,Sedans,TAILGATE,12,97612,0;;;
Michael;17:04:51;15:21:03;-636.0239,267.7271,267.7271;True,Sedans,TAILGATE,6,547831,0;;;
Michael;17:04:51;15:21:03;-637.2023,267.7088,267.7088;True,Sedans,TAILGATE,0,3878899,0;;;
Michael;17:04:52;15:21:04;-637.2301,267.7174,267.7174;True,Sedans,TAILGATE,0,0;;;
Michael;17:04:52;15:21:04;-637.2301,267.7174,267.7174;True,Sedans,TAILGATE,0,0;;;
Michael;17:04:53;15:21:05;-637.2301,267.7174,267.7174;True,Sedans,TAILGATE,0,0;;;
Michael;17:04:53;15:21:05;-637.2301,267.7174,267.7174;True,Sedans,TAILGATE,0,0;;;
Michael;17:04:54;15:21:06;-637.2301,267.7174,267.7174;True,Sedans,TAILGATE,0,0;;;
Michael;17:04:54;15:21:06;-637.2869,267.7084,267.7084;True,Sedans,TAILGATE,0,2478374,1;;;
Michael;17:04:55;15:21:07;-637.41,267.7081,267.7081;True,Sedans,TAILGATE,0,8753601,1;;;
Michael;17:04:55;15:21:07;-637.7911,267.7058,267.7058;True,Sedans,TAILGATE,0,05696641,0;;;
Michael;17:04:56;15:21:08;-637.7901,267.7058,267.7058;True,Sedans,TAILGATE,0,0;;;
Michael;17:04:56;15:21:08;-637.7901,267.7058,267.7058;True,Sedans,TAILGATE,0,0;;;
Michael;17:04:57;15:21:09;-637.7901,267.7058,267.7058;True,Sedans,TAILGATE,0,0;;;
Michael;17:04:57;15:21:09;-637.7901,267.7058,267.7058;True,Sedans,TAILGATE,0,0;;;
Michael;17:04:58;15:21:10;-637.7901,267.7058,267.7058;True,Sedans,TAILGATE,0,0;;;
Michael;17:04:58;15:21:10;-637.7901,267.7058,267.7058;True,Sedans,TAILGATE,0,0;;;
Michael;17:04:59;15:21:11;-637.7901,267.7058,267.7058;True,Sedans,TAILGATE,0,0;;;
Michael;17:04:59;15:21:11;-637.7901,267.7058,267.7058;True,Sedans,TAILGATE,0,0;;;
Michael;17:05:00;15:21:12;-637.7901,267.7058,267.7058;True,Sedans,TAILGATE,0,0;;;
Michael;17:05:01;15:21:12;-637.7901,267.7058,267.7058;True,Sedans,TAILGATE,0,0;;;
Michael;17:05:01;15:21:13;-637.7901,267.7058,267.7058;True,Sedans,TAILGATE,0,0;;;
Michael;17:05:02;15:21:13;-637.7901,267.7058,267.7058;True,Sedans,TAILGATE,0,0;;;
Michael;17:05:02;15:21:14;-637.7901,267.7058,267.7058;True,Sedans,TAILGATE,0,0;;;
Michael;17:05:03;15:21:14;-637.7901,267.7058,267.7058;True,Sedans,TAILGATE,0,0;;;
Michael;17:05:03;15:21:15;-637.7901,267.7058,267.7058;True,Sedans,TAILGATE,0,0;;;
Michael;17:05:04;15:21:15;-637.7901,267.7058,267.7058;True,Sedans,TAILGATE,0,0;;;
Michael;17:05:04;15:21:16;-637.7901,267.7058,267.7058;True,Sedans,TAILGATE,0,0;;;
Michael;17:05:05;15:21:17;-637.7901,267.7058,267.7058;True,Sedans,TAILGATE,0,0;;;
Michael;17:05:05;15:21:17;-637.7901,267.7058,267.7058;True,Sedans,TAILGATE,0,0;;;
Michael;17:05:06;15:21:18;-637.7949,267.7058,267.7058;True,Sedans,TAILGATE,0,112342,1;;;
Michael;17:05:06;15:21:18;-637.8165,267.7068,267.7068;True,Sedans,TAILGATE,0,001681678,0;;;
Michael;17:05:07;15:21:19;-637.8166,267.7109,267.7109;True,Sedans,TAILGATE,0,01455145,1;;;
Michael;17:05:07;15:21:19;-637.8166,267.7124,267.7124;True,Sedans,TAILGATE,0,003475931,1;;;
Michael;17:05:08;15:21:20;-637.8165,267.7116,267.7116;True,Sedans,TAILGATE,0,01473223,1;;;
Michael;17:05:08;15:21:20;-637.8165,267.7137,267.7137;True,Sedans,TAILGATE,0,003525628,1;;;
Michael;17:05:09;15:21:21;-637.8165,267.7117,267.7117;True,Sedans,TAILGATE,0,01786902,1;;;
Michael;17:05:09;15:21:21;-637.8165,267.7118,267.7118;True,Sedans,TAILGATE,0,002157276,1;;;
Michael;17:05:10;15:21:22;-637.8174,267.7091,267.7091;True,Sedans,TAILGATE,0,0184521,0;;;
Michael;17:05:10;15:21:22;-637.8174,267.706,267.706;True,Sedans,TAILGATE,0,0;;;
Michael;17:05:11;15:21:23;-637.8174,267.706,267.706;True,Sedans,TAILGATE,0,0;;;
Michael;17:05:11;15:21:23;-637.8174,267.706,267.706;True,Sedans,TAILGATE,0,0;;;
Michael;17:05:12;15:21:24;-637.8174,267.706,267.706;True,Sedans,TAILGATE,0,0;;;
Michael;17:05:12;15:21:24;-637.8174,267.706,267.706;True,Sedans,TAILGATE,0,0;;;
Michael;17:05:13;15:21:25;-637.8174,267.706,267.706;True,Sedans,TAILGATE,0,0;;;
Michael;17:05:13;15:21:25;-637.8174,267.706,267.706;True,Sedans,TAILGATE,0,0;;;
Michael;17:05:14;15:21:26;-637.8174,267.706,267.706;True,Sedans,TAILGATE,0,0;;;
Michael;17:05:15;15:21:26;-637.8174,267.706,267.706;True,Sedans,TAILGATE,0,0;;;
Michael;17:05:15;15:21:27;-637.8174,267.706,267.706;True,Sedans,TAILGATE,0,0;;;
Michael;17:05:16;15:21:27;-637.8174,267.706,267.706;True,Sedans,TAILGATE,0,0;;;
Michael;17:05:16;15:21:28;-637.8174,267.706,267.706;True,Sedans,TAILGATE,0,0;;;
Michael;17:05:17;15:21:28;-637.8174,267.706,267.706;True,Sedans,TAILGATE,0,0;;;
Michael;17:05:17;15:21:29;-637.8174,267.706,267.706;True,Sedans,TAILGATE,0,0;;;
Michael;17:05:18;15:21:29;-637.8174,267.706,267.706;True,Sedans,TAILGATE,0,0;;;
Michael;17:05:18;15:21:30;-637.8174,267.706,267.706;True,Sedans,TAILGATE,0,0;;;
Michael;17:05:19;15:21:31;-637.8174,267.706,267.706;True,Sedans,TAILGATE,0,0;;;
Michael;17:05:19;15:21:31;-637.8174,267.706,267.706;True,Sedans,TAILGATE,0,0;;;
Michael;17:05:20;15:21:32;-637.8174,267.706,267.706;True,Sedans,TAILGATE,0,0;;;
Michael;17:05:20;15:21:32;-637.8174,267.706,267.706;True,Sedans,TAILGATE,0,0;;;
Michael;17:05:21;15:21:33;-637.8174,267.706,267.706;True,Sedans,TAILGATE,0,0;;;
Michael;17:05:21;15:21:33;-637.8174,267.706,267.706;True,Sedans,TAILGATE,0,0;;;
Michael;17:05:22;15:21:34;-637.8174,267.706,267.706;True,Sedans,TAILGATE,0,0;;;
Michael;17:05:22;15:21:34;-637.8174,267.706,267.706;True,Sedans,TAILGATE,0,0;;;
Michael;17:05:23;15:21:35;-637.8174,267.706,267.706;True,Sedans,TAILGATE,0,0;;;
Michael;17:05:23;15:21:35;-637.8174,267.706,267.706;True,Sedans,TAILGATE,0,0;;;
Michael;17:05:24;15:21:36;-637.8174,267.706,267.706;True,Sedans,TAILGATE,0,0;;;
Michael;17:05:24;15:21:36;-637.8174,267.706,267.706;True,Sedans,TAILGATE,0,0;;;
Michael;17:05:25;15:21:37;-637.8174,267.706,267.706;True,Sedans,TAILGATE,0,0;;;
Michael;17:05:25;15:21:37;-637.8174,267.706,267.706;True,Sedans,TAILGATE,0,0;;;
Michael;17:05:26;15:21:38;-637.8174,267.706,267.706;True,Sedans,TAILGATE,0,0;;;
Michael;17:05:26;15:21:38;-637.9368,267.7054,267.7054;True,Sedans,TAILGATE,0,89687,1;;;
Michael;17:05:27;15:21:39;-638.9031,267.8426,267.8426;True,Sedans,TAILGATE,2,886545,1;;;
Michael;17:05:28;15:21:39;-641.007,267.6891,267.6891;True,Sedans,TAILGATE,5,580289,1;;;
Michael;17:05:28;15:21:40;-645.2529,267.4097,267.4097;True,Sedans,TAILGATE,10,93168,1;;;
Michael;17:05:29;15:21:40;-651.1868,266.9083,266.9083;True,Sedans,TAILGATE,11,67098,1;;;
Michael;17:05:29;15:21:41;-657.4053,265.4083,265.4083;True,Sedans,TAILGATE,12,90673,1;;;
Michael;17:05:30;15:21:41;-664.277,263.9483,263.9483;True,Sedans,TAILGATE,14,22508,1;;;
Michael;17:05:30;15:21:42;-671.039,260.3911,260.3911;True,Sedans,TAILGATE,15,3759,1;;;
Michael;17:05:31;15:21:42;-678.7345,257.263,257.263;True,Sedans,TAILGATE,17,22685,1;;;
Michael;17:05:31;15:21:43;-687.6945,254.4677,254.4677;True,Sedans,TAILGATE,19,15457,1;;;
Michael;17:05:32;15:21:44;-696.198,250.385,250.385;True,Sedans,TAILGATE,17,36852,0;;;
Michael;17:05:32;15:21:44;-703.6783,246.4197,246.4197;True,Sedans,TAILGATE,15,37872,0;;;
Michael;17:05:33;15:21:45;-710.6181,243.4992,243.4992;True,Sedans,TAILGATE,13,60477,0;;;
Michael;17:05:33;15:21:45;-717.1393,239.8635,239.8635;True,Sedans,TAILGATE,15,54749,1;;;
Michael;17:05:34;15:21:46;-724.6119,236.9379,236.9379;True,Sedans,TAILGATE,14,87966,0;;;
Michael;17:05:34;15:21:46;-731.6446,234.846,234.846;True,Sedans,TAILGATE,13,64388,0;;;
Michael;17:05:35;15:21:47;-737.5793,231.9665,231.9665;True,Sedans,TAILGATE,11,92414,0;;;
Michael;17:05:35;15:21:47;-741.6016,229.8397,229.8397;True,Sedans,TAILGATE,4,952639,0;;;
Michael;17:05:36;15:21:48;-742.9761,229.1644,229.1644;True,Sedans,TAILGATE,0,8678294,0;;;
Michael;17:05:36;15:21:48;-743.0056,229.1046,229.1046;True,Sedans,TAILGATE,0,03079412,0;;;
Michael;17:05:37;15:21:49;-743.0024,229.1028,229.1028;True,Sedans,TAILGATE,0,0;;;
Michael;17:05:37;15:21:49;-743.0024,229.1028,229.1028;True,Sedans,TAILGATE,0,0;;;
Michael;17:05:38;15:21:50;-743.0024,229.1028,229.1028;True,Sedans,TAILGATE,0,0;;;
Michael;17:05:38;15:21:50;-743.0024,229.1028,229.1028;True,Sedans,TAILGATE,0,0;;;
Michael;17:05:39;15:21:51;-743.0024,229.1028,229.1028;True,Sedans,TAILGATE,0,0;;;
Michael;17:05:39;15:21:51;-743.0024,229.1028,229.1028;True,Sedans,TAILGATE,0,0;;;
Michael;17:05:40;15:21:52;-743.0024,229.1028,229.1028;True,Sedans,TAILGATE,0,0;;;
Michael;17:05:40;15:21:52;-743.0024,229.1028,229.1028;True,Sedans,TAILGATE,0,0;;;
Michael;17:05:41;15:21:53;-743.0024,229.1028,229.1028;True,Sedans,TAILGATE,0,0;;;
Michael;17:05:42;15:21:53;-743.0024,229.1028,229.1028;True,Sedans,TAILGATE,0,0;;;
Michael;17:05:42;15:21:54;-743.0024,229.1028,229.1028;True,Sedans,TAILGATE,0,0;;;
Michael;17:05:43;15:21:54;-743.0024,229.1028,229.1028;True,Sedans,TAILGATE,0,0;;;
Michael;17:05:43;15:21:55;-743.0024,229.1028,229.1028;True,Sedans,TAILGATE,0,0;;;
Michael;17:05:44;15:21:55;-743.0024,229.1028,229.1028;True,Sedans,TAILGATE,0,0;;;
Michael;17:05:44;15:21:56;-743.0024,229.1028,229.1028;True,Sedans,TAILGATE,0,0;;;
Michael;17:05:45;15:21:57;-743.0024,229.1028,229.1028;True,Sedans,TAILGATE,0,0;;;
Michael;17:05:45;15:21:57;-743.0024,229.1028,229.1028;True,Sedans,TAILGATE,0,0;;;
Michael;17:05:46;15:21:58;-743.0024,229.1028,229.1028;True,Sedans,TAILGATE,0,0;;;
Michael;17:05:46;15:21:58;-743.0024,229.1028,229.1028;True,Sedans,TAILGATE,0,0;;;
Michael;17:05:47;15:21:59;-743.0024,229.1028,229.1028;True,Sedans,TAILGATE,0,0;;;
Michael;17:05:47;15:21:59;-743.0024,229.1028,229.1028;True,Sedans,TAILGATE,0,0;;;
Michael;17:05:48;15:22:00;-743.0024,229.1028,229.1028;True,Sedans,TAILGATE,0,0;;;
Michael;17:05:48;15:22:00;-743.0024,229.1028,229.1028;True,Sedans,TAILGATE,0,0;;;
Michael;17:05:49;15:22:01;-743.0024,229.1028,229.1028;True,Sedans,TAILGATE,0,0;;;
Michael;17:05:49;15:22:01;-743.0024,229.1028,229.1028;True,Sedans,TAILGATE,0,0;;;
Michael;17:05:50;15:22:02;-743.0024,229.1028,229.1028;True,Sedans,TAILGATE,0,0;;;
Michael;17:05:50;15:22:02;-743.0024,229.1028,229.1028;True,Sedans,TAILGATE,0,0;;;
Michael;17:05:51;15:22:03;-743.0024,229.1028,229.1028;True,Sedans,TAILGATE,0,0;;;
Michael;17:05:51;15:22:03;-743.0024,229.1028,229.1028;True,Sedans,TAILGATE,0,0;;;
Michael;17:05:52;15:22:04;-743.0024,229.1028,229.1028;True,Sedans,TAILGATE,0,0;;;
Michael;17:05:52;15:22:04;-743.0024,229.1028,229.1028;True,Sedans,TAILGATE,0,0;;;
Michael;17:05:53;15:22:05;-743.0024,229.1028,229.1028;True,Sedans,TAILGATE,0,0;;;
Michael;17:05:53;15:22:05;-743.0447,229.0808,229.0808;True,Sedans,TAILGATE,0,5759137,1;;;
Michael;17:05:54;15:22:06;-743.1014,229.0528,229.0528;True,Sedans,TAILGATE,0,003723565,0;;;
Michael;17:05:55;15:22:06;-743.1014,229.0528,229.0528;True,Sedans,TAILGATE,0,0;;;
Michael;17:05:55;15:22:07;-743.1014,229.0528,229.0528;True,Sedans,TAILGATE,0,0;;;
Michael;17:05:56;15:22:07;-743.1014,229.0528,229.0528;True,Sedans,TAILGATE,0,0;;;
Michael;17:05:56;15:22:08;-743.1014,229.0528,229.0528;True,Sedans,TAILGATE,0,0;;;
Michael;17:05:57;15:22:08;-743.1014,229.0528,229.0528;True,Sedans,TAILGATE,0,0;;;
Michael;17:05:57;15:22:09;-743.1014,229.0528,229.0528;True,Sedans,TAILGATE,0,0;;;
Michael;17:05:58;15:22:09;-743.3865,228.9231,228.9231;True,Sedans,TAILGATE,1,698717,1;;;
Michael;17:05:58;15:22:10;-744.8777,228.4942,228.4942;True,Sedans,TAILGATE,4,73423,1;;;
Michael;17:05:59;15:22:11;-748.5338,227.2558,227.2558;True,Sedans,TAILGATE,10,1168,1;;;
Michael;17:05:59;15:22:11;-754.1758,225.3774,225.3774;True,Sedans,TAILGATE,11,44593,1;;;
Michael;17:06:00;15:22:12;-760.4442,224.1213,224.1213;True,Sedans,TAILGATE,13,2359,1;;;
Michael;17:06:00;15:22:12;-767.7137,223.132,223.132;True,Sedans,TAILGATE,15,10806,1;;;
Michael;17:06:01;15:22:13;-775.9981,222.0318,222.0318;True,Sedans,TAILGATE,16,76319,0;;;
Michael;17:06:01;15:22:13;-784.0727,221.0592,221.0592;True,Sedans,TAILGATE,14,61835,0;;;
Michael;17:06:02;15:22:14;-791.3864,221.1982,221.1982;True,Sedans,TAILGATE,14,50065,1;;;
Michael;17:06:02;15:22:14;-798.8161,220.9847,220.9847;True,Sedans,TAILGATE,14,98314,1;;;
Michael;17:06:03;15:22:15;-806.9724,220.4545,220.4545;True,Sedans,TAILGATE,16,16837,1;;;
Michael;17:06:03;15:22:15;-815.0234,219.941,219.941;True,Sedans,TAILGATE,14,71202,0;;;
Michael;17:06:04;15:22:16;-822.2233,219.4921,219.4921;True,Sedans,TAILGATE,13,2771,0;;;
Michael;17:06:04;15:22:16;-828.4557,218.4766,218.4766;True,Sedans,TAILGATE,10,97321,0;;;
Michael;17:06:05;15:22:17;-833.6512,218.5365,218.5365;True,Sedans,TAILGATE,9,087405,0;;;
Michael;17:06:05;15:22:17;-836.3188,219.0143,219.0143;True,Sedans,TAILGATE,2,10442,0;;;
Michael;17:06:06;15:22:18;-837.0208,219.1122,219.1122;True,Sedans,TAILGATE,0,6521923,0;;;
Michael;17:06:06;15:22:18;-837.1142,219.1317,219.1317;True,Sedans,TAILGATE,0,3418302,1;;;
Michael;17:06:07;15:22:19;-837.3273,219.1559,219.1559;True,Sedans,TAILGATE,0,01293574,0;;;
Michael;17:06:08;15:22:19;-837.3251,219.1557,219.1557;True,Sedans,TAILGATE,0,0;;;
Michael;17:06:08;15:22:20;-837.3251,219.1557,219.1557;True,Sedans,TAILGATE,0,0;;;
Michael;17:06:09;15:22:20;-837.3251,219.1557,219.1557;True,Sedans,TAILGATE,0,0;;;
Michael;17:06:09;15:22:21;-837.3251,219.1557,219.1557;True,Sedans,TAILGATE,0,0;;;
Michael;17:06:10;15:22:21;-837.3251,219.1557,219.1557;True,Sedans,TAILGATE,0,0;;;
Michael;17:06:10;15:22:22;-837.3251,219.1557,219.1557;True,Sedans,TAILGATE,0,0;;;
Michael;17:06:11;15:22:22;-837.3251,219.1557,219.1557;True,Sedans,TAILGATE,0,0;;;
Michael;17:06:11;15:22:23;-837.3251,219.1557,219.1557;True,Sedans,TAILGATE,0,0;;;
Michael;17:06:12;15:22:24;-837.3251,219.1557,219.1557;True,Sedans,TAILGATE,0,0;;;
Michael;17:06:12;15:22:24;-837.3251,219.1557,219.1557;True,Sedans,TAILGATE,0,0;;;
Michael;17:06:13;15:22:25;-837.3251,219.1557,219.1557;True,Sedans,TAILGATE,0,0;;;
Michael;17:06:13;15:22:25;-837.321,219.1802,219.1802;True,Sedans,TAILGATE,0,00920009,0;;;
Michael;17:06:14;15:22:26;-837.3217,219.1802,219.1802;True,Sedans,TAILGATE,0,02957758,1;;;
Michael;17:06:14;15:22:26;-837.7376,219.2325,219.2325;True,Sedans,TAILGATE,1,821075,1;;;
Michael;17:06:15;15:22:27;-839.0043,219.3403,219.3403;True,Sedans,TAILGATE,2,03592,0;;;
Michael;17:06:15;15:22:27;-839.3539,219.3677,219.3677;True,Sedans,TAILGATE,0,02188869,0;;;
Michael;17:06:16;15:22:28;-839.3531,219.3646,219.3646;True,Sedans,TAILGATE,0,0;;;
Michael;17:06:16;15:22:28;-839.3531,219.3646,219.3646;True,Sedans,TAILGATE,0,0;;;
Michael;17:06:17;15:22:29;-839.3531,219.3646,219.3646;True,Sedans,TAILGATE,0,0;;;
Michael;17:06:17;15:22:29;-839.3531,219.3646,219.3646;True,Sedans,TAILGATE,0,0;;;
Michael;17:06:18;15:22:30;-839.3531,219.3646,219.3646;True,Sedans,TAILGATE,0,0;;;
Michael;17:06:18;15:22:30;-839.3531,219.3646,219.3646;True,Sedans,TAILGATE,0,0;;;
Michael;17:06:19;15:22:31;-839.3531,219.3646,219.3646;True,Sedans,TAILGATE,0,0;;;
Michael;17:06:19;15:22:31;-839.3531,219.3646,219.3646;True,Sedans,TAILGATE,0,0;;;
Michael;17:06:20;15:22:32;-839.3531,219.3646,219.3646;True,Sedans,TAILGATE,0,0;;;
Michael;17:06:21;15:22:32;-839.3531,219.3646,219.3646;True,Sedans,TAILGATE,0,0;;;
Michael;17:06:21;15:22:33;-839.3531,219.3646,219.3646;True,Sedans,TAILGATE,0,0;;;
Michael;17:06:22;15:22:33;-839.3531,219.3646,219.3646;True,Sedans,TAILGATE,0,0;;;
Michael;17:06:22;15:22:34;-839.3531,219.3646,219.3646;True,Sedans,TAILGATE,0,0;;;
Michael;17:06:23;15:22:34;-839.3535,219.3644,219.3644;True,Sedans,TAILGATE,0,007775953,0;;;
Michael;17:06:23;15:22:35;-839.5229,219.3884,219.3884;True,Sedans,TAILGATE,1,077981,1;;;
Michael;17:06:24;15:22:35;-840.7369,219.5005,219.5005;True,Sedans,TAILGATE,3,810367,1;;;
Michael;17:06:24;15:22:36;-843.7935,219.7536,219.7536;True,Sedans,TAILGATE,8,533085,1;;;
Michael;17:06:25;15:22:37;-849.3295,219.1367,219.1367;True,Sedans,TAILGATE,11,90822,1;;;
Michael;17:06:25;15:22:37;-854.0344,215.9379,215.9379;True,Sedans,TAILGATE,9,927868,0;;;
Michael;17:06:26;15:22:38;-856.6986,211.3176,211.3176;True,Sedans,TAILGATE,11,31505,1;;;
Michael;17:06:26;15:22:38;-858.7335,205.8595,205.8595;True,Sedans,TAILGATE,10,3328,0;;;
Michael;17:06:27;15:22:39;-859.9304,200.8393,200.8393;True,Sedans,TAILGATE,10,41643,0;;;
Michael;17:06:27;15:22:39;-861.4152,195.7611,195.7611;True,Sedans,TAILGATE,11,25805,1;;;
Michael;17:06:28;15:22:40;-862.5651,189.9146,189.9146;True,Sedans,TAILGATE,11,17685,0;;;
Michael;17:06:28;15:22:40;-863.1317,184.3974,184.3974;True,Sedans,TAILGATE,10,5747,0;;;
Michael;17:06:29;15:22:41;-863.6788,178.6986,178.6986;True,Sedans,TAILGATE,12,78063,1;;;
Michael;17:06:29;15:22:41;-863.6194,172.3555,172.3555;True,Sedans,TAILGATE,12,01023,0;;;
Michael;17:06:30;15:22:42;-862.5378,166.7013,166.7013;True,Sedans,TAILGATE,10,49803,0;;;
Michael;17:06:30;15:22:42;-859.3943,163.3216,163.3216;True,Sedans,TAILGATE,8,924377,1;;;
Michael;17:06:31;15:22:43;-854.5457,160.9453,160.9453;True,Sedans,TAILGATE,10,5293,0;;;
Michael;17:06:31;15:22:43;-850.0462,159.2444,159.2444;True,Sedans,TAILGATE,7,554414,0;;;
Michael;17:06:32;15:22:44;-848.1631,159.5813,159.5813;True,Sedans,TAILGATE,2,016852,1;;;
Michael;17:06:32;15:22:44;-846.8495,159.7807,159.7807;True,Sedans,TAILGATE,3,485271,1;;;
Michael;17:06:33;15:22:45;-844.461,160.1815,160.1815;True,Sedans,TAILGATE,5,979147,1;;;
Michael;17:06:34;15:22:45;-840.7723,162.0986,162.0986;True,Sedans,TAILGATE,10,05409,1;;;
Michael;17:06:34;15:22:46;-836.0343,165.1851,165.1851;True,Sedans,TAILGATE,10,43006,0;;;
Michael;17:06:35;15:22:46;-832.8928,168.4262,168.4262;True,Sedans,TAILGATE,7,455095,0;;;
Michael;17:06:35;15:22:47;-831.4033,171.0431,171.0431;True,Sedans,TAILGATE,5,237908,1;;;
Michael;17:06:36;15:22:47;-829.3638,173.5718,173.5718;True,Sedans,TAILGATE,7,430103,1;;;
Michael;17:06:36;15:22:48;-827.3836,177.1479,177.1479;True,Sedans,TAILGATE,7,154428,0;;;
Michael;17:06:37;15:22:49;-825.6498,179.4453,179.4453;True,Sedans,TAILGATE,4,381694,0;;;
Michael;17:06:37;15:22:49;-825.0674,180.1916,180.1916;True,Sedans,TAILGATE,0,1007986,0;;;
Michael;17:06:38;15:22:50;-826.257,180.9001,180.9001;;;;
Michael;17:06:38;15:22:50;-821.7321,177.1217,177.1217;;;;
Michael;17:06:39;15:22:51;-820.9653,177.0791,177.0791;;;;
Michael;17:06:39;15:22:51;-820.3709,177.1021,177.1021;;;;
Michael;17:06:40;15:22:52;-819.9078,177.2344,177.2344;;;;
Michael;17:06:40;15:22:52;-819.5262,177.2962,177.2962;;;;
Michael;17:06:41;15:22:53;-819.1807,177.3604,177.3604;;;;
Michael;17:06:41;15:22:53;-818.6798,177.5705,177.5705;;;;
Michael;17:06:42;15:22:54;-818.0936,177.8183,177.8183;;;;
Michael;17:06:42;15:22:54;-817.3768,178.0926,178.0926;;;;
Michael;17:06:43;15:22:55;-816.606,178.3489,178.3489;;;;
Michael;17:06:43;15:22:55;-815.7998,178.5987,178.5987;;;;
Michael;17:06:44;15:22:56;-815.4916,178.6947,178.6947;;;;
Michael;17:06:44;15:22:56;-815.3191,178.762,178.762;;;;
Michael;17:06:45;15:22:57;-805.9919,170.962,170.962;;;;
Michael;17:09:29;15:22:57;-805.9919,170.962,170.962;;;;
Michael;22:59:31;15:22:58;-805.9919,170.962,170.962;;;;
Michael;06:14:12;15:22:58;-805.9919,170.962,170.962;;;;
Michael;14:24:10;15:22:59;-805.9919,170.962,170.962;;;;
Michael;22:21:52;15:22:59;-805.9919,170.962,170.962;;;;
Michael;05:18:23;15:23:00;-805.9919,170.962,170.962;;;;
Michael;09:00:00;15:23:00;-805.9919,170.962,170.962;;;;
Michael;09:00:00;15:23:01;-805.9919,170.962,170.962;;;;
Michael;09:00:01;15:23:02;-804.118,172.0813,172.0813;;;;
Michael;09:00:01;15:23:02;-804.1199,172.0808,172.0808;;;;
Michael;09:00:02;15:23:03;-804.1182,172.082,172.082;;;;
Michael;09:00:02;15:23:03;-804.127,172.0818,172.0818;;;;
Michael;09:00:03;15:23:04;-804.1208,172.08,172.08;;;;
Michael;09:00:03;15:23:04;-804.1235,172.0789,172.0789;;;;
Michael;09:00:04;15:23:05;-804.1174,172.0774,172.0774;;;;
Michael;09:00:04;15:23:05;-804.1149,172.0788,172.0788;;;;
Michael;09:00:05;15:23:06;-804.1175,172.0779,172.0779;;;;
Michael;09:00:05;15:23:06;-804.1198,172.0791,172.0791;;;;
Michael;09:00:06;15:23:07;-804.1204,172.0788,172.0788;;;;
Michael;09:00:06;15:23:07;-804.1263,172.0776,172.0776;;;;
Michael;09:00:07;15:23:08;-804.1266,172.0773,172.0773;;What is wrong with you, smoking in my house?;Cutscene;Cutscene
Michael;09:00:07;15:23:08;-804.1219,172.0789,172.0789;;;;
Michael;09:00:08;15:23:09;-804.1248,172.0778,172.0778;;;;
Michael;09:00:08;15:23:09;-804.1217,172.0795,172.0795;;;;
Michael;09:00:09;15:23:10;-804.1217,172.0796,172.0796;;;;
Michael;09:00:09;15:23:10;-804.1218,172.0796,172.0796;;You know, ever since that psychotic pal of yours turned up,;Cutscene;Cutscene
Michael;09:00:10;15:23:11;-804.1218,172.0796,172.0796;;;;
Michael;09:00:11;15:23:11;-804.1229,172.0807,172.0807;;;;
Michael;09:00:11;15:23:12;-804.1202,172.0839,172.0839;;;;
Michael;09:00:12;15:23:12;-804.1081,172.0867,172.0867;;;;
Michael;09:00:12;15:23:13;-804.0621,172.1051,172.1051;;you've turned into an even bigger asshole.;Cutscene;Cutscene
Michael;09:00:13;15:23:13;-804.0466,172.1077,172.1077;;;;
Michael;09:00:13;15:23:14;-804.0547,172.1077,172.1077;;;;
Michael;09:00:14;15:23:15;-804.0564,172.1119,172.1119;;;;
Michael;09:00:14;15:23:15;-804.0546,172.1129,172.1129;;;;
Michael;09:00:15;15:23:16;-804.0516,172.112,172.112;;;;
Michael;09:00:15;15:23:16;-804.0486,172.107,172.107;;Thank you.;Cutscene;Cutscene
Michael;09:00:16;15:23:17;-804.0543,172.1142,172.1142;;;;
Michael;09:00:16;15:23:17;-804.0493,172.1144,172.1144;;;;
Michael;09:00:17;15:23:18;-804.0367,172.1136,172.1136;;Your support in my difficult times means the world to me.;Cutscene;Cutscene
Michael;09:00:17;15:23:18;-804.0361,172.1248,172.1248;;;;
Michael;09:00:18;15:23:19;-803.9421,172.1643,172.1643;;;;
Michael;09:00:18;15:23:19;-803.9192,172.4397,172.4397;;;;
Michael;09:00:19;15:23:20;-804.1829,172.6658,172.6658;;;;
Michael;09:00:19;15:23:20;-804.2753,172.7299,172.7299;;;;
Michael;09:00:20;15:23:21;-804.3559,172.9099,172.9099;;;;
Michael;09:00:20;15:23:21;-804.4185,173.0547,173.0547;;I've supported you.;Cutscene;Cutscene
Michael;09:00:21;15:23:22;-804.3994,172.8762,172.8762;;;;
Michael;09:00:21;15:23:22;-804.3483,172.6911,172.6911;;;;
Michael;09:00:22;15:23:23;-804.2835,172.5782,172.5782;;;;
Michael;09:00:22;15:23:23;-804.2172,172.66,172.66;;I left everything to come here with you,;Cutscene;Cutscene
Michael;09:00:23;15:23:24;-804.217,172.6344,172.6344;;;;
Michael;09:00:23;15:23:24;-804.1839,172.6142,172.6142;;;;
Michael;09:00:24;15:23:25;-804.1392,172.578,172.578;;;;
Michael;09:00:25;15:23:25;-804.1561,172.5887,172.5887;;;;
Michael;09:00:25;15:23:26;-804.159,172.5956,172.5956;;and still that crazy bastard turns up.;Cutscene;Cutscene
Michael;09:00:26;15:23:26;-804.139,172.6757,172.6757;;;;
Michael;09:00:26;15:23:27;-804.1486,172.7515,172.7515;;;;
Michael;09:00:27;15:23:27;-804.1722,172.6968,172.6968;;;;
Michael;09:00:27;15:23:28;-804.1785,172.5873,172.5873;;;;
Michael;09:00:28;15:23:29;-804.2025,172.5809,172.5809;;;;
Michael;09:00:28;15:23:29;-804.1754,172.5821,172.5821;;;;
Michael;09:00:29;15:23:30;-804.1837,172.5898,172.5898;;I'll handle it.;Cutscene;Cutscene
Michael;09:00:29;15:23:30;-804.1752,172.589,172.589;;How?;Cutscene;Cutscene
Michael;09:00:30;15:23:31;-804.1796,172.6001,172.6001;;;;
Michael;09:00:30;15:23:31;-804.1808,172.6149,172.6149;;I don't know.;Cutscene;Cutscene
Michael;09:00:31;15:23:32;-804.1718,172.6192,172.6192;;;;
Michael;09:00:31;15:23:32;-804.1795,172.6187,172.6187;;You know what?;Cutscene;Cutscene
Michael;09:00:32;15:23:33;-804.2058,172.6234,172.6234;;Just keep him away from me and the children,;Cutscene;Cutscene
Michael;09:00:32;15:23:33;-804.2191,172.6893,172.6893;;;;
Michael;09:00:33;15:23:34;-804.1798,172.7781,172.7781;;;;
Michael;09:00:33;15:23:34;-804.2339,172.8514,172.8514;;;;
Michael;09:00:34;15:23:35;-804.303,172.789,172.789;;you low life,;Cutscene;Cutscene
Michael;09:00:34;15:23:35;-804.3601,172.741,172.741;;;;
Michael;09:00:35;15:23:36;-804.3519,172.7225,172.7225;;whore-mongering asswipe.;Cutscene;Cutscene
Michael;09:00:35;15:23:36;-804.3342,172.7457,172.7457;;;;
Michael;09:00:36;15:23:37;-804.3016,172.7644,172.7644;;;;
Michael;09:00:36;15:23:37;-804.2894,172.7636,172.7636;;;;
Michael;09:00:37;15:23:38;-804.2927,172.7632,172.7632;;Did someone say yoga?;Cutscene;Cutscene
Michael;09:00:38;15:23:38;-804.2917,172.7563,172.7563;;;;
Michael;09:00:38;15:23:39;-804.3235,172.7455,172.7455;;;;
Michael;09:00:39;15:23:39;-804.3494,172.7431,172.7431;;No. I think she said...;Cutscene;Cutscene
Michael;09:00:39;15:23:40;-804.3719,172.7437,172.7437;;;;
Michael;09:00:40;15:23:40;-804.3701,172.7494,172.7494;;;;
Michael;09:00:40;15:23:41;-804.3672,172.7613,172.7613;;;;
Michael;09:00:41;15:23:42;-804.3689,172.7707,172.7707;;"Whore-mongering asswipe.";Cutscene;Cutscene
Michael;09:00:41;15:23:42;-804.3671,172.7758,172.7758;;;;
Michael;09:00:42;15:23:43;-804.3634,172.7822,172.7822;;Hello, Fabien, darling.;Cutscene;Cutscene
Michael;09:00:42;15:23:43;-804.3556,172.78,172.78;;;;
Michael;09:00:43;15:23:44;-804.2714,172.8022,172.8022;;;;
Michael;09:00:43;15:23:44;-804.255,172.7846,172.7846;;Namaste, Amanda.;Cutscene;Cutscene
Michael;09:00:44;15:23:45;-804.2661,172.78,172.78;;;;
Michael;09:00:44;15:23:45;-804.2661,172.7799,172.7799;;;;
Michael;09:00:45;15:23:46;-804.2636,172.7791,172.7791;;Are we ready to practice?;Cutscene;Cutscene
Michael;09:00:45;15:23:46;-804.2697,172.7774,172.7774;;Yes.;Cutscene;Cutscene
Michael;09:00:46;15:23:47;-804.2681,172.7803,172.7803;;;;
Michael;09:00:46;15:23:47;-804.1945,172.8492,172.8492;;Oh, yes, she's very centered,;Cutscene;Cutscene
Michael;09:00:47;15:23:48;-804.0836,173.0152,173.0152;;;;
Michael;09:00:47;15:23:48;-804.1143,173.3533,173.3533;;;;
Michael;09:00:48;15:23:49;-804.1124,173.7625,173.7625;;;;
Michael;09:00:48;15:23:49;-804.0267,174.1096,174.1096;;;;
Michael;09:00:49;15:23:50;-803.8791,174.5286,174.5286;;;;
Michael;09:00:49;15:23:50;-803.6307,174.8105,174.8105;;;;
Michael;09:00:50;15:23:51;-803.34,175.1284,175.1284;;;;
Michael;09:00:51;15:23:51;-803.2231,175.5497,175.5497;;;;
Michael;09:00:51;15:23:52;-803.068,175.7396,175.7396;;A gorilla with anger issues and worse friends.;Cutscene;Cutscene
Michael;09:00:52;15:23:52;-802.8158,175.8936,175.8936;;;;
Michael;09:00:52;15:23:53;-802.7191,176.006,176.006;;;;
Michael;09:00:53;15:23:53;-802.6619,176.1563,176.1563;;;;
Michael;09:00:53;15:23:54;-802.549,176.0378,176.0378;;No wonder I'm so upset.;Cutscene;Cutscene
Michael;09:00:54;15:23:54;-802.5344,175.9369,175.9369;;;;
Michael;09:00:54;15:23:55;-802.631,175.977,175.977;;;;
Michael;09:00:55;15:23:56;-802.7388,175.9036,175.9036;;;;
Michael;09:00:55;15:23:56;-802.7025,175.8409,175.8409;;You two...;Cutscene;Cutscene
Michael;09:00:56;15:23:57;-802.5636,175.8533,175.8533;;please...;Cutscene;Cutscene
Michael;09:00:56;15:23:57;-802.5166,175.8536,175.8536;;;;
Michael;09:00:57;15:23:58;-802.5929,175.9551,175.9551;;namaste.;Cutscene;Cutscene
Michael;09:00:57;15:23:58;-802.6584,176.0267,176.0267;;;;
Michael;09:00:58;15:23:59;-802.6607,176.0254,176.0254;;;;
Michael;09:00:58;15:23:59;-802.6013,176.0115,176.0115;;;;
Michael;09:00:59;15:24:00;-802.5721,176.0061,176.0061;;We practice.;Cutscene;Cutscene
Michael;09:00:59;15:24:00;-802.5859,175.9836,175.9836;;;;
Michael;09:01:00;15:24:01;-802.5898,175.9791,175.9791;;Michael, join us, please.;Cutscene;Cutscene
Michael;09:01:00;15:24:01;-802.5731,176.0073,176.0073;;;;
Michael;09:01:01;15:24:02;-802.5844,176.0186,176.0186;;;;
Michael;09:01:01;15:24:02;-802.5353,175.9986,175.9986;;;;
Michael;09:01:02;15:24:03;-802.465,175.9596,175.9596;;No. Please, no.;Cutscene;Cutscene
Michael;09:01:02;15:24:03;-802.489,175.9987,175.9987;;;;
Michael;09:01:03;15:24:04;-802.5353,176.088,176.088;;;;
Michael;09:01:03;15:24:04;-802.4622,176.0877,176.0877;;;;
Michael;09:01:04;15:24:05;-802.3693,176.0633,176.0633;;;;
Michael;09:01:05;15:24:05;-802.3307,176.0966,176.0966;;The yoga is for sharing.;Cutscene;Cutscene
Michael;09:01:05;15:24:06;-802.2963,176.202,176.202;;;;
Michael;09:01:06;15:24:06;-802.3235,176.5584,176.5584;;;;
Michael;09:01:06;15:24:07;-802.1874,176.8469,176.8469;;Come, come. Michael, come.;Cutscene;Cutscene
Michael;09:01:07;15:24:07;-801.8537,177.214,177.214;;;;
Michael;09:01:07;15:24:08;-801.4625,177.6358,177.6358;;;;
Michael;09:01:08;15:24:08;-800.9951,177.9633,177.9633;;Awesome.;Cutscene;Cutscene
Michael;09:01:08;15:24:09;-800.6258,178.2999,178.2999;;;;
Michael;09:01:09;15:24:10;-800.3171,178.6252,178.6252;;;;
Michael;09:01:09;15:24:10;-799.8922,178.8135,178.8135;;So, Fab,;Cutscene;Cutscene
Michael;09:01:10;15:24:11;-799.5425,179.1256,179.1256;;;;
Michael;09:01:10;15:24:11;-794.0082,182.1974,182.1974;;;;
Michael;09:01:11;15:24:12;-793.4363,182.5198,182.5198;;;;
Michael;09:01:11;15:24:12;-792.9109,182.9773,182.9773;;if you can make me as happy and mellow as my wife,;Cutscene;Cutscene
Michael;09:01:12;15:24:13;-792.3276,183.314,183.314;;;;
Michael;09:01:12;15:24:13;-791.8013,183.714,183.714;;;;
Michael;09:01:13;15:24:14;-791.3347,184.0786,184.0786;;;;
Michael;09:01:13;15:24:14;-790.8785,184.4396,184.4396;;;;
Michael;09:01:14;15:24:15;-790.5474,184.97,184.97;;it'll be a job well fucking done.;Cutscene;Cutscene
Michael;09:01:14;15:24:15;-790.2325,185.4488,185.4488;;;;
Michael;09:01:15;15:24:16;-790.1108,185.9471,185.9471;;;;
Michael;09:01:15;15:24:16;-790.114,186.3583,186.3583;;;;
Michael;09:01:16;15:24:17;-790.0912,186.7978,186.7978;;We are all on our own journeys, Michael.;Cutscene;Cutscene
Michael;09:01:16;15:24:17;-790.1743,187.1174,187.1174;;;;
Michael;09:01:17;15:24:18;-790.2485,187.2565,187.2565;;;;
Michael;09:01:17;15:24:18;-790.2322,187.2291,187.2291;;;;
Michael;09:01:18;15:24:19;-790.1851,187.0868,187.0868;;Man, no doubt,;Cutscene;Cutscene
Michael;09:01:19;15:24:19;-790.1757,187.0115,187.0115;;;;
Michael;09:01:19;15:24:20;-790.1201,187.084,187.084;;so why is she driving a tank on hers?;Cutscene;Cutscene
Michael;09:01:20;15:24:20;-790.0834,187.22,187.22;;;;
Michael;09:01:20;15:24:21;-790.1101,187.2453,187.2453;;;;
Michael;09:01:21;15:24:21;-790.177,187.1862,187.1862;;;;
Michael;09:01:21;15:24:22;-790.1565,187.0972,187.0972;;;;
Michael;09:01:22;15:24:23;-790.2023,186.9797,186.9797;;;;
Michael;09:01:22;15:24:23;-790.1478,186.9988,186.9988;;;;
Michael;09:01:23;15:24:24;-790.1163,187.0464,187.0464;;;;
Michael;09:01:23;15:24:24;-790.1388,187.0217,187.0217;;;;
Michael;09:01:24;15:24:25;-790.1176,187.035,187.035;;;;
Michael;09:01:24;15:24:25;-790.0974,187.0333,187.0333;;Perhaps to deal with your hostility, Michael.;Cutscene;Cutscene
Michael;09:01:25;15:24:26;-790.1027,187.0311,187.0311;;;;
Michael;09:01:25;15:24:26;-790.1103,187.0321,187.0321;;;;
Michael;09:01:26;15:24:27;-790.1242,187.0262,187.0262;;;;
Michael;09:01:26;15:24:27;-790.1151,187.0355,187.0355;;;;
Michael;09:01:27;15:24:28;-790.1182,187.0362,187.0362;;;;
Michael;09:01:27;15:24:28;-790.1213,187.0327,187.0327;;Now, here is good.;Cutscene;Cutscene
Michael;09:01:28;15:24:29;-790.1157,187.0352,187.0352;;;;
Michael;09:01:28;15:24:29;-790.1149,187.0284,187.0284;;;;
Michael;09:01:29;15:24:30;-790.1451,186.9852,186.9852;;We have the sun and the murribunda...;Cutscene;Cutscene
Michael;09:01:29;15:24:30;-790.142,186.9511,186.9511;;;;
Michael;09:01:30;15:24:31;-790.0101,186.9429,186.9429;;;;
Michael;09:01:30;15:24:31;-789.9712,186.8902,186.8902;;;;
Michael;09:01:31;15:24:32;-789.9896,186.6993,186.6993;;;;
Michael;09:01:32;15:24:32;-790.0215,186.6722,186.6722;;;;
Michael;09:01:32;15:24:33;-790.1369,186.7373,186.7373;;;;
Michael;09:01:33;15:24:33;-790.0789,186.7155,186.7155;;the asshole.;Cutscene;Cutscene
Michael;09:01:33;15:24:34;-790.0421,186.6951,186.6951;;;;
Michael;09:01:34;15:24:34;-790.0428,186.7,186.7;;;;
Michael;09:01:34;15:24:35;-790.0361,186.7033,186.7033;;Now, we begin, and put the asshole to the earth.;Cutscene;Cutscene
Michael;09:01:35;15:24:35;-790.0339,186.7002,186.7002;;;;
Michael;09:01:35;15:24:36;-790.0275,186.7009,186.7009;;;;
Michael;09:01:36;15:24:37;-790.0303,186.6983,186.6983;;;;
Michael;09:01:36;15:24:37;-790.0378,186.6957,186.6957;;;;
Michael;09:01:37;15:24:38;-790.0374,186.694,186.694;;;;
Michael;09:01:37;15:24:38;-790.0352,186.6947,186.6947;;;;
Michael;09:01:38;15:24:39;-790.0317,186.6967,186.6967;;Yes, we begin each sequence Tadasana...;Cutscene;Cutscene
Michael;09:01:38;15:24:39;-790.0278,186.6987,186.6987;;;;
Michael;09:01:39;15:24:40;-790.0284,186.7013,186.7013;;;;
Michael;09:01:39;15:24:40;-790.0377,186.7037,186.7037;;;;
Michael;09:01:40;15:24:41;-790.0557,186.7038,186.7038;;;;
Michael;09:01:40;15:24:41;-790.0569,186.7064,186.7064;;;;
Michael;09:01:41;15:24:42;-790.0562,186.7039,186.7039;;;;
Michael;09:01:41;15:24:42;-790.0446,186.7044,186.7044;;;;
Michael;09:01:42;15:24:43;-790.0411,186.7122,186.7122;;;;
Michael;09:01:42;15:24:43;-790.0064,186.6221,186.6221;;;;
Michael;09:01:43;15:24:44;-790.0082,186.4919,186.4919;;;;
Michael;09:01:43;15:24:44;-790.0381,186.4334,186.4334;;;;
Michael;09:01:44;15:24:45;-790.4274,186.287,186.287;;yes...;Cutscene;Cutscene
Michael;09:01:44;15:24:45;-790.8793,186.1933,186.1933;;;;
Michael;09:01:45;15:24:46;-791.0405,186.2786,186.2786;;;;
Michael;09:01:46;15:24:46;-790.9957,186.3156,186.3156;;or mountain pose.;Cutscene;Cutscene
Michael;09:01:46;15:24:47;-790.9811,186.3476,186.3476;;;;
Michael;09:01:47;15:24:47;-790.9594,186.2961,186.2961;;;;
Michael;09:01:47;15:24:48;-790.9354,186.2988,186.2988;;;;
Michael;09:01:48;15:24:48;-790.8715,186.2831,186.2831;;;;
Michael;09:01:48;15:24:49;-790.8908,186.2399,186.2399;;Alright.;Cutscene;Cutscene
Michael;09:01:49;15:24:49;-790.8908,186.323,186.323;;;;
Michael;09:01:49;15:24:50;-790.868,186.3257,186.3257;;;;
Michael;09:01:50;15:24:51;-790.8309,186.3132,186.3132;;;;
Michael;09:01:50;15:24:51;-790.8246,186.3118,186.3118;;Un...;Cutscene;Cutscene
Michael;09:01:51;15:24:52;-790.8268,186.3085,186.3085;;;;
Michael;09:01:51;15:24:52;-790.834,186.3073,186.3073;;;;
Michael;09:01:52;15:24:53;-790.8391,186.306,186.306;;;;
Michael;09:01:52;15:24:53;-790.8375,186.3053,186.3053;;;;
Michael;09:01:53;15:24:54;-790.8334,186.3053,186.3053;;Deux...;Cutscene;Cutscene
Michael;09:01:53;15:24:54;-790.8292,186.3057,186.3057;;;;
Michael;09:01:54;15:24:55;-790.8288,186.3075,186.3075;;Trois.;Cutscene;Cutscene
Michael;09:01:54;15:24:55;-790.8285,186.3082,186.3082;;;;
Michael;09:01:55;15:24:56;-790.8298,186.3082,186.3082;;;;
Michael;09:01:55;15:24:56;-790.8331,186.308,186.308;;;;
Michael;09:01:56;15:24:57;-790.8334,186.3043,186.3043;;;;
Michael;09:01:56;15:24:57;-790.8332,186.2976,186.2976;;Mouth and anus are perfectly in line.;Cutscene;Cutscene
Michael;09:01:57;15:24:58;-790.8375,186.2904,186.2904;;;;
Michael;09:01:57;15:24:58;-790.8455,186.2851,186.2851;;;;
Michael;09:01:58;15:24:59;-790.8538,186.2814,186.2814;;;;
Michael;09:01:59;15:24:59;-790.8831,186.2704,186.2704;;;;
Michael;09:01:59;15:25:00;-790.9502,186.2473,186.2473;;;;
Michael;09:02:00;15:25:00;-790.9857,186.3014,186.3014;;;;
Michael;09:02:00;15:25:01;-791.1188,186.3735,186.3735;;;;
Michael;09:02:01;15:25:01;-791.1869,186.2997,186.2997;;;;
Michael;09:02:01;15:25:02;-791.2853,186.2058,186.2058;;Show him, Amanda.;Cutscene;Cutscene
Michael;09:02:02;15:25:02;-791.2674,186.2435,186.2435;;;;
Michael;09:02:02;15:25:03;-791.2294,186.2164,186.2164;;;;
Michael;09:02:03;15:25:04;-791.2491,186.2139,186.2139;;Un...;Cutscene;Cutscene
Michael;09:02:03;15:25:04;-791.24,186.2258,186.2258;;;;
Michael;09:02:04;15:25:05;-791.2241,186.23,186.23;;;;
Michael;09:02:04;15:25:05;-791.2297,186.2261,186.2261;;Deux...;Cutscene;Cutscene
Michael;09:02:05;15:25:06;-791.2352,186.2231,186.2231;;;;
Michael;09:02:05;15:25:06;-791.2383,186.2282,186.2282;;;;
Michael;09:02:06;15:25:07;-791.2289,186.2299,186.2299;;Trois.;Cutscene;Cutscene
Michael;09:02:06;15:25:07;-791.2227,186.2245,186.2245;;;;
Michael;09:02:07;15:25:08;-791.2222,186.2239,186.2239;;;;
Michael;09:02:07;15:25:08;-791.2271,186.2289,186.2289;;It is perfect.;Cutscene;Cutscene
Michael;09:02:08;15:25:09;-791.2332,186.2305,186.2305;;;;
Michael;09:02:08;15:25:09;-791.2355,186.2333,186.2333;;;;
Michael;09:02:09;15:25:10;-791.2325,186.2305,186.2305;;;;
Michael;09:02:09;15:25:10;-791.2242,186.2288,186.2288;;Now, Michael.;Cutscene;Cutscene
Michael;09:02:10;15:25:11;-791.2207,186.2279,186.2279;;;;
Michael;09:02:10;15:25:11;-791.2151,186.226,186.226;;;;
Michael;09:02:11;15:25:12;-791.2164,186.2271,186.2271;;;;
Michael;09:02:11;15:25:12;-791.2217,186.2225,186.2225;;;;
Michael;09:02:12;15:25:13;-791.221,186.2003,186.2003;;;;
Michael;09:02:13;15:25:13;-791.2087,186.1862,186.1862;;;;
Michael;09:02:13;15:25:14;-791.022,186.2726,186.2726;;;;
Michael;09:02:14;15:25:14;-790.9221,186.3149,186.3149;;;;
Michael;09:02:14;15:25:15;-790.9221,186.3149,186.3149;;;;
Michael;09:02:15;15:25:15;-790.906,186.293,186.293;;;;
Michael;09:02:15;15:25:16;-790.906,186.293,186.293;;I don't know about this.;MICHAEL;FAM5_AAAA
Michael;09:02:15;15:25:17;-790.906,186.293,186.293;;;;
Michael;09:02:15;15:25:17;-790.906,186.293,186.293;;;;
Michael;09:02:15;15:25:18;-790.906,186.293,186.293;;;;
Michael;09:02:15;15:25:18;-790.906,186.293,186.293;;;;
Michael;09:02:15;15:25:19;-790.906,186.293,186.293;;;;
Michael;09:02:15;15:25:19;-790.906,186.293,186.293;;;;
Michael;09:02:15;15:25:20;-790.906,186.293,186.293;;;;
Michael;09:02:15;15:25:20;-790.906,186.293,186.293;;;;
Michael;09:02:15;15:25:21;-790.906,186.293,186.293;;;;
Michael;09:02:15;15:25:21;-790.906,186.293,186.293;;;;
Michael;09:02:15;15:25:22;-790.906,186.293,186.293;;;;
Michael;09:02:15;15:25:22;-790.906,186.293,186.293;;;;
Michael;09:02:15;15:25:23;-790.906,186.293,186.293;;;;
Michael;09:02:15;15:25:23;-790.906,186.293,186.293;;;;
Michael;09:02:15;15:25:24;-790.906,186.293,186.293;;;;
Michael;09:02:15;15:25:24;-790.906,186.293,186.293;;;;
Michael;09:02:15;15:25:25;-790.906,186.293,186.293;;;;
Michael;09:02:15;15:25:25;-790.906,186.293,186.293;;;;
Michael;09:02:15;15:25:26;-790.906,186.293,186.293;;;;
Michael;09:02:15;15:25:26;-790.906,186.293,186.293;;;;
Michael;09:02:15;15:25:27;-790.906,186.293,186.293;;;;
Michael;09:02:15;15:25:27;-790.906,186.293,186.293;;;;
Michael;09:02:15;15:25:28;-790.906,186.293,186.293;;;;
Michael;09:02:15;15:25:28;-790.906,186.293,186.293;;This is the first step on a very long road. Walk with me.;FABIAN;FAM5_FIAA
Michael;09:02:15;15:25:29;-790.906,186.293,186.293;;;;
Michael;09:02:15;15:25:30;-790.906,186.293,186.293;;;;
Michael;09:02:15;15:25:30;-790.906,186.293,186.293;;;;
Michael;09:02:15;15:25:31;-790.906,186.293,186.293;;;;
Michael;09:02:15;15:25:31;-790.906,186.293,186.293;;;;
Michael;09:02:15;15:25:32;-790.906,186.293,186.293;;;;
Michael;09:02:15;15:25:32;-790.906,186.293,186.293;;;;
Michael;09:02:15;15:25:33;-790.906,186.293,186.293;;;;
Michael;09:02:15;15:25:33;-790.906,186.293,186.293;;;;
Michael;09:02:15;15:25:34;-790.906,186.293,186.293;;;;
Michael;09:02:15;15:25:34;-790.906,186.293,186.293;;;;
Michael;09:02:15;15:25:35;-790.906,186.293,186.293;;In the nose, out the mouth. Okey doke?;FABIAN;FAM5_FXAA
Michael;09:02:15;15:25:35;-790.906,186.293,186.293;;;;
Michael;09:02:15;15:25:36;-790.906,186.293,186.293;;;;
Michael;09:02:15;15:25:36;-790.906,186.293,186.293;;;;
Michael;09:02:15;15:25:37;-790.906,186.293,186.293;;;;
Michael;09:02:15;15:25:37;-790.906,186.293,186.293;;;;
Michael;09:02:15;15:25:38;-790.906,186.293,186.293;;;;
Michael;09:02:15;15:25:38;-790.906,186.293,186.293;;;;
Michael;09:02:15;15:25:39;-790.906,186.293,186.293;;You were an athlete once. Come on.;AMANDA;FAM5_EWAA
Michael;09:02:15;15:25:39;-790.906,186.293,186.293;;;;
Michael;09:02:15;15:25:40;-790.906,186.293,186.293;;;;
Michael;09:02:15;15:25:40;-790.906,186.293,186.293;;;;
Michael;09:02:15;15:25:41;-790.906,186.293,186.293;;;;
Michael;09:02:15;15:25:41;-790.906,186.293,186.293;;;;
Michael;09:02:15;15:25:42;-790.906,186.293,186.293;;;;
Michael;09:02:15;15:25:42;-790.906,186.293,186.293;;;;
Michael;09:02:15;15:25:43;-790.906,186.293,186.293;;;;
Michael;09:02:15;15:25:43;-790.906,186.293,186.293;;;;
Michael;09:02:15;15:25:44;-790.906,186.293,186.293;;;;
Michael;09:02:15;15:25:45;-790.906,186.293,186.293;;It's so simple. Come on.;FABIAN;FAM5_FKAA
Michael;09:02:15;15:25:45;-790.906,186.293,186.293;;;;
Michael;09:02:15;15:25:46;-790.906,186.293,186.293;;;;
Michael;09:02:15;15:25:46;-790.906,186.293,186.293;;;;
Michael;09:02:15;15:25:47;-790.906,186.293,186.293;;;;
Michael;09:02:15;15:25:47;-790.906,186.293,186.293;;;;
Michael;09:02:15;15:25:48;-790.906,186.293,186.293;;;;
Michael;09:02:15;15:25:48;-790.906,186.293,186.293;;In and out with the breath, Michael.;FABIAN;FAM5_FXAA
Michael;09:02:15;15:25:49;-790.906,186.293,186.293;;;;
Michael;09:02:15;15:25:49;-790.906,186.293,186.293;;;;
Michael;09:02:15;15:25:50;-790.906,186.293,186.293;;;;
Michael;09:02:15;15:25:50;-790.906,186.293,186.293;;;;
Michael;09:02:15;15:25:51;-790.906,186.293,186.293;;;;
Michael;09:02:15;15:25:51;-790.906,186.293,186.293;;;;
Michael;09:02:15;15:25:52;-790.906,186.293,186.293;;;;
Michael;09:02:15;15:25:52;-790.906,186.293,186.293;;;;
Michael;09:02:15;15:25:53;-790.906,186.293,186.293;;Let it out, baby.;AMANDA;FAM5_EYAA
Michael;09:02:15;15:25:53;-790.906,186.293,186.293;;;;
Michael;09:02:15;15:25:54;-790.906,186.293,186.293;;;;
Michael;09:02:15;15:25:54;-790.906,186.293,186.293;;;;
Michael;09:02:15;15:25:55;-790.906,186.293,186.293;;;;
Michael;09:02:15;15:25:55;-790.906,186.293,186.293;;;;
Michael;09:02:15;15:25:56;-790.906,186.293,186.293;;Feel all that hostility, and insecurity, and self centeredness drifting away.;AMANDA;FAM5_EZAA
Michael;09:02:15;15:25:57;-790.906,186.293,186.293;;;;
Michael;09:02:15;15:25:57;-790.906,186.293,186.293;;;;
Michael;09:02:15;15:25:58;-790.906,186.293,186.293;;;;
Michael;09:02:15;15:25:58;-790.906,186.293,186.293;;;;
Michael;09:02:15;15:25:59;-790.906,186.293,186.293;;;;
Michael;09:02:15;15:25:59;-790.906,186.293,186.293;;;;
Michael;09:02:15;15:26:00;-790.906,186.293,186.293;;;;
Michael;09:02:15;15:26:00;-790.906,186.293,186.293;;;;
Michael;09:02:15;15:26:01;-790.906,186.293,186.293;;;;
Michael;09:02:15;15:26:01;-790.906,186.293,186.293;;;;
Michael;09:02:15;15:26:02;-790.906,186.293,186.293;;;;
Michael;09:02:15;15:26:02;-790.906,186.293,186.293;;;;
Michael;09:02:15;15:26:03;-790.906,186.293,186.293;;;;
Michael;09:02:15;15:26:03;-790.906,186.293,186.293;;;;
Michael;09:02:15;15:26:04;-790.906,186.293,186.293;;Now, in through the bloated nose, and out through those wrinkled lips.;FABIAN;FAM5_FXAA
Michael;09:02:15;15:26:04;-790.906,186.293,186.293;;;;
Michael;09:02:15;15:26:05;-790.906,186.293,186.293;;;;
Michael;09:02:15;15:26:05;-790.906,186.293,186.293;;;;
Michael;09:02:15;15:26:06;-790.906,186.293,186.293;;;;
Michael;09:02:15;15:26:06;-790.906,186.293,186.293;;;;
Michael;09:02:15;15:26:07;-790.906,186.293,186.293;;;;
Michael;09:02:15;15:26:07;-790.906,186.293,186.293;;;;
Michael;09:02:15;15:26:08;-790.906,186.293,186.293;;;;
Michael;09:02:15;15:26:09;-790.906,186.293,186.293;;;;
Michael;09:02:15;15:26:09;-790.906,186.293,186.293;;;;
Michael;09:02:15;15:26:10;-790.906,186.293,186.293;;;;
Michael;09:02:15;15:26:10;-790.906,186.293,186.293;;;;
Michael;09:02:15;15:26:11;-790.906,186.293,186.293;;;;
Michael;09:02:15;15:26:11;-790.906,186.293,186.293;;Wow, Michael. I never thought I'd see the day.;AMANDA;FAM5_EZAA
Michael;09:02:15;15:26:12;-790.906,186.293,186.293;;;;
Michael;09:02:15;15:26:12;-790.906,186.293,186.293;;;;
Michael;09:02:15;15:26:13;-790.906,186.293,186.293;;;;
Michael;09:02:15;15:26:13;-790.906,186.293,186.293;;;;
Michael;09:02:15;15:26:14;-790.906,186.293,186.293;;;;
Michael;09:02:15;15:26:14;-790.906,186.293,186.293;;;;
Michael;09:02:15;15:26:15;-790.906,186.293,186.293;;;;
Michael;09:02:15;15:26:15;-790.906,186.293,186.293;;;;
Michael;09:02:15;15:26:16;-790.906,186.293,186.293;;;;
Michael;09:02:15;15:26:16;-790.906,186.293,186.293;;;;
Michael;09:02:15;15:26:17;-790.906,186.293,186.293;;;;
Michael;09:02:15;15:26:17;-790.906,186.293,186.293;;;;
Michael;09:02:15;15:26:18;-790.906,186.293,186.293;;;;
Michael;09:02:15;15:26:18;-790.906,186.293,186.293;;;;
Michael;09:02:15;15:26:19;-790.906,186.293,186.293;;Air through the nose and out the mouth.;FABIAN;FAM5_FXAA
Michael;09:02:15;15:26:19;-790.906,186.293,186.293;;;;
Michael;09:02:15;15:26:20;-790.906,186.293,186.293;;;;
Michael;09:02:15;15:26:20;-790.906,186.293,186.293;;;;
Michael;09:02:15;15:26:21;-790.906,186.293,186.293;;;;
Michael;09:02:15;15:26:22;-790.906,186.293,186.293;;;;
Michael;09:02:15;15:26:22;-790.906,186.293,186.293;;;;
Michael;09:02:15;15:26:23;-790.906,186.293,186.293;;;;
Michael;09:02:15;15:26:23;-790.906,186.293,186.293;;;;
Michael;09:02:15;15:26:24;-790.906,186.293,186.293;;;;
Michael;09:02:15;15:26:24;-790.906,186.293,186.293;;;;
Michael;09:02:15;15:26:25;-790.906,186.293,186.293;;;;
Michael;09:02:15;15:26:25;-790.906,186.293,186.293;;Who would have thought it possible?;FABIAN;FAM5_FLAA
Michael;09:02:15;15:26:26;-790.906,186.293,186.293;;;;
Michael;09:02:15;15:26:26;-790.906,186.293,186.293;;;;
Michael;09:02:15;15:26:27;-790.906,186.293,186.293;;;;
Michael;09:02:15;15:26:27;-790.906,186.293,186.293;;This is gonna have to do.;MICHAEL;FAM5_DAAA
Michael;09:02:15;15:26:28;-790.906,186.293,186.293;;;;
Michael;09:02:15;15:26:28;-790.906,186.293,186.293;;;;
Michael;09:02:16;15:26:29;-791.0463,186.1194,186.1194;;Now, we will do something more complicated.;Cutscene;Cutscene
Michael;09:02:16;15:26:29;-791.0394,186.117,186.117;;;;
Michael;09:02:17;15:26:30;-791.046,186.1292,186.1292;;;;
Michael;09:02:17;15:26:30;-791.0707,186.1951,186.1951;;;;
Michael;09:02:18;15:26:31;-791.0813,186.1987,186.1987;;Sometimes,;Cutscene;Cutscene
Michael;09:02:19;15:26:31;-791.1179,186.2093,186.2093;;;;
Michael;09:02:19;15:26:32;-791.1114,186.2944,186.2944;;when I do this pose,;Cutscene;Cutscene
Michael;09:02:20;15:26:32;-790.9672,186.2661,186.2661;;;;
Michael;09:02:20;15:26:33;-790.9471,186.2785,186.2785;;;;
Michael;09:02:21;15:26:33;-790.887,186.3117,186.3117;;;;
Michael;09:02:21;15:26:34;-790.9459,186.2914,186.2914;;I weep uncontrollably for hours.;Cutscene;Cutscene
Michael;09:02:22;15:26:35;-790.9481,186.3246,186.3246;;;;
Michael;09:02:22;15:26:35;-790.9008,186.3481,186.3481;;;;
Michael;09:02:23;15:26:36;-790.9052,186.3555,186.3555;;;;
Michael;09:02:23;15:26:36;-790.9123,186.3613,186.3613;;;;
Michael;09:02:24;15:26:37;-790.9164,186.3563,186.3563;;;;
Michael;09:02:24;15:26:37;-790.9387,186.4582,186.4582;;;;
Michael;09:02:25;15:26:38;-790.955,186.4698,186.4698;;;;
Michael;09:02:25;15:26:38;-790.9662,186.4432,186.4432;;;;
Michael;09:02:26;15:26:39;-790.9613,186.4324,186.4324;;;;
Michael;09:02:26;15:26:39;-790.9583,186.4279,186.4279;;;;
Michael;09:02:27;15:26:40;-790.9634,186.4288,186.4288;;;;
Michael;09:02:27;15:26:40;-790.9656,186.4271,186.4271;;;;
Michael;09:02:28;15:26:41;-790.9628,186.4246,186.4246;;;;
Michael;09:02:28;15:26:41;-790.9632,186.4243,186.4243;;;;
Michael;09:02:29;15:26:42;-790.9697,186.4174,186.4174;;;;
Michael;09:02:29;15:26:42;-790.9817,186.3992,186.3992;;;;
Michael;09:02:30;15:26:43;-790.9872,186.3928,186.3928;;;;
Michael;09:02:30;15:26:43;-790.9896,186.3956,186.3956;;;;
Michael;09:02:31;15:26:44;-790.9907,186.3973,186.3973;;;;
Michael;09:02:32;15:26:44;-790.986,186.3925,186.3925;;;;
Michael;09:02:32;15:26:45;-790.9799,186.3881,186.3881;;;;
Michael;09:02:33;15:26:45;-790.983,186.3911,186.3911;;;;
Michael;09:02:33;15:26:46;-790.9787,186.397,186.397;;;;
Michael;09:02:34;15:26:46;-790.9716,186.4045,186.4045;;;;
Michael;09:02:34;15:26:47;-790.9694,186.4118,186.4118;;;;
Michael;09:02:35;15:26:47;-790.9591,186.4124,186.4124;;;;
Michael;09:02:35;15:26:48;-790.9343,186.387,186.387;;;;
Michael;09:02:36;15:26:49;-790.9144,186.3011,186.3011;;;;
Michael;09:02:36;15:26:49;-790.9294,186.2485,186.2485;;Oh, wow!;Cutscene;Cutscene
Michael;09:02:37;15:26:50;-790.934,186.2555,186.2555;;;;
Michael;09:02:37;15:26:50;-790.9324,186.2746,186.2746;;;;
Michael;09:02:38;15:26:51;-790.9278,186.28,186.28;;;;
Michael;09:02:38;15:26:51;-790.9791,186.2354,186.2354;;;;
Michael;09:02:39;15:26:52;-791.0125,186.238,186.238;;;;
Michael;09:02:39;15:26:52;-791.0286,186.275,186.275;;You feel that?;Cutscene;Cutscene
Michael;09:02:40;15:26:53;-791.03,186.3661,186.3661;;;;
Michael;09:02:40;15:26:53;-791.0198,186.4483,186.4483;;;;
Michael;09:02:41;15:26:54;-791.0026,186.4568,186.4568;;The emotion inside?;Cutscene;Cutscene
Michael;09:02:41;15:26:54;-791.0308,186.4791,186.4791;;;;
Michael;09:02:42;15:26:55;-791.0659,186.4527,186.4527;;;;
Michael;09:02:42;15:26:55;-791.0287,186.3759,186.3759;;;;
Michael;09:02:43;15:26:56;-791.0399,186.265,186.265;;Let it go!;Cutscene;Cutscene
Michael;09:02:43;15:26:56;-791.0336,186.2269,186.2269;;;;
Michael;09:02:44;15:26:57;-790.9927,186.235,186.235;;;;
Michael;09:02:44;15:26:57;-790.9974,186.2198,186.2198;;;;
Michael;09:02:45;15:26:58;-791.0105,186.2238,186.2238;;;;
Michael;09:02:46;15:26:58;-791.0175,186.2285,186.2285;;;;
Michael;09:02:46;15:26:59;-791.0242,186.2374,186.2374;;;;
Michael;09:02:47;15:26:59;-791.0395,186.2317,186.2317;;Michael, join us.;Cutscene;Cutscene
Michael;09:02:47;15:27:00;-790.9977,186.2335,186.2335;;;;
Michael;09:02:48;15:27:00;-790.9433,186.2421,186.2421;;;;
Michael;09:02:48;15:27:01;-790.9054,186.2676,186.2676;;;;
Michael;09:02:49;15:27:01;-790.9054,186.2676,186.2676;;;;
Michael;09:02:49;15:27:02;-790.9054,186.2676,186.2676;;;;
Michael;09:02:50;15:27:03;-790.9054,186.2676,186.2676;;Okay...;Cutscene;Cutscene
Michael;09:02:50;15:27:03;-790.9054,186.2676,186.2676;;;;
Michael;09:02:51;15:27:04;-790.9054,186.2676,186.2676;;;;
Michael;09:02:51;15:27:04;-790.9054,186.2676,186.2676;;I feel like I'm channeling bullshit right now.;MICHAEL;FAM5_DEAA
Michael;09:02:51;15:27:05;-790.9054,186.2676,186.2676;;;;
Michael;09:02:51;15:27:05;-790.9054,186.2676,186.2676;;;;
Michael;09:02:51;15:27:06;-790.9054,186.2676,186.2676;;;;
Michael;09:02:51;15:27:06;-790.9054,186.2676,186.2676;;;;
Michael;09:02:51;15:27:07;-790.9054,186.2676,186.2676;;;;
Michael;09:02:51;15:27:07;-790.9054,186.2676,186.2676;;What the hell am I doing?;MICHAEL;FAM5_DFAA
Michael;09:02:51;15:27:08;-790.9054,186.2676,186.2676;;;;
Michael;09:02:51;15:27:08;-790.9054,186.2676,186.2676;;;;
Michael;09:02:51;15:27:09;-790.9054,186.2676,186.2676;;;;
Michael;09:02:51;15:27:09;-790.9054,186.2676,186.2676;;;;
Michael;09:02:51;15:27:10;-790.9054,186.2676,186.2676;;Maybe this is too complex.;FABIAN;FAM5_FTAA
Michael;09:02:51;15:27:10;-790.9054,186.2676,186.2676;;;;
Michael;09:02:51;15:27:11;-790.9054,186.2676,186.2676;;;;
Michael;09:02:51;15:27:11;-790.9054,186.2676,186.2676;;;;
Michael;09:02:51;15:27:12;-790.9054,186.2676,186.2676;;;;
Michael;09:02:51;15:27:12;-790.9054,186.2676,186.2676;;;;
Michael;09:02:51;15:27:13;-790.9054,186.2676,186.2676;;;;
Michael;09:02:51;15:27:13;-790.9054,186.2676,186.2676;;;;
Michael;09:02:51;15:27:14;-790.9054,186.2676,186.2676;;;;
Michael;09:02:51;15:27:14;-790.9054,186.2676,186.2676;;;;
Michael;09:02:51;15:27:15;-790.9054,186.2676,186.2676;;;;
Michael;09:02:51;15:27:16;-790.9054,186.2676,186.2676;;You are just a globule of sweat in the infinite depths of Ishvara's armpits.;FABIAN;FAM5_FUAA
Michael;09:02:51;15:27:16;-790.9054,186.2676,186.2676;;;;
Michael;09:02:51;15:27:17;-790.9054,186.2676,186.2676;;;;
Michael;09:02:51;15:27:17;-790.9054,186.2676,186.2676;;;;
Michael;09:02:51;15:27:18;-790.9054,186.2676,186.2676;;;;
Michael;09:02:51;15:27:18;-790.9054,186.2676,186.2676;;;;
Michael;09:02:51;15:27:19;-790.9054,186.2676,186.2676;;;;
Michael;09:02:51;15:27:19;-790.9054,186.2676,186.2676;;;;
Michael;09:02:51;15:27:20;-790.9054,186.2676,186.2676;;;;
Michael;09:02:51;15:27:20;-790.9054,186.2676,186.2676;;;;
Michael;09:02:51;15:27:21;-790.9054,186.2676,186.2676;;The silly man forgets to breathe.;FABIAN;FAM5_FYAA
Michael;09:02:51;15:27:21;-790.9054,186.2676,186.2676;;;;
Michael;09:02:51;15:27:22;-790.9054,186.2676,186.2676;;;;
Michael;09:02:51;15:27:22;-790.9054,186.2676,186.2676;;;;
Michael;09:02:51;15:27:23;-790.9054,186.2676,186.2676;;;;
Michael;09:02:51;15:27:23;-790.9054,186.2676,186.2676;;Just exhale, Michael.;AMANDA;FAM5_EYAA
Michael;09:02:51;15:27:24;-790.9054,186.2676,186.2676;;;;
Michael;09:02:51;15:27:24;-790.9054,186.2676,186.2676;;;;
Michael;09:02:51;15:27:25;-790.9054,186.2676,186.2676;;;;
Michael;09:02:51;15:27:25;-790.9054,186.2676,186.2676;;Erect. Turgid. Hold it. Stroke it.;FABIAN;FAM5_FVAA
Michael;09:02:51;15:27:26;-790.9054,186.2676,186.2676;;;;
Michael;09:02:51;15:27:26;-790.9054,186.2676,186.2676;;;;
Michael;09:02:51;15:27:27;-790.9054,186.2676,186.2676;;;;
Michael;09:02:51;15:27:27;-790.9054,186.2676,186.2676;;;;
Michael;09:02:51;15:27:28;-790.9054,186.2676,186.2676;;;;
Michael;09:02:51;15:27:29;-790.9054,186.2676,186.2676;;;;
Michael;09:02:51;15:27:29;-790.9054,186.2676,186.2676;;;;
Michael;09:02:51;15:27:30;-790.9054,186.2676,186.2676;;;;
Michael;09:02:51;15:27:30;-790.9054,186.2676,186.2676;;;;
Michael;09:02:51;15:27:31;-790.9054,186.2676,186.2676;;;;
Michael;09:02:51;15:27:31;-790.9054,186.2676,186.2676;;;;
Michael;09:02:51;15:27:32;-790.9054,186.2676,186.2676;;Breathe, Michael.;FABIAN;FAM5_FYAA
Michael;09:02:51;15:27:32;-790.9054,186.2676,186.2676;;;;
Michael;09:02:51;15:27:33;-790.9054,186.2676,186.2676;;;;
Michael;09:02:51;15:27:33;-790.9054,186.2676,186.2676;;;;
Michael;09:02:51;15:27:34;-790.9054,186.2676,186.2676;;;;
Michael;09:02:51;15:27:34;-790.9054,186.2676,186.2676;;;;
Michael;09:02:51;15:27:35;-790.9054,186.2676,186.2676;;;;
Michael;09:02:51;15:27:35;-790.9054,186.2676,186.2676;;Keep it tight.;FABIAN;FAM5_FVAA
Michael;09:02:51;15:27:36;-790.9054,186.2676,186.2676;;;;
Michael;09:02:51;15:27:36;-790.9054,186.2676,186.2676;;;;
Michael;09:02:51;15:27:37;-790.9054,186.2676,186.2676;;;;
Michael;09:02:51;15:27:37;-790.9054,186.2676,186.2676;;;;
Michael;09:02:51;15:27:38;-790.9054,186.2676,186.2676;;;;
Michael;09:02:51;15:27:38;-790.9054,186.2676,186.2676;;;;
Michael;09:02:51;15:27:39;-790.9054,186.2676,186.2676;;;;
Michael;09:02:51;15:27:39;-790.9054,186.2676,186.2676;;;;
Michael;09:02:51;15:27:40;-790.9054,186.2676,186.2676;;;;
Michael;09:02:51;15:27:40;-790.9054,186.2676,186.2676;;;;
Michael;09:02:51;15:27:41;-790.9054,186.2676,186.2676;;;;
Michael;09:02:51;15:27:42;-790.9054,186.2676,186.2676;;;;
Michael;09:02:51;15:27:42;-790.9054,186.2676,186.2676;;;;
Michael;09:02:51;15:27:43;-790.9054,186.2676,186.2676;;Now, you breathe.;FABIAN;FAM5_FYAA
Michael;09:02:51;15:27:43;-790.9054,186.2676,186.2676;;;;
Michael;09:02:51;15:27:44;-790.9054,186.2676,186.2676;;;;
Michael;09:02:51;15:27:44;-790.9054,186.2676,186.2676;;;;
Michael;09:02:51;15:27:45;-790.9054,186.2676,186.2676;;;;
Michael;09:02:51;15:27:45;-790.9054,186.2676,186.2676;;;;
Michael;09:02:51;15:27:46;-790.9054,186.2676,186.2676;;;;
Michael;09:02:51;15:27:46;-790.9054,186.2676,186.2676;;Let it out, you're turning red.;AMANDA;FAM5_EYAA
Michael;09:02:51;15:27:47;-790.9054,186.2676,186.2676;;;;
Michael;09:02:51;15:27:47;-790.9054,186.2676,186.2676;;;;
Michael;09:02:51;15:27:48;-790.9054,186.2676,186.2676;;;;
Michael;09:02:51;15:27:48;-790.9054,186.2676,186.2676;;;;
Michael;09:02:51;15:27:49;-790.9054,186.2676,186.2676;;He's actually trying. I can't believe it.;AMANDA;FAM5_HAAA
Michael;09:02:51;15:27:49;-790.9054,186.2676,186.2676;;;;
Michael;09:02:51;15:27:50;-790.9054,186.2676,186.2676;;;;
Michael;09:02:51;15:27:50;-790.9054,186.2676,186.2676;;;;
Michael;09:02:51;15:27:51;-790.9054,186.2676,186.2676;;;;
Michael;09:02:51;15:27:51;-790.9054,186.2676,186.2676;;;;
Michael;09:02:51;15:27:52;-790.9054,186.2676,186.2676;;;;
Michael;09:02:51;15:27:52;-790.9054,186.2676,186.2676;;;;
Michael;09:02:51;15:27:53;-790.9054,186.2676,186.2676;;;;
Michael;09:02:51;15:27:53;-790.9054,186.2676,186.2676;;;;
Michael;09:02:51;15:27:54;-790.9054,186.2676,186.2676;;;;
Michael;09:02:51;15:27:55;-790.9054,186.2676,186.2676;;;;
Michael;09:02:51;15:27:55;-790.9054,186.2676,186.2676;;;;
Michael;09:02:51;15:27:56;-790.9054,186.2676,186.2676;;;;
Michael;09:02:51;15:27:56;-790.9054,186.2676,186.2676;;;;
Michael;09:02:51;15:27:57;-790.9054,186.2676,186.2676;;;;
Michael;09:02:51;15:27:57;-790.9054,186.2676,186.2676;;;;
Michael;09:02:51;15:27:58;-790.9054,186.2676,186.2676;;;;
Michael;09:02:51;15:27:58;-790.9054,186.2676,186.2676;;You can breathe, can't you?;FABIAN;FAM5_FYAA
Michael;09:02:51;15:27:59;-790.9054,186.2676,186.2676;;;;
Michael;09:02:51;15:27:59;-790.9054,186.2676,186.2676;;;;
Michael;09:02:51;15:28:00;-790.9054,186.2676,186.2676;;;;
Michael;09:02:51;15:28:00;-790.9054,186.2676,186.2676;;;;
Michael;09:02:51;15:28:01;-790.9054,186.2676,186.2676;;;;
Michael;09:02:51;15:28:01;-790.9054,186.2676,186.2676;;;;
Michael;09:02:51;15:28:02;-790.9054,186.2676,186.2676;;;;
Michael;09:02:51;15:28:02;-790.9054,186.2676,186.2676;;;;
Michael;09:02:51;15:28:03;-790.9054,186.2676,186.2676;;;;
Michael;09:02:51;15:28:03;-790.9054,186.2676,186.2676;;;;
Michael;09:02:51;15:28:04;-790.9054,186.2676,186.2676;;Tight. Tighter.;FABIAN;FAM5_FVAA
Michael;09:02:51;15:28:04;-790.9054,186.2676,186.2676;;;;
Michael;09:02:51;15:28:05;-790.9054,186.2676,186.2676;;;;
Michael;09:02:51;15:28:05;-790.9054,186.2676,186.2676;;;;
Michael;09:02:51;15:28:06;-790.9054,186.2676,186.2676;;;;
Michael;09:02:51;15:28:07;-790.9054,186.2676,186.2676;;Yeah, I'm about to feel some emotions alright.;MICHAEL;FAM5_DBAA
Michael;09:02:51;15:28:07;-790.9054,186.2676,186.2676;;;;
Michael;09:02:51;15:28:08;-790.9054,186.2676,186.2676;;;;
Michael;09:02:51;15:28:08;-790.9054,186.2676,186.2676;;;;
Michael;09:02:51;15:28:09;-790.9054,186.2676,186.2676;;;;
Michael;09:02:51;15:28:09;-791.0402,185.634,185.634;;;;
Michael;09:02:52;15:28:10;-791.0391,185.6805,185.6805;;;;
Michael;09:02:52;15:28:10;-791.042,185.7506,185.7506;;Remember, children.;Cutscene;Cutscene
Michael;09:02:53;15:28:11;-791.0856,185.8567,185.8567;;;;
Michael;09:02:53;15:28:11;-791.1586,186.053,186.053;;;;
Michael;09:02:54;15:28:12;-791.1854,186.2779,186.2779;;;;
Michael;09:02:54;15:28:12;-791.1832,186.2012,186.2012;;Do not fear the unknown.;Cutscene;Cutscene
Michael;09:02:55;15:28:13;-791.117,186.2824,186.2824;;;;
Michael;09:02:55;15:28:13;-791.0714,186.4472,186.4472;;;;
Michael;09:02:56;15:28:14;-790.9798,186.3768,186.3768;;;;
Michael;09:02:56;15:28:14;-791.018,186.2931,186.2931;;We are the unknown.;Cutscene;Cutscene
Michael;09:02:57;15:28:15;-790.9935,186.3104,186.3104;;;;
Michael;09:02:57;15:28:15;-790.9498,186.3562,186.3562;;;;
Michael;09:02:58;15:28:16;-790.9481,186.3951,186.3951;;;;
Michael;09:02:59;15:28:16;-790.9189,186.3579,186.3579;;Show us, Amanda.;Cutscene;Cutscene
Michael;09:02:59;15:28:17;-790.9297,186.3001,186.3001;;;;
Michael;09:03:00;15:28:17;-791.0181,186.3093,186.3093;;;;
Michael;09:03:00;15:28:18;-791.0194,186.3594,186.3594;;;;
Michael;09:03:01;15:28:18;-790.9481,186.2835,186.2835;;;;
Michael;09:03:01;15:28:19;-790.9586,186.2838,186.2838;;I don't think Michael's up to this.;Cutscene;Cutscene
Michael;09:03:02;15:28:19;-790.9283,186.3094,186.3094;;;;
Michael;09:03:02;15:28:20;-790.9014,186.3458,186.3458;;;;
Michael;09:03:03;15:28:21;-790.9277,186.3854,186.3854;;;;
Michael;09:03:03;15:28:21;-790.8904,186.3522,186.3522;;;;
Michael;09:03:04;15:28:22;-790.897,186.3284,186.3284;;;;
Michael;09:03:04;15:28:22;-790.9152,186.3094,186.3094;;He may surprise you.;Cutscene;Cutscene
Michael;09:03:05;15:28:23;-790.9437,186.308,186.308;;;;
Michael;09:03:05;15:28:23;-790.9431,186.2985,186.2985;;;;
Michael;09:03:06;15:28:24;-790.9268,186.297,186.297;;;;
Michael;09:03:06;15:28:24;-790.9344,186.3031,186.3031;;;;
Michael;09:03:07;15:28:25;-790.9534,186.3047,186.3047;;;;
Michael;09:03:07;15:28:25;-790.9697,186.306,186.306;;;;
Michael;09:03:08;15:28:26;-790.9626,186.3113,186.3113;;Plank.;Cutscene;Cutscene
Michael;09:03:08;15:28:26;-790.9793,186.3139,186.3139;;;;
Michael;09:03:09;15:28:27;-790.9527,186.3196,186.3196;;;;
Michael;09:03:09;15:28:27;-790.9502,186.317,186.317;;Chaturanga.;Cutscene;Cutscene
Michael;09:03:10;15:28:28;-790.9424,186.3198,186.3198;;;;
Michael;09:03:10;15:28:28;-790.9334,186.3208,186.3208;;Chatur... yaa...;Cutscene;Cutscene
Michael;09:03:11;15:28:29;-790.9263,186.3195,186.3195;;;;
Michael;09:03:12;15:28:29;-790.9086,186.3199,186.3199;;;;
Michael;09:03:12;15:28:30;-790.8722,186.3225,186.3225;;;;
Michael;09:03:13;15:28:30;-790.8577,186.311,186.311;;;;
Michael;09:03:13;15:28:31;-790.8491,186.3059,186.3059;;;;
Michael;09:03:14;15:28:31;-790.8446,186.306,186.306;;Feel the flow.;Cutscene;Cutscene
Michael;09:03:14;15:28:32;-790.8453,186.3071,186.3071;;;;
Michael;09:03:15;15:28:32;-790.8454,186.3023,186.3023;;;;
Michael;09:03:15;15:28:33;-790.8507,186.2888,186.2888;;;;
Michael;09:03:16;15:28:34;-790.8671,186.2746,186.2746;;;;
Michael;09:03:16;15:28:34;-790.8928,186.2735,186.2735;;Everything is flowing in me.;Cutscene;Cutscene
Michael;09:03:17;15:28:35;-790.9167,186.2829,186.2829;;;;
Michael;09:03:17;15:28:35;-790.9255,186.294,186.294;;;;
Michael;09:03:18;15:28:36;-790.9272,186.3005,186.3005;;;;
Michael;09:03:18;15:28:36;-790.9294,186.3003,186.3003;;;;
Michael;09:03:19;15:28:37;-790.9259,186.2948,186.2948;;;;
Michael;09:03:19;15:28:37;-790.9176,186.2866,186.2866;;;;
Michael;09:03:20;15:28:38;-790.9019,186.2698,186.2698;;;;
Michael;09:03:20;15:28:38;-790.8868,186.2522,186.2522;;;;
Michael;09:03:21;15:28:39;-790.8804,186.2463,186.2463;;;;
Michael;09:03:21;15:28:39;-790.8799,186.253,186.253;;;;
Michael;09:03:22;15:28:40;-790.8812,186.2618,186.2618;;;;
Michael;09:03:22;15:28:40;-790.8891,186.2674,186.2674;;;;
Michael;09:03:23;15:28:41;-790.8925,186.2714,186.2714;;;;
Michael;09:03:23;15:28:41;-790.8817,186.281,186.281;;;;
Michael;09:03:24;15:28:42;-790.8659,186.2923,186.2923;;;;
Michael;09:03:24;15:28:42;-790.8633,186.3019,186.3019;;;;
Michael;09:03:25;15:28:43;-790.8533,186.2934,186.2934;;;;
Michael;09:03:26;15:28:43;-790.906,186.293,186.293;;;;
Michael;09:03:26;15:28:44;-790.906,186.293,186.293;;I hope there is time for yoga to save you.;FABIAN;FAM5_GCAA
Michael;09:03:26;15:28:44;-790.906,186.293,186.293;;;;
Michael;09:03:26;15:28:45;-790.906,186.293,186.293;;;;
Michael;09:03:26;15:28:45;-790.906,186.293,186.293;;;;
Michael;09:03:26;15:28:46;-790.906,186.293,186.293;;;;
Michael;09:03:26;15:28:46;-790.906,186.293,186.293;;;;
Michael;09:03:26;15:28:47;-790.906,186.293,186.293;;Breathing is almost the most important thing, no?;FABIAN;FAM5_GHAA
Michael;09:03:26;15:28:48;-790.906,186.293,186.293;;;;
Michael;09:03:26;15:28:48;-790.906,186.293,186.293;;;;
Michael;09:03:26;15:28:49;-790.906,186.293,186.293;;;;
Michael;09:03:26;15:28:49;-790.906,186.293,186.293;;;;
Michael;09:03:26;15:28:50;-790.906,186.293,186.293;;;;
Michael;09:03:26;15:28:50;-790.906,186.293,186.293;;;;
Michael;09:03:26;15:28:51;-790.906,186.293,186.293;;Let it go.;AMANDA;FAM5_EYAA
Michael;09:03:26;15:28:51;-790.906,186.293,186.293;;;;
Michael;09:03:26;15:28:52;-790.906,186.293,186.293;;;;
Michael;09:03:26;15:28:52;-790.906,186.293,186.293;;;;
Michael;09:03:26;15:28:53;-790.906,186.293,186.293;;We might be about to witness the first yoga-induced heart attack.;AMANDA;FAM5_FFAA
Michael;09:03:26;15:28:53;-790.906,186.293,186.293;;;;
Michael;09:03:26;15:28:54;-790.906,186.293,186.293;;;;
Michael;09:03:26;15:28:54;-790.906,186.293,186.293;;;;
Michael;09:03:26;15:28:55;-790.906,186.293,186.293;;;;
Michael;09:03:26;15:28:55;-790.906,186.293,186.293;;;;
Michael;09:03:26;15:28:56;-790.906,186.293,186.293;;;;
Michael;09:03:26;15:28:56;-790.906,186.293,186.293;;;;
Michael;09:03:26;15:28:57;-790.906,186.293,186.293;;;;
Michael;09:03:26;15:28:57;-790.906,186.293,186.293;;Take in the air and release it.;FABIAN;FAM5_GHAA
Michael;09:03:26;15:28:58;-790.906,186.293,186.293;;;;
Michael;09:03:26;15:28:58;-790.906,186.293,186.293;;;;
Michael;09:03:26;15:28:59;-790.906,186.293,186.293;;;;
Michael;09:03:26;15:28:59;-790.906,186.293,186.293;;;;
Michael;09:03:26;15:29:00;-790.906,186.293,186.293;;;;
Michael;09:03:26;15:29:01;-790.906,186.293,186.293;;;;
Michael;09:03:26;15:29:01;-790.906,186.293,186.293;;;;
Michael;09:03:26;15:29:02;-790.906,186.293,186.293;;Oh... You gotta start braiding those armpits, Amanda.;MICHAEL;FAM5_DDAA
Michael;09:03:26;15:29:02;-790.906,186.293,186.293;;;;
Michael;09:03:26;15:29:03;-790.906,186.293,186.293;;;;
Michael;09:03:26;15:29:03;-790.906,186.293,186.293;;;;
Michael;09:03:26;15:29:04;-790.906,186.293,186.293;;;;
Michael;09:03:26;15:29:04;-790.906,186.293,186.293;;;;
Michael;09:03:26;15:29:05;-790.906,186.293,186.293;;Get up and go again.;AMANDA;FAM5_FEAA
Michael;09:03:26;15:29:05;-790.906,186.293,186.293;;;;
Michael;09:03:26;15:29:06;-790.906,186.293,186.293;;;;
Michael;09:03:26;15:29:06;-790.906,186.293,186.293;;;;
Michael;09:03:26;15:29:07;-790.906,186.293,186.293;;;;
Michael;09:03:26;15:29:07;-790.906,186.293,186.293;;;;
Michael;09:03:26;15:29:08;-790.906,186.293,186.293;;;;
Michael;09:03:26;15:29:08;-790.906,186.293,186.293;;;;
Michael;09:03:26;15:29:09;-790.906,186.293,186.293;;;;
Michael;09:03:26;15:29:09;-790.906,186.293,186.293;;;;
Michael;09:03:26;15:29:10;-790.906,186.293,186.293;;;;
Michael;09:03:26;15:29:10;-790.906,186.293,186.293;;;;
Michael;09:03:26;15:29:11;-790.906,186.293,186.293;;;;
Michael;09:03:26;15:29:11;-790.906,186.293,186.293;;;;
Michael;09:03:26;15:29:12;-790.906,186.293,186.293;;Be present please.;FABIAN;FAM5_GFAA
Michael;09:03:26;15:29:12;-790.906,186.293,186.293;;;;
Michael;09:03:26;15:29:13;-790.906,186.293,186.293;;;;
Michael;09:03:26;15:29:13;-790.906,186.293,186.293;;;;
Michael;09:03:26;15:29:14;-790.906,186.293,186.293;;;;
Michael;09:03:26;15:29:15;-790.906,186.293,186.293;;;;
Michael;09:03:26;15:29:15;-790.906,186.293,186.293;;;;
Michael;09:03:26;15:29:16;-790.906,186.293,186.293;;Breathe please, Michael.;FABIAN;FAM5_GHAA
Michael;09:03:26;15:29:16;-790.906,186.293,186.293;;;;
Michael;09:03:26;15:29:17;-790.906,186.293,186.293;;;;
Michael;09:03:26;15:29:17;-790.906,186.293,186.293;;;;
Michael;09:03:26;15:29:18;-790.906,186.293,186.293;;;;
Michael;09:03:26;15:29:18;-790.906,186.293,186.293;;;;
Michael;09:03:26;15:29:19;-790.906,186.293,186.293;;;;
Michael;09:03:26;15:29:19;-790.906,186.293,186.293;;Out with the breath.;FABIAN;FAM5_FOAA
Michael;09:03:26;15:29:20;-790.906,186.293,186.293;;;;
Michael;09:03:26;15:29:20;-790.906,186.293,186.293;;;;
Michael;09:03:26;15:29:21;-790.906,186.293,186.293;;;;
Michael;09:03:26;15:29:21;-790.906,186.293,186.293;;You're sweaty, Michael. That's all the impurities coming out.;AMANDA;FAM5_FFAA
Michael;09:03:26;15:29:22;-790.906,186.293,186.293;;;;
Michael;09:03:26;15:29:22;-790.906,186.293,186.293;;;;
Michael;09:03:26;15:29:23;-790.906,186.293,186.293;;;;
Michael;09:03:26;15:29:23;-790.906,186.293,186.293;;;;
Michael;09:03:26;15:29:24;-790.906,186.293,186.293;;;;
Michael;09:03:26;15:29:24;-790.906,186.293,186.293;;;;
Michael;09:03:26;15:29:25;-790.906,186.293,186.293;;Your lungs, they work, yes?;FABIAN;FAM5_GHAA
Michael;09:03:26;15:29:25;-790.906,186.293,186.293;;;;
Michael;09:03:26;15:29:26;-790.906,186.293,186.293;;;;
Michael;09:03:26;15:29:26;-790.906,186.293,186.293;;;;
Michael;09:03:26;15:29:27;-790.906,186.293,186.293;;;;
Michael;09:03:26;15:29:28;-790.906,186.293,186.293;;;;
Michael;09:03:26;15:29:28;-790.906,186.293,186.293;;;;
Michael;09:03:26;15:29:29;-790.906,186.293,186.293;;;;
Michael;09:03:26;15:29:29;-790.906,186.293,186.293;;;;
Michael;09:03:26;15:29:30;-790.906,186.293,186.293;;;;
Michael;09:03:26;15:29:30;-790.906,186.293,186.293;;;;
Michael;09:03:26;15:29:31;-790.906,186.293,186.293;;Your inner eye.;FABIAN;FAM5_GGAA
Michael;09:03:26;15:29:31;-790.906,186.293,186.293;;;;
Michael;09:03:26;15:29:32;-790.906,186.293,186.293;;;;
Michael;09:03:26;15:29:32;-790.906,186.293,186.293;;;;
Michael;09:03:26;15:29:33;-790.906,186.293,186.293;;;;
Michael;09:03:26;15:29:33;-790.906,186.293,186.293;;;;
Michael;09:03:26;15:29:34;-790.906,186.293,186.293;;;;
Michael;09:03:26;15:29:34;-790.906,186.293,186.293;;;;
Michael;09:03:26;15:29:35;-790.906,186.293,186.293;;;;
Michael;09:03:26;15:29:35;-790.906,186.293,186.293;;;;
Michael;09:03:26;15:29:36;-790.906,186.293,186.293;;;;
Michael;09:03:26;15:29:36;-790.906,186.293,186.293;;;;
Michael;09:03:26;15:29:37;-790.906,186.293,186.293;;;;
Michael;09:03:26;15:29:37;-790.906,186.293,186.293;;Breathing is almost the most important thing, no?;FABIAN;FAM5_GHAA
Michael;09:03:26;15:29:38;-790.906,186.2929,186.2929;;;;
Michael;09:03:26;15:29:38;-790.906,186.2928,186.2928;;;;
Michael;09:03:26;15:29:39;-790.906,186.293,186.293;;;;
Michael;09:03:26;15:29:39;-790.906,186.2929,186.2929;;;;
Michael;09:03:26;15:29:40;-790.906,186.2929,186.2929;;;;
Michael;09:03:26;15:29:40;-790.906,186.2928,186.2928;;;;
Michael;09:03:26;15:29:41;-790.906,186.293,186.293;;Out through those wrinkled lips.;FABIAN;FAM5_FOAA
Michael;09:03:26;15:29:42;-790.906,186.2929,186.2929;;;;
Michael;09:03:26;15:29:42;-790.906,186.2929,186.2929;;;;
Michael;09:03:26;15:29:43;-790.906,186.293,186.293;;;;
Michael;09:03:26;15:29:43;-790.906,186.2929,186.2929;;;;
Michael;09:03:26;15:29:44;-790.906,186.2929,186.2929;;;;
Michael;09:03:26;15:29:44;-790.906,186.293,186.293;;The backward eye between your thigh.;FABIAN;FAM5_GGAA
Michael;09:03:26;15:29:45;-790.906,186.293,186.293;;;;
Michael;09:03:26;15:29:45;-790.906,186.293,186.293;;;;
Michael;09:03:26;15:29:46;-790.906,186.293,186.293;;;;
Michael;09:03:26;15:29:46;-790.906,186.293,186.293;;;;
Michael;09:03:26;15:29:47;-790.906,186.293,186.293;;Take in the air and release it.;FABIAN;FAM5_GHAA
Michael;09:03:26;15:29:47;-790.906,186.293,186.293;;;;
Michael;09:03:26;15:29:48;-790.906,186.293,186.293;;;;
Michael;09:03:26;15:29:48;-790.906,186.293,186.293;;;;
Michael;09:03:26;15:29:49;-790.906,186.293,186.293;;;;
Michael;09:03:26;15:29:49;-790.906,186.293,186.293;;;;
Michael;09:03:26;15:29:50;-790.906,186.293,186.293;;;;
Michael;09:03:26;15:29:50;-790.906,186.293,186.293;;;;
Michael;09:03:26;15:29:51;-790.906,186.293,186.293;;;;
Michael;09:03:26;15:29:51;-790.906,186.293,186.293;;This is what I was talking about, can't you see how blocked he is?;AMANDA;FAM5_FFAA
Michael;09:03:26;15:29:52;-790.906,186.293,186.293;;;;
Michael;09:03:26;15:29:52;-790.906,186.293,186.293;;;;
Michael;09:03:26;15:29:53;-790.906,186.293,186.293;;;;
Michael;09:03:26;15:29:53;-790.906,186.293,186.293;;;;
Michael;09:03:26;15:29:54;-790.906,186.293,186.293;;;;
Michael;09:03:26;15:29:54;-790.906,186.293,186.293;;;;
Michael;09:03:26;15:29:55;-790.906,186.293,186.293;;;;
Michael;09:03:26;15:29:56;-790.906,186.293,186.293;;Breathe please, Michael.;FABIAN;FAM5_GHAA
Michael;09:03:26;15:29:56;-790.906,186.293,186.293;;;;
Michael;09:03:26;15:29:57;-790.906,186.293,186.293;;;;
Michael;09:03:26;15:29:57;-790.906,186.293,186.293;;;;
Michael;09:03:26;15:29:58;-790.906,186.293,186.293;;;;
Michael;09:03:26;15:29:58;-790.906,186.293,186.293;;Out through the mouth.;FABIAN;FAM5_FOAA
Michael;09:03:26;15:29:59;-790.906,186.293,186.293;;;;
Michael;09:03:26;15:29:59;-790.906,186.293,186.293;;;;
Michael;09:03:26;15:30:00;-790.906,186.293,186.293;;;;
Michael;09:03:26;15:30:00;-790.906,186.293,186.293;;For a meat eater, is okay.;FABIAN;FAM5_GGAA
Michael;09:03:26;15:30:01;-790.906,186.293,186.293;;;;
Michael;09:03:26;15:30:01;-790.906,186.293,186.293;;;;
Michael;09:03:26;15:30:02;-790.906,186.293,186.293;;;;
Michael;09:03:26;15:30:02;-790.906,186.293,186.293;;;;
Michael;09:03:26;15:30:03;-790.906,186.293,186.293;;;;
Michael;09:03:26;15:30:03;-790.906,186.293,186.293;;;;
Michael;09:03:26;15:30:04;-790.906,186.293,186.293;;;;
Michael;09:03:26;15:30:04;-790.906,186.293,186.293;;;;
Michael;09:03:26;15:30:05;-790.906,186.293,186.293;;;;
Michael;09:03:26;15:30:05;-790.906,186.293,186.293;;Your lungs, they work, yes?;FABIAN;FAM5_GHAA
Michael;09:03:26;15:30:06;-790.906,186.293,186.293;;;;
Michael;09:03:26;15:30:06;-790.906,186.293,186.293;;;;
Michael;09:03:26;15:30:07;-790.906,186.293,186.293;;;;
Michael;09:03:26;15:30:07;-790.906,186.293,186.293;;;;
Michael;09:03:26;15:30:08;-790.906,186.293,186.293;;;;
Michael;09:03:26;15:30:09;-790.906,186.293,186.293;;;;
Michael;09:03:26;15:30:09;-790.906,186.293,186.293;;;;
Michael;09:03:26;15:30:10;-790.906,186.293,186.293;;;;
Michael;09:03:26;15:30:10;-790.906,186.293,186.293;;;;
Michael;09:03:26;15:30:11;-790.906,186.293,186.293;;;;
Michael;09:03:26;15:30:11;-790.906,186.293,186.293;;;;
Michael;09:03:26;15:30:12;-790.906,186.293,186.293;;Hold the anus.;FABIAN;FAM5_GGAA
Michael;09:03:26;15:30:12;-790.906,186.293,186.293;;;;
Michael;09:03:26;15:30:13;-790.906,186.293,186.293;;;;
Michael;09:03:26;15:30:13;-790.906,186.293,186.293;;;;
Michael;09:03:26;15:30:14;-790.906,186.293,186.293;;;;
Michael;09:03:26;15:30:14;-790.906,186.293,186.293;;;;
Michael;09:03:26;15:30:15;-790.906,186.293,186.293;;;;
Michael;09:03:26;15:30:15;-790.906,186.293,186.293;;;;
Michael;09:03:26;15:30:16;-790.906,186.293,186.293;;;;
Michael;09:03:26;15:30:16;-790.906,186.293,186.293;;;;
Michael;09:03:26;15:30:17;-790.906,186.293,186.293;;Breathing is almost the most important thing, no?;FABIAN;FAM5_GHAA
Michael;09:03:26;15:30:17;-790.906,186.293,186.293;;;;
Michael;09:03:26;15:30:18;-790.906,186.293,186.293;;;;
Michael;09:03:26;15:30:18;-790.906,186.293,186.293;;;;
Michael;09:03:26;15:30:19;-790.906,186.293,186.293;;;;
Michael;09:03:26;15:30:19;-790.906,186.293,186.293;;;;
Michael;09:03:26;15:30:20;-790.906,186.293,186.293;;;;
Michael;09:03:26;15:30:20;-790.906,186.293,186.293;;;;
Michael;09:03:26;15:30:21;-790.906,186.293,186.293;;Let it out.;FABIAN;FAM5_FOAA
Michael;09:03:26;15:30:22;-790.906,186.293,186.293;;;;
Michael;09:03:26;15:30:22;-790.906,186.293,186.293;;;;
Michael;09:03:26;15:30:23;-790.906,186.293,186.293;;;;
Michael;09:03:26;15:30:23;-790.906,186.293,186.293;;Okay.;FABIAN;FAM5_GGAA
Michael;09:03:26;15:30:24;-790.906,186.293,186.293;;;;
Michael;09:03:26;15:30:24;-791.0354,186.352,186.352;;;;
Michael;09:03:27;15:30:25;-791.0282,186.3485,186.3485;;;;
Michael;09:03:27;15:30:25;-790.9704,186.3378,186.3378;;;;
Michael;09:03:28;15:30:26;-791.0164,186.4602,186.4602;;;;
Michael;09:03:28;15:30:26;-790.963,186.3967,186.3967;;;;
Michael;09:03:29;15:30:27;-790.9063,186.3839,186.3839;;You have come a long way today, Michael.;Cutscene;Cutscene
Michael;09:03:29;15:30:27;-790.9422,186.4548,186.4548;;;;
Michael;09:03:30;15:30:28;-790.9249,186.3755,186.3755;;;;
Michael;09:03:30;15:30:28;-790.9567,186.2826,186.2826;;;;
Michael;09:03:31;15:30:29;-790.9421,186.3116,186.3116;;;;
Michael;09:03:31;15:30:29;-790.9409,186.4647,186.4647;;Yes, later you will cry like a baby.;Cutscene;Cutscene
Michael;09:03:32;15:30:30;-790.9708,186.5181,186.5181;;;;
Michael;09:03:32;15:30:30;-790.9825,186.3847,186.3847;;;;
Michael;09:03:33;15:30:31;-790.9351,186.2967,186.2967;;;;
Michael;09:03:34;15:30:31;-790.8621,186.377,186.377;;Yeah... right.;Cutscene;Cutscene
Michael;09:03:34;15:30:32;-790.8825,186.4547,186.4547;;;;
Michael;09:03:35;15:30:32;-790.9473,186.4749,186.4749;;His chakras are completely blocked.;Cutscene;Cutscene
Michael;09:03:35;15:30:33;-790.9291,186.5279,186.5279;;;;
Michael;09:03:36;15:30:33;-790.9954,186.5316,186.5316;;;;
Michael;09:03:36;15:30:34;-791.014,186.4615,186.4615;;;;
Michael;09:03:37;15:30:34;-791.0016,186.3368,186.3368;;;;
Michael;09:03:37;15:30:35;-791.0419,186.2706,186.2706;;;;
Michael;09:03:38;15:30:36;-790.9645,186.3215,186.3215;;Don't worry about him.;Cutscene;Cutscene
Michael;09:03:38;15:30:36;-790.9478,186.3722,186.3722;;;;
Michael;09:03:39;15:30:37;-791.0038,186.3496,186.3496;;Show me the downward dog.;Cutscene;Cutscene
Michael;09:03:39;15:30:37;-791.0016,186.3009,186.3009;;;;
Michael;09:03:40;15:30:38;-790.9522,186.3515,186.3515;;;;
Michael;09:03:40;15:30:38;-790.9411,186.3929,186.3929;;;;
Michael;09:03:41;15:30:39;-790.9329,186.3634,186.3634;;;;
Michael;09:03:41;15:30:39;-790.9594,186.3143,186.3143;;;;
Michael;09:03:42;15:30:40;-790.9744,186.3091,186.3091;;;;
Michael;09:03:42;15:30:40;-790.9761,186.3449,186.3449;;I'm glad we have helped with your impotence, Michael.;Cutscene;Cutscene
Michael;09:03:43;15:30:41;-790.9924,186.3715,186.3715;;;;
Michael;09:03:43;15:30:41;-790.9929,186.3708,186.3708;;;;
Michael;09:03:44;15:30:42;-790.9959,186.3723,186.3723;;;;
Michael;09:03:44;15:30:42;-790.9859,186.3775,186.3775;;;;
Michael;09:03:45;15:30:43;-790.9743,186.3756,186.3756;;What'd you say?;Cutscene;Cutscene
Michael;09:03:45;15:30:43;-790.9457,186.3726,186.3726;;;;
Michael;09:03:46;15:30:44;-790.962,186.3765,186.3765;;Your sexual energies have been blocked for too long.;Cutscene;Cutscene
Michael;09:03:47;15:30:44;-790.9471,186.3616,186.3616;;;;
Michael;09:03:47;15:30:45;-790.9482,186.3633,186.3633;;;;
Michael;09:03:48;15:30:45;-790.949,186.3659,186.3659;;;;
Michael;09:03:48;15:30:46;-790.9525,186.3684,186.3684;;;;
Michael;09:03:49;15:30:46;-790.9519,186.3659,186.3659;;;;
Michael;09:03:49;15:30:47;-790.9427,186.3661,186.3661;;;;
Michael;09:03:50;15:30:47;-790.9511,186.3774,186.3774;;Back into my pelvis.;Cutscene;Cutscene
Michael;09:03:50;15:30:48;-790.9825,186.3905,186.3905;;;;
Michael;09:03:51;15:30:49;-790.9878,186.3989,186.3989;;Back, back back, yes...;Cutscene;Cutscene
Michael;09:03:51;15:30:49;-791.001,186.4545,186.4545;;;;
Michael;09:03:52;15:30:50;-791.0779,186.4895,186.4895;;;;
Michael;09:03:52;15:30:50;-791.1168,186.4028,186.4028;;there you go. Hmm, it's very nice.;Cutscene;Cutscene
Michael;09:03:53;15:30:51;-791.1317,186.4057,186.4057;;;;
Michael;09:03:53;15:30:51;-791.0449,186.4821,186.4821;;;;
Michael;09:03:54;15:30:52;-791.0271,186.5123,186.5123;;;;
Michael;09:03:54;15:30:52;-791.0751,186.4542,186.4542;;;;
Michael;09:03:55;15:30:53;-791.0737,186.4322,186.4322;;;;
Michael;09:03:55;15:30:53;-790.9153,186.5059,186.5059;;;;
Michael;09:03:56;15:30:54;-790.7109,186.413,186.413;;;;
Michael;09:03:56;15:30:54;-789.9968,185.9661,185.9661;;;;
Michael;09:03:57;15:30:55;-788.4791,185.1973,185.1973;;;;
Michael;09:03:57;15:30:55;-787.0742,184.2785,184.2785;;;;
Michael;09:03:58;15:30:56;-785.6584,183.4701,183.4701;;;;
Michael;09:03:58;15:30:56;-785.2814,183.1597,183.1597;;;;
Michael;09:03:59;15:30:57;-785.3115,183.1748,183.1748;;;;
Michael;09:04:00;15:30:57;-783.2885,182.7484,182.7484;;;;
Michael;09:04:00;15:30:58;-783.3904,182.7421,182.7421;;;;
Michael;09:04:01;15:30:58;-783.45,182.6316,182.6316;;;;
Michael;09:04:01;15:30:59;-783.4567,182.6208,182.6208;;Yoga is the answer, Michael.;Cutscene;Cutscene
Michael;09:04:02;15:30:59;-783.4509,182.6549,182.6549;;;;
Michael;09:04:02;15:31:00;-783.4184,182.6821,182.6821;;;;
Michael;09:04:03;15:31:00;-783.3588,182.7169,182.7169;;;;
Michael;09:04:03;15:31:01;-783.3439,182.7286,182.7286;;;;
Michael;09:04:04;15:31:02;-783.3751,182.7053,182.7053;;But what is the question?;Cutscene;Cutscene
Michael;09:04:04;15:31:02;-783.4311,182.6704,182.6704;;;;
Michael;09:04:05;15:31:03;-783.5917,182.7321,182.7321;;Err, why am I such a moron?;Cutscene;Cutscene
Michael;09:04:05;15:31:03;-783.6237,182.7345,182.7345;;;;
Michael;09:04:06;15:31:04;-783.6323,182.694,182.694;;;;
Michael;09:04:06;15:31:04;-783.6012,182.6334,182.6334;;;;
Michael;09:04:07;15:31:05;-784.2711,182.9292,182.9292;;;;
Michael;09:04:07;15:31:05;-784.1175,183.0223,183.0223;;We are leaving and we are never coming back!;Cutscene;Cutscene
Michael;09:04:08;15:31:06;-784.2355,182.8232,182.8232;;;;
Michael;09:04:08;15:31:06;-784.3421,182.7327,182.7327;;;;
Michael;09:04:09;15:31:07;-784.5475,182.6998,182.6998;;;;
Michael;09:04:09;15:31:07;-784.7884,182.6634,182.6634;;;;
Michael;09:04:10;15:31:08;-784.6132,182.1922,182.1922;;Good!;Cutscene;Cutscene
Michael;09:04:10;15:31:08;-784.4791,182.4185,182.4185;;;;
Michael;09:04:11;15:31:09;-785.7156,182.6993,182.6993;;You are alone, you pathetic psychopath.;Cutscene;Cutscene
Michael;09:04:11;15:31:09;-785.7924,182.5311,182.5311;;;;
Michael;09:04:12;15:31:10;-785.9182,182.5126,182.5126;;;;
Michael;09:04:12;15:31:10;-786.2137,182.5501,182.5501;;;;
Michael;09:04:13;15:31:11;-786.2353,182.5853,182.5853;;;;
Michael;09:04:14;15:31:11;-786.2626,182.5529,182.5529;;Ugh.;Cutscene;Cutscene
Michael;09:04:14;15:31:12;-786.3407,182.6467,182.6467;;;;
Michael;09:04:15;15:31:12;-786.3199,182.6486,182.6486;;Fuck you!;Cutscene;Cutscene
Michael;09:04:15;15:31:13;-786.4331,182.5099,182.5099;;;;
Michael;09:04:16;15:31:13;-786.5218,182.6193,182.6193;;;;
Michael;09:04:16;15:31:14;-786.655,182.746,182.746;;;;
Michael;09:04:17;15:31:15;-786.8126,182.7119,182.7119;;And that phony French...;Cutscene;Cutscene
Michael;09:04:17;15:31:15;-787.0094,182.6798,182.6798;;;;
Michael;09:04:18;15:31:16;-787.2194,182.8205,182.8205;;;;
Michael;09:04:18;15:31:16;-787.5983,182.7825,182.7825;;;;
Michael;09:04:19;15:31:17;-788.0422,182.7627,182.7627;;;;
Michael;09:04:19;15:31:17;-788.1771,182.7991,182.7991;;;;
Michael;09:04:20;15:31:18;-788.1567,182.8446,182.8446;;fucking yogi.;Cutscene;Cutscene
Michael;09:04:20;15:31:18;-788.3768,182.7354,182.7354;;;;
Michael;09:04:21;15:31:19;-788.7477,182.5785,182.5785;;;;
Michael;09:04:21;15:31:19;-788.9847,182.4483,182.4483;;;;
Michael;09:04:22;15:31:20;-789.7128,181.6172,181.6172;;;;
Michael;09:04:22;15:31:20;-789.7461,181.6221,181.6221;;;;
Michael;09:04:23;15:31:21;-789.7224,181.6685,181.6685;;;;
Michael;09:04:23;15:31:21;-789.7498,181.7057,181.7057;;;;
Michael;09:04:24;15:31:22;-789.6987,181.7467,181.7467;;;;
Michael;09:04:24;15:31:22;-789.6675,181.8854,181.8854;;;;
Michael;09:04:25;15:31:23;-789.6945,181.8477,181.8477;;;;
Michael;09:04:25;15:31:23;-790.1961,181.5723,181.5723;;;;
Michael;09:04:26;15:31:24;-791.8533,180.7285,180.7285;;;;
Michael;09:04:26;15:31:24;-793.5695,181.8941,181.8941;;;;
Michael;09:04:27;15:31:25;-793.2813,182.3307,182.3307;;;;
Michael;09:04:28;15:31:25;-794.0343,182.3006,182.3006;;;;
Michael;09:04:28;15:31:26;-794.8558,181.3059,181.3059;;;;
Michael;09:04:29;15:31:26;-795.1081,179.3153,179.3153;;;;
Michael;09:04:29;15:31:27;-796.6134,178.5288,178.5288;;;;
Michael;09:04:30;15:31:27;-798.6905,178.7613,178.7613;;;;
Michael;09:04:30;15:31:28;-800.931,179.6643,179.6643;;;;
Michael;09:04:31;15:31:29;-802.3975,181.1435,181.1435;;;;
Michael;09:04:31;15:31:29;-803.8896,182.0967,182.0967;;;;
Michael;09:04:32;15:31:30;-805.9012,182.4526,182.4526;;;;
Michael;09:04:32;15:31:30;-806.1284,183.9022,183.9022;;James!;MICHAEL;FAM5_AUAA
Michael;09:04:33;15:31:31;-805.2814,182.732,182.732;;;;
Michael;09:04:33;15:31:31;-805.4431,180.5907,180.5907;;Leave me alone!;JIMMY;FAM5_DGAA
Michael;09:04:34;15:31:32;-807.1757,179.9407,179.9407;;;;
Michael;09:04:34;15:31:32;-808.6847,178.8905,178.8905;;;;
Michael;09:04:35;15:31:33;-807.9023,177.2553,177.2553;;;;
Michael;09:04:35;15:31:33;-806.9317,175.3846,175.3846;;;;
Michael;09:04:36;15:31:34;-806.3575,173.78,173.78;;;;
Michael;09:04:36;15:31:34;-806.4377,172.0884,172.0884;;;;
Michael;09:04:37;15:31:35;-806.9053,172.0126,172.0126;;;;
Michael;09:04:37;15:31:35;-807.1367,173.2937,173.2937;;;;
Michael;09:04:38;15:31:36;-807.3054,175.4235,175.4235;;;;
Michael;09:04:39;15:31:36;-808.2487,177.152,177.152;;;;
Michael;09:04:39;15:31:37;-809.359,178.6709,178.6709;;;;
Michael;09:04:40;15:31:37;-810.8957,180.2697,180.2697;;Oh yeah, fuck you!;JIMMY;FAM5_DSAA
Michael;09:04:40;15:31:38;-810.558,182.0013,182.0013;;;;
Michael;09:04:41;15:31:38;-809.3725,182.8774,182.8774;;;;
Michael;09:04:41;15:31:39;-808.3893,183.2746,183.2746;;;;
Michael;09:04:42;15:31:40;-806.7104,183.3788,183.3788;;You know what? If there was a rape button, I'd be using it right now.;JIMMY;FAM5_DSAB
Michael;09:04:42;15:31:40;-805.7184,182.1828,182.1828;;;;
Michael;09:04:43;15:31:41;-805.4178,181.1871,181.1871;;;;
Michael;09:04:43;15:31:41;-805.5508,179.3141,179.3141;;;;
Michael;09:04:44;15:31:42;-806.8406,177.8298,177.8298;;;;
Michael;09:04:44;15:31:42;-807.5557,176.1995,176.1995;;Unless you're a faggot and you like that sort of shit. And then I'll just rape your mom instead.;JIMMY;FAM5_DSAC
Michael;09:04:45;15:31:43;-806.6447,175.1587,175.1587;;;;
Michael;09:04:45;15:31:43;-806.0425,174.8548,174.8548;;;;
Michael;09:04:46;15:31:44;-805.9717,174.1129,174.1129;;Nice TV. I pay for that?;MICHAEL;FAM5_DUAA
Michael;09:04:46;15:31:44;-806.6227,173.5028,173.5028;;;;
Michael;09:04:47;15:31:45;-807.2355,172.8708,172.8708;;;;
Michael;09:04:47;15:31:45;-807.6472,172.0887,172.0887;;;;
Michael;09:04:48;15:31:46;-807.975,171.2572,171.2572;;;;
Michael;09:04:48;15:31:46;-808.2461,170.925,170.925;;;;
Michael;09:04:49;15:31:47;-806.5931,173.8246,173.8246;;Yeah, you smashed the other one, didn't you?;Cutscene;Cutscene
Michael;09:04:50;15:31:47;-806.5929,173.8229,173.8229;;;;
Michael;09:04:50;15:31:48;-806.5981,173.8179,173.8179;;;;
Michael;09:04:51;15:31:48;-806.5985,173.8187,173.8187;;;;
Michael;09:04:51;15:31:49;-806.5995,173.8152,173.8152;;;;
Michael;09:04:52;15:31:49;-806.5983,173.8119,173.8119;;;;
Michael;09:04:52;15:31:50;-806.5896,173.8105,173.8105;;;;
Michael;09:04:53;15:31:50;-806.5934,173.7694,173.7694;;Alright, come on.;Cutscene;Cutscene
Michael;09:04:53;15:31:51;-806.6211,173.5698,173.5698;;;;
Michael;09:04:54;15:31:52;-806.6336,173.3645,173.3645;;I wanna go for a ride.;Cutscene;Cutscene
Michael;09:04:54;15:31:52;-806.7263,173.1951,173.1951;;;;
Michael;09:04:55;15:31:53;-806.9753,173.0319,173.0319;;I gotta meet a friend.;Cutscene;Cutscene
Michael;09:04:55;15:31:53;-806.9742,173.0284,173.0284;;;;
Michael;09:04:56;15:31:54;-806.9833,173.0115,173.0115;;;;
Michael;09:04:56;15:31:54;-807.0186,172.9163,172.9163;;Alright, so I'll go meet him with you.;Cutscene;Cutscene
Michael;09:04:57;15:31:55;-806.9741,172.7426,172.7426;;;;
Michael;09:04:57;15:31:55;-806.9337,172.6013,172.6013;;;;
Michael;09:04:58;15:31:56;-807.0516,172.4258,172.4258;;Come on, I wanna get out of the house,;Cutscene;Cutscene
Michael;09:04:58;15:31:56;-807.1727,172.3785,172.3785;;;;
Michael;09:04:59;15:31:57;-807.1793,172.4662,172.4662;;;;
Michael;09:04:59;15:31:57;-807.1962,172.638,172.638;;I'm not going alone.;Cutscene;Cutscene
Michael;09:05:00;15:31:58;-807.2757,172.6684,172.6684;;;;
Michael;09:05:00;15:31:58;-807.3387,172.5908,172.5908;;;;
Michael;09:05:01;15:31:59;-807.3413,172.5917,172.5917;;;;
Michael;09:05:01;15:31:59;-807.3441,172.5931,172.5931;;Come on!;Cutscene;Cutscene
Michael;09:05:02;15:32:00;-807.3445,172.5859,172.5859;;;;
Michael;09:05:02;15:32:00;-807.3368,172.5789,172.5789;;;;
Michael;09:05:03;15:32:01;-807.3457,172.5627,172.5627;;;;
Michael;09:05:04;15:32:01;-807.3702,172.56,172.56;;This is fucking bullshit!;Cutscene;Cutscene
Michael;09:05:04;15:32:02;-807.3995,172.5862,172.5862;;;;
Michael;09:05:05;15:32:02;-807.3398,172.6595,172.6595;;;;
Michael;09:05:05;15:32:03;-807.2648,172.7254,172.7254;;;;
Michael;09:05:06;15:32:03;-807.1477,172.5998,172.5998;;;;
Michael;09:05:06;15:32:04;-807.1586,172.563,172.563;;;;
Michael;09:05:07;15:32:04;-807.1239,172.5999,172.5999;;;;
Michael;09:05:07;15:32:05;-806.5797,173.2238,173.2238;;;;
Michael;09:05:08;15:32:06;-806.1321,173.9832,173.9832;;Bullshit? Threatening to molest your online buddies is bullshit.;MICHAEL;FAM5_BNAA
Michael;09:05:08;15:32:06;-805.8017,174.8059,174.8059;;;;
Michael;09:05:09;15:32:07;-805.5531,175.6557,175.6557;;;;
Michael;09:05:09;15:32:07;-805.2419,176.5452,176.5452;;;;
Michael;09:05:10;15:32:08;-804.9941,177.8958,177.8958;;;;
Michael;09:05:10;15:32:08;-804.8679,179.9935,179.9935;;;;
Michael;09:05:11;15:32:09;-805.3445,181.1866,181.1866;;;;
Michael;09:05:11;15:32:09;-805.7202,181.9434,181.9434;;They're not my buddies.;JIMMY;FAM5_BNAB
Michael;09:05:12;15:32:10;-806.3716,183.5235,183.5235;;;;
Michael;09:05:12;15:32:10;-808.0853,183.5334,183.5334;;;;
Michael;09:05:13;15:32:11;-809.3508,182.9033,182.9033;;They're the only people you speak to.;MICHAEL;FAM5_BNAC
Michael;09:05:13;15:32:11;-810.3206,182.4909,182.4909;;;;
Michael;09:05:14;15:32:12;-811.4006,181.8884,181.8884;;;;
Michael;09:05:14;15:32:12;-813.2078,180.6968,180.6968;;;;
Michael;09:05:15;15:32:13;-815.0426,179.4244,179.4244;;;;
Michael;09:05:15;15:32:13;-816.8398,178.3611,178.3611;;;;
Michael;09:05:16;15:32:14;-819.6259,177.1593,177.1593;;;;
Michael;09:05:17;15:32:14;-822.3626,177.1912,177.1912;;;;
Michael;09:05:17;15:32:15;-823.1085,178.8712,178.8712;;;;
Michael;09:05:18;15:32:15;-823.1895,178.8633,178.8633;;;;
Michael;09:05:18;15:32:16;-824.3888,179.4309,179.4309;True,Sedans,TAILGATE,0,0;;;
Michael;09:05:19;15:32:16;-824.3885,179.4297,179.4297;True,Sedans,TAILGATE,0,0080693,0;;;
Michael;09:05:19;15:32:17;-824.3893,179.4295,179.4295;True,Sedans,TAILGATE,0,009482086,0;;;
Michael;09:05:20;15:32:17;-824.3892,179.4294,179.4294;True,Sedans,TAILGATE,0,0;;;
Michael;09:05:20;15:32:18;-824.3892,179.4294,179.4294;True,Sedans,TAILGATE,0,0;;;
Michael;09:05:21;15:32:19;-824.3892,179.4294,179.4294;True,Sedans,TAILGATE,0,0;;;
Michael;09:05:21;15:32:19;-824.3892,179.4294,179.4294;True,Sedans,TAILGATE,0,0;;;
Michael;09:05:22;15:32:20;-824.3911,179.4302,179.4302;True,Sedans,TAILGATE,0,02192982,0;;;
Michael;09:05:22;15:32:20;-824.3893,179.4298,179.4298;True,Sedans,TAILGATE,0,0;;;
Michael;09:05:23;15:32:21;-824.3894,179.4298,179.4298;True,Sedans,TAILGATE,0,005849586,0;So, where's your friend?;MICHAEL;FAM5_AXAA
Michael;09:05:23;15:32:21;-824.3878,179.4288,179.4288;True,Sedans,TAILGATE,0,01016731,0;;;
Michael;09:05:24;15:32:22;-824.3891,179.4293,179.4293;True,Sedans,TAILGATE,0,0;;;
Michael;09:05:24;15:32:22;-824.3891,179.4293,179.4293;True,Sedans,TAILGATE,0,0;Burger Shot.;JIMMY;FAM5_AXAB
Michael;09:05:25;15:32:23;-824.3891,179.4293,179.4293;True,Sedans,TAILGATE,0,0;;;
Michael;09:05:25;15:32:23;-824.6049,179.1889,179.1889;True,Sedans,TAILGATE,1,838337,1;;;
Michael;09:05:26;15:32:24;-825.8956,177.7277,177.7277;True,Sedans,TAILGATE,5,987356,1;;;
Michael;09:05:26;15:32:24;-828.0869,174.1325,174.1325;True,Sedans,TAILGATE,10,41584,1;;;
Michael;09:05:27;15:32:25;-830.8871,169.4594,169.4594;True,Sedans,TAILGATE,10,22475,0;;;
Michael;09:05:27;15:32:25;-834.1453,165.631,165.631;True,Sedans,TAILGATE,9,329412,0;;;
Michael;09:05:28;15:32:26;-837.967,163.4326,163.4326;True,Sedans,TAILGATE,8,213832,0;;;
Michael;09:05:28;15:32:26;-841.0589,161.4409,161.4409;True,Sedans,TAILGATE,6,505117,0;;;
Michael;09:05:29;15:32:27;-844.4738,159.9084,159.9084;True,Sedans,TAILGATE,9,059719,1;;;
Michael;09:05:30;15:32:27;-849.1347,158.7385,158.7385;True,Sedans,TAILGATE,9,592813,1;;;
Michael;09:05:30;15:32:28;-854.0551,156.5142,156.5142;True,Sedans,TAILGATE,12,02121,0;;;
Michael;09:05:31;15:32:28;-857.8401,151.767,151.767;True,Sedans,TAILGATE,13,036,1;;;
Michael;09:05:31;15:32:29;-862.303,145.4027,145.4027;True,Sedans,TAILGATE,17,29512,1;;;
Michael;09:05:32;15:32:29;-866.2723,137.5925,137.5925;True,Sedans,TAILGATE,16,9235,0;;;
Michael;09:05:32;15:32:30;-867.116,129.0477,129.0477;True,Sedans,TAILGATE,17,74823,1;;;
Michael;09:05:33;15:32:30;-866.076,119.3085,119.3085;True,Sedans,TAILGATE,20,51683,1;;;
Michael;09:05:33;15:32:31;-865.1447,108.3787,108.3787;True,Sedans,TAILGATE,21,80329,0;Yeah, nice to see the kids are still hanging out at the burger joints. Me and the guys,;MICHAEL;FAM5_BYAA
Michael;09:05:34;15:32:32;-864.0792,97.53465,97.53465;True,Sedans,TAILGATE,20,70958,0;;;
Michael;09:05:34;15:32:32;-862.3038,87.05516,87.05516;True,Sedans,TAILGATE,20,61413,0;;;
Michael;09:05:35;15:32:33;-860.5074,76.89114,76.89114;True,Sedans,TAILGATE,18,76018,0;;;
Michael;09:05:35;15:32:33;-857.8889,68.18627,68.18627;True,Sedans,TAILGATE,16,8093,0;;;
Michael;09:05:36;15:32:34;-854.8049,59.59807,59.59807;True,Sedans,TAILGATE,18,79282,1;;;
Michael;09:05:36;15:32:34;-852.186,50.11364,50.11364;True,Sedans,TAILGATE,18,70042,0;;;
Michael;09:05:37;15:32:35;-849.6334,41.16541,41.16541;True,Sedans,TAILGATE,17,49118,0;;;
Michael;09:05:37;15:32:35;-846.8706,32.85127,32.85127;True,Sedans,TAILGATE,17,58236,1;;;
Michael;09:05:38;15:32:36;-843.0765,23.99532,23.99532;True,Sedans,TAILGATE,20,24979,1;we'd go down to the diner after class every day, you know, get milkshakes... fries...;MICHAEL;FAM5_BYAT
Michael;09:05:38;15:32:36;-838.2087,14.04051,14.04051;True,Sedans,TAILGATE,22,48402,0;;;
Michael;09:05:39;15:32:37;-833.3377,3.990316,3.990316;True,Sedans,TAILGATE,21,35809,0;;;
Michael;09:05:39;15:32:37;-828.3221,-5.621566,-5.621566;True,Sedans,TAILGATE,20,60968,0;;;
Michael;09:05:40;15:32:38;-822.5721,-14.02092,-14.02092;True,Sedans,TAILGATE,19,08597,0;;;
Michael;09:05:40;15:32:38;-817.9524,-22.40096,-22.40096;True,Sedans,TAILGATE,17,84643,0;;;
Michael;09:05:41;15:32:39;-814.6635,-30.66659,-30.66659;True,Sedans,TAILGATE,16,32451,0;;;
Michael;09:05:41;15:32:39;-811.8441,-38.15517,-38.15517;True,Sedans,TAILGATE,14,85143,0;;;
Michael;09:05:42;15:32:40;-809.2117,-44.80407,-44.80407;True,Sedans,TAILGATE,13,02664,0;;;
Michael;09:05:42;15:32:40;-807.0247,-50.14935,-50.14935;True,Sedans,TAILGATE,8,090773,0;;;
Michael;09:05:43;15:32:41;-806.3729,-51.98374,-51.98374;True,Sedans,TAILGATE,0,2080751,-1;Ewww. Please. You know, you're really creeping me out.;JIMMY;FAM5_BYAB
Michael;09:05:44;15:32:41;-806.312,-51.93467,-51.93467;True,Sedans,TAILGATE,0,0217362,0;;;
Michael;09:05:44;15:32:42;-806.3118,-51.9335,-51.9335;True,Sedans,TAILGATE,0,0;;;
Michael;09:05:45;15:32:42;-806.3118,-51.9335,-51.9335;True,Sedans,TAILGATE,0,0;;;
Michael;09:05:45;15:32:43;-806.3118,-51.9335,-51.9335;True,Sedans,TAILGATE,0,0;;;
Michael;09:05:46;15:32:43;-806.3118,-51.9335,-51.9335;True,Sedans,TAILGATE,0,0;;;
Michael;09:05:46;15:32:44;-806.3118,-51.9335,-51.9335;True,Sedans,TAILGATE,0,0;I'm trying to relate to you.;MICHAEL;FAM5_BYAC
Michael;09:05:47;15:32:45;-806.3118,-51.9335,-51.9335;True,Sedans,TAILGATE,0,0;;;
Michael;09:05:47;15:32:45;-806.3118,-51.9335,-51.9335;True,Sedans,TAILGATE,0,0;;;
char;time_ingame;time_rw;pos;vehicle;subtitles_text;speaker;soundfile
