char;time_ingame;time_rw;pos;vehicle;subtitles_text;speaker;soundfile
Michael;09:06:18;15:33:16;-806.4892,-51.72831,-51.72831;True,Sedans,TAILGATE,0,0;I knew it! I knew it! The mask was gonna slip. The monster's been exposed!;MICHAEL;FAM5_BYAG
Michael;09:06:19;15:33:17;-806.4892,-51.72831,-51.72831;True,Sedans,TAILGATE,0,0;The hell are you talking about?;MICHAEL;FAM5_BYAG
Michael;09:06:19;15:33:17;-806.4892,-51.72831,-51.72831;True,Sedans,TAILGATE,0,0;;;
Michael;09:06:20;15:33:18;-806.4892,-51.72831,-51.72831;True,Sedans,TAILGATE,0,0;;;
Michael;09:06:20;15:33:18;-806.4892,-51.72831,-51.72831;True,Sedans,TAILGATE,0,0;The real you! That bitter, vindictive old man.;JIMMY;FAM5_BYAH
Michael;09:06:21;15:33:19;-806.4892,-51.72831,-51.72831;True,Sedans,TAILGATE,0,0;;;
Michael;09:06:21;15:33:19;-806.4892,-51.72831,-51.72831;True,Sedans,TAILGATE,0,0;;;
Michael;09:06:22;15:33:20;-806.4892,-51.72831,-51.72831;True,Sedans,TAILGATE,0,0;;;
Michael;09:06:22;15:33:20;-806.4892,-51.72831,-51.72831;True,Sedans,TAILGATE,0,0;;;
Michael;09:06:23;15:33:21;-806.4892,-51.72831,-51.72831;True,Sedans,TAILGATE,0,0;;;
Michael;09:06:23;15:33:21;-806.4892,-51.72831,-51.72831;True,Sedans,TAILGATE,0,0;;;
Michael;09:06:24;15:33:22;-806.4892,-51.72831,-51.72831;True,Sedans,TAILGATE,0,0;;;
Michael;09:06:24;15:33:22;-806.4892,-51.72831,-51.72831;True,Sedans,TAILGATE,0,0;You pretend you're being a father, but you hate me, don't you?;JIMMY;FAM5_BYAU
Michael;09:06:25;15:33:23;-806.4892,-51.72831,-51.72831;True,Sedans,TAILGATE,0,0;;;
Michael;09:06:25;15:33:23;-806.4892,-51.72831,-51.72831;True,Sedans,TAILGATE,0,0;;;
Michael;09:06:26;15:33:24;-806.4892,-51.72831,-51.72831;True,Sedans,TAILGATE,0,0;;;
Michael;09:06:26;15:33:24;-806.4892,-51.72831,-51.72831;True,Sedans,TAILGATE,0,0;;;
Michael;09:06:27;15:33:25;-806.4892,-51.72831,-51.72831;True,Sedans,TAILGATE,0,0;;;
Michael;09:06:27;15:33:25;-806.4892,-51.72831,-51.72831;True,Sedans,TAILGATE,0,0;I don't hate you, Jim. How many times? I love you. Look,;MICHAEL;FAM5_BYAI
Michael;09:06:28;15:33:26;-806.4892,-51.72831,-51.72831;True,Sedans,TAILGATE,0,0;;;
Michael;09:06:29;15:33:26;-806.4892,-51.72831,-51.72831;True,Sedans,TAILGATE,0,0;;;
Michael;09:06:29;15:33:27;-806.4892,-51.72831,-51.72831;True,Sedans,TAILGATE,0,0;;;
Michael;09:06:30;15:33:27;-806.4892,-51.72831,-51.72831;True,Sedans,TAILGATE,0,0;;;
Michael;09:06:30;15:33:28;-806.4892,-51.72831,-51.72831;True,Sedans,TAILGATE,0,0;;;
Michael;09:06:31;15:33:28;-806.4892,-51.72831,-51.72831;True,Sedans,TAILGATE,0,0;;;
Michael;09:06:31;15:33:29;-806.4892,-51.72831,-51.72831;True,Sedans,TAILGATE,0,0;;;
Michael;09:06:32;15:33:30;-806.4892,-51.72831,-51.72831;True,Sedans,TAILGATE,0,0;;;
Michael;09:06:32;15:33:30;-806.4892,-51.72831,-51.72831;True,Sedans,TAILGATE,0,0;;;
Michael;09:06:33;15:33:31;-806.4892,-51.72831,-51.72831;True,Sedans,TAILGATE,0,0;I'm sorry if I don't express that correctly. But, why do you think we're here together?;MICHAEL;FAM5_BYAJ
Michael;09:06:33;15:33:31;-806.4892,-51.72831,-51.72831;True,Sedans,TAILGATE,0,0;;;
Michael;09:06:34;15:33:32;-806.4892,-51.72831,-51.72831;True,Sedans,TAILGATE,0,0;;;
Michael;09:06:34;15:33:32;-806.4892,-51.72831,-51.72831;True,Sedans,TAILGATE,0,0;;;
Michael;09:06:35;15:33:33;-806.4892,-51.72831,-51.72831;True,Sedans,TAILGATE,0,0;;;
Michael;09:06:35;15:33:33;-806.4892,-51.72831,-51.72831;True,Sedans,TAILGATE,0,0;;;
Michael;09:06:36;15:33:34;-806.4892,-51.72831,-51.72831;True,Sedans,TAILGATE,0,0;;;
Michael;09:06:36;15:33:34;-806.4892,-51.72831,-51.72831;True,Sedans,TAILGATE,0,0;;;
Michael;09:06:37;15:33:35;-806.4892,-51.72831,-51.72831;True,Sedans,TAILGATE,0,0;;;
Michael;09:06:37;15:33:35;-806.4892,-51.72831,-51.72831;True,Sedans,TAILGATE,0,0;;;
Michael;09:06:38;15:33:36;-806.4892,-51.72831,-51.72831;True,Sedans,TAILGATE,0,0;;;
Michael;09:06:38;15:33:36;-806.4892,-51.72831,-51.72831;True,Sedans,TAILGATE,0,0;Because you're scared shitless of being alone?;JIMMY;FAM5_BYAL
Michael;09:06:39;15:33:37;-806.4892,-51.72831,-51.72831;True,Sedans,TAILGATE,0,0;;;
Michael;09:06:39;15:33:37;-806.4892,-51.72831,-51.72831;True,Sedans,TAILGATE,0,0;;;
Michael;09:06:40;15:33:38;-806.4892,-51.72831,-51.72831;True,Sedans,TAILGATE,0,0;;;
Michael;09:06:40;15:33:38;-806.4892,-51.72831,-51.72831;True,Sedans,TAILGATE,0,0;;;
Michael;09:06:41;15:33:39;-806.4892,-51.72831,-51.72831;True,Sedans,TAILGATE,0,0;Oh, now you're an armchair psychologist. Just like the rest of this city.;MICHAEL;FAM5_BYAM
Michael;09:06:42;15:33:39;-806.4892,-51.72831,-51.72831;True,Sedans,TAILGATE,0,0;;;
Michael;09:06:42;15:33:40;-806.4892,-51.72831,-51.72831;True,Sedans,TAILGATE,0,0;;;
Michael;09:06:43;15:33:40;-806.4892,-51.72831,-51.72831;True,Sedans,TAILGATE,0,0;;;
Michael;09:06:43;15:33:41;-806.4892,-51.72831,-51.72831;True,Sedans,TAILGATE,0,0;;;
Michael;09:06:44;15:33:41;-806.4892,-51.72831,-51.72831;True,Sedans,TAILGATE,0,0;;;
Michael;09:06:44;15:33:42;-806.4892,-51.72831,-51.72831;True,Sedans,TAILGATE,0,0;;;
Michael;09:06:45;15:33:42;-806.4892,-51.72831,-51.72831;True,Sedans,TAILGATE,0,0;;;
Michael;09:06:45;15:33:43;-806.4892,-51.72831,-51.72831;True,Sedans,TAILGATE,0,0;;;
Michael;09:06:46;15:33:44;-806.4892,-51.72831,-51.72831;True,Sedans,TAILGATE,0,0;You brought me here, Michael. Don't get surprised when some of the razzle dazzle rubs off.;JIMMY;FAM5_BYAN
Michael;09:06:46;15:33:44;-806.4892,-51.72831,-51.72831;True,Sedans,TAILGATE,0,0;;;
Michael;09:06:47;15:33:45;-806.4892,-51.72831,-51.72831;True,Sedans,TAILGATE,0,0;;;
Michael;09:06:47;15:33:45;-806.4892,-51.72831,-51.72831;True,Sedans,TAILGATE,0,0;;;
Michael;09:06:48;15:33:46;-806.4399,-51.83522,-51.83522;True,Sedans,TAILGATE,0,8398801,1;;;
Michael;09:06:48;15:33:46;-806.1223,-52.69548,-52.69548;True,Sedans,TAILGATE,2,595883,1;;;
Michael;09:06:49;15:33:47;-805.9214,-54.63516,-54.63516;True,Sedans,TAILGATE,5,163721,1;;;
Michael;09:06:49;15:33:47;-805.7581,-58.46565,-58.46565;True,Sedans,TAILGATE,9,532202,1;;;
Michael;09:06:50;15:33:48;-807.7064,-63.78799,-63.78799;True,Sedans,TAILGATE,11,25332,0;;;
Michael;09:06:50;15:33:48;-810.6624,-69.34617,-69.34617;True,Sedans,TAILGATE,13,19309,1;Well, I thought you'd keep your head, ya know, see through some of the bullshit.;MICHAEL;FAM5_BYAO
Michael;09:06:51;15:33:49;-815.1199,-74.92301,-74.92301;True,Sedans,TAILGATE,14,61583,1;;;
Michael;09:06:51;15:33:49;-821.1796,-79.89826,-79.89826;True,Sedans,TAILGATE,16,00006,1;;;
Michael;09:06:52;15:33:50;-828.6328,-84.54597,-84.54597;True,Sedans,TAILGATE,18,01089,1;;;
Michael;09:06:52;15:33:50;-836.4131,-90.76871,-90.76871;True,Sedans,TAILGATE,19,75773,0;;;
Michael;09:06:53;15:33:51;-844.5252,-96.38721,-96.38721;True,Sedans,TAILGATE,18,99214,1;;;
Michael;09:06:53;15:33:51;-853.6694,-101.2915,-101.2915;True,Sedans,TAILGATE,20,88494,1;;;
Michael;09:06:54;15:33:52;-863.298,-106.4281,-106.4281;True,Sedans,TAILGATE,20,23156,0;;;
Michael;09:06:54;15:33:52;-871.2901,-112.1851,-112.1851;True,Sedans,TAILGATE,17,71196,0;Maybe that's what I'm trying to do!;JIMMY;FAM5_BYAP
Michael;09:06:55;15:33:53;-875.0151,-119.6227,-119.6227;True,Sedans,TAILGATE,16,24761,1;;;
Michael;09:06:56;15:33:53;-875.7228,-128.4997,-128.4997;True,Sedans,TAILGATE,17,01139,0;;;
Michael;09:06:56;15:33:54;-873.2871,-136.169,-136.169;True,Sedans,TAILGATE,14,19101,0;;;
Michael;09:06:57;15:33:54;-871.2413,-142.7593,-142.7593;True,Sedans,TAILGATE,12,8422,1;;;
Michael;09:06:57;15:33:55;-869.5897,-149.69,-149.69;True,Sedans,TAILGATE,14,52911,1;If you think you're walking around a town full of idiots with your Midwestern, picket-fence values,;JIMMY;FAM5_BYAQ
Michael;09:06:58;15:33:55;-866.6084,-157.0781,-157.0781;True,Sedans,TAILGATE,16,442,1;;;
Michael;09:06:58;15:33:56;-862.5485,-165.2086,-165.2086;True,Sedans,TAILGATE,18,05592,1;;;
Michael;09:06:59;15:33:56;-857.4058,-174.44,-174.44;True,Sedans,TAILGATE,21,88766,1;;;
Michael;09:06:59;15:33:57;-851.6287,-184.667,-184.667;True,Sedans,TAILGATE,23,37515,1;;;
Michael;09:07:00;15:33:58;-845.5792,-195.5886,-195.5886;True,Sedans,TAILGATE,24,04892,0;;;
Michael;09:07:00;15:33:58;-840.1562,-206.7508,-206.7508;True,Sedans,TAILGATE,24,29904,1;;;
Michael;09:07:01;15:33:59;-834.8237,-218.2277,-218.2277;True,Sedans,TAILGATE,23,88725,0;;;
Michael;09:07:01;15:33:59;-829.6108,-229.6504,-229.6504;True,Sedans,TAILGATE,24,10168,1;then you're probably the biggest idiot here. Wake up!;JIMMY;FAM5_BYAR
Michael;09:07:02;15:34:00;-824.396,-240.9976,-240.9976;True,Sedans,TAILGATE,23,12921,0;;;
Michael;09:07:02;15:34:00;-818.3533,-250.8419,-250.8419;True,Sedans,TAILGATE,21,18079,0;;;
Michael;09:07:03;15:34:01;-812.7924,-259.9298,-259.9298;True,Sedans,TAILGATE,19,48063,1;;;
Michael;09:07:03;15:34:01;-808.1617,-269.4736,-269.4736;True,Sedans,TAILGATE,20,78042,0;;;
Michael;09:07:04;15:34:02;-805.6015,-279.4562,-279.4562;True,Sedans,TAILGATE,19,92882,1;;;
Michael;09:07:04;15:34:02;-806.7541,-289.9195,-289.9195;True,Sedans,TAILGATE,21,28582,1;;;
Michael;09:07:05;15:34:03;-808.1838,-301.4531,-301.4531;True,Sedans,TAILGATE,24,20224,1;;;
Michael;09:07:05;15:34:03;-810.062,-313.4785,-313.4785;True,Sedans,TAILGATE,22,53773,0;Ughh.. What did I bring into this world?;MICHAEL;FAM5_BYAS
Michael;09:07:06;15:34:04;-812.5698,-324.3907,-324.3907;True,Sedans,TAILGATE,20,61225,0;;;
Michael;09:07:06;15:34:04;-815.2108,-334.3874,-334.3874;True,Sedans,TAILGATE,19,84384,1;;;
Michael;09:07:07;15:34:05;-818.73,-343.806,-343.806;True,Sedans,TAILGATE,19,03097,1;;;
Michael;09:07:07;15:34:05;-821.5456,-354.0579,-354.0579;True,Sedans,TAILGATE,20,73041,0;;;
Michael;09:07:08;15:34:06;-826.1829,-362.71,-362.71;True,Sedans,TAILGATE,17,70347,0;;;
Michael;09:07:09;15:34:06;-833.2084,-367.1957,-367.1957;True,Sedans,TAILGATE,14,86166,0;;;
Michael;09:07:09;15:34:07;-839.6625,-370.2263,-370.2263;True,Sedans,TAILGATE,12,75393,0;;;
Michael;09:07:10;15:34:07;-845.1639,-372.9417,-372.9417;True,Sedans,TAILGATE,10,92433,0;;;
Michael;09:07:10;15:34:08;-849.9005,-375.2489,-375.2489;True,Sedans,TAILGATE,9,779105,1;;;
Michael;09:07:11;15:34:08;-854.8356,-377.6066,-377.6066;True,Sedans,TAILGATE,10,40441,0;;;
Michael;09:07:11;15:34:09;-859.5512,-379.7915,-379.7915;True,Sedans,TAILGATE,11,00346,1;;;
Michael;09:07:12;15:34:09;-864.9252,-382.263,-382.263;True,Sedans,TAILGATE,10,80544,0;;;
Michael;09:07:12;15:34:10;-869.7013,-384.4304,-384.4304;True,Sedans,TAILGATE,9,231517,0;;;
Michael;09:07:13;15:34:11;-873.7228,-386.2063,-386.2063;True,Sedans,TAILGATE,8,566133,1;;;
Michael;09:07:13;15:34:11;-878.5405,-388.3032,-388.3032;True,Sedans,TAILGATE,10,40923,0;;;
Michael;09:07:14;15:34:12;-883.1377,-390.2953,-390.2953;True,Sedans,TAILGATE,8,944727,0;;;
Michael;09:07:14;15:34:12;-887.0173,-391.9616,-391.9616;True,Sedans,TAILGATE,7,522214,0;;;
Michael;09:07:15;15:34:13;-890.2997,-393.3617,-393.3617;True,Sedans,TAILGATE,7,08378,1;;;
Michael;09:07:15;15:34:13;-894.4396,-395.2064,-395.2064;True,Sedans,TAILGATE,9,918396,0;;;
Michael;09:07:16;15:34:14;-898.6443,-397.6289,-397.6289;True,Sedans,TAILGATE,9,41527,0;;;
Michael;09:07:16;15:34:14;-902.7499,-399.5465,-399.5465;True,Sedans,TAILGATE,7,890444,0;;;
Michael;09:07:17;15:34:15;-906.7859,-401.619,-401.619;True,Sedans,TAILGATE,8,89671,0;;;
Michael;09:07:17;15:34:15;-910.5407,-403.5713,-403.5713;True,Sedans,TAILGATE,7,432261,0;;;
Michael;09:07:18;15:34:16;-913.7222,-405.2239,-405.2239;True,Sedans,TAILGATE,6,731497,0;;;
Michael;09:07:18;15:34:16;-916.4603,-406.6443,-406.6443;True,Sedans,TAILGATE,5,413736,1;;;
Michael;09:07:19;15:34:17;-918.7452,-407.828,-407.828;True,Sedans,TAILGATE,4,2172,0;;;
Michael;09:07:19;15:34:17;-920.335,-408.6494,-408.6494;True,Sedans,TAILGATE,2,755292,0;;;
Michael;09:07:20;15:34:18;-921.4843,-409.2427,-409.2427;True,Sedans,TAILGATE,1,926503,0;;;
Michael;09:07:20;15:34:18;-922.196,-409.6303,-409.6303;True,Sedans,TAILGATE,1,695151,0;;;
Michael;09:07:21;15:34:19;-922.619,-409.8591,-409.8591;True,Sedans,TAILGATE,0,2043699,0;;;
Michael;09:07:21;15:34:19;-922.6226,-409.8615,-409.8615;True,Sedans,TAILGATE,0,0;;;
Michael;09:07:22;15:34:20;-922.6226,-409.8615,-409.8615;True,Sedans,TAILGATE,0,0;;;
Michael;09:07:23;15:34:20;-922.6226,-409.8615,-409.8615;True,Sedans,TAILGATE,0,0;;;
Michael;09:07:23;15:34:21;-922.6247,-409.8625,-409.8625;True,Sedans,TAILGATE,0,06492824,1;;;
Michael;09:07:24;15:34:21;-923.0516,-410.0831,-410.0831;True,Sedans,TAILGATE,1,877494,1;;;
Michael;09:07:24;15:34:22;-923.8395,-410.4955,-410.4955;True,Sedans,TAILGATE,1,110505,1;;;
Michael;09:07:25;15:34:22;-924.5077,-410.8502,-410.8502;True,Sedans,TAILGATE,1,075988,0;;;
Michael;09:07:25;15:34:23;-924.692,-410.9479,-410.9479;True,Sedans,TAILGATE,0,2236854,1;;;
Michael;09:07:26;15:34:24;-924.9037,-411.0591,-411.0591;True,Sedans,TAILGATE,0,01537211,0;;;
Michael;09:07:26;15:34:24;-924.9016,-411.0583,-411.0583;True,Sedans,TAILGATE,0,0;;;
Michael;09:07:27;15:34:25;-924.9016,-411.0583,-411.0583;True,Sedans,TAILGATE,0,0;;;
Michael;09:07:27;15:34:25;-924.9016,-411.0583,-411.0583;True,Sedans,TAILGATE,0,0;;;
Michael;09:07:28;15:34:26;-924.9016,-411.0583,-411.0583;True,Sedans,TAILGATE,0,0;;;
Michael;09:07:28;15:34:26;-924.9016,-411.0583,-411.0583;True,Sedans,TAILGATE,0,0;;;
Michael;09:07:29;15:34:27;-924.9016,-411.0583,-411.0583;True,Sedans,TAILGATE,0,0;;;
Michael;09:07:29;15:34:27;-924.9016,-411.0583,-411.0583;True,Sedans,TAILGATE,0,0;;;
Michael;09:07:30;15:34:28;-924.9016,-411.0583,-411.0583;True,Sedans,TAILGATE,0,0;;;
Michael;09:07:30;15:34:28;-924.9016,-411.0583,-411.0583;True,Sedans,TAILGATE,0,0;;;
Michael;09:07:31;15:34:29;-924.9016,-411.0583,-411.0583;True,Sedans,TAILGATE,0,0;;;
Michael;09:07:31;15:34:29;-924.9016,-411.0583,-411.0583;True,Sedans,TAILGATE,0,0;;;
Michael;09:07:32;15:34:30;-924.9016,-411.0583,-411.0583;True,Sedans,TAILGATE,0,0;;;
Michael;09:07:32;15:34:30;-924.9016,-411.0583,-411.0583;True,Sedans,TAILGATE,0,0;;;
Michael;09:07:33;15:34:31;-924.9016,-411.0583,-411.0583;True,Sedans,TAILGATE,0,0;;;
Michael;09:07:33;15:34:31;-924.9016,-411.0583,-411.0583;True,Sedans,TAILGATE,0,0;;;
Michael;09:07:34;15:34:32;-924.9016,-411.0583,-411.0583;True,Sedans,TAILGATE,0,0;;;
Michael;09:07:34;15:34:32;-924.9016,-411.0583,-411.0583;True,Sedans,TAILGATE,0,0;;;
Michael;09:07:35;15:34:33;-924.9016,-411.0583,-411.0583;True,Sedans,TAILGATE,0,0;;;
Michael;09:07:36;15:34:33;-925.1203,-411.1716,-411.1716;True,Sedans,TAILGATE,1,274934,1;;;
Michael;09:07:36;15:34:34;-926.2462,-411.7515,-411.7515;True,Sedans,TAILGATE,3,7238,1;;;
Michael;09:07:37;15:34:34;-928.8015,-413.0793,-413.0793;True,Sedans,TAILGATE,7,731604,1;;;
Michael;09:07:37;15:34:35;-932.8991,-415.2234,-415.2234;True,Sedans,TAILGATE,7,974779,0;;;
Michael;09:07:38;15:34:35;-934.6615,-416.144,-416.144;True,Sedans,TAILGATE,2,508523,1;;;
Michael;09:07:38;15:34:36;-936.4471,-417.0712,-417.0712;True,Sedans,TAILGATE,5,554679,1;;;
Michael;09:07:39;15:34:36;-939.7009,-418.7582,-418.7582;True,Sedans,TAILGATE,7,469764,0;;;
Michael;09:07:39;15:34:37;-942.7583,-420.3238,-420.3238;True,Sedans,TAILGATE,5,76257,0;;;
Michael;09:07:40;15:34:38;-945.1511,-421.5261,-421.5261;True,Sedans,TAILGATE,5,428201,1;;;
Michael;09:07:40;15:34:38;-948.3877,-423.1219,-423.1219;True,Sedans,TAILGATE,7,334962,0;;;
Michael;09:07:41;15:34:39;-951.3867,-424.5921,-424.5921;True,Sedans,TAILGATE,5,620564,0;;;
Michael;09:07:41;15:34:39;-953.715,-425.7406,-425.7406;True,Sedans,TAILGATE,5,327762,1;;;
Michael;09:07:42;15:34:40;-956.5679,-427.7486,-427.7486;True,Sedans,TAILGATE,8,120982,1;;;
Michael;09:07:42;15:34:40;-959.6103,-430.9215,-430.9215;True,Sedans,TAILGATE,9,920963,1;;;
Michael;09:07:43;15:34:41;-961.6304,-435.5856,-435.5856;True,Sedans,TAILGATE,8,989897,0;;;
Michael;09:07:43;15:34:41;-961.2535,-440.0615,-440.0615;True,Sedans,TAILGATE,9,220508,1;;;
Michael;09:07:44;15:34:42;-959.5023,-445.2115,-445.2115;True,Sedans,TAILGATE,11,87968,0;;;
Michael;09:07:44;15:34:42;-956.4551,-450.4207,-450.4207;True,Sedans,TAILGATE,12,44682,1;;;
Michael;09:07:45;15:34:43;-952.5322,-456.6472,-456.6472;True,Sedans,TAILGATE,16,43752,1;;;
Michael;09:07:45;15:34:43;-947.5208,-464.581,-464.581;True,Sedans,TAILGATE,19,01915,1;;;
Michael;09:07:46;15:34:44;-942.1959,-473.0639,-473.0639;True,Sedans,TAILGATE,19,0526,0;;;
Michael;09:07:46;15:34:44;-937.4343,-481.2178,-481.2178;True,Sedans,TAILGATE,17,18283,0;;;
Michael;09:07:47;15:34:45;-934.1918,-489.0519,-489.0519;True,Sedans,TAILGATE,15,53969,0;;;
Michael;09:07:47;15:34:45;-931.0211,-496.9624,-496.9624;True,Sedans,TAILGATE,17,00715,1;;;
Michael;09:07:48;15:34:46;-925.351,-504.091,-504.091;True,Sedans,TAILGATE,17,92803,0;;;
Michael;09:07:48;15:34:46;-920.8556,-511.4555,-511.4555;True,Sedans,TAILGATE,16,7309,1;;;
Michael;09:07:49;15:34:47;-916.5579,-519.4167,-519.4167;True,Sedans,TAILGATE,18,23699,1;;;
Michael;09:07:50;15:34:47;-912.8998,-528.6705,-528.6705;True,Sedans,TAILGATE,19,92059,1;;;
Michael;09:07:50;15:34:48;-907.8262,-538.222,-538.222;True,Sedans,TAILGATE,21,76546,1;;;
Michael;09:07:51;15:34:48;-902.4167,-548.7969,-548.7969;True,Sedans,TAILGATE,23,34119,0;;;
Michael;09:07:51;15:34:49;-898.9528,-559.6286,-559.6286;True,Sedans,TAILGATE,21,48029,0;;;
Michael;09:07:52;15:34:49;-895.9447,-569.8686,-569.8686;True,Sedans,TAILGATE,19,80785,0;;;
Michael;09:07:52;15:34:50;-891.7873,-578.8339,-578.8339;True,Sedans,TAILGATE,18,38319,0;;;
Michael;09:07:53;15:34:50;-887.5164,-587.0422,-587.0422;True,Sedans,TAILGATE,18,01943,0;;;
Michael;09:07:53;15:34:51;-883.8071,-595.6595,-595.6595;True,Sedans,TAILGATE,19,19546,0;;;
Michael;09:07:54;15:34:52;-880.5844,-604.7821,-604.7821;True,Sedans,TAILGATE,17,55795,0;;;
Michael;09:07:54;15:34:52;-879.2321,-613.3652,-613.3652;True,Sedans,TAILGATE,15,983,0;;;
Michael;09:07:55;15:34:53;-878.9897,-621.288,-621.288;True,Sedans,TAILGATE,15,63273,0;;;
Michael;09:07:55;15:34:53;-880.5657,-629.1786,-629.1786;True,Sedans,TAILGATE,16,2466,1;;;
Michael;09:07:56;15:34:54;-884.6353,-637.0814,-637.0814;True,Sedans,TAILGATE,18,09766,1;;;
Michael;09:07:56;15:34:54;-891.4871,-643.7296,-643.7296;True,Sedans,TAILGATE,18,88525,1;;;
Michael;09:07:57;15:34:55;-900.9642,-647.5694,-647.5694;True,Sedans,TAILGATE,20,59359,1;;;
Michael;09:07:57;15:34:55;-911.5392,-651.0961,-651.0961;True,Sedans,TAILGATE,22,06252,1;;;
Michael;09:07:58;15:34:56;-922.0865,-655.0347,-655.0347;True,Sedans,TAILGATE,20,93173,0;;;
Michael;09:07:58;15:34:56;-932.6005,-656.8176,-656.8176;True,Sedans,TAILGATE,20,92555,1;;;
Michael;09:07:59;15:34:57;-943.72,-659.3532,-659.3532;True,Sedans,TAILGATE,22,5401,1;;;
Michael;09:07:59;15:34:57;-954.7577,-663.2004,-663.2004;True,Sedans,TAILGATE,22,05116,1;;;
Michael;09:08:00;15:34:58;-965.5566,-668.1387,-668.1387;True,Sedans,TAILGATE,23,50195,1;;;
Michael;09:08:00;15:34:58;-977.2437,-672.6631,-672.6631;True,Sedans,TAILGATE,23,78143,0;;;
Michael;09:08:01;15:34:59;-987.9155,-679.2793,-679.2793;True,Sedans,TAILGATE,24,61402,1;;;
Michael;09:08:01;15:34:59;-997.9321,-686.303,-686.303;True,Sedans,TAILGATE,23,4319,1;;;
Michael;09:08:02;15:35:00;-1007.818,-693.7463,-693.7463;True,Sedans,TAILGATE,23,38666,0;;;
Michael;09:08:03;15:35:00;-1017.054,-700.7487,-700.7487;True,Sedans,TAILGATE,21,47759,0;;;
Michael;09:08:03;15:35:01;-1025.419,-707.4081,-707.4081;True,Sedans,TAILGATE,19,74361,0;;;
Michael;09:08:04;15:35:01;-1032.166,-714.5864,-714.5864;True,Sedans,TAILGATE,18,70931,1;;;
Michael;09:08:04;15:35:02;-1039.154,-722.0898,-722.0898;True,Sedans,TAILGATE,20,87038,1;;;
Michael;09:08:05;15:35:02;-1046.594,-729.6869,-729.6869;True,Sedans,TAILGATE,20,62928,1;;;
Michael;09:08:05;15:35:03;-1053.596,-738.3582,-738.3582;True,Sedans,TAILGATE,22,10679,1;;;
Michael;09:08:06;15:35:04;-1062.931,-745.9058,-745.9058;True,Sedans,TAILGATE,23,29945,1;;;
Michael;09:08:06;15:35:04;-1073.151,-753.0449,-753.0449;True,Sedans,TAILGATE,24,08707,0;;;
Michael;09:08:07;15:35:05;-1083.016,-760.3796,-760.3796;True,Sedans,TAILGATE,24,39294,1;;;
Michael;09:08:07;15:35:05;-1092.836,-768.5837,-768.5837;True,Sedans,TAILGATE,25,62074,1;You really have to meet my friend?;JIMMY;FAM5_AZAA
Michael;09:08:08;15:35:06;-1104.198,-776.158,-776.158;True,Sedans,TAILGATE,25,95051,0;;;
Michael;09:08:08;15:35:06;-1114.933,-784.6755,-784.6755;True,Sedans,TAILGATE,26,95847,0;;;
Michael;09:08:09;15:35:07;-1124.68,-793.9626,-793.9626;True,Sedans,TAILGATE,25,1944,0;;;
Michael;09:08:09;15:35:07;-1134.711,-801.5168,-801.5168;True,Sedans,TAILGATE,23,66859,0;;;
Michael;09:08:10;15:35:08;-1144.357,-808.2404,-808.2404;True,Sedans,TAILGATE,22,15985,0;Yeah. I really do.;MICHAEL;FAM5_AZAB
Michael;09:08:10;15:35:08;-1153.453,-814.5757,-814.5757;True,Sedans,TAILGATE,20,59984,0;;;
Michael;09:08:11;15:35:09;-1161.591,-820.691,-820.691;True,Sedans,TAILGATE,18,80572,0;;;
Michael;09:08:11;15:35:09;-1168.826,-827.624,-827.624;True,Sedans,TAILGATE,20,43487,1;;;
Michael;09:08:12;15:35:10;-1176.605,-835.2256,-835.2256;True,Sedans,TAILGATE,20,46916,0;Then please, don't get weird. For once in your life, don't be weird.;JIMMY;FAM5_AZAC
Michael;09:08:12;15:35:10;-1184.658,-841.5833,-841.5833;True,Sedans,TAILGATE,18,60061,0;;;
Michael;09:08:13;15:35:11;-1192.105,-846.9205,-846.9205;True,Sedans,TAILGATE,16,73126,0;;;
Michael;09:08:13;15:35:11;-1198.561,-851.8627,-851.8627;True,Sedans,TAILGATE,14,66903,0;;;
Michael;09:08:14;15:35:12;-1202.173,-857.6865,-857.6865;True,Sedans,TAILGATE,11,8816,0;;;
Michael;09:08:14;15:35:12;-1202.548,-863.4399,-863.4399;True,Sedans,TAILGATE,10,27816,0;;;
Michael;09:08:15;15:35:13;-1201.968,-868.968,-868.968;True,Sedans,TAILGATE,11,86432,1;;;
Michael;09:08:15;15:35:13;-1200.787,-874.7267,-874.7267;True,Sedans,TAILGATE,10,53229,0;;;
Michael;09:08:16;15:35:14;-1199.532,-877.8643,-877.8643;True,Sedans,TAILGATE,2,598758,0;;;
Michael;09:08:17;15:35:14;-1199.307,-878.1623,-878.1623;True,Sedans,TAILGATE,0,09028,0;;;
Michael;09:08:17;15:35:15;-1199.297,-878.1545,-878.1545;True,Sedans,TAILGATE,0,0;;;
Michael;09:08:18;15:35:15;-1199.297,-878.1545,-878.1545;True,Sedans,TAILGATE,0,0;;;
Michael;09:08:18;15:35:16;-1199.3,-878.1572,-878.1572;True,Sedans,TAILGATE,0,04001675,-1;;;
Michael;09:08:19;15:35:16;-1199.337,-877.7274,-877.7274;True,Sedans,TAILGATE,1,579409,-1;;;
Michael;09:08:19;15:35:17;-1199.609,-876.5034,-876.5034;True,Sedans,TAILGATE,3,344162,-1;;;
Michael;09:08:20;15:35:18;-1200.617,-874.5621,-874.5621;True,Sedans,TAILGATE,5,006661,0;;;
Michael;09:08:20;15:35:18;-1201.535,-873.9014,-873.9014;True,Sedans,TAILGATE,0,6240836,1;;;
Michael;09:08:21;15:35:19;-1201.095,-873.9839,-873.9839;True,Sedans,TAILGATE,1,517717,1;;;
Michael;09:08:21;15:35:19;-1199.903,-873.7621,-873.7621;True,Sedans,TAILGATE,3,25913,1;;;
Michael;09:08:22;15:35:20;-1197.747,-872.7506,-872.7506;True,Sedans,TAILGATE,6,145178,1;;;
Michael;09:08:22;15:35:20;-1194.08,-871.0919,-871.0919;True,Sedans,TAILGATE,9,82356,1;;;
Michael;09:08:23;15:35:21;-1189.507,-870.0283,-870.0283;True,Sedans,TAILGATE,7,591394,0;;;
Michael;09:08:23;15:35:21;-1186.554,-871.2801,-871.2801;True,Sedans,TAILGATE,6,43723,1;;;
Michael;09:08:24;15:35:22;-1183.788,-874.226,-874.226;True,Sedans,TAILGATE,9,36599,1;;;
Michael;09:08:24;15:35:22;-1181.553,-878.8505,-878.8505;True,Sedans,TAILGATE,9,08786,0;;;
Michael;09:08:25;15:35:23;-1179.362,-882.5278,-882.5278;True,Sedans,TAILGATE,7,503961,0;;;
Michael;09:08:25;15:36:18;-1178.045,-884.646,-884.646;True,Sedans,TAILGATE,6,390481,0;;;
Michael;09:09:20;15:36:18;-1176.872,-886.5397,-886.5397;True,Sedans,TAILGATE,2,272898,0;;;
Michael;09:09:21;15:36:19;-1176.632,-886.8815,-886.8815;True,Sedans,TAILGATE,0,06372251,0;There he is - the friendly neighborhood drug dealer.;JIMMY;FAM5_HEAA
Michael;09:09:21;15:36:19;-1176.626,-886.8776,-886.8776;True,Sedans,TAILGATE,0,0;;;
Michael;09:09:22;15:36:20;-1176.626,-886.8776,-886.8776;True,Sedans,TAILGATE,0,0;;;
Michael;09:09:22;15:36:20;-1176.626,-886.8776,-886.8776;True,Sedans,TAILGATE,0,0;;;
Michael;09:09:23;15:36:21;-1176.626,-886.8776,-886.8776;True,Sedans,TAILGATE,0,0;;;
Michael;09:09:23;15:36:21;-1176.626,-886.8776,-886.8776;True,Sedans,TAILGATE,0,0;;;
Michael;09:09:24;15:36:22;-1176.626,-886.8776,-886.8776;True,Sedans,TAILGATE,0,0;;;
Michael;09:09:24;15:36:22;-1176.626,-886.8776,-886.8776;True,Sedans,TAILGATE,0,0;;;
Michael;09:09:25;15:36:23;-1176.626,-886.8776,-886.8776;True,Sedans,TAILGATE,0,0;;;
Michael;09:09:26;15:36:23;-1176.626,-886.8776,-886.8776;True,Sedans,TAILGATE,0,0;;;
Michael;09:09:26;15:36:24;-1175.96,-887.3024,-887.3024;;;;
Michael;09:09:27;15:36:24;-1175.959,-887.3037,-887.3037;;;;
Michael;09:09:27;15:36:25;-1175.96,-887.3026,-887.3026;;Yo.;Cutscene;Cutscene
Michael;09:09:28;15:36:25;-1175.96,-887.2997,-887.2997;;Brother man, wassup.;Cutscene;Cutscene
Michael;09:09:28;15:36:26;-1175.96,-887.3008,-887.3008;;;;
Michael;09:09:29;15:36:27;-1175.959,-887.3031,-887.3031;;;;
Michael;09:09:29;15:36:27;-1175.962,-887.3085,-887.3085;;;;
Michael;09:09:30;15:36:28;-1175.961,-887.3077,-887.3077;;;;
Michael;09:09:30;15:36:28;-1175.961,-887.3076,-887.3076;;Good to see you.;Cutscene;Cutscene
Michael;09:09:31;15:36:29;-1175.961,-887.3073,-887.3073;;What, are you turning tricks to pay for this shit, huh?;Cutscene;Cutscene
Michael;09:09:31;15:36:29;-1175.96,-887.3071,-887.3071;;;;
Michael;09:09:32;15:36:30;-1175.96,-887.3075,-887.3075;;;;
Michael;09:09:32;15:36:30;-1175.96,-887.3074,-887.3074;;;;
Michael;09:09:33;15:36:31;-1175.96,-887.3071,-887.3071;;;;
Michael;09:09:33;15:36:31;-1175.96,-887.3063,-887.3063;;Hey, who's the old man?;Cutscene;Cutscene
Michael;09:09:34;15:36:32;-1175.96,-887.3063,-887.3063;;;;
Michael;09:09:34;15:36:32;-1175.961,-887.3063,-887.3063;;;;
Michael;09:09:35;15:36:33;-1175.961,-887.3063,-887.3063;;That's my dad.;Cutscene;Cutscene
Michael;09:09:35;15:36:33;-1175.961,-887.3062,-887.3062;;;;
Michael;09:09:36;15:36:34;-1175.961,-887.3062,-887.3062;;Alright, Mr. De Santo.;Cutscene;Cutscene
Michael;09:09:36;15:36:34;-1175.961,-887.3062,-887.3062;;;;
Michael;09:09:37;15:36:35;-1175.961,-887.306,-887.306;;;;
Michael;09:09:37;15:36:35;-1175.961,-887.3059,-887.3059;;;;
Michael;09:09:38;15:36:36;-1175.961,-887.3058,-887.3058;;;;
Michael;09:09:39;15:36:36;-1175.961,-887.3056,-887.3056;;;;
Michael;09:09:39;15:36:37;-1175.962,-887.3055,-887.3055;;;;
Michael;09:09:40;15:36:37;-1175.962,-887.3054,-887.3054;;Hey, you the kid selling Jimmy pot by the pound?;Cutscene;Cutscene
Michael;09:09:40;15:36:38;-1175.962,-887.3051,-887.3051;;;;
Michael;09:09:41;15:36:38;-1175.962,-887.3049,-887.3049;;;;
Michael;09:09:41;15:36:39;-1175.962,-887.3049,-887.3049;;;;
Michael;09:09:42;15:36:40;-1175.962,-887.3047,-887.3047;;;;
Michael;09:09:42;15:36:40;-1175.963,-887.3,-887.3;;;;
Michael;09:09:43;15:36:41;-1175.963,-887.3,-887.3;;;;
Michael;09:09:43;15:36:41;-1175.964,-887.2999,-887.2999;;;;
Michael;09:09:44;15:36:42;-1175.964,-887.2998,-887.2998;;;;
Michael;09:09:44;15:36:42;-1175.964,-887.2996,-887.2996;;Jimmy, bro, your dad's funny, man.;Cutscene;Cutscene
Michael;09:09:45;15:36:43;-1175.964,-887.2995,-887.2995;;;;
Michael;09:09:45;15:36:43;-1175.964,-887.2995,-887.2995;;;;
Michael;09:09:46;15:36:44;-1175.965,-887.2995,-887.2995;;;;
Michael;09:09:46;15:36:44;-1175.964,-887.2986,-887.2986;;;;
Michael;09:09:47;15:36:45;-1175.964,-887.2983,-887.2983;;Come on, do this shit and let's get going.;Cutscene;Cutscene
Michael;09:09:47;15:36:45;-1175.964,-887.298,-887.298;;;;
Michael;09:09:48;15:36:46;-1175.964,-887.2978,-887.2978;;;;
Michael;09:09:48;15:36:46;-1175.964,-887.2976,-887.2976;;Oh, yeah,;Cutscene;Cutscene
Michael;09:09:49;15:36:47;-1175.964,-887.2974,-887.2974;;;;
Michael;09:09:49;15:36:47;-1175.964,-887.2969,-887.2969;;you got that other thing?;Cutscene;Cutscene
Michael;09:09:50;15:36:48;-1175.964,-887.2967,-887.2967;;;;
Michael;09:09:50;15:36:48;-1175.964,-887.2965,-887.2965;;;;
Michael;09:09:51;15:36:49;-1175.964,-887.2963,-887.2963;;Oh, yeah, yeah, yeah, yeah.;Cutscene;Cutscene
Michael;09:09:52;15:36:49;-1175.964,-887.2961,-887.2961;;;;
Michael;09:09:52;15:36:50;-1175.964,-887.2958,-887.2958;;;;
Michael;09:09:53;15:36:50;-1175.964,-887.2955,-887.2955;;;;
Michael;09:09:53;15:36:51;-1176.352,-887.5604,-887.5604;True,Sedans,TAILGATE,0,002090691,0;Come on, what the fuck? Jimmy!;MICHAEL;FAM5_GYAA
Michael;09:09:54;15:36:51;-1176.352,-887.5604,-887.5604;True,Sedans,TAILGATE,0,002357983,0;;;
Michael;09:09:54;15:36:52;-1176.352,-887.5604,-887.5604;True,Sedans,TAILGATE,0,002356964,0;;;
Michael;09:09:55;15:36:52;-1176.352,-887.5604,-887.5604;True,Sedans,TAILGATE,0,002199081,0;Just hold on a second.;JIMMY;FAM5_GYAB
Michael;09:09:55;15:36:53;-1176.352,-887.5604,-887.5604;True,Sedans,TAILGATE,0,002409172,0;;;
Michael;09:09:56;15:36:54;-1176.352,-887.5604,-887.5604;True,Sedans,TAILGATE,0,002143664,0;;;
Michael;09:09:56;15:36:54;-1176.352,-887.5604,-887.5604;True,Sedans,TAILGATE,0,001824144,0;;;
Michael;09:09:57;15:36:55;-1176.352,-887.5604,-887.5604;True,Sedans,TAILGATE,0,002221385,0;Oh, alright. Alright later on.;JIMMY;FAM5_GYAC
Michael;09:09:57;15:36:55;-1176.352,-887.5604,-887.5604;True,Sedans,TAILGATE,0,002001911,0;;;
Michael;09:09:58;15:36:56;-1176.352,-887.5604,-887.5604;True,Sedans,TAILGATE,0,001982035,0;;;
Michael;09:09:58;15:36:56;-1176.352,-887.5604,-887.5604;True,Sedans,TAILGATE,0,002118586,0;;;
Michael;09:09:59;15:36:57;-1176.352,-887.5604,-887.5604;True,Sedans,TAILGATE,0,001982149,0;;;
Michael;09:09:59;15:36:57;-1176.352,-887.5604,-887.5604;True,Sedans,TAILGATE,0,002027984,0;Careful with that.;FAM5DEALER;FAM5_GYAD
Michael;09:10:00;15:36:58;-1176.352,-887.5604,-887.5604;True,Sedans,TAILGATE,0,003200772,0;;;
Michael;09:10:00;15:36:58;-1176.352,-887.5604,-887.5604;True,Sedans,TAILGATE,0,002735214,0;;;
Michael;09:10:01;15:36:59;-1176.352,-887.5604,-887.5604;True,Sedans,TAILGATE,0,002956389,0;Hey, let's bounce.;JIMMY;FAM5_GYAE
Michael;09:10:01;15:36:59;-1176.352,-887.5604,-887.5604;True,Sedans,TAILGATE,0,002805498,0;;;
Michael;09:10:02;15:37:00;-1176.352,-887.5604,-887.5604;True,Sedans,TAILGATE,0,002797963,0;Bounce? We're bouncing now? Is that what we're doing? Jesus fucking Christ.;MICHAEL;FAM5_GYAF
Michael;09:10:02;15:37:00;-1176.338,-887.5531,-887.5531;True,Sedans,TAILGATE,0,04040329,0;;;
Michael;09:10:03;15:37:01;-1176.307,-887.537,-887.537;True,Sedans,TAILGATE,0,02964672,0;;;
Michael;09:10:03;15:37:01;-1176.351,-887.5597,-887.5597;True,Sedans,TAILGATE,0,02054552,0;;;
Michael;09:10:04;15:37:02;-1176.333,-887.5844,-887.5844;True,Sedans,TAILGATE,0,3700747,1;;;
Michael;09:10:04;15:37:02;-1175.921,-887.9141,-887.9141;True,Sedans,TAILGATE,1,731098,1;;;
Michael;09:10:05;15:37:03;-1175.094,-888.3489,-888.3489;True,Sedans,TAILGATE,1,233752,0;;;
Michael;09:10:06;15:37:03;-1174.534,-888.4987,-888.4987;True,Sedans,TAILGATE,1,694468,1;;;
Michael;09:10:06;15:37:04;-1173.3,-888.6875,-888.6875;True,Sedans,TAILGATE,2,584127,0;;;
Michael;09:10:07;15:37:04;-1172.823,-888.6206,-888.6206;True,Sedans,TAILGATE,0,2854692,-1;;;
Michael;09:10:07;15:37:05;-1173.249,-888.3875,-888.3875;True,Sedans,TAILGATE,1,666699,-1;;;
Michael;09:10:08;15:37:05;-1174.472,-888.2341,-888.2341;True,Sedans,TAILGATE,2,53793,0;;;
Michael;09:10:08;15:37:06;-1174.93,-888.4285,-888.4285;True,Sedans,TAILGATE,0,1001991,1;;;
Michael;09:10:09;15:37:06;-1174.603,-888.345,-888.345;True,Sedans,TAILGATE,1,271981,1;;;
Michael;09:10:09;15:37:07;-1173.571,-888.0316,-888.0316;True,Sedans,TAILGATE,2,955059,1;;;
Michael;09:10:10;15:37:08;-1171.847,-886.8934,-886.8934;True,Sedans,TAILGATE,5,140087,1;;;
Michael;09:10:10;15:37:08;-1170.823,-884.1408,-884.1408;True,Sedans,TAILGATE,5,509795,0;;;
Michael;09:10:11;15:37:09;-1170.903,-883.3545,-883.3545;True,Sedans,TAILGATE,0,451713,-1;;;
Michael;09:10:11;15:37:09;-1171.13,-883.9273,-883.9273;True,Sedans,TAILGATE,1,951384,-1;;;
Michael;09:10:12;15:37:10;-1171.268,-885.2917,-885.2917;True,Sedans,TAILGATE,2,594868,0;Alrighty then. Now what?;MICHAEL;FAM5_EAAA
Michael;09:10:12;15:37:10;-1170.981,-885.6688,-885.6688;True,Sedans,TAILGATE,0,08100822,1;;;
Michael;09:10:13;15:37:11;-1171.185,-885.3827,-885.3827;True,Sedans,TAILGATE,1,327271,1;;;
Michael;09:10:13;15:37:11;-1171.824,-884.4692,-884.4692;True,Sedans,TAILGATE,3,116723,1;;;
Michael;09:10:14;15:37:12;-1173.47,-883.0558,-883.0558;True,Sedans,TAILGATE,5,577755,1;Can we just get back to the house, please?;JIMMY;FAM5_EAAB
Michael;09:10:14;15:37:12;-1176.245,-880.9788,-880.9788;True,Sedans,TAILGATE,6,078701,0;;;
Michael;09:10:15;15:37:13;-1178.545,-880.3458,-880.3458;True,Sedans,TAILGATE,3,689973,0;;;
Michael;09:10:15;15:37:13;-1179.549,-879.579,-879.579;True,Sedans,TAILGATE,1,749478,1;;;
Michael;09:10:16;15:37:14;-1180.296,-878.5427,-878.5427;True,Sedans,TAILGATE,3,539782,1;;;
Michael;09:10:16;15:37:14;-1181.215,-876.2813,-876.2813;True,Sedans,TAILGATE,6,00869,1;;;
Michael;09:10:17;15:37:15;-1181.574,-872.1714,-872.1714;True,Sedans,TAILGATE,9,866458,1;;;
Michael;09:10:17;15:37:15;-1180.351,-866.5821,-866.5821;True,Sedans,TAILGATE,11,48121,0;;;
Michael;09:10:18;15:37:16;-1178.564,-861.34,-861.34;True,Sedans,TAILGATE,9,944436,0;;;
Michael;09:10:18;15:37:16;-1175.589,-857.2415,-857.2415;True,Sedans,TAILGATE,9,505898,1;;;
Michael;09:10:19;15:37:17;-1172.534,-852.5631,-852.5631;True,Sedans,TAILGATE,11,49516,0;;;
Michael;09:10:20;15:37:17;-1168.856,-847.854,-847.854;True,Sedans,TAILGATE,12,24578,1;;;
Michael;09:10:20;15:37:18;-1164.281,-842.6821,-842.6821;True,Sedans,TAILGATE,13,7069,0;;;
Michael;09:10:21;15:37:18;-1159.251,-838.4536,-838.4536;True,Sedans,TAILGATE,11,88825,0;;;
Michael;09:10:21;15:37:19;-1155.064,-834.7363,-834.7363;True,Sedans,TAILGATE,9,703942,0;;;
Michael;09:10:22;15:37:19;-1152.292,-831.0193,-831.0193;True,Sedans,TAILGATE,8,336828,1;;;
Michael;09:10:22;15:37:20;-1148.666,-827.6775,-827.6775;True,Sedans,TAILGATE,11,06648,1;;;
Michael;09:10:23;15:37:21;-1144.429,-823.8214,-823.8214;True,Sedans,TAILGATE,10,3094,1;;;
Michael;09:10:23;15:37:21;-1141.563,-818.7613,-818.7613;True,Sedans,TAILGATE,11,60886,1;;;
Michael;09:10:24;15:37:22;-1136.8,-814.6456,-814.6456;True,Sedans,TAILGATE,12,71526,1;;;
Michael;09:10:24;15:37:22;-1131.801,-809.8291,-809.8291;True,Sedans,TAILGATE,13,35789,0;So uhh, want a drink?;JIMMY;FAM5_ETAA
Michael;09:10:25;15:37:23;-1127.306,-805.0206,-805.0206;True,Sedans,TAILGATE,12,71741,1;;;
Michael;09:10:25;15:37:23;-1122.372,-800.1107,-800.1107;True,Sedans,TAILGATE,12,89246,0;;;
Michael;09:10:26;15:37:24;-1117.782,-796.1765,-796.1765;True,Sedans,TAILGATE,10,09074,0;I'm driving.;MICHAEL;FAM5_ETAB
Michael;09:10:26;15:37:24;-1113.167,-794.064,-794.064;True,Sedans,TAILGATE,10,59635,1;;;
Michael;09:10:27;15:37:25;-1108.023,-791.6399,-791.6399;True,Sedans,TAILGATE,10,12104,0;Because normally you're such a between-the-white-lines, "friend to the pedestrian" kind of guy.;JIMMY;FAM5_ETAC
Michael;09:10:27;15:37:25;-1104.635,-788.3832,-788.3832;True,Sedans,TAILGATE,8,454526,1;;;
Michael;09:10:28;15:37:26;-1101.234,-785.9329,-785.9329;True,Sedans,TAILGATE,7,814048,1;;;
Michael;09:10:28;15:37:26;-1098.565,-783.585,-783.585;True,Sedans,TAILGATE,6,014297,0;;;
Michael;09:10:29;15:37:27;-1096.815,-781.9719,-781.9719;True,Sedans,TAILGATE,2,064004,0;;;
Michael;09:10:29;15:37:27;-1096.367,-781.5109,-781.5109;True,Sedans,TAILGATE,0,4224482,0;;;
Michael;09:10:30;15:37:28;-1096.355,-781.4897,-781.4897;True,Sedans,TAILGATE,0,00225923,0;;;
Michael;09:10:30;15:37:28;-1096.355,-781.4897,-781.4897;True,Sedans,TAILGATE,0,003810183,0;;;
Michael;09:10:31;15:37:29;-1096.355,-781.4897,-781.4897;True,Sedans,TAILGATE,0,004412712,0;;;
Michael;09:10:32;15:37:29;-1096.355,-781.4897,-781.4897;True,Sedans,TAILGATE,0,004112464,0;;;
Michael;09:10:32;15:37:30;-1096.355,-781.4897,-781.4897;True,Sedans,TAILGATE,0,00421206,0;;;
Michael;09:10:33;15:37:30;-1096.355,-781.4899,-781.4899;True,Sedans,TAILGATE,0,05556063,0;Fine, give it here.;MICHAEL;FAM5_ETAD
Michael;09:10:33;15:37:31;-1096.355,-781.49,-781.49;True,Sedans,TAILGATE,0,004292121,0;;;
Michael;09:10:34;15:37:31;-1096.355,-781.49,-781.49;True,Sedans,TAILGATE,0,003239173,0;;;
Michael;09:10:34;15:37:32;-1096.355,-781.49,-781.49;True,Sedans,TAILGATE,0,00311563,0;;;
Michael;09:10:35;15:37:32;-1096.355,-781.49,-781.49;True,Sedans,TAILGATE,0,003170236,0;;;
Michael;09:10:35;15:37:33;-1096.355,-781.49,-781.49;True,Sedans,TAILGATE,0,003167802,0;;;
Michael;09:10:36;15:37:34;-1096.355,-781.49,-781.49;True,Sedans,TAILGATE,0,003093371,0;;;
Michael;09:10:36;15:37:34;-1096.355,-781.49,-781.49;True,Sedans,TAILGATE,0,003021427,0;;;
Michael;09:10:37;15:37:35;-1096.355,-781.49,-781.49;True,Sedans,TAILGATE,0,003054019,0;;;
Michael;09:10:37;15:37:35;-1096.355,-781.49,-781.49;True,Sedans,TAILGATE,0,003035417,0;;;
Michael;09:10:38;15:37:36;-1096.355,-781.49,-781.49;True,Sedans,TAILGATE,0,003136505,0;;;
Michael;09:10:38;15:37:36;-1096.355,-781.49,-781.49;True,Sedans,TAILGATE,0,003098163,0;;;
Michael;09:10:39;15:37:37;-1096.355,-781.49,-781.49;True,Sedans,TAILGATE,0,003113308,0;;;
Michael;09:10:39;15:37:37;-1096.355,-781.49,-781.49;True,Sedans,TAILGATE,0,003104846,0;;;
Michael;09:10:40;15:37:38;-1096.355,-781.49,-781.49;True,Sedans,TAILGATE,0,003169172,0;;;
Michael;09:10:40;15:37:38;-1096.355,-781.49,-781.49;True,Sedans,TAILGATE,0,003132286,0;;;
Michael;09:10:41;15:37:39;-1096.355,-781.49,-781.49;True,Sedans,TAILGATE,0,003150208,0;;;
Michael;09:10:41;15:37:39;-1096.355,-781.49,-781.49;True,Sedans,TAILGATE,0,003112462,0;;;
Michael;09:10:42;15:37:40;-1096.355,-781.49,-781.49;True,Sedans,TAILGATE,0,003143964,0;;;
Michael;09:10:42;15:37:40;-1096.355,-781.49,-781.49;True,Sedans,TAILGATE,0,003162636,0;;;
Michael;09:10:43;15:37:41;-1096.355,-781.49,-781.49;True,Sedans,TAILGATE,0,003118703,0;;;
Michael;09:10:43;15:37:41;-1096.355,-781.49,-781.49;True,Sedans,TAILGATE,0,003103812,0;;;
Michael;09:10:44;15:37:42;-1096.355,-781.49,-781.49;True,Sedans,TAILGATE,0,00313957,0;;;
Michael;09:10:45;15:37:42;-1096.353,-781.4879,-781.4879;True,Sedans,TAILGATE,0,07988817,1;Okay. Your turn.;MICHAEL;FAM5_EDAA
Michael;09:10:45;15:37:43;-1096.008,-781.1626,-781.1626;True,Sedans,TAILGATE,1,812685,1;;;
Michael;09:10:46;15:37:43;-1094.821,-780.3535,-780.3535;True,Sedans,TAILGATE,4,005907,1;;;
Michael;09:10:46;15:37:44;-1092.51,-778.393,-778.393;True,Sedans,TAILGATE,7,947848,1;Maybe when we get home.;JIMMY;FAM5_EDAB
Michael;09:10:47;15:37:44;-1088.25,-775.1612,-775.1612;True,Sedans,TAILGATE,11,67969,0;;;
Michael;09:10:47;15:37:45;-1083.449,-771.1639,-771.1639;True,Sedans,TAILGATE,13,46446,1;;;
Michael;09:10:48;15:37:45;-1078.629,-765.4349,-765.4349;True,Sedans,TAILGATE,14,96671,1;Ahhh, who's the square now?;MICHAEL;FAM5_EDAC
Michael;09:10:48;15:37:46;-1075.776,-758.3048,-758.3048;True,Sedans,TAILGATE,13,97994,0;;;
Michael;09:10:49;15:37:47;-1072.277,-753.1418,-753.1418;True,Sedans,TAILGATE,10,58116,0;;;
Michael;09:10:49;15:37:47;-1067.339,-751.3609,-751.3609;True,Sedans,TAILGATE,10,947,1;;;
Michael;09:10:50;15:37:48;-1061.742,-750.9667,-750.9667;True,Sedans,TAILGATE,9,716797,0;;;
Michael;09:10:50;15:37:48;-1056.819,-750.0797,-750.0797;True,Sedans,TAILGATE,10,48476,1;I'm starting to feel a little woozy.;MICHAEL;FAM5_EFAA
Michael;09:10:51;15:37:49;-1052.743,-748.0779,-748.0779;True,Sedans,TAILGATE,7,231407,0;;;
Michael;09:10:51;15:37:49;-1050.438,-745.4547,-745.4547;True,Sedans,TAILGATE,5,562493,0;;;
Michael;09:10:52;15:37:50;-1049.103,-743.6505,-743.6505;True,Sedans,TAILGATE,4,448081,1;;;
Michael;09:10:52;15:37:50;-1047.428,-741.4719,-741.4719;True,Sedans,TAILGATE,5,147198,1;;;
Michael;09:10:53;15:37:51;-1045.396,-739.0719,-739.0719;True,Sedans,TAILGATE,7,088102,1;;;
Michael;09:10:53;15:37:51;-1042.503,-736.7521,-736.7521;True,Sedans,TAILGATE,7,824338,1;;;
Michael;09:10:54;15:37:52;-1039.476,-733.6518,-733.6518;True,Sedans,TAILGATE,9,449916,1;You're fine.;JIMMY;FAM5_EFAB
Michael;09:10:54;15:37:52;-1036.106,-729.0022,-729.0022;True,Sedans,TAILGATE,11,60292,0;;;
Michael;09:10:55;15:37:53;-1032.217,-724.3864,-724.3864;True,Sedans,TAILGATE,12,1648,1;No. Really, this is not normal.;MICHAEL;FAM5_EFAC
Michael;09:10:55;15:37:53;-1027.034,-721.0847,-721.0847;True,Sedans,TAILGATE,11,78965,1;;;
Michael;09:10:56;15:37:54;-1022.613,-716.9836,-716.9836;True,Sedans,TAILGATE,11,46891,0;;;
Michael;09:10:56;15:37:54;-1018.861,-713.2096,-713.2096;True,Sedans,TAILGATE,9,944413,1;;;
Michael;09:10:57;15:37:55;-1013.968,-711.0396,-711.0396;True,Sedans,TAILGATE,11,38427,1;;;
Michael;09:10:58;15:37:55;-1008.532,-708.6381,-708.6381;True,Sedans,TAILGATE,11,5252,1;;;
Michael;09:10:58;15:37:56;-1002.777,-705.8785,-705.8785;True,Sedans,TAILGATE,12,68962,1;;;
Michael;09:10:59;15:37:56;-997.1921,-701.7581,-701.7581;True,Sedans,TAILGATE,13,76791,1;;;
Michael;09:10:59;15:37:57;-992.3741,-699.5106,-699.5106;True,Sedans,TAILGATE,5,247233,1;Chill out. You're just paranoid.;JIMMY;FAM5_EFAD
Michael;09:11:00;15:37:57;-991.8481,-698.6259,-698.6259;True,Sedans,TAILGATE,0,6190922,-1;;;
Michael;09:11:00;15:37:58;-992.485,-698.3698,-698.3698;True,Sedans,TAILGATE,2,174649,-1;;;
Michael;09:11:01;15:37:59;-994.0392,-697.9296,-697.9296;True,Sedans,TAILGATE,2,923511,0;;;
Michael;09:11:01;15:37:59;-994.3498,-698.1293,-698.1293;True,Sedans,TAILGATE,0,2647387,1;;;
Michael;09:11:02;15:38:00;-993.8575,-698.1505,-698.1505;True,Sedans,TAILGATE,1,77612,1;;;
Michael;09:11:02;15:38:00;-992.3446,-697.9902,-697.9902;True,Sedans,TAILGATE,4,196101,1;This is not paranoia. This is totally justified concern.;MICHAEL;FAM5_EFAE
Michael;09:11:03;15:38:01;-990.1187,-696.6171,-696.6171;True,Sedans,TAILGATE,5,583857,0;;;
Michael;09:11:03;15:38:01;-988.2062,-694.9589,-694.9589;True,Sedans,TAILGATE,3,816101,0;;;
Michael;09:11:04;15:38:02;-986.771,-693.3422,-693.3422;True,Sedans,TAILGATE,5,171902,1;;;
Michael;09:11:04;15:38:02;-984.8511,-690.4351,-690.4351;True,Sedans,TAILGATE,8,09868,1;;;
Michael;09:11:05;15:38:03;-981.0256,-687.6752,-687.6752;True,Sedans,TAILGATE,9,934847,1;;;
Michael;09:11:05;15:38:03;-975.4774,-686.4999,-686.4999;True,Sedans,TAILGATE,10,92044,0;You should see yourself.;JIMMY;FAM5_EFAF
Michael;09:11:06;15:38:04;-970.2231,-684.8694,-684.8694;True,Sedans,TAILGATE,10,74429,1;;;
Michael;09:11:06;15:38:04;-965.1097,-683.4312,-683.4312;True,Sedans,TAILGATE,9,022489,1;;;
Michael;09:11:07;15:38:05;-961.0513,-680.3608,-680.3608;True,Sedans,TAILGATE,10,88465,1;;;
Michael;09:11:07;15:38:05;-956.5724,-676.5237,-676.5237;True,Sedans,TAILGATE,10,90182,0;;;
Michael;09:11:08;15:38:06;-952.6021,-673.6045,-673.6045;True,Sedans,TAILGATE,9,166097,1;;;
Michael;09:11:08;15:38:06;-948.082,-670.6359,-670.6359;True,Sedans,TAILGATE,11,48447,0;;;
Michael;09:11:09;15:38:07;-943.5568,-669.139,-669.139;True,Sedans,TAILGATE,8,278532,1;Oh. This steering wheel's the size of a ferris wheel.;MICHAEL;FAM5_EHAA
Michael;09:11:10;15:38:07;-938.5977,-670.2667,-670.2667;True,Sedans,TAILGATE,11,36967,1;;;
Michael;09:11:10;15:38:08;-932.5343,-670.5121,-670.5121;True,Sedans,TAILGATE,11,40664,0;;;
Michael;09:11:11;15:38:08;-926.8647,-671.2257,-671.2257;True,Sedans,TAILGATE,10,4692,0;;;
Michael;09:11:11;15:38:09;-922.0723,-670.6013,-670.6013;True,Sedans,TAILGATE,9,475273,1;;;
Michael;09:11:12;15:38:09;-916.675,-669.1359,-669.1359;True,Sedans,TAILGATE,11,3569,0;;;
Michael;09:11:12;15:38:10;-911.8785,-666.0082,-666.0082;True,Sedans,TAILGATE,10,37643,0;;;
Michael;09:11:13;15:38:11;-907.4037,-663.9046,-663.9046;True,Sedans,TAILGATE,10,17237,1;;;
Michael;09:11:13;15:38:11;-902.0959,-661.5905,-661.5905;True,Sedans,TAILGATE,11,41748,0;;;
Michael;09:11:14;15:38:12;-896.58,-659.9942,-659.9942;True,Sedans,TAILGATE,11,75459,1;;;
Michael;09:11:14;15:38:12;-890.5366,-657.9861,-657.9861;True,Sedans,TAILGATE,12,98989,1;;;
Michael;09:11:15;15:38:13;-884.3093,-654.8231,-654.8231;True,Sedans,TAILGATE,13,77091,0;;;
Michael;09:11:15;15:38:13;-880.1205,-649.8582,-649.8582;True,Sedans,TAILGATE,11,53293,0;;;
Michael;09:11:16;15:38:14;-877.4743,-645.323,-645.323;True,Sedans,TAILGATE,7,900793,0;;;
Michael;09:11:16;15:38:14;-876.7324,-641.9658,-641.9658;True,Sedans,TAILGATE,5,407023,0;;;
Michael;09:11:17;15:38:15;-875.0468,-639.7225,-639.7225;True,Sedans,TAILGATE,6,707166,1;;;
Michael;09:11:17;15:38:15;-873.4214,-636.173,-636.173;True,Sedans,TAILGATE,8,619902,1;;;
Michael;09:11:18;15:38:16;-874.0152,-631.1817,-631.1817;True,Sedans,TAILGATE,10,85802,1;;;
Michael;09:11:18;15:38:16;-875.6339,-627.8769,-627.8769;True,Sedans,TAILGATE,3,820695,0;Nope. I'm stopping.;MICHAEL;FAM5_EJAA
Michael;09:11:19;15:38:17;-877.1102,-623.7769,-623.7769;;;;
Michael;09:11:19;15:38:17;-877.1102,-623.7769,-623.7769;;;;
Michael;09:11:20;15:38:18;-877.1102,-623.7769,-623.7769;;;;
Michael;09:11:20;15:38:18;-877.1102,-623.7769,-623.7769;;;;
Michael;09:11:21;15:38:19;-877.1102,-623.7769,-623.7769;;;;
Michael;09:11:21;15:38:19;-877.1102,-623.7769,-623.7769;;What was in that thing?;MICHAEL;FAM5_DQAA
Michael;09:11:22;15:38:20;-877.1102,-623.7769,-623.7769;;;;
Michael;09:11:23;15:38:20;-877.1102,-623.7769,-623.7769;;It's harmless. Vets have been using it for decades.;JIMMY;FAM5_DQAB
Michael;09:11:23;15:38:21;-877.1102,-623.7769,-623.7769;;;;
Michael;09:11:24;15:38:21;-877.1102,-623.7769,-623.7769;;;;
Michael;09:11:24;15:38:22;-877.1102,-623.7769,-623.7769;;;;
Michael;09:11:25;15:38:22;-877.1102,-623.7769,-623.7769;;;;
Michael;09:11:25;15:38:23;-877.1102,-623.7769,-623.7769;;What? You anesthetized me, you fucking shit?;MICHAEL;FAM5_DQAC
Michael;09:11:26;15:38:24;-877.1102,-623.7769,-623.7769;;;;
Michael;09:11:26;15:38:24;-877.1102,-623.7769,-623.7769;;;;
Michael;09:11:27;15:38:25;-877.1102,-623.7769,-623.7769;;;;
Michael;09:11:27;15:38:25;-877.1102,-623.7769,-623.7769;;;;
Michael;09:11:28;15:38:26;-877.1102,-623.7769,-623.7769;;;;
Michael;09:11:28;15:38:26;-877.1102,-623.7769,-623.7769;;I'm protecting you from yourself.;JIMMY;FAM5_DQAD
Michael;09:11:29;15:38:27;-877.1102,-623.7769,-623.7769;;;;
Michael;09:11:29;15:38:27;-877.1102,-623.7769,-623.7769;;;;
Michael;09:11:30;15:38:28;-877.1102,-623.7769,-623.7769;;;;
Michael;09:11:30;15:38:28;-877.1102,-623.7769,-623.7769;;Also, I took money from your bank account and I'm moving out, alright?;JIMMY;FAM5_DQAE
Michael;09:11:31;15:38:29;-877.1102,-623.7769,-623.7769;;;;
Michael;09:11:31;15:38:29;-877.1102,-623.7769,-623.7769;;;;
Michael;09:11:32;15:38:30;-877.1102,-623.7769,-623.7769;;;;
Michael;09:11:32;15:38:30;-877.1102,-623.7769,-623.7769;;;;
Michael;09:11:33;15:38:31;-877.1102,-623.7769,-623.7769;;;;
Michael;09:11:33;15:38:31;-877.1102,-623.7769,-623.7769;;What?;MICHAEL;FAM5_DQAF
Michael;09:11:34;15:38:32;-877.1102,-623.7769,-623.7769;;;;
Michael;09:11:34;15:38:32;-877.1102,-623.7769,-623.7769;;You're too crazy, Dad. Bye!;JIMMY;FAM5_DQAG
Michael;09:11:35;15:38:33;-877.1257,-623.7664,-623.7664;;;;
Michael;09:11:36;15:38:33;-877.2998,-623.8159,-623.8159;;Jimmy!;MICHAEL;FAM5_DQAH
Michael;09:11:36;15:38:34;-877.6948,-624.2461,-624.2461;;;;
Michael;09:11:37;15:38:34;-878.5414,-624.7943,-624.7943;;;;
Michael;09:11:37;15:38:35;-878.6362,-624.8239,-624.8239;;;;
Michael;09:11:38;15:38:35;-878.6931,-624.8606,-624.8606;;;;
Michael;09:11:38;15:38:36;-878.2094,-624.7528,-624.7528;;;;
Michael;09:11:39;15:38:37;-878.3198,-624.7554,-624.7554;;;;
Michael;09:11:39;15:38:37;-878.3933,-624.7646,-624.7646;;;;
Michael;09:11:40;15:38:38;-878.3955,-624.7639,-624.7639;;;;
Michael;09:11:40;15:38:38;-878.3995,-624.7649,-624.7649;;;;
Michael;09:11:41;15:38:39;-879.2979,-625.5433,-625.5433;;;;
Michael;09:11:41;15:38:39;-879.2653,-625.5244,-625.5244;;;;
Michael;09:11:42;15:38:40;-879.2653,-625.5244,-625.5244;;;;
Michael;09:11:42;15:38:40;-879.2653,-625.5244,-625.5244;;;;
Michael;09:11:43;15:38:41;-879.2653,-625.5244,-625.5244;;;;
Michael;09:11:43;15:38:41;-879.2653,-625.5244,-625.5244;;;;
Michael;09:11:44;15:38:42;-879.2653,-625.5244,-625.5244;;;;
Michael;09:11:44;15:38:42;-879.2653,-625.5244,-625.5244;;;;
Michael;09:11:45;15:38:43;-879.2653,-625.5244,-625.5244;;;;
Michael;09:11:45;15:38:43;-879.2653,-625.5244,-625.5244;;;;
Michael;09:11:46;15:38:44;-879.2653,-625.5244,-625.5244;;;;
Michael;09:11:46;15:38:44;-879.2653,-625.5244,-625.5244;;;;
Michael;09:11:47;15:38:45;-879.2661,-625.5246,-625.5246;;;;
Michael;09:11:48;15:38:45;-879.2654,-625.5261,-625.5261;;;;
Michael;09:11:48;15:38:46;-879.2621,-625.5241,-625.5241;;;;
Michael;09:11:49;15:38:46;-879.2574,-625.4986,-625.4986;;;;
Michael;09:11:49;15:38:47;-879.2683,-625.4642,-625.4642;;;;
Michael;09:11:50;15:38:47;-879.3914,-625.3548,-625.3548;;;;
Michael;09:11:50;15:38:48;-879.4054,-625.3441,-625.3441;;;;
Michael;09:11:51;15:38:48;-879.5156,-625.2208,-625.2208;;;;
Michael;09:11:51;15:38:49;-879.6269,-625.1009,-625.1009;;;;
Michael;09:11:52;15:38:50;-879.6476,-625.0736,-625.0736;;;;
Michael;09:11:52;15:38:50;-879.8193,-624.8689,-624.8689;;;;
Michael;09:11:53;15:38:51;-879.8889,-624.7889,-624.7889;;;;
Michael;09:11:53;15:38:51;-879.9615,-624.7016,-624.7016;;;;
Michael;09:11:54;15:38:52;-880.1175,-624.5203,-624.5203;;;;
Michael;22:00:00;15:38:52;-20.2621,-219.8899,-219.8899;;;;
Michael;22:00:00;15:38:53;-20.23559,-220.2455,-220.2455;;;;
Michael;22:00:00;15:38:53;-20.23559,-220.2455,-220.2455;;;;
Michael;22:00:00;15:38:54;-20.23559,-220.2455,-220.2455;;;;
Michael;22:00:00;15:38:54;-20.23559,-220.2455,-220.2455;;;;
Michael;22:00:00;15:38:55;-20.23559,-220.2455,-220.2455;;;;
Michael;22:00:00;15:38:55;-20.23559,-220.2455,-220.2455;;;;
Michael;22:00:00;15:38:56;-20.23559,-220.2455,-220.2455;;;;
Michael;22:00:00;15:38:56;-20.23559,-220.2455,-220.2455;;;;
Michael;22:00:00;15:38:57;-20.23559,-220.2456,-220.2456;;;;
Michael;22:00:00;15:38:57;-20.23559,-220.2456,-220.2456;;;;
Michael;22:00:00;15:38:58;-20.23559,-220.2456,-220.2456;;;;
Michael;22:00:00;15:38:58;-20.23559,-220.2456,-220.2456;;;;
Michael;22:00:00;15:38:59;-20.23559,-220.2456,-220.2456;;;;
Michael;22:00:00;15:38:59;-20.23565,-220.2456,-220.2456;;;;
Michael;22:00:00;15:39:00;-20.23588,-220.2458,-220.2458;;;;
Michael;22:00:00;15:39:00;-20.24683,-220.239,-220.239;;;;
Michael;22:00:00;15:39:01;-20.24475,-220.2233,-220.2233;;;;
Michael;22:00:00;15:39:01;-20.21354,-220.2182,-220.2182;;;;
Michael;22:00:00;15:39:02;-20.1715,-220.183,-220.183;;;;
Michael;22:00:00;15:39:03;-20.10669,-219.8116,-219.8116;;;;
Michael;22:00:00;15:39:03;-20.20426,-219.5972,-219.5972;;;;
Michael;22:00:00;15:39:04;-20.18933,-219.3274,-219.3274;;;;
Michael;22:00:00;15:39:04;-20.06802,-219.0599,-219.0599;;;;
Michael;22:00:00;15:39:05;-20.19459,-219.3495,-219.3495;;;;
Michael;22:00:00;15:39:05;-20.08711,-219.0717,-219.0717;;;;
Michael;22:00:00;15:39:06;-19.81046,-218.8106,-218.8106;;;;
Michael;22:00:00;15:39:06;-19.76488,-218.0662,-218.0662;;;;
Michael;22:00:00;15:39:07;-19.64693,-217.7523,-217.7523;;;;
Michael;22:00:00;15:39:07;-19.68005,-217.7642,-217.7642;;;;
Michael;22:00:00;15:39:08;-19.67961,-217.7673,-217.7673;;;;
Michael;22:00:00;15:39:08;-19.67966,-217.7673,-217.7673;;;;
Michael;22:00:00;15:39:09;-19.67965,-217.7673,-217.7673;;;;
Michael;22:00:00;15:39:09;-19.67965,-217.7674,-217.7674;;;;
Michael;22:00:00;15:39:10;-19.67965,-217.7674,-217.7674;;;;
Michael;22:00:00;15:39:10;-19.67965,-217.7674,-217.7674;;;;
Michael;22:00:00;15:39:11;-19.67965,-217.7674,-217.7674;;;;
Michael;22:00:00;15:39:11;-19.67414,-217.742,-217.742;;;;
Michael;22:00:00;15:39:12;-19.65508,-217.6595,-217.6595;;;;
Michael;22:00:00;15:39:12;-19.64446,-217.507,-217.507;;;;
Michael;22:00:00;15:39:13;-19.61797,-217.2725,-217.2725;;;;
Michael;22:00:00;15:39:13;-19.58107,-216.9459,-216.9459;;;;
Michael;22:00:00;15:39:14;-19.52991,-216.4813,-216.4813;;;;
Michael;22:00:00;15:39:14;-19.46428,-215.8858,-215.8858;;;;
Michael;22:00:00;15:39:15;-19.37578,-215.0988,-215.0988;;;;
Michael;22:00:00;15:39:16;-19.25124,-214.0077,-214.0077;;;;
Michael;22:00:00;15:39:16;-19.09609,-212.6516,-212.6516;;;;
Michael;22:00:00;15:39:17;-18.73003,-211.3104,-211.3104;;;;
Michael;22:00:00;15:39:17;-18.35504,-209.982,-209.982;;;;
Michael;22:00:00;15:39:18;-17.9756,-208.6382,-208.6382;;;;
Michael;22:00:00;15:39:18;-17.76771,-207.7403,-207.7403;;;;
Michael;22:00:00;15:39:19;-17.86157,-207.629,-207.629;;;;
Michael;22:00:00;15:39:19;-17.95528,-207.518,-207.518;;;;
Michael;22:00:00;15:39:20;-18.0488,-207.4074,-207.4074;;;;
Michael;22:00:00;15:39:20;-18.14373,-207.2952,-207.2952;;;;
Michael;22:00:00;15:39:21;-18.23824,-207.1832,-207.1832;;;;
Michael;22:00:00;15:39:21;-18.33227,-207.0718,-207.0718;;;;
Michael;22:00:00;15:39:22;-18.40179,-206.9895,-206.9895;;;;
Michael;22:00:00;15:39:22;-18.40179,-206.9895,-206.9895;;;;
Michael;22:00:00;15:39:23;-18.40179,-206.9895,-206.9895;;;;
Michael;22:00:00;15:39:23;41.39179,-779.8237,-779.8237;;;;
Michael;22:00:00;15:39:24;41.39179,-779.8237,-779.8237;;;;
Michael;22:00:00;15:39:24;41.39179,-779.8237,-779.8237;;;;
Michael;22:00:00;15:39:25;41.39179,-779.8237,-779.8237;;;;
Michael;22:00:00;15:39:25;41.39179,-779.8237,-779.8237;;;;
Michael;22:00:00;15:39:26;41.39179,-779.8237,-779.8237;;;;
Michael;22:00:00;15:39:26;41.39179,-779.8237,-779.8237;;;;
Michael;22:00:00;15:39:27;41.39179,-779.8237,-779.8237;;;;
Michael;22:00:00;15:39:27;41.39179,-779.8237,-779.8237;;;;
Michael;22:00:00;15:39:28;41.39179,-779.8237,-779.8237;;;;
Michael;22:00:00;15:39:28;41.39179,-779.8237,-779.8237;;;;
Michael;22:00:00;15:39:29;41.39179,-779.8237,-779.8237;;;;
Michael;22:00:00;15:39:30;41.39179,-779.8237,-779.8237;;;;
Michael;22:00:00;15:39:30;41.39179,-779.8237,-779.8237;;;;
Michael;22:00:00;15:39:31;41.39179,-779.8237,-779.8237;;;;
Michael;22:00:00;15:39:31;41.39179,-779.8237,-779.8237;;;;
Michael;22:00:00;15:39:32;41.39179,-779.8237,-779.8237;;;;
Michael;22:00:00;15:39:32;41.39179,-779.8237,-779.8237;;;;
Michael;22:00:00;15:39:33;41.39179,-779.8237,-779.8237;;;;
Michael;22:00:00;15:39:33;41.39179,-779.8237,-779.8237;;;;
Michael;22:00:00;15:39:34;41.39179,-779.8237,-779.8237;;;;
Michael;22:00:00;15:39:34;41.39179,-779.8237,-779.8237;;;;
Michael;22:00:00;15:39:35;41.39179,-779.8237,-779.8237;;;;
Michael;22:00:00;15:39:35;41.39179,-779.8237,-779.8237;;;;
Michael;22:00:00;15:39:36;41.39179,-779.8237,-779.8237;;;;
Michael;22:00:00;15:39:36;41.39179,-779.8237,-779.8237;;;;
Michael;22:00:00;15:39:37;41.39179,-779.8237,-779.8237;;;;
Michael;22:00:00;15:39:37;41.39179,-779.8237,-779.8237;;;;
Michael;22:00:00;15:39:38;41.39179,-779.8237,-779.8237;;;;
Michael;22:00:00;15:39:38;41.39179,-779.8237,-779.8237;;;;
Michael;22:00:00;15:39:39;41.39178,-779.8237,-779.8237;;;;
Michael;22:00:00;15:39:39;41.39178,-779.8237,-779.8237;;;;
Michael;22:00:00;15:39:40;41.39178,-779.8237,-779.8237;;;;
Michael;22:00:00;15:39:40;41.39178,-779.8237,-779.8237;;;;
Michael;22:00:00;15:39:41;41.39178,-779.8237,-779.8237;;;;
Michael;22:00:00;15:39:41;41.39178,-779.8237,-779.8237;;;;
Michael;22:00:00;15:39:42;41.39178,-779.8237,-779.8237;;;;
Michael;22:00:00;15:39:43;41.40201,-779.8289,-779.8289;;;;
Michael;22:00:00;15:39:43;41.4313,-779.8879,-779.8879;;;;
Michael;22:00:00;15:39:44;41.64969,-779.7606,-779.7606;;;;
Michael;22:00:00;15:39:44;-900.0037,100.3248,100.3248;;;;
Michael;22:00:00;15:39:45;-900.0059,100.3273,100.3273;;;;
Michael;22:00:00;15:39:45;-900.008,100.3298,100.3298;;;;
Michael;22:00:00;15:39:46;-900.0101,100.3323,100.3323;;;;
Michael;22:00:00;15:39:46;-900.0123,100.3348,100.3348;;;;
Michael;22:00:00;15:39:47;-900.0145,100.3374,100.3374;;;;
Michael;22:00:00;15:39:47;-900.0167,100.3399,100.3399;;;;
Michael;22:00:00;15:39:48;-900.0193,100.3419,100.3419;;;;
Michael;22:00:00;15:39:48;-900.0221,100.3439,100.3439;;;;
Michael;22:00:00;15:39:49;-900.025,100.346,100.346;;;;
Michael;22:00:00;15:39:49;-900.0278,100.3479,100.3479;;;;
Michael;22:00:00;15:39:50;-900.0306,100.3499,100.3499;;;;
Michael;22:00:00;15:39:50;-900.0335,100.3518,100.3518;;;;
Michael;22:00:00;15:39:51;-900.0363,100.3537,100.3537;;;;
Michael;22:00:00;15:39:51;-900.0392,100.3556,100.3556;;;;
Michael;22:00:00;15:39:52;-900.0448,100.3608,100.3608;;;;
Michael;22:00:00;15:39:52;-900.0063,100.3763,100.3763;;;;
Michael;22:00:00;15:39:53;-894.2122,93.61029,93.61029;;;;
Michael;22:00:00;15:39:53;-879.0679,76.05995,76.05995;;;;
Michael;22:00:00;15:39:54;-855.205,48.42204,48.42204;;;;
Michael;22:00:00;15:39:54;-831.097,20.50191,20.50191;;;;
Michael;22:00:00;15:39:55;-807.1624,-7.217392,-7.217392;;;;
Michael;22:00:00;15:39:55;-782.9562,-35.25098,-35.25098;;;;
Michael;22:00:00;15:39:56;-758.7172,-63.32282,-63.32282;;;;
Michael;22:00:00;15:39:57;-756.6295,-65.74825,-65.74825;;;;
Michael;22:00:00;15:39:57;-752.3943,-72.13554,-72.13554;;;;
Michael;22:00:00;15:39:58;-751.0355,-83.03242,-83.03242;;;;
Michael;22:00:00;15:39:58;-752.8652,-96.39124,-96.39124;;;;
Michael;22:00:00;15:39:59;-752.6887,-111.3084,-111.3084;;;;
Michael;22:00:00;15:39:59;-745.8415,-124.9574,-124.9574;;;;
Michael;22:00:00;15:40:00;-736.1658,-137.1771,-137.1771;;;;
Michael;22:00:00;15:40:00;-727.9356,-150.2749,-150.2749;;;;
Michael;22:00:00;15:40:01;-723.761,-166.6527,-166.6527;;;;
Michael;22:00:00;15:40:01;-721.4138,-183.7239,-183.7239;;;;
Michael;22:00:00;15:40:02;-719.6149,-199.6953,-199.6953;;;;
Michael;22:00:00;15:40:02;-718.1555,-214.2867,-214.2867;;;;
Michael;22:00:00;15:40:03;-716.8884,-227.3062,-227.3062;;;;
Michael;22:00:00;15:40:03;-715.6968,-239.4039,-239.4039;;;;
Michael;22:00:00;15:40:04;-714.223,-252.8847,-252.8847;;;;
Michael;22:00:00;15:40:04;-712.7141,-265.5537,-265.5537;;;;
Michael;22:00:00;15:40:05;-711.2447,-277.0579,-277.0579;;;;
Michael;22:00:00;15:40:05;-709.7972,-287.7484,-287.7484;;;;
Michael;22:00:00;15:40:06;-708.4281,-297.4491,-297.4491;;;;
Michael;22:00:00;15:40:06;-706.9893,-307.3747,-307.3747;;;;
Michael;22:00:00;15:40:07;-705.4875,-317.5774,-317.5774;;;;
Michael;22:00:00;15:40:07;-703.9361,-328.0289,-328.0289;;;;
Michael;22:00:00;15:40:08;-702.3027,-338.9792,-338.9792;;;;
Michael;22:00:00;15:40:09;-700.4576,-351.4253,-351.4253;;;;
Michael;22:00:00;15:40:09;-698.5443,-364.9836,-364.9836;;;;
Michael;22:00:00;15:40:10;-697.008,-378.2395,-378.2395;;;;
Michael;22:00:00;15:40:10;-695.8844,-391.2164,-391.2164;;;;
Michael;22:00:00;15:40:11;-695.0206,-403.5047,-403.5047;;;;
Michael;22:00:00;15:40:11;-694.3712,-414.8024,-414.8024;;;;
Michael;22:00:00;15:40:12;-693.8214,-425.4733,-425.4733;;;;
Michael;22:00:00;15:40:12;-693.2599,-435.6818,-435.6818;;;;
Michael;22:00:00;15:40:13;-692.6661,-445.8409,-445.8409;;;;
Michael;22:00:00;15:40:13;-691.8792,-457.6653,-457.6653;;;;
Michael;22:00:00;15:40:14;-690.975,-470.5323,-470.5323;;;;
Michael;22:00:00;15:40:14;-690.1293,-482.6332,-482.6332;;;;
Michael;22:00:00;15:40:15;-689.3776,-494.0428,-494.0428;;;;
Michael;22:00:00;15:40:15;-688.7934,-505.1584,-505.1584;;;;
Michael;22:00:00;15:40:16;-688.5219,-516.1136,-516.1136;;;;
Michael;22:00:00;15:40:16;-688.5576,-526.9791,-526.9791;;;;
Michael;22:00:00;15:40:17;-688.7819,-539.1788,-539.1788;;;;
Michael;22:00:00;15:40:17;-689.1041,-552.0638,-552.0638;;;;
Michael;22:00:00;15:40:18;-689.5122,-564.6938,-564.6938;;;;
Michael;22:00:00;15:40:18;-690.0884,-576.7061,-576.7061;;;;
Michael;22:00:00;15:40:19;-690.766,-587.9538,-587.9538;;;;
Michael;22:00:00;15:40:19;-691.4696,-598.4938,-598.4938;;;;
Michael;22:00:00;15:40:20;-692.2172,-608.3195,-608.3195;;;;
Michael;22:00:00;15:40:20;-692.9963,-617.7927,-617.7927;;;;
Michael;22:00:00;15:40:21;-693.7662,-626.7654,-626.7654;;;;
Michael;22:00:00;15:40:21;-694.4684,-634.6856,-634.6856;;;;
Michael;06:00:00;15:40:22;-966.9352,309.2517,309.2517;;;;
Michael;06:00:01;15:40:23;-966.9352,309.2517,309.2517;;;;
Michael;06:00:01;15:40:23;-966.9352,309.2517,309.2517;;;;
Michael;06:00:02;15:40:24;-966.935,309.252,309.252;;;;
Michael;06:00:02;15:40:24;-966.935,309.252,309.252;;;;
Michael;06:00:03;15:40:25;-966.935,309.252,309.252;;;;
Michael;06:00:03;15:40:25;-966.935,309.252,309.252;;;;
Michael;06:00:04;15:40:26;-966.935,309.252,309.252;;;;
Michael;06:00:04;15:40:26;-966.935,309.252,309.252;;;;
Michael;06:00:05;15:40:27;-966.935,309.252,309.252;;;;
Michael;06:00:05;15:40:27;-966.9289,309.244,309.244;;;;
Michael;06:00:06;15:40:28;-966.8918,309.1906,309.1906;;;;
Michael;06:00:06;15:40:28;-966.8525,309.126,309.126;;;;
Michael;06:00:07;15:40:29;-966.7452,309.0939,309.0939;;;;
Michael;06:00:07;15:40:29;-966.5709,309.0321,309.0321;;;;
Michael;06:00:08;15:40:30;-966.4833,308.9416,308.9416;;;;
Michael;06:00:08;15:40:30;-966.4022,308.7557,308.7557;;;;
Michael;06:00:09;15:40:31;-966.2957,308.8267,308.8267;;;;
Michael;06:00:09;15:40:31;-966.1821,308.9216,308.9216;;;;
Michael;06:00:10;15:40:32;-966.1879,309.0414,309.0414;;;;
Michael;06:00:11;15:40:32;-966.2041,309.1756,309.1756;;;;
Michael;06:00:11;15:40:33;-966.1412,309.2925,309.2925;;;;
Michael;06:00:12;15:40:33;-966.0757,309.4141,309.4141;;;;
Michael;06:00:12;15:40:34;-965.9471,309.4063,309.4063;;;;
Michael;06:00:13;15:40:34;-965.8378,309.3987,309.3987;;;;
Michael;06:00:13;15:40:35;-965.5538,309.3042,309.3042;;;;
Michael;06:00:14;15:40:36;-965.4882,309.2813,309.2813;;;;
Michael;06:00:14;15:40:36;-965.4882,309.2812,309.2812;;;;
Michael;06:00:15;15:40:37;-965.4882,309.2812,309.2812;;;;
Michael;06:00:15;15:40:37;-965.4882,309.2812,309.2812;;;;
Michael;06:00:15;15:40:39;-965.4882,309.2812,309.2812;;;;
Michael;06:00:18;15:40:39;-965.4882,309.2812,309.2812;;;;
Michael;06:00:18;15:40:40;-965.4518,309.2877,309.2877;;;;
Michael;06:00:19;15:40:41;-964.2818,309.502,309.502;;Jimmy, you little shit.;MICHAEL;FAM5_HBAA
Michael;06:00:19;15:40:41;-962.2548,309.9733,309.9733;;;;
Michael;06:00:20;15:40:42;-960.2399,310.429,310.429;;;;
Michael;06:00:20;15:40:42;-958.1368,310.6275,310.6275;;;;
Michael;06:00:21;15:40:43;-956.0507,310.5916,310.5916;;;;
Michael;06:00:21;15:40:43;-953.9146,310.687,310.687;;;;
Michael;06:00:22;15:40:44;-951.7458,310.7933,310.7933;;;;
Michael;06:00:22;15:40:44;-949.6519,311.0142,311.0142;;;;
Michael;06:00:23;15:40:45;-947.5793,311.5537,311.5537;;;;
Michael;06:00:23;15:40:45;-945.8682,309.9656,309.9656;;;;
Michael;06:00:24;15:40:46;-945.207,307.8314,307.8314;;;;
Michael;06:00:24;15:40:46;-946.9039,306.3398,306.3398;;;;
Michael;06:00:25;15:40:47;-947.0662,304.3514,304.3514;;;;
Michael;06:00:25;15:40:47;-944.7884,304.0249,304.0249;;;;
Michael;06:00:26;15:40:48;-942.6949,303.884,303.884;;;;
Michael;06:00:26;15:40:48;-940.55,303.4595,303.4595;;;;
Michael;06:00:27;15:40:49;-938.4245,303.1089,303.1089;;;;
Michael;06:00:28;15:40:49;-936.8109,302.9315,302.9315;;;;
Michael;06:00:28;15:40:50;-936.1474,302.8705,302.8705;;;;
Michael;06:00:29;15:40:50;-935.8361,302.8427,302.8427;;;;
Michael;06:00:29;15:40:52;-935.8243,302.8417,302.8417;;;;
Michael;06:00:31;15:40:53;-935.822,302.841,302.841;;;;
Michael;06:00:31;15:40:53;-935.7166,302.7083,302.7083;;;;
Michael;06:00:32;15:40:54;-935.5957,302.2263,302.2263;;;;
Michael;06:00:32;15:40:54;-935.4447,301.6316,301.6316;;;;
Michael;06:00:33;15:40:55;-935.1,300.4869,300.4869;;;;
Michael;06:00:33;15:40:55;-935.7435,299.76,299.76;;;;
Michael;06:00:34;15:40:56;-936.6786,300.6458,300.6458;;;;
Michael;06:00:34;15:40:56;-937.7025,301.6852,301.6852;;;;
Michael;06:00:35;15:40:57;-938.8984,302.6569,302.6569;;;;
Michael;06:00:35;15:40:57;-939.5338,303.2235,303.2235;;;;
Michael;06:00:36;15:40:58;-940.5665,304.2237,304.2237;;;;
Michael;06:00:36;15:40:58;-941.7634,305.5094,305.5094;;;;
Michael;06:00:37;15:40:59;-943.0847,307.093,307.093;;;;
Michael;06:00:37;15:40:59;-944.3292,308.7274,308.7274;;;;
Michael;06:00:38;15:41:00;-945.5076,310.467,310.467;;;;
Michael;06:00:39;15:41:00;-946.596,312.07,312.07;;;;
Michael;06:00:39;15:41:01;-947.0258,312.8733,312.8733;;;;
Michael;06:00:40;15:41:01;-946.8425,313.1138,313.1138;True,Cycles,SCORCHER,0,0;;;
Michael;06:00:40;15:41:02;-946.5938,312.9646,312.9646;True,Cycles,SCORCHER,1,289601,0,5975108;;;
Michael;06:00:41;15:41:02;-945.9268,311.9221,311.9221;True,Cycles,SCORCHER,3,283371,0,85;;;
Michael;06:00:41;15:41:03;-944.7743,309.5268,309.5268;True,Cycles,SCORCHER,6,708921,0,85;;;
Michael;06:00:42;15:41:03;-942.3027,306.1284,306.1284;True,Cycles,SCORCHER,8,950468,0,4;;;
Michael;06:00:42;15:41:04;-938.5671,303.3022,303.3022;True,Cycles,SCORCHER,9,116677,0,4;;;
Michael;06:00:43;15:41:05;-935.9334,299.6792,299.6792;True,Cycles,SCORCHER,8,667652,0,4;;;
Michael;06:00:43;15:41:05;-934.6681,295.3946,295.3946;True,Cycles,SCORCHER,8,745503,0,4;;;
Michael;06:00:44;15:41:06;-934.9063,290.8469,290.8469;True,Cycles,SCORCHER,8,932185,0,4;;;
Michael;06:00:44;15:41:06;-933.8851,286.7413,286.7413;True,Cycles,SCORCHER,7,822448,0,4;;;
Michael;06:00:45;15:41:07;-933.253,282.9203,282.9203;True,Cycles,SCORCHER,7,168437,0,4;;;
Michael;06:00:45;15:41:07;-931.8393,279.4173,279.4173;True,Cycles,SCORCHER,7,493162,0,4;;;
Michael;06:00:46;15:41:08;-930.7183,275.5742,275.5742;True,Cycles,SCORCHER,7,841818,0,4;;;
Michael;06:00:46;15:41:08;-929.8977,271.5779,271.5779;True,Cycles,SCORCHER,7,301214,0,4;;;
Michael;06:00:47;15:41:09;-930.4907,268.2781,268.2781;True,Cycles,SCORCHER,5,805981,0,4;;;
Michael;06:00:47;15:41:09;-929.4581,265.7228,265.7228;True,Cycles,SCORCHER,5,632683,0,4;;;
Michael;06:00:48;15:41:10;-927.5831,263.3861,263.3861;True,Cycles,SCORCHER,6,050644,0,4;;;
Michael;06:00:48;15:41:10;-925.8453,260.8204,260.8204;True,Cycles,SCORCHER,6,058264,0,4;;;
Michael;06:00:49;15:41:11;-924.2697,257.9914,257.9914;True,Cycles,SCORCHER,6,266698,0,4;;;
Michael;06:00:49;15:41:11;-923.8926,254.7094,254.7094;True,Cycles,SCORCHER,6,517354,0,4;;;
Michael;06:00:50;15:41:12;-923.6203,251.2904,251.2904;True,Cycles,SCORCHER,6,855136,0,4;;;
Michael;06:00:50;15:41:12;-921.8735,248.5439,248.5439;True,Cycles,SCORCHER,6,325101,0,4;;;
Michael;06:00:51;15:41:13;-919.4153,246.1975,246.1975;True,Cycles,SCORCHER,6,78235,0,4;;;
Michael;06:00:52;15:41:13;-916.7186,243.8224,243.8224;True,Cycles,SCORCHER,7,165777,0,4;;;
Michael;06:00:52;15:41:14;-913.8491,241.3169,241.3169;True,Cycles,SCORCHER,7,512516,0,4;;;
Michael;06:00:53;15:41:14;-910.8232,238.6744,238.6744;True,Cycles,SCORCHER,7,833458,0,4;;;
Michael;06:00:53;15:41:15;-907.7083,235.9565,235.9565;True,Cycles,SCORCHER,7,965328,0,4;;;
Michael;06:00:54;15:41:15;-904.5964,233.2372,233.2372;True,Cycles,SCORCHER,7,915173,0,4;;;
Michael;06:00:54;15:41:16;-901.5872,230.6037,230.6037;True,Cycles,SCORCHER,8,072091,0,4;;;
Michael;06:00:55;15:41:17;-898.6373,228.0184,228.0184;True,Cycles,SCORCHER,7,718681,0,4;;;
Michael;06:00:55;15:41:17;-895.59,225.3258,225.3258;True,Cycles,SCORCHER,7,695333,0;;;
Michael;06:00:56;15:41:18;-892.6716,222.745,222.745;True,Cycles,SCORCHER,7,417946,0,4;;;
Michael;06:00:56;15:41:18;-889.6599,220.0668,220.0668;True,Cycles,SCORCHER,8,202986,0,4;;;
Michael;06:00:57;15:41:19;-886.6465,217.3771,217.3771;True,Cycles,SCORCHER,8,322177,0,4;;;
Michael;06:00:57;15:41:19;-883.3454,214.5131,214.5131;True,Cycles,SCORCHER,8,206943,0,4;;;
Michael;06:00:58;15:41:20;-880.2101,211.7887,211.7887;True,Cycles,SCORCHER,7,066424,0;;;
Michael;06:00:58;15:41:20;-877.4766,209.4006,209.4006;True,Cycles,SCORCHER,7,266966,0,4;;;
Michael;06:00:59;15:41:21;-874.8821,206.032,206.032;True,Cycles,SCORCHER,8,56831,0,4;;;
Michael;06:00:59;15:41:21;-872.2988,202.2353,202.2353;True,Cycles,SCORCHER,8,781969,0,4;;;
Michael;06:01:00;15:41:22;-869.6868,198.3574,198.3574;True,Cycles,SCORCHER,9,260875,0,4;;;
Michael;06:01:00;15:41:22;-866.9323,194.2695,194.2695;True,Cycles,SCORCHER,9,800454,0,4;;;
Michael;06:01:01;15:41:23;-864.7206,189.7031,189.7031;True,Cycles,SCORCHER,9,734451,0,4;;;
Michael;06:01:01;15:41:23;-864.0812,184.5089,184.5089;True,Cycles,SCORCHER,10,86534,0,4;;;
Michael;06:01:02;15:41:24;-863.5408,178.6836,178.6836;True,Cycles,SCORCHER,11,89861,0,4;;;
Michael;06:01:02;15:41:24;-862.5801,172.6231,172.6231;True,Cycles,SCORCHER,11,97148,0,4;;;
Michael;06:01:03;15:41:25;-859.4946,167.7167,167.7167;True,Cycles,SCORCHER,11,67277,0;;;
Michael;06:01:03;15:41:25;-855.4817,163.5091,163.5091;True,Cycles,SCORCHER,10,95798,0,4;;;
Michael;06:01:04;15:41:26;-851.3309,161.249,161.249;True,Cycles,SCORCHER,8,675632,0,4;;;
Michael;06:01:05;15:41:26;-847.3603,160.2781,160.2781;True,Cycles,SCORCHER,7,643315,0,4;;;
Michael;06:01:05;15:41:27;-843.6443,160.4865,160.4865;True,Cycles,SCORCHER,6,624188,0,4;;;
Michael;06:01:06;15:41:27;-840.4451,161.5713,161.5713;True,Cycles,SCORCHER,6,369597,0,4;;;
Michael;06:01:06;15:41:28;-837.954,163.2281,163.2281;True,Cycles,SCORCHER,5,523869,0,4;;;
Michael;06:01:07;15:41:28;-835.8509,164.8711,164.8711;True,Cycles,SCORCHER,4,994172,0,4;;;
Michael;06:01:07;15:41:29;-833.9722,166.3691,166.3691;True,Cycles,SCORCHER,4,576711,0,4;;;
Michael;06:01:08;15:41:30;-832.7746,167.3364,167.3364;True,Cycles,SCORCHER,1,471432,0;;;
Michael;06:01:08;15:41:30;-832.541,167.5951,167.5951;True,Cycles,SCORCHER,0,248332,0,4;;;
Michael;06:01:09;15:41:31;-832.2717,168.3138,168.3138;True,Cycles,SCORCHER,2,715039,0,4;;;
Michael;06:01:09;15:41:31;-831.7816,170.0731,170.0731;True,Cycles,SCORCHER,4,01373,0,4;;;
Michael;06:01:10;15:41:32;-830.7937,171.9689,171.9689;True,Cycles,SCORCHER,3,830316,0,4;;;
Michael;06:01:10;15:41:32;-829.3675,173.4663,173.4663;True,Cycles,SCORCHER,4,13027,0,4;;;
Michael;06:01:11;15:41:33;-827.8138,175.0276,175.0276;True,Cycles,SCORCHER,4,339221,0,4;;;
Michael;06:01:11;15:41:33;-826.2556,176.5833,176.5833;True,Cycles,SCORCHER,3,104168,0;;;
Michael;06:01:12;15:41:34;-826.1948,176.7209,176.7209;True,Cycles,SCORCHER,0,05205953,0;;;
Michael;06:01:12;15:41:34;-826.7853,177.063,177.063;;;;
Michael;06:01:13;15:41:35;-826.5158,177.3621,177.3621;;;;
Michael;06:01:13;15:41:35;-824.7828,177.8161,177.8161;;;;
Michael;06:01:14;15:41:36;-821.4266,178.3542,178.3542;;;;
Michael;06:01:14;15:41:36;-818.476,178.5526,178.5526;;;;
Michael;06:01:15;15:41:37;-815.5488,178.7313,178.7313;;;;
Michael;06:01:15;15:41:37;-812.7947,179.4529,179.4529;;Hello?;MICHAEL;FAM5_DHAA
Michael;06:01:16;15:41:38;-810.5634,180.1255,180.1255;;;;
Michael;06:01:17;15:41:38;-808.2704,180.5111,180.5111;;;;
Michael;06:01:17;15:41:39;-806.1515,181.1327,181.1327;;;;
Michael;06:01:18;15:41:39;-804.446,182.1383,182.1383;;I'm back.;MICHAEL;FAM5_EPAA
Michael;06:01:18;15:41:40;-802.4422,183.1604,183.1604;;;;
Michael;06:01:19;15:41:41;-801.1191,182.8505,182.8505;;;;
Michael;06:01:19;15:41:41;-800.9549,183.3247,183.3247;;;;
Michael;06:01:20;15:41:42;-800.7971,183.5035,183.5035;;;;
Michael;06:01:20;15:41:42;-800.6068,183.5598,183.5598;;;;
Michael;06:01:21;15:41:43;-800.5947,183.5823,183.5823;;;;
Michael;06:01:21;15:41:43;-800.625,183.5831,183.5831;;;;
Michael;06:01:22;15:41:44;-800.6208,183.5822,183.5822;;Michael...;Cutscene;Cutscene
Michael;06:01:22;15:41:44;-800.6193,183.5802,183.5802;;;;
Michael;06:01:23;15:41:45;-800.6202,183.582,183.582;;I think you've finally lost your mind.;Cutscene;Cutscene
Michael;06:01:23;15:41:45;-800.6207,183.5787,183.5787;;;;
Michael;06:01:24;15:41:46;-800.6154,183.573,183.573;;;;
Michael;06:01:24;15:41:46;-800.6119,183.5697,183.5697;;;;
Michael;06:01:25;15:41:47;-800.606,183.5657,183.5657;;;;
Michael;06:01:25;15:41:47;-800.5797,183.5291,183.5291;;;;
Michael;06:01:26;15:41:48;-800.6326,183.5039,183.5039;;;;
Michael;06:01:26;15:41:48;-800.7559,183.4651,183.4651;;Your recent behavior and the company you've been keeping;Cutscene;Cutscene
Michael;06:01:27;15:41:49;-800.7936,183.4482,183.4482;;;;
Michael;06:01:28;15:41:49;-800.7908,183.4478,183.4478;;;;
Michael;06:01:28;15:41:50;-800.7889,183.4501,183.4501;;;;
Michael;06:01:29;15:41:50;-800.783,183.4464,183.4464;;already had me very concerned.;Cutscene;Cutscene
Michael;06:01:29;15:41:51;-800.7849,183.4501,183.4501;;;;
Michael;06:01:30;15:41:51;-800.7861,183.4546,183.4546;;;;
Michael;06:01:30;15:41:52;-800.7729,183.4623,183.4623;;;;
Michael;06:01:31;15:41:53;-800.6935,183.5035,183.5035;;;;
Michael;06:01:31;15:41:53;-800.6205,183.472,183.472;;;;
Michael;06:01:32;15:41:54;-800.7895,183.2758,183.2758;;;;
Michael;06:01:32;15:41:54;-800.9913,183.1066,183.1066;;;;
Michael;06:01:33;15:41:55;-801.2663,182.8729,182.8729;;Now you've taken to attacking my Fabien,;Cutscene;Cutscene
Michael;06:01:33;15:41:55;-801.3395,182.4618,182.4618;;;;
Michael;06:01:34;15:41:56;-801.4538,182.1232,182.1232;;;;
Michael;06:01:34;15:41:56;-801.6226,181.8188,181.8188;;;;
Michael;06:01:35;15:41:57;-801.6163,181.4923,181.4923;;;;
Michael;06:01:35;15:41:57;-801.6434,181.2636,181.2636;;;;
Michael;06:01:36;15:41:58;-801.7951,181.097,181.097;;who is a close friend;Cutscene;Cutscene
Michael;06:01:36;15:41:58;-801.8271,181.0248,181.0248;;;;
Michael;06:01:37;15:41:59;-801.812,180.9992,180.9992;;;;
Michael;06:01:37;15:41:59;-801.806,181.0273,181.0273;;;;
Michael;06:01:38;15:42:00;-801.8011,181.0169,181.0169;;;;
Michael;06:01:38;15:42:00;-801.8041,181.0106,181.0106;;and then Jimmy said you took drugs while driving him in your car.;Cutscene;Cutscene
Michael;06:01:39;15:42:01;-801.8055,181.0084,181.0084;;;;
Michael;06:01:40;15:42:01;-801.7974,180.9904,180.9904;;;;
Michael;06:01:40;15:42:02;-801.7377,180.8903,180.8903;;;;
Michael;06:01:41;15:42:02;-801.5894,180.7419,180.7419;;;;
Michael;06:01:41;15:42:03;-801.5345,180.5056,180.5056;;;;
Michael;06:01:42;15:42:03;-801.571,180.0141,180.0141;;;;
Michael;06:01:42;15:42:04;-801.5319,179.4902,179.4902;;;;
Michael;06:01:43;15:42:05;-801.4963,178.989,178.989;;;;
Michael;06:01:43;15:42:05;-801.6239,178.4892,178.4892;;;;
Michael;06:01:44;15:42:06;-801.62,177.9578,177.9578;;;;
Michael;06:01:44;15:42:06;-801.7299,177.5352,177.5352;;;;
Michael;06:01:45;15:42:07;-801.8329,177.1945,177.1945;;We've decided to move out for a while.;Cutscene;Cutscene
Michael;06:01:45;15:42:07;-801.7793,176.8688,176.8688;;;;
Michael;06:01:46;15:42:08;-801.8624,176.6041,176.6041;;;;
Michael;06:01:46;15:42:08;-802.0299,176.3994,176.3994;;;;
Michael;06:01:47;15:42:09;-802.0189,176.166,176.166;;You promised me you'd change;Cutscene;Cutscene
Michael;06:01:47;15:42:09;-801.9792,176.0778,176.0778;;;;
Michael;06:01:48;15:42:10;-801.991,176.0938,176.0938;;;;
Michael;06:01:48;15:42:10;-801.9987,176.0894,176.0894;;and you haven't changed a bit.;Cutscene;Cutscene
Michael;06:01:49;15:42:11;-801.9926,176.0789,176.0789;;;;
Michael;06:01:49;15:42:11;-801.9886,176.0755,176.0755;;;;
Michael;06:01:50;15:42:12;-801.9944,176.0771,176.0771;;;;
Michael;06:01:50;15:42:12;-801.9984,176.075,176.075;;;;
Michael;06:01:51;15:42:13;-801.9986,176.074,176.074;;I know you say I always act like I'm in a movie,;Cutscene;Cutscene
Michael;06:01:52;15:42:13;-801.994,176.0792,176.0792;;;;
Michael;06:01:52;15:42:14;-801.9905,176.0817,176.0817;;;;
Michael;06:01:53;15:42:14;-801.9951,176.0791,176.0791;;;;
Michael;06:01:53;15:42:15;-801.9978,176.0784,176.0784;;well this isn't that.;Cutscene;Cutscene
Michael;06:01:54;15:42:15;-801.9934,176.0842,176.0842;;;;
Michael;06:01:54;15:42:16;-801.9899,176.0801,176.0801;;;;
Michael;06:01:55;15:42:17;-801.991,176.0772,176.0772;;;;
Michael;06:01:55;15:42:17;-801.995,176.0733,176.0733;;;;
Michael;06:01:56;15:42:18;-802.0058,176.0564,176.0564;;I think I'm gonna speak to a lawyer.;Cutscene;Cutscene
Michael;06:01:56;15:42:18;-802.0729,176.0778,176.0778;;;;
Michael;06:01:57;15:42:19;-802.1171,176.1675,176.1675;;;;
Michael;06:01:57;15:42:19;-802.1976,176.1597,176.1597;;;;
Michael;06:01:58;15:42:20;-802.2001,176.1619,176.1619;;I'm just really confused.;Cutscene;Cutscene
Michael;06:01:58;15:42:20;-802.2056,176.1682,176.1682;;;;
Michael;06:01:59;15:42:21;-802.2117,176.1645,176.1645;;;;
Michael;06:01:59;15:42:21;-802.2083,176.1678,176.1678;;;;
Michael;06:02:00;15:42:22;-802.2062,176.1681,176.1681;;Please don't try to contact us and try not to get yourself killed.;Cutscene;Cutscene
Michael;06:02:00;15:42:22;-802.2088,176.1723,176.1723;;;;
Michael;06:02:01;15:42:23;-802.2181,176.174,176.174;;;;
Michael;06:02:01;15:42:23;-802.2244,176.1753,176.1753;;;;
Michael;06:02:02;15:42:24;-802.2268,176.1768,176.1768;;;;
Michael;06:02:02;15:42:24;-802.2493,176.1591,176.1591;;;;
Michael;06:02:03;15:42:25;-802.3237,176.0845,176.0845;;;;
Michael;06:02:03;15:42:25;-802.3909,176.0173,176.0173;;;;
Michael;06:02:04;15:42:26;-802.4524,176.114,176.114;;Amanda.;Cutscene;Cutscene
Michael;06:02:05;15:42:26;-802.4965,176.2796,176.2796;;;;
Michael;06:02:05;15:42:27;-802.5903,176.3301,176.3301;;;;
Michael;06:02:06;15:42:27;-802.726,176.2844,176.2844;;;;
Michael;06:02:06;15:42:28;-802.7579,176.2576,176.2576;;;;
Michael;06:02:07;15:42:28;-802.7802,176.2763,176.2763;;;;
Michael;06:02:07;15:42:29;-802.7814,176.2783,176.2783;;;;
Michael;06:02:08;15:42:29;-802.7527,176.2981,176.2981;;;;
Michael;06:02:08;15:42:30;-802.6679,176.3696,176.3696;;;;
Michael;06:02:09;15:42:31;-802.5992,176.4084,176.4084;;Fuck!;Cutscene;Cutscene
Michael;06:02:09;15:42:31;-802.6371,176.4163,176.4163;;;;
Michael;06:02:10;15:42:32;-802.6841,176.3891,176.3891;;;;
Michael;06:02:10;15:42:32;-802.6738,176.3956,176.3956;;;;
Michael;06:02:11;15:42:33;-802.6658,176.4048,176.4048;;;;
Michael;06:02:11;15:42:33;-802.6603,176.4074,176.4074;;;;
Michael;06:02:12;15:42:34;-802.6594,176.4141,176.4141;;;;
Michael;06:02:12;15:42:34;-802.6537,176.4259,176.4259;;;;
Michael;06:02:13;15:42:35;-802.653,176.4274,176.4274;;;;
Michael;06:02:13;15:42:35;-802.653,176.4274,176.4274;;;;
Michael;06:02:14;15:42:36;-802.653,176.4274,176.4274;;;;
Michael;06:02:14;15:42:36;-820.5433,176.9832,176.9832;;;;
Michael;06:02:15;15:42:37;-820.5433,176.9832,176.9832;;;;
Michael;06:02:15;15:42:37;-820.5433,176.9832,176.9832;;;;
Michael;06:02:16;15:42:38;-820.5433,176.9832,176.9832;;;;
Michael;06:02:16;15:42:38;-820.5433,176.9832,176.9832;;;;
Michael;06:02:17;15:42:39;-820.5433,176.9832,176.9832;;;;
Michael;06:02:17;15:42:39;-820.5433,176.9832,176.9832;;;;
Michael;06:02:18;15:42:40;-820.5433,176.9832,176.9832;;;;
Michael;06:02:19;15:42:40;-820.5433,176.9832,176.9832;;;;
Michael;06:02:19;15:42:41;-818.5786,177.3949,177.3949;;;;
Michael;06:02:20;15:42:41;-818.5787,177.395,177.395;;;;
Michael;06:02:20;15:42:42;-818.5791,177.3948,177.3948;;;;
Michael;06:02:21;15:42:42;-818.5789,177.3945,177.3945;;;;
Michael;06:02:21;15:42:43;-818.5763,177.3958,177.3958;;;;
Michael;06:02:22;15:42:43;-818.5743,177.3989,177.3989;;;;
Michael;06:02:22;15:42:44;-818.5726,177.3985,177.3985;;;;
Michael;06:02:23;15:42:45;-818.5738,177.3976,177.3976;;;;
Michael;06:02:23;15:42:45;-818.5773,177.3948,177.3948;;;;
Michael;06:02:24;15:42:46;-818.5766,177.396,177.396;;;;
Michael;06:02:24;15:42:46;-818.5764,177.396,177.396;;;;
Michael;06:02:25;15:42:47;-818.5765,177.3966,177.3966;;;;
Michael;06:02:25;15:42:47;-818.5716,177.3974,177.3974;;;;
Michael;06:02:26;15:42:48;-818.5647,177.3977,177.3977;;;;
Michael;06:02:26;15:42:48;-818.5596,177.3982,177.3982;;;;
Michael;06:02:27;15:42:49;-818.5692,177.4025,177.4025;;;;
Michael;06:02:27;15:42:49;-818.6337,177.4191,177.4191;;;;
Michael;06:02:28;15:42:50;-818.8088,177.3288,177.3288;;;;
Michael;06:02:28;15:42:50;-819.0306,177.3495,177.3495;;;;
Michael;06:02:29;15:42:51;-819.1703,177.413,177.413;;;;
Michael;06:02:29;15:42:51;-819.33,177.4035,177.4035;;;;
Michael;06:02:30;15:42:52;-819.5264,177.1896,177.1896;;;;
Michael;06:02:30;15:42:52;-819.7017,177.0578,177.0578;;;;
Michael;06:02:31;15:42:53;-820.03,177.0086,177.0086;;;;
Michael;06:02:32;15:42:53;-820.2742,176.9785,176.9785;;;;
Michael;06:02:32;15:42:54;-820.4825,176.9821,176.9821;;;;
Michael;06:02:33;15:42:54;-820.5433,176.9832,176.9832;;;;
Michael;06:02:33;15:42:55;-820.5433,176.9832,176.9832;;;;
Michael;06:02:34;15:42:55;-820.5433,176.9832,176.9832;;;;
Michael;06:02:34;15:42:56;-820.5433,176.9832,176.9832;;;;
Michael;06:02:35;15:42:56;-820.5433,176.9832,176.9832;;;;
Michael;06:02:35;15:42:57;-820.7421,177.2204,177.2204;;;;
Michael;06:02:36;15:42:58;-821.417,177.7652,177.7652;;;;
Michael;06:02:36;15:42:58;-822.2587,178.0826,178.0826;;;;
Michael;06:02:37;15:42:59;-823.0503,178.4996,178.4996;;;;
Michael;06:02:37;15:42:59;-823.8553,178.9061,178.9061;;;;
Michael;06:02:38;15:43:00;-824.6266,179.3385,179.3385;;;;
Michael;06:02:38;15:43:00;-825.1744,179.6382,179.6382;;;;
Michael;06:02:39;15:43:01;-825.4364,179.1581,179.1581;;;;
Michael;06:02:39;15:43:01;-825.7346,178.5921,178.5921;;;;
Michael;06:02:40;15:43:02;-825.8539,178.2035,178.2035;;;;
Michael;06:02:40;15:43:02;-825.86,178.1873,178.1873;;;;
Michael;06:02:41;15:43:03;-825.86,178.1873,178.1873;;;;
Michael;06:02:41;15:43:03;-825.86,178.1873,178.1873;;;;
Michael;06:02:42;15:43:04;-825.86,178.1873,178.1873;;;;
Michael;06:02:42;15:43:04;-825.86,178.1873,178.1873;;;;
Michael;06:02:43;15:43:05;-825.86,178.1873,178.1873;;;;
Michael;06:02:43;15:43:05;-825.86,178.1873,178.1873;;;;
Michael;06:02:44;15:43:06;-825.86,178.1873,178.1873;;;;
Michael;06:02:44;15:43:06;-825.86,178.1873,178.1873;;;;
Michael;06:02:45;15:43:07;-825.86,178.1873,178.1873;;;;
Michael;06:02:46;15:43:07;-825.86,178.1873,178.1873;;;;
Michael;06:02:46;15:43:08;-825.7213,178.2848,178.2848;;;;
Michael;06:02:47;15:43:08;-824.614,178.8098,178.8098;;;;
Michael;06:02:47;15:43:09;-822.606,180.004,180.004;;;;
Michael;06:02:48;15:43:09;-819.8465,181.7175,181.7175;;;;
Michael;06:02:48;15:43:10;-817.6038,183.1141,183.1141;;;;
Michael;06:02:49;15:43:11;-816.5973,183.7304,183.7304;;;;
Michael;06:02:49;15:43:11;-816.5069,183.783,183.783;;;;
Michael;06:02:50;15:43:12;-816.9673,183.4951,183.4951;;;;
Michael;06:02:50;15:43:12;-817.8009,183.2021,183.2021;;;;
Michael;06:02:51;15:43:13;-818.6373,182.7624,182.7624;;;;
Michael;06:02:51;15:43:13;-820.1559,181.7902,181.7902;;;;
Michael;06:02:52;15:43:14;-822.1165,180.41,180.41;;;;
Michael;06:02:52;15:43:14;-823.7081,179.2289,179.2289;;;;
Michael;06:02:53;15:43:15;-824.64,178.4021,178.4021;;;;
Michael;06:02:53;15:43:15;-825.3093,177.8041,177.8041;;;;
Michael;06:02:54;15:43:16;-826.0101,177.1726,177.1726;;;;
Michael;06:02:54;15:43:16;-826.6575,176.5751,176.5751;;;;
Michael;06:02:55;15:43:17;-827.2548,175.9044,175.9044;;;;
Michael;06:02:55;15:43:17;-827.7328,175.1483,175.1483;;;;
Michael;06:02:56;15:43:18;-828.1418,174.3629,174.3629;;;;
Michael;06:02:56;15:43:18;-828.3811,173.4954,173.4954;;;;
Michael;06:02:57;15:43:19;-828.9944,172.6036,172.6036;;;;
Michael;06:02:58;15:43:19;-830.2433,170.9994,170.9994;;;;
Michael;06:02:58;15:43:20;-831.9719,169.0146,169.0146;;;;
Michael;06:02:59;15:43:20;-834.4031,166.5542,166.5542;;;;
Michael;06:02:59;15:43:21;-837.0389,164.4116,164.4116;;;;
Michael;06:03:00;15:43:21;-840.1845,162.7747,162.7747;;;;
Michael;06:03:00;15:43:22;-843.343,161.3668,161.3668;;;;
Michael;06:03:01;15:43:23;-846.6761,160.1142,160.1142;;;;
Michael;06:03:01;15:43:23;-849.4337,159.6943,159.6943;;;;
Michael;06:03:02;15:43:24;-849.6108,159.6609,159.6609;;;;
Michael;06:03:02;15:43:24;-849.6108,159.6609,159.6609;;;;
Michael;06:03:03;15:43:25;-849.6108,159.6609,159.6609;;;;
Michael;06:03:03;15:43:25;-849.6108,159.6609,159.6609;;;;
Michael;06:03:04;15:43:26;-849.6108,159.6609,159.6609;;;;
Michael;06:03:04;15:43:26;-849.6108,159.6609,159.6609;;;;
Michael;06:03:05;15:43:27;-849.6108,159.6609,159.6609;;;;
Michael;06:03:05;15:43:27;-849.7487,159.6417,159.6417;;;;
Michael;06:03:06;15:43:28;-850.9875,159.4993,159.4993;;;;
Michael;06:03:06;15:43:28;-852.9727,159.3033,159.3033;;;;
Michael;06:03:07;15:43:29;-854.5953,159.1411,159.1411;;;;
Michael;06:03:07;15:43:29;-855.31,159.0696,159.0696;;;;
Michael;06:03:08;15:43:30;-855.3171,159.069,159.069;;;;
Michael;06:03:08;15:43:30;-855.3171,159.069,159.069;;;;
Michael;06:03:09;15:43:31;-855.3171,159.069,159.069;;;;
Michael;06:03:10;15:43:31;-855.3171,159.069,159.069;;;;
Michael;06:03:10;15:43:32;-855.3171,159.069,159.069;;;;
Michael;06:03:11;15:43:32;-855.3171,159.069,159.069;;;;
Michael;06:03:11;15:43:33;-855.3171,159.069,159.069;;;;
Michael;06:03:12;15:43:33;-855.3171,159.069,159.069;;;;
Michael;06:03:12;15:43:34;-855.3171,159.069,159.069;;;;
Michael;06:03:13;15:43:34;-855.3171,159.069,159.069;;;;
Michael;06:03:13;15:43:35;-855.3171,159.069,159.069;;;;
Michael;06:03:14;15:43:36;-855.3171,159.069,159.069;;;;
Michael;06:03:14;15:43:36;-855.3171,159.069,159.069;;;;
Michael;06:03:15;15:43:37;-855.3171,159.069,159.069;;;;
Michael;06:03:15;15:43:37;-855.3171,159.069,159.069;;;;
Michael;06:03:16;15:43:38;-855.3171,159.069,159.069;;;;
Michael;06:03:16;15:43:38;-855.3171,159.069,159.069;;;;
Michael;06:03:17;15:43:39;-855.3171,159.069,159.069;;;;
Michael;06:03:17;15:43:39;-855.3171,159.069,159.069;;;;
Michael;06:03:18;15:43:40;-855.3171,159.069,159.069;;;;
Michael;06:03:18;15:43:40;-855.3171,159.069,159.069;;;;
Michael;06:03:19;15:43:41;-855.3171,159.069,159.069;;;;
Michael;06:03:19;15:43:41;-855.3171,159.069,159.069;;;;
Michael;06:03:20;15:43:42;-855.3171,159.069,159.069;;;;
Michael;06:03:20;15:43:42;-855.3171,159.069,159.069;;;;
Michael;06:03:21;15:43:43;-855.3171,159.069,159.069;;;;
Michael;06:03:21;15:43:43;-855.3171,159.069,159.069;;;;
Michael;06:03:22;15:43:44;-855.3171,159.069,159.069;;;;
Michael;06:03:23;15:43:44;-855.3171,159.069,159.069;;;;
Michael;06:03:23;15:43:45;-855.3171,159.069,159.069;;;;
Michael;06:03:24;15:43:45;-855.3171,159.069,159.069;;;;
Michael;06:03:24;15:43:46;-855.3171,159.069,159.069;;;;
Michael;06:03:25;15:43:46;-855.3171,159.069,159.069;;;;
Michael;06:03:25;15:43:47;-855.3171,159.069,159.069;;;;
Michael;06:03:26;15:43:47;-855.3171,159.069,159.069;;;;
Michael;06:03:26;15:43:48;-855.3171,159.069,159.069;;;;
Michael;06:03:27;15:43:49;-855.3171,159.069,159.069;;;;
Michael;06:03:27;15:43:49;-855.3171,159.069,159.069;;;;
Michael;06:03:28;15:43:50;-855.1816,158.0834,158.0834;;;;
Michael;06:03:28;15:43:50;-855.2748,154.6745,154.6745;;;;
Michael;06:03:29;15:43:51;-855.4914,151.9737,151.9737;;;;
Michael;06:03:29;15:43:51;-855.5944,150.76,150.76;;;;
Michael;06:03:30;15:43:52;-855.7346,150.8056,150.8056;;;;
Michael;06:03:30;15:43:52;-855.9515,151.5266,151.5266;;;;
Michael;06:03:31;15:43:53;-855.8486,152.4278,152.4278;;;;
Michael;06:03:31;15:43:53;-855.7465,153.317,153.317;;;;
Michael;06:03:32;15:43:54;-855.6249,154.1895,154.1895;;;;
Michael;06:03:32;15:43:54;-855.1372,154.9352,154.9352;;;;
Michael;06:03:33;15:43:55;-854.8525,155.7696,155.7696;;;;
Michael;06:03:33;15:43:55;-854.6488,156.6256,156.6256;;;;
Michael;06:03:34;15:43:56;-854.0911,157.2856,157.2856;;;;
Michael;06:03:34;15:43:56;-853.3512,157.7749,157.7749;;;;
Michael;06:03:35;15:43:57;-852.5424,158.2016,158.2016;;;;
Michael;06:03:36;15:43:57;-851.9103,158.8434,158.8434;;;;
Michael;06:03:36;15:43:58;-851.538,159.2413,159.2413;;;;
Michael;06:03:37;15:43:58;-851.4606,159.2588,159.2588;;;;
Michael;06:03:37;15:43:59;-851.4571,159.2592,159.2592;;;;
Michael;06:03:38;15:43:59;-851.4571,159.2592,159.2592;;;;
Michael;06:03:38;15:44:00;-851.4571,159.2593,159.2593;;;;
Michael;06:03:39;15:44:01;-851.4571,159.2594,159.2594;;;;
Michael;06:03:39;15:44:01;-851.4571,159.2594,159.2594;;;;
Michael;06:03:40;15:44:02;-851.4571,159.2594,159.2594;;;;
Michael;06:03:40;15:44:02;-851.4571,159.2594,159.2594;;;;
Michael;06:03:41;15:44:03;-851.4571,159.2594,159.2594;;;;
Michael;06:03:41;15:44:03;-851.4571,159.2594,159.2594;;;;
Michael;06:03:42;15:44:04;-851.4571,159.2594,159.2594;;;;
Michael;06:03:42;15:44:04;-851.4571,159.2594,159.2594;;;;
Michael;06:03:43;15:44:05;-851.4571,159.2594,159.2594;;;;
Michael;06:03:43;15:44:05;-851.4571,159.2594,159.2594;;;;
Michael;06:03:44;15:44:06;-851.4571,159.2594,159.2594;;;;
Michael;06:03:44;15:44:06;-851.4571,159.2594,159.2594;;;;
Michael;06:03:45;15:44:07;-851.4571,159.2594,159.2594;;;;
Michael;06:03:45;15:44:07;-851.4571,159.2594,159.2594;;;;
Michael;06:03:46;15:44:08;-851.4571,159.2594,159.2594;;;;
Michael;06:03:46;15:44:08;-851.4571,159.2594,159.2594;;;;
Michael;06:03:47;15:44:09;-851.4571,159.2594,159.2594;;;;
Michael;06:03:48;15:44:09;-851.4571,159.2594,159.2594;;;;
Michael;06:03:48;15:44:10;-851.4571,159.2594,159.2594;;;;
Michael;06:03:49;15:44:10;-851.4571,159.2594,159.2594;;;;
Michael;06:03:49;15:44:11;-851.4571,159.2594,159.2594;;;;
Michael;06:03:50;15:44:11;-851.4571,159.2594,159.2594;;;;
Michael;06:03:50;15:44:12;-851.4571,159.2594,159.2594;;;;
Michael;06:03:51;15:44:13;-851.4571,159.2594,159.2594;;;;
Michael;06:03:51;15:44:13;-851.4571,159.2594,159.2594;;;;
Michael;06:03:52;15:44:14;-851.4571,159.2594,159.2594;;;;
Michael;06:03:52;15:44:14;-851.4571,159.2594,159.2594;;;;
Michael;06:03:53;15:44:15;-851.4571,159.2594,159.2594;;;;
Michael;06:03:53;15:44:15;-851.4571,159.2594,159.2594;;;;
Michael;06:03:54;15:44:16;-851.4571,159.2594,159.2594;;;;
Michael;06:03:54;15:44:16;-851.4571,159.2594,159.2594;;;;
Michael;06:03:55;15:44:17;-851.4571,159.2594,159.2594;;;;
Michael;06:03:55;15:44:17;-851.4571,159.2594,159.2594;;;;
Michael;06:03:56;15:44:18;-851.4571,159.2594,159.2594;;;;
Michael;06:03:56;15:44:18;-851.4571,159.2594,159.2594;;;;
Michael;06:03:57;15:44:19;-851.4571,159.2594,159.2594;;;;
Michael;06:03:57;15:44:19;-851.4571,159.2594,159.2594;;;;
Michael;06:03:58;15:44:20;-851.4571,159.2594,159.2594;;;;
Michael;06:03:58;15:44:20;-851.4571,159.2594,159.2594;;;;
Michael;06:03:59;15:44:21;-851.4571,159.2594,159.2594;;;;
Michael;06:04:00;15:44:21;-851.4571,159.2594,159.2594;;;;
Michael;06:04:00;15:44:22;-851.4571,159.2594,159.2594;;;;
Michael;06:04:01;15:44:22;-851.4571,159.2594,159.2594;;;;
Michael;06:04:01;15:44:23;-851.4571,159.2594,159.2594;;;;
Michael;06:04:02;15:44:23;-851.4571,159.2594,159.2594;;;;
Michael;06:04:02;15:44:24;-851.4571,159.2594,159.2594;;;;
Michael;06:04:03;15:44:24;-851.4571,159.2594,159.2594;;;;
Michael;06:04:03;15:44:25;-851.4571,159.2594,159.2594;;;;
Michael;06:04:04;15:44:26;-851.4571,159.2594,159.2594;;;;
Michael;06:04:04;15:44:26;-851.4571,159.2594,159.2594;;;;
Michael;06:04:05;15:44:27;-851.4571,159.2594,159.2594;;;;
Michael;06:04:05;15:44:27;-851.4571,159.2594,159.2594;;;;
Michael;06:04:06;15:44:28;-851.4571,159.2594,159.2594;;;;
Michael;06:04:06;15:44:28;-851.4571,159.2594,159.2594;;;;
Michael;06:04:07;15:44:29;-851.4571,159.2594,159.2594;;;;
Michael;06:04:07;15:44:29;-851.4571,159.2594,159.2594;;;;
Michael;06:04:08;15:44:30;-851.4571,159.2594,159.2594;;;;
Michael;06:04:08;15:44:30;-851.4571,159.2594,159.2594;;;;
Michael;06:04:09;15:44:31;-851.4571,159.2594,159.2594;;;;
Michael;06:04:09;15:44:31;-851.4571,159.2594,159.2594;;;;
Michael;06:04:10;15:44:32;-851.4571,159.2594,159.2594;;;;
Michael;06:04:10;15:44:32;-851.4571,159.2594,159.2594;;;;
Michael;06:04:11;15:44:33;-851.4571,159.2594,159.2594;;;;
Michael;06:04:11;15:44:33;-851.4571,159.2594,159.2594;;;;
Michael;06:04:12;15:44:34;-851.4571,159.2594,159.2594;;;;
Michael;06:04:12;15:44:34;-851.4571,159.2594,159.2594;;;;
Michael;06:04:13;15:44:35;-851.4571,159.2594,159.2594;;;;
Michael;06:04:14;15:44:35;-851.4571,159.2594,159.2594;;;;
Michael;06:04:14;15:44:36;-851.4571,159.2594,159.2594;;;;
Michael;06:04:15;15:44:36;-851.4571,159.2594,159.2594;;;;
Michael;06:04:15;15:44:37;-851.4571,159.2594,159.2594;;;;
Michael;06:04:16;15:44:37;-851.4571,159.2594,159.2594;;;;
Michael;06:04:16;15:44:38;-851.4571,159.2594,159.2594;;;;
Michael;06:04:17;15:44:39;-851.4571,159.2594,159.2594;;;;
Michael;06:04:17;15:44:39;-851.4571,159.2594,159.2594;;;;
Michael;06:04:18;15:44:40;-851.4571,159.2594,159.2594;;;;
Michael;06:04:18;15:44:40;-851.4571,159.2594,159.2594;;;;
Michael;06:04:19;15:44:41;-851.4571,159.2594,159.2594;;;;
Michael;06:04:19;15:44:41;-851.4571,159.2594,159.2594;;;;
Michael;06:04:20;15:44:42;-851.4571,159.2594,159.2594;;;;
Michael;06:04:20;15:44:42;-851.4571,159.2594,159.2594;;;;
Michael;06:04:21;15:44:43;-851.4571,159.2594,159.2594;;;;
Michael;06:04:21;15:44:43;-851.4571,159.2594,159.2594;;;;
Michael;06:04:22;15:44:44;-851.4571,159.2594,159.2594;;;;
Michael;06:04:22;15:44:44;-851.4571,159.2594,159.2594;;;;
Michael;06:04:23;15:44:45;-851.4571,159.2594,159.2594;;;;
Michael;06:04:23;15:44:45;-851.4571,159.2594,159.2594;;;;
Michael;06:04:24;15:44:46;-851.4571,159.2594,159.2594;;;;
Michael;06:04:24;15:44:46;-851.4571,159.2594,159.2594;;;;
Michael;06:04:25;15:44:47;-851.4571,159.2594,159.2594;;;;
Michael;06:04:25;15:44:47;-851.4571,159.2594,159.2594;;;;
Michael;06:04:26;15:44:48;-851.4571,159.2594,159.2594;;;;
Michael;06:04:27;15:44:48;-851.4571,159.2594,159.2594;;;;
Michael;06:04:27;15:44:49;-851.4571,159.2594,159.2594;;;;
Michael;06:04:28;15:44:49;-851.4571,159.2594,159.2594;;;;
Michael;06:04:28;15:44:50;-851.4571,159.2594,159.2594;;;;
Michael;06:04:29;15:44:50;-851.4571,159.2594,159.2594;;;;
Michael;06:04:29;15:44:51;-851.4571,159.2594,159.2594;;;;
Michael;06:04:30;15:44:52;-851.4571,159.2594,159.2594;;;;
Michael;06:04:30;15:44:52;-851.4571,159.2594,159.2594;;;;
Michael;06:04:31;15:44:53;-851.4571,159.2594,159.2594;;;;
Michael;06:04:31;15:44:53;-851.4571,159.2594,159.2594;;;;
Michael;06:04:32;15:44:54;-851.4571,159.2594,159.2594;;;;
Michael;06:04:32;15:44:54;-851.4571,159.2594,159.2594;;;;
Michael;06:04:33;15:44:55;-851.4571,159.2594,159.2594;;;;
Michael;06:04:33;15:44:55;-851.4571,159.2594,159.2594;;;;
Michael;06:04:34;15:44:56;-851.171,159.3083,159.3083;;;;
Michael;06:04:34;15:44:56;-850.4339,159.2512,159.2512;;;;
Michael;06:04:35;15:44:57;-849.0024,159.1874,159.1874;;;;
Michael;06:04:35;15:44:57;-845.681,159.6607,159.6607;;;;
Michael;06:04:36;15:44:58;-842.9389,159.9046,159.9046;;;;
Michael;06:04:36;15:44:58;-841.791,159.9955,159.9955;;;;
Michael;06:04:37;15:44:59;-841.4307,160.024,160.024;;;;
Michael;06:04:37;15:44:59;-841.3972,160.0266,160.0266;;;;
Michael;06:04:38;15:45:00;-841.3972,160.0266,160.0266;;;;
Michael;06:04:39;15:45:00;-841.3972,160.0266,160.0266;;;;
Michael;06:04:39;15:45:01;-841.3972,160.0266,160.0266;;;;
Michael;06:04:40;15:45:01;-841.3972,160.0266,160.0266;;;;
Michael;06:04:40;15:45:02;-841.3972,160.0266,160.0266;;;;
Michael;06:04:41;15:45:02;-841.3972,160.0266,160.0266;;;;
Michael;06:04:41;15:45:03;-841.3972,160.0266,160.0266;;;;
Michael;06:04:42;15:45:03;-841.3972,160.0266,160.0266;;;;
Michael;06:04:42;15:45:04;-841.3972,160.0266,160.0266;;;;
Michael;06:04:43;15:45:05;-841.3972,160.0266,160.0266;;;;
Michael;06:04:43;15:45:05;-841.3972,160.0266,160.0266;;;;
Michael;06:04:44;15:45:06;-841.3972,160.0266,160.0266;;;;
Michael;06:04:44;15:45:06;-841.3972,160.0266,160.0266;;;;
Michael;06:04:45;15:45:07;-841.6154,159.8229,159.8229;;;;
Michael;06:04:45;15:45:07;-842.8901,159.2063,159.2063;;;;
Michael;06:04:46;15:45:08;-845.2051,158.6529,158.6529;;;;
Michael;06:04:46;15:45:08;-848.6461,158.4424,158.4424;;;;
Michael;06:04:47;15:45:09;-850.3522,158.5322,158.5322;;;;
Michael;06:04:47;15:45:09;-850.689,158.2586,158.2586;;;;
Michael;06:04:48;15:45:10;-851.2883,157.6222,157.6222;;;;
Michael;06:04:48;15:45:10;-851.689,156.8401,156.8401;;;;
Michael;06:04:49;15:45:11;-852.3912,156.276,156.276;;;;
Michael;06:04:49;15:45:11;-853.0648,155.6818,155.6818;;;;
Michael;06:04:50;15:45:12;-853.6905,155.0753,155.0753;;;;
Michael;06:04:50;15:45:12;-854.2764,154.4196,154.4196;;;;
Michael;06:04:51;15:45:13;-854.3201,153.544,153.544;;;;
Michael;06:04:52;15:45:13;-853.8616,152.7738,152.7738;;;;
Michael;06:04:52;15:45:14;-853.5953,151.9222,151.9222;;;;
Michael;06:04:53;15:45:14;-853.5051,151.052,151.052;;;;
Michael;06:04:53;15:45:15;-853.4766,150.7062,150.7062;;;;
Michael;06:04:54;15:45:15;-853.4724,150.6264,150.6264;;;;
Michael;06:04:54;15:45:16;-853.4724,150.6257,150.6257;;;;
Michael;06:04:55;15:45:17;-853.4724,150.6257,150.6257;;;;
Michael;06:04:55;15:45:17;-853.4724,150.6257,150.6257;;;;
Michael;06:04:56;15:45:18;-853.4724,150.6257,150.6257;;;;
Michael;06:04:56;15:45:18;-853.4724,150.6257,150.6257;;;;
Michael;06:04:57;15:45:19;-853.4724,150.6257,150.6257;;;;
Michael;06:04:57;15:45:19;-853.4724,150.6257,150.6257;;;;
Michael;06:04:58;15:45:20;-853.4724,150.6257,150.6257;;;;
Michael;06:04:58;15:45:20;-853.4724,150.6257,150.6257;;;;
Michael;06:04:59;15:45:21;-853.4724,150.6257,150.6257;;;;
Michael;06:04:59;15:45:21;-853.4724,150.6257,150.6257;;;;
Michael;06:05:00;15:45:22;-853.4724,150.6257,150.6257;;;;
Michael;06:05:00;15:45:22;-853.4724,150.6257,150.6257;;;;
Michael;06:05:01;15:45:23;-853.4724,150.6257,150.6257;;;;
Michael;06:05:01;15:45:23;-853.4724,150.6257,150.6257;;;;
Michael;06:05:02;15:45:24;-853.4724,150.6257,150.6257;;;;
Michael;06:05:02;15:45:24;-853.4724,150.6257,150.6257;;;;
Michael;06:05:03;15:45:25;-853.4724,150.6257,150.6257;;;;
Michael;06:05:04;15:45:25;-853.4724,150.6257,150.6257;;;;
Michael;06:05:04;15:45:26;-853.4724,150.6257,150.6257;;;;
Michael;06:05:05;15:45:26;-853.4724,150.6257,150.6257;;;;
Michael;06:05:05;15:45:27;-853.4724,150.6257,150.6257;;;;
Michael;06:05:06;15:45:28;-853.4724,150.6257,150.6257;;;;
Michael;06:05:06;15:45:28;-853.4724,150.6257,150.6257;;;;
Michael;06:05:07;15:45:29;-853.4724,150.6257,150.6257;;;;
Michael;06:05:07;15:45:29;-853.4724,150.6257,150.6257;;;;
Michael;06:05:08;15:45:30;-853.4724,150.6257,150.6257;;;;
Michael;06:05:08;15:45:30;-853.4724,150.6257,150.6257;;;;
Michael;06:05:09;15:45:31;-853.4724,150.6257,150.6257;;;;
Michael;06:05:09;15:45:31;-853.4724,150.6257,150.6257;;;;
Michael;06:05:10;15:45:32;-853.4724,150.6257,150.6257;;;;
Michael;06:05:10;15:45:32;-853.4724,150.6257,150.6257;;;;
Michael;06:05:11;15:45:33;-853.4724,150.6257,150.6257;;;;
Michael;06:05:11;15:45:33;-853.4724,150.6257,150.6257;;;;
Michael;06:05:12;15:45:34;-853.4724,150.6257,150.6257;;;;
Michael;06:05:12;15:45:34;-853.4724,150.6257,150.6257;;;;
Michael;06:05:13;15:45:35;-853.4724,150.6257,150.6257;;;;
Michael;06:05:13;15:45:35;-853.4724,150.6257,150.6257;;;;
Michael;06:05:14;15:45:36;-853.4724,150.6257,150.6257;;;;
Michael;06:05:14;15:45:36;-853.4724,150.6257,150.6257;;;;
Michael;06:05:15;15:45:37;-853.4724,150.6257,150.6257;;;;
Michael;06:05:16;15:45:37;-853.4724,150.6257,150.6257;;;;
Michael;06:05:16;15:45:38;-853.4724,150.6257,150.6257;;;;
Michael;06:05:17;15:45:38;-853.4724,150.6257,150.6257;;;;
Michael;06:05:17;15:45:39;-853.4724,150.6257,150.6257;;;;
Michael;06:05:18;15:45:39;-853.4724,150.6257,150.6257;;;;
Michael;06:05:18;15:45:40;-853.4724,150.6257,150.6257;;;;
Michael;06:05:19;15:45:41;-853.4724,150.6257,150.6257;;;;
Michael;06:05:19;15:45:41;-853.4724,150.6257,150.6257;;;;
Michael;06:05:20;15:45:42;-853.4724,150.6257,150.6257;;;;
Michael;06:05:20;15:45:42;-853.4724,150.6257,150.6257;;;;
Michael;06:05:21;15:45:43;-853.4724,150.6257,150.6257;;;;
Michael;06:05:21;15:45:43;-853.4724,150.6257,150.6257;;;;
Michael;06:05:22;15:45:44;-853.4724,150.6257,150.6257;;;;
Michael;06:05:22;15:45:44;-853.4724,150.6257,150.6257;;;;
Michael;06:05:23;15:45:45;-853.4724,150.6257,150.6257;;;;
Michael;06:05:23;15:45:45;-853.4724,150.6257,150.6257;;;;
Michael;06:05:24;15:45:46;-853.4724,150.6257,150.6257;;;;
Michael;06:05:24;15:45:46;-853.4724,150.6257,150.6257;;;;
Michael;06:05:25;15:45:47;-853.4724,150.6257,150.6257;;;;
Michael;06:05:25;15:45:47;-853.4724,150.6257,150.6257;;;;
Michael;06:05:26;15:45:48;-853.4724,150.6257,150.6257;;;;
Michael;06:05:27;15:45:48;-853.4724,150.6257,150.6257;;;;
Michael;06:05:27;15:45:49;-853.4724,150.6257,150.6257;;;;
Michael;06:05:28;15:45:49;-853.4724,150.6257,150.6257;;;;
Michael;06:05:28;15:45:50;-853.4724,150.6257,150.6257;;;;
Michael;06:05:29;15:45:50;-853.4724,150.6257,150.6257;;;;
Michael;06:05:29;15:45:51;-853.4724,150.6257,150.6257;;;;
Michael;06:05:30;15:45:52;-853.4724,150.6257,150.6257;;;;
Michael;06:05:30;15:45:52;-853.4724,150.6257,150.6257;;;;
Michael;06:05:31;15:45:53;-853.4724,150.6257,150.6257;;;;
Michael;06:05:31;15:45:53;-853.4724,150.6257,150.6257;;;;
Michael;06:05:32;15:45:54;-853.4724,150.6257,150.6257;;;;
Michael;06:05:32;15:45:54;-853.4724,150.6257,150.6257;;;;
Michael;06:05:33;15:45:55;-853.4724,150.6257,150.6257;;;;
Michael;06:05:33;15:45:55;-853.4724,150.6257,150.6257;;;;
Michael;06:05:34;15:45:56;-853.4724,150.6257,150.6257;;;;
Michael;06:05:34;15:45:56;-853.4724,150.6257,150.6257;;;;
Michael;06:05:35;15:45:57;-853.4724,150.6257,150.6257;;;;
Michael;06:05:35;15:45:57;-853.4724,150.6257,150.6257;;;;
Michael;06:05:36;15:45:58;-853.4724,150.6257,150.6257;;;;
Michael;06:05:36;15:45:58;-853.4724,150.6257,150.6257;;;;
Michael;06:05:37;15:45:59;-853.4724,150.6257,150.6257;;;;
Michael;06:05:37;15:45:59;-853.4724,150.6257,150.6257;;;;
Michael;06:05:38;15:46:00;-853.4724,150.6257,150.6257;;;;
Michael;06:05:38;15:46:00;-853.4724,150.6257,150.6257;;;;
Michael;06:05:39;15:46:01;-853.4724,150.6257,150.6257;;;;
Michael;06:05:40;15:46:01;-853.4724,150.6257,150.6257;;;;
Michael;06:05:40;15:46:02;-853.4724,150.6257,150.6257;;;;
Michael;06:05:41;15:46:02;-853.4724,150.6257,150.6257;;;;
Michael;06:05:41;15:46:03;-853.4724,150.6257,150.6257;;;;
Michael;06:05:42;15:46:03;-853.4724,150.6257,150.6257;;;;
Michael;06:05:42;15:46:04;-853.4724,150.6257,150.6257;;;;
Michael;06:05:43;15:46:05;-853.4724,150.6257,150.6257;;;;
Michael;06:05:43;15:46:05;-853.4724,150.6257,150.6257;;;;
Michael;06:05:44;15:46:06;-853.4724,150.6257,150.6257;;;;
Michael;06:05:44;15:46:06;-853.4724,150.6257,150.6257;;;;
Michael;06:05:45;15:46:07;-853.4724,150.6257,150.6257;;;;
Michael;06:05:45;15:46:07;-853.4724,150.6257,150.6257;;;;
Michael;06:05:46;15:46:08;-853.4724,150.6257,150.6257;;;;
Michael;06:05:46;15:46:08;-853.4724,150.6257,150.6257;;;;
Michael;06:05:47;15:46:09;-853.4724,150.6257,150.6257;;;;
Michael;06:05:47;15:46:09;-853.4724,150.6257,150.6257;;;;
Michael;06:05:48;15:46:10;-853.4724,150.6257,150.6257;;;;
Michael;06:05:48;15:46:10;-853.4724,150.6257,150.6257;;;;
Michael;06:05:49;15:46:11;-853.4724,150.6257,150.6257;;;;
Michael;06:05:49;15:46:11;-853.4724,150.6257,150.6257;;;;
Michael;06:05:50;15:46:12;-853.4724,150.6257,150.6257;;;;
Michael;06:05:50;15:46:12;-853.4724,150.6257,150.6257;;;;
Michael;06:05:51;15:46:13;-853.4724,150.6257,150.6257;;;;
Michael;06:05:52;15:46:13;-853.4724,150.6257,150.6257;;;;
Michael;06:05:52;15:46:14;-853.4724,150.6257,150.6257;;;;
Michael;06:05:53;15:46:14;-853.4724,150.6257,150.6257;;;;
Michael;06:05:53;15:46:15;-853.4724,150.6257,150.6257;;;;
Michael;06:05:54;15:46:15;-853.4724,150.6257,150.6257;;;;
Michael;06:05:54;15:46:16;-853.4724,150.6257,150.6257;;;;
Michael;06:05:55;15:46:16;-853.6634,150.3579,150.3579;;;;
Michael;06:05:55;15:46:17;-854.3426,150.3863,150.3863;;;;
Michael;06:05:56;15:46:18;-854.4316,151.0971,151.0971;;;;
Michael;06:05:56;15:46:18;-854.2429,152.0192,152.0192;;;;
Michael;06:05:57;15:46:19;-853.5616,153.7871,153.7871;;;;
Michael;06:05:57;15:46:19;-851.8626,155.8111,155.8111;;;;
Michael;06:05:58;15:46:20;-849.4442,157.2877,157.2877;;;;
Michael;06:05:58;15:46:20;-846.9747,158.2741,158.2741;;;;
Michael;06:05:59;15:46:21;-843.7679,159.5093,159.5093;;;;
Michael;06:05:59;15:46:21;-840.2612,160.1946,160.1946;;;;
Michael;06:06:00;15:46:22;-836.9412,161.0914,161.0914;;;;
Michael;06:06:00;15:46:22;-834.1609,163.2741,163.2741;;;;
Michael;06:06:01;15:46:23;-831.8895,165.8449,165.8449;;;;
Michael;06:06:01;15:46:23;-830.0566,168.8977,168.8977;;;;
Michael;06:06:02;15:46:24;-828.1189,171.7103,171.7103;;;;
Michael;06:06:02;15:46:24;-825.8142,174.4565,174.4565;;;;
Michael;06:06:03;15:46:25;-823.0329,176.5945,176.5945;;;;
Michael;06:06:03;15:46:25;-819.6699,177.402,177.402;;;;
Michael;06:06:04;15:46:26;-816.9027,178.2266,178.2266;;;;
Michael;06:06:05;15:46:26;-813.8208,179.1846,179.1846;;;;
Michael;06:06:05;15:46:27;-812.1526,179.9096,179.9096;;;;
Michael;06:06:06;15:46:27;-811.5136,181.5537,181.5537;;;;
Michael;06:06:06;15:46:28;-810.473,182.8363,182.8363;;;;
Michael;06:06:07;15:46:29;-809.3162,183.1082,183.1082;;;;
Michael;06:06:07;15:46:29;-808.3689,183.2894,183.2894;;;;
Michael;06:06:08;15:46:30;-806.809,183.2394,183.2394;;;;
Michael;06:06:08;15:46:30;-805.743,182.0426,182.0426;;;;
Michael;06:06:09;15:46:31;-805.4474,180.9093,180.9093;;;;
Michael;06:06:09;15:46:31;-805.7175,178.7811,178.7811;;;;
Michael;06:06:10;15:46:32;-807.0837,177.1708,177.1708;;;;
Michael;06:06:10;15:46:32;-809.2319,176.6328,176.6328;;;;
Michael;06:06:11;15:46:33;-810.3369,177.8353,177.8353;;;;
Michael;06:06:11;15:46:33;-811.3864,179.474,179.474;;;;
Michael;06:06:12;15:46:34;-812.8655,178.4807,178.4807;;;;
Michael;06:06:12;15:46:34;-813.8577,176.3671,176.3671;;;;
Michael;06:06:13;15:46:35;-812.9911,175.0255,175.0255;;;;
Michael;06:06:13;15:46:35;-811.8961,175.2218,175.2218;;;;
Michael;06:06:14;15:46:36;-811.8961,175.2218,175.2218;;;;
Michael;06:06:14;15:46:36;-811.8961,175.2218,175.2218;;;;
Michael;06:06:15;15:46:37;-811.8961,175.2218,175.2218;;;;
Michael;06:06:16;15:46:37;-811.8961,175.2218,175.2218;;;;
Michael;06:06:16;15:46:38;-811.8961,175.2218,175.2218;;;;
Michael;06:06:17;15:46:38;-811.8961,175.2218,175.2218;;;;
Michael;06:06:17;15:46:39;-811.8961,175.2218,175.2218;;;;
Michael;06:06:18;15:46:39;-811.8961,175.2218,175.2218;;;;
Michael;06:06:18;15:46:40;-811.8961,175.2218,175.2218;;;;
Michael;06:06:19;15:46:41;-811.8961,175.2218,175.2218;;;;
Michael;06:06:19;15:46:41;-811.8961,175.2218,175.2218;;;;
Michael;06:06:20;15:46:42;-811.8961,175.2218,175.2218;;;;
Michael;06:06:20;15:46:42;-811.8961,175.2218,175.2218;;;;
Michael;06:06:21;15:46:43;-811.9079,175.2456,175.2456;;;;
Michael;06:06:21;15:46:43;-812.218,175.5263,175.5263;;;;
Michael;06:06:22;15:46:44;-813.3913,175.8658,175.8658;;;;
Michael;06:06:22;15:46:44;-814.8168,176.9781,176.9781;;;;
Michael;06:06:23;15:46:45;-815.78,178.8285,178.8285;;;;
Michael;06:06:23;15:46:45;-815.773,180.1628,180.1628;;;;
Michael;06:06:24;15:46:46;-815.7062,180.3416,180.3416;;;;
Michael;06:06:24;15:46:46;-815.9069,180.465,180.465;;;;
Michael;06:06:25;15:46:47;-815.5161,180.7081,180.7081;;;;
Michael;06:06:25;15:46:47;-815.1788,180.8971,180.8971;;;;
Michael;06:06:26;15:46:48;-814.8807,181.0584,181.0584;;;;
Michael;06:06:26;15:46:48;-814.7924,181.1054,181.1054;;;;
Michael;06:06:27;15:46:49;-814.7924,181.1054,181.1054;;;;
Michael;06:06:27;15:46:49;-814.7924,181.1054,181.1054;;;;
Michael;06:06:28;15:46:50;-814.7924,181.1054,181.1054;;;;
Michael;06:06:29;15:46:50;-814.7924,181.1054,181.1054;;;;
Michael;06:06:29;15:46:51;-814.7924,181.1054,181.1054;;;;
Michael;06:06:30;15:46:51;-814.7924,181.1054,181.1054;;;;
Michael;06:06:30;15:46:52;-814.7924,181.1054,181.1054;;;;
Michael;12:06:30;15:46:58;-814.7924,181.1054,181.1054;;;;
Michael;12:06:37;15:46:58;-814.7924,181.1054,181.1054;;;;
Michael;12:06:37;15:46:59;-814.7924,181.1054,181.1054;;;;
Michael;12:06:38;15:47:00;-814.7924,181.1054,181.1054;;;;
Michael;12:06:38;15:47:00;-814.8571,181.0576,181.0576;;;;
Michael;12:06:39;15:47:01;-815.1812,180.8005,180.8005;;;;
Michael;12:06:39;15:47:01;-815.4641,180.5051,180.5051;;;;
Michael;12:06:40;15:47:02;-815.659,180.1292,180.1292;;;;
Michael;12:06:40;15:47:02;-815.7078,180.0143,180.0143;;;;
Michael;12:06:41;15:47:03;-815.7108,180.0017,180.0017;;;;
Michael;12:06:41;15:47:03;-815.9175,179.0716,179.0716;;;;
Michael;12:06:42;15:47:04;-815.9409,178.4285,178.4285;;;;
Michael;12:06:42;15:47:04;-815.24,178.6534,178.6534;;;;
Michael;12:06:43;15:47:05;-814.3373,178.7109,178.7109;;;;
Michael;12:06:43;15:47:05;-813.4548,178.7671,178.7671;;;;
Michael;12:06:44;15:47:06;-812.558,178.7576,178.7576;;;;
Michael;12:06:44;15:47:06;-812.3859,178.1866,178.1866;;;;
Michael;12:06:45;15:47:07;-813.0714,178.3269,178.3269;;;;
Michael;12:06:45;15:47:07;-813.877,178.3981,178.3981;;;;
Michael;12:06:46;15:47:08;-814.4853,177.7463,177.7463;;;;
Michael;12:06:47;15:47:08;-814.6813,176.9655,176.9655;;;;
Michael;12:06:47;15:47:09;-813.9532,176.4971,176.4971;;;;
Michael;12:06:48;15:47:09;-813.4314,175.7939,175.7939;;;;
Michael;12:06:48;15:47:10;-813.4102,174.242,174.242;;;;
Michael;12:06:49;15:47:10;-813.7889,173.6682,173.6682;;;;
Michael;12:06:49;15:47:11;-814.0127,173.7717,173.7717;;;;
Michael;12:06:50;15:47:12;-813.5033,173.216,173.216;;;;
Michael;12:06:50;15:47:12;-813.9335,173.9397,173.9397;;;;
Michael;12:06:51;15:47:13;-814.0931,174.1934,174.1934;;;;
Michael;12:06:51;15:47:13;-813.9248,174.1951,174.1951;;;;
Michael;12:06:52;15:47:14;-813.3207,174.3866,174.3866;;;;
Michael;12:06:52;15:47:14;-813.5828,175.4961,175.4961;;;;
Michael;12:06:53;15:47:15;-814.4795,177.2896,177.2896;;;;
Michael;12:06:53;15:47:15;-813.0406,178.3875,178.3875;;;;
Michael;12:06:54;15:47:16;-810.7223,178.7101,178.7101;;;;
Michael;12:06:54;15:47:16;-809.717,177.9509,177.9509;;;;
Michael;12:06:55;15:47:17;-809.1841,176.2357,176.2357;;;;
Michael;12:06:55;15:47:17;-807.4328,176.6539,176.6539;;;;
Michael;12:06:56;15:47:18;-805.5743,178.0826,178.0826;;;;
Michael;12:06:56;15:47:18;-804.9043,180.0572,180.0572;;;;
Michael;12:06:57;15:47:19;-805.3993,181.3189,181.3189;;;;
Michael;12:06:57;15:47:19;-805.7189,181.8951,181.8951;;;;
Michael;12:06:58;15:47:20;-805.7592,181.9565,181.9565;;;;
Michael;12:06:59;15:47:20;-805.7809,181.9897,181.9897;;;;
Michael;12:06:59;15:47:21;-805.7996,182.0187,182.0187;;;;
Michael;12:07:00;15:47:21;-805.8142,182.0425,182.0425;;;;
Michael;12:07:00;15:47:22;-805.825,182.061,182.061;;;;
Michael;12:07:01;15:47:22;-805.8304,182.0706,182.0706;;;;
Michael;12:07:01;15:47:23;-805.8324,182.0747,182.0747;;;;
Michael;12:07:02;15:47:24;-805.8324,182.0746,182.0746;;;;
Michael;12:07:02;15:47:24;-805.8324,182.0746,182.0746;;;;
Michael;12:07:03;15:47:25;-805.8324,182.0746,182.0746;;;;
Michael;12:07:03;15:47:25;-805.8341,182.0745,182.0745;;;;
Michael;12:07:04;15:47:26;-805.8392,182.0686,182.0686;;;;
Michael;12:07:04;15:47:26;-805.8394,182.0679,182.0679;;;;
Michael;12:07:05;15:47:27;-805.8394,182.0679,182.0679;;;;
Michael;12:07:05;15:47:27;-805.8394,182.0679,182.0679;;;;
Michael;12:07:06;15:47:28;-805.8394,182.0679,182.0679;;;;
Michael;12:07:06;15:47:28;-805.8394,182.0679,182.0679;;;;
Michael;12:07:07;15:47:29;-805.8394,182.0679,182.0679;;;;
Michael;12:07:07;15:47:29;-805.8394,182.0679,182.0679;;;;
Michael;12:07:08;15:47:30;-805.8394,182.0679,182.0679;;;;
Michael;12:07:08;15:47:30;-805.8394,182.0679,182.0679;;;;
???;12:07:09;15:47:31;0,0,0;;Man, are you serious? This motherfucker is fly!;FRANKLIN;PRS_RBAA
???;12:07:09;15:47:31;0,0,0;;;;
???;12:07:10;15:47:32;0,0,0;;;;
???;12:07:11;15:47:32;0,0,0;;;;
???;12:07:11;15:47:33;0,0,0;;;;
???;12:07:12;15:47:33;0,0,0;;;;
???;12:07:12;15:47:34;0,0,0;;;;
???;12:07:13;15:47:34;0,0,0;;;;
???;12:07:13;15:47:35;0,0,0;;Glad you like it - as I told you, it's yours.;LESTER;PRS_RBAB
???;12:07:14;15:47:36;0,0,0;;;;
???;12:07:14;15:47:36;0,0,0;;;;
???;12:07:15;15:47:37;0,0,0;;;;
???;12:07:15;15:47:37;0,0,0;;;;
???;12:07:16;15:47:38;0,0,0;;;;
???;12:07:16;15:47:38;0,0,0;;Are you seriously serious?;FRANKLIN;PRS_RBAC
???;12:07:17;15:47:39;0,0,0;;;;
???;12:07:17;15:47:39;0,0,0;;;;
???;12:07:18;15:47:40;0,0,0;;;;
???;12:07:18;15:47:40;0,0,0;;For the fifth time, yes. I gotta go. I'll be in touch about our little venture.;LESTER;PRS_RBAD
???;12:07:19;15:47:41;0,0,0;;;;
???;12:07:19;15:47:41;0,0,0;;;;
???;12:07:20;15:47:42;0,0,0;;;;
???;12:07:20;15:47:42;0,0,0;;;;
???;12:07:21;15:47:43;0,0,0;;;;
???;12:07:21;15:47:43;0,0,0;;;;
???;12:07:22;15:47:44;0,0,0;;;;
???;12:07:22;15:47:44;0,0,0;;;;
???;12:07:23;15:47:45;0,0,0;;Man, good looking.;FRANKLIN;PRS_RBAE
???;12:07:24;15:47:45;0,0,0;;;;
???;12:07:24;15:47:46;0,0,0;;;;
???;12:07:25;15:47:46;0,0,0;;Yeah! This motherfucker! Whoo!;FRANKLIN;PRS_RBAF
char;time_ingame;time_rw;pos;vehicle;subtitles_text;speaker;soundfile
Franklin;12:07:29;15:47:51;13.02461,527.9136,527.9136;;;;
Franklin;12:07:29;15:47:51;13.02461,527.9136,527.9136;;;;
Franklin;12:07:30;15:47:52;13.02333,527.9132,527.9132;;;;
Franklin;12:07:30;15:47:52;13.00499,527.8954,527.8954;;;;
Franklin;12:07:31;15:47:53;13.03286,527.8893,527.8893;;;;
Franklin;12:07:31;15:47:53;13.0547,527.8864,527.8864;;;;
Franklin;12:07:32;15:47:54;12.60934,527.4507,527.4507;;;;
Franklin;12:07:32;15:47:54;12.21522,527.5908,527.5908;;;;
Franklin;12:07:33;15:47:55;11.34909,527.3989,527.3989;;;;
Franklin;12:07:33;15:47:55;11.27871,527.2861,527.2861;;;;
Franklin;12:07:34;15:47:56;11.24867,526.5609,526.5609;;;;
Franklin;12:07:34;15:47:56;9.838128,526.129,526.129;;;;
Franklin;12:07:35;15:47:57;8.514822,527.7156,527.7156;;;;
Franklin;12:07:35;15:47:57;7.525949,529.3741,529.3741;;;;
Franklin;12:07:36;15:47:58;6.908129,531.0618,531.0618;;;;
Franklin;12:07:36;15:47:58;6.745751,533.2016,533.2016;;;;
Franklin;12:07:37;15:47:59;7.000175,534.9763,534.9763;;;;
Franklin;12:07:38;15:47:59;7.559524,537.3243,537.3243;;;;
Franklin;12:07:38;15:48:00;8.191815,539.269,539.269;;;;
Franklin;12:07:39;15:48:00;9.228712,542.2124,542.2124;;;;
Franklin;12:07:39;15:48:01;8.396678,545.0932,545.0932;;;;
Franklin;12:07:40;15:48:01;5.879235,547.3471,547.3471;;;;
Franklin;12:07:40;15:48:02;2.962166,547.8646,547.8646;;;;
Franklin;12:07:41;15:48:03;0.7833174,546.6555,546.6555;;;;
Franklin;12:07:41;15:48:03;0.8586889,546.6487,546.6487;;;;
Franklin;12:07:42;15:48:04;1.797018,545.7489,545.7489;True,Sports,BUFFALO02,0,0;;;
Franklin;12:07:42;15:48:04;1.797018,545.7489,545.7489;True,Sports,BUFFALO02,0,0;;;
Franklin;12:07:43;15:48:05;1.78519,545.7373,545.7373;True,Sports,BUFFALO02,0,02066954,1;;;
Franklin;12:07:43;15:48:05;2.060279,546.0109,546.0109;True,Sports,BUFFALO02,1,500811,1;;;
Franklin;12:07:44;15:48:06;2.849799,547.0632,547.0632;True,Sports,BUFFALO02,3,772422,1;;;
Franklin;12:07:44;15:48:06;3.396689,549.031,549.031;True,Sports,BUFFALO02,3,225197,0;;;
Franklin;12:07:45;15:48:07;3.18801,550.1275,550.1275;True,Sports,BUFFALO02,0,4379099,-1;;;
Franklin;12:07:45;15:48:07;3.074125,549.7475,549.7475;True,Sports,BUFFALO02,2,068621,-1;;;
Franklin;12:07:46;15:48:08;2.710821,547.8952,547.8952;True,Sports,BUFFALO02,4,248648,0;;;
Franklin;12:07:46;15:48:08;2.721389,547.2904,547.2904;True,Sports,BUFFALO02,0,9181208,1;;;
Franklin;12:07:47;15:48:09;1.810708,548.1025,548.1025;True,Sports,BUFFALO02,3,919538,1;;;
Franklin;12:07:47;15:48:09;-1.009083,549.3425,549.3425;True,Sports,BUFFALO02,8,030506,1;;;
Franklin;12:07:48;15:48:10;-6.014795,548.5007,548.5007;True,Sports,BUFFALO02,11,93573,1;;;
Franklin;12:07:49;15:48:10;-11.38714,545.2393,545.2393;True,Sports,BUFFALO02,13,49304,1;;;
Franklin;12:07:49;15:48:11;-17.74182,540.6158,540.6158;True,Sports,BUFFALO02,17,27581,1;;;
Franklin;12:07:50;15:48:11;-26.78162,536.9489,536.9489;True,Sports,BUFFALO02,21,08108,1;;;
Franklin;12:07:50;15:48:12;-37.29428,535.8919,535.8919;True,Sports,BUFFALO02,20,54869,1;;;
Franklin;12:07:51;15:48:12;-48.55853,536.6473,536.6473;True,Sports,BUFFALO02,23,56659,0;;;
Franklin;12:07:51;15:48:13;-60.17701,537.6229,537.6229;True,Sports,BUFFALO02,23,23664,1;;;
Franklin;12:07:52;15:48:13;-72.21811,538.7528,538.7528;True,Sports,BUFFALO02,24,42556,0;;;
Franklin;12:07:52;15:48:14;-84.3553,539.0153,539.0153;True,Sports,BUFFALO02,23,51981,0;;;
Franklin;12:07:53;15:48:15;-95.92133,538.603,538.603;True,Sports,BUFFALO02,22,62375,0;;;
Franklin;12:07:53;15:48:15;-106.5587,535.6297,535.6297;True,Sports,BUFFALO02,21,24472,0;;;
Franklin;12:07:54;15:48:16;-115.8873,530.7637,530.7637;True,Sports,BUFFALO02,19,86272,0;;;
Franklin;12:07:54;15:48:16;-125.3124,528.1667,528.1667;True,Sports,BUFFALO02,18,64398,0;;;
Franklin;12:07:55;15:48:17;-134.3832,526.243,526.243;True,Sports,BUFFALO02,17,2159,0;;;
Franklin;12:07:55;15:48:17;-141.6663,522.1301,522.1301;True,Sports,BUFFALO02,15,48046,0;;;
Franklin;12:07:56;15:48:18;-148.5765,518.893,518.893;True,Sports,BUFFALO02,14,1684,0;;;
Franklin;12:07:56;15:48:18;-155.3462,517.8077,517.8077;True,Sports,BUFFALO02,12,67059,0;;;
Franklin;12:07:57;15:48:19;-161.4986,517.2719,517.2719;True,Sports,BUFFALO02,11,18829,0;;;
Franklin;12:07:57;15:48:19;-166.8943,516.2431,516.2431;True,Sports,BUFFALO02,10,10133,0;;;
Franklin;12:07:58;15:48:20;-171.7954,514.8482,514.8482;True,Sports,BUFFALO02,10,03567,0;;;
Franklin;12:07:58;15:48:20;-176.9185,513.72,513.72;True,Sports,BUFFALO02,10,9753,0;;;
Franklin;12:07:59;15:48:21;-182.1137,512.1758,512.1758;True,Sports,BUFFALO02,9,948945,0;;;
Franklin;12:07:59;15:48:21;-186.7718,510.9359,510.9359;True,Sports,BUFFALO02,8,823619,0;;;
Franklin;12:08:00;15:48:22;-190.8696,509.933,509.933;True,Sports,BUFFALO02,7,747169,0;;;
Franklin;12:08:00;15:48:22;-195.3489,508.7218,508.7218;True,Sports,BUFFALO02,11,72577,1;;;
Franklin;12:08:01;15:48:23;-201.1947,507.1851,507.1851;True,Sports,BUFFALO02,11,10284,0;;;
Franklin;12:08:02;15:48:23;-206.4634,505.8389,505.8389;True,Sports,BUFFALO02,10,18125,0;;;
Franklin;12:08:02;15:48:24;-211.3547,505.1213,505.1213;True,Sports,BUFFALO02,9,108825,0;;;
Franklin;12:08:03;15:48:24;-215.8325,504.7872,504.7872;True,Sports,BUFFALO02,8,249021,0;;;
Franklin;12:08:03;15:48:25;-219.7984,504.5138,504.5138;True,Sports,BUFFALO02,7,316144,0;;;
Franklin;12:08:04;15:48:25;-223.2483,504.258,504.258;True,Sports,BUFFALO02,6,320029,0;;;
Franklin;12:08:04;15:48:26;-226.5401,504.0227,504.0227;True,Sports,BUFFALO02,6,529057,0;;;
Franklin;12:08:05;15:48:27;-229.9671,503.8217,503.8217;True,Sports,BUFFALO02,7,688118,0;;;
Franklin;12:08:05;15:48:27;-234.079,503.8515,503.8515;True,Sports,BUFFALO02,8,410781,0;;;
Franklin;12:08:06;15:48:28;-238.5274,504.3471,504.3471;True,Sports,BUFFALO02,9,69856,0;;;
Franklin;12:08:06;15:48:28;-243.3265,504.8112,504.8112;True,Sports,BUFFALO02,8,82475,0;;;
Franklin;12:08:07;15:48:29;-247.5219,504.7512,504.7512;True,Sports,BUFFALO02,7,881631,0;;;
Franklin;12:08:07;15:48:29;-251.3589,504.5907,504.5907;True,Sports,BUFFALO02,7,129542,0;;;
Franklin;12:08:08;15:48:30;-254.6824,504.8609,504.8609;True,Sports,BUFFALO02,6,296424,0;;;
Franklin;12:08:08;15:48:30;-257.7308,505.2053,505.2053;True,Sports,BUFFALO02,5,667532,0;;;
Franklin;12:08:09;15:48:31;-260.4474,505.519,505.519;True,Sports,BUFFALO02,4,981067,0;;;
Franklin;12:08:09;15:48:31;-262.8796,505.8139,505.8139;True,Sports,BUFFALO02,5,222541,1;;;
Franklin;12:08:10;15:48:32;-266.876,506.308,506.308;True,Sports,BUFFALO02,10,91235,1;;;
Franklin;12:08:10;15:48:32;-272.9266,506.8664,506.8664;True,Sports,BUFFALO02,13,07478,1;;;
Franklin;12:08:11;15:48:33;-280.6149,506.6046,506.6046;True,Sports,BUFFALO02,16,86905,1;;;
Franklin;12:08:11;15:48:33;-289.1278,505.5508,505.5508;True,Sports,BUFFALO02,16,92067,1;;;
Franklin;12:08:12;15:48:34;-298.6325,503.5484,503.5484;True,Sports,BUFFALO02,20,34894,1;;;
Franklin;12:08:12;15:48:34;-308.4716,499.7411,499.7411;True,Sports,BUFFALO02,19,35063,0;;;
Franklin;12:08:13;15:48:35;-317.2391,495.7487,495.7487;True,Sports,BUFFALO02,17,79689,0;;;
Franklin;12:08:14;15:48:35;-325.301,492.0288,492.0288;True,Sports,BUFFALO02,16,3088,0;;;
Franklin;12:08:14;15:48:36;-332.5469,488.5997,488.5997;True,Sports,BUFFALO02,14,86901,0;;;
Franklin;12:08:15;15:48:36;-338.416,484.2909,484.2909;True,Sports,BUFFALO02,12,78426,0;;;
Franklin;12:08:15;15:48:37;-340.3,478.4922,478.4922;True,Sports,BUFFALO02,12,3457,1;;;
Franklin;12:08:16;15:48:37;-337.9355,471.9811,471.9811;True,Sports,BUFFALO02,14,83173,1;;;
Franklin;12:08:16;15:48:38;-332.2874,465.9022,465.9022;True,Sports,BUFFALO02,15,69763,0;;;
Franklin;12:08:17;15:48:39;-325.8995,461.5821,461.5821;True,Sports,BUFFALO02,14,11593,0;;;
Franklin;12:08:17;15:48:39;-320.3077,457.369,457.369;True,Sports,BUFFALO02,12,63927,0;;;
Franklin;12:08:18;15:48:40;-315.4194,453.4539,453.4539;True,Sports,BUFFALO02,11,03895,0;;;
Franklin;12:08:18;15:48:40;-311.4135,449.679,449.679;True,Sports,BUFFALO02,9,847301,0;;;
Franklin;12:08:19;15:48:41;-310.6061,445.6004,445.6004;True,Sports,BUFFALO02,6,89974,0;;;
Franklin;12:08:19;15:48:41;-312.8574,442.7347,442.7347;True,Sports,BUFFALO02,8,063467,1;;;
Franklin;12:08:20;15:48:42;-317.5764,441.5934,441.5934;True,Sports,BUFFALO02,11,37175,1;;;
Franklin;12:08:20;15:48:42;-323.59,441.7043,441.7043;True,Sports,BUFFALO02,12,31082,1;;;
Franklin;12:08:21;15:48:43;-330.5513,440.895,440.895;True,Sports,BUFFALO02,14,87056,1;;;
Franklin;12:08:21;15:48:43;-339.0382,439.2875,439.2875;True,Sports,BUFFALO02,18,36467,1;;;
Franklin;12:08:22;15:48:44;-349.4711,436.823,436.823;True,Sports,BUFFALO02,21,86767,1;;;
Franklin;12:08:22;15:48:44;-360.7782,432.7783,432.7783;True,Sports,BUFFALO02,23,92009,1;;;
Franklin;12:08:23;15:48:45;-371.9818,427.4071,427.4071;True,Sports,BUFFALO02,22,98826,0;;;
Franklin;12:08:23;15:48:45;-381.1548,420.7475,420.7475;True,Sports,BUFFALO02,20,90566,0;;;
Franklin;12:08:24;15:48:46;-389.3824,413.7303,413.7303;True,Sports,BUFFALO02,20,12046,0;;;
Franklin;12:08:24;15:48:46;-397.2787,407.7834,407.7834;True,Sports,BUFFALO02,18,24877,0;;;
Franklin;12:08:25;15:48:47;-405.4054,404.1286,404.1286;True,Sports,BUFFALO02,16,32122,1;;;
Franklin;12:08:26;15:48:47;-414.404,404.2312,404.2312;True,Sports,BUFFALO02,19,15766,1;;;
Franklin;12:08:26;15:48:48;-425.4095,405.7618,405.7618;True,Sports,BUFFALO02,22,891,1;;;
Franklin;12:08:27;15:48:48;-437.6719,406.6769,406.6769;True,Sports,BUFFALO02,23,53968,0;;;
Franklin;12:08:27;15:48:49;-449.4732,406.0219,406.0219;True,Sports,BUFFALO02,21,84832,0;;;
Franklin;12:08:28;15:48:49;-459.2325,404.1414,404.1414;True,Sports,BUFFALO02,17,86931,0;;;
Franklin;12:08:28;15:48:50;-467.9462,402.2591,402.2591;True,Sports,BUFFALO02,17,04033,1;;;
Franklin;12:08:29;15:48:51;-477.5389,401.0209,401.0209;True,Sports,BUFFALO02,20,99359,1;;;
Franklin;12:08:29;15:48:51;-488.7655,403.1202,403.1202;True,Sports,BUFFALO02,23,64371,1;;;
Franklin;12:08:30;15:48:52;-499.658,409.0097,409.0097;True,Sports,BUFFALO02,24,01971,1;;;
Franklin;12:08:30;15:48:52;-508.5943,417.1165,417.1165;True,Sports,BUFFALO02,22,18701,0;;;
Franklin;12:08:31;15:48:53;-516.1984,425.1348,425.1348;True,Sports,BUFFALO02,20,50403,0;;;
Franklin;12:08:31;15:48:53;-523.1241,432.5298,432.5298;True,Sports,BUFFALO02,18,70182,0;;;
Franklin;12:08:32;15:48:54;-527.8174,437.4351,437.4351;True,Sports,BUFFALO02,10,66488,0;;;
Franklin;12:08:32;15:48:54;-531.9151,438.7402,438.7402;True,Sports,BUFFALO02,7,095061,0;;;
Franklin;12:08:33;15:48:55;-535.3242,436.9311,436.9311;True,Sports,BUFFALO02,8,844278,1;;;
Franklin;12:08:33;15:48:55;-537.4582,431.9464,431.9464;True,Sports,BUFFALO02,12,47483,1;;;
Franklin;12:08:34;15:48:56;-537.3931,424.3743,424.3743;True,Sports,BUFFALO02,17,586,1;;;
Franklin;12:08:34;15:48:56;-536.2629,413.9724,413.9724;True,Sports,BUFFALO02,22,59109,0;;;
Franklin;12:08:35;15:48:57;-534.5098,402.4071,402.4071;True,Sports,BUFFALO02,24,32942,0;;;
Franklin;12:08:35;15:48:57;-533.7495,389.9257,389.9257;True,Sports,BUFFALO02,25,84447,1;;;
Franklin;12:08:36;15:48:58;-534.4673,375.9981,375.9981;True,Sports,BUFFALO02,28,76716,1;;;
Franklin;12:08:36;15:48:58;-535.5828,359.7889,359.7889;True,Sports,BUFFALO02,33,5029,0;;;
Franklin;12:08:37;15:48:59;-535.4551,343.0052,343.0052;True,Sports,BUFFALO02,30,98327,0;;;
Franklin;12:08:38;15:48:59;-535.7126,327.5804,327.5804;True,Sports,BUFFALO02,28,67577,0;;;
Franklin;12:08:38;15:49:00;-536.7383,313.9899,313.9899;True,Sports,BUFFALO02,24,00727,0;;;
Franklin;12:08:39;15:49:00;-537.6431,303.1166,303.1166;True,Sports,BUFFALO02,18,63261,0;;;
Franklin;12:08:39;15:49:01;-538.3685,294.7868,294.7868;True,Sports,BUFFALO02,13,60942,0;;;
Franklin;12:08:40;15:49:01;-538.8972,289.0659,289.0659;True,Sports,BUFFALO02,8,191131,0;;;
Franklin;12:08:40;15:49:02;-539.1016,286.9564,286.9564;True,Sports,BUFFALO02,0,6576744,0;;;
Franklin;12:08:41;15:49:02;-539.0972,286.9527,286.9527;True,Sports,BUFFALO02,0,0;;;
Franklin;12:08:41;15:49:03;-539.0972,286.9527,286.9527;True,Sports,BUFFALO02,0,0;;;
Franklin;12:08:42;15:49:04;-539.0972,286.9527,286.9527;True,Sports,BUFFALO02,0,0;;;
Franklin;12:08:42;15:49:04;-539.0972,286.9527,286.9527;True,Sports,BUFFALO02,0,0;;;
Franklin;12:08:43;15:49:05;-539.0972,286.9527,286.9527;True,Sports,BUFFALO02,0,0;;;
Franklin;12:08:43;15:49:05;-539.0972,286.9527,286.9527;True,Sports,BUFFALO02,0,0;;;
Franklin;12:08:44;15:49:06;-539.0972,286.9527,286.9527;True,Sports,BUFFALO02,0,0;;;
Franklin;12:08:44;15:49:06;-539.0972,286.9527,286.9527;True,Sports,BUFFALO02,0,0;;;
Franklin;12:08:45;15:49:07;-539.0972,286.9527,286.9527;True,Sports,BUFFALO02,0,0;;;
Franklin;12:08:45;15:49:07;-539.0972,286.9527,286.9527;True,Sports,BUFFALO02,0,0;;;
Franklin;12:08:46;15:49:08;-539.0972,286.9527,286.9527;True,Sports,BUFFALO02,0,0;;;
Franklin;12:08:46;15:49:08;-539.0972,286.9527,286.9527;True,Sports,BUFFALO02,0,0;;;
Franklin;12:08:47;15:49:09;-539.0972,286.9527,286.9527;True,Sports,BUFFALO02,0,0;;;
Franklin;12:08:47;15:49:09;-539.0972,286.9527,286.9527;True,Sports,BUFFALO02,0,0;;;
Franklin;12:08:48;15:49:10;-539.0972,286.9527,286.9527;True,Sports,BUFFALO02,0,0;;;
Franklin;12:08:48;15:49:10;-539.0972,286.9527,286.9527;True,Sports,BUFFALO02,0,0;;;
Franklin;12:08:49;15:49:11;-539.0972,286.9527,286.9527;True,Sports,BUFFALO02,0,0;;;
Franklin;12:08:49;15:49:11;-539.0972,286.9527,286.9527;True,Sports,BUFFALO02,0,0;;;
Franklin;12:08:50;15:49:12;-539.0972,286.9527,286.9527;True,Sports,BUFFALO02,0,0;;;
Franklin;12:08:50;15:49:12;-539.0972,286.9527,286.9527;True,Sports,BUFFALO02,0,0;;;
Franklin;12:08:51;15:49:13;-539.0972,286.9527,286.9527;True,Sports,BUFFALO02,0,0;;;
Franklin;12:08:52;15:49:13;-539.0972,286.9527,286.9527;True,Sports,BUFFALO02,0,0;;;
Franklin;12:08:52;15:49:14;-539.0972,286.9527,286.9527;True,Sports,BUFFALO02,0,0;;;
Franklin;12:08:53;15:49:14;-539.0972,286.9527,286.9527;True,Sports,BUFFALO02,0,0;;;
Franklin;12:08:53;15:49:15;-539.0972,286.9527,286.9527;True,Sports,BUFFALO02,0,0;;;
Franklin;12:08:54;15:49:15;-539.0972,286.9527,286.9527;True,Sports,BUFFALO02,0,0;;;
Franklin;12:08:54;15:49:16;-539.0972,286.9527,286.9527;True,Sports,BUFFALO02,0,0;;;
Franklin;12:08:55;15:49:16;-539.0972,286.9527,286.9527;True,Sports,BUFFALO02,0,0;;;
Franklin;12:08:55;15:49:17;-539.0972,286.9527,286.9527;True,Sports,BUFFALO02,0,0;;;
Franklin;12:08:56;15:49:18;-539.0972,286.9527,286.9527;True,Sports,BUFFALO02,0,0;;;
Franklin;12:08:56;15:49:18;-539.0972,286.9527,286.9527;True,Sports,BUFFALO02,0,0;;;
Franklin;12:08:57;15:49:19;-539.0972,286.9527,286.9527;True,Sports,BUFFALO02,0,0;;;
Franklin;12:08:57;15:49:19;-539.0972,286.9527,286.9527;True,Sports,BUFFALO02,0,0;;;
Franklin;12:08:58;15:49:20;-539.0972,286.9527,286.9527;True,Sports,BUFFALO02,0,0;;;
Franklin;12:08:58;15:49:20;-539.0972,286.9527,286.9527;True,Sports,BUFFALO02,0,0;;;
Franklin;12:08:59;15:49:21;-539.0972,286.9527,286.9527;True,Sports,BUFFALO02,0,0;;;
Franklin;12:08:59;15:49:21;-539.0972,286.9527,286.9527;True,Sports,BUFFALO02,0,0;;;
Franklin;12:09:00;15:49:22;-539.0972,286.9527,286.9527;True,Sports,BUFFALO02,0,0;;;
Franklin;12:09:00;15:49:22;-539.0972,286.9527,286.9527;True,Sports,BUFFALO02,0,0;;;
Franklin;12:09:01;15:49:23;-539.0972,286.9527,286.9527;True,Sports,BUFFALO02,0,0;;;
Franklin;12:09:01;15:49:23;-539.0972,286.9527,286.9527;True,Sports,BUFFALO02,0,0;;;
Franklin;12:09:02;15:49:24;-539.0972,286.9527,286.9527;True,Sports,BUFFALO02,0,0;;;
Franklin;12:09:02;15:49:24;-539.0972,286.9527,286.9527;True,Sports,BUFFALO02,0,0;;;
Franklin;12:09:03;15:49:25;-539.0972,286.9527,286.9527;True,Sports,BUFFALO02,0,0;;;
Franklin;12:09:03;15:49:25;-539.0972,286.9527,286.9527;True,Sports,BUFFALO02,0,0;;;
Franklin;12:14:54;15:55:16;-539.0972,286.9527,286.9527;True,Sports,BUFFALO02,0,0;;;
Franklin;12:14:57;15:55:18;-539.0972,286.9527,286.9527;True,Sports,BUFFALO02,0,0;;;
Franklin;12:14:57;15:55:19;-539.0972,286.9527,286.9527;True,Sports,BUFFALO02,0,0;;;
Franklin;12:14:58;15:55:19;-539.0972,286.9527,286.9527;True,Sports,BUFFALO02,0,0;;;
Franklin;12:14:58;15:55:20;-539.0972,286.9527,286.9527;True,Sports,BUFFALO02,0,0;;;
Franklin;12:14:59;15:55:20;-539.0972,286.9527,286.9527;True,Sports,BUFFALO02,0,0;;;
Franklin;12:14:59;15:55:21;-539.0972,286.9527,286.9527;True,Sports,BUFFALO02,0,0;;;
Franklin;12:15:00;15:55:22;-539.0972,286.9527,286.9527;True,Sports,BUFFALO02,0,0;;;
Franklin;12:15:00;15:55:22;-539.0972,286.9527,286.9527;True,Sports,BUFFALO02,0,0;;;
Franklin;12:15:01;15:55:23;-539.0972,286.9527,286.9527;True,Sports,BUFFALO02,0,0;;;
Franklin;12:15:01;15:55:23;-539.0972,286.9527,286.9527;True,Sports,BUFFALO02,0,0;;;
Franklin;12:15:02;15:55:24;-539.0972,286.9527,286.9527;True,Sports,BUFFALO02,0,0;;;
Franklin;12:15:02;15:55:24;-539.0972,286.9527,286.9527;True,Sports,BUFFALO02,0,0;;;
Franklin;12:15:03;15:55:25;-539.0972,286.9527,286.9527;True,Sports,BUFFALO02,0,0;;;
Franklin;12:15:03;15:55:25;-539.0972,286.9527,286.9527;True,Sports,BUFFALO02,0,0;;;
Franklin;12:15:04;15:55:26;-539.0972,286.9527,286.9527;True,Sports,BUFFALO02,0,0;;;
Franklin;12:15:04;15:55:26;-539.0972,286.9527,286.9527;True,Sports,BUFFALO02,0,0;;;
Franklin;12:15:05;15:55:27;-539.0862,286.7492,286.7492;True,Sports,BUFFALO02,1,187809,1;;;
Franklin;12:15:05;15:55:27;-539.2297,285.7905,285.7905;True,Sports,BUFFALO02,1,557968,0;;;
Franklin;12:15:06;15:55:28;-539.2742,285.4075,285.4075;True,Sports,BUFFALO02,0,0286285,0;;;
Franklin;12:15:06;15:55:28;-539.2737,285.4089,285.4089;True,Sports,BUFFALO02,0,0;;;
Franklin;12:15:07;15:55:29;-539.2737,285.4089,285.4089;True,Sports,BUFFALO02,0,0;;;
Franklin;12:15:07;15:55:29;-539.2737,285.4089,285.4089;True,Sports,BUFFALO02,0,0;;;
Franklin;12:15:08;15:55:30;-539.2737,285.4089,285.4089;True,Sports,BUFFALO02,0,0;;;
Franklin;12:15:08;15:55:30;-539.2737,285.4089,285.4089;True,Sports,BUFFALO02,0,0;;;
Franklin;12:15:09;15:55:31;-539.2784,285.3917,285.3917;True,Sports,BUFFALO02,0,2983702,1;;;
Franklin;12:15:10;15:55:31;-539.4058,284.6782,284.6782;True,Sports,BUFFALO02,2,661769,1;;;
Franklin;12:15:10;15:55:32;-539.7828,282.3215,282.3215;True,Sports,BUFFALO02,6,79451,1;;;
Franklin;12:15:11;15:55:32;-540.4944,277.3131,277.3131;True,Sports,BUFFALO02,11,50933,0;;;
Franklin;12:15:11;15:55:33;-541.5921,272.6564,272.6564;True,Sports,BUFFALO02,6,815248,0;;;
Franklin;12:15:12;15:55:33;-542.6052,269.6982,269.6982;True,Sports,BUFFALO02,5,186439,0;;;
Franklin;12:15:12;15:55:34;-543.3288,267.5861,267.5861;True,Sports,BUFFALO02,3,506992,0;;;
Franklin;12:15:13;15:55:34;-543.7669,266.2842,266.2842;True,Sports,BUFFALO02,1,800935,0;;;
Franklin;12:15:13;15:55:35;-544.0254,265.382,265.382;True,Sports,BUFFALO02,2,760774,1;;;
Franklin;12:15:14;15:55:36;-544.1646,263.2065,263.2065;True,Sports,BUFFALO02,6,184332,1;;;
Franklin;12:15:14;15:55:36;-544.0416,258.4443,258.4443;True,Sports,BUFFALO02,12,02322,0;;;
Franklin;12:15:15;15:55:37;-543.3007,252.6459,252.6459;True,Sports,BUFFALO02,10,70185,0;;;
Franklin;12:15:15;15:55:37;-543.315,247.3761,247.3761;True,Sports,BUFFALO02,10,03155,0;;;
Franklin;12:15:16;15:55:38;-543.4902,242.1568,242.1568;True,Sports,BUFFALO02,10,24043,0;;;
Franklin;12:15:16;15:55:38;-543.7034,236.2139,236.2139;True,Sports,BUFFALO02,11,31058,0;;;
Franklin;12:15:17;15:55:39;-543.1477,230.8195,230.8195;True,Sports,BUFFALO02,10,1124,1;;;
Franklin;12:15:17;15:55:39;-543.1793,225.4682,225.4682;True,Sports,BUFFALO02,10,06528,0;;;
Franklin;12:15:18;15:55:40;-543.0234,219.497,219.497;True,Sports,BUFFALO02,12,55415,1;;;
Franklin;12:15:18;15:55:40;-542.8236,211.6767,211.6767;True,Sports,BUFFALO02,17,8853,1;;;
Franklin;12:15:19;15:55:41;-542.653,201.4823,201.4823;True,Sports,BUFFALO02,21,724,0;;;
Franklin;12:15:19;15:55:41;-543.7294,190.9656,190.9656;True,Sports,BUFFALO02,21,04522,0;;;
Franklin;12:15:20;15:55:42;-545.4218,180.596,180.596;True,Sports,BUFFALO02,20,47611,0;;;
Franklin;12:15:20;15:55:42;-547.0693,170.4826,170.4826;True,Sports,BUFFALO02,19,89024,0;;;
Franklin;12:15:21;15:55:43;-548.6108,160.6698,160.6698;True,Sports,BUFFALO02,19,17034,0;;;
Franklin;12:15:21;15:55:43;-549.8019,151.2975,151.2975;True,Sports,BUFFALO02,17,88086,0;;;
Franklin;12:15:22;15:55:44;-549.2862,142.5012,142.5012;True,Sports,BUFFALO02,16,49603,0;;;
Franklin;12:15:22;15:55:44;-548.1842,134.2323,134.2323;True,Sports,BUFFALO02,17,11251,1;;;
Franklin;12:15:23;15:55:45;-545.998,124.6539,124.6539;True,Sports,BUFFALO02,20,62934,1;;;
Franklin;12:15:24;15:55:45;-546.0704,114.2456,114.2456;True,Sports,BUFFALO02,20,07456,1;;;
Franklin;12:15:24;15:55:46;-547.4739,103.8641,103.8641;True,Sports,BUFFALO02,20,00966,0;;;
Franklin;12:15:25;15:55:46;-548.4745,93.91479,93.91479;True,Sports,BUFFALO02,19,31654,0;;;
Franklin;12:15:25;15:55:47;-549.3241,84.47163,84.47163;True,Sports,BUFFALO02,18,78041,0;;;
Franklin;12:15:26;15:55:47;-550.5644,75.32645,75.32645;True,Sports,BUFFALO02,17,05077,0;;;
Franklin;12:15:26;15:55:48;-552.1775,67.24781,67.24781;True,Sports,BUFFALO02,15,16687,0;;;
Franklin;12:15:27;15:55:48;-553.0959,60.43855,60.43855;True,Sports,BUFFALO02,12,74607,0;;;
Franklin;12:15:27;15:55:49;-553.4995,55.36499,55.36499;True,Sports,BUFFALO02,9,588986,0;;;
Franklin;12:15:28;15:55:50;-553.858,50.73616,50.73616;True,Sports,BUFFALO02,7,526653,0;;;
Franklin;12:15:28;15:55:50;-553.9839,49.25058,49.25058;True,Sports,BUFFALO02,0,3211208,-1;;;
Franklin;12:15:29;15:55:51;-553.9802,49.2076,49.2076;True,Sports,BUFFALO02,0,003948592,0;;;
Franklin;12:15:29;15:55:51;-553.9802,49.20781,49.20781;True,Sports,BUFFALO02,0,0;;;
Franklin;12:15:30;15:55:52;-553.9802,49.20781,49.20781;True,Sports,BUFFALO02,0,0;;;
Franklin;12:15:30;15:55:52;-553.9802,49.20781,49.20781;True,Sports,BUFFALO02,0,0;;;
Franklin;12:15:31;15:55:53;-553.9802,49.20781,49.20781;True,Sports,BUFFALO02,0,0;;;
Franklin;12:15:31;15:55:53;-553.9802,49.20781,49.20781;True,Sports,BUFFALO02,0,0;;;
Franklin;12:15:32;15:55:54;-553.9802,49.20781,49.20781;True,Sports,BUFFALO02,0,0;;;
Franklin;12:15:32;15:55:54;-553.9802,49.20781,49.20781;True,Sports,BUFFALO02,0,0;;;
Franklin;12:15:33;15:55:55;-553.9802,49.20781,49.20781;True,Sports,BUFFALO02,0,0;;;
Franklin;12:15:33;15:55:55;-554.0134,48.8143,48.8143;True,Sports,BUFFALO02,2,699683,1;;;
Franklin;12:15:34;15:55:56;-554.2028,46.63618,46.63618;True,Sports,BUFFALO02,3,311666,0;;;
Franklin;12:15:34;15:55:56;-554.2292,46.25937,46.25937;True,Sports,BUFFALO02,0,0814191,0;;;
Franklin;12:15:35;15:55:57;-554.2295,46.25937,46.25937;True,Sports,BUFFALO02,0,0;;;
Franklin;12:15:35;15:55:57;-554.2295,46.25937,46.25937;True,Sports,BUFFALO02,0,0;;;
Franklin;12:15:36;15:55:58;-554.2295,46.25937,46.25937;True,Sports,BUFFALO02,0,0;;;
Franklin;12:15:37;15:55:58;-554.2295,46.25937,46.25937;True,Sports,BUFFALO02,0,0;;;
Franklin;12:15:37;15:55:59;-554.2295,46.25937,46.25937;True,Sports,BUFFALO02,0,0;;;
Franklin;12:15:38;15:55:59;-554.2295,46.25937,46.25937;True,Sports,BUFFALO02,0,0;;;
Franklin;12:15:38;15:56:00;-554.2295,46.25937,46.25937;True,Sports,BUFFALO02,0,0;;;
Franklin;12:15:39;15:56:00;-554.2295,46.25937,46.25937;True,Sports,BUFFALO02,0,0;;;
Franklin;12:15:39;15:56:01;-554.2295,46.25937,46.25937;True,Sports,BUFFALO02,0,0;;;
Franklin;12:15:40;15:56:01;-554.2295,46.25937,46.25937;True,Sports,BUFFALO02,0,0;;;
Franklin;12:15:40;15:56:02;-554.2295,46.25937,46.25937;True,Sports,BUFFALO02,0,0;;;
Franklin;12:15:41;15:56:03;-554.2295,46.25937,46.25937;True,Sports,BUFFALO02,0,0;;;
Franklin;12:15:41;15:56:03;-554.2631,45.8802,45.8802;True,Sports,BUFFALO02,2,606117,1;;;
Franklin;12:15:42;15:56:04;-554.5494,42.70316,42.70316;True,Sports,BUFFALO02,10,17091,1;;;
Franklin;12:15:42;15:56:04;-554.9458,38.45812,38.45812;True,Sports,BUFFALO02,5,360348,0;;;
Franklin;12:15:43;15:56:05;-555.2002,35.93123,35.93123;True,Sports,BUFFALO02,4,648932,0;;;
Franklin;12:15:43;15:56:05;-555.4333,33.71044,33.71044;True,Sports,BUFFALO02,4,839821,1;;;
Franklin;12:15:44;15:56:06;-555.8504,29.84896,29.84896;True,Sports,BUFFALO02,10,3772,1;;;
Franklin;12:15:44;15:56:06;-556.4846,24.34231,24.34231;True,Sports,BUFFALO02,9,994415,0;;;
Franklin;12:15:45;15:56:07;-556.6119,19.71742,19.71742;True,Sports,BUFFALO02,7,971931,0;;;
Franklin;12:15:45;15:56:07;-556.8644,15.44846,15.44846;True,Sports,BUFFALO02,8,215616,0;;;
Franklin;12:15:46;15:56:08;-557.3165,11.64482,11.64482;True,Sports,BUFFALO02,6,697936,1;;;
Franklin;12:15:46;15:56:08;-557.2124,6.808054,6.808054;True,Sports,BUFFALO02,11,72208,1;;;
Franklin;12:15:47;15:56:09;-557.8962,1.024076,1.024076;True,Sports,BUFFALO02,10,25433,0;;;
Franklin;12:15:47;15:56:09;-558.4148,-3.762214,-3.762214;True,Sports,BUFFALO02,8,481609,0;;;
Franklin;12:15:48;15:56:10;-558.6082,-7.74128,-7.74128;True,Sports,BUFFALO02,6,90225,0;;;
Franklin;12:15:48;15:56:10;-558.9473,-10.82437,-10.82437;True,Sports,BUFFALO02,5,062846,0;;;
Franklin;12:15:49;15:56:11;-559.4508,-13.02682,-13.02682;True,Sports,BUFFALO02,3,646504,0;;;
Franklin;12:15:49;15:56:11;-559.766,-14.47358,-14.47358;True,Sports,BUFFALO02,2,103635,0;;;
Franklin;12:15:50;15:56:12;-559.91,-15.13152,-15.13152;True,Sports,BUFFALO02,0,5503899,0;;;
Franklin;12:15:51;15:56:12;-559.9199,-15.17627,-15.17627;True,Sports,BUFFALO02,0,0;;;
Franklin;12:15:51;15:56:13;-559.9199,-15.17627,-15.17627;True,Sports,BUFFALO02,0,0;;;
Franklin;12:15:52;15:56:13;-559.9194,-15.18467,-15.18467;True,Sports,BUFFALO02,0,06190194,1;;;
Franklin;12:15:52;15:56:14;-559.913,-15.28787,-15.28787;True,Sports,BUFFALO02,0,6519514,1;;;
Franklin;12:15:53;15:56:14;-559.9364,-15.4785,-15.4785;True,Sports,BUFFALO02,0,9982073,1;;;
Franklin;12:15:53;15:56:15;-559.9457,-16.53858,-16.53858;True,Sports,BUFFALO02,2,400252,0;;;
Franklin;12:15:54;15:56:15;-560.0162,-17.34749,-17.34749;True,Sports,BUFFALO02,0,7467825,0;;;
Franklin;12:15:54;15:56:16;-560.0244,-17.42941,-17.42941;True,Sports,BUFFALO02,0,004048997,0;;;
Franklin;12:15:55;15:56:17;-560.0244,-17.42932,-17.42932;True,Sports,BUFFALO02,0,0;;;
Franklin;12:15:55;15:56:17;-560.0418,-17.64421,-17.64421;True,Sports,BUFFALO02,1,623963,1;;;
Franklin;12:15:56;15:56:18;-560.1217,-18.48365,-18.48365;True,Sports,BUFFALO02,0,8683966,0;;;
Franklin;12:15:56;15:56:18;-560.1325,-18.5972,-18.5972;True,Sports,BUFFALO02,0,003069373,0;;;
Franklin;12:15:57;15:56:19;-560.1325,-18.597,-18.597;True,Sports,BUFFALO02,0,0;;;
Franklin;12:15:57;15:56:19;-560.1325,-18.597,-18.597;True,Sports,BUFFALO02,0,0;;;
Franklin;12:15:58;15:56:20;-560.1325,-18.597,-18.597;True,Sports,BUFFALO02,0,0;;;
Franklin;12:15:58;15:56:20;-560.1325,-18.597,-18.597;True,Sports,BUFFALO02,0,0;;;
Franklin;12:15:59;15:56:21;-560.1325,-18.597,-18.597;True,Sports,BUFFALO02,0,0;;;
Franklin;12:15:59;15:56:21;-560.1325,-18.597,-18.597;True,Sports,BUFFALO02,0,0;;;
Franklin;12:16:00;15:56:22;-560.1325,-18.597,-18.597;True,Sports,BUFFALO02,0,0;;;
Franklin;12:16:00;15:56:22;-560.1325,-18.597,-18.597;True,Sports,BUFFALO02,0,0;;;
Franklin;12:16:01;15:56:23;-560.1325,-18.597,-18.597;True,Sports,BUFFALO02,0,0;;;
Franklin;12:16:01;15:56:23;-560.1325,-18.597,-18.597;True,Sports,BUFFALO02,0,0;;;
Franklin;12:16:02;15:56:24;-560.1325,-18.597,-18.597;True,Sports,BUFFALO02,0,0;;;
Franklin;12:16:02;15:56:24;-560.1325,-18.597,-18.597;True,Sports,BUFFALO02,0,0;;;
Franklin;12:16:03;15:56:25;-560.1325,-18.597,-18.597;True,Sports,BUFFALO02,0,0;;;
Franklin;12:16:04;15:56:25;-560.1325,-18.597,-18.597;True,Sports,BUFFALO02,0,0;;;
Franklin;12:16:04;15:56:26;-560.1325,-18.597,-18.597;True,Sports,BUFFALO02,0,0;;;
Franklin;12:16:05;15:56:26;-560.1325,-18.597,-18.597;True,Sports,BUFFALO02,0,0;;;
Franklin;12:16:05;15:56:27;-560.1325,-18.597,-18.597;True,Sports,BUFFALO02,0,0;;;
Franklin;12:16:06;15:56:27;-560.1325,-18.597,-18.597;True,Sports,BUFFALO02,0,0;;;
Franklin;12:16:06;15:56:28;-560.1325,-18.597,-18.597;True,Sports,BUFFALO02,0,0;;;
Franklin;12:16:07;15:56:28;-560.1325,-18.597,-18.597;True,Sports,BUFFALO02,0,0;;;
Franklin;12:16:07;15:56:29;-560.1443,-18.70896,-18.70896;True,Sports,BUFFALO02,0,002191162,1;;;
Franklin;12:16:32;15:56:54;-560.1447,-18.70877,-18.70877;True,Sports,BUFFALO02,0,002154908,0;;;
Franklin;12:16:32;15:56:54;-560.1458,-18.72851,-18.72851;True,Sports,BUFFALO02,0,3651659,1;;;
Franklin;12:16:33;15:56:55;-560.1647,-18.91055,-18.91055;True,Sports,BUFFALO02,0,540482,1;;;
Franklin;12:16:33;15:56:55;-560.1733,-18.95293,-18.95293;True,Sports,BUFFALO02,0,0153894,0;;;
Franklin;12:16:34;15:56:56;-560.1694,-18.95302,-18.95302;True,Sports,BUFFALO02,0,0;;;
Franklin;12:16:34;15:56:56;-560.1694,-18.95302,-18.95302;True,Sports,BUFFALO02,0,0;;;
Franklin;12:16:35;15:56:57;-560.1694,-18.95302,-18.95302;True,Sports,BUFFALO02,0,0;;;
Franklin;12:16:35;15:56:57;-560.1694,-18.95302,-18.95302;True,Sports,BUFFALO02,0,0;;;
Franklin;12:16:36;15:56:58;-560.1694,-18.95302,-18.95302;True,Sports,BUFFALO02,0,0;;;
Franklin;12:16:36;15:56:58;-560.1696,-18.95581,-18.95581;True,Sports,BUFFALO02,0,09092013,1;;;
Franklin;12:16:37;15:56:59;-560.4226,-19.63416,-19.63416;True,Sports,BUFFALO02,2,353497,0;;;
Franklin;12:16:37;15:56:59;-560.5706,-20.39472,-20.39472;True,Sports,BUFFALO02,0,8321501,1;;;
Franklin;12:16:38;15:57:00;-560.9642,-21.47738,-21.47738;True,Sports,BUFFALO02,4,434363,1;;;
Franklin;12:16:38;15:57:00;-561.7227,-25.20659,-25.20659;True,Sports,BUFFALO02,10,00549,0;;;
Franklin;12:16:39;15:57:01;-562.6111,-28.65094,-28.65094;True,Sports,BUFFALO02,4,008738,0;;;
Franklin;12:16:39;15:57:01;-563.0908,-30.32483,-30.32483;True,Sports,BUFFALO02,2,699698,0;;;
Franklin;12:16:40;15:57:02;-563.5543,-31.91821,-31.91821;True,Sports,BUFFALO02,3,837688,1;;;
Franklin;12:16:40;15:57:02;-564.376,-33.68643,-33.68643;True,Sports,BUFFALO02,4,132755,1;;;
Franklin;12:16:41;15:57:03;-565.8182,-36.95854,-36.95854;True,Sports,BUFFALO02,9,585835,0;;;
Franklin;12:16:41;15:57:03;-568.1343,-41.26663,-41.26663;True,Sports,BUFFALO02,10,40706,0;;;
Franklin;12:16:42;15:57:04;-570.0605,-45.72307,-45.72307;True,Sports,BUFFALO02,8,679689,0;;;
Franklin;12:16:43;15:57:04;-570.9136,-50.24089,-50.24089;True,Sports,BUFFALO02,8,012435,0;;;
Franklin;12:16:43;15:57:05;-570.5701,-54.401,-54.401;True,Sports,BUFFALO02,9,455347,1;;;
Franklin;12:16:44;15:57:05;-569.7254,-58.67859,-58.67859;True,Sports,BUFFALO02,7,51124,0;;;
Franklin;12:16:44;15:57:06;-568.7036,-62.016,-62.016;True,Sports,BUFFALO02,6,252291,1;;;
Franklin;12:16:45;15:57:06;-566.2585,-65.28169,-65.28169;True,Sports,BUFFALO02,9,521224,0;;;
Franklin;12:16:45;15:57:07;-563.257,-68.56882,-68.56882;True,Sports,BUFFALO02,7,830814,0;;;
Franklin;12:16:46;15:57:08;-560.6247,-70.97174,-70.97174;True,Sports,BUFFALO02,5,940313,0;;;
Franklin;12:16:46;15:57:08;-557.7822,-73.06394,-73.06394;True,Sports,BUFFALO02,7,196648,1;;;
Franklin;12:16:47;15:57:09;-554.0341,-76.42157,-76.42157;True,Sports,BUFFALO02,11,74925,0;;;
Franklin;12:16:47;15:57:09;-550.1481,-81.1647,-81.1647;True,Sports,BUFFALO02,11,89528,0;;;
Franklin;12:16:48;15:57:10;-546.7958,-86.78091,-86.78091;True,Sports,BUFFALO02,14,39347,1;;;
Franklin;12:16:48;15:57:10;-542.1854,-94.06522,-94.06522;True,Sports,BUFFALO02,17,59376,0;;;
Franklin;12:16:49;15:57:11;-537.2136,-101.1996,-101.1996;True,Sports,BUFFALO02,15,92537,0;;;
Franklin;12:16:49;15:57:11;-533.1849,-107.9391,-107.9391;True,Sports,BUFFALO02,14,11881,0;;;
Franklin;12:16:50;15:57:12;-530.2541,-113.0359,-113.0359;True,Sports,BUFFALO02,10,43624,0;;;
Franklin;12:16:50;15:57:12;-528.0725,-116.9908,-116.9908;True,Sports,BUFFALO02,5,78614,0;;;
Franklin;12:16:51;15:57:13;-527.1335,-119.3951,-119.3951;True,Sports,BUFFALO02,3,516052,0;;;
Franklin;12:16:51;15:57:13;-526.6619,-120.2368,-120.2368;True,Sports,BUFFALO02,1,34362,1;;;
Franklin;12:16:52;15:57:14;-526.1604,-121.542,-121.542;True,Sports,BUFFALO02,4,40732,1;;;
Franklin;12:16:52;15:57:14;-524.7631,-124.9885,-124.9885;True,Sports,BUFFALO02,10,35048,1;;;
Franklin;12:16:53;15:57:15;-524.1193,-130.5886,-130.5886;True,Sports,BUFFALO02,9,606425,0;;;
Franklin;12:16:53;15:57:15;-526.829,-135.0685,-135.0685;True,Sports,BUFFALO02,11,93873,1;;;
Franklin;12:16:54;15:57:16;-531.8657,-138.3726,-138.3726;True,Sports,BUFFALO02,12,85379,1;;;
Franklin;12:16:55;15:57:16;-539.2487,-141.0531,-141.0531;True,Sports,BUFFALO02,16,54411,1;;;
Franklin;12:16:55;15:57:17;-547.7108,-144.9454,-144.9454;True,Sports,BUFFALO02,19,59978,1;;;
Franklin;12:16:56;15:57:17;-557.6157,-149.467,-149.467;True,Sports,BUFFALO02,20,93875,0;;;
Franklin;12:16:56;15:57:18;-567.0671,-153.5642,-153.5642;True,Sports,BUFFALO02,18,98932,0;;;
Franklin;12:16:57;15:57:18;-575.6221,-157.3092,-157.3092;True,Sports,BUFFALO02,17,01169,0;;;
Franklin;12:16:57;15:57:19;-583.3133,-160.4942,-160.4942;True,Sports,BUFFALO02,15,03767,0;;;
Franklin;12:16:58;15:57:19;-589.4666,-163.2111,-163.2111;True,Sports,BUFFALO02,11,163,0;;;
Franklin;12:16:58;15:57:20;-592.8467,-165.0502,-165.0502;True,Sports,BUFFALO02,6,023346,0;;;
Franklin;12:16:59;15:57:21;-594.286,-165.9078,-165.9078;True,Sports,BUFFALO02,1,574447,0;;;
Franklin;12:16:59;15:57:21;-594.6117,-166.1207,-166.1207;True,Sports,BUFFALO02,0,02747149,0;;;
Franklin;12:17:00;15:57:22;-594.6104,-166.1197,-166.1197;True,Sports,BUFFALO02,0,0;;;
Franklin;12:17:00;15:57:22;-594.78,-166.1794,-166.1794;True,Sports,BUFFALO02,0,03384293,0;;;
Franklin;12:17:01;15:57:23;-594.7786,-166.1797,-166.1797;True,Sports,BUFFALO02,0,0;;;
Franklin;12:17:01;15:57:23;-594.7786,-166.1797,-166.1797;True,Sports,BUFFALO02,0,0;;;
Franklin;12:17:02;15:57:24;-594.7786,-166.1797,-166.1797;True,Sports,BUFFALO02,0,0;;;
Franklin;12:17:02;15:57:24;-594.7786,-166.1797,-166.1797;True,Sports,BUFFALO02,0,0;;;
Franklin;12:17:03;15:57:25;-594.7786,-166.1797,-166.1797;True,Sports,BUFFALO02,0,0;;;
Franklin;12:17:03;15:57:25;-594.7786,-166.1797,-166.1797;True,Sports,BUFFALO02,0,0;;;
Franklin;12:17:04;15:57:26;-594.7786,-166.1797,-166.1797;True,Sports,BUFFALO02,0,0;;;
Franklin;12:17:04;15:57:26;-594.7786,-166.1797,-166.1797;True,Sports,BUFFALO02,0,0;;;
Franklin;12:17:05;15:57:27;-594.7786,-166.1797,-166.1797;True,Sports,BUFFALO02,0,0;;;
Franklin;12:17:05;15:57:27;-594.7786,-166.1797,-166.1797;True,Sports,BUFFALO02,0,0;;;
Franklin;12:17:06;15:57:28;-594.7786,-166.1797,-166.1797;True,Sports,BUFFALO02,0,0;;;
Franklin;12:17:06;15:57:28;-594.7786,-166.1797,-166.1797;True,Sports,BUFFALO02,0,0;;;
Franklin;12:17:07;15:57:29;-594.7786,-166.1797,-166.1797;True,Sports,BUFFALO02,0,0;;;
Franklin;12:17:07;15:57:29;-594.7786,-166.1797,-166.1797;True,Sports,BUFFALO02,0,0;;;
Franklin;12:17:08;15:57:30;-594.7786,-166.1797,-166.1797;True,Sports,BUFFALO02,0,0;;;
Franklin;12:17:09;15:57:30;-594.7786,-166.1797,-166.1797;True,Sports,BUFFALO02,0,0;;;
Franklin;12:17:09;15:57:31;-594.7786,-166.1797,-166.1797;True,Sports,BUFFALO02,0,0;;;
Franklin;12:17:10;15:57:31;-594.7786,-166.1797,-166.1797;True,Sports,BUFFALO02,0,0;;;
Franklin;12:17:10;15:57:32;-594.7786,-166.1797,-166.1797;True,Sports,BUFFALO02,0,0;;;
Franklin;12:17:11;15:57:32;-594.8513,-166.2226,-166.2226;True,Sports,BUFFALO02,0,006652273,0;;;
Franklin;12:17:11;15:57:33;-595.0325,-166.3281,-166.3281;True,Sports,BUFFALO02,1,276196,1;;;
Franklin;12:17:12;15:57:34;-596.2526,-167.0277,-167.0277;True,Sports,BUFFALO02,4,370213,1;;;
Franklin;12:17:12;15:57:34;-599.3231,-168.8648,-168.8648;True,Sports,BUFFALO02,9,455021,1;;;
Franklin;12:17:13;15:57:35;-604.094,-172.281,-172.281;True,Sports,BUFFALO02,11,6361,1;;;
Franklin;12:17:13;15:57:35;-608.895,-177.093,-177.093;True,Sports,BUFFALO02,14,75466,1;;;
Franklin;12:17:14;15:57:36;-613.5034,-184.0793,-184.0793;True,Sports,BUFFALO02,17,34634,1;;;
Franklin;12:17:14;15:57:36;-615.2368,-193.6744,-193.6744;True,Sports,BUFFALO02,20,03931,1;;;
Franklin;12:17:15;15:57:37;-614.1454,-204.4697,-204.4697;True,Sports,BUFFALO02,22,46121,1;;;
Franklin;12:17:15;15:57:37;-609.3988,-215.6573,-215.6573;True,Sports,BUFFALO02,23,91661,0;;;
Franklin;12:17:16;15:57:38;-603.5665,-226.7443,-226.7443;True,Sports,BUFFALO02,24,81413,0;;;
Franklin;12:17:16;15:57:38;-596.9802,-237.3412,-237.3412;True,Sports,BUFFALO02,22,93375,0;;;
Franklin;12:17:17;15:57:39;-591.2283,-247.1203,-247.1203;True,Sports,BUFFALO02,21,03693,0;;;
Franklin;12:17:17;15:57:39;-586.4495,-256.3918,-256.3918;True,Sports,BUFFALO02,19,20515,0;;;
Franklin;12:17:18;15:57:40;-581.6681,-264.683,-264.683;True,Sports,BUFFALO02,17,44995,0;;;
Franklin;12:17:18;15:57:40;-577.5922,-271.6844,-271.6844;True,Sports,BUFFALO02,13,30624,0;;;
Franklin;12:17:19;15:57:41;-574.7638,-276.6263,-276.6263;True,Sports,BUFFALO02,9,248504,0;;;
Franklin;12:17:19;15:57:41;-573.1121,-279.5679,-279.5679;True,Sports,BUFFALO02,3,790113,0;;;
Franklin;12:17:20;15:57:42;-572.689,-280.2773,-280.2773;True,Sports,BUFFALO02,0,3249735,0;;;
Franklin;12:17:20;15:57:42;-572.6834,-280.2899,-280.2899;True,Sports,BUFFALO02,0,0;;;
Franklin;12:17:21;15:57:43;-572.6834,-280.2899,-280.2899;True,Sports,BUFFALO02,0,0;;;
Franklin;12:17:22;15:57:43;-572.6834,-280.2899,-280.2899;True,Sports,BUFFALO02,0,0;;;
Franklin;12:17:22;15:57:44;-572.6834,-280.2899,-280.2899;True,Sports,BUFFALO02,0,0;;;
Franklin;12:17:23;15:57:44;-572.6834,-280.2899,-280.2899;True,Sports,BUFFALO02,0,0;;;
Franklin;12:17:23;15:57:45;-572.6834,-280.2899,-280.2899;True,Sports,BUFFALO02,0,0;;;
Franklin;12:17:24;15:57:45;-572.6834,-280.2899,-280.2899;True,Sports,BUFFALO02,0,0;;;
Franklin;12:17:24;15:57:46;-572.6834,-280.2899,-280.2899;True,Sports,BUFFALO02,0,0;;;
Franklin;12:17:25;15:57:46;-572.6834,-280.2899,-280.2899;True,Sports,BUFFALO02,0,0;;;
Franklin;12:17:25;15:57:47;-572.6834,-280.2899,-280.2899;True,Sports,BUFFALO02,0,0;;;
Franklin;12:17:26;15:57:48;-572.6834,-280.2899,-280.2899;True,Sports,BUFFALO02,0,0;;;
Franklin;12:17:26;15:57:48;-572.6834,-280.2899,-280.2899;True,Sports,BUFFALO02,0,0;;;
Franklin;12:17:27;15:57:49;-572.6834,-280.2899,-280.2899;True,Sports,BUFFALO02,0,0;;;
Franklin;12:17:27;15:57:49;-572.6834,-280.2899,-280.2899;True,Sports,BUFFALO02,0,0;;;
Franklin;12:17:28;15:57:50;-572.6834,-280.2899,-280.2899;True,Sports,BUFFALO02,0,0;;;
Franklin;12:17:28;15:57:50;-572.6834,-280.2899,-280.2899;True,Sports,BUFFALO02,0,0;;;
Franklin;12:17:29;15:57:51;-572.6834,-280.2899,-280.2899;True,Sports,BUFFALO02,0,0;;;
Franklin;12:17:29;15:57:51;-572.6834,-280.2899,-280.2899;True,Sports,BUFFALO02,0,0;;;
Franklin;12:17:30;15:57:52;-572.6834,-280.2899,-280.2899;True,Sports,BUFFALO02,0,0;;;
Franklin;12:17:30;15:57:52;-572.6834,-280.2899,-280.2899;True,Sports,BUFFALO02,0,0;;;
Franklin;12:17:31;15:57:53;-572.6834,-280.2899,-280.2899;True,Sports,BUFFALO02,0,0;;;
Franklin;12:17:31;15:57:53;-572.6834,-280.2899,-280.2899;True,Sports,BUFFALO02,0,0;;;
Franklin;12:17:32;15:57:54;-572.6834,-280.2899,-280.2899;True,Sports,BUFFALO02,0,0;;;
Franklin;12:17:32;15:57:54;-572.6834,-280.2899,-280.2899;True,Sports,BUFFALO02,0,0;;;
Franklin;12:17:33;15:57:55;-572.6834,-280.2899,-280.2899;True,Sports,BUFFALO02,0,0;;;
Franklin;12:17:33;15:57:55;-572.6834,-280.2899,-280.2899;True,Sports,BUFFALO02,0,0;;;
Franklin;12:17:34;15:57:56;-572.6834,-280.2899,-280.2899;True,Sports,BUFFALO02,0,0;;;
Franklin;12:17:35;15:57:56;-572.6834,-280.2899,-280.2899;True,Sports,BUFFALO02,0,0;;;
Franklin;12:17:35;15:57:57;-572.6834,-280.2899,-280.2899;True,Sports,BUFFALO02,0,0;;;
Franklin;12:17:36;15:57:57;-572.4938,-280.6253,-280.6253;True,Sports,BUFFALO02,1,852771,1;;;
Franklin;12:17:36;15:57:58;-571.9364,-282.2378,-282.2378;True,Sports,BUFFALO02,4,908286,1;;;
Franklin;12:17:37;15:57:58;-570.7152,-286.0754,-286.0754;True,Sports,BUFFALO02,10,95546,1;;;
Franklin;12:17:37;15:57:59;-570.8068,-291.6076,-291.6076;True,Sports,BUFFALO02,9,805691,0;;;
Franklin;12:17:38;15:57:59;-572.9239,-295.8768,-295.8768;True,Sports,BUFFALO02,8,073676,0;;;
Franklin;12:17:38;15:58:00;-576.3041,-299.0228,-299.0228;True,Sports,BUFFALO02,11,23598,1;;;
Franklin;12:17:39;15:58:01;-580.7488,-302.0173,-302.0173;True,Sports,BUFFALO02,9,564674,0;;;
Franklin;12:17:39;15:58:01;-584.7908,-304.0508,-304.0508;True,Sports,BUFFALO02,7,915114,0;;;
Franklin;12:17:40;15:58:02;-587.5189,-306.0927,-306.0927;True,Sports,BUFFALO02,5,615314,1;;;
Franklin;12:17:40;15:58:02;-589.8188,-308.686,-308.686;True,Sports,BUFFALO02,7,56635,1;;;
Franklin;12:17:41;15:58:03;-593.2977,-312.6111,-312.6111;True,Sports,BUFFALO02,11,70572,0;;;
Franklin;12:17:41;15:58:03;-595.9478,-317.659,-317.659;True,Sports,BUFFALO02,9,822223,0;;;
Franklin;12:17:42;15:58:04;-598.8798,-320.8629,-320.8629;True,Sports,BUFFALO02,7,64064,0;;;
Franklin;12:17:42;15:58:04;-601.6544,-322.867,-322.867;True,Sports,BUFFALO02,5,440254,0;;;
Franklin;12:17:43;15:58:05;-603.9587,-324.1715,-324.1715;True,Sports,BUFFALO02,4,369699,1;;;
Franklin;12:17:43;15:58:05;-605.9238,-325.6425,-325.6425;True,Sports,BUFFALO02,5,064244,1;;;
Franklin;12:17:44;15:58:06;-608.7213,-327.7238,-327.7238;True,Sports,BUFFALO02,6,880135,0;;;
Franklin;12:17:44;15:58:06;-610.6679,-329.1462,-329.1462;True,Sports,BUFFALO02,2,834516,0;;;
Franklin;12:17:45;15:58:07;-611.5264,-329.7448,-329.7448;True,Sports,BUFFALO02,1,207739,0;;;
Franklin;12:17:45;15:58:07;-611.7099,-329.881,-329.881;True,Sports,BUFFALO02,0,006495628,0;;;
Franklin;12:17:46;15:58:08;-611.709,-329.8808,-329.8808;True,Sports,BUFFALO02,0,0;;;
Franklin;12:17:46;15:58:08;-611.709,-329.8808,-329.8808;True,Sports,BUFFALO02,0,0;;;
Franklin;12:17:47;15:58:09;-611.709,-329.8808,-329.8808;True,Sports,BUFFALO02,0,0;;;
Franklin;12:17:48;15:58:09;-611.709,-329.8808,-329.8808;True,Sports,BUFFALO02,0,0;;;
Franklin;12:17:48;15:58:10;-611.709,-329.8808,-329.8808;True,Sports,BUFFALO02,0,0;;;
Franklin;12:17:49;15:58:10;-611.709,-329.8808,-329.8808;True,Sports,BUFFALO02,0,0;;;
Franklin;12:17:49;15:58:11;-611.709,-329.8808,-329.8808;True,Sports,BUFFALO02,0,0;;;
Franklin;12:17:50;15:58:11;-611.709,-329.8808,-329.8808;True,Sports,BUFFALO02,0,0;;;
Franklin;12:17:50;15:58:12;-611.709,-329.8808,-329.8808;True,Sports,BUFFALO02,0,0;;;
Franklin;12:17:51;15:58:12;-611.709,-329.8808,-329.8808;True,Sports,BUFFALO02,0,0;;;
Franklin;12:17:51;15:58:13;-611.709,-329.8808,-329.8808;True,Sports,BUFFALO02,0,0;;;
Franklin;12:17:52;15:58:14;-611.709,-329.8808,-329.8808;True,Sports,BUFFALO02,0,0;;;
Franklin;12:17:52;15:58:14;-611.709,-329.8808,-329.8808;True,Sports,BUFFALO02,0,0;;;
Franklin;12:17:53;15:58:15;-611.709,-329.8808,-329.8808;True,Sports,BUFFALO02,0,0;;;
Franklin;12:17:53;15:58:15;-611.709,-329.8808,-329.8808;True,Sports,BUFFALO02,0,0;;;
Franklin;12:17:54;15:58:16;-611.709,-329.8808,-329.8808;True,Sports,BUFFALO02,0,0;;;
Franklin;12:17:54;15:58:16;-611.709,-329.8808,-329.8808;True,Sports,BUFFALO02,0,0;;;
Franklin;12:17:55;15:58:17;-611.709,-329.8808,-329.8808;True,Sports,BUFFALO02,0,0;;;
Franklin;12:17:55;15:58:17;-611.709,-329.8808,-329.8808;True,Sports,BUFFALO02,0,0;;;
Franklin;12:17:56;15:58:18;-611.709,-329.8808,-329.8808;True,Sports,BUFFALO02,0,0;;;
Franklin;12:17:56;15:58:18;-611.709,-329.8808,-329.8808;True,Sports,BUFFALO02,0,0;;;
Franklin;12:17:57;15:58:19;-611.709,-329.8808,-329.8808;True,Sports,BUFFALO02,0,0;;;
Franklin;12:17:57;15:58:19;-611.709,-329.8808,-329.8808;True,Sports,BUFFALO02,0,0;;;
Franklin;12:17:58;15:58:20;-611.709,-329.8808,-329.8808;True,Sports,BUFFALO02,0,0;;;
Franklin;12:17:58;15:58:20;-611.709,-329.8808,-329.8808;True,Sports,BUFFALO02,0,0;;;
Franklin;12:17:59;15:58:21;-611.709,-329.8808,-329.8808;True,Sports,BUFFALO02,0,0;;;
Franklin;12:17:59;15:58:21;-611.709,-329.8808,-329.8808;True,Sports,BUFFALO02,0,0;;;
Franklin;12:18:00;15:58:22;-611.709,-329.8808,-329.8808;True,Sports,BUFFALO02,0,0;;;
Franklin;12:18:01;15:58:22;-611.709,-329.8808,-329.8808;True,Sports,BUFFALO02,0,0;;;
Franklin;12:18:01;15:58:23;-611.709,-329.8808,-329.8808;True,Sports,BUFFALO02,0,0;;;
Franklin;12:18:02;15:58:23;-611.709,-329.8808,-329.8808;True,Sports,BUFFALO02,0,0;;;
Franklin;12:18:02;15:58:24;-611.709,-329.8808,-329.8808;True,Sports,BUFFALO02,0,0;;;
Franklin;12:18:03;15:58:24;-611.709,-329.8808,-329.8808;True,Sports,BUFFALO02,0,0;;;
Franklin;12:18:03;15:58:25;-611.709,-329.8808,-329.8808;True,Sports,BUFFALO02,0,0;;;
Franklin;12:18:04;15:58:26;-611.709,-329.8808,-329.8808;True,Sports,BUFFALO02,0,0;;;
Franklin;12:18:04;15:58:26;-611.709,-329.8808,-329.8808;True,Sports,BUFFALO02,0,0;;;
Franklin;12:18:05;15:58:27;-611.709,-329.8808,-329.8808;True,Sports,BUFFALO02,0,0;;;
Franklin;12:18:05;15:58:27;-611.709,-329.8808,-329.8808;True,Sports,BUFFALO02,0,0;;;
Franklin;12:18:06;15:58:28;-611.709,-329.8808,-329.8808;True,Sports,BUFFALO02,0,0;;;
Franklin;12:18:06;15:58:28;-611.709,-329.8808,-329.8808;True,Sports,BUFFALO02,0,0;;;
Franklin;12:18:07;15:58:29;-611.709,-329.8808,-329.8808;True,Sports,BUFFALO02,0,0;;;
Franklin;12:18:07;15:58:29;-611.709,-329.8808,-329.8808;True,Sports,BUFFALO02,0,0;;;
Franklin;12:18:08;15:58:30;-611.709,-329.8808,-329.8808;True,Sports,BUFFALO02,0,0;;;
Franklin;12:18:08;15:58:30;-611.709,-329.8808,-329.8808;True,Sports,BUFFALO02,0,0;;;
Franklin;12:18:09;15:58:31;-611.709,-329.8808,-329.8808;True,Sports,BUFFALO02,0,0;;;
Franklin;12:18:09;15:58:31;-611.709,-329.8808,-329.8808;True,Sports,BUFFALO02,0,0;;;
Franklin;12:18:10;15:58:32;-611.709,-329.8808,-329.8808;True,Sports,BUFFALO02,0,0;;;
Franklin;12:18:10;15:58:32;-611.709,-329.8808,-329.8808;True,Sports,BUFFALO02,0,0;;;
Franklin;12:18:11;15:58:33;-611.709,-329.8808,-329.8808;True,Sports,BUFFALO02,0,0;;;
Franklin;12:18:11;15:58:33;-611.709,-329.8808,-329.8808;True,Sports,BUFFALO02,0,0;;;
Franklin;12:18:12;15:58:34;-611.709,-329.8808,-329.8808;True,Sports,BUFFALO02,0,0;;;
Franklin;12:18:12;15:58:34;-611.709,-329.8808,-329.8808;True,Sports,BUFFALO02,0,0;;;
Franklin;12:18:13;15:58:35;-611.709,-329.8808,-329.8808;True,Sports,BUFFALO02,0,0;;;
Franklin;12:18:14;15:58:35;-611.709,-329.8808,-329.8808;True,Sports,BUFFALO02,0,0;;;
Franklin;12:18:14;15:58:36;-611.709,-329.8808,-329.8808;True,Sports,BUFFALO02,0,0;;;
Franklin;12:18:15;15:58:36;-611.709,-329.8808,-329.8808;True,Sports,BUFFALO02,0,0;;;
Franklin;12:18:15;15:58:37;-611.709,-329.8808,-329.8808;True,Sports,BUFFALO02,0,0;;;
Franklin;12:18:16;15:58:37;-611.709,-329.8808,-329.8808;True,Sports,BUFFALO02,0,0;;;
Franklin;12:18:16;15:58:38;-611.709,-329.8808,-329.8808;True,Sports,BUFFALO02,0,0;;;
Franklin;12:18:17;15:58:39;-611.709,-329.8808,-329.8808;True,Sports,BUFFALO02,0,0;;;
Franklin;12:18:17;15:58:39;-611.709,-329.8808,-329.8808;True,Sports,BUFFALO02,0,0;;;
Franklin;12:18:18;15:58:40;-611.709,-329.8808,-329.8808;True,Sports,BUFFALO02,0,0;;;
Franklin;12:18:18;15:58:40;-611.709,-329.8808,-329.8808;True,Sports,BUFFALO02,0,0;;;
Franklin;12:18:19;15:58:41;-611.709,-329.8808,-329.8808;True,Sports,BUFFALO02,0,0;;;
Franklin;12:18:19;15:58:41;-611.709,-329.8808,-329.8808;True,Sports,BUFFALO02,0,0;;;
Franklin;12:18:20;15:58:42;-611.709,-329.8808,-329.8808;True,Sports,BUFFALO02,0,0;;;
Franklin;12:18:20;15:58:42;-611.709,-329.8808,-329.8808;True,Sports,BUFFALO02,0,0;;;
Franklin;12:18:21;15:58:43;-611.709,-329.8808,-329.8808;True,Sports,BUFFALO02,0,0;;;
Franklin;12:18:21;15:58:43;-611.709,-329.8808,-329.8808;True,Sports,BUFFALO02,0,0;;;
Franklin;12:18:22;15:58:44;-611.8218,-329.9619,-329.9619;True,Sports,BUFFALO02,1,015205,1;;;
Franklin;12:18:22;15:58:44;-612.8307,-330.6882,-330.6882;True,Sports,BUFFALO02,3,92373,1;;;
Franklin;12:18:23;15:58:45;-615.4023,-332.6847,-332.6847;True,Sports,BUFFALO02,8,833589,1;;;
Franklin;12:18:23;15:58:45;-619.6028,-336.5959,-336.5959;True,Sports,BUFFALO02,11,63241,1;;;
Franklin;12:18:24;15:58:46;-624.0637,-341.7522,-341.7522;True,Sports,BUFFALO02,14,45592,1;;;
Franklin;12:18:24;15:58:46;-628.5651,-348.7346,-348.7346;True,Sports,BUFFALO02,17,51966,1;;;
Franklin;12:18:25;15:58:47;-632.3041,-357.9744,-357.9744;True,Sports,BUFFALO02,20,60649,1;;;
Franklin;12:18:26;15:58:47;-634.583,-369.0148,-369.0148;True,Sports,BUFFALO02,22,84689,1;;;
Franklin;12:18:26;15:58:48;-636.1658,-381.1923,-381.1923;True,Sports,BUFFALO02,23,99487,0;;;
Franklin;12:18:27;15:58:48;-637.1442,-393.6039,-393.6039;True,Sports,BUFFALO02,24,65112,1;;;
Franklin;12:18:27;15:58:49;-636.9542,-406.7462,-406.7462;True,Sports,BUFFALO02,26,3376,1;;;
Franklin;12:18:28;15:58:49;-637.7655,-420.7473,-420.7473;True,Sports,BUFFALO02,27,87933,1;;;
Franklin;12:18:28;15:58:50;-639.7128,-435.4978,-435.4978;True,Sports,BUFFALO02,29,29187,1;;;
Franklin;12:18:29;15:58:50;-642.5402,-450.6182,-450.6182;True,Sports,BUFFALO02,28,8779,0;;;
Franklin;12:18:29;15:58:51;-644.4429,-464.8481,-464.8481;True,Sports,BUFFALO02,26,71101,0;;;
Franklin;12:18:30;15:58:52;-646.2942,-475.6024,-475.6024;True,Sports,BUFFALO02,5,136662,0;;;
Franklin;12:18:30;15:58:52;-646.6036,-475.9503,-475.9503;True,Sports,BUFFALO02,0,3682264,0;;;
Franklin;12:18:31;15:58:53;-646.6126,-475.9551,-475.9551;True,Sports,BUFFALO02,0,3592565,1;;;
Franklin;12:18:31;15:58:53;-646.9005,-476.5561,-476.5561;True,Sports,BUFFALO02,2,313345,1;;;
Franklin;12:18:32;15:58:54;-647.4111,-478.3989,-478.3989;True,Sports,BUFFALO02,5,149289,1;;;
Franklin;12:18:32;15:58:54;-646.8094,-481.8929,-481.8929;True,Sports,BUFFALO02,8,830181,1;;;
Franklin;12:18:33;15:58:55;-645.379,-487.2743,-487.2743;True,Sports,BUFFALO02,11,43766,0;;;
Franklin;12:18:33;15:58:55;-644.5468,-493.5166,-493.5166;True,Sports,BUFFALO02,13,64159,1;;;
Franklin;12:18:34;15:58:56;-644.7792,-501.3489,-501.3489;True,Sports,BUFFALO02,16,66049,1;;;
Franklin;12:18:34;15:58:56;-644.893,-510.7803,-510.7803;True,Sports,BUFFALO02,19,49129,1;;;
Franklin;12:18:35;15:58:57;-644.1673,-521.6068,-521.6068;True,Sports,BUFFALO02,22,09138,1;;;
Franklin;12:18:35;15:58:57;-644.3799,-533.639,-533.639;True,Sports,BUFFALO02,23,95341,1;;;
Franklin;12:18:36;15:58:58;-645.3965,-546.0146,-546.0146;True,Sports,BUFFALO02,23,8942,1;;;
Franklin;12:18:36;15:58:58;-645.5785,-558.167,-558.167;True,Sports,BUFFALO02,23,29353,1;;;
Franklin;12:18:37;15:58:59;-645.7267,-570.6859,-570.6859;True,Sports,BUFFALO02,25,28227,1;;;
Franklin;12:18:37;15:58:59;-645.9241,-583.3237,-583.3237;True,Sports,BUFFALO02,23,42289,0;;;
Franklin;12:18:38;15:59:00;-645.6085,-595.2128,-595.2128;True,Sports,BUFFALO02,22,22918,0;;;
Franklin;12:18:38;15:59:00;-644.5494,-606.1898,-606.1898;True,Sports,BUFFALO02,20,39055,0;;;
Franklin;12:18:39;15:59:01;-644.7036,-616.428,-616.428;True,Sports,BUFFALO02,18,81391,1;;;
Franklin;12:18:40;15:59:01;-644.3949,-627.1487,-627.1487;True,Sports,BUFFALO02,21,89493,1;;;
Franklin;12:18:40;15:59:02;-644.5721,-639.1483,-639.1483;True,Sports,BUFFALO02,24,15254,1;;;
Franklin;12:18:41;15:59:02;-644.3264,-651.5459,-651.5459;True,Sports,BUFFALO02,22,94003,1;;;
Franklin;12:18:41;15:59:03;-643.3939,-663.3344,-663.3344;True,Sports,BUFFALO02,22,18016,1;;;
Franklin;12:18:42;15:59:03;-643.6088,-675.2059,-675.2059;True,Sports,BUFFALO02,23,93236,1;;;
Franklin;12:18:42;15:59:04;-644.4742,-687.5879,-687.5879;True,Sports,BUFFALO02,23,44132,0;;;
Franklin;12:18:43;15:59:05;-644.1475,-699.3599,-699.3599;True,Sports,BUFFALO02,21,54688,0;;;
Franklin;12:18:43;15:59:05;-644.2566,-710.1026,-710.1026;True,Sports,BUFFALO02,19,90778,0;;;
Franklin;12:18:44;15:59:06;-643.8831,-719.8577,-719.8577;True,Sports,BUFFALO02,18,59684,1;;;
Franklin;12:18:44;15:59:06;-642.3798,-730.6256,-730.6256;True,Sports,BUFFALO02,23,15782,1;;;
Franklin;12:18:45;15:59:07;-642.0042,-742.8455,-742.8455;True,Sports,BUFFALO02,22,70934,0;;;
Franklin;12:18:45;15:59:07;-642.1415,-754.4739,-754.4739;True,Sports,BUFFALO02,21,87533,0;;;
Franklin;12:18:46;15:59:08;-641.9415,-765.3008,-765.3008;True,Sports,BUFFALO02,20,06449,0;;;
Franklin;12:18:46;15:59:08;-642.1692,-775.261,-775.261;True,Sports,BUFFALO02,18,26121,0;;;
Franklin;12:18:47;15:59:09;-641.7658,-784.2053,-784.2053;True,Sports,BUFFALO02,16,46205,0;;;
Franklin;12:18:47;15:59:09;-641.2581,-792.3364,-792.3364;True,Sports,BUFFALO02,14,68897,0;;;
Franklin;12:18:48;15:59:10;-640.8804,-798.6985,-798.6985;True,Sports,BUFFALO02,9,872086,0;;;
Franklin;12:18:48;15:59:10;-641.0582,-802.4413,-802.4413;True,Sports,BUFFALO02,4,787134,0;;;
Franklin;12:18:49;15:59:11;-641.2795,-804.2999,-804.2999;True,Sports,BUFFALO02,2,065396,0;;;
Franklin;12:18:49;15:59:11;-641.28,-804.4261,-804.4261;True,Sports,BUFFALO02,0,006917703,0;;;
Franklin;12:18:50;15:59:12;-641.2801,-804.4258,-804.4258;True,Sports,BUFFALO02,0,0;;;
Franklin;12:18:50;15:59:12;-641.2801,-804.4258,-804.4258;True,Sports,BUFFALO02,0,0;;;
Franklin;12:18:51;15:59:13;-641.2801,-804.4258,-804.4258;True,Sports,BUFFALO02,0,0;;;
Franklin;12:18:51;15:59:13;-641.2801,-804.4258,-804.4258;True,Sports,BUFFALO02,0,0;;;
Franklin;12:18:52;15:59:14;-641.2801,-804.4258,-804.4258;True,Sports,BUFFALO02,0,0;;;
Franklin;12:18:53;15:59:14;-641.2801,-804.4258,-804.4258;True,Sports,BUFFALO02,0,0;;;
Franklin;12:18:53;15:59:15;-641.2801,-804.4258,-804.4258;True,Sports,BUFFALO02,0,0;;;
Franklin;12:18:54;15:59:15;-641.2801,-804.4258,-804.4258;True,Sports,BUFFALO02,0,0;;;
Franklin;12:18:54;15:59:16;-641.2801,-804.4258,-804.4258;True,Sports,BUFFALO02,0,0;;;
Franklin;12:18:55;15:59:16;-641.2801,-804.4258,-804.4258;True,Sports,BUFFALO02,0,0;;;
Franklin;12:18:55;15:59:17;-641.2801,-804.4258,-804.4258;True,Sports,BUFFALO02,0,0;;;
Franklin;12:18:56;15:59:17;-641.2877,-804.5858,-804.5858;True,Sports,BUFFALO02,1,114692,1;;;
Franklin;12:18:56;15:59:18;-641.2675,-805.8431,-805.8431;True,Sports,BUFFALO02,3,752753,1;;;
Franklin;12:18:57;15:59:19;-641.4421,-808.8341,-808.8341;True,Sports,BUFFALO02,8,012836,1;;;
Franklin;12:18:57;15:59:19;-641.6009,-814.2928,-814.2928;True,Sports,BUFFALO02,11,27862,0;;;
Franklin;12:18:58;15:59:20;-641.3067,-818.4386,-818.4386;True,Sports,BUFFALO02,5,8402,0;;;
Franklin;12:18:58;15:59:20;-641.4473,-821.8484,-821.8484;True,Sports,BUFFALO02,8,594272,1;;;
Franklin;12:18:59;15:59:21;-642.3126,-827.3937,-827.3937;True,Sports,BUFFALO02,10,9678,0;;;
Franklin;12:18:59;15:59:21;-644.2317,-833.594,-833.594;True,Sports,BUFFALO02,13,99503,1;;;
Franklin;12:19:00;15:59:22;-645.6072,-841.545,-841.545;True,Sports,BUFFALO02,16,9907,1;;;
Franklin;12:19:00;15:59:22;-645.6437,-850.4041,-850.4041;True,Sports,BUFFALO02,16,24147,0;;;
Franklin;12:19:01;15:59:23;-645.1622,-858.2511,-858.2511;True,Sports,BUFFALO02,14,46918,0;;;
Franklin;12:19:01;15:59:23;-645.2507,-865.3389,-865.3389;True,Sports,BUFFALO02,12,48878,0;;;
Franklin;12:19:02;15:59:24;-645.8968,-872.5432,-872.5432;True,Sports,BUFFALO02,15,32213,1;;;
Franklin;12:19:02;15:59:24;-646.1174,-880.7693,-880.7693;True,Sports,BUFFALO02,15,15629,0;;;
Franklin;12:19:03;15:59:25;-646.2653,-887.509,-887.509;True,Sports,BUFFALO02,10,285,0;;;
Franklin;12:19:03;15:59:25;-646.4028,-892.5159,-892.5159;True,Sports,BUFFALO02,8,581007,0;;;
Franklin;12:19:04;15:59:26;-646.5028,-895.4084,-895.4084;True,Sports,BUFFALO02,3,680503,0;;;
Franklin;12:19:04;15:59:26;-646.4417,-897.2531,-897.2531;True,Sports,BUFFALO02,3,289315,0;;;
Franklin;12:19:05;15:59:27;-646.4022,-898.5667,-898.5667;True,Sports,BUFFALO02,1,832178,0;;;
Franklin;12:19:05;15:59:27;-646.3661,-899.1193,-899.1193;True,Sports,BUFFALO02,0,3486303,0;;;
Franklin;12:19:06;15:59:28;-646.3666,-899.1387,-899.1387;True,Sports,BUFFALO02,0,0;;;
Franklin;12:19:07;15:59:28;-646.366,-899.1552,-899.1552;True,Sports,BUFFALO02,0,3051161,1;;;
Franklin;12:19:07;15:59:29;-646.3606,-899.7836,-899.7836;True,Sports,BUFFALO02,2,039228,1;;;
Franklin;12:19:08;15:59:29;-646.7099,-900.7404,-900.7404;True,Sports,BUFFALO02,2,676266,1;;;
Franklin;12:19:08;15:59:30;-647.5768,-902.8986,-902.8986;True,Sports,BUFFALO02,6,481615,1;;;
Franklin;12:19:09;15:59:30;-648.4671,-907.7112,-907.7112;True,Sports,BUFFALO02,11,92205,0;;;
Franklin;12:19:09;15:59:31;-648.3286,-914.063,-914.063;True,Sports,BUFFALO02,13,67808,1;;;
Franklin;12:19:10;15:59:32;-648.347,-920.7194,-920.7194;True,Sports,BUFFALO02,11,83931,0;;;
Franklin;12:19:10;15:59:32;-647.3958,-926.232,-926.232;True,Sports,BUFFALO02,9,847513,0;;;
Franklin;12:19:11;15:59:33;-647.2159,-930.9249,-930.9249;True,Sports,BUFFALO02,8,361263,0;;;
Franklin;12:19:11;15:59:33;-647.2974,-934.9039,-934.9039;True,Sports,BUFFALO02,7,060575,0;;;
Franklin;12:19:12;15:59:34;-647.3768,-937.3216,-937.3216;True,Sports,BUFFALO02,2,769502,0;;;
Franklin;12:19:12;15:59:34;-647.3781,-937.8696,-937.8696;True,Sports,BUFFALO02,0,03779649,0;;;
Franklin;12:19:13;15:59:35;-647.3792,-937.8669,-937.8669;True,Sports,BUFFALO02,0,0;;;
Franklin;12:19:13;15:59:35;-647.3792,-937.8669,-937.8669;True,Sports,BUFFALO02,0,0;;;
Franklin;12:19:14;15:59:36;-647.3792,-937.8669,-937.8669;True,Sports,BUFFALO02,0,0;;;
Franklin;12:19:14;15:59:36;-647.3792,-937.8669,-937.8669;True,Sports,BUFFALO02,0,0;;;
Franklin;12:19:15;15:59:37;-647.3792,-937.8669,-937.8669;True,Sports,BUFFALO02,0,0;;;
Franklin;12:19:15;15:59:37;-647.3792,-937.8669,-937.8669;True,Sports,BUFFALO02,0,0;;;
Franklin;12:19:16;15:59:38;-647.3792,-937.8669,-937.8669;True,Sports,BUFFALO02,0,0;;;
Franklin;12:19:16;15:59:38;-647.3792,-937.8669,-937.8669;True,Sports,BUFFALO02,0,0;;;
Franklin;12:19:17;15:59:39;-647.3792,-937.8669,-937.8669;True,Sports,BUFFALO02,0,0;;;
Franklin;12:19:17;15:59:39;-647.3792,-937.8669,-937.8669;True,Sports,BUFFALO02,0,0;;;
Franklin;12:19:18;15:59:40;-647.3792,-937.8669,-937.8669;True,Sports,BUFFALO02,0,0;;;
Franklin;12:19:19;15:59:40;-647.3792,-937.8669,-937.8669;True,Sports,BUFFALO02,0,0;;;
Franklin;12:19:19;15:59:41;-647.3792,-937.8669,-937.8669;True,Sports,BUFFALO02,0,0;;;
Franklin;12:19:20;15:59:41;-647.3792,-937.8669,-937.8669;True,Sports,BUFFALO02,0,0;;;
Franklin;12:19:20;15:59:42;-647.3792,-937.8669,-937.8669;True,Sports,BUFFALO02,0,0;;;
Franklin;12:19:21;15:59:42;-647.3792,-937.8669,-937.8669;True,Sports,BUFFALO02,0,0;;;
Franklin;12:19:21;15:59:43;-647.3792,-937.8669,-937.8669;True,Sports,BUFFALO02,0,0;;;
Franklin;12:19:22;15:59:43;-647.3792,-937.8669,-937.8669;True,Sports,BUFFALO02,0,0;;;
Franklin;12:19:22;15:59:44;-647.3792,-937.8669,-937.8669;True,Sports,BUFFALO02,0,0;;;
Franklin;12:19:23;15:59:45;-647.3792,-937.8669,-937.8669;True,Sports,BUFFALO02,0,0;;;
Franklin;12:19:23;15:59:45;-647.3792,-937.8669,-937.8669;True,Sports,BUFFALO02,0,0;;;
Franklin;12:19:24;15:59:46;-647.3792,-937.8669,-937.8669;True,Sports,BUFFALO02,0,0;;;
Franklin;12:19:24;15:59:46;-647.3792,-937.8669,-937.8669;True,Sports,BUFFALO02,0,0;;;
Franklin;12:19:25;15:59:47;-647.3792,-937.8669,-937.8669;True,Sports,BUFFALO02,0,0;;;
Franklin;12:19:25;15:59:47;-647.3792,-937.8669,-937.8669;True,Sports,BUFFALO02,0,0;;;
Franklin;12:19:26;15:59:48;-647.3792,-937.8669,-937.8669;True,Sports,BUFFALO02,0,0;;;
Franklin;12:19:26;15:59:48;-647.3792,-937.8669,-937.8669;True,Sports,BUFFALO02,0,0;;;
Franklin;12:19:27;15:59:49;-647.3792,-937.8669,-937.8669;True,Sports,BUFFALO02,0,0;;;
Franklin;12:19:27;15:59:49;-647.3792,-937.8669,-937.8669;True,Sports,BUFFALO02,0,0;;;
Franklin;12:19:28;15:59:50;-647.3792,-937.8669,-937.8669;True,Sports,BUFFALO02,0,0;;;
Franklin;12:19:28;15:59:50;-647.3792,-937.8669,-937.8669;True,Sports,BUFFALO02,0,0;;;
Franklin;12:19:29;15:59:51;-647.3792,-937.8669,-937.8669;True,Sports,BUFFALO02,0,0;;;
Franklin;12:19:29;15:59:51;-647.3792,-937.8669,-937.8669;True,Sports,BUFFALO02,0,0;;;
Franklin;12:19:30;15:59:52;-647.3792,-937.8669,-937.8669;True,Sports,BUFFALO02,0,0;;;
Franklin;12:19:30;15:59:52;-647.3792,-937.8669,-937.8669;True,Sports,BUFFALO02,0,0;;;
Franklin;12:19:31;15:59:53;-647.3792,-937.8669,-937.8669;True,Sports,BUFFALO02,0,0;;;
Franklin;12:19:32;15:59:53;-647.3792,-937.8669,-937.8669;True,Sports,BUFFALO02,0,0;;;
Franklin;12:19:32;15:59:54;-647.3792,-937.8669,-937.8669;True,Sports,BUFFALO02,0,0;;;
Franklin;12:19:33;15:59:54;-647.3792,-937.8669,-937.8669;True,Sports,BUFFALO02,0,0;;;
Franklin;12:19:33;15:59:55;-647.3792,-937.8669,-937.8669;True,Sports,BUFFALO02,0,0;;;
Franklin;12:19:34;15:59:55;-647.3792,-937.8669,-937.8669;True,Sports,BUFFALO02,0,0;;;
Franklin;12:19:34;15:59:56;-647.3792,-937.8669,-937.8669;True,Sports,BUFFALO02,0,0;;;
Franklin;12:19:35;15:59:56;-647.3792,-937.8669,-937.8669;True,Sports,BUFFALO02,0,0;;;
Franklin;12:19:35;15:59:57;-647.3792,-937.8669,-937.8669;True,Sports,BUFFALO02,0,0;;;
Franklin;12:19:36;15:59:58;-647.3792,-937.8669,-937.8669;True,Sports,BUFFALO02,0,0;;;
Franklin;12:19:36;15:59:58;-647.3792,-937.8669,-937.8669;True,Sports,BUFFALO02,0,0;;;
Franklin;12:19:37;15:59:59;-647.3792,-937.8669,-937.8669;True,Sports,BUFFALO02,0,0;;;
Franklin;12:19:37;15:59:59;-647.3792,-937.8669,-937.8669;True,Sports,BUFFALO02,0,0;;;
Franklin;12:19:38;16:00:00;-647.3792,-937.8669,-937.8669;True,Sports,BUFFALO02,0,0;;;
Franklin;12:19:38;16:00:00;-647.3792,-937.8669,-937.8669;True,Sports,BUFFALO02,0,0;;;
Franklin;12:19:39;16:00:01;-647.3792,-937.8669,-937.8669;True,Sports,BUFFALO02,0,0;;;
Franklin;12:19:39;16:00:01;-647.3792,-937.8669,-937.8669;True,Sports,BUFFALO02,0,0;;;
Franklin;12:19:40;16:00:02;-647.3792,-937.8669,-937.8669;True,Sports,BUFFALO02,0,0;;;
Franklin;12:19:40;16:00:02;-647.3792,-937.8669,-937.8669;True,Sports,BUFFALO02,0,0;;;
Franklin;12:19:41;16:00:03;-647.3792,-937.8669,-937.8669;True,Sports,BUFFALO02,0,0;;;
Franklin;12:19:41;16:00:03;-647.3792,-937.8669,-937.8669;True,Sports,BUFFALO02,0,0;;;
Franklin;12:19:42;16:00:04;-647.3792,-937.8669,-937.8669;True,Sports,BUFFALO02,0,0;;;
Franklin;12:19:42;16:00:04;-647.3891,-938.1483,-938.1483;True,Sports,BUFFALO02,1,720119,1;;;
Franklin;12:19:43;16:00:05;-647.3126,-939.989,-939.989;True,Sports,BUFFALO02,5,778207,1;;;
Franklin;12:19:43;16:00:05;-647.7291,-944.665,-944.665;True,Sports,BUFFALO02,11,75061,0;;;
Franklin;12:19:44;16:00:06;-649.9965,-949.4351,-949.4351;True,Sports,BUFFALO02,9,991537,1;;;
Franklin;12:19:44;16:00:06;-654.6735,-952.6379,-952.6379;True,Sports,BUFFALO02,11,09417,0;;;
Franklin;12:19:45;16:00:07;-660.9235,-953.8628,-953.8628;True,Sports,BUFFALO02,12,65222,0;;;
Franklin;12:19:46;16:00:07;-666.9161,-953.6356,-953.6356;True,Sports,BUFFALO02,10,51028,0;;;
Franklin;12:19:46;16:00:08;-672.8547,-954.0475,-954.0475;True,Sports,BUFFALO02,12,90693,1;;;
Franklin;12:19:47;16:00:08;-679.2553,-953.916,-953.916;True,Sports,BUFFALO02,11,67717,0;;;
Franklin;12:19:47;16:00:09;-684.9602,-953.6467,-953.6467;True,Sports,BUFFALO02,10,25599,0;;;
Franklin;12:19:48;16:00:09;-689.901,-953.3132,-953.3132;True,Sports,BUFFALO02,8,632591,0;;;
Franklin;12:19:48;16:00:10;-693.8157,-952.1591,-952.1591;True,Sports,BUFFALO02,7,301933,0;;;
Franklin;12:19:49;16:00:11;-696.2484,-950.3449,-950.3449;True,Sports,BUFFALO02,5,109099,0;;;
Franklin;12:19:49;16:00:11;-697.3841,-948.3984,-948.3984;True,Sports,BUFFALO02,3,781038,1;;;
Franklin;12:19:50;16:00:12;-698.2413,-945.5848,-945.5848;True,Sports,BUFFALO02,7,02038,0;;;
Franklin;12:19:50;16:00:12;-698.838,-942.2164,-942.2164;True,Sports,BUFFALO02,6,361553,0;;;
Franklin;12:19:51;16:00:13;-699.2173,-938.8862,-938.8862;True,Sports,BUFFALO02,7,648364,1;;;
Franklin;12:19:51;16:00:13;-699.4021,-937.7437,-937.7437;True,Sports,BUFFALO02,0,1151365,0;;;
Franklin;12:19:52;16:00:14;-699.4534,-937.9026,-937.9026;True,Sports,BUFFALO02,1,022273,-1;;;
Franklin;12:19:52;16:00:14;-699.443,-938.0647,-938.0647;True,Sports,BUFFALO02,0,4096157,1;;;
Franklin;12:19:53;16:00:15;-699.5906,-937.379,-937.379;True,Sports,BUFFALO02,2,583272,1;;;
Franklin;12:19:53;16:00:15;-699.5811,-935.1033,-935.1033;True,Sports,BUFFALO02,6,500584,1;;;
Franklin;12:19:54;16:00:16;-699.9779,-931.122,-931.122;True,Sports,BUFFALO02,7,191419,0;;;
Franklin;12:19:54;16:00:16;-700.2249,-927.4957,-927.4957;True,Sports,BUFFALO02,8,244841,0;;;
Franklin;12:19:55;16:00:17;-700.0057,-923.678,-923.678;True,Sports,BUFFALO02,5,931465,0;;;
Franklin;12:19:55;16:00:17;-700.0303,-922.1827,-922.1827;True,Sports,BUFFALO02,0,1813484,0;;;
Franklin;12:19:56;16:00:18;-701.3882,-922.3126,-922.3126;;;;
Franklin;12:19:56;16:00:18;-700.2958,-917.8572,-917.8572;;;;
Franklin;12:19:57;16:00:19;-700.2778,-917.7941,-917.7941;;;;
Franklin;12:19:57;16:00:19;-700.2527,-917.699,-917.699;;;;
Franklin;12:19:58;16:00:20;-700.2263,-917.5961,-917.5961;;;;
Franklin;12:19:59;16:00:20;-700.2059,-917.5155,-917.5155;;;;
Franklin;12:19:59;16:00:21;-700.1982,-917.4849,-917.4849;;Okay, you know Redwood Cigarettes?;LESTER;OJAS_MHAA
Franklin;12:20:00;16:00:21;-700.1982,-917.4849,-917.4849;;;;
Franklin;12:20:00;16:00:22;-700.1982,-917.4849,-917.4849;;;;
Franklin;12:20:01;16:00:22;-700.1982,-917.4849,-917.4849;;Sure, the cigarette that built America.;FRANKLIN;OJAS_MHAB
Franklin;12:20:01;16:00:23;-700.1982,-917.4849,-917.4849;;;;
Franklin;12:20:02;16:00:24;-700.1982,-917.4849,-917.4849;;;;
Franklin;12:20:02;16:00:24;-700.1982,-917.4849,-917.4849;;;;
Franklin;12:20:03;16:00:25;-700.1982,-917.4849,-917.4849;;They've rigged a jury to throw a class action lawsuit;LESTER;OJAS_MHAC
Franklin;12:20:03;16:00:25;-700.1982,-917.4849,-917.4849;;;;
Franklin;12:20:04;16:00:26;-700.1982,-917.4849,-917.4849;;;;
Franklin;12:20:04;16:00:26;-700.1982,-917.4849,-917.4849;;;;
Franklin;12:20:05;16:00:27;-700.1982,-917.4849,-917.4849;;;;
Franklin;12:20:05;16:00:27;-700.1982,-917.4849,-917.4849;;;;
Franklin;12:20:06;16:00:28;-700.1982,-917.4849,-917.4849;;that would cover the treatment costs of thousands of emphysema sufferers.;LESTER;OJAS_MHAD
Franklin;12:20:06;16:00:28;-700.1982,-917.4849,-917.4849;;;;
Franklin;12:20:07;16:00:29;-700.1982,-917.4849,-917.4849;;;;
Franklin;12:20:07;16:00:29;-700.1982,-917.4849,-917.4849;;;;
Franklin;12:20:08;16:00:30;-700.1982,-917.4849,-917.4849;;;;
Franklin;12:20:08;16:00:30;-700.1982,-917.4849,-917.4849;;;;
Franklin;12:20:09;16:00:31;-700.1982,-917.4849,-917.4849;;There are four corrupt jurors on Redwood's books. I'll send you the details.;LESTER;OJAS_MHAE
Franklin;12:20:09;16:00:31;-700.1982,-917.4849,-917.4849;;;;
Franklin;12:20:10;16:00:32;-700.1982,-917.4849,-917.4849;;;;
Franklin;12:20:10;16:00:32;-700.1982,-917.4849,-917.4849;;;;
Franklin;12:20:11;16:00:33;-700.1982,-917.4849,-917.4849;;;;
Franklin;12:20:12;16:00:33;-700.1982,-917.4849,-917.4849;;;;
Franklin;12:20:12;16:00:34;-700.1982,-917.4849,-917.4849;;;;
Franklin;12:20:13;16:00:34;-700.1982,-917.4849,-917.4849;;;;
Franklin;12:20:13;16:00:35;-700.1982,-917.4849,-917.4849;;Oh, and we only have a few hours to make 'em disappear. The court case is tomorrow morning.;LESTER;OJAS_MHAF
Franklin;12:20:14;16:00:35;-700.1982,-917.4849,-917.4849;;;;
Franklin;12:20:14;16:00:36;-700.1982,-917.4849,-917.4849;;;;
Franklin;12:20:15;16:00:36;-700.1982,-917.4849,-917.4849;;;;
Franklin;12:20:15;16:00:37;-700.1982,-917.4849,-917.4849;;;;
Franklin;12:20:16;16:00:38;-700.1982,-917.4849,-917.4849;;;;
Franklin;12:20:16;16:00:38;-700.1982,-917.4849,-917.4849;;;;
Franklin;12:20:17;16:00:39;-700.1982,-917.4849,-917.4849;;;;
Franklin;12:20:17;16:00:39;-700.1982,-917.4849,-917.4849;;;;
Franklin;12:20:18;16:00:40;-700.1982,-917.4849,-917.4849;;Is that all, dog? Shit, that's quite a favor.;FRANKLIN;OJAS_MHAG
Franklin;12:20:18;16:00:40;-700.1982,-917.4849,-917.4849;;;;
Franklin;12:20:19;16:00:41;-700.1982,-917.4849,-917.4849;;;;
Franklin;12:20:19;16:00:41;-700.1982,-917.4849,-917.4849;;;;
Franklin;12:20:20;16:00:42;-700.1982,-917.4849,-917.4849;;And that's quite a house you're living in. Get this done quickly and I'll try to throw in a sweetener as well.;LESTER;OJAS_MHAH
Franklin;12:20:20;16:00:42;-700.1982,-917.4849,-917.4849;;;;
Franklin;12:20:21;16:00:43;-700.1982,-917.4849,-917.4849;;;;
Franklin;12:20:21;16:00:43;-700.1982,-917.4849,-917.4849;;;;
Franklin;12:20:22;16:00:44;-700.1982,-917.4849,-917.4849;;;;
Franklin;12:20:22;16:00:44;-700.1982,-917.4849,-917.4849;;;;
Franklin;12:20:23;16:00:45;-700.1982,-917.4849,-917.4849;;;;
Franklin;12:20:23;16:00:45;-700.1982,-917.4849,-917.4849;;;;
Franklin;12:20:24;16:00:46;-700.1982,-917.4849,-917.4849;;;;
Franklin;12:20:25;16:00:46;-700.1982,-917.4849,-917.4849;;;;
Franklin;12:20:25;16:00:47;-700.1982,-917.4849,-917.4849;;Now, I'd advise picking up some long-range hardware to get this job done.;LESTER;OJAS_MHAI
Franklin;12:20:26;16:00:47;-700.1982,-917.4849,-917.4849;;;;
Franklin;12:20:26;16:00:48;-700.1982,-917.4849,-917.4849;;;;
Franklin;12:20:27;16:00:48;-700.1982,-917.4849,-917.4849;;;;
Franklin;12:20:27;16:00:49;-700.1982,-917.4849,-917.4849;;;;
Franklin;12:20:28;16:00:49;-700.1982,-917.4849,-917.4849;;;;
Franklin;12:20:28;16:00:50;-700.1982,-917.4849,-917.4849;;;;
Franklin;12:20:29;16:00:51;-700.1982,-917.4849,-917.4849;;;;
Franklin;12:20:29;16:00:51;-700.1982,-917.4849,-917.4849;;You'll be helping a lot of people with this, Franklin...;LESTER;OJAS_MHAJ
Franklin;12:20:30;16:00:52;-700.1982,-917.4849,-917.4849;;;;
Franklin;12:20:30;16:00:52;-700.1982,-917.4849,-917.4849;;;;
Franklin;12:20:31;16:00:53;-700.1982,-917.4849,-917.4849;;;;
Franklin;12:20:31;16:00:53;-700.1982,-917.4849,-917.4849;;Including anyone who might have a sizable investment in, say, uhh, Debonaire Cigarettes.;LESTER;OJAS_MHAK
Franklin;12:20:32;16:00:54;-700.1982,-917.4849,-917.4849;;;;
Franklin;12:20:32;16:00:54;-700.1982,-917.4849,-917.4849;;;;
Franklin;12:20:33;16:00:55;-700.1982,-917.4849,-917.4849;;;;
Franklin;12:20:33;16:00:55;-700.1982,-917.4849,-917.4849;;;;
Franklin;12:20:34;16:00:56;-700.1982,-917.4849,-917.4849;;;;
Franklin;12:20:34;16:00:56;-700.1982,-917.4849,-917.4849;;;;
Franklin;12:20:35;16:00:57;-700.1982,-917.4849,-917.4849;;;;
Franklin;12:20:35;16:00:57;-700.1982,-917.4849,-917.4849;;;;
Franklin;12:20:36;16:00:58;-700.1982,-917.4849,-917.4849;;;;
Franklin;12:20:36;16:00:58;-700.1982,-917.4849,-917.4849;;;;
Franklin;12:20:37;16:00:59;-700.1982,-917.4849,-917.4849;;;;
Franklin;12:20:37;16:00:59;-700.1982,-917.4849,-917.4849;;;;
Franklin;12:20:38;16:01:00;-700.1999,-917.4862,-917.4862;;;;
Franklin;12:20:39;16:01:00;-700.2109,-917.4941,-917.4941;;;;
Franklin;12:20:39;16:01:01;-700.2284,-917.5066,-917.5066;;;;
Franklin;12:20:40;16:01:01;-700.2477,-917.5205,-917.5205;;;;
Franklin;12:20:40;16:01:02;-700.2628,-917.5313,-917.5313;;;;
Franklin;12:20:41;16:01:02;-700.4274,-917.4989,-917.4989;;;;
Franklin;12:20:41;16:01:03;-701.1425,-917.6021,-917.6021;;;;
Franklin;12:20:42;16:01:03;-702.0504,-918.3204,-918.3204;;;;
Franklin;12:20:42;16:01:04;-703.9031,-919.1179,-919.1179;;;;
Franklin;12:20:43;16:01:05;-707.0813,-920.0598,-920.0598;;;;
Franklin;12:20:43;16:01:05;-709.6721,-920.6938,-920.6938;;;;
Franklin;12:20:44;16:01:06;-710.6133,-921.1396,-921.1396;;;;
Franklin;12:20:44;16:01:06;-711.3833,-920.7166,-920.7166;;;;
Franklin;12:20:45;16:01:07;-711.8594,-920.7126,-920.7126;True,Sports,BUFFALO02,0,0;;;
Franklin;12:20:45;16:01:07;-711.8616,-920.7138,-920.7138;True,Sports,BUFFALO02,0,08417124,0;;;
Franklin;12:20:46;16:01:08;-711.8594,-920.7129,-920.7129;True,Sports,BUFFALO02,0,0;;;
Franklin;12:20:46;16:01:08;-711.8594,-920.7129,-920.7129;True,Sports,BUFFALO02,0,0;;;
Franklin;12:20:47;16:01:09;-711.8594,-920.7129,-920.7129;True,Sports,BUFFALO02,0,0;;;
Franklin;12:20:47;16:01:09;-711.8594,-920.7129,-920.7129;True,Sports,BUFFALO02,0,0;;;
Franklin;12:20:48;16:01:10;-711.8586,-920.7133,-920.7133;True,Sports,BUFFALO02,0,04453948,-1;;;
Franklin;12:20:48;16:01:10;-711.9253,-920.9385,-920.9385;True,Sports,BUFFALO02,1,174769,-1;;;
Franklin;12:20:49;16:01:11;-712.123,-922.0498,-922.0498;True,Sports,BUFFALO02,2,633556,0;;;
Franklin;12:20:49;16:01:11;-712.1671,-922.2656,-922.2656;True,Sports,BUFFALO02,0,7495865,1;;;
Franklin;12:20:50;16:01:12;-712.7712,-921.5474,-921.5474;True,Sports,BUFFALO02,2,932393,1;;;
Franklin;12:20:50;16:01:12;-714.473,-920.3871,-920.3871;True,Sports,BUFFALO02,3,988826,0;;;
Franklin;12:20:51;16:01:13;-717.1646,-920.0305,-920.0305;True,Sports,BUFFALO02,7,277249,1;;;
Franklin;12:20:52;16:01:13;-722.3809,-920.2969,-920.2969;True,Sports,BUFFALO02,11,55551,0;;;
Franklin;12:20:52;16:01:14;-728.6606,-920.9062,-920.9062;True,Sports,BUFFALO02,13,50486,1;;;
Franklin;12:20:53;16:01:14;-736.14,-922.2729,-922.2729;True,Sports,BUFFALO02,16,28088,1;;;
Franklin;12:20:53;16:01:15;-744.8,-925.8846,-925.8846;True,Sports,BUFFALO02,19,26324,1;;;
Franklin;12:20:54;16:01:15;-752.9367,-933.1251,-933.1251;True,Sports,BUFFALO02,22,27505,1;;;
Franklin;12:20:54;16:01:16;-758.8629,-943.6918,-943.6918;True,Sports,BUFFALO02,24,33933,0;;;
Franklin;12:20:55;16:01:16;-763.5733,-955.3411,-955.3411;True,Sports,BUFFALO02,25,49689,1;;;
Franklin;12:20:55;16:01:17;-770.4969,-967.3268,-967.3268;True,Sports,BUFFALO02,27,96212,1;;;
Franklin;12:20:56;16:01:18;-778.7625,-979.779,-979.779;True,Sports,BUFFALO02,29,89885,1;;;
Franklin;12:20:56;16:01:18;-790.0066,-990.9503,-990.9503;True,Sports,BUFFALO02,31,283,1;;;
Franklin;12:20:57;16:01:19;-802.2459,-999.1639,-999.1639;True,Sports,BUFFALO02,23,683,0;;;
Franklin;12:20:57;16:01:19;-811.6011,-1006.142,-1006.142;True,Sports,BUFFALO02,21,37605,0;;;
Franklin;12:20:58;16:01:20;-817.5505,-1015.426,-1015.426;True,Sports,BUFFALO02,22,07036,1;;;
Franklin;12:20:58;16:01:20;-819.0461,-1027.236,-1027.236;True,Sports,BUFFALO02,23,51444,1;;;
Franklin;12:20:59;16:01:21;-815.642,-1039.027,-1039.027;True,Sports,BUFFALO02,24,24836,0;;;
Franklin;12:20:59;16:01:21;-809.4678,-1049.633,-1049.633;True,Sports,BUFFALO02,24,49349,1;;;
Franklin;12:21:00;16:01:22;-804.1721,-1061.608,-1061.608;True,Sports,BUFFALO02,26,38536,1;;;
Franklin;12:21:00;16:01:22;-798.8693,-1074.898,-1074.898;True,Sports,BUFFALO02,28,37076,1;;;
Franklin;12:21:01;16:01:23;-792.0439,-1087.509,-1087.509;True,Sports,BUFFALO02,27,59626,0;;;
Franklin;12:21:01;16:01:23;-787.1009,-1098.334,-1098.334;True,Sports,BUFFALO02,17,75174,0;;;
Franklin;12:21:02;16:01:24;-786.0162,-1106.653,-1106.653;True,Sports,BUFFALO02,15,1307,0;;;
Franklin;12:21:02;16:01:24;-788.4258,-1114.34,-1114.34;True,Sports,BUFFALO02,16,80251,1;;;
Franklin;12:21:03;16:01:25;-794.9742,-1121.296,-1121.296;True,Sports,BUFFALO02,19,61023,1;;;
Franklin;12:21:03;16:01:25;-803.8863,-1127.013,-1127.013;True,Sports,BUFFALO02,21,64783,1;;;
Franklin;12:21:04;16:01:26;-813.9916,-1133.525,-1133.525;True,Sports,BUFFALO02,23,58521,1;;;
Franklin;12:21:04;16:01:26;-825.4039,-1139.264,-1139.264;True,Sports,BUFFALO02,25,63911,1;;;
Franklin;12:21:05;16:01:27;-837.6566,-1145.757,-1145.757;True,Sports,BUFFALO02,27,55703,1;;;
Franklin;12:21:06;16:01:27;-850.7449,-1152.546,-1152.546;True,Sports,BUFFALO02,29,33122,1;;;
Franklin;12:21:06;16:01:28;-864.701,-1159.593,-1159.593;True,Sports,BUFFALO02,31,30132,1;;;
Franklin;12:21:07;16:01:28;-878.7745,-1168.104,-1168.104;True,Sports,BUFFALO02,32,59558,1;;;
Franklin;12:21:07;16:01:29;-893.309,-1177.334,-1177.334;True,Sports,BUFFALO02,33,70581,1;;;
Franklin;12:21:08;16:01:29;-907.729,-1186.433,-1186.433;True,Sports,BUFFALO02,32,938,1;;;
Franklin;12:21:08;16:01:30;-922.7753,-1194.14,-1194.14;True,Sports,BUFFALO02,31,94842,0;;;
Franklin;12:21:09;16:01:30;-935.4723,-1203.822,-1203.822;True,Sports,BUFFALO02,29,39527,0;;;
Franklin;12:21:09;16:01:31;-948.1016,-1212.717,-1212.717;True,Sports,BUFFALO02,29,80266,1;;;
Franklin;12:21:10;16:01:32;-962.3311,-1219.455,-1219.455;True,Sports,BUFFALO02,31,03474,1;;;
Franklin;12:21:10;16:01:32;-976.1329,-1227.644,-1227.644;True,Sports,BUFFALO02,29,9852,0;;;
Franklin;12:21:11;16:01:33;-989.1536,-1235.18,-1235.18;True,Sports,BUFFALO02,29,82116,1;;;
Franklin;12:21:11;16:01:33;-1003.959,-1241.381,-1241.381;True,Sports,BUFFALO02,31,05408,1;;;
Franklin;12:21:12;16:01:34;-1018.531,-1248.432,-1248.432;True,Sports,BUFFALO02,30,06208,0;;;
Franklin;12:21:12;16:01:34;-1031.247,-1256.624,-1256.624;True,Sports,BUFFALO02,27,90774,0;;;
Franklin;12:21:13;16:01:35;-1042.011,-1265.134,-1265.134;True,Sports,BUFFALO02,25,5451,0;;;
Franklin;12:21:13;16:01:35;-1053.266,-1271.735,-1271.735;True,Sports,BUFFALO02,25,70481,1;;;
Franklin;12:21:14;16:01:36;-1063.996,-1278.642,-1278.642;True,Sports,BUFFALO02,23,51583,0;;;
Franklin;12:21:14;16:01:36;-1071.179,-1288.254,-1288.254;True,Sports,BUFFALO02,23,45634,1;;;
Franklin;12:21:15;16:01:37;-1073.525,-1300.391,-1300.391;True,Sports,BUFFALO02,24,10877,1;;;
Franklin;12:21:15;16:01:37;-1072.011,-1313.394,-1313.394;True,Sports,BUFFALO02,26,56247,1;;;
Franklin;12:21:16;16:01:38;-1070.399,-1328.028,-1328.028;True,Sports,BUFFALO02,29,62263,1;;;
Franklin;12:21:16;16:01:38;-1071.088,-1344.043,-1344.043;True,Sports,BUFFALO02,31,98325,1;;;
Franklin;12:21:17;16:01:39;-1075.155,-1360.558,-1360.558;True,Sports,BUFFALO02,33,37987,1;;;
Franklin;12:21:17;16:01:39;-1080.54,-1377.143,-1377.143;True,Sports,BUFFALO02,32,69257,0;;;
Franklin;12:21:18;16:01:40;-1085.096,-1392.711,-1392.711;True,Sports,BUFFALO02,29,55819,0;;;
Franklin;12:21:19;16:01:40;-1089.168,-1405.877,-1405.877;True,Sports,BUFFALO02,25,26492,0;;;
Franklin;12:21:19;16:01:41;-1093.902,-1416.638,-1416.638;True,Sports,BUFFALO02,20,25893,0;;;
Franklin;12:21:20;16:01:41;-1097.201,-1425.965,-1425.965;True,Sports,BUFFALO02,18,08409,0;;;
Franklin;12:21:20;16:01:42;-1099.196,-1435.445,-1435.445;True,Sports,BUFFALO02,19,67228,0;;;
Franklin;12:21:21;16:01:42;-1101.233,-1445.523,-1445.523;True,Sports,BUFFALO02,20,72157,0;;;
Franklin;12:21:21;16:01:43;-1104.843,-1455.152,-1455.152;True,Sports,BUFFALO02,18,88487,0;;;
Franklin;12:21:22;16:01:43;-1110.945,-1462.172,-1462.172;True,Sports,BUFFALO02,18,38924,1;;;
Franklin;12:21:22;16:01:44;-1118.668,-1468.843,-1468.843;True,Sports,BUFFALO02,21,48908,1;;;
Franklin;12:21:23;16:01:45;-1127.693,-1476.318,-1476.318;True,Sports,BUFFALO02,22,38226,0;;;
Franklin;12:21:23;16:01:45;-1136.884,-1482.451,-1482.451;True,Sports,BUFFALO02,20,51684,0;;;
Franklin;12:21:24;16:01:46;-1145.35,-1487.854,-1487.854;True,Sports,BUFFALO02,18,64527,0;;;
Franklin;12:21:24;16:01:46;-1153.367,-1492.265,-1492.265;True,Sports,BUFFALO02,16,85138,0;;;
Franklin;12:21:25;16:01:47;-1159.877,-1495.854,-1495.854;True,Sports,BUFFALO02,12,10756,0;;;
Franklin;12:21:25;16:01:47;-1164.502,-1499.708,-1499.708;True,Sports,BUFFALO02,11,6272,1;;;
Franklin;12:21:26;16:01:48;-1169.005,-1504.709,-1504.709;True,Sports,BUFFALO02,14,46572,1;;;
Franklin;12:21:26;16:01:48;-1174.79,-1510.841,-1510.841;True,Sports,BUFFALO02,14,59265,0;;;
Franklin;12:21:27;16:01:49;-1179.813,-1516.029,-1516.029;True,Sports,BUFFALO02,12,95078,0;;;
Franklin;12:21:27;16:01:49;-1183.772,-1520.661,-1520.661;True,Sports,BUFFALO02,10,61634,0;;;
Franklin;12:21:28;16:01:50;-1187.653,-1524.162,-1524.162;True,Sports,BUFFALO02,10,28296,0;;;
Franklin;12:21:28;16:01:50;-1190.51,-1528.011,-1528.011;True,Sports,BUFFALO02,8,508478,0;;;
Franklin;12:21:29;16:01:51;-1192.813,-1531.212,-1531.212;True,Sports,BUFFALO02,6,669544,0;;;
Franklin;12:21:29;16:01:51;-1194.424,-1533.73,-1533.73;True,Sports,BUFFALO02,4,914326,0;;;
Franklin;12:21:30;16:01:52;-1195.894,-1536.015,-1536.015;True,Sports,BUFFALO02,4,971828,0;;;
Franklin;12:21:30;16:01:52;-1197.062,-1537.829,-1537.829;True,Sports,BUFFALO02,3,368487,0;;;
Franklin;12:21:31;16:01:53;-1197.427,-1538.391,-1538.391;True,Sports,BUFFALO02,0,02979528,0;;;
Franklin;12:21:32;16:01:53;-1197.425,-1538.388,-1538.388;True,Sports,BUFFALO02,0,0;;;
Franklin;12:21:32;16:01:54;-1197.425,-1538.388,-1538.388;True,Sports,BUFFALO02,0,0;;;
Franklin;12:21:33;16:01:54;-1197.425,-1538.388,-1538.388;True,Sports,BUFFALO02,0,0;;;
Franklin;12:21:33;16:01:55;-1197.425,-1538.389,-1538.389;True,Sports,BUFFALO02,0,0112935,1;;;
Franklin;12:21:34;16:01:55;-1197.691,-1538.727,-1538.727;True,Sports,BUFFALO02,1,788833,1;;;
Franklin;12:21:34;16:01:56;-1198.844,-1539.863,-1539.863;True,Sports,BUFFALO02,4,860187,1;;;
Franklin;12:21:35;16:01:56;-1200.689,-1541.867,-1541.867;True,Sports,BUFFALO02,4,992203,1;;;
Franklin;12:21:35;16:01:57;-1202.988,-1544.275,-1544.275;True,Sports,BUFFALO02,6,258563,0;;;
Franklin;12:21:36;16:01:58;-1204.685,-1546.492,-1546.492;True,Sports,BUFFALO02,4,633737,0;;;
Franklin;12:21:36;16:01:58;-1206.14,-1547.949,-1547.949;True,Sports,BUFFALO02,4,361902,1;;;
Franklin;12:21:37;16:01:59;-1209.19,-1549.537,-1549.537;True,Sports,BUFFALO02,8,629077,0;;;
Franklin;12:21:37;16:01:59;-1212.148,-1551.913,-1551.913;True,Sports,BUFFALO02,6,442429,0;;;
Franklin;12:21:38;16:02:00;-1214.074,-1554.106,-1554.106;True,Sports,BUFFALO02,4,832302,0;;;
Franklin;12:21:38;16:02:00;-1215.457,-1555.615,-1555.615;True,Sports,BUFFALO02,2,932286,0;;;
Franklin;12:21:39;16:02:01;-1217.138,-1556.336,-1556.336;True,Sports,BUFFALO02,4,961404,1;;;
Franklin;12:21:39;16:02:01;-1220.246,-1556.274,-1556.274;True,Sports,BUFFALO02,5,853253,0;;;
Franklin;12:21:40;16:02:02;-1222.713,-1555.861,-1555.861;True,Sports,BUFFALO02,3,618293,0;;;
Franklin;12:21:40;16:02:02;-1223.854,-1555.141,-1555.141;True,Sports,BUFFALO02,1,897586,0;;;
Franklin;12:21:41;16:02:03;-1224.388,-1554.638,-1554.638;True,Sports,BUFFALO02,1,822484,1;;;
Franklin;12:21:41;16:02:03;-1225.362,-1553.17,-1553.17;True,Sports,BUFFALO02,5,309057,1;;;
Franklin;12:21:42;16:02:04;-1226.528,-1549.649,-1549.649;True,Sports,BUFFALO02,8,020586,1;;;
Franklin;12:21:42;16:02:04;-1227.694,-1544.596,-1544.596;True,Sports,BUFFALO02,12,08092,0;;;
Franklin;12:21:43;16:02:05;-1227.527,-1538.391,-1538.391;True,Sports,BUFFALO02,13,86117,1;;;
Franklin;12:21:43;16:02:05;-1226.573,-1529.638,-1529.638;True,Sports,BUFFALO02,18,82596,1;;;
Franklin;12:21:44;16:02:06;-1226.017,-1520.028,-1520.028;True,Sports,BUFFALO02,17,73532,0;;;
Franklin;12:21:44;16:02:06;-1225.626,-1511.305,-1511.305;True,Sports,BUFFALO02,15,73685,0;;;
Franklin;12:21:45;16:02:07;-1227.19,-1504.134,-1504.134;True,Sports,BUFFALO02,13,39427,0;;;
Franklin;12:21:46;16:02:07;-1229.835,-1498.157,-1498.157;True,Sports,BUFFALO02,11,60343,0;;;
Franklin;12:21:46;16:02:08;-1232.149,-1493.143,-1493.143;True,Sports,BUFFALO02,9,870846,0;;;
Franklin;12:21:47;16:02:08;-1234.109,-1488.915,-1488.915;True,Sports,BUFFALO02,8,159428,0;;;
Franklin;12:21:49;16:02:11;-1235.317,-1486.322,-1486.322;True,Sports,BUFFALO02,6,917659,0;;;
Franklin;12:21:50;16:02:11;-1237.251,-1483.338,-1483.338;True,Sports,BUFFALO02,8,290792,1;;;
Franklin;12:21:50;16:02:12;-1240.204,-1478.745,-1478.745;True,Sports,BUFFALO02,11,04516,0;;;
Franklin;12:21:51;16:02:12;-1240.284,-1473.234,-1473.234;True,Sports,BUFFALO02,9,944403,0;;;
Franklin;12:21:51;16:02:13;-1237.217,-1469.064,-1469.064;True,Sports,BUFFALO02,11,27642,1;;;
Franklin;12:21:52;16:02:14;-1232.597,-1465.26,-1465.26;True,Sports,BUFFALO02,12,16619,1;;;
Franklin;12:21:52;16:02:14;-1227.338,-1460.651,-1460.651;True,Sports,BUFFALO02,14,94186,1;;;
Franklin;12:21:53;16:02:15;-1220.52,-1455.626,-1455.626;True,Sports,BUFFALO02,17,71728,1;;;
Franklin;12:21:53;16:02:15;-1212.859,-1449.535,-1449.535;True,Sports,BUFFALO02,20,34,1;;;
Franklin;12:21:54;16:02:16;-1203.331,-1443.463,-1443.463;True,Sports,BUFFALO02,23,67019,1;;;
Franklin;12:21:54;16:02:16;-1193.469,-1436.046,-1436.046;True,Sports,BUFFALO02,24,25855,1;;;
Franklin;12:21:55;16:02:17;-1183.263,-1427.318,-1427.318;True,Sports,BUFFALO02,27,82248,1;;;
Franklin;12:21:55;16:02:17;-1171.445,-1417.734,-1417.734;True,Sports,BUFFALO02,29,32636,0;;;
Franklin;12:21:56;16:02:18;-1159.606,-1409.103,-1409.103;True,Sports,BUFFALO02,25,38714,0;;;
Franklin;12:21:56;16:02:18;-1151.254,-1403.076,-1403.076;True,Sports,BUFFALO02,16,17959,0;;;
Franklin;12:21:57;16:02:19;-1145.462,-1397.726,-1397.726;True,Sports,BUFFALO02,15,67543,1;;;
Franklin;12:21:57;16:02:19;-1140.193,-1390.603,-1390.603;True,Sports,BUFFALO02,17,13556,0;;;
Franklin;12:21:58;16:02:20;-1138.92,-1382.224,-1382.224;True,Sports,BUFFALO02,16,75403,1;;;
Franklin;12:21:58;16:02:20;-1142.28,-1373.93,-1373.93;True,Sports,BUFFALO02,18,58365,1;;;
Franklin;12:21:59;16:02:21;-1147.333,-1364.686,-1364.686;True,Sports,BUFFALO02,22,01571,1;;;
Franklin;12:21:59;16:02:21;-1152.166,-1353.684,-1353.684;True,Sports,BUFFALO02,24,30575,0;;;
Franklin;12:22:00;16:02:22;-1157.075,-1342.066,-1342.066;True,Sports,BUFFALO02,25,28835,1;;;
Franklin;12:22:00;16:02:22;-1161.617,-1329.073,-1329.073;True,Sports,BUFFALO02,27,61627,1;;;
Franklin;12:22:01;16:02:23;-1167.614,-1315.281,-1315.281;True,Sports,BUFFALO02,29,62165,1;;;
Franklin;12:22:02;16:02:23;-1173.789,-1301.046,-1301.046;True,Sports,BUFFALO02,31,1521,1;;;
Franklin;12:22:02;16:02:24;-1180.329,-1285.221,-1285.221;True,Sports,BUFFALO02,33,75101,1;;;
Franklin;12:22:03;16:02:24;-1187.552,-1269.634,-1269.634;True,Sports,BUFFALO02,33,07637,1;;;
Franklin;12:22:03;16:02:25;-1192.948,-1252.906,-1252.906;True,Sports,BUFFALO02,33,88157,1;;;
Franklin;12:22:04;16:02:25;-1198.338,-1235.428,-1235.428;True,Sports,BUFFALO02,37,19983,1;;;
Franklin;12:22:04;16:02:26;-1203.726,-1217.693,-1217.693;True,Sports,BUFFALO02,34,99083,0;;;
Franklin;12:22:05;16:02:27;-1207.829,-1200.27,-1200.27;True,Sports,BUFFALO02,33,45384,0;;;
Franklin;12:22:05;16:02:27;-1213.189,-1184.214,-1184.214;True,Sports,BUFFALO02,33,65516,1;;;
Franklin;12:22:06;16:02:28;-1218.747,-1168.125,-1168.125;True,Sports,BUFFALO02,33,31996,1;;;
Franklin;12:22:06;16:02:28;-1223.978,-1151.337,-1151.337;True,Sports,BUFFALO02,34,76792,1;;;
Franklin;12:22:07;16:02:29;-1228.746,-1133.332,-1133.332;True,Sports,BUFFALO02,36,50276,1;;;
Franklin;12:22:07;16:02:29;-1235.314,-1115.207,-1115.207;True,Sports,BUFFALO02,38,28756,1;;;
Franklin;12:22:08;16:02:30;-1242.354,-1095.511,-1095.511;True,Sports,BUFFALO02,40,85979,1;;;
Franklin;12:22:08;16:02:30;-1247.456,-1074.575,-1074.575;True,Sports,BUFFALO02,41,75906,1;;;
Franklin;12:22:09;16:02:31;-1252.439,-1052.849,-1052.849;True,Sports,BUFFALO02,42,04099,0;;;
Franklin;12:22:09;16:02:31;-1256.951,-1031.523,-1031.523;True,Sports,BUFFALO02,41,98005,1;;;
Franklin;12:22:10;16:02:32;-1263.105,-1010.684,-1010.684;True,Sports,BUFFALO02,42,25092,1;;;
Franklin;12:22:10;16:02:32;-1269.019,-989.6921,-989.6921;True,Sports,BUFFALO02,42,54324,1;;;
Franklin;12:22:11;16:02:33;-1275.394,-968.5291,-968.5291;True,Sports,BUFFALO02,42,6087,1;;;
Franklin;12:22:11;16:02:33;-1280.513,-947.5781,-947.5781;True,Sports,BUFFALO02,38,73225,0;;;
Franklin;12:22:12;16:02:34;-1284.441,-929.058,-929.058;True,Sports,BUFFALO02,34,81306,0;;;
Franklin;12:22:12;16:02:34;-1286.366,-910.9615,-910.9615;True,Sports,BUFFALO02,35,29495,1;;;
Franklin;12:22:13;16:02:35;-1289.8,-893.3382,-893.3382;True,Sports,BUFFALO02,32,56079,0;;;
Franklin;12:22:13;16:02:35;-1297.689,-879.2476,-879.2476;True,Sports,BUFFALO02,30,32819,1;;;
Franklin;12:22:14;16:02:36;-1307.393,-866.8329,-866.8329;True,Sports,BUFFALO02,31,19272,1;;;
Franklin;12:22:15;16:02:36;-1316.929,-853.8226,-853.8226;True,Sports,BUFFALO02,32,10054,1;;;
Franklin;12:22:15;16:02:37;-1327.318,-840.9496,-840.9496;True,Sports,BUFFALO02,31,35913,0;;;
Franklin;12:22:16;16:02:37;-1337.716,-829.1383,-829.1383;True,Sports,BUFFALO02,29,4323,0;;;
Franklin;12:22:16;16:02:38;-1348.573,-819.4905,-819.4905;True,Sports,BUFFALO02,26,60971,0;;;
Franklin;12:22:17;16:02:38;-1357.111,-811.4468,-811.4468;True,Sports,BUFFALO02,18,27967,1;;;
Franklin;12:22:17;16:02:39;-1364.916,-806.26,-806.26;True,Sports,BUFFALO02,17,2557,1;;;
Franklin;12:22:18;16:02:39;-1372.775,-803.0355,-803.0355;True,Sports,BUFFALO02,15,63754,0;;;
Franklin;12:22:18;16:02:40;-1377.977,-797.7879,-797.7879;True,Sports,BUFFALO02,13,67999,1;;;
Franklin;12:22:19;16:02:41;-1380.663,-791.6708,-791.6708;True,Sports,BUFFALO02,13,26695,1;;;
Franklin;12:22:19;16:02:41;-1384.892,-785.4161,-785.4161;True,Sports,BUFFALO02,15,80601,1;;;
Franklin;12:22:20;16:02:42;-1391.942,-780.1304,-780.1304;True,Sports,BUFFALO02,18,57709,1;;;
Franklin;12:22:20;16:02:42;-1400.002,-774.0342,-774.0342;True,Sports,BUFFALO02,20,53543,1;;;
Franklin;12:22:21;16:02:43;-1407.593,-765.7545,-765.7545;True,Sports,BUFFALO02,22,87569,1;;;
Franklin;12:22:21;16:02:43;-1416.658,-757.3659,-757.3659;True,Sports,BUFFALO02,24,34475,1;;;
Franklin;12:22:22;16:02:44;-1426.404,-749.6828,-749.6828;True,Sports,BUFFALO02,23,74874,1;;;
Franklin;12:22:22;16:02:44;-1437.499,-742.0644,-742.0644;True,Sports,BUFFALO02,28,25538,1;;;
Franklin;12:22:23;16:02:45;-1449.592,-732.7167,-732.7167;True,Sports,BUFFALO02,30,67421,1;;;
Franklin;12:22:23;16:02:45;-1461.862,-722.0212,-722.0212;True,Sports,BUFFALO02,31,87915,1;;;
Franklin;12:22:24;16:02:46;-1473.918,-710.1859,-710.1859;True,Sports,BUFFALO02,33,44059,1;;;
Franklin;12:22:24;16:02:46;-1486.964,-698.8278,-698.8278;True,Sports,BUFFALO02,32,67873,0;;;
Franklin;12:22:25;16:02:47;-1499.972,-689.0084,-689.0084;True,Sports,BUFFALO02,29,94603,0;;;
Franklin;12:22:25;16:02:47;-1512.065,-680.6357,-680.6357;True,Sports,BUFFALO02,27,47422,1;;;
Franklin;12:22:26;16:02:48;-1523.517,-671.5407,-671.5407;True,Sports,BUFFALO02,28,56445,1;;;
Franklin;12:22:26;16:02:48;-1536.306,-663.7542,-663.7542;True,Sports,BUFFALO02,29,86391,1;;;
Franklin;12:22:27;16:02:49;-1549.78,-654.6653,-654.6653;True,Sports,BUFFALO02,32,51676,1;;;
Franklin;12:22:28;16:02:49;-1564.097,-644.8093,-644.8093;True,Sports,BUFFALO02,33,65391,0;;;
Franklin;12:22:28;16:02:50;-1578.722,-635.6877,-635.6877;True,Sports,BUFFALO02,33,03545,1;;;
Franklin;12:22:29;16:02:50;-1593.042,-625.5726,-625.5726;True,Sports,BUFFALO02,34,30717,1;;;
Franklin;12:22:29;16:02:51;-1607.39,-614.3278,-614.3278;True,Sports,BUFFALO02,34,62492,0;;;
Franklin;12:22:30;16:02:51;-1619.625,-604.004,-604.004;True,Sports,BUFFALO02,28,56932,0;;;
Franklin;12:22:30;16:02:52;-1631.147,-594.6392,-594.6392;True,Sports,BUFFALO02,28,89734,1;;;
Franklin;12:22:31;16:02:52;-1644.079,-585.4968,-585.4968;True,Sports,BUFFALO02,31,95459,1;;;
Franklin;12:22:31;16:02:53;-1658.045,-575.1196,-575.1196;True,Sports,BUFFALO02,32,67169,0;;;
Franklin;12:22:32;16:02:54;-1670.21,-564.107,-564.107;True,Sports,BUFFALO02,29,79086,0;;;
Franklin;12:22:32;16:02:54;-1681.989,-555.8434,-555.8434;True,Sports,BUFFALO02,26,84888,0;;;
Franklin;12:22:33;16:02:55;-1687.984,-552.5812,-552.5812;True,Sports,BUFFALO02,9,542999,1;;;
Franklin;12:22:33;16:02:55;-1691.754,-553.0981,-553.0981;True,Sports,BUFFALO02,6,401598,1;;;
Franklin;12:22:34;16:02:56;-1695.263,-555.1757,-555.1757;True,Sports,BUFFALO02,9,903345,1;;;
Franklin;12:22:34;16:02:56;-1701.586,-556.2589,-556.2589;True,Sports,BUFFALO02,14,87394,1;;;
Franklin;12:22:35;16:02:57;-1710.458,-556.8265,-556.8265;True,Sports,BUFFALO02,17,31219,0;;;
Franklin;12:22:35;16:02:57;-1720.398,-557.4754,-557.4754;True,Sports,BUFFALO02,20,35921,1;;;
Franklin;12:22:36;16:02:58;-1731.737,-558.1255,-558.1255;True,Sports,BUFFALO02,23,22491,1;;;
Franklin;12:22:36;16:02:58;-1743.765,-556.2751,-556.2751;True,Sports,BUFFALO02,23,24168,1;;;
Franklin;12:22:37;16:02:59;-1754.552,-550.2501,-550.2501;True,Sports,BUFFALO02,24,78744,1;;;
Franklin;12:22:37;16:02:59;-1766.263,-542.919,-542.919;True,Sports,BUFFALO02,28,85158,1;;;
Franklin;12:22:38;16:03:00;-1778.951,-533.6685,-533.6685;True,Sports,BUFFALO02,31,36335,1;;;
Franklin;12:22:38;16:03:00;-1793.156,-524.3689,-524.3689;True,Sports,BUFFALO02,33,08614,1;;;
Franklin;12:22:39;16:03:01;-1808.006,-515.8235,-515.8235;True,Sports,BUFFALO02,32,96332,1;;;
Franklin;12:22:39;16:03:01;-1822.626,-506.2615,-506.2615;True,Sports,BUFFALO02,34,18632,1;;;
Franklin;12:22:40;16:03:02;-1838.181,-497.0645,-497.0645;True,Sports,BUFFALO02,35,6928,1;;;
Franklin;12:22:41;16:03:02;-1854.023,-487.0422,-487.0422;True,Sports,BUFFALO02,37,20451,1;;;
Franklin;12:22:41;16:03:03;-1869.436,-475.0757,-475.0757;True,Sports,BUFFALO02,38,04665,1;;;
Franklin;12:22:42;16:03:03;-1885.526,-463.3545,-463.3545;True,Sports,BUFFALO02,39,03156,1;;;
Franklin;12:22:42;16:03:04;-1902.283,-451.6886,-451.6886;True,Sports,BUFFALO02,40,02583,1;;;
Franklin;12:22:43;16:03:04;-1920.182,-440.7099,-440.7099;True,Sports,BUFFALO02,40,63213,1;;;
Franklin;12:22:43;16:03:05;-1937.865,-429.0474,-429.0474;True,Sports,BUFFALO02,41,31925,1;;;
Franklin;12:22:44;16:03:06;-1955.28,-417.1343,-417.1343;True,Sports,BUFFALO02,37,20392,0;;;
Franklin;12:22:44;16:03:06;-1971.512,-407.7816,-407.7816;True,Sports,BUFFALO02,35,13512,0;;;
Franklin;12:22:45;16:03:07;-1987.103,-399.5004,-399.5004;True,Sports,BUFFALO02,33,30364,0;;;
Franklin;12:22:45;16:03:07;-2001.077,-392.0663,-392.0663;True,Sports,BUFFALO02,28,98924,0;;;
Franklin;12:22:46;16:03:08;-2014.457,-387.0807,-387.0807;True,Sports,BUFFALO02,26,37197,0;;;
Franklin;12:22:46;16:03:08;-2027.464,-387.2814,-387.2814;True,Sports,BUFFALO02,23,9468,0;;;
Franklin;12:22:47;16:03:09;-2039.424,-388.5262,-388.5262;True,Sports,BUFFALO02,22,94468,0;;;
Franklin;12:22:47;16:03:09;-2051.645,-389.7701,-389.7701;True,Sports,BUFFALO02,23,29948,0;;;
Franklin;12:22:48;16:03:10;-2062.873,-388.6006,-388.6006;True,Sports,BUFFALO02,20,32213,0;;;
Franklin;12:22:48;16:03:10;-2072.936,-385.0125,-385.0125;True,Sports,BUFFALO02,21,45295,1;;;
Franklin;12:22:49;16:03:11;-2083.815,-380.672,-380.672;True,Sports,BUFFALO02,23,20025,1;;;
Franklin;12:22:49;16:03:11;-2095.527,-376.8203,-376.8203;True,Sports,BUFFALO02,23,43874,0;;;
Franklin;12:22:50;16:03:12;-2107.322,-372.8303,-372.8303;True,Sports,BUFFALO02,24,0083,0;;;
Franklin;12:22:50;16:03:12;-2119.064,-370.8482,-370.8482;True,Sports,BUFFALO02,21,74369,0;;;
Franklin;12:22:51;16:03:13;-2129.485,-368.2267,-368.2267;True,Sports,BUFFALO02,20,22865,0;;;
Franklin;12:22:51;16:03:13;-2138.716,-365.4307,-365.4307;True,Sports,BUFFALO02,16,44433,0;;;
Franklin;12:22:52;16:03:14;-2146.589,-363.3766,-363.3766;True,Sports,BUFFALO02,15,43011,1;;;
Franklin;12:22:52;16:03:14;-2155.019,-361.0049,-361.0049;True,Sports,BUFFALO02,18,16232,1;;;
Franklin;12:22:53;16:03:15;-2163.679,-361.0223,-361.0223;True,Sports,BUFFALO02,15,39983,0;;;
Franklin;12:22:54;16:03:15;-2169.2,-364.5515,-364.5515;True,Sports,BUFFALO02,11,74151,1;;;
Franklin;12:22:54;16:03:16;-2171.543,-370.4719,-370.4719;True,Sports,BUFFALO02,13,69815,1;;;
Franklin;12:22:55;16:03:16;-2172.509,-378.3958,-378.3958;True,Sports,BUFFALO02,18,52689,1;;;
Franklin;12:22:55;16:03:17;-2172.08,-389.2845,-389.2845;True,Sports,BUFFALO02,22,37198,1;;;
Franklin;12:22:56;16:03:17;-2173.369,-400.8346,-400.8346;True,Sports,BUFFALO02,21,61499,0;;;
Franklin;12:22:56;16:03:18;-2175.484,-408.9429,-408.9429;True,Sports,BUFFALO02,10,66488,0;;;
Franklin;12:22:57;16:03:19;-2176.814,-413.6039,-413.6039;True,Sports,BUFFALO02,5,915963,0;;;
Franklin;12:22:57;16:03:19;-2177.16,-414.7527,-414.7527;True,Sports,BUFFALO02,0,08039537,0;;;
Franklin;12:22:58;16:03:20;-2177.156,-414.7457,-414.7457;True,Sports,BUFFALO02,0,003677057,0;;;
Franklin;12:22:58;16:03:20;-2175.814,-414.9782,-414.9782;;;;
Franklin;12:22:59;16:03:21;-2175.778,-414.8418,-414.8418;;;;
Franklin;12:22:59;16:03:21;-2175.765,-414.7836,-414.7836;;;;
Franklin;12:23:00;16:03:22;-2175.77,-414.6912,-414.6912;;;;
Franklin;12:23:00;16:03:22;-2175.889,-414.9514,-414.9514;;;;
Franklin;12:23:01;16:03:23;-2176.069,-416.0124,-416.0124;;;;
Franklin;12:23:01;16:03:23;-2176.345,-418.2542,-418.2542;;;;
Franklin;12:23:02;16:03:24;-2177.287,-421.3836,-421.3836;;;;
Franklin;12:23:02;16:03:24;-2179.253,-423.093,-423.093;;;;
Franklin;12:23:03;16:03:25;-2179.705,-425.0821,-425.0821;;;;
Franklin;12:23:03;16:03:25;-2180.254,-427.5195,-427.5195;;;;
Franklin;12:23:04;16:03:26;-2180.271,-427.6121,-427.6121;;;;
Franklin;12:23:04;16:03:26;-2180.271,-427.6371,-427.6371;;;;
Franklin;12:23:05;16:03:27;-2180.275,-427.6827,-427.6827;;;;
Franklin;12:23:05;16:03:27;-2180.296,-427.7418,-427.7418;;;;
Franklin;12:23:06;16:03:28;-2180.296,-427.7422,-427.7422;;;;
Franklin;12:23:07;16:03:28;-2180.296,-427.7422,-427.7422;;;;
Franklin;12:23:07;16:03:29;-2180.296,-427.7422,-427.7422;;;;
Franklin;12:23:08;16:03:29;-2180.296,-427.7422,-427.7422;;;;
Franklin;12:23:08;16:03:30;-2180.296,-427.7422,-427.7422;;;;
Franklin;12:23:09;16:03:30;-2180.296,-427.7421,-427.7421;;;;
Franklin;12:23:09;16:03:31;-2180.296,-427.742,-427.742;;;;
Franklin;12:23:10;16:03:32;-2180.296,-427.742,-427.742;;;;
Franklin;12:23:10;16:03:32;-2180.296,-427.742,-427.742;;;;
Franklin;12:23:11;16:03:33;-2180.296,-427.742,-427.742;;;;
Franklin;12:23:11;16:03:33;-2180.296,-427.742,-427.742;;;;
Franklin;12:23:12;16:03:34;-2180.296,-427.742,-427.742;;;;
Franklin;12:23:12;16:03:34;-2180.296,-427.742,-427.742;;;;
Franklin;12:23:13;16:03:35;-2180.296,-427.742,-427.742;;;;
Franklin;12:23:13;16:03:35;-2180.296,-427.742,-427.742;;;;
Franklin;12:23:14;16:03:36;-2180.275,-427.69,-427.69;;;;
Franklin;12:23:14;16:03:36;-2179.637,-426.555,-426.555;;;;
Franklin;12:23:15;16:03:37;-2177.96,-423.397,-423.397;;;;
Franklin;12:23:15;16:03:37;-2176.445,-419.9193,-419.9193;;;;
Franklin;12:23:16;16:03:38;-2176.312,-416.5137,-416.5137;;;;
Franklin;12:23:16;16:03:38;-2175.825,-414.7389,-414.7389;;;;
Franklin;12:23:17;16:03:39;-2176.624,-414.9714,-414.9714;;;;
Franklin;12:23:17;16:03:39;-2177.157,-414.7465,-414.7465;True,Sports,BUFFALO02,0,0;;;
Franklin;12:23:18;16:03:40;-2177.157,-414.7465,-414.7465;True,Sports,BUFFALO02,0,0;;;
Franklin;12:23:18;16:03:40;-2177.159,-414.7385,-414.7385;True,Sports,BUFFALO02,0,1337655,-1;;;
Franklin;12:23:19;16:03:41;-2177.152,-414.2239,-414.2239;True,Sports,BUFFALO02,1,876488,-1;;;
Franklin;12:23:20;16:03:41;-2176.901,-412.6606,-412.6606;True,Sports,BUFFALO02,4,190635,-1;;;
Franklin;12:23:20;16:03:42;-2175.54,-410.0151,-410.0151;True,Sports,BUFFALO02,7,290339,-1;;;
Franklin;12:23:21;16:03:42;-2171.792,-407.8819,-407.8819;True,Sports,BUFFALO02,8,236456,0;;;
Franklin;12:23:21;16:03:43;-2169.983,-407.671,-407.671;True,Sports,BUFFALO02,0,7302612,1;;;
Franklin;12:23:22;16:03:43;-2170.393,-406.8109,-406.8109;True,Sports,BUFFALO02,2,929221,1;;;
Franklin;12:23:22;16:03:44;-2170.814,-404.5571,-404.5571;True,Sports,BUFFALO02,6,403818,1;;;
Franklin;12:23:23;16:03:45;-2171.793,-400.0296,-400.0296;True,Sports,BUFFALO02,11,3286,1;;;
Franklin;12:23:23;16:03:45;-2175.257,-395.0919,-395.0919;True,Sports,BUFFALO02,12,53897,1;;;
Franklin;12:23:24;16:03:46;-2180.504,-389.9115,-389.9115;True,Sports,BUFFALO02,15,62775,1;;;
Franklin;12:23:24;16:03:46;-2187.043,-383.4691,-383.4691;True,Sports,BUFFALO02,18,99547,1;;;
Franklin;12:23:25;16:03:47;-2194.651,-375.8729,-375.8729;True,Sports,BUFFALO02,21,12531,0;;;
Franklin;12:23:25;16:03:47;-2200.894,-368.2802,-368.2802;True,Sports,BUFFALO02,16,26575,0;;;
Franklin;12:23:26;16:03:48;-2202.919,-361.4726,-361.4726;True,Sports,BUFFALO02,11,36915,1;;;
Franklin;12:23:26;16:03:48;-2201.131,-357.1468,-357.1468;True,Sports,BUFFALO02,7,661284,1;;;
Franklin;12:23:27;16:03:49;-2197.315,-354.6488,-354.6488;True,Sports,BUFFALO02,10,43785,1;;;
Franklin;12:23:27;16:03:49;-2191.123,-353.6225,-353.6225;True,Sports,BUFFALO02,14,29588,1;;;
Franklin;12:23:28;16:03:50;-2182.388,-354.9318,-354.9318;True,Sports,BUFFALO02,18,88505,1;;;
Franklin;12:23:28;16:03:50;-2173.03,-357.9514,-357.9514;True,Sports,BUFFALO02,20,18101,1;;;
Franklin;12:23:29;16:03:51;-2161.723,-361.7268,-361.7268;True,Sports,BUFFALO02,24,27614,1;;;
Franklin;12:23:29;16:03:51;-2149.845,-364.9012,-364.9012;True,Sports,BUFFALO02,24,22048,1;;;
Franklin;12:23:30;16:03:52;-2137.713,-369.6824,-369.6824;True,Sports,BUFFALO02,26,18379,1;;;
Franklin;12:23:30;16:03:52;-2123.983,-373.9562,-373.9562;True,Sports,BUFFALO02,28,55705,1;;;
Franklin;12:23:31;16:03:53;-2109.204,-377.8961,-377.8961;True,Sports,BUFFALO02,30,38653,1;;;
Franklin;12:23:32;16:03:53;-2092.955,-380.7614,-380.7614;True,Sports,BUFFALO02,32,16868,1;;;
Franklin;12:23:32;16:03:54;-2075.971,-382.4091,-382.4091;True,Sports,BUFFALO02,33,71589,0;;;
Franklin;12:23:33;16:03:54;-2058.958,-383.9618,-383.9618;True,Sports,BUFFALO02,31,46584,0;;;
Franklin;12:23:33;16:03:55;-2043.23,-385.8814,-385.8814;True,Sports,BUFFALO02,29,459,0;;;
Franklin;12:23:34;16:03:56;-2027.911,-387.2609,-387.2609;True,Sports,BUFFALO02,27,72384,0;;;
Franklin;12:23:34;16:03:56;-2013.304,-389.6187,-389.6187;True,Sports,BUFFALO02,30,0304,1;;;
Franklin;12:23:35;16:03:57;-1998.621,-396.437,-396.437;True,Sports,BUFFALO02,31,93068,1;;;
Franklin;12:23:35;16:03:57;-1983.96,-404.7166,-404.7166;True,Sports,BUFFALO02,33,03524,1;;;
Franklin;12:23:36;16:03:58;-1968.821,-412.7436,-412.7436;True,Sports,BUFFALO02,33,43001,1;;;
Franklin;12:23:36;16:03:58;-1954.075,-422.2564,-422.2564;True,Sports,BUFFALO02,33,69011,1;;;
Franklin;12:23:37;16:03:59;-1939.734,-432.071,-432.071;True,Sports,BUFFALO02,32,6464,1;;;
Franklin;12:23:37;16:03:59;-1925.797,-441.6842,-441.6842;True,Sports,BUFFALO02,33,44928,1;;;
Franklin;12:23:38;16:04:00;-1911.318,-451.3226,-451.3226;True,Sports,BUFFALO02,34,1192,1;;;
Franklin;12:23:38;16:04:00;-1895.798,-460.5152,-460.5152;True,Sports,BUFFALO02,34,7383,1;;;
Franklin;12:23:39;16:04:01;-1881.129,-471.2121,-471.2121;True,Sports,BUFFALO02,35,03106,1;;;
Franklin;12:23:39;16:04:01;-1866.911,-482.8868,-482.8868;True,Sports,BUFFALO02,35,54707,1;;;
Franklin;12:23:40;16:04:02;-1852.001,-494.212,-494.212;True,Sports,BUFFALO02,37,29867,1;;;
Franklin;12:23:40;16:04:02;-1835.393,-505.2326,-505.2326;True,Sports,BUFFALO02,38,54904,1;;;
Franklin;12:23:41;16:04:03;-1818.46,-516.1927,-516.1927;True,Sports,BUFFALO02,38,78715,1;;;
Franklin;12:23:41;16:04:03;-1801.742,-527.0679,-527.0679;True,Sports,BUFFALO02,38,76628,1;;;
Franklin;12:23:42;16:04:04;-1785.238,-536.9351,-536.9351;True,Sports,BUFFALO02,33,0133,0;;;
Franklin;12:23:42;16:04:04;-1772.704,-544.0737,-544.0737;True,Sports,BUFFALO02,25,96183,0;;;
Franklin;12:23:43;16:04:05;-1760.378,-549.3775,-549.3775;True,Sports,BUFFALO02,26,25944,1;;;
Franklin;12:23:44;16:04:05;-1748.26,-555.2081,-555.2081;True,Sports,BUFFALO02,24,48721,0;;;
Franklin;12:23:44;16:04:06;-1736.709,-558.6363,-558.6363;True,Sports,BUFFALO02,22,24148,1;;;
Franklin;12:23:45;16:04:06;-1725.685,-556.5605,-556.5605;True,Sports,BUFFALO02,22,45982,1;;;
Franklin;12:23:45;16:04:07;-1713.826,-553.7365,-553.7365;True,Sports,BUFFALO02,23,33026,1;;;
Franklin;12:23:46;16:04:07;-1701.546,-554.8881,-554.8881;True,Sports,BUFFALO02,24,4873,1;;;
Franklin;12:23:46;16:04:08;-1689.186,-559.9095,-559.9095;True,Sports,BUFFALO02,26,71703,1;;;
Franklin;12:23:47;16:04:09;-1677.69,-568.5052,-568.5052;True,Sports,BUFFALO02,29,34405,1;;;
Franklin;12:23:47;16:04:09;-1664.274,-576.4376,-576.4376;True,Sports,BUFFALO02,28,97194,0;;;
Franklin;12:23:48;16:04:10;-1650.487,-578.1505,-578.1505;True,Sports,BUFFALO02,24,39844,0;;;
Franklin;12:23:48;16:04:10;-1639.223,-574.9535,-574.9535;True,Sports,BUFFALO02,22,45059,1;;;
Franklin;12:23:49;16:04:11;-1629.998,-567.4769,-567.4769;True,Sports,BUFFALO02,24,23484,1;;;
Franklin;12:23:49;16:04:11;-1622.766,-557.6668,-557.6668;True,Sports,BUFFALO02,23,69997,1;;;
Franklin;12:23:50;16:04:12;-1613.207,-549.0699,-549.0699;True,Sports,BUFFALO02,25,6336,1;;;
Franklin;12:23:50;16:04:12;-1602.338,-540.6132,-540.6132;True,Sports,BUFFALO02,27,46847,1;;;
Franklin;12:23:51;16:04:13;-1591.184,-531.1266,-531.1266;True,Sports,BUFFALO02,28,83716,1;;;
Franklin;12:23:51;16:04:13;-1578.605,-522.1549,-522.1549;True,Sports,BUFFALO02,31,18365,1;;;
Franklin;12:23:52;16:04:14;-1564.421,-513.187,-513.187;True,Sports,BUFFALO02,32,67043,1;;;
Franklin;12:23:52;16:04:14;-1549.866,-504.1067,-504.1067;True,Sports,BUFFALO02,33,43274,1;;;
Franklin;12:23:53;16:04:15;-1534.95,-494.8701,-494.8701;True,Sports,BUFFALO02,33,00661,1;;;
Franklin;12:23:53;16:04:15;-1519.665,-486.3242,-486.3242;True,Sports,BUFFALO02,33,8791,1;;;
Franklin;12:23:54;16:04:16;-1503.879,-477.9904,-477.9904;True,Sports,BUFFALO02,34,86797,1;;;
Franklin;12:23:54;16:04:16;-1488.454,-468.4583,-468.4583;True,Sports,BUFFALO02,35,64289,1;;;
Franklin;12:23:55;16:04:17;-1472.215,-458.7154,-458.7154;True,Sports,BUFFALO02,37,70138,1;;;
Franklin;12:23:55;16:04:17;-1455.179,-448.2731,-448.2731;True,Sports,BUFFALO02,39,22292,1;;;
Franklin;12:23:56;16:04:18;-1437.969,-436.7302,-436.7302;True,Sports,BUFFALO02,39,96092,1;;;
Franklin;12:23:57;16:04:18;-1420.455,-425.0727,-425.0727;True,Sports,BUFFALO02,40,25528,1;;;
Franklin;12:23:57;16:04:19;-1402.672,-413.7294,-413.7294;True,Sports,BUFFALO02,40,4454,1;;;
Franklin;12:23:58;16:04:19;-1384.662,-401.9702,-401.9702;True,Sports,BUFFALO02,41,31694,0;;;
Franklin;12:23:58;16:04:20;-1367.837,-390.152,-390.152;True,Sports,BUFFALO02,38,56661,0;;;
Franklin;12:23:59;16:04:20;-1351.237,-380.1537,-380.1537;True,Sports,BUFFALO02,36,02819,0;;;
Franklin;12:23:59;16:04:21;-1335.393,-371.4187,-371.4187;True,Sports,BUFFALO02,33,36059,0;;;
Franklin;12:24:00;16:04:22;-1319.403,-365.9637,-365.9637;True,Sports,BUFFALO02,32,52818,1;;;
Franklin;12:24:00;16:04:22;-1303.725,-359.218,-359.218;True,Sports,BUFFALO02,33,45452,1;;;
Franklin;12:24:01;16:04:23;-1288.942,-349.898,-349.898;True,Sports,BUFFALO02,32,9478,1;;;
Franklin;12:24:01;16:04:23;-1273.543,-341.3501,-341.3501;True,Sports,BUFFALO02,33,8256,1;;;
Franklin;12:24:02;16:04:24;-1257.809,-332.7566,-332.7566;True,Sports,BUFFALO02,34,80456,1;;;
Franklin;12:24:02;16:04:24;-1241.976,-323.4054,-323.4054;True,Sports,BUFFALO02,35,9823,1;;;
Franklin;12:24:03;16:04:25;-1225.091,-314.5054,-314.5054;True,Sports,BUFFALO02,37,44063,1;;;
Franklin;12:24:03;16:04:25;-1207.618,-305.1313,-305.1313;True,Sports,BUFFALO02,39,23143,1;;;
Franklin;12:24:04;16:04:26;-1189.363,-294.7044,-294.7044;True,Sports,BUFFALO02,40,01125,0;;;
Franklin;12:24:04;16:04:26;-1171.694,-285.5163,-285.5163;True,Sports,BUFFALO02,34,35901,0;;;
Franklin;12:24:05;16:04:27;-1156.424,-277.1556,-277.1556;True,Sports,BUFFALO02,31,96349,0;;;
Franklin;12:24:05;16:04:27;-1143.11,-268.1625,-268.1625;True,Sports,BUFFALO02,29,60878,0;;;
Franklin;12:24:06;16:04:28;-1131.63,-258.603,-258.603;True,Sports,BUFFALO02,27,40556,0;;;
Franklin;12:24:06;16:04:28;-1121.295,-249.7405,-249.7405;True,Sports,BUFFALO02,25,34196,0;;;
Franklin;12:24:07;16:04:29;-1111.293,-241.1751,-241.1751;True,Sports,BUFFALO02,26,53808,1;;;
Franklin;12:24:07;16:04:29;-1099.859,-231.5077,-231.5077;True,Sports,BUFFALO02,30,63162,1;;;
Franklin;12:24:08;16:04:30;-1086.857,-220.8893,-220.8893;True,Sports,BUFFALO02,33,71152,1;;;
Franklin;12:24:09;16:04:30;-1072.073,-211.7545,-211.7545;True,Sports,BUFFALO02,33,04818,1;;;
Franklin;12:24:09;16:04:31;-1055.87,-205.0688,-205.0688;True,Sports,BUFFALO02,34,29169,1;;;
Franklin;12:24:10;16:04:31;-1038.629,-199.4412,-199.4412;True,Sports,BUFFALO02,36,14772,1;;;
Franklin;12:24:10;16:04:32;-1020.426,-192.153,-192.153;True,Sports,BUFFALO02,38,60584,1;;;
Franklin;12:24:11;16:04:32;-1002.053,-182.8868,-182.8868;True,Sports,BUFFALO02,39,50879,1;;;
Franklin;12:24:11;16:04:33;-983.1818,-172.6547,-172.6547;True,Sports,BUFFALO02,41,66917,1;;;
Franklin;12:24:12;16:04:34;-963.6071,-162.9405,-162.9405;True,Sports,BUFFALO02,42,66747,1;;;
Franklin;12:24:12;16:04:34;-943.2043,-154.0291,-154.0291;True,Sports,BUFFALO02,42,01164,1;;;
Franklin;12:24:13;16:04:35;-923.653,-144.4453,-144.4453;True,Sports,BUFFALO02,42,28685,1;;;
Franklin;12:24:13;16:04:35;-904.202,-134.0443,-134.0443;True,Sports,BUFFALO02,42,63883,1;;;
Franklin;12:24:14;16:04:36;-884.6055,-123.5978,-123.5978;True,Sports,BUFFALO02,43,49918,1;;;
Franklin;12:24:14;16:04:36;-864.1791,-112.7851,-112.7851;True,Sports,BUFFALO02,44,66573,1;;;
Franklin;12:24:15;16:04:37;-843.5809,-102.0032,-102.0032;True,Sports,BUFFALO02,45,38033,1;;;
Franklin;12:24:15;16:04:37;-822.5447,-91.05283,-91.05283;True,Sports,BUFFALO02,44,50691,0;;;
Franklin;12:24:16;16:04:38;-802.726,-80.87362,-80.87362;True,Sports,BUFFALO02,41,74486,0;;;
Franklin;12:24:16;16:04:38;-784.2167,-71.47275,-71.47275;True,Sports,BUFFALO02,37,19794,0;;;
Franklin;12:24:17;16:04:39;-768.6279,-63.43407,-63.43407;True,Sports,BUFFALO02,31,87426,0;;;
Franklin;12:24:17;16:04:39;-755.508,-54.47353,-54.47353;True,Sports,BUFFALO02,29,41919,0;;;
Franklin;12:24:18;16:04:40;-744.3227,-45.0677,-45.0677;True,Sports,BUFFALO02,27,1032,0;;;
Franklin;12:24:18;16:04:40;-735.2222,-35.24228,-35.24228;True,Sports,BUFFALO02,24,98193,0;;;
Franklin;12:24:19;16:04:41;-728.0201,-25.03522,-25.03522;True,Sports,BUFFALO02,22,51971,0;;;
Franklin;12:24:19;16:04:41;-725.0649,-14.43667,-14.43667;True,Sports,BUFFALO02,19,83943,1;;;
Franklin;12:24:20;16:04:42;-726.3937,-3.792197,-3.792197;True,Sports,BUFFALO02,22,34348,1;;;
Franklin;12:24:21;16:04:42;-729.087,8.186686,8.186686;True,Sports,BUFFALO02,23,98999,0;;;
Franklin;12:24:21;16:04:43;-732.6204,19.57114,19.57114;True,Sports,BUFFALO02,23,4492,1;;;
Franklin;12:24:22;16:04:43;-736.4783,31.36777,31.36777;True,Sports,BUFFALO02,24,85871,1;;;
Franklin;12:24:22;16:04:44;-740.329,43.21083,43.21083;True,Sports,BUFFALO02,25,21401,1;;;
Franklin;12:24:23;16:04:44;-742.7451,55.40189,55.40189;True,Sports,BUFFALO02,24,73691,0;;;
Franklin;12:24:23;16:04:45;-744.8929,67.07446,67.07446;True,Sports,BUFFALO02,22,68085,0;;;
Franklin;12:24:24;16:04:45;-746.859,78.06739,78.06739;True,Sports,BUFFALO02,20,22761,0;;;
Franklin;12:24:24;16:04:46;-747.6166,88.69598,88.69598;True,Sports,BUFFALO02,20,86162,1;;;
Franklin;12:24:25;16:04:47;-745.8821,100.4514,100.4514;True,Sports,BUFFALO02,24,08648,1;;;
Franklin;12:24:25;16:04:47;-744.5035,112.743,112.743;True,Sports,BUFFALO02,23,74056,1;;;
Franklin;12:24:26;16:04:48;-746.4396,125.7076,125.7076;True,Sports,BUFFALO02,27,20699,1;;;
Franklin;12:24:26;16:04:48;-749.856,139.5664,139.5664;True,Sports,BUFFALO02,28,7583,1;;;
Franklin;12:24:27;16:04:49;-752.6249,154.0891,154.0891;True,Sports,BUFFALO02,31,33372,1;;;
Franklin;12:24:27;16:04:49;-755.022,169.8481,169.8481;True,Sports,BUFFALO02,31,07983,0;;;
Franklin;12:24:28;16:04:50;-757.01,183.3406,183.3406;True,Sports,BUFFALO02,22,57694,0;;;
Franklin;12:24:28;16:04:50;-757.8965,194.0396,194.0396;True,Sports,BUFFALO02,19,73359,0;;;
Franklin;12:24:29;16:04:51;-758.152,203.8211,203.8211;True,Sports,BUFFALO02,18,05447,0;;;
Franklin;12:24:29;16:04:51;-756.2639,212.1423,212.1423;True,Sports,BUFFALO02,15,02727,0;;;
Franklin;12:24:30;16:04:52;-750.6933,216.7319,216.7319;True,Sports,BUFFALO02,14,16184,1;;;
Franklin;12:24:30;16:04:52;-742.8829,217.7603,217.7603;True,Sports,BUFFALO02,16,87038,1;;;
Franklin;12:24:31;16:04:53;-733.3795,219.9101,219.9101;True,Sports,BUFFALO02,20,1354,1;;;
Franklin;12:24:31;16:04:53;-723.5109,224.5519,224.5519;True,Sports,BUFFALO02,20,60995,0;;;
Franklin;12:24:32;16:04:54;-714.1497,229.546,229.546;True,Sports,BUFFALO02,21,26997,1;;;
Franklin;12:24:32;16:04:54;-704.3196,234.7992,234.7992;True,Sports,BUFFALO02,20,61797,0;;;
Franklin;12:24:33;16:04:55;-695.3581,239.5391,239.5391;True,Sports,BUFFALO02,18,4144,0;;;
Franklin;12:24:34;16:04:55;-687.001,242.7326,242.7326;True,Sports,BUFFALO02,16,29093,0;;;
Franklin;12:24:34;16:04:56;-679.7516,245.6578,245.6578;True,Sports,BUFFALO02,14,0985,0;;;
Franklin;12:24:35;16:04:56;-674.3884,249.2597,249.2597;True,Sports,BUFFALO02,9,596762,0;;;
Franklin;12:24:35;16:04:57;-671.2079,252.4076,252.4076;True,Sports,BUFFALO02,7,883193,0;;;
Franklin;12:24:36;16:04:57;-668.6922,255.009,255.009;True,Sports,BUFFALO02,6,202797,0;;;
Franklin;12:24:36;16:04:58;-666.7214,256.9781,256.9781;True,Sports,BUFFALO02,4,414902,1;;;
Franklin;12:24:37;16:04:59;-664.3071,258.3325,258.3325;True,Sports,BUFFALO02,5,350729,0;;;
Franklin;12:24:37;16:04:59;-662.2324,259.42,259.42;True,Sports,BUFFALO02,4,102474,1;;;
Franklin;12:24:38;16:05:00;-660.2228,259.7171,259.7171;True,Sports,BUFFALO02,3,184554,0;;;
Franklin;12:24:38;16:05:00;-659.9031,259.7828,259.7828;True,Sports,BUFFALO02,0,01841595,0;;;
Franklin;12:24:39;16:05:01;-659.9047,259.783,259.783;True,Sports,BUFFALO02,0,01105155,0;;;
Franklin;12:24:39;16:05:01;-660.2137,261.0946,261.0946;;;;
Franklin;12:24:40;16:05:02;-660.332,261.0805,261.0805;;;;
Franklin;12:24:40;16:05:02;-660.3802,261.0706,261.0706;;;;
Franklin;12:24:41;16:05:03;-660.4412,261.0565,261.0565;;;;
Franklin;12:24:41;16:05:03;-660.5726,261.0157,261.0157;;;;
Franklin;12:24:42;16:05:04;-660.5928,260.9345,260.9345;;;;
Franklin;12:24:42;16:05:04;-660.5928,260.9345,260.9345;;;;
Franklin;12:24:43;16:05:05;-660.5928,260.9345,260.9345;;;;
Franklin;12:24:43;16:05:05;-660.5928,260.9345,260.9345;;;;
Franklin;12:24:44;16:05:06;-660.4853,260.99,260.99;;;;
Franklin;12:24:44;16:05:06;-659.9985,261.5967,261.5967;;;;
Franklin;12:24:45;16:05:07;-658.9791,263.2385,263.2385;;;;
Franklin;12:24:45;16:05:07;-656.166,264.4699,264.4699;;;;
Franklin;12:24:46;16:05:08;-652.7727,263.8272,263.8272;;;;
Franklin;12:24:47;16:05:08;-649.3489,262.8369,262.8369;;;;
Franklin;12:24:47;16:05:09;-647.298,260.6974,260.6974;;;;
Franklin;12:24:48;16:05:09;-649.2046,259.1201,259.1201;;;;
Franklin;12:24:48;16:05:10;-651.9755,258.7127,258.7127;;;;
Franklin;12:24:49;16:05:10;-652.7036,256.3107,256.3107;;;;
Franklin;12:24:49;16:05:11;-652.8585,252.7354,252.7354;;;;
Franklin;12:24:50;16:05:11;-652.89,250.9857,250.9857;;;;
Franklin;12:24:50;16:05:12;-652.877,251.0718,251.0718;;;;
Franklin;12:24:51;16:05:13;-652.877,251.0718,251.0718;;;;
Franklin;12:24:51;16:05:13;-652.877,251.0718,251.0718;;;;
Franklin;12:24:52;16:05:14;-652.877,251.0718,251.0718;;;;
Franklin;12:24:52;16:05:14;-652.877,251.0718,251.0718;;;;
Franklin;12:24:53;16:05:15;-652.877,251.0718,251.0718;;;;
Franklin;12:24:53;16:05:15;-652.877,251.0718,251.0718;;;;
Franklin;12:24:54;16:05:16;-652.877,251.0718,251.0718;;;;
Franklin;12:24:54;16:05:16;-652.877,251.0718,251.0718;;;;
Franklin;12:24:55;16:05:17;-652.877,251.0718,251.0718;;;;
Franklin;12:24:55;16:05:17;-653.4636,251.6972,251.6972;;;;
Franklin;12:24:56;16:05:18;-655.3256,253.4702,253.4702;;;;
Franklin;12:24:56;16:05:18;-658.7011,253.7584,253.7584;;;;
Franklin;12:24:57;16:05:19;-659.379,253.9569,253.9569;;;;
Franklin;12:24:57;16:05:19;-660.0607,254.8899,254.8899;;;;
Franklin;12:24:58;16:05:20;-660.7244,257.9039,257.9039;;;;
Franklin;12:24:58;16:05:20;-659.954,258.4564,258.4564;;;;
Franklin;12:24:59;16:05:21;-659.6973,259.3936,259.3936;;;;
Franklin;12:25:00;16:05:21;-659.9052,259.7826,259.7826;True,Sports,BUFFALO02,0,0;;;
Franklin;12:25:00;16:05:22;-659.9052,259.7826,259.7826;True,Sports,BUFFALO02,0,0;;;
Franklin;12:25:01;16:05:22;-659.9052,259.7826,259.7826;True,Sports,BUFFALO02,0,0;;;
Franklin;12:25:01;16:05:23;-659.9052,259.7826,259.7826;True,Sports,BUFFALO02,0,0;;;
Franklin;12:25:02;16:05:23;-659.8806,259.7878,259.7878;True,Sports,BUFFALO02,0,3632348,1;;;
Franklin;12:25:02;16:05:24;-659.0999,259.9523,259.9523;True,Sports,BUFFALO02,2,835061,1;;;
Franklin;12:25:03;16:05:24;-656.7172,260.2387,260.2387;True,Sports,BUFFALO02,6,512475,1;;;
Franklin;12:25:03;16:05:25;-651.8066,260.6787,260.6787;True,Sports,BUFFALO02,11,71143,0;;;
Franklin;12:25:04;16:05:26;-645.6591,261.4204,261.4204;True,Sports,BUFFALO02,13,08303,1;;;
Franklin;12:25:04;16:05:26;-638.2656,261.1744,261.1744;True,Sports,BUFFALO02,15,6588,1;;;
Franklin;12:25:05;16:05:27;-629.537,260.3085,260.3085;True,Sports,BUFFALO02,18,28214,1;;;
Franklin;12:25:05;16:05:27;-619.3687,260.0548,260.0548;True,Sports,BUFFALO02,20,8807,1;;;
Franklin;12:25:06;16:05:28;-608.0027,259.0435,259.0435;True,Sports,BUFFALO02,23,10371,1;;;
Franklin;12:25:06;16:05:28;-595.8059,257.8086,257.8086;True,Sports,BUFFALO02,23,85654,0;;;
Franklin;12:25:07;16:05:29;-583.4189,256.5309,256.5309;True,Sports,BUFFALO02,23,31941,0;;;
Franklin;12:25:07;16:05:29;-572.0688,255.5251,255.5251;True,Sports,BUFFALO02,20,06647,0;;;
Franklin;12:25:08;16:05:30;-562.1113,256.6784,256.6784;True,Sports,BUFFALO02,19,63385,1;;;
Franklin;12:25:08;16:05:30;-552.9758,261.6379,261.6379;True,Sports,BUFFALO02,20,98953,1;;;
Franklin;12:25:09;16:05:31;-545.007,269.9295,269.9295;True,Sports,BUFFALO02,23,20177,1;;;
Franklin;12:25:09;16:05:31;-539.6609,281.2162,281.2162;True,Sports,BUFFALO02,23,58738,0;;;
Franklin;12:25:10;16:05:32;-535.4685,293.0296,293.0296;True,Sports,BUFFALO02,24,92327,1;;;
Franklin;12:25:10;16:05:32;-532.6044,306.5745,306.5745;True,Sports,BUFFALO02,27,29458,1;;;
Franklin;12:25:11;16:05:33;-530.3051,321.2401,321.2401;True,Sports,BUFFALO02,28,93428,1;;;
Franklin;12:25:11;16:05:33;-529.1761,336.4973,336.4973;True,Sports,BUFFALO02,30,42035,1;;;
Franklin;12:25:12;16:05:34;-529.3847,352.7715,352.7715;True,Sports,BUFFALO02,32,0059,1;;;
Franklin;12:25:13;16:05:34;-531.3144,369.5236,369.5236;True,Sports,BUFFALO02,33,13234,1;;;
Franklin;12:25:13;16:05:35;-532.9474,386.6787,386.6787;True,Sports,BUFFALO02,32,4285,1;;;
Franklin;12:25:14;16:05:35;-533.2828,402.3574,402.3574;True,Sports,BUFFALO02,29,32957,0;;;
Franklin;12:25:14;16:05:36;-533.5157,416.7676,416.7676;True,Sports,BUFFALO02,28,42375,1;;;
Franklin;12:25:15;16:05:36;-535.866,430.526,430.526;True,Sports,BUFFALO02,27,296,1;;;
Franklin;12:25:15;16:05:37;-540.5767,443.8669,443.8669;True,Sports,BUFFALO02,28,20522,1;;;
Franklin;12:25:16;16:05:37;-545.9528,457.8705,457.8705;True,Sports,BUFFALO02,29,46742,1;;;
Franklin;12:25:16;16:05:38;-551.5856,472.6744,472.6744;True,Sports,BUFFALO02,31,60828,1;;;
Franklin;12:25:17;16:05:39;-556.0195,488.9018,488.9018;True,Sports,BUFFALO02,33,22676,1;;;
Franklin;12:25:17;16:05:39;-556.532,506.0547,506.0547;True,Sports,BUFFALO02,31,69974,0;;;
Franklin;12:25:18;16:05:40;-551.718,519.9841,519.9841;True,Sports,BUFFALO02,26,07116,1;Damn, I ain't got much time left.;FRANKLIN;OJAS_HSAA
Franklin;12:25:18;16:05:40;-542.566,529.5379,529.5379;True,Sports,BUFFALO02,26,26256,1;;;
Franklin;12:25:19;16:05:41;-532.497,539.1316,539.1316;True,Sports,BUFFALO02,27,381,1;;;
Franklin;12:25:19;16:05:41;-523.3753,550.2266,550.2266;True,Sports,BUFFALO02,28,0479,1;;;
Franklin;12:25:20;16:05:42;-514.2581,561.2338,561.2338;True,Sports,BUFFALO02,27,18877,0;;;
Franklin;12:25:20;16:05:42;-505.8708,571.7399,571.7399;True,Sports,BUFFALO02,25,97189,1;;;
Franklin;12:25:21;16:05:43;-500.838,583.7085,583.7085;True,Sports,BUFFALO02,24,1397,1;;;
Franklin;12:25:21;16:05:43;-500.4515,595.8202,595.8202;True,Sports,BUFFALO02,23,66323,1;;;
Franklin;12:25:22;16:05:44;-502.1965,608.3287,608.3287;True,Sports,BUFFALO02,25,10019,1;;;
Franklin;12:25:22;16:05:44;-504.9415,620.425,620.425;True,Sports,BUFFALO02,25,06013,1;;;
Franklin;12:25:23;16:05:45;-510.4676,631.9661,631.9661;True,Sports,BUFFALO02,25,44952,1;;;
Franklin;12:25:23;16:05:45;-516.3251,643.5405,643.5405;True,Sports,BUFFALO02,25,95029,1;;;
Franklin;12:25:24;16:05:46;-522.3729,655.7609,655.7609;True,Sports,BUFFALO02,28,46199,1;;;
Franklin;12:25:25;16:05:46;-528.0519,669.6575,669.6575;True,Sports,BUFFALO02,29,11134,0;;;
Franklin;12:25:25;16:05:47;-529.563,683.0787,683.0787;True,Sports,BUFFALO02,24,82817,0;;;
Franklin;12:25:26;16:05:47;-526.093,694.0174,694.0174;True,Sports,BUFFALO02,21,80204,1;;;
Franklin;12:25:26;16:05:48;-518.5728,702.444,702.444;True,Sports,BUFFALO02,23,19167,1;;;
Franklin;12:25:27;16:05:48;-508.4733,709.4523,709.4523;True,Sports,BUFFALO02,24,7017,1;;;
Franklin;12:25:27;16:05:49;-497.2187,715.9152,715.9152;True,Sports,BUFFALO02,25,61188,1;;;
Franklin;12:25:28;16:05:50;-487.6417,724.6071,724.6071;True,Sports,BUFFALO02,25,50123,1;;;
Franklin;12:25:28;16:05:50;-480.8145,735.9985,735.9985;True,Sports,BUFFALO02,26,43462,1;;;
Franklin;12:25:29;16:05:51;-475.1096,748.7398,748.7398;True,Sports,BUFFALO02,28,82062,1;;;
Franklin;12:25:29;16:05:51;-471.7033,763.373,763.373;True,Sports,BUFFALO02,29,77682,1;;;
Franklin;12:25:30;16:05:52;-471.3869,778.4862,778.4862;True,Sports,BUFFALO02,30,25212,1;;;
Franklin;12:25:30;16:05:52;-472.82,792.8463,792.8463;True,Sports,BUFFALO02,27,46605,1;;;
Franklin;12:25:31;16:05:53;-478.7372,804.5261,804.5261;True,Sports,BUFFALO02,25,10877,1;;;
Franklin;12:25:31;16:05:53;-486.7149,814.6286,814.6286;True,Sports,BUFFALO02,25,51744,1;;;
Franklin;12:25:32;16:05:54;-495.5982,824.1912,824.1912;True,Sports,BUFFALO02,25,90748,1;;;
Franklin;12:25:32;16:05:54;-507.1436,831.2188,831.2188;True,Sports,BUFFALO02,26,66012,1;;;
Franklin;12:25:33;16:05:55;-520.2447,835.2437,835.2437;True,Sports,BUFFALO02,27,47312,1;;;
Franklin;12:25:33;16:05:55;-534.1563,839.0907,839.0907;True,Sports,BUFFALO02,28,61392,1;;;
Franklin;12:25:34;16:05:56;-548.8133,842.7744,842.7744;True,Sports,BUFFALO02,30,19098,1;;;
Franklin;12:25:34;16:05:56;-563.8845,846.8469,846.8469;True,Sports,BUFFALO02,30,54206,1;;;
Franklin;12:25:35;16:05:57;-577.2879,854.4539,854.4539;True,Sports,BUFFALO02,30,43214,1;;;
Franklin;12:25:35;16:05:57;-588.8296,864.6799,864.6799;True,Sports,BUFFALO02,30,63746,1;;;
Franklin;12:25:36;16:05:58;-600.8796,874.3402,874.3402;True,Sports,BUFFALO02,30,92715,1;;;
Franklin;12:25:37;16:05:58;-613.064,884.0379,884.0379;True,Sports,BUFFALO02,31,10014,1;;;
Franklin;12:25:37;16:05:59;-625.4553,893.8293,893.8293;True,Sports,BUFFALO02,31,60983,1;;;
Franklin;12:25:38;16:05:59;-639.2693,903.0789,903.0789;True,Sports,BUFFALO02,33,02571,1;;;
Franklin;12:25:38;16:06:00;-653.6334,912.2142,912.2142;True,Sports,BUFFALO02,33,18484,1;;;
Franklin;12:25:39;16:06:00;-668.4064,920.9636,920.9636;True,Sports,BUFFALO02,33,20243,1;;;
Franklin;12:25:39;16:06:01;-683.5936,928.994,928.994;True,Sports,BUFFALO02,33,27314,1;;;
Franklin;12:25:40;16:06:02;-695.7476,940.3649,940.3649;True,Sports,BUFFALO02,30,87977,0;;;
Franklin;12:25:40;16:06:02;-704.4261,953.0719,953.0719;True,Sports,BUFFALO02,28,08798,0;;;
Franklin;12:25:41;16:06:03;-711.0717,965.2193,965.2193;True,Sports,BUFFALO02,25,65633,0;;;
Franklin;12:25:41;16:06:03;-716.7343,975.7443,975.7443;True,Sports,BUFFALO02,21,00614,0;;;
Franklin;12:25:42;16:06:04;-724.5199,982.6125,982.6125;True,Sports,BUFFALO02,19,94594,1;;;
Franklin;12:25:42;16:06:04;-734.8991,984.2897,984.2897;True,Sports,BUFFALO02,20,80407,1;;;
Franklin;12:25:43;16:06:05;-745.6766,981.1067,981.1067;True,Sports,BUFFALO02,22,71554,1;;;
Franklin;12:25:43;16:06:05;-757.1962,976.3553,976.3553;True,Sports,BUFFALO02,23,6275,1;;;
Franklin;12:25:44;16:06:06;-769.3598,972.7535,972.7535;True,Sports,BUFFALO02,25,40903,1;;;
Franklin;12:25:44;16:06:06;-782.6693,968.9862,968.9862;True,Sports,BUFFALO02,27,14984,1;;;
Franklin;12:25:45;16:06:07;-796.9207,965.0103,965.0103;True,Sports,BUFFALO02,28,90709,1;;;
Franklin;12:25:45;16:06:07;-812.072,962.0687,962.0687;True,Sports,BUFFALO02,30,50456,1;;;
Franklin;12:25:46;16:06:08;-828.3715,962.2711,962.2711;True,Sports,BUFFALO02,32,12014,1;;;
Franklin;12:25:46;16:06:08;-844.8824,965.081,965.081;True,Sports,BUFFALO02,31,1363,0;;;
Franklin;12:25:47;16:06:09;-858.6084,971.8021,971.8021;True,Sports,BUFFALO02,29,49501,1;;;
Franklin;12:25:47;16:06:09;-868.7849,982.9341,982.9341;True,Sports,BUFFALO02,28,7048,1;;;
Franklin;12:25:48;16:06:10;-874.8683,996.9061,996.9061;True,Sports,BUFFALO02,30,56537,1;;;
Franklin;12:25:49;16:06:10;-881.1581,1012.037,1012.037;True,Sports,BUFFALO02,33,13573,1;;;
Franklin;12:25:49;16:06:11;-887.6366,1028.182,1028.182;True,Sports,BUFFALO02,33,19036,1;;;
Franklin;12:25:50;16:06:11;-892.7839,1045.189,1045.189;True,Sports,BUFFALO02,34,67258,1;;;
Franklin;12:25:50;16:06:12;-897.931,1063.01,1063.01;True,Sports,BUFFALO02,36,03164,1;;;
Franklin;12:25:51;16:06:12;-902.0966,1081.553,1081.553;True,Sports,BUFFALO02,37,33878,1;;;
Franklin;12:25:51;16:06:13;-905.8901,1100.97,1100.97;True,Sports,BUFFALO02,38,13914,1;;;
Franklin;12:25:52;16:06:14;-913.6559,1119.275,1119.275;True,Sports,BUFFALO02,38,59835,1;;;
Franklin;12:25:52;16:06:14;-925.0637,1136.275,1136.275;True,Sports,BUFFALO02,39,50395,1;;;
Franklin;12:25:53;16:06:15;-938.642,1152.312,1152.312;True,Sports,BUFFALO02,40,26962,1;;;
Franklin;12:25:53;16:06:15;-955.1118,1164.894,1164.894;True,Sports,BUFFALO02,37,61666,0;;;
Franklin;12:25:54;16:06:16;-973.4042,1172.129,1172.129;True,Sports,BUFFALO02,37,55446,1;;;
Franklin;12:25:54;16:06:16;-992.795,1177.494,1177.494;True,Sports,BUFFALO02,38,61891,1;;;
Franklin;12:25:55;16:06:17;-1012.958,1180.729,1180.729;True,Sports,BUFFALO02,38,87427,1;;;
Franklin;12:25:55;16:06:17;-1033.096,1179.806,1179.806;True,Sports,BUFFALO02,39,3071,1;;;
Franklin;12:25:56;16:06:18;-1053.319,1175.593,1175.593;True,Sports,BUFFALO02,40,31561,1;;;
Franklin;12:25:56;16:06:18;-1073.477,1168.292,1168.292;True,Sports,BUFFALO02,40,94307,1;;;
Franklin;12:25:57;16:06:19;-1091.551,1156.871,1156.871;True,Sports,BUFFALO02,41,29655,1;;;
Franklin;12:25:57;16:06:19;-1108.677,1143.59,1143.59;True,Sports,BUFFALO02,42,22118,1;;;
Franklin;12:25:58;16:06:20;-1123.408,1127.411,1127.411;True,Sports,BUFFALO02,41,97307,1;;;
Franklin;12:25:58;16:06:20;-1133.495,1108.391,1108.391;True,Sports,BUFFALO02,40,74064,0;;;
Franklin;12:25:59;16:06:21;-1139.022,1088.832,1088.832;True,Sports,BUFFALO02,38,15725,0;;;
Franklin;12:26:00;16:06:21;-1143.657,1070.143,1070.143;True,Sports,BUFFALO02,36,22716,1;;;
Franklin;12:26:00;16:06:22;-1145.373,1051.026,1051.026;True,Sports,BUFFALO02,37,16545,1;;;
Franklin;12:26:01;16:06:22;-1146.957,1031.461,1031.461;True,Sports,BUFFALO02,38,60454,1;;;
Franklin;12:26:01;16:06:23;-1150.274,1011.116,1011.116;True,Sports,BUFFALO02,40,18108,1;;;
Franklin;12:26:02;16:06:23;-1154.708,991.3683,991.3683;True,Sports,BUFFALO02,36,21444,0;;;
Franklin;12:26:02;16:06:24;-1159.856,974.0394,974.0394;True,Sports,BUFFALO02,34,48948,0;;;
Franklin;12:26:03;16:06:25;-1165.887,957.4265,957.4265;True,Sports,BUFFALO02,32,92202,0;;;
Franklin;12:26:03;16:06:25;-1176.253,944.4963,944.4963;True,Sports,BUFFALO02,31,62496,1;;;
Franklin;12:26:04;16:06:26;-1190.632,936.178,936.178;True,Sports,BUFFALO02,32,4891,1;;;
Franklin;12:26:04;16:06:26;-1206.256,928.801,928.801;True,Sports,BUFFALO02,33,604,0;;;
Franklin;12:26:05;16:06:27;-1220.525,919.9657,919.9657;True,Sports,BUFFALO02,28,98646,0;;;
Franklin;12:26:05;16:06:27;-1233.363,912.719,912.719;True,Sports,BUFFALO02,28,3562,1;;;
Franklin;12:26:06;16:06:28;-1242.991,901.5847,901.5847;True,Sports,BUFFALO02,29,21675,1;;;
Franklin;12:26:06;16:06:28;-1248.447,887.255,887.255;True,Sports,BUFFALO02,30,18843,1;;;
Franklin;12:26:07;16:06:29;-1255.016,872.4497,872.4497;True,Sports,BUFFALO02,32,62936,1;;;
Franklin;12:26:07;16:06:29;-1265.151,858.2068,858.2068;True,Sports,BUFFALO02,33,01754,0;;;
Franklin;12:26:08;16:06:30;-1275.852,844.7043,844.7043;True,Sports,BUFFALO02,33,93623,1;;;
Franklin;12:26:08;16:06:30;-1285.57,829.6845,829.6845;True,Sports,BUFFALO02,34,91434,1;;;
Franklin;12:26:09;16:06:31;-1293.639,813.1021,813.1021;True,Sports,BUFFALO02,35,74871,0;;;
Franklin;12:26:09;16:06:31;-1302.08,797.4135,797.4135;True,Sports,BUFFALO02,31,05249,0;;;
Franklin;12:26:10;16:06:32;-1309.583,784.2198,784.2198;True,Sports,BUFFALO02,28,58258,0;;;
Franklin;12:26:10;16:06:32;-1318.293,773.1187,773.1187;True,Sports,BUFFALO02,26,25343,0;;;
Franklin;12:26:11;16:06:33;-1329.075,765.6614,765.6614;True,Sports,BUFFALO02,23,88155,0;;;
Franklin;12:26:12;16:06:33;-1338.562,758.5676,758.5676;True,Sports,BUFFALO02,21,95344,0;;;
Franklin;12:26:12;16:06:34;-1348.001,752.9589,752.9589;True,Sports,BUFFALO02,19,98737,0;;;
Franklin;12:26:13;16:06:34;-1357.181,749.399,749.399;True,Sports,BUFFALO02,18,07682,0;;;
Franklin;12:26:13;16:06:35;-1365.964,747.8285,747.8285;True,Sports,BUFFALO02,16,1885,0;;;
Franklin;12:26:14;16:06:35;-1373.874,748.0679,748.0679;True,Sports,BUFFALO02,14,56112,0;;;
Franklin;12:26:14;16:06:36;-1381.495,748.819,748.819;True,Sports,BUFFALO02,15,22378,1;;;
Franklin;12:26:15;16:06:37;-1389.942,750.806,750.806;True,Sports,BUFFALO02,17,91297,1;;;
Franklin;12:26:15;16:06:37;-1398.165,755.8264,755.8264;True,Sports,BUFFALO02,18,51052,1;;;
Franklin;12:26:16;16:06:38;-1405.47,761.7781,761.7781;True,Sports,BUFFALO02,17,09164,0;;;
Franklin;12:26:16;16:06:38;-1412.026,767.2517,767.2517;True,Sports,BUFFALO02,15,42067,0;;;
Franklin;12:26:17;16:06:39;-1417.854,773.2053,773.2053;True,Sports,BUFFALO02,17,0258,1;;;
Franklin;12:26:17;16:06:39;-1422.963,781.5292,781.5292;True,Sports,BUFFALO02,20,15416,1;;;
Franklin;12:26:18;16:06:40;-1429.208,790.8812,790.8812;True,Sports,BUFFALO02,21,85909,0;;;
Franklin;12:26:18;16:06:40;-1434.137,799.9082,799.9082;True,Sports,BUFFALO02,16,95279,0;;;
Franklin;12:26:19;16:06:41;-1437.349,807.4302,807.4302;True,Sports,BUFFALO02,14,68701,0;;;
Franklin;12:26:19;16:06:41;-1440.634,813.7149,813.7149;True,Sports,BUFFALO02,12,68883,0;;;
Franklin;12:26:20;16:06:42;-1443.48,819.0634,819.0634;True,Sports,BUFFALO02,10,86489,0;;;
Franklin;12:26:20;16:06:42;-1445.238,822.3957,822.3957;True,Sports,BUFFALO02,2,163028,0;;;
Franklin;12:26:21;16:06:43;-1445.373,822.5339,822.5339;True,Sports,BUFFALO02,0,02550328,1;Jesus, what do you want from me?;OJAmlBIKER;OJAS_HPAA
Franklin;12:26:21;16:06:43;-1445.384,822.5607,822.5607;True,Sports,BUFFALO02,0,002616395,0;;;
Franklin;12:26:22;16:06:44;-1445.452,822.7526,822.7526;True,Sports,BUFFALO02,1,213319,1;;;
Franklin;12:26:22;16:06:44;-1446.112,823.9636,823.9636;True,Sports,BUFFALO02,4,033653,1;;;
Franklin;12:26:23;16:06:45;-1447.481,826.6563,826.6563;True,Sports,BUFFALO02,7,551888,1;;;
Franklin;12:26:24;16:06:45;-1448.023,832.0036,832.0036;True,Sports,BUFFALO02,11,28866,0;;;
Franklin;12:26:24;16:06:46;-1448.956,838.0686,838.0686;True,Sports,BUFFALO02,13,3057,1;;;
Franklin;12:26:25;16:06:46;-1450.518,845.6454,845.6454;True,Sports,BUFFALO02,16,15947,1;;;
Franklin;12:26:25;16:06:47;-1453.001,854.3526,854.3526;True,Sports,BUFFALO02,18,92298,1;;;
Franklin;12:26:26;16:06:47;-1455.83,863.6116,863.6116;True,Sports,BUFFALO02,17,3604,0;;;
Franklin;12:26:26;16:06:48;-1457.585,872.8849,872.8849;True,Sports,BUFFALO02,19,59083,1;;;
Franklin;12:26:27;16:06:49;-1459.863,883.0958,883.0958;True,Sports,BUFFALO02,19,41892,0;;;
Franklin;12:26:27;16:06:49;-1463.538,892.1324,892.1324;True,Sports,BUFFALO02,17,77736,0;;;
Franklin;12:26:28;16:06:50;-1467.036,900.2345,900.2345;True,Sports,BUFFALO02,16,43243,0;;;
Franklin;12:26:28;16:06:50;-1471.631,908.1073,908.1073;True,Sports,BUFFALO02,19,58455,1;;;
Franklin;12:26:29;16:06:51;-1478.209,917.4702,917.4702;True,Sports,BUFFALO02,23,3528,0;;;
Franklin;12:26:29;16:06:51;-1484.202,927.5901,927.5901;True,Sports,BUFFALO02,21,86676,0;;;
Franklin;12:26:30;16:06:52;-1490.051,936.4077,936.4077;True,Sports,BUFFALO02,19,93168,0;;;
Franklin;12:26:30;16:06:52;-1498.356,941.5847,941.5847;True,Sports,BUFFALO02,17,94551,0;;;
Franklin;12:26:31;16:06:53;-1506.792,942.5161,942.5161;True,Sports,BUFFALO02,16,02711,0;;;
Franklin;12:26:31;16:06:53;-1513.689,939.3723,939.3723;True,Sports,BUFFALO02,13,67818,0;;;
Franklin;12:26:32;16:06:54;-1516.867,934.0984,934.0984;True,Sports,BUFFALO02,10,69053,1;Eh, L, it's done, homie. All of them.;FRANKLIN;OJAS_HTAA
Franklin;12:26:32;16:06:54;-1516.163,928.6602,928.6602;True,Sports,BUFFALO02,11,97813,1;;;
Franklin;12:26:33;16:06:55;-1511.317,924.656,924.656;True,Sports,BUFFALO02,13,65909,1;;;
Franklin;12:26:33;16:06:55;-1503.965,923.6006,923.6006;True,Sports,BUFFALO02,15,06847,1;;;
Franklin;12:26:34;16:06:56;-1495.318,923.132,923.132;True,Sports,BUFFALO02,18,0192,1;;;
Franklin;12:26:34;16:06:56;-1487.772,919.7666,919.7666;True,Sports,BUFFALO02,15,43503,1;Very good. I'll be in touch.;LESTER;OJAS_HTAB
Franklin;12:26:35;16:06:57;-1482.772,913.6119,913.6119;True,Sports,BUFFALO02,16,16117,1;;;
Franklin;12:26:36;16:06:57;-1478.353,905.7376,905.7376;True,Sports,BUFFALO02,19,18427,1;;;
Franklin;12:26:36;16:06:58;-1472.262,896.9849,896.9849;True,Sports,BUFFALO02,21,89433,1;;;
Franklin;12:26:37;16:06:58;-1467.346,886.4941,886.4941;True,Sports,BUFFALO02,22,62537,1;;;
Franklin;12:26:37;16:06:59;-1464.135,874.5989,874.5989;True,Sports,BUFFALO02,23,72512,0;;;
Franklin;12:26:38;16:06:59;-1460.919,862.621,862.621;True,Sports,BUFFALO02,23,3817,0;;;
Franklin;12:26:38;16:07:00;-1458.526,850.7088,850.7088;True,Sports,BUFFALO02,23,79089,1;;;
Franklin;12:26:39;16:07:01;-1456.4,838.9681,838.9681;True,Sports,BUFFALO02,22,15893,0;;;
Franklin;12:26:39;16:07:01;-1453.831,828.1808,828.1808;True,Sports,BUFFALO02,20,18892,0;;;
Franklin;12:26:40;16:07:02;-1451.474,818.5361,818.5361;True,Sports,BUFFALO02,18,34755,0;;;
Franklin;12:26:40;16:07:02;-1448.909,809.8492,809.8492;True,Sports,BUFFALO02,16,11186,0;;;
Franklin;12:26:41;16:07:03;-1445.076,802.5758,802.5758;True,Sports,BUFFALO02,16,244,1;;;
Franklin;12:26:41;16:07:03;-1441.948,793.8419,793.8419;True,Sports,BUFFALO02,19,28085,1;;;
Franklin;12:26:42;16:07:04;-1437.614,784.4069,784.4069;True,Sports,BUFFALO02,19,02182,0;;;
Franklin;12:26:42;16:07:04;-1434.538,778.2684,778.2684;True,Sports,BUFFALO02,7,221348,0;;;
Franklin;12:26:43;16:07:05;-1434.01,777.2296,777.2296;True,Sports,BUFFALO02,0,1769128,-1;;;
Franklin;12:26:43;16:07:05;-1434.025,777.2704,777.2704;True,Sports,BUFFALO02,0,002625783,0;;;
Franklin;12:26:44;16:07:06;-1433.967,777.2007,777.2007;True,Sports,BUFFALO02,0,7678328,1;;;
Franklin;12:26:44;16:07:06;-1433.254,776.5594,776.5594;True,Sports,BUFFALO02,3,047739,1;;;
Franklin;12:26:45;16:07:07;-1431.172,775.5103,775.5103;True,Sports,BUFFALO02,5,214663,0;;;
Franklin;12:26:45;16:07:07;-1428.509,775.8376,775.8376;True,Sports,BUFFALO02,6,51185,1;;;
Franklin;12:26:46;16:07:08;-1425.354,778.6832,778.6832;True,Sports,BUFFALO02,9,835562,1;;;
Franklin;12:26:47;16:07:08;-1424.512,784.2129,784.2129;True,Sports,BUFFALO02,11,88201,1;;;
Franklin;12:26:47;16:07:09;-1427.206,789.9022,789.9022;True,Sports,BUFFALO02,12,08387,1;;;
Franklin;12:26:48;16:07:09;-1431.634,794.0789,794.0789;True,Sports,BUFFALO02,11,01368,0;;;
Franklin;12:26:48;16:07:10;-1435.501,798.4754,798.4754;True,Sports,BUFFALO02,10,77191,1;;;
Franklin;12:26:49;16:07:10;-1437.041,804.5111,804.5111;True,Sports,BUFFALO02,12,52156,0;;;
Franklin;12:26:49;16:07:11;-1437.797,810.3393,810.3393;True,Sports,BUFFALO02,10,05714,0;;;
Franklin;12:26:50;16:07:12;-1439.288,815.0379,815.0379;True,Sports,BUFFALO02,9,929204,0;;;
Franklin;12:26:50;16:07:12;-1440.898,819.5094,819.5094;True,Sports,BUFFALO02,9,459286,0;;;
Franklin;12:26:51;16:07:13;-1442.961,823.3476,823.3476;True,Sports,BUFFALO02,7,473927,0;;;
Franklin;12:26:51;16:07:13;-1444.204,826.3559,826.3559;True,Sports,BUFFALO02,5,409474,0;;;
Franklin;12:26:52;16:07:14;-1444.953,828.6011,828.6011;True,Sports,BUFFALO02,3,660831,0;;;
Franklin;12:26:52;16:07:14;-1445.812,831.1953,831.1953;True,Sports,BUFFALO02,6,127213,1;;;
Franklin;12:26:53;16:07:15;-1446.882,834.3865,834.3865;True,Sports,BUFFALO02,5,78843,0;;;
Franklin;12:26:53;16:07:15;-1447.76,837.0229,837.0229;True,Sports,BUFFALO02,5,977266,1;;;
Franklin;12:26:54;16:07:16;-1449.173,841.2639,841.2639;True,Sports,BUFFALO02,9,79263,0;;;
Franklin;12:26:54;16:07:16;-1450.704,845.902,845.902;True,Sports,BUFFALO02,10,2741,1;;;
Franklin;12:26:55;16:07:17;-1452.405,851.0989,851.0989;True,Sports,BUFFALO02,9,888655,0;;;
Franklin;12:26:55;16:07:17;-1453.595,855.556,855.556;True,Sports,BUFFALO02,7,993195,0;;;
Franklin;12:26:56;16:07:18;-1454.3,859.1379,859.1379;True,Sports,BUFFALO02,6,060251,0;;;
Franklin;12:26:56;16:07:18;-1454.948,861.74,861.74;True,Sports,BUFFALO02,4,273059,0;;;
Franklin;12:26:57;16:07:19;-1455.259,863.5297,863.5297;True,Sports,BUFFALO02,2,7302,0;;;
Franklin;12:26:57;16:07:19;-1455.593,864.3799,864.3799;True,Sports,BUFFALO02,1,000154,0;;;
Franklin;12:26:58;16:07:20;-1455.681,864.619,864.619;True,Sports,BUFFALO02,0,8014191,1;;;
Franklin;12:26:58;16:07:20;-1455.66,865.5737,865.5737;True,Sports,BUFFALO02,2,991177,1;;;
Franklin;12:26:59;16:07:21;-1455.095,867.9279,867.9279;True,Sports,BUFFALO02,6,166718,0;;;
Franklin;12:27:00;16:07:21;-1454.124,870.7788,870.7788;True,Sports,BUFFALO02,6,057515,0;;;
Franklin;12:27:00;16:07:22;-1452.995,873.0036,873.0036;True,Sports,BUFFALO02,3,784529,0;;;
Franklin;12:27:01;16:07:22;-1452.37,874.3129,874.3129;True,Sports,BUFFALO02,2,289259,1;;;
Franklin;12:27:01;16:07:23;-1450.695,875.7701,875.7701;True,Sports,BUFFALO02,6,758667,1;;;
Franklin;12:27:02;16:07:24;-1446.365,878.205,878.205;True,Sports,BUFFALO02,11,86088,1;;;
Franklin;12:27:02;16:07:24;-1440.723,880.3884,880.3884;True,Sports,BUFFALO02,12,87176,1;;;
Franklin;12:27:03;16:07:25;-1434.366,882.9275,882.9275;True,Sports,BUFFALO02,14,8771,1;;;
Franklin;12:27:03;16:07:25;-1427.3,885.9547,885.9547;True,Sports,BUFFALO02,16,46639,1;;;
Franklin;12:27:04;16:07:26;-1419.627,889.4542,889.4542;True,Sports,BUFFALO02,18,59785,1;;;
Franklin;12:27:04;16:07:26;-1411.47,893.0433,893.0433;True,Sports,BUFFALO02,18,82286,1;;;
Franklin;12:27:05;16:07:27;-1402.537,897.4707,897.4707;True,Sports,BUFFALO02,21,95483,1;;;
Franklin;12:27:05;16:07:27;-1392.956,900.6563,900.6563;True,Sports,BUFFALO02,21,61574,1;;;
Franklin;12:27:06;16:07:28;-1383.597,902.0585,902.0585;True,Sports,BUFFALO02,20,9367,1;;;
Franklin;12:27:06;16:07:28;-1375.471,901.034,901.034;True,Sports,BUFFALO02,20,20954,1;;;
Franklin;12:27:07;16:07:29;-1368.198,899.1037,899.1037;True,Sports,BUFFALO02,19,63888,0;;;
Franklin;12:27:07;16:07:29;-1362.113,897.7055,897.7055;True,Sports,BUFFALO02,14,76218,0;;;
Franklin;12:27:08;16:07:30;-1356.376,896.4067,896.4067;True,Sports,BUFFALO02,12,04189,0;;;
Franklin;12:27:08;16:07:30;-1350.575,895.0929,895.0929;True,Sports,BUFFALO02,11,21129,0;;;
Franklin;12:27:09;16:07:31;-1345.131,893.8508,893.8508;True,Sports,BUFFALO02,8,974209,0;;;
Franklin;12:27:09;16:07:31;-1340.575,892.929,892.929;True,Sports,BUFFALO02,9,332771,0;;;
Franklin;12:27:10;16:07:32;-1335.933,892.7312,892.7312;True,Sports,BUFFALO02,8,817725,0;;;
Franklin;12:27:11;16:07:32;-1331.573,892.8687,892.8687;True,Sports,BUFFALO02,8,816455,0;;;
Franklin;12:27:11;16:07:33;-1327.623,891.3925,891.3925;True,Sports,BUFFALO02,9,404541,0;;;
Franklin;12:27:12;16:07:33;-1324.209,888.7747,888.7747;True,Sports,BUFFALO02,10,46694,0;;;
Franklin;12:27:12;16:07:34;-1321.256,885.0561,885.0561;True,Sports,BUFFALO02,11,16743,0;;;
Franklin;12:27:13;16:07:34;-1317.585,881.6826,881.6826;True,Sports,BUFFALO02,11,6746,0;;;
Franklin;12:27:13;16:07:35;-1313.275,878.6134,878.6134;True,Sports,BUFFALO02,12,38631,0;;;
Franklin;12:27:14;16:07:36;-1308.125,876.1464,876.1464;True,Sports,BUFFALO02,12,89323,0;;;
Franklin;12:27:14;16:07:36;-1302.589,873.64,873.64;True,Sports,BUFFALO02,12,8437,0;;;
Franklin;12:27:15;16:07:37;-1297.165,871.1658,871.1658;True,Sports,BUFFALO02,13,75113,0;;;
Franklin;12:27:15;16:07:37;-1291.672,868.4837,868.4837;True,Sports,BUFFALO02,16,46884,1;;;
Franklin;12:27:16;16:07:38;-1285.661,865.2211,865.2211;True,Sports,BUFFALO02,20,18016,0;;;
Franklin;12:27:16;16:07:38;-1280.373,860.8766,860.8766;True,Sports,BUFFALO02,14,45233,0;;;
Franklin;12:27:17;16:07:39;-1277.537,855.2192,855.2192;True,Sports,BUFFALO02,11,02789,1;;;
Franklin;12:27:17;16:07:39;-1275.283,850.0554,850.0554;True,Sports,BUFFALO02,9,761351,0;;;
Franklin;12:27:18;16:07:40;-1271.404,848.6976,848.6976;True,Sports,BUFFALO02,6,739049,0;;;
Franklin;12:27:18;16:07:40;-1268.651,850.1678,850.1678;True,Sports,BUFFALO02,6,549065,1;;;
Franklin;12:27:19;16:07:41;-1266.66,854.0327,854.0327;True,Sports,BUFFALO02,10,63279,1;;;
Franklin;12:27:19;16:07:41;-1264.448,859.5809,859.5809;True,Sports,BUFFALO02,11,84112,1;;;
Franklin;12:27:20;16:07:42;-1260.771,865.3831,865.3831;True,Sports,BUFFALO02,14,26469,1;;;
Franklin;12:27:20;16:07:42;-1257.571,871.4907,871.4907;True,Sports,BUFFALO02,12,32572,0;;;
Franklin;12:27:21;16:07:43;-1255.065,876.8596,876.8596;True,Sports,BUFFALO02,10,47895,0;;;
Franklin;12:27:21;16:07:43;-1252.894,881.4911,881.4911;True,Sports,BUFFALO02,10,19512,1;;;
Franklin;12:27:22;16:07:44;-1249.844,886.5978,886.5978;True,Sports,BUFFALO02,11,52259,1;;;
Franklin;12:27:23;16:07:44;-1246.934,890.7461,890.7461;True,Sports,BUFFALO02,5,338893,0;;;
Franklin;12:27:23;16:07:45;-1246.507,891.2628,891.2628;True,Sports,BUFFALO02,0,2713473,-1;;;
Franklin;12:27:24;16:07:45;-1246.477,891.326,891.326;True,Sports,BUFFALO02,0,8533141,1;;;
Franklin;12:27:24;16:07:46;-1246.17,892.267,892.267;True,Sports,BUFFALO02,3,061346,1;;;
Franklin;12:27:25;16:07:46;-1246.074,894.4529,894.4529;True,Sports,BUFFALO02,4,495075,0;;;
Franklin;12:27:25;16:07:47;-1247.055,896.2715,896.2715;True,Sports,BUFFALO02,4,54424,1;;;
Franklin;12:27:26;16:07:48;-1249.602,898.1334,898.1334;True,Sports,BUFFALO02,7,861959,1;;;
Franklin;12:27:26;16:07:48;-1253.555,897.8507,897.8507;True,Sports,BUFFALO02,7,242409,1;;;
Franklin;12:27:27;16:07:49;-1256.547,894.3023,894.3023;True,Sports,BUFFALO02,10,97346,1;;;
Franklin;12:27:27;16:07:49;-1258.688,888.6826,888.6826;True,Sports,BUFFALO02,12,03061,1;;;
Franklin;12:27:28;16:07:50;-1261.458,882.115,882.115;True,Sports,BUFFALO02,13,76727,0;;;
Franklin;12:27:28;16:07:50;-1264.836,876.4329,876.4329;True,Sports,BUFFALO02,11,77468,0;;;
Franklin;12:27:29;16:07:51;-1268.097,871.3458,871.3458;True,Sports,BUFFALO02,11,14946,0;;;
Franklin;12:27:29;16:07:51;-1270.221,866.4325,866.4325;True,Sports,BUFFALO02,9,357159,0;;;
Franklin;12:27:30;16:07:52;-1271.909,862.3364,862.3364;True,Sports,BUFFALO02,7,64964,0;;;
Franklin;12:27:30;16:07:52;-1273.311,859.0043,859.0043;True,Sports,BUFFALO02,5,969425,0;;;
Franklin;12:27:31;16:07:53;-1274.267,856.0306,856.0306;True,Sports,BUFFALO02,6,222042,0;;;
Franklin;12:27:31;16:07:53;-1276.067,853.0798,853.0798;True,Sports,BUFFALO02,6,266735,0;;;
Franklin;12:27:32;16:07:54;-1277.522,849.9522,849.9522;True,Sports,BUFFALO02,6,937891,0;;;
Franklin;12:27:32;16:07:54;-1278.801,847.0646,847.0646;True,Sports,BUFFALO02,5,311272,0;;;
Franklin;12:27:33;16:07:55;-1279.975,844.4207,844.4207;True,Sports,BUFFALO02,7,286821,1;;;
Franklin;12:27:33;16:07:55;-1282.2,839.7059,839.7059;True,Sports,BUFFALO02,11,66911,0;;;
Franklin;12:27:34;16:07:56;-1285.29,834.3506,834.3506;True,Sports,BUFFALO02,12,13397,0;;;
Franklin;12:27:35;16:07:56;-1287.956,829.0797,829.0797;True,Sports,BUFFALO02,10,43998,0;;;
Franklin;12:27:35;16:07:57;-1290.136,824.6058,824.6058;True,Sports,BUFFALO02,8,792934,0;;;
Franklin;12:27:36;16:07:57;-1291.992,820.8495,820.8495;True,Sports,BUFFALO02,7,178696,0;;;
Franklin;12:27:36;16:07:58;-1293.591,816.7891,816.7891;True,Sports,BUFFALO02,8,058953,0;;;
Franklin;12:27:37;16:07:58;-1295.063,813.4481,813.4481;True,Sports,BUFFALO02,6,212967,0;;;
Franklin;12:27:37;16:07:59;-1297.166,809.8891,809.8891;True,Sports,BUFFALO02,10,20498,1;;;
Franklin;12:27:38;16:08:00;-1300.259,804.7405,804.7405;True,Sports,BUFFALO02,11,95525,1;;;
Franklin;12:27:38;16:08:00;-1303.795,798.8688,798.8688;True,Sports,BUFFALO02,13,45491,0;;;
Franklin;12:27:39;16:08:01;-1307.184,793.2774,793.2774;True,Sports,BUFFALO02,11,86326,0;;;
Franklin;12:27:39;16:08:01;-1310.199,788.3561,788.3561;True,Sports,BUFFALO02,10,32796,0;;;
Franklin;12:27:40;16:08:02;-1312.961,784.3176,784.3176;True,Sports,BUFFALO02,8,558537,0;;;
Franklin;12:27:40;16:08:02;-1315.677,781.358,781.358;True,Sports,BUFFALO02,6,968735,0;;;
Franklin;12:27:41;16:08:03;-1317.76,778.9494,778.9494;True,Sports,BUFFALO02,5,229156,0;;;
Franklin;12:27:41;16:08:03;-1319.113,777.7299,777.7299;True,Sports,BUFFALO02,1,617124,0;;;
Franklin;12:27:42;16:08:04;-1319.439,777.4257,777.4257;True,Sports,BUFFALO02,0,1034859,0;;;
Franklin;12:27:42;16:08:04;-1319.437,777.4271,777.4271;True,Sports,BUFFALO02,0,0;;;
Franklin;12:27:43;16:08:05;-1319.437,777.4271,777.4271;True,Sports,BUFFALO02,0,0;;;
