char;time_ingame;time_rw;pos;vehicle;subtitles_text;speaker;soundfile
Michael;05:00:00;13:10:53;5311.228,-5212.52,-5212.52;;;;
Michael;05:00:00;13:10:53;5311.228,-5212.52,-5212.52;;;;
Michael;05:00:00;13:10:54;5311.228,-5212.52,-5212.52;;;;
Michael;05:00:00;13:10:54;5311.228,-5212.52,-5212.52;;;;
Michael;05:00:00;13:10:55;5311.228,-5212.52,-5212.52;;;;
Michael;05:00:00;13:10:55;5311.228,-5212.52,-5212.52;;;;
Michael;05:00:00;13:10:56;5311.228,-5212.52,-5212.52;;;;
Michael;05:00:00;13:10:56;5311.228,-5212.52,-5212.52;;;;
Michael;05:00:00;13:10:57;5311.228,-5212.52,-5212.52;;;;
Michael;05:00:00;13:10:57;5311.153,-5212.212,-5212.212;;;;
Michael;05:00:00;13:10:58;5311.146,-5212.332,-5212.332;;;;
Michael;05:00:00;13:10:58;5311.246,-5212.409,-5212.409;;;;
Michael;05:00:00;13:10:59;5311.478,-5212.317,-5212.317;; down there!;Cutscene;Cutscene
Michael;05:00:00;13:10:59;5311.419,-5212.459,-5212.459;;;;
Michael;05:00:00;13:11:00;5311.228,-5212.28,-5212.28;;;;
Michael;05:00:00;13:11:00;5311.101,-5212.183,-5212.183;;;;
Michael;05:00:01;13:11:01;5311.01,-5211.976,-5211.976;;ight, everybody pays attention, no one gets hurt.;Cutscene;Cutscene
Michael;05:00:00;13:11:02;5310.96,-5211.874,-5211.874;;;;
Michael;05:00:00;13:11:02;5310.905,-5211.867,-5211.867;;;;
Michael;05:00:00;13:11:03;5310.899,-5212.004,-5212.004;;;;
Michael;05:00:00;13:11:03;5310.905,-5211.943,-5211.943;;;;
Michael;05:00:00;13:11:04;5310.904,-5211.928,-5211.928;;;;
Michael;05:00:00;13:11:04;5310.903,-5211.941,-5211.941;;rgh! Open the door, or they'll get worse than hurt!;Cutscene;Cutscene
Michael;05:00:00;13:11:05;5310.911,-5211.973,-5211.973;;;;
Michael;05:00:00;13:11:05;5310.907,-5211.954,-5211.954;;;;
Michael;05:00:00;13:11:06;5310.916,-5211.93,-5211.93;;;;
Michael;05:00:00;13:11:06;5310.909,-5211.959,-5211.959;;;;
Michael;05:00:00;13:11:07;5310.909,-5211.981,-5211.981;;;;
Michael;05:00:00;13:11:07;5311.009,-5211.898,-5211.898;;;;
Michael;05:00:00;13:11:09;5310.917,-5211.994,-5211.994;;, hey, ah! Come on!;Cutscene;Cutscene
Michael;05:00:00;13:11:09;5310.724,-5211.987,-5211.987;;;;
Michael;05:00:00;13:11:10;5310.583,-5211.842,-5211.842;;;;
Michael;05:00:00;13:11:10;5310.568,-5211.948,-5211.948;;;;
Michael;05:00:00;13:11:11;5310.584,-5211.828,-5211.828;;;;
Michael;05:00:00;13:11:11;5310.591,-5211.85,-5211.85;;;;
Michael;05:00:00;13:11:12;5310.606,-5211.897,-5211.897;;;;
Michael;05:00:00;13:11:12;5310.603,-5211.836,-5211.836;;;;
Michael;05:00:00;13:11:13;5310.546,-5211.766,-5211.766;;;;
Michael;05:00:00;13:11:13;5310.544,-5211.929,-5211.929;;;;
Michael;05:00:00;13:11:14;5310.514,-5211.872,-5211.872;;;;
Michael;05:00:00;13:11:14;5310.517,-5211.739,-5211.739;;;;
Michael;05:00:00;13:11:15;5310.505,-5210.375,-5210.375;;;;
Michael;05:00:00;13:11:15;5310.125,-5209.316,-5209.316;;;;
Michael;05:00:00;13:11:16;5309.581,-5208.158,-5208.158;;;;
Michael;05:00:00;13:11:16;5310.391,-5207.124,-5207.124;;;;
Michael;05:00:00;13:11:17;5311.417,-5206.35,-5206.35;;Hands behind your back.;Cutscene;Cutscene
Michael;05:00:00;13:11:17;5311.762,-5206.082,-5206.082;;;;
Michael;05:00:00;13:11:18;5311.446,-5206.469,-5206.469;;C'mon mister, we're giving you everything you want.;Cutscene;Cutscene
Michael;05:00:00;13:11:18;5311.218,-5207.004,-5207.004;;;;
Michael;05:00:00;13:11:19;5311.104,-5207.195,-5207.195;;;;
Michael;05:00:00;13:11:20;5311.168,-5207.127,-5207.127;;;;
Michael;05:00:00;13:11:20;5311.031,-5207.136,-5207.136;;;;
Michael;05:00:00;13:11:21;5310.893,-5207.081,-5207.081;;Don't even think about it.;Cutscene;Cutscene
Michael;05:00:00;13:11:21;5310.865,-5207.087,-5207.087;;;;
Michael;05:00:00;13:11:22;5310.547,-5207.108,-5207.108;;;;
Michael;05:00:00;13:11:22;5310.703,-5207.222,-5207.222;;;;
Michael;05:00:00;13:11:23;5310.66,-5207.09,-5207.09;;I'll do it. I'll do it... Oh God.;PROHOSTAGE2;PRO_FGAA
Michael;05:00:00;13:11:23;5310.021,-5206.843,-5206.843;;;;
Michael;05:00:00;13:11:24;5309.513,-5206.708,-5206.708;;;;
Michael;05:00:00;13:11:24;5309.349,-5206.649,-5206.649;;;;
Michael;05:00:00;13:11:25;5309.211,-5206.735,-5206.735;;;;
Michael;05:00:00;13:11:25;5309.257,-5206.728,-5206.728;;;;
Michael;05:00:00;13:11:26;5309.108,-5206.716,-5206.716;;;;
Michael;05:00:00;13:11:26;5309.012,-5206.681,-5206.681;;Get in there!;BRAD;PRO_FGAB
Michael;05:00:00;13:11:27;5309.147,-5206.612,-5206.612;;;;
Michael;05:00:00;13:11:27;5309.079,-5206.65,-5206.65;;Sit tight. I'll handle the plastic.;Trevor;PRO_BNAA
Michael;05:00:00;13:11:28;5309.036,-5206.666,-5206.666;;;;
Michael;05:00:01;13:11:28;5309.038,-5206.666,-5206.666;;;;
Michael;05:00:00;13:11:29;5309.038,-5206.666,-5206.666;;;;
Michael;05:00:00;13:11:29;5309.038,-5206.666,-5206.666;;Don't blow yourself up!;Michael;PRO_BNAB
Michael;05:00:00;13:11:30;5309.038,-5206.666,-5206.666;;;;
Michael;05:00:00;13:11:30;5309.038,-5206.666,-5206.666;;;;
Michael;05:00:00;13:11:31;5309.038,-5206.666,-5206.666;;;;
Michael;05:00:00;13:11:31;5309.038,-5206.666,-5206.666;;;;
Michael;05:00:00;13:11:32;5309.038,-5206.666,-5206.666;;;;
Michael;05:00:00;13:11:32;5309.038,-5206.666,-5206.666;;;;
Michael;05:00:00;13:11:33;5309.038,-5206.666,-5206.666;;In the back! Come on!;BRAD;PRO_FHAA
Michael;05:00:00;13:11:34;5309.038,-5206.666,-5206.666;;;;
Michael;05:00:00;13:11:34;5309.038,-5206.666,-5206.666;;;;
Michael;05:00:00;13:11:35;5309.038,-5206.666,-5206.666;;;;
Michael;05:00:00;13:11:35;5309.038,-5206.666,-5206.666;;;;
Michael;05:00:00;13:11:36;5309.038,-5206.666,-5206.666;;Hurry!;Michael;PRO_FHAD
Michael;05:00:00;13:11:36;5309.038,-5206.666,-5206.666;;;;
Michael;05:00:00;13:11:37;5309.038,-5206.666,-5206.666;;M! Get these assholes in the closet!;BRAD;PRO_DOAA
Michael;05:00:00;13:11:37;5309.038,-5206.666,-5206.666;;;;
Michael;05:00:00;13:11:38;5309.038,-5206.666,-5206.666;;;;
Michael;05:00:00;13:11:38;5309.038,-5206.666,-5206.666;;;;
Michael;05:00:00;13:11:39;5309.038,-5206.666,-5206.666;;;;
Michael;05:00:00;13:11:39;5309.038,-5206.666,-5206.666;;;;
Michael;05:00:00;13:11:40;5309.038,-5206.666,-5206.666;;;;
Michael;05:00:00;13:11:40;5309.038,-5206.666,-5206.666;;;;
Michael;05:00:00;13:11:41;5309.038,-5206.666,-5206.666;;You!;Michael;PRO_FHAE
Michael;05:00:00;13:11:41;5309.038,-5206.666,-5206.666;;;;
Michael;05:00:00;13:11:42;5309.038,-5206.666,-5206.666;;;;
Michael;05:00:00;13:11:42;5309.038,-5206.666,-5206.666;;;;
Michael;05:00:00;13:11:43;5309.038,-5206.666,-5206.666;;;;
Michael;05:00:00;13:11:43;5309.038,-5206.666,-5206.666;;;;
Michael;05:00:00;13:11:44;5309.038,-5206.666,-5206.666;;;;
Michael;05:00:00;13:11:44;5309.038,-5206.666,-5206.666;;;;
Michael;05:00:00;13:11:45;5309.038,-5206.666,-5206.666;;;;
Michael;05:00:00;13:11:45;5309.038,-5206.666,-5206.666;;;;
Michael;05:00:00;13:11:46;5309.038,-5206.666,-5206.666;;;;
Michael;05:00:00;13:11:46;5309.038,-5206.666,-5206.666;;;;
Michael;05:00:00;13:11:47;5309.038,-5206.666,-5206.666;;;;
Michael;05:00:00;13:11:47;5308.903,-5206.548,-5206.548;;;;
Michael;05:00:00;13:11:48;5308.862,-5205.84,-5205.84;;All set. Phone it in.;Trevor;PRO_AEAA
Michael;05:00:00;13:11:48;5309.066,-5205.079,-5205.079;;;;
Michael;05:00:00;13:11:49;5309.081,-5205.077,-5205.077;;;;
Michael;05:00:00;13:11:49;5309.081,-5205.077,-5205.077;;;;
Michael;05:00:00;13:11:50;5309.081,-5205.077,-5205.077;;;;
Michael;05:00:00;13:11:51;5309.081,-5205.077,-5205.077;;;;
Michael;05:00:00;13:11:51;5309.081,-5205.077,-5205.077;;;;
Michael;05:00:00;13:11:52;5309.081,-5205.077,-5205.077;;;;
Michael;05:00:00;13:11:52;5309.081,-5205.077,-5205.077;;;;
Michael;05:00:00;13:11:53;5309.081,-5205.077,-5205.077;;;;
Michael;05:00:00;13:11:53;5309.081,-5205.077,-5205.077;;;;
Michael;05:00:00;13:11:54;5309.081,-5205.077,-5205.077;;;;
Michael;05:00:00;13:11:54;5308.671,-5206.547,-5206.547;;;;
Michael;05:00:00;13:11:55;5308.671,-5206.547,-5206.547;;;;
Michael;05:00:00;13:11:55;5308.671,-5206.547,-5206.547;;;;
Michael;05:00:00;13:11:56;5308.671,-5206.547,-5206.547;;;;
Michael;05:00:00;13:11:56;5308.671,-5206.547,-5206.547;;;;
Michael;05:00:00;13:11:57;5308.671,-5206.547,-5206.547;;;;
Michael;05:00:00;13:11:57;5308.671,-5206.547,-5206.547;;;;
Michael;05:00:00;13:11:58;5308.671,-5206.547,-5206.547;;;;
Michael;05:00:00;13:11:58;5307.385,-5206.795,-5206.795;;;Trevor;PRO_BRAA1
Michael;05:00:00;13:11:59;5307.355,-5206.795,-5206.795;;;;
Michael;05:00:00;13:11:59;5307.313,-5206.795,-5206.795;;;;
Michael;05:00:00;13:12:00;5307.268,-5206.795,-5206.795;;;;
Michael;05:00:00;13:12:00;5307.225,-5206.795,-5206.795;;;;
Michael;05:00:00;13:12:01;5307.217,-5206.795,-5206.795;;;;
Michael;05:00:00;13:12:01;5307.217,-5206.795,-5206.795;;;;
Michael;05:00:00;13:12:02;5307.217,-5206.795,-5206.795;;;;
Michael;05:00:00;13:12:02;5307.217,-5206.795,-5206.795;;;;
Michael;05:00:00;13:12:03;5307.217,-5206.795,-5206.795;;;;
Michael;05:00:00;13:12:03;5308.856,-5206.294,-5206.294;;;;
Michael;05:00:00;13:12:04;5308.856,-5206.294,-5206.294;;Alright! We gonna do this, huh?;Trevor;PRO_BRAA2
Michael;05:00:00;13:12:04;5308.856,-5206.294,-5206.294;;;;
Michael;05:00:00;13:12:05;5308.856,-5206.293,-5206.293;;;;
Michael;05:00:00;13:12:06;5308.776,-5205.801,-5205.801;;;;
Michael;05:00:00;13:12:06;5308.493,-5203.926,-5203.926;;Show me the money!;Trevor;PRO_BRAB
Michael;05:00:00;13:12:07;5307.626,-5202.33,-5202.33;;;;
Michael;05:00:00;13:12:07;5307.422,-5200.77,-5200.77;;;;
Michael;05:00:00;13:12:08;5306.999,-5199.068,-5199.068;;;;
Michael;05:00:00;13:12:08;5305.222,-5198.396,-5198.396;;;;
Michael;05:00:00;13:12:09;5303.122,-5198.007,-5198.007;;Slow and steady, T. Slow and steady.;Michael;PRO_BRAC
Michael;05:00:00;13:12:09;5300.979,-5197.73,-5197.73;;;;
Michael;05:00:00;13:12:10;5298.849,-5197.413,-5197.413;;;;
Michael;05:00:00;13:12:10;5297.126,-5196.472,-5196.472;;;;
Michael;05:00:00;13:12:11;5296.036,-5194.774,-5194.774;;;;
Michael;05:00:00;13:12:11;5295.459,-5192.805,-5192.805;;;;
Michael;05:00:00;13:12:12;5295.24,-5190.669,-5190.669;;;;
Michael;05:00:00;13:12:12;5294.821,-5188.618,-5188.618;;;;
Michael;05:00:00;13:12:13;5294.529,-5186.678,-5186.678;;;;
Michael;05:00:00;13:12:13;5294.715,-5186.8,-5186.8;;;;
Michael;05:00:00;13:12:14;5295.193,-5187.523,-5187.523;;;;
Michael;05:00:00;13:12:14;5296.446,-5188.237,-5188.237;;;;
Michael;05:00:00;13:12:15;5297.341,-5188.508,-5188.508;;;;
Michael;05:00:00;13:12:15;5298.209,-5188.739,-5188.739;;;;
Michael;05:00:00;13:12:16;5299.025,-5188.914,-5188.914;;;;
Michael;05:00:00;13:12:16;5300.096,-5189.086,-5189.086;;;;
Michael;05:00:00;13:12:17;5301.937,-5189.328,-5189.328;;;;
Michael;05:00:00;13:12:17;5304.072,-5189.592,-5189.592;;;;
Michael;05:00:00;13:12:18;5306.793,-5189.848,-5189.848;;;;
Michael;05:00:00;13:12:18;5307.508,-5190.299,-5190.299;;;;
Michael;05:00:00;13:12:19;5307.928,-5190.495,-5190.495;;;;
Michael;05:00:00;13:12:20;5308.15,-5190.431,-5190.431;;;;
Michael;05:00:00;13:12:20;5308.168,-5190.431,-5190.431;;;;
Michael;05:00:00;13:12:21;5308.138,-5190.462,-5190.462;;Oh...;Cutscene;Cutscene
Michael;05:00:00;13:12:21;5307.918,-5190.419,-5190.419;;;;
Michael;05:00:00;13:12:22;5308.111,-5190.489,-5190.489;;There's enough here for us all to enjoy!;Cutscene;Cutscene
Michael;05:00:00;13:12:22;5307.977,-5190.545,-5190.545;;;;
Michael;05:00:00;13:12:23;5308.063,-5190.538,-5190.538;;;;
Michael;05:00:00;13:12:23;5307.983,-5190.562,-5190.562;;;;
Michael;05:00:00;13:12:24;5308.098,-5190.477,-5190.477;;Depends on how you look at it.;Cutscene;Cutscene
Michael;05:00:00;13:12:24;5307.962,-5190.48,-5190.48;;;;
Michael;05:00:00;13:12:25;5308.034,-5190.456,-5190.456;;;;
Michael;05:00:00;13:12:25;5308.024,-5190.506,-5190.506;;;;
Michael;05:00:00;13:12:26;5308.001,-5190.573,-5190.573;;;;
Michael;05:00:00;13:12:26;5307.054,-5190.073,-5190.073;;;;
Michael;05:00:00;13:12:27;5306.547,-5189.902,-5189.902;;;;
Michael;05:00:00;13:12:27;5306.285,-5189.726,-5189.726;;;;
Michael;05:00:00;13:12:28;5306.204,-5189.708,-5189.708;;;;
Michael;05:00:00;13:12:28;5305.541,-5189.596,-5189.596;;Come on. Move it.;Trevor;PRO_BSAA
Michael;05:00:00;13:12:29;5304.593,-5189.484,-5189.484;;;;
Michael;05:00:00;13:12:29;5303.753,-5189.437,-5189.437;;;;
Michael;05:00:00;13:12:30;5302.877,-5189.379,-5189.379;;;;
Michael;05:00:00;13:12:30;5301.981,-5189.414,-5189.414;;Coming out, B.;Trevor;PRO_FEAA
Michael;05:00:00;13:12:31;5301.079,-5189.472,-5189.472;;;;
Michael;05:00:00;13:12:31;5300.212,-5189.484,-5189.484;;;;
Michael;05:00:00;13:12:32;5298.276,-5188.532,-5188.532;;;;
Michael;05:00:00;13:12:32;5297.614,-5188.366,-5188.366;;Give it up!;Cutscene;Cutscene
Michael;05:00:00;13:12:33;5296.675,-5188.479,-5188.479;;;;
Michael;05:00:00;13:12:34;5296.379,-5188.59,-5188.59;;I got him!;Cutscene;Cutscene
Michael;05:00:00;13:12:34;5296.84,-5188.098,-5188.098;;;;
Michael;05:00:00;13:12:35;5296.75,-5188.151,-5188.151;;;;
Michael;05:00:00;13:12:35;5296.696,-5188.242,-5188.242;;;;
Michael;05:00:00;13:12:36;5296.759,-5187.989,-5187.989;;;;
Michael;05:00:00;13:12:36;5296.85,-5187.986,-5187.986;;I saw your face. I'll remember you.;Cutscene;Cutscene
Michael;05:00:00;13:12:37;5296.831,-5188.071,-5188.071;;;;
Michael;05:00:00;13:12:37;5296.833,-5188.096,-5188.096;;;;
Michael;05:00:00;13:12:38;5296.813,-5188.124,-5188.124;;You forget a thousand things every day.;Cutscene;Cutscene
Michael;05:00:00;13:12:38;5296.825,-5188.14,-5188.14;;;;
Michael;05:00:00;13:12:39;5296.771,-5188.1,-5188.1;;;;
Michael;05:00:00;13:12:39;5296.823,-5188.073,-5188.073;;;;
Michael;05:00:00;13:12:40;5296.869,-5188.122,-5188.122;;How 'bout you make sure this is one of 'em?;Cutscene;Cutscene
Michael;05:00:00;13:12:40;5296.848,-5188.148,-5188.148;;;;
Michael;05:00:00;13:12:41;5296.821,-5188.106,-5188.106;;;;
Michael;05:00:00;13:12:41;5296.861,-5188.114,-5188.114;;;;
Michael;05:00:00;13:12:42;5296.633,-5188.354,-5188.354;;;;
Michael;05:00:00;13:12:42;5296.633,-5188.354,-5188.354;;I see it in his eyes. He's crazy.;PROGUARD;PRO_BTAA
Michael;05:00:00;13:12:43;5296.633,-5188.354,-5188.354;;;;
Michael;05:00:00;13:12:43;5296.633,-5188.354,-5188.354;;;;
Michael;05:00:00;13:12:44;5296.633,-5188.354,-5188.354;;No one's crazy. Alright, think. Be cool.;Michael;PRO_BTAB
Michael;05:00:00;13:12:44;5296.633,-5188.354,-5188.354;;;;
Michael;05:00:00;13:12:45;5296.633,-5188.354,-5188.354;;;;
Michael;05:00:00;13:12:45;5296.633,-5188.354,-5188.354;;;;
Michael;05:00:00;13:12:46;5296.688,-5188.161,-5188.161;;;;
Michael;05:00:00;13:12:46;5296.688,-5188.161,-5188.161;;;;
Michael;05:00:00;13:12:47;5296.688,-5188.161,-5188.161;;;;
Michael;05:00:00;13:12:48;5296.688,-5188.161,-5188.161;;;;
Michael;05:00:00;13:12:48;5296.688,-5188.162,-5188.162;;;;
Michael;05:00:00;13:12:49;5296.688,-5188.163,-5188.163;;Fuck! You didn't have to do that!;Michael;PRO_BUAA
Michael;05:00:00;13:12:49;5296.758,-5188.261,-5188.261;;;;
Michael;05:00:00;13:12:50;5297.038,-5188.75,-5188.75;;;;
Michael;05:00:00;13:12:50;5297.011,-5189.043,-5189.043;;;;
Michael;05:00:00;13:12:51;5296.607,-5189.085,-5189.085;;;;
Michael;05:00:00;13:12:51;5296.109,-5189.002,-5189.002;;Let's get going. There'll be time for grieving later.;Trevor;PRO_BUAB
Michael;05:00:00;13:12:52;5295.752,-5188.771,-5188.771;;;;
Michael;05:00:00;13:12:52;5295.612,-5188.534,-5188.534;;;;
Michael;05:00:00;13:12:53;5295.766,-5189.013,-5189.013;;;;
Michael;05:00:00;13:12:53;5296.149,-5189.313,-5189.313;;;;
Michael;05:00:00;13:12:54;5296.279,-5189.219,-5189.219;;;;
Michael;05:00:00;13:12:54;5296.295,-5189.014,-5189.014;;Yeah, you got that right.;Michael;PRO_BUAC
Michael;05:00:00;13:12:55;5296.313,-5188.52,-5188.52;;;;
Michael;05:00:00;13:12:55;5296.385,-5186.485,-5186.485;;;;
Michael;05:00:00;13:12:56;5296.464,-5184.347,-5184.347;;;;
Michael;05:00:00;13:12:56;5296.844,-5182.623,-5182.623;;Come on!;Michael;PRO_FOAA
Michael;05:00:00;13:12:57;5298.587,-5181.989,-5181.989;;;;
Michael;05:00:00;13:12:57;5300.747,-5181.978,-5181.978;;;;
Michael;05:00:00;13:12:58;5302.884,-5181.94,-5181.94;;;;
Michael;05:00:00;13:12:58;5305.047,-5181.902,-5181.902;;;;
Michael;05:00:00;13:12:59;5307.22,-5181.892,-5181.892;;;;
Michael;05:00:00;13:12:59;5309.341,-5182.06,-5182.06;;;;
Michael;05:00:00;13:13:00;5311.491,-5182.328,-5182.328;;;;
Michael;05:00:00;13:13:01;5313.868,-5182.801,-5182.801;;;;
Michael;05:00:00;13:13:01;5314.829,-5183.055,-5183.055;;;;
Michael;05:00:00;13:13:02;5314.829,-5183.055,-5183.055;;;;
Michael;05:00:00;13:13:02;5314.829,-5183.055,-5183.055;;;;
Michael;05:00:00;13:13:03;5314.838,-5183.058,-5183.058;;;;
Michael;05:00:00;13:13:03;5314.838,-5183.058,-5183.058;;;;
Michael;05:00:00;13:13:04;5314.838,-5183.058,-5183.058;;;;
Michael;05:00:00;13:13:04;5314.838,-5183.058,-5183.058;;;;
Michael;05:00:00;13:13:05;5314.838,-5183.058,-5183.058;;;;
Michael;05:00:00;13:13:05;5314.838,-5183.058,-5183.058;;;;
Michael;05:00:00;13:13:06;5314.838,-5183.058,-5183.058;;;;
Michael;05:00:00;13:13:06;5314.838,-5183.058,-5183.058;;;;
Michael;05:00:00;13:13:07;5314.838,-5183.058,-5183.058;;;;
Michael;05:00:00;13:13:07;5314.838,-5183.058,-5183.058;;;;
Michael;05:00:00;13:13:08;5314.838,-5183.058,-5183.058;;;;
Michael;05:00:00;13:13:08;5314.838,-5183.058,-5183.058;;;;
Michael;05:00:00;13:13:09;5314.838,-5183.058,-5183.058;;;;
Michael;05:00:00;13:13:09;5314.838,-5183.058,-5183.058;;;;
Michael;05:00:00;13:13:10;5314.838,-5183.058,-5183.058;;;;
Michael;05:00:00;13:13:10;5314.838,-5183.058,-5183.058;;;;
Michael;05:00:00;13:13:11;5314.838,-5183.058,-5183.058;;I'm setting the charges. They're on a timer, so brace yourselves!;BRAD;PRO_AKAC
Michael;05:00:00;13:13:11;5314.838,-5183.058,-5183.058;;;;
Michael;05:00:00;13:13:12;5314.838,-5183.058,-5183.058;;;;
Michael;05:00:00;13:13:12;5314.838,-5183.058,-5183.058;;;;
Michael;05:00:00;13:13:13;5314.838,-5183.058,-5183.058;;;;
Michael;05:00:00;13:13:13;5314.838,-5183.058,-5183.058;;;;
Michael;05:00:00;13:13:14;5314.838,-5183.058,-5183.058;;;;
Michael;05:00:00;13:13:14;5314.838,-5183.058,-5183.058;;;;
Michael;05:00:00;13:13:15;5314.838,-5183.058,-5183.058;;;;
Michael;05:00:00;13:13:16;5314.838,-5183.058,-5183.058;;;;
Michael;05:00:00;13:13:16;5314.838,-5183.058,-5183.058;;;;
Michael;05:00:00;13:13:17;5314.838,-5183.058,-5183.058;;;;
Michael;05:00:00;13:13:17;5314.838,-5183.058,-5183.058;;;;
Michael;05:00:00;13:13:18;5314.838,-5183.058,-5183.058;;;;
Michael;05:00:00;13:13:18;5314.838,-5183.058,-5183.058;;;;
Michael;05:00:00;13:13:19;5314.838,-5183.058,-5183.058;;;;
Michael;05:00:00;13:13:19;5314.83,-5183.047,-5183.047;;;;
Michael;05:00:00;13:13:20;5314.751,-5182.941,-5182.941;;;;
Michael;05:00:00;13:13:20;5314.629,-5182.748,-5182.748;;;;
Michael;05:00:00;13:13:21;5314.512,-5182.5,-5182.5;;;;
Michael;05:00:00;13:13:21;5314.446,-5182.233,-5182.233;;;;
Michael;05:00:00;13:13:22;5314.478,-5181.977,-5181.977;;;;
Michael;05:00:00;13:13:22;5314.653,-5181.763,-5181.763;;;;
Michael;05:00:00;13:13:23;5315.035,-5181.609,-5181.609;;;;
Michael;05:00:00;13:13:23;5315.877,-5181.4,-5181.4;;Oh fuck. You hear that? Sirens.;Michael;PRO_EFAA
Michael;05:00:00;13:13:24;5316.767,-5181.622,-5181.622;;;;
Michael;05:00:00;13:13:24;5317.647,-5182.831,-5182.831;;;;
Michael;05:00:00;13:13:25;5318.412,-5184.537,-5184.537;;;;
Michael;05:00:00;13:13:25;5319.039,-5186.334,-5186.334;;Fuck the cops. T, hit the shutter switch.;BRAD;PRO_EFAB
Michael;05:00:00;13:13:26;5319.595,-5188.04,-5188.04;;;;
Michael;05:00:00;13:13:26;5319.891,-5188.965,-5188.965;;;;
Michael;05:00:00;13:13:27;5320.039,-5189.184,-5189.184;;;;
Michael;05:00:00;13:13:27;5320.136,-5189.2,-5189.2;;;;
Michael;05:00:00;13:13:28;5320.155,-5189.267,-5189.267;;;;
Michael;05:00:00;13:13:28;5320.154,-5189.203,-5189.203;;;;
Michael;05:00:00;13:13:29;5320.131,-5189.169,-5189.169;;What's this? Local resistance?;Trevor;PRO_EIAA
Michael;05:00:00;13:13:30;5320.084,-5189.222,-5189.222;;;;
Michael;05:00:00;13:13:30;5319.982,-5189.287,-5189.287;;;;
Michael;05:00:00;13:13:31;5319.769,-5189.279,-5189.279;;;;
Michael;05:00:00;13:13:31;5319.599,-5189.237,-5189.237;;It ain't supposed to go down like this.;Michael;PRO_EIAB
Michael;05:00:00;13:13:32;5319.922,-5189.222,-5189.222;;;;
Michael;05:00:00;13:13:32;5320.253,-5189.207,-5189.207;;;;
Michael;05:00:00;13:13:33;5320.46,-5189.363,-5189.363;;;;
Michael;05:00:00;13:13:33;5320.655,-5189.488,-5189.488;;;;
Michael;05:00:00;13:13:34;5320.917,-5189.583,-5189.583;;It never is. Come on. Go.;Trevor;PRO_EIAC
Michael;05:00:00;13:13:34;5321.199,-5189.645,-5189.645;;;;
Michael;05:00:00;13:13:35;5321.438,-5189.448,-5189.448;;;;
Michael;05:00:00;13:13:35;5321.993,-5188.978,-5188.978;;;;
Michael;05:00:00;13:13:36;5322.567,-5189.385,-5189.385;;;;
Michael;05:00:00;13:13:36;5322.626,-5190.529,-5190.529;;Get down!;Michael;PRO_EMAA
Michael;05:00:00;13:13:37;5322.671,-5192.15,-5192.15;;;;
Michael;05:00:00;13:13:37;5322.715,-5193.744,-5193.744;;;;
Michael;05:00:00;13:13:38;5322.847,-5195.289,-5195.289;;;;
Michael;05:00:00;13:13:38;5324.574,-5195.5,-5195.5;;You shouldn't have been a cop.;Trevor;PRO_ELAA
Michael;05:00:00;13:13:39;5326.711,-5195.287,-5195.287;;;;
Michael;05:00:00;13:13:39;5328.011,-5195.156,-5195.156;;;;
Michael;05:00:00;13:13:40;5328.257,-5195.131,-5195.131;;;;
Michael;05:00:00;13:13:40;5328.466,-5194.986,-5194.986;;;;
Michael;05:00:00;13:13:41;5328.623,-5194.798,-5194.798;;;;
Michael;05:00:00;13:13:41;5330.038,-5194.174,-5194.174;;;;
Michael;05:00:00;13:13:42;5331.735,-5193.767,-5193.767;;Dumb fucking cops!;BRAD;PRO_ENAA
Michael;05:00:00;13:13:42;5332.8,-5193.733,-5193.733;;;;
Michael;05:00:00;13:13:43;5333.524,-5193.539,-5193.539;;;;
Michael;05:00:00;13:13:43;5334.057,-5193.474,-5193.474;;Move! We're coming through!;Michael;PRO_EMAA
Michael;05:00:00;13:13:44;5335.269,-5193.389,-5193.389;;;;
Michael;05:00:00;13:13:44;5336.551,-5193.344,-5193.344;;;;
Michael;05:00:00;13:13:45;5336.817,-5193.333,-5193.333;;;;
Michael;05:00:00;13:13:46;5336.817,-5193.333,-5193.333;;;;
Michael;05:00:00;13:13:46;5336.817,-5193.333,-5193.333;;;;
Michael;05:00:00;13:13:47;5336.817,-5193.333,-5193.333;;;;
Michael;05:00:00;13:13:47;5336.817,-5193.333,-5193.333;;;;
Michael;05:00:00;13:13:48;5336.817,-5193.333,-5193.333;;;;
Michael;05:00:00;13:13:48;5336.817,-5193.333,-5193.333;;Wrong profession.;Trevor;PRO_ELAA
Michael;05:00:00;13:13:49;5336.456,-5192.968,-5192.968;;;;
Michael;05:00:00;13:13:49;5336.532,-5193.042,-5193.042;;;;
Michael;05:00:00;13:13:50;5336.817,-5193.333,-5193.333;;;;
Michael;05:00:00;13:13:50;5336.817,-5193.333,-5193.333;;;;
Michael;05:00:00;13:13:51;5336.817,-5193.333,-5193.333;;Fuck these guys!;BRAD;PRO_ENAA
Michael;05:00:00;13:13:51;5336.817,-5193.333,-5193.333;;;;
Michael;05:00:00;13:13:52;5336.817,-5193.333,-5193.333;;;;
Michael;05:00:00;13:13:52;5336.817,-5193.333,-5193.333;;;;
Michael;05:00:00;13:13:53;5336.554,-5193.592,-5193.592;;;;
Michael;05:00:00;13:13:53;5336.305,-5193.839,-5193.839;;;;
Michael;05:00:00;13:13:54;5336.873,-5193.165,-5193.165;;;;
Michael;05:00:00;13:13:54;5336.849,-5193.234,-5193.234;;;;
Michael;05:00:00;13:13:55;5336.764,-5193.33,-5193.33;;;;
Michael;05:00:00;13:13:55;5336.291,-5193.848,-5193.848;;;;
Michael;05:00:00;13:13:56;5336.291,-5193.848,-5193.848;;;;
Michael;05:00:00;13:13:56;5336.291,-5193.848,-5193.848;;;;
Michael;05:00:00;13:13:57;5336.297,-5193.575,-5193.575;;;;
Michael;05:00:00;13:13:57;5335.653,-5193.378,-5193.378;;We got a window - let's go!;Michael;PRO_DAAA
Michael;05:00:00;13:13:58;5334.89,-5193.378,-5193.378;;Don't be an idiot!;Michael;PRO_EMAA
Michael;05:00:00;13:13:58;5335.006,-5192.822,-5192.822;;;;
Michael;05:00:00;13:13:59;5335.689,-5192.571,-5192.571;;;;
Michael;05:00:00;13:13:59;5336.59,-5192.347,-5192.347;;;;
Michael;05:00:00;13:14:00;5338.398,-5192.225,-5192.225;;Car's up here! Let's go!;BRAD;PRO_CDAA
Michael;05:00:00;13:14:01;5341.378,-5192.408,-5192.408;;;;
Michael;05:00:00;13:14:01;5344.117,-5194.036,-5194.036;;;;
Michael;05:00:00;13:14:02;5346.456,-5195.162,-5195.162;;Move! Come on!;Trevor;PRO_CDAB
Michael;05:00:00;13:14:02;5347.598,-5194.154,-5194.154;;;;
Michael;05:00:00;13:14:03;5347.911,-5193.663,-5193.663;;;;
Michael;05:00:00;13:14:03;5348.812,-5192.346,-5192.346;;Kid mighta bailed. This wasn't in the job description.;Michael;PRO_CDAC
Michael;05:00:00;13:14:04;5349.896,-5191.495,-5191.495;;;;
Michael;05:00:00;13:14:04;5350.621,-5191.355,-5191.355;;;;
Michael;05:00:00;13:14:05;5351.316,-5191.141,-5191.141;;;;
Michael;05:00:00;13:14:05;5351.912,-5190.757,-5190.757;;;;
Michael;05:00:00;13:14:06;5352.593,-5190.521,-5190.521;;;;
Michael;05:00:00;13:14:06;5353.697,-5190.326,-5190.326;;;;
Michael;05:00:00;13:14:07;5356.063,-5190.131,-5190.131;;;;
Michael;05:00:00;13:14:07;5359.565,-5189.941,-5189.941;;They answered the wrong call!;Trevor;PRO_ELAA
Michael;05:00:00;13:14:08;5362.734,-5189.384,-5189.384;;;;
Michael;05:00:00;13:14:08;5364.344,-5188.364,-5188.364;;;;
Michael;05:00:00;13:14:09;5366.253,-5188.244,-5188.244;;;;
Michael;05:00:00;13:14:09;5368.214,-5187.741,-5187.741;;;;
Michael;05:00:00;13:14:10;5369.521,-5187.398,-5187.398;;We bring it to 'em.;BRAD;PRO_ENAA
Michael;05:00:00;13:14:10;5370.239,-5187.228,-5187.228;;;;
Michael;05:00:00;13:14:11;5370.951,-5187.064,-5187.064;;;;
Michael;05:00:00;13:14:11;5371.655,-5186.901,-5186.901;;;;
Michael;05:00:00;13:14:12;5372.364,-5186.699,-5186.699;;;;
Michael;05:00:00;13:14:12;5373.062,-5186.467,-5186.467;;;;
Michael;05:00:00;13:14:13;5373.774,-5186.251,-5186.251;;;;
Michael;05:00:00;13:14:14;5374.475,-5186.058,-5186.058;;;;
Michael;05:00:00;13:14:14;5375.214,-5185.99,-5185.99;;What the fuck is this!?;Michael;PRO_EMAA
Michael;05:00:00;13:14:15;5376.39,-5185.749,-5185.749;;;;
Michael;05:00:00;13:14:15;5378.021,-5185.425,-5185.425;;;;
Michael;05:00:00;13:14:16;5379.674,-5185.2,-5185.2;;;;
Michael;05:00:00;13:14:16;5380.424,-5185.028,-5185.028;;;;
Michael;05:00:00;13:14:17;5381.125,-5184.868,-5184.868;;Back the fuck down!;Trevor;PRO_ELAA
Michael;05:00:00;13:14:17;5381.854,-5184.766,-5184.766;;;;
Michael;05:00:00;13:14:18;5382.57,-5184.656,-5184.656;;;;
Michael;05:00:00;13:14:18;5383.293,-5184.519,-5184.519;;;;
Michael;05:00:00;13:14:19;5384.624,-5183.995,-5183.995;;;;
Michael;05:00:00;13:14:19;5387.128,-5182.905,-5182.905;;;;
Michael;05:00:00;13:14:20;5390.348,-5181.581,-5181.581;;;;
Michael;05:00:00;13:14:20;5393.585,-5180.449,-5180.449;;;;
Michael;05:00:01;13:14:21;5396.841,-5179.26,-5179.26;;;;
Michael;05:00:00;13:14:21;5400.209,-5178.358,-5178.358;;;;
Michael;05:00:00;13:14:22;5403.19,-5177.267,-5177.267;;;;
Michael;05:00:00;13:14:22;5404.508,-5176.24,-5176.24;;;;
Michael;05:00:00;13:14:23;5405.112,-5175.75,-5175.75;;;;
Michael;05:00:00;13:14:23;5405.684,-5175.301,-5175.301;;;;
Michael;05:00:00;13:14:24;5406.258,-5174.847,-5174.847;;;;
Michael;05:00:00;13:14:24;5406.831,-5174.381,-5174.381;;;;
Michael;05:00:00;13:14:25;5407.458,-5174.038,-5174.038;;Let's move! Come on!;Michael;PRO_DAAA
Michael;05:00:00;13:14:25;5408.723,-5173.705,-5173.705;;;;
Michael;05:00:00;13:14:26;5410.717,-5172.452,-5172.452;;;;
Michael;05:00:00;13:14:26;5413.452,-5170.314,-5170.314;;;;
Michael;05:00:00;13:14:27;5416.144,-5168.207,-5168.207;;;;
Michael;05:00:00;13:14:28;5418.863,-5166.173,-5166.173;;;;
Michael;05:00:00;13:14:28;5421.182,-5164.007,-5164.007;;;;
Michael;05:00:00;13:14:29;5422.202,-5160.754,-5160.754;;;;
Michael;05:00:00;13:14:29;5423.885,-5159.358,-5159.358;;;;
Michael;05:00:00;13:14:30;5425.21,-5158.796,-5158.796;;;;
Michael;05:00:00;13:14:30;5426.15,-5157.204,-5157.204;;;;
Michael;05:00:00;13:14:31;5427.515,-5155.774,-5155.774;;;;
Michael;05:00:00;13:14:31;5428.662,-5154.3,-5154.3;;;;
Michael;05:00:00;13:14:32;5429.28,-5152.309,-5152.309;;;;
Michael;05:00:00;13:14:32;5430.353,-5148.985,-5148.985;;;;
Michael;05:00:00;13:14:33;5432.043,-5145.938,-5145.938;;;;
Michael;05:00:00;13:14:33;5432.854,-5143.702,-5143.702;;;;
Michael;05:00:00;13:14:34;5433.406,-5142.129,-5142.129;;;;
Michael;05:00:00;13:14:34;5433.668,-5141.359,-5141.359;;;;
Michael;05:00:00;13:14:35;5433.825,-5140.644,-5140.644;;;;
Michael;05:00:00;13:14:35;5433.919,-5139.919,-5139.919;;;;
Michael;05:00:00;13:14:36;5434.015,-5139.195,-5139.195;;;;
Michael;05:00:00;13:14:36;5434.082,-5138.482,-5138.482;;;;
Michael;05:00:00;13:14:37;5434.533,-5137.9,-5137.9;;;;
Michael;05:00:00;13:14:37;5434.992,-5137.322,-5137.322;;;;
Michael;05:00:00;13:14:38;5435.271,-5136.671,-5136.671;;;;
Michael;05:00:00;13:14:38;5435.604,-5135.772,-5135.772;;;;
Michael;05:00:00;13:14:39;5435.81,-5133.901,-5133.901;;;;
Michael;05:00:00;13:14:39;5435.034,-5130.864,-5130.864;;;;
Michael;05:00:00;13:14:40;5432.479,-5128.548,-5128.548;;;;
Michael;05:00:00;13:14:40;5429.466,-5126.758,-5126.758;;;;
Michael;05:00:00;13:14:41;5426.467,-5125.091,-5125.091;;;;
Michael;05:00:00;13:14:41;5423.581,-5123.288,-5123.288;;;;
Michael;05:00:00;13:14:42;5420.784,-5121.338,-5121.338;;;;
Michael;05:40:00;13:14:43;5420.89,-5115.943,-5115.943;;;;
Michael;06:00:00;13:14:43;5421.693,-5115.947,-5115.947;;;;
Michael;06:00:00;13:14:44;5422.029,-5115.648,-5115.648;;;;
Michael;06:00:00;13:14:44;5422.193,-5115.664,-5115.664;;;;
Michael;06:00:00;13:14:45;5422.157,-5116.076,-5116.076;;;;
Michael;06:00:00;13:14:45;5422.11,-5116.758,-5116.758;;;;
Michael;06:00:00;13:14:46;5422.222,-5117.044,-5117.044;;;;
Michael;06:00:00;13:14:46;5422.202,-5117.02,-5117.02;;;;
Michael;06:00:00;13:14:47;5421.732,-5117.114,-5117.114;;Did you see that shit?;Cutscene;Cutscene
Michael;06:00:00;13:14:47;5420.58,-5117.338,-5117.338;;;;
Michael;06:00:00;13:14:48;5418.482,-5117.796,-5117.796;;;;
Michael;06:00:00;13:14:48;5415.081,-5118.35,-5118.35;;I fuckin' put that bitch's face against the glass.;Cutscene;Cutscene
Michael;06:00:00;13:14:49;5411.101,-5118.88,-5118.88;;;;
Michael;06:00:00;13:14:49;5407.059,-5119.417,-5119.417;;;;
Michael;06:00:00;13:14:50;5402.858,-5119.786,-5119.786;;;;
Michael;06:00:00;13:14:50;5397.723,-5120.047,-5120.047;;Did you see that?;Cutscene;Cutscene
Michael;06:00:00;13:14:51;5392.278,-5119.976,-5119.976;;;;
Michael;06:00:00;13:14:51;5386.992,-5119.706,-5119.706;;Yeah, you're a real stallion.;Cutscene;Cutscene
Michael;06:00:00;13:14:52;5380.957,-5119.341,-5119.341;;;;
Michael;06:00:00;13:14:52;5374.806,-5118.971,-5118.971;;;;
Michael;06:00:00;13:14:53;5368.212,-5118.559,-5118.559;;Bahbahbahbahbahbahbahbahbah!;Cutscene;Cutscene
Michael;06:00:00;13:14:53;5361.343,-5118.123,-5118.123;;;;
Michael;06:00:00;13:14:54;5354.356,-5117.685,-5117.685;;;;
Michael;06:00:00;13:14:54;5347.579,-5117.282,-5117.282;;;;
Michael;06:00:00;13:14:55;5410.825,-5123.056,-5123.056;;;;
Michael;06:00:00;13:14:55;5398.17,-5122.096,-5122.096;;;;
Michael;06:00:00;13:14:56;5385.693,-5121.317,-5121.317;;;;
Michael;06:00:00;13:14:56;5372.388,-5120.815,-5120.815;;;;
Michael;06:00:00;13:14:57;5359.564,-5120.439,-5120.439;;;;
Michael;06:00:00;13:14:58;5345.634,-5120.105,-5120.105;;;;
Michael;06:00:00;13:14:58;5330.95,-5118.776,-5118.776;;;;
Michael;06:00:00;13:14:59;5306.212,-5117.102,-5117.102;;;;
Michael;06:00:00;13:14:59;5290.615,-5116.606,-5116.606;;Aww, fuck!;Cutscene;Cutscene
Michael;06:00:00;13:15:00;5211.157,-5110.238,-5110.238;;How'd that happen?;Cutscene;Cutscene
Michael;06:00:00;13:15:00;5195.62,-5107.396,-5107.396;;;;
Michael;06:00:00;13:15:01;5149.13,-5097.95,-5097.95;;Go! Go! Go! Go!;Cutscene;Cutscene
Michael;06:00:00;13:15:01;5132.793,-5096.82,-5096.82;;;;
Michael;06:00:00;13:15:02;5116.151,-5096.83,-5096.83;;;;
Michael;06:00:00;13:15:02;5098.734,-5097.405,-5097.405;;Fuck!;Cutscene;Cutscene
Michael;06:00:00;13:15:03;5081.602,-5098.154,-5098.154;;;;
Michael;06:00:00;13:15:03;5048.948,-5098.99,-5098.99;;;;
Michael;06:00:00;13:15:04;5031.212,-5098.615,-5098.615;;;;
Michael;06:00:00;13:15:04;5013.393,-5097.535,-5097.535;;;;
Michael;06:00:00;13:15:05;4994.218,-5095.929,-5095.929;;;;
Michael;06:00:00;13:15:05;4976.474,-5092.925,-5092.925;;;;
Michael;06:00:00;13:15:06;4959.675,-5087.062,-5087.062;;;;
Michael;06:00:00;13:15:06;5172.342,-5101.152,-5101.152;;;;
Michael;06:00:00;13:15:07;5160.191,-5097.803,-5097.803;;;;
Michael;06:00:00;13:15:07;5147.404,-5096.172,-5096.172;;;;
Michael;06:00:00;13:15:08;5134.571,-5095.699,-5095.699;;Jeez, I think they're gonna...;Cutscene;Cutscene
Michael;06:00:00;13:15:08;5120.79,-5095.283,-5095.283;;;;
Michael;06:00:00;13:15:09;5106.909,-5095.553,-5095.553;;;;
Michael;06:00:00;13:15:09;4835.774,-5079.75,-5079.75;;Aw, fuck!;Cutscene;Cutscene
Michael;06:00:00;13:15:10;4825.862,-5081.498,-5081.498;;Local yokel's bought it.;Cutscene;Cutscene
Michael;06:00:00;13:15:10;4813.629,-5082.866,-5082.866;;;;
Michael;06:00:00;13:15:11;4800.322,-5083.979,-5083.979;;;;
Michael;06:00:00;13:15:12;5155.675,-5097.433,-5097.433;;;;
Michael;06:00:00;13:15:12;5142.991,-5096.893,-5096.893;;;;
Michael;06:00:00;13:15:13;5129.829,-5096.292,-5096.292;;That guy's a dick...;Cutscene;Cutscene
Michael;06:00:00;13:15:13;5116.506,-5096.289,-5096.289;;;;
Michael;06:00:00;13:15:14;5102.133,-5096.536,-5096.536;;;;
Michael;06:00:00;13:15:14;5088.091,-5097.508,-5097.508;;;;
Michael;06:00:00;13:15:15;5075.005,-5098.237,-5098.237;;;;
Michael;06:00:00;13:15:15;5063.541,-5098.558,-5098.558;;;;
Michael;06:00:00;13:15:16;5050.097,-5098.876,-5098.876;;;;
Michael;06:00:00;13:15:16;5035.769,-5099.33,-5099.33;;Fuck you too.;Cutscene;Cutscene
Michael;06:00:00;13:15:17;4754.555,-5082.076,-5082.076;;;;
Michael;06:00:00;13:15:17;4745.921,-5082.95,-5082.95;;;;
Michael;06:00:00;13:15:18;4728.774,-5081.505,-5081.505;;;;
Michael;06:00:00;13:15:18;4715.963,-5080.261,-5080.261;;;;
Michael;06:00:00;13:15:19;4702.66,-5079.219,-5079.219;True,OffRoad,RANCHERX,14,61234,1;;;
Michael;06:00:00;13:15:19;4688.344,-5079.913,-5079.913;True,OffRoad,RANCHERX,15,78128,1;;;
Michael;06:00:00;13:15:20;4673.674,-5080.799,-5080.799;True,OffRoad,RANCHERX,16,11742,1;Fuck you.;Cutscene;Cutscene
Michael;06:00:00;13:15:20;4424.406,-5096.023,-5096.023;True,OffRoad,RANCHERX,11,29514,0;;;
Michael;06:00:00;13:15:21;4413.379,-5094.366,-5094.366;True,OffRoad,RANCHERX,4,659334,0;Wooo!;Cutscene;Cutscene
Michael;06:00:00;13:15:21;4403.143,-5092.582,-5092.582;True,OffRoad,RANCHERX,10,69357,0;;;
Michael;06:00:00;13:15:22;4392.122,-5090.564,-5090.564;True,OffRoad,RANCHERX,14,08784,0;;;
Michael;06:00:00;13:15:22;4379.994,-5088.333,-5088.333;True,OffRoad,RANCHERX,10,21685,0;;;
Michael;06:00:00;13:15:23;4366.974,-5085.958,-5085.958;True,OffRoad,RANCHERX,13,66111,0;;;
Michael;06:00:00;13:15:23;4354.528,-5083.661,-5083.661;True,OffRoad,RANCHERX,29,97674,1;;;
Michael;06:00:00;13:15:24;4339.281,-5080.899,-5080.899;True,OffRoad,RANCHERX,29,60679,1;;;
Michael;06:00:00;13:15:24;4324.03,-5078.207,-5078.207;True,OffRoad,RANCHERX,30,07838,1;Come on! Let's get to the chopper!;Trevor;PRO_EPAA
Michael;06:00:00;13:15:25;4308.488,-5075.758,-5075.758;True,OffRoad,RANCHERX,30,71219,1;;;
Michael;06:00:00;13:15:26;4292.443,-5074.438,-5074.438;True,OffRoad,RANCHERX,31,46366,1;;;
Michael;06:00:00;13:15:26;4276.049,-5073.32,-5073.32;True,OffRoad,RANCHERX,31,94118,1;;;
Michael;06:00:00;13:15:27;4259.422,-5072.174,-5072.174;True,OffRoad,RANCHERX,32,82176,1;;;
Michael;06:00:00;13:15:27;4242.271,-5071.006,-5071.006;True,OffRoad,RANCHERX,32,98879,1;;;
Michael;06:00:00;13:15:28;4225.519,-5069.838,-5069.838;True,OffRoad,RANCHERX,32,42791,1;;;
Michael;06:00:00;13:15:28;4209.156,-5068.417,-5068.417;True,OffRoad,RANCHERX,31,50445,1;;;
Michael;06:00:00;13:15:29;4193.183,-5066.479,-5066.479;True,OffRoad,RANCHERX,31,06297,1;;;
Michael;06:00:00;13:15:29;4177.102,-5064.433,-5064.433;True,OffRoad,RANCHERX,31,36361,1;;;
Michael;06:00:00;13:15:30;4160.952,-5062.717,-5062.717;True,OffRoad,RANCHERX,31,68188,1;We move quick, we can beat the train.;Trevor;PRO_EQAA
Michael;06:00:00;13:15:30;4144.625,-5062.286,-5062.286;True,OffRoad,RANCHERX,31,61965,1;;;
Michael;06:00:00;13:15:31;4128.042,-5061.883,-5061.883;True,OffRoad,RANCHERX,32,21155,1;;;
Michael;06:00:00;13:15:31;4111.126,-5060.597,-5060.597;True,OffRoad,RANCHERX,33,28088,1;;;
Michael;06:00:00;13:15:32;4093.958,-5058.072,-5058.072;True,OffRoad,RANCHERX,34,0895,1;;;
Michael;06:00:00;13:15:32;4076.069,-5055.815,-5055.815;True,OffRoad,RANCHERX,35,06931,1;We're getting there!;Michael;PRO_EQAB
Michael;06:00:01;13:15:33;4057.486,-5054.25,-5054.25;True,OffRoad,RANCHERX,35,36268,1;;;
Michael;06:00:00;13:15:33;4039.021,-5052.87,-5052.87;True,OffRoad,RANCHERX,35,52995,1;;;
Michael;06:00:00;13:15:34;4020.629,-5050.609,-5050.609;True,OffRoad,RANCHERX,36,13586,1;;;
Michael;06:00:00;13:15:34;4001.873,-5047.812,-5047.812;True,OffRoad,RANCHERX,37,49636,1;;;
Michael;06:00:00;13:15:35;3982.426,-5044.557,-5044.557;True,OffRoad,RANCHERX,37,49052,1;;;
Michael;06:00:00;13:15:35;3963.655,-5041.351,-5041.351;True,OffRoad,RANCHERX,35,8934,1;;;
Michael;06:00:00;13:15:36;3946.05,-5037.092,-5037.092;True,OffRoad,RANCHERX,34,63149,1;;;
Michael;06:00:00;13:15:36;3928.739,-5032.517,-5032.517;True,OffRoad,RANCHERX,34,4222,1;Cops. Coming our way.;BRAD;PRO_ERAA
Michael;06:00:00;13:15:37;3911.586,-5028.441,-5028.441;True,OffRoad,RANCHERX,33,60578,1;;;
Michael;06:00:00;13:15:37;3894.802,-5024.893,-5024.893;True,OffRoad,RANCHERX,32,93288,1;;;
Michael;06:00:00;13:15:38;3878.193,-5020.459,-5020.459;True,OffRoad,RANCHERX,33,05996,1;;;
Michael;06:00:00;13:15:38;3861.763,-5015.113,-5015.113;True,OffRoad,RANCHERX,33,17001,1;Be cool... They ain't made this car yet.;Trevor;PRO_ERAB
Michael;06:00:00;13:15:39;3845.121,-5010.171,-5010.171;True,OffRoad,RANCHERX,33,1827,1;;;
Michael;06:00:00;13:15:40;3829.017,-5005.243,-5005.243;True,OffRoad,RANCHERX,32,31226,1;;;
Michael;06:00:00;13:15:40;3813.834,-4998.892,-4998.892;True,OffRoad,RANCHERX,31,62376,1;;;
Michael;06:00:00;13:15:41;3798.762,-4992.146,-4992.146;True,OffRoad,RANCHERX,32,34068,1;;;
Michael;06:00:00;13:15:41;3783.303,-4985.781,-4985.781;True,OffRoad,RANCHERX,32,78087,1;;;
Michael;06:00:00;13:15:42;3767.291,-4979.118,-4979.118;True,OffRoad,RANCHERX,34,76671,1;Man, I'll believe in this bird when I get eyes on it.;BRAD;PRO_EQAC
Michael;06:00:00;13:15:42;3750.598,-4972.115,-4972.115;True,OffRoad,RANCHERX,35,44314,1;;;
Michael;06:00:00;13:15:43;3733.595,-4965.038,-4965.038;True,OffRoad,RANCHERX,35,72005,1;;;
Michael;06:00:00;13:15:43;3716.429,-4958.223,-4958.223;True,OffRoad,RANCHERX,35,82483,1;;;
Michael;06:00:00;13:15:44;3699.222,-4951.292,-4951.292;True,OffRoad,RANCHERX,34,95735,1;;;
Michael;06:00:00;13:15:44;3686.063,-4942.061,-4942.061;True,OffRoad,RANCHERX,26,59327,1;;;
Michael;06:00:00;13:15:45;3676.299,-4933.521,-4933.521;True,OffRoad,RANCHERX,23,88018,0;;;
Michael;06:00:00;13:15:45;3667.709,-4925.982,-4925.982;True,OffRoad,RANCHERX,19,12516,-1;Shit! Shit! Shit! Road block!;BRAD;PRO_ETAA
Michael;06:00:00;13:15:46;3661.869,-4925.824,-4925.824;True,OffRoad,RANCHERX,11,09012,-1;;;
Michael;06:00:00;13:15:46;3656.175,-4926.076,-4926.076;True,OffRoad,RANCHERX,11,31506,-1;;;
Michael;06:00:00;13:15:47;3651.257,-4925.521,-4925.521;True,OffRoad,RANCHERX,8,155231,-1;;;
Michael;06:00:00;13:15:47;3648.339,-4924.287,-4924.287;True,OffRoad,RANCHERX,4,204766,1;;;
Michael;06:00:00;13:15:48;3646.621,-4924.015,-4924.015;True,OffRoad,RANCHERX,3,349604,1;Go right! Beat the train, man!;Trevor;PRO_ETAB
Michael;06:00:00;13:15:48;3644.485,-4924.726,-4924.726;True,OffRoad,RANCHERX,5,498766,1;;;
Michael;06:00:00;13:15:49;3641.128,-4925.034,-4925.034;True,OffRoad,RANCHERX,7,433508,1;;;
Michael;06:00:00;13:15:49;3637.027,-4923.69,-4923.69;True,OffRoad,RANCHERX,9,446756,1;;;
Michael;06:00:00;13:15:50;3632.588,-4921.024,-4921.024;True,OffRoad,RANCHERX,9,576592,0;;;
Michael;06:00:00;13:15:50;3628.052,-4918.086,-4918.086;True,OffRoad,RANCHERX,11,66116,1;;;
Michael;06:00:00;13:15:51;3622.319,-4914.84,-4914.84;True,OffRoad,RANCHERX,13,8766,1;;;
Michael;06:00:00;13:15:51;3615.145,-4911.876,-4911.876;True,OffRoad,RANCHERX,16,24879,1;;;
Michael;06:00:00;13:15:52;3606.59,-4908.664,-4908.664;True,OffRoad,RANCHERX,18,66884,1;;;
Michael;06:00:00;13:15:52;3597.135,-4905.182,-4905.182;True,OffRoad,RANCHERX,20,54333,1;;;
Michael;06:00:00;13:15:53;3586.802,-4901.43,-4901.43;True,OffRoad,RANCHERX,21,82828,1;;;
Michael;06:00:00;13:15:53;3576.725,-4897.731,-4897.731;True,OffRoad,RANCHERX,20,39396,1;;;
Michael;06:00:00;13:15:54;3566.592,-4893.688,-4893.688;True,OffRoad,RANCHERX,21,82482,1;;;
Michael;06:00:00;13:15:55;3555.847,-4889.354,-4889.354;True,OffRoad,RANCHERX,23,23801,1;;;
Michael;06:00:00;13:15:55;3545.051,-4883.844,-4883.844;True,OffRoad,RANCHERX,22,54185,0;;;
Michael;06:00:00;13:15:56;3536.016,-4877.027,-4877.027;True,OffRoad,RANCHERX,21,68557,1;;;
Michael;06:00:00;13:15:56;3529.133,-4868.548,-4868.548;True,OffRoad,RANCHERX,20,67045,1;;;
Michael;06:00:00;13:15:57;3525.478,-4858.887,-4858.887;True,OffRoad,RANCHERX,19,15503,1;;;
Michael;06:00:00;13:15:57;3524.516,-4849.01,-4849.01;True,OffRoad,RANCHERX,20,11631,1;;;
Michael;06:00:00;13:15:58;3523.96,-4838.073,-4838.073;True,OffRoad,RANCHERX,22,0369,1;;;
Michael;06:00:00;13:15:58;3525.273,-4826.298,-4826.298;True,OffRoad,RANCHERX,24,19269,1;;;
Michael;07:00:00;13:15:59;3523.862,-4840.295,-4840.295;;;;
Michael;07:00:00;13:15:59;3524.334,-4833.952,-4833.952;;;;
Michael;07:00:00;13:16:00;3525.418,-4819.582,-4819.582;;;;
Michael;07:00:00;13:16:00;3530.323,-4753.308,-4753.308;;I... I got it.;Cutscene;Cutscene
Michael;07:00:00;13:16:01;3531.104,-4742.953,-4742.953;;;;
Michael;07:00:00;13:16:01;3530.637,-4731.83,-4731.83;;Arrgghh! Arrgghh! Jesus!;Cutscene;Cutscene
Michael;07:00:00;13:16:02;3530.053,-4724.552,-4724.552;;;;
Michael;07:00:00;13:16:02;3530.02,-4719.132,-4719.132;;;;
Michael;07:00:00;13:16:03;3531.229,-4718.8,-4718.8;;;;
Michael;07:00:00;13:16:03;3531.891,-4717.579,-4717.579;;;;
Michael;07:00:00;13:16:04;3532.356,-4717.375,-4717.375;;;;
Michael;07:00:00;13:16:04;3532.364,-4717.404,-4717.404;;;;
Michael;07:00:00;13:16:05;3532.393,-4717.437,-4717.437;;;;
Michael;07:00:00;13:16:05;3532.359,-4717.387,-4717.387;;;;
Michael;07:00:00;13:16:06;3532.344,-4717.386,-4717.386;;;;
Michael;07:00:00;13:16:06;3532.352,-4717.38,-4717.38;;;;
Michael;07:00:00;13:16:07;3532.352,-4717.38,-4717.38;;;;
Michael;07:00:00;13:16:07;3532.357,-4717.384,-4717.384;;;;
Michael;07:00:00;13:16:08;3532.354,-4717.384,-4717.384;;;;
Michael;07:00:00;13:16:08;3532.356,-4717.383,-4717.383;;You guys alright?;Cutscene;Cutscene
Michael;07:00:00;13:16:09;3532.35,-4717.385,-4717.385;;;;
Michael;07:00:00;13:16:09;3532.333,-4717.392,-4717.392;;;;
Michael;07:00:00;13:16:10;3532.31,-4717.376,-4717.376;;Fuck!;Cutscene;Cutscene
Michael;07:00:00;13:16:11;3532.28,-4717.344,-4717.344;;;;
Michael;07:00:00;13:16:11;3532.279,-4717.312,-4717.312;;Come on!;Cutscene;Cutscene
Michael;07:00:00;13:16:12;3532.266,-4717.31,-4717.31;;;;
Michael;07:00:00;13:16:12;3532.278,-4717.331,-4717.331;;Ditch the car, alright?;Cutscene;Cutscene
Michael;07:00:00;13:16:13;3532.293,-4717.37,-4717.37;;;;
Michael;07:00:00;13:16:13;3532.287,-4717.379,-4717.379;;We can go this way to the chopper.;Cutscene;Cutscene
Michael;07:00:00;13:16:14;3532.335,-4717.468,-4717.468;;;;
Michael;07:00:00;13:16:14;3532.52,-4717.826,-4717.826;;;;
Michael;07:00:00;13:16:15;3532.815,-4718.317,-4718.317;;No, hey!;Cutscene;Cutscene
Michael;07:00:00;13:16:15;3533.317,-4718.883,-4718.883;;;;
Michael;07:00:00;13:16:16;3533.741,-4719.012,-4719.012;;;;
Michael;07:00:00;13:16:16;3534.236,-4718.821,-4718.821;;Stick to the plan.;Cutscene;Cutscene
Michael;07:00:00;13:16:17;3534.529,-4718.738,-4718.738;;;;
Michael;07:00:00;13:16:17;3534.605,-4719.058,-4719.058;;;;
Michael;07:00:00;13:16:18;3534.448,-4719.266,-4719.266;;What?;Cutscene;Cutscene
Michael;07:00:00;13:16:18;3534.484,-4719.365,-4719.365;;;;
Michael;07:00:00;13:16:19;3534.678,-4719.249,-4719.249;;Stick to the fucking plan!;Cutscene;Cutscene
Michael;07:00:00;13:16:19;3534.867,-4718.925,-4718.925;;;;
Michael;07:00:00;13:16:20;3535.016,-4718.58,-4718.58;;;;
Michael;07:00:00;13:16:20;3535.031,-4718.245,-4718.245;;Come on.;Cutscene;Cutscene
Michael;07:00:00;13:16:21;3535.088,-4718.273,-4718.273;;;;
Michael;07:00:00;13:16:21;3535.203,-4718.424,-4718.424;;;;
Michael;07:00:00;13:16:22;3535.346,-4718.518,-4718.518;;;;
Michael;07:00:00;13:16:22;3535.748,-4718.584,-4718.584;;;;
Michael;07:00:00;13:16:23;3536.486,-4718.271,-4718.271;;;;
Michael;07:00:00;13:16:23;3542.188,-4705.443,-4705.443;;;;
Michael;07:00:00;13:16:24;3542.188,-4705.443,-4705.443;;;;
Michael;07:00:00;13:16:24;3542.239,-4705.039,-4705.039;;;;
Michael;07:00:00;13:16:25;3542.177,-4704.413,-4704.413;;;;
Michael;07:00:00;13:16:25;3542.188,-4703.967,-4703.967;;;;
Michael;07:00:00;13:16:26;3542.084,-4703.621,-4703.621;;;;
Michael;07:00:00;13:16:27;3542.075,-4703.249,-4703.249;;;;
Michael;07:00:00;13:16:27;3542.301,-4702.705,-4702.705;;;;
Michael;07:00:00;13:16:28;3542.512,-4702.104,-4702.104;;;;
Michael;07:00:00;13:16:28;3542.794,-4701.582,-4701.582;;Where the fuck's the chopper?;Cutscene;Cutscene
Michael;07:00:00;13:16:29;3543.087,-4699.491,-4699.491;;;;
Michael;07:00:00;13:16:29;3543.3,-4698.928,-4698.928;;;;
Michael;07:00:00;13:16:30;3543.545,-4698.374,-4698.374;;;;
Michael;07:00:00;13:16:30;3543.799,-4697.898,-4697.898;;Fuck me, fuck, fuck!;Cutscene;Cutscene
Michael;07:00:00;13:16:31;3542.955,-4699.958,-4699.958;;;;
Michael;07:00:00;13:16:31;3542.955,-4699.958,-4699.958;;;;
Michael;07:00:00;13:16:32;3542.955,-4699.958,-4699.958;;;;
Michael;07:00:00;13:16:32;3542.955,-4699.958,-4699.958;;;;
Michael;07:00:00;13:16:33;3542.956,-4699.958,-4699.958;;I'm gonna check around back.;Cutscene;Cutscene
Michael;07:00:00;13:16:33;3544.033,-4697.252,-4697.252;;;;
Michael;07:00:00;13:16:34;3544.229,-4696.85,-4696.85;;;;
Michael;07:00:00;13:16:34;3544.381,-4696.305,-4696.305;;;;
Michael;07:00:00;13:16:35;3544.487,-4695.973,-4695.973;;;;
Michael;07:00:00;13:16:35;3544.527,-4695.777,-4695.777;;Run! It's the fucking Feds!;Cutscene;Cutscene
Michael;07:00:00;13:16:36;3544.743,-4695.595,-4695.595;;;;
Michael;07:00:00;13:16:36;3545.389,-4695.269,-4695.269;;;;
Michael;07:00:00;13:16:37;3546.219,-4694.807,-4694.807;;;;
Michael;07:00:00;13:16:37;3546.865,-4694.233,-4694.233;;Someone must have fucking talked!;Cutscene;Cutscene
Michael;07:00:00;13:16:38;3546.991,-4694.221,-4694.221;;;;
Michael;07:00:00;13:16:38;3546.971,-4693.742,-4693.742;;;;
Michael;07:00:00;13:16:39;3547.011,-4693.049,-4693.049;;;;
Michael;07:00:00;13:16:39;3546.954,-4692.961,-4692.961;;;;
Michael;07:00:00;13:16:40;3546.9,-4692.981,-4692.981;;Alright. Brad's gonna be fine,;Cutscene;Cutscene
Michael;07:00:00;13:16:40;3546.954,-4693.028,-4693.028;;;;
Michael;07:00:00;13:16:41;3546.953,-4692.943,-4692.943;;;;
Michael;07:00:00;13:16:41;3546.892,-4692.96,-4692.96;;but we gotta get the fuck out of here.;Cutscene;Cutscene
Michael;07:00:00;13:16:42;3546.972,-4693.002,-4693.002;;;;
Michael;07:00:00;13:16:43;3546.752,-4694.352,-4694.352;;;;
Michael;07:00:00;13:16:43;3546.99,-4694.629,-4694.629;;;;
Michael;07:00:00;13:16:44;3547.211,-4695.02,-4695.02;;;;
Michael;07:00:00;13:16:44;3547.662,-4695.172,-4695.172;;Aw, fuck! I'm hit!;Cutscene;Cutscene
Michael;07:00:00;13:16:45;3547.984,-4695.71,-4695.71;;;;
Michael;07:00:00;13:16:45;3547.973,-4695.899,-4695.899;;;;
Michael;07:00:00;13:16:46;3547.917,-4695.953,-4695.953;;;;
Michael;07:00:00;13:16:46;3547.89,-4695.962,-4695.962;;;;
Michael;07:00:00;13:16:47;3547.867,-4695.943,-4695.943;;Ah, Jesus.;Cutscene;Cutscene
Michael;07:00:00;13:16:47;3547.887,-4695.882,-4695.882;;;;
Michael;07:00:00;13:16:48;3547.907,-4695.806,-4695.806;;;;
Michael;07:00:00;13:16:48;3547.947,-4695.718,-4695.718;;;;
Michael;07:00:00;13:16:49;3547.933,-4695.671,-4695.671;;T, you gotta get out of here.;Cutscene;Cutscene
Michael;07:00:00;13:16:49;3547.939,-4695.659,-4695.659;;;;
Michael;07:00:00;13:16:50;3547.932,-4695.558,-4695.558;;;;
Michael;07:00:00;13:16:50;3547.85,-4695.569,-4695.569;;Ain't gonna leave you Mikey!;Cutscene;Cutscene
Michael;07:00:00;13:16:51;3547.804,-4695.659,-4695.659;;;;
Michael;07:00:00;13:16:51;3547.814,-4695.669,-4695.669;;;;
Michael;07:00:00;13:16:52;3547.792,-4695.625,-4695.625;;Go!;Cutscene;Cutscene
Michael;07:00:00;13:16:52;3547.815,-4695.662,-4695.662;;God, I'm not gonna make it.;Cutscene;Cutscene
Michael;07:00:00;13:16:53;3547.818,-4695.679,-4695.679;;;;
Michael;07:00:00;13:16:53;3547.816,-4695.673,-4695.673;;;;
Michael;07:00:00;13:16:54;3547.802,-4695.684,-4695.684;;Fucking gonna bleed out.;Cutscene;Cutscene
Michael;07:00:00;13:16:54;3547.778,-4695.724,-4695.724;;;;
Michael;07:00:00;13:16:55;3547.788,-4695.719,-4695.719;;;;
Michael;07:00:00;13:16:55;3547.818,-4695.7,-4695.7;;;;
Michael;07:00:00;13:16:56;3547.829,-4695.687,-4695.687;;Aw, go...;Cutscene;Cutscene
Michael;07:00:00;13:16:56;3547.825,-4695.695,-4695.695;;;;
Michael;07:00:00;13:16:57;3547.82,-4695.699,-4695.699;;Noooo!;Cutscene;Cutscene
Michael;07:00:00;13:16:57;3547.758,-4695.735,-4695.735;;;;
Michael;07:00:00;13:16:58;3547.758,-4695.735,-4695.735;;;;
Michael;07:00:00;13:16:59;3547.758,-4695.735,-4695.735;;;;
Michael;07:00:00;13:16:59;3547.758,-4695.735,-4695.735;;;;
Michael;07:00:00;13:17:00;3547.758,-4695.735,-4695.735;;;;
Michael;07:00:00;13:17:00;3547.758,-4695.735,-4695.735;;;;
Michael;07:00:00;13:17:01;3547.758,-4695.735,-4695.735;;;;
Michael;07:00:00;13:17:01;3547.758,-4695.735,-4695.735;;;;
Michael;07:00:00;13:17:02;3547.758,-4695.735,-4695.735;;;;
Michael;07:00:00;13:17:02;3547.758,-4695.735,-4695.735;;;;
Michael;07:00:00;13:17:03;3547.758,-4695.735,-4695.735;;;;
Michael;07:00:00;13:17:03;3547.758,-4695.735,-4695.735;;;;
Michael;07:00:00;13:17:04;3547.758,-4695.735,-4695.735;;;;
Michael;07:00:00;13:17:04;3547.758,-4695.735,-4695.735;;;;
Michael;07:00:00;13:17:05;3547.758,-4695.735,-4695.735;;;;
Michael;07:00:00;13:17:05;3547.758,-4695.735,-4695.735;;;;
Michael;07:00:00;13:17:06;3547.758,-4695.735,-4695.735;;;;
Michael;07:00:00;13:17:06;3547.758,-4695.735,-4695.735;;;;
Michael;07:00:00;13:17:07;3547.758,-4695.735,-4695.735;;;;
Michael;07:00:00;13:17:07;3547.758,-4695.735,-4695.735;;Kill me, you pricks!;Trevor;PRO_FBAA
Michael;07:00:00;13:17:08;3547.758,-4695.735,-4695.735;;;;
Michael;07:00:00;13:17:08;3547.758,-4695.735,-4695.735;;;;
Michael;07:00:00;13:17:09;3547.758,-4695.735,-4695.735;;;;
Michael;07:00:00;13:17:09;3547.758,-4695.735,-4695.735;;;;
Michael;07:00:00;13:17:10;3547.758,-4695.735,-4695.735;;;;
Michael;07:00:00;13:17:10;3547.758,-4695.735,-4695.735;;;;
Michael;07:00:00;13:17:11;3547.758,-4695.735,-4695.735;;;;
Michael;07:00:00;13:17:11;3547.758,-4695.735,-4695.735;;;;
Michael;07:00:00;13:17:12;3547.758,-4695.735,-4695.735;;;;
Michael;07:00:00;13:17:13;3547.758,-4695.735,-4695.735;;;;
Michael;07:00:00;13:17:13;3547.758,-4695.735,-4695.735;;;;
Michael;07:00:00;13:17:14;3547.758,-4695.735,-4695.735;;;;
Michael;07:00:00;13:17:14;3547.758,-4695.735,-4695.735;;Die, you cocksuckers!;Trevor;PRO_FBAA
Michael;07:00:00;13:17:15;3547.758,-4695.735,-4695.735;;;;
Michael;07:00:00;13:17:15;3547.758,-4695.735,-4695.735;;;;
Michael;07:00:00;13:17:16;3547.758,-4695.735,-4695.735;;;;
Michael;07:00:00;13:17:16;3547.758,-4695.735,-4695.735;;;;
Michael;07:00:00;13:17:17;3547.758,-4695.735,-4695.735;;;;
Michael;07:00:00;13:17:17;3547.758,-4695.735,-4695.735;;;;
Michael;07:00:00;13:17:18;3547.758,-4695.735,-4695.735;;;;
Michael;07:00:00;13:17:18;3547.758,-4695.735,-4695.735;;;;
Michael;07:00:00;13:17:19;3547.758,-4695.735,-4695.735;;;;
Michael;07:00:00;13:17:19;3547.758,-4695.735,-4695.735;;;;
Michael;07:00:00;13:17:20;3547.758,-4695.735,-4695.735;;;;
Michael;07:00:00;13:17:20;3547.758,-4695.735,-4695.735;;;;
Michael;07:00:01;13:17:21;3547.758,-4695.735,-4695.735;;;;
Michael;07:00:00;13:17:21;3547.758,-4695.735,-4695.735;;Motherfuckers!;Trevor;PRO_FBAA
Michael;07:00:00;13:17:22;3547.758,-4695.735,-4695.735;;;;
Michael;07:00:00;13:17:22;3547.758,-4695.735,-4695.735;;;;
Michael;07:00:00;13:17:23;3547.758,-4695.735,-4695.735;;;;
Michael;07:00:00;13:17:23;3547.758,-4695.735,-4695.735;;;;
Michael;07:00:00;13:17:24;3547.758,-4695.735,-4695.735;;;;
Michael;07:00:00;13:17:24;3547.758,-4695.735,-4695.735;;;;
Michael;07:00:00;13:17:25;3547.758,-4695.735,-4695.735;;;;
Michael;07:00:00;13:17:25;3547.758,-4695.735,-4695.735;;;;
Michael;07:00:00;13:17:26;3547.758,-4695.735,-4695.735;;;;
Michael;07:00:00;13:17:27;3547.758,-4695.735,-4695.735;;;;
Michael;07:00:00;13:17:27;3547.758,-4695.735,-4695.735;;;;
Michael;07:00:00;13:17:28;3547.758,-4695.735,-4695.735;;;;
Michael;07:00:00;13:17:28;3547.758,-4695.735,-4695.735;;;;
Michael;07:00:00;13:17:29;3547.758,-4695.735,-4695.735;;;;
Michael;07:00:00;13:17:29;3547.758,-4695.735,-4695.735;;You fucking cocksuckers!;Trevor;PRO_FBAA
Michael;07:00:00;13:17:30;3547.758,-4695.735,-4695.735;;;;
Michael;07:00:00;13:17:30;3547.758,-4695.735,-4695.735;;;;
Michael;07:00:00;13:17:31;3547.758,-4695.735,-4695.735;;;;
Michael;07:00:00;13:17:31;3547.758,-4695.735,-4695.735;;;;
Michael;07:00:00;13:17:32;3547.758,-4695.735,-4695.735;;;;
Michael;07:00:00;13:17:32;3547.758,-4695.735,-4695.735;;;;
???;07:00:00;13:17:33;0,0,0;;;;
???;07:00:00;13:17:33;0,0,0;;;;
???;07:00:00;13:17:34;0,0,0;;;;
???;07:00:00;13:17:34;0,0,0;;;;
???;07:00:00;13:17:35;0,0,0;;;;
???;07:00:00;13:17:35;0,0,0;;;;
???;07:00:00;13:17:36;0,0,0;;;;
???;07:00:00;13:17:36;0,0,0;;;;
???;07:00:00;13:17:37;0,0,0;;;;
???;07:00:00;13:17:37;0,0,0;;Hey! You!;Cutscene;Cutscene
???;07:00:00;13:17:38;0,0,0;;;;
???;07:00:00;13:17:38;0,0,0;;;;
???;07:00:00;13:17:39;0,0,0;;;;
???;07:00:00;13:17:39;0,0,0;;;;
???;07:00:00;13:17:40;0,0,0;;;;
???;07:00:00;13:17:40;0,0,0;;;;
???;07:00:00;13:17:41;0,0,0;;;;
???;07:00:00;13:17:41;0,0,0;;Oh God. Don't shoot!;Cutscene;Cutscene
???;07:00:00;13:17:42;0,0,0;;;;
???;07:00:00;13:17:43;0,0,0;;;;
???;07:00:00;13:17:43;0,0,0;;;;
???;07:00:00;13:17:44;0,0,0;;;;
???;07:00:00;13:17:44;0,0,0;;;;
???;07:00:00;13:17:45;0,0,0;;I don't know what you're talking about!;Cutscene;Cutscene
???;07:00:00;13:17:45;0,0,0;;;;
???;07:00:00;13:17:46;0,0,0;;;;
???;07:00:00;13:17:46;0,0,0;;;;
???;07:00:00;13:17:47;0,0,0;;Fucking stay back!;Cutscene;Cutscene
???;07:00:00;13:17:47;0,0,0;;;;
???;07:00:00;13:17:48;0,0,0;;You come near me, she's fuckin' dead!;Cutscene;Cutscene
???;07:00:00;13:17:48;0,0,0;;;;
???;07:00:00;13:17:49;0,0,0;;;;
???;07:00:00;13:17:49;0,0,0;;Stay back!;Cutscene;Cutscene
???;07:00:00;13:17:50;0,0,0;;;;
???;07:00:00;13:17:50;0,0,0;;Oh, God, help me! Help me! Oh!;Cutscene;Cutscene
???;07:00:00;13:17:51;0,0,0;;;;
???;07:00:00;13:17:51;0,0,0;;;;
???;07:00:00;13:17:52;0,0,0;;;;
???;07:00:00;13:17:52;0,0,0;;;;
???;07:00:00;13:17:53;0,0,0;;;;
???;07:00:00;13:17:53;0,0,0;;Go! Go!;Cutscene;Cutscene
???;07:00:00;13:17:54;0,0,0;;;;
???;07:00:00;13:17:54;0,0,0;;;;
???;07:00:00;13:17:55;0,0,0;;;;
???;07:00:00;13:17:55;0,0,0;;;;
???;07:00:00;13:17:56;0,0,0;;;;
???;07:00:00;13:17:56;0,0,0;;;;
???;07:00:00;13:17:57;0,0,0;;;;
???;07:00:00;13:17:57;0,0,0;;;;
???;07:00:00;13:17:58;0,0,0;;;;
???;07:00:00;13:17:59;0,0,0;;;;
???;07:00:00;13:17:59;0,0,0;;;;
???;07:00:00;13:18:00;0,0,0;;;;
???;07:00:00;13:18:00;0,0,0;;;;
???;07:00:00;13:18:01;0,0,0;;;;
???;07:00:00;13:18:01;0,0,0;;;;
???;07:00:00;13:18:02;0,0,0;;;;
???;07:00:00;13:18:02;0,0,0;;;;
???;07:00:00;13:18:03;0,0,0;;;;
???;07:00:00;13:18:03;0,0,0;;;;
???;07:00:00;13:18:04;0,0,0;;;;
???;07:00:00;13:18:04;0,0,0;;;;
???;07:00:00;13:18:05;0,0,0;;;;
???;07:00:00;13:18:05;0,0,0;;;;
???;07:00:00;13:18:06;0,0,0;;;;
???;07:00:00;13:18:06;0,0,0;;;;
???;07:00:00;13:18:07;0,0,0;;;;
???;07:00:00;13:18:07;0,0,0;;;;
???;07:00:00;13:18:08;0,0,0;;;;
???;07:00:00;13:18:08;0,0,0;;;;
???;07:00:00;13:18:09;0,0,0;;;;
???;07:00:00;13:18:09;0,0,0;;;;
???;07:00:00;13:18:10;0,0,0;;;;
???;07:00:00;13:18:10;0,0,0;;;;
???;07:00:00;13:18:11;0,0,0;;;;
???;07:00:00;13:18:11;0,0,0;;;;
???;12:00:00;13:18:12;0,0,0;;;;
???;12:00:00;13:18:12;0,0,0;;;;
???;12:00:00;13:18:13;0,0,0;;;;
???;12:00:00;13:18:13;0,0,0;;Michael...;Cutscene;Cutscene
???;12:00:00;13:18:14;0,0,0;;;;
???;12:00:00;13:18:14;0,0,0;;;;
???;12:00:00;13:18:15;0,0,0;;was not always a good husband.;Cutscene;Cutscene
???;12:00:00;13:18:16;0,0,0;;;;
???;12:00:00;13:18:16;0,0,0;;;;
???;12:00:00;13:18:17;0,0,0;;;;
???;12:00:00;13:18:17;0,0,0;;;;
???;12:00:00;13:18:18;0,0,0;;;;
???;12:00:00;13:18:18;0,0,0;;;;
???;12:00:00;13:18:19;0,0,0;;Not always a good citizen.;Cutscene;Cutscene
???;12:00:00;13:18:19;0,0,0;;;;
???;12:00:00;13:18:20;0,0,0;;;;
???;12:00:00;13:18:20;0,0,0;;;;
???;12:00:00;13:18:21;0,0,0;;;;
???;12:00:00;13:18:21;0,0,0;;;;
???;12:00:00;13:18:22;0,0,0;;He did not die a hero's death.;Cutscene;Cutscene
???;12:00:00;13:18:22;0,0,0;;;;
???;12:00:00;13:18:23;0,0,0;;;;
???;12:00:00;13:18:23;0,0,0;;;;
???;12:00:00;13:18:24;0,0,0;;;;
???;12:00:00;13:18:24;0,0,0;;But he was a man.;Cutscene;Cutscene
???;12:00:00;13:18:25;0,0,0;;;;
???;12:00:00;13:18:25;0,0,0;;;;
???;12:00:00;13:18:26;0,0,0;;Our Lord was crucified with two thieves,;Cutscene;Cutscene
???;12:00:00;13:18:26;0,0,0;;;;
???;12:00:00;13:18:27;0,0,0;;;;
???;12:00:00;13:18:27;0,0,0;;;;
???;12:00:00;13:18:28;0,0,0;;;;
???;12:00:00;13:18:28;0,0,0;;;;
???;12:00:00;13:18:29;0,0,0;;;;
???;12:00:00;13:18:29;0,0,0;;;;
???;12:00:00;13:18:30;0,0,0;;;;
???;12:00:00;13:18:31;0,0,0;;so perhaps...;Cutscene;Cutscene
???;12:00:00;13:18:31;0,0,0;;;;
???;12:00:00;13:18:32;0,0,0;;;;
???;12:00:00;13:18:32;0,0,0;;;;
???;12:00:00;13:18:33;0,0,0;;;;
???;12:00:00;13:18:33;0,0,0;;we should not judge.;Cutscene;Cutscene
???;12:00:00;13:18:34;0,0,0;;;;
???;12:00:00;13:18:34;0,0,0;;Michael...;Cutscene;Cutscene
???;12:00:00;13:18:35;0,0,0;;;;
???;12:00:00;13:18:35;0,0,0;;;;
???;12:00:00;13:18:36;0,0,0;;We are born of sin,;Cutscene;Cutscene
???;12:00:00;13:18:36;0,0,0;;;;
???;12:00:00;13:18:37;0,0,0;;;;
???;12:00:00;13:18:37;0,0,0;;and we die in sin...;Cutscene;Cutscene
???;12:00:00;13:18:38;0,0,0;;;;
???;12:00:00;13:18:38;0,0,0;;;;
???;12:00:00;13:18:39;0,0,0;;;;
???;12:00:00;13:18:39;0,0,0;;;;
???;12:00:00;13:18:40;0,0,0;;;;
???;12:00:00;13:18:40;0,0,0;;;;
???;12:00:00;13:18:41;0,0,0;;and in this, Michael...;Cutscene;Cutscene
???;12:00:00;13:18:41;0,0,0;;;;
???;12:00:00;13:18:42;0,0,0;;;;
???;12:00:00;13:18:42;0,0,0;;;;
???;12:00:00;13:18:43;0,0,0;;was like anybody else.;Cutscene;Cutscene
???;12:00:00;13:18:43;0,0,0;;;;
???;12:00:00;13:18:44;0,0,0;;;;
???;12:00:00;13:18:44;0,0,0;;;;
???;12:00:00;13:18:45;0,0,0;;;;
???;12:00:00;13:18:45;0,0,0;;Father...;Cutscene;Cutscene
???;12:00:00;13:18:46;0,0,0;;;;
???;12:00:00;13:18:46;0,0,0;;;;
???;12:00:00;13:18:47;0,0,0;;we do not know your infinite mysteries.;Cutscene;Cutscene
???;12:00:00;13:18:48;0,0,0;;;;
???;12:00:00;13:18:48;0,0,0;;;;
???;12:00:00;13:18:49;0,0,0;;;;
???;12:00:00;13:18:49;0,0,0;;;;
???;12:00:00;13:18:50;0,0,0;;;;
???;12:00:00;13:18:50;0,0,0;;;;
???;12:00:00;13:18:51;0,0,0;;But we know...;Cutscene;Cutscene
???;12:00:00;13:18:51;0,0,0;;;;
???;12:00:00;13:18:52;0,0,0;;;;
???;12:00:00;13:18:52;0,0,0;;that you will show mercy to our friend.;Cutscene;Cutscene
???;12:00:00;13:18:53;0,0,0;;;;
???;12:00:00;13:18:53;0,0,0;;;;
???;12:00:00;13:18:54;0,0,0;;;;
???;12:00:00;13:18:54;0,0,0;;;;
???;12:00:00;13:18:55;0,0,0;;;;
???;12:00:00;13:18:55;0,0,0;;;;
???;12:00:09;13:18:56;0,0,0;;;;
???;12:00:25;13:18:56;0,0,0;;;;
???;12:00:40;13:18:57;0,0,0;;;;
???;12:00:55;13:18:57;0,0,0;;;;
???;12:01:11;13:18:58;0,0,0;;;;
???;12:01:26;13:18:58;0,0,0;;;;
???;12:01:42;13:18:59;0,0,0;;;;
???;12:01:57;13:18:59;0,0,0;;;;
???;12:02:13;13:19:00;0,0,0;;;;
???;12:02:28;13:19:00;0,0,0;;;;
???;12:02:44;13:19:01;0,0,0;;;;
???;12:02:59;13:19:01;0,0,0;;;;
???;12:03:15;13:19:02;0,0,0;;;;
???;12:03:30;13:19:02;0,0,0;;;;
???;12:03:46;13:19:03;0,0,0;;;;
???;12:04:01;13:19:04;0,0,0;;;;
???;12:04:17;13:19:04;0,0,0;;;;
???;12:04:32;13:19:05;0,0,0;;;;
???;12:04:48;13:19:05;0,0,0;;;;
???;12:05:03;13:19:06;0,0,0;;;;
???;12:05:19;13:19:06;0,0,0;;;;
???;12:05:34;13:19:07;0,0,0;;;;
???;12:05:50;13:19:07;0,0,0;;;;
???;12:06:05;13:19:08;0,0,0;;;;
???;12:06:08;13:19:34;0,0,0;;;;
???;08:00:12;13:19:35;0,0,0;;;;
???;08:00:28;13:19:35;0,0,0;;;;
???;08:00:43;13:19:36;0,0,0;;;;
???;08:00:59;13:19:36;0,0,0;;;;
???;08:01:00;13:19:37;0,0,0;;;;
???;08:01:00;13:19:37;0,0,0;;;;
???;08:01:00;13:19:38;0,0,0;;;;
???;08:01:00;13:19:38;0,0,0;;;;
???;08:01:00;13:19:39;0,0,0;;;;
???;08:01:00;13:19:39;0,0,0;;;;
???;08:01:00;13:19:40;0,0,0;;;;
???;08:00:08;13:19:40;0,0,0;;;;
???;08:00:24;13:19:41;0,0,0;;;;
???;08:00:39;13:19:41;0,0,0;;;;
???;08:00:55;13:19:42;0,0,0;;;;
???;08:01:10;13:19:42;0,0,0;;Come on. Shit, come on.;FRANKLIN;ARM1_DBAA
???;08:01:26;13:19:43;0,0,0;;;;
???;08:01:41;13:19:43;0,0,0;;;;
???;08:01:57;13:19:44;0,0,0;;;;
???;08:02:13;13:57:06;0,0,0;;;;
???;08:02:30;13:57:08;0,0,0;;;;
???;08:02:46;13:57:09;0,0,0;;;;
???;08:03:01;13:57:09;0,0,0;;;;
???;08:03:17;13:57:10;0,0,0;;;;
???;08:03:32;13:57:10;0,0,0;;;;
???;08:03:48;13:57:11;0,0,0;;;;
???;08:04:03;13:57:11;0,0,0;;Damn. This nigga must got the baby dick.;LAMAR;ARM1_DBAC
???;08:04:19;13:57:12;0,0,0;;;;
???;08:04:34;13:57:12;0,0,0;;;;
???;08:04:50;13:57:13;0,0,0;;;;
???;08:05:05;13:57:13;0,0,0;;;;
???;08:05:07;14:04:31;0,0,0;;;;
???;08:05:24;14:04:34;0,0,0;;;;
???;08:05:33;14:09:20;0,0,0;;;;
???;08:05:50;14:09:23;0,0,0;;;;
???;08:06:06;14:09:24;0,0,0;;;;
???;08:06:21;14:09:24;0,0,0;;;;
???;08:06:37;14:09:25;0,0,0;;;;
???;08:06:53;14:09:25;0,0,0;;;;
???;08:07:08;14:09:26;0,0,0;;;;
???;08:07:24;14:09:26;0,0,0;;Yeah, and all this shit paid for with bad credit.;FRANKLIN;ARM1_DBAD
???;08:07:39;14:09:27;0,0,0;;;;
???;08:07:54;14:09:27;0,0,0;;;;
???;08:08:10;14:09:28;0,0,0;;;;
???;08:08:25;14:09:28;0,0,0;;;;
???;08:08:41;14:09:29;0,0,0;;;;
???;08:08:56;14:09:29;0,0,0;;;;
???;08:09:12;14:09:30;0,0,0;;;;
???;08:09:27;14:09:30;0,0,0;;;;
???;08:09:43;14:09:31;0,0,0;;;;
???;08:09:59;14:09:31;0,0,0;;;;
???;08:10:14;14:09:32;0,0,0;;Whoohoo. Come to Daddy. Which one you want, nigga?;LAMAR;ARM1_DBAE
???;08:10:30;14:09:32;0,0,0;;;;
???;08:10:45;14:09:33;0,0,0;;;;
???;08:11:01;14:09:33;0,0,0;;;;
???;08:11:16;14:09:34;0,0,0;;;;
???;08:11:32;14:09:34;0,0,0;;;;
???;08:11:47;14:09:35;0,0,0;;;;
???;08:12:03;14:09:35;0,0,0;;;;
???;08:12:18;14:09:36;0,0,0;;;;
???;08:12:34;14:09:36;0,0,0;;;;
???;08:12:49;14:09:37;0,0,0;;;;
???;08:13:05;14:09:38;0,0,0;;;;
???;08:13:21;14:09:38;0,0,0;;;;
???;08:13:36;14:09:39;0,0,0;;;;
???;08:13:52;14:09:39;0,0,0;;;;
???;08:14:07;14:09:40;0,0,0;;;;
???;08:14:23;14:09:40;0,0,0;;;;
???;08:14:39;14:09:41;0,0,0;;;;
???;08:14:54;14:09:41;0,0,0;;;;
???;08:15:10;14:09:42;0,0,0;;;;
???;08:15:25;14:09:42;0,0,0;;;;
???;08:15:41;14:09:43;0,0,0;;Aw, you ballin' hard with the drop top, huh?;LAMAR;ARM1_AHAB
???;08:15:57;14:09:43;0,0,0;;;;
???;08:16:12;14:09:44;0,0,0;;;;
???;08:16:28;14:09:44;0,0,0;;;;
???;08:16:43;14:09:45;0,0,0;;;;
???;08:16:59;14:09:45;0,0,0;;I might just be.;FRANKLIN;ARM1_AHAC
???;08:17:14;14:09:46;0,0,0;;;;
???;08:17:30;14:09:46;0,0,0;;;;
???;08:17:45;14:09:47;0,0,0;;Whatever, nigga, it ain't gonna make you go no faster. Hit me on the speakerphone, I'm movin'!;LAMAR;ARM1_AHAD
???;08:18:01;14:09:47;0,0,0;;;;
???;08:18:16;14:09:48;0,0,0;;;;
???;08:18:32;14:09:48;0,0,0;;;;
???;08:18:48;14:09:49;0,0,0;;;;
???;08:19:03;14:09:49;0,0,0;;;;
???;08:19:19;14:09:50;0,0,0;;;;
???;08:19:34;14:09:51;0,0,0;;;;
???;08:19:50;14:09:51;0,0,0;;;;
???;08:20:06;14:09:52;0,0,0;;Oh, it's like that, nigga?;FRANKLIN;ARM1_AHAE
???;08:20:21;14:09:52;0,0,0;;;;
???;08:20:37;14:09:53;0,0,0;;;;
???;08:20:55;14:10:17;0,0,0;;;;
???;08:21:11;14:10:18;0,0,0;;;;
???;08:21:27;14:10:18;0,0,0;;;;
???;08:21:43;14:10:19;0,0,0;;;;
???;08:21:50;14:10:20;0,0,0;;;;
???;08:22:06;14:10:21;0,0,0;;;;
???;08:22:22;14:10:21;0,0,0;;;;
???;08:22:37;14:10:22;0,0,0;;;;
???;08:22:53;14:10:22;0,0,0;;;;
???;08:23:08;14:10:23;0,0,0;;;;
???;08:23:24;14:10:23;0,0,0;;;;
???;08:23:39;14:10:24;0,0,0;;;;
???;08:23:55;14:10:24;0,0,0;;;;
???;08:24:10;14:10:25;0,0,0;;;;
???;08:24:26;14:10:25;0,0,0;;;;
???;08:24:41;14:10:26;0,0,0;;;;
???;08:24:57;14:10:26;0,0,0;;;;
???;08:25:12;14:10:27;0,0,0;;;;
???;08:25:28;14:10:27;0,0,0;;Right up here, homie. I'm 'bout to go nice and slow for yo' bitch-ass.;LAMAR;ARM1_AVAA
???;08:25:44;14:10:28;0,0,0;;;;
???;08:25:59;14:10:29;0,0,0;;;;
???;08:26:15;14:10:29;0,0,0;;;;
???;08:26:31;14:10:30;0,0,0;;;;
???;08:26:46;14:10:30;0,0,0;;;;
???;08:27:02;14:10:31;0,0,0;;;;
???;08:27:18;14:10:31;0,0,0;;;;
???;08:27:33;14:10:32;0,0,0;;;;
???;08:27:49;14:10:32;0,0,0;;Fine.;FRANKLIN;ARM1_BLAA
???;08:28:04;14:10:33;0,0,0;;;;
???;08:28:20;14:10:33;0,0,0;;;;
???;08:28:36;14:10:34;0,0,0;;;;
???;08:28:51;14:10:34;0,0,0;;;;
???;08:29:07;14:10:35;0,0,0;;;;
???;08:29:23;14:10:35;0,0,0;;;;
???;08:29:39;14:10:36;0,0,0;;;;
???;08:29:54;14:10:36;0,0,0;;;;
???;08:30:10;14:10:37;0,0,0;;;;
???;08:30:26;14:10:37;0,0,0;;Eh, remember, we got to be careful with these rides, homie. 'Cause Simeon ain't about to dock my pay again...;FRANKLIN;ARM1_DOAA
???;08:30:41;14:10:38;0,0,0;;;;
???;08:30:57;14:10:38;0,0,0;;;;
???;08:31:12;14:10:39;0,0,0;;;;
???;08:31:28;14:10:39;0,0,0;;;;
???;08:31:43;14:10:40;0,0,0;;;;
???;08:31:59;14:10:40;0,0,0;;;;
???;08:32:14;14:10:41;0,0,0;;;;
???;08:32:30;14:10:42;0,0,0;;;;
???;08:32:46;14:10:42;0,0,0;;Homie, man, if you need some bread, I could hook you up with JB's tow truck.;LAMAR;ARM1_DOAB
???;08:33:01;14:10:43;0,0,0;;;;
???;08:33:17;14:10:43;0,0,0;;;;
???;08:33:33;14:10:44;0,0,0;;;;
???;08:33:48;14:10:44;0,0,0;;;;
???;08:34:04;14:10:45;0,0,0;;;;
???;08:34:19;14:10:45;0,0,0;;;;
???;08:34:35;14:10:46;0,0,0;;It ain't got glamor but there's some money to be made.;LAMAR;ARM1_DOAC
???;08:34:51;14:10:46;0,0,0;;;;
???;08:35:06;14:10:47;0,0,0;;;;
???;08:35:22;14:10:47;0,0,0;;;;
???;08:35:38;14:10:48;0,0,0;;So him and Tonya can smoke crack in peace? Homie, I'm good.;FRANKLIN;ARM1_DOAD
???;08:35:53;14:10:48;0,0,0;;;;
???;08:36:09;14:10:49;0,0,0;;;;
???;08:36:24;14:10:49;0,0,0;;;;
???;08:36:40;14:10:50;0,0,0;;;;
???;08:36:56;14:10:50;0,0,0;;;;
???;08:37:11;14:10:51;0,0,0;;;;
???;08:37:27;14:10:51;0,0,0;;;;
???;08:37:43;14:10:52;0,0,0;;;;
???;08:37:58;14:10:52;0,0,0;;;;
???;08:38:14;14:10:53;0,0,0;;;;
???;08:38:29;14:10:54;0,0,0;;;;
???;08:38:45;14:10:54;0,0,0;;;;
???;08:39:01;14:10:55;0,0,0;;;;
???;08:39:16;14:10:55;0,0,0;;;;
???;08:39:32;14:10:56;0,0,0;;;;
???;08:39:47;14:10:56;0,0,0;;;;
???;08:40:03;14:10:57;0,0,0;;;;
???;08:40:19;14:10:57;0,0,0;;;;
???;08:40:35;14:10:58;0,0,0;;;;
???;08:40:51;14:10:58;0,0,0;;;;
???;08:41:06;14:10:59;0,0,0;;;;
???;08:41:22;14:10:59;0,0,0;;;;
???;08:41:38;14:11:00;0,0,0;;;;
???;08:41:53;14:11:00;0,0,0;;;;
???;08:42:09;14:11:01;0,0,0;;;;
???;08:42:25;14:11:01;0,0,0;;;;
???;08:42:40;14:11:02;0,0,0;;;;
???;08:42:56;14:11:02;0,0,0;;;;
???;08:43:11;14:11:03;0,0,0;;;;
???;08:43:27;14:11:03;0,0,0;;;;
???;08:43:42;14:11:04;0,0,0;;;;
???;08:43:58;14:11:04;0,0,0;;;;
???;08:44:14;14:11:05;0,0,0;;;;
???;08:44:29;14:11:05;0,0,0;;;;
???;08:44:45;14:11:06;0,0,0;;;;
???;08:45:00;14:11:07;0,0,0;;;;
???;08:45:16;14:11:07;0,0,0;;;;
???;08:45:31;14:11:08;0,0,0;;;;
???;08:45:47;14:11:08;0,0,0;;;;
???;08:46:03;14:11:09;0,0,0;;;;
???;08:46:18;14:11:09;0,0,0;;;;
???;08:46:34;14:11:10;0,0,0;;;;
???;08:46:49;14:11:10;0,0,0;;;;
???;08:47:05;14:11:11;0,0,0;;;;
???;08:47:21;14:11:11;0,0,0;;;;
???;08:47:36;14:11:12;0,0,0;;;;
???;08:47:52;14:11:12;0,0,0;;;;
???;08:48:07;14:11:13;0,0,0;;;;
???;08:48:23;14:11:13;0,0,0;;;;
???;08:48:38;14:11:14;0,0,0;;;;
???;08:48:54;14:11:14;0,0,0;;;;
???;08:49:09;14:11:15;0,0,0;;;;
???;08:49:25;14:11:15;0,0,0;;;;
???;08:49:41;14:11:16;0,0,0;;;;
???;08:49:56;14:11:16;0,0,0;;;;
???;08:50:12;14:11:17;0,0,0;;;;
???;08:50:27;14:11:17;0,0,0;;;;
???;08:50:43;14:11:18;0,0,0;;;;
???;08:50:59;14:11:18;0,0,0;;;;
???;08:51:14;14:11:19;0,0,0;;;;
???;08:51:30;14:11:20;0,0,0;;;;
???;08:51:45;14:11:20;0,0,0;;;;
???;08:52:01;14:11:21;0,0,0;;;;
???;08:52:17;14:11:21;0,0,0;;;;
???;08:52:33;14:11:22;0,0,0;;;;
???;08:52:48;14:11:22;0,0,0;;;;
???;08:53:04;14:11:23;0,0,0;;;;
???;08:53:19;14:11:23;0,0,0;;;;
???;08:53:35;14:11:24;0,0,0;;;;
???;08:53:50;14:11:24;0,0,0;;;;
???;08:54:06;14:11:25;0,0,0;;;;
???;08:54:22;14:11:25;0,0,0;;;;
???;08:54:37;14:11:26;0,0,0;;;;
???;08:54:53;14:11:26;0,0,0;;;;
???;08:55:09;14:11:27;0,0,0;;;;
???;08:55:24;14:11:27;0,0,0;;;;
???;08:55:40;14:11:28;0,0,0;;;;
???;08:55:56;14:11:28;0,0,0;;;;
???;08:56:11;14:11:29;0,0,0;;;;
???;08:56:27;14:11:29;0,0,0;;;;
???;08:56:43;14:11:30;0,0,0;;;;
???;08:56:58;14:11:30;0,0,0;;;;
???;08:57:14;14:11:31;0,0,0;;;;
???;08:57:30;14:11:32;0,0,0;;;;
???;08:57:45;14:11:32;0,0,0;;;;
???;08:58:01;14:11:33;0,0,0;;;;
???;08:58:17;14:11:33;0,0,0;;;;
???;08:58:32;14:11:34;0,0,0;;;;
???;08:58:48;14:11:34;0,0,0;;;;
???;08:59:04;14:11:35;0,0,0;;;;
???;08:59:19;14:11:35;0,0,0;;;;
???;08:59:34;14:11:36;0,0,0;;;;
???;08:59:51;14:11:36;0,0,0;;;;
???;09:00:06;14:11:37;0,0,0;;;;
???;09:00:22;14:11:37;0,0,0;;;;
???;09:00:37;14:11:38;0,0,0;;;;
???;09:00:53;14:11:38;0,0,0;;;;
???;09:01:08;14:11:39;0,0,0;;;;
???;09:01:24;14:11:39;0,0,0;;;;
???;09:01:39;14:11:40;0,0,0;;;;
???;09:01:44;14:11:40;0,0,0;;;;
???;09:01:47;14:11:41;0,0,0;;;;
???;09:01:50;14:11:41;0,0,0;;;;
???;09:01:53;14:11:42;0,0,0;;;;
???;09:01:55;14:11:42;0,0,0;;;;
???;09:01:56;14:11:43;0,0,0;;;;
???;09:01:57;14:11:43;0,0,0;;;;
???;09:01:58;14:11:44;0,0,0;;;;
???;09:01:59;14:11:45;0,0,0;;;;
???;09:02:00;14:11:45;0,0,0;;;;
???;09:02:02;14:11:46;0,0,0;;;;
???;09:02:03;14:11:46;0,0,0;;;;
???;09:02:04;14:11:47;0,0,0;;;;
???;09:02:05;14:11:49;0,0,0;;;;
???;08:00:05;14:11:49;0,0,0;;;;
???;08:00:20;14:11:50;0,0,0;;;;
???;08:00:36;14:11:50;0,0,0;;Come on. Shit, come on.;FRANKLIN;ARM1_DBAA
???;08:00:51;14:11:51;0,0,0;;;;
???;08:01:07;14:11:51;0,0,0;;;;
???;08:01:23;14:11:52;0,0,0;;;;
???;08:01:38;14:11:52;0,0,0;;;;
???;08:01:54;14:11:53;0,0,0;;;;
???;08:02:09;14:11:53;0,0,0;;;;
???;08:02:25;14:11:54;0,0,0;;;;
???;08:02:41;14:11:54;0,0,0;;;;
???;08:02:56;14:11:55;0,0,0;;;;
???;08:03:12;14:11:55;0,0,0;;;;
???;08:03:28;14:11:56;0,0,0;;Damn. This nigga must got the baby dick.;LAMAR;ARM1_DBAC
???;08:03:43;14:11:56;0,0,0;;;;
???;08:03:59;14:11:57;0,0,0;;;;
???;08:04:14;14:11:57;0,0,0;;;;
???;08:04:30;14:11:58;0,0,0;;;;
???;08:04:46;14:11:58;0,0,0;;;;
???;08:05:01;14:11:59;0,0,0;;Like that? Bobby big dick on the nigga, huh?;LAMAR;ARM1_CJAA
???;08:05:17;14:11:59;0,0,0;;;;
???;08:05:32;14:12:00;0,0,0;;;;
???;08:05:48;14:12:01;0,0,0;;;;
???;08:06:03;14:12:01;0,0,0;;;;
???;08:06:19;14:12:02;0,0,0;;;;
???;08:06:35;14:12:02;0,0,0;;Shit, for real, homie!;FRANKLIN;ARM1_CJAB
???;08:06:50;14:12:03;0,0,0;;;;
???;08:07:06;14:12:03;0,0,0;;;;
???;08:07:21;14:12:04;0,0,0;;;;
???;08:07:37;14:12:04;0,0,0;;;;
???;08:07:52;14:12:05;0,0,0;;;;
???;08:08:08;14:12:05;0,0,0;;;;
???;08:08:24;14:12:06;0,0,0;;;;
???;08:08:39;14:12:06;0,0,0;;;;
???;08:08:55;14:12:07;0,0,0;;Damn, this motherfucker got a robo-roof and everything, nigga.;FRANKLIN;ARM1_CIAA
???;08:09:10;14:12:07;0,0,0;;;;
???;08:09:26;14:12:08;0,0,0;;;;
???;08:09:42;14:12:08;0,0,0;;;;
???;08:09:57;14:12:09;0,0,0;;;;
???;08:10:13;14:12:09;0,0,0;;;;
???;08:10:29;14:12:10;0,0,0;;He shoulda paid the nizote!;LAMAR;ARM1_CIAB
???;08:10:44;14:12:10;0,0,0;;;;
???;08:11:00;14:12:11;0,0,0;;;;
???;08:11:15;14:12:11;0,0,0;;;;
???;08:11:31;14:12:12;0,0,0;;;;
???;08:11:46;14:12:12;0,0,0;;;;
???;08:12:02;14:12:13;0,0,0;;Man, you got to grind to keep that shit. Now it's back on us.;FRANKLIN;ARM1_CIAC
???;08:12:17;14:12:13;0,0,0;;;;
???;08:12:33;14:12:14;0,0,0;;;;
???;08:12:49;14:12:15;0,0,0;;;;
???;08:13:04;14:12:15;0,0,0;;;;
???;08:13:20;14:12:16;0,0,0;;;;
???;08:13:35;14:12:16;0,0,0;;Hell yeah, I wanna see what it do. Hey, hit me on the speakerphone, lo.;LAMAR;ARM1_CIAD
???;08:13:51;14:12:17;0,0,0;;;;
???;08:14:07;14:12:17;0,0,0;;;;
???;08:14:22;14:12:18;0,0,0;;;;
???;08:14:38;14:12:18;0,0,0;;;;
???;08:14:54;14:12:19;0,0,0;;;;
???;08:15:09;14:12:19;0,0,0;;;;
???;08:15:25;14:12:20;0,0,0;;;;
???;08:15:40;14:12:20;0,0,0;;Oh, it's like that? Fo' sho', homie.;FRANKLIN;ARM1_CIAE
???;08:15:56;14:12:21;0,0,0;;;;
???;08:16:11;14:12:21;0,0,0;;;;
???;08:16:27;14:12:22;0,0,0;;;;
???;08:16:43;14:12:22;0,0,0;;;;
???;08:16:58;14:12:23;0,0,0;;;;
???;08:17:14;14:12:23;0,0,0;;;;
???;08:17:30;14:12:24;0,0,0;;;;
???;08:17:46;14:12:24;0,0,0;;;;
???;08:18:01;14:12:25;0,0,0;;;;
???;08:18:17;14:12:25;0,0,0;;;;
???;08:18:33;14:12:26;0,0,0;;;;
???;08:18:48;14:12:27;0,0,0;;;;
???;08:19:04;14:12:27;0,0,0;;;;
???;08:19:20;14:12:28;0,0,0;;;;
???;08:19:35;14:12:28;0,0,0;;;;
???;08:19:51;14:12:29;0,0,0;;;;
???;08:20:06;14:12:29;0,0,0;;;;
???;08:20:22;14:12:30;0,0,0;;;;
???;08:20:38;14:12:30;0,0,0;;;;
???;08:20:53;14:12:31;0,0,0;;Right up here, homie. I'm 'bout to go nice and slow for yo' bitch-ass.;LAMAR;ARM1_AVAA
???;08:21:09;14:12:31;0,0,0;;;;
???;08:21:24;14:12:32;0,0,0;;;;
???;08:21:40;14:12:32;0,0,0;;;;
???;08:21:56;14:12:33;0,0,0;;;;
???;08:22:11;14:12:33;0,0,0;;;;
???;08:22:27;14:12:34;0,0,0;;;;
???;08:22:43;14:12:34;0,0,0;;;;
???;08:22:58;14:12:35;0,0,0;;;;
???;08:23:14;14:12:35;0,0,0;;;;
???;08:23:30;14:12:36;0,0,0;;Alright.;FRANKLIN;ARM1_BLAA
???;08:23:45;14:12:36;0,0,0;;;;
???;08:24:01;14:12:37;0,0,0;;;;
???;08:24:16;14:12:37;0,0,0;;;;
???;08:24:32;14:12:38;0,0,0;;;;
???;08:24:48;14:12:38;0,0,0;;;;
???;08:25:03;14:12:39;0,0,0;;;;
???;08:25:19;14:12:40;0,0,0;;Eh, remember, we got to be careful with these rides, homie. 'Cause Simeon ain't about to dock my pay again...;FRANKLIN;ARM1_DOAA
???;08:25:35;14:12:40;0,0,0;;;;
???;08:25:50;14:12:41;0,0,0;;;;
???;08:26:06;14:12:41;0,0,0;;;;
???;08:26:21;14:12:42;0,0,0;;;;
???;08:26:37;14:12:42;0,0,0;;;;
???;08:26:53;14:12:43;0,0,0;;;;
???;08:27:08;14:12:43;0,0,0;;;;
???;08:27:24;14:12:44;0,0,0;;;;
???;08:27:39;14:12:44;0,0,0;;Homie, man, if you need some bread, I could hook you up with JB's tow truck.;LAMAR;ARM1_DOAB
???;08:27:55;14:12:45;0,0,0;;;;
???;08:28:10;14:12:45;0,0,0;;;;
???;08:28:26;14:12:46;0,0,0;;;;
???;08:28:41;14:12:46;0,0,0;;;;
???;08:28:57;14:12:47;0,0,0;;;;
???;08:29:13;14:12:47;0,0,0;;;;
???;08:29:28;14:12:48;0,0,0;;It ain't got glamor but there's some money to be made.;LAMAR;ARM1_DOAC
???;08:29:44;14:12:48;0,0,0;;;;
???;08:29:59;14:12:49;0,0,0;;;;
???;08:30:15;14:12:49;0,0,0;;;;
???;08:30:31;14:12:50;0,0,0;;So him and Tonya can smoke crack in peace? Homie, I'm good.;FRANKLIN;ARM1_DOAD
???;08:30:46;14:12:50;0,0,0;;;;
???;08:31:01;14:12:51;0,0,0;;;;
???;08:31:17;14:12:51;0,0,0;;;;
???;08:31:32;14:12:52;0,0,0;;;;
???;08:31:48;14:12:53;0,0,0;;;;
???;08:32:04;14:12:53;0,0,0;;;;
???;08:32:19;14:12:54;0,0,0;;;;
???;08:32:35;14:12:54;0,0,0;;;;
???;08:32:51;14:12:55;0,0,0;;;;
???;08:33:07;14:12:55;0,0,0;;;;
???;08:33:22;14:12:56;0,0,0;;;;
???;08:33:38;14:12:56;0,0,0;;;;
???;08:33:53;14:12:57;0,0,0;;;;
???;08:34:09;14:12:57;0,0,0;;;;
???;08:34:25;14:12:58;0,0,0;;;;
???;08:34:40;14:12:58;0,0,0;;;;
???;08:34:56;14:12:59;0,0,0;;Hey, dog, we'd be doing Simeon a disservice if we didn't test these rides out.;FRANKLIN;ARM1_BSAA
???;08:35:11;14:12:59;0,0,0;;;;
???;08:35:27;14:13:00;0,0,0;;;;
???;08:35:43;14:13:00;0,0,0;;;;
???;08:35:58;14:13:01;0,0,0;;;;
???;08:36:14;14:13:01;0,0,0;;;;
???;08:36:30;14:13:02;0,0,0;;;;
???;08:36:45;14:13:02;0,0,0;;;;
???;08:37:01;14:13:03;0,0,0;;He ain't even gonna know if they good if we don't push them to the brink. You feel me?;LAMAR;ARM1_BSAB
???;08:37:16;14:13:03;0,0,0;;;;
???;08:37:32;14:13:04;0,0,0;;;;
???;08:37:48;14:13:04;0,0,0;;;;
???;08:38:03;14:13:05;0,0,0;;;;
???;08:38:19;14:13:06;0,0,0;;;;
???;08:38:34;14:13:06;0,0,0;;;;
???;08:38:50;14:13:07;0,0,0;;;;
???;08:39:05;14:13:07;0,0,0;;;;
???;08:39:21;14:13:08;0,0,0;;;;
???;08:39:36;14:13:08;0,0,0;;;;
???;08:39:52;14:13:09;0,0,0;;You little dick niggas do like them little cars.;LAMAR;ARM1_DCAA
???;08:40:07;14:13:09;0,0,0;;;;
???;08:40:23;14:13:10;0,0,0;;;;
???;08:40:39;14:13:10;0,0,0;;;;
???;08:40:54;14:13:11;0,0,0;;;;
???;08:41:10;14:13:11;0,0,0;;Shit. I heard the talk, homie. You big everywhere, 'cept where it counts.;FRANKLIN;ARM1_DCAB
???;08:41:25;14:13:12;0,0,0;;;;
???;08:41:41;14:13:12;0,0,0;;;;
???;08:41:57;14:13:13;0,0,0;;;;
???;08:42:12;14:13:13;0,0,0;;;;
???;08:42:28;14:13:14;0,0,0;;;;
???;08:42:43;14:13:14;0,0,0;;;;
???;08:42:59;14:13:15;0,0,0;;;;
???;08:43:15;14:13:15;0,0,0;;Fool, knock it off. How 'bout we let Tanisha decide that?;LAMAR;ARM1_DCAC
???;08:43:30;14:13:16;0,0,0;;;;
???;08:43:46;14:13:16;0,0,0;;;;
???;08:44:01;14:13:17;0,0,0;;;;
???;08:44:17;14:13:17;0,0,0;;;;
???;08:44:33;14:13:18;0,0,0;;;;
???;08:44:48;14:13:19;0,0,0;;She definitely ain't dumb enough to fuck with yo' ass.;FRANKLIN;ARM1_DCAD
???;08:45:04;14:13:19;0,0,0;;;;
???;08:45:19;14:13:20;0,0,0;;;;
???;08:45:35;14:13:20;0,0,0;;;;
???;08:45:51;14:13:21;0,0,0;;;;
???;08:46:07;14:13:21;0,0,0;;;;
???;08:46:22;14:13:22;0,0,0;;Right. Right. Right.;LAMAR;ARM1_BIAA
???;08:46:38;14:13:22;0,0,0;;;;
???;08:46:53;14:13:23;0,0,0;;;;
???;08:47:09;14:13:23;0,0,0;;;;
???;08:47:24;14:13:24;0,0,0;;Yeah, that's cool.;FRANKLIN;ARM1_BLAA
???;08:47:40;14:13:24;0,0,0;;;;
???;08:47:56;14:13:25;0,0,0;;;;
???;08:48:11;14:13:25;0,0,0;;Up here, through the studio. Let's show these movie people how we do!;LAMAR;ARM1_DKAA
???;08:48:27;14:13:26;0,0,0;;;;
???;08:48:43;14:13:26;0,0,0;;;;
???;08:48:58;14:13:27;0,0,0;;;;
???;08:49:14;14:13:27;0,0,0;;;;
???;08:49:29;14:13:28;0,0,0;;;;
???;08:49:45;14:13:28;0,0,0;;;;
???;08:50:00;14:13:29;0,0,0;;;;
???;08:50:16;14:13:29;0,0,0;;;;
???;08:50:31;14:13:30;0,0,0;;;;
???;08:50:47;14:13:30;0,0,0;;;;
???;08:51:03;14:13:31;0,0,0;;;;
???;08:51:18;14:13:32;0,0,0;;;;
???;08:51:34;14:13:32;0,0,0;;What the fuck?!;EXTRA1;ARM1_CLAA
???;08:51:50;14:13:33;0,0,0;;;;
???;08:52:06;14:13:33;0,0,0;;;;
???;08:52:21;14:13:34;0,0,0;;Oh, we filmin' shit here! Huh?;FRANKLIN;ARM1_AXAA
???;08:52:37;14:13:34;0,0,0;;;;
???;08:52:52;14:13:35;0,0,0;;;;
???;08:53:08;14:13:35;0,0,0;;;;
???;08:53:24;14:13:36;0,0,0;;;;
???;08:53:40;14:13:36;0,0,0;;;;
???;08:53:55;14:13:37;0,0,0;;;;
???;08:54:11;14:13:37;0,0,0;;;;
???;08:54:26;14:13:38;0,0,0;;Down this dirty motherfucker.;LAMAR;ARM1_BDAA
???;08:54:42;14:13:38;0,0,0;;;;
???;08:54:58;14:13:39;0,0,0;;;;
???;08:55:13;14:13:39;0,0,0;;;;
???;08:55:29;14:13:40;0,0,0;;Cool, homie.;FRANKLIN;ARM1_BLAA
???;08:55:44;14:13:40;0,0,0;;;;
???;08:56:00;14:13:41;0,0,0;;;;
???;08:56:15;14:13:41;0,0,0;;;;
???;08:56:31;14:13:42;0,0,0;;Keep bustin', loc!;LAMAR;ARM1_BGAA
???;08:56:47;14:13:42;0,0,0;;;;
???;08:57:02;14:13:43;0,0,0;;;;
???;08:57:18;14:13:43;0,0,0;;If you wanna chuck them thangs?;FRANKLIN;ARM1_BMAA
???;08:57:33;14:13:44;0,0,0;;;;
???;08:57:49;14:13:45;0,0,0;;;;
???;08:58:05;14:13:45;0,0,0;;;;
???;08:58:20;14:13:46;0,0,0;;;;
???;08:58:36;14:13:46;0,0,0;;;;
???;08:58:51;14:13:47;0,0,0;;;;
???;08:59:07;14:13:47;0,0,0;;;;
???;08:59:22;14:13:48;0,0,0;;;;
???;08:59:38;14:13:48;0,0,0;;;;
???;08:59:54;14:13:49;0,0,0;;;;
???;09:00:09;14:13:49;0,0,0;;;;
???;09:00:24;14:13:50;0,0,0;;;;
???;09:00:40;14:13:50;0,0,0;;;;
???;09:00:56;14:13:51;0,0,0;;;;
???;09:01:11;14:13:51;0,0,0;;;;
???;09:01:27;14:13:52;0,0,0;;;;
???;09:01:43;14:13:52;0,0,0;;;;
???;09:01:58;14:13:53;0,0,0;;;;
???;09:02:14;14:13:53;0,0,0;;;;
???;09:02:30;14:13:54;0,0,0;;;;
???;09:02:45;14:13:54;0,0,0;;;;
???;09:03:01;14:13:55;0,0,0;;;;
???;09:03:17;14:13:55;0,0,0;;;;
???;09:03:32;14:13:56;0,0,0;;;;
???;09:03:48;14:13:57;0,0,0;;;;
???;09:04:04;14:13:57;0,0,0;;;;
???;09:04:19;14:13:58;0,0,0;;We hanging a left.;LAMAR;ARM1_BHAA
???;09:04:35;14:13:58;0,0,0;;;;
???;09:04:51;14:13:59;0,0,0;;;;
???;09:05:06;14:13:59;0,0,0;;Get out the road!;FRANKLIN;ARM1_DJAA
???;09:05:22;14:14:00;0,0,0;;;;
???;09:05:37;14:14:00;0,0,0;;Uh huh.;FRANKLIN;ARM1_BLAA
???;09:05:53;14:14:01;0,0,0;;;;
???;09:06:09;14:14:01;0,0,0;;;;
???;09:06:25;14:14:02;0,0,0;;This meant to be your shit.;LAMAR;ARM1_BGAA
???;09:06:40;14:14:02;0,0,0;;;;
???;09:06:56;14:14:03;0,0,0;;;;
???;09:07:12;14:14:03;0,0,0;;;;
???;09:07:27;14:14:04;0,0,0;;Please, homie.;FRANKLIN;ARM1_BMAA
???;09:07:43;14:14:04;0,0,0;;;;
???;09:07:59;14:14:05;0,0,0;;;;
???;09:08:14;14:14:05;0,0,0;;;;
???;09:08:30;14:14:06;0,0,0;;;;
???;09:08:45;14:14:06;0,0,0;;;;
???;09:09:01;14:14:07;0,0,0;;;;
???;09:09:16;14:14:07;0,0,0;;Whooo!;LAMAR;ARM1_DEAA
???;09:09:32;14:14:08;0,0,0;;;;
???;09:09:47;14:14:08;0,0,0;;;;
???;09:10:03;14:14:09;0,0,0;;;;
???;09:10:19;14:14:10;0,0,0;;;;
???;09:10:34;14:14:10;0,0,0;;;;
???;09:10:50;14:14:11;0,0,0;;;;
???;09:11:06;14:14:11;0,0,0;;;;
???;09:11:21;14:14:12;0,0,0;;;;
???;09:11:37;14:14:12;0,0,0;;;;
???;09:11:52;14:14:13;0,0,0;;;;
???;09:12:08;14:14:13;0,0,0;;;;
???;09:12:23;14:14:14;0,0,0;;;;
???;09:12:39;14:14:14;0,0,0;;;;
???;09:12:54;14:14:15;0,0,0;;;;
???;09:13:10;14:14:15;0,0,0;;;;
???;09:13:25;14:14:16;0,0,0;;I'm thinking left.;LAMAR;ARM1_BHAA
???;09:13:41;14:14:16;0,0,0;;;;
???;09:13:57;14:14:17;0,0,0;;;;
???;09:14:12;14:14:17;0,0,0;;What? I hear you.;FRANKLIN;ARM1_BLAA
???;09:14:28;14:14:18;0,0,0;;;;
???;09:14:43;14:14:18;0,0,0;;;;
???;09:14:59;14:14:19;0,0,0;;;;
???;09:15:15;14:14:19;0,0,0;;;;
???;09:15:31;14:14:20;0,0,0;;;;
???;09:15:47;14:14:20;0,0,0;;;;
???;09:16:02;14:14:21;0,0,0;;;;
???;09:16:18;14:14:22;0,0,0;;;;
???;09:16:34;14:14:22;0,0,0;;;;
???;09:16:49;14:14:23;0,0,0;;;;
???;09:17:05;14:14:23;0,0,0;;;;
???;09:17:20;14:14:24;0,0,0;;Loco, any tickets we get goin' go on that fool's license.;LAMAR;ARM1_BQAA
???;09:17:36;14:14:24;0,0,0;;;;
???;09:17:52;14:14:25;0,0,0;;;;
???;09:18:07;14:14:25;0,0,0;;;;
???;09:18:23;14:14:26;0,0,0;;;;
???;09:18:38;14:14:26;0,0,0;;;;
???;09:18:53;14:14:27;0,0,0;;;;
???;09:19:09;14:14:27;0,0,0;;;;
???;09:19:24;14:14:28;0,0,0;;Well in that case, we might as well enjoy ourselves.;FRANKLIN;ARM1_BQAB
???;09:19:40;14:14:28;0,0,0;;;;
???;09:19:56;14:14:29;0,0,0;;;;
???;09:20:11;14:14:29;0,0,0;;;;
???;09:20:27;14:14:30;0,0,0;;;;
???;09:20:42;14:14:30;0,0,0;;;;
???;09:20:58;14:14:31;0,0,0;;;;
???;09:21:13;14:14:31;0,0,0;;;;
???;09:21:29;14:14:32;0,0,0;;;;
???;09:21:45;14:14:32;0,0,0;;;;
???;09:22:00;14:14:33;0,0,0;;;;
???;09:22:16;14:14:33;0,0,0;;;;
???;09:22:32;14:14:34;0,0,0;;;;
???;09:22:47;14:14:34;0,0,0;;;;
???;09:23:03;14:14:35;0,0,0;;;;
???;09:23:18;14:14:36;0,0,0;;;;
???;09:23:34;14:14:36;0,0,0;;;;
???;09:23:49;14:14:37;0,0,0;;;;
???;09:24:05;14:14:37;0,0,0;;;;
???;09:24:21;14:14:38;0,0,0;;;;
???;09:24:36;14:14:38;0,0,0;;;;
???;09:24:52;14:14:39;0,0,0;;;;
???;09:25:07;14:14:39;0,0,0;;;;
???;09:25:23;14:14:40;0,0,0;;;;
???;09:25:38;14:14:40;0,0,0;;;;
???;09:25:54;14:14:41;0,0,0;;;;
???;09:26:09;14:14:41;0,0,0;;;;
???;09:26:25;14:14:42;0,0,0;;;;
???;09:26:40;14:14:42;0,0,0;;;;
???;09:26:56;14:14:43;0,0,0;;;;
???;09:27:12;14:14:43;0,0,0;;;;
???;09:27:28;14:14:44;0,0,0;;;;
???;09:27:43;14:14:44;0,0,0;;;;
???;09:27:59;14:14:45;0,0,0;;;;
???;09:28:14;14:14:45;0,0,0;;;;
???;09:28:30;14:14:46;0,0,0;;;;
???;09:28:45;14:14:46;0,0,0;;;;
???;09:29:01;14:14:47;0,0,0;;;;
???;09:29:17;14:14:47;0,0,0;;;;
???;09:29:33;14:14:48;0,0,0;;;;
???;09:29:48;14:14:49;0,0,0;;;;
???;09:30:04;14:14:49;0,0,0;;;;
???;09:30:19;14:14:50;0,0,0;;Left here. We going through the parking lot.;LAMAR;ARM1_DMAA
???;09:30:35;14:14:50;0,0,0;;;;
???;09:30:51;14:14:51;0,0,0;;;;
???;09:31:07;14:14:51;0,0,0;;;;
???;09:31:22;14:14:52;0,0,0;;Fine.;FRANKLIN;ARM1_BLAA
???;09:31:38;14:14:52;0,0,0;;;;
???;09:31:54;14:14:53;0,0,0;;;;
???;09:32:09;14:14:53;0,0,0;;;;
???;09:32:25;14:14:54;0,0,0;;;;
???;09:32:41;14:14:54;0,0,0;;I'm schoolin' yo' ass, boy!;LAMAR;ARM1_BGAA
???;09:32:56;14:14:55;0,0,0;;;;
???;09:33:12;14:14:55;0,0,0;;;;
???;09:33:27;14:14:56;0,0,0;;;;
???;09:33:43;14:14:56;0,0,0;;I'll come at you from the shoulders, homie.;FRANKLIN;ARM1_BMAA
???;09:33:58;14:14:57;0,0,0;;;;
???;09:34:14;14:14:57;0,0,0;;;;
???;09:34:30;14:14:58;0,0,0;;;;
???;09:34:45;14:14:58;0,0,0;;;;
???;09:35:01;14:14:59;0,0,0;;;;
???;09:35:16;14:14:59;0,0,0;;;;
???;09:35:32;14:15:00;0,0,0;;;;
???;09:35:48;14:15:00;0,0,0;;;;
???;09:36:03;14:15:01;0,0,0;;;;
???;09:36:19;14:15:02;0,0,0;;;;
???;09:36:34;14:15:02;0,0,0;;;;
???;09:36:50;14:15:03;0,0,0;;;;
???;09:37:05;14:15:03;0,0,0;;;;
???;09:37:21;14:15:04;0,0,0;;;;
???;09:37:37;14:15:04;0,0,0;;;;
???;09:37:52;14:15:05;0,0,0;;;;
???;09:38:08;14:15:05;0,0,0;;;;
???;09:38:23;14:15:06;0,0,0;;;;
???;09:38:39;14:15:06;0,0,0;;;;
???;09:38:54;14:15:07;0,0,0;;;;
???;09:39:10;14:15:07;0,0,0;;;;
???;09:39:25;14:15:08;0,0,0;;;;
???;09:39:41;14:15:08;0,0,0;;;;
???;09:39:56;14:15:09;0,0,0;;;;
???;09:40:12;14:15:09;0,0,0;;;;
???;09:40:28;14:15:10;0,0,0;;;;
???;09:40:44;14:15:10;0,0,0;;;;
???;09:40:59;14:15:11;0,0,0;;We buzzing the Union Depository, motherfucker!;LAMAR;ARM1_DNAA
???;09:41:15;14:15:11;0,0,0;;;;
???;09:41:30;14:15:12;0,0,0;;;;
???;09:41:46;14:15:12;0,0,0;;;;
???;09:42:02;14:15:13;0,0,0;;;;
???;09:42:18;14:15:13;0,0,0;;;;
???;09:42:33;14:15:14;0,0,0;;That super-bank? Motherfucker, you an idiot.;FRANKLIN;ARM1_DNAB
???;09:42:49;14:15:15;0,0,0;;;;
???;09:43:05;14:15:15;0,0,0;;;;
???;09:43:20;14:15:16;0,0,0;;;;
???;09:43:36;14:15:16;0,0,0;;;;
???;09:43:51;14:15:17;0,0,0;;;;
???;09:44:07;14:15:17;0,0,0;;;;
???;09:44:23;14:15:18;0,0,0;;;;
???;09:44:38;14:15:18;0,0,0;;;;
???;09:44:54;14:15:19;0,0,0;;;;
???;09:45:10;14:15:19;0,0,0;;;;
???;09:45:25;14:15:20;0,0,0;;;;
???;09:45:41;14:15:20;0,0,0;;;;
???;09:45:57;14:15:21;0,0,0;;;;
???;09:46:12;14:15:21;0,0,0;;;;
???;09:46:28;14:15:22;0,0,0;;;;
???;09:46:43;14:15:22;0,0,0;;;;
???;09:46:59;14:15:23;0,0,0;;;;
???;09:47:14;14:15:23;0,0,0;;;;
???;09:47:30;14:15:24;0,0,0;;;;
???;09:47:45;14:15:24;0,0,0;;;;
???;09:48:01;14:15:25;0,0,0;;;;
???;09:48:17;14:15:25;0,0,0;;What you go and slow up the road for, dog? Move over so the traffic can flow through.;FRANKLIN;ARM1_AEAA
???;09:48:32;14:15:26;0,0,0;;;;
???;09:48:48;14:15:26;0,0,0;;;;
???;09:49:03;14:15:27;0,0,0;;;;
???;09:49:19;14:15:28;0,0,0;;;;
???;09:49:34;14:15:28;0,0,0;;;;
???;09:49:47;14:15:50;0,0,0;;;;
???;09:50:02;14:15:50;0,0,0;;;;
???;09:50:18;14:15:51;0,0,0;;;;
???;09:50:34;14:15:51;0,0,0;;Whatever, nigga. I'll let something flow through your ass.;LAMAR;ARM1_AEAB
???;09:50:49;14:15:52;0,0,0;;;;
???;09:51:05;14:15:53;0,0,0;;;;
???;09:51:20;14:15:53;0,0,0;;;;
???;09:51:36;14:15:54;0,0,0;;;;
???;09:51:51;14:15:54;0,0,0;;;;
???;09:52:07;14:15:55;0,0,0;;Dog, I ain't too sure that joke works, dog.;FRANKLIN;ARM1_AEAC
???;09:52:22;14:15:55;0,0,0;;;;
???;09:52:38;14:15:56;0,0,0;;;;
???;09:52:54;14:15:56;0,0,0;;;;
???;09:53:09;14:15:57;0,0,0;;Ahh, shit.;LAMAR;ARM1_AEAD
???;09:53:25;14:15:57;0,0,0;;;;
???;09:53:41;14:15:58;0,0,0;;;;
???;09:53:56;14:15:58;0,0,0;;;;
???;09:54:12;14:15:59;0,0,0;;Oh shit, the one time!;LAMAR;ARM1_AGAA
???;09:54:27;14:15:59;0,0,0;;;;
???;09:54:43;14:16:00;0,0,0;;;;
???;09:54:58;14:16:00;0,0,0;;Be cool, fool, we got the paperwork.;FRANKLIN;ARM1_AGAB
???;09:55:14;14:16:01;0,0,0;;;;
???;09:55:29;14:16:01;0,0,0;;;;
???;09:55:45;14:16:02;0,0,0;;;;
???;09:56:00;14:16:02;0,0,0;;Whatever, you explain that shit. I'll see you at the dealership!;LAMAR;ARM1_AGAC
???;09:56:16;14:16:03;0,0,0;;;;
???;09:56:31;14:16:03;0,0,0;;;;
???;09:56:47;14:16:04;0,0,0;;;;
???;09:57:03;14:16:04;0,0,0;;;;
???;09:57:18;14:16:05;0,0,0;;;;
???;09:57:34;14:16:05;0,0,0;;Explain that shit my ass!;FRANKLIN;ARM1_AGAD
???;09:57:50;14:16:06;0,0,0;;;;
???;09:58:05;14:16:07;0,0,0;;;;
???;09:58:21;14:16:07;0,0,0;;e the Cops.;Cutscene;Cutscene
???;09:58:37;14:16:08;0,0,0;;;;
???;09:58:52;14:16:08;0,0,0;;;;
???;09:59:08;14:16:09;0,0,0;;;;
???;09:59:23;14:16:09;0,0,0;;;;
???;09:59:39;14:16:10;0,0,0;;;;
???;09:59:54;14:16:10;0,0,0;;;;
???;10:00:10;14:16:11;0,0,0;;;;
???;10:00:26;14:16:11;0,0,0;;;;
???;10:00:42;14:16:12;0,0,0;;;;
???;10:00:57;14:16:12;0,0,0;;;;
???;10:01:13;14:16:13;0,0,0;;;;
???;10:01:28;14:16:13;0,0,0;;;;
???;10:01:44;14:16:14;0,0,0;;;;
???;10:01:59;14:16:14;0,0,0;;;;
???;10:02:15;14:16:15;0,0,0;;;;
???;10:02:31;14:16:15;0,0,0;;;;
???;10:02:47;14:16:16;0,0,0;;;;
???;10:03:03;14:16:16;0,0,0;;;;
???;10:03:18;14:16:17;0,0,0;;;;
???;10:03:34;14:16:17;0,0,0;;;;
???;10:03:49;14:16:18;0,0,0;;;;
???;10:04:05;14:16:19;0,0,0;;;;
???;10:04:21;14:16:19;0,0,0;;;;
???;10:04:36;14:16:20;0,0,0;;;;
???;10:04:52;14:16:20;0,0,0;;;;
???;10:05:08;14:16:21;0,0,0;;;;
???;10:05:23;14:16:21;0,0,0;;;;
???;10:05:39;14:16:22;0,0,0;;;;
???;10:05:54;14:16:22;0,0,0;;;;
???;10:06:10;14:16:23;0,0,0;;;;
???;10:06:25;14:16:23;0,0,0;;;;
???;10:06:41;14:16:24;0,0,0;;;;
???;10:06:56;14:16:24;0,0,0;;;;
???;10:07:12;14:16:25;0,0,0;;;;
???;10:07:28;14:16:25;0,0,0;;;;
???;10:07:43;14:16:26;0,0,0;;;;
???;10:07:59;14:16:26;0,0,0;;;;
???;10:08:14;14:16:27;0,0,0;;;;
???;10:08:30;14:16:27;0,0,0;;;;
???;10:08:45;14:16:28;0,0,0;;;;
???;10:09:01;14:16:28;0,0,0;;;;
???;10:09:17;14:16:29;0,0,0;;;;
???;10:09:32;14:16:29;0,0,0;;;;
???;10:09:48;14:16:30;0,0,0;;;;
???;10:10:03;14:16:30;0,0,0;;;;
???;10:10:19;14:16:31;0,0,0;;;;
???;10:10:34;14:16:32;0,0,0;;;;
???;10:10:50;14:16:32;0,0,0;;;;
???;10:11:05;14:16:33;0,0,0;;;;
???;10:11:21;14:16:33;0,0,0;;;;
???;10:11:37;14:16:34;0,0,0;;;;
???;10:11:52;14:16:34;0,0,0;;;;
???;10:12:08;14:16:35;0,0,0;;;;
???;10:12:23;14:16:35;0,0,0;;;;
???;10:12:39;14:16:36;0,0,0;;;;
???;10:12:55;14:16:36;0,0,0;;;;
???;10:13:10;14:16:37;0,0,0;;;;
???;10:13:26;14:16:37;0,0,0;;;;
???;10:13:41;14:16:38;0,0,0;;;;
???;10:13:57;14:16:38;0,0,0;;;;
???;10:14:12;14:16:39;0,0,0;;;;
???;10:14:28;14:16:39;0,0,0;;;;
???;10:14:43;14:16:40;0,0,0;;;;
???;10:14:59;14:16:40;0,0,0;;;;
???;10:15:15;14:16:41;0,0,0;;;;
???;10:15:30;14:16:41;0,0,0;;;;
???;10:15:46;14:16:42;0,0,0;;;;
???;10:16:01;14:16:42;0,0,0;;;;
???;10:16:17;14:16:43;0,0,0;;;;
???;10:16:32;14:16:43;0,0,0;;;;
???;10:16:48;14:16:44;0,0,0;;;;
???;10:17:04;14:16:44;0,0,0;;;;
???;10:17:19;14:16:45;0,0,0;;;;
???;10:17:35;14:16:46;0,0,0;;;;
???;10:17:50;14:16:46;0,0,0;;;;
???;10:18:06;14:16:47;0,0,0;;;;
???;10:18:21;14:16:47;0,0,0;;;;
???;10:18:37;14:16:48;0,0,0;;;;
???;10:18:52;14:16:48;0,0,0;;;;
???;10:19:08;14:16:49;0,0,0;;;;
???;10:19:23;14:16:49;0,0,0;;;;
???;10:19:39;14:16:50;0,0,0;;;;
???;10:19:54;14:16:50;0,0,0;;;;
???;10:20:10;14:16:51;0,0,0;;;;
???;10:20:25;14:16:51;0,0,0;;;;
???;10:20:41;14:16:52;0,0,0;;;;
???;10:20:56;14:16:52;0,0,0;;;;
???;10:21:12;14:16:53;0,0,0;;;;
???;10:21:28;14:16:53;0,0,0;;;;
???;10:21:43;14:16:54;0,0,0;;;;
???;10:21:59;14:16:54;0,0,0;;;;
???;10:22:14;14:16:55;0,0,0;;;;
???;10:22:30;14:16:55;0,0,0;;;;
???;10:22:45;14:16:56;0,0,0;;;;
???;10:23:01;14:16:56;0,0,0;;;;
???;10:23:16;14:16:57;0,0,0;;;;
???;10:23:32;14:16:57;0,0,0;;;;
???;10:23:48;14:16:58;0,0,0;;;;
???;10:24:03;14:16:58;0,0,0;;;;
???;10:24:19;14:16:59;0,0,0;;;;
???;10:24:34;14:16:59;0,0,0;;;;
???;10:24:50;14:17:00;0,0,0;;;;
???;10:25:05;14:17:01;0,0,0;;;;
???;10:25:21;14:17:01;0,0,0;;;;
???;10:25:36;14:17:02;0,0,0;;;;
???;10:25:52;14:17:02;0,0,0;;;;
???;10:26:07;14:17:03;0,0,0;;;;
???;10:26:23;14:17:03;0,0,0;;;;
???;10:26:38;14:17:04;0,0,0;;;;
???;10:26:54;14:17:04;0,0,0;;;;
???;10:27:09;14:17:05;0,0,0;;;;
???;10:27:24;14:17:05;0,0,0;;;;
???;10:27:40;14:17:06;0,0,0;;;;
???;10:27:56;14:17:06;0,0,0;;;;
???;10:28:11;14:17:07;0,0,0;;;;
???;10:28:27;14:17:07;0,0,0;;;;
???;10:28:43;14:17:08;0,0,0;;;;
???;10:28:58;14:17:08;0,0,0;;;;
???;10:29:14;14:17:09;0,0,0;;;;
???;10:29:29;14:17:09;0,0,0;;;;
???;10:29:45;14:17:10;0,0,0;;;;
???;10:30:00;14:17:10;0,0,0;;;;
???;10:30:16;14:17:11;0,0,0;;;;
???;10:30:32;14:17:11;0,0,0;;;;
???;10:30:47;14:17:12;0,0,0;;;;
???;10:31:03;14:17:12;0,0,0;;;;
???;10:31:18;14:17:13;0,0,0;;;;
???;10:31:34;14:17:13;0,0,0;;;;
???;10:31:49;14:17:14;0,0,0;;;;
???;10:32:05;14:17:15;0,0,0;;;;
???;10:32:20;14:17:15;0,0,0;;;;
???;10:32:36;14:17:16;0,0,0;;;;
???;10:32:51;14:17:16;0,0,0;;;;
???;10:33:07;14:17:17;0,0,0;;;;
???;10:33:23;14:17:17;0,0,0;;;;
???;10:33:38;14:17:18;0,0,0;;;;
???;10:33:54;14:17:18;0,0,0;;;;
???;10:34:09;14:17:19;0,0,0;;;;
???;10:34:25;14:17:19;0,0,0;;;;
???;10:34:40;14:17:20;0,0,0;;;;
???;10:34:56;14:17:20;0,0,0;;;;
???;10:35:11;14:17:21;0,0,0;;;;
???;10:35:27;14:17:21;0,0,0;;;;
???;10:35:42;14:17:22;0,0,0;;;;
???;10:35:58;14:17:22;0,0,0;;;;
???;10:36:14;14:17:23;0,0,0;;;;
???;10:36:29;14:17:23;0,0,0;;;;
???;10:36:45;14:17:24;0,0,0;;;;
???;10:37:00;14:17:24;0,0,0;;;;
???;10:37:16;14:17:25;0,0,0;;;;
???;10:37:32;14:17:25;0,0,0;;;;
???;10:37:47;14:17:26;0,0,0;;;;
???;10:38:03;14:17:26;0,0,0;;;;
???;10:38:18;14:17:27;0,0,0;;;;
???;10:38:34;14:17:27;0,0,0;;;;
???;10:38:49;14:17:28;0,0,0;;;;
???;10:39:05;14:17:29;0,0,0;;;;
???;10:39:21;14:17:29;0,0,0;;;;
???;10:39:36;14:17:30;0,0,0;;;;
???;10:39:52;14:17:30;0,0,0;;;;
???;10:40:07;14:17:31;0,0,0;;;;
???;10:40:23;14:17:31;0,0,0;;;;
???;10:40:38;14:17:32;0,0,0;;;;
???;10:40:54;14:17:32;0,0,0;;;;
???;10:41:10;14:17:33;0,0,0;;;;
???;10:41:25;14:17:33;0,0,0;;;;
???;10:41:41;14:17:34;0,0,0;;;;
???;10:41:57;14:17:34;0,0,0;;;;
???;10:42:12;14:17:35;0,0,0;;;;
???;10:42:28;14:17:35;0,0,0;;;;
???;10:42:43;14:17:36;0,0,0;;;;
???;10:42:59;14:17:36;0,0,0;;;;
???;10:43:15;14:17:37;0,0,0;;;;
???;10:43:30;14:17:37;0,0,0;;;;
???;10:43:46;14:17:38;0,0,0;;;;
???;10:44:01;14:17:38;0,0,0;;;;
???;10:44:17;14:17:39;0,0,0;;;;
???;10:44:33;14:17:39;0,0,0;;;;
???;10:44:48;14:17:40;0,0,0;;;;
???;10:45:04;14:17:40;0,0,0;;;;
???;10:45:19;14:17:41;0,0,0;;;;
???;10:45:35;14:17:42;0,0,0;;;;
???;10:45:50;14:17:42;0,0,0;;;;
???;10:46:06;14:17:43;0,0,0;;;;
???;10:46:22;14:17:43;0,0,0;;;;
???;10:46:37;14:17:44;0,0,0;;;;
???;10:46:53;14:17:44;0,0,0;;;;
???;10:47:09;14:17:45;0,0,0;;;;
???;10:47:24;14:17:45;0,0,0;;;;
???;10:47:39;14:17:46;0,0,0;;;;
???;10:47:55;14:17:46;0,0,0;;;;
???;10:48:11;14:17:47;0,0,0;;;;
???;10:48:26;14:17:47;0,0,0;;;;
???;10:48:41;14:17:48;0,0,0;;;;
???;10:48:57;14:17:48;0,0,0;;;;
???;10:49:13;14:17:49;0,0,0;;;;
???;10:49:28;14:17:49;0,0,0;;;;
???;10:49:44;14:17:50;0,0,0;;;;
???;10:49:59;14:17:50;0,0,0;;;;
???;10:50:15;14:17:51;0,0,0;;;;
???;10:50:30;14:17:51;0,0,0;;;;
???;10:50:46;14:17:52;0,0,0;;;;
???;10:51:01;14:17:52;0,0,0;;;;
???;10:51:17;14:17:53;0,0,0;;;;
???;10:51:33;14:17:53;0,0,0;;;;
???;10:51:49;14:17:54;0,0,0;;;;
???;10:52:05;14:17:55;0,0,0;;;;
???;10:52:20;14:17:55;0,0,0;;;;
???;10:52:36;14:17:56;0,0,0;;;;
???;10:52:52;14:17:56;0,0,0;;;;
???;10:53:08;14:17:57;0,0,0;;;;
???;10:53:24;14:17:57;0,0,0;;;;
???;10:53:39;14:17:58;0,0,0;;;;
???;10:53:55;14:17:58;0,0,0;;;;
???;10:54:10;14:17:59;0,0,0;;;;
???;10:54:26;14:17:59;0,0,0;;;;
???;10:54:41;14:18:00;0,0,0;;;;
???;10:54:57;14:18:00;0,0,0;;;;
???;10:55:12;14:18:01;0,0,0;;;;
???;10:55:28;14:18:01;0,0,0;;;;
???;10:55:44;14:18:02;0,0,0;;;;
???;10:55:59;14:18:02;0,0,0;;;;
???;10:56:15;14:18:03;0,0,0;;;;
???;10:56:30;14:18:03;0,0,0;;;;
???;10:56:46;14:18:04;0,0,0;;;;
???;10:57:01;14:18:04;0,0,0;;;;
???;10:57:17;14:18:05;0,0,0;;;;
???;10:57:32;14:18:05;0,0,0;;;;
???;10:57:48;14:18:06;0,0,0;;;;
???;10:58:03;14:18:06;0,0,0;;;;
???;10:58:19;14:18:07;0,0,0;;;;
???;10:58:34;14:18:07;0,0,0;;;;
???;10:58:50;14:18:08;0,0,0;;;;
???;10:59:05;14:18:09;0,0,0;;;;
???;10:59:21;14:18:09;0,0,0;;;;
???;10:59:36;14:18:10;0,0,0;;;;
???;10:59:52;14:18:10;0,0,0;;;;
???;11:00:07;14:18:11;0,0,0;;;;
???;11:00:23;14:18:11;0,0,0;;;;
???;11:00:38;14:18:12;0,0,0;;;;
???;11:00:54;14:18:12;0,0,0;;;;
???;11:01:10;14:18:13;0,0,0;;;;
???;11:01:25;14:18:13;0,0,0;;;;
???;11:01:41;14:18:14;0,0,0;;;;
???;11:01:56;14:18:14;0,0,0;;I don't get you, bro.;JIMMY;ARM1_DRAA
???;11:02:12;14:18:15;0,0,0;;;;
???;11:02:28;14:18:15;0,0,0;;You are a racist and I don't like you, and I will not sell you this car, I will not.;SIMEON;ARM1_DRAB
???;11:02:43;14:18:16;0,0,0;;;;
???;11:02:59;14:18:16;0,0,0;;;;
???;11:03:10;14:18:18;0,0,0;;;;
???;11:03:26;14:18:19;0,0,0;;;;
???;11:03:41;14:18:19;0,0,0;;;;
???;11:03:57;14:18:20;0,0,0;;;;
???;11:04:13;14:18:20;0,0,0;;;;
???;11:04:28;14:18:21;0,0,0;;;;
???;11:04:44;14:18:21;0,0,0;;;;
???;11:04:59;14:18:22;0,0,0;;You make my skin crawl, you neo-nazi.;SIMEON;ARM1_DRAC
???;11:05:15;14:18:22;0,0,0;;;;
???;11:05:30;14:18:23;0,0,0;;;;
???;11:05:46;14:18:23;0,0,0;;;;
???;11:06:02;14:18:24;0,0,0;;Ah, you are all the same,;SIMEON;ARM1_DRAS
???;11:06:18;14:18:24;0,0,0;;;;
???;11:06:34;14:18:25;0,0,0;;;;
???;11:06:50;14:18:25;0,0,0;;you are disgusting.;SIMEON;ARM1_DRAT
???;11:07:05;14:18:26;0,0,0;;;;
???;11:07:13;14:18:27;0,0,0;;This racist insulted me.;Cutscene;Cutscene
???;11:07:13;14:18:27;0,0,0;;;;
???;11:07:13;14:18:28;0,0,0;;;;
???;11:07:13;14:18:28;0,0,0;;Ay, what's up, fool?;Cutscene;Cutscene
???;11:07:13;14:18:29;0,0,0;;;;
???;11:07:13;14:18:29;0,0,0;;;;
???;11:07:13;14:18:30;0,0,0;;Who you callin' a nigga?;Cutscene;Cutscene
???;11:07:13;14:18:30;0,0,0;;;;
???;11:07:13;14:18:31;0,0,0;;No, no, I'm not callin' nobody a nigga.;Cutscene;Cutscene
???;11:07:13;14:18:31;0,0,0;;;;
???;11:07:13;14:18:32;0,0,0;;;;
???;11:07:13;14:18:32;0,0,0;;;;
???;11:07:13;14:18:33;0,0,0;;Man, what the fuck?;Cutscene;Cutscene
???;11:07:13;14:18:33;0,0,0;;I... I... mean...;Cutscene;Cutscene
???;11:07:13;14:18:34;0,0,0;;;;
???;11:07:13;14:18:34;0,0,0;;;;
???;11:07:13;14:18:35;0,0,0;;N-word.;Cutscene;Cutscene
???;11:07:13;14:18:35;0,0,0;;I... I...;Cutscene;Cutscene
???;11:07:13;14:18:36;0,0,0;;;;
???;11:07:13;14:18:36;0,0,0;;That's not cool. Man, I don't say that.;Cutscene;Cutscene
???;11:07:13;14:18:37;0,0,0;;;;
???;11:07:13;14:18:37;0,0,0;;;;
???;11:07:13;14:18:38;0,0,0;;You're fuckin' right, and you'd better keep it right,;Cutscene;Cutscene
???;11:07:13;14:18:38;0,0,0;;;;
???;11:07:13;14:18:39;0,0,0;;;;
???;11:07:13;14:18:40;0,0,0;;;;
???;11:07:13;14:18:40;0,0,0;;'cause this man right here,;Cutscene;Cutscene
???;11:07:13;14:18:41;0,0,0;;;;
???;11:07:13;14:18:41;0,0,0;;he's an international businessman,;Cutscene;Cutscene
???;11:07:13;14:18:42;0,0,0;;;;
???;11:07:13;14:18:42;0,0,0;;;;
???;11:07:13;14:18:43;0,0,0;;a multiculturalist.;Cutscene;Cutscene
???;11:07:13;14:18:43;0,0,0;;;;
???;11:07:13;14:18:44;0,0,0;;;;
???;11:07:13;14:18:44;0,0,0;;That I could not have said better myself.;Cutscene;Cutscene
???;11:07:13;14:18:45;0,0,0;;;;
???;11:07:13;14:18:45;0,0,0;;;;
???;11:07:13;14:18:46;0,0,0;;;;
???;11:07:13;14:18:46;0,0,0;;;;
???;11:07:13;14:18:47;0,0,0;;;;
???;11:07:13;14:18:47;0,0,0;;;;
???;11:07:13;14:18:48;0,0,0;;But seriously,;Cutscene;Cutscene
???;11:07:13;14:18:48;0,0,0;;;;
???;11:07:13;14:18:49;0,0,0;;maybe he's not a racist,;Cutscene;Cutscene
???;11:07:13;14:18:49;0,0,0;;;;
???;11:07:13;14:18:50;0,0,0;;;;
???;11:07:13;14:18:50;0,0,0;;;;
???;11:07:13;14:18:51;0,0,0;;but I don't think that he is man enough for a car like this.;Cutscene;Cutscene
???;11:07:13;14:18:52;0,0,0;;;;
???;11:07:13;14:18:52;0,0,0;;;;
???;11:07:13;14:18:53;0,0,0;;;;
???;11:07:13;14:18:53;0,0,0;;;;
???;11:07:13;14:18:54;0,0,0;;;;
???;11:07:13;14:18:54;0,0,0;;;;
???;11:07:13;14:18:55;0,0,0;;;;
???;11:07:13;14:18:55;0,0,0;;W... wait a second.;Cutscene;Cutscene
???;11:07:13;14:18:56;0,0,0;;;;
???;11:07:13;14:18:56;0,0,0;;;;
???;11:07:13;14:18:57;0,0,0;;This guy right here?;Cutscene;Cutscene
???;11:07:13;14:18:57;0,0,0;;;;
???;11:07:13;14:19:32;0,0,0;;;;
???;11:07:13;14:19:33;0,0,0;;Him?;Cutscene;Cutscene
???;11:07:13;14:19:33;0,0,0;;;;
???;11:07:13;14:19:34;0,0,0;;;;
???;11:07:13;14:19:34;0,0,0;;Get him a hybrid.;Cutscene;Cutscene
???;11:07:13;14:19:35;0,0,0;;That's a real man's car.;Cutscene;Cutscene
???;11:07:13;14:19:35;0,0,0;;;;
???;11:07:13;14:19:36;0,0,0;;;;
???;11:07:13;14:19:36;0,0,0;;;;
???;11:07:13;14:19:37;0,0,0;;;;
???;11:07:13;14:19:37;0,0,0;;I think you are right, Lamar.;Cutscene;Cutscene
???;11:07:13;14:19:38;0,0,0;;;;
???;11:07:13;14:19:38;0,0,0;;;;
???;11:07:13;14:19:39;0,0,0;;You'll get a tax rebate.;Cutscene;Cutscene
???;11:07:13;14:19:39;0,0,0;;;;
???;11:07:13;14:19:40;0,0,0;;;;
???;11:07:13;14:19:40;0,0,0;;I understand, money is an issue, eh.;Cutscene;Cutscene
???;11:07:13;14:19:41;0,0,0;;;;
???;11:07:13;14:19:41;0,0,0;;;;
???;11:07:13;14:19:42;0,0,0;;;;
???;11:07:13;14:19:42;0,0,0;;;;
???;11:07:13;14:19:43;0,0,0;;Money isn't an issue.;Cutscene;Cutscene
???;11:07:13;14:19:43;0,0,0;;;;
???;11:07:13;14:19:44;0,0,0;;;;
???;11:07:13;14:19:44;0,0,0;;This is the best part,;Cutscene;Cutscene
???;11:07:13;14:19:45;0,0,0;;;;
???;11:07:13;14:19:46;0,0,0;;watch this when he reel him in,;Cutscene;Cutscene
???;11:07:13;14:19:46;0,0,0;;;;
???;11:07:13;14:19:47;0,0,0;;he gonna get all this fool's money.;Cutscene;Cutscene
???;11:07:13;14:19:47;0,0,0;;;;
???;11:07:13;14:19:48;0,0,0;;;;
???;11:07:13;14:19:48;0,0,0;;watch this.;Cutscene;Cutscene
???;11:07:13;14:19:49;0,0,0;;Look, man, I gotta go.;Cutscene;Cutscene
???;11:07:13;14:19:49;0,0,0;;;;
???;11:07:13;14:19:50;0,0,0;;;;
???;11:07:13;14:19:50;0,0,0;;;;
???;11:07:13;14:19:51;0,0,0;;Hey, Simeon,;Cutscene;Cutscene
???;11:07:13;14:19:51;0,0,0;;;;
???;11:07:13;14:19:52;0,0,0;;;;
???;11:07:13;14:19:52;0,0,0;;I'm out,;Cutscene;Cutscene
???;11:07:13;14:19:53;0,0,0;;;;
???;11:07:13;14:19:53;0,0,0;;I'll holla at you, homie.;Cutscene;Cutscene
???;11:07:13;14:19:54;0,0,0;;;;
???;11:07:13;14:19:54;0,0,0;;;;
???;11:07:13;14:19:55;0,0,0;;It's the best part, man.;Cutscene;Cutscene
???;11:07:13;14:19:55;0,0,0;;;;
???;11:07:15;14:19:56;0,0,0;;;;
???;11:07:30;14:19:56;0,0,0;;;;
???;11:07:46;14:19:57;0,0,0;;So, Jimmy, are you sure you are man enough? Take the wheel, show me.;SIMEON;ARM1_DWAA
???;11:08:01;14:19:57;0,0,0;;;;
???;11:08:17;14:19:58;0,0,0;;;;
???;11:08:33;14:19:58;0,0,0;;;;
???;11:08:48;14:19:59;0,0,0;;;;
???;11:09:04;14:20:00;0,0,0;;;;
???;11:09:19;14:20:00;0,0,0;;;;
???;11:09:35;14:20:01;0,0,0;;;;
???;11:09:50;14:20:01;0,0,0;;;;
???;11:10:06;14:20:02;0,0,0;;;;
???;11:10:21;14:20:02;0,0,0;;Uhh, sure, uhh, okay.;JIMMY;ARM1_DWAB
???;11:10:37;14:20:03;0,0,0;;;;
???;11:10:53;14:20:03;0,0,0;;;;
???;11:11:09;14:20:04;0,0,0;;;;
???;11:11:24;14:20:04;0,0,0;;;;
???;11:11:40;14:20:05;0,0,0;;;;
???;11:11:56;14:20:05;0,0,0;;How 'bout we fall through, homie?;LAMAR;ARM1_ANAA
???;11:12:12;14:20:06;0,0,0;;;;
???;11:12:27;14:20:06;0,0,0;;;;
???;11:12:43;14:20:07;0,0,0;;;;
???;11:12:58;14:20:07;0,0,0;;;;
???;11:13:14;14:20:08;0,0,0;;;;
???;11:13:29;14:20:08;0,0,0;;;;
???;11:13:45;14:20:09;0,0,0;;;;
???;11:14:00;14:20:09;0,0,0;;;;
???;11:14:16;14:20:10;0,0,0;;;;
???;11:14:31;14:20:10;0,0,0;;;;
???;11:14:47;14:20:11;0,0,0;;;;
???;11:14:49;14:20:13;0,0,0;;;;
???;11:15:05;14:20:13;0,0,0;;;;
???;11:15:20;14:20:14;0,0,0;;;;
???;11:15:36;14:20:14;0,0,0;;;;
???;11:15:51;14:20:15;0,0,0;;;;
???;11:16:07;14:20:15;0,0,0;;;;
???;11:16:23;14:20:16;0,0,0;;;;
???;11:16:38;14:20:16;0,0,0;;;;
???;11:16:53;14:20:17;0,0,0;;;;
???;11:17:09;14:20:17;0,0,0;;;;
???;11:17:24;14:20:18;0,0,0;;;;
???;11:17:40;14:20:18;0,0,0;;;;
???;11:17:56;14:20:19;0,0,0;;;;
???;11:18:11;14:20:19;0,0,0;;;;
???;11:18:27;14:20:20;0,0,0;;;;
???;11:18:42;14:20:20;0,0,0;;;;
???;11:18:58;14:20:21;0,0,0;;;;
???;11:19:14;14:20:21;0,0,0;;;;
???;11:19:29;14:20:22;0,0,0;;;;
???;11:19:45;14:20:23;0,0,0;;;;
???;11:20:00;14:20:23;0,0,0;;;;
???;11:20:16;14:20:24;0,0,0;;;;
???;11:20:32;14:20:24;0,0,0;;;;
???;11:20:47;14:20:25;0,0,0;;;;
???;11:21:03;14:20:25;0,0,0;;;;
???;11:21:18;14:20:26;0,0,0;;;;
???;11:21:34;14:20:26;0,0,0;;;;
???;11:21:49;14:20:27;0,0,0;;This chump change. How am I gonna knock a bad, grown and sexy bitch, if I don't got a fat pee-zocket?;LAMAR;ARM1_CCAA
???;11:22:05;14:20:27;0,0,0;;;;
???;11:22:20;14:20:28;0,0,0;;;;
???;11:22:36;14:20:28;0,0,0;;;;
???;11:22:51;14:20:29;0,0,0;;;;
???;11:23:07;14:20:29;0,0,0;;;;
???;11:23:22;14:20:30;0,0,0;;;;
???;11:23:38;14:20:30;0,0,0;;;;
???;11:23:53;14:20:31;0,0,0;;;;
???;11:24:09;14:20:31;0,0,0;;;;
???;11:24:25;14:20:32;0,0,0;;Who you trying to impress?;FRANKLIN;ARM1_CCAB
???;11:24:40;14:20:32;0,0,0;;;;
???;11:24:55;14:20:33;0,0,0;;;;
???;11:25:11;14:20:33;0,0,0;;Your auntie, Denise. With all that ass, nigga, she got ass.;LAMAR;ARM1_CCAC
???;11:25:26;14:20:34;0,0,0;;;;
???;11:25:42;14:20:34;0,0,0;;;;
???;11:25:57;14:20:35;0,0,0;;;;
???;11:26:13;14:20:35;0,0,0;;;;
???;11:26:29;14:20:36;0,0,0;;;;
???;11:26:44;14:20:36;0,0,0;;;;
???;11:27:00;14:20:37;0,0,0;;;;
???;11:27:15;14:20:38;0,0,0;;She grown, yeah. She grown into a fuckin' idiot.;FRANKLIN;ARM1_CCAD
???;11:27:31;14:20:38;0,0,0;;;;
???;11:27:46;14:20:39;0,0,0;;;;
???;11:28:02;14:20:39;0,0,0;;;;
???;11:28:18;14:20:40;0,0,0;;;;
???;11:28:33;14:20:40;0,0,0;;;;
???;11:28:49;14:20:41;0,0,0;;;;
???;11:29:04;14:20:41;0,0,0;;Nah, she's sexy.;LAMAR;ARM1_CCAE
???;11:29:20;14:20:42;0,0,0;;;;
???;11:29:35;14:20:42;0,0,0;;;;
???;11:29:51;14:20:43;0,0,0;;Sexy? She more like obsessed with sex, nigga.;FRANKLIN;ARM1_CCAF
???;11:30:06;14:20:43;0,0,0;;;;
???;11:30:22;14:20:44;0,0,0;;;;
???;11:30:37;14:20:44;0,0,0;;;;
???;11:30:53;14:20:45;0,0,0;;;;
???;11:31:08;14:20:45;0,0,0;;;;
???;11:31:24;14:20:46;0,0,0;;;;
???;11:31:40;14:20:46;0,0,0;;No, mad for the penis. That's exactly how I like my women.;LAMAR;ARM1_CCAG
???;11:31:55;14:20:47;0,0,0;;;;
???;11:32:11;14:20:47;0,0,0;;;;
???;11:32:26;14:20:48;0,0,0;;;;
???;11:32:42;14:20:48;0,0,0;;;;
???;11:32:58;14:20:49;0,0,0;;;;
???;11:33:13;14:20:49;0,0,0;;;;
???;11:33:29;14:20:50;0,0,0;;;;
???;11:33:44;14:20:50;0,0,0;;;;
???;11:34:00;14:20:51;0,0,0;;;;
???;11:34:15;14:20:52;0,0,0;;;;
???;11:34:31;14:20:52;0,0,0;;;;
???;11:34:46;14:20:53;0,0,0;;;;
???;11:35:02;14:20:53;0,0,0;;;;
???;11:35:17;14:20:54;0,0,0;;;;
???;11:35:33;14:20:54;0,0,0;;;;
???;11:35:49;14:20:55;0,0,0;;;;
???;11:36:04;14:20:55;0,0,0;;;;
???;11:36:20;14:20:56;0,0,0;;;;
???;11:36:35;14:20:56;0,0,0;;;;
???;11:36:51;14:20:57;0,0,0;;;;
???;11:37:06;14:20:57;0,0,0;;;;
???;11:37:22;14:20:58;0,0,0;;;;
???;11:37:37;14:20:58;0,0,0;;;;
???;11:37:53;14:20:59;0,0,0;;;;
???;11:38:08;14:20:59;0,0,0;;;;
???;11:38:24;14:21:00;0,0,0;;;;
???;11:38:39;14:21:00;0,0,0;;;;
???;11:38:55;14:21:01;0,0,0;;;;
???;11:39:10;14:21:01;0,0,0;;;;
???;11:39:25;14:21:02;0,0,0;;;;
???;11:39:41;14:21:02;0,0,0;;;;
???;11:39:57;14:21:03;0,0,0;;;;
???;11:40:12;14:21:03;0,0,0;;;;
???;11:40:28;14:21:04;0,0,0;;;;
???;11:40:43;14:21:04;0,0,0;;;;
???;11:40:59;14:21:05;0,0,0;;;;
???;11:41:14;14:21:06;0,0,0;;;;
???;11:41:30;14:21:06;0,0,0;;;;
???;11:41:45;14:21:07;0,0,0;;;;
???;11:42:01;14:21:07;0,0,0;;;;
???;11:42:17;14:21:08;0,0,0;;;;
???;11:42:32;14:21:08;0,0,0;;;;
???;11:42:48;14:21:09;0,0,0;;;;
???;11:43:04;14:21:09;0,0,0;;;;
???;11:43:19;14:21:10;0,0,0;;;;
???;11:43:34;14:21:10;0,0,0;;;;
???;11:43:50;14:21:11;0,0,0;;;;
???;11:44:05;14:21:11;0,0,0;;;;
???;11:44:21;14:21:12;0,0,0;;;;
???;11:44:36;14:21:12;0,0,0;;;;
???;11:44:52;14:21:13;0,0,0;;;;
???;11:45:08;14:21:13;0,0,0;;;;
???;11:45:23;14:21:14;0,0,0;;;;
???;11:45:38;14:21:14;0,0,0;;;;
???;11:45:54;14:21:15;0,0,0;;;;
???;11:46:09;14:21:15;0,0,0;;;;
???;11:46:25;14:21:16;0,0,0;;;;
???;11:46:41;14:21:16;0,0,0;;;;
???;11:46:56;14:21:17;0,0,0;;;;
???;11:47:12;14:21:17;0,0,0;;;;
???;11:47:27;14:21:18;0,0,0;;;;
???;11:47:43;14:21:18;0,0,0;;;;
???;11:47:59;14:21:19;0,0,0;;;;
???;11:48:15;14:21:20;0,0,0;;;;
???;11:48:30;14:21:20;0,0,0;;;;
???;11:48:46;14:21:21;0,0,0;;;;
???;11:49:01;14:21:21;0,0,0;;;;
???;11:49:17;14:21:22;0,0,0;;;;
???;11:49:32;14:21:22;0,0,0;;;;
???;11:49:48;14:21:23;0,0,0;;;;
???;11:50:03;14:21:23;0,0,0;;;;
???;11:50:19;14:21:24;0,0,0;;;;
???;11:50:34;14:21:24;0,0,0;;;;
???;11:50:50;14:21:25;0,0,0;;;;
???;11:51:05;14:21:25;0,0,0;;;;
???;11:51:21;14:21:26;0,0,0;;;;
???;11:51:36;14:21:26;0,0,0;;;;
???;11:51:52;14:21:27;0,0,0;;;;
???;11:52:07;14:21:27;0,0,0;;;;
???;11:52:23;14:21:28;0,0,0;;;;
???;11:52:38;14:21:28;0,0,0;;;;
???;11:52:54;14:21:29;0,0,0;;;;
???;11:53:09;14:21:29;0,0,0;;;;
???;11:53:25;14:21:30;0,0,0;;;;
???;11:53:40;14:21:30;0,0,0;;;;
???;11:53:56;14:21:31;0,0,0;;;;
???;11:54:12;14:21:31;0,0,0;;;;
???;11:54:27;14:21:32;0,0,0;;;;
???;11:54:43;14:21:32;0,0,0;;;;
???;11:54:58;14:21:33;0,0,0;;;;
???;11:55:14;14:21:33;0,0,0;;;;
???;11:55:29;14:21:34;0,0,0;;;;
???;11:55:45;14:21:35;0,0,0;;;;
???;11:56:00;14:21:35;0,0,0;;;;
???;11:56:16;14:21:36;0,0,0;;;;
???;11:56:31;14:21:36;0,0,0;;;;
???;11:56:47;14:21:37;0,0,0;;;;
???;11:57:03;14:21:37;0,0,0;;;;
???;11:57:18;14:21:38;0,0,0;;;;
???;11:57:34;14:21:38;0,0,0;;;;
???;11:57:49;14:21:39;0,0,0;;;;
???;11:58:05;14:21:39;0,0,0;;;;
???;11:58:20;14:21:40;0,0,0;;;;
???;11:58:36;14:21:40;0,0,0;;;;
???;11:58:52;14:21:41;0,0,0;;;;
???;11:59:07;14:21:41;0,0,0;;;;
???;11:59:23;14:21:42;0,0,0;;;;
???;11:59:38;14:21:42;0,0,0;;;;
???;11:59:54;14:21:43;0,0,0;;;;
???;12:00:09;14:21:43;0,0,0;;;;
???;12:00:25;14:21:44;0,0,0;;;;
???;12:00:40;14:21:44;0,0,0;;;;
???;12:00:56;14:21:45;0,0,0;;;;
???;12:01:11;14:21:45;0,0,0;;;;
???;12:01:27;14:21:46;0,0,0;;;;
???;12:01:43;14:21:46;0,0,0;;;;
???;12:01:58;14:21:47;0,0,0;;;;
???;12:02:14;14:21:47;0,0,0;;;;
???;12:02:29;14:21:48;0,0,0;;;;
???;12:02:45;14:21:49;0,0,0;;;;
???;12:03:00;14:21:49;0,0,0;;;;
???;12:03:16;14:21:50;0,0,0;;;;
???;12:03:31;14:21:50;0,0,0;;;;
???;12:03:47;14:21:51;0,0,0;;;;
???;12:04:02;14:21:51;0,0,0;;;;
???;12:04:18;14:21:52;0,0,0;;;;
???;12:04:33;14:21:52;0,0,0;;;;
???;12:04:48;14:21:53;0,0,0;;;;
???;12:05:04;14:21:53;0,0,0;;;;
???;12:05:20;14:21:54;0,0,0;;;;
???;12:05:35;14:21:54;0,0,0;;;;
???;12:05:51;14:21:55;0,0,0;;;;
???;12:06:06;14:21:55;0,0,0;;;;
???;12:06:22;14:21:56;0,0,0;;;;
???;12:06:37;14:21:56;0,0,0;;;;
???;12:06:53;14:21:57;0,0,0;;;;
???;12:07:08;14:21:57;0,0,0;;;;
???;12:07:24;14:21:58;0,0,0;;;;
???;12:07:39;14:21:58;0,0,0;;;;
???;12:07:55;14:21:59;0,0,0;;;;
???;12:08:10;14:21:59;0,0,0;;;;
???;12:08:26;14:22:00;0,0,0;;;;
???;12:08:42;14:22:00;0,0,0;;;;
???;12:08:57;14:22:01;0,0,0;;;;
???;12:09:13;14:22:01;0,0,0;;;;
???;12:09:28;14:22:02;0,0,0;;;;
???;12:09:44;14:22:02;0,0,0;;;;
???;12:09:59;14:22:03;0,0,0;;;;
???;12:10:15;14:22:04;0,0,0;;;;
???;12:10:30;14:22:04;0,0,0;;;;
???;12:10:46;14:22:05;0,0,0;;;;
???;12:11:01;14:22:05;0,0,0;;;;
???;12:11:17;14:22:06;0,0,0;;;;
???;12:11:32;14:22:06;0,0,0;;;;
???;12:11:48;14:22:07;0,0,0;;;;
???;12:12:03;14:22:07;0,0,0;;;;
???;12:12:19;14:22:08;0,0,0;;;;
???;12:12:34;14:22:08;0,0,0;;;;
???;12:12:50;14:22:09;0,0,0;;;;
???;12:13:05;14:22:09;0,0,0;;;;
???;12:13:21;14:22:10;0,0,0;;;;
???;12:13:36;14:22:10;0,0,0;;;;
???;12:13:52;14:22:11;0,0,0;;;;
???;12:14:07;14:22:11;0,0,0;;;;
???;12:14:23;14:22:12;0,0,0;;;;
???;12:14:38;14:22:12;0,0,0;;;;
???;12:14:54;14:22:13;0,0,0;;;;
???;12:15:09;14:22:13;0,0,0;;;;
???;12:15:25;14:22:14;0,0,0;;;;
???;12:15:40;14:22:14;0,0,0;;;;
???;12:15:56;14:22:15;0,0,0;;;;
???;12:16:11;14:22:15;0,0,0;;;;
???;12:16:27;14:22:16;0,0,0;;;;
???;12:16:42;14:22:16;0,0,0;;;;
???;12:16:58;14:22:17;0,0,0;;;;
???;12:17:13;14:22:17;0,0,0;;;;
???;12:17:29;14:22:18;0,0,0;;;;
???;12:17:44;14:22:19;0,0,0;;;;
???;12:18:00;14:22:19;0,0,0;;;;
???;12:18:15;14:22:20;0,0,0;;;;
???;12:18:30;14:22:20;0,0,0;;;;
???;12:18:46;14:22:21;0,0,0;;;;
???;12:19:01;14:22:21;0,0,0;;;;
???;12:19:17;14:22:22;0,0,0;;;;
???;12:19:32;14:22:22;0,0,0;;;;
???;12:19:48;14:22:23;0,0,0;;;;
???;12:20:04;14:22:23;0,0,0;;;;
???;12:20:19;14:22:24;0,0,0;;;;
???;12:20:35;14:22:24;0,0,0;;;;
???;12:20:50;14:22:25;0,0,0;;;;
???;12:21:06;14:22:25;0,0,0;;;;
???;12:21:21;14:22:26;0,0,0;;;;
???;12:21:37;14:22:26;0,0,0;;;;
???;12:21:52;14:22:27;0,0,0;;;;
???;12:22:08;14:22:27;0,0,0;;;;
???;12:22:23;14:22:28;0,0,0;;;;
???;12:22:39;14:22:28;0,0,0;;;;
???;12:22:54;14:22:29;0,0,0;;;;
???;12:23:10;14:22:29;0,0,0;;;;
???;12:23:25;14:22:30;0,0,0;;;;
???;12:23:41;14:22:30;0,0,0;;;;
???;12:23:56;14:22:31;0,0,0;;;;
???;12:24:12;14:22:31;0,0,0;;;;
???;12:24:27;14:22:32;0,0,0;;;;
???;12:24:43;14:22:32;0,0,0;;;;
???;12:24:59;14:22:33;0,0,0;;;;
???;12:25:14;14:22:33;0,0,0;;;;
???;12:25:30;14:22:34;0,0,0;;;;
???;12:25:45;14:22:35;0,0,0;;;;
???;12:26:01;14:22:35;0,0,0;;;;
???;12:26:16;14:22:36;0,0,0;;;;
???;12:26:31;14:22:36;0,0,0;;;;
???;12:26:47;14:22:37;0,0,0;;;;
???;12:27:03;14:22:37;0,0,0;;;;
???;12:27:18;14:22:38;0,0,0;;;;
???;12:27:33;14:22:38;0,0,0;;;;
???;12:27:49;14:22:39;0,0,0;;;;
???;12:28:04;14:22:39;0,0,0;;;;
???;12:28:20;14:22:40;0,0,0;;;;
???;12:28:35;14:22:40;0,0,0;;;;
???;12:28:51;14:22:41;0,0,0;;;;
???;12:29:07;14:22:41;0,0,0;;;;
???;12:29:22;14:22:42;0,0,0;;;;
???;12:29:38;14:22:42;0,0,0;;;;
???;12:29:53;14:22:43;0,0,0;;;;
???;12:30:09;14:22:43;0,0,0;;;;
???;12:30:24;14:22:44;0,0,0;;;;
???;12:30:40;14:22:44;0,0,0;;;;
???;12:30:55;14:22:45;0,0,0;;;;
???;12:31:11;14:22:45;0,0,0;;;;
???;12:31:26;14:22:46;0,0,0;;;;
???;12:31:41;14:22:46;0,0,0;;;;
???;12:31:57;14:22:47;0,0,0;;;;
???;12:32:12;14:22:47;0,0,0;;;;
???;12:32:28;14:22:48;0,0,0;;;;
???;12:32:43;14:22:48;0,0,0;;;;
???;12:32:59;14:22:49;0,0,0;;;;
???;12:33:14;14:22:50;0,0,0;;;;
???;12:33:30;14:22:50;0,0,0;;;;
???;12:33:45;14:22:51;0,0,0;;;;
???;12:34:01;14:22:51;0,0,0;;;;
???;12:34:16;14:22:52;0,0,0;;;;
???;12:34:32;14:22:52;0,0,0;;;;
???;12:34:47;14:22:53;0,0,0;;;;
???;12:35:03;14:22:53;0,0,0;;;;
???;12:35:18;14:22:54;0,0,0;;;;
???;12:35:34;14:22:54;0,0,0;;;;
???;12:35:49;14:22:55;0,0,0;;;;
???;12:36:05;14:22:55;0,0,0;;;;
???;12:36:20;14:22:56;0,0,0;;;;
???;12:36:36;14:22:56;0,0,0;;;;
???;12:36:51;14:22:57;0,0,0;;;;
???;12:37:07;14:22:57;0,0,0;;;;
???;12:37:22;14:22:58;0,0,0;;;;
???;12:37:38;14:22:58;0,0,0;;;;
???;12:37:54;14:22:59;0,0,0;;;;
???;12:38:09;14:22:59;0,0,0;;;;
???;12:38:24;14:23:00;0,0,0;;;;
???;12:38:40;14:23:00;0,0,0;;;;
???;12:38:55;14:23:01;0,0,0;;;;
???;12:39:11;14:23:01;0,0,0;;;;
???;12:39:27;14:23:02;0,0,0;;;;
???;12:39:42;14:23:02;0,0,0;;;;
???;12:39:58;14:23:03;0,0,0;;;;
???;12:40:13;14:23:03;0,0,0;;;;
???;12:40:29;14:23:04;0,0,0;;;;
???;12:40:44;14:23:04;0,0,0;;;;
???;12:41:00;14:23:05;0,0,0;;;;
???;12:41:15;14:23:06;0,0,0;;;;
???;12:41:31;14:23:06;0,0,0;;;;
???;12:41:46;14:23:07;0,0,0;;;;
???;12:42:02;14:23:07;0,0,0;;;;
???;12:42:18;14:23:08;0,0,0;;;;
???;12:42:33;14:23:08;0,0,0;;;;
???;12:42:49;14:23:09;0,0,0;;;;
???;12:43:04;14:23:09;0,0,0;;;;
???;12:43:20;14:23:10;0,0,0;;;;
???;12:43:35;14:23:10;0,0,0;;;;
???;12:43:51;14:23:11;0,0,0;;;;
???;12:44:06;14:23:11;0,0,0;;;;
???;12:44:22;14:23:12;0,0,0;;;;
???;12:44:37;14:23:12;0,0,0;;;;
???;12:44:52;14:23:13;0,0,0;;;;
???;12:45:08;14:23:13;0,0,0;;;;
???;12:45:23;14:23:14;0,0,0;;;;
???;12:45:39;14:23:14;0,0,0;;;;
???;12:45:54;14:23:15;0,0,0;;;;
???;12:46:10;14:23:15;0,0,0;;;;
???;12:46:26;14:23:16;0,0,0;;;;
???;12:46:42;14:23:16;0,0,0;;;;
???;12:46:57;14:23:17;0,0,0;;Man, shit, it's good to be home.;FRANKLIN;ARM1_AAAA
???;12:47:12;14:23:17;0,0,0;;;;
???;12:47:28;14:23:18;0,0,0;;;;
???;12:47:44;14:23:18;0,0,0;;;;
???;12:47:59;14:23:19;0,0,0;;;;
???;12:48:15;14:23:20;0,0,0;;;;
???;12:48:30;14:23:20;0,0,0;;;;
???;12:48:46;14:23:21;0,0,0;;;;
???;12:49:01;14:23:21;0,0,0;;;;
???;12:49:17;14:23:22;0,0,0;;;;
???;12:49:32;14:23:22;0,0,0;;;;
???;12:49:48;14:23:23;0,0,0;;;;
???;12:50:04;14:23:23;0,0,0;;;;
???;12:50:19;14:23:24;0,0,0;;;;
???;12:50:35;14:23:24;0,0,0;;;;
???;12:50:50;14:23:25;0,0,0;;;;
???;12:51:05;14:23:25;0,0,0;;;;
???;12:51:21;14:23:26;0,0,0;;;;
???;12:51:37;14:23:26;0,0,0;;;;
???;12:51:52;14:23:27;0,0,0;;;;
???;12:52:08;14:23:27;0,0,0;;;;
???;12:52:20;14:23:28;0,0,0;;;;
???;12:52:20;14:23:28;0,0,0;;;;
???;12:52:20;14:23:29;0,0,0;;Wassup, can a loc come up in your crib?;Cutscene;Cutscene
???;12:52:20;14:23:29;0,0,0;;;;
???;12:52:20;14:23:30;0,0,0;;;;
???;12:52:20;14:23:30;0,0,0;;;;
???;12:52:20;14:23:31;0,0,0;;Man, fuck you.;Cutscene;Cutscene
???;12:52:20;14:23:31;0,0,0;;;;
???;12:52:20;14:23:32;0,0,0;;I'll see you at work.;Cutscene;Cutscene
???;12:52:20;14:23:32;0,0,0;;;;
???;12:52:20;14:23:33;0,0,0;;Ah, nigga, don't hate me 'cause I'm beautiful, nigga.;Cutscene;Cutscene
???;12:52:20;14:23:34;0,0,0;;;;
???;12:52:20;14:23:34;0,0,0;;;;
???;12:52:20;14:23:35;0,0,0;;;;
???;12:52:20;14:23:35;0,0,0;;Maybe if you got rid of that old yee-yee ass haircut you got;Cutscene;Cutscene
???;12:52:20;14:23:36;0,0,0;;;;
???;12:52:20;14:23:36;0,0,0;;;;
???;12:52:20;14:23:37;0,0,0;;;;
???;12:52:20;14:23:37;0,0,0;;;;
???;12:52:20;14:23:38;0,0,0;;you'd get some bitches on your dick.;Cutscene;Cutscene
???;12:52:20;14:23:38;0,0,0;;;;
???;12:52:20;14:23:39;0,0,0;;;;
???;12:52:20;14:23:39;0,0,0;;Oh, better yet,;Cutscene;Cutscene
???;12:52:20;14:23:40;0,0,0;;;;
???;12:52:20;14:23:40;0,0,0;;maybe Tanisha'll call your dog-ass;Cutscene;Cutscene
???;12:52:20;14:23:41;0,0,0;;;;
???;12:52:20;14:23:41;0,0,0;;;;
???;12:52:20;14:23:42;0,0,0;;;;
???;12:52:20;14:23:42;0,0,0;;if she ever stop fucking with that brain surgeon;Cutscene;Cutscene
???;12:52:20;14:23:43;0,0,0;;;;
???;12:52:20;14:23:43;0,0,0;;;;
???;12:52:20;14:23:44;0,0,0;;;;
???;12:52:20;14:23:44;0,0,0;;or lawyer she fucking with.;Cutscene;Cutscene
???;12:52:20;14:23:45;0,0,0;;;;
???;12:52:20;14:23:45;0,0,0;;;;
???;12:52:20;14:23:46;0,0,0;;Nigga...;Cutscene;Cutscene
???;12:52:20;14:23:47;0,0,0;;;;
???;12:52:20;14:23:47;0,0,0;;;;
???;12:52:20;14:23:48;0,0,0;;;;
???;12:52:20;14:23:48;0,0,0;;;;
???;12:52:20;14:23:49;0,0,0;;What?!;Cutscene;Cutscene
???;12:52:20;14:23:49;0,0,0;;;;
???;12:52:20;14:23:50;0,0,0;;;;
???;12:52:20;14:23:50;0,0,0;;;;
???;12:52:20;14:23:51;0,0,0;;;;
???;12:52:20;14:23:51;0,0,0;;;;
???;12:52:20;14:23:52;0,0,0;;;;
???;12:52:20;14:23:52;0,0,0;;;;
???;12:52:20;14:23:53;0,0,0;;Hmph, motherfucker.;Cutscene;Cutscene
???;12:52:20;14:23:53;0,0,0;;;;
???;12:52:20;14:23:54;0,0,0;;;;
???;12:52:20;14:23:54;0,0,0;;Woo, honey.;Cutscene;Cutscene
???;12:52:20;14:23:55;0,0,0;;;;
???;12:52:20;14:23:55;0,0,0;;;;
???;12:52:20;14:23:56;0,0,0;;;;
???;12:52:20;14:23:56;0,0,0;;Y'all telling me.;Cutscene;Cutscene
???;12:52:20;14:23:57;0,0,0;;;;
???;12:52:20;14:23:57;0,0,0;;;;
???;12:52:20;14:23:58;0,0,0;;Oh, he here.;Cutscene;Cutscene
???;12:52:20;14:23:58;0,0,0;;;;
???;12:52:20;14:23:59;0,0,0;;We living on top of each other and it ain't right.;Cutscene;Cutscene
???;12:52:20;14:24:00;0,0,0;;;;
???;12:52:20;14:24:00;0,0,0;;;;
???;12:52:20;14:24:01;0,0,0;;;;
???;12:52:20;14:24:01;0,0,0;;;;
???;12:52:20;14:24:02;0,0,0;;;;
???;12:52:20;14:24:02;0,0,0;;;;
???;12:52:20;14:24:03;0,0,0;;Shoo, shoo!;Cutscene;Cutscene
???;12:52:20;14:24:03;0,0,0;;;;
???;12:52:20;14:24:04;0,0,0;;Get on out of here.;Cutscene;Cutscene
???;12:52:20;14:24:04;0,0,0;;;;
???;12:52:20;14:24:05;0,0,0;;;;
???;12:52:20;14:24:05;0,0,0;;;;
???;12:52:20;14:24:06;0,0,0;;Okay baby, I'll see you at that thing, you hear?;Cutscene;Cutscene
???;12:52:20;14:24:06;0,0,0;;;;
???;12:52:20;14:24:07;0,0,0;;;;
???;12:52:20;14:24:07;0,0,0;;;;
???;12:52:20;14:24:08;0,0,0;;;;
???;12:52:20;14:24:08;0,0,0;;;;
???;12:52:20;14:24:09;0,0,0;;;;
???;12:52:20;14:24:10;0,0,0;;I was on the phone boy, don't be listening!;Cutscene;Cutscene
???;12:52:20;14:24:11;0,0,0;;;;
???;12:52:20;14:24:11;0,0,0;;;;
???;12:52:20;14:24:12;0,0,0;;;;
???;12:52:20;14:24:12;0,0,0;;;;
???;12:52:20;14:24:13;0,0,0;;Goddamn freeloader!;Cutscene;Cutscene
???;12:52:20;14:24:13;0,0,0;;;;
???;12:52:20;14:24:14;0,0,0;;;;
???;12:52:20;14:24:14;0,0,0;;;;
???;12:52:20;14:24:15;0,0,0;;;;
???;12:52:20;14:24:16;0,0,0;;;;
???;12:52:20;14:24:16;0,0,0;;;;
???;12:52:20;14:24:17;0,0,0;;;;
???;12:52:20;14:24:17;0,0,0;;;;
???;12:52:20;14:24:18;0,0,0;;;;
???;12:52:20;14:24:18;0,0,0;;;;
???;12:52:20;14:24:19;0,0,0;;;;
???;12:52:20;14:24:19;0,0,0;;;;
???;12:52:20;14:24:20;0,0,0;;;;
???;12:52:20;14:24:20;0,0,0;;;;
???;12:52:20;14:24:21;0,0,0;;;;
???;12:52:20;14:24:21;0,0,0;;;;
???;12:52:20;14:24:22;0,0,0;;;;
???;12:52:20;14:24:22;0,0,0;;;;
???;12:52:20;14:24:23;0,0,0;;;;
???;12:52:20;14:24:23;0,0,0;;;;
???;12:52:20;14:24:24;0,0,0;;;;
???;12:52:20;14:24:24;0,0,0;;;;
???;12:52:20;14:24:25;0,0,0;;;;
???;12:52:20;14:24:25;0,0,0;;;;
???;12:52:20;14:24:26;0,0,0;;;;
???;12:52:20;14:24:26;0,0,0;;;;
???;12:52:20;14:24:27;0,0,0;;;;
???;12:52:20;14:24:27;0,0,0;;;;
???;12:52:20;14:24:28;0,0,0;;;;
???;12:52:20;14:24:28;0,0,0;;;;
???;12:52:20;14:24:29;0,0,0;;;;
???;12:52:20;14:24:30;0,0,0;;;;
???;12:52:20;14:24:30;0,0,0;;;;
???;12:52:20;14:24:31;0,0,0;;;;
???;12:52:20;14:24:31;0,0,0;;;;
???;12:52:20;14:24:32;0,0,0;;;;
???;12:52:20;14:24:32;0,0,0;;;;
???;12:52:20;14:24:33;0,0,0;;;;
???;12:52:20;14:24:33;0,0,0;;;;
???;12:52:20;14:24:34;0,0,0;;;;
???;12:52:20;14:24:34;0,0,0;;;;
???;12:52:20;14:24:35;0,0,0;;;;
???;12:52:20;14:24:35;0,0,0;;;;
???;12:52:20;14:24:36;0,0,0;;;;
???;12:52:20;14:24:36;0,0,0;;;;
???;12:52:20;14:24:37;0,0,0;;;;
???;12:52:20;14:24:37;0,0,0;;;;
???;12:52:20;14:24:38;0,0,0;;;;
???;12:52:20;14:24:38;0,0,0;;;;
???;12:52:20;14:24:39;0,0,0;;;;
???;12:52:20;14:24:39;0,0,0;;;;
???;12:52:20;14:24:40;0,0,0;;;;
???;12:52:34;14:24:40;0,0,0;;;;
???;12:52:49;14:24:41;0,0,0;;;;
???;12:53:05;14:24:41;0,0,0;;;;
???;12:53:21;14:24:42;0,0,0;;;;
???;12:53:37;14:24:42;0,0,0;;;;
???;12:53:52;14:24:43;0,0,0;;;;
???;12:54:08;14:24:44;0,0,0;;;;
???;12:54:24;14:24:44;0,0,0;;;;
???;12:54:39;14:24:45;0,0,0;;;;
???;12:54:55;14:24:45;0,0,0;;;;
???;12:55:10;14:24:46;0,0,0;;;;
???;12:55:26;14:24:46;0,0,0;;;;
???;12:55:42;14:24:47;0,0,0;;;;
???;12:55:57;14:24:47;0,0,0;;;;
???;12:56:13;14:24:48;0,0,0;;;;
???;12:56:29;14:24:48;0,0,0;;;;
???;12:56:44;14:24:49;0,0,0;;;;
???;12:57:00;14:24:49;0,0,0;;;;
???;12:57:15;14:24:50;0,0,0;;;;
???;12:57:31;14:24:50;0,0,0;;;;
???;12:57:47;14:24:51;0,0,0;;;;
???;12:58:02;14:24:51;0,0,0;;;;
???;12:58:18;14:24:52;0,0,0;;;;
???;12:58:33;14:24:52;0,0,0;;;;
???;12:58:49;14:24:53;0,0,0;;;;
???;12:59:04;14:24:53;0,0,0;;;;
???;12:59:20;14:24:54;0,0,0;;;;
???;12:59:36;14:24:54;0,0,0;;;;
???;12:59:51;14:24:55;0,0,0;;;;
???;13:00:07;14:24:55;0,0,0;;;;
???;13:00:23;14:24:56;0,0,0;;;;
???;13:00:38;14:24:57;0,0,0;;;;
???;13:00:54;14:24:57;0,0,0;;;;
???;13:01:09;14:24:58;0,0,0;;;;
???;13:01:25;14:24:58;0,0,0;;;;
???;13:01:41;14:24:59;0,0,0;;;;
???;13:01:56;14:24:59;0,0,0;;Why you got to make all that racket?!;DENISE;FMF_AHAA
???;13:02:12;14:25:00;0,0,0;;;;
???;13:02:27;14:25:00;0,0,0;;;;
???;13:02:43;14:25:01;0,0,0;;;;
???;13:02:58;14:25:01;0,0,0;;;;
???;13:03:14;14:25:02;0,0,0;;;;
???;13:03:29;14:25:02;0,0,0;;;;
???;13:03:45;14:25:03;0,0,0;;;;
???;13:04:01;14:25:03;0,0,0;;;;
???;13:04:16;14:25:04;0,0,0;;;;
???;13:04:32;14:25:04;0,0,0;;;;
???;13:04:47;14:25:05;0,0,0;;;;
???;13:05:03;14:25:05;0,0,0;;;;
???;13:05:19;14:25:06;0,0,0;;;;
???;13:05:34;14:25:06;0,0,0;;;;
???;13:05:50;14:25:07;0,0,0;;;;
???;13:06:05;14:25:07;0,0,0;;;;
???;13:06:21;14:25:08;0,0,0;;;;
???;13:06:37;14:25:08;0,0,0;;;;
???;13:06:52;14:25:09;0,0,0;;;;
???;13:07:08;14:25:10;0,0,0;;;;
???;13:07:24;14:25:10;0,0,0;;;;
???;13:07:39;14:25:11;0,0,0;;;;
???;13:07:55;14:25:11;0,0,0;;;;
???;13:08:11;14:25:12;0,0,0;;;;
???;13:08:26;14:25:12;0,0,0;;;;
???;13:08:41;14:25:13;0,0,0;;;;
???;13:08:57;14:25:13;0,0,0;;;;
???;13:09:12;14:25:14;0,0,0;;;;
???;13:09:28;14:25:14;0,0,0;;;;
???;13:09:44;14:25:15;0,0,0;;;;
???;13:10:00;14:25:15;0,0,0;;;;
???;13:10:15;14:25:16;0,0,0;;;;
???;13:10:31;14:25:16;0,0,0;;;;
???;13:10:47;14:25:17;0,0,0;;;;
???;13:11:02;14:25:17;0,0,0;;What's up, fool?;LAMAR;CHATC_AAAA
???;13:11:18;14:25:18;0,0,0;;;;
???;13:11:33;14:25:18;0,0,0;;What's up is we nothing but errand boys for fraudsters, dog. When we gonna get shit going?;FRANKLIN;CHATC_AAAB
???;13:11:49;14:25:19;0,0,0;;;;
???;13:12:05;14:25:19;0,0,0;;;;
???;13:12:20;14:25:20;0,0,0;;;;
???;13:12:36;14:25:20;0,0,0;;;;
???;13:12:51;14:25:21;0,0,0;;;;
???;13:13:07;14:25:22;0,0,0;;;;
???;13:13:23;14:25:22;0,0,0;;;;
???;13:13:38;14:25:23;0,0,0;;;;
???;13:13:54;14:25:23;0,0,0;;;;
???;13:14:10;14:25:24;0,0,0;;;;
???;13:14:25;14:25:24;0,0,0;;Oh, he don't want to be a gangster, he wants to be a gangster... He wanna go legit or he don't wanna go legit,;LAMAR;CHATC_AAAC
???;13:14:41;14:25:25;0,0,0;;;;
???;13:14:56;14:25:25;0,0,0;;;;
???;13:15:12;14:25:26;0,0,0;;;;
???;13:15:28;14:25:26;0,0,0;;;;
???;13:15:43;14:25:27;0,0,0;;;;
???;13:15:59;14:25:27;0,0,0;;;;
???;13:16:14;14:25:28;0,0,0;;;;
???;13:16:30;14:25:28;0,0,0;;;;
???;13:16:45;14:25:29;0,0,0;;nigga, make up your mind!;LAMAR;CHATC_AAAD
???;13:17:00;14:25:29;0,0,0;;;;
???;13:17:16;14:25:30;0,0,0;;;;
???;13:17:31;14:25:30;0,0,0;;I just wanna get somewhere, dog, that's all. Somewhere, not nowhere,;FRANKLIN;CHATC_AAAE
???;13:17:47;14:25:31;0,0,0;;;;
???;13:18:03;14:25:31;0,0,0;;;;
???;13:18:18;14:25:32;0,0,0;;;;
???;13:18:34;14:25:32;0,0,0;;;;
???;13:18:49;14:25:33;0,0,0;;;;
???;13:19:05;14:25:33;0,0,0;;;;
???;13:19:21;14:25:34;0,0,0;;;;
???;13:19:36;14:25:34;0,0,0;;;;
???;13:19:52;14:25:35;0,0,0;;;;
???;13:20:07;14:25:36;0,0,0;;like now. Man, I'll see you later, homie.;FRANKLIN;CHATC_AAAF
???;13:20:23;14:25:36;0,0,0;;;;
???;13:20:38;14:25:37;0,0,0;;;;
???;13:20:54;14:25:37;0,0,0;;;;
???;13:21:10;14:25:38;0,0,0;;;;
???;13:21:25;14:25:38;0,0,0;;;;
???;13:21:41;14:25:39;0,0,0;;;;
???;13:21:56;14:25:39;0,0,0;;;;
???;13:22:12;14:25:40;0,0,0;;;;
???;13:22:27;14:25:40;0,0,0;;;;
???;13:22:43;14:25:41;0,0,0;;;;
???;13:22:59;14:25:41;0,0,0;;;;
???;13:23:14;14:25:42;0,0,0;;;;
???;13:23:30;14:25:42;0,0,0;;;;
???;13:23:45;14:25:43;0,0,0;;;;
???;13:24:01;14:25:43;0,0,0;;;;
???;13:24:17;14:25:44;0,0,0;;;;
???;13:24:32;14:25:44;0,0,0;;;;
???;13:24:48;14:25:45;0,0,0;;;;
???;13:25:04;14:25:45;0,0,0;;;;
???;13:25:19;14:25:46;0,0,0;;;;
???;13:25:35;14:25:46;0,0,0;;;;
???;13:25:51;14:25:47;0,0,0;;;;
???;13:26:06;14:25:47;0,0,0;;;;
???;13:26:22;14:25:48;0,0,0;;;;
???;13:26:38;14:25:49;0,0,0;;;;
???;13:26:53;14:25:49;0,0,0;;;;
???;13:27:09;14:25:50;0,0,0;;;;
???;13:27:24;14:25:50;0,0,0;;;;
???;13:27:40;14:25:51;0,0,0;;;;
???;13:27:56;14:25:51;0,0,0;;;;
???;13:28:12;14:25:52;0,0,0;;;;
???;13:28:27;14:25:52;0,0,0;;;;
???;13:28:38;14:26:11;0,0,0;;;;
???;13:28:54;14:26:11;0,0,0;;;;
???;13:29:09;14:26:12;0,0,0;;;;
???;13:29:25;14:26:12;0,0,0;;;;
???;13:29:40;14:26:13;0,0,0;;;;
???;13:29:56;14:26:13;0,0,0;;;;
???;13:30:12;14:26:14;0,0,0;;;;
???;13:30:27;14:26:14;0,0,0;;;;
???;13:30:43;14:26:15;0,0,0;;;;
???;13:30:58;14:26:15;0,0,0;;Franklin!;SIMEON;ARFL_AAAD
???;13:31:14;14:26:16;0,0,0;;;;
???;13:31:30;14:26:16;0,0,0;;Eh, what's going down, homie?;FRANKLIN;ARFL_AAAA
???;13:31:45;14:26:17;0,0,0;;;;
???;13:32:01;14:26:17;0,0,0;;;;
???;13:32:16;14:26:18;0,0,0;;The market, my boy. Liquidity's a bitch. Get over here so I can give you the new repo list.;SIMEON;ARFL_AAAB
???;13:32:32;14:26:18;0,0,0;;;;
???;13:32:47;14:26:19;0,0,0;;;;
???;13:33:03;14:26:20;0,0,0;;;;
???;13:33:18;14:26:20;0,0,0;;;;
???;13:33:34;14:26:21;0,0,0;;;;
???;13:33:49;14:26:21;0,0,0;;;;
???;13:34:05;14:26:22;0,0,0;;;;
???;13:34:21;14:26:22;0,0,0;;;;
???;13:34:36;14:26:23;0,0,0;;;;
???;13:34:52;14:26:23;0,0,0;;;;
???;13:35:07;14:26:24;0,0,0;;Alright, dog. I'll be around when I get a chance.;FRANKLIN;ARFL_AAAC
???;13:35:23;14:26:24;0,0,0;;;;
???;13:35:38;14:26:25;0,0,0;;;;
???;13:35:54;14:26:25;0,0,0;;;;
???;13:36:10;14:26:26;0,0,0;;;;
???;13:36:25;14:26:26;0,0,0;;;;
???;13:36:41;14:26:27;0,0,0;;;;
???;13:36:57;14:26:27;0,0,0;;;;
???;13:37:12;14:26:28;0,0,0;;;;
???;13:37:28;14:26:28;0,0,0;;;;
???;13:37:43;14:26:29;0,0,0;;;;
???;13:37:59;14:26:29;0,0,0;;;;
???;13:38:12;14:26:59;0,0,0;;;;
???;13:38:28;14:26:59;0,0,0;;;;
???;13:38:43;14:27:00;0,0,0;;;;
???;13:38:59;14:27:00;0,0,0;;;;
???;13:39:15;14:27:01;0,0,0;;;;
???;13:39:30;14:27:01;0,0,0;;;;
???;13:39:46;14:27:02;0,0,0;;;;
???;13:40:02;14:27:03;0,0,0;;;;
???;13:40:17;14:27:03;0,0,0;;;;
???;13:40:33;14:27:04;0,0,0;;;;
???;13:40:49;14:27:04;0,0,0;;;;
???;13:41:04;14:27:05;0,0,0;;;;
???;13:41:20;14:27:05;0,0,0;;;;
???;13:41:35;14:27:06;0,0,0;;;;
???;13:41:51;14:27:06;0,0,0;;;;
???;13:42:07;14:27:07;0,0,0;;;;
???;13:42:22;14:27:07;0,0,0;;;;
???;13:42:38;14:27:08;0,0,0;;;;
???;13:42:54;14:27:08;0,0,0;;;;
???;13:43:09;14:27:09;0,0,0;;;;
???;13:43:25;14:27:09;0,0,0;;;;
???;13:43:40;14:27:10;0,0,0;;;;
???;13:43:56;14:27:10;0,0,0;;;;
???;13:44:11;14:27:11;0,0,0;;;;
???;13:44:27;14:27:11;0,0,0;;;;
???;13:44:42;14:27:12;0,0,0;;;;
???;13:44:58;14:27:12;0,0,0;;;;
???;13:45:13;14:27:13;0,0,0;;;;
???;13:45:29;14:27:13;0,0,0;;;;
???;13:45:45;14:27:14;0,0,0;;;;
???;13:46:00;14:27:14;0,0,0;;;;
???;13:46:16;14:27:15;0,0,0;;;;
???;13:46:31;14:27:16;0,0,0;;;;
???;13:46:47;14:27:16;0,0,0;;;;
???;13:47:03;14:27:17;0,0,0;;;;
???;13:47:18;14:27:17;0,0,0;;;;
???;13:47:34;14:27:18;0,0,0;;;;
???;13:47:49;14:27:18;0,0,0;;;;
???;13:48:05;14:27:19;0,0,0;;;;
???;13:48:20;14:27:19;0,0,0;;;;
???;13:48:36;14:27:20;0,0,0;;;;
???;13:48:52;14:27:20;0,0,0;;;;
???;13:49:07;14:27:21;0,0,0;;;;
???;13:49:23;14:27:21;0,0,0;;;;
???;13:49:38;14:27:22;0,0,0;;;;
???;13:49:54;14:27:22;0,0,0;;;;
???;13:50:09;14:27:23;0,0,0;;;;
???;13:50:25;14:27:23;0,0,0;;;;
???;13:50:40;14:27:24;0,0,0;;;;
???;13:50:56;14:27:24;0,0,0;;;;
???;13:51:11;14:27:25;0,0,0;;;;
???;13:51:27;14:27:25;0,0,0;;;;
???;13:51:42;14:27:26;0,0,0;;;;
???;13:51:58;14:27:26;0,0,0;;;;
???;13:52:14;14:27:27;0,0,0;;;;
???;13:52:29;14:27:27;0,0,0;;;;
???;13:52:44;14:27:28;0,0,0;;;;
???;13:53:00;14:27:28;0,0,0;;;;
???;13:53:15;14:27:29;0,0,0;;;;
???;13:53:31;14:27:30;0,0,0;;;;
???;13:53:46;14:27:30;0,0,0;;;;
???;13:54:02;14:27:31;0,0,0;;;;
???;13:54:17;14:27:31;0,0,0;;;;
???;13:54:33;14:27:32;0,0,0;;;;
???;13:54:49;14:27:32;0,0,0;;;;
???;13:55:04;14:27:33;0,0,0;;;;
???;13:55:20;14:27:33;0,0,0;;;;
???;13:55:35;14:27:34;0,0,0;;;;
???;13:55:51;14:27:34;0,0,0;;;;
???;13:56:06;14:27:35;0,0,0;;;;
???;13:56:22;14:27:35;0,0,0;;;;
???;13:56:37;14:27:36;0,0,0;;;;
???;13:56:53;14:27:36;0,0,0;;;;
???;13:57:08;14:27:37;0,0,0;;;;
???;13:57:24;14:27:37;0,0,0;;;;
???;13:57:39;14:27:38;0,0,0;;;;
???;13:57:55;14:27:38;0,0,0;;;;
???;13:58:11;14:27:39;0,0,0;;;;
???;13:58:26;14:27:39;0,0,0;;;;
???;13:58:42;14:27:40;0,0,0;;;;
???;13:58:57;14:27:40;0,0,0;;;;
???;13:59:13;14:27:41;0,0,0;;;;
???;13:59:28;14:27:41;0,0,0;;;;
???;13:59:44;14:27:42;0,0,0;;;;
???;13:59:59;14:27:42;0,0,0;;;;
???;14:00:15;14:27:43;0,0,0;;;;
???;14:00:31;14:27:44;0,0,0;;;;
???;14:00:46;14:27:44;0,0,0;;;;
???;14:01:02;14:27:45;0,0,0;;;;
???;14:01:17;14:27:45;0,0,0;;;;
???;14:01:33;14:27:46;0,0,0;;;;
???;14:01:49;14:27:46;0,0,0;;;;
???;14:02:04;14:27:47;0,0,0;;;;
???;14:02:20;14:27:47;0,0,0;;;;
???;14:02:35;14:27:48;0,0,0;;;;
???;14:02:51;14:27:48;0,0,0;;;;
???;14:03:06;14:27:49;0,0,0;;;;
???;14:03:23;14:27:49;0,0,0;;;;
???;14:03:38;14:27:50;0,0,0;;;;
???;14:03:54;14:27:50;0,0,0;;;;
???;14:04:09;14:27:51;0,0,0;;;;
???;14:04:25;14:27:51;0,0,0;;;;
???;14:04:41;14:27:52;0,0,0;;;;
???;14:04:56;14:27:52;0,0,0;;;;
???;14:05:12;14:27:53;0,0,0;;;;
???;14:05:28;14:27:53;0,0,0;;;;
???;14:05:43;14:27:54;0,0,0;;;;
???;14:05:59;14:27:54;0,0,0;;;;
???;14:06:14;14:27:55;0,0,0;;;;
???;14:06:30;14:27:55;0,0,0;;;;
???;14:06:45;14:27:56;0,0,0;;;;
???;14:07:01;14:27:57;0,0,0;;;;
???;14:07:16;14:27:57;0,0,0;;;;
???;14:07:32;14:27:58;0,0,0;;;;
???;14:07:47;14:27:58;0,0,0;;;;
???;14:08:03;14:27:59;0,0,0;;;;
???;14:08:18;14:27:59;0,0,0;;;;
???;14:08:34;14:28:00;0,0,0;;;;
???;14:08:49;14:28:00;0,0,0;;;;
???;14:09:05;14:28:01;0,0,0;;;;
???;14:09:20;14:28:01;0,0,0;;;;
???;14:09:36;14:28:02;0,0,0;;;;
???;14:09:51;14:28:02;0,0,0;;;;
???;14:10:07;14:28:03;0,0,0;;;;
???;14:10:22;14:28:03;0,0,0;;;;
???;14:10:38;14:28:04;0,0,0;;;;
???;14:10:54;14:28:04;0,0,0;;;;
???;14:11:09;14:28:05;0,0,0;;;;
???;14:11:25;14:28:05;0,0,0;;;;
???;14:11:40;14:28:06;0,0,0;;;;
???;14:11:56;14:28:06;0,0,0;;;;
???;14:12:11;14:28:07;0,0,0;;;;
???;14:12:26;14:28:07;0,0,0;;;;
???;14:12:42;14:28:08;0,0,0;;;;
???;14:12:57;14:28:08;0,0,0;;;;
???;14:13:13;14:28:09;0,0,0;;;;
???;14:13:28;14:28:09;0,0,0;;;;
???;14:13:44;14:28:10;0,0,0;;;;
???;14:14:00;14:28:10;0,0,0;;;;
???;14:14:15;14:28:11;0,0,0;;;;
???;14:14:30;14:28:11;0,0,0;;;;
???;14:14:46;14:28:12;0,0,0;;;;
???;14:15:02;14:28:13;0,0,0;;;;
???;14:15:17;14:28:13;0,0,0;;;;
???;14:15:33;14:28:14;0,0,0;;;;
???;14:15:48;14:28:14;0,0,0;;;;
???;14:16:03;14:28:15;0,0,0;;;;
???;14:16:19;14:28:15;0,0,0;;;;
???;14:16:35;14:28:16;0,0,0;;;;
???;14:16:50;14:28:16;0,0,0;;;;
???;14:17:06;14:28:17;0,0,0;;;;
???;14:17:21;14:28:17;0,0,0;;;;
???;14:17:37;14:28:18;0,0,0;;;;
???;14:17:53;14:28:18;0,0,0;;;;
???;14:18:08;14:28:19;0,0,0;;;;
???;14:18:24;14:28:19;0,0,0;;;;
???;14:18:39;14:28:20;0,0,0;;;;
???;14:18:55;14:28:20;0,0,0;;;;
???;14:19:10;14:28:21;0,0,0;;;;
???;14:19:26;14:28:21;0,0,0;;;;
???;14:19:41;14:28:22;0,0,0;;;;
???;14:19:57;14:28:22;0,0,0;;;;
???;14:20:12;14:28:23;0,0,0;;;;
???;14:20:28;14:28:23;0,0,0;;;;
???;14:20:43;14:28:24;0,0,0;;;;
???;14:20:59;14:28:24;0,0,0;;;;
???;14:21:14;14:28:25;0,0,0;;;;
???;14:21:30;14:28:25;0,0,0;;;;
???;14:21:45;14:28:26;0,0,0;;;;
???;14:22:01;14:28:27;0,0,0;;;;
???;14:22:16;14:28:27;0,0,0;;;;
???;14:22:32;14:28:28;0,0,0;;;;
???;14:22:48;14:28:28;0,0,0;;;;
???;14:23:03;14:28:29;0,0,0;;;;
???;14:23:18;14:28:29;0,0,0;;;;
???;14:23:34;14:28:30;0,0,0;;;;
???;14:23:50;14:28:30;0,0,0;;;;
???;14:24:06;14:28:31;0,0,0;;;;
???;14:24:21;14:28:31;0,0,0;;;;
???;14:24:37;14:28:32;0,0,0;;;;
???;14:24:52;14:28:32;0,0,0;;;;
???;14:25:08;14:28:33;0,0,0;;;;
???;14:25:23;14:28:33;0,0,0;;;;
???;14:25:39;14:28:34;0,0,0;;;;
???;14:25:55;14:28:34;0,0,0;;;;
???;14:26:10;14:28:35;0,0,0;;;;
???;14:26:26;14:28:35;0,0,0;;;;
???;14:26:41;14:28:36;0,0,0;;;;
???;14:26:57;14:28:36;0,0,0;;;;
???;14:27:12;14:28:37;0,0,0;;;;
???;14:27:28;14:28:37;0,0,0;;;;
???;14:27:43;14:28:38;0,0,0;;;;
???;14:27:59;14:28:38;0,0,0;;;;
???;14:28:14;14:28:39;0,0,0;;;;
???;14:28:30;14:28:39;0,0,0;;;;
???;14:28:45;14:28:40;0,0,0;;;;
???;14:29:01;14:28:41;0,0,0;;;;
???;14:29:17;14:28:41;0,0,0;;;;
???;14:29:32;14:28:42;0,0,0;;;;
???;14:29:48;14:28:42;0,0,0;;;;
???;14:30:03;14:28:43;0,0,0;;;;
???;14:30:19;14:28:43;0,0,0;;;;
???;14:30:34;14:28:44;0,0,0;;;;
???;14:30:50;14:28:44;0,0,0;;;;
???;14:30:55;14:28:46;0,0,0;;;;
???;14:31:11;14:28:46;0,0,0;;;;
???;14:31:26;14:28:47;0,0,0;;;;
???;14:31:42;14:28:47;0,0,0;;;;
???;14:31:57;14:28:48;0,0,0;;;;
???;14:32:13;14:28:48;0,0,0;;;;
???;14:32:28;14:28:49;0,0,0;;;;
???;14:32:44;14:28:49;0,0,0;;;;
???;14:32:59;14:28:50;0,0,0;;;;
???;14:33:15;14:28:50;0,0,0;;;;
???;14:33:30;14:28:51;0,0,0;;;;
???;14:33:46;14:28:51;0,0,0;;;;
???;14:34:02;14:28:52;0,0,0;;;;
???;14:34:17;14:28:52;0,0,0;;;;
???;14:34:33;14:28:53;0,0,0;;;;
???;14:34:49;14:28:53;0,0,0;;;;
???;14:35:04;14:28:54;0,0,0;;;;
???;14:35:20;14:28:54;0,0,0;;;;
???;14:35:36;14:28:55;0,0,0;;;;
???;14:35:51;14:28:56;0,0,0;;;;
???;14:36:07;14:28:56;0,0,0;;;;
???;14:36:23;14:28:57;0,0,0;;Hey, what's up, Simeon?;Franklin;AR2_IGAA
???;14:36:38;14:28:57;0,0,0;;;;
???;14:36:54;14:28:58;0,0,0;;;;
???;14:37:09;14:28:58;0,0,0;;My dear boy.;SIMEON;AR2_IGAB
???;14:37:22;14:28:59;0,0,0;;;;
???;14:37:22;14:28:59;0,0,0;;So good to see you.;Cutscene;Cutscene
???;14:37:22;14:29:00;0,0,0;;;;
???;14:37:22;14:29:00;0,0,0;;So good.;Cutscene;Cutscene
???;14:37:22;14:29:01;0,0,0;;;;
???;14:37:22;14:29:01;0,0,0;;Hold me.;Cutscene;Cutscene
???;14:37:22;14:29:02;0,0,0;;;;
???;14:37:22;14:29:02;0,0,0;;;;
???;14:37:22;14:29:03;0,0,0;;Yeah, look, man...;Cutscene;Cutscene
???;14:37:22;14:29:03;0,0,0;;;;
???;14:37:22;14:29:04;0,0,0;;Look, we've been working together for about a few months now, right?;Cutscene;Cutscene
???;14:37:22;14:29:04;0,0,0;;;;
???;14:37:22;14:29:05;0,0,0;;;;
???;14:37:22;14:29:05;0,0,0;;;;
???;14:37:22;14:29:06;0,0,0;;;;
???;14:37:22;14:29:06;0,0,0;;;;
???;14:37:22;14:29:07;0,0,0;;Which is why I am very honored to announce to you...;Cutscene;Cutscene
???;14:37:22;14:29:07;0,0,0;;;;
???;14:37:22;14:29:08;0,0,0;;;;
???;14:37:22;14:29:09;0,0,0;;;;
???;14:37:22;14:29:09;0,0,0;;;;
???;14:37:22;14:29:10;0,0,0;;;;
???;14:37:22;14:29:10;0,0,0;;;;
???;14:37:22;14:29:11;0,0,0;;;;
???;14:37:22;14:29:11;0,0,0;;;;
???;14:37:22;14:29:12;0,0,0;;That you...;Cutscene;Cutscene
???;14:37:22;14:29:12;0,0,0;;;;
???;14:37:22;14:29:13;0,0,0;;;;
???;14:37:22;14:29:13;0,0,0;;Are Employee of the Month.;Cutscene;Cutscene
???;14:37:22;14:29:14;0,0,0;;;;
???;14:37:22;14:29:14;0,0,0;;;;
???;14:37:22;14:29:15;0,0,0;;Huh?;Cutscene;Cutscene
???;14:37:22;14:29:15;0,0,0;;;;
???;14:37:22;14:29:16;0,0,0;;Anyway, congratulations!;Cutscene;Cutscene
???;14:37:22;14:29:16;0,0,0;;;;
???;14:37:22;14:29:17;0,0,0;;;;
???;14:37:22;14:29:17;0,0,0;;;;
???;14:37:22;14:29:18;0,0,0;;It wasn't easy picking a winner.;Cutscene;Cutscene
???;14:37:22;14:29:18;0,0,0;;;;
???;14:37:22;14:29:19;0,0,0;;;;
???;14:37:22;14:29:19;0,0,0;;;;
???;14:37:22;14:29:20;0,0,0;;Yeah, me,;Cutscene;Cutscene
???;14:37:22;14:29:20;0,0,0;;;;
???;14:37:22;14:29:21;0,0,0;;Lamar,;Cutscene;Cutscene
???;14:37:22;14:29:21;0,0,0;;;;
???;14:37:22;14:29:22;0,0,0;;your nephew Sacha with the twitch.;Cutscene;Cutscene
???;14:37:22;14:29:23;0,0,0;;;;
???;14:37:22;14:29:23;0,0,0;;;;
???;14:37:22;14:29:24;0,0,0;;Look, man.;Cutscene;Cutscene
???;14:37:22;14:29:24;0,0,0;;It's been a real honor, homie,;Cutscene;Cutscene
???;14:37:22;14:29:25;0,0,0;;;;
???;14:37:22;14:29:25;0,0,0;;;;
???;14:37:22;14:29:26;0,0,0;;but I gotta move forward in my life.;Cutscene;Cutscene
???;14:37:22;14:29:26;0,0,0;;;;
???;14:37:22;14:29:27;0,0,0;;;;
???;14:37:22;14:29:27;0,0,0;;It seem like all I do is let people tell me what to do;Cutscene;Cutscene
???;14:37:22;14:29:28;0,0,0;;;;
???;14:37:22;14:29:28;0,0,0;;;;
???;14:37:22;14:29:29;0,0,0;;;;
???;14:37:22;14:29:29;0,0,0;;and I do it and nothing changes.;Cutscene;Cutscene
???;14:37:22;14:29:30;0,0,0;;;;
???;14:37:22;14:29:30;0,0,0;;;;
???;14:37:22;14:29:31;0,0,0;;I tell you what, my boy,;Cutscene;Cutscene
???;14:37:22;14:29:31;0,0,0;;;;
???;14:37:22;14:29:32;0,0,0;;you tell me exactly what you want,;Cutscene;Cutscene
???;14:37:22;14:29:32;0,0,0;;;;
???;14:37:22;14:29:33;0,0,0;;;;
???;14:37:22;14:29:33;0,0,0;;;;
???;14:37:22;14:29:34;0,0,0;;and I will very carefully explain to you why it cannot be.;Cutscene;Cutscene
???;14:37:22;14:29:34;0,0,0;;;;
???;14:37:22;14:29:35;0,0,0;;;;
???;14:37:22;14:29:36;0,0,0;;;;
???;14:37:22;14:29:36;0,0,0;;;;
???;14:37:22;14:29:37;0,0,0;;;;
???;14:37:22;14:29:37;0,0,0;;;;
???;14:37:22;14:29:38;0,0,0;;What?;Cutscene;Cutscene
???;14:37:22;14:29:38;0,0,0;;Today is repossessing vehicles that fools have purchased at exorbitant interest rates.;Cutscene;Cutscene
???;14:37:22;14:29:39;0,0,0;;;;
???;14:37:22;14:29:39;0,0,0;;;;
???;14:37:22;14:29:40;0,0,0;;;;
???;14:37:22;14:29:40;0,0,0;;;;
???;14:37:22;14:29:41;0,0,0;;;;
???;14:37:22;14:29:41;0,0,0;;;;
???;14:37:22;14:29:42;0,0,0;;;;
???;14:37:22;14:29:42;0,0,0;;;;
???;14:37:22;14:29:43;0,0,0;;;;
???;14:37:22;14:29:43;0,0,0;;;;
???;14:37:22;14:29:44;0,0,0;;;;
???;14:37:22;14:29:44;0,0,0;;But tomorrow...;Cutscene;Cutscene
???;14:37:22;14:29:45;0,0,0;;;;
???;14:37:22;14:29:45;0,0,0;;;;
???;14:37:22;14:29:46;0,0,0;;;;
???;14:37:22;14:29:46;0,0,0;;Together!;Cutscene;Cutscene
???;14:37:22;14:29:47;0,0,0;;;;
???;14:37:22;14:29:47;0,0,0;;;;
???;14:37:22;14:29:48;0,0,0;;I never had a black son,;Cutscene;Cutscene
???;14:37:22;14:29:48;0,0,0;;;;
???;14:37:22;14:29:49;0,0,0;;;;
???;14:37:22;14:29:50;0,0,0;;;;
???;14:37:22;14:29:50;0,0,0;;;;
???;14:37:22;14:29:51;0,0,0;;;;
???;14:37:22;14:29:51;0,0,0;;;;
???;14:37:22;14:29:52;0,0,0;;but if I did I want him to be just like you.;Cutscene;Cutscene
???;14:37:22;14:29:52;0,0,0;;;;
???;14:37:22;14:29:53;0,0,0;;;;
???;14:37:22;14:29:53;0,0,0;;;;
???;14:37:22;14:29:54;0,0,0;;;;
???;14:37:22;14:29:54;0,0,0;;;;
???;14:37:22;14:29:55;0,0,0;;Knock knock, niggas!;Cutscene;Cutscene
???;14:37:22;14:29:55;0,0,0;;;;
???;14:37:22;14:29:56;0,0,0;;;;
???;14:37:22;14:29:56;0,0,0;;;;
???;14:37:22;14:29:57;0,0,0;;;;
???;14:37:22;14:29:57;0,0,0;;;;
???;14:37:22;14:29:58;0,0,0;;;;
???;14:37:22;14:29:58;0,0,0;;;;
???;14:37:22;14:29:59;0,0,0;;;;
???;14:37:22;14:29:59;0,0,0;;;;
???;14:37:22;14:30:00;0,0,0;;What's happening, homie?;Cutscene;Cutscene
???;14:37:22;14:30:00;0,0,0;;;;
???;14:37:22;14:30:01;0,0,0;;;;
???;14:37:22;14:30:01;0,0,0;;Sup, dog?;Cutscene;Cutscene
???;14:37:22;14:30:02;0,0,0;;Franklin here has been awarded Employee of the Month.;Cutscene;Cutscene
???;14:37:22;14:30:02;0,0,0;;;;
???;14:37:22;14:30:03;0,0,0;;;;
???;14:37:22;14:30:04;0,0,0;;;;
???;14:37:22;14:30:04;0,0,0;;;;
???;14:37:22;14:30:05;0,0,0;;;;
???;14:37:22;14:30:05;0,0,0;;;;
???;14:37:22;14:30:06;0,0,0;;;;
???;14:37:22;14:30:06;0,0,0;;;;
???;14:37:22;14:30:07;0,0,0;;;;
???;14:37:22;14:30:07;0,0,0;;;;
???;14:37:22;14:30:08;0,0,0;;;;
???;14:37:22;14:30:08;0,0,0;;;;
???;14:37:22;14:30:09;0,0,0;;You fucking with me, right?;Cutscene;Cutscene
???;14:37:22;14:30:09;0,0,0;;;;
???;14:37:22;14:30:10;0,0,0;;;;
???;14:37:22;14:30:10;0,0,0;;;;
???;14:37:22;14:30:11;0,0,0;;Man, we both being fucked with, dog.;Cutscene;Cutscene
???;14:37:22;14:30:11;0,0,0;;;;
???;14:37:22;14:30:12;0,0,0;;;;
???;14:37:22;14:30:12;0,0,0;;Man, knock it off, man. For real?;Cutscene;Cutscene
???;14:37:22;14:30:13;0,0,0;;;;
???;14:37:22;14:30:13;0,0,0;;;;
???;14:37:22;14:30:14;0,0,0;;After all the motherfucking work I put in, man?;Cutscene;Cutscene
???;14:37:22;14:30:14;0,0,0;;;;
???;14:37:22;14:30:15;0,0,0;;;;
???;14:37:22;14:30:15;0,0,0;;;;
???;14:37:22;14:30:16;0,0,0;;Man, fuck this Employee of the Month shit, homie.;Cutscene;Cutscene
???;14:37:22;14:30:16;0,0,0;;;;
???;14:37:22;14:30:17;0,0,0;;;;
???;14:37:22;14:30:18;0,0,0;;;;
???;14:37:22;14:30:18;0,0,0;;;;
???;14:37:22;14:30:19;0,0,0;;I'm sitting up here trying to get us...;Cutscene;Cutscene
???;14:37:22;14:30:19;0,0,0;;What do you mean, "fuck this Employee of the Month shit", man?;Cutscene;Cutscene
???;14:37:22;14:30:20;0,0,0;;;;
???;14:37:22;14:30:20;0,0,0;;;;
???;14:37:22;14:30:21;0,0,0;;;;
???;14:37:22;14:30:21;0,0,0;;;;
???;14:37:22;14:30:22;0,0,0;;When there's some shit to be won, Goddamnit, I want it.;Cutscene;Cutscene
???;14:37:22;14:30:22;0,0,0;;;;
???;14:37:22;14:30:23;0,0,0;;;;
???;14:37:22;14:30:23;0,0,0;;;;
???;14:37:22;14:30:24;0,0,0;;I don't give a fuck what it is.;Cutscene;Cutscene
???;14:37:22;14:30:24;0,0,0;;;;
???;14:37:22;14:30:25;0,0,0;;;;
???;14:37:22;14:30:25;0,0,0;;Y'know what I'm talkin' about?;Cutscene;Cutscene
???;14:37:22;14:30:26;0,0,0;;;;
???;14:37:22;14:30:26;0,0,0;;I take no prisoners.;Cutscene;Cutscene
???;14:37:22;14:30:27;0,0,0;;;;
???;14:37:22;14:30:27;0,0,0;;I go hard doing this shit.;Cutscene;Cutscene
???;14:37:22;14:30:28;0,0,0;;;;
???;14:37:22;14:30:28;0,0,0;;Big dog.;Cutscene;Cutscene
???;14:37:22;14:30:29;0,0,0;;Big nuts.;Cutscene;Cutscene
???;14:37:22;14:30:29;0,0,0;;;;
???;14:37:22;14:30:30;0,0,0;;When names is on a motherfuckin' board;Cutscene;Cutscene
???;14:37:22;14:30:30;0,0,0;;;;
???;14:37:22;14:30:31;0,0,0;;;;
???;14:37:22;14:30:31;0,0,0;;;;
???;14:37:22;14:30:32;0,0,0;;I want to see my name at the top of that motherfucker;Cutscene;Cutscene
???;14:37:22;14:30:32;0,0,0;;;;
???;14:37:22;14:30:33;0,0,0;;;;
???;14:37:22;14:30:34;0,0,0;;;;
???;14:37:22;14:30:34;0,0,0;;and next to it, it needs to say "Winner".;Cutscene;Cutscene
???;14:37:22;14:30:35;0,0,0;;;;
???;14:37:22;14:30:35;0,0,0;;;;
???;14:37:22;14:30:36;0,0,0;;;;
???;14:37:22;14:30:36;0,0,0;;;;
???;14:37:22;14:30:37;0,0,0;;Maybe next month, huh?;Cutscene;Cutscene
???;14:37:22;14:30:37;0,0,0;;;;
???;14:37:22;14:30:38;0,0,0;;Man, fuck next month, Simeon.;Cutscene;Cutscene
???;14:37:22;14:30:38;0,0,0;;;;
???;14:37:22;14:30:39;0,0,0;;;;
???;14:37:22;14:30:39;0,0,0;;What about today?;Cutscene;Cutscene
???;14:37:22;14:30:40;0,0,0;;;;
???;14:37:22;14:30:40;0,0,0;;I-I demand a retrial.;Cutscene;Cutscene
???;14:37:22;14:30:41;0,0,0;;;;
???;14:37:22;14:30:41;0,0,0;;;;
???;14:37:22;14:30:42;0,0,0;;Today is nothing, just a bike.;Cutscene;Cutscene
???;14:37:22;14:30:42;0,0,0;;;;
???;14:37:22;14:30:43;0,0,0;;;;
???;14:37:22;14:30:43;0,0,0;;Hasn't made a payment at all.;Cutscene;Cutscene
???;14:37:22;14:30:44;0,0,0;;;;
???;14:37:22;14:30:44;0,0,0;;;;
???;14:37:22;14:30:45;0,0,0;;Some kid at Vespucci Beach.;Cutscene;Cutscene
???;14:37:22;14:30:45;0,0,0;;;;
???;14:37:22;14:30:46;0,0,0;;;;
???;14:37:22;14:30:46;0,0,0;;His name is Esteban Jimenez.;Cutscene;Cutscene
???;14:37:22;14:30:47;0,0,0;;;;
???;14:37:22;14:30:47;0,0,0;;;;
???;14:37:22;14:30:48;0,0,0;;;;
???;14:37:22;14:30:49;0,0,0;;Is he in a gang?;Cutscene;Cutscene
???;14:37:22;14:30:49;0,0,0;;;;
???;14:37:22;14:30:50;0,0,0;;;;
???;14:37:22;14:30:50;0,0,0;;;;
???;14:37:22;14:30:51;0,0,0;;Curiously enough,;Cutscene;Cutscene
???;14:37:22;14:30:51;0,0,0;;;;
???;14:37:22;14:30:52;0,0,0;;I did not inquire when he bought the bike.;Cutscene;Cutscene
???;14:37:22;14:30:52;0,0,0;;;;
???;14:37:22;14:30:53;0,0,0;;;;
???;14:37:22;14:30:53;0,0,0;;;;
???;14:37:22;14:30:54;0,0,0;;;;
???;14:37:22;14:30:54;0,0,0;;We got work to do, err...;Cutscene;Cutscene
???;14:37:22;14:30:55;0,0,0;;;;
???;14:37:22;14:30:55;0,0,0;;;;
???;14:37:22;14:30:56;0,0,0;;Employee of the Month.;Cutscene;Cutscene
???;14:37:22;14:30:56;0,0,0;;;;
???;14:37:22;14:30:57;0,0,0;;;;
???;14:37:22;14:30:57;0,0,0;;;;
???;14:37:22;14:30:58;0,0,0;;Man, fuck you, and come on.;Cutscene;Cutscene
???;14:37:22;14:30:58;0,0,0;;;;
???;14:37:22;14:30:59;0,0,0;;;;
???;14:37:22;14:30:59;0,0,0;;Man, you's about a "yes master"-ass nigga.;Cutscene;Cutscene
???;14:37:22;14:31:00;0,0,0;;;;
???;14:37:22;14:31:00;0,0,0;;;;
???;14:37:22;14:31:01;0,0,0;;;;
???;14:37:22;14:31:01;0,0,0;;;;
???;14:37:22;14:31:02;0,0,0;;;;
???;14:37:22;14:31:03;0,0,0;;;;
???;14:37:28;14:31:03;0,0,0;;;;
???;14:37:44;14:31:04;0,0,0;;What we waiting for? Magellan Ave., nigga. Vespucci Beach.;LAMAR;AR2_HEAA
???;14:37:59;14:31:04;0,0,0;;;;
???;14:38:15;14:31:05;0,0,0;;;;
???;14:38:31;14:31:05;0,0,0;;;;
???;14:38:46;14:31:06;0,0,0;;;;
???;14:39:02;14:31:06;0,0,0;;;;
???;14:39:17;14:31:07;0,0,0;;;;
???;14:39:33;14:31:07;0,0,0;;;;
???;14:39:49;14:31:08;0,0,0;;;;
???;14:40:04;14:31:08;0,0,0;;;;
???;14:40:20;14:31:09;0,0,0;;;;
???;14:40:35;14:31:09;0,0,0;;;;
???;14:40:51;14:31:10;0,0,0;;;;
???;14:41:06;14:31:10;0,0,0;;;;
???;14:41:22;14:31:11;0,0,0;;;;
???;14:41:37;14:31:11;0,0,0;;;;
???;14:41:53;14:31:12;0,0,0;;;;
???;14:42:08;14:31:12;0,0,0;;;;
???;14:42:24;14:31:13;0,0,0;;;;
???;14:42:39;14:31:13;0,0,0;;;;
???;14:42:55;14:31:14;0,0,0;;;;
???;14:43:10;14:31:14;0,0,0;;;;
???;14:43:26;14:31:15;0,0,0;;;;
???;14:43:41;14:31:15;0,0,0;;;;
???;14:43:57;14:31:16;0,0,0;;;;
???;14:44:13;14:31:17;0,0,0;;;;
???;14:44:28;14:31:17;0,0,0;;;;
???;14:44:44;14:31:18;0,0,0;;;;
???;14:44:59;14:31:18;0,0,0;;;;
???;14:45:15;14:31:19;0,0,0;;;;
???;14:45:31;14:31:19;0,0,0;;;;
???;14:45:46;14:31:20;0,0,0;;;;
???;14:46:01;14:31:20;0,0,0;;Hey, wasn't that motherfucker who took the bike that ese - Vagos dude? With the tattoo on his face and shit?;FRANKLIN;AR2_ABAA
???;14:46:17;14:31:21;0,0,0;;;;
???;14:46:33;14:31:21;0,0,0;;;;
???;14:46:48;14:31:22;0,0,0;;;;
???;14:47:04;14:31:22;0,0,0;;;;
???;14:47:19;14:31:23;0,0,0;;;;
???;14:47:35;14:31:23;0,0,0;;;;
???;14:47:50;14:31:24;0,0,0;;;;
???;14:48:06;14:31:24;0,0,0;;;;
???;14:48:21;14:31:25;0,0,0;;;;
???;14:48:37;14:31:25;0,0,0;;Yeah, that was him.;LAMAR;AR2_ABAB
???;14:48:52;14:31:26;0,0,0;;;;
???;14:49:08;14:31:26;0,0,0;;Fuck, homie. I don't want no unnecessary bullshit here, alright?;FRANKLIN;AR2_ABAC
???;14:49:24;14:31:27;0,0,0;;;;
???;14:49:39;14:31:27;0,0,0;;;;
???;14:49:55;14:31:28;0,0,0;;;;
???;14:50:10;14:31:28;0,0,0;;;;
???;14:50:26;14:31:29;0,0,0;;;;
???;14:50:41;14:31:29;0,0,0;;;;
???;14:50:57;14:31:30;0,0,0;;Nigga, I don't give a shit. There's a reason Simeon pays a couple of mean looking motherfuckers to come repo this shit.;LAMAR;AR2_ABAD
???;14:51:13;14:31:31;0,0,0;;;;
???;14:51:28;14:31:31;0,0,0;;;;
???;14:51:44;14:31:32;0,0,0;;;;
???;14:51:59;14:31:32;0,0,0;;;;
???;14:52:15;14:31:33;0,0,0;;;;
???;14:52:30;14:31:33;0,0,0;;;;
???;14:52:46;14:31:34;0,0,0;;;;
???;14:53:01;14:31:34;0,0,0;;;;
???;14:53:17;14:31:35;0,0,0;;;;
???;14:53:32;14:31:35;0,0,0;;;;
???;14:53:48;14:31:36;0,0,0;;We ain't girl scouts.;LAMAR;AR2_ABAE
???;14:54:03;14:31:36;0,0,0;;;;
???;14:54:19;14:31:37;0,0,0;;;;
???;14:54:34;14:31:37;0,0,0;;In your case, I ain't so sure about that.;FRANKLIN;AR2_ABAF
???;14:54:50;14:31:38;0,0,0;;;;
???;14:55:05;14:31:38;0,0,0;;;;
???;14:55:21;14:31:39;0,0,0;;;;
???;14:55:36;14:31:39;0,0,0;;;;
???;14:55:52;14:31:40;0,0,0;;;;
???;14:56:07;14:31:40;0,0,0;;Man, step up, nigga! Of course this dude real. Who else gonna have the required surplus of paper, and deficiency of brain cells?;LAMAR;AR2_FUAA
???;14:56:23;14:31:41;0,0,0;;;;
???;14:56:38;14:31:41;0,0,0;;;;
???;14:56:54;14:31:42;0,0,0;;;;
???;14:57:09;14:31:42;0,0,0;;;;
???;14:57:25;14:31:43;0,0,0;;;;
???;14:57:40;14:31:43;0,0,0;;;;
???;14:57:56;14:31:44;0,0,0;;;;
???;14:58:12;14:31:44;0,0,0;;;;
???;14:58:27;14:31:45;0,0,0;;;;
???;14:58:43;14:31:46;0,0,0;;;;
???;14:58:58;14:31:46;0,0,0;;;;
???;14:59:14;14:31:47;0,0,0;;He just put a dub down on this bike!;LAMAR;AR2_FUAB
???;14:59:30;14:31:47;0,0,0;;;;
???;14:59:45;14:31:48;0,0,0;;;;
???;15:00:01;14:31:48;0,0,0;;;;
???;15:00:16;14:31:49;0,0,0;;Twenty Gs?;FRANKLIN;AR2_FUAC
???;15:00:32;14:31:49;0,0,0;;;;
???;15:00:47;14:31:50;0,0,0;;;;
???;15:01:03;14:31:50;0,0,0;;With a three G note!;LAMAR;AR2_FUAD
???;15:01:18;14:31:51;0,0,0;;;;
???;15:01:34;14:31:51;0,0,0;;;;
???;15:01:50;14:31:52;0,0,0;;Damn, that motherfucker must be tricked out, dog.;FRANKLIN;AR2_FUAE
???;15:02:05;14:31:52;0,0,0;;;;
???;15:02:21;14:31:53;0,0,0;;;;
???;15:02:36;14:31:53;0,0,0;;;;
???;15:02:52;14:31:54;0,0,0;;;;
???;15:03:07;14:31:54;0,0,0;;Man, this whole setup designed to take drug money.;LAMAR;AR2_FUAF
???;15:03:23;14:31:55;0,0,0;;;;
???;15:03:38;14:31:55;0,0,0;;;;
???;15:03:54;14:31:56;0,0,0;;;;
???;15:04:09;14:31:56;0,0,0;;;;
???;15:04:24;14:31:57;0,0,0;;Alright, man, look, we go in quiet. In and out, no fuckin' drama.;FRANKLIN;AR2_FUAG
???;15:04:40;14:31:57;0,0,0;;;;
???;15:04:56;14:31:58;0,0,0;;;;
???;15:05:11;14:31:58;0,0,0;;;;
???;15:05:27;14:31:59;0,0,0;;;;
???;15:05:42;14:32:00;0,0,0;;;;
???;15:05:58;14:32:00;0,0,0;;;;
???;15:06:14;14:32:01;0,0,0;;;;
???;15:06:29;14:32:01;0,0,0;;I'll try, homie. But I'm one loud, dramatic, brash, crazy, greedy, shoot a motherfucker in the back type motherfucker.;LAMAR;AR2_FUAH
???;15:06:45;14:32:02;0,0,0;;;;
???;15:07:00;14:32:02;0,0,0;;;;
???;15:07:16;14:32:03;0,0,0;;;;
???;15:07:31;14:32:03;0,0,0;;;;
???;15:07:47;14:32:04;0,0,0;;;;
???;15:08:03;14:32:04;0,0,0;;;;
???;15:08:18;14:32:05;0,0,0;;;;
???;15:08:34;14:32:05;0,0,0;;;;
???;15:08:49;14:32:06;0,0,0;;;;
???;15:09:05;14:32:06;0,0,0;;And you love me for it, nigga.;LAMAR;AR2_FUAI
???;15:09:21;14:32:07;0,0,0;;;;
???;15:09:36;14:32:07;0,0,0;;;;
???;15:09:51;14:32:08;0,0,0;;That's right homie. Nothing but love, nigga.;FRANKLIN;AR2_FUAJ
???;15:10:07;14:32:08;0,0,0;;;;
???;15:10:22;14:32:09;0,0,0;;;;
???;15:10:38;14:32:09;0,0,0;;;;
???;15:10:53;14:32:10;0,0,0;;;;
???;15:11:09;14:32:10;0,0,0;;;;
???;15:11:25;14:32:11;0,0,0;;;;
???;15:11:40;14:32:11;0,0,0;;That Simeon a funny dude though, huh? It's gonna be a shame when we get to book his ass and jack him for all his shit.;LAMAR;AR2_CUAA
???;15:11:56;14:32:12;0,0,0;;;;
???;15:12:12;14:32:12;0,0,0;;;;
???;15:12:27;14:32:13;0,0,0;;;;
???;15:12:43;14:32:14;0,0,0;;;;
???;15:12:58;14:32:14;0,0,0;;;;
???;15:13:14;14:32:15;0,0,0;;;;
???;15:13:30;14:32:15;0,0,0;;;;
???;15:13:45;14:32:16;0,0,0;;;;
???;15:14:01;14:32:16;0,0,0;;;;
???;15:14:17;14:32:17;0,0,0;;;;
???;15:14:32;14:32:17;0,0,0;;;;
???;15:14:48;14:32:18;0,0,0;;What the fuck you talking about? You a psychotic motherfucker.;FRANKLIN;AR2_CUAB
???;15:15:03;14:32:18;0,0,0;;;;
???;15:15:19;14:32:19;0,0,0;;;;
???;15:15:35;14:32:19;0,0,0;;;;
???;15:15:50;14:32:20;0,0,0;;;;
???;15:16:06;14:32:20;0,0,0;;;;
???;15:16:21;14:32:21;0,0,0;;That's how shit work, ain't it? You do some jobs for a fool, develop a little uneasy relationship.;LAMAR;AR2_CUAC
???;15:16:37;14:32:21;0,0,0;;;;
???;15:16:52;14:32:22;0,0,0;;;;
???;15:17:08;14:32:22;0,0,0;;;;
???;15:17:24;14:32:23;0,0,0;;;;
???;15:17:39;14:32:23;0,0,0;;;;
???;15:17:55;14:32:24;0,0,0;;;;
???;15:18:10;14:32:24;0,0,0;;;;
???;15:18:26;14:32:25;0,0,0;;And then they ask you to do something above and beyond.;LAMAR;AR2_CUAD1
???;15:18:41;14:32:25;0,0,0;;;;
???;15:18:57;14:32:26;0,0,0;;;;
???;15:19:12;14:32:27;0,0,0;;;;
???;15:19:28;14:32:27;0,0,0;;You fall out, fools get capped, then you start all over again with some other fool.;LAMAR;AR2_CUAD2
???;15:19:44;14:32:28;0,0,0;;;;
???;15:19:59;14:32:28;0,0,0;;;;
???;15:20:15;14:32:29;0,0,0;;;;
???;15:20:31;14:32:29;0,0,0;;;;
???;15:20:46;14:32:30;0,0,0;;;;
???;15:21:02;14:32:30;0,0,0;;;;
???;15:21:17;14:32:31;0,0,0;;;;
???;15:21:33;14:32:31;0,0,0;;;;
???;15:21:48;14:32:32;0,0,0;;Where the fuck did you get that from? That ain't my life, dummy.;FRANKLIN;AR2_CUAE
???;15:22:03;14:32:32;0,0,0;;;;
???;15:22:19;14:32:33;0,0,0;;;;
???;15:22:34;14:32:33;0,0,0;;;;
???;15:22:50;14:32:34;0,0,0;;;;
???;15:23:06;14:32:34;0,0,0;;;;
???;15:23:21;14:32:35;0,0,0;;;;
???;15:23:37;14:32:35;0,0,0;;How 'bout the boy with the eye? From 'round the way? Marcus or somethin'?;LAMAR;AR2_CUAF1
???;15:23:52;14:32:36;0,0,0;;;;
???;15:24:08;14:32:36;0,0,0;;;;
???;15:24:23;14:32:37;0,0,0;;;;
???;15:24:39;14:32:37;0,0,0;;;;
???;15:24:54;14:32:38;0,0,0;;;;
???;15:25:10;14:32:38;0,0,0;;;;
???;15:25:26;14:32:39;0,0,0;;You was slanging for him and then he got what was comin', right?;LAMAR;AR2_CUAF2
???;15:25:41;14:32:39;0,0,0;;;;
???;15:25:57;14:32:40;0,0,0;;;;
???;15:26:12;14:32:41;0,0,0;;;;
???;15:26:28;14:32:41;0,0,0;;;;
???;15:26:44;14:32:42;0,0,0;;That was different. That dude had it coming.;FRANKLIN;AR2_CUAG
???;15:26:59;14:32:42;0,0,0;;;;
???;15:27:15;14:32:43;0,0,0;;;;
???;15:27:30;14:32:43;0,0,0;;;;
???;15:27:46;14:32:44;0,0,0;;;;
???;15:28:01;14:32:44;0,0,0;;I don't wanna clap my boy Yetarian either, I like homie. This just smacks of the inevitable.;LAMAR;AR2_CUAH
???;15:28:17;14:32:45;0,0,0;;;;
???;15:28:32;14:32:45;0,0,0;;;;
???;15:28:48;14:32:46;0,0,0;;;;
???;15:29:03;14:32:46;0,0,0;;;;
???;15:29:19;14:32:47;0,0,0;;;;
???;15:29:34;14:32:47;0,0,0;;;;
???;15:29:50;14:32:48;0,0,0;;;;
???;15:30:05;14:32:48;0,0,0;;;;
???;15:30:21;14:32:49;0,0,0;;Look, dog, this time we legit, homie. This honest work. It's gonna end up with us coming up in the world.;FRANKLIN;AR2_CUAI
???;15:30:37;14:32:49;0,0,0;;;;
???;15:30:52;14:32:50;0,0,0;;;;
???;15:31:08;14:32:50;0,0,0;;;;
???;15:31:23;14:32:51;0,0,0;;;;
???;15:31:39;14:32:51;0,0,0;;;;
???;15:31:54;14:32:52;0,0,0;;;;
???;15:32:10;14:32:52;0,0,0;;;;
???;15:32:25;14:32:53;0,0,0;;;;
???;15:32:41;14:32:53;0,0,0;;;;
???;15:32:57;14:32:54;0,0,0;;Oh, really? That's a nice change from fools comin' up on us.;LAMAR;AR2_CUAJ
???;15:33:12;14:32:55;0,0,0;;;;
???;15:33:28;14:32:55;0,0,0;;;;
???;15:33:43;14:32:56;0,0,0;;;;
???;15:33:59;14:32:56;0,0,0;;;;
???;15:34:15;14:32:57;0,0,0;;;;
???;15:34:30;14:32:57;0,0,0;;;;
???;15:34:46;14:32:58;0,0,0;;That's trill, homie.;FRANKLIN;AR2_CUAK
???;15:35:02;14:32:58;0,0,0;;;;
???;15:35:17;14:32:59;0,0,0;;You damn straight that's trill, partner, but it's a shame I don't believe it.;LAMAR;AR2_CUAL1
???;15:35:32;14:32:59;0,0,0;;;;
???;15:35:48;14:33:00;0,0,0;;;;
???;15:36:04;14:33:00;0,0,0;;;;
???;15:36:19;14:33:01;0,0,0;;;;
???;15:36:34;14:33:01;0,0,0;;;;
???;15:36:50;14:33:02;0,0,0;;You wanna drop some notes on that shit, I'll give you the odds, homie.;LAMAR;AR2_CUAL2
???;15:37:06;14:33:02;0,0,0;;;;
???;15:37:21;14:33:03;0,0,0;;;;
???;15:37:37;14:33:03;0,0,0;;;;
???;15:37:52;14:33:04;0,0,0;;;;
???;15:38:08;14:33:04;0,0,0;;;;
???;15:38:24;14:33:05;0,0,0;;You Apache motherfuckers love your bets, huh? You should go work on one of them reservation casinos,;FRANKLIN;AR2_CUAM
???;15:38:39;14:33:05;0,0,0;;;;
???;15:38:55;14:33:06;0,0,0;;;;
???;15:39:10;14:33:06;0,0,0;;;;
???;15:39:26;14:33:07;0,0,0;;;;
???;15:39:41;14:33:07;0,0,0;;;;
???;15:39:57;14:33:08;0,0,0;;;;
???;15:40:12;14:33:09;0,0,0;;;;
???;15:40:28;14:33:09;0,0,0;;;;
???;15:40:43;14:33:10;0,0,0;;;;
???;15:40:59;14:33:10;0,0,0;;;;
???;15:41:15;14:33:11;0,0,0;;Only they'd kick yo' ass out for being a fraudulent imposter, motherfucker.;FRANKLIN;AR2_CUAN
???;15:41:30;14:33:11;0,0,0;;;;
???;15:41:46;14:33:12;0,0,0;;;;
???;15:42:01;14:33:12;0,0,0;;;;
???;15:42:17;14:33:13;0,0,0;;;;
???;15:42:33;14:33:13;0,0,0;;;;
???;15:42:48;14:33:14;0,0,0;;;;
???;15:43:04;14:33:14;0,0,0;;You, and all yo' little racial stereotypes and shit? I find 'em offensive. I'm very sensitive to your intolerance, my nigga.;LAMAR;AR2_CUAO
???;15:43:19;14:33:15;0,0,0;;;;
???;15:43:35;14:33:15;0,0,0;;;;
???;15:43:51;14:33:16;0,0,0;;;;
???;15:44:06;14:33:16;0,0,0;;;;
???;15:44:22;14:33:17;0,0,0;;;;
???;15:44:37;14:33:17;0,0,0;;;;
???;15:44:53;14:33:18;0,0,0;;;;
???;15:45:09;14:33:18;0,0,0;;;;
???;15:45:24;14:33:19;0,0,0;;;;
???;15:45:40;14:33:19;0,0,0;;;;
???;15:45:55;14:33:20;0,0,0;;;;
???;15:46:11;14:33:20;0,0,0;;;;
???;15:46:27;14:33:21;0,0,0;;;;
???;15:46:42;14:33:22;0,0,0;;;;
???;15:46:58;14:33:22;0,0,0;;;;
???;15:47:13;14:33:23;0,0,0;;;;
???;15:47:29;14:33:23;0,0,0;;;;
???;15:47:44;14:33:24;0,0,0;;;;
???;15:48:00;14:33:24;0,0,0;;;;
???;15:48:16;14:33:25;0,0,0;;;;
???;15:48:31;14:33:25;0,0,0;;;;
???;15:48:47;14:33:26;0,0,0;;;;
???;15:49:03;14:33:26;0,0,0;;;;
???;15:49:18;14:33:27;0,0,0;;;;
???;15:49:34;14:33:27;0,0,0;;;;
???;15:49:49;14:33:28;0,0,0;;;;
???;15:50:04;14:33:28;0,0,0;;;;
???;15:50:20;14:33:29;0,0,0;;;;
???;15:50:35;14:33:29;0,0,0;;;;
???;15:50:51;14:33:30;0,0,0;;;;
???;15:51:06;14:33:30;0,0,0;;;;
???;15:51:22;14:33:31;0,0,0;;;;
???;15:51:37;14:33:31;0,0,0;;;;
???;15:51:53;14:33:32;0,0,0;;;;
???;15:52:08;14:33:32;0,0,0;;;;
???;15:52:24;14:33:33;0,0,0;;;;
???;15:52:39;14:33:33;0,0,0;;;;
???;15:52:55;14:33:34;0,0,0;;;;
???;15:53:10;14:33:34;0,0,0;;;;
???;15:53:26;14:33:35;0,0,0;;;;
???;15:53:42;14:33:35;0,0,0;;;;
???;15:53:57;14:33:36;0,0,0;;;;
???;15:54:13;14:33:37;0,0,0;;;;
???;15:54:28;14:33:37;0,0,0;;;;
???;15:54:44;14:33:38;0,0,0;;;;
???;15:54:59;14:33:38;0,0,0;;;;
???;15:55:15;14:33:39;0,0,0;;;;
???;15:55:31;14:33:39;0,0,0;;;;
???;15:55:46;14:33:40;0,0,0;;;;
???;15:56:01;14:33:40;0,0,0;;;;
???;15:56:17;14:33:41;0,0,0;;;;
???;15:56:33;14:33:41;0,0,0;;;;
???;15:56:48;14:33:42;0,0,0;;;;
???;15:57:04;14:33:42;0,0,0;;;;
???;15:57:19;14:33:43;0,0,0;;;;
???;15:57:35;14:33:43;0,0,0;;;;
???;15:57:50;14:33:44;0,0,0;;;;
???;15:58:06;14:33:44;0,0,0;;;;
???;15:58:22;14:33:45;0,0,0;;;;
???;15:58:37;14:33:45;0,0,0;;;;
???;15:58:53;14:33:46;0,0,0;;;;
???;15:59:08;14:33:46;0,0,0;;;;
???;15:59:24;14:33:47;0,0,0;;;;
???;15:59:40;14:33:47;0,0,0;;;;
???;15:59:55;14:33:48;0,0,0;;;;
???;16:00:11;14:33:48;0,0,0;;;;
???;16:00:26;14:33:49;0,0,0;;;;
???;16:00:42;14:33:49;0,0,0;;;;
???;16:00:57;14:33:50;0,0,0;;;;
???;16:01:13;14:33:51;0,0,0;;;;
???;16:01:28;14:33:51;0,0,0;;;;
???;16:01:44;14:33:52;0,0,0;;;;
???;16:01:59;14:33:52;0,0,0;;;;
???;16:02:15;14:33:53;0,0,0;;;;
???;16:02:31;14:33:53;0,0,0;;;;
???;16:02:46;14:33:54;0,0,0;;;;
???;16:03:02;14:33:54;0,0,0;;;;
???;16:03:17;14:33:55;0,0,0;;;;
???;16:03:33;14:33:55;0,0,0;;;;
???;16:03:48;14:33:56;0,0,0;;;;
???;16:04:04;14:33:56;0,0,0;;;;
???;16:04:19;14:33:57;0,0,0;;;;
???;16:04:35;14:33:57;0,0,0;;;;
???;16:04:50;14:33:58;0,0,0;;;;
???;16:05:06;14:33:58;0,0,0;;;;
???;16:05:21;14:33:59;0,0,0;;;;
???;16:05:37;14:33:59;0,0,0;;;;
???;16:05:52;14:34:00;0,0,0;;;;
???;16:06:08;14:34:00;0,0,0;;;;
???;16:06:24;14:34:01;0,0,0;;;;
???;16:06:39;14:34:01;0,0,0;;;;
???;16:06:54;14:34:02;0,0,0;;;;
???;16:07:10;14:34:02;0,0,0;;;;
???;16:07:26;14:34:03;0,0,0;;;;
???;16:07:41;14:34:03;0,0,0;;;;
???;16:07:57;14:34:04;0,0,0;;;;
???;16:08:12;14:34:05;0,0,0;;;;
???;16:08:28;14:34:05;0,0,0;;;;
???;16:08:44;14:34:06;0,0,0;;;;
???;16:08:59;14:34:06;0,0,0;;;;
???;16:09:15;14:34:07;0,0,0;;;;
???;16:09:30;14:34:07;0,0,0;;;;
???;16:09:46;14:34:08;0,0,0;;;;
???;16:10:01;14:34:08;0,0,0;;;;
???;16:10:17;14:34:09;0,0,0;;;;
???;16:10:33;14:34:09;0,0,0;;;;
???;16:10:48;14:34:10;0,0,0;;;;
???;16:11:04;14:34:10;0,0,0;;;;
???;16:11:19;14:34:11;0,0,0;;;;
???;16:11:34;14:34:11;0,0,0;;;;
???;16:11:50;14:34:12;0,0,0;;;;
???;16:12:05;14:34:12;0,0,0;;;;
???;16:12:21;14:34:13;0,0,0;;;;
???;16:12:37;14:34:13;0,0,0;;;;
???;16:12:52;14:34:14;0,0,0;;;;
???;16:13:08;14:34:14;0,0,0;;;;
???;16:13:23;14:34:15;0,0,0;;;;
???;16:13:39;14:34:15;0,0,0;;;;
???;16:13:54;14:34:16;0,0,0;;;;
???;16:14:10;14:34:16;0,0,0;;;;
???;16:14:26;14:34:17;0,0,0;;;;
???;16:14:41;14:34:17;0,0,0;;;;
???;16:14:57;14:34:18;0,0,0;;;;
???;16:15:12;14:34:19;0,0,0;;;;
???;16:15:28;14:34:19;0,0,0;;;;
???;16:15:44;14:34:20;0,0,0;;;;
???;16:15:59;14:34:20;0,0,0;;;;
???;16:16:15;14:34:21;0,0,0;;;;
???;16:16:31;14:34:21;0,0,0;;;;
???;16:16:46;14:34:22;0,0,0;;;;
???;16:17:02;14:34:22;0,0,0;;;;
???;16:17:18;14:34:23;0,0,0;;;;
???;16:17:33;14:34:23;0,0,0;;;;
???;16:17:49;14:34:24;0,0,0;;;;
???;16:18:05;14:34:24;0,0,0;;;;
???;16:18:20;14:34:25;0,0,0;;;;
???;16:18:36;14:34:25;0,0,0;;;;
???;16:18:52;14:34:26;0,0,0;;;;
???;16:19:07;14:34:26;0,0,0;;;;
???;16:19:23;14:34:27;0,0,0;;;;
???;16:19:38;14:34:27;0,0,0;;;;
???;16:19:54;14:34:28;0,0,0;;;;
???;16:20:09;14:34:28;0,0,0;;;;
???;16:20:25;14:34:29;0,0,0;;;;
???;16:20:40;14:34:29;0,0,0;;;;
???;16:20:56;14:34:30;0,0,0;;;;
???;16:21:11;14:34:30;0,0,0;;;;
???;16:21:27;14:34:31;0,0,0;;;;
???;16:21:42;14:34:32;0,0,0;;;;
???;16:21:58;14:34:32;0,0,0;;;;
???;16:22:13;14:34:33;0,0,0;;;;
???;16:22:29;14:34:33;0,0,0;;;;
???;16:22:44;14:34:34;0,0,0;;;;
???;16:23:00;14:34:34;0,0,0;;;;
???;16:23:16;14:34:35;0,0,0;;;;
???;16:23:31;14:34:35;0,0,0;;;;
???;16:23:47;14:34:36;0,0,0;;;;
???;16:24:02;14:34:36;0,0,0;;;;
???;16:24:18;14:34:37;0,0,0;;;;
???;16:24:33;14:34:37;0,0,0;;;;
???;16:24:48;14:34:38;0,0,0;;;;
???;16:25:04;14:34:38;0,0,0;;;;
???;16:25:19;14:34:39;0,0,0;;;;
???;16:25:35;14:34:39;0,0,0;;;;
???;16:25:51;14:34:40;0,0,0;;;;
???;16:26:06;14:34:40;0,0,0;;;;
???;16:26:22;14:34:41;0,0,0;;;;
???;16:26:37;14:34:41;0,0,0;;;;
???;16:26:53;14:34:42;0,0,0;;;;
???;16:27:08;14:34:42;0,0,0;;;;
???;16:27:24;14:34:43;0,0,0;;;;
???;16:27:39;14:34:43;0,0,0;;;;
???;16:27:55;14:34:44;0,0,0;;;;
???;16:28:11;14:34:44;0,0,0;;;;
???;16:28:26;14:34:45;0,0,0;;;;
???;16:28:42;14:34:45;0,0,0;;;;
???;16:28:57;14:34:46;0,0,0;;;;
???;16:29:13;14:34:47;0,0,0;;;;
???;16:29:28;14:34:47;0,0,0;;;;
???;16:29:44;14:34:48;0,0,0;;;;
???;16:30:00;14:34:48;0,0,0;;;;
???;16:30:15;14:34:49;0,0,0;;;;
???;16:30:30;14:34:49;0,0,0;;;;
???;16:30:46;14:34:50;0,0,0;;;;
???;16:31:02;14:34:50;0,0,0;;;;
???;16:31:17;14:34:51;0,0,0;;;;
???;16:31:33;14:34:51;0,0,0;;;;
???;16:31:48;14:34:52;0,0,0;;;;
???;16:32:04;14:34:52;0,0,0;;;;
???;16:32:19;14:34:53;0,0,0;;;;
???;16:32:35;14:34:53;0,0,0;;;;
???;16:32:51;14:34:54;0,0,0;;;;
???;16:33:06;14:34:54;0,0,0;;;;
???;16:33:21;14:34:55;0,0,0;;;;
???;16:33:37;14:34:55;0,0,0;;;;
???;16:33:53;14:34:56;0,0,0;;;;
???;16:34:08;14:34:56;0,0,0;;;;
???;16:34:24;14:34:57;0,0,0;;;;
???;16:34:39;14:34:57;0,0,0;;;;
???;16:34:55;14:34:58;0,0,0;;;;
???;16:35:10;14:34:58;0,0,0;;;;
???;16:35:26;14:34:59;0,0,0;;;;
???;16:35:41;14:34:59;0,0,0;;;;
???;16:35:57;14:35:00;0,0,0;;;;
???;16:36:12;14:35:01;0,0,0;;;;
???;16:36:28;14:35:01;0,0,0;;;;
???;16:36:44;14:35:02;0,0,0;;;;
???;16:36:59;14:35:02;0,0,0;;;;
???;16:37:15;14:35:03;0,0,0;;;;
???;16:37:30;14:35:03;0,0,0;;;;
???;16:37:46;14:35:04;0,0,0;;;;
???;16:38:02;14:35:04;0,0,0;;;;
???;16:38:17;14:35:05;0,0,0;;;;
???;16:38:33;14:35:05;0,0,0;;;;
???;16:38:48;14:35:06;0,0,0;;;;
???;16:39:04;14:35:06;0,0,0;;;;
???;16:39:20;14:35:07;0,0,0;;;;
???;16:39:35;14:35:07;0,0,0;;;;
???;16:39:51;14:35:08;0,0,0;;;;
???;16:40:06;14:35:08;0,0,0;;;;
???;16:40:22;14:35:09;0,0,0;;;;
???;16:40:37;14:35:09;0,0,0;;;;
???;16:40:53;14:35:10;0,0,0;;;;
???;16:41:08;14:35:10;0,0,0;;;;
???;16:41:24;14:35:11;0,0,0;;;;
???;16:41:40;14:35:11;0,0,0;;;;
???;16:41:55;14:35:12;0,0,0;;;;
???;16:42:11;14:35:12;0,0,0;;;;
???;16:42:26;14:35:13;0,0,0;;;;
???;16:42:42;14:35:13;0,0,0;;;;
???;16:42:57;14:35:14;0,0,0;;;;
???;16:43:13;14:35:15;0,0,0;;;;
???;16:43:28;14:35:15;0,0,0;;;;
???;16:43:44;14:35:16;0,0,0;;;;
???;16:43:59;14:35:16;0,0,0;;;;
???;16:44:15;14:35:17;0,0,0;;;;
???;16:44:31;14:35:17;0,0,0;;;;
???;16:44:46;14:35:18;0,0,0;;;;
???;16:45:02;14:35:18;0,0,0;;;;
???;16:45:17;14:35:19;0,0,0;;;;
???;16:45:33;14:35:19;0,0,0;;;;
???;16:45:48;14:35:20;0,0,0;;;;
???;16:46:04;14:35:20;0,0,0;;;;
???;16:46:20;14:35:21;0,0,0;;;;
???;16:46:35;14:35:21;0,0,0;;;;
???;16:46:51;14:35:22;0,0,0;;;;
???;16:47:06;14:35:22;0,0,0;;;;
???;16:47:22;14:35:23;0,0,0;;;;
???;16:47:37;14:35:23;0,0,0;;;;
???;16:47:53;14:35:24;0,0,0;;;;
???;16:48:08;14:35:24;0,0,0;;;;
???;16:48:24;14:35:25;0,0,0;;;;
???;16:48:40;14:35:25;0,0,0;;;;
???;16:48:55;14:35:26;0,0,0;;;;
???;16:49:11;14:35:26;0,0,0;;;;
???;16:49:27;14:35:27;0,0,0;;;;
???;16:49:42;14:35:28;0,0,0;;;;
???;16:49:58;14:35:28;0,0,0;;;;
???;16:50:13;14:35:29;0,0,0;;;;
???;16:50:29;14:35:29;0,0,0;;;;
???;16:50:44;14:35:30;0,0,0;;;;
???;16:51:00;14:35:30;0,0,0;;;;
???;16:51:15;14:35:31;0,0,0;;;;
???;16:51:31;14:35:31;0,0,0;;;;
???;16:51:47;14:35:32;0,0,0;;;;
???;16:52:02;14:35:32;0,0,0;;;;
???;16:52:18;14:35:33;0,0,0;;;;
???;16:52:33;14:35:33;0,0,0;;;;
???;16:52:49;14:35:34;0,0,0;;;;
???;16:53:04;14:35:34;0,0,0;;;;
???;16:53:20;14:35:35;0,0,0;;;;
???;16:53:35;14:35:35;0,0,0;;;;
???;16:53:51;14:35:36;0,0,0;;;;
???;16:54:06;14:35:36;0,0,0;;;;
???;16:54:22;14:35:37;0,0,0;;;;
???;16:54:37;14:35:37;0,0,0;;;;
???;16:54:53;14:35:38;0,0,0;;;;
???;16:55:09;14:35:38;0,0,0;;;;
???;16:55:24;14:35:39;0,0,0;;;;
???;16:55:40;14:35:39;0,0,0;;;;
???;16:55:55;14:35:40;0,0,0;;;;
???;16:56:10;14:35:40;0,0,0;;;;
???;16:56:26;14:35:41;0,0,0;;;;
???;16:56:42;14:35:41;0,0,0;;;;
???;16:56:57;14:35:42;0,0,0;;;;
???;16:57:13;14:35:43;0,0,0;;;;
???;16:57:28;14:35:43;0,0,0;;;;
???;16:57:44;14:35:44;0,0,0;;;;
???;16:57:59;14:35:44;0,0,0;;;;
???;16:58:14;14:35:45;0,0,0;;;;
???;16:58:30;14:35:45;0,0,0;;;;
???;16:58:46;14:35:46;0,0,0;;;;
???;16:59:01;14:35:46;0,0,0;;;;
???;16:59:17;14:35:47;0,0,0;;;;
???;16:59:18;14:36:30;0,0,0;;;;
???;16:59:34;14:36:31;0,0,0;;;;
???;16:59:49;14:36:31;0,0,0;;;;
???;17:00:05;14:36:32;0,0,0;;;;
???;17:00:20;14:36:32;0,0,0;;;;
???;17:00:36;14:36:33;0,0,0;;;;
???;17:00:51;14:36:33;0,0,0;;;;
???;17:01:07;14:36:34;0,0,0;;;;
???;17:01:22;14:36:34;0,0,0;;;;
???;17:01:38;14:36:35;0,0,0;;;;
???;17:01:53;14:36:35;0,0,0;;;;
???;17:02:09;14:36:36;0,0,0;;;;
???;17:02:24;14:36:36;0,0,0;;;;
???;17:02:40;14:36:37;0,0,0;;;;
???;17:02:55;14:36:37;0,0,0;;;;
???;17:03:11;14:36:38;0,0,0;;;;
???;17:03:26;14:36:38;0,0,0;;;;
???;17:03:42;14:36:39;0,0,0;;;;
???;17:03:57;14:36:40;0,0,0;;;;
???;17:04:13;14:36:40;0,0,0;;;;
???;17:04:29;14:36:41;0,0,0;;;;
???;17:04:44;14:36:41;0,0,0;;;;
???;17:05:00;14:36:42;0,0,0;;;;
???;17:05:15;14:36:42;0,0,0;;;;
???;17:05:31;14:36:43;0,0,0;;;;
???;17:05:46;14:36:43;0,0,0;;;;
???;17:06:02;14:36:44;0,0,0;;;;
???;17:06:18;14:36:44;0,0,0;;;;
???;17:06:33;14:36:45;0,0,0;;;;
???;17:06:49;14:36:45;0,0,0;;;;
???;17:07:04;14:36:46;0,0,0;;;;
???;17:07:20;14:36:46;0,0,0;;;;
???;17:07:35;14:36:47;0,0,0;;;;
???;17:07:51;14:36:47;0,0,0;;The bike should be in one of the lockups down here.;LAMAR;AR2_ADAA
???;17:08:06;14:36:48;0,0,0;;;;
???;17:08:22;14:36:48;0,0,0;;;;
???;17:08:38;14:36:49;0,0,0;;;;
???;17:08:53;14:36:49;0,0,0;;;;
???;17:09:09;14:36:50;0,0,0;;"Should be" is the story of your life, asshole.;FRANKLIN;AR2_ADAB
???;17:09:24;14:36:50;0,0,0;;;;
???;17:09:40;14:36:51;0,0,0;;;;
???;17:09:55;14:36:51;0,0,0;;;;
???;17:10:11;14:36:52;0,0,0;;;;
???;17:10:26;14:36:52;0,0,0;;;;
???;17:10:42;14:36:53;0,0,0;;;;
???;17:10:58;14:36:54;0,0,0;;;;
???;17:11:13;14:36:54;0,0,0;;;;
???;17:11:30;14:36:55;0,0,0;;;;
???;17:11:45;14:36:55;0,0,0;;;;
???;17:12:01;14:36:56;0,0,0;;;;
???;17:12:16;14:36:56;0,0,0;;;;
???;17:12:32;14:36:57;0,0,0;;;;
???;17:12:47;14:36:57;0,0,0;;;;
???;17:13:03;14:36:58;0,0,0;;;;
???;17:13:11;14:36:58;0,0,0;;;;
???;17:13:13;14:36:59;0,0,0;;;;
???;17:13:18;14:36:59;0,0,0;;;;
???;17:13:33;14:37:00;0,0,0;;Heeeeeey!;ARM2bum;AR2_DFAA
???;17:13:49;14:37:00;0,0,0;;;;
???;17:14:04;14:37:01;0,0,0;;;;
???;17:14:20;14:37:01;0,0,0;;;;
???;17:14:35;14:37:02;0,0,0;;I think this crazy motherfucker want something.;LAMAR;AR2_BIAA
???;17:14:51;14:37:02;0,0,0;;;;
???;17:15:07;14:37:03;0,0,0;;;;
???;17:15:22;14:37:03;0,0,0;;;;
???;17:15:38;14:37:04;0,0,0;;;;
???;17:15:53;14:37:04;0,0,0;;;;
???;17:16:09;14:37:05;0,0,0;;;;
???;17:16:24;14:37:05;0,0,0;;;;
???;17:16:40;14:37:06;0,0,0;;;;
???;17:16:55;14:37:07;0,0,0;;;;
???;17:17:11;14:37:07;0,0,0;;Hey, what's up homie? You alright?;LAMAR;AR2_DFAC
???;17:17:27;14:37:08;0,0,0;;;;
???;17:17:42;14:37:08;0,0,0;;;;
???;17:17:58;14:37:09;0,0,0;;Away, away, away from me! Zapho agents!;ARM2bum;AR2_DFAD
???;17:18:13;14:37:09;0,0,0;;;;
???;17:18:29;14:37:10;0,0,0;;;;
???;17:18:44;14:37:10;0,0,0;;;;
???;17:19:00;14:37:11;0,0,0;;;;
???;17:19:15;14:37:11;0,0,0;;;;
???;17:19:31;14:37:12;0,0,0;;;;
???;17:19:47;14:37:12;0,0,0;;;;
???;17:20:02;14:37:13;0,0,0;;;;
???;17:20:18;14:37:13;0,0,0;;Yeah you thought I was gonna hit yo' bitch-ass, huh? Drunk-ass nigga.;LAMAR;AR2_DFAF
???;17:20:33;14:37:14;0,0,0;;;;
???;17:20:49;14:37:14;0,0,0;;;;
???;17:21:04;14:37:15;0,0,0;;;;
???;17:21:20;14:37:15;0,0,0;;;;
???;17:21:36;14:37:16;0,0,0;;;;
???;17:21:51;14:37:16;0,0,0;;;;
???;17:22:07;14:37:17;0,0,0;;;;
???;17:22:22;14:37:17;0,0,0;;;;
???;17:22:38;14:37:18;0,0,0;;;;
???;17:22:54;14:37:18;0,0,0;;Shit, man, play it cool.;LAMAR;AR2_ZAAA
???;17:23:09;14:37:19;0,0,0;;;;
???;17:23:25;14:37:19;0,0,0;;;;
???;17:23:40;14:37:20;0,0,0;;;;
???;17:23:56;14:37:21;0,0,0;;;;
???;17:24:11;14:37:21;0,0,0;;;;
???;17:24:27;14:37:22;0,0,0;;;;
???;17:24:43;14:37:22;0,0,0;;;;
???;17:24:58;14:37:23;0,0,0;;;;
???;17:25:14;14:37:23;0,0,0;;;;
???;17:25:29;14:37:24;0,0,0;;;;
???;17:25:45;14:37:24;0,0,0;;Yeah, that's right. Keep it moving, bitch.;LAMAR;AR2_BJAA
???;17:26:01;14:37:25;0,0,0;;;;
???;17:26:16;14:37:25;0,0,0;;;;
???;17:26:32;14:37:26;0,0,0;;;;
???;17:26:48;14:37:26;0,0,0;;;;
???;17:27:03;14:37:27;0,0,0;;Man, I don't like this shit one bit.;FRANKLIN;AR2_BJAB
???;17:27:19;14:37:27;0,0,0;;;;
???;17:27:34;14:37:28;0,0,0;;;;
???;17:27:50;14:37:28;0,0,0;;;;
???;17:28:05;14:37:29;0,0,0;;;;
???;17:28:21;14:37:29;0,0,0;;;;
???;17:28:37;14:37:30;0,0,0;;;;
???;17:28:52;14:37:30;0,0,0;;;;
???;17:29:08;14:37:31;0,0,0;;;;
???;17:29:23;14:37:31;0,0,0;;;;
???;17:29:39;14:37:32;0,0,0;;;;
???;17:29:55;14:37:32;0,0,0;;;;
???;17:30:10;14:37:33;0,0,0;;;;
???;17:30:26;14:37:34;0,0,0;;Hey, look, let's keep it smooth, homie.;FRANKLIN;AR2_AGAA
???;17:30:41;14:37:34;0,0,0;;;;
???;17:30:57;14:37:35;0,0,0;;;;
???;17:31:13;14:37:35;0,0,0;;Man, your pussy the only thing that's smooth up in this shit.;LAMAR;AR2_AGAB
???;17:31:28;14:37:36;0,0,0;;;;
???;17:31:44;14:37:36;0,0,0;;;;
???;17:31:59;14:37:37;0,0,0;;;;
???;17:32:15;14:37:37;0,0,0;;;;
???;17:32:31;14:37:38;0,0,0;;;;
???;17:32:46;14:37:38;0,0,0;;Man, what exactly did I do in a past life to deserve your stupid ass?;FRANKLIN;AR2_AGAC
???;17:33:02;14:37:39;0,0,0;;;;
???;17:33:18;14:37:39;0,0,0;;;;
???;17:33:33;14:37:40;0,0,0;;;;
???;17:33:49;14:37:40;0,0,0;;;;
???;17:34:04;14:37:41;0,0,0;;;;
???;17:34:20;14:37:41;0,0,0;;;;
???;17:34:35;14:37:42;0,0,0;;This a routine lick, dog. Chill.;LAMAR;AR2_AGAD
???;17:34:51;14:37:42;0,0,0;;;;
???;17:35:07;14:37:43;0,0,0;;;;
???;17:35:22;14:37:43;0,0,0;;;;
???;17:35:38;14:37:44;0,0,0;;Do them Vagos look routine? This is Shady Ass Alley!;FRANKLIN;AR2_AGAE
???;17:35:54;14:37:44;0,0,0;;;;
???;17:36:09;14:37:45;0,0,0;;;;
???;17:36:25;14:37:45;0,0,0;;;;
???;17:36:41;14:37:46;0,0,0;;;;
???;17:36:56;14:37:47;0,0,0;;;;
???;17:37:12;14:37:47;0,0,0;;;;
???;17:37:27;14:37:48;0,0,0;;Shit, we in Vespucci Beach.;LAMAR;AR2_AGAF
???;17:37:43;14:37:48;0,0,0;;;;
???;17:37:58;14:37:49;0,0,0;;;;
???;17:38:14;14:37:49;0,0,0;;We on the wrong side of Vespucci Beach. You should know, a block makes a difference.;FRANKLIN;AR2_AGAG
???;17:38:29;14:37:50;0,0,0;;;;
???;17:38:45;14:37:50;0,0,0;;;;
???;17:39:00;14:37:51;0,0,0;;;;
???;17:39:16;14:37:51;0,0,0;;;;
???;17:39:32;14:37:52;0,0,0;;;;
???;17:39:47;14:37:52;0,0,0;;;;
???;17:40:03;14:37:53;0,0,0;;;;
???;17:40:18;14:37:53;0,0,0;;Eh, eh, eh, hold up.;LAMAR;AR2_AGAH
???;17:40:34;14:37:54;0,0,0;;;;
???;17:40:49;14:37:54;0,0,0;;;;
???;17:41:05;14:37:55;0,0,0;;;;
???;17:41:20;14:37:55;0,0,0;;It's in one of these lockups.;LAMAR;AR2_FDAA
???;17:41:36;14:37:56;0,0,0;;;;
???;17:41:52;14:37:56;0,0,0;;;;
???;17:42:07;14:37:57;0,0,0;;;;
???;17:42:23;14:37:57;0,0,0;;;;
???;17:42:36;14:37:58;0,0,0;;;;
???;17:42:36;14:37:58;0,0,0;;;;
???;17:42:36;14:37:59;0,0,0;;;;
???;17:42:36;14:38:00;0,0,0;;;;
???;17:42:36;14:38:00;0,0,0;;;;
???;17:42:36;14:38:01;0,0,0;;;;
???;17:42:36;14:38:01;0,0,0;;;;
???;17:42:36;14:38:02;0,0,0;;Man, ain't this 'bout a bitch?;Cutscene;Cutscene
???;17:42:36;14:38:02;0,0,0;;;;
???;17:42:36;14:38:03;0,0,0;;;;
???;17:42:36;14:38:03;0,0,0;;;;
???;17:42:36;14:38:04;0,0,0;;Ain't no motherfucking bike in here, man.;Cutscene;Cutscene
???;17:42:36;14:38:04;0,0,0;;;;
???;17:42:36;14:38:05;0,0,0;;;;
???;17:42:36;14:38:05;0,0,0;;;;
???;17:42:36;14:38:06;0,0,0;;No shit, nigga.;Cutscene;Cutscene
???;17:42:36;14:38:06;0,0,0;;;;
???;17:42:36;14:38:07;0,0,0;;;;
???;17:42:36;14:38:07;0,0,0;;Hola, amigos!;Cutscene;Cutscene
???;17:42:36;14:38:08;0,0,0;;;;
???;17:42:36;14:38:08;0,0,0;;;;
???;17:42:36;14:38:09;0,0,0;;Hola, ese.;Cutscene;Cutscene
???;17:42:36;14:38:09;0,0,0;;;;
???;17:42:36;14:38:10;0,0,0;;Oh, we just saw you trying to creep up in here, man.;Cutscene;Cutscene
???;17:42:36;14:38:10;0,0,0;;;;
???;17:42:36;14:38:11;0,0,0;;;;
???;17:42:36;14:38:11;0,0,0;;;;
???;17:42:36;14:38:12;0,0,0;;Yeah?;Cutscene;Cutscene
???;17:42:36;14:38:12;0,0,0;;You saw this, motherfucker?;Cutscene;Cutscene
???;17:42:36;14:38:13;0,0,0;;;;
???;17:42:36;14:38:13;0,0,0;;;;
???;17:42:36;14:38:14;0,0,0;;;;
???;17:42:36;14:38:15;0,0,0;;;;
???;17:42:36;14:38:15;0,0,0;;;;
???;17:42:36;14:38:16;0,0,0;;;;
???;17:42:36;14:38:16;0,0,0;;;;
???;17:42:36;14:38:17;0,0,0;;;;
???;17:42:36;14:38:17;0,0,0;;Motherfucker!;Cutscene;Cutscene
???;17:42:36;14:38:18;0,0,0;;Come on down everybody! Come on down!;Cutscene;Cutscene
???;17:42:36;14:38:18;0,0,0;;;;
???;17:42:36;14:38:19;0,0,0;;Hey, nigga,;Cutscene;Cutscene
???;17:42:36;14:38:19;0,0,0;;I would have just gotten my ass beat over a fucking gun fight.;Cutscene;Cutscene
???;17:42:36;14:38:20;0,0,0;;;;
???;17:42:36;14:38:20;0,0,0;;;;
???;17:42:36;14:38:21;0,0,0;;;;
???;17:42:36;14:38:21;0,0,0;;;;
???;17:42:36;14:38:22;0,0,0;;;;
???;17:42:43;14:38:22;0,0,0;;;;
???;17:42:59;14:38:23;0,0,0;;;;
???;17:43:15;14:38:23;0,0,0;;;;
???;17:43:30;14:38:24;0,0,0;;;;
???;17:43:46;14:38:24;0,0,0;;;;
???;17:43:54;14:38:25;0,0,0;;;;
???;17:44:02;14:38:25;0,0,0;;;;
???;17:44:18;14:38:26;0,0,0;;;;
???;17:44:33;14:38:26;0,0,0;;;;
???;17:44:49;14:38:27;0,0,0;;;;
???;17:45:04;14:38:28;0,0,0;;;;
???;17:45:20;14:38:28;0,0,0;;;;
???;17:45:36;14:38:29;0,0,0;;;;
???;17:45:51;14:38:29;0,0,0;;;;
???;17:46:07;14:38:30;0,0,0;;;;
???;17:46:22;14:38:30;0,0,0;;;;
???;17:46:38;14:38:31;0,0,0;;;;
???;17:46:53;14:38:31;0,0,0;;;;
???;17:47:09;14:38:32;0,0,0;;;;
???;17:47:24;14:38:32;0,0,0;;;;
???;17:47:40;14:38:33;0,0,0;;;;
???;17:47:56;14:38:33;0,0,0;;Find your bitch-ass some cover.;LAMAR;AR2_FIAA
???;17:48:11;14:38:34;0,0,0;;;;
???;17:48:27;14:38:34;0,0,0;;;;
???;17:48:42;14:38:35;0,0,0;;;;
???;17:48:58;14:38:35;0,0,0;;We got to move!;LAMAR;AR2_FJAA
???;17:49:13;14:38:36;0,0,0;;;;
???;17:49:29;14:38:36;0,0,0;;;;
???;17:49:45;14:38:37;0,0,0;;;;
???;17:50:00;14:38:37;0,0,0;;Get in behind that truck, homie.;LAMAR;AR2_HIAA
???;17:50:16;14:38:38;0,0,0;;;;
???;17:50:31;14:38:38;0,0,0;;;;
???;17:50:47;14:38:39;0,0,0;;;;
???;17:51:03;14:38:39;0,0,0;;;;
???;17:51:18;14:38:40;0,0,0;;They got me pinned down! Shoot the gas can!;LAMAR;AR2_DLAA
???;17:51:34;14:38:40;0,0,0;;;;
???;17:51:49;14:38:41;0,0,0;;;;
???;17:52:05;14:38:42;0,0,0;;;;
???;17:52:20;14:38:42;0,0,0;;;;
???;17:52:36;14:38:43;0,0,0;;Follow me, let's get through this.;LAMAR;AR2_BWAB
???;17:52:51;14:38:43;0,0,0;;;;
???;17:53:07;14:38:44;0,0,0;;;;
???;17:53:23;14:38:44;0,0,0;;;;
???;17:53:38;14:38:45;0,0,0;;Damn, man. Just when I thought this shit was clearing up.;LAMAR;AR2_DIAA
???;17:53:54;14:38:45;0,0,0;;;;
???;17:54:09;14:38:46;0,0,0;;;;
???;17:54:25;14:38:46;0,0,0;;;;
???;17:54:41;14:38:47;0,0,0;;;;
???;17:54:56;14:38:47;0,0,0;;;;
???;17:55:12;14:38:48;0,0,0;;;;
???;17:55:27;14:38:48;0,0,0;;;;
???;17:55:43;14:38:49;0,0,0;;You make friends wherever your ass go, nigga.;FRANKLIN;AR2_DRAA
???;17:55:58;14:38:49;0,0,0;;;;
???;17:56:14;14:38:50;0,0,0;;;;
???;17:56:29;14:38:50;0,0,0;;;;
???;17:56:45;14:38:51;0,0,0;;;;
???;17:57:00;14:38:51;0,0,0;;;;
???;17:57:16;14:38:52;0,0,0;;That nigga up there, shoot that nigga! Bust his ass!;LAMAR;AR2_ARAA
???;17:57:31;14:38:52;0,0,0;;;;
???;17:57:47;14:38:53;0,0,0;;;;
???;17:58:02;14:38:53;0,0,0;;;;
???;17:58:18;14:38:54;0,0,0;;;;
???;17:58:33;14:38:54;0,0,0;;Check that door! They trying to mash on us!;LAMAR;AR2_HWAA
???;17:58:49;14:38:55;0,0,0;;;;
???;17:59:05;14:38:56;0,0,0;;;;
???;17:59:20;14:38:56;0,0,0;;;;
???;17:59:36;14:38:57;0,0,0;;;;
???;17:59:51;14:38:57;0,0,0;;;;
???;18:00:07;14:38:58;0,0,0;;They trying to bail! Get that ride!;LAMAR;AR2_DNAA
???;18:00:22;14:38:58;0,0,0;;;;
???;18:00:38;14:38:59;0,0,0;;;;
???;18:00:53;14:38:59;0,0,0;;;;
???;18:01:09;14:39:00;0,0,0;;;;
???;18:01:25;14:39:00;0,0,0;;Damn!;LAMAR;AR2_FNAA
???;18:01:40;14:39:01;0,0,0;;;;
???;18:01:56;14:39:01;0,0,0;;Some more of them niggas!;LAMAR;AR2_FNAA
???;18:02:11;14:39:02;0,0,0;;;;
???;18:02:27;14:39:02;0,0,0;;;;
???;18:02:43;14:39:03;0,0,0;;Shoot the gas, homie.;LAMAR;AR2_DTAA
???;18:02:58;14:39:03;0,0,0;;;;
???;18:03:14;14:39:04;0,0,0;;;;
???;18:03:29;14:39:04;0,0,0;;;;
???;18:03:45;14:39:05;0,0,0;;;;
???;18:04:00;14:39:05;0,0,0;;;;
???;18:04:16;14:39:06;0,0,0;;;;
???;18:04:32;14:39:06;0,0,0;;;;
???;18:04:47;14:39:07;0,0,0;;;;
???;18:05:03;14:39:07;0,0,0;;;;
???;18:05:19;14:39:08;0,0,0;;You still breathing, homie?;LAMAR;AR2_BXAA
???;18:05:34;14:39:09;0,0,0;;;;
???;18:05:50;14:39:09;0,0,0;;;;
???;18:06:05;14:39:10;0,0,0;;Yeah, barely, homie.;FRANKLIN;AR2_BXAB
???;18:06:21;14:39:10;0,0,0;;;;
???;18:06:36;14:39:11;0,0,0;;Shit, we gotta get the fuck away from this shit.;LAMAR;AR2_BXAC
???;18:06:52;14:39:11;0,0,0;;;;
???;18:07:08;14:39:12;0,0,0;;;;
???;18:07:23;14:39:12;0,0,0;;;;
???;18:07:39;14:39:13;0,0,0;;;;
???;18:07:54;14:39:13;0,0,0;;Man, we only came here for a bike.;FRANKLIN;AR2_IHAA
???;18:08:10;14:39:14;0,0,0;;;;
???;18:08:26;14:39:14;0,0,0;;;;
???;18:08:41;14:39:15;0,0,0;;And there the motherfucker is right there. Hey, nigga, come here, we got yo' pink slip.;LAMAR;AR2_IHAB
???;18:08:57;14:39:15;0,0,0;;;;
???;18:09:12;14:39:16;0,0,0;;;;
???;18:09:28;14:39:16;0,0,0;;;;
???;18:09:44;14:39:17;0,0,0;;;;
???;18:09:59;14:39:17;0,0,0;;;;
???;18:10:14;14:39:18;0,0,0;;;;
???;18:10:30;14:39:18;0,0,0;;;;
???;18:10:45;14:39:19;0,0,0;;;;
???;18:11:01;14:39:19;0,0,0;;;;
???;18:11:16;14:39:20;0,0,0;;;;
???;18:11:32;14:39:20;0,0,0;;;;
???;18:11:48;14:39:21;0,0,0;;;;
???;18:12:03;14:39:21;0,0,0;;;;
???;18:12:19;14:39:22;0,0,0;;;;
???;18:12:34;14:39:23;0,0,0;;;;
???;18:12:50;14:39:23;0,0,0;;;;
???;18:13:05;14:39:24;0,0,0;;;;
???;18:13:21;14:39:24;0,0,0;;;;
???;18:13:36;14:39:25;0,0,0;;;;
???;18:13:52;14:39:25;0,0,0;;;;
???;18:14:08;14:39:26;0,0,0;;;;
???;18:14:23;14:39:26;0,0,0;;;;
???;18:14:39;14:39:27;0,0,0;;;;
???;18:14:54;14:39:27;0,0,0;;;;
???;18:15:10;14:39:28;0,0,0;;;;
???;18:15:26;14:39:28;0,0,0;;;;
???;18:15:41;14:39:29;0,0,0;;;;
???;18:15:57;14:39:29;0,0,0;;;;
???;18:16:13;14:39:30;0,0,0;;;;
???;18:16:28;14:39:30;0,0,0;;;;
???;18:16:44;14:39:31;0,0,0;;;;
???;18:16:59;14:39:31;0,0,0;;;;
???;18:17:15;14:39:32;0,0,0;;;;
???;18:17:30;14:39:32;0,0,0;;;;
???;18:17:46;14:39:33;0,0,0;;;;
???;18:18:01;14:39:33;0,0,0;;;;
???;18:18:17;14:39:34;0,0,0;;;;
???;18:18:33;14:39:34;0,0,0;;;;
???;18:18:48;14:39:35;0,0,0;;;;
???;18:19:04;14:39:36;0,0,0;;;;
???;18:19:20;14:39:36;0,0,0;;;;
???;18:19:35;14:39:37;0,0,0;;;;
???;18:19:51;14:39:37;0,0,0;;Let's get him, homie. I wanna get paid.;LAMAR;AR2_ERAC
???;18:20:06;14:39:38;0,0,0;;;;
???;18:20:22;14:39:38;0,0,0;;;;
???;18:20:37;14:39:39;0,0,0;;;;
???;18:20:53;14:39:39;0,0,0;;Paid ain't worth shit when you doin' twenty five with a L. We massacred those motherfuckers. Shit.;FRANKLIN;AR2_ERAB
???;18:21:09;14:39:40;0,0,0;;;;
???;18:21:24;14:39:40;0,0,0;;;;
???;18:21:40;14:39:41;0,0,0;;;;
???;18:21:55;14:39:41;0,0,0;;;;
???;18:22:11;14:39:42;0,0,0;;;;
???;18:22:26;14:39:42;0,0,0;;;;
???;18:22:42;14:39:43;0,0,0;;;;
???;18:22:58;14:39:43;0,0,0;;;;
???;18:23:13;14:39:44;0,0,0;;;;
???;18:23:29;14:39:44;0,0,0;;;;
???;18:23:44;14:39:45;0,0,0;;;;
???;18:24:00;14:39:45;0,0,0;;;;
???;18:24:15;14:39:46;0,0,0;;;;
???;18:24:31;14:39:46;0,0,0;;;;
???;18:24:47;14:39:47;0,0,0;;;;
???;18:25:02;14:39:47;0,0,0;;;;
???;18:25:18;14:39:48;0,0,0;;;;
???;18:25:34;14:39:48;0,0,0;;;;
???;18:25:49;14:39:49;0,0,0;;;;
???;18:26:05;14:39:50;0,0,0;;;;
???;18:26:20;14:39:50;0,0,0;;;;
???;18:26:36;14:39:51;0,0,0;;;;
???;18:26:51;14:39:51;0,0,0;;Motherfucker's getting away from us.;LAMAR;AR2_BOAA
???;18:27:07;14:39:52;0,0,0;;;;
???;18:27:22;14:39:52;0,0,0;;;;
???;18:27:38;14:39:53;0,0,0;;That's because he's sitting on a hundred and forty cubic inches right there, nigga.;FRANKLIN;AR2_BOAB
???;18:27:54;14:39:53;0,0,0;;;;
???;18:28:09;14:39:54;0,0,0;;;;
???;18:28:25;14:39:54;0,0,0;;;;
???;18:28:40;14:39:55;0,0,0;;;;
???;18:28:56;14:39:55;0,0,0;;;;
???;18:29:11;14:39:56;0,0,0;;;;
???;18:29:27;14:39:56;0,0,0;;Oh shit, professor, you're right.;LAMAR;AR2_BOAC
???;18:29:42;14:39:57;0,0,0;;;;
???;18:29:58;14:39:57;0,0,0;;;;
???;18:30:14;14:39:58;0,0,0;;;;
???;18:30:29;14:39:58;0,0,0;;;;
???;18:30:45;14:39:59;0,0,0;;;;
???;18:31:01;14:39:59;0,0,0;;;;
???;18:31:16;14:40:00;0,0,0;;;;
???;18:31:32;14:40:00;0,0,0;;;;
???;18:31:48;14:40:01;0,0,0;;;;
???;18:32:03;14:40:01;0,0,0;;;;
???;18:32:19;14:40:02;0,0,0;;;;
???;18:32:34;14:40:03;0,0,0;;;;
???;18:32:50;14:40:03;0,0,0;;This punk get away we going down, homie. He gonna pin us for all these bodies.;LAMAR;AR2_BQAA
???;18:33:06;14:40:04;0,0,0;;;;
???;18:33:21;14:40:04;0,0,0;;;;
???;18:33:37;14:40:05;0,0,0;;;;
???;18:33:52;14:40:05;0,0,0;;;;
???;18:34:08;14:40:06;0,0,0;;;;
???;18:34:23;14:40:06;0,0,0;;;;
???;18:34:39;14:40:07;0,0,0;;And whose fault is that, Mr. Eighties action movie body countin' motherfucker?;FRANKLIN;AR2_BQAB
???;18:34:54;14:40:07;0,0,0;;;;
???;18:35:10;14:40:08;0,0,0;;;;
???;18:35:25;14:40:08;0,0,0;;;;
???;18:35:41;14:40:09;0,0,0;;;;
???;18:35:57;14:40:09;0,0,0;;;;
???;18:36:12;14:40:10;0,0,0;;;;
???;18:36:27;14:40:10;0,0,0;;;;
???;18:36:43;14:40:11;0,0,0;;Pop that fool. We need him on his ass so we can get what we came for.;LAMAR;AR2_EOAA
???;18:36:58;14:40:11;0,0,0;;;;
???;18:37:14;14:40:12;0,0,0;;;;
???;18:37:29;14:40:12;0,0,0;;;;
???;18:37:45;14:40:13;0,0,0;;;;
???;18:38:00;14:40:13;0,0,0;;;;
???;18:38:16;14:40:14;0,0,0;;;;
???;18:38:32;14:40:14;0,0,0;;;;
???;18:38:47;14:40:15;0,0,0;;;;
???;18:39:03;14:40:15;0,0,0;;;;
???;18:39:19;14:40:16;0,0,0;;;;
???;18:39:34;14:40:17;0,0,0;;;;
???;18:39:50;14:40:17;0,0,0;;;;
???;18:40:05;14:40:18;0,0,0;;;;
???;18:40:21;14:40:18;0,0,0;;;;
???;18:40:37;14:40:19;0,0,0;;;;
???;18:40:52;14:40:19;0,0,0;;;;
???;18:41:08;14:40:20;0,0,0;;;;
???;18:41:23;14:40:20;0,0,0;;;;
???;18:41:39;14:40:21;0,0,0;;;;
???;18:41:54;14:40:21;0,0,0;;;;
???;18:42:10;14:40:22;0,0,0;;We want your bike, bitch.;LAMAR;AR2_BRAA
???;18:42:25;14:40:22;0,0,0;;;;
???;18:42:41;14:40:23;0,0,0;;;;
???;18:42:57;14:40:23;0,0,0;;;;
???;18:43:12;14:40:24;0,0,0;;;;
???;18:43:28;14:40:24;0,0,0;;;;
???;18:43:43;14:40:25;0,0,0;;;;
???;18:43:59;14:40:25;0,0,0;;;;
???;18:44:14;14:40:26;0,0,0;;Bye bye, asshole.;LAMAR;AR2_BSAA
???;18:44:30;14:40:26;0,0,0;;;;
???;18:44:46;14:40:27;0,0,0;;;;
???;18:45:01;14:40:27;0,0,0;;Dog, we gotta lay low. Get the bike and meet me at the car wash on Innocence.;LAMAR;AR2_BBAA
???;18:45:17;14:40:28;0,0,0;;;;
???;18:45:33;14:40:28;0,0,0;;;;
???;18:45:48;14:40:29;0,0,0;;;;
???;18:46:04;14:40:29;0,0,0;;;;
???;18:46:19;14:40:30;0,0,0;;;;
???;18:46:35;14:40:31;0,0,0;;;;
???;18:46:50;14:40:31;0,0,0;;;;
???;18:47:06;14:40:32;0,0,0;;;;
???;18:47:21;14:40:32;0,0,0;;;;
???;18:47:37;14:40:33;0,0,0;;;;
???;18:47:52;14:40:33;0,0,0;;;;
???;18:48:08;14:40:34;0,0,0;;;;
???;18:48:24;14:40:34;0,0,0;;;;
???;18:48:39;14:40:35;0,0,0;;;;
???;18:48:55;14:40:35;0,0,0;;;;
???;18:49:10;14:40:36;0,0,0;;;;
???;18:49:26;14:40:36;0,0,0;;;;
???;18:49:41;14:40:37;0,0,0;;;;
???;18:49:57;14:40:37;0,0,0;;;;
???;18:50:13;14:40:38;0,0,0;;;;
???;18:50:28;14:40:38;0,0,0;;;;
???;18:50:44;14:40:39;0,0,0;;;;
???;18:50:59;14:40:39;0,0,0;;;;
???;18:51:15;14:40:40;0,0,0;;;;
???;18:51:30;14:40:40;0,0,0;;;;
???;18:51:46;14:40:41;0,0,0;;;;
???;18:52:02;14:40:41;0,0,0;;;;
???;18:52:17;14:40:42;0,0,0;;;;
???;18:52:33;14:40:42;0,0,0;;;;
???;18:52:48;14:40:43;0,0,0;;;;
???;18:53:04;14:40:44;0,0,0;;;;
???;18:53:19;14:40:44;0,0,0;;;;
???;18:53:35;14:40:45;0,0,0;;;;
???;18:53:51;14:40:45;0,0,0;;;;
???;18:54:06;14:40:46;0,0,0;;;;
???;18:54:22;14:40:46;0,0,0;;;;
???;18:54:37;14:40:47;0,0,0;;;;
???;18:54:53;14:40:47;0,0,0;;;;
???;18:55:08;14:40:48;0,0,0;;;;
???;18:55:24;14:40:48;0,0,0;;;;
???;18:55:39;14:40:49;0,0,0;;;;
???;18:55:55;14:40:49;0,0,0;;;;
???;18:56:10;14:40:50;0,0,0;;;;
???;18:56:26;14:40:50;0,0,0;;;;
???;18:56:41;14:40:51;0,0,0;;;;
???;18:56:57;14:40:51;0,0,0;;;;
???;18:57:13;14:40:52;0,0,0;;;;
???;18:57:28;14:40:52;0,0,0;;;;
???;18:57:44;14:40:53;0,0,0;;;;
???;18:57:59;14:40:53;0,0,0;;;;
???;18:58:15;14:40:54;0,0,0;;;;
???;18:58:31;14:40:54;0,0,0;;;;
???;18:58:46;14:40:55;0,0,0;;;;
???;18:59:02;14:40:55;0,0,0;;;;
???;18:59:17;14:40:56;0,0,0;;;;
???;18:59:33;14:40:56;0,0,0;;;;
???;18:59:49;14:40:57;0,0,0;;;;
???;19:00:04;14:40:58;0,0,0;;;;
???;19:00:20;14:40:58;0,0,0;;;;
???;19:00:36;14:40:59;0,0,0;;;;
???;19:00:51;14:40:59;0,0,0;;;;
???;19:01:07;14:41:00;0,0,0;;;;
???;19:01:22;14:41:00;0,0,0;;;;
???;19:01:38;14:41:01;0,0,0;;;;
???;19:01:53;14:41:01;0,0,0;;;;
???;19:02:09;14:41:02;0,0,0;;;;
???;19:02:25;14:41:02;0,0,0;;;;
???;19:02:40;14:41:03;0,0,0;;;;
???;19:02:56;14:41:03;0,0,0;;;;
???;19:03:11;14:41:04;0,0,0;;;;
???;19:03:27;14:41:04;0,0,0;;;;
???;19:03:43;14:41:05;0,0,0;;;;
???;19:03:58;14:41:05;0,0,0;;;;
???;19:04:14;14:41:06;0,0,0;;;;
???;19:04:30;14:41:06;0,0,0;;;;
???;19:04:45;14:41:07;0,0,0;;;;
???;19:05:01;14:41:07;0,0,0;;;;
???;19:05:17;14:41:08;0,0,0;;;;
???;19:05:32;14:41:08;0,0,0;;;;
???;19:05:48;14:41:09;0,0,0;;;;
???;19:06:03;14:41:09;0,0,0;;;;
???;19:06:19;14:41:10;0,0,0;;;;
???;19:06:34;14:41:11;0,0,0;;;;
???;19:06:50;14:41:11;0,0,0;;;;
???;19:07:05;14:41:12;0,0,0;;;;
???;19:07:21;14:41:12;0,0,0;;;;
???;19:07:37;14:41:13;0,0,0;;;;
???;19:07:52;14:41:13;0,0,0;;;;
???;19:08:08;14:41:14;0,0,0;;;;
???;19:08:23;14:41:14;0,0,0;;;;
???;19:08:39;14:41:15;0,0,0;;;;
???;19:08:55;14:41:15;0,0,0;;;;
???;19:09:10;14:41:16;0,0,0;;;;
???;19:09:26;14:41:16;0,0,0;;;;
???;19:09:41;14:41:17;0,0,0;;;;
???;19:09:57;14:41:17;0,0,0;;;;
???;19:10:12;14:41:18;0,0,0;;;;
???;19:10:28;14:41:18;0,0,0;;;;
???;19:10:43;14:41:19;0,0,0;;;;
???;19:10:59;14:41:19;0,0,0;;;;
???;19:11:14;14:41:20;0,0,0;;;;
???;19:11:30;14:41:20;0,0,0;;;;
???;19:11:45;14:41:21;0,0,0;;;;
???;19:11:49;14:41:49;0,0,0;;;;
???;19:12:04;14:41:49;0,0,0;;;;
???;19:12:20;14:41:50;0,0,0;;;;
???;19:12:35;14:41:50;0,0,0;;;;
???;19:12:51;14:41:51;0,0,0;;;;
???;19:13:07;14:41:51;0,0,0;;;;
???;19:13:22;14:41:52;0,0,0;;;;
???;19:13:38;14:41:53;0,0,0;;;;
???;19:13:53;14:41:53;0,0,0;;;;
???;19:13:54;14:41:56;0,0,0;;;;
???;19:14:09;14:41:56;0,0,0;;;;
???;19:14:25;14:41:57;0,0,0;;;;
???;19:14:40;14:41:57;0,0,0;;;;
???;19:14:56;14:41:58;0,0,0;;;;
???;19:15:11;14:41:58;0,0,0;;;;
???;19:15:27;14:41:59;0,0,0;;;;
???;19:15:43;14:41:59;0,0,0;;;;
???;19:15:58;14:42:00;0,0,0;;;;
???;19:16:14;14:42:00;0,0,0;;;;
???;19:16:29;14:42:01;0,0,0;;;;
???;19:16:45;14:42:01;0,0,0;;;;
???;19:17:00;14:42:02;0,0,0;;;;
???;19:17:16;14:42:02;0,0,0;;;;
???;19:17:32;14:42:03;0,0,0;;;;
???;19:17:47;14:42:03;0,0,0;;;;
???;19:18:03;14:42:04;0,0,0;;;;
???;19:18:19;14:42:05;0,0,0;;;;
???;19:18:34;14:42:05;0,0,0;;;;
???;19:18:50;14:42:06;0,0,0;;;;
???;19:19:05;14:42:06;0,0,0;;;;
???;19:19:21;14:42:07;0,0,0;;;;
???;19:19:36;14:42:07;0,0,0;;;;
???;19:19:52;14:42:08;0,0,0;;;;
???;19:20:08;14:42:08;0,0,0;;;;
???;19:20:23;14:42:09;0,0,0;;;;
???;19:20:39;14:42:09;0,0,0;;;;
???;19:20:55;14:42:10;0,0,0;;;;
???;19:21:10;14:42:10;0,0,0;;;;
???;19:21:26;14:42:11;0,0,0;;;;
???;19:21:42;14:42:11;0,0,0;;;;
???;19:21:57;14:42:12;0,0,0;;;;
???;19:22:13;14:42:12;0,0,0;;;;
???;19:22:29;14:42:13;0,0,0;;;;
???;19:22:44;14:42:13;0,0,0;;;;
???;19:23:00;14:42:14;0,0,0;;;;
???;19:23:15;14:42:14;0,0,0;;;;
???;19:23:31;14:42:15;0,0,0;;;;
???;19:23:47;14:42:15;0,0,0;;;;
???;19:24:03;14:42:16;0,0,0;;;;
???;19:24:18;14:42:16;0,0,0;;;;
???;19:24:33;14:42:17;0,0,0;;;;
???;19:24:49;14:42:18;0,0,0;;;;
???;19:25:05;14:42:18;0,0,0;;;;
???;19:25:21;14:42:19;0,0,0;;;;
???;19:25:36;14:42:19;0,0,0;;;;
???;19:25:52;14:42:20;0,0,0;;;;
???;19:26:07;14:42:20;0,0,0;;;;
???;19:26:23;14:42:21;0,0,0;;;;
???;19:26:38;14:42:21;0,0,0;;;;
???;19:26:54;14:42:22;0,0,0;;;;
???;19:27:09;14:42:22;0,0,0;;;;
???;19:27:25;14:42:23;0,0,0;;;;
???;19:27:40;14:42:23;0,0,0;;;;
???;19:27:56;14:42:24;0,0,0;;;;
???;19:28:12;14:42:24;0,0,0;;;;
???;19:28:28;14:42:25;0,0,0;;;;
???;19:28:43;14:42:25;0,0,0;;;;
???;19:28:59;14:42:26;0,0,0;;;;
???;19:29:15;14:42:26;0,0,0;;;;
???;19:29:30;14:42:27;0,0,0;;;;
???;19:29:46;14:42:27;0,0,0;;;;
???;19:30:02;14:42:28;0,0,0;;;;
???;19:30:17;14:42:28;0,0,0;;;;
???;19:30:33;14:42:29;0,0,0;;;;
???;19:30:48;14:42:30;0,0,0;;;;
???;19:31:04;14:42:30;0,0,0;;;;
???;19:31:20;14:42:31;0,0,0;;;;
???;19:31:35;14:42:31;0,0,0;;;;
???;19:31:51;14:42:32;0,0,0;;;;
???;19:32:06;14:42:32;0,0,0;;;;
???;19:32:22;14:42:33;0,0,0;;;;
???;19:32:38;14:42:33;0,0,0;;;;
???;19:32:53;14:42:34;0,0,0;;;;
???;19:33:09;14:42:34;0,0,0;;;;
???;19:33:24;14:42:35;0,0,0;;;;
???;19:33:40;14:42:35;0,0,0;;;;
???;19:33:55;14:42:36;0,0,0;;;;
???;19:34:11;14:42:36;0,0,0;;;;
???;19:34:26;14:42:37;0,0,0;;;;
???;19:34:42;14:42:37;0,0,0;;;;
???;19:34:57;14:42:38;0,0,0;;;;
???;19:35:13;14:42:38;0,0,0;;;;
???;19:35:28;14:42:39;0,0,0;;;;
???;19:35:44;14:42:39;0,0,0;;;;
???;19:35:59;14:42:40;0,0,0;;;;
???;19:36:15;14:42:40;0,0,0;;;;
???;19:36:31;14:42:41;0,0,0;;;;
???;19:36:46;14:42:41;0,0,0;;;;
???;19:37:02;14:42:42;0,0,0;;;;
???;19:37:18;14:42:42;0,0,0;;;;
???;19:37:33;14:42:43;0,0,0;;;;
???;19:37:49;14:42:44;0,0,0;;;;
???;19:38:04;14:42:44;0,0,0;;;;
???;19:38:20;14:42:45;0,0,0;;;;
???;19:38:35;14:42:45;0,0,0;;;;
???;19:38:51;14:42:46;0,0,0;;;;
???;19:39:06;14:42:46;0,0,0;;;;
???;19:39:22;14:42:47;0,0,0;;;;
???;19:39:37;14:42:47;0,0,0;;;;
???;19:39:53;14:42:48;0,0,0;;;;
???;19:40:08;14:42:48;0,0,0;;;;
???;19:40:24;14:42:49;0,0,0;;;;
???;19:40:39;14:42:49;0,0,0;;;;
???;19:40:55;14:42:50;0,0,0;;;;
???;19:41:11;14:42:50;0,0,0;;;;
???;19:41:26;14:42:51;0,0,0;;;;
???;19:41:42;14:42:51;0,0,0;;;;
???;19:41:57;14:42:52;0,0,0;;;;
???;19:42:13;14:42:52;0,0,0;;;;
???;19:42:29;14:42:53;0,0,0;;;;
???;19:42:44;14:42:53;0,0,0;;;;
???;19:43:00;14:42:54;0,0,0;;;;
???;19:43:15;14:42:54;0,0,0;;;;
???;19:43:31;14:42:55;0,0,0;;;;
???;19:43:47;14:42:55;0,0,0;;;;
???;19:44:02;14:42:56;0,0,0;;;;
???;19:44:18;14:42:56;0,0,0;;;;
???;19:44:34;14:42:57;0,0,0;;;;
???;19:44:49;14:42:58;0,0,0;;;;
???;19:45:05;14:42:58;0,0,0;;;;
???;19:45:21;14:42:59;0,0,0;;;;
???;19:45:36;14:42:59;0,0,0;;;;
???;19:45:52;14:43:00;0,0,0;;;;
???;19:46:07;14:43:00;0,0,0;;;;
???;19:46:23;14:43:01;0,0,0;;;;
???;19:46:39;14:43:01;0,0,0;;;;
???;19:46:54;14:43:02;0,0,0;;;;
???;19:47:10;14:43:02;0,0,0;;;;
???;19:47:25;14:43:03;0,0,0;;;;
???;19:47:41;14:43:03;0,0,0;;;;
???;19:47:57;14:43:04;0,0,0;;;;
???;19:48:12;14:43:04;0,0,0;;;;
???;19:48:28;14:43:05;0,0,0;;;;
???;19:48:44;14:43:05;0,0,0;;;;
???;19:48:59;14:43:06;0,0,0;;;;
???;19:49:15;14:43:06;0,0,0;;;;
???;19:49:31;14:43:07;0,0,0;;;;
???;19:49:46;14:43:07;0,0,0;;;;
???;19:50:02;14:43:08;0,0,0;;;;
???;19:50:17;14:43:08;0,0,0;;;;
???;19:50:33;14:43:09;0,0,0;;;;
???;19:50:48;14:43:10;0,0,0;;;;
???;19:51:04;14:43:10;0,0,0;;;;
???;19:51:20;14:43:11;0,0,0;;;;
???;19:51:35;14:43:11;0,0,0;;;;
???;19:51:51;14:43:12;0,0,0;;;;
???;19:52:06;14:43:12;0,0,0;;;;
???;19:52:22;14:43:13;0,0,0;;;;
???;19:52:37;14:43:13;0,0,0;;;;
???;19:52:53;14:43:14;0,0,0;;;;
???;19:53:09;14:43:14;0,0,0;;;;
???;19:53:24;14:43:15;0,0,0;;;;
???;19:53:40;14:43:15;0,0,0;;;;
???;19:53:56;14:43:16;0,0,0;;;;
???;19:54:11;14:43:16;0,0,0;;;;
???;19:54:27;14:43:17;0,0,0;;;;
???;19:54:43;14:43:17;0,0,0;;;;
???;19:54:58;14:43:18;0,0,0;;;;
???;19:55:14;14:43:18;0,0,0;;;;
???;19:55:29;14:43:19;0,0,0;;;;
???;19:55:45;14:43:19;0,0,0;;;;
???;19:56:00;14:43:20;0,0,0;;;;
???;19:56:16;14:43:20;0,0,0;;;;
???;19:56:32;14:43:21;0,0,0;;;;
???;19:56:47;14:43:21;0,0,0;;;;
???;19:57:03;14:43:22;0,0,0;;;;
???;19:57:18;14:43:23;0,0,0;;;;
???;19:57:34;14:43:23;0,0,0;;;;
???;19:57:50;14:43:24;0,0,0;;;;
???;19:58:06;14:43:24;0,0,0;;;;
???;19:58:21;14:43:25;0,0,0;;;;
???;19:58:37;14:43:25;0,0,0;;;;
???;19:58:52;14:43:26;0,0,0;;;;
???;19:59:08;14:43:26;0,0,0;;;;
???;19:59:24;14:43:27;0,0,0;;;;
???;19:59:39;14:43:27;0,0,0;;;;
???;19:59:55;14:43:28;0,0,0;;;;
???;20:00:11;14:43:28;0,0,0;;;;
???;20:00:26;14:43:29;0,0,0;;;;
???;20:00:42;14:43:29;0,0,0;;;;
???;20:00:58;14:43:30;0,0,0;;;;
???;20:01:13;14:43:30;0,0,0;;;;
???;20:01:29;14:43:31;0,0,0;;;;
???;20:01:45;14:43:31;0,0,0;;;;
???;20:02:00;14:43:32;0,0,0;;;;
???;20:02:16;14:43:32;0,0,0;;;;
???;20:02:32;14:43:33;0,0,0;;;;
???;20:02:47;14:43:33;0,0,0;;;;
???;20:03:03;14:43:34;0,0,0;;;;
???;20:03:19;14:43:35;0,0,0;;;;
???;20:03:35;14:43:35;0,0,0;;;;
???;20:03:50;14:43:36;0,0,0;;;;
???;20:04:06;14:43:36;0,0,0;;;;
???;20:04:21;14:43:37;0,0,0;;;;
???;20:04:37;14:43:37;0,0,0;;;;
???;20:04:53;14:43:38;0,0,0;;;;
???;20:05:09;14:43:38;0,0,0;;;;
???;20:05:25;14:43:39;0,0,0;;;;
???;20:05:40;14:43:39;0,0,0;;;;
???;20:05:56;14:43:40;0,0,0;;;;
???;20:06:11;14:43:40;0,0,0;;;;
???;20:06:27;14:43:41;0,0,0;;;;
???;20:06:42;14:43:41;0,0,0;;;;
???;20:06:58;14:43:42;0,0,0;;;;
???;20:07:13;14:43:42;0,0,0;;;;
???;20:07:29;14:43:43;0,0,0;;;;
???;20:07:45;14:43:43;0,0,0;;;;
???;20:08:00;14:43:44;0,0,0;;;;
???;20:08:16;14:43:44;0,0,0;;;;
???;20:08:32;14:43:45;0,0,0;;;;
???;20:08:48;14:43:45;0,0,0;;;;
???;20:09:03;14:43:46;0,0,0;;;;
???;20:09:19;14:43:47;0,0,0;;;;
???;20:09:35;14:43:47;0,0,0;;;;
???;20:09:50;14:43:48;0,0,0;;;;
???;20:10:06;14:43:48;0,0,0;;;;
???;20:10:21;14:43:49;0,0,0;;;;
???;20:10:37;14:43:49;0,0,0;;;;
???;20:10:53;14:43:50;0,0,0;;;;
???;20:11:08;14:43:50;0,0,0;;;;
???;20:11:24;14:43:51;0,0,0;;;;
???;20:11:40;14:43:51;0,0,0;;;;
???;20:11:55;14:43:52;0,0,0;;;;
???;20:12:11;14:43:52;0,0,0;;;;
???;20:12:27;14:43:53;0,0,0;;;;
???;20:12:42;14:43:53;0,0,0;;;;
???;20:12:58;14:43:54;0,0,0;;;;
???;20:13:14;14:43:54;0,0,0;;;;
???;20:13:29;14:43:55;0,0,0;;;;
???;20:13:45;14:43:55;0,0,0;;;;
???;20:14:01;14:43:56;0,0,0;;;;
???;20:14:16;14:43:56;0,0,0;;;;
???;20:14:32;14:43:57;0,0,0;;;;
???;20:14:47;14:43:57;0,0,0;;;;
???;20:15:03;14:43:58;0,0,0;;;;
???;20:15:18;14:43:59;0,0,0;;;;
???;20:15:34;14:43:59;0,0,0;;;;
???;20:15:50;14:44:00;0,0,0;;;;
???;20:16:05;14:44:00;0,0,0;;;;
???;20:16:21;14:44:01;0,0,0;;;;
???;20:16:36;14:44:01;0,0,0;;;;
???;20:16:52;14:44:02;0,0,0;;;;
???;20:17:08;14:44:02;0,0,0;;;;
???;20:17:23;14:44:03;0,0,0;;;;
???;20:17:39;14:44:03;0,0,0;;;;
???;20:17:55;14:44:04;0,0,0;;;;
???;20:18:11;14:44:04;0,0,0;;;;
???;20:18:26;14:44:05;0,0,0;;;;
???;20:18:42;14:44:05;0,0,0;;;;
???;20:18:58;14:44:06;0,0,0;;;;
???;20:19:13;14:44:06;0,0,0;;;;
???;20:19:29;14:44:07;0,0,0;;;;
???;20:19:44;14:44:07;0,0,0;;;;
???;20:20:00;14:44:08;0,0,0;;;;
???;20:20:15;14:44:08;0,0,0;;;;
???;20:20:31;14:44:09;0,0,0;;;;
???;20:20:46;14:44:09;0,0,0;;;;
???;20:21:02;14:44:10;0,0,0;;;;
???;20:21:17;14:44:10;0,0,0;;;;
???;20:21:33;14:44:11;0,0,0;;;;
???;20:21:49;14:44:12;0,0,0;;;;
???;20:22:04;14:44:12;0,0,0;;;;
???;20:22:20;14:44:13;0,0,0;;;;
???;20:22:35;14:44:13;0,0,0;;;;
???;20:22:51;14:44:14;0,0,0;;;;
???;20:23:07;14:44:14;0,0,0;;;;
???;20:23:22;14:44:15;0,0,0;;;;
???;20:23:38;14:44:15;0,0,0;;;;
???;20:23:53;14:44:16;0,0,0;;;;
???;20:24:09;14:44:16;0,0,0;;;;
???;20:24:24;14:44:17;0,0,0;;;;
???;20:24:40;14:44:17;0,0,0;;;;
???;20:24:56;14:44:18;0,0,0;;;;
???;20:25:12;14:44:18;0,0,0;;;;
???;20:25:27;14:44:19;0,0,0;;;;
???;20:25:43;14:44:19;0,0,0;;;;
???;20:25:58;14:44:20;0,0,0;;;;
???;20:26:14;14:44:20;0,0,0;;;;
???;20:26:29;14:44:21;0,0,0;;;;
???;20:26:45;14:44:21;0,0,0;;;;
???;20:27:01;14:44:22;0,0,0;;;;
???;20:27:16;14:44:22;0,0,0;;;;
???;20:27:32;14:44:23;0,0,0;;;;
???;20:27:48;14:44:23;0,0,0;;;;
???;20:28:03;14:44:24;0,0,0;;;;
???;20:28:19;14:44:25;0,0,0;;;;
???;20:28:35;14:44:25;0,0,0;;;;
???;20:28:50;14:44:26;0,0,0;;;;
???;20:29:06;14:44:26;0,0,0;;;;
???;20:29:22;14:44:27;0,0,0;;;;
???;20:29:37;14:44:27;0,0,0;;;;
???;20:29:53;14:44:28;0,0,0;;;;
???;20:30:08;14:44:28;0,0,0;;;;
???;20:30:24;14:44:29;0,0,0;;;;
???;20:30:39;14:44:29;0,0,0;;;;
???;20:30:55;14:44:30;0,0,0;;;;
???;20:31:11;14:44:30;0,0,0;;;;
???;20:31:26;14:44:31;0,0,0;;;;
???;20:31:42;14:44:31;0,0,0;;;;
???;20:31:58;14:44:32;0,0,0;;;;
???;20:32:13;14:44:32;0,0,0;;;;
???;20:32:29;14:44:33;0,0,0;;;;
???;20:32:44;14:44:33;0,0,0;;;;
???;20:33:00;14:44:34;0,0,0;;;;
???;20:33:15;14:44:34;0,0,0;;;;
???;20:33:31;14:44:35;0,0,0;;;;
???;20:33:47;14:44:35;0,0,0;;;;
???;20:34:02;14:44:36;0,0,0;;;;
???;20:34:18;14:44:36;0,0,0;;;;
???;20:34:34;14:44:37;0,0,0;;;;
???;20:34:50;14:44:38;0,0,0;;;;
???;20:35:05;14:44:38;0,0,0;;;;
???;20:35:21;14:44:39;0,0,0;;;;
???;20:35:36;14:44:39;0,0,0;;;;
???;20:35:52;14:44:40;0,0,0;;;;
???;20:36:07;14:44:40;0,0,0;;;;
???;20:36:23;14:44:41;0,0,0;;;;
???;20:36:39;14:44:41;0,0,0;;;;
???;20:36:54;14:44:42;0,0,0;;;;
???;20:37:10;14:44:42;0,0,0;;;;
???;20:37:26;14:44:43;0,0,0;;;;
???;20:37:41;14:44:43;0,0,0;;;;
???;20:37:57;14:44:44;0,0,0;;;;
???;20:38:13;14:44:44;0,0,0;;;;
???;20:38:28;14:44:45;0,0,0;;;;
???;20:38:44;14:44:45;0,0,0;;;;
???;20:39:00;14:44:46;0,0,0;;;;
???;20:39:15;14:44:46;0,0,0;;;;
???;20:39:31;14:44:47;0,0,0;;;;
???;20:39:46;14:44:47;0,0,0;;;;
???;20:40:02;14:44:48;0,0,0;;;;
???;20:40:17;14:44:48;0,0,0;;;;
???;20:40:33;14:44:49;0,0,0;;;;
???;20:40:48;14:44:49;0,0,0;;;;
???;20:41:04;14:44:50;0,0,0;;;;
???;20:41:19;14:44:51;0,0,0;;;;
???;20:41:35;14:44:51;0,0,0;;;;
???;20:41:50;14:44:52;0,0,0;;;;
???;20:42:06;14:44:52;0,0,0;;;;
???;20:42:21;14:44:53;0,0,0;;;;
???;20:42:37;14:44:53;0,0,0;;;;
???;20:42:53;14:44:54;0,0,0;;;;
???;20:43:09;14:44:54;0,0,0;;;;
???;20:43:24;14:44:55;0,0,0;;;;
???;20:43:40;14:44:55;0,0,0;;;;
???;20:43:55;14:44:56;0,0,0;;;;
???;20:44:11;14:44:56;0,0,0;;;;
???;20:44:26;14:44:57;0,0,0;;;;
???;20:44:42;14:44:57;0,0,0;;;;
???;20:44:57;14:44:58;0,0,0;;;;
???;20:45:13;14:44:58;0,0,0;;;;
???;20:45:28;14:44:59;0,0,0;;;;
???;20:45:44;14:44:59;0,0,0;;;;
???;20:45:59;14:45:00;0,0,0;;;;
???;20:46:15;14:45:00;0,0,0;;;;
???;20:46:31;14:45:01;0,0,0;;;;
???;20:46:46;14:45:01;0,0,0;;;;
???;20:47:02;14:45:02;0,0,0;;;;
???;20:47:17;14:45:02;0,0,0;;;;
???;20:47:33;14:45:03;0,0,0;;;;
???;20:47:48;14:45:03;0,0,0;;;;
???;20:48:04;14:45:04;0,0,0;;;;
???;20:48:19;14:45:05;0,0,0;;;;
???;20:48:35;14:45:05;0,0,0;;;;
???;20:48:51;14:45:06;0,0,0;;;;
???;20:49:07;14:45:06;0,0,0;;;;
???;20:49:22;14:45:07;0,0,0;;;;
???;20:49:38;14:45:07;0,0,0;;;;
???;20:49:53;14:45:08;0,0,0;;;;
???;20:50:09;14:45:08;0,0,0;;;;
???;20:50:25;14:45:09;0,0,0;;;;
???;20:50:40;14:45:09;0,0,0;;;;
???;20:50:56;14:45:10;0,0,0;;;;
???;20:51:12;14:45:10;0,0,0;;;;
???;20:51:27;14:45:11;0,0,0;;;;
???;20:51:43;14:45:11;0,0,0;;;;
???;20:51:59;14:45:12;0,0,0;;;;
???;20:52:14;14:45:12;0,0,0;;;;
???;20:52:30;14:45:13;0,0,0;;;;
???;20:52:45;14:45:13;0,0,0;;;;
???;20:53:01;14:45:14;0,0,0;;;;
???;20:53:17;14:45:14;0,0,0;;;;
???;20:53:32;14:45:15;0,0,0;;;;
???;20:53:48;14:45:15;0,0,0;;;;
???;20:54:03;14:45:16;0,0,0;;;;
???;20:54:19;14:45:17;0,0,0;;;;
???;20:54:35;14:45:17;0,0,0;;;;
???;20:54:50;14:45:18;0,0,0;;;;
???;20:55:06;14:45:18;0,0,0;;;;
???;20:55:21;14:45:19;0,0,0;;;;
???;20:55:37;14:45:19;0,0,0;;;;
???;20:55:53;14:45:20;0,0,0;;;;
???;20:56:08;14:45:20;0,0,0;;;;
???;20:56:24;14:45:21;0,0,0;;;;
???;20:56:39;14:45:21;0,0,0;;;;
???;20:56:55;14:45:22;0,0,0;;;;
???;20:57:10;14:45:22;0,0,0;;;;
???;20:57:26;14:45:23;0,0,0;;;;
???;20:57:42;14:45:23;0,0,0;;;;
???;20:57:57;14:45:24;0,0,0;;;;
???;20:58:13;14:45:24;0,0,0;;;;
???;20:58:29;14:45:25;0,0,0;;;;
???;20:58:44;14:45:25;0,0,0;;;;
???;20:59:00;14:45:26;0,0,0;;;;
???;20:59:15;14:45:26;0,0,0;;;;
???;20:59:31;14:45:27;0,0,0;;;;
???;20:59:47;14:45:27;0,0,0;;;;
???;21:00:02;14:45:28;0,0,0;;;;
???;21:00:18;14:45:28;0,0,0;;;;
???;21:00:33;14:45:29;0,0,0;;;;
???;21:00:49;14:45:30;0,0,0;;;;
???;21:01:05;14:45:30;0,0,0;;;;
???;21:01:20;14:45:31;0,0,0;;;;
???;21:01:36;14:45:31;0,0,0;;;;
???;21:01:51;14:45:32;0,0,0;;;;
???;21:02:07;14:45:32;0,0,0;;;;
???;21:02:23;14:45:33;0,0,0;;;;
???;21:02:39;14:45:33;0,0,0;;;;
???;21:02:54;14:45:34;0,0,0;;;;
???;21:03:10;14:45:34;0,0,0;;;;
???;21:03:25;14:45:35;0,0,0;;;;
???;21:03:41;14:45:35;0,0,0;;;;
???;21:03:57;14:45:36;0,0,0;;;;
???;21:04:12;14:45:36;0,0,0;;;;
???;21:04:28;14:45:37;0,0,0;;;;
???;21:04:43;14:45:37;0,0,0;;;;
???;21:04:59;14:45:38;0,0,0;;;;
???;21:05:15;14:45:38;0,0,0;;;;
???;21:05:30;14:45:39;0,0,0;;;;
???;21:05:46;14:45:39;0,0,0;;;;
???;21:06:01;14:45:40;0,0,0;;;;
???;21:06:17;14:45:40;0,0,0;;;;
???;21:06:32;14:45:41;0,0,0;;;;
???;21:06:48;14:45:41;0,0,0;;;;
???;21:07:04;14:45:42;0,0,0;;;;
???;21:07:19;14:45:43;0,0,0;;;;
???;21:07:35;14:45:43;0,0,0;;;;
???;21:07:50;14:45:44;0,0,0;;;;
???;21:08:06;14:45:44;0,0,0;;;;
???;21:08:21;14:45:45;0,0,0;;;;
???;21:08:37;14:45:45;0,0,0;;;;
???;21:08:53;14:45:46;0,0,0;;;;
???;21:09:08;14:45:46;0,0,0;;;;
???;21:09:24;14:45:47;0,0,0;;;;
???;21:09:39;14:45:47;0,0,0;;;;
???;21:09:55;14:45:48;0,0,0;;;;
???;21:10:10;14:45:48;0,0,0;;;;
???;21:10:26;14:45:49;0,0,0;;;;
???;21:10:41;14:45:49;0,0,0;;;;
???;21:10:57;14:45:50;0,0,0;;;;
???;21:11:12;14:45:50;0,0,0;;;;
???;21:11:28;14:45:51;0,0,0;;;;
???;21:11:44;14:45:51;0,0,0;;;;
???;21:11:59;14:45:52;0,0,0;;;;
???;21:12:14;14:45:52;0,0,0;;;;
???;21:12:30;14:45:53;0,0,0;;;;
???;21:12:45;14:45:53;0,0,0;;;;
???;21:13:01;14:45:54;0,0,0;;;;
???;21:13:16;14:45:54;0,0,0;;;;
???;21:13:32;14:45:55;0,0,0;;;;
???;21:13:47;14:45:55;0,0,0;;;;
???;21:14:03;14:45:56;0,0,0;;;;
???;21:14:18;14:45:56;0,0,0;;;;
???;21:14:34;14:45:57;0,0,0;;;;
???;21:14:50;14:45:58;0,0,0;;;;
???;21:15:05;14:45:58;0,0,0;;;;
???;21:15:21;14:45:59;0,0,0;;;;
???;21:15:36;14:45:59;0,0,0;;;;
???;21:15:52;14:46:00;0,0,0;;;;
???;21:16:08;14:46:00;0,0,0;;;;
???;21:16:23;14:46:01;0,0,0;;;;
???;21:16:39;14:46:01;0,0,0;;;;
???;21:16:54;14:46:02;0,0,0;;;;
???;21:17:10;14:46:02;0,0,0;;;;
???;21:17:26;14:46:03;0,0,0;;;;
???;21:17:41;14:46:03;0,0,0;;;;
???;21:17:56;14:46:04;0,0,0;;;;
???;21:18:12;14:46:04;0,0,0;;;;
???;21:18:28;14:46:05;0,0,0;;;;
???;21:18:43;14:46:05;0,0,0;;;;
???;21:18:58;14:46:06;0,0,0;;;;
???;21:19:14;14:46:06;0,0,0;;;;
???;21:19:30;14:46:07;0,0,0;;;;
???;21:19:45;14:46:07;0,0,0;;;;
???;21:20:01;14:46:08;0,0,0;;;;
???;21:20:16;14:46:08;0,0,0;;;;
???;21:20:32;14:46:09;0,0,0;;;;
???;21:20:47;14:46:09;0,0,0;;;;
???;21:21:03;14:46:10;0,0,0;;;;
???;21:21:19;14:46:11;0,0,0;;;;
???;21:21:34;14:46:11;0,0,0;;;;
???;21:21:50;14:46:12;0,0,0;;;;
???;21:22:05;14:46:12;0,0,0;;;;
???;21:22:20;14:46:13;0,0,0;;;;
???;21:22:36;14:46:13;0,0,0;;;;
???;21:22:52;14:46:14;0,0,0;;;;
???;21:23:08;14:46:14;0,0,0;;;;
???;21:23:23;14:46:15;0,0,0;;;;
???;21:23:39;14:46:15;0,0,0;;;;
???;21:23:54;14:46:16;0,0,0;;;;
???;21:24:10;14:46:16;0,0,0;;;;
???;21:24:26;14:46:17;0,0,0;;;;
???;21:24:41;14:46:17;0,0,0;;;;
???;21:24:56;14:46:18;0,0,0;;;;
???;21:25:12;14:46:18;0,0,0;;;;
???;21:25:27;14:46:19;0,0,0;;;;
???;21:25:43;14:46:19;0,0,0;;;;
???;21:25:58;14:46:20;0,0,0;;;;
???;21:26:14;14:46:20;0,0,0;;;;
???;21:26:29;14:46:21;0,0,0;;;;
???;21:26:45;14:46:21;0,0,0;;;;
???;21:27:00;14:46:22;0,0,0;;;;
???;21:27:16;14:46:22;0,0,0;;;;
???;21:27:31;14:46:23;0,0,0;;;;
???;21:27:47;14:46:23;0,0,0;;;;
???;21:28:03;14:46:24;0,0,0;;;;
???;21:28:18;14:46:24;0,0,0;;;;
???;21:28:33;14:46:25;0,0,0;;;;
???;21:28:49;14:46:26;0,0,0;;;;
???;21:29:05;14:46:26;0,0,0;;;;
???;21:29:20;14:46:27;0,0,0;;;;
???;21:29:36;14:46:27;0,0,0;;;;
???;21:29:52;14:46:28;0,0,0;;;;
???;21:30:07;14:46:28;0,0,0;;;;
???;21:30:23;14:46:29;0,0,0;;;;
???;21:30:38;14:46:29;0,0,0;;;;
???;21:30:54;14:46:30;0,0,0;;;;
???;21:31:09;14:46:30;0,0,0;;;;
???;21:31:25;14:46:31;0,0,0;;;;
???;21:31:40;14:46:31;0,0,0;;;;
???;21:31:56;14:46:32;0,0,0;;;;
???;21:32:11;14:46:32;0,0,0;;;;
???;21:32:27;14:46:33;0,0,0;;;;
???;21:32:42;14:46:33;0,0,0;;;;
???;21:32:58;14:46:34;0,0,0;;;;
???;21:33:13;14:46:34;0,0,0;;;;
???;21:33:29;14:46:35;0,0,0;;;;
???;21:33:44;14:46:35;0,0,0;;;;
???;21:34:00;14:46:36;0,0,0;;;;
???;21:34:15;14:46:36;0,0,0;;;;
???;21:34:31;14:46:37;0,0,0;;;;
???;21:34:46;14:46:37;0,0,0;;;;
???;21:35:02;14:46:38;0,0,0;;;;
???;21:35:17;14:46:38;0,0,0;;;;
???;21:35:33;14:46:39;0,0,0;;;;
???;21:35:48;14:46:40;0,0,0;;;;
???;21:36:04;14:46:40;0,0,0;;;;
???;21:36:20;14:46:41;0,0,0;;;;
???;21:36:35;14:46:41;0,0,0;;;;
???;21:36:51;14:46:42;0,0,0;;;;
???;21:37:06;14:46:42;0,0,0;;;;
???;21:37:22;14:46:43;0,0,0;;;;
???;21:37:37;14:46:43;0,0,0;;;;
???;21:37:53;14:46:44;0,0,0;;;;
???;21:38:09;14:46:44;0,0,0;;;;
???;21:38:24;14:46:45;0,0,0;;;;
???;21:38:39;14:46:45;0,0,0;;;;
???;21:38:55;14:46:46;0,0,0;;;;
???;21:39:11;14:46:46;0,0,0;;;;
???;21:39:26;14:46:47;0,0,0;;;;
???;21:39:42;14:46:47;0,0,0;;;;
???;21:39:57;14:46:48;0,0,0;;;;
???;21:40:13;14:46:48;0,0,0;;;;
???;21:40:28;14:46:49;0,0,0;;;;
???;21:40:44;14:46:49;0,0,0;;;;
???;21:40:59;14:46:50;0,0,0;;;;
???;21:41:15;14:46:50;0,0,0;;;;
???;21:41:30;14:46:51;0,0,0;;;;
???;21:41:46;14:46:51;0,0,0;;;;
???;21:42:01;14:46:52;0,0,0;;;;
???;21:42:17;14:46:52;0,0,0;;;;
???;21:42:32;14:46:53;0,0,0;;;;
???;21:42:48;14:46:53;0,0,0;;;;
???;21:43:03;14:46:54;0,0,0;;;;
???;21:43:18;14:46:55;0,0,0;;;;
???;21:43:34;14:46:55;0,0,0;;;;
???;21:43:49;14:46:56;0,0,0;;;;
???;21:44:05;14:46:56;0,0,0;;;;
???;21:44:20;14:46:57;0,0,0;;;;
???;21:44:36;14:46:57;0,0,0;;;;
???;21:44:52;14:46:58;0,0,0;;;;
???;21:45:07;14:46:58;0,0,0;;;;
???;21:45:23;14:46:59;0,0,0;;;;
???;21:45:38;14:46:59;0,0,0;;;;
???;21:45:54;14:47:00;0,0,0;;;;
???;21:46:09;14:47:00;0,0,0;;;;
???;21:46:25;14:47:01;0,0,0;;;;
???;21:46:41;14:47:01;0,0,0;;;;
???;21:46:56;14:47:02;0,0,0;;;;
???;21:47:12;14:47:02;0,0,0;;;;
???;21:47:27;14:47:03;0,0,0;;;;
???;21:47:43;14:47:03;0,0,0;;;;
???;21:47:58;14:47:04;0,0,0;;;;
???;21:48:14;14:47:04;0,0,0;;;;
???;21:48:29;14:47:05;0,0,0;;;;
???;21:48:45;14:47:05;0,0,0;;;;
???;21:49:00;14:47:06;0,0,0;;;;
???;21:49:16;14:47:06;0,0,0;;;;
???;21:49:31;14:47:07;0,0,0;;;;
???;21:49:47;14:47:07;0,0,0;;;;
???;21:50:02;14:47:08;0,0,0;;;;
???;21:50:18;14:47:08;0,0,0;;;;
???;21:50:34;14:47:09;0,0,0;;;;
???;21:50:49;14:47:10;0,0,0;;;;
???;21:51:05;14:47:10;0,0,0;;;;
???;21:51:20;14:47:11;0,0,0;;;;
???;21:51:36;14:47:11;0,0,0;;;;
???;21:51:52;14:47:12;0,0,0;;;;
???;21:52:07;14:47:12;0,0,0;;;;
???;21:52:23;14:47:13;0,0,0;;;;
???;21:52:38;14:47:13;0,0,0;;;;
???;21:52:54;14:47:14;0,0,0;;;;
???;21:53:10;14:47:14;0,0,0;;;;
???;21:53:25;14:47:15;0,0,0;;;;
???;21:53:41;14:47:15;0,0,0;;;;
???;21:53:56;14:47:16;0,0,0;;;;
???;21:54:12;14:47:16;0,0,0;;;;
???;21:54:27;14:47:17;0,0,0;;;;
???;21:54:43;14:47:17;0,0,0;;;;
???;21:54:58;14:47:18;0,0,0;;;;
???;21:55:14;14:47:18;0,0,0;;;;
???;21:55:29;14:47:19;0,0,0;;;;
???;21:55:45;14:47:19;0,0,0;;;;
???;21:56:00;14:47:20;0,0,0;;;;
???;21:56:16;14:47:20;0,0,0;;;;
???;21:56:31;14:47:21;0,0,0;;Man, I can't hang with yo' ass for a while, bro.;FRANKLIN;AR2_IEAA
???;21:56:47;14:47:21;0,0,0;;;;
???;21:57:02;14:47:22;0,0,0;;;;
???;21:57:18;14:47:22;0,0,0;;;;
???;21:57:34;14:47:23;0,0,0;;;;
???;21:57:49;14:47:24;0,0,0;;;;
???;21:57:54;14:47:24;0,0,0;;You a psychopath!;Cutscene;Cutscene
???;21:57:54;14:47:25;0,0,0;;;;
???;21:57:54;14:47:25;0,0,0;;;;
???;21:57:54;14:47:26;0,0,0;;;;
???;21:57:54;14:47:26;0,0,0;;You done finally fuckin' lost it!;Cutscene;Cutscene
???;21:57:54;14:47:27;0,0,0;;;;
???;21:57:54;14:47:27;0,0,0;;;;
???;21:57:54;14:47:28;0,0,0;;Nigga, that's that Apache blood in me, homie.;Cutscene;Cutscene
???;21:57:54;14:47:28;0,0,0;;;;
???;21:57:54;14:47:29;0,0,0;;;;
???;21:57:54;14:47:29;0,0,0;;;;
???;21:57:54;14:47:30;0,0,0;;;;
???;21:57:54;14:47:30;0,0,0;;;;
???;21:57:54;14:47:31;0,0,0;;You lucky I ain't do a flying tomahawk;Cutscene;Cutscene
???;21:57:54;14:47:31;0,0,0;;;;
???;21:57:54;14:47:32;0,0,0;;;;
???;21:57:54;14:47:32;0,0,0;;and scalp they motherfuckin' ass.;Cutscene;Cutscene
???;21:57:54;14:47:33;0,0,0;;;;
???;21:57:54;14:47:33;0,0,0;;;;
???;21:57:54;14:47:34;0,0,0;;;;
???;21:57:54;14:47:34;0,0,0;;We can't repo the assets of a dead man,;Cutscene;Cutscene
???;21:57:54;14:47:35;0,0,0;;;;
???;21:57:54;14:47:35;0,0,0;;;;
???;21:57:54;14:47:36;0,0,0;;;;
???;21:57:54;14:47:36;0,0,0;;;;
???;21:57:54;14:47:37;0,0,0;;"big sitting chief asshole!";Cutscene;Cutscene
???;21:57:54;14:47:38;0,0,0;;;;
???;21:57:54;14:47:38;0,0,0;;;;
???;21:57:54;14:47:39;0,0,0;;Nigga, and we ain't going to neither, nigga.;Cutscene;Cutscene
???;21:57:54;14:47:39;0,0,0;;;;
???;21:57:54;14:47:40;0,0,0;;;;
???;21:57:54;14:47:40;0,0,0;;I'm gonna keep this motherfucker for myself.;Cutscene;Cutscene
???;21:57:54;14:47:41;0,0,0;;;;
???;21:57:54;14:47:41;0,0,0;;;;
???;21:57:54;14:47:42;0,0,0;;;;
???;21:57:54;14:47:42;0,0,0;;Tell Simeon we couldn't recover it.;Cutscene;Cutscene
???;21:57:54;14:47:43;0,0,0;;;;
???;21:57:54;14:47:43;0,0,0;;;;
???;21:57:54;14:47:44;0,0,0;;;;
???;21:57:54;14:47:44;0,0,0;;;;
???;21:57:54;14:47:45;0,0,0;;;;
???;21:57:54;14:47:45;0,0,0;;;;
???;21:57:54;14:47:46;0,0,0;;You fucking tell him, you fucking moron!;Cutscene;Cutscene
???;21:57:54;14:47:46;0,0,0;;;;
???;21:57:54;14:47:47;0,0,0;;;;
???;21:57:54;14:47:47;0,0,0;;;;
???;21:57:54;14:47:48;0,0,0;;;;
???;21:57:54;14:47:48;0,0,0;;;;
???;21:57:54;14:47:49;0,0,0;;;;
???;21:57:54;14:47:49;0,0,0;;;;
???;21:57:54;14:47:50;0,0,0;;;;
???;21:57:57;14:47:50;0,0,0;;;;
???;21:58:13;14:47:51;0,0,0;;;;
???;21:58:29;14:47:51;0,0,0;;;;
???;21:58:44;14:47:52;0,0,0;;;;
???;21:59:00;14:47:53;0,0,0;;;;
???;21:59:15;14:47:53;0,0,0;;;;
???;21:59:31;14:47:54;0,0,0;;;;
???;21:59:46;14:47:54;0,0,0;;;;
???;22:00:02;14:47:55;0,0,0;;;;
???;22:00:17;14:47:55;0,0,0;;;;
???;22:00:20;14:47:56;0,0,0;;;;
???;22:00:35;14:47:57;0,0,0;;;;
???;22:00:51;14:47:57;0,0,0;;;;
???;22:01:06;14:47:58;0,0,0;;;;
???;22:01:22;14:47:58;0,0,0;;;;
???;22:01:37;14:47:59;0,0,0;;;;
???;22:01:53;14:47:59;0,0,0;;;;
???;22:02:08;14:48:00;0,0,0;;;;
???;22:02:24;14:48:00;0,0,0;;;;
???;22:02:39;14:48:01;0,0,0;;;;
???;22:02:55;14:48:01;0,0,0;;;;
???;22:03:10;14:48:02;0,0,0;;;;
???;22:03:26;14:48:02;0,0,0;;;;
???;22:03:41;14:48:03;0,0,0;;;;
???;22:03:57;14:48:03;0,0,0;;;;
???;22:04:12;14:48:04;0,0,0;;;;
???;22:04:24;14:48:16;0,0,0;;;;
???;22:04:39;14:48:17;0,0,0;;;;
???;22:04:55;14:48:17;0,0,0;;;;
???;22:05:10;14:48:18;0,0,0;;;;
???;22:05:26;14:48:18;0,0,0;;;;
???;22:05:41;14:48:19;0,0,0;;;;
???;22:05:57;14:48:19;0,0,0;;;;
???;22:06:13;14:48:20;0,0,0;;;;
???;22:06:28;14:48:21;0,0,0;;;;
???;22:06:44;14:48:21;0,0,0;;;;
???;22:06:59;14:48:22;0,0,0;;;;
???;22:07:15;14:48:22;0,0,0;;;;
???;22:07:30;14:48:23;0,0,0;;;;
???;22:07:46;14:48:23;0,0,0;;;;
???;22:08:02;14:48:24;0,0,0;;;;
???;22:08:17;14:48:24;0,0,0;;;;
???;22:08:33;14:48:25;0,0,0;;;;
???;22:08:48;14:48:25;0,0,0;;;;
???;22:09:04;14:48:26;0,0,0;;;;
???;22:09:19;14:48:26;0,0,0;;;;
???;22:09:35;14:48:27;0,0,0;;;;
???;22:09:51;14:48:27;0,0,0;;;;
???;22:10:06;14:48:28;0,0,0;;;;
???;22:10:22;14:48:28;0,0,0;;;;
???;22:10:37;14:48:29;0,0,0;;;;
???;22:10:53;14:48:29;0,0,0;;;;
???;22:11:09;14:48:30;0,0,0;;;;
???;22:11:24;14:48:30;0,0,0;;;;
???;22:11:40;14:48:31;0,0,0;;;;
???;22:11:55;14:48:31;0,0,0;;;;
???;22:12:11;14:48:32;0,0,0;;;;
???;22:12:26;14:48:32;0,0,0;;;;
???;22:12:42;14:48:33;0,0,0;;;;
???;22:12:57;14:48:33;0,0,0;;;;
???;22:13:13;14:48:34;0,0,0;;;;
???;22:13:28;14:48:35;0,0,0;;;;
???;22:13:44;14:48:35;0,0,0;;;;
???;22:13:59;14:48:36;0,0,0;;;;
???;22:14:15;14:48:36;0,0,0;;;;
???;22:14:30;14:48:37;0,0,0;;;;
???;22:14:46;14:48:37;0,0,0;;;;
???;22:15:01;14:48:38;0,0,0;;;;
???;22:15:17;14:48:38;0,0,0;;;;
???;22:15:32;14:48:39;0,0,0;;;;
???;22:15:48;14:48:39;0,0,0;;;;
???;22:16:04;14:48:40;0,0,0;;;;
???;22:16:19;14:48:40;0,0,0;;;;
???;22:16:35;14:48:41;0,0,0;;;;
???;22:16:50;14:48:41;0,0,0;;;;
???;22:17:06;14:48:42;0,0,0;;;;
???;22:17:21;14:48:42;0,0,0;;;;
???;22:17:37;14:48:43;0,0,0;;;;
???;22:17:52;14:48:43;0,0,0;;;;
???;22:18:07;14:48:44;0,0,0;;;;
???;22:18:23;14:48:44;0,0,0;;;;
???;22:18:39;14:48:45;0,0,0;;;;
???;22:18:54;14:48:45;0,0,0;;;;
???;22:19:10;14:48:46;0,0,0;;;;
???;22:19:26;14:48:46;0,0,0;;;;
???;22:19:41;14:48:47;0,0,0;;;;
???;22:19:57;14:48:47;0,0,0;;;;
???;22:20:13;14:48:48;0,0,0;;;;
???;22:20:29;14:48:49;0,0,0;;;;
???;22:20:44;14:48:49;0,0,0;;;;
???;22:21:00;14:48:50;0,0,0;;;;
???;22:21:15;14:48:50;0,0,0;;;;
???;22:21:31;14:48:51;0,0,0;;;;
???;22:21:46;14:48:51;0,0,0;;;;
???;22:22:02;14:48:52;0,0,0;;;;
???;22:22:17;14:48:52;0,0,0;;;;
???;22:22:33;14:48:53;0,0,0;;;;
???;22:22:48;14:48:53;0,0,0;;;;
???;22:23:04;14:48:54;0,0,0;;;;
???;22:23:19;14:48:54;0,0,0;;;;
???;22:23:35;14:48:55;0,0,0;;;;
???;22:23:51;14:48:55;0,0,0;;;;
???;22:24:06;14:48:56;0,0,0;;;;
???;22:24:21;14:48:56;0,0,0;;;;
???;22:24:37;14:48:57;0,0,0;;;;
???;22:24:52;14:48:57;0,0,0;;;;
???;22:25:08;14:48:58;0,0,0;;;;
???;22:25:23;14:48:58;0,0,0;;;;
???;22:25:39;14:48:59;0,0,0;;;;
???;22:25:55;14:48:59;0,0,0;;;;
???;22:26:10;14:49:00;0,0,0;;;;
???;22:26:26;14:49:00;0,0,0;;;;
???;22:26:41;14:49:01;0,0,0;;;;
???;22:26:57;14:49:01;0,0,0;;;;
???;22:27:12;14:49:02;0,0,0;;;;
???;22:27:28;14:49:02;0,0,0;;;;
???;22:27:43;14:49:03;0,0,0;;;;
???;22:27:59;14:49:04;0,0,0;;;;
???;22:28:14;14:49:04;0,0,0;;;;
???;22:28:30;14:49:05;0,0,0;;;;
???;22:28:45;14:49:05;0,0,0;;;;
???;22:29:01;14:49:06;0,0,0;;;;
???;22:29:16;14:49:06;0,0,0;;;;
???;22:29:32;14:49:07;0,0,0;;;;
???;22:29:47;14:49:07;0,0,0;;;;
???;22:30:03;14:49:08;0,0,0;;;;
???;22:30:18;14:49:08;0,0,0;;;;
???;22:30:34;14:49:09;0,0,0;;;;
???;22:30:50;14:49:09;0,0,0;;;;
???;22:31:05;14:49:10;0,0,0;;;;
???;22:31:21;14:49:10;0,0,0;;;;
???;22:31:36;14:49:11;0,0,0;;;;
???;22:31:52;14:49:11;0,0,0;;;;
???;22:32:07;14:49:12;0,0,0;;;;
???;22:32:23;14:49:12;0,0,0;;;;
???;22:32:38;14:49:13;0,0,0;;;;
???;22:32:54;14:49:13;0,0,0;;;;
???;22:33:10;14:49:14;0,0,0;;;;
???;22:33:25;14:49:14;0,0,0;;;;
???;22:33:41;14:49:15;0,0,0;;;;
???;22:33:56;14:49:15;0,0,0;;;;
???;22:34:12;14:49:16;0,0,0;;;;
???;22:34:27;14:49:16;0,0,0;;;;
???;22:34:43;14:49:17;0,0,0;;;;
???;22:34:59;14:49:18;0,0,0;;;;
???;22:35:14;14:49:18;0,0,0;;;;
???;22:35:30;14:49:19;0,0,0;;;;
???;22:35:45;14:49:19;0,0,0;;;;
???;22:36:01;14:49:20;0,0,0;;;;
???;22:36:16;14:49:20;0,0,0;;;;
???;22:36:32;14:49:21;0,0,0;;;;
???;22:36:47;14:49:21;0,0,0;;;;
???;22:37:03;14:49:22;0,0,0;;;;
???;22:37:18;14:49:22;0,0,0;;;;
???;22:37:34;14:49:23;0,0,0;;;;
???;22:37:49;14:49:23;0,0,0;;;;
???;22:38:05;14:49:24;0,0,0;;;;
???;22:38:20;14:49:24;0,0,0;;;;
???;22:38:36;14:49:25;0,0,0;;;;
???;22:38:51;14:49:25;0,0,0;;;;
???;22:39:07;14:49:26;0,0,0;;;;
???;22:39:22;14:49:26;0,0,0;;;;
???;22:39:38;14:49:27;0,0,0;;;;
???;22:39:53;14:49:27;0,0,0;;;;
???;22:40:09;14:49:28;0,0,0;;;;
???;22:40:24;14:49:28;0,0,0;;;;
???;22:40:40;14:49:29;0,0,0;;;;
???;22:40:55;14:49:29;0,0,0;;;;
???;22:41:11;14:49:30;0,0,0;;;;
???;22:41:26;14:49:30;0,0,0;;;;
???;22:41:42;14:49:31;0,0,0;;;;
???;22:41:58;14:49:31;0,0,0;;;;
???;22:42:13;14:49:32;0,0,0;;;;
???;22:42:29;14:49:33;0,0,0;;;;
???;22:42:44;14:49:33;0,0,0;;;;
???;22:43:00;14:49:34;0,0,0;;;;
???;22:43:15;14:49:34;0,0,0;;;;
???;22:43:31;14:49:35;0,0,0;;;;
???;22:43:46;14:49:35;0,0,0;;;;
???;22:44:02;14:49:36;0,0,0;;Hey, Franklin, why don't you come over here and let me take care of that lonely ass?;TONYA;TOW_CQAA
???;22:44:17;14:49:36;0,0,0;;;;
???;22:44:33;14:49:37;0,0,0;;;;
???;22:44:49;14:49:37;0,0,0;;;;
???;22:45:04;14:49:38;0,0,0;;;;
???;22:45:19;14:49:38;0,0,0;;;;
???;22:45:35;14:49:39;0,0,0;;;;
???;22:45:51;14:49:39;0,0,0;;;;
???;22:46:07;14:49:40;0,0,0;;;;
???;22:46:22;14:49:40;0,0,0;;;;
???;22:46:38;14:49:41;0,0,0;;;;
???;22:46:53;14:49:41;0,0,0;;;;
???;22:47:09;14:49:42;0,0,0;;;;
???;22:47:25;14:49:42;0,0,0;;;;
???;22:47:40;14:49:43;0,0,0;;;;
???;22:47:56;14:49:43;0,0,0;;;;
???;22:48:11;14:49:44;0,0,0;;;;
???;22:48:27;14:49:44;0,0,0;;;;
???;22:48:42;14:49:45;0,0,0;;;;
???;22:48:58;14:49:45;0,0,0;;;;
???;22:49:13;14:49:46;0,0,0;;;;
???;22:49:29;14:49:47;0,0,0;;;;
???;22:49:45;14:49:47;0,0,0;;;;
???;22:50:00;14:49:48;0,0,0;;;;
???;22:50:16;14:49:48;0,0,0;;;;
???;22:50:31;14:49:49;0,0,0;;;;
???;22:50:47;14:49:49;0,0,0;;;;
???;22:51:03;14:49:50;0,0,0;;;;
???;22:51:19;14:49:50;0,0,0;;;;
???;22:51:34;14:49:51;0,0,0;;;;
???;22:51:50;14:49:51;0,0,0;;;;
???;22:52:05;14:49:52;0,0,0;;;;
???;22:52:21;14:49:52;0,0,0;;Boy, you drive me sick with worry.;DENISE;FMF_AGAA
???;22:52:36;14:49:53;0,0,0;;;;
???;22:52:52;14:49:53;0,0,0;;;;
???;22:53:07;14:49:54;0,0,0;;;;
???;22:53:23;14:49:54;0,0,0;;;;
???;22:53:39;14:49:55;0,0,0;;;;
???;22:53:54;14:49:55;0,0,0;;;;
???;22:54:10;14:49:56;0,0,0;;;;
???;22:54:25;14:49:56;0,0,0;;;;
???;22:54:41;14:49:57;0,0,0;;;;
???;22:54:56;14:49:57;0,0,0;;;;
???;22:55:12;14:49:58;0,0,0;;;;
???;22:55:27;14:49:58;0,0,0;;;;
???;22:55:43;14:49:59;0,0,0;;;;
???;22:55:58;14:50:00;0,0,0;;;;
???;22:56:14;14:50:00;0,0,0;;;;
???;22:56:29;14:50:01;0,0,0;;;;
???;22:56:45;14:50:01;0,0,0;;;;
???;22:57:00;14:50:02;0,0,0;;;;
???;22:57:16;14:50:02;0,0,0;;;;
???;22:57:31;14:50:03;0,0,0;;;;
???;22:57:47;14:50:03;0,0,0;;;;
???;22:58:02;14:50:04;0,0,0;;;;
???;22:58:18;14:50:04;0,0,0;;;;
???;22:58:33;14:50:05;0,0,0;;;;
???;22:58:49;14:50:05;0,0,0;;;;
???;22:59:04;14:50:06;0,0,0;;;;
???;22:59:20;14:50:06;0,0,0;;;;
???;22:59:35;14:50:07;0,0,0;;;;
???;22:59:51;14:50:07;0,0,0;;;;
???;23:00:06;14:50:08;0,0,0;;;;
???;23:00:22;14:50:08;0,0,0;;;;
???;23:00:38;14:50:09;0,0,0;;;;
???;23:00:53;14:50:09;0,0,0;;I am so stressed out, you've interrupted my menopause.;DENISE;FMF_AGAA
???;23:01:09;14:50:10;0,0,0;;;;
???;23:01:24;14:50:10;0,0,0;;;;
???;23:01:40;14:50:11;0,0,0;;;;
???;23:01:55;14:50:11;0,0,0;;;;
???;23:02:11;14:50:12;0,0,0;;;;
???;23:02:26;14:50:12;0,0,0;;;;
???;23:02:42;14:50:13;0,0,0;;;;
???;23:02:57;14:50:13;0,0,0;;;;
???;23:03:13;14:50:14;0,0,0;;;;
???;23:03:28;14:50:15;0,0,0;;;;
???;23:03:44;14:50:15;0,0,0;;;;
???;23:03:59;14:50:16;0,0,0;;;;
???;23:04:14;14:50:16;0,0,0;;;;
???;23:04:30;14:50:17;0,0,0;;;;
???;23:04:46;14:50:17;0,0,0;;;;
???;23:05:01;14:50:18;0,0,0;;;;
???;23:05:16;14:50:18;0,0,0;;;;
???;23:05:32;14:50:19;0,0,0;;;;
???;23:05:47;14:50:19;0,0,0;;;;
???;23:06:03;14:50:20;0,0,0;;;;
???;23:06:18;14:50:20;0,0,0;;;;
???;07:06:26;14:50:28;0,0,0;;;;
???;07:06:43;14:50:28;0,0,0;;;;
???;07:06:58;14:50:29;0,0,0;;;;
???;07:07:14;14:50:29;0,0,0;;;;
???;07:07:29;14:50:30;0,0,0;;;;
???;07:07:45;14:50:30;0,0,0;;;;
???;07:08:00;14:50:31;0,0,0;;;;
???;07:08:16;14:50:31;0,0,0;;;;
???;07:08:31;14:50:32;0,0,0;;;;
???;07:08:47;14:50:32;0,0,0;;;;
???;07:09:03;14:50:33;0,0,0;;;;
???;07:09:18;14:50:34;0,0,0;;;;
???;07:09:34;14:50:34;0,0,0;;;;
???;07:09:49;14:50:35;0,0,0;;;;
???;07:10:05;14:50:35;0,0,0;;;;
???;07:10:20;14:50:36;0,0,0;;;;
???;07:10:36;14:50:36;0,0,0;;;;
???;07:10:51;14:50:37;0,0,0;;;;
???;07:11:07;14:50:37;0,0,0;;;;
???;07:11:23;14:50:38;0,0,0;;;;
???;07:11:38;14:50:38;0,0,0;;;;
???;07:11:54;14:50:39;0,0,0;;;;
???;07:12:09;14:50:39;0,0,0;;;;
???;07:12:25;14:50:40;0,0,0;;;;
???;07:12:41;14:50:40;0,0,0;;;;
???;07:12:56;14:50:41;0,0,0;;;;
???;07:13:12;14:50:41;0,0,0;;;;
???;07:13:28;14:50:42;0,0,0;;;;
???;07:13:43;14:50:42;0,0,0;;;;
???;07:13:58;14:50:43;0,0,0;;;;
???;07:14:14;14:50:43;0,0,0;;;;
???;07:14:30;14:50:44;0,0,0;;;;
???;07:14:45;14:50:44;0,0,0;;;;
???;07:15:01;14:50:45;0,0,0;;;;
???;07:15:17;14:50:45;0,0,0;;;;
???;07:15:32;14:50:46;0,0,0;;;;
???;07:15:48;14:50:47;0,0,0;;;;
???;07:16:03;14:50:47;0,0,0;;;;
???;07:16:19;14:50:48;0,0,0;;;;
???;07:16:35;14:50:48;0,0,0;;;;
???;07:16:50;14:50:49;0,0,0;;;;
???;07:17:06;14:50:49;0,0,0;;;;
???;07:17:21;14:50:50;0,0,0;;;;
???;07:17:31;14:51:17;0,0,0;;;;
???;07:17:47;14:51:18;0,0,0;;;;
???;07:18:02;14:51:18;0,0,0;;;;
???;07:18:18;14:51:19;0,0,0;;;;
???;07:18:33;14:51:19;0,0,0;;;;
???;07:18:49;14:51:20;0,0,0;;;;
???;07:19:05;14:51:20;0,0,0;;;;
???;07:19:20;14:51:21;0,0,0;;;;
???;07:19:36;14:51:21;0,0,0;;;;
???;07:19:51;14:51:22;0,0,0;;;;
???;07:20:07;14:51:22;0,0,0;;;;
???;07:20:22;14:51:23;0,0,0;;;;
???;07:20:38;14:51:23;0,0,0;;;;
???;07:20:54;14:51:24;0,0,0;;;;
???;07:21:09;14:51:25;0,0,0;;;;
???;07:21:25;14:51:25;0,0,0;;;;
???;07:21:40;14:51:26;0,0,0;;;;
???;07:21:56;14:51:26;0,0,0;;;;
???;07:22:12;14:51:27;0,0,0;;;;
???;07:22:27;14:51:27;0,0,0;;;;
???;07:22:43;14:51:28;0,0,0;;;;
???;07:22:58;14:51:28;0,0,0;;;;
???;07:23:14;14:51:29;0,0,0;;;;
???;07:23:30;14:51:29;0,0,0;;;;
???;07:23:45;14:51:30;0,0,0;;;;
???;07:24:01;14:51:30;0,0,0;;;;
???;07:24:17;14:51:31;0,0,0;;;;
???;07:24:32;14:51:31;0,0,0;;;;
???;07:24:48;14:51:32;0,0,0;;;;
???;07:25:04;14:51:32;0,0,0;;;;
???;07:25:19;14:51:33;0,0,0;;;;
???;07:25:35;14:51:33;0,0,0;;;;
???;07:25:50;14:51:34;0,0,0;;;;
???;07:26:06;14:51:34;0,0,0;;;;
???;07:26:21;14:51:35;0,0,0;;;;
???;07:26:37;14:51:35;0,0,0;;;;
???;07:26:52;14:51:36;0,0,0;;;;
???;07:27:08;14:51:36;0,0,0;;;;
???;07:27:23;14:51:37;0,0,0;;;;
???;07:27:39;14:51:38;0,0,0;;;;
???;07:27:54;14:51:38;0,0,0;;;;
???;07:28:10;14:51:39;0,0,0;;;;
???;07:28:26;14:51:39;0,0,0;;;;
???;07:28:41;14:51:40;0,0,0;;;;
???;07:28:57;14:51:40;0,0,0;;;;
???;07:29:12;14:51:41;0,0,0;;;;
???;07:29:28;14:51:41;0,0,0;;;;
???;07:29:44;14:51:42;0,0,0;;;;
???;07:29:59;14:51:42;0,0,0;;;;
???;07:30:15;14:51:43;0,0,0;;;;
???;07:30:30;14:51:43;0,0,0;;;;
???;07:30:46;14:51:44;0,0,0;;;;
???;07:31:02;14:51:44;0,0,0;;;;
???;07:31:17;14:51:45;0,0,0;;;;
???;07:31:33;14:51:45;0,0,0;;;;
???;07:31:48;14:51:46;0,0,0;;;;
???;07:32:04;14:51:46;0,0,0;;;;
???;07:32:19;14:51:47;0,0,0;;;;
???;07:32:35;14:51:47;0,0,0;;;;
???;07:32:50;14:51:48;0,0,0;;;;
???;07:33:06;14:51:48;0,0,0;;;;
???;07:33:22;14:51:49;0,0,0;;;;
???;07:33:37;14:51:49;0,0,0;;;;
???;07:33:53;14:51:50;0,0,0;;;;
???;07:34:08;14:51:50;0,0,0;;;;
???;07:34:24;14:51:51;0,0,0;;;;
???;07:34:40;14:51:52;0,0,0;;;;
???;07:34:55;14:51:52;0,0,0;;;;
???;07:35:11;14:51:53;0,0,0;;;;
???;07:35:26;14:51:53;0,0,0;;;;
???;07:35:42;14:51:54;0,0,0;;;;
???;07:35:57;14:51:54;0,0,0;;;;
???;07:36:13;14:51:55;0,0,0;;;;
???;07:36:28;14:51:55;0,0,0;;;;
???;07:36:44;14:51:56;0,0,0;;;;
???;07:37:00;14:51:56;0,0,0;;;;
???;07:37:15;14:51:57;0,0,0;;;;
???;07:37:30;14:51:57;0,0,0;;;;
???;07:37:46;14:51:58;0,0,0;;;;
???;07:38:02;14:51:58;0,0,0;;;;
???;07:38:17;14:51:59;0,0,0;;;;
???;07:38:33;14:51:59;0,0,0;;;;
???;07:38:49;14:52:00;0,0,0;;;;
???;07:39:04;14:52:00;0,0,0;;;;
???;07:39:20;14:52:01;0,0,0;;;;
???;07:39:35;14:52:06;0,0,0;;;;
???;07:39:51;14:52:06;0,0,0;;;;
???;07:40:07;14:52:07;0,0,0;;;;
???;07:40:22;14:52:07;0,0,0;;;;
???;07:40:38;14:52:08;0,0,0;;;;
???;07:40:53;14:52:08;0,0,0;;;;
???;07:41:09;14:52:09;0,0,0;;;;
???;07:41:24;14:52:09;0,0,0;;;;
???;07:41:40;14:52:10;0,0,0;;;;
???;07:41:56;14:52:10;0,0,0;;;;
???;07:42:11;14:52:11;0,0,0;;;;
???;07:42:27;14:52:11;0,0,0;;;;
???;07:42:42;14:52:12;0,0,0;;;;
???;07:42:58;14:52:12;0,0,0;;;;
???;07:43:13;14:52:13;0,0,0;;;;
???;07:43:28;14:52:13;0,0,0;;;;
???;07:43:44;14:52:14;0,0,0;;;;
???;07:44:00;14:52:14;0,0,0;;;;
???;07:44:15;14:52:15;0,0,0;;;;
???;07:44:31;14:52:15;0,0,0;;;;
???;07:44:46;14:52:16;0,0,0;;;;
???;07:45:02;14:52:16;0,0,0;;;;
???;07:45:18;14:52:17;0,0,0;;;;
???;07:45:33;14:52:18;0,0,0;;;;
???;07:45:49;14:52:18;0,0,0;;;;
???;07:46:04;14:52:19;0,0,0;;;;
???;07:46:20;14:52:19;0,0,0;;;;
???;07:46:36;14:52:20;0,0,0;;;;
???;07:46:51;14:52:20;0,0,0;;;;
???;07:47:06;14:52:21;0,0,0;;;;
???;07:47:22;14:52:21;0,0,0;;;;
???;07:47:38;14:52:22;0,0,0;;;;
???;07:47:53;14:52:22;0,0,0;;;;
???;07:48:09;14:52:23;0,0,0;;;;
???;07:48:24;14:52:23;0,0,0;;;;
???;07:48:40;14:52:24;0,0,0;;;;
???;07:48:55;14:52:24;0,0,0;;;;
???;07:49:11;14:52:25;0,0,0;;;;
???;07:49:26;14:52:25;0,0,0;;;;
???;07:49:42;14:52:26;0,0,0;;;;
???;07:49:57;14:52:26;0,0,0;;;;
???;07:50:13;14:52:27;0,0,0;;;;
???;07:50:28;14:52:27;0,0,0;;;;
???;07:50:44;14:52:28;0,0,0;;;;
???;07:51:00;14:52:28;0,0,0;;;;
???;07:51:15;14:52:29;0,0,0;;;;
???;07:51:30;14:52:29;0,0,0;;;;
???;07:51:46;14:52:30;0,0,0;;;;
???;07:52:02;14:52:30;0,0,0;;;;
???;07:52:17;14:52:31;0,0,0;;;;
???;07:52:33;14:52:31;0,0,0;;;;
???;07:52:48;14:52:32;0,0,0;;;;
???;07:53:04;14:52:33;0,0,0;;;;
???;07:53:19;14:52:33;0,0,0;;;;
???;07:53:35;14:52:34;0,0,0;;;;
???;07:53:50;14:52:34;0,0,0;;;;
???;07:54:06;14:52:35;0,0,0;;;;
???;07:54:22;14:52:35;0,0,0;;;;
???;07:54:37;14:52:36;0,0,0;;;;
???;07:54:53;14:52:36;0,0,0;;;;
???;07:55:08;14:52:37;0,0,0;;;;
???;07:55:24;14:52:37;0,0,0;;;;
???;07:55:39;14:52:38;0,0,0;;;;
???;07:55:55;14:52:38;0,0,0;;;;
???;07:56:10;14:52:39;0,0,0;;;;
???;07:56:26;14:52:39;0,0,0;;;;
???;07:56:42;14:52:40;0,0,0;;;;
???;07:56:57;14:52:40;0,0,0;;;;
???;07:57:13;14:52:41;0,0,0;;;;
???;07:57:28;14:52:41;0,0,0;;;;
???;07:57:44;14:52:42;0,0,0;;;;
???;07:58:00;14:52:42;0,0,0;;;;
???;07:58:15;14:52:43;0,0,0;;;;
???;07:58:31;14:52:43;0,0,0;;;;
???;07:58:46;14:52:44;0,0,0;;;;
???;07:59:02;14:52:44;0,0,0;;;;
???;07:59:18;14:52:45;0,0,0;;;;
???;07:59:33;14:52:46;0,0,0;;;;
???;07:59:49;14:52:46;0,0,0;;;;
???;08:00:04;14:52:47;0,0,0;;;;
???;08:00:20;14:52:47;0,0,0;;;;
???;08:00:35;14:52:48;0,0,0;;;;
???;08:00:51;14:52:48;0,0,0;;;;
???;08:01:06;14:52:49;0,0,0;;;;
???;08:01:22;14:52:49;0,0,0;;;;
???;08:01:37;14:52:50;0,0,0;;;;
???;08:01:53;14:52:50;0,0,0;;;;
???;08:02:08;14:52:51;0,0,0;;;;
???;08:02:24;14:52:51;0,0,0;;;;
???;08:02:40;14:52:52;0,0,0;;;;
???;08:02:55;14:52:52;0,0,0;;;;
???;08:03:11;14:52:53;0,0,0;;;;
???;08:03:26;14:52:53;0,0,0;;;;
???;08:03:42;14:52:54;0,0,0;;;;
???;08:03:57;14:52:54;0,0,0;;;;
???;08:04:13;14:52:55;0,0,0;;;;
???;08:04:28;14:52:55;0,0,0;;;;
???;08:04:44;14:52:56;0,0,0;;;;
???;08:04:59;14:52:56;0,0,0;;;;
???;08:05:15;14:52:57;0,0,0;;;;
???;08:05:30;14:52:57;0,0,0;;;;
???;08:05:46;14:52:58;0,0,0;;;;
???;08:06:01;14:52:58;0,0,0;;;;
???;08:06:17;14:52:59;0,0,0;;;;
???;08:06:33;14:52:59;0,0,0;;;;
???;08:06:48;14:53:00;0,0,0;;;;
???;08:07:04;14:53:01;0,0,0;;;;
???;08:07:19;14:53:01;0,0,0;;;;
???;08:07:34;14:53:02;0,0,0;;;;
???;08:07:50;14:53:02;0,0,0;;;;
???;08:08:06;14:53:03;0,0,0;;;;
???;08:08:21;14:53:03;0,0,0;;;;
???;08:08:37;14:53:04;0,0,0;;;;
???;08:08:52;14:53:04;0,0,0;;;;
???;08:09:08;14:53:05;0,0,0;;;;
???;08:09:24;14:53:05;0,0,0;;;;
???;08:09:39;14:53:06;0,0,0;;;;
???;08:09:55;14:53:06;0,0,0;;;;
???;08:10:10;14:53:07;0,0,0;;;;
???;08:10:26;14:53:07;0,0,0;;;;
???;08:10:41;14:53:08;0,0,0;;;;
???;08:10:56;14:53:08;0,0,0;;;;
???;08:11:12;14:53:09;0,0,0;;;;
???;08:11:28;14:53:09;0,0,0;;;;
???;08:11:43;14:53:10;0,0,0;;;;
???;08:11:59;14:53:10;0,0,0;;;;
???;08:12:15;14:53:11;0,0,0;;;;
???;08:12:30;14:53:11;0,0,0;;;;
???;08:12:46;14:53:12;0,0,0;;;;
???;08:13:01;14:53:12;0,0,0;;;;
???;08:13:17;14:53:13;0,0,0;;;;
???;08:13:32;14:53:13;0,0,0;;;;
???;08:13:48;14:53:14;0,0,0;;;;
???;08:14:03;14:53:15;0,0,0;;;;
???;08:14:19;14:53:15;0,0,0;;;;
???;08:14:35;14:53:16;0,0,0;;;;
???;08:14:50;14:53:16;0,0,0;;;;
???;08:15:06;14:53:17;0,0,0;;;;
???;08:15:21;14:53:17;0,0,0;;;;
???;08:15:37;14:53:18;0,0,0;;;;
???;08:15:53;14:53:18;0,0,0;;;;
???;08:16:08;14:53:19;0,0,0;;;;
???;08:16:24;14:53:19;0,0,0;;;;
???;08:16:39;14:53:20;0,0,0;;;;
???;08:16:55;14:53:20;0,0,0;;;;
???;08:17:10;14:53:21;0,0,0;;;;
???;08:17:26;14:53:21;0,0,0;;;;
???;08:17:41;14:53:22;0,0,0;;;;
???;08:17:57;14:53:22;0,0,0;;;;
???;08:18:13;14:53:23;0,0,0;;;;
???;08:18:28;14:53:23;0,0,0;;;;
???;08:18:44;14:53:24;0,0,0;;;;
???;08:19:00;14:53:24;0,0,0;;;;
???;08:19:15;14:53:25;0,0,0;;;;
???;08:19:31;14:53:25;0,0,0;;;;
???;08:19:46;14:53:26;0,0,0;;;;
???;08:20:02;14:53:26;0,0,0;;;;
???;08:20:17;14:53:27;0,0,0;;;;
???;08:20:33;14:53:27;0,0,0;;;;
???;08:20:48;14:53:28;0,0,0;;;;
???;08:21:04;14:53:29;0,0,0;;;;
???;08:21:20;14:53:29;0,0,0;;;;
???;08:21:35;14:53:30;0,0,0;;;;
???;08:21:51;14:53:30;0,0,0;;;;
???;08:22:06;14:53:31;0,0,0;;;;
???;08:22:22;14:53:31;0,0,0;;;;
???;08:22:37;14:53:32;0,0,0;;You don't like me because you think that I am an Arab.;SIMEON;ARM3_CEAA
???;08:22:53;14:53:32;0,0,0;;;;
???;08:23:08;14:53:33;0,0,0;;;;
???;08:23:24;14:53:33;0,0,0;;;;
???;08:23:39;14:53:34;0,0,0;;;;
???;08:23:55;14:53:34;0,0,0;;;;
???;08:24:10;14:53:35;0,0,0;;What? No! What are you talking about? It's nothing like that!;MrKenneth;ARM3_CEAB
???;08:24:26;14:53:35;0,0,0;;;;
???;08:24:41;14:53:36;0,0,0;;;;
???;08:24:57;14:53:36;0,0,0;;Excuse me.;SIMEON;ARM3_CEAC
???;08:25:13;14:53:37;0,0,0;;;;
???;08:25:28;14:53:37;0,0,0;;Wait...;MrKenneth;ARM3_CEAD
???;08:25:42;14:53:38;0,0,0;;;;
???;08:25:42;14:53:38;0,0,0;;;;
???;08:25:42;14:53:39;0,0,0;;;;
???;08:25:42;14:53:39;0,0,0;;;;
???;08:25:42;14:53:40;0,0,0;;I am his mentor.;Cutscene;Cutscene
???;08:25:42;14:53:40;0,0,0;;;;
???;08:25:42;14:53:41;0,0,0;;I am so proud of you.;Cutscene;Cutscene
???;08:25:42;14:53:41;0,0,0;;;;
???;08:25:42;14:53:42;0,0,0;;;;
???;08:25:42;14:53:43;0,0,0;;;;
???;08:25:42;14:53:43;0,0,0;;What do you mean, a mentor?;Cutscene;Cutscene
???;08:25:42;14:53:44;0,0,0;;;;
???;08:25:42;14:53:44;0,0,0;;Don't worry about that.;Cutscene;Cutscene
???;08:25:42;14:53:45;0,0,0;;;;
???;08:25:42;14:53:45;0,0,0;;;;
???;08:25:42;14:53:46;0,0,0;;;;
???;08:25:42;14:53:46;0,0,0;;Okay, so what you got for me?;Cutscene;Cutscene
???;08:25:42;14:53:47;0,0,0;;;;
???;08:25:42;14:53:47;0,0,0;;;;
???;08:25:42;14:53:48;0,0,0;;James De Santa.;Cutscene;Cutscene
???;08:25:42;14:53:48;0,0,0;;;;
???;08:25:42;14:53:49;0,0,0;;Some kid, he is already late on his payments;Cutscene;Cutscene
???;08:25:42;14:53:49;0,0,0;;;;
???;08:25:42;14:53:50;0,0,0;;;;
???;08:25:42;14:53:50;0,0,0;;;;
???;08:25:42;14:53:51;0,0,0;;;;
???;08:25:42;14:53:51;0,0,0;;and I have this bad feeling that he will do more damage to the car;Cutscene;Cutscene
???;08:25:42;14:53:52;0,0,0;;;;
???;08:25:42;14:53:52;0,0,0;;;;
???;08:25:42;14:53:53;0,0,0;;;;
???;08:25:42;14:53:53;0,0,0;;;;
???;08:25:42;14:53:54;0,0,0;;;;
???;08:25:42;14:53:54;0,0,0;;than we can get back from him in the exorbitant interest rate payments.;Cutscene;Cutscene
???;08:25:42;14:53:55;0,0,0;;;;
???;08:25:42;14:53:55;0,0,0;;;;
???;08:25:42;14:53:56;0,0,0;;;;
???;08:25:42;14:53:57;0,0,0;;;;
???;08:25:42;14:53:57;0,0,0;;;;
???;08:25:42;14:53:58;0,0,0;;;;
???;08:25:42;14:53:58;0,0,0;;;;
???;08:25:42;14:53:59;0,0,0;;Just go and get it.;Cutscene;Cutscene
???;08:25:42;14:53:59;0,0,0;;;;
???;08:25:42;14:54:00;0,0,0;;;;
???;08:25:42;14:54:00;0,0,0;;The house is on...;Cutscene;Cutscene
???;08:25:42;14:54:01;0,0,0;;;;
???;08:25:42;14:54:01;0,0,0;;;;
???;08:25:42;14:54:02;0,0,0;;;;
???;08:25:42;14:54:02;0,0,0;;;;
???;08:25:42;14:54:03;0,0,0;;Hampstead, off Eclipse.;Cutscene;Cutscene
???;08:25:42;14:54:03;0,0,0;;;;
???;08:25:42;14:54:04;0,0,0;;;;
???;08:25:42;14:54:04;0,0,0;;It's an SUV.;Cutscene;Cutscene
???;08:25:42;14:54:05;0,0,0;;;;
???;08:25:42;14:54:05;0,0,0;;;;
???;08:25:42;14:54:06;0,0,0;;Some Rockford Hills daddy's boy nonsense.;Cutscene;Cutscene
???;08:25:42;14:54:06;0,0,0;;;;
???;08:25:42;14:54:07;0,0,0;;;;
???;08:25:42;14:54:07;0,0,0;;;;
???;08:25:42;14:54:08;0,0,0;;;;
???;08:25:42;14:54:08;0,0,0;;;;
???;08:25:42;14:54:09;0,0,0;;Don't worry about it,;Cutscene;Cutscene
???;08:25:42;14:54:09;0,0,0;;;;
???;08:25:42;14:54:10;0,0,0;;;;
???;08:25:42;14:54:10;0,0,0;;try to bring the car back in good condition, huh?;Cutscene;Cutscene
???;08:25:42;14:54:11;0,0,0;;;;
???;08:25:42;14:54:12;0,0,0;;;;
???;08:25:42;14:54:12;0,0,0;;;;
???;08:25:42;14:54:13;0,0,0;;;;
???;08:25:42;14:54:13;0,0,0;;I gotcha, don't worry about it.;Cutscene;Cutscene
???;08:25:42;14:54:14;0,0,0;;;;
???;08:25:42;14:54:14;0,0,0;;It's so good to see you, my boy.;Cutscene;Cutscene
???;08:25:42;14:54:15;0,0,0;;;;
???;08:25:42;14:54:15;0,0,0;;;;
???;08:25:42;14:54:16;0,0,0;;;;
???;08:25:42;14:54:16;0,0,0;;Good luck in...;Cutscene;Cutscene
???;08:25:42;14:54:17;0,0,0;;;;
???;08:25:42;14:54:17;0,0,0;;;;
???;08:25:42;14:54:18;0,0,0;;Law school.;Cutscene;Cutscene
???;08:25:42;14:54:18;0,0,0;;;;
???;08:25:43;14:54:19;0,0,0;;;;
???;08:25:58;14:54:19;0,0,0;;So, Mr. Kenneth, were we at financing?;SIMEON;ARM3_CFAC
???;08:26:14;14:54:20;0,0,0;;;;
???;08:26:30;14:54:20;0,0,0;;;;
???;08:26:45;14:54:21;0,0,0;;;;
???;08:27:01;14:54:21;0,0,0;;;;
???;08:27:16;14:54:22;0,0,0;;;;
???;08:27:32;14:54:22;0,0,0;;;;
???;08:27:47;14:54:23;0,0,0;;;;
???;08:28:03;14:54:23;0,0,0;;;;
???;08:28:18;14:54:24;0,0,0;;;;
???;08:28:34;14:54:24;0,0,0;;;;
???;08:28:49;14:54:25;0,0,0;;;;
???;08:29:05;14:54:26;0,0,0;;;;
???;08:29:20;14:54:26;0,0,0;;;;
???;08:29:36;14:54:27;0,0,0;;;;
???;08:29:51;14:54:27;0,0,0;;;;
???;08:30:07;14:54:28;0,0,0;;;;
???;08:30:22;14:54:28;0,0,0;;;;
???;08:30:38;14:54:29;0,0,0;;;;
???;08:30:54;14:54:29;0,0,0;;;;
???;08:31:09;14:54:30;0,0,0;;;;
???;08:31:25;14:54:30;0,0,0;;;;
???;08:31:40;14:54:31;0,0,0;;;;
???;08:31:56;14:54:31;0,0,0;;;;
???;08:32:11;14:54:32;0,0,0;;;;
???;08:32:27;14:54:32;0,0,0;;;;
???;08:32:43;14:54:33;0,0,0;;;;
???;08:32:58;14:54:33;0,0,0;;;;
???;08:33:14;14:54:34;0,0,0;;;;
???;08:33:29;14:54:34;0,0,0;;;;
???;08:33:45;14:54:35;0,0,0;;;;
???;08:34:01;14:54:35;0,0,0;;;;
???;08:34:16;14:54:36;0,0,0;;;;
???;08:34:32;14:54:36;0,0,0;;;;
???;08:34:48;14:54:37;0,0,0;;;;
???;08:35:03;14:54:37;0,0,0;;;;
???;08:35:19;14:54:38;0,0,0;;;;
???;08:35:34;14:54:39;0,0,0;;;;
???;08:35:50;14:54:39;0,0,0;;;;
???;08:36:06;14:54:40;0,0,0;;;;
???;08:36:21;14:54:40;0,0,0;;;;
???;08:36:37;14:54:41;0,0,0;;;;
???;08:36:52;14:54:41;0,0,0;;;;
???;08:37:08;14:54:42;0,0,0;;;;
???;08:37:23;14:54:42;0,0,0;;;;
???;08:37:39;14:54:43;0,0,0;;;;
???;08:37:55;14:54:43;0,0,0;;;;
???;08:38:10;14:54:44;0,0,0;;;;
???;08:38:26;14:54:44;0,0,0;;;;
???;08:38:42;14:54:45;0,0,0;;;;
???;08:38:57;14:54:45;0,0,0;;;;
???;08:39:13;14:54:46;0,0,0;;;;
???;08:39:28;14:54:46;0,0,0;;;;
???;08:39:44;14:54:47;0,0,0;;;;
???;08:40:00;14:54:47;0,0,0;;;;
???;08:40:15;14:54:48;0,0,0;;;;
???;08:40:31;14:54:48;0,0,0;;;;
???;08:40:47;14:54:49;0,0,0;;;;
???;08:41:02;14:54:49;0,0,0;;;;
???;08:41:18;14:54:50;0,0,0;;;;
???;08:41:33;14:54:50;0,0,0;;;;
???;08:41:49;14:54:51;0,0,0;;;;
???;08:42:05;14:54:52;0,0,0;;;;
???;08:42:20;14:54:52;0,0,0;;;;
???;08:42:36;14:54:53;0,0,0;;;;
???;08:42:51;14:54:53;0,0,0;;;;
???;08:43:07;14:54:54;0,0,0;;;;
???;08:43:22;14:54:54;0,0,0;;;;
???;08:43:38;14:54:55;0,0,0;;;;
???;08:43:54;14:54:55;0,0,0;;;;
???;08:44:09;14:54:56;0,0,0;;;;
???;08:44:24;14:54:56;0,0,0;;;;
???;08:44:40;14:54:57;0,0,0;;;;
???;08:44:56;14:54:57;0,0,0;;;;
???;08:45:11;14:54:58;0,0,0;;;;
???;08:45:27;14:54:58;0,0,0;;;;
???;08:45:42;14:54:59;0,0,0;;;;
???;08:45:58;14:54:59;0,0,0;;;;
???;08:46:14;14:55:00;0,0,0;;;;
???;08:46:29;14:55:00;0,0,0;;;;
???;08:46:45;14:55:01;0,0,0;;;;
???;08:47:00;14:55:01;0,0,0;;;;
???;08:47:16;14:55:02;0,0,0;;;;
???;08:47:32;14:55:02;0,0,0;;;;
???;08:47:47;14:55:03;0,0,0;;;;
???;08:48:03;14:55:03;0,0,0;;;;
???;08:48:19;14:55:04;0,0,0;;;;
???;08:48:34;14:55:05;0,0,0;;;;
???;08:48:50;14:55:05;0,0,0;;;;
???;08:49:05;14:55:06;0,0,0;;;;
???;08:49:21;14:55:06;0,0,0;;;;
???;08:49:37;14:55:07;0,0,0;;;;
???;08:49:52;14:55:07;0,0,0;;;;
???;08:50:08;14:55:08;0,0,0;;;;
???;08:50:23;14:55:08;0,0,0;;;;
???;08:50:39;14:55:09;0,0,0;;;;
???;08:50:54;14:55:09;0,0,0;;;;
???;08:51:10;14:55:10;0,0,0;;;;
???;08:51:26;14:55:10;0,0,0;;;;
???;08:51:41;14:55:11;0,0,0;;;;
???;08:51:57;14:55:11;0,0,0;;;;
???;08:52:12;14:55:12;0,0,0;;;;
???;08:52:28;14:55:12;0,0,0;;;;
???;08:52:43;14:55:13;0,0,0;;;;
???;08:52:59;14:55:13;0,0,0;;;;
???;08:53:15;14:55:14;0,0,0;;;;
???;08:53:30;14:55:14;0,0,0;;;;
???;08:53:46;14:55:15;0,0,0;;;;
???;08:54:01;14:55:15;0,0,0;;;;
???;08:54:17;14:55:16;0,0,0;;;;
???;08:54:33;14:55:16;0,0,0;;;;
???;08:54:48;14:55:17;0,0,0;;;;
???;08:55:04;14:55:17;0,0,0;;;;
???;08:55:19;14:55:18;0,0,0;;;;
???;08:55:35;14:55:19;0,0,0;;;;
???;08:55:51;14:55:19;0,0,0;;;;
???;08:56:06;14:55:20;0,0,0;;;;
???;08:56:22;14:55:20;0,0,0;;;;
???;08:56:37;14:55:21;0,0,0;;;;
???;08:56:53;14:55:21;0,0,0;;;;
???;08:57:09;14:55:22;0,0,0;;;;
???;08:57:24;14:55:22;0,0,0;;;;
???;08:57:40;14:55:23;0,0,0;;;;
???;08:57:55;14:55:23;0,0,0;;;;
???;08:58:11;14:55:24;0,0,0;;;;
???;08:58:26;14:55:24;0,0,0;;;;
???;08:58:41;14:55:25;0,0,0;;;;
???;08:58:57;14:55:25;0,0,0;;;;
???;08:59:13;14:55:26;0,0,0;;;;
???;08:59:28;14:55:26;0,0,0;;;;
???;08:59:44;14:55:27;0,0,0;;;;
???;09:00:00;14:55:27;0,0,0;;;;
???;09:00:15;14:55:28;0,0,0;;;;
???;09:00:31;14:55:28;0,0,0;;;;
???;09:00:46;14:55:29;0,0,0;;;;
???;09:01:02;14:55:29;0,0,0;;;;
???;09:01:17;14:55:30;0,0,0;;;;
???;09:01:33;14:55:30;0,0,0;;;;
???;09:01:48;14:55:31;0,0,0;;;;
???;09:02:04;14:55:31;0,0,0;;;;
???;09:02:19;14:55:32;0,0,0;;;;
???;09:02:35;14:55:33;0,0,0;;;;
???;09:02:50;14:55:33;0,0,0;;;;
???;09:03:06;14:55:34;0,0,0;;;;
???;09:03:21;14:55:34;0,0,0;;;;
???;09:03:37;14:55:35;0,0,0;;;;
???;09:03:53;14:55:35;0,0,0;;;;
???;09:04:08;14:55:36;0,0,0;;;;
???;09:04:24;14:55:36;0,0,0;;;;
???;09:04:39;14:55:37;0,0,0;;;;
???;09:04:55;14:55:37;0,0,0;;;;
???;09:05:10;14:55:38;0,0,0;;;;
???;09:05:26;14:55:38;0,0,0;;;;
???;09:05:41;14:55:39;0,0,0;;;;
???;09:05:57;14:55:39;0,0,0;;;;
???;09:06:12;14:55:40;0,0,0;;;;
???;09:06:28;14:55:40;0,0,0;;;;
???;09:06:44;14:55:41;0,0,0;;;;
???;09:06:59;14:55:41;0,0,0;;;;
???;09:07:15;14:55:42;0,0,0;;;;
???;09:07:30;14:55:42;0,0,0;;;;
???;09:07:46;14:55:43;0,0,0;;;;
???;09:08:01;14:55:43;0,0,0;;;;
???;09:08:17;14:55:44;0,0,0;;;;
???;09:08:32;14:55:44;0,0,0;;;;
???;09:08:48;14:55:45;0,0,0;;;;
???;09:09:04;14:55:45;0,0,0;;;;
???;09:09:19;14:55:46;0,0,0;;;;
???;09:09:35;14:55:47;0,0,0;;;;
???;09:09:50;14:55:47;0,0,0;;;;
???;09:10:06;14:55:48;0,0,0;;;;
???;09:10:22;14:55:48;0,0,0;;;;
???;09:10:37;14:55:49;0,0,0;;;;
???;09:10:53;14:55:49;0,0,0;;;;
???;09:11:08;14:55:50;0,0,0;;;;
???;09:11:24;14:55:50;0,0,0;;;;
???;09:11:39;14:55:51;0,0,0;;;;
???;09:11:55;14:55:51;0,0,0;;;;
???;09:12:11;14:55:52;0,0,0;;;;
???;09:12:26;14:55:52;0,0,0;;;;
???;09:12:42;14:55:53;0,0,0;;;;
???;09:12:58;14:55:53;0,0,0;;;;
???;09:13:13;14:55:54;0,0,0;;;;
???;09:13:29;14:55:54;0,0,0;;;;
???;09:13:44;14:55:55;0,0,0;;;;
???;09:14:00;14:55:55;0,0,0;;;;
???;09:14:15;14:55:56;0,0,0;;;;
???;09:14:31;14:55:56;0,0,0;;;;
???;09:14:46;14:55:57;0,0,0;;;;
???;09:15:02;14:55:57;0,0,0;;;;
???;09:15:18;14:55:58;0,0,0;;;;
???;09:15:33;14:55:58;0,0,0;;;;
???;09:15:49;14:55:59;0,0,0;;;;
???;09:16:05;14:56:00;0,0,0;;;;
???;09:16:20;14:56:00;0,0,0;;;;
???;09:16:36;14:56:01;0,0,0;;;;
???;09:16:51;14:56:01;0,0,0;;;;
???;09:17:07;14:56:02;0,0,0;;;;
???;09:17:22;14:56:02;0,0,0;;;;
???;09:17:38;14:56:03;0,0,0;;;;
???;09:17:53;14:56:03;0,0,0;;;;
???;09:18:09;14:56:04;0,0,0;;;;
???;09:18:24;14:56:04;0,0,0;;;;
???;09:18:40;14:56:05;0,0,0;;;;
???;09:18:55;14:56:05;0,0,0;;;;
???;09:19:11;14:56:06;0,0,0;;;;
???;09:19:27;14:56:06;0,0,0;;;;
???;09:19:42;14:56:07;0,0,0;;;;
???;09:19:58;14:56:07;0,0,0;;;;
???;09:20:13;14:56:08;0,0,0;;;;
???;09:20:29;14:56:08;0,0,0;;;;
???;09:20:44;14:56:09;0,0,0;;;;
???;09:21:00;14:56:09;0,0,0;;;;
???;09:21:16;14:56:10;0,0,0;;;;
???;09:21:31;14:56:10;0,0,0;;;;
???;09:21:47;14:56:11;0,0,0;;;;
???;09:22:02;14:56:11;0,0,0;;;;
???;09:22:18;14:56:12;0,0,0;;;;
???;09:22:34;14:56:12;0,0,0;;;;
???;09:22:49;14:56:13;0,0,0;;;;
???;09:23:05;14:56:14;0,0,0;;;;
???;09:23:20;14:56:14;0,0,0;;;;
???;09:23:36;14:56:15;0,0,0;;;;
???;09:23:51;14:56:15;0,0,0;;;;
???;09:24:07;14:56:16;0,0,0;;;;
???;09:24:22;14:56:16;0,0,0;;;;
???;09:24:38;14:56:17;0,0,0;;;;
???;09:24:54;14:56:17;0,0,0;;;;
???;09:25:09;14:56:18;0,0,0;;;;
???;09:25:25;14:56:18;0,0,0;;;;
???;09:25:40;14:56:19;0,0,0;;;;
???;09:25:56;14:56:19;0,0,0;;;;
???;09:26:11;14:56:20;0,0,0;;;;
???;09:26:27;14:56:20;0,0,0;;;;
???;09:26:42;14:56:21;0,0,0;;;;
???;09:26:58;14:56:21;0,0,0;;;;
???;09:27:13;14:56:22;0,0,0;;;;
???;09:27:29;14:56:22;0,0,0;;;;
???;09:27:45;14:56:23;0,0,0;;;;
???;09:28:00;14:56:23;0,0,0;;;;
???;09:28:16;14:56:24;0,0,0;;;;
???;09:28:31;14:56:24;0,0,0;;;;
???;09:28:47;14:56:25;0,0,0;;;;
???;09:29:03;14:56:25;0,0,0;;;;
???;09:29:18;14:56:26;0,0,0;;;;
???;09:29:34;14:56:26;0,0,0;;;;
???;09:29:49;14:56:27;0,0,0;;;;
???;09:30:05;14:56:28;0,0,0;;;;
???;09:30:20;14:56:28;0,0,0;;;;
???;09:30:36;14:56:29;0,0,0;;;;
???;09:30:51;14:56:29;0,0,0;;;;
???;09:31:07;14:56:30;0,0,0;;;;
???;09:31:23;14:56:30;0,0,0;;;;
???;09:31:38;14:56:31;0,0,0;;;;
???;09:31:54;14:56:31;0,0,0;;;;
???;09:32:09;14:56:32;0,0,0;;;;
???;09:32:25;14:56:32;0,0,0;;;;
???;09:32:40;14:56:33;0,0,0;;;;
???;09:32:55;14:56:33;0,0,0;;;;
???;09:33:11;14:56:34;0,0,0;;;;
???;09:33:26;14:56:34;0,0,0;;;;
???;09:33:42;14:56:35;0,0,0;;;;
???;09:33:58;14:56:35;0,0,0;;;;
???;09:34:13;14:56:36;0,0,0;;;;
???;09:34:29;14:56:36;0,0,0;;;;
???;09:34:45;14:56:37;0,0,0;;;;
???;09:35:00;14:56:37;0,0,0;;;;
???;09:35:16;14:56:38;0,0,0;;;;
???;09:35:31;14:56:38;0,0,0;;;;
???;09:35:47;14:56:39;0,0,0;;;;
???;09:36:02;14:56:39;0,0,0;;;;
???;09:36:18;14:56:40;0,0,0;;;;
???;09:36:33;14:56:40;0,0,0;;;;
???;09:36:49;14:56:41;0,0,0;;;;
???;09:37:05;14:56:42;0,0,0;;;;
???;09:37:20;14:56:42;0,0,0;;;;
???;09:37:36;14:56:43;0,0,0;;;;
???;09:37:51;14:56:43;0,0,0;;;;
???;09:38:07;14:56:44;0,0,0;;;;
???;09:38:22;14:56:44;0,0,0;;;;
???;09:38:37;14:56:45;0,0,0;;;;
???;09:38:53;14:56:45;0,0,0;;;;
???;09:39:09;14:56:46;0,0,0;;;;
???;09:39:24;14:56:46;0,0,0;;;;
???;09:39:40;14:56:47;0,0,0;;;;
???;09:39:55;14:56:47;0,0,0;;;;
???;09:40:11;14:56:48;0,0,0;;;;
???;09:40:27;14:56:48;0,0,0;;;;
???;09:40:42;14:56:49;0,0,0;;;;
???;09:40:58;14:56:49;0,0,0;;;;
???;09:41:13;14:56:50;0,0,0;;;;
???;09:41:29;14:56:50;0,0,0;;;;
???;09:41:45;14:56:51;0,0,0;;;;
???;09:42:00;14:56:51;0,0,0;;;;
???;09:42:16;14:56:52;0,0,0;;;;
???;09:42:31;14:56:52;0,0,0;;;;
???;09:42:47;14:56:53;0,0,0;;;;
???;09:43:03;14:56:53;0,0,0;;;;
???;09:43:18;14:56:54;0,0,0;;;;
???;09:43:34;14:56:54;0,0,0;;;;
???;09:43:49;14:56:55;0,0,0;;;;
???;09:44:05;14:56:56;0,0,0;;;;
???;09:44:20;14:56:56;0,0,0;;;;
???;09:44:36;14:56:57;0,0,0;;;;
???;09:44:51;14:56:57;0,0,0;;;;
???;09:45:07;14:56:58;0,0,0;;;;
???;09:45:23;14:56:58;0,0,0;;;;
???;09:45:38;14:56:59;0,0,0;;;;
???;09:45:54;14:56:59;0,0,0;;;;
???;09:46:09;14:57:00;0,0,0;;;;
???;09:46:25;14:57:00;0,0,0;;;;
???;09:46:41;14:57:01;0,0,0;;;;
???;09:46:56;14:57:01;0,0,0;;;;
???;09:47:12;14:57:02;0,0,0;;;;
???;09:47:27;14:57:02;0,0,0;;;;
???;09:47:43;14:57:03;0,0,0;;;;
???;09:47:58;14:57:03;0,0,0;;;;
???;09:48:14;14:57:04;0,0,0;;;;
???;09:48:30;14:57:04;0,0,0;;;;
???;09:48:45;14:57:05;0,0,0;;;;
???;09:49:01;14:57:05;0,0,0;;;;
???;09:49:17;14:57:06;0,0,0;;;;
???;09:49:32;14:57:06;0,0,0;;;;
???;09:49:48;14:57:07;0,0,0;;;;
???;09:50:04;14:57:07;0,0,0;;;;
???;09:50:19;14:57:08;0,0,0;;;;
???;09:50:35;14:57:09;0,0,0;;;;
???;09:50:50;14:57:09;0,0,0;;;;
???;09:51:06;14:57:10;0,0,0;;;;
???;09:51:22;14:57:10;0,0,0;;;;
???;09:51:37;14:57:11;0,0,0;;;;
???;09:51:53;14:57:11;0,0,0;;;;
???;09:52:08;14:57:12;0,0,0;;;;
???;09:52:24;14:57:12;0,0,0;;;;
???;09:52:40;14:57:13;0,0,0;;;;
???;09:52:55;14:57:13;0,0,0;;;;
???;09:53:11;14:57:14;0,0,0;;;;
???;09:53:27;14:57:14;0,0,0;;;;
???;09:53:42;14:57:15;0,0,0;;;;
???;09:53:57;14:57:15;0,0,0;;;;
???;09:54:13;14:57:16;0,0,0;;;;
???;09:54:28;14:57:16;0,0,0;;;;
???;09:54:44;14:57:17;0,0,0;;;;
???;09:55:00;14:57:17;0,0,0;;;;
???;09:55:15;14:57:18;0,0,0;;;;
???;09:55:30;14:57:18;0,0,0;;;;
???;09:55:46;14:57:19;0,0,0;;;;
???;09:56:02;14:57:19;0,0,0;;;;
???;09:56:17;14:57:20;0,0,0;;;;
???;09:56:32;14:57:20;0,0,0;;;;
???;09:56:48;14:57:21;0,0,0;;;;
???;09:57:03;14:57:21;0,0,0;;;;
???;09:57:19;14:57:22;0,0,0;;;;
???;09:57:35;14:57:23;0,0,0;;;;
???;09:57:50;14:57:23;0,0,0;;;;
???;09:58:06;14:57:24;0,0,0;;;;
???;09:58:21;14:57:24;0,0,0;;;;
???;09:58:37;14:57:25;0,0,0;;;;
???;09:58:53;14:57:25;0,0,0;;;;
???;09:59:08;14:57:26;0,0,0;;;;
???;09:59:24;14:57:26;0,0,0;;;;
???;09:59:39;14:57:27;0,0,0;;;;
???;09:59:55;14:57:27;0,0,0;;;;
???;10:00:10;14:57:28;0,0,0;;;;
???;10:00:26;14:57:28;0,0,0;;;;
???;10:00:42;14:57:29;0,0,0;;;;
???;10:00:57;14:57:29;0,0,0;;;;
???;10:01:13;14:57:30;0,0,0;;;;
???;10:01:29;14:57:30;0,0,0;;;;
???;10:01:44;14:57:31;0,0,0;;;;
???;10:02:00;14:57:31;0,0,0;;;;
???;10:02:16;14:57:32;0,0,0;;;;
???;10:02:31;14:57:32;0,0,0;;Eh, did you change your mind?;FRANKLIN;ARM3_CTAA
???;10:02:46;14:57:33;0,0,0;;;;
???;10:03:02;14:57:33;0,0,0;;;;
???;10:03:18;14:57:34;0,0,0;;When I discover that you betray me, perhaps.;SIMEON;ARM3_CTAB
???;10:03:33;14:57:34;0,0,0;;;;
???;10:03:49;14:57:35;0,0,0;;;;
???;10:04:04;14:57:36;0,0,0;;;;
???;10:04:20;14:57:36;0,0,0;;;;
???;10:04:35;14:57:37;0,0,0;;;;
???;10:04:51;14:57:37;0,0,0;;I hear you took the bike for yourself, my Employee of the Month!;SIMEON;ARM3_CTAH
???;10:05:06;14:57:38;0,0,0;;;;
???;10:05:22;14:57:38;0,0,0;;;;
???;10:05:37;14:57:39;0,0,0;;;;
???;10:05:53;14:57:39;0,0,0;;;;
???;10:06:08;14:57:40;0,0,0;;;;
???;10:06:24;14:57:40;0,0,0;;;;
???;10:06:39;14:57:41;0,0,0;;;;
???;10:06:55;14:57:41;0,0,0;;Listen, man, me and Lamar was gonna get that back to you, dog.;FRANKLIN;ARM3_CTAC
???;10:07:10;14:57:42;0,0,0;;;;
???;10:07:26;14:57:42;0,0,0;;;;
???;10:07:41;14:57:43;0,0,0;;;;
???;10:07:57;14:57:43;0,0,0;;;;
???;10:08:13;14:57:44;0,0,0;;;;
???;10:08:28;14:57:44;0,0,0;;Oh, I am sure! You will get this car off the Daddy's boy, and then we talk.;SIMEON;ARM3_CTAD
???;10:08:44;14:57:45;0,0,0;;;;
???;10:08:59;14:57:45;0,0,0;;;;
???;10:09:15;14:57:46;0,0,0;;;;
???;10:09:31;14:57:46;0,0,0;;;;
???;10:09:46;14:57:47;0,0,0;;;;
???;10:10:02;14:57:47;0,0,0;;;;
???;10:10:17;14:57:48;0,0,0;;;;
???;10:10:33;14:57:48;0,0,0;;;;
???;10:10:48;14:57:49;0,0,0;;;;
???;10:11:04;14:57:49;0,0,0;;;;
???;10:11:19;14:57:50;0,0,0;;Insurance papers say they have a locked garage, so you'll need to gain access from inside the house.;SIMEON;ARM3_CTAE
???;10:11:35;14:57:51;0,0,0;;;;
???;10:11:50;14:57:51;0,0,0;;;;
???;10:12:06;14:57:52;0,0,0;;;;
???;10:12:22;14:57:52;0,0,0;;;;
???;10:12:37;14:57:53;0,0,0;;;;
???;10:12:53;14:57:53;0,0,0;;;;
???;10:13:08;14:57:54;0,0,0;;;;
???;10:13:24;14:57:54;0,0,0;;;;
???;10:13:39;14:57:55;0,0,0;;;;
???;10:13:55;14:57:55;0,0,0;;;;
???;10:14:10;14:57:56;0,0,0;;;;
???;10:14:26;14:57:56;0,0,0;;Man, it's never easy with you, is it, Simeon?;FRANKLIN;ARM3_CTAF
???;10:14:41;14:57:57;0,0,0;;;;
???;10:14:57;14:57:57;0,0,0;;;;
???;10:15:12;14:57:58;0,0,0;;;;
???;10:15:28;14:57:58;0,0,0;;;;
???;10:15:43;14:57:59;0,0,0;;Do not talk to me about easy, you thief!;SIMEON;ARM3_CTAG
???;10:15:59;14:57:59;0,0,0;;;;
???;10:16:15;14:58:00;0,0,0;;;;
???;10:16:30;14:58:00;0,0,0;;;;
???;10:16:46;14:58:01;0,0,0;;;;
???;10:17:01;14:58:01;0,0,0;;;;
???;10:17:17;14:58:02;0,0,0;;;;
???;10:17:33;14:58:02;0,0,0;;;;
???;10:17:48;14:58:03;0,0,0;;;;
???;10:18:03;14:58:03;0,0,0;;;;
???;10:18:19;14:58:04;0,0,0;;;;
???;10:18:35;14:58:05;0,0,0;;;;
???;10:18:50;14:58:05;0,0,0;;;;
???;10:19:06;14:58:06;0,0,0;;;;
???;10:19:21;14:58:06;0,0,0;;;;
???;10:19:37;14:58:07;0,0,0;;;;
???;10:19:52;14:58:07;0,0,0;;;;
???;10:20:08;14:58:08;0,0,0;;;;
???;10:20:24;14:58:08;0,0,0;;;;
???;10:20:39;14:58:09;0,0,0;;;;
???;10:20:55;14:58:09;0,0,0;;;;
???;10:21:10;14:58:10;0,0,0;;;;
???;10:21:26;14:58:10;0,0,0;;;;
???;10:21:42;14:58:11;0,0,0;;;;
???;10:21:57;14:58:11;0,0,0;;;;
???;10:22:13;14:58:12;0,0,0;;;;
???;10:22:29;14:58:12;0,0,0;;;;
???;10:22:44;14:58:13;0,0,0;;;;
???;10:23:00;14:58:13;0,0,0;;;;
???;10:23:15;14:58:14;0,0,0;;;;
???;10:23:31;14:58:14;0,0,0;;;;
???;10:23:47;14:58:15;0,0,0;;;;
???;10:24:02;14:58:15;0,0,0;;;;
???;10:24:18;14:58:16;0,0,0;;;;
???;10:24:34;14:58:16;0,0,0;;;;
???;10:24:49;14:58:17;0,0,0;;;;
???;10:25:04;14:58:18;0,0,0;;;;
???;10:25:20;14:58:18;0,0,0;;;;
???;10:25:36;14:58:19;0,0,0;;;;
???;10:25:51;14:58:19;0,0,0;;;;
???;10:26:07;14:58:20;0,0,0;;;;
???;10:26:22;14:58:20;0,0,0;;;;
???;10:26:37;14:58:21;0,0,0;;;;
???;10:26:53;14:58:21;0,0,0;;;;
???;10:27:09;14:58:22;0,0,0;;;;
???;10:27:24;14:58:22;0,0,0;;;;
???;10:27:40;14:58:23;0,0,0;;;;
???;10:27:56;14:58:23;0,0,0;;;;
???;10:28:12;14:58:24;0,0,0;;;;
???;10:28:27;14:58:24;0,0,0;;;;
???;10:28:43;14:58:25;0,0,0;;;;
???;10:28:58;14:58:25;0,0,0;;;;
???;10:29:14;14:58:26;0,0,0;;;;
???;10:29:29;14:58:26;0,0,0;;;;
???;10:29:45;14:58:27;0,0,0;;;;
???;10:30:01;14:58:27;0,0,0;;;;
???;10:30:17;14:58:28;0,0,0;;;;
???;10:30:32;14:58:28;0,0,0;;;;
???;10:30:48;14:58:29;0,0,0;;;;
???;10:31:03;14:58:29;0,0,0;;;;
???;10:31:19;14:58:30;0,0,0;;;;
???;10:31:34;14:58:31;0,0,0;;;;
???;10:31:50;14:58:31;0,0,0;;;;
???;10:32:05;14:58:32;0,0,0;;;;
???;10:32:21;14:58:32;0,0,0;;;;
???;10:32:37;14:58:33;0,0,0;;;;
???;10:32:52;14:58:33;0,0,0;;;;
???;10:33:08;14:58:34;0,0,0;;;;
???;10:33:23;14:58:34;0,0,0;;;;
???;10:33:39;14:58:35;0,0,0;;;;
???;10:33:55;14:58:35;0,0,0;;;;
???;10:34:10;14:58:36;0,0,0;;;;
???;10:34:26;14:58:36;0,0,0;;;;
???;10:34:41;14:58:37;0,0,0;;;;
???;10:34:57;14:58:37;0,0,0;;;;
???;10:35:12;14:58:38;0,0,0;;;;
???;10:35:28;14:58:38;0,0,0;;;;
???;10:35:44;14:58:39;0,0,0;;;;
???;10:35:59;14:58:39;0,0,0;;;;
???;10:36:14;14:58:40;0,0,0;;;;
???;10:36:30;14:58:40;0,0,0;;;;
???;10:36:46;14:58:41;0,0,0;;;;
???;10:37:01;14:58:41;0,0,0;;;;
???;10:37:16;14:58:42;0,0,0;;;;
???;10:37:32;14:58:42;0,0,0;;;;
???;10:37:47;14:58:43;0,0,0;;;;
???;10:38:03;14:58:43;0,0,0;;;;
???;10:38:19;14:58:44;0,0,0;;;;
???;10:38:34;14:58:45;0,0,0;;;;
???;10:38:50;14:58:45;0,0,0;;;;
???;10:39:05;14:58:46;0,0,0;;;;
???;10:39:21;14:58:46;0,0,0;;;;
???;10:39:37;14:58:47;0,0,0;;;;
???;10:39:52;14:58:47;0,0,0;;;;
???;10:40:08;14:58:48;0,0,0;;;;
???;10:40:24;14:58:48;0,0,0;;;;
???;10:40:39;14:58:49;0,0,0;;;;
???;10:40:55;14:58:49;0,0,0;;;;
???;10:41:10;14:58:50;0,0,0;;;;
???;10:41:26;14:58:50;0,0,0;;;;
???;10:41:41;14:58:51;0,0,0;;;;
???;10:41:57;14:58:51;0,0,0;;;;
???;10:42:13;14:58:52;0,0,0;;;;
???;10:42:28;14:58:52;0,0,0;;;;
???;10:42:44;14:58:53;0,0,0;;;;
???;10:42:59;14:58:53;0,0,0;;;;
???;10:43:15;14:58:54;0,0,0;;;;
???;10:43:30;14:58:54;0,0,0;;;;
???;10:43:46;14:58:55;0,0,0;;;;
???;10:44:01;14:58:55;0,0,0;;;;
???;10:44:17;14:58:56;0,0,0;;;;
???;10:44:32;14:58:56;0,0,0;;;;
???;10:44:48;14:58:57;0,0,0;;;;
???;10:45:03;14:58:57;0,0,0;;;;
???;10:45:19;14:58:58;0,0,0;;;;
???;10:45:35;14:58:59;0,0,0;;;;
???;10:45:50;14:58:59;0,0,0;;;;
???;10:46:06;14:59:00;0,0,0;;;;
???;10:46:22;14:59:00;0,0,0;;;;
???;10:46:37;14:59:01;0,0,0;;;;
???;10:46:53;14:59:01;0,0,0;;;;
???;10:47:08;14:59:02;0,0,0;;;;
???;10:47:23;14:59:02;0,0,0;;;;
???;10:47:39;14:59:03;0,0,0;;;;
???;10:47:55;14:59:03;0,0,0;;;;
???;10:48:10;14:59:04;0,0,0;;;;
???;10:48:26;14:59:04;0,0,0;;;;
???;10:48:41;14:59:05;0,0,0;;;;
???;10:48:57;14:59:05;0,0,0;;;;
???;10:49:12;14:59:06;0,0,0;;;;
???;10:49:28;14:59:06;0,0,0;;;;
???;10:49:44;14:59:07;0,0,0;;;;
???;10:49:59;14:59:07;0,0,0;;;;
???;10:50:15;14:59:08;0,0,0;;;;
???;10:50:30;14:59:08;0,0,0;;;;
???;10:50:46;14:59:09;0,0,0;;;;
???;10:51:01;14:59:09;0,0,0;;;;
???;10:51:17;14:59:10;0,0,0;;;;
???;10:51:33;14:59:10;0,0,0;;;;
???;10:51:48;14:59:11;0,0,0;;;;
???;10:52:04;14:59:11;0,0,0;;;;
???;10:52:19;14:59:12;0,0,0;;;;
???;10:52:35;14:59:13;0,0,0;;;;
???;10:52:50;14:59:13;0,0,0;;;;
???;10:53:06;14:59:14;0,0,0;;;;
???;10:53:22;14:59:14;0,0,0;;;;
???;10:53:37;14:59:15;0,0,0;;;;
???;10:53:53;14:59:15;0,0,0;;;;
???;10:54:08;14:59:16;0,0,0;;;;
???;10:54:24;14:59:16;0,0,0;;;;
???;10:54:39;14:59:17;0,0,0;;;;
???;10:54:55;14:59:17;0,0,0;;;;
???;10:55:11;14:59:18;0,0,0;;;;
???;10:55:26;14:59:18;0,0,0;;;;
???;10:55:42;14:59:19;0,0,0;;;;
???;10:55:57;14:59:19;0,0,0;;;;
???;10:56:13;14:59:20;0,0,0;;;;
???;10:56:29;14:59:20;0,0,0;;;;
???;10:56:44;14:59:21;0,0,0;;;;
???;10:57:00;14:59:21;0,0,0;;;;
???;10:57:15;14:59:22;0,0,0;;;;
???;10:57:31;14:59:22;0,0,0;;;;
???;10:57:46;14:59:23;0,0,0;;;;
???;10:58:02;14:59:23;0,0,0;;;;
???;10:58:18;14:59:24;0,0,0;;;;
???;10:58:33;14:59:24;0,0,0;;;;
???;10:58:49;14:59:25;0,0,0;;;;
???;10:59:04;14:59:26;0,0,0;;;;
???;10:59:20;14:59:26;0,0,0;;;;
???;10:59:36;14:59:27;0,0,0;;;;
???;10:59:51;14:59:27;0,0,0;;;;
???;11:00:07;14:59:28;0,0,0;;;;
???;11:00:22;14:59:28;0,0,0;;;;
???;11:00:38;14:59:29;0,0,0;;;;
???;11:00:54;14:59:29;0,0,0;;;;
???;11:01:09;14:59:30;0,0,0;;;;
???;11:01:25;14:59:30;0,0,0;;;;
???;11:01:40;14:59:31;0,0,0;;;;
???;11:01:56;14:59:31;0,0,0;;;;
???;11:02:12;14:59:32;0,0,0;;;;
???;11:02:27;14:59:32;0,0,0;;;;
???;11:02:43;14:59:33;0,0,0;;;;
???;11:02:58;14:59:33;0,0,0;;;;
???;11:03:14;14:59:34;0,0,0;;;;
???;11:03:29;14:59:34;0,0,0;;;;
???;11:03:45;14:59:35;0,0,0;;;;
???;11:04:01;14:59:35;0,0,0;;;;
???;11:04:16;14:59:36;0,0,0;;;;
???;11:04:32;14:59:36;0,0,0;;;;
???;11:04:47;14:59:37;0,0,0;;;;
???;11:05:03;14:59:37;0,0,0;;;;
???;11:05:19;14:59:38;0,0,0;;;;
???;11:05:34;14:59:39;0,0,0;;;;
???;11:05:50;14:59:39;0,0,0;;;;
???;11:06:05;14:59:40;0,0,0;;;;
???;11:06:21;14:59:40;0,0,0;;;;
???;11:06:36;14:59:41;0,0,0;;;;
???;11:06:52;14:59:41;0,0,0;;;;
???;11:07:08;14:59:42;0,0,0;;;;
???;11:07:23;14:59:42;0,0,0;;;;
???;11:07:39;14:59:43;0,0,0;;;;
???;11:07:54;14:59:43;0,0,0;;;;
???;11:08:10;14:59:44;0,0,0;;;;
???;11:08:25;14:59:44;0,0,0;;;;
???;11:08:41;14:59:45;0,0,0;;;;
???;11:08:58;14:59:45;0,0,0;;;;
???;11:09:13;14:59:46;0,0,0;;;;
???;11:09:29;14:59:46;0,0,0;;;;
???;11:09:44;14:59:47;0,0,0;;;;
???;11:10:00;14:59:47;0,0,0;;;;
???;11:10:16;14:59:48;0,0,0;;;;
???;11:10:31;14:59:48;0,0,0;;;;
???;11:10:47;14:59:49;0,0,0;;;;
???;11:11:02;14:59:49;0,0,0;;;;
???;11:11:18;14:59:50;0,0,0;;;;
???;11:11:33;14:59:50;0,0,0;;;;
???;11:11:49;14:59:51;0,0,0;;;;
???;11:12:05;14:59:52;0,0,0;;;;
???;11:12:20;14:59:52;0,0,0;;;;
???;11:12:36;14:59:53;0,0,0;;;;
???;11:12:51;14:59:53;0,0,0;;;;
???;11:13:07;14:59:54;0,0,0;;;;
???;11:13:22;14:59:54;0,0,0;;;;
???;11:13:38;14:59:55;0,0,0;;;;
???;11:13:54;14:59:55;0,0,0;;;;
???;11:14:09;14:59:56;0,0,0;;;;
???;11:14:25;14:59:56;0,0,0;;;;
???;11:14:40;14:59:57;0,0,0;;;;
???;11:14:56;14:59:57;0,0,0;;;;
???;11:15:11;14:59:58;0,0,0;;;;
???;11:15:27;14:59:58;0,0,0;;;;
???;11:15:42;14:59:59;0,0,0;;;;
???;11:15:58;14:59:59;0,0,0;;;;
???;11:16:14;15:00:00;0,0,0;;;;
???;11:16:29;15:00:00;0,0,0;;;;
???;11:16:45;15:00:01;0,0,0;;;;
???;11:17:01;15:00:01;0,0,0;;;;
???;11:17:16;15:00:02;0,0,0;;;;
???;11:17:32;15:00:02;0,0,0;;;;
???;11:17:47;15:00:03;0,0,0;;;;
???;11:18:03;15:00:03;0,0,0;;;;
???;11:18:19;15:00:04;0,0,0;;;;
???;11:18:34;15:00:05;0,0,0;;;;
???;11:18:50;15:00:05;0,0,0;;;;
???;11:19:05;15:00:06;0,0,0;;;;
???;11:19:21;15:00:06;0,0,0;;;;
???;11:19:37;15:00:07;0,0,0;;;;
???;11:19:52;15:00:07;0,0,0;;;;
???;11:20:08;15:00:08;0,0,0;;;;
???;11:20:24;15:00:08;0,0,0;;;;
???;11:20:39;15:00:09;0,0,0;;;;
???;11:20:55;15:00:09;0,0,0;;;;
???;11:21:10;15:00:10;0,0,0;;;;
???;11:21:26;15:00:10;0,0,0;;;;
???;11:21:42;15:00:11;0,0,0;;;;
???;11:21:57;15:00:11;0,0,0;;;;
???;11:22:13;15:00:12;0,0,0;;;;
???;11:22:28;15:00:12;0,0,0;;;;
???;11:22:44;15:00:13;0,0,0;;;;
???;11:23:00;15:00:13;0,0,0;;;;
???;11:23:15;15:00:14;0,0,0;;;;
???;11:23:31;15:00:14;0,0,0;;;;
???;11:23:46;15:00:15;0,0,0;;;;
???;11:24:02;15:00:15;0,0,0;;;;
???;11:24:18;15:00:16;0,0,0;;;;
???;11:24:33;15:00:16;0,0,0;;;;
???;11:24:49;15:00:17;0,0,0;;;;
???;11:25:04;15:00:18;0,0,0;;;;
???;11:25:20;15:00:18;0,0,0;;;;
???;11:25:36;15:00:19;0,0,0;;;;
???;11:25:51;15:00:19;0,0,0;;;;
???;11:26:07;15:00:20;0,0,0;;;;
???;11:26:22;15:00:20;0,0,0;;;;
???;11:26:38;15:00:21;0,0,0;;;;
???;11:26:53;15:00:21;0,0,0;;;;
???;11:27:09;15:00:22;0,0,0;;;;
???;11:27:25;15:00:22;0,0,0;;;;
???;11:27:40;15:00:23;0,0,0;;;;
???;11:27:56;15:00:23;0,0,0;;;;
???;11:28:11;15:00:24;0,0,0;;;;
???;11:28:27;15:00:24;0,0,0;;;;
???;11:28:43;15:00:25;0,0,0;;;;
???;11:28:58;15:00:25;0,0,0;;;;
???;11:29:14;15:00:26;0,0,0;;;;
???;11:29:30;15:00:26;0,0,0;;;;
???;11:29:45;15:00:27;0,0,0;;;;
???;11:30:01;15:00:27;0,0,0;;;;
???;11:30:16;15:00:28;0,0,0;;;;
???;11:30:32;15:00:28;0,0,0;;;;
???;11:30:47;15:00:29;0,0,0;;;;
???;11:31:03;15:00:29;0,0,0;;;;
???;11:31:19;15:00:30;0,0,0;;;;
???;11:31:34;15:00:31;0,0,0;;;;
???;11:31:50;15:00:31;0,0,0;;;;
???;11:32:05;15:00:32;0,0,0;;;;
???;11:32:21;15:00:32;0,0,0;;;;
???;11:32:36;15:00:33;0,0,0;;;;
???;11:32:52;15:00:33;0,0,0;;;;
???;11:33:07;15:00:34;0,0,0;;;;
???;11:33:23;15:00:34;0,0,0;;;;
???;11:33:39;15:00:35;0,0,0;;;;
???;11:33:54;15:00:35;0,0,0;;;;
???;11:34:10;15:00:36;0,0,0;;;;
???;11:34:25;15:00:36;0,0,0;;;;
???;11:34:41;15:00:37;0,0,0;;;;
???;11:34:57;15:00:37;0,0,0;;;;
???;11:35:12;15:00:38;0,0,0;;;;
???;11:35:28;15:00:38;0,0,0;;;;
???;11:35:43;15:00:39;0,0,0;;;;
???;11:35:59;15:00:39;0,0,0;;;;
???;11:36:14;15:00:40;0,0,0;;;;
???;11:36:30;15:00:40;0,0,0;;;;
???;11:36:45;15:00:41;0,0,0;;;;
???;11:37:01;15:00:41;0,0,0;;;;
???;11:37:17;15:00:42;0,0,0;;;;
???;11:37:32;15:00:42;0,0,0;;;;
???;11:37:48;15:00:43;0,0,0;;;;
???;11:38:03;15:00:43;0,0,0;;;;
???;11:38:19;15:00:44;0,0,0;;;;
???;11:38:34;15:00:45;0,0,0;;;;
???;11:38:50;15:00:45;0,0,0;;;;
???;11:39:05;15:00:46;0,0,0;;;;
???;11:39:21;15:00:46;0,0,0;;;;
???;11:39:36;15:00:47;0,0,0;;;;
???;11:39:52;15:00:47;0,0,0;;;;
???;11:40:07;15:00:48;0,0,0;;;;
???;11:40:23;15:00:48;0,0,0;;;;
???;11:40:39;15:00:49;0,0,0;;;;
???;11:40:54;15:00:49;0,0,0;;;;
???;11:41:10;15:00:50;0,0,0;;;;
???;11:41:26;15:00:50;0,0,0;;;;
???;11:41:41;15:00:51;0,0,0;;;;
???;11:41:57;15:00:51;0,0,0;;;;
???;11:42:12;15:00:52;0,0,0;;;;
???;11:42:28;15:00:52;0,0,0;;;;
???;11:42:44;15:00:53;0,0,0;;;;
???;11:42:59;15:00:53;0,0,0;;;;
???;11:43:15;15:00:54;0,0,0;;;;
???;11:43:31;15:00:54;0,0,0;;;;
???;11:43:46;15:00:55;0,0,0;;;;
???;11:44:02;15:00:55;0,0,0;;;;
???;11:44:18;15:00:56;0,0,0;;;;
???;11:44:34;15:00:56;0,0,0;;;;
???;11:44:49;15:00:57;0,0,0;;;;
???;11:45:05;15:00:58;0,0,0;;;;
???;11:45:20;15:00:58;0,0,0;;;;
???;11:45:36;15:00:59;0,0,0;;;;
???;11:45:52;15:00:59;0,0,0;;;;
???;11:46:07;15:01:00;0,0,0;;;;
???;11:46:23;15:01:00;0,0,0;;;;
???;11:46:38;15:01:01;0,0,0;;;;
???;11:46:54;15:01:01;0,0,0;;;;
???;11:47:09;15:01:02;0,0,0;;;;
???;11:47:25;15:01:02;0,0,0;;;;
???;11:47:41;15:01:03;0,0,0;;;;
???;11:47:56;15:01:03;0,0,0;;;;
???;11:48:12;15:01:04;0,0,0;;;;
???;11:48:27;15:01:04;0,0,0;;;;
???;11:48:43;15:01:05;0,0,0;;;;
???;11:48:58;15:01:05;0,0,0;;;;
???;11:49:14;15:01:06;0,0,0;;;;
???;11:49:30;15:01:06;0,0,0;;;;
???;11:49:45;15:01:07;0,0,0;;;;
???;11:50:01;15:01:07;0,0,0;;;;
???;11:50:16;15:01:08;0,0,0;;;;
???;11:50:32;15:01:08;0,0,0;;;;
???;11:50:48;15:01:09;0,0,0;;;;
???;11:51:03;15:01:09;0,0,0;;;;
???;11:51:19;15:01:10;0,0,0;;;;
???;11:51:34;15:01:11;0,0,0;;;;
???;11:51:50;15:01:11;0,0,0;;;;
???;11:52:06;15:01:12;0,0,0;;;;
???;11:52:21;15:01:12;0,0,0;;;;
???;11:52:37;15:01:13;0,0,0;;;;
???;11:52:52;15:01:13;0,0,0;;;;
???;11:53:08;15:01:14;0,0,0;;;;
???;11:53:24;15:01:14;0,0,0;;;;
???;11:53:39;15:01:15;0,0,0;;;;
???;11:53:55;15:01:15;0,0,0;;;;
???;11:54:11;15:01:16;0,0,0;;;;
???;11:54:27;15:01:16;0,0,0;;;;
???;11:54:42;15:01:17;0,0,0;;;;
???;11:54:58;15:01:17;0,0,0;;;;
???;11:55:14;15:01:18;0,0,0;;;;
???;11:55:29;15:01:18;0,0,0;;;;
???;11:55:45;15:01:19;0,0,0;;;;
???;11:56:00;15:01:19;0,0,0;;;;
???;11:56:16;15:01:20;0,0,0;;;;
???;11:56:32;15:01:20;0,0,0;;;;
???;11:56:48;15:01:21;0,0,0;;;;
???;11:57:03;15:01:21;0,0,0;;;;
???;11:57:18;15:01:22;0,0,0;;;;
???;11:57:34;15:01:23;0,0,0;;;;
???;11:57:49;15:01:23;0,0,0;;;;
???;11:58:05;15:01:24;0,0,0;;;;
???;11:58:21;15:01:24;0,0,0;;;;
???;11:58:36;15:01:25;0,0,0;;;;
???;11:58:52;15:01:25;0,0,0;;;;
???;11:59:07;15:01:26;0,0,0;;;;
???;11:59:23;15:01:26;0,0,0;;;;
???;11:59:38;15:01:27;0,0,0;;;;
???;11:59:54;15:01:27;0,0,0;;;;
???;12:00:10;15:01:28;0,0,0;;;;
???;12:00:25;15:01:28;0,0,0;;;;
???;12:00:41;15:01:29;0,0,0;;;;
???;12:00:56;15:01:29;0,0,0;;;;
???;12:01:12;15:01:30;0,0,0;;;;
???;12:01:28;15:01:30;0,0,0;;;;
???;12:01:43;15:01:31;0,0,0;;;;
???;12:01:59;15:01:31;0,0,0;;;;
???;12:02:14;15:01:32;0,0,0;;;;
???;12:02:30;15:01:32;0,0,0;;;;
???;12:02:46;15:01:33;0,0,0;;;;
???;12:03:01;15:01:33;0,0,0;;;;
???;12:03:17;15:01:34;0,0,0;;;;
???;12:03:33;15:01:34;0,0,0;;;;
???;12:03:48;15:01:35;0,0,0;;;;
???;12:04:04;15:01:35;0,0,0;;;;
???;12:04:19;15:01:36;0,0,0;;;;
???;12:04:35;15:01:37;0,0,0;;It's just 'cause you got a massive gaper, bitch.;Jimmy;ARM3_DCAA
???;12:04:51;15:01:37;0,0,0;;;;
???;12:05:06;15:01:38;0,0,0;;;;
???;12:05:22;15:01:38;0,0,0;;;;
???;12:05:38;15:01:39;0,0,0;;;;
???;12:05:53;15:01:39;0,0,0;;;;
???;12:06:09;15:01:40;0,0,0;;You fucking homo. You're dead. Dad, he said I had a massive...;TRACEY;ARM3_DCAB
???;12:06:24;15:01:40;0,0,0;;;;
???;12:06:40;15:01:41;0,0,0;;;;
???;12:06:56;15:01:41;0,0,0;;;;
???;12:07:12;15:01:42;0,0,0;;;;
???;12:07:27;15:01:42;0,0,0;;;;
???;12:07:43;15:01:43;0,0,0;;;;
???;12:07:58;15:01:43;0,0,0;;;;
???;12:08:14;15:01:44;0,0,0;;;;
???;12:08:29;15:01:44;0,0,0;;;;
???;12:08:45;15:01:45;0,0,0;;;;
???;12:09:00;15:01:45;0,0,0;;;;
???;12:09:16;15:01:46;0,0,0;;Jimmy called me a bitch!;TRACEY;ARM3_DCAC
???;12:09:31;15:01:46;0,0,0;;;;
???;12:09:47;15:01:47;0,0,0;;;;
???;12:10:02;15:01:47;0,0,0;;;;
???;12:10:18;15:01:48;0,0,0;;;;
???;12:10:34;15:01:48;0,0,0;;;;
???;12:10:49;15:01:49;0,0,0;;;;
???;12:11:05;15:01:50;0,0,0;;;;
???;12:11:20;15:01:50;0,0,0;;He tried to knife attack me? No one creeps on the J-dog, my niggas!;Jimmy;ARM3_CZAA
???;12:11:36;15:01:51;0,0,0;;;;
???;12:11:52;15:01:51;0,0,0;;;;
???;12:12:08;15:01:52;0,0,0;;;;
???;12:12:23;15:01:52;0,0,0;;;;
???;12:12:39;15:01:53;0,0,0;;;;
???;12:12:55;15:01:53;0,0,0;;;;
???;12:13:10;15:01:54;0,0,0;;;;
???;12:13:26;15:01:54;0,0,0;;;;
???;12:13:42;15:01:55;0,0,0;;;;
???;12:13:57;15:01:55;0,0,0;;;;
???;12:14:13;15:01:56;0,0,0;;;;
???;12:14:28;15:01:56;0,0,0;;;;
???;12:14:44;15:01:57;0,0,0;;;;
???;12:14:59;15:01:57;0,0,0;;;;
???;12:15:15;15:01:58;0,0,0;;;;
???;12:15:31;15:01:58;0,0,0;;;;
???;12:15:46;15:01:59;0,0,0;;Oh my God, seriously, my brother is such a homo.;TRACEY;ARM3_ACAA
???;12:16:02;15:01:59;0,0,0;;;;
???;12:16:17;15:02:00;0,0,0;;;;
???;12:16:33;15:02:00;0,0,0;;;;
???;12:16:49;15:02:01;0,0,0;;;;
???;12:17:04;15:02:02;0,0,0;;;;
???;12:17:20;15:02:02;0,0,0;;;;
???;12:17:36;15:02:03;0,0,0;;;;
???;12:17:51;15:02:03;0,0,0;;;;
???;12:18:07;15:02:04;0,0,0;;;;
???;12:18:23;15:02:04;0,0,0;;;;
???;12:18:38;15:02:05;0,0,0;;;;
???;12:18:54;15:02:05;0,0,0;;;;
???;12:19:10;15:02:06;0,0,0;;;;
???;12:19:25;15:02:06;0,0,0;;;;
???;12:19:41;15:02:07;0,0,0;;;;
???;12:19:56;15:02:07;0,0,0;;;;
???;12:20:12;15:02:08;0,0,0;;;;
???;12:20:28;15:02:08;0,0,0;;;;
???;12:20:43;15:02:09;0,0,0;;;;
???;12:20:59;15:02:09;0,0,0;;Thank you, coach.;Amanda;ARM3_DDAB
???;12:21:15;15:02:10;0,0,0;;;;
???;12:21:31;15:02:10;0,0,0;;;;
???;12:21:46;15:02:11;0,0,0;;;;
???;12:22:02;15:02:11;0,0,0;;;;
???;12:22:18;15:02:12;0,0,0;;;;
???;12:22:33;15:02:12;0,0,0;;;;
???;12:22:49;15:02:13;0,0,0;;;;
???;12:23:05;15:02:14;0,0,0;;;;
???;12:23:21;15:02:14;0,0,0;;;;
???;12:23:37;15:02:15;0,0,0;;;;
???;12:23:52;15:02:15;0,0,0;;;;
???;12:24:08;15:02:16;0,0,0;;;;
???;12:24:24;15:02:16;0,0,0;;;;
???;12:24:40;15:02:17;0,0,0;;;;
???;12:24:55;15:02:17;0,0,0;;You're a real pro, Mrs. De Santa. A real pro.;TennisCoach;ARM3_DDAA
???;12:25:11;15:02:18;0,0,0;;;;
???;12:25:26;15:02:18;0,0,0;;;;
???;12:25:42;15:02:19;0,0,0;;;;
???;12:25:58;15:02:19;0,0,0;;;;
???;12:26:13;15:02:20;0,0,0;;;;
???;12:26:29;15:02:20;0,0,0;;;;
???;12:26:45;15:02:21;0,0,0;;;;
???;12:27:00;15:02:21;0,0,0;;;;
???;12:27:16;15:02:22;0,0,0;;;;
???;12:27:32;15:02:22;0,0,0;;;;
???;12:27:47;15:02:23;0,0,0;;;;
???;12:28:03;15:02:23;0,0,0;;;;
???;12:28:18;15:02:24;0,0,0;;;;
???;12:28:34;15:02:25;0,0,0;;;;
???;12:28:50;15:02:25;0,0,0;;;;
???;12:29:06;15:02:26;0,0,0;;;;
???;12:29:21;15:02:26;0,0,0;;;;
???;12:29:37;15:02:27;0,0,0;;;;
???;12:29:53;15:02:27;0,0,0;;;;
???;12:30:08;15:02:28;0,0,0;;;;
???;12:30:24;15:02:28;0,0,0;;;;
???;12:30:39;15:02:29;0,0,0;;;;
???;12:30:55;15:02:29;0,0,0;;;;
???;12:31:11;15:02:30;0,0,0;;;;
???;12:31:26;15:02:30;0,0,0;;;;
???;12:31:42;15:02:31;0,0,0;;;;
???;12:31:58;15:02:31;0,0,0;;;;
???;12:32:13;15:02:32;0,0,0;;;;
???;12:32:29;15:02:32;0,0,0;;;;
???;12:32:45;15:02:33;0,0,0;;;;
???;12:33:00;15:02:33;0,0,0;;;;
???;12:33:16;15:02:34;0,0,0;;;;
???;12:33:31;15:02:34;0,0,0;;;;
???;12:33:47;15:02:35;0,0,0;;;;
???;12:34:03;15:02:35;0,0,0;;;;
???;12:34:18;15:02:36;0,0,0;;;;
???;12:34:34;15:02:36;0,0,0;;;;
???;12:34:49;15:02:37;0,0,0;;;;
???;12:35:05;15:02:38;0,0,0;;;;
???;12:35:20;15:02:38;0,0,0;;;;
???;12:35:36;15:02:39;0,0,0;;;;
???;12:35:52;15:02:39;0,0,0;;;;
???;12:36:07;15:02:40;0,0,0;;;;
???;12:36:23;15:02:40;0,0,0;;;;
???;12:36:38;15:02:41;0,0,0;;;;
???;12:36:53;15:02:41;0,0,0;;;;
???;12:37:09;15:02:42;0,0,0;;;;
???;12:37:25;15:02:42;0,0,0;;;;
???;12:37:40;15:02:43;0,0,0;;;;
???;12:37:56;15:02:43;0,0,0;;;;
???;12:38:12;15:02:44;0,0,0;;;;
???;12:38:27;15:02:44;0,0,0;;;;
???;12:38:43;15:02:45;0,0,0;;;;
???;12:38:58;15:02:45;0,0,0;;;;
???;12:39:14;15:02:46;0,0,0;;;;
???;12:39:29;15:02:46;0,0,0;;;;
???;12:39:45;15:02:47;0,0,0;;;;
???;12:40:00;15:02:47;0,0,0;;;;
???;12:40:16;15:02:48;0,0,0;;;;
???;12:40:32;15:02:48;0,0,0;;Eh, Simeon, I got the ride, man. I'm coming back.;FRANKLIN;ARM3_CQAA
???;12:40:47;15:02:49;0,0,0;;;;
???;12:41:02;15:02:49;0,0,0;;;;
???;12:41:18;15:02:50;0,0,0;;;;
???;12:41:34;15:02:50;0,0,0;;;;
???;12:41:49;15:02:51;0,0,0;;;;
???;12:42:05;15:02:52;0,0,0;;If you actually bring the reposession to me this time, I can have it back out on the street before the day is done.;SIMEON;ARM3_CQAB
???;12:42:21;15:02:52;0,0,0;;;;
???;12:42:36;15:02:53;0,0,0;;;;
???;12:42:52;15:02:53;0,0,0;;;;
???;12:43:08;15:02:54;0,0,0;;;;
???;12:43:23;15:02:54;0,0,0;;;;
???;12:43:39;15:02:55;0,0,0;;;;
???;12:43:54;15:02:55;0,0,0;;;;
???;12:44:10;15:02:56;0,0,0;;;;
???;12:44:26;15:02:56;0,0,0;;;;
???;12:44:41;15:02:57;0,0,0;;;;
???;12:44:57;15:02:57;0,0,0;;;;
???;12:45:13;15:02:58;0,0,0;;;;
???;12:45:28;15:02:58;0,0,0;;;;
???;12:45:44;15:02:59;0,0,0;;;;
???;12:46:00;15:02:59;0,0,0;;;;
???;12:46:16;15:03:00;0,0,0;;;;
???;12:46:31;15:03:00;0,0,0;;;;
???;12:46:47;15:03:01;0,0,0;;;;
???;12:47:02;15:03:01;0,0,0;;;;
???;12:47:18;15:03:02;0,0,0;;;;
???;12:47:34;15:03:02;0,0,0;;;;
???;12:47:49;15:03:03;0,0,0;;;;
???;12:48:05;15:03:04;0,0,0;;;;
???;12:48:20;15:03:04;0,0,0;;;;
???;12:48:36;15:03:05;0,0,0;;;;
???;12:48:51;15:03:05;0,0,0;;;;
???;12:49:07;15:03:06;0,0,0;;;;
???;12:49:22;15:03:06;0,0,0;;;;
???;12:49:38;15:03:07;0,0,0;;;;
???;12:49:54;15:03:07;0,0,0;;;;
???;12:50:09;15:03:08;0,0,0;;;;
???;12:50:25;15:03:08;0,0,0;;;;
???;12:50:40;15:03:09;0,0,0;;;;
???;12:50:56;15:03:09;0,0,0;;;;
???;12:51:11;15:03:10;0,0,0;;;;
???;12:51:27;15:03:10;0,0,0;;;;
???;12:51:43;15:03:11;0,0,0;;;;
???;12:51:58;15:03:11;0,0,0;;;;
???;12:52:13;15:03:12;0,0,0;;;;
???;12:52:29;15:03:12;0,0,0;;;;
???;12:52:45;15:03:13;0,0,0;;;;
???;12:53:00;15:03:13;0,0,0;;;;
???;12:53:16;15:03:14;0,0,0;;;;
???;12:53:31;15:03:14;0,0,0;;;;
???;12:53:47;15:03:15;0,0,0;;;;
???;12:54:03;15:03:15;0,0,0;;;;
???;12:54:18;15:03:16;0,0,0;;;;
???;12:54:34;15:03:16;0,0,0;;;;
???;12:54:49;15:03:17;0,0,0;;;;
???;12:55:05;15:03:18;0,0,0;;;;
???;12:55:20;15:03:18;0,0,0;;;;
???;12:55:36;15:03:19;0,0,0;;;;
???;12:55:52;15:03:19;0,0,0;;;;
???;12:56:07;15:03:20;0,0,0;;;;
???;12:56:23;15:03:20;0,0,0;;;;
???;12:56:38;15:03:21;0,0,0;;;;
???;12:56:54;15:03:21;0,0,0;;;;
???;12:57:09;15:03:22;0,0,0;;;;
???;12:57:25;15:03:22;0,0,0;;;;
???;12:57:41;15:03:23;0,0,0;;;;
???;12:57:56;15:03:23;0,0,0;;;;
???;12:58:12;15:03:24;0,0,0;;;;
???;12:58:27;15:03:24;0,0,0;;;;
???;12:58:43;15:03:25;0,0,0;;;;
???;12:58:59;15:03:25;0,0,0;;;;
???;12:59:14;15:03:26;0,0,0;;;;
???;12:59:30;15:03:26;0,0,0;;;;
???;12:59:46;15:03:27;0,0,0;;;;
???;13:00:01;15:03:27;0,0,0;;;;
???;13:00:17;15:03:28;0,0,0;;;;
???;13:00:32;15:03:28;0,0,0;;;;
???;13:00:48;15:03:29;0,0,0;;;;
???;13:01:03;15:03:29;0,0,0;;;;
???;13:01:19;15:03:30;0,0,0;;;;
???;13:01:35;15:03:31;0,0,0;;;;
???;13:01:51;15:03:31;0,0,0;;;;
???;13:02:06;15:03:32;0,0,0;;;;
???;13:02:22;15:03:32;0,0,0;;;;
???;13:02:38;15:03:33;0,0,0;;;;
???;13:02:53;15:03:33;0,0,0;;;;
???;13:03:09;15:03:34;0,0,0;;;;
???;13:03:24;15:03:34;0,0,0;;;;
???;13:03:40;15:03:35;0,0,0;;;;
???;13:03:55;15:03:35;0,0,0;;;;
???;13:04:11;15:03:36;0,0,0;;;;
???;13:04:27;15:03:36;0,0,0;;;;
???;13:04:42;15:03:37;0,0,0;;;;
???;13:04:58;15:03:37;0,0,0;;;;
???;13:05:13;15:03:38;0,0,0;;;;
???;13:05:29;15:03:38;0,0,0;;;;
???;13:05:44;15:03:39;0,0,0;;;;
???;13:06:00;15:03:39;0,0,0;;;;
???;13:06:16;15:03:40;0,0,0;;;;
???;13:06:31;15:03:40;0,0,0;;;;
???;13:06:47;15:03:41;0,0,0;;;;
???;13:07:02;15:03:41;0,0,0;;;;
???;13:07:18;15:03:42;0,0,0;;;;
???;13:07:33;15:03:42;0,0,0;;;;
???;13:07:49;15:03:43;0,0,0;;;;
???;13:08:04;15:03:44;0,0,0;;;;
???;13:08:20;15:03:44;0,0,0;;;;
???;13:08:35;15:03:45;0,0,0;;;;
???;13:08:51;15:03:45;0,0,0;;;;
???;13:09:06;15:03:46;0,0,0;;;;
???;13:09:22;15:03:46;0,0,0;;;;
???;13:09:37;15:03:47;0,0,0;;;;
???;13:09:53;15:03:47;0,0,0;;;;
???;13:10:09;15:03:48;0,0,0;;;;
???;13:10:24;15:03:48;0,0,0;;;;
???;13:10:40;15:03:49;0,0,0;;;;
???;13:10:55;15:03:49;0,0,0;;;;
???;13:11:11;15:03:50;0,0,0;;;;
???;13:11:26;15:03:50;0,0,0;;;;
???;13:11:42;15:03:51;0,0,0;;;;
???;13:11:58;15:03:51;0,0,0;;;;
???;13:12:13;15:03:52;0,0,0;;;;
???;13:12:29;15:03:52;0,0,0;;;;
???;13:12:44;15:03:53;0,0,0;;;;
???;13:13:00;15:03:53;0,0,0;;;;
???;13:13:15;15:03:54;0,0,0;;;;
???;13:13:31;15:03:54;0,0,0;;;;
???;13:13:46;15:03:55;0,0,0;;;;
???;13:14:02;15:03:55;0,0,0;;;;
???;13:14:18;15:03:56;0,0,0;;;;
???;13:14:33;15:03:56;0,0,0;;;;
???;13:14:49;15:03:57;0,0,0;;;;
???;13:15:04;15:03:58;0,0,0;;;;
???;13:15:20;15:03:58;0,0,0;;;;
???;13:15:35;15:03:59;0,0,0;;;;
???;13:15:51;15:03:59;0,0,0;;;;
???;13:16:07;15:04:00;0,0,0;;;;
???;13:16:22;15:04:00;0,0,0;;;;
???;13:16:38;15:04:01;0,0,0;;;;
???;13:16:53;15:04:01;0,0,0;;;;
???;13:17:09;15:04:02;0,0,0;;;;
???;13:17:25;15:04:02;0,0,0;;;;
???;13:17:40;15:04:03;0,0,0;;;;
???;13:17:56;15:04:03;0,0,0;;;;
???;13:18:11;15:04:04;0,0,0;;;;
???;13:18:27;15:04:04;0,0,0;;;;
???;13:18:42;15:04:05;0,0,0;;;;
???;13:18:57;15:04:05;0,0,0;;;;
???;13:19:13;15:04:06;0,0,0;;;;
???;13:19:29;15:04:06;0,0,0;;;;
???;13:19:44;15:04:07;0,0,0;;;;
???;13:20:00;15:04:07;0,0,0;;;;
???;13:20:16;15:04:08;0,0,0;;;;
???;13:20:31;15:04:08;0,0,0;;That's a nine millimeter semi-automatic pushed against your skull.;Michael;ARM3_AEAA
???;13:20:47;15:04:09;0,0,0;;;;
???;13:21:03;15:04:09;0,0,0;;;;
???;13:21:18;15:04:10;0,0,0;;;;
???;13:21:34;15:04:10;0,0,0;;;;
???;13:21:49;15:04:11;0,0,0;;;;
???;13:22:05;15:04:12;0,0,0;;;;
???;13:22:21;15:04:12;0,0,0;;;;
???;13:22:36;15:04:13;0,0,0;;Don't look around. Take me where you're going.;Michael;ARM3_AWAA
???;13:22:52;15:04:13;0,0,0;;;;
???;13:23:07;15:04:14;0,0,0;;;;
???;13:23:23;15:04:14;0,0,0;;;;
???;13:23:39;15:04:15;0,0,0;;;;
???;13:23:54;15:04:15;0,0,0;;;;
???;13:24:10;15:04:16;0,0,0;;;;
???;13:24:25;15:04:16;0,0,0;;Hey, come on, man, this was a repo job. Guy was behind on his fuckin' note.;FRANKLIN;ARM3_APAA
???;13:24:41;15:04:17;0,0,0;;;;
???;13:24:56;15:04:17;0,0,0;;;;
???;13:25:12;15:04:18;0,0,0;;;;
???;13:25:27;15:04:18;0,0,0;;;;
???;13:25:43;15:04:19;0,0,0;;;;
???;13:25:59;15:04:19;0,0,0;;;;
???;13:26:14;15:04:20;0,0,0;;;;
???;13:26:30;15:04:20;0,0,0;;;;
???;13:26:45;15:04:21;0,0,0;;;;
???;13:27:01;15:04:21;0,0,0;;;;
???;13:27:17;15:04:22;0,0,0;;;;
???;13:27:32;15:04:22;0,0,0;;Unlikely, considering my son just got the car.;Michael;ARM3_APAB
???;13:27:48;15:04:23;0,0,0;;;;
???;13:28:03;15:04:23;0,0,0;;;;
???;13:28:19;15:04:24;0,0,0;;;;
???;13:28:35;15:04:25;0,0,0;;;;
???;13:28:50;15:04:25;0,0,0;;;;
???;13:29:06;15:04:26;0,0,0;;And looking at the way you're going about this, my guess, you're working a credit fraud.;Michael;ARM3_APAL
???;13:29:22;15:04:26;0,0,0;;;;
???;13:29:37;15:04:27;0,0,0;;;;
???;13:29:53;15:04:27;0,0,0;;;;
???;13:30:08;15:04:28;0,0,0;;;;
???;13:30:24;15:04:28;0,0,0;;;;
???;13:30:39;15:04:29;0,0,0;;;;
???;13:30:55;15:04:29;0,0,0;;;;
???;13:31:10;15:04:30;0,0,0;;;;
???;13:31:26;15:04:30;0,0,0;;A credit fraud? Be serious, dude, I just work the fuckin' repos.;FRANKLIN;ARM3_APAC
???;13:31:41;15:04:31;0,0,0;;;;
???;13:31:57;15:04:31;0,0,0;;;;
???;13:32:12;15:04:32;0,0,0;;;;
???;13:32:28;15:04:32;0,0,0;;;;
???;13:32:43;15:04:33;0,0,0;;;;
???;13:32:59;15:04:33;0,0,0;;;;
???;13:33:14;15:04:34;0,0,0;;;;
???;13:33:30;15:04:34;0,0,0;;;;
???;13:33:45;15:04:35;0,0,0;;I appreciate a kid who follows orders without taking responsibility.;Michael;ARM3_APAM
???;13:34:01;15:04:35;0,0,0;;;;
???;13:34:17;15:04:36;0,0,0;;;;
???;13:34:32;15:04:36;0,0,0;;;;
???;13:34:48;15:04:37;0,0,0;;;;
???;13:35:03;15:04:37;0,0,0;;;;
???;13:35:19;15:04:38;0,0,0;;;;
???;13:35:35;15:04:39;0,0,0;;Yeah, maybe one day we'll have a beer, and I'll explain how the world really works.;Michael;ARM3_APAT
???;13:35:50;15:04:39;0,0,0;;;;
???;13:36:06;15:04:40;0,0,0;;;;
???;13:36:21;15:04:40;0,0,0;;;;
???;13:36:37;15:04:41;0,0,0;;;;
???;13:36:52;15:04:41;0,0,0;;;;
???;13:37:08;15:04:42;0,0,0;;;;
???;13:37:23;15:04:42;0,0,0;;;;
???;13:37:39;15:04:43;0,0,0;;;;
???;13:37:55;15:04:43;0,0,0;;Who gives you the slip?;Michael;ARM3_APAD
???;13:38:10;15:04:44;0,0,0;;;;
???;13:38:26;15:04:44;0,0,0;;;;
???;13:38:41;15:04:45;0,0,0;;A car dealer, dog, by the name of Simeon Yetarian.;FRANKLIN;ARM3_APAE
???;13:38:57;15:04:45;0,0,0;;;;
???;13:39:13;15:04:46;0,0,0;;;;
???;13:39:28;15:04:46;0,0,0;;;;
???;13:39:44;15:04:47;0,0,0;;;;
???;13:39:59;15:04:47;0,0,0;;;;
???;13:40:15;15:04:48;0,0,0;;;;
???;13:40:30;15:04:48;0,0,0;;;;
???;13:40:46;15:04:49;0,0,0;;;;
???;13:41:01;15:04:49;0,0,0;;;;
???;13:41:17;15:04:50;0,0,0;;;;
???;13:41:32;15:04:50;0,0,0;;;;
???;13:41:48;15:04:51;0,0,0;;;;
???;13:42:03;15:04:51;0,0,0;;So this businessman, he look legit to you?;Michael;ARM3_APAH
???;13:42:19;15:04:52;0,0,0;;;;
???;13:42:35;15:04:53;0,0,0;;;;
???;13:42:50;15:04:53;0,0,0;;;;
???;13:43:06;15:04:54;0,0,0;;;;
???;13:43:21;15:04:54;0,0,0;;Look, man, it's just between him and your fucking son.;FRANKLIN;ARM3_APAK
???;13:43:37;15:04:55;0,0,0;;;;
???;13:43:52;15:04:55;0,0,0;;;;
???;13:44:08;15:04:56;0,0,0;;;;
???;13:44:23;15:04:56;0,0,0;;;;
???;13:44:39;15:04:57;0,0,0;;;;
???;13:44:54;15:04:57;0,0,0;;;;
???;13:45:10;15:04:58;0,0,0;;Don't worry. Me and Mr. Yetarian, we'll work this out.;Michael;ARM3_APAN
???;13:45:26;15:04:58;0,0,0;;;;
???;13:45:41;15:04:59;0,0,0;;;;
???;13:45:57;15:04:59;0,0,0;;;;
???;13:46:12;15:05:00;0,0,0;;;;
???;13:46:28;15:05:00;0,0,0;;;;
???;13:46:44;15:05:01;0,0,0;;;;
???;13:46:59;15:05:01;0,0,0;;;;
???;13:47:15;15:05:02;0,0,0;;;;
???;13:47:31;15:05:02;0,0,0;;;;
???;13:47:46;15:05:03;0,0,0;;;;
???;13:48:02;15:05:03;0,0,0;;;;
???;13:48:17;15:05:04;0,0,0;;;;
???;13:48:33;15:05:04;0,0,0;;;;
???;13:48:48;15:05:05;0,0,0;;;;
???;13:49:04;15:05:05;0,0,0;;;;
???;13:49:19;15:05:06;0,0,0;;;;
???;13:49:35;15:05:07;0,0,0;;;;
???;13:49:50;15:05:07;0,0,0;;;;
???;13:50:06;15:05:08;0,0,0;;;;
???;13:50:21;15:05:08;0,0,0;;;;
???;13:50:37;15:05:09;0,0,0;;;;
???;13:50:53;15:05:09;0,0,0;;;;
???;13:51:08;15:05:10;0,0,0;;;;
???;13:51:24;15:05:10;0,0,0;;;;
???;13:51:39;15:05:11;0,0,0;;;;
???;13:51:55;15:05:11;0,0,0;;;;
???;13:52:10;15:05:12;0,0,0;;;;
???;13:52:26;15:05:12;0,0,0;;;;
???;13:52:41;15:05:13;0,0,0;;;;
???;13:52:57;15:05:13;0,0,0;;;;
???;13:53:13;15:05:14;0,0,0;;;;
???;13:53:28;15:05:14;0,0,0;;;;
???;13:53:44;15:05:15;0,0,0;;;;
???;13:53:59;15:05:15;0,0,0;;;;
???;13:54:15;15:05:16;0,0,0;;;;
???;13:54:30;15:05:16;0,0,0;;;;
???;13:54:46;15:05:17;0,0,0;;;;
???;13:55:02;15:05:17;0,0,0;;;;
???;13:55:17;15:05:18;0,0,0;;;;
???;13:55:33;15:05:18;0,0,0;;;;
???;13:55:49;15:05:19;0,0,0;;;;
???;13:56:04;15:05:20;0,0,0;;;;
???;13:56:20;15:05:20;0,0,0;;;;
???;13:56:35;15:05:21;0,0,0;;;;
???;13:56:51;15:05:21;0,0,0;;;;
???;13:57:06;15:05:22;0,0,0;;;;
???;13:57:22;15:05:22;0,0,0;;;;
???;13:57:38;15:05:23;0,0,0;;;;
???;13:57:53;15:05:23;0,0,0;;;;
???;13:58:09;15:05:24;0,0,0;;;;
???;13:58:24;15:05:24;0,0,0;;;;
???;13:58:40;15:05:25;0,0,0;;;;
???;13:58:55;15:05:25;0,0,0;;;;
???;13:59:11;15:05:26;0,0,0;;;;
???;13:59:27;15:05:26;0,0,0;;;;
???;13:59:42;15:05:27;0,0,0;;;;
???;13:59:57;15:05:27;0,0,0;;;;
???;14:00:13;15:05:28;0,0,0;;;;
???;14:00:28;15:05:28;0,0,0;;;;
???;14:00:44;15:05:29;0,0,0;;;;
???;14:00:59;15:05:29;0,0,0;;;;
???;14:01:15;15:05:30;0,0,0;;;;
???;14:01:30;15:05:30;0,0,0;;;;
???;14:01:46;15:05:31;0,0,0;;;;
???;14:02:02;15:05:31;0,0,0;;;;
???;14:02:18;15:05:32;0,0,0;;;;
???;14:02:34;15:05:32;0,0,0;;;;
???;14:02:49;15:05:33;0,0,0;;;;
???;14:03:05;15:05:34;0,0,0;;;;
???;14:03:21;15:05:34;0,0,0;;;;
???;14:03:36;15:05:35;0,0,0;;;;
???;14:03:52;15:05:35;0,0,0;;;;
???;14:04:07;15:05:36;0,0,0;;;;
???;14:04:23;15:05:36;0,0,0;;;;
???;14:04:39;15:05:37;0,0,0;;;;
???;14:04:54;15:05:37;0,0,0;;;;
???;14:05:10;15:05:38;0,0,0;;;;
???;14:05:25;15:05:38;0,0,0;;;;
???;14:05:41;15:05:39;0,0,0;;;;
???;14:05:56;15:05:39;0,0,0;;;;
???;14:06:12;15:05:40;0,0,0;;;;
???;14:06:27;15:05:40;0,0,0;;;;
???;14:06:43;15:05:41;0,0,0;;;;
???;14:06:59;15:05:41;0,0,0;;;;
???;14:07:14;15:05:42;0,0,0;;;;
???;14:07:30;15:05:42;0,0,0;;;;
???;14:07:46;15:05:43;0,0,0;;;;
???;14:08:01;15:05:43;0,0,0;;;;
???;14:08:17;15:05:44;0,0,0;;;;
???;14:08:32;15:05:44;0,0,0;;;;
???;14:08:48;15:05:45;0,0,0;;;;
???;14:09:03;15:05:45;0,0,0;;;;
???;14:09:19;15:05:46;0,0,0;;;;
???;14:09:34;15:05:47;0,0,0;;;;
???;14:09:50;15:05:47;0,0,0;;;;
???;14:10:05;15:05:48;0,0,0;;;;
???;14:10:21;15:05:48;0,0,0;;;;
???;14:10:37;15:05:49;0,0,0;;;;
???;14:10:52;15:05:49;0,0,0;;;;
???;14:11:08;15:05:50;0,0,0;;;;
???;14:11:23;15:05:50;0,0,0;;;;
???;14:11:39;15:05:51;0,0,0;;;;
???;14:11:54;15:05:51;0,0,0;;;;
???;14:12:10;15:05:52;0,0,0;;;;
???;14:12:25;15:05:52;0,0,0;;;;
???;14:12:41;15:05:53;0,0,0;;;;
???;14:12:57;15:05:53;0,0,0;;;;
???;14:13:12;15:05:54;0,0,0;;;;
???;14:13:28;15:05:54;0,0,0;;;;
???;14:13:43;15:05:55;0,0,0;;;;
???;14:13:59;15:05:55;0,0,0;;;;
???;14:14:15;15:05:56;0,0,0;;;;
???;14:14:30;15:05:56;0,0,0;;;;
???;14:14:46;15:05:57;0,0,0;;;;
???;14:15:01;15:05:57;0,0,0;;;;
???;14:15:17;15:05:58;0,0,0;;;;
???;14:15:32;15:05:58;0,0,0;;;;
???;14:15:48;15:05:59;0,0,0;;;;
???;14:16:04;15:05:59;0,0,0;;;;
???;14:16:20;15:06:00;0,0,0;;;;
???;14:16:35;15:06:01;0,0,0;;;;
???;14:16:51;15:06:01;0,0,0;;;;
???;14:17:06;15:06:02;0,0,0;;;;
???;14:17:22;15:06:02;0,0,0;;;;
???;14:17:37;15:06:03;0,0,0;;;;
???;14:17:53;15:06:03;0,0,0;;;;
???;14:18:08;15:06:04;0,0,0;;;;
???;14:18:24;15:06:04;0,0,0;;;;
???;14:18:40;15:06:05;0,0,0;;;;
???;14:18:55;15:06:05;0,0,0;;;;
???;14:19:11;15:06:06;0,0,0;;;;
???;14:19:27;15:06:06;0,0,0;;;;
???;14:19:42;15:06:07;0,0,0;;;;
???;14:19:58;15:06:07;0,0,0;;;;
???;14:20:13;15:06:08;0,0,0;;;;
???;14:20:29;15:06:08;0,0,0;;;;
???;14:20:44;15:06:09;0,0,0;;;;
???;14:21:00;15:06:09;0,0,0;;;;
???;14:21:15;15:06:10;0,0,0;;;;
???;14:21:31;15:06:10;0,0,0;;;;
???;14:21:46;15:06:11;0,0,0;;;;
???;14:22:02;15:06:11;0,0,0;;;;
???;14:22:18;15:06:12;0,0,0;;;;
???;14:22:33;15:06:12;0,0,0;;;;
???;14:22:49;15:06:13;0,0,0;;;;
???;14:23:05;15:06:14;0,0,0;;;;
???;14:23:20;15:06:14;0,0,0;;;;
???;14:23:36;15:06:15;0,0,0;;;;
???;14:23:51;15:06:15;0,0,0;;;;
???;14:24:07;15:06:16;0,0,0;;;;
???;14:24:22;15:06:16;0,0,0;;;;
???;14:24:38;15:06:17;0,0,0;;;;
???;14:24:54;15:06:17;0,0,0;;;;
???;14:25:09;15:06:18;0,0,0;;;;
???;14:25:25;15:06:18;0,0,0;;;;
???;14:25:40;15:06:19;0,0,0;;;;
???;14:25:56;15:06:19;0,0,0;;;;
???;14:26:11;15:06:20;0,0,0;;;;
???;14:26:27;15:06:20;0,0,0;;;;
???;14:26:43;15:06:21;0,0,0;;;;
???;14:26:58;15:06:21;0,0,0;;;;
???;14:27:14;15:06:22;0,0,0;;;;
???;14:27:29;15:06:22;0,0,0;;;;
???;14:27:45;15:06:23;0,0,0;;;;
???;14:28:00;15:06:23;0,0,0;;;;
???;14:28:16;15:06:24;0,0,0;;;;
???;14:28:31;15:06:24;0,0,0;;;;
???;14:28:47;15:06:25;0,0,0;;;;
???;14:29:02;15:06:25;0,0,0;;;;
???;14:29:18;15:06:26;0,0,0;;;;
???;14:29:33;15:06:26;0,0,0;;;;
???;14:29:49;15:06:27;0,0,0;;;;
???;14:30:05;15:06:28;0,0,0;;;;
???;14:30:20;15:06:28;0,0,0;;;;
???;14:30:36;15:06:29;0,0,0;;;;
???;14:30:51;15:06:29;0,0,0;;;;
???;14:31:07;15:06:30;0,0,0;;;;
???;14:31:22;15:06:30;0,0,0;;;;
???;14:31:38;15:06:31;0,0,0;;;;
???;14:31:54;15:06:31;0,0,0;;;;
???;14:32:09;15:06:32;0,0,0;;;;
???;14:32:25;15:06:32;0,0,0;;;;
???;14:32:40;15:06:33;0,0,0;;;;
???;14:32:56;15:06:33;0,0,0;;;;
???;14:33:11;15:06:34;0,0,0;;;;
???;14:33:27;15:06:34;0,0,0;;;;
???;14:33:42;15:06:35;0,0,0;;;;
???;14:33:58;15:06:35;0,0,0;;;;
???;14:34:14;15:06:36;0,0,0;;;;
???;14:34:29;15:06:36;0,0,0;;;;
???;14:34:45;15:06:37;0,0,0;;;;
???;14:35:00;15:06:37;0,0,0;;;;
???;14:35:16;15:06:38;0,0,0;;;;
???;14:35:31;15:06:38;0,0,0;;;;
???;14:35:47;15:06:39;0,0,0;;;;
???;14:36:03;15:06:39;0,0,0;;;;
???;14:36:18;15:06:40;0,0,0;;;;
???;14:36:34;15:06:40;0,0,0;;;;
???;14:36:49;15:06:41;0,0,0;;;;
???;14:37:05;15:06:42;0,0,0;;;;
???;14:37:21;15:06:42;0,0,0;;;;
???;14:37:36;15:06:43;0,0,0;;;;
???;14:37:52;15:06:43;0,0,0;;;;
???;14:38:07;15:06:44;0,0,0;;;;
???;14:38:23;15:06:44;0,0,0;;;;
???;14:38:38;15:06:45;0,0,0;;;;
???;14:38:54;15:06:45;0,0,0;;;;
???;14:39:10;15:06:46;0,0,0;;;;
???;14:39:25;15:06:46;0,0,0;;;;
???;14:39:41;15:06:47;0,0,0;;;;
???;14:39:57;15:06:47;0,0,0;;;;
???;14:40:13;15:06:48;0,0,0;;;;
???;14:40:28;15:06:48;0,0,0;;;;
???;14:40:44;15:06:49;0,0,0;;;;
???;14:40:59;15:06:49;0,0,0;;;;
???;14:41:15;15:06:50;0,0,0;;;;
???;14:41:30;15:06:50;0,0,0;;;;
???;14:41:46;15:06:51;0,0,0;;;;
???;14:42:02;15:06:51;0,0,0;;;;
???;14:42:17;15:06:52;0,0,0;;;;
???;14:42:33;15:06:52;0,0,0;;;;
???;14:42:48;15:06:53;0,0,0;;;;
???;14:43:04;15:06:54;0,0,0;;;;
???;14:43:20;15:06:54;0,0,0;;;;
???;14:43:35;15:06:55;0,0,0;;;;
???;14:43:51;15:06:55;0,0,0;;;;
???;14:44:07;15:06:56;0,0,0;;;;
???;14:44:22;15:06:56;0,0,0;;;;
???;14:44:38;15:06:57;0,0,0;;;;
???;14:44:53;15:06:57;0,0,0;;;;
???;14:45:09;15:06:58;0,0,0;;;;
???;14:45:25;15:06:58;0,0,0;;;;
???;14:45:40;15:06:59;0,0,0;;;;
???;14:45:56;15:06:59;0,0,0;;;;
???;14:46:12;15:07:00;0,0,0;;;;
???;14:46:27;15:07:00;0,0,0;;;;
???;14:46:43;15:07:01;0,0,0;;;;
???;14:46:59;15:07:01;0,0,0;;;;
???;14:47:14;15:07:02;0,0,0;;;;
???;14:47:30;15:07:02;0,0,0;;;;
???;14:47:34;15:07:03;0,0,0;;;;
???;14:47:34;15:07:03;0,0,0;;;;
???;14:47:34;15:07:04;0,0,0;;This don't look like the way to no-credit alley to me.;Cutscene;Cutscene
???;14:47:34;15:07:04;0,0,0;;;;
???;14:47:34;15:07:05;0,0,0;;;;
???;14:47:34;15:07:05;0,0,0;;;;
???;14:47:34;15:07:06;0,0,0;;;;
???;14:47:34;15:07:06;0,0,0;;;;
???;14:47:34;15:07:07;0,0,0;;Shit man with traffic and all, this way is faster.;Cutscene;Cutscene
???;14:47:34;15:07:08;0,0,0;;;;
???;14:47:34;15:07:08;0,0,0;;;;
???;14:47:34;15:07:09;0,0,0;;;;
???;14:47:34;15:07:09;0,0,0;;;;
???;14:47:34;15:07:10;0,0,0;;Dumb move, kid.;Cutscene;Cutscene
???;14:47:34;15:07:10;0,0,0;;;;
???;14:47:34;15:07:11;0,0,0;;;;
???;14:47:34;15:07:11;0,0,0;;;;
???;14:47:34;15:07:12;0,0,0;;;;
???;14:47:34;15:07:12;0,0,0;;;;
???;14:47:34;15:07:13;0,0,0;;;;
???;14:47:34;15:07:13;0,0,0;;;;
???;14:47:34;15:07:14;0,0,0;;;;
???;14:47:34;15:07:14;0,0,0;;;;
???;14:47:34;15:07:15;0,0,0;;You just got a little bit dumber.;Cutscene;Cutscene
???;14:47:34;15:07:15;0,0,0;;;;
???;14:47:34;15:07:16;0,0,0;;;;
???;14:47:34;15:07:16;0,0,0;;;;
???;14:47:34;15:07:17;0,0,0;;;;
???;14:47:34;15:07:17;0,0,0;;;;
???;14:47:34;15:07:18;0,0,0;;;;
???;14:47:34;15:07:18;0,0,0;;;;
???;14:47:34;15:07:19;0,0,0;;;;
???;14:47:34;15:07:19;0,0,0;;;;
???;14:47:34;15:07:20;0,0,0;;;;
???;14:47:34;15:07:21;0,0,0;;;;
???;14:47:35;15:07:22;0,0,0;;;;
???;12:27:02;15:07:24;0,0,0;;;;
???;12:27:17;15:07:25;0,0,0;;;;
???;12:27:32;15:07:25;0,0,0;;;;
???;12:27:48;15:07:26;0,0,0;;;;
???;12:28:04;15:07:26;0,0,0;;;;
???;12:28:19;15:07:27;0,0,0;;;;
???;12:28:35;15:07:27;0,0,0;;;;
???;12:28:51;15:07:28;0,0,0;;;;
???;12:29:06;15:07:28;0,0,0;;;;
???;12:29:22;15:07:29;0,0,0;;;;
???;12:29:37;15:07:30;0,0,0;;;;
???;12:29:53;15:07:30;0,0,0;;;;
???;12:30:09;15:07:31;0,0,0;;;;
???;12:30:24;15:07:31;0,0,0;;;;
???;12:30:40;15:07:32;0,0,0;;;;
???;12:30:55;15:07:32;0,0,0;;;;
???;12:31:11;15:07:33;0,0,0;;;;
???;12:31:26;15:07:33;0,0,0;;;;
???;12:31:42;15:07:34;0,0,0;;;;
???;12:31:58;15:07:34;0,0,0;;;;
???;12:32:13;15:07:35;0,0,0;;;;
???;12:32:29;15:07:35;0,0,0;;;;
???;12:32:45;15:07:36;0,0,0;;;;
???;12:33:00;15:07:36;0,0,0;;;;
???;12:33:16;15:07:37;0,0,0;;;;
???;12:33:31;15:07:37;0,0,0;;;;
???;12:33:47;15:07:38;0,0,0;;;;
???;12:34:03;15:07:38;0,0,0;;;;
???;12:34:18;15:07:39;0,0,0;;;;
???;12:34:34;15:07:39;0,0,0;;;;
???;12:34:49;15:07:40;0,0,0;;;;
???;12:35:05;15:07:40;0,0,0;;;;
???;12:35:20;15:07:41;0,0,0;;;;
???;12:35:36;15:07:41;0,0,0;;;;
???;12:35:51;15:07:42;0,0,0;;;;
???;12:36:07;15:07:42;0,0,0;;Eh, Simeon, I got the ride, man. I'm coming back.;FRANKLIN;ARM3_CQAA
???;12:36:23;15:07:43;0,0,0;;;;
???;12:36:38;15:07:44;0,0,0;;;;
???;12:36:54;15:07:44;0,0,0;;;;
???;12:37:09;15:07:45;0,0,0;;;;
???;12:37:25;15:07:45;0,0,0;;;;
???;12:37:41;15:07:46;0,0,0;;If you actually bring the reposession to me this time, I can have it back out on the street before the day is done.;SIMEON;ARM3_CQAB
???;12:37:56;15:07:46;0,0,0;;;;
???;12:38:13;15:07:47;0,0,0;;;;
???;12:38:28;15:07:47;0,0,0;;;;
???;12:38:44;15:07:48;0,0,0;;;;
???;12:38:59;15:07:48;0,0,0;;;;
???;12:39:15;15:07:49;0,0,0;;;;
???;12:39:30;15:07:49;0,0,0;;;;
???;12:39:46;15:07:50;0,0,0;;;;
???;12:40:01;15:07:50;0,0,0;;;;
???;12:40:17;15:07:51;0,0,0;;;;
???;12:40:32;15:07:51;0,0,0;;;;
???;12:40:48;15:07:52;0,0,0;;;;
???;12:41:04;15:07:52;0,0,0;;;;
???;12:41:19;15:07:53;0,0,0;;;;
???;12:41:35;15:07:53;0,0,0;;;;
???;12:41:50;15:07:54;0,0,0;;;;
???;12:42:06;15:07:54;0,0,0;;;;
???;12:42:22;15:07:55;0,0,0;;;;
???;12:42:37;15:07:56;0,0,0;;;;
???;12:42:53;15:07:56;0,0,0;;;;
???;12:43:08;15:07:57;0,0,0;;;;
???;12:43:24;15:07:57;0,0,0;;;;
???;12:43:39;15:07:58;0,0,0;;;;
???;12:43:55;15:07:58;0,0,0;;That's a nine millimeter semi-automatic pushed against your skull.;Michael;ARM3_AEAA
???;12:44:10;15:07:59;0,0,0;;;;
???;12:44:26;15:07:59;0,0,0;;;;
???;12:44:42;15:08:00;0,0,0;;;;
???;12:44:57;15:08:00;0,0,0;;;;
???;12:45:12;15:08:01;0,0,0;;;;
???;12:45:28;15:08:01;0,0,0;;;;
???;12:45:44;15:08:02;0,0,0;;;;
???;12:45:59;15:08:02;0,0,0;;Don't look around. Take me where you're going.;Michael;ARM3_AWAA
???;12:46:15;15:08:03;0,0,0;;;;
???;12:46:30;15:08:03;0,0,0;;;;
???;12:46:46;15:08:04;0,0,0;;;;
???;12:47:01;15:08:04;0,0,0;;;;
???;12:47:17;15:08:05;0,0,0;;;;
???;12:47:32;15:08:05;0,0,0;;;;
???;12:47:48;15:08:06;0,0,0;;Hey, come on, man, this was a repo job. Guy was behind on his fuckin' note.;FRANKLIN;ARM3_APAA
???;12:48:04;15:08:06;0,0,0;;;;
???;12:48:19;15:08:07;0,0,0;;;;
???;12:48:35;15:08:07;0,0,0;;;;
???;12:48:50;15:08:08;0,0,0;;;;
???;12:49:06;15:08:08;0,0,0;;;;
???;12:49:22;15:08:09;0,0,0;;;;
???;12:49:37;15:08:10;0,0,0;;;;
???;12:49:53;15:08:10;0,0,0;;;;
???;12:50:09;15:08:11;0,0,0;;;;
???;12:50:24;15:08:11;0,0,0;;;;
???;12:50:40;15:08:12;0,0,0;;;;
???;12:50:56;15:08:12;0,0,0;;Unlikely, considering my son just got the car.;Michael;ARM3_APAB
???;12:51:11;15:08:13;0,0,0;;;;
???;12:51:27;15:08:13;0,0,0;;;;
???;12:51:42;15:08:14;0,0,0;;;;
???;12:51:58;15:08:14;0,0,0;;;;
???;12:52:13;15:08:15;0,0,0;;;;
???;12:52:29;15:08:15;0,0,0;;And looking at the way you're going about this, my guess, you're working a credit fraud.;Michael;ARM3_APAL
???;12:52:45;15:08:16;0,0,0;;;;
???;12:53:00;15:08:16;0,0,0;;;;
???;12:53:16;15:08:17;0,0,0;;;;
???;12:53:31;15:08:17;0,0,0;;;;
???;12:53:47;15:08:18;0,0,0;;;;
???;12:54:02;15:08:18;0,0,0;;;;
???;12:54:18;15:08:19;0,0,0;;;;
???;12:54:34;15:08:19;0,0,0;;;;
???;12:54:49;15:08:20;0,0,0;;A credit fraud? Be serious, dude, I just work the fuckin' repos.;FRANKLIN;ARM3_APAC
???;12:55:05;15:08:20;0,0,0;;;;
???;12:55:20;15:08:21;0,0,0;;;;
???;12:55:36;15:08:21;0,0,0;;;;
???;12:55:51;15:08:22;0,0,0;;;;
???;12:56:07;15:08:22;0,0,0;;;;
???;12:56:22;15:08:23;0,0,0;;;;
???;12:56:38;15:08:24;0,0,0;;;;
???;12:56:54;15:08:24;0,0,0;;;;
???;12:57:09;15:08:25;0,0,0;;I appreciate a kid who follows orders without taking responsibility.;Michael;ARM3_APAM
???;12:57:24;15:08:25;0,0,0;;;;
???;12:57:40;15:08:26;0,0,0;;;;
???;12:57:56;15:08:26;0,0,0;;;;
???;12:58:11;15:08:27;0,0,0;;;;
???;12:58:27;15:08:27;0,0,0;;;;
???;12:58:42;15:08:28;0,0,0;;;;
???;12:58:58;15:08:28;0,0,0;;Yeah, maybe one day we'll have a beer, and I'll explain how the world really works.;Michael;ARM3_APAT
???;12:59:14;15:08:29;0,0,0;;;;
???;12:59:29;15:08:29;0,0,0;;;;
???;12:59:45;15:08:30;0,0,0;;;;
???;13:00:00;15:08:30;0,0,0;;;;
???;13:00:16;15:08:31;0,0,0;;;;
???;13:00:32;15:08:31;0,0,0;;;;
???;13:00:47;15:08:32;0,0,0;;;;
???;13:01:03;15:08:32;0,0,0;;;;
???;13:01:19;15:08:33;0,0,0;;Who gives you the slip?;Michael;ARM3_APAD
???;13:01:34;15:08:33;0,0,0;;;;
???;13:01:50;15:08:34;0,0,0;;;;
???;13:02:05;15:08:34;0,0,0;;A car dealer, dog, by the name of Simeon Yetarian.;FRANKLIN;ARM3_APAE
???;13:02:21;15:08:35;0,0,0;;;;
???;13:02:37;15:08:35;0,0,0;;;;
???;13:02:52;15:08:36;0,0,0;;;;
???;13:03:08;15:08:37;0,0,0;;;;
???;13:03:23;15:08:37;0,0,0;;;;
???;13:03:39;15:08:38;0,0,0;;;;
???;13:03:55;15:08:38;0,0,0;;So this businessman, he look legit to you?;Michael;ARM3_APAH
???;13:04:11;15:08:39;0,0,0;;;;
???;13:04:26;15:08:39;0,0,0;;;;
???;13:04:42;15:08:40;0,0,0;;;;
???;13:04:57;15:08:40;0,0,0;;;;
???;13:05:13;15:08:41;0,0,0;;Look, man, it's just between him and your fucking son.;FRANKLIN;ARM3_APAK
???;13:05:29;15:08:41;0,0,0;;;;
???;13:05:44;15:08:42;0,0,0;;;;
???;13:06:00;15:08:42;0,0,0;;;;
???;13:06:15;15:08:43;0,0,0;;;;
???;13:06:31;15:08:43;0,0,0;;;;
???;13:06:46;15:08:44;0,0,0;;;;
???;13:07:02;15:08:44;0,0,0;;;;
???;13:07:18;15:08:45;0,0,0;;;;
???;13:07:33;15:08:45;0,0,0;;;;
???;13:07:49;15:08:46;0,0,0;;;;
???;13:08:04;15:08:46;0,0,0;;;;
???;13:08:20;15:08:47;0,0,0;;Don't worry. Me and Mr. Yetarian, we'll work this out.;Michael;ARM3_APAN
???;13:08:36;15:08:47;0,0,0;;;;
???;13:08:51;15:08:48;0,0,0;;;;
???;13:09:07;15:08:49;0,0,0;;;;
???;13:09:23;15:08:49;0,0,0;;;;
???;13:09:38;15:08:50;0,0,0;;;;
???;13:09:54;15:08:50;0,0,0;;;;
???;13:10:09;15:08:51;0,0,0;;;;
???;13:10:25;15:08:51;0,0,0;;;;
???;13:10:40;15:08:52;0,0,0;;;;
???;13:10:56;15:08:52;0,0,0;;;;
???;13:11:11;15:08:53;0,0,0;;;;
???;13:11:27;15:08:53;0,0,0;;;;
???;13:11:43;15:08:54;0,0,0;;;;
???;13:11:58;15:08:54;0,0,0;;;;
???;13:12:14;15:08:55;0,0,0;;;;
???;13:12:29;15:08:55;0,0,0;;;;
???;13:12:45;15:08:56;0,0,0;;;;
???;13:13:01;15:08:56;0,0,0;;;;
???;13:13:16;15:08:57;0,0,0;;;;
???;13:13:32;15:08:57;0,0,0;;;;
???;13:13:48;15:08:58;0,0,0;;;;
???;13:14:03;15:08:58;0,0,0;;;;
???;13:14:19;15:08:59;0,0,0;;;;
???;13:14:34;15:08:59;0,0,0;;;;
???;13:14:50;15:09:00;0,0,0;;;;
???;13:15:05;15:09:00;0,0,0;;;;
???;13:15:21;15:09:01;0,0,0;;;;
???;13:15:36;15:09:01;0,0,0;;;;
???;13:15:52;15:09:02;0,0,0;;;;
???;13:16:07;15:09:03;0,0,0;;;;
???;13:16:23;15:09:03;0,0,0;;;;
???;13:16:39;15:09:04;0,0,0;;;;
???;13:16:54;15:09:04;0,0,0;;;;
???;13:17:10;15:09:05;0,0,0;;;;
???;13:17:25;15:09:05;0,0,0;;;;
???;13:17:41;15:09:06;0,0,0;;;;
???;13:17:56;15:09:06;0,0,0;;;;
???;13:18:12;15:09:07;0,0,0;;;;
???;13:18:28;15:09:07;0,0,0;;;;
???;13:18:44;15:09:08;0,0,0;;;;
???;13:18:59;15:09:08;0,0,0;;;;
???;13:19:15;15:09:09;0,0,0;;;;
???;13:19:30;15:09:09;0,0,0;;;;
???;13:19:46;15:09:10;0,0,0;;;;
???;13:20:01;15:09:10;0,0,0;;;;
???;13:20:17;15:09:11;0,0,0;;;;
???;13:20:33;15:09:11;0,0,0;;;;
???;13:20:48;15:09:12;0,0,0;;;;
???;13:21:04;15:09:12;0,0,0;;;;
???;13:21:19;15:09:13;0,0,0;;;;
???;13:21:34;15:09:13;0,0,0;;;;
???;13:21:50;15:09:14;0,0,0;;;;
???;13:22:06;15:09:14;0,0,0;;;;
???;13:22:21;15:09:15;0,0,0;;;;
???;13:22:37;15:09:15;0,0,0;;;;
???;13:22:52;15:09:16;0,0,0;;;;
???;13:23:08;15:09:17;0,0,0;;;;
???;13:23:24;15:09:17;0,0,0;;;;
???;13:23:39;15:09:18;0,0,0;;;;
???;13:23:55;15:09:18;0,0,0;;;;
???;13:24:10;15:09:19;0,0,0;;;;
???;13:24:26;15:09:19;0,0,0;;;;
???;13:24:41;15:09:20;0,0,0;;;;
???;13:24:57;15:09:20;0,0,0;;;;
???;13:25:12;15:09:21;0,0,0;;;;
???;13:25:28;15:09:21;0,0,0;;;;
???;13:25:43;15:09:22;0,0,0;;;;
???;13:25:59;15:09:22;0,0,0;;;;
???;13:26:15;15:09:23;0,0,0;;;;
???;13:26:30;15:09:23;0,0,0;;;;
???;13:26:46;15:09:24;0,0,0;;;;
???;13:27:02;15:09:24;0,0,0;;;;
???;13:27:17;15:09:25;0,0,0;;;;
???;13:27:33;15:09:25;0,0,0;;;;
???;13:27:49;15:09:26;0,0,0;;;;
???;13:28:04;15:09:26;0,0,0;;;;
???;13:28:19;15:09:27;0,0,0;;;;
???;13:28:35;15:09:27;0,0,0;;;;
???;13:28:51;15:09:28;0,0,0;;;;
???;13:29:06;15:09:28;0,0,0;;;;
???;13:29:22;15:09:29;0,0,0;;;;
???;13:29:37;15:09:30;0,0,0;;;;
???;13:29:53;15:09:30;0,0,0;;;;
???;13:30:08;15:09:31;0,0,0;;;;
???;13:30:24;15:09:31;0,0,0;;;;
???;13:30:39;15:09:32;0,0,0;;;;
???;13:30:55;15:09:32;0,0,0;;;;
???;13:31:11;15:09:33;0,0,0;;;;
???;13:31:26;15:09:33;0,0,0;;;;
???;13:31:42;15:09:34;0,0,0;;;;
???;13:31:57;15:09:34;0,0,0;;;;
???;13:32:13;15:09:35;0,0,0;;;;
???;13:32:29;15:09:35;0,0,0;;;;
???;13:32:44;15:09:36;0,0,0;;;;
???;13:33:00;15:09:36;0,0,0;;;;
???;13:33:15;15:09:37;0,0,0;;;;
???;13:33:31;15:09:37;0,0,0;;;;
???;13:33:46;15:09:38;0,0,0;;;;
???;13:34:02;15:09:38;0,0,0;;;;
???;13:34:17;15:09:39;0,0,0;;;;
???;13:34:33;15:09:39;0,0,0;;;;
???;13:34:48;15:09:40;0,0,0;;;;
???;13:35:04;15:09:40;0,0,0;;;;
???;13:35:20;15:09:41;0,0,0;;;;
???;13:35:35;15:09:41;0,0,0;;;;
???;13:35:51;15:09:42;0,0,0;;;;
???;13:36:06;15:09:42;0,0,0;;;;
???;13:36:22;15:09:43;0,0,0;;;;
???;13:36:37;15:09:44;0,0,0;;;;
???;13:36:53;15:09:44;0,0,0;;;;
???;13:37:08;15:09:45;0,0,0;;;;
???;13:37:24;15:09:45;0,0,0;;;;
???;13:37:39;15:09:46;0,0,0;;;;
???;13:37:55;15:09:46;0,0,0;;;;
???;13:38:11;15:09:47;0,0,0;;;;
???;13:38:26;15:09:47;0,0,0;;;;
???;13:38:42;15:09:48;0,0,0;;;;
???;13:38:58;15:09:48;0,0,0;;;;
???;13:39:13;15:09:49;0,0,0;;;;
???;13:39:29;15:09:49;0,0,0;;;;
???;13:39:44;15:09:50;0,0,0;;;;
???;13:40:00;15:09:50;0,0,0;;;;
???;13:40:15;15:09:51;0,0,0;;;;
???;13:40:31;15:09:51;0,0,0;;;;
???;13:40:46;15:09:52;0,0,0;;;;
???;13:41:02;15:09:52;0,0,0;;;;
???;13:41:18;15:09:53;0,0,0;;;;
???;13:41:33;15:09:53;0,0,0;;Hey man, it's just up here.;FRANKLIN;ARM3_CSAA
???;13:41:49;15:09:54;0,0,0;;;;
???;13:42:05;15:09:54;0,0,0;;;;
???;13:42:20;15:09:55;0,0,0;;;;
???;13:42:36;15:09:55;0,0,0;;Okay. Stop the car. Pull up.;Michael;ARM3_CSAB
???;13:42:51;15:09:56;0,0,0;;;;
???;13:43:07;15:09:57;0,0,0;;;;
???;13:43:23;15:09:57;0,0,0;;;;
???;13:43:38;15:09:58;0,0,0;;;;
???;13:43:54;15:09:58;0,0,0;;;;
???;13:44:09;15:09:59;0,0,0;;;;
???;13:44:25;15:09:59;0,0,0;;;;
???;13:44:40;15:10:00;0,0,0;;;;
???;13:44:56;15:10:00;0,0,0;;;;
???;13:45:11;15:10:01;0,0,0;;;;
???;13:45:27;15:10:01;0,0,0;;;;
???;13:45:42;15:10:02;0,0,0;;;;
???;13:45:58;15:10:02;0,0,0;;;;
???;13:45:58;15:10:03;0,0,0;;That the place?;Cutscene;Cutscene
???;13:45:58;15:10:03;0,0,0;;;;
???;13:45:58;15:10:04;0,0,0;;;;
???;13:45:58;15:10:04;0,0,0;;Yeah, that's the place, man.;Cutscene;Cutscene
???;13:45:58;15:10:05;0,0,0;;;;
???;13:45:58;15:10:05;0,0,0;;;;
???;13:45:58;15:10:06;0,0,0;;Whoa.;Cutscene;Cutscene
???;13:45:58;15:10:06;0,0,0;;;;
???;13:45:58;15:10:07;0,0,0;;;;
???;13:45:58;15:10:07;0,0,0;;Drive into it.;Cutscene;Cutscene
???;13:45:58;15:10:08;0,0,0;;;;
???;13:45:58;15:10:08;0,0,0;;Right through the fucking window, and fast.;Cutscene;Cutscene
???;13:45:58;15:10:09;0,0,0;;;;
???;13:45:58;15:10:09;0,0,0;;;;
???;13:45:58;15:10:10;0,0,0;;;;
???;13:45:58;15:10:10;0,0,0;;;;
???;13:45:58;15:10:11;0,0,0;;;;
???;13:45:58;15:10:12;0,0,0;;Or I'll put two rounds in the back of your skull,;Cutscene;Cutscene
???;13:45:58;15:10:12;0,0,0;;;;
???;13:45:58;15:10:13;0,0,0;;;;
???;13:45:58;15:10:13;0,0,0;;;;
???;13:45:58;15:10:14;0,0,0;;and do it myself.;Cutscene;Cutscene
???;13:45:58;15:10:14;0,0,0;;;;
???;13:45:58;15:10:15;0,0,0;;;;
???;13:45:58;15:10:15;0,0,0;;;;
???;13:45:58;15:10:16;0,0,0;;Man, you can't be for real?;Cutscene;Cutscene
???;13:45:58;15:10:16;0,0,0;;;;
???;13:45:58;15:10:17;0,0,0;;;;
???;13:45:58;15:10:17;0,0,0;;;;
???;13:45:58;15:10:18;0,0,0;;I look like a fucking joke to you?;Cutscene;Cutscene
???;13:45:58;15:10:18;0,0,0;;;;
???;13:45:58;15:10:19;0,0,0;;;;
???;13:45:58;15:10:19;0,0,0;;;;
???;13:45:58;15:10:20;0,0,0;;Man...;Cutscene;Cutscene
???;13:45:58;15:10:20;0,0,0;;;;
???;13:45:58;15:10:21;0,0,0;;Fuck my life, man. Fuck it.;Cutscene;Cutscene
???;13:45:58;15:10:21;0,0,0;;;;
???;13:45:58;15:10:22;0,0,0;;;;
???;13:46:05;15:10:22;0,0,0;;;;
???;13:46:20;15:10:23;0,0,0;;;;
???;13:46:36;15:10:23;0,0,0;;;;
???;13:46:51;15:10:24;0,0,0;;;;
???;13:47:07;15:10:25;0,0,0;;;;
???;13:47:22;15:10:25;0,0,0;;;;
???;13:47:38;15:10:26;0,0,0;;;;
???;13:47:54;15:10:26;0,0,0;;;;
???;13:48:09;15:10:27;0,0,0;;;;
???;13:48:25;15:10:27;0,0,0;;I still got this gun to your head!;Michael;ARM3_BTAA
???;13:48:40;15:10:28;0,0,0;;;;
???;13:48:56;15:10:28;0,0,0;;;;
???;13:49:11;15:10:29;0,0,0;;;;
???;13:49:27;15:10:29;0,0,0;;;;
???;13:49:42;15:10:30;0,0,0;;;;
???;13:49:58;15:10:30;0,0,0;;;;
???;13:50:13;15:10:31;0,0,0;;;;
???;13:50:29;15:10:31;0,0,0;;;;
???;13:50:44;15:10:32;0,0,0;;;;
???;13:51:00;15:10:32;0,0,0;;;;
???;13:51:16;15:10:33;0,0,0;;;;
???;13:51:31;15:10:33;0,0,0;;;;
???;13:51:47;15:10:34;0,0,0;;Shiiiiit!;FRANKLIN;ARM3_BQAA
???;13:52:02;15:10:34;0,0,0;;;;
???;13:52:18;15:10:35;0,0,0;;;;
???;13:52:33;15:10:35;0,0,0;;;;
???;13:52:43;15:10:36;0,0,0;;;;
???;13:52:43;15:10:36;0,0,0;;;;
???;13:52:43;15:10:37;0,0,0;;;;
???;13:52:43;15:10:37;0,0,0;;;;
???;13:52:43;15:10:38;0,0,0;;Franklin!;Cutscene;Cutscene
???;13:52:43;15:10:39;0,0,0;;What the fuck are you doing?;Cutscene;Cutscene
???;13:52:43;15:10:39;0,0,0;;;;
???;13:52:43;15:10:40;0,0,0;;;;
???;13:52:43;15:10:40;0,0,0;;;;
???;13:52:43;15:10:41;0,0,0;;Mr. Simeon...;Cutscene;Cutscene
???;13:52:43;15:10:41;0,0,0;;;;
???;13:52:43;15:10:42;0,0,0;;;;
???;13:52:43;15:10:42;0,0,0;;It's not exactly how it looks.;Cutscene;Cutscene
???;13:52:43;15:10:43;0,0,0;;;;
???;13:52:43;15:10:43;0,0,0;;;;
???;13:52:43;15:10:44;0,0,0;;I always trump big for a job well done.;Cutscene;Cutscene
???;13:52:43;15:10:44;0,0,0;;;;
???;13:52:43;15:10:45;0,0,0;;;;
???;13:52:43;15:10:45;0,0,0;;;;
???;13:52:43;15:10:46;0,0,0;;;;
???;13:52:43;15:10:46;0,0,0;;Now get out of here, kid.;Cutscene;Cutscene
???;13:52:43;15:10:47;0,0,0;;;;
???;13:52:43;15:10:47;0,0,0;;;;
???;13:52:43;15:10:48;0,0,0;;;;
???;13:52:43;15:10:48;0,0,0;;;;
???;13:52:43;15:10:49;0,0,0;;You motherfucker!;Cutscene;Cutscene
???;13:52:43;15:10:49;0,0,0;;;;
???;13:52:43;15:10:50;0,0,0;;;;
???;13:52:43;15:10:51;0,0,0;;;;
???;13:52:43;15:10:51;0,0,0;;;;
???;13:52:56;15:10:52;0,0,0;;;;
???;13:53:12;15:10:52;0,0,0;;;;
???;13:53:28;15:10:53;0,0,0;;;;
???;13:53:43;15:10:53;0,0,0;;;;
???;13:53:59;15:10:54;0,0,0;;;;
???;13:54:14;15:10:54;0,0,0;;;;
???;13:54:30;15:10:55;0,0,0;;;;
???;13:54:45;15:10:55;0,0,0;;;;
???;13:55:01;15:10:56;0,0,0;;;;
???;13:55:16;15:10:56;0,0,0;;;;
???;13:55:32;15:10:57;0,0,0;;;;
???;13:55:47;15:10:57;0,0,0;;;;
???;13:56:03;15:10:58;0,0,0;;;;
???;13:56:19;15:10:58;0,0,0;;;;
???;13:56:34;15:10:59;0,0,0;;;;
???;13:56:50;15:10:59;0,0,0;;;;
???;13:57:06;15:11:00;0,0,0;;;;
???;13:57:21;15:11:00;0,0,0;;;;
???;13:57:37;15:11:01;0,0,0;;;;
???;13:57:52;15:11:01;0,0,0;;;;
???;13:58:08;15:11:02;0,0,0;;;;
???;13:58:24;15:11:02;0,0,0;;;;
???;13:58:39;15:11:03;0,0,0;;;;
???;13:58:55;15:11:04;0,0,0;;;;
???;13:59:10;15:11:04;0,0,0;;;;
???;13:59:26;15:11:05;0,0,0;;;;
???;13:59:41;15:11:05;0,0,0;;;;
???;13:59:57;15:11:06;0,0,0;;Fuckin' asshole.;Michael;ARM3_BVAA
???;14:00:02;15:11:06;0,0,0;;;;
???;14:00:02;15:11:07;0,0,0;;;;
???;14:00:02;15:11:07;0,0,0;;;;
???;14:00:02;15:11:08;0,0,0;;;;
???;14:00:02;15:11:08;0,0,0;;You recognize this car?;Cutscene;Cutscene
???;14:00:02;15:11:09;0,0,0;;;;
???;14:00:02;15:11:09;0,0,0;;Huh?;Cutscene;Cutscene
???;14:00:02;15:11:10;0,0,0;;Does it look like it's worth five grand a month to you?;Cutscene;Cutscene
???;14:00:02;15:11:10;0,0,0;;;;
???;14:00:02;15:11:11;0,0,0;;;;
???;14:00:02;15:11:11;0,0,0;;;;
???;14:00:02;15:11:12;0,0,0;;;;
???;14:00:02;15:11:12;0,0,0;;You fucking racist...;Cutscene;Cutscene
???;14:00:02;15:11:13;0,0,0;;;;
???;14:00:02;15:11:13;0,0,0;;;;
???;14:00:02;15:11:14;0,0,0;;;;
???;14:00:02;15:11:14;0,0,0;;;;
???;14:00:02;15:11:15;0,0,0;;;;
???;14:00:02;15:11:15;0,0,0;;;;
???;14:00:02;15:11:16;0,0,0;;;;
???;14:00:02;15:11:17;0,0,0;;;;
???;14:00:02;15:11:17;0,0,0;;I'll tell ya something,;Cutscene;Cutscene
???;14:00:02;15:11:18;0,0,0;;;;
???;14:00:02;15:11:18;0,0,0;;this thing's gonna need some serious bodywork;Cutscene;Cutscene
???;14:00:02;15:11:19;0,0,0;;;;
???;14:00:02;15:11:19;0,0,0;;;;
???;14:00:02;15:11:20;0,0,0;;;;
???;14:00:02;15:11:20;0,0,0;;before it's worth five grand a month.;Cutscene;Cutscene
???;14:00:02;15:11:21;0,0,0;;;;
???;14:00:02;15:11:21;0,0,0;;;;
???;14:00:02;15:11:22;0,0,0;;;;
???;14:00:02;15:11:22;0,0,0;;;;
???;14:00:02;15:11:23;0,0,0;;;;
???;14:00:02;15:11:23;0,0,0;;;;
???;14:00:02;15:11:24;0,0,0;;;;
???;14:00:02;15:11:24;0,0,0;;;;
???;14:00:02;15:11:25;0,0,0;;;;
???;14:00:02;15:11:25;0,0,0;;He agreed to financing,;Cutscene;Cutscene
???;14:00:02;15:11:26;0,0,0;;;;
???;14:00:02;15:11:26;0,0,0;;I have his signature.;Cutscene;Cutscene
???;14:00:02;15:11:27;0,0,0;;;;
???;14:00:02;15:11:27;0,0,0;;;;
???;14:00:02;15:11:28;0,0,0;;Yeah?;Cutscene;Cutscene
???;14:00:02;15:11:28;0,0,0;;;;
???;14:00:02;15:11:29;0,0,0;;Did he agree to have some punk break into my fucking house?;Cutscene;Cutscene
???;14:00:02;15:11:30;0,0,0;;;;
???;14:00:02;15:11:30;0,0,0;;;;
???;14:00:02;15:11:31;0,0,0;;;;
???;14:00:02;15:11:31;0,0,0;;;;
???;14:00:02;15:11:32;0,0,0;;;;
???;14:00:02;15:11:32;0,0,0;;I don't know.;Cutscene;Cutscene
???;14:00:02;15:11:33;0,0,0;;;;
???;14:00:02;15:11:33;0,0,0;;;;
???;14:00:02;15:11:34;0,0,0;;;;
???;14:00:02;15:11:34;0,0,0;;;;
???;14:00:02;15:11:35;0,0,0;;;;
???;14:00:02;15:11:35;0,0,0;;That kid might be a fucking idiot,;Cutscene;Cutscene
???;14:00:02;15:11:36;0,0,0;;;;
???;14:00:02;15:11:36;0,0,0;;;;
???;14:00:02;15:11:37;0,0,0;;;;
???;14:00:02;15:11:37;0,0,0;;;;
???;14:00:02;15:11:38;0,0,0;;but you are a fraudulent scumbag piece of shit.;Cutscene;Cutscene
???;14:00:02;15:11:38;0,0,0;;;;
???;14:00:02;15:11:39;0,0,0;;;;
???;14:00:02;15:11:39;0,0,0;;;;
???;14:00:02;15:11:40;0,0,0;;;;
???;14:00:02;15:11:40;0,0,0;;;;
???;14:00:02;15:11:41;0,0,0;;;;
???;14:00:02;15:11:41;0,0,0;;;;
???;14:00:02;15:11:42;0,0,0;;;;
???;14:00:02;15:11:42;0,0,0;;;;
???;14:00:02;15:11:43;0,0,0;;;;
???;14:00:02;15:11:44;0,0,0;;;;
???;14:00:02;15:11:44;0,0,0;;;;
???;14:00:02;15:11:45;0,0,0;;;;
???;14:00:02;15:11:45;0,0,0;;;;
???;14:00:02;15:11:46;0,0,0;;Don't make me have to come back here.;Cutscene;Cutscene
???;14:00:02;15:11:46;0,0,0;;;;
???;14:00:02;15:11:47;0,0,0;;;;
???;14:00:02;15:11:47;0,0,0;;;;
???;14:00:02;15:11:48;0,0,0;;;;
???;14:00:02;15:11:48;0,0,0;;;;
???;14:00:02;15:11:49;0,0,0;;;;
???;14:00:02;15:11:49;0,0,0;;;;
???;14:00:02;15:11:50;0,0,0;;;;
???;14:00:02;15:11:50;0,0,0;;;;
???;14:00:02;15:11:51;0,0,0;;;;
???;14:00:02;15:11:51;0,0,0;;;;
???;14:00:02;15:11:52;0,0,0;;;;
???;14:00:02;15:11:52;0,0,0;;;;
???;14:00:02;15:11:53;0,0,0;;;;
???;14:00:02;15:11:53;0,0,0;;;;
???;14:00:02;15:11:54;0,0,0;;;;
???;14:00:02;15:11:54;0,0,0;;;;
???;14:00:02;15:11:55;0,0,0;;;;
???;14:00:14;15:11:55;0,0,0;;;;
???;14:00:30;15:11:56;0,0,0;;;;
???;14:00:45;15:11:56;0,0,0;;;;
???;14:01:00;15:11:57;0,0,0;;;;
???;14:01:16;15:11:58;0,0,0;;;;
???;14:01:31;15:11:58;0,0,0;;;;
???;14:01:47;15:11:59;0,0,0;;;;
???;14:02:02;15:11:59;0,0,0;;;;
???;14:02:18;15:12:00;0,0,0;;;;
???;14:02:33;15:12:00;0,0,0;;;;
???;14:02:49;15:12:01;0,0,0;;;;
???;14:03:04;15:12:01;0,0,0;;;;
???;14:03:20;15:12:02;0,0,0;;;;
???;14:03:36;15:12:02;0,0,0;;;;
???;14:03:51;15:12:03;0,0,0;;;;
???;14:04:07;15:12:03;0,0,0;;;;
???;14:04:22;15:12:04;0,0,0;;;;
???;14:04:38;15:12:04;0,0,0;;;;
???;14:04:53;15:12:05;0,0,0;;;;
???;14:05:09;15:12:05;0,0,0;;;;
???;14:05:24;15:12:06;0,0,0;;;;
???;14:05:40;15:12:06;0,0,0;;;;
???;14:05:55;15:12:07;0,0,0;;;;
???;14:06:11;15:12:07;0,0,0;;;;
???;14:06:27;15:12:08;0,0,0;;;;
???;14:06:42;15:12:08;0,0,0;;;;
???;14:06:57;15:12:22;0,0,0;;;;
???;14:07:12;15:12:22;0,0,0;;;;
???;14:07:28;15:12:23;0,0,0;;;;
???;14:07:43;15:12:23;0,0,0;;;;
???;14:07:59;15:12:24;0,0,0;;;;
???;14:08:14;15:12:25;0,0,0;;;;
???;14:08:30;15:12:25;0,0,0;;;;
???;14:08:35;15:12:26;0,0,0;;;;
???;14:08:46;15:12:26;0,0,0;;;;
???;14:08:59;15:12:27;0,0,0;;;;
???;14:09:15;15:12:27;0,0,0;;;;
???;14:09:30;15:12:28;0,0,0;;;;
???;14:09:46;15:12:28;0,0,0;;;;
???;14:10:01;15:12:29;0,0,0;;;;
???;14:10:17;15:12:29;0,0,0;;;;
???;14:10:32;15:12:30;0,0,0;;;;
???;14:10:48;15:12:30;0,0,0;;;;
???;14:11:04;15:12:31;0,0,0;;;;
???;14:11:19;15:12:31;0,0,0;;;;
???;14:11:35;15:12:32;0,0,0;;;;
???;14:11:51;15:12:32;0,0,0;;;;
???;14:12:06;15:12:33;0,0,0;;;;
???;14:12:22;15:12:33;0,0,0;;;;
???;14:12:37;15:12:34;0,0,0;;;;
???;14:12:53;15:12:34;0,0,0;;;;
???;14:13:08;15:12:35;0,0,0;;;;
???;14:13:24;15:12:35;0,0,0;;;;
???;14:13:39;15:12:36;0,0,0;;;;
???;14:13:55;15:12:36;0,0,0;;;;
???;14:14:10;15:12:37;0,0,0;;;;
???;14:14:26;15:12:37;0,0,0;;;;
???;14:14:42;15:12:38;0,0,0;;;;
???;14:14:57;15:12:39;0,0,0;;;;
???;14:15:13;15:12:39;0,0,0;;;;
???;14:15:28;15:12:40;0,0,0;;;;
???;14:15:44;15:12:40;0,0,0;;;;
???;14:15:59;15:12:41;0,0,0;;;;
???;14:16:16;15:12:41;0,0,0;;;;
???;14:16:31;15:12:42;0,0,0;;;;
???;14:16:47;15:12:42;0,0,0;;;;
???;14:17:03;15:12:43;0,0,0;;;;
???;14:17:18;15:12:43;0,0,0;;Hello, this is 911. What emergency service do you require?;EMSDispatch;LOC_LUAA
???;14:17:34;15:12:44;0,0,0;;;;
???;14:17:49;15:12:44;0,0,0;;;;
???;14:18:04;15:12:45;0,0,0;;;;
???;14:18:20;15:12:45;0,0,0;;;;
???;14:18:36;15:12:46;0,0,0;;;;
???;14:18:51;15:12:46;0,0,0;;;;
???;14:19:07;15:12:47;0,0,0;;;;
???;14:19:22;15:12:47;0,0,0;;;;
???;14:19:38;15:12:48;0,0,0;;;;
???;14:19:54;15:12:48;0,0,0;;;;
???;14:20:09;15:12:49;0,0,0;;;;
???;14:20:25;15:12:49;0,0,0;;;;
???;14:20:40;15:12:50;0,0,0;;;;
???;14:20:56;15:12:50;0,0,0;;;;
???;14:21:12;15:12:51;0,0,0;;;;
???;14:21:27;15:12:52;0,0,0;;;;
???;14:21:43;15:12:52;0,0,0;;;;
???;14:21:58;15:12:53;0,0,0;;;;
???;14:22:14;15:12:53;0,0,0;;;;
???;14:22:29;15:12:54;0,0,0;;;;
???;14:22:45;15:12:54;0,0,0;;;;
???;14:23:00;15:12:55;0,0,0;;;;
???;14:23:16;15:12:55;0,0,0;;;;
???;14:23:32;15:12:56;0,0,0;;;;
???;14:23:47;15:12:56;0,0,0;;;;
???;14:24:03;15:12:57;0,0,0;;;;
???;14:24:18;15:12:57;0,0,0;;;;
???;14:24:34;15:12:58;0,0,0;;;;
???;14:24:49;15:12:58;0,0,0;;;;
???;14:25:05;15:12:59;0,0,0;;;;
???;14:25:21;15:12:59;0,0,0;;Can you get a cab here as soon as possible?;MICHAEL;TAXIS_ADAA
???;14:25:36;15:13:00;0,0,0;;;;
???;14:25:52;15:13:00;0,0,0;;;;
???;14:26:07;15:13:01;0,0,0;;;;
???;14:26:23;15:13:01;0,0,0;;Of course. A driver should be with you soon.;TAXIS_AGAA;TAXIS_AGAA
???;14:26:38;15:13:02;0,0,0;;;;
???;14:26:54;15:13:02;0,0,0;;;;
???;14:27:09;15:13:03;0,0,0;;;;
???;14:27:25;15:13:03;0,0,0;;Thank you.;MICHAEL;TAXIS_AHAA
???;14:27:40;15:13:04;0,0,0;;;;
???;14:27:56;15:13:04;0,0,0;;;;
???;14:28:11;15:13:05;0,0,0;;;;
???;14:28:27;15:13:06;0,0,0;;;;
???;14:28:42;15:13:06;0,0,0;;;;
???;14:28:58;15:13:07;0,0,0;;;;
???;14:29:13;15:13:07;0,0,0;;;;
???;14:29:29;15:13:08;0,0,0;;;;
???;14:29:44;15:13:08;0,0,0;;;;
???;14:30:00;15:13:09;0,0,0;;;;
???;14:30:16;15:13:09;0,0,0;;;;
???;14:30:31;15:13:10;0,0,0;;;;
???;14:30:47;15:13:10;0,0,0;;;;
???;14:31:02;15:13:11;0,0,0;;;;
???;14:31:18;15:13:11;0,0,0;;;;
???;14:31:33;15:13:12;0,0,0;;;;
???;14:31:49;15:13:12;0,0,0;;;;
???;14:32:05;15:13:13;0,0,0;;;;
???;14:32:20;15:13:13;0,0,0;;;;
???;14:32:35;15:13:14;0,0,0;;;;
???;14:32:51;15:13:14;0,0,0;;;;
???;14:33:06;15:13:15;0,0,0;;;;
???;14:33:22;15:13:15;0,0,0;;;;
???;14:33:37;15:13:16;0,0,0;;;;
???;14:33:53;15:13:16;0,0,0;;;;
???;14:34:09;15:13:17;0,0,0;;;;
???;14:34:24;15:13:17;0,0,0;;;;
???;14:34:40;15:13:18;0,0,0;;;;
???;14:34:55;15:13:18;0,0,0;;;;
???;14:35:10;15:13:19;0,0,0;;;;
???;14:35:26;15:13:19;0,0,0;;;;
???;14:35:42;15:13:20;0,0,0;;;;
???;14:35:57;15:13:21;0,0,0;;;;
???;14:36:13;15:13:21;0,0,0;;;;
???;14:36:28;15:13:22;0,0,0;;;;
???;14:36:44;15:13:22;0,0,0;;;;
???;14:36:59;15:13:23;0,0,0;;;;
???;14:37:15;15:13:23;0,0,0;;;;
???;14:37:31;15:13:24;0,0,0;;;;
???;14:37:46;15:13:24;0,0,0;;;;
???;14:38:02;15:13:25;0,0,0;;;;
???;14:38:18;15:13:25;0,0,0;;;;
???;14:38:33;15:13:26;0,0,0;;;;
???;14:38:49;15:13:26;0,0,0;;;;
???;14:39:04;15:13:27;0,0,0;;;;
???;14:39:20;15:13:27;0,0,0;;;;
???;14:39:35;15:13:28;0,0,0;;;;
???;14:39:51;15:13:28;0,0,0;;;;
???;14:40:07;15:13:29;0,0,0;;;;
???;14:40:22;15:13:29;0,0,0;;;;
???;14:40:38;15:13:30;0,0,0;;;;
???;14:40:53;15:13:30;0,0,0;;;;
???;14:41:09;15:13:31;0,0,0;;;;
???;14:41:24;15:13:31;0,0,0;;;;
???;14:41:40;15:13:32;0,0,0;;;;
???;14:41:55;15:13:32;0,0,0;;;;
???;14:42:11;15:13:33;0,0,0;;;;
???;14:42:27;15:13:34;0,0,0;;;;
???;14:42:42;15:13:34;0,0,0;;;;
???;14:42:58;15:13:35;0,0,0;;;;
???;14:43:13;15:13:35;0,0,0;;;;
???;14:43:29;15:13:36;0,0,0;;;;
???;14:43:44;15:13:36;0,0,0;;;;
???;14:44:00;15:13:37;0,0,0;;;;
???;14:44:16;15:13:37;0,0,0;;;;
???;14:44:31;15:13:38;0,0,0;;;;
???;14:44:46;15:13:38;0,0,0;;;;
???;14:45:02;15:13:39;0,0,0;;;;
???;14:45:17;15:13:39;0,0,0;;;;
???;14:45:33;15:13:40;0,0,0;;;;
???;14:45:49;15:13:40;0,0,0;;;;
???;14:46:04;15:13:41;0,0,0;;;;
???;14:46:20;15:13:41;0,0,0;;;;
???;14:46:35;15:13:42;0,0,0;;;;
???;14:46:51;15:13:42;0,0,0;;;;
???;14:47:06;15:13:43;0,0,0;;;;
???;14:47:22;15:13:43;0,0,0;;;;
???;14:47:37;15:13:44;0,0,0;;;;
???;14:47:53;15:13:44;0,0,0;;;;
???;14:48:08;15:13:45;0,0,0;;;;
???;14:48:24;15:13:45;0,0,0;;;;
???;14:48:39;15:13:46;0,0,0;;;;
???;14:48:55;15:13:46;0,0,0;;;;
???;14:49:10;15:13:47;0,0,0;;;;
???;14:49:26;15:13:47;0,0,0;;;;
???;14:49:41;15:13:48;0,0,0;;;;
???;14:49:57;15:13:57;0,0,0;;;;
???;14:50:12;15:13:57;0,0,0;;;;
???;14:50:27;15:13:58;0,0,0;;;;
???;14:50:43;15:13:58;0,0,0;;;;
???;14:50:58;15:13:59;0,0,0;;;;
???;14:51:14;15:13:59;0,0,0;;;;
???;14:51:30;15:14:00;0,0,0;;;;
???;14:51:45;15:14:00;0,0,0;;;;
???;14:52:01;15:14:01;0,0,0;;;;
???;14:52:16;15:14:01;0,0,0;;;;
???;14:52:32;15:14:02;0,0,0;;;;
???;14:52:47;15:14:02;0,0,0;;;;
???;14:53:03;15:14:03;0,0,0;;;;
???;14:53:18;15:14:03;0,0,0;;;;
???;14:53:34;15:14:04;0,0,0;;;;
???;14:53:49;15:14:04;0,0,0;;;;
???;14:54:05;15:14:05;0,0,0;;;;
???;14:54:20;15:14:05;0,0,0;;;;
???;14:54:36;15:14:06;0,0,0;;;;
???;14:54:51;15:14:06;0,0,0;;;;
???;14:55:07;15:14:07;0,0,0;;;;
???;14:55:22;15:14:07;0,0,0;;;;
???;14:55:38;15:14:08;0,0,0;;;;
???;14:55:53;15:14:08;0,0,0;;;;
???;14:56:09;15:14:09;0,0,0;;;;
???;14:56:24;15:14:09;0,0,0;;;;
???;14:56:40;15:14:10;0,0,0;;;;
???;14:56:55;15:14:10;0,0,0;;;;
???;14:57:11;15:14:11;0,0,0;;;;
???;14:57:26;15:14:12;0,0,0;;;;
???;14:57:42;15:14:12;0,0,0;;;;
???;14:57:57;15:14:13;0,0,0;;;;
???;14:58:13;15:14:13;0,0,0;;;;
???;14:58:29;15:14:14;0,0,0;;;;
???;14:58:44;15:14:14;0,0,0;;;;
???;14:59:00;15:14:15;0,0,0;;;;
???;14:59:15;15:14:15;0,0,0;;;;
???;14:59:31;15:14:16;0,0,0;;;;
???;14:59:47;15:14:16;0,0,0;;;;
???;15:00:02;15:14:17;0,0,0;;;;
???;15:00:18;15:14:17;0,0,0;;;;
???;15:00:33;15:14:18;0,0,0;;;;
???;15:00:49;15:14:18;0,0,0;;;;
???;15:01:04;15:14:19;0,0,0;;;;
???;15:01:20;15:14:19;0,0,0;;;;
???;15:01:36;15:14:20;0,0,0;;;;
???;15:01:51;15:14:20;0,0,0;;;;
???;15:02:07;15:14:21;0,0,0;;;;
???;15:02:22;15:14:21;0,0,0;;;;
???;15:02:38;15:14:22;0,0,0;;;;
???;15:02:53;15:14:22;0,0,0;;;;
???;15:03:09;15:14:23;0,0,0;;;;
???;15:03:24;15:14:23;0,0,0;;;;
???;15:03:40;15:14:24;0,0,0;;;;
???;15:03:56;15:14:24;0,0,0;;;;
???;15:04:11;15:14:25;0,0,0;;;;
???;15:04:27;15:14:26;0,0,0;;;;
???;15:04:42;15:14:26;0,0,0;;;;
???;15:04:58;15:14:27;0,0,0;;;;
???;15:05:13;15:14:27;0,0,0;;;;
???;15:05:29;15:14:28;0,0,0;;;;
???;15:05:45;15:14:28;0,0,0;;;;
???;15:06:00;15:14:29;0,0,0;;;;
???;15:06:16;15:14:29;0,0,0;;;;
???;15:06:31;15:14:30;0,0,0;;;;
???;15:06:47;15:14:30;0,0,0;;;;
???;15:07:03;15:14:31;0,0,0;;;;
???;15:07:18;15:14:31;0,0,0;;;;
???;15:07:34;15:14:32;0,0,0;;;;
???;15:07:49;15:14:32;0,0,0;;;;
???;15:08:05;15:14:33;0,0,0;;;;
???;15:08:20;15:14:33;0,0,0;;;;
???;15:08:36;15:14:34;0,0,0;;;;
???;15:08:51;15:14:34;0,0,0;;;;
???;15:09:07;15:14:35;0,0,0;;;;
???;15:09:23;15:14:35;0,0,0;;;;
???;15:09:38;15:14:36;0,0,0;;;;
???;15:09:54;15:14:36;0,0,0;;;;
???;15:10:10;15:14:37;0,0,0;;;;
???;15:10:25;15:14:37;0,0,0;;;;
???;15:10:41;15:14:38;0,0,0;;;;
???;15:10:56;15:14:39;0,0,0;;;;
???;15:11:12;15:14:39;0,0,0;;;;
???;15:11:27;15:14:40;0,0,0;;;;
???;15:11:43;15:14:40;0,0,0;;;;
???;15:11:58;15:14:41;0,0,0;;;;
???;15:12:14;15:14:41;0,0,0;;;;
???;15:12:29;15:14:42;0,0,0;;;;
???;15:12:45;15:14:42;0,0,0;;;;
???;15:13:01;15:14:43;0,0,0;;;;
???;15:13:16;15:14:43;0,0,0;;;;
???;15:13:32;15:14:44;0,0,0;;;;
???;15:13:47;15:14:44;0,0,0;;;;
???;15:14:03;15:14:45;0,0,0;;;;
???;15:14:18;15:14:45;0,0,0;;;;
???;15:14:34;15:14:46;0,0,0;;;;
???;15:14:49;15:14:46;0,0,0;;;;
???;15:15:05;15:14:47;0,0,0;;;;
???;15:15:20;15:14:47;0,0,0;;;;
???;15:15:36;15:14:48;0,0,0;;;;
???;15:15:51;15:14:48;0,0,0;;;;
???;15:16:07;15:14:49;0,0,0;;;;
???;15:16:22;15:14:49;0,0,0;;;;
???;15:16:38;15:14:50;0,0,0;;;;
???;15:16:54;15:14:50;0,0,0;;;;
???;15:17:09;15:14:51;0,0,0;;;;
???;15:17:25;15:14:51;0,0,0;;;;
???;15:17:40;15:14:52;0,0,0;;;;
???;15:17:56;15:14:52;0,0,0;;;;
???;15:18:11;15:14:53;0,0,0;;;;
???;15:18:27;15:14:54;0,0,0;;;;
???;15:18:42;15:14:54;0,0,0;;;;
???;15:18:58;15:14:55;0,0,0;;;;
???;15:19:13;15:14:55;0,0,0;;;;
???;15:19:29;15:14:56;0,0,0;;;;
???;15:19:45;15:14:56;0,0,0;;;;
???;15:20:00;15:14:57;0,0,0;;;;
???;15:20:16;15:14:57;0,0,0;;;;
???;15:20:31;15:14:58;0,0,0;;;;
???;15:20:47;15:14:58;0,0,0;;;;
???;15:21:02;15:14:59;0,0,0;;;;
???;15:21:18;15:14:59;0,0,0;;;;
???;15:21:34;15:15:00;0,0,0;;;;
???;15:21:49;15:15:00;0,0,0;;;;
???;15:22:05;15:15:01;0,0,0;;;;
???;15:22:20;15:15:01;0,0,0;;;;
???;15:22:36;15:15:02;0,0,0;;;;
???;15:22:51;15:15:02;0,0,0;;;;
???;15:23:07;15:15:03;0,0,0;;;;
???;15:23:22;15:15:03;0,0,0;;;;
???;15:23:38;15:15:04;0,0,0;;;;
???;15:23:54;15:15:04;0,0,0;;;;
???;15:24:09;15:15:05;0,0,0;;;;
???;15:24:25;15:15:05;0,0,0;;;;
???;15:24:41;15:15:06;0,0,0;;;;
???;15:24:56;15:15:07;0,0,0;;;;
???;15:25:12;15:15:07;0,0,0;;;;
???;15:25:27;15:15:08;0,0,0;;;;
???;15:25:43;15:15:08;0,0,0;;;;
???;15:25:58;15:15:09;0,0,0;;;;
???;15:26:14;15:15:09;0,0,0;;;;
???;15:26:29;15:15:10;0,0,0;;;;
???;15:26:45;15:15:10;0,0,0;;;;
???;15:27:00;15:15:11;0,0,0;;;;
???;15:27:16;15:15:11;0,0,0;;;;
???;15:27:31;15:15:12;0,0,0;;;;
???;15:27:47;15:15:12;0,0,0;;;;
???;15:28:03;15:15:13;0,0,0;;;;
???;15:28:18;15:15:13;0,0,0;;;;
???;15:28:34;15:15:14;0,0,0;;;;
???;15:28:49;15:15:14;0,0,0;;;;
???;15:29:05;15:15:15;0,0,0;;;;
???;15:29:21;15:15:15;0,0,0;;;;
???;15:29:36;15:15:16;0,0,0;;;;
???;15:29:52;15:15:16;0,0,0;;;;
???;15:30:07;15:15:17;0,0,0;;;;
???;15:30:23;15:15:17;0,0,0;;;;
???;15:30:38;15:15:18;0,0,0;;;;
???;15:30:54;15:15:18;0,0,0;;;;
???;15:31:09;15:15:19;0,0,0;;;;
???;15:31:25;15:15:19;0,0,0;;;;
???;15:31:40;15:15:20;0,0,0;;;;
???;15:31:56;15:15:20;0,0,0;;;;
???;15:32:11;15:15:21;0,0,0;;;;
???;15:32:27;15:15:22;0,0,0;;;;
???;15:32:42;15:15:22;0,0,0;;;;
???;15:32:58;15:15:23;0,0,0;;;;
???;15:33:14;15:15:23;0,0,0;;;;
???;15:33:29;15:15:24;0,0,0;;;;
???;15:33:45;15:15:24;0,0,0;;;;
???;15:34:00;15:15:25;0,0,0;;;;
???;15:34:16;15:15:25;0,0,0;;;;
???;15:34:32;15:15:26;0,0,0;;;;
???;15:34:47;15:15:26;0,0,0;;;;
???;15:35:03;15:15:27;0,0,0;;;;
???;15:35:19;15:15:27;0,0,0;;;;
???;15:35:34;15:15:28;0,0,0;;;;
???;15:35:50;15:15:28;0,0,0;;;;
???;15:36:05;15:15:29;0,0,0;;;;
???;15:36:21;15:15:29;0,0,0;;;;
???;15:36:36;15:15:30;0,0,0;;;;
???;15:36:52;15:15:30;0,0,0;;;;
???;15:37:08;15:15:31;0,0,0;;;;
???;15:37:23;15:15:31;0,0,0;;;;
???;15:37:39;15:15:32;0,0,0;;;;
???;15:37:54;15:15:32;0,0,0;;;;
???;15:38:10;15:15:33;0,0,0;;;;
???;15:38:26;15:15:33;0,0,0;;;;
???;15:38:41;15:15:34;0,0,0;;;;
???;15:38:57;15:15:35;0,0,0;;;;
???;15:39:12;15:15:35;0,0,0;;;;
???;15:39:28;15:15:36;0,0,0;;;;
???;15:39:44;15:15:36;0,0,0;;;;
???;15:39:59;15:15:37;0,0,0;;;;
???;15:40:15;15:15:37;0,0,0;;;;
???;15:40:31;15:15:38;0,0,0;;;;
???;15:40:46;15:15:38;0,0,0;;;;
???;15:41:02;15:15:39;0,0,0;;;;
???;15:41:17;15:15:39;0,0,0;;;;
???;15:41:33;15:15:40;0,0,0;;;;
???;15:41:49;15:15:40;0,0,0;;;;
???;15:42:04;15:15:41;0,0,0;;;;
???;15:42:20;15:15:41;0,0,0;;;;
???;15:42:36;15:15:42;0,0,0;;;;
???;15:42:51;15:15:42;0,0,0;;;;
???;15:43:07;15:15:43;0,0,0;;;;
???;15:43:23;15:15:43;0,0,0;;;;
???;15:43:38;15:15:44;0,0,0;;;;
???;15:43:54;15:15:44;0,0,0;;;;
???;15:44:09;15:15:45;0,0,0;;;;
???;15:44:25;15:15:45;0,0,0;;;;
???;15:44:40;15:15:46;0,0,0;;;;
???;15:44:56;15:15:46;0,0,0;;;;
???;15:45:11;15:15:47;0,0,0;;;;
???;15:45:27;15:15:48;0,0,0;;;;
???;15:45:42;15:15:48;0,0,0;;;;
???;15:45:58;15:15:49;0,0,0;;;;
???;15:46:14;15:15:49;0,0,0;;;;
???;15:46:30;15:15:50;0,0,0;;;;
???;15:46:45;15:15:50;0,0,0;;;;
???;15:47:01;15:15:51;0,0,0;;;;
???;15:47:16;15:15:51;0,0,0;;;;
???;15:47:32;15:15:52;0,0,0;;;;
???;15:47:47;15:15:52;0,0,0;;;;
???;15:48:03;15:15:53;0,0,0;;;;
???;15:48:18;15:15:53;0,0,0;;;;
???;15:48:34;15:15:54;0,0,0;;;;
???;15:48:49;15:15:54;0,0,0;;;;
???;15:49:05;15:15:55;0,0,0;;;;
???;15:49:20;15:15:55;0,0,0;;;;
???;15:49:36;15:15:56;0,0,0;;;;
???;15:49:51;15:15:56;0,0,0;;;;
???;15:50:07;15:15:57;0,0,0;;;;
???;15:50:22;15:15:57;0,0,0;;;;
???;15:50:38;15:15:58;0,0,0;;;;
???;15:50:54;15:15:58;0,0,0;;;;
???;15:51:09;15:15:59;0,0,0;;;;
???;15:51:25;15:15:59;0,0,0;;;;
???;15:51:40;15:16:00;0,0,0;;;;
???;15:51:55;15:16:00;0,0,0;;;;
???;15:52:11;15:16:01;0,0,0;;;;
???;15:52:27;15:16:02;0,0,0;;;;
???;15:52:42;15:16:02;0,0,0;;;;
???;15:52:58;15:16:03;0,0,0;;;;
???;15:53:13;15:16:03;0,0,0;;;;
???;15:53:29;15:16:04;0,0,0;;;;
???;15:53:44;15:16:04;0,0,0;;;;
???;15:54:00;15:16:05;0,0,0;;;;
???;15:54:16;15:16:05;0,0,0;;;;
???;15:54:31;15:16:06;0,0,0;;;;
???;15:54:47;15:16:06;0,0,0;;;;
???;15:55:02;15:16:07;0,0,0;;;;
???;15:55:18;15:16:07;0,0,0;;;;
???;15:55:33;15:16:08;0,0,0;;;;
???;15:55:49;15:16:08;0,0,0;;;;
???;15:56:05;15:16:09;0,0,0;;;;
???;15:56:20;15:16:09;0,0,0;;;;
???;15:56:36;15:16:10;0,0,0;;;;
???;15:56:51;15:16:10;0,0,0;;;;
???;15:57:07;15:16:11;0,0,0;;;;
???;15:57:22;15:16:11;0,0,0;;;;
???;15:57:38;15:16:12;0,0,0;;;;
???;15:57:53;15:16:12;0,0,0;;;;
???;15:58:09;15:16:13;0,0,0;;;;
???;15:58:24;15:16:13;0,0,0;;;;
???;15:58:40;15:16:14;0,0,0;;;;
???;15:58:55;15:16:14;0,0,0;;;;
???;15:59:11;15:16:15;0,0,0;;;;
???;15:59:26;15:16:16;0,0,0;;;;
???;15:59:42;15:16:16;0,0,0;;;;
???;15:59:58;15:16:17;0,0,0;;;;
???;16:00:13;15:16:17;0,0,0;;;;
???;16:00:29;15:16:18;0,0,0;;;;
???;16:00:44;15:16:18;0,0,0;;;;
???;16:01:00;15:16:19;0,0,0;;;;
???;16:01:15;15:16:19;0,0,0;;;;
???;16:01:31;15:16:20;0,0,0;;;;
???;16:01:47;15:16:20;0,0,0;;;;
???;16:02:02;15:16:21;0,0,0;;;;
???;16:02:18;15:16:21;0,0,0;;;;
???;16:02:34;15:16:22;0,0,0;;;;
???;16:02:49;15:16:22;0,0,0;;;;
???;16:03:05;15:16:23;0,0,0;;;;
???;16:03:20;15:16:23;0,0,0;;;;
???;16:03:36;15:16:24;0,0,0;;;;
???;16:03:51;15:16:24;0,0,0;;;;
???;16:04:07;15:16:25;0,0,0;;;;
???;16:04:23;15:16:25;0,0,0;;;;
???;16:04:38;15:16:26;0,0,0;;;;
???;16:04:54;15:16:26;0,0,0;;;;
???;16:05:09;15:16:27;0,0,0;;;;
???;16:05:25;15:16:27;0,0,0;;;;
???;16:05:41;15:16:28;0,0,0;;;;
???;16:05:56;15:16:29;0,0,0;;;;
???;16:06:12;15:16:29;0,0,0;;;;
???;16:06:27;15:16:30;0,0,0;;;;
???;16:06:43;15:16:30;0,0,0;;;;
???;16:06:58;15:16:31;0,0,0;;;;
???;16:07:14;15:16:31;0,0,0;;;;
???;16:07:30;15:16:32;0,0,0;;;;
???;16:07:45;15:16:32;0,0,0;;;;
???;16:08:01;15:16:33;0,0,0;;;;
???;16:08:16;15:16:33;0,0,0;;;;
???;16:08:32;15:16:34;0,0,0;;;;
???;16:08:48;15:16:34;0,0,0;;;;
???;16:09:03;15:16:35;0,0,0;;;;
???;16:09:19;15:16:35;0,0,0;;;;
???;16:09:35;15:16:36;0,0,0;;;;
???;16:09:50;15:16:36;0,0,0;;;;
???;16:10:06;15:16:37;0,0,0;;;;
???;16:10:21;15:16:37;0,0,0;;;;
???;16:10:37;15:16:38;0,0,0;;;;
???;16:10:52;15:16:38;0,0,0;;;;
???;16:11:08;15:16:39;0,0,0;;;;
???;16:11:23;15:16:39;0,0,0;;;;
???;16:11:39;15:16:40;0,0,0;;;;
???;16:11:54;15:16:40;0,0,0;;;;
???;16:12:10;15:16:41;0,0,0;;;;
???;16:12:25;15:16:41;0,0,0;;;;
???;16:12:41;15:16:42;0,0,0;;;;
???;16:12:57;15:16:43;0,0,0;;;;
???;16:13:13;15:16:43;0,0,0;;;;
???;16:13:28;15:16:44;0,0,0;;;;
???;16:13:44;15:16:44;0,0,0;;;;
???;16:13:59;15:16:45;0,0,0;;;;
???;16:14:15;15:16:45;0,0,0;;;;
???;16:14:31;15:16:46;0,0,0;;;;
???;16:14:46;15:16:46;0,0,0;;;;
???;16:15:02;15:16:47;0,0,0;;;;
???;16:15:18;15:16:47;0,0,0;;;;
???;16:15:33;15:16:48;0,0,0;;;;
???;16:15:49;15:16:48;0,0,0;;;;
???;16:16:04;15:16:49;0,0,0;;;;
???;16:16:20;15:16:49;0,0,0;;;;
???;16:16:36;15:16:50;0,0,0;;;;
???;16:16:51;15:16:50;0,0,0;;;;
???;16:17:07;15:16:51;0,0,0;;;;
???;16:17:22;15:16:51;0,0,0;;;;
???;16:17:38;15:16:52;0,0,0;;;;
???;16:17:53;15:16:52;0,0,0;;;;
???;16:18:09;15:16:53;0,0,0;;;;
???;16:18:24;15:16:53;0,0,0;;;;
???;16:18:40;15:16:54;0,0,0;;;;
???;16:18:55;15:16:54;0,0,0;;;;
???;16:19:11;15:16:55;0,0,0;;;;
???;16:19:26;15:16:56;0,0,0;;;;
???;16:19:42;15:16:56;0,0,0;;;;
???;16:19:57;15:16:57;0,0,0;;;;
???;16:20:13;15:16:57;0,0,0;;;;
???;16:20:29;15:16:58;0,0,0;;;;
???;16:20:44;15:16:58;0,0,0;;;;
???;16:21:00;15:16:59;0,0,0;;;;
???;16:21:16;15:16:59;0,0,0;;;;
???;16:21:31;15:17:00;0,0,0;;;;
???;16:21:47;15:17:00;0,0,0;;;;
???;16:22:03;15:17:01;0,0,0;;;;
???;16:22:18;15:17:01;0,0,0;;;;
???;16:22:33;15:17:02;0,0,0;;;;
???;16:22:49;15:17:02;0,0,0;;;;
???;16:23:04;15:17:03;0,0,0;;;;
???;16:23:20;15:17:03;0,0,0;;;;
???;16:23:36;15:17:04;0,0,0;;;;
???;16:23:51;15:17:04;0,0,0;;;;
???;16:24:07;15:17:05;0,0,0;;;;
???;16:24:22;15:17:05;0,0,0;;;;
???;16:24:38;15:17:06;0,0,0;;;;
???;16:24:54;15:17:06;0,0,0;;;;
???;16:25:09;15:17:07;0,0,0;;;;
???;16:25:25;15:17:07;0,0,0;;;;
???;16:25:41;15:17:08;0,0,0;;;;
???;16:25:56;15:17:09;0,0,0;;;;
???;16:26:12;15:17:09;0,0,0;;;;
???;16:26:27;15:17:10;0,0,0;;;;
???;16:26:43;15:17:10;0,0,0;;;;
???;16:26:59;15:17:11;0,0,0;;;;
???;16:27:14;15:17:11;0,0,0;;;;
???;16:27:30;15:17:12;0,0,0;;;;
???;16:27:45;15:17:12;0,0,0;;;;
???;16:28:01;15:17:13;0,0,0;;;;
???;16:28:16;15:17:13;0,0,0;;;;
???;16:28:32;15:17:14;0,0,0;;;;
???;16:28:47;15:17:14;0,0,0;;;;
???;16:29:03;15:17:15;0,0,0;;;;
???;16:29:19;15:17:15;0,0,0;;;;
???;16:29:34;15:17:16;0,0,0;;;;
???;16:29:50;15:17:16;0,0,0;;;;
???;16:30:05;15:17:17;0,0,0;;;;
???;16:30:21;15:17:17;0,0,0;;;;
???;16:30:37;15:17:18;0,0,0;;;;
???;16:30:52;15:17:18;0,0,0;;;;
???;16:31:08;15:17:19;0,0,0;;;;
???;16:31:23;15:17:19;0,0,0;;;;
???;16:31:39;15:17:20;0,0,0;;;;
???;16:31:55;15:17:20;0,0,0;;;;
???;16:32:10;15:17:21;0,0,0;;;;
???;16:32:26;15:17:21;0,0,0;;;;
???;16:32:42;15:17:22;0,0,0;;;;
???;16:32:57;15:17:23;0,0,0;;;;
???;16:33:13;15:17:23;0,0,0;;;;
???;16:33:28;15:17:24;0,0,0;;;;
???;16:33:44;15:17:24;0,0,0;;;;
???;16:33:59;15:17:25;0,0,0;;;;
???;16:34:15;15:17:25;0,0,0;;;;
???;16:34:30;15:17:26;0,0,0;;;;
???;16:34:46;15:17:26;0,0,0;;;;
???;16:35:01;15:17:27;0,0,0;;;;
???;16:35:17;15:17:27;0,0,0;;;;
???;16:35:32;15:17:28;0,0,0;;;;
???;16:35:48;15:17:28;0,0,0;;;;
???;16:36:03;15:17:29;0,0,0;;;;
???;16:36:19;15:17:29;0,0,0;;;;
???;16:36:34;15:17:30;0,0,0;;;;
???;16:36:50;15:17:30;0,0,0;;;;
???;16:37:06;15:17:31;0,0,0;;;;
???;16:37:21;15:17:31;0,0,0;;;;
???;16:37:37;15:17:32;0,0,0;;;;
???;16:37:52;15:17:32;0,0,0;;;;
???;16:38:08;15:17:33;0,0,0;;;;
???;16:38:24;15:17:33;0,0,0;;;;
???;16:38:39;15:17:34;0,0,0;;;;
???;16:38:55;15:17:34;0,0,0;;;;
???;16:39:11;15:17:35;0,0,0;;;;
???;16:39:26;15:17:36;0,0,0;;You can ignore me,;PBBY_ABAA1;PBBY_ABAA1
???;16:39:42;15:17:36;0,0,0;;;;
???;16:39:57;15:17:37;0,0,0;;;;
???;16:40:13;15:17:37;0,0,0;;;;
???;16:40:28;15:17:38;0,0,0;;but you cannot ignore the truth.;PBBY_ABAA2;PBBY_ABAA2
???;16:40:44;15:17:38;0,0,0;;;;
???;16:40:59;15:17:39;0,0,0;;;;
???;16:41:15;15:17:39;0,0,0;;;;
???;16:41:31;15:17:40;0,0,0;;;;
???;16:41:46;15:17:40;0,0,0;;;;
???;16:42:02;15:17:41;0,0,0;;;;
???;16:42:17;15:17:41;0,0,0;;The truth is;PBBY_ABAB1;PBBY_ABAB1
???;16:42:33;15:17:42;0,0,0;;;;
???;16:42:48;15:17:42;0,0,0;;that dinosaurs are a lie that people believe because they are too weak.;PBBY_ABAB2;PBBY_ABAB2
???;16:43:04;15:17:43;0,0,0;;;;
???;16:43:20;15:17:43;0,0,0;;;;
???;16:43:35;15:17:44;0,0,0;;;;
???;16:43:51;15:17:44;0,0,0;;;;
???;16:44:06;15:17:45;0,0,0;;;;
???;16:44:22;15:17:45;0,0,0;;;;
???;16:44:37;15:17:46;0,0,0;;;;
???;16:44:53;15:17:46;0,0,0;;;;
???;16:45:08;15:17:47;0,0,0;;;;
???;16:45:24;15:17:47;0,0,0;;;;
???;16:45:40;15:17:48;0,0,0;;;;
???;16:45:55;15:17:48;0,0,0;;The world is only 157 years old.;PBBY_ABAC;PBBY_ABAC
???;16:46:11;15:17:49;0,0,0;;;;
???;16:46:26;15:17:50;0,0,0;;;;
???;16:46:42;15:17:50;0,0,0;;;;
???;16:46:58;15:17:51;0,0,0;;;;
???;16:47:13;15:17:51;0,0,0;;;;
???;16:47:29;15:17:52;0,0,0;;;;
???;16:47:44;15:17:52;0,0,0;;;;
???;16:48:00;15:17:53;0,0,0;;;;
???;16:48:15;15:17:53;0,0,0;;;;
???;16:48:31;15:17:54;0,0,0;;;;
???;16:48:46;15:17:54;0,0,0;;;;
???;16:49:02;15:17:55;0,0,0;;;;
???;16:49:18;15:17:55;0,0,0;;;;
???;16:49:33;15:17:56;0,0,0;;;;
???;16:49:49;15:17:56;0,0,0;;;;
???;16:50:04;15:17:57;0,0,0;;;;
???;16:50:20;15:17:57;0,0,0;;;;
???;16:50:36;15:17:58;0,0,0;;;;
???;16:50:51;15:17:58;0,0,0;;;;
???;16:51:07;15:17:59;0,0,0;;;;
???;16:51:22;15:17:59;0,0,0;;;;
???;16:51:38;15:18:00;0,0,0;;;;
???;16:51:53;15:18:00;0,0,0;;;;
???;16:52:09;15:18:01;0,0,0;;;;
???;16:52:24;15:18:01;0,0,0;;;;
???;16:52:40;15:18:02;0,0,0;;;;
???;16:52:56;15:18:02;0,0,0;;;;
???;16:53:11;15:18:03;0,0,0;;;;
???;16:53:27;15:18:04;0,0,0;;;;
???;16:53:42;15:18:04;0,0,0;;;;
???;16:53:58;15:18:05;0,0,0;;;;
???;16:54:14;15:18:05;0,0,0;;;;
???;16:54:29;15:18:06;0,0,0;;;;
???;16:54:45;15:18:06;0,0,0;;;;
???;16:55:00;15:18:07;0,0,0;;;;
???;16:55:16;15:18:07;0,0,0;;;;
???;16:55:31;15:18:08;0,0,0;;;;
???;16:55:47;15:18:08;0,0,0;;;;
???;16:56:03;15:18:09;0,0,0;;;;
???;16:56:18;15:18:09;0,0,0;;;;
???;16:56:34;15:18:10;0,0,0;;;;
???;16:56:50;15:18:10;0,0,0;;;;
???;16:57:05;15:18:11;0,0,0;;;;
???;16:57:21;15:18:11;0,0,0;;;;
???;16:57:37;15:18:12;0,0,0;;;;
???;16:57:52;15:18:12;0,0,0;;;;
???;16:58:08;15:18:13;0,0,0;;;;
???;16:58:24;15:18:13;0,0,0;;;;
???;16:58:39;15:18:14;0,0,0;;;;
???;16:58:55;15:18:14;0,0,0;;;;
???;16:59:11;15:18:15;0,0,0;;;;
???;16:59:26;15:18:16;0,0,0;;;;
???;16:59:42;15:18:16;0,0,0;;;;
???;16:59:58;15:18:17;0,0,0;;;;
???;17:00:13;15:18:17;0,0,0;;;;
???;17:00:29;15:18:18;0,0,0;;;;
???;17:00:44;15:18:18;0,0,0;;;;
???;17:01:00;15:18:19;0,0,0;;;;
???;17:01:15;15:18:19;0,0,0;;;;
???;17:01:31;15:18:20;0,0,0;;;;
???;17:01:47;15:18:20;0,0,0;;;;
???;17:02:02;15:18:21;0,0,0;;;;
???;17:02:18;15:18:21;0,0,0;;;;
???;17:02:33;15:18:22;0,0,0;;;;
???;17:02:49;15:18:22;0,0,0;;;;
???;17:03:05;15:18:23;0,0,0;;;;
???;17:03:20;15:18:23;0,0,0;;;;
???;17:03:36;15:18:24;0,0,0;;;;
???;17:03:52;15:18:24;0,0,0;;;;
???;17:04:07;15:18:25;0,0,0;;;;
???;17:04:23;15:18:25;0,0,0;;;;
???;17:04:39;15:18:26;0,0,0;;;;
???;17:04:54;15:18:26;0,0,0;;;;
???;17:05:10;15:18:27;0,0,0;;;;
???;17:05:26;15:18:27;0,0,0;;;;
???;17:05:41;15:18:28;0,0,0;;;;
???;17:05:57;15:18:29;0,0,0;;;;
???;17:06:13;15:18:29;0,0,0;;;;
???;17:06:28;15:18:30;0,0,0;;;;
???;17:06:44;15:18:30;0,0,0;;;;
???;17:07:00;15:18:31;0,0,0;;;;
???;17:07:15;15:18:31;0,0,0;;;;
???;17:07:31;15:18:32;0,0,0;;;;
???;17:07:46;15:18:32;0,0,0;;;;
???;17:08:01;15:18:33;0,0,0;;;;
???;17:08:17;15:18:33;0,0,0;;;;
???;17:08:33;15:18:34;0,0,0;;;;
???;17:08:48;15:18:34;0,0,0;;;;
???;17:09:04;15:18:35;0,0,0;;;;
???;17:09:20;15:18:35;0,0,0;;;;
???;17:09:35;15:18:36;0,0,0;;;;
???;17:09:51;15:18:36;0,0,0;;;;
???;17:10:06;15:18:37;0,0,0;;;;
???;17:10:22;15:18:37;0,0,0;;;;
???;17:10:37;15:18:38;0,0,0;;;;
???;17:10:53;15:18:38;0,0,0;;;;
???;17:11:08;15:18:39;0,0,0;;;;
???;17:11:24;15:18:39;0,0,0;;;;
???;17:11:40;15:18:40;0,0,0;;;;
???;17:11:55;15:18:40;0,0,0;;;;
???;17:12:11;15:18:41;0,0,0;;;;
???;17:12:26;15:18:42;0,0,0;;;;
???;17:12:42;15:18:42;0,0,0;;;;
???;17:12:58;15:18:43;0,0,0;;;;
???;17:13:13;15:18:43;0,0,0;;;;
???;17:13:29;15:18:44;0,0,0;;;;
???;17:13:44;15:18:44;0,0,0;;;;
???;17:14:00;15:18:45;0,0,0;;;;
???;17:14:16;15:18:45;0,0,0;;;;
???;17:14:31;15:18:46;0,0,0;;;;
???;17:14:47;15:18:46;0,0,0;;;;
???;17:15:02;15:18:47;0,0,0;;;;
???;17:15:18;15:18:47;0,0,0;;;;
???;17:15:33;15:18:48;0,0,0;;;;
???;17:15:49;15:18:48;0,0,0;;;;
???;17:16:05;15:18:49;0,0,0;;;;
???;17:16:18;15:18:49;0,0,0;;;;
???;17:16:18;15:18:50;0,0,0;;;;
???;17:16:18;15:18:50;0,0,0;;;;
???;18:07:32;15:18:51;0,0,0;;;;
???;20:01:39;15:18:51;0,0,0;;;;
???;22:14:59;15:18:52;0,0,0;;;;
???;00:38:07;15:18:52;0,0,0;;;;
???;03:02:48;15:18:53;0,0,0;;;;
???;05:18:16;15:18:53;0,0,0;;;;
???;07:24:07;15:18:54;0,0,0;;;;
???;09:00:01;15:18:55;0,0,0;;;;
???;09:00:00;15:18:55;0,0,0;;;;
???;09:00:04;15:18:56;0,0,0;;You're such a fucking dictator!;TRACEY;FAM1_HBAA
???;09:00:20;15:18:56;0,0,0;;;;
???;09:00:36;15:18:57;0,0,0;;;;
???;09:00:51;15:18:57;0,0,0;;;;
???;09:01:07;15:18:58;0,0,0;;;;
???;09:00:00;15:18:58;0,0,0;;;;
???;09:00:00;15:18:59;0,0,0;;Why the fuck not?;Cutscene;Cutscene
???;09:00:00;15:18:59;0,0,0;;;;
???;09:00:00;15:19:00;0,0,0;;;;
???;09:00:00;15:19:00;0,0,0;;He is not staying the night!;Cutscene;Cutscene
???;09:00:00;15:19:01;0,0,0;;;;
???;09:00:00;15:19:01;0,0,0;;;;
???;09:00:00;15:19:02;0,0,0;;;;
???;09:00:00;15:19:02;0,0,0;;;;
???;09:00:00;15:19:03;0,0,0;;;;
???;09:00:00;15:19:03;0,0,0;;;;
???;09:00:00;15:19:04;0,0,0;;;;
???;09:00:00;15:19:04;0,0,0;;;;
???;09:00:00;15:19:05;0,0,0;;;;
???;09:00:00;15:19:05;0,0,0;;;;
???;09:00:00;15:19:06;0,0,0;;;;
???;09:00:00;15:19:07;0,0,0;;;;
???;09:00:00;15:19:07;0,0,0;;;;
???;09:00:00;15:19:08;0,0,0;;;;
???;09:00:00;15:19:08;0,0,0;;;;
???;09:00:00;15:19:09;0,0,0;;;;
???;09:00:00;15:19:09;0,0,0;;;;
???;09:00:00;15:19:10;0,0,0;;;;
???;09:00:00;15:19:10;0,0,0;;;;
???;09:00:00;15:19:11;0,0,0;;;;
???;09:00:00;15:19:11;0,0,0;;I do, you hear me?;Cutscene;Cutscene
???;09:00:00;15:19:12;0,0,0;;;;
???;09:00:00;15:19:12;0,0,0;;;;
???;09:00:00;15:19:13;0,0,0;;;;
???;09:00:00;15:19:13;0,0,0;;;;
???;09:00:00;15:19:14;0,0,0;;;;
???;09:00:00;15:19:14;0,0,0;;;;
???;09:00:00;15:19:15;0,0,0;;;;
???;09:00:00;15:19:15;0,0,0;;What I do is none of your business!;Cutscene;Cutscene
???;09:00:00;15:19:16;0,0,0;;;;
???;09:00:00;15:19:16;0,0,0;;;;
???;09:00:00;15:19:17;0,0,0;;;;
???;09:00:00;15:19:17;0,0,0;;;;
???;09:00:00;15:19:18;0,0,0;;;;
???;09:00:00;15:19:18;0,0,0;;;;
???;09:00:00;15:19:19;0,0,0;;;;
???;09:00:00;15:19:20;0,0,0;;I'm gonna call your father;Cutscene;Cutscene
???;09:00:00;15:19:20;0,0,0;;;;
???;09:00:00;15:19:21;0,0,0;;;;
???;09:00:00;15:19:21;0,0,0;;;;
???;09:00:00;15:19:22;0,0,0;;;;
???;09:00:00;15:19:22;0,0,0;;;;
???;09:00:00;15:19:23;0,0,0;;;;
???;09:00:00;15:19:23;0,0,0;;I swear to God, you kill me!;Cutscene;Cutscene
???;09:00:00;15:19:24;0,0,0;;;;
???;09:00:00;15:19:24;0,0,0;;;;
???;09:00:00;15:19:25;0,0,0;;;;
???;09:00:00;15:19:25;0,0,0;;You kill me!;Cutscene;Cutscene
???;09:00:00;15:19:26;0,0,0;;;;
???;09:00:00;15:19:26;0,0,0;;;;
???;09:00:00;15:19:27;0,0,0;;;;
???;09:00:00;15:19:27;0,0,0;;;;
???;09:00:00;15:19:28;0,0,0;;;;
???;09:00:00;15:19:28;0,0,0;;;;
???;09:00:00;15:19:29;0,0,0;;;;
???;09:00:00;15:19:29;0,0,0;;;;
???;09:00:00;15:19:30;0,0,0;;;;
???;09:00:00;15:19:30;0,0,0;;;;
???;09:00:13;15:19:31;0,0,0;;;;
???;09:00:28;15:19:31;0,0,0;;Let's take Amanda's car.;MICHAEL;FAM1_GPAA
???;09:00:44;15:19:32;0,0,0;;;;
???;09:01:00;15:19:33;0,0,0;;;;
???;09:01:15;15:19:33;0,0,0;;;;
???;09:01:31;15:19:34;0,0,0;;;;
???;09:01:47;15:19:34;0,0,0;;;;
???;09:02:02;15:19:35;0,0,0;;;;
???;09:02:18;15:19:35;0,0,0;;;;
???;09:02:33;15:19:36;0,0,0;;;;
???;09:02:49;15:19:36;0,0,0;;;;
???;09:03:04;15:19:37;0,0,0;;;;
???;09:03:20;15:19:37;0,0,0;;;;
???;09:03:37;15:19:38;0,0,0;;;;
???;09:03:53;15:19:38;0,0,0;;;;
???;09:04:08;15:19:39;0,0,0;;;;
???;09:04:24;15:19:39;0,0,0;;;;
???;09:04:40;15:19:40;0,0,0;;;;
???;09:04:55;15:19:40;0,0,0;;Hey Jim, I'm going for a drink w...;MICHAEL;FAM1_FWAA
???;09:05:11;15:19:41;0,0,0;;;;
???;09:05:26;15:19:41;0,0,0;;;;
???;09:05:42;15:19:42;0,0,0;;;;
???;09:05:58;15:19:42;0,0,0;;Dad, shit! I'm in our boat going down the Western Highway. It's, it's been stolen.;Jimmy;FAM1_FWAB
???;09:06:13;15:19:43;0,0,0;;;;
???;09:06:29;15:19:43;0,0,0;;;;
???;09:06:44;15:19:44;0,0,0;;;;
???;09:07:00;15:19:45;0,0,0;;;;
???;09:07:15;15:19:45;0,0,0;;;;
???;09:07:31;15:19:46;0,0,0;;;;
???;09:07:46;15:19:46;0,0,0;;;;
???;09:08:02;15:19:47;0,0,0;;;;
???;09:08:18;15:19:47;0,0,0;;;;
???;09:08:33;15:19:48;0,0,0;;;;
???;09:08:49;15:19:48;0,0,0;;What? The yacht's been stolen?;MICHAEL;FAM1_FWAC
???;09:09:04;15:19:49;0,0,0;;;;
???;09:09:20;15:19:49;0,0,0;;;;
???;09:09:36;15:19:50;0,0,0;;;;
???;09:09:51;15:19:50;0,0,0;;;;
???;09:10:07;15:19:51;0,0,0;;;;
???;09:10:23;15:19:51;0,0,0;;I was trying to sell it. I know you didn't want it sold, but I need money, and;Jimmy;FAM1_FWAD
???;09:10:38;15:19:52;0,0,0;;;;
???;09:10:54;15:19:52;0,0,0;;;;
???;09:11:09;15:19:53;0,0,0;;;;
???;09:11:25;15:19:53;0,0,0;;;;
???;09:11:41;15:19:54;0,0,0;;;;
???;09:11:56;15:19:54;0,0,0;;;;
???;09:12:12;15:19:55;0,0,0;;;;
???;09:12:27;15:19:55;0,0,0;;;;
???;09:12:43;15:19:56;0,0,0;;they don't want to buy it, they just want to take it. I'm hiding in the head.;Jimmy;FAM1_FWAE
???;09:12:59;15:19:56;0,0,0;;;;
???;09:13:14;15:19:57;0,0,0;;;;
???;09:13:30;15:19:58;0,0,0;;;;
???;09:13:45;15:19:58;0,0,0;;;;
???;09:14:01;15:19:59;0,0,0;;;;
???;09:14:17;15:19:59;0,0,0;;;;
???;09:14:32;15:20:00;0,0,0;;You're insane! Alright, I'm coming for my boat!;MICHAEL;FAM1_FWAF
???;09:14:48;15:20:00;0,0,0;;;;
???;09:15:03;15:20:01;0,0,0;;;;
???;09:15:19;15:20:01;0,0,0;;;;
???;09:15:35;15:20:02;0,0,0;;;;
???;09:15:50;15:20:02;0,0,0;;;;
???;09:16:06;15:20:03;0,0,0;;;;
???;09:16:21;15:20:03;0,0,0;;;;
???;09:16:37;15:20:04;0,0,0;;;;
???;09:16:52;15:20:04;0,0,0;;;;
???;09:17:08;15:20:05;0,0,0;;;;
???;09:17:23;15:20:05;0,0,0;;;;
???;09:17:39;15:20:06;0,0,0;;Alrighty then. Change of plans. My darling boy is in trouble.;MICHAEL;FAM1_FXAA
???;09:17:55;15:20:06;0,0,0;;;;
???;09:18:10;15:20:07;0,0,0;;;;
???;09:18:26;15:20:07;0,0,0;;;;
???;09:18:41;15:20:08;0,0,0;;;;
???;09:18:57;15:20:08;0,0,0;;;;
???;09:19:13;15:20:09;0,0,0;;;;
???;09:19:28;15:20:09;0,0,0;;;;
???;09:19:44;15:20:10;0,0,0;;;;
???;09:19:59;15:20:11;0,0,0;;;;
???;09:20:15;15:20:11;0,0,0;;;;
???;09:20:30;15:20:12;0,0,0;;Eh, I'll help you out.;FRANKLIN;FAM1_HJAA
???;09:20:46;15:20:12;0,0,0;;;;
???;09:21:02;15:20:13;0,0,0;;;;
???;09:21:17;15:20:13;0,0,0;;;;
???;09:21:33;15:20:14;0,0,0;;;;
???;09:21:49;15:20:14;0,0,0;;;;
???;09:22:05;15:20:15;0,0,0;;;;
???;09:22:21;15:20:15;0,0,0;;;;
???;09:22:36;15:20:16;0,0,0;;;;
???;09:22:52;15:20:16;0,0,0;;;;
???;09:23:07;15:20:17;0,0,0;;;;
???;09:23:23;15:20:17;0,0,0;;;;
???;09:23:39;15:20:18;0,0,0;;;;
???;09:23:54;15:20:18;0,0,0;;;;
???;09:24:10;15:20:19;0,0,0;;;;
???;09:24:25;15:20:19;0,0,0;;;;
???;09:24:41;15:20:20;0,0,0;;;;
???;09:24:57;15:20:20;0,0,0;;Lesson number one: don't ever have kids.;MICHAEL;FAM1_BHAA
???;09:25:12;15:20:21;0,0,0;;;;
???;09:25:28;15:20:21;0,0,0;;;;
???;09:25:44;15:20:22;0,0,0;;;;
???;09:26:00;15:20:23;0,0,0;;;;
???;09:26:15;15:20:23;0,0,0;;;;
???;09:26:31;15:20:24;0,0,0;;Hey man look,;FRANKLIN;FAM1_BHAB
???;09:26:46;15:20:24;0,0,0;;;;
???;09:27:02;15:20:25;0,0,0;;;;
???;09:27:18;15:20:25;0,0,0;;if I had kids, I don't think no parenting issues would arise over who had boat privileges and who don't.;FRANKLIN;FAM1_BHAC
???;09:27:33;15:20:26;0,0,0;;;;
???;09:27:49;15:20:26;0,0,0;;;;
???;09:28:05;15:20:27;0,0,0;;;;
???;09:28:21;15:20:27;0,0,0;;;;
???;09:28:36;15:20:28;0,0,0;;;;
???;09:28:52;15:20:28;0,0,0;;;;
???;09:29:07;15:20:29;0,0,0;;;;
???;09:29:23;15:20:29;0,0,0;;;;
???;09:29:38;15:20:30;0,0,0;;;;
???;09:29:54;15:20:30;0,0,0;;Shit, motherfuckers be lucky to sit in a bath tub.;FRANKLIN;FAM1_BHAD
???;09:30:10;15:20:31;0,0,0;;;;
???;09:30:25;15:20:31;0,0,0;;;;
???;09:30:41;15:20:32;0,0,0;;;;
???;09:30:56;15:20:32;0,0,0;;;;
???;09:31:12;15:20:33;0,0,0;;;;
???;09:31:28;15:20:33;0,0,0;;Shit, things that desperate, huh?;MICHAEL;FAM1_BHAE
???;09:31:43;15:20:34;0,0,0;;;;
???;09:31:59;15:20:35;0,0,0;;;;
???;09:32:14;15:20:35;0,0,0;;Nah, but, you know, shit, I was making a point.;FRANKLIN;FAM1_BHAF
???;09:32:30;15:20:36;0,0,0;;;;
???;09:32:45;15:20:36;0,0,0;;;;
???;09:33:01;15:20:37;0,0,0;;;;
???;09:33:17;15:20:37;0,0,0;;;;
???;09:33:32;15:20:38;0,0,0;;;;
???;09:33:48;15:20:38;0,0,0;;Mythologizing self-deprecation. I know it well...;MICHAEL;FAM1_BHAG
???;09:34:03;15:20:39;0,0,0;;;;
???;09:34:19;15:20:39;0,0,0;;;;
???;09:34:34;15:20:40;0,0,0;;;;
???;09:34:50;15:20:40;0,0,0;;;;
???;09:35:06;15:20:41;0,0,0;;;;
???;09:35:22;15:20:41;0,0,0;;;;
???;09:35:38;15:20:42;0,0,0;;Yeah man, but shit, where the boat at?;FRANKLIN;FAM1_BHAH
???;09:35:54;15:20:42;0,0,0;;;;
???;09:36:10;15:20:43;0,0,0;;;;
???;09:36:26;15:20:43;0,0,0;;;;
???;09:36:41;15:20:44;0,0,0;;Little shit's been hijacked. They're somewhere on the Western Highway.;MICHAEL;FAM1_BHAI
???;09:36:57;15:20:44;0,0,0;;;;
???;09:37:13;15:20:45;0,0,0;;;;
???;09:37:28;15:20:45;0,0,0;;;;
???;09:37:44;15:20:46;0,0,0;;;;
???;09:37:59;15:20:47;0,0,0;;;;
???;09:38:15;15:20:47;0,0,0;;;;
???;09:38:30;15:20:48;0,0,0;;Man, ain't you worried?;FRANKLIN;FAM1_BHAJ
???;09:38:46;15:20:48;0,0,0;;;;
???;09:39:02;15:20:49;0,0,0;;About my boat? Yeah, I am.;MICHAEL;FAM1_BHAK
???;09:39:18;15:20:49;0,0,0;;;;
???;09:39:33;15:20:50;0,0,0;;;;
???;09:39:49;15:20:50;0,0,0;;;;
???;09:40:05;15:20:51;0,0,0;;But you can always buy another boat.;FRANKLIN;FAM1_BHAL
???;09:40:20;15:20:51;0,0,0;;;;
???;09:40:36;15:20:52;0,0,0;;;;
???;09:40:51;15:20:52;0,0,0;;;;
???;09:41:07;15:20:53;0,0,0;;Yeah, tell my accountant that.;MICHAEL;FAM1_BHAM
???;09:41:23;15:20:53;0,0,0;;;;
???;09:41:38;15:20:54;0,0,0;;;;
???;09:41:54;15:20:54;0,0,0;;Man, you can always get credit for one.;FRANKLIN;FAM1_BHAN
???;09:42:09;15:20:55;0,0,0;;;;
???;09:42:25;15:20:55;0,0,0;;;;
???;09:42:41;15:20:56;0,0,0;;;;
???;09:42:56;15:20:56;0,0,0;;And have you come and repo it? No thank you.;MICHAEL;FAM1_BHAO
???;09:43:12;15:20:57;0,0,0;;;;
???;09:43:27;15:20:57;0,0,0;;;;
???;09:43:43;15:20:58;0,0,0;;;;
???;09:43:59;15:20:59;0,0,0;;;;
???;09:44:14;15:20:59;0,0,0;;Alright, homie.;FRANKLIN;FAM1_BHAP
???;09:44:30;15:21:00;0,0,0;;;;
???;09:44:46;15:21:00;0,0,0;;I ain't your homie, I'm someone you wanna impress.;MICHAEL;FAM1_BHAQ
???;09:45:01;15:21:01;0,0,0;;;;
???;09:45:17;15:21:01;0,0,0;;;;
???;09:45:32;15:21:02;0,0,0;;;;
???;09:45:48;15:21:02;0,0,0;;;;
???;09:46:03;15:21:03;0,0,0;;;;
???;09:46:19;15:21:03;0,0,0;;;;
???;09:46:34;15:21:04;0,0,0;;Really? Man, I thought you was retired. Why the fuck do I want to impress some slipper-wearing motherfucker?;FRANKLIN;FAM1_BHAR
???;09:46:50;15:21:04;0,0,0;;;;
???;09:47:06;15:21:05;0,0,0;;;;
???;09:47:21;15:21:05;0,0,0;;;;
???;09:47:37;15:21:06;0,0,0;;;;
???;09:47:53;15:21:06;0,0,0;;;;
???;09:48:08;15:21:07;0,0,0;;;;
???;09:48:24;15:21:07;0,0,0;;;;
???;09:48:39;15:21:08;0,0,0;;;;
???;09:48:55;15:21:08;0,0,0;;;;
???;09:49:11;15:21:09;0,0,0;;;;
???;09:49:27;15:21:09;0,0,0;;Because I can still teach you a thing or two.;MICHAEL;FAM1_BHAS
???;09:49:42;15:21:10;0,0,0;;;;
???;09:49:58;15:21:10;0,0,0;;;;
???;09:50:14;15:21:11;0,0,0;;;;
???;09:50:29;15:21:12;0,0,0;;Maybe help you open the door to all the joys that boat-related parenting issues entail.;MICHAEL;FAM1_BHAT
???;09:50:45;15:21:12;0,0,0;;;;
???;09:51:00;15:21:13;0,0,0;;;;
???;09:51:16;15:21:13;0,0,0;;;;
???;09:51:31;15:21:14;0,0,0;;;;
???;09:51:47;15:21:14;0,0,0;;;;
???;09:52:02;15:21:15;0,0,0;;;;
???;09:52:18;15:21:15;0,0,0;;;;
???;09:52:33;15:21:16;0,0,0;;;;
???;09:52:49;15:21:16;0,0,0;;;;
???;09:53:05;15:21:17;0,0,0;;So I'ma help you get this boat back, right?;FRANKLIN;FAM1_BHAU
???;09:53:20;15:21:17;0,0,0;;;;
???;09:53:36;15:21:18;0,0,0;;;;
???;09:53:51;15:21:18;0,0,0;;;;
???;09:54:07;15:21:19;0,0,0;;That you are, my friend.;MICHAEL;FAM1_BHAV
???;09:54:23;15:21:19;0,0,0;;;;
???;09:54:38;15:21:20;0,0,0;;;;
???;09:54:54;15:21:20;0,0,0;;;;
???;09:55:09;15:21:21;0,0,0;;;;
???;09:55:25;15:21:21;0,0,0;;;;
???;09:55:41;15:21:22;0,0,0;;;;
???;09:55:57;15:21:22;0,0,0;;;;
???;09:56:12;15:21:23;0,0,0;;;;
???;09:56:28;15:21:23;0,0,0;;;;
???;09:56:43;15:21:24;0,0,0;;;;
???;09:56:59;15:21:25;0,0,0;;;;
???;09:57:14;15:21:25;0,0,0;;;;
???;09:57:30;15:21:26;0,0,0;;;;
???;09:57:46;15:21:26;0,0,0;;;;
???;09:58:01;15:21:27;0,0,0;;;;
???;09:58:17;15:21:27;0,0,0;;;;
???;09:58:32;15:21:28;0,0,0;;;;
???;09:58:48;15:21:28;0,0,0;;;;
???;09:59:04;15:21:29;0,0,0;;;;
???;09:59:19;15:21:29;0,0,0;;;;
???;09:59:35;15:21:30;0,0,0;;;;
???;09:59:50;15:21:30;0,0,0;;;;
???;10:00:06;15:21:31;0,0,0;;;;
???;10:00:22;15:21:31;0,0,0;;;;
???;10:00:37;15:21:32;0,0,0;;;;
???;10:00:53;15:21:32;0,0,0;;;;
???;10:01:08;15:21:33;0,0,0;;;;
???;10:01:24;15:21:33;0,0,0;;;;
???;10:01:40;15:21:34;0,0,0;;;;
???;10:01:55;15:21:34;0,0,0;;;;
???;10:02:11;15:21:35;0,0,0;;;;
???;10:02:27;15:21:35;0,0,0;;;;
???;10:02:42;15:21:36;0,0,0;;;;
???;10:02:58;15:21:36;0,0,0;;;;
???;10:03:14;15:21:37;0,0,0;;;;
???;10:03:29;15:21:38;0,0,0;;;;
???;10:03:45;15:21:38;0,0,0;;;;
???;10:04:01;15:21:39;0,0,0;;;;
???;10:04:16;15:21:39;0,0,0;;;;
???;10:04:32;15:21:40;0,0,0;;;;
???;10:04:47;15:21:40;0,0,0;;;;
???;10:05:03;15:21:41;0,0,0;;;;
???;10:05:19;15:21:41;0,0,0;;;;
???;10:05:34;15:21:42;0,0,0;;;;
???;10:05:50;15:21:42;0,0,0;;;;
???;10:06:06;15:21:43;0,0,0;;;;
???;10:06:21;15:21:43;0,0,0;;;;
???;10:06:37;15:21:44;0,0,0;;;;
???;10:06:52;15:21:44;0,0,0;;;;
???;10:07:08;15:21:45;0,0,0;;;;
???;10:07:23;15:21:45;0,0,0;;;;
???;10:07:39;15:21:46;0,0,0;;;;
???;10:07:54;15:21:46;0,0,0;;;;
???;10:08:10;15:21:47;0,0,0;;;;
???;10:08:26;15:21:47;0,0,0;;;;
???;10:08:41;15:21:48;0,0,0;;;;
???;10:08:57;15:21:48;0,0,0;;;;
???;10:09:13;15:21:49;0,0,0;;;;
???;10:09:28;15:21:49;0,0,0;;;;
???;10:09:44;15:21:50;0,0,0;;;;
???;10:10:00;15:21:51;0,0,0;;;;
???;10:10:15;15:21:51;0,0,0;;;;
???;10:10:31;15:21:52;0,0,0;;;;
???;10:10:46;15:21:52;0,0,0;;;;
???;10:11:02;15:21:53;0,0,0;;;;
???;10:11:18;15:21:53;0,0,0;;;;
???;10:11:33;15:21:54;0,0,0;;;;
???;10:11:49;15:21:54;0,0,0;;;;
???;10:12:04;15:21:55;0,0,0;;;;
???;10:12:20;15:21:55;0,0,0;;;;
???;10:12:35;15:21:56;0,0,0;;;;
???;10:12:51;15:21:56;0,0,0;;;;
???;10:13:07;15:21:57;0,0,0;;;;
???;10:13:22;15:21:57;0,0,0;;;;
???;10:13:38;15:21:58;0,0,0;;;;
???;10:13:54;15:21:58;0,0,0;;;;
???;10:14:09;15:21:59;0,0,0;;;;
???;10:14:25;15:21:59;0,0,0;;;;
???;10:14:40;15:22:00;0,0,0;;;;
???;10:14:56;15:22:00;0,0,0;;;;
???;10:15:11;15:22:01;0,0,0;;;;
???;10:15:28;15:22:01;0,0,0;;;;
???;10:15:43;15:22:02;0,0,0;;;;
???;10:15:59;15:22:03;0,0,0;;;;
???;10:16:14;15:22:03;0,0,0;;;;
???;10:16:30;15:22:04;0,0,0;;;;
???;10:16:46;15:22:04;0,0,0;;;;
???;10:17:01;15:22:05;0,0,0;;;;
???;10:17:17;15:22:05;0,0,0;;;;
???;10:17:32;15:22:06;0,0,0;;;;
???;10:17:48;15:22:06;0,0,0;;;;
???;10:18:04;15:22:07;0,0,0;;;;
???;10:18:19;15:22:07;0,0,0;;;;
???;10:18:35;15:22:08;0,0,0;;;;
???;10:18:50;15:22:08;0,0,0;;;;
???;10:19:06;15:22:09;0,0,0;;;;
???;10:19:21;15:22:09;0,0,0;;;;
???;10:19:37;15:22:10;0,0,0;;;;
???;10:19:53;15:22:10;0,0,0;;;;
???;10:20:08;15:22:11;0,0,0;;;;
???;10:20:24;15:22:11;0,0,0;;;;
???;10:20:39;15:22:12;0,0,0;;;;
???;10:20:55;15:22:12;0,0,0;;;;
???;10:21:10;15:22:13;0,0,0;;;;
???;10:21:26;15:22:13;0,0,0;;;;
???;10:21:42;15:22:14;0,0,0;;;;
???;10:21:58;15:22:14;0,0,0;;;;
???;10:22:14;15:22:15;0,0,0;;;;
???;10:22:29;15:22:16;0,0,0;;;;
???;10:22:45;15:22:16;0,0,0;;;;
???;10:23:00;15:22:17;0,0,0;;;;
???;10:23:16;15:22:17;0,0,0;;;;
???;10:23:32;15:22:18;0,0,0;;;;
???;10:23:47;15:22:18;0,0,0;;;;
???;10:24:03;15:22:19;0,0,0;;;;
???;10:24:18;15:22:19;0,0,0;;;;
???;10:24:34;15:22:20;0,0,0;;;;
???;10:24:49;15:22:20;0,0,0;;;;
???;10:25:05;15:22:21;0,0,0;;;;
???;10:25:21;15:22:21;0,0,0;;;;
???;10:25:36;15:22:22;0,0,0;;;;
???;10:25:52;15:22:22;0,0,0;;;;
???;10:26:07;15:22:23;0,0,0;;;;
???;10:26:23;15:22:23;0,0,0;;;;
???;10:26:39;15:22:24;0,0,0;;;;
???;10:26:54;15:22:24;0,0,0;;;;
???;10:27:10;15:22:25;0,0,0;;;;
???;10:27:26;15:22:25;0,0,0;;;;
???;10:27:41;15:22:26;0,0,0;;;;
???;10:27:57;15:22:26;0,0,0;;;;
???;10:28:13;15:22:27;0,0,0;;;;
???;10:28:28;15:22:27;0,0,0;;;;
???;10:28:44;15:22:28;0,0,0;;;;
???;10:28:59;15:22:29;0,0,0;;;;
???;10:29:15;15:22:29;0,0,0;;;;
???;10:29:30;15:22:30;0,0,0;;;;
???;10:29:46;15:22:30;0,0,0;;;;
???;10:30:02;15:22:31;0,0,0;;;;
???;10:30:17;15:22:31;0,0,0;;;;
???;10:30:33;15:22:32;0,0,0;;;;
???;10:30:48;15:22:32;0,0,0;;;;
???;10:31:04;15:22:33;0,0,0;;;;
???;10:31:19;15:22:33;0,0,0;;;;
???;10:31:35;15:22:34;0,0,0;;;;
???;10:31:50;15:22:34;0,0,0;;;;
???;10:32:06;15:22:35;0,0,0;;;;
???;10:32:22;15:22:35;0,0,0;;;;
???;10:32:37;15:22:36;0,0,0;;;;
???;10:32:53;15:22:36;0,0,0;;;;
???;10:33:08;15:22:37;0,0,0;;;;
???;10:33:24;15:22:37;0,0,0;;;;
???;10:33:39;15:22:38;0,0,0;;;;
???;10:33:55;15:22:38;0,0,0;;;;
???;10:34:10;15:22:39;0,0,0;;;;
???;10:34:26;15:22:39;0,0,0;;;;
???;10:34:41;15:22:40;0,0,0;;;;
???;10:34:57;15:22:40;0,0,0;;;;
???;10:35:13;15:22:41;0,0,0;;;;
???;10:35:28;15:22:41;0,0,0;;;;
???;10:35:44;15:22:42;0,0,0;;;;
???;10:36:00;15:22:43;0,0,0;;;;
???;10:36:15;15:22:43;0,0,0;;;;
???;10:36:31;15:22:44;0,0,0;;;;
???;10:36:46;15:22:44;0,0,0;;;;
???;10:37:02;15:22:45;0,0,0;;;;
???;10:37:18;15:22:45;0,0,0;;;;
???;10:37:33;15:22:46;0,0,0;;;;
???;10:37:49;15:22:46;0,0,0;;;;
???;10:38:04;15:22:47;0,0,0;;;;
???;10:38:20;15:22:47;0,0,0;;;;
???;10:38:35;15:22:48;0,0,0;;;;
???;10:38:51;15:22:48;0,0,0;;;;
???;10:39:06;15:22:49;0,0,0;;;;
???;10:39:22;15:22:49;0,0,0;;;;
???;10:39:38;15:22:50;0,0,0;;;;
???;10:39:53;15:22:50;0,0,0;;;;
???;10:40:09;15:22:51;0,0,0;;;;
???;10:40:24;15:22:51;0,0,0;;;;
???;10:40:40;15:22:52;0,0,0;;;;
???;10:40:55;15:22:52;0,0,0;;;;
???;10:41:11;15:22:53;0,0,0;;;;
???;10:41:27;15:22:53;0,0,0;;;;
???;10:41:42;15:22:54;0,0,0;;;;
???;10:41:58;15:22:54;0,0,0;;;;
???;10:42:13;15:22:55;0,0,0;;;;
???;10:42:29;15:22:56;0,0,0;;;;
???;10:42:44;15:22:56;0,0,0;;;;
???;10:43:00;15:22:57;0,0,0;;;;
???;10:43:15;15:22:57;0,0,0;;;;
???;10:43:31;15:22:58;0,0,0;;;;
???;10:43:46;15:22:58;0,0,0;;;;
???;10:44:02;15:22:59;0,0,0;;;;
???;10:44:18;15:22:59;0,0,0;;;;
???;10:44:33;15:23:00;0,0,0;;;;
???;10:44:49;15:23:00;0,0,0;;;;
???;10:45:04;15:23:01;0,0,0;;;;
???;10:45:20;15:23:01;0,0,0;;;;
???;10:45:36;15:23:02;0,0,0;;;;
???;10:45:51;15:23:02;0,0,0;;;;
???;10:46:07;15:23:03;0,0,0;;;;
???;10:46:22;15:23:03;0,0,0;;;;
???;10:46:38;15:23:04;0,0,0;;;;
???;10:46:53;15:23:04;0,0,0;;;;
???;10:47:09;15:23:05;0,0,0;;;;
???;10:47:25;15:23:05;0,0,0;;;;
???;10:47:40;15:23:06;0,0,0;;;;
???;10:47:56;15:23:06;0,0,0;;;;
???;10:48:11;15:23:07;0,0,0;;;;
???;10:48:27;15:23:07;0,0,0;;;;
???;10:48:42;15:23:08;0,0,0;;;;
???;10:48:58;15:23:08;0,0,0;;;;
???;10:49:13;15:23:09;0,0,0;;;;
???;10:49:29;15:23:10;0,0,0;;;;
???;10:49:45;15:23:10;0,0,0;;;;
???;10:50:00;15:23:11;0,0,0;;;;
???;10:50:16;15:23:11;0,0,0;;;;
???;10:50:31;15:23:12;0,0,0;;;;
???;10:50:47;15:23:12;0,0,0;;;;
???;10:51:02;15:23:13;0,0,0;;;;
???;10:51:18;15:23:13;0,0,0;;;;
???;10:51:33;15:23:14;0,0,0;;;;
???;10:51:49;15:23:14;0,0,0;;;;
???;10:52:05;15:23:15;0,0,0;;;;
???;10:52:20;15:23:15;0,0,0;;;;
???;10:52:36;15:23:16;0,0,0;;;;
???;10:52:51;15:23:16;0,0,0;;;;
???;10:53:07;15:23:17;0,0,0;;;;
???;10:53:23;15:23:17;0,0,0;;;;
???;10:53:38;15:23:18;0,0,0;;;;
???;10:53:54;15:23:18;0,0,0;;;;
???;10:54:10;15:23:19;0,0,0;;;;
???;10:54:25;15:23:19;0,0,0;;;;
???;10:54:40;15:23:20;0,0,0;;;;
???;10:54:57;15:23:20;0,0,0;;;;
???;10:55:13;15:23:21;0,0,0;;;;
???;10:55:28;15:23:21;0,0,0;;;;
???;10:55:44;15:23:22;0,0,0;;;;
???;10:56:00;15:23:23;0,0,0;;;;
???;10:56:16;15:23:23;0,0,0;;;;
???;10:56:31;15:23:24;0,0,0;;;;
???;10:56:47;15:23:24;0,0,0;;;;
???;10:57:03;15:23:25;0,0,0;;;;
???;10:57:19;15:23:25;0,0,0;;;;
???;10:57:34;15:23:26;0,0,0;;;;
???;10:57:50;15:23:26;0,0,0;;;;
???;10:58:06;15:23:27;0,0,0;;;;
???;10:58:21;15:23:27;0,0,0;;;;
???;10:58:37;15:23:28;0,0,0;;;;
???;10:58:53;15:23:28;0,0,0;;;;
???;10:59:08;15:23:29;0,0,0;;;;
???;10:59:24;15:23:29;0,0,0;;;;
???;10:59:39;15:23:30;0,0,0;;;;
???;10:59:55;15:23:30;0,0,0;;;;
???;11:00:10;15:23:31;0,0,0;;;;
???;11:00:26;15:23:31;0,0,0;;;;
???;11:00:42;15:23:32;0,0,0;;;;
???;11:00:57;15:23:32;0,0,0;;;;
???;11:01:13;15:23:33;0,0,0;;;;
???;11:01:28;15:23:33;0,0,0;;;;
???;11:01:44;15:23:34;0,0,0;;;;
???;11:01:59;15:23:35;0,0,0;;;;
???;11:02:15;15:23:35;0,0,0;;;;
???;11:02:31;15:23:36;0,0,0;;;;
???;11:02:46;15:23:36;0,0,0;;;;
???;11:03:02;15:23:37;0,0,0;;;;
???;11:03:17;15:23:37;0,0,0;;;;
???;11:03:33;15:23:38;0,0,0;;;;
???;11:03:48;15:23:38;0,0,0;;;;
???;11:04:04;15:23:39;0,0,0;;;;
???;11:04:20;15:23:39;0,0,0;;;;
???;11:04:35;15:23:40;0,0,0;;;;
???;11:04:51;15:23:40;0,0,0;;;;
???;11:05:07;15:23:41;0,0,0;;;;
???;11:05:22;15:23:41;0,0,0;;;;
???;11:05:38;15:23:42;0,0,0;;;;
???;11:05:53;15:23:42;0,0,0;;;;
???;11:06:09;15:23:43;0,0,0;;;;
???;11:06:25;15:23:43;0,0,0;;Oh! There! There! There it is! That's my boat!;MICHAEL;FAM1_FQAA
???;11:06:40;15:23:44;0,0,0;;;;
???;11:06:56;15:23:44;0,0,0;;;;
???;11:07:12;15:23:45;0,0,0;;;;
???;11:07:27;15:23:45;0,0,0;;;;
???;11:07:43;15:23:46;0,0,0;;;;
???;11:07:58;15:23:46;0,0,0;;;;
???;11:08:14;15:23:47;0,0,0;;;;
???;11:08:30;15:23:48;0,0,0;;;;
???;11:08:45;15:23:48;0,0,0;;Your boat's in a fuckin' hurry, man.;FRANKLIN;FAM1_FQAB
???;11:09:01;15:23:49;0,0,0;;;;
???;11:09:17;15:23:49;0,0,0;;;;
???;11:09:32;15:23:50;0,0,0;;Yeah, well, we'll catch 'em.;MICHAEL;FAM1_FQAC
???;11:09:48;15:23:50;0,0,0;;;;
???;11:10:03;15:23:51;0,0,0;;;;
???;11:10:19;15:23:51;0,0,0;;;;
???;11:10:35;15:23:52;0,0,0;;;;
???;11:10:50;15:23:52;0,0,0;;;;
???;11:11:06;15:23:53;0,0,0;;;;
???;11:11:21;15:23:53;0,0,0;;;;
???;11:11:37;15:23:54;0,0,0;;;;
???;11:11:53;15:23:54;0,0,0;;;;
???;11:12:08;15:23:55;0,0,0;;;;
???;11:12:24;15:23:55;0,0,0;;;;
???;11:12:39;15:23:56;0,0,0;;;;
???;11:12:55;15:23:56;0,0,0;;;;
???;11:13:11;15:23:57;0,0,0;;;;
???;11:13:27;15:23:57;0,0,0;;;;
???;11:13:42;15:23:58;0,0,0;;;;
???;11:13:57;15:23:58;0,0,0;;;;
???;11:14:13;15:23:59;0,0,0;;Hey, what we 'bout to do?;FRANKLIN;FAM1_DRAA
???;11:14:28;15:23:59;0,0,0;;;;
???;11:14:44;15:24:00;0,0,0;;;;
???;11:15:00;15:24:01;0,0,0;;I'm going to get you close. And you're gonna go board that thing.;MICHAEL;FAM1_DRAB
???;11:15:15;15:24:01;0,0,0;;;;
???;11:15:31;15:24:02;0,0,0;;;;
???;11:15:46;15:24:02;0,0,0;;;;
???;11:16:02;15:24:03;0,0,0;;;;
???;11:16:18;15:24:03;0,0,0;;;;
???;11:16:33;15:24:04;0,0,0;;Alright, man. Shit. Fuck it, let's do this.;FRANKLIN;FAM1_DRAC
???;11:16:49;15:24:04;0,0,0;;;;
???;11:17:04;15:24:05;0,0,0;;;;
???;11:17:20;15:24:05;0,0,0;;;;
???;11:17:36;15:24:06;0,0,0;;;;
???;11:17:51;15:24:06;0,0,0;;;;
???;11:18:07;15:24:07;0,0,0;;Alright, I got a piece in the glove box. They give you shit, I'll take 'em out.;MICHAEL;FAM1_DRAD
???;11:18:22;15:24:07;0,0,0;;;;
???;11:18:38;15:24:08;0,0,0;;;;
???;11:18:53;15:24:08;0,0,0;;;;
???;11:19:09;15:24:09;0,0,0;;;;
???;11:19:24;15:24:09;0,0,0;;;;
???;11:19:40;15:24:10;0,0,0;;;;
???;11:19:56;15:24:10;0,0,0;;;;
???;11:20:11;15:24:11;0,0,0;;;;
???;11:20:27;15:24:11;0,0,0;;All that's cool man, you shootin' with one hand and driving with the other,;FRANKLIN;FAM1_DRAE
???;11:20:43;15:24:12;0,0,0;;;;
???;11:20:58;15:24:12;0,0,0;;;;
???;11:21:14;15:24:13;0,0,0;;;;
???;11:21:30;15:24:14;0,0,0;;;;
???;11:21:45;15:24:14;0,0,0;;;;
???;11:22:01;15:24:15;0,0,0;;but my motherfuckin' concern is I might miss the jump and fall in fuckin' traffic.;FRANKLIN;FAM1_DRAG
???;11:22:17;15:24:15;0,0,0;;;;
???;11:22:33;15:24:16;0,0,0;;;;
???;11:22:48;15:24:16;0,0,0;;;;
???;11:23:04;15:24:17;0,0,0;;;;
???;11:23:20;15:24:17;0,0,0;;;;
???;11:23:35;15:24:18;0,0,0;;;;
???;11:23:51;15:24:18;0,0,0;;;;
???;11:24:07;15:24:19;0,0,0;;;;
???;11:24:22;15:24:19;0,0,0;;You said you wanted to learn from the best... let's call this lesson number one.;MICHAEL;FAM1_DRAF
???;11:24:38;15:24:20;0,0,0;;;;
???;11:24:54;15:24:20;0,0,0;;;;
???;11:25:10;15:24:21;0,0,0;;;;
???;11:25:26;15:24:21;0,0,0;;;;
???;11:25:42;15:24:22;0,0,0;;;;
???;11:25:57;15:24:22;0,0,0;;;;
???;11:26:13;15:24:23;0,0,0;;;;
???;11:26:29;15:24:24;0,0,0;;;;
???;11:26:44;15:24:24;0,0,0;;;;
???;11:27:00;15:24:25;0,0,0;;;;
???;11:27:16;15:24:25;0,0,0;;;;
???;11:27:31;15:24:26;0,0,0;;Ah, fuck this!;FRANKLIN;FAM1_BEAA
???;11:27:47;15:24:26;0,0,0;;;;
???;11:28:02;15:24:27;0,0,0;;;;
???;11:28:18;15:24:27;0,0,0;;Whoa! Crap!;MICHAEL;FAM1_CNAA
???;11:28:34;15:24:28;0,0,0;;;;
???;11:28:49;15:24:28;0,0,0;;;;
???;11:29:05;15:24:29;0,0,0;;;;
???;11:29:20;15:24:29;0,0,0;;For the love of God! Please stop!;MICHAEL;FAM1_EGAA
???;11:29:36;15:24:30;0,0,0;;;;
???;11:29:52;15:24:30;0,0,0;;;;
???;11:30:08;15:24:31;0,0,0;;;;
???;11:30:23;15:24:31;0,0,0;;;;
???;11:30:39;15:24:32;0,0,0;;Nah... shit.;MICHAEL;FAM1_DGAA
???;11:30:55;15:24:32;0,0,0;;;;
???;11:31:10;15:24:33;0,0,0;;;;
???;11:31:26;15:24:33;0,0,0;;;;
???;11:31:41;15:24:34;0,0,0;;;;
???;11:31:57;15:24:34;0,0,0;;;;
???;11:32:13;15:24:35;0,0,0;;Oh, fuck!;YACHTPED1;FAM1_CFAA
???;11:32:28;15:24:35;0,0,0;;;;
???;11:32:44;15:24:36;0,0,0;;Shit, shit, ah shit.;MICHAEL;FAM1_DGAA
???;11:32:59;15:24:37;0,0,0;;;;
???;11:33:15;15:24:37;0,0,0;;;;
???;11:33:30;15:24:38;0,0,0;;;;
???;11:33:46;15:24:38;0,0,0;;;;
???;11:34:01;15:24:39;0,0,0;;;;
???;11:34:17;15:24:39;0,0,0;;;;
???;11:34:32;15:24:40;0,0,0;;Get yo' ass out of here.;FRANKLIN;FAM1_AFAB
???;11:34:48;15:24:40;0,0,0;;;;
???;11:35:03;15:24:41;0,0,0;;;;
???;11:35:19;15:24:41;0,0,0;;;;
???;11:35:35;15:24:42;0,0,0;;They didn't! They fucking shot the engine! Fuck!;MICHAEL;FAM1_FKAA
???;11:35:50;15:24:42;0,0,0;;;;
???;11:36:06;15:24:43;0,0,0;;;;
???;11:36:22;15:24:43;0,0,0;;;;
???;11:36:37;15:24:44;0,0,0;;;;
???;11:36:53;15:24:44;0,0,0;;;;
???;11:37:08;15:24:45;0,0,0;;;;
???;11:37:24;15:24:45;0,0,0;;;;
???;11:37:40;15:24:46;0,0,0;;;;
???;11:37:55;15:24:46;0,0,0;;;;
???;11:38:11;15:24:47;0,0,0;;Knock it off, you thieving prick!;MICHAEL;FAM1_DHAA
???;11:38:27;15:24:47;0,0,0;;;;
???;11:38:42;15:24:48;0,0,0;;;;
???;11:38:58;15:24:48;0,0,0;;;;
???;11:39:13;15:24:49;0,0,0;;;;
???;11:39:29;15:24:50;0,0,0;;Ohh. Easy with those pricks!;MICHAEL;FAM1_DLAA
???;11:39:45;15:24:50;0,0,0;;;;
???;11:40:00;15:24:51;0,0,0;;;;
???;11:40:16;15:24:51;0,0,0;;;;
???;11:40:31;15:24:52;0,0,0;;;;
???;11:40:47;15:24:52;0,0,0;;;;
???;11:41:03;15:24:53;0,0,0;;;;
???;11:41:18;15:24:53;0,0,0;;;;
???;11:41:35;15:24:54;0,0,0;;;;
???;11:41:51;15:24:54;0,0,0;;;;
???;11:42:06;15:24:55;0,0,0;;He's a useless little shit, but he's my useless little shit.;MICHAEL;FAM1_HVAA
???;11:42:22;15:24:55;0,0,0;;;;
???;11:42:38;15:24:56;0,0,0;;;;
???;11:42:53;15:24:56;0,0,0;;;;
???;11:43:09;15:24:57;0,0,0;;;;
???;11:43:24;15:24:57;0,0,0;;;;
???;11:43:40;15:24:58;0,0,0;;;;
???;11:43:55;15:24:58;0,0,0;;;;
???;11:44:11;15:24:59;0,0,0;;;;
???;11:44:27;15:24:59;0,0,0;;;;
???;11:44:42;15:25:00;0,0,0;;;;
???;11:44:58;15:25:00;0,0,0;;;;
???;11:45:13;15:25:01;0,0,0;;;;
???;11:45:29;15:25:02;0,0,0;;;;
???;11:45:45;15:25:02;0,0,0;;;;
???;11:46:00;15:25:03;0,0,0;;;;
???;11:46:16;15:25:03;0,0,0;;;;
???;11:46:31;15:25:04;0,0,0;;;;
???;11:46:47;15:25:04;0,0,0;;;;
???;11:47:02;15:25:05;0,0,0;;;;
???;11:47:18;15:25:05;0,0,0;;Hey, this dude's trying to kill me, man!;FRANKLIN;FAM1_DDAA
???;11:47:33;15:25:06;0,0,0;;;;
???;11:47:49;15:25:06;0,0,0;;;;
???;11:48:04;15:25:07;0,0,0;;;;
???;11:48:20;15:25:07;0,0,0;;;;
???;11:48:35;15:25:08;0,0,0;;;;
???;11:48:51;15:25:08;0,0,0;;;;
???;11:49:07;15:25:09;0,0,0;;;;
???;11:49:22;15:25:09;0,0,0;;;;
???;11:49:37;15:25:10;0,0,0;;;;
???;11:49:53;15:25:10;0,0,0;;;;
???;11:50:09;15:25:11;0,0,0;;;;
???;11:50:24;15:25:11;0,0,0;;;;
???;11:50:40;15:25:12;0,0,0;;;;
???;11:50:56;15:25:12;0,0,0;;;;
???;11:51:11;15:25:13;0,0,0;;;;
???;11:51:27;15:25:13;0,0,0;;Okay! Now, go find Jimmy!;MICHAEL;FAM1_DUAA
???;11:51:43;15:25:14;0,0,0;;;;
???;11:51:58;15:25:14;0,0,0;;;;
???;11:52:14;15:25:15;0,0,0;;;;
???;11:52:30;15:25:16;0,0,0;;;;
???;11:52:45;15:25:16;0,0,0;;Dad? Wait! You're the guy from the dealership?;Jimmy;FAM1_FZAA
???;11:53:01;15:25:17;0,0,0;;;;
???;11:53:17;15:25:17;0,0,0;;;;
???;11:53:32;15:25:18;0,0,0;;;;
???;11:53:48;15:25:18;0,0,0;;;;
???;11:54:03;15:25:19;0,0,0;;;;
???;11:54:19;15:25:19;0,0,0;;;;
???;11:54:34;15:25:20;0,0,0;;Yup. And it's a long story, bro.;FRANKLIN;FAM1_FZAB
???;11:54:50;15:25:20;0,0,0;;;;
???;11:55:06;15:25:21;0,0,0;;;;
???;11:55:21;15:25:21;0,0,0;;;;
???;11:55:37;15:25:22;0,0,0;;;;
???;11:55:52;15:25:22;0,0,0;;Jimmy! Kid, watch out for the boom!;MICHAEL;FAM1_FZAC
???;11:56:08;15:25:23;0,0,0;;;;
???;11:56:23;15:25:23;0,0,0;;;;
???;11:56:39;15:25:24;0,0,0;;;;
???;11:56:54;15:25:24;0,0,0;;;;
???;11:57:10;15:25:25;0,0,0;;;;
???;11:57:26;15:25:25;0,0,0;;Fuck, hold on.;MICHAEL;FAM1_FZAD
???;11:57:42;15:25:26;0,0,0;;Arrrghh! Dad! Help! Help! Help!;Jimmy;FAM1_FZAE
???;11:57:57;15:25:26;0,0,0;;;;
???;11:58:13;15:25:27;0,0,0;;;;
???;11:58:28;15:25:27;0,0,0;;;;
???;11:58:44;15:25:28;0,0,0;;;;
???;11:58:59;15:25:29;0,0,0;;;;
???;11:59:15;15:25:29;0,0,0;;;;
???;11:59:30;15:25:30;0,0,0;;;;
???;11:59:46;15:25:30;0,0,0;;This is gonna kill me!;MICHAEL;FAM1_CNAA
???;12:00:01;15:25:31;0,0,0;;;;
???;12:00:17;15:25:31;0,0,0;;;;
???;12:00:33;15:25:32;0,0,0;;;;
???;12:00:48;15:25:32;0,0,0;;;;
???;12:01:04;15:25:33;0,0,0;;;;
???;12:01:19;15:25:33;0,0,0;;;;
???;12:01:35;15:25:34;0,0,0;;;;
???;12:01:50;15:25:34;0,0,0;;What the fuck you even doing here?;YACHTPED4;FAM1_AUAA
???;12:02:06;15:25:35;0,0,0;;;;
???;12:02:21;15:25:35;0,0,0;;;;
???;12:02:37;15:25:36;0,0,0;;;;
???;12:02:53;15:25:36;0,0,0;;;;
???;12:03:08;15:25:37;0,0,0;;;;
???;12:03:24;15:25:37;0,0,0;;;;
???;12:03:39;15:25:38;0,0,0;;;;
???;12:03:55;15:25:38;0,0,0;;;;
???;12:04:11;15:25:39;0,0,0;;;;
???;12:04:26;15:25:39;0,0,0;;;;
???;12:04:42;15:25:40;0,0,0;;Yeeeesh!;MICHAEL;FAM1_CNAA
???;12:04:57;15:25:40;0,0,0;;;;
???;12:05:13;15:25:41;0,0,0;;;;
???;12:05:28;15:25:41;0,0,0;;;;
???;12:05:44;15:25:42;0,0,0;;;;
???;12:06:00;15:25:43;0,0,0;;;;
???;12:06:15;15:25:43;0,0,0;;;;
???;12:06:31;15:25:44;0,0,0;;You! You little shit. We told you not to be a bitch.;YACHTPED3;FAM1_AWAA
???;12:06:46;15:25:44;0,0,0;;;;
???;12:07:02;15:25:45;0,0,0;;;;
???;12:07:17;15:25:45;0,0,0;;;;
???;12:07:33;15:25:46;0,0,0;;;;
???;12:07:49;15:25:46;0,0,0;;;;
???;12:08:04;15:25:47;0,0,0;;No! No! Keep the fucking boat. Okay? You can have it. Just get me off of here.;Jimmy;FAM1_AWAB
???;12:08:20;15:25:47;0,0,0;;;;
???;12:08:36;15:25:48;0,0,0;;;;
???;12:08:52;15:25:48;0,0,0;;;;
???;12:09:07;15:25:49;0,0,0;;;;
???;12:09:23;15:25:49;0,0,0;;;;
???;12:09:38;15:25:50;0,0,0;;The fuck is wrong with you, kid?;MICHAEL;FAM1_ANAB
???;12:09:54;15:25:50;0,0,0;;;;
???;12:10:10;15:25:51;0,0,0;;;;
???;12:10:25;15:25:51;0,0,0;;;;
???;12:10:41;15:25:52;0,0,0;;Dad?;Jimmy;FAM1_ANAC
???;12:10:56;15:25:52;0,0,0;;;;
???;12:11:12;15:25:53;0,0,0;;Don't "Dad" me, you little shit. You better hope she's still seaworthy.;MICHAEL;FAM1_ANAD
???;12:11:28;15:25:53;0,0,0;;;;
???;12:11:43;15:25:54;0,0,0;;;;
???;12:11:59;15:25:55;0,0,0;;;;
???;12:12:14;15:25:55;0,0,0;;;;
???;12:12:30;15:25:56;0,0,0;;;;
???;12:12:46;15:25:56;0,0,0;;;;
???;12:13:01;15:25:57;0,0,0;;;;
???;12:13:17;15:25:57;0,0,0;;;;
???;12:13:33;15:25:58;0,0,0;;;;
???;12:13:48;15:25:58;0,0,0;;;;
???;12:14:04;15:25:59;0,0,0;;Come on, kid. Come on, kid.;MICHAEL;FAM1_DGAA
???;12:14:19;15:25:59;0,0,0;;;;
???;12:14:35;15:26:00;0,0,0;;;;
???;12:14:51;15:26:00;0,0,0;;;;
???;12:15:06;15:26:01;0,0,0;;;;
???;12:15:22;15:26:01;0,0,0;;;;
???;12:15:37;15:26:02;0,0,0;;;;
???;12:15:53;15:26:02;0,0,0;;;;
???;12:16:09;15:26:03;0,0,0;;;;
???;12:16:24;15:26:03;0,0,0;;;;
???;12:16:40;15:26:04;0,0,0;;;;
???;12:16:56;15:26:04;0,0,0;;;;
???;12:17:11;15:26:05;0,0,0;;Hey! Get me off of this damn thing!;FRANKLIN;FAM1_AOAA
???;12:17:27;15:26:05;0,0,0;;;;
???;12:17:42;15:26:06;0,0,0;;;;
???;12:17:58;15:26:06;0,0,0;;;;
???;12:18:13;15:26:07;0,0,0;;;;
???;12:18:29;15:26:08;0,0,0;;;;
???;12:18:44;15:26:08;0,0,0;;;;
???;12:19:00;15:26:09;0,0,0;;;;
???;12:19:16;15:26:09;0,0,0;;;;
???;12:19:32;15:26:10;0,0,0;;Ah, too close!;MICHAEL;FAM1_CNAA
???;12:19:47;15:26:10;0,0,0;;;;
???;12:20:03;15:26:11;0,0,0;;;;
???;12:20:18;15:26:11;0,0,0;;;;
???;12:20:34;15:26:12;0,0,0;;;;
???;12:20:49;15:26:12;0,0,0;;;;
???;12:21:05;15:26:13;0,0,0;;;;
???;12:21:21;15:26:13;0,0,0;;;;
???;12:21:36;15:26:14;0,0,0;;;;
???;12:21:52;15:26:14;0,0,0;;;;
???;12:22:07;15:26:15;0,0,0;;;;
???;12:22:23;15:26:15;0,0,0;;;;
???;12:22:38;15:26:16;0,0,0;;;;
???;12:22:54;15:26:16;0,0,0;;;;
???;12:23:10;15:26:17;0,0,0;;;;
???;12:23:25;15:26:17;0,0,0;;;;
???;12:23:41;15:26:18;0,0,0;;;;
???;12:23:56;15:26:18;0,0,0;;;;
???;12:24:12;15:26:19;0,0,0;;;;
???;12:24:27;15:26:19;0,0,0;;;;
???;12:24:43;15:26:20;0,0,0;;;;
???;12:24:59;15:26:20;0,0,0;;;;
???;12:25:14;15:26:21;0,0,0;;Hey, get right up the back of that thing!;FRANKLIN;FAM1_AAAA
???;12:25:29;15:26:22;0,0,0;;;;
???;12:25:45;15:26:22;0,0,0;;;;
???;12:26:01;15:26:23;0,0,0;;;;
???;12:26:16;15:26:23;0,0,0;;;;
???;12:26:32;15:26:24;0,0,0;;;;
???;12:26:47;15:26:24;0,0,0;;;;
???;12:27:03;15:26:25;0,0,0;;;;
???;12:27:19;15:26:25;0,0,0;;;;
???;12:27:34;15:26:26;0,0,0;;;;
???;12:27:50;15:26:26;0,0,0;;;;
???;12:28:06;15:26:27;0,0,0;;;;
???;12:28:21;15:26:27;0,0,0;;;;
???;12:28:37;15:26:28;0,0,0;;;;
???;12:28:52;15:26:28;0,0,0;;;;
???;12:29:08;15:26:29;0,0,0;;;;
???;12:29:24;15:26:29;0,0,0;;;;
???;12:29:39;15:26:30;0,0,0;;All-a-fuckin'-board? Let's stop this ship from sailing.;MICHAEL;FAM1_DOAA
???;12:29:55;15:26:30;0,0,0;;;;
???;12:30:10;15:26:31;0,0,0;;;;
???;12:30:26;15:26:31;0,0,0;;;;
???;12:30:41;15:26:32;0,0,0;;;;
???;12:30:57;15:26:32;0,0,0;;;;
???;12:31:13;15:26:33;0,0,0;;;;
???;12:31:29;15:26:34;0,0,0;;;;
???;12:31:44;15:26:34;0,0,0;;;;
???;12:32:00;15:26:35;0,0,0;;;;
???;12:32:15;15:26:35;0,0,0;;;;
???;12:32:31;15:26:36;0,0,0;;Ohh, now that doesn't sound good.;Jimmy;FAM1_DWAA
???;12:32:47;15:26:36;0,0,0;;;;
???;12:33:02;15:26:37;0,0,0;;;;
???;12:33:18;15:26:37;0,0,0;;;;
???;12:33:34;15:26:38;0,0,0;;;;
???;12:33:49;15:26:38;0,0,0;;;;
???;12:34:05;15:26:39;0,0,0;;Damn, that's the engine, man. We ain't chasing shit in this thing.;FRANKLIN;FAM1_DWAC
???;12:34:21;15:26:39;0,0,0;;;;
???;12:34:36;15:26:40;0,0,0;;;;
???;12:34:52;15:26:40;0,0,0;;;;
???;12:35:07;15:26:41;0,0,0;;;;
???;12:35:23;15:26:41;0,0,0;;;;
???;12:35:39;15:26:42;0,0,0;;;;
???;12:35:54;15:26:42;0,0,0;;Don't break down. Not yet.;MICHAEL;FAM1_FVAA
???;12:36:10;15:26:43;0,0,0;;;;
???;12:36:26;15:26:43;0,0,0;;;;
???;12:36:41;15:26:44;0,0,0;;;;
???;12:36:57;15:26:44;0,0,0;;;;
???;12:37:12;15:26:45;0,0,0;;My fucking boat!;MICHAEL;FAM1_FLAA
???;12:37:28;15:26:45;0,0,0;;;;
???;12:37:43;15:26:46;0,0,0;;;;
???;12:37:59;15:26:47;0,0,0;;;;
???;12:38:15;15:26:47;0,0,0;;;;
???;12:38:30;15:26:48;0,0,0;;;;
???;12:38:46;15:26:48;0,0,0;;Hey... it's just a thing! At least you've still got a son...;Jimmy;FAM1_FLAB
???;12:39:01;15:26:49;0,0,0;;;;
???;12:39:17;15:26:49;0,0,0;;;;
???;12:39:33;15:26:50;0,0,0;;;;
???;12:39:48;15:26:50;0,0,0;;;;
???;12:40:04;15:26:51;0,0,0;;;;
???;12:40:19;15:26:51;0,0,0;;;;
???;12:40:35;15:26:52;0,0,0;;;;
???;12:40:50;15:26:52;0,0,0;;;;
???;12:41:06;15:26:53;0,0,0;;Eh. There's a chop shop back there, dog. You drive us there, we can get the ride fixed.;FRANKLIN;FAM1_FMAA
???;12:41:21;15:26:53;0,0,0;;;;
???;12:41:37;15:26:54;0,0,0;;;;
???;12:41:53;15:26:54;0,0,0;;;;
???;12:42:08;15:26:55;0,0,0;;;;
???;12:42:24;15:26:55;0,0,0;;;;
???;12:42:39;15:26:56;0,0,0;;;;
???;12:42:55;15:26:56;0,0,0;;;;
???;12:43:11;15:26:57;0,0,0;;;;
???;12:43:26;15:26:57;0,0,0;;;;
???;12:43:42;15:26:58;0,0,0;;;;
???;12:43:57;15:26:58;0,0,0;;;;
???;12:44:13;15:26:59;0,0,0;;;;
???;12:44:28;15:26:59;0,0,0;;;;
???;12:44:44;15:27:00;0,0,0;;;;
???;12:44:59;15:27:01;0,0,0;;;;
???;12:45:15;15:27:01;0,0,0;;;;
???;12:45:31;15:27:02;0,0,0;;;;
???;12:45:46;15:27:02;0,0,0;;;;
???;12:46:02;15:27:03;0,0,0;;;;
???;12:46:17;15:27:03;0,0,0;;;;
???;12:46:33;15:27:04;0,0,0;;;;
???;12:46:48;15:27:04;0,0,0;;;;
???;12:47:04;15:27:05;0,0,0;;;;
???;12:47:20;15:27:05;0,0,0;;My boat!;MICHAEL;FAM1_FNAA
???;12:47:35;15:27:06;0,0,0;;;;
???;12:47:51;15:27:06;0,0,0;;It's just a thing.;Jimmy;FAM1_FNAB
???;12:48:06;15:27:07;0,0,0;;;;
???;12:48:22;15:27:07;0,0,0;;;;
???;12:48:37;15:27:08;0,0,0;;My boat.;MICHAEL;FAM1_FNAC
???;12:48:53;15:27:08;0,0,0;;;;
???;12:49:08;15:27:09;0,0,0;;Please stop doing that... Listen... I fucked up, okay... I'm not going to lie. That was...;Jimmy;FAM1_FNAD
???;12:49:24;15:27:09;0,0,0;;;;
???;12:49:39;15:27:10;0,0,0;;;;
???;12:49:55;15:27:10;0,0,0;;;;
???;12:50:10;15:27:11;0,0,0;;;;
???;12:50:26;15:27:11;0,0,0;;;;
???;12:50:42;15:27:12;0,0,0;;;;
???;12:50:57;15:27:12;0,0,0;;;;
???;12:51:13;15:27:13;0,0,0;;;;
???;12:51:28;15:27:13;0,0,0;;;;
???;12:51:44;15:27:14;0,0,0;;;;
???;12:51:59;15:27:15;0,0,0;;a really bad judgment call... but...;Jimmy;FAM1_FNAE
???;12:52:15;15:27:15;0,0,0;;;;
???;12:52:30;15:27:16;0,0,0;;;;
???;12:52:46;15:27:16;0,0,0;;;;
???;12:53:01;15:27:17;0,0,0;;;;
???;12:53:17;15:27:17;0,0,0;;shit, Dad, I nearly died, and all you give a shit about is this fucking boat?!;Jimmy;FAM1_FNAT
???;12:53:33;15:27:18;0,0,0;;;;
???;12:53:48;15:27:18;0,0,0;;;;
???;12:54:04;15:27:19;0,0,0;;;;
???;12:54:19;15:27:19;0,0,0;;;;
???;12:54:35;15:27:20;0,0,0;;;;
???;12:54:50;15:27:20;0,0,0;;;;
???;12:55:06;15:27:21;0,0,0;;;;
???;12:55:21;15:27:21;0,0,0;;;;
???;12:55:37;15:27:22;0,0,0;;No... it's not that... it's...;MICHAEL;FAM1_FNAF
???;12:55:53;15:27:22;0,0,0;;;;
???;12:56:08;15:27:23;0,0,0;;;;
???;12:56:24;15:27:23;0,0,0;;;;
???;12:56:39;15:27:24;0,0,0;;All we do is scream at each other...;Jimmy;FAM1_FNAI
???;12:56:55;15:27:24;0,0,0;;;;
???;12:57:10;15:27:25;0,0,0;;;;
???;12:57:26;15:27:25;0,0,0;;;;
???;12:57:41;15:27:26;0,0,0;;no wonder I can't get a job... It's all your fucking fault. Or, it's not... but;Jimmy;FAM1_FNAJ
???;12:57:57;15:27:26;0,0,0;;;;
???;12:58:13;15:27:27;0,0,0;;;;
???;12:58:28;15:27:27;0,0,0;;;;
???;12:58:44;15:27:28;0,0,0;;;;
???;12:58:59;15:27:29;0,0,0;;;;
???;12:59:15;15:27:29;0,0,0;;;;
???;12:59:30;15:27:30;0,0,0;;;;
???;12:59:46;15:27:30;0,0,0;;;;
???;13:00:01;15:27:31;0,0,0;;;;
???;13:00:17;15:27:31;0,0,0;;;;
???;13:00:32;15:27:32;0,0,0;;;;
???;13:00:48;15:27:32;0,0,0;;it's partly your fault. I... I mean, I just want to impress you.;Jimmy;FAM1_FNAV
???;13:01:03;15:27:33;0,0,0;;;;
???;13:01:19;15:27:33;0,0,0;;;;
???;13:01:34;15:27:34;0,0,0;;;;
???;13:01:50;15:27:34;0,0,0;;;;
???;13:02:06;15:27:35;0,0,0;;;;
???;13:02:21;15:27:35;0,0,0;;;;
???;13:02:37;15:27:36;0,0,0;;;;
???;13:02:52;15:27:36;0,0,0;;By selling my boat to some gang bangers?;MICHAEL;FAM1_FNAK
???;13:03:08;15:27:37;0,0,0;;;;
???;13:03:24;15:27:37;0,0,0;;;;
???;13:03:39;15:27:38;0,0,0;;;;
???;13:03:55;15:27:38;0,0,0;;;;
???;13:04:10;15:27:39;0,0,0;;I know it sounds dumb when you put it like that... but all you do is day dream or get angry...;Jimmy;FAM1_FNAL
???;13:04:26;15:27:39;0,0,0;;;;
???;13:04:42;15:27:40;0,0,0;;;;
???;13:04:57;15:27:40;0,0,0;;;;
???;13:05:13;15:27:41;0,0,0;;;;
???;13:05:28;15:27:42;0,0,0;;;;
???;13:05:44;15:27:42;0,0,0;;;;
???;13:06:00;15:27:43;0,0,0;;;;
???;13:06:15;15:27:43;0,0,0;;;;
???;13:06:31;15:27:44;0,0,0;;;;
???;13:06:46;15:27:44;0,0,0;;;;
???;13:07:02;15:27:45;0,0,0;;Look, I love you, Jimmy, but you're an asshole, and right now, with my boat;MICHAEL;FAM1_FNAM
???;13:07:17;15:27:45;0,0,0;;;;
???;13:07:33;15:27:46;0,0,0;;;;
???;13:07:48;15:27:46;0,0,0;;;;
???;13:08:04;15:27:47;0,0,0;;;;
???;13:08:19;15:27:47;0,0,0;;;;
???;13:08:35;15:27:48;0,0,0;;;;
???;13:08:51;15:27:48;0,0,0;;;;
???;13:09:06;15:27:49;0,0,0;;;;
???;13:09:22;15:27:49;0,0,0;;;;
???;13:09:38;15:27:50;0,0,0;;;;
???;13:09:53;15:27:50;0,0,0;;disappearing over the horizon, that's all I can see... Franklin,;MICHAEL;FAM1_FNAN
???;13:10:09;15:27:51;0,0,0;;;;
???;13:10:24;15:27:51;0,0,0;;;;
???;13:10:40;15:27:52;0,0,0;;;;
???;13:10:55;15:27:52;0,0,0;;;;
???;13:11:11;15:27:53;0,0,0;;;;
???;13:11:26;15:27:53;0,0,0;;;;
???;13:11:42;15:27:54;0,0,0;;;;
???;13:11:57;15:27:54;0,0,0;;;;
???;13:12:13;15:27:55;0,0,0;;would you do me a favor and give this kid a ride home after they've fixed this thing? I want to headbutt the road in peace.;MICHAEL;FAM1_FNAO
???;13:12:28;15:27:55;0,0,0;;;;
???;13:12:44;15:27:56;0,0,0;;;;
???;13:12:59;15:27:57;0,0,0;;;;
???;13:13:15;15:27:57;0,0,0;;;;
???;13:13:31;15:27:58;0,0,0;;;;
???;13:13:46;15:27:58;0,0,0;;;;
???;13:14:02;15:27:59;0,0,0;;;;
???;13:14:17;15:27:59;0,0,0;;;;
???;13:14:33;15:28:00;0,0,0;;;;
???;13:14:48;15:28:00;0,0,0;;;;
???;13:15:04;15:28:01;0,0,0;;Oh, great - leave me with the home invader!;Jimmy;FAM1_FNAP
???;13:15:20;15:28:01;0,0,0;;;;
???;13:15:35;15:28:02;0,0,0;;;;
???;13:15:51;15:28:02;0,0,0;;;;
???;13:16:07;15:28:03;0,0,0;;;;
???;13:16:22;15:28:03;0,0,0;;;;
???;13:16:38;15:28:04;0,0,0;;I'll get it done, dog. No problem.;FRANKLIN;FAM1_FNAQ
???;13:16:53;15:28:04;0,0,0;;;;
???;13:17:09;15:28:05;0,0,0;;;;
???;13:17:24;15:28:05;0,0,0;;;;
???;13:17:40;15:28:06;0,0,0;;;;
???;13:17:55;15:28:06;0,0,0;;Enough. Alright? Enough.;MICHAEL;FAM1_FNAS
???;13:18:11;15:28:07;0,0,0;;;;
???;13:18:27;15:28:07;0,0,0;;;;
???;13:18:43;15:28:08;0,0,0;;;;
???;13:18:58;15:28:08;0,0,0;;;;
???;13:19:14;15:28:09;0,0,0;;;;
???;13:19:30;15:28:10;0,0,0;;;;
???;13:19:45;15:28:10;0,0,0;;Franklin, do me a favor, call me a taxi, will you?;MICHAEL;FAM1_GSAA
???;13:20:01;15:28:11;0,0,0;;;;
???;13:20:17;15:28:11;0,0,0;;;;
???;13:20:32;15:28:12;0,0,0;;;;
???;13:20:48;15:28:12;0,0,0;;;;
???;13:21:04;15:28:13;0,0,0;;No problem.;FRANKLIN;FAM1_HLAA
???;13:21:20;15:28:13;0,0,0;;;;
???;13:21:35;15:28:14;0,0,0;;;;
???;13:21:51;15:28:14;0,0,0;;;;
???;13:22:06;15:28:15;0,0,0;;;;
???;13:22:22;15:28:15;0,0,0;;;;
???;13:22:37;15:28:16;0,0,0;;Hey, I need a cab as soon as you can send one.;FRANKLIN;FAM1_GXAA
???;13:22:53;15:28:16;0,0,0;;;;
???;13:23:08;15:28:17;0,0,0;;;;
???;13:23:24;15:28:17;0,0,0;;;;
???;13:23:40;15:28:18;0,0,0;;;;
???;13:23:55;15:28:18;0,0,0;;;;
???;13:24:10;15:28:19;0,0,0;;;;
???;13:24:26;15:28:19;0,0,0;;;;
???;13:24:42;15:28:20;0,0,0;;Los Santos Customs, by the airport.;FRANKLIN;FAM1_GXAB
???;13:24:57;15:28:20;0,0,0;;;;
???;13:25:13;15:28:21;0,0,0;;;;
???;13:25:28;15:28:21;0,0,0;;;;
???;13:25:44;15:28:22;0,0,0;;;;
???;13:25:59;15:28:23;0,0,0;;;;
???;13:26:15;15:28:23;0,0,0;;A'ight. Thanks.;FRANKLIN;FAM1_GXAC
???;13:26:31;15:28:24;0,0,0;;;;
???;13:26:46;15:28:24;0,0,0;;;;
???;13:27:02;15:28:25;0,0,0;;Thank you.;MICHAEL;FAM1_GTAA
???;13:27:17;15:28:25;0,0,0;;;;
???;13:27:33;15:28:26;0,0,0;;;;
???;13:27:48;15:28:26;0,0,0;;Eh, so you ahh, do much yachting?;FRANKLIN;FAM1_GVAA
???;13:28:04;15:28:27;0,0,0;;;;
???;13:28:20;15:28:27;0,0,0;;;;
???;13:28:35;15:28:28;0,0,0;;;;
???;13:28:51;15:28:28;0,0,0;;Not any more, no, I don't.;MICHAEL;FAM1_GVAB
???;13:29:07;15:28:29;0,0,0;;;;
???;13:29:22;15:28:29;0,0,0;;;;
???;13:29:38;15:28:30;0,0,0;;;;
???;13:29:53;15:28:30;0,0,0;;Before, I mean, man.;FRANKLIN;FAM1_GVAC
???;13:30:09;15:28:31;0,0,0;;;;
???;13:30:25;15:28:31;0,0,0;;;;
???;13:30:40;15:28:32;0,0,0;;Nah, not really. This little shit stays in his room all day,;MICHAEL;FAM1_GVAD
???;13:30:56;15:28:32;0,0,0;;;;
???;13:31:11;15:28:33;0,0,0;;;;
???;13:31:27;15:28:33;0,0,0;;;;
???;13:31:43;15:28:34;0,0,0;;;;
???;13:31:58;15:28:34;0,0,0;;;;
???;13:32:14;15:28:35;0,0,0;;;;
???;13:32:29;15:28:36;0,0,0;;;;
???;13:32:45;15:28:36;0,0,0;;;;
???;13:33:01;15:28:37;0,0,0;;and I don't have many other people to go with, you know. I liked looking at it.;MICHAEL;FAM1_GVAE
???;13:33:16;15:28:37;0,0,0;;;;
???;13:33:32;15:28:38;0,0,0;;;;
???;13:33:48;15:28:38;0,0,0;;;;
???;13:34:03;15:28:39;0,0,0;;;;
???;13:34:19;15:28:39;0,0,0;;;;
???;13:34:34;15:28:40;0,0,0;;;;
???;13:34:50;15:28:40;0,0,0;;;;
???;13:35:06;15:28:41;0,0,0;;Looking?;MICHAEL;FAM1_GVAG
???;13:35:22;15:28:41;0,0,0;;Yeah. I'd come down to the marina, sit on the dock, pour myself a drink, and look at her -;MICHAEL;FAM1_GVAG
???;13:35:37;15:28:42;0,0,0;;;;
???;13:35:53;15:28:42;0,0,0;;;;
???;13:36:09;15:28:43;0,0,0;;;;
???;13:36:24;15:28:43;0,0,0;;;;
???;13:36:40;15:28:44;0,0,0;;;;
???;13:36:55;15:28:44;0,0,0;;;;
???;13:37:11;15:28:45;0,0,0;;;;
???;13:37:26;15:28:45;0,0,0;;;;
???;13:37:42;15:28:46;0,0,0;;;;
???;13:37:57;15:28:46;0,0,0;;;;
???;13:38:13;15:28:47;0,0,0;;;;
???;13:38:29;15:28:48;0,0,0;;;;
???;13:38:44;15:28:48;0,0,0;;Jacqueline. It'd clear my head, you know. Let me dream.;MICHAEL;FAM1_GVAH
???;13:39:00;15:28:49;0,0,0;;;;
???;13:39:16;15:28:49;0,0,0;;;;
???;13:39:31;15:28:50;0,0,0;;;;
???;13:39:47;15:28:50;0,0,0;;;;
???;13:40:03;15:28:51;0,0,0;;;;
???;13:40:18;15:28:51;0,0,0;;;;
???;13:40:33;15:28:52;0,0,0;;;;
???;13:40:49;15:28:52;0,0,0;;Jacqueline, huh? Well, maybe you need to do some other shit to fill your time. Dream other dreams, man.;FRANKLIN;FAM1_GVAI
???;13:41:05;15:28:53;0,0,0;;;;
???;13:41:21;15:28:53;0,0,0;;;;
???;13:41:36;15:28:54;0,0,0;;;;
???;13:41:52;15:28:54;0,0,0;;;;
???;13:42:07;15:28:55;0,0,0;;;;
???;13:42:23;15:28:55;0,0,0;;;;
???;13:42:39;15:28:56;0,0,0;;;;
???;13:42:54;15:28:56;0,0,0;;;;
???;13:43:10;15:28:57;0,0,0;;;;
???;13:43:25;15:28:57;0,0,0;;;;
???;13:43:41;15:28:58;0,0,0;;Yeah, sure, whatever.;MICHAEL;FAM1_GVAJ
???;13:43:57;15:28:58;0,0,0;;;;
???;13:44:12;15:28:59;0,0,0;;;;
???;13:44:28;15:28:59;0,0,0;;;;
???;13:44:43;15:29:00;0,0,0;;;;
???;13:44:59;15:29:01;0,0,0;;You wanna go left here.;FRANKLIN;FAM1_HPAA
???;13:45:15;15:29:01;0,0,0;;;;
???;13:45:30;15:29:02;0,0,0;;;;
???;13:45:46;15:29:02;0,0,0;;;;
???;13:46:02;15:29:03;0,0,0;;;;
???;13:46:17;15:29:03;0,0,0;;;;
???;13:46:32;15:29:04;0,0,0;;;;
???;13:46:48;15:29:04;0,0,0;;;;
???;13:47:03;15:29:05;0,0,0;;;;
???;13:47:19;15:29:05;0,0,0;;;;
???;13:47:34;15:29:06;0,0,0;;;;
???;13:47:50;15:29:06;0,0,0;;;;
???;13:48:06;15:29:07;0,0,0;;;;
???;13:48:22;15:29:07;0,0,0;;;;
???;13:48:37;15:29:08;0,0,0;;;;
???;13:48:53;15:29:08;0,0,0;;;;
???;13:49:08;15:29:09;0,0,0;;;;
???;13:49:24;15:29:09;0,0,0;;;;
???;13:49:39;15:29:10;0,0,0;;;;
???;13:49:55;15:29:10;0,0,0;;;;
???;13:50:11;15:29:11;0,0,0;;;;
???;13:50:26;15:29:11;0,0,0;;;;
???;13:50:42;15:29:12;0,0,0;;;;
???;13:50:57;15:29:12;0,0,0;;;;
???;13:51:13;15:29:13;0,0,0;;;;
???;13:51:28;15:29:13;0,0,0;;;;
???;13:51:44;15:29:14;0,0,0;;;;
???;13:52:00;15:29:15;0,0,0;;;;
???;13:52:15;15:29:15;0,0,0;;;;
???;13:52:31;15:29:16;0,0,0;;;;
???;13:52:47;15:29:16;0,0,0;;;;
???;13:53:02;15:29:17;0,0,0;;;;
???;13:53:18;15:29:17;0,0,0;;;;
???;13:53:33;15:29:18;0,0,0;;;;
???;13:53:49;15:29:18;0,0,0;;;;
???;13:54:05;15:29:19;0,0,0;;;;
???;13:54:20;15:29:19;0,0,0;;;;
???;13:54:36;15:29:20;0,0,0;;;;
???;13:54:52;15:29:20;0,0,0;;;;
???;13:55:07;15:29:21;0,0,0;;;;
???;13:55:23;15:29:21;0,0,0;;;;
???;13:55:38;15:29:22;0,0,0;;;;
???;13:55:54;15:29:22;0,0,0;;;;
???;13:56:10;15:29:23;0,0,0;;;;
???;13:56:25;15:29:23;0,0,0;;;;
???;13:56:41;15:29:24;0,0,0;;;;
???;13:56:56;15:29:24;0,0,0;;;;
???;13:57:12;15:29:25;0,0,0;;;;
???;13:57:28;15:29:25;0,0,0;;;;
???;13:57:43;15:29:26;0,0,0;;;;
???;13:57:59;15:29:27;0,0,0;;;;
???;13:58:14;15:29:27;0,0,0;;;;
???;13:58:30;15:29:28;0,0,0;;;;
???;13:58:46;15:29:28;0,0,0;;;;
???;13:59:01;15:29:29;0,0,0;;;;
???;13:59:17;15:29:29;0,0,0;;;;
???;13:59:32;15:29:30;0,0,0;;;;
???;13:59:48;15:29:30;0,0,0;;;;
???;14:00:03;15:29:31;0,0,0;;;;
???;14:00:19;15:29:31;0,0,0;;;;
???;14:00:34;15:29:32;0,0,0;;;;
???;14:00:50;15:29:32;0,0,0;;;;
???;14:01:05;15:29:33;0,0,0;;;;
???;14:01:21;15:29:33;0,0,0;;;;
???;14:01:37;15:29:34;0,0,0;;;;
???;14:01:52;15:29:34;0,0,0;;;;
???;14:02:08;15:29:35;0,0,0;;;;
???;14:02:23;15:29:35;0,0,0;;;;
???;14:02:39;15:29:36;0,0,0;;;;
???;14:02:55;15:29:36;0,0,0;;;;
???;14:03:10;15:29:37;0,0,0;;;;
???;14:03:26;15:29:37;0,0,0;;;;
???;14:03:42;15:29:38;0,0,0;;;;
???;14:03:57;15:29:38;0,0,0;;;;
???;14:04:13;15:29:39;0,0,0;;;;
???;14:04:28;15:29:39;0,0,0;;;;
???;14:04:44;15:29:40;0,0,0;;;;
???;14:05:00;15:29:41;0,0,0;;;;
???;14:05:15;15:29:41;0,0,0;;;;
???;14:05:31;15:29:42;0,0,0;;;;
???;14:05:47;15:29:42;0,0,0;;;;
???;14:06:02;15:29:43;0,0,0;;;;
???;14:06:18;15:29:43;0,0,0;;Up there, ah, go left.;FRANKLIN;FAM1_HPAA
???;14:06:34;15:29:44;0,0,0;;;;
???;14:06:49;15:29:44;0,0,0;;;;
???;14:07:05;15:29:45;0,0,0;;;;
???;14:07:20;15:29:45;0,0,0;;;;
???;14:07:36;15:29:46;0,0,0;;;;
???;14:07:51;15:29:46;0,0,0;;;;
???;14:08:07;15:29:47;0,0,0;;;;
???;14:08:23;15:29:47;0,0,0;;;;
???;14:08:38;15:29:48;0,0,0;;;;
???;14:08:54;15:29:48;0,0,0;;;;
???;14:09:09;15:29:49;0,0,0;;;;
???;14:09:25;15:29:49;0,0,0;;;;
???;14:09:40;15:29:50;0,0,0;;;;
???;14:09:56;15:29:50;0,0,0;;;;
???;14:10:12;15:29:51;0,0,0;;;;
???;14:10:27;15:29:51;0,0,0;;;;
???;14:10:43;15:29:52;0,0,0;;;;
???;14:10:59;15:29:53;0,0,0;;;;
???;14:11:14;15:29:53;0,0,0;;;;
???;14:11:30;15:29:54;0,0,0;;;;
???;14:11:45;15:29:54;0,0,0;;;;
???;14:12:01;15:29:55;0,0,0;;;;
???;14:12:17;15:29:55;0,0,0;;;;
???;14:12:32;15:29:56;0,0,0;;;;
???;14:12:48;15:29:56;0,0,0;;;;
???;14:13:03;15:29:57;0,0,0;;;;
???;14:13:19;15:29:57;0,0,0;;;;
???;14:13:35;15:29:58;0,0,0;;;;
???;14:13:50;15:29:58;0,0,0;;;;
???;14:14:06;15:29:59;0,0,0;;;;
???;14:14:22;15:29:59;0,0,0;;;;
???;14:14:37;15:30:00;0,0,0;;;;
???;14:14:53;15:30:00;0,0,0;;;;
???;14:15:08;15:30:01;0,0,0;;;;
???;14:15:24;15:30:01;0,0,0;;;;
???;14:15:39;15:30:02;0,0,0;;;;
???;14:15:55;15:30:02;0,0,0;;;;
???;14:16:11;15:30:03;0,0,0;;;;
???;14:16:26;15:30:03;0,0,0;;;;
???;14:16:42;15:30:04;0,0,0;;;;
???;14:16:58;15:30:04;0,0,0;;;;
???;14:17:13;15:30:05;0,0,0;;;;
???;14:17:29;15:30:06;0,0,0;;;;
???;14:17:44;15:30:06;0,0,0;;;;
???;14:18:00;15:30:07;0,0,0;;;;
???;14:18:16;15:30:07;0,0,0;;;;
???;14:18:31;15:30:08;0,0,0;;;;
???;14:18:47;15:30:08;0,0,0;;;;
???;14:19:03;15:30:09;0,0,0;;;;
???;14:19:18;15:30:09;0,0,0;;;;
???;14:19:34;15:30:10;0,0,0;;;;
???;14:19:49;15:30:10;0,0,0;;;;
???;14:20:05;15:30:11;0,0,0;;;;
???;14:20:20;15:30:11;0,0,0;;;;
???;14:20:36;15:30:12;0,0,0;;;;
???;14:20:52;15:30:12;0,0,0;;;;
???;14:21:07;15:30:13;0,0,0;;;;
???;14:21:23;15:30:13;0,0,0;;;;
???;14:21:39;15:30:14;0,0,0;;;;
???;14:21:54;15:30:14;0,0,0;;;;
???;14:22:10;15:30:15;0,0,0;;;;
???;14:22:25;15:30:15;0,0,0;;;;
???;14:22:41;15:30:16;0,0,0;;;;
???;14:22:57;15:30:16;0,0,0;;;;
???;14:23:12;15:30:17;0,0,0;;;;
???;14:23:28;15:30:17;0,0,0;;;;
???;14:23:44;15:30:18;0,0,0;;;;
???;14:23:59;15:30:19;0,0,0;;;;
???;14:24:15;15:30:19;0,0,0;;;;
???;14:24:31;15:30:20;0,0,0;;;;
???;14:24:46;15:30:20;0,0,0;;;;
???;14:25:02;15:30:21;0,0,0;;;;
???;14:25:17;15:30:21;0,0,0;;;;
???;14:25:33;15:30:22;0,0,0;;;;
???;14:25:49;15:30:22;0,0,0;;;;
???;14:26:04;15:30:23;0,0,0;;;;
???;14:26:20;15:30:23;0,0,0;;;;
???;14:26:35;15:30:24;0,0,0;;;;
???;14:26:51;15:30:24;0,0,0;;;;
???;14:27:07;15:30:25;0,0,0;;;;
???;14:27:22;15:30:25;0,0,0;;;;
???;14:27:38;15:30:26;0,0,0;;;;
???;14:27:54;15:30:26;0,0,0;;;;
???;14:28:09;15:30:27;0,0,0;;;;
???;14:28:25;15:30:27;0,0,0;;;;
???;14:28:40;15:30:28;0,0,0;;;;
???;14:28:56;15:30:28;0,0,0;;;;
???;14:29:11;15:30:29;0,0,0;;;;
???;14:29:27;15:30:29;0,0,0;;;;
???;14:29:43;15:30:30;0,0,0;;;;
???;14:29:58;15:30:30;0,0,0;;;;
???;14:30:15;15:30:31;0,0,0;;;;
???;14:30:31;15:30:32;0,0,0;;;;
???;14:30:46;15:30:32;0,0,0;;;;
???;14:31:02;15:30:33;0,0,0;;;;
???;14:31:18;15:30:33;0,0,0;;;;
???;14:31:33;15:30:34;0,0,0;;;;
???;14:31:49;15:30:34;0,0,0;;;;
???;14:32:04;15:30:35;0,0,0;;;;
???;14:32:20;15:30:35;0,0,0;;;;
???;14:32:36;15:30:36;0,0,0;;;;
???;14:32:51;15:30:36;0,0,0;;;;
???;14:33:07;15:30:37;0,0,0;;;;
???;14:33:23;15:30:37;0,0,0;;;;
???;14:33:38;15:30:38;0,0,0;;;;
???;14:33:54;15:30:38;0,0,0;;;;
???;14:34:09;15:30:39;0,0,0;;;;
???;14:34:25;15:30:39;0,0,0;;;;
???;14:34:41;15:30:40;0,0,0;;;;
???;14:34:56;15:30:40;0,0,0;;;;
???;14:35:12;15:30:41;0,0,0;;;;
???;14:35:27;15:30:41;0,0,0;;;;
???;14:35:43;15:30:42;0,0,0;;;;
???;14:35:59;15:30:43;0,0,0;;;;
???;14:36:14;15:30:43;0,0,0;;;;
???;14:36:30;15:30:44;0,0,0;;Hey, this the place up here. I know this dude, man, his name's Hao. He goin' look after.;FRANKLIN;FAM1_GWAA
???;14:36:46;15:30:44;0,0,0;;;;
???;14:37:01;15:30:45;0,0,0;;;;
???;14:37:17;15:30:45;0,0,0;;;;
???;14:37:33;15:30:46;0,0,0;;;;
???;14:37:48;15:30:46;0,0,0;;;;
???;14:38:04;15:30:47;0,0,0;;;;
???;14:38:19;15:30:47;0,0,0;;;;
???;14:38:35;15:30:48;0,0,0;;;;
???;14:38:51;15:30:48;0,0,0;;Take what's in my pocket - a couple of thousand bucks. That'll cover it, right?;MICHAEL;FAM1_GWAD
???;14:39:06;15:30:49;0,0,0;;;;
???;14:39:22;15:30:49;0,0,0;;;;
???;14:39:37;15:30:50;0,0,0;;;;
???;14:39:53;15:30:50;0,0,0;;;;
???;14:40:09;15:30:51;0,0,0;;;;
???;14:40:25;15:30:51;0,0,0;;;;
???;14:40:40;15:30:52;0,0,0;;Yeah. Should be cool.;FRANKLIN;FAM1_GWAE
???;14:40:56;15:30:52;0,0,0;;;;
???;14:41:12;15:30:53;0,0,0;;;;
???;14:41:27;15:30:53;0,0,0;;;;
???;14:41:43;15:30:54;0,0,0;;;;
???;14:41:59;15:30:55;0,0,0;;;;
???;14:42:14;15:30:55;0,0,0;;;;
???;14:42:30;15:30:56;0,0,0;;;;
???;14:42:45;15:30:56;0,0,0;;;;
???;14:43:01;15:30:57;0,0,0;;;;
???;14:43:13;15:30:57;0,0,0;;;;
???;14:43:13;15:30:58;0,0,0;;So, you sure you're good?;Cutscene;Cutscene
???;14:43:13;15:30:58;0,0,0;;;;
???;14:43:13;15:30:59;0,0,0;;;;
???;14:43:13;15:30:59;0,0,0;;Yeah, I got this.;Cutscene;Cutscene
???;14:43:13;15:31:00;0,0,0;;Alright.;Cutscene;Cutscene
???;14:43:13;15:31:00;0,0,0;;;;
???;14:43:13;15:31:01;0,0,0;;Ooo, and I'm gonna come up front.;Cutscene;Cutscene
???;14:43:13;15:31:01;0,0,0;;;;
???;14:43:13;15:31:02;0,0,0;;;;
???;14:43:13;15:31:02;0,0,0;;Get out and walk around.;Cutscene;Cutscene
???;14:43:13;15:31:03;0,0,0;;;;
???;14:43:13;15:31:03;0,0,0;;It's okay, I can just climb over.;Cutscene;Cutscene
???;14:43:13;15:31:04;0,0,0;;;;
???;14:43:13;15:31:04;0,0,0;;;;
???;14:43:13;15:31:05;0,0,0;;;;
???;14:43:13;15:31:05;0,0,0;;Look, man. I'm gonna get the ride fixed, man,;Cutscene;Cutscene
???;14:43:13;15:31:06;0,0,0;;;;
???;14:43:13;15:31:06;0,0,0;;;;
???;14:43:13;15:31:07;0,0,0;;and drop it back off at your house along with this dude.;Cutscene;Cutscene
???;14:43:13;15:31:08;0,0,0;;;;
???;14:43:13;15:31:08;0,0,0;;;;
???;14:43:13;15:31:09;0,0,0;;;;
???;14:43:13;15:31:09;0,0,0;;;;
???;14:43:13;15:31:10;0,0,0;;;;
???;14:43:13;15:31:10;0,0,0;;It's all good though, man.;Cutscene;Cutscene
???;14:43:13;15:31:11;0,0,0;;;;
???;14:43:13;15:31:11;0,0,0;;You go and get your head right, alright?;Cutscene;Cutscene
???;14:43:13;15:31:12;0,0,0;;;;
???;14:43:13;15:31:12;0,0,0;;;;
???;14:43:13;15:31:13;0,0,0;;;;
???;14:43:13;15:31:13;0,0,0;;Alright. Listen, thanks for today.;Cutscene;Cutscene
???;14:43:13;15:31:14;0,0,0;;;;
???;14:43:13;15:31:14;0,0,0;;Appreciate it.;Cutscene;Cutscene
???;14:43:13;15:31:15;0,0,0;;;;
???;14:43:13;15:31:15;0,0,0;;You stop back out to the house, we'll talk.;Cutscene;Cutscene
???;14:43:13;15:31:16;0,0,0;;;;
???;14:43:13;15:31:16;0,0,0;;;;
???;14:43:13;15:31:17;0,0,0;;;;
???;14:43:13;15:31:17;0,0,0;;;;
???;14:43:13;15:31:18;0,0,0;;You see?;Cutscene;Cutscene
???;14:43:13;15:31:18;0,0,0;;Fo' sho, man.;Cutscene;Cutscene
???;14:43:13;15:31:19;0,0,0;;;;
???;14:43:13;15:31:19;0,0,0;;Hey, sorry we didn't get your boat, man.;Cutscene;Cutscene
???;14:43:13;15:31:20;0,0,0;;;;
???;14:43:13;15:31:21;0,0,0;;;;
???;14:43:13;15:31:21;0,0,0;;Yeah.;Cutscene;Cutscene
???;14:43:13;15:31:22;0,0,0;;;;
???;14:43:13;15:31:22;0,0,0;;Come on, man.;Cutscene;Cutscene
???;14:43:13;15:31:23;0,0,0;;Let's trick this whip, homie.;Cutscene;Cutscene
???;14:43:13;15:31:23;0,0,0;;;;
???;14:43:13;15:31:24;0,0,0;;;;
???;14:43:13;15:31:24;0,0,0;;;;
???;14:43:13;15:31:25;0,0,0;;;;
???;14:43:13;15:31:25;0,0,0;;;;
???;14:43:13;15:31:26;0,0,0;;;;
???;14:43:26;15:31:26;0,0,0;;;;
???;14:43:41;15:31:27;0,0,0;;;;
???;14:43:57;15:31:27;0,0,0;;;;
???;14:44:12;15:31:28;0,0,0;;;;
???;14:44:28;15:31:28;0,0,0;;;;
???;14:44:43;15:31:29;0,0,0;;;;
???;14:44:59;15:31:29;0,0,0;;;;
???;14:45:14;15:31:30;0,0,0;;;;
???;14:45:30;15:31:30;0,0,0;;;;
???;14:45:46;15:31:31;0,0,0;;;;
???;14:46:01;15:31:31;0,0,0;;;;
???;14:46:17;15:31:32;0,0,0;;;;
???;14:46:32;15:31:32;0,0,0;;;;
???;14:46:48;15:31:33;0,0,0;;;;
???;14:47:03;15:31:34;0,0,0;;;;
???;14:47:19;15:31:34;0,0,0;;;;
???;14:47:34;15:31:35;0,0,0;;;;
???;14:47:50;15:31:35;0,0,0;;;;
???;14:48:06;15:31:36;0,0,0;;;;
???;14:48:21;15:31:36;0,0,0;;;;
???;14:48:37;15:31:37;0,0,0;;;;
???;14:48:52;15:31:37;0,0,0;;;;
???;14:49:08;15:31:38;0,0,0;;;;
???;14:49:24;15:31:38;0,0,0;;;;
???;14:49:39;15:31:39;0,0,0;;Get Amanda's car repaired.;Cutscene;Cutscene
???;14:49:55;15:31:39;0,0,0;;;;
???;14:50:10;15:31:40;0,0,0;;;;
???;14:50:26;15:31:40;0,0,0;;;;
???;14:50:41;15:31:41;0,0,0;;;;
???;14:50:57;15:31:41;0,0,0;;;;
???;14:51:13;15:31:42;0,0,0;;;;
???;14:51:28;15:31:42;0,0,0;;;;
???;14:51:44;15:31:43;0,0,0;;;;
???;14:51:59;15:31:43;0,0,0;;;;
???;14:52:15;15:31:44;0,0,0;;;;
???;14:52:30;15:31:44;0,0,0;;;;
???;14:52:46;15:31:45;0,0,0;;;;
???;14:53:02;15:31:45;0,0,0;;;;
???;14:53:17;15:31:46;0,0,0;;We goin' trick this whip or what?;Jimmy;FAM1_GEAA
???;14:53:33;15:31:47;0,0,0;;;;
???;14:53:49;15:31:47;0,0,0;;;;
???;14:54:04;15:31:48;0,0,0;;;;
???;14:54:20;15:31:48;0,0,0;;Still need to get you out for one of the races, Franklin. See if you drive as fast as you talk.;HAO;FAM1_HSAA
???;14:54:35;15:31:49;0,0,0;;;;
???;14:54:51;15:31:49;0,0,0;;;;
???;14:55:07;15:31:50;0,0,0;;;;
???;14:55:23;15:31:50;0,0,0;;;;
???;14:55:38;15:31:51;0,0,0;;;;
???;14:55:54;15:31:51;0,0,0;;;;
???;14:56:10;15:31:52;0,0,0;;;;
???;14:56:26;15:31:52;0,0,0;;;;
???;14:56:42;15:31:53;0,0,0;;;;
???;14:56:57;15:31:53;0,0,0;;;;
???;14:57:13;15:31:54;0,0,0;;;;
???;14:57:28;15:31:54;0,0,0;;;;
???;14:57:44;15:31:55;0,0,0;;Reconditioned. Sweet.;Jimmy;FAM1_GGAA
???;14:57:59;15:31:55;0,0,0;;;;
???;14:58:15;15:31:56;0,0,0;;;;
???;14:58:30;15:31:56;0,0,0;;;;
???;14:58:46;15:31:57;0,0,0;;;;
???;14:59:02;15:31:57;0,0,0;;Do it, F. This car is slower than a boat.;Jimmy;FAM1_GLAA
???;14:59:17;15:31:58;0,0,0;;;;
???;14:59:33;15:31:59;0,0,0;;;;
???;14:59:49;15:31:59;0,0,0;;;;
???;15:00:04;15:32:00;0,0,0;;;;
???;15:00:20;15:32:00;0,0,0;;;;
???;15:00:35;15:32:01;0,0,0;;;;
???;15:00:51;15:32:01;0,0,0;;;;
???;15:01:06;15:32:02;0,0,0;;;;
???;15:01:22;15:32:02;0,0,0;;;;
???;15:01:37;15:32:03;0,0,0;;;;
???;15:01:53;15:32:03;0,0,0;;My momma's car's had almost as much work as my momma.;Jimmy;FAM1_GHAA
???;15:02:09;15:32:04;0,0,0;;;;
???;15:02:25;15:32:04;0,0,0;;;;
???;15:02:40;15:32:05;0,0,0;;;;
???;15:02:56;15:32:05;0,0,0;;;;
???;15:03:11;15:32:06;0,0,0;;;;
???;15:03:27;15:32:06;0,0,0;;;;
???;15:03:42;15:32:07;0,0,0;;;;
???;15:03:58;15:32:07;0,0,0;;;;
???;15:04:14;15:32:08;0,0,0;;;;
???;15:04:29;15:32:08;0,0,0;;;;
???;15:04:45;15:32:09;0,0,0;;;;
???;15:05:00;15:32:09;0,0,0;;;;
???;15:05:16;15:32:10;0,0,0;;;;
???;15:05:32;15:32:10;0,0,0;;;;
???;15:05:47;15:32:11;0,0,0;;;;
???;15:06:03;15:32:12;0,0,0;;;;
???;15:06:18;15:32:12;0,0,0;;;;
???;15:06:34;15:32:13;0,0,0;;;;
???;15:06:49;15:32:13;0,0,0;;;;
???;15:07:05;15:32:14;0,0,0;;;;
???;15:07:21;15:32:14;0,0,0;;;;
???;15:07:36;15:32:15;0,0,0;;;;
???;15:07:52;15:32:15;0,0,0;;;;
???;15:08:07;15:32:16;0,0,0;;;;
???;15:08:23;15:32:16;0,0,0;;I'ma take you home now.;FRANKLIN;FAM1_FRAA
???;15:08:39;15:32:17;0,0,0;;;;
???;15:08:54;15:32:17;0,0,0;;;;
???;15:09:10;15:32:18;0,0,0;;It's Franklin, right?;Jimmy;FAM1_FSAA
???;15:09:26;15:32:18;0,0,0;;;;
???;15:09:41;15:32:19;0,0,0;;;;
???;15:09:57;15:32:19;0,0,0;;;;
???;15:10:12;15:32:20;0,0,0;;Yeah, Franklin. Or the credit fraud guy, the home invader, you know what, call me what you like, man.;FRANKLIN;FAM1_FSAB
???;15:10:28;15:32:20;0,0,0;;;;
???;15:10:43;15:32:21;0,0,0;;;;
???;15:10:59;15:32:21;0,0,0;;;;
???;15:11:15;15:32:22;0,0,0;;;;
???;15:11:30;15:32:22;0,0,0;;;;
???;15:11:46;15:32:23;0,0,0;;;;
???;15:12:01;15:32:23;0,0,0;;;;
???;15:12:17;15:32:24;0,0,0;;;;
???;15:12:33;15:32:25;0,0,0;;;;
???;15:12:48;15:32:25;0,0,0;;;;
???;15:13:04;15:32:26;0,0,0;;Yeah, ahh, no. I mean, sure...;Jimmy;FAM1_FSAC
???;15:13:20;15:32:26;0,0,0;;;;
???;15:13:35;15:32:27;0,0,0;;;;
???;15:13:51;15:32:27;0,0,0;;;;
???;15:14:06;15:32:28;0,0,0;;;;
???;15:14:22;15:32:28;0,0,0;;;;
???;15:14:38;15:32:29;0,0,0;;;;
???;15:14:53;15:32:29;0,0,0;;Jimmy, ain't it? Or James?;FRANKLIN;FAM1_FSAD
???;15:15:09;15:32:30;0,0,0;;;;
???;15:15:25;15:32:30;0,0,0;;;;
???;15:15:40;15:32:31;0,0,0;;;;
???;15:15:55;15:32:31;0,0,0;;Jimmy. Or just, like... Jizzle?;Jimmy;FAM1_FSAE
???;15:16:11;15:32:32;0,0,0;;;;
???;15:16:27;15:32:32;0,0,0;;;;
???;15:16:42;15:32:33;0,0,0;;;;
???;15:16:58;15:32:33;0,0,0;;;;
???;15:17:14;15:32:34;0,0,0;;;;
???;15:17:29;15:32:34;0,0,0;;No man, I'll just stick with Jimmy, homie.;FRANKLIN;FAM1_FSAF
???;15:17:45;15:32:35;0,0,0;;;;
???;15:18:01;15:32:35;0,0,0;;;;
???;15:18:16;15:32:36;0,0,0;;;;
???;15:18:32;15:32:36;0,0,0;;;;
???;15:18:47;15:32:37;0,0,0;;;;
???;15:19:03;15:32:38;0,0,0;;So, ahh, what's the deal, man?;Jimmy;FAM1_FSAG
???;15:19:19;15:32:38;0,0,0;;;;
???;15:19:34;15:32:39;0,0,0;;;;
???;15:19:50;15:32:39;0,0,0;;;;
???;15:20:06;15:32:40;0,0,0;;;;
???;15:20:21;15:32:40;0,0,0;;Huh?;Jimmy;FAM1_FSAI
???;15:20:37;15:32:41;0,0,0;;You and my old man? I see you at the dealership. Then someone steals my whip.;Jimmy;FAM1_FSAI
???;15:20:52;15:32:41;0,0,0;;;;
???;15:21:08;15:32:42;0,0,0;;;;
???;15:21:23;15:32:42;0,0,0;;;;
???;15:21:39;15:32:43;0,0,0;;;;
???;15:21:54;15:32:43;0,0,0;;;;
???;15:22:10;15:32:44;0,0,0;;;;
???;15:22:25;15:32:44;0,0,0;;;;
???;15:22:41;15:32:45;0,0,0;;;;
???;15:22:56;15:32:45;0,0,0;;;;
???;15:23:12;15:32:46;0,0,0;;And Pop is all like, he's been down there to talk to you guys.;Jimmy;FAM1_FSAJ
???;15:23:28;15:32:46;0,0,0;;;;
???;15:23:43;15:32:47;0,0,0;;;;
???;15:23:59;15:32:47;0,0,0;;;;
???;15:24:15;15:32:48;0,0,0;;;;
???;15:24:30;15:32:48;0,0,0;;;;
???;15:24:46;15:32:49;0,0,0;;Your pops did more than talk.;FRANKLIN;FAM1_FSAK
???;15:25:01;15:32:49;0,0,0;;;;
???;15:25:17;15:32:50;0,0,0;;;;
???;15:25:33;15:32:51;0,0,0;;What he do?;Jimmy;FAM1_FSAL
???;15:25:48;15:32:51;0,0,0;;;;
???;15:26:04;15:32:52;0,0,0;;Look, man, if he ain't tell you, I ain't gonna tell you. But I lost my fuckin' job and I thought maybe he could help me find a new one.;FRANKLIN;FAM1_FSAM
???;15:26:19;15:32:52;0,0,0;;;;
???;15:26:35;15:32:53;0,0,0;;;;
???;15:26:50;15:32:53;0,0,0;;;;
???;15:27:06;15:32:54;0,0,0;;;;
???;15:27:22;15:32:54;0,0,0;;;;
???;15:27:37;15:32:55;0,0,0;;;;
???;15:27:53;15:32:55;0,0,0;;;;
???;15:28:08;15:32:56;0,0,0;;;;
???;15:28:24;15:32:56;0,0,0;;;;
???;15:28:39;15:32:57;0,0,0;;;;
???;15:28:55;15:32:57;0,0,0;;;;
???;15:29:11;15:32:58;0,0,0;;Dude, my dad is retired. Like, fully.;Jimmy;FAM1_FSAN
???;15:29:26;15:32:58;0,0,0;;;;
???;15:29:42;15:32:59;0,0,0;;;;
???;15:29:57;15:32:59;0,0,0;;;;
???;15:30:13;15:33:00;0,0,0;;;;
???;15:30:28;15:33:00;0,0,0;;Like, his only marketable skills are watching TV and daytime drinking.;Jimmy;FAM1_FSBC
???;15:30:44;15:33:01;0,0,0;;;;
???;15:30:59;15:33:01;0,0,0;;;;
???;15:31:15;15:33:02;0,0,0;;;;
???;15:31:31;15:33:02;0,0,0;;;;
???;15:31:46;15:33:03;0,0,0;;;;
???;15:32:02;15:33:03;0,0,0;;;;
???;15:32:18;15:33:04;0,0,0;;Man, look, I dunno homie, he seems okay to me. Shit, he saved your ass.;FRANKLIN;FAM1_FSAO
???;15:32:33;15:33:05;0,0,0;;;;
???;15:32:49;15:33:05;0,0,0;;;;
???;15:33:04;15:33:06;0,0,0;;;;
???;15:33:20;15:33:06;0,0,0;;;;
???;15:33:35;15:33:07;0,0,0;;;;
???;15:33:51;15:33:07;0,0,0;;;;
???;15:34:06;15:33:08;0,0,0;;;;
???;15:34:22;15:33:08;0,0,0;;;;
???;15:34:37;15:33:09;0,0,0;;;;
???;15:34:53;15:33:09;0,0,0;;;;
???;15:35:08;15:33:10;0,0,0;;You saved my ass.;Jimmy;FAM1_FSAP
???;15:35:24;15:33:10;0,0,0;;;;
???;15:35:40;15:33:11;0,0,0;;;;
???;15:35:55;15:33:11;0,0,0;;Nah, nah, man. Well, well, maybe we good together, you know?;FRANKLIN;FAM1_FSAQ
???;15:36:11;15:33:12;0,0,0;;;;
???;15:36:26;15:33:12;0,0,0;;;;
???;15:36:42;15:33:13;0,0,0;;;;
???;15:36:58;15:33:13;0,0,0;;;;
???;15:37:13;15:33:14;0,0,0;;;;
???;15:37:29;15:33:14;0,0,0;;;;
???;15:37:44;15:33:15;0,0,0;;Like, maybe we can get shit done we couldn't do separately.;FRANKLIN;FAM1_FSBD
???;15:38:00;15:33:15;0,0,0;;;;
???;15:38:16;15:33:16;0,0,0;;;;
???;15:38:31;15:33:16;0,0,0;;;;
???;15:38:47;15:33:17;0,0,0;;;;
???;15:39:03;15:33:18;0,0,0;;;;
???;15:39:18;15:33:18;0,0,0;;If it keeps him out the house, that's cool by me.;Jimmy;FAM1_FSAR
???;15:39:34;15:33:19;0,0,0;;;;
???;15:39:49;15:33:19;0,0,0;;;;
???;15:40:05;15:33:20;0,0,0;;;;
???;15:40:20;15:33:20;0,0,0;;Yeah, well, we'll see.;FRANKLIN;FAM1_FSAS
???;15:40:36;15:33:21;0,0,0;;;;
???;15:40:52;15:33:21;0,0,0;;;;
???;15:41:07;15:33:22;0,0,0;;;;
???;15:41:23;15:33:22;0,0,0;;Look, I'm sorry my dad lost you your job. It's hard out there. Tough.;Jimmy;FAM1_FSAT
???;15:41:38;15:33:23;0,0,0;;;;
???;15:41:54;15:33:23;0,0,0;;;;
???;15:42:10;15:33:24;0,0,0;;;;
???;15:42:26;15:33:24;0,0,0;;;;
???;15:42:41;15:33:25;0,0,0;;;;
???;15:42:57;15:33:25;0,0,0;;;;
???;15:43:12;15:33:26;0,0,0;;;;
???;15:43:28;15:33:26;0,0,0;;;;
???;15:43:44;15:33:27;0,0,0;;;;
???;15:43:59;15:33:27;0,0,0;;I mean, I'm employmentally challenged at the moment.;Jimmy;FAM1_FSAU
???;15:44:15;15:33:28;0,0,0;;;;
???;15:44:31;15:33:28;0,0,0;;;;
???;15:44:46;15:33:29;0,0,0;;;;
???;15:45:02;15:33:29;0,0,0;;;;
???;15:45:17;15:33:30;0,0,0;;Oh, you got fired, dude? Damn, that's rough.;FRANKLIN;FAM1_FSAV
???;15:45:33;15:33:31;0,0,0;;;;
???;15:45:48;15:33:31;0,0,0;;;;
???;15:46:04;15:33:32;0,0,0;;;;
???;15:46:19;15:33:32;0,0,0;;;;
???;15:46:35;15:33:33;0,0,0;;;;
???;15:46:51;15:33:33;0,0,0;;;;
???;15:47:06;15:33:34;0,0,0;;;;
???;15:47:22;15:33:34;0,0,0;;Not fired, as such, I didn't get a job.;Jimmy;FAM1_FSAW
???;15:47:38;15:33:35;0,0,0;;;;
???;15:47:53;15:33:35;0,0,0;;;;
???;15:48:09;15:33:36;0,0,0;;;;
???;15:48:24;15:33:36;0,0,0;;;;
???;15:48:40;15:33:37;0,0,0;;;;
???;15:48:56;15:33:37;0,0,0;;I been there, homie. You been putting them resumes out there, but no one's hiring, huh?;FRANKLIN;FAM1_FSAX
???;15:49:11;15:33:38;0,0,0;;;;
???;15:49:27;15:33:38;0,0,0;;;;
???;15:49:42;15:33:39;0,0,0;;;;
???;15:49:58;15:33:39;0,0,0;;;;
???;15:50:14;15:33:40;0,0,0;;;;
???;15:50:29;15:33:40;0,0,0;;;;
???;15:50:45;15:33:41;0,0,0;;No, I, uhh, I didn't get a job. I've never had a job.;Jimmy;FAM1_FSAY
???;15:51:01;15:33:41;0,0,0;;;;
???;15:51:16;15:33:42;0,0,0;;;;
???;15:51:32;15:33:42;0,0,0;;;;
???;15:51:47;15:33:43;0,0,0;;;;
???;15:52:03;15:33:44;0,0,0;;;;
???;15:52:18;15:33:44;0,0,0;;;;
???;15:52:34;15:33:45;0,0,0;;;;
???;15:52:49;15:33:45;0,0,0;;;;
???;15:53:05;15:33:46;0,0,0;;It feels like hard work, life. The days just kind of disappear. Hey, you play Righteous Slaughter?;Jimmy;FAM1_FSAZ
???;15:53:20;15:33:46;0,0,0;;;;
???;15:53:36;15:33:47;0,0,0;;;;
???;15:53:52;15:33:47;0,0,0;;;;
???;15:54:07;15:33:48;0,0,0;;;;
???;15:54:23;15:33:48;0,0,0;;;;
???;15:54:38;15:33:49;0,0,0;;;;
???;15:54:54;15:33:49;0,0,0;;;;
???;15:55:09;15:33:50;0,0,0;;;;
???;15:55:25;15:33:50;0,0,0;;;;
???;15:55:40;15:33:51;0,0,0;;;;
???;15:55:56;15:33:51;0,0,0;;;;
???;15:56:11;15:33:52;0,0,0;;Nah. Not since the first couple.;FRANKLIN;FAM1_FSBA
???;15:56:27;15:33:52;0,0,0;;;;
???;15:56:42;15:33:53;0,0,0;;;;
???;15:56:58;15:33:53;0,0,0;;;;
???;15:57:13;15:33:54;0,0,0;;;;
???;15:57:29;15:33:54;0,0,0;;;;
???;15:57:44;15:33:55;0,0,0;;;;
???;15:58:00;15:33:55;0,0,0;;;;
???;15:58:15;15:33:56;0,0,0;;;;
???;15:58:31;15:33:56;0,0,0;;;;
???;15:58:47;15:33:57;0,0,0;;;;
???;15:59:03;15:33:58;0,0,0;;;;
???;15:59:18;15:33:58;0,0,0;;;;
???;15:59:34;15:33:59;0,0,0;;;;
???;15:59:49;15:33:59;0,0,0;;;;
???;16:00:05;15:34:00;0,0,0;;;;
???;16:00:20;15:34:00;0,0,0;;;;
???;16:00:36;15:34:01;0,0,0;;;;
???;16:00:52;15:34:01;0,0,0;;;;
???;16:01:07;15:34:02;0,0,0;;;;
???;16:01:23;15:34:02;0,0,0;;;;
???;16:01:38;15:34:03;0,0,0;;;;
???;16:01:54;15:34:03;0,0,0;;;;
???;16:02:09;15:34:04;0,0,0;;;;
???;16:02:25;15:34:04;0,0,0;;;;
???;16:02:40;15:34:05;0,0,0;;;;
???;16:02:56;15:34:05;0,0,0;;;;
???;16:03:11;15:34:06;0,0,0;;;;
???;16:03:27;15:34:06;0,0,0;;;;
???;16:03:43;15:34:07;0,0,0;;;;
???;16:03:58;15:34:07;0,0,0;;;;
???;16:04:14;15:34:08;0,0,0;;;;
???;16:04:29;15:34:08;0,0,0;;;;
???;16:04:45;15:34:09;0,0,0;;;;
???;16:05:00;15:34:09;0,0,0;;;;
???;16:05:16;15:34:10;0,0,0;;;;
???;16:05:31;15:34:10;0,0,0;;;;
???;16:05:47;15:34:11;0,0,0;;;;
???;16:06:03;15:34:12;0,0,0;;;;
???;16:06:18;15:34:12;0,0,0;;;;
???;16:06:34;15:34:13;0,0,0;;;;
???;16:06:49;15:34:13;0,0,0;;;;
???;16:07:05;15:34:14;0,0,0;;;;
???;16:07:20;15:34:14;0,0,0;;;;
???;16:07:36;15:34:15;0,0,0;;;;
???;16:07:51;15:34:15;0,0,0;;;;
???;16:08:07;15:34:16;0,0,0;;;;
???;16:08:22;15:34:16;0,0,0;;;;
???;16:08:38;15:34:17;0,0,0;;;;
???;16:08:53;15:34:17;0,0,0;;;;
???;16:09:09;15:34:18;0,0,0;;;;
???;16:09:24;15:34:18;0,0,0;;;;
???;16:09:40;15:34:19;0,0,0;;;;
???;16:09:56;15:34:19;0,0,0;;;;
???;16:10:11;15:34:20;0,0,0;;;;
???;16:10:27;15:34:20;0,0,0;;;;
???;16:10:42;15:34:21;0,0,0;;;;
???;16:10:58;15:34:21;0,0,0;;;;
???;16:11:14;15:34:22;0,0,0;;;;
???;16:11:29;15:34:22;0,0,0;;;;
???;16:11:45;15:34:23;0,0,0;;;;
???;16:12:00;15:34:23;0,0,0;;;;
???;16:12:15;15:34:24;0,0,0;;;;
???;16:12:31;15:34:24;0,0,0;;;;
???;16:12:47;15:34:25;0,0,0;;;;
???;16:13:02;15:34:25;0,0,0;;;;
???;16:13:18;15:34:26;0,0,0;;;;
???;16:13:33;15:34:27;0,0,0;;;;
???;16:13:49;15:34:27;0,0,0;;;;
???;16:14:04;15:34:28;0,0,0;;;;
???;16:14:21;15:34:28;0,0,0;;;;
???;16:14:37;15:34:29;0,0,0;;;;
???;16:14:52;15:34:29;0,0,0;;;;
???;16:15:08;15:34:30;0,0,0;;;;
???;16:15:23;15:34:30;0,0,0;;;;
???;16:15:39;15:34:31;0,0,0;;;;
???;16:15:54;15:34:31;0,0,0;;;;
???;16:16:10;15:34:32;0,0,0;;;;
???;16:16:25;15:34:32;0,0,0;;;;
???;16:16:41;15:34:33;0,0,0;;;;
???;16:16:57;15:34:33;0,0,0;;;;
???;16:17:12;15:34:34;0,0,0;;;;
???;16:17:28;15:34:34;0,0,0;;;;
???;16:17:44;15:34:35;0,0,0;;;;
???;16:17:59;15:34:35;0,0,0;;;;
???;16:18:15;15:34:36;0,0,0;;;;
???;16:18:30;15:34:36;0,0,0;;;;
???;16:18:46;15:34:37;0,0,0;;;;
???;16:19:01;15:34:37;0,0,0;;;;
???;16:19:17;15:34:38;0,0,0;;;;
???;16:19:32;15:34:39;0,0,0;;;;
???;16:19:48;15:34:39;0,0,0;;;;
???;16:20:04;15:34:40;0,0,0;;;;
???;16:20:19;15:34:40;0,0,0;;;;
???;16:20:35;15:34:41;0,0,0;;;;
???;16:20:50;15:34:41;0,0,0;;;;
???;16:21:06;15:34:42;0,0,0;;;;
???;16:21:21;15:34:42;0,0,0;;;;
???;16:21:37;15:34:43;0,0,0;;;;
???;16:21:53;15:34:43;0,0,0;;;;
???;16:22:08;15:34:44;0,0,0;;;;
???;16:22:24;15:34:44;0,0,0;;;;
???;16:22:39;15:34:45;0,0,0;;;;
???;16:22:55;15:34:45;0,0,0;;;;
???;16:23:10;15:34:46;0,0,0;;;;
???;16:23:26;15:34:46;0,0,0;;;;
???;16:23:42;15:34:47;0,0,0;;;;
???;16:23:57;15:34:47;0,0,0;;;;
???;16:24:13;15:34:48;0,0,0;;;;
???;16:24:28;15:34:48;0,0,0;;;;
???;16:24:44;15:34:49;0,0,0;;;;
???;16:25:00;15:34:49;0,0,0;;;;
???;16:25:15;15:34:50;0,0,0;;;;
???;16:25:31;15:34:50;0,0,0;;;;
???;16:25:46;15:34:51;0,0,0;;;;
???;16:26:02;15:34:51;0,0,0;;;;
???;16:26:17;15:34:52;0,0,0;;;;
???;16:26:33;15:34:53;0,0,0;;;;
???;16:26:48;15:34:53;0,0,0;;;;
???;16:27:04;15:34:54;0,0,0;;;;
???;16:27:20;15:34:54;0,0,0;;;;
???;16:27:35;15:34:55;0,0,0;;;;
???;16:27:50;15:34:55;0,0,0;;;;
???;16:28:06;15:34:56;0,0,0;;;;
???;16:28:21;15:34:56;0,0,0;;;;
???;16:28:37;15:34:57;0,0,0;;;;
???;16:28:52;15:34:57;0,0,0;;;;
???;16:29:08;15:34:58;0,0,0;;;;
???;16:29:23;15:34:58;0,0,0;;;;
???;16:29:39;15:34:59;0,0,0;;;;
???;16:29:54;15:34:59;0,0,0;;;;
???;16:30:10;15:35:00;0,0,0;;;;
???;16:30:25;15:35:00;0,0,0;;;;
???;16:30:41;15:35:01;0,0,0;;;;
???;16:30:57;15:35:01;0,0,0;;;;
???;16:31:12;15:35:02;0,0,0;;;;
???;16:31:28;15:35:02;0,0,0;;;;
???;16:31:44;15:35:03;0,0,0;;;;
???;16:31:59;15:35:03;0,0,0;;;;
???;16:32:15;15:35:04;0,0,0;;;;
???;16:32:31;15:35:04;0,0,0;;;;
???;16:32:46;15:35:05;0,0,0;;;;
???;16:33:02;15:35:05;0,0,0;;;;
???;16:33:17;15:35:06;0,0,0;;;;
???;16:33:33;15:35:07;0,0,0;;;;
???;16:33:48;15:35:07;0,0,0;;;;
???;16:34:04;15:35:08;0,0,0;;;;
???;16:34:19;15:35:08;0,0,0;;;;
???;16:34:35;15:35:09;0,0,0;;;;
???;16:34:51;15:35:09;0,0,0;;;;
???;16:35:06;15:35:10;0,0,0;;;;
???;16:35:22;15:35:10;0,0,0;;;;
???;16:35:37;15:35:11;0,0,0;;;;
???;16:35:53;15:35:11;0,0,0;;;;
???;16:36:08;15:35:12;0,0,0;;;;
???;16:36:24;15:35:12;0,0,0;;;;
???;16:36:39;15:35:13;0,0,0;;;;
???;16:36:55;15:35:13;0,0,0;;;;
???;16:37:10;15:35:14;0,0,0;;;;
???;16:37:26;15:35:14;0,0,0;;;;
???;16:37:41;15:35:15;0,0,0;;;;
???;16:37:57;15:35:15;0,0,0;;;;
???;16:38:12;15:35:16;0,0,0;;;;
???;16:38:28;15:35:16;0,0,0;;;;
???;16:38:44;15:35:17;0,0,0;;;;
???;16:38:59;15:35:17;0,0,0;;;;
???;16:39:15;15:35:18;0,0,0;;;;
???;16:39:30;15:35:18;0,0,0;;;;
???;16:39:46;15:35:19;0,0,0;;;;
???;16:40:02;15:35:19;0,0,0;;;;
???;16:40:17;15:35:20;0,0,0;;;;
???;16:40:33;15:35:21;0,0,0;;;;
???;16:40:49;15:35:21;0,0,0;;;;
???;16:41:04;15:35:22;0,0,0;;;;
???;16:41:20;15:35:22;0,0,0;;;;
???;16:41:35;15:35:23;0,0,0;;;;
???;16:41:51;15:35:23;0,0,0;;;;
???;16:42:06;15:35:24;0,0,0;;;;
???;16:42:22;15:35:24;0,0,0;;;;
???;16:42:37;15:35:25;0,0,0;;;;
???;16:42:53;15:35:25;0,0,0;;;;
???;16:43:08;15:35:26;0,0,0;;;;
???;16:43:24;15:35:26;0,0,0;;;;
???;16:43:39;15:35:27;0,0,0;;;;
???;16:43:55;15:35:27;0,0,0;;;;
???;16:44:10;15:35:28;0,0,0;;;;
???;16:44:26;15:35:28;0,0,0;;;;
???;16:44:42;15:35:29;0,0,0;;;;
???;16:44:57;15:35:29;0,0,0;;;;
???;16:45:13;15:35:30;0,0,0;;;;
???;16:45:28;15:35:30;0,0,0;;;;
???;16:45:44;15:35:31;0,0,0;;;;
???;16:46:00;15:35:31;0,0,0;;;;
???;16:46:15;15:35:32;0,0,0;;;;
???;16:46:31;15:35:32;0,0,0;;;;
???;16:46:46;15:35:33;0,0,0;;;;
???;16:47:02;15:35:33;0,0,0;;;;
???;16:47:17;15:35:34;0,0,0;;;;
???;16:47:33;15:35:35;0,0,0;;;;
???;16:47:49;15:35:35;0,0,0;;;;
???;16:48:04;15:35:36;0,0,0;;;;
???;16:48:20;15:35:36;0,0,0;;;;
???;16:48:36;15:35:37;0,0,0;;;;
???;16:48:51;15:35:37;0,0,0;;;;
???;16:49:07;15:35:38;0,0,0;;;;
???;16:49:23;15:35:38;0,0,0;;;;
???;16:49:38;15:35:39;0,0,0;;;;
???;16:49:54;15:35:39;0,0,0;;;;
???;16:50:09;15:35:40;0,0,0;;;;
???;16:50:25;15:35:40;0,0,0;;;;
???;16:50:41;15:35:41;0,0,0;;;;
???;16:50:56;15:35:41;0,0,0;;;;
???;16:51:12;15:35:42;0,0,0;;;;
???;16:51:27;15:35:42;0,0,0;;;;
???;16:51:43;15:35:43;0,0,0;;;;
???;16:51:58;15:35:43;0,0,0;;;;
???;16:52:14;15:35:44;0,0,0;;;;
???;16:52:29;15:35:44;0,0,0;;;;
???;16:52:45;15:35:45;0,0,0;;;;
???;16:53:01;15:35:45;0,0,0;;;;
???;16:53:16;15:35:46;0,0,0;;;;
???;16:53:32;15:35:46;0,0,0;;;;
???;16:53:48;15:35:47;0,0,0;;;;
???;16:54:03;15:35:48;0,0,0;;;;
???;16:54:19;15:35:48;0,0,0;;;;
???;16:54:34;15:35:49;0,0,0;;;;
???;16:54:50;15:35:49;0,0,0;;;;
???;16:55:05;15:35:50;0,0,0;;;;
???;16:55:21;15:35:50;0,0,0;;;;
???;16:55:37;15:35:51;0,0,0;;;;
???;16:55:52;15:35:51;0,0,0;;;;
???;16:56:08;15:35:52;0,0,0;;;;
???;16:56:23;15:35:52;0,0,0;;;;
???;16:56:39;15:35:53;0,0,0;;;;
???;16:56:54;15:35:53;0,0,0;;;;
???;16:57:10;15:35:54;0,0,0;;;;
???;16:57:25;15:35:54;0,0,0;;;;
???;16:57:41;15:35:55;0,0,0;;;;
???;16:57:57;15:35:55;0,0,0;;;;
???;16:58:12;15:35:56;0,0,0;;;;
???;16:58:28;15:35:56;0,0,0;;;;
???;16:58:43;15:35:57;0,0,0;;;;
???;16:58:59;15:35:57;0,0,0;;;;
???;16:59:14;15:35:58;0,0,0;;;;
???;16:59:30;15:35:58;0,0,0;;;;
???;16:59:45;15:35:59;0,0,0;;;;
???;17:00:01;15:35:59;0,0,0;;;;
???;17:00:17;15:36:00;0,0,0;;;;
???;17:00:32;15:36:00;0,0,0;;;;
???;17:00:48;15:36:01;0,0,0;;;;
???;17:01:04;15:36:02;0,0,0;;;;
???;17:01:19;15:36:02;0,0,0;;;;
???;17:01:35;15:36:03;0,0,0;;;;
???;17:01:51;15:36:03;0,0,0;;;;
???;17:02:06;15:36:04;0,0,0;;;;
???;17:02:22;15:36:04;0,0,0;;;;
???;17:02:37;15:36:05;0,0,0;;;;
???;17:02:53;15:36:05;0,0,0;;;;
???;17:03:09;15:36:06;0,0,0;;;;
???;17:03:24;15:36:06;0,0,0;;;;
???;17:03:40;15:36:07;0,0,0;;;;
???;17:03:55;15:36:07;0,0,0;;;;
???;17:04:11;15:36:08;0,0,0;;;;
???;17:04:26;15:36:08;0,0,0;;;;
???;17:04:42;15:36:09;0,0,0;;;;
???;17:04:58;15:36:09;0,0,0;;;;
???;17:05:13;15:36:10;0,0,0;;;;
???;17:05:29;15:36:10;0,0,0;;;;
???;17:05:44;15:36:11;0,0,0;;;;
???;17:06:00;15:36:11;0,0,0;;;;
???;17:06:15;15:36:12;0,0,0;;;;
???;17:06:31;15:36:12;0,0,0;;;;
???;17:06:46;15:36:13;0,0,0;;;;
???;17:07:02;15:36:13;0,0,0;;;;
???;17:07:18;15:36:14;0,0,0;;;;
???;17:07:33;15:36:15;0,0,0;;;;
???;17:07:49;15:36:15;0,0,0;;;;
???;17:08:04;15:36:16;0,0,0;;;;
???;17:08:20;15:36:16;0,0,0;;;;
???;17:08:36;15:36:17;0,0,0;;;;
???;17:08:51;15:36:17;0,0,0;;;;
???;17:09:07;15:36:18;0,0,0;;;;
???;17:09:22;15:36:18;0,0,0;;;;
???;17:09:38;15:36:19;0,0,0;;;;
???;17:09:53;15:36:19;0,0,0;;;;
???;17:10:09;15:36:20;0,0,0;;;;
???;17:10:25;15:36:20;0,0,0;;;;
???;17:10:40;15:36:21;0,0,0;;;;
???;17:10:56;15:36:21;0,0,0;;;;
???;17:11:11;15:36:22;0,0,0;;;;
???;17:11:27;15:36:22;0,0,0;;;;
???;17:11:42;15:36:23;0,0,0;;;;
???;17:11:58;15:36:23;0,0,0;;;;
???;17:12:13;15:36:24;0,0,0;;;;
???;17:12:29;15:36:24;0,0,0;;;;
???;17:12:45;15:36:25;0,0,0;;;;
???;17:13:00;15:36:25;0,0,0;;;;
???;17:13:16;15:36:26;0,0,0;;;;
???;17:13:31;15:36:26;0,0,0;;;;
???;17:13:47;15:36:27;0,0,0;;;;
???;17:14:03;15:36:28;0,0,0;;;;
???;17:14:18;15:36:28;0,0,0;;;;
???;17:14:34;15:36:29;0,0,0;;;;
???;17:14:49;15:36:29;0,0,0;;;;
???;17:15:05;15:36:30;0,0,0;;;;
???;17:15:20;15:36:30;0,0,0;;;;
???;17:15:36;15:36:31;0,0,0;;;;
???;17:15:51;15:36:31;0,0,0;;;;
???;17:16:07;15:36:32;0,0,0;;;;
???;17:16:23;15:36:32;0,0,0;;;;
???;17:16:38;15:36:33;0,0,0;;;;
???;17:16:54;15:36:33;0,0,0;;;;
???;17:17:09;15:36:34;0,0,0;;;;
???;17:17:25;15:36:34;0,0,0;;;;
???;17:17:41;15:36:35;0,0,0;;;;
???;17:17:57;15:36:35;0,0,0;;;;
???;17:18:12;15:36:36;0,0,0;;;;
???;17:18:28;15:36:36;0,0,0;;;;
???;17:18:43;15:36:37;0,0,0;;;;
???;17:18:59;15:36:37;0,0,0;;;;
???;17:19:14;15:36:38;0,0,0;;;;
???;17:19:30;15:36:38;0,0,0;;;;
???;17:19:46;15:36:39;0,0,0;;;;
???;17:20:01;15:36:39;0,0,0;;;;
???;17:20:17;15:36:40;0,0,0;;;;
???;17:20:33;15:36:41;0,0,0;;;;
???;17:20:49;15:36:41;0,0,0;;;;
???;17:21:04;15:36:42;0,0,0;;;;
???;17:21:20;15:36:42;0,0,0;;;;
???;17:21:35;15:36:43;0,0,0;;;;
???;17:21:51;15:36:43;0,0,0;;;;
???;17:22:06;15:36:44;0,0,0;;;;
???;17:22:22;15:36:44;0,0,0;;;;
???;17:22:37;15:36:45;0,0,0;;;;
???;17:22:53;15:36:45;0,0,0;;;;
???;17:23:08;15:36:46;0,0,0;;;;
???;17:23:24;15:36:46;0,0,0;;;;
???;17:23:40;15:36:47;0,0,0;;;;
???;17:23:55;15:36:47;0,0,0;;;;
???;17:24:10;15:36:48;0,0,0;;;;
???;17:24:26;15:36:48;0,0,0;;;;
???;17:24:41;15:36:49;0,0,0;;;;
???;17:24:57;15:36:49;0,0,0;;;;
???;17:25:13;15:36:50;0,0,0;;;;
???;17:25:28;15:36:50;0,0,0;;;;
???;17:25:44;15:36:51;0,0,0;;;;
???;17:25:59;15:36:51;0,0,0;;;;
???;17:26:15;15:36:52;0,0,0;;;;
???;17:26:30;15:36:52;0,0,0;;;;
???;17:26:46;15:36:53;0,0,0;;;;
???;17:27:02;15:36:53;0,0,0;;;;
???;17:27:17;15:36:54;0,0,0;;;;
???;17:27:33;15:36:55;0,0,0;;;;
???;17:27:48;15:36:55;0,0,0;;;;
???;17:28:04;15:36:56;0,0,0;;;;
???;17:28:20;15:36:56;0,0,0;;;;
???;17:28:35;15:36:57;0,0,0;;;;
???;17:28:51;15:36:57;0,0,0;;;;
???;17:29:06;15:36:58;0,0,0;;;;
???;17:29:22;15:36:58;0,0,0;;;;
???;17:29:38;15:36:59;0,0,0;;;;
???;17:29:53;15:36:59;0,0,0;;;;
???;17:30:09;15:37:00;0,0,0;;;;
???;17:30:24;15:37:00;0,0,0;;;;
???;17:30:40;15:37:01;0,0,0;;;;
???;17:30:56;15:37:01;0,0,0;;;;
???;17:31:11;15:37:02;0,0,0;;;;
???;17:31:27;15:37:02;0,0,0;;;;
???;17:31:42;15:37:03;0,0,0;;;;
???;17:31:58;15:37:03;0,0,0;;;;
???;17:32:14;15:37:04;0,0,0;;;;
???;17:32:30;15:37:04;0,0,0;;;;
???;17:32:45;15:37:05;0,0,0;;;;
???;17:33:01;15:37:05;0,0,0;;;;
???;17:33:17;15:37:06;0,0,0;;;;
???;17:33:32;15:37:06;0,0,0;;;;
???;17:33:48;15:37:07;0,0,0;;;;
???;17:34:03;15:37:08;0,0,0;;;;
???;17:34:19;15:37:08;0,0,0;;;;
???;17:34:34;15:37:09;0,0,0;;;;
???;17:34:50;15:37:09;0,0,0;;;;
???;17:35:05;15:37:10;0,0,0;;;;
???;17:35:21;15:37:10;0,0,0;;;;
???;17:35:37;15:37:11;0,0,0;;;;
???;17:35:52;15:37:11;0,0,0;;;;
???;17:36:08;15:37:12;0,0,0;;;;
???;17:36:24;15:37:12;0,0,0;;;;
???;17:36:39;15:37:13;0,0,0;;;;
???;17:36:55;15:37:13;0,0,0;;;;
???;17:37:11;15:37:14;0,0,0;;;;
???;17:37:26;15:37:14;0,0,0;;;;
???;17:37:42;15:37:15;0,0,0;;;;
???;17:37:57;15:37:15;0,0,0;;;;
???;17:38:13;15:37:16;0,0,0;;;;
???;17:38:29;15:37:16;0,0,0;;;;
???;17:38:44;15:37:17;0,0,0;;;;
???;17:39:00;15:37:17;0,0,0;;;;
???;17:39:15;15:37:18;0,0,0;;;;
???;17:39:31;15:37:18;0,0,0;;;;
???;17:39:46;15:37:19;0,0,0;;;;
???;17:40:02;15:37:19;0,0,0;;;;
???;17:40:17;15:37:20;0,0,0;;;;
???;17:40:33;15:37:21;0,0,0;;;;
???;17:40:49;15:37:21;0,0,0;;;;
???;17:41:04;15:37:22;0,0,0;;;;
???;17:41:20;15:37:22;0,0,0;;;;
???;17:41:35;15:37:23;0,0,0;;;;
???;17:41:51;15:37:23;0,0,0;;;;
???;17:42:06;15:37:24;0,0,0;;;;
???;17:42:21;15:37:24;0,0,0;;;;
???;17:42:37;15:37:25;0,0,0;;;;
???;17:42:53;15:37:25;0,0,0;;;;
???;17:43:08;15:37:26;0,0,0;;;;
???;17:43:24;15:37:26;0,0,0;;;;
???;17:43:39;15:37:27;0,0,0;;;;
???;17:43:55;15:37:27;0,0,0;;;;
???;17:44:10;15:37:28;0,0,0;;;;
???;17:44:26;15:37:28;0,0,0;;;;
???;17:44:41;15:37:29;0,0,0;;;;
???;17:44:57;15:37:29;0,0,0;;;;
???;17:45:12;15:37:30;0,0,0;;;;
???;17:45:28;15:37:30;0,0,0;;;;
???;17:45:43;15:37:31;0,0,0;;;;
???;17:45:59;15:37:31;0,0,0;;;;
???;17:46:15;15:37:32;0,0,0;;;;
???;17:46:30;15:37:32;0,0,0;;;;
???;17:46:46;15:37:33;0,0,0;;;;
???;17:47:01;15:37:33;0,0,0;;;;
???;17:47:17;15:37:34;0,0,0;;;;
???;17:47:32;15:37:34;0,0,0;;;;
???;17:47:48;15:37:35;0,0,0;;;;
???;17:48:03;15:37:36;0,0,0;;;;
???;17:48:19;15:37:36;0,0,0;;;;
???;17:48:35;15:37:37;0,0,0;;;;
???;17:48:51;15:37:37;0,0,0;;;;
???;17:49:06;15:37:38;0,0,0;;;;
???;17:49:22;15:37:38;0,0,0;;;;
???;17:49:37;15:37:39;0,0,0;;;;
???;17:49:53;15:37:39;0,0,0;;;;
???;17:50:09;15:37:40;0,0,0;;;;
???;17:50:24;15:37:40;0,0,0;;;;
???;17:50:40;15:37:41;0,0,0;;;;
???;17:50:56;15:37:41;0,0,0;;;;
???;17:51:11;15:37:42;0,0,0;;;;
???;17:51:27;15:37:42;0,0,0;;;;
???;17:51:42;15:37:43;0,0,0;;;;
???;17:51:58;15:37:43;0,0,0;;;;
???;17:52:13;15:37:44;0,0,0;;;;
???;17:52:29;15:37:44;0,0,0;;;;
???;17:52:45;15:37:45;0,0,0;;;;
???;17:53:00;15:37:45;0,0,0;;;;
???;17:53:16;15:37:46;0,0,0;;;;
???;17:53:31;15:37:46;0,0,0;;;;
???;17:53:47;15:37:47;0,0,0;;;;
???;17:54:03;15:37:48;0,0,0;;;;
???;17:54:18;15:37:48;0,0,0;;;;
???;17:54:34;15:37:49;0,0,0;;;;
???;17:54:50;15:37:49;0,0,0;;;;
???;17:55:05;15:37:50;0,0,0;;;;
???;17:55:21;15:37:50;0,0,0;;;;
???;17:55:36;15:37:51;0,0,0;;;;
???;17:55:52;15:37:51;0,0,0;;;;
???;17:56:07;15:37:52;0,0,0;;;;
???;17:56:23;15:37:52;0,0,0;;;;
???;17:56:39;15:37:53;0,0,0;;;;
???;17:56:54;15:37:53;0,0,0;;;;
???;17:57:09;15:37:54;0,0,0;;;;
???;17:57:25;15:37:54;0,0,0;;;;
???;17:57:41;15:37:55;0,0,0;;;;
???;17:57:56;15:37:55;0,0,0;;;;
???;17:58:12;15:37:56;0,0,0;;;;
???;17:58:27;15:37:56;0,0,0;;;;
???;17:58:43;15:37:57;0,0,0;;;;
???;17:58:59;15:37:57;0,0,0;;;;
???;17:59:14;15:37:58;0,0,0;;;;
???;17:59:30;15:37:58;0,0,0;;;;
???;17:59:46;15:37:59;0,0,0;;;;
???;18:00:01;15:37:59;0,0,0;;;;
???;18:00:17;15:38:00;0,0,0;;;;
???;18:00:32;15:38:01;0,0,0;;;;
???;18:00:48;15:38:01;0,0,0;;;;
???;18:01:04;15:38:02;0,0,0;;;;
???;18:01:19;15:38:02;0,0,0;;;;
???;18:01:35;15:38:03;0,0,0;;;;
???;18:01:50;15:38:03;0,0,0;;;;
???;18:02:06;15:38:04;0,0,0;;;;
???;18:02:21;15:38:04;0,0,0;;;;
???;18:02:37;15:38:05;0,0,0;;;;
???;18:02:52;15:38:05;0,0,0;;;;
???;18:03:08;15:38:06;0,0,0;;;;
???;18:03:24;15:38:06;0,0,0;;;;
???;18:03:39;15:38:07;0,0,0;;;;
???;18:03:55;15:38:07;0,0,0;;;;
???;18:04:10;15:38:08;0,0,0;;;;
???;18:04:26;15:38:08;0,0,0;;;;
???;18:04:41;15:38:09;0,0,0;;;;
???;18:04:57;15:38:09;0,0,0;;;;
???;18:05:13;15:38:10;0,0,0;;;;
???;18:05:28;15:38:10;0,0,0;;;;
???;18:05:44;15:38:11;0,0,0;;;;
???;18:05:59;15:38:11;0,0,0;;;;
???;18:06:15;15:38:12;0,0,0;;;;
???;18:06:30;15:38:12;0,0,0;;;;
???;18:06:46;15:38:13;0,0,0;;;;
???;18:07:01;15:38:13;0,0,0;;;;
???;18:07:17;15:38:14;0,0,0;;;;
???;18:07:32;15:38:15;0,0,0;;;;
???;18:07:48;15:38:15;0,0,0;;;;
???;18:08:03;15:38:16;0,0,0;;;;
???;18:08:19;15:38:16;0,0,0;;;;
???;18:08:35;15:38:17;0,0,0;;;;
???;18:08:50;15:38:17;0,0,0;;;;
???;18:09:06;15:38:18;0,0,0;;;;
???;18:09:21;15:38:18;0,0,0;;;;
???;18:09:37;15:38:19;0,0,0;;;;
???;18:09:52;15:38:19;0,0,0;;;;
???;18:10:08;15:38:20;0,0,0;;;;
???;18:10:23;15:38:20;0,0,0;;;;
???;18:10:39;15:38:21;0,0,0;;;;
???;18:10:54;15:38:21;0,0,0;;;;
???;18:11:10;15:38:22;0,0,0;;;;
???;18:11:25;15:38:22;0,0,0;;;;
???;18:11:41;15:38:23;0,0,0;;;;
???;18:11:57;15:38:23;0,0,0;;;;
???;18:12:12;15:38:24;0,0,0;;;;
???;18:12:28;15:38:24;0,0,0;;;;
???;18:12:43;15:38:25;0,0,0;;;;
???;18:12:59;15:38:25;0,0,0;;;;
???;18:13:14;15:38:26;0,0,0;;;;
???;18:13:30;15:38:26;0,0,0;;;;
???;18:13:45;15:38:27;0,0,0;;;;
???;18:14:01;15:38:27;0,0,0;;;;
???;18:14:17;15:38:28;0,0,0;;;;
???;18:14:32;15:38:28;0,0,0;;;;
???;18:14:48;15:38:29;0,0,0;;;;
???;18:15:03;15:38:30;0,0,0;;;;
???;18:15:19;15:38:30;0,0,0;;;;
???;18:15:34;15:38:31;0,0,0;;;;
???;18:15:50;15:38:31;0,0,0;;;;
???;18:16:06;15:38:32;0,0,0;;;;
???;18:16:23;15:38:32;0,0,0;;;;
???;18:16:38;15:38:33;0,0,0;;;;
???;18:16:54;15:38:33;0,0,0;;;;
???;18:17:10;15:38:34;0,0,0;;;;
???;18:17:25;15:38:34;0,0,0;;;;
???;18:17:41;15:38:35;0,0,0;;;;
???;18:17:57;15:38:35;0,0,0;;;;
???;18:18:12;15:38:36;0,0,0;;;;
???;18:18:28;15:38:36;0,0,0;;;;
???;18:18:43;15:38:37;0,0,0;;;;
???;18:18:59;15:38:37;0,0,0;;;;
???;18:19:15;15:38:38;0,0,0;;;;
???;18:19:30;15:38:38;0,0,0;;;;
???;18:19:46;15:38:39;0,0,0;;;;
???;18:20:01;15:38:39;0,0,0;;;;
???;18:20:17;15:38:40;0,0,0;;;;
???;18:20:33;15:38:41;0,0,0;;;;
???;18:20:48;15:38:41;0,0,0;;;;
???;18:21:04;15:38:42;0,0,0;;;;
???;18:21:20;15:38:42;0,0,0;;;;
???;18:21:35;15:38:43;0,0,0;;;;
???;18:21:51;15:38:43;0,0,0;;;;
???;18:22:06;15:38:44;0,0,0;;;;
???;18:22:22;15:38:44;0,0,0;;;;
???;18:22:38;15:38:45;0,0,0;;;;
???;18:22:53;15:38:45;0,0,0;;;;
???;18:23:09;15:38:46;0,0,0;;;;
???;18:23:24;15:38:46;0,0,0;;;;
???;18:23:40;15:38:47;0,0,0;;;;
???;18:23:55;15:38:47;0,0,0;;;;
???;18:24:11;15:38:48;0,0,0;;;;
???;18:24:27;15:38:48;0,0,0;;;;
???;18:24:42;15:38:49;0,0,0;;;;
???;18:24:58;15:38:49;0,0,0;;;;
???;18:25:13;15:38:50;0,0,0;;;;
???;18:25:29;15:38:50;0,0,0;;;;
???;18:25:44;15:38:51;0,0,0;;;;
???;18:26:00;15:38:51;0,0,0;;;;
???;18:26:16;15:38:52;0,0,0;;;;
???;18:26:31;15:38:52;0,0,0;;;;
???;18:26:47;15:38:53;0,0,0;;;;
???;18:27:03;15:38:54;0,0,0;;;;
???;18:27:18;15:38:54;0,0,0;;;;
???;18:27:34;15:38:55;0,0,0;;;;
???;18:27:49;15:38:55;0,0,0;;;;
???;18:28:05;15:38:56;0,0,0;;;;
???;18:28:21;15:38:56;0,0,0;;;;
???;18:28:36;15:38:57;0,0,0;;;;
???;18:28:52;15:38:57;0,0,0;;;;
???;18:29:08;15:38:58;0,0,0;;;;
???;18:29:23;15:38:58;0,0,0;;;;
???;18:29:39;15:38:59;0,0,0;;;;
???;18:29:54;15:38:59;0,0,0;;;;
???;18:30:10;15:39:00;0,0,0;;;;
???;18:30:25;15:39:00;0,0,0;;;;
???;18:30:41;15:39:01;0,0,0;;;;
???;18:30:56;15:39:01;0,0,0;;;;
???;18:31:12;15:39:02;0,0,0;;;;
???;18:31:27;15:39:02;0,0,0;;;;
???;18:31:43;15:39:03;0,0,0;;;;
???;18:31:58;15:39:03;0,0,0;;;;
???;18:32:14;15:39:04;0,0,0;;;;
???;18:32:29;15:39:04;0,0,0;;;;
???;18:32:45;15:39:05;0,0,0;;;;
???;18:33:00;15:39:05;0,0,0;;;;
???;18:33:16;15:39:06;0,0,0;;;;
???;18:33:31;15:39:06;0,0,0;;;;
???;18:33:47;15:39:07;0,0,0;;;;
???;18:34:02;15:39:08;0,0,0;;;;
???;18:34:18;15:39:08;0,0,0;;;;
???;18:34:34;15:39:09;0,0,0;;;;
???;18:34:49;15:39:09;0,0,0;;;;
???;18:35:05;15:39:10;0,0,0;;;;
???;18:35:20;15:39:10;0,0,0;;;;
???;18:35:36;15:39:11;0,0,0;;;;
???;18:35:51;15:39:11;0,0,0;;;;
???;18:36:07;15:39:12;0,0,0;;;;
???;18:36:22;15:39:12;0,0,0;;;;
???;18:36:38;15:39:13;0,0,0;;;;
???;18:36:53;15:39:13;0,0,0;;;;
???;18:37:09;15:39:14;0,0,0;;;;
???;18:37:25;15:39:14;0,0,0;;;;
???;18:37:40;15:39:15;0,0,0;;;;
???;18:37:56;15:39:15;0,0,0;;;;
???;18:38:11;15:39:16;0,0,0;;;;
???;18:38:27;15:39:16;0,0,0;;;;
???;18:38:43;15:39:17;0,0,0;;;;
???;18:38:58;15:39:17;0,0,0;;;;
???;18:39:14;15:39:18;0,0,0;;;;
???;18:39:29;15:39:18;0,0,0;;;;
???;18:39:45;15:39:19;0,0,0;;;;
???;18:40:00;15:39:19;0,0,0;;;;
???;18:40:16;15:39:20;0,0,0;;;;
???;18:40:31;15:39:20;0,0,0;;;;
???;18:40:47;15:39:21;0,0,0;;;;
???;18:41:03;15:39:22;0,0,0;;;;
???;18:41:18;15:39:22;0,0,0;;;;
???;18:41:34;15:39:23;0,0,0;;;;
???;18:41:49;15:39:23;0,0,0;;;;
???;18:42:05;15:39:24;0,0,0;;;;
???;18:42:20;15:39:24;0,0,0;;;;
???;18:42:36;15:39:25;0,0,0;;;;
???;18:42:52;15:39:25;0,0,0;;;;
???;18:43:07;15:39:26;0,0,0;;;;
???;18:43:23;15:39:26;0,0,0;;;;
???;18:43:38;15:39:27;0,0,0;;;;
???;18:43:54;15:39:27;0,0,0;;;;
???;18:44:10;15:39:28;0,0,0;;;;
???;18:44:25;15:39:28;0,0,0;;;;
???;18:44:41;15:39:29;0,0,0;;;;
???;18:44:57;15:39:29;0,0,0;;;;
???;18:45:12;15:39:30;0,0,0;;;;
???;18:45:28;15:39:30;0,0,0;;;;
???;18:45:43;15:39:31;0,0,0;;;;
???;18:45:59;15:39:31;0,0,0;;;;
???;18:46:14;15:39:32;0,0,0;;;;
???;18:46:30;15:39:32;0,0,0;;;;
???;18:46:46;15:39:33;0,0,0;;;;
???;18:47:01;15:39:33;0,0,0;;;;
???;18:47:17;15:39:34;0,0,0;;;;
???;18:47:32;15:39:34;0,0,0;;;;
???;18:47:48;15:39:35;0,0,0;;;;
???;18:48:03;15:39:36;0,0,0;;;;
???;18:48:19;15:39:36;0,0,0;;;;
???;18:48:34;15:39:37;0,0,0;;;;
???;18:48:50;15:39:37;0,0,0;;;;
???;18:49:05;15:39:38;0,0,0;;;;
???;18:49:21;15:39:38;0,0,0;;;;
???;18:49:37;15:39:39;0,0,0;;;;
???;18:49:52;15:39:39;0,0,0;;;;
???;18:50:08;15:39:40;0,0,0;;;;
???;18:50:24;15:39:40;0,0,0;;;;
???;18:50:39;15:39:41;0,0,0;;;;
???;18:50:55;15:39:41;0,0,0;;;;
???;18:51:10;15:39:42;0,0,0;;;;
???;18:51:26;15:39:42;0,0,0;;;;
???;18:51:41;15:39:43;0,0,0;;;;
???;18:51:57;15:39:43;0,0,0;;;;
???;18:52:13;15:39:44;0,0,0;;;;
???;18:52:28;15:39:44;0,0,0;;;;
???;18:52:44;15:39:45;0,0,0;;;;
???;18:53:00;15:39:45;0,0,0;;;;
???;18:53:15;15:39:46;0,0,0;;;;
???;18:53:31;15:39:46;0,0,0;;;;
???;18:53:47;15:39:47;0,0,0;;;;
???;18:54:02;15:39:47;0,0,0;;;;
???;18:54:18;15:39:48;0,0,0;;;;
???;18:54:33;15:39:49;0,0,0;;;;
???;18:54:49;15:39:49;0,0,0;;;;
???;18:55:05;15:39:50;0,0,0;;;;
???;18:55:20;15:39:50;0,0,0;;;;
???;18:55:36;15:39:51;0,0,0;;;;
???;18:55:52;15:39:51;0,0,0;;;;
???;18:56:08;15:39:52;0,0,0;;;;
???;18:56:23;15:39:52;0,0,0;;;;
???;18:56:39;15:39:53;0,0,0;;;;
???;18:56:54;15:39:53;0,0,0;;;;
???;18:57:10;15:39:54;0,0,0;;;;
???;18:57:26;15:39:54;0,0,0;;;;
???;18:57:41;15:39:55;0,0,0;;;;
???;18:57:57;15:39:55;0,0,0;;;;
???;18:58:13;15:39:56;0,0,0;;;;
???;18:58:28;15:39:56;0,0,0;;;;
???;18:58:44;15:39:57;0,0,0;;;;
???;18:59:00;15:39:57;0,0,0;;;;
???;18:59:15;15:39:58;0,0,0;;;;
???;18:59:31;15:39:58;0,0,0;;;;
???;18:59:47;15:39:59;0,0,0;;;;
???;19:00:02;15:40:00;0,0,0;;;;
???;19:00:10;15:40:00;0,0,0;;;;
???;19:00:10;15:40:01;0,0,0;;Yo!;Cutscene;Cutscene
???;19:00:10;15:40:01;0,0,0;;So, like, since we're both unemployed, like,;Cutscene;Cutscene
???;19:00:10;15:40:02;0,0,0;;;;
???;19:00:10;15:40:02;0,0,0;;;;
???;19:00:10;15:40:03;0,0,0;;;;
???;19:00:10;15:40:03;0,0,0;;we could run together, you know?;Cutscene;Cutscene
???;19:00:10;15:40:04;0,0,0;;;;
???;19:00:10;15:40:04;0,0,0;;;;
???;19:00:10;15:40:05;0,0,0;;;;
???;19:00:10;15:40:05;0,0,0;;Yeah, I'll think about it, homie.;Cutscene;Cutscene
???;19:00:10;15:40:06;0,0,0;;;;
???;19:00:10;15:40:06;0,0,0;;;;
???;19:00:10;15:40:07;0,0,0;;;;
???;19:00:10;15:40:07;0,0,0;;Yo, or, we could just, like, chop it, y'know?;Cutscene;Cutscene
???;19:00:10;15:40:08;0,0,0;;;;
???;19:00:10;15:40:08;0,0,0;;;;
???;19:00:10;15:40:09;0,0,0;;;;
???;19:00:10;15:40:09;0,0,0;;;;
???;19:00:10;15:40:10;0,0,0;;Play darts or get our drink on?;Cutscene;Cutscene
???;19:00:10;15:40:10;0,0,0;;;;
???;19:00:10;15:40:11;0,0,0;;;;
???;19:00:10;15:40:12;0,0,0;;;;
???;19:00:10;15:40:12;0,0,0;;;;
???;19:00:10;15:40:13;0,0,0;;Strip clubs?;Cutscene;Cutscene
???;19:00:10;15:40:13;0,0,0;;;;
???;19:00:10;15:40:14;0,0,0;;;;
???;19:00:10;15:40:14;0,0,0;;Come on, dude. I get real crazy.;Cutscene;Cutscene
???;19:00:10;15:40:15;0,0,0;;;;
???;19:00:10;15:40:15;0,0,0;;;;
???;19:00:10;15:40:16;0,0,0;;;;
???;19:00:10;15:40:16;0,0,0;;;;
???;19:00:10;15:40:17;0,0,0;;Yeah, I got your number should I need it, man. But uh...;Cutscene;Cutscene
???;19:00:10;15:40:17;0,0,0;;;;
???;19:00:10;15:40:18;0,0,0;;;;
???;19:00:10;15:40:18;0,0,0;;;;
???;19:00:10;15:40:19;0,0,0;;hey-hey, you know what?;Cutscene;Cutscene
???;19:00:10;15:40:19;0,0,0;;;;
???;19:00:10;15:40:20;0,0,0;;Man, go easy on your pops, dog. Alright?;Cutscene;Cutscene
???;19:00:10;15:40:20;0,0,0;;;;
???;19:00:10;15:40:21;0,0,0;;;;
???;19:00:10;15:40:21;0,0,0;;;;
???;19:00:10;15:40:22;0,0,0;;Alright. Church.;Cutscene;Cutscene
???;19:00:10;15:40:22;0,0,0;;;;
???;19:00:10;15:40:23;0,0,0;;;;
???;19:00:10;15:40:23;0,0,0;;Exactly, man.;Cutscene;Cutscene
???;19:00:10;15:40:24;0,0,0;;;;
???;19:00:10;15:40:25;0,0,0;;;;
???;19:00:10;15:40:25;0,0,0;;My brother from another mother.;Cutscene;Cutscene
???;19:00:10;15:40:26;0,0,0;;;;
???;19:00:10;15:40:26;0,0,0;;;;
???;19:00:10;15:40:27;0,0,0;;;;
???;19:00:10;15:40:27;0,0,0;;I mean...;Cutscene;Cutscene
???;19:00:10;15:40:28;0,0,0;;I-I hope so 'cause my mom was kind of a skank back in the day. See ya!;Cutscene;Cutscene
???;19:00:10;15:40:28;0,0,0;;;;
???;19:00:10;15:40:29;0,0,0;;;;
???;19:00:10;15:40:29;0,0,0;;;;
???;19:00:10;15:40:30;0,0,0;;;;
???;19:00:10;15:40:30;0,0,0;;;;
???;19:00:10;15:40:31;0,0,0;;;;
???;19:00:10;15:40:31;0,0,0;;;;
???;19:00:10;15:40:32;0,0,0;;Yeah, whatever, homie.;Cutscene;Cutscene
???;19:00:10;15:40:32;0,0,0;;;;
???;19:00:10;15:40:33;0,0,0;;;;
???;19:00:10;15:40:33;0,0,0;;Peace!;Cutscene;Cutscene
???;19:00:11;15:40:34;0,0,0;;;;
???;19:00:27;15:40:34;0,0,0;;;;
???;19:00:43;15:40:35;0,0,0;;;;
???;19:00:58;15:40:35;0,0,0;;;;
???;19:01:14;15:40:36;0,0,0;;;;
???;19:01:30;15:40:36;0,0,0;;;;
???;19:01:45;15:40:37;0,0,0;;;;
???;19:02:01;15:40:38;0,0,0;;;;
???;19:02:17;15:40:38;0,0,0;;;;
???;19:02:32;15:40:39;0,0,0;;;;
???;19:02:48;15:40:39;0,0,0;;;;
???;19:03:03;15:40:40;0,0,0;;;;
???;19:03:19;15:40:40;0,0,0;;;;
???;19:03:35;15:40:41;0,0,0;;;;
???;19:03:50;15:40:41;0,0,0;;;;
???;19:04:06;15:40:42;0,0,0;;;;
???;19:04:21;15:40:42;0,0,0;;;;
???;19:04:37;15:40:43;0,0,0;;;;
???;19:04:52;15:40:43;0,0,0;;;;
???;19:05:08;15:40:44;0,0,0;;;;
???;19:05:23;15:40:44;0,0,0;;;;
???;19:05:39;15:40:45;0,0,0;;;;
???;19:05:55;15:40:45;0,0,0;;;;
???;19:06:10;15:40:46;0,0,0;;;;
???;19:06:26;15:40:46;0,0,0;;;;
???;19:06:42;15:40:47;0,0,0;;;;
???;19:06:57;15:40:47;0,0,0;;;;
???;19:07:13;15:40:48;0,0,0;;;;
???;19:07:29;15:40:48;0,0,0;;;;
???;19:07:43;15:40:49;0,0,0;;;;
???;19:07:59;15:41:18;0,0,0;;;;
???;19:08:15;15:41:18;0,0,0;;;;
???;19:08:30;15:41:19;0,0,0;;;;
???;19:08:46;15:41:19;0,0,0;;;;
???;19:09:01;15:41:20;0,0,0;;;;
???;19:09:17;15:41:20;0,0,0;;;;
???;19:09:32;15:41:21;0,0,0;;;;
???;19:09:48;15:41:21;0,0,0;;;;
???;19:10:03;15:41:22;0,0,0;;;;
???;19:10:19;15:41:22;0,0,0;;;;
???;19:10:35;15:41:23;0,0,0;;;;
???;19:10:50;15:41:23;0,0,0;;;;
???;19:11:06;15:41:24;0,0,0;;;;
???;19:11:21;15:41:24;0,0,0;;;;
???;19:11:37;15:41:25;0,0,0;;;;
???;19:11:52;15:41:26;0,0,0;;;;
???;19:12:08;15:41:26;0,0,0;;;;
???;19:12:23;15:41:27;0,0,0;;;;
???;19:12:39;15:41:27;0,0,0;;;;
???;19:12:55;15:41:28;0,0,0;;;;
???;19:13:10;15:41:28;0,0,0;;;;
???;19:13:26;15:41:29;0,0,0;;;;
???;19:13:42;15:41:29;0,0,0;;;;
???;19:13:57;15:41:30;0,0,0;;;;
???;19:14:13;15:41:30;0,0,0;;;;
???;19:14:29;15:41:31;0,0,0;;;;
???;19:14:44;15:41:31;0,0,0;;I need a cab as soon as possible.;FRANKLIN;TAXIS_AEAA
???;19:15:00;15:41:32;0,0,0;;;;
???;19:15:16;15:41:32;0,0,0;;;;
???;19:15:31;15:41:33;0,0,0;;;;
???;19:15:47;15:41:33;0,0,0;;I'm sending one out right now.;TAXIS_AGAA;TAXIS_AGAA
???;19:16:02;15:41:34;0,0,0;;;;
???;19:16:18;15:41:34;0,0,0;;;;
???;19:16:34;15:41:35;0,0,0;;;;
???;19:16:50;15:41:35;0,0,0;;;;
???;19:17:05;15:41:36;0,0,0;;;;
???;19:17:21;15:41:36;0,0,0;;;;
???;19:17:36;15:41:37;0,0,0;;;;
???;19:17:52;15:41:38;0,0,0;;;;
???;19:18:08;15:41:38;0,0,0;;;;
???;19:18:23;15:41:39;0,0,0;;;;
???;19:18:39;15:41:39;0,0,0;;;;
???;19:18:54;15:41:40;0,0,0;;;;
???;19:19:10;15:41:40;0,0,0;;;;
???;19:19:26;15:41:41;0,0,0;;;;
???;19:19:41;15:41:41;0,0,0;;;;
???;19:19:57;15:41:42;0,0,0;;;;
???;19:20:12;15:41:42;0,0,0;;;;
???;19:20:28;15:41:43;0,0,0;;;;
???;19:20:44;15:41:43;0,0,0;;;;
???;19:21:00;15:41:44;0,0,0;;;;
???;19:21:15;15:41:44;0,0,0;;;;
???;19:21:31;15:41:45;0,0,0;;;;
???;19:21:47;15:41:45;0,0,0;;;;
???;19:22:02;15:41:46;0,0,0;;;;
???;19:22:18;15:41:46;0,0,0;;;;
???;19:22:33;15:41:47;0,0,0;;;;
???;19:22:49;15:41:47;0,0,0;;;;
???;19:23:05;15:41:48;0,0,0;;;;
???;19:23:20;15:41:48;0,0,0;;;;
???;19:23:36;15:41:49;0,0,0;;;;
???;19:23:51;15:41:49;0,0,0;;;;
???;19:24:07;15:41:50;0,0,0;;;;
???;19:24:22;15:41:51;0,0,0;;;;
???;19:24:38;15:41:51;0,0,0;;;;
???;19:24:54;15:41:52;0,0,0;;;;
???;19:25:09;15:41:52;0,0,0;;;;
???;19:25:25;15:41:53;0,0,0;;;;
???;19:25:41;15:41:53;0,0,0;;;;
???;19:25:56;15:41:54;0,0,0;;;;
???;19:26:12;15:41:54;0,0,0;;;;
???;19:26:27;15:41:55;0,0,0;;;;
???;19:26:43;15:41:55;0,0,0;;;;
???;19:26:59;15:41:56;0,0,0;;;;
???;19:27:14;15:41:56;0,0,0;;;;
???;19:27:30;15:41:57;0,0,0;;;;
???;19:27:46;15:41:57;0,0,0;;;;
???;19:28:01;15:41:58;0,0,0;;;;
???;19:28:17;15:41:58;0,0,0;;;;
???;19:28:33;15:41:59;0,0,0;;;;
???;19:28:49;15:41:59;0,0,0;;;;
???;19:29:04;15:42:00;0,0,0;;;;
???;19:29:20;15:42:00;0,0,0;;;;
???;19:29:35;15:42:01;0,0,0;;;;
???;19:29:52;15:42:02;0,0,0;;;;
???;19:30:07;15:42:02;0,0,0;;;;
???;19:30:23;15:42:03;0,0,0;;;;
???;19:30:38;15:42:03;0,0,0;;;;
???;19:30:54;15:42:04;0,0,0;;;;
???;19:31:10;15:42:04;0,0,0;;;;
???;19:31:25;15:42:05;0,0,0;;;;
???;19:31:41;15:42:05;0,0,0;;;;
???;19:31:56;15:42:06;0,0,0;;;;
???;19:32:12;15:42:06;0,0,0;;;;
???;19:32:27;15:42:07;0,0,0;;;;
???;19:32:43;15:42:07;0,0,0;;;;
???;19:32:59;15:42:08;0,0,0;;;;
???;19:33:14;15:42:08;0,0,0;;;;
???;19:33:30;15:42:09;0,0,0;;;;
???;19:33:45;15:42:09;0,0,0;;;;
???;19:34:01;15:42:10;0,0,0;;;;
???;19:34:17;15:42:10;0,0,0;;;;
???;19:34:33;15:42:11;0,0,0;;;;
???;19:34:48;15:42:11;0,0,0;;;;
???;19:35:04;15:42:12;0,0,0;;;;
???;19:35:20;15:42:12;0,0,0;;;;
???;19:35:36;15:42:13;0,0,0;;;;
???;19:35:51;15:42:13;0,0,0;;;;
???;19:36:07;15:42:14;0,0,0;;;;
???;19:36:23;15:42:15;0,0,0;;;;
???;19:36:39;15:42:15;0,0,0;;;;
???;19:36:55;15:42:16;0,0,0;;;;
???;19:37:10;15:42:16;0,0,0;;;;
???;19:37:26;15:42:17;0,0,0;;;;
???;19:37:42;15:42:17;0,0,0;;;;
???;19:37:57;15:42:18;0,0,0;;;;
???;19:38:13;15:42:18;0,0,0;;;;
???;19:38:28;15:42:19;0,0,0;;;;
???;19:38:44;15:42:19;0,0,0;;;;
???;19:39:00;15:42:20;0,0,0;;;;
???;19:39:15;15:42:20;0,0,0;;;;
???;19:39:31;15:42:21;0,0,0;;;;
???;19:39:47;15:42:21;0,0,0;;;;
???;19:40:02;15:42:22;0,0,0;;;;
???;19:40:18;15:42:22;0,0,0;;;;
???;19:40:34;15:42:23;0,0,0;;;;
???;19:40:49;15:42:23;0,0,0;;;;
???;19:41:05;15:42:24;0,0,0;;;;
???;19:41:21;15:42:24;0,0,0;;;;
???;19:41:36;15:42:25;0,0,0;;;;
???;19:41:52;15:42:26;0,0,0;;;;
???;19:42:08;15:42:26;0,0,0;;;;
???;19:42:23;15:42:27;0,0,0;;;;
???;19:42:39;15:42:27;0,0,0;;;;
???;19:42:54;15:42:28;0,0,0;;;;
???;19:43:10;15:42:28;0,0,0;;;;
???;19:43:26;15:42:29;0,0,0;;;;
???;19:43:41;15:42:29;0,0,0;;;;
???;19:43:57;15:42:30;0,0,0;;;;
???;19:44:13;15:42:30;0,0,0;;;;
???;19:44:28;15:42:31;0,0,0;;;;
???;19:44:44;15:42:31;0,0,0;;;;
???;19:44:59;15:42:32;0,0,0;;;;
???;19:45:15;15:42:32;0,0,0;;;;
???;19:45:31;15:42:33;0,0,0;;;;
???;19:45:47;15:42:33;0,0,0;;;;
???;19:46:02;15:42:34;0,0,0;;;;
???;19:46:18;15:42:34;0,0,0;;;;
???;19:46:34;15:42:35;0,0,0;;;;
???;19:46:49;15:42:35;0,0,0;;;;
???;19:47:05;15:42:36;0,0,0;;;;
???;19:47:20;15:42:36;0,0,0;;Eh, look, man...;FRANKLIN;ARFL_ABAA
???;19:47:36;15:42:37;0,0,0;;;;
???;19:47:52;15:42:38;0,0,0;;"Look"? You were like a son to me. Employee of the Month! Does that mean nothing to you?;SIMEON;ARFL_ABAB
???;19:48:07;15:42:38;0,0,0;;;;
???;19:48:23;15:42:39;0,0,0;;;;
???;19:48:39;15:42:39;0,0,0;;;;
???;19:48:54;15:42:40;0,0,0;;;;
???;19:49:10;15:42:40;0,0,0;;;;
???;19:49:25;15:42:41;0,0,0;;;;
???;19:49:41;15:42:41;0,0,0;;;;
???;19:49:57;15:42:42;0,0,0;;;;
???;19:50:12;15:42:42;0,0,0;;;;
???;19:50:28;15:42:43;0,0,0;;;;
???;19:50:43;15:42:43;0,0,0;;Man, the dude had a gun to my head.;FRANKLIN;ARFL_ABAC
???;19:51:00;15:42:44;0,0,0;;;;
???;19:51:15;15:42:44;0,0,0;;;;
???;19:51:31;15:42:45;0,0,0;;No loyalty! No integrity! You should have taken the bullet!;SIMEON;ARFL_ABAD
???;19:51:46;15:42:45;0,0,0;;;;
???;19:52:02;15:42:46;0,0,0;;;;
???;19:52:18;15:42:46;0,0,0;;;;
???;19:52:34;15:42:47;0,0,0;;;;
???;19:52:49;15:42:47;0,0,0;;;;
???;19:53:05;15:42:48;0,0,0;;;;
???;19:53:20;15:42:48;0,0,0;;;;
???;19:53:36;15:42:49;0,0,0;;My business. My totally legitimate business. You are fucked, my boy. Fucked!;SIMEON;ARFL_ABAE
???;19:53:52;15:42:50;0,0,0;;;;
???;19:54:07;15:42:50;0,0,0;;;;
???;19:54:23;15:42:51;0,0,0;;;;
???;19:54:38;15:42:51;0,0,0;;;;
???;19:54:54;15:42:52;0,0,0;;;;
???;19:55:10;15:42:52;0,0,0;;;;
???;19:55:25;15:42:53;0,0,0;;;;
???;19:55:40;15:42:53;0,0,0;;;;
???;19:55:56;15:42:54;0,0,0;;;;
???;19:56:11;15:42:54;0,0,0;;;;
???;19:56:27;15:42:55;0,0,0;;;;
???;19:56:43;15:42:55;0,0,0;;;;
???;19:56:58;15:42:56;0,0,0;;;;
???;19:57:14;15:42:56;0,0,0;;;;
???;19:57:29;15:42:57;0,0,0;;;;
???;19:57:45;15:42:57;0,0,0;;;;
???;19:58:01;15:42:58;0,0,0;;;;
???;19:58:16;15:42:58;0,0,0;;;;
???;19:58:32;15:42:59;0,0,0;;;;
???;19:58:47;15:42:59;0,0,0;;;;
???;19:59:03;15:43:00;0,0,0;;;;
???;19:59:18;15:43:00;0,0,0;;;;
???;19:59:34;15:43:01;0,0,0;;;;
???;19:59:49;15:43:01;0,0,0;;;;
???;20:00:05;15:43:02;0,0,0;;;;
???;20:00:21;15:43:02;0,0,0;;;;
???;20:00:36;15:43:03;0,0,0;;;;
???;20:00:52;15:43:04;0,0,0;;;;
???;20:01:08;15:43:04;0,0,0;;;;
???;20:01:23;15:43:05;0,0,0;;;;
???;20:01:39;15:43:05;0,0,0;;;;
???;20:01:54;15:43:06;0,0,0;;;;
???;20:02:10;15:43:06;0,0,0;;;;
???;20:02:25;15:43:07;0,0,0;;;;
???;20:02:41;15:43:07;0,0,0;;;;
???;20:02:56;15:43:08;0,0,0;;;;
???;20:03:12;15:43:08;0,0,0;;;;
???;20:03:27;15:43:09;0,0,0;;;;
???;20:03:43;15:43:09;0,0,0;;;;
???;20:03:59;15:43:10;0,0,0;;;;
???;20:04:14;15:43:10;0,0,0;;;;
???;20:04:30;15:43:11;0,0,0;;;;
???;20:04:45;15:43:11;0,0,0;;;;
???;20:05:01;15:43:12;0,0,0;;;;
???;20:05:16;15:43:12;0,0,0;;;;
???;20:05:32;15:43:13;0,0,0;;;;
???;20:05:47;15:43:13;0,0,0;;;;
???;20:06:03;15:43:14;0,0,0;;;;
???;20:06:18;15:43:14;0,0,0;;;;
???;20:06:34;15:43:15;0,0,0;;;;
???;20:06:50;15:43:15;0,0,0;;;;
???;20:07:05;15:43:16;0,0,0;;;;
???;20:07:21;15:43:16;0,0,0;;;;
???;20:07:36;15:43:17;0,0,0;;;;
???;20:07:52;15:43:18;0,0,0;;;;
???;20:08:08;15:43:18;0,0,0;;;;
???;20:08:23;15:43:19;0,0,0;;;;
???;20:08:39;15:43:19;0,0,0;;;;
???;20:08:55;15:43:20;0,0,0;;;;
???;20:09:11;15:43:20;0,0,0;;;;
???;20:09:26;15:43:21;0,0,0;;;;
???;20:09:42;15:43:21;0,0,0;;;;
???;20:09:57;15:43:22;0,0,0;;;;
???;20:10:13;15:43:22;0,0,0;;;;
???;20:10:28;15:43:23;0,0,0;;;;
???;20:10:44;15:43:23;0,0,0;;;;
???;20:11:00;15:43:24;0,0,0;;;;
???;20:11:15;15:43:24;0,0,0;;;;
???;20:11:31;15:43:25;0,0,0;;;;
???;20:11:46;15:43:25;0,0,0;;;;
???;20:12:02;15:43:26;0,0,0;;;;
???;20:12:18;15:43:26;0,0,0;;;;
???;20:12:33;15:43:27;0,0,0;;;;
???;20:12:49;15:43:27;0,0,0;;;;
???;20:13:04;15:43:28;0,0,0;;;;
???;20:13:20;15:43:28;0,0,0;;;;
???;20:13:35;15:43:29;0,0,0;;;;
???;20:13:51;15:43:29;0,0,0;;;;
???;20:14:07;15:43:30;0,0,0;;;;
???;20:14:22;15:43:31;0,0,0;;;;
???;20:14:38;15:43:31;0,0,0;;;;
???;20:14:54;15:43:32;0,0,0;;;;
???;20:15:09;15:43:32;0,0,0;;;;
???;20:15:25;15:43:33;0,0,0;;;;
???;20:15:40;15:43:33;0,0,0;;;;
???;20:15:56;15:43:34;0,0,0;;;;
???;20:16:12;15:43:34;0,0,0;;;;
???;20:16:27;15:43:35;0,0,0;;;;
???;20:16:43;15:43:35;0,0,0;;;;
???;20:16:59;15:43:36;0,0,0;;;;
???;20:17:14;15:43:36;0,0,0;;;;
???;20:17:30;15:43:37;0,0,0;;;;
???;20:17:46;15:43:37;0,0,0;;;;
???;20:18:01;15:43:38;0,0,0;;;;
???;20:18:17;15:43:38;0,0,0;;;;
???;20:18:32;15:43:39;0,0,0;;;;
???;20:18:48;15:43:39;0,0,0;;;;
???;20:19:04;15:43:40;0,0,0;;;;
???;20:19:20;15:43:40;0,0,0;;;;
???;20:19:36;15:43:41;0,0,0;;;;
???;20:19:52;15:43:42;0,0,0;;;;
???;20:20:07;15:43:42;0,0,0;;;;
???;20:20:23;15:43:43;0,0,0;;;;
???;20:20:38;15:43:43;0,0,0;;;;
???;20:20:54;15:43:44;0,0,0;;;;
???;20:21:10;15:43:44;0,0,0;;;;
???;20:21:25;15:43:45;0,0,0;;;;
???;20:21:41;15:43:45;0,0,0;;;;
???;20:21:57;15:43:46;0,0,0;;;;
???;20:22:12;15:43:46;0,0,0;;;;
???;20:22:28;15:43:47;0,0,0;;;;
???;20:22:43;15:43:47;0,0,0;;;;
???;20:22:59;15:43:48;0,0,0;;;;
???;20:23:14;15:43:48;0,0,0;;;;
???;20:23:30;15:43:49;0,0,0;;;;
???;20:23:45;15:43:49;0,0,0;;;;
???;20:24:01;15:43:50;0,0,0;;;;
???;20:24:17;15:43:50;0,0,0;;;;
???;20:24:33;15:43:51;0,0,0;;;;
???;20:24:48;15:43:51;0,0,0;;;;
???;20:25:03;15:43:52;0,0,0;;;;
???;20:25:19;15:43:52;0,0,0;;;;
???;20:25:35;15:43:53;0,0,0;;;;
???;20:25:51;15:43:53;0,0,0;;;;
???;20:26:06;15:43:54;0,0,0;;;;
???;20:26:22;15:43:55;0,0,0;;;;
???;20:26:38;15:43:55;0,0,0;;;;
???;20:26:53;15:43:56;0,0,0;;;;
???;20:27:09;15:43:56;0,0,0;;;;
???;20:27:24;15:43:57;0,0,0;;;;
???;20:27:40;15:43:57;0,0,0;;;;
???;20:27:56;15:43:58;0,0,0;;;;
???;20:28:11;15:43:58;0,0,0;;;;
???;20:28:27;15:43:59;0,0,0;;;;
???;20:28:43;15:43:59;0,0,0;;;;
???;20:28:58;15:44:00;0,0,0;;;;
???;20:29:14;15:44:00;0,0,0;;;;
???;20:29:30;15:44:01;0,0,0;;;;
???;20:29:46;15:44:01;0,0,0;;;;
???;20:30:01;15:44:02;0,0,0;;;;
???;20:30:17;15:44:02;0,0,0;;;;
???;20:30:32;15:44:03;0,0,0;;;;
???;20:30:48;15:44:03;0,0,0;;;;
???;20:31:03;15:44:04;0,0,0;;;;
???;20:31:19;15:44:04;0,0,0;;;;
???;20:31:35;15:44:05;0,0,0;;;;
???;20:31:50;15:44:05;0,0,0;;;;
???;20:32:06;15:44:06;0,0,0;;;;
???;20:32:21;15:44:06;0,0,0;;;;
???;20:32:37;15:44:07;0,0,0;;;;
???;20:32:53;15:44:08;0,0,0;;;;
???;20:33:08;15:44:08;0,0,0;;;;
???;20:33:24;15:44:09;0,0,0;;;;
???;20:33:40;15:44:09;0,0,0;;;;
???;20:33:55;15:44:10;0,0,0;;;;
???;20:34:11;15:44:10;0,0,0;;;;
???;20:34:26;15:44:11;0,0,0;;;;
???;20:34:42;15:44:11;0,0,0;;;;
???;20:34:58;15:44:12;0,0,0;;;;
???;20:35:13;15:44:12;0,0,0;;;;
???;20:35:29;15:44:13;0,0,0;;;;
???;20:35:45;15:44:13;0,0,0;;;;
???;20:36:00;15:44:14;0,0,0;;;;
???;20:36:16;15:44:14;0,0,0;;;;
???;20:36:31;15:44:15;0,0,0;;;;
???;20:36:47;15:44:15;0,0,0;;;;
???;20:37:02;15:44:16;0,0,0;;;;
???;20:37:18;15:44:16;0,0,0;;;;
???;20:37:33;15:44:17;0,0,0;;;;
???;20:37:49;15:44:17;0,0,0;;;;
???;20:38:05;15:44:18;0,0,0;;;;
???;20:38:20;15:44:18;0,0,0;;;;
???;20:38:36;15:44:19;0,0,0;;;;
???;20:38:52;15:44:20;0,0,0;;;;
???;20:39:08;15:44:20;0,0,0;;;;
???;20:39:23;15:44:21;0,0,0;;;;
???;20:39:39;15:44:21;0,0,0;;;;
???;20:39:54;15:44:22;0,0,0;;;;
???;20:40:09;15:44:22;0,0,0;;;;
???;20:40:25;15:44:23;0,0,0;;;;
???;20:40:41;15:44:23;0,0,0;;;;
???;20:40:56;15:44:24;0,0,0;;;;
???;20:41:12;15:44:24;0,0,0;;;;
???;20:41:28;15:44:25;0,0,0;;;;
???;20:41:43;15:44:25;0,0,0;;;;
???;20:41:59;15:44:26;0,0,0;;;;
???;20:42:15;15:44:26;0,0,0;;;;
???;20:42:30;15:44:27;0,0,0;;;;
???;20:42:46;15:44:27;0,0,0;;;;
???;20:43:01;15:44:28;0,0,0;;;;
???;20:43:17;15:44:28;0,0,0;;;;
???;20:43:33;15:44:29;0,0,0;;;;
???;20:43:48;15:44:29;0,0,0;;;;
???;20:44:03;15:44:30;0,0,0;;;;
???;20:44:19;15:44:30;0,0,0;;;;
???;20:44:35;15:44:31;0,0,0;;;;
???;20:44:51;15:44:31;0,0,0;;;;
???;20:45:07;15:44:32;0,0,0;;;;
???;20:45:22;15:44:33;0,0,0;;;;
???;20:45:38;15:44:33;0,0,0;;;;
???;20:45:54;15:44:34;0,0,0;;;;
???;20:46:09;15:44:34;0,0,0;;;;
???;20:46:25;15:44:35;0,0,0;;;;
???;20:46:41;15:44:35;0,0,0;;;;
???;20:46:56;15:44:36;0,0,0;;;;
???;20:47:12;15:44:36;0,0,0;;;;
???;20:47:28;15:44:37;0,0,0;;;;
???;20:47:43;15:44:37;0,0,0;;;;
???;20:47:59;15:44:38;0,0,0;;;;
???;20:48:14;15:44:38;0,0,0;;;;
???;20:48:30;15:44:39;0,0,0;;;;
???;20:48:46;15:44:39;0,0,0;;;;
???;20:49:01;15:44:40;0,0,0;;;;
???;20:49:17;15:44:40;0,0,0;;;;
???;20:49:33;15:44:41;0,0,0;;;;
???;20:49:48;15:44:41;0,0,0;;;;
???;20:50:04;15:44:42;0,0,0;;;;
???;20:50:19;15:44:42;0,0,0;;;;
???;20:50:35;15:44:43;0,0,0;;;;
???;20:50:51;15:44:43;0,0,0;;;;
???;20:51:07;15:44:44;0,0,0;;;;
???;20:51:22;15:44:45;0,0,0;;;;
???;20:51:38;15:44:45;0,0,0;;;;
???;20:51:53;15:44:46;0,0,0;;;;
???;20:52:09;15:44:46;0,0,0;;;;
???;20:52:24;15:44:47;0,0,0;;;;
???;20:52:40;15:44:47;0,0,0;;;;
???;20:52:55;15:44:48;0,0,0;;;;
???;20:53:11;15:44:48;0,0,0;;;;
???;20:53:26;15:44:49;0,0,0;;;;
???;20:53:42;15:44:49;0,0,0;;;;
???;20:53:58;15:44:50;0,0,0;;;;
???;20:54:14;15:44:50;0,0,0;;;;
???;20:54:29;15:44:51;0,0,0;;;;
???;20:54:45;15:44:51;0,0,0;;;;
???;20:55:01;15:44:52;0,0,0;;;;
???;20:55:16;15:44:52;0,0,0;;;;
???;20:55:32;15:44:53;0,0,0;;;;
???;20:55:47;15:44:53;0,0,0;;;;
???;20:56:03;15:44:54;0,0,0;;;;
???;20:56:18;15:44:54;0,0,0;;;;
???;20:56:34;15:44:55;0,0,0;;;;
???;20:56:50;15:44:55;0,0,0;;;;
???;20:57:05;15:44:56;0,0,0;;;;
???;20:57:21;15:44:56;0,0,0;;;;
???;20:57:36;15:44:57;0,0,0;;;;
???;20:57:52;15:44:58;0,0,0;;;;
???;20:58:08;15:44:58;0,0,0;;;;
???;20:58:23;15:44:59;0,0,0;;;;
???;20:58:39;15:44:59;0,0,0;;;;
???;20:58:55;15:45:00;0,0,0;;;;
???;20:59:11;15:45:00;0,0,0;;;;
???;20:59:26;15:45:01;0,0,0;;;;
???;20:59:42;15:45:01;0,0,0;;;;
???;20:59:58;15:45:02;0,0,0;;;;
???;21:00:13;15:45:02;0,0,0;;;;
???;21:00:29;15:45:03;0,0,0;;;;
???;21:00:45;15:45:03;0,0,0;;;;
???;21:01:00;15:45:04;0,0,0;;;;
???;21:01:16;15:45:04;0,0,0;;;;
???;21:01:31;15:45:05;0,0,0;;;;
???;21:01:47;15:45:05;0,0,0;;;;
???;21:02:02;15:45:06;0,0,0;;;;
???;21:02:18;15:45:06;0,0,0;;;;
???;21:02:33;15:45:07;0,0,0;;;;
???;21:02:49;15:45:07;0,0,0;;;;
???;21:03:04;15:45:08;0,0,0;;;;
???;21:03:20;15:45:08;0,0,0;;;;
???;21:03:36;15:45:09;0,0,0;;;;
???;21:03:51;15:45:09;0,0,0;;;;
???;21:04:07;15:45:10;0,0,0;;;;
???;21:04:22;15:45:11;0,0,0;;;;
???;21:04:38;15:45:11;0,0,0;;;;
???;21:04:53;15:45:12;0,0,0;;;;
???;21:05:09;15:45:12;0,0,0;;;;
???;21:05:25;15:45:13;0,0,0;;;;
???;21:05:40;15:45:13;0,0,0;;;;
???;21:05:56;15:45:14;0,0,0;;;;
???;21:06:11;15:45:14;0,0,0;;;;
???;21:06:26;15:45:15;0,0,0;;;;
???;21:06:42;15:45:15;0,0,0;;;;
???;21:06:58;15:45:16;0,0,0;;;;
???;21:07:13;15:45:16;0,0,0;;;;
???;21:07:29;15:45:17;0,0,0;;;;
???;21:07:44;15:45:17;0,0,0;;;;
???;21:08:00;15:45:18;0,0,0;;;;
???;21:08:15;15:45:18;0,0,0;;;;
???;21:08:31;15:45:19;0,0,0;;;;
???;21:08:46;15:45:19;0,0,0;;;;
???;21:09:02;15:45:20;0,0,0;;;;
???;21:09:18;15:45:20;0,0,0;;;;
???;21:09:33;15:45:21;0,0,0;;;;
???;21:09:49;15:45:21;0,0,0;;;;
???;21:10:04;15:45:22;0,0,0;;;;
???;21:10:20;15:45:22;0,0,0;;;;
???;21:10:36;15:45:23;0,0,0;;;;
???;21:10:51;15:45:23;0,0,0;;;;
???;21:11:07;15:45:24;0,0,0;;;;
???;21:11:22;15:45:25;0,0,0;;;;
???;21:11:38;15:45:25;0,0,0;;;;
???;21:11:54;15:45:26;0,0,0;;;;
???;21:12:09;15:45:26;0,0,0;;;;
???;21:12:25;15:45:27;0,0,0;;;;
???;21:12:40;15:45:27;0,0,0;;;;
???;21:12:56;15:45:28;0,0,0;;;;
???;21:13:12;15:45:28;0,0,0;;;;
???;21:13:27;15:45:29;0,0,0;;;;
???;21:13:43;15:45:29;0,0,0;;;;
???;21:13:58;15:45:30;0,0,0;;;;
???;21:14:14;15:45:30;0,0,0;;;;
???;21:14:29;15:45:31;0,0,0;;;;
???;21:14:45;15:45:31;0,0,0;;;;
???;21:15:00;15:45:32;0,0,0;;;;
???;21:15:16;15:45:32;0,0,0;;;;
???;21:15:32;15:45:33;0,0,0;;;;
???;21:15:47;15:45:33;0,0,0;;;;
???;21:16:03;15:45:34;0,0,0;;;;
???;21:16:19;15:45:34;0,0,0;;;;
???;21:16:34;15:45:35;0,0,0;;;;
???;21:16:50;15:45:35;0,0,0;;;;
???;21:17:05;15:45:36;0,0,0;;;;
???;21:17:21;15:45:36;0,0,0;;;;
???;21:17:36;15:45:37;0,0,0;;;;
???;21:17:52;15:45:38;0,0,0;;;;
???;21:18:08;15:45:38;0,0,0;;;;
???;21:18:23;15:45:39;0,0,0;;;;
???;21:18:39;15:45:39;0,0,0;;;;
???;21:18:54;15:45:40;0,0,0;;;;
???;21:19:10;15:45:40;0,0,0;;;;
???;21:19:26;15:45:41;0,0,0;;;;
???;21:19:41;15:45:41;0,0,0;;;;
???;21:19:57;15:45:42;0,0,0;;;;
???;21:20:13;15:45:42;0,0,0;;;;
???;21:20:28;15:45:43;0,0,0;;;;
???;21:20:44;15:45:43;0,0,0;;;;
???;21:21:00;15:45:44;0,0,0;;;;
???;21:21:15;15:45:44;0,0,0;;;;
???;21:21:31;15:45:45;0,0,0;;;;
???;21:21:47;15:45:45;0,0,0;;;;
???;21:22:02;15:45:46;0,0,0;;;;
???;21:22:18;15:45:46;0,0,0;;;;
???;21:22:33;15:45:47;0,0,0;;;;
???;21:22:49;15:45:47;0,0,0;;;;
???;21:23:04;15:45:48;0,0,0;;;;
???;21:23:20;15:45:48;0,0,0;;;;
???;21:23:35;15:45:49;0,0,0;;;;
???;21:23:51;15:45:49;0,0,0;;;;
???;21:24:06;15:45:50;0,0,0;;;;
???;21:24:22;15:45:51;0,0,0;;;;
???;21:24:38;15:45:51;0,0,0;;;;
???;21:24:53;15:45:52;0,0,0;;;;
???;21:25:09;15:45:52;0,0,0;;;;
???;21:25:24;15:45:53;0,0,0;;;;
???;21:25:40;15:45:53;0,0,0;;;;
???;21:25:55;15:45:54;0,0,0;;;;
???;21:26:11;15:45:54;0,0,0;;;;
???;21:26:26;15:45:55;0,0,0;;;;
???;21:26:42;15:45:55;0,0,0;;;;
???;21:26:57;15:45:56;0,0,0;;;;
???;21:27:13;15:45:56;0,0,0;;;;
???;21:27:28;15:45:57;0,0,0;;;;
???;21:27:44;15:45:57;0,0,0;;;;
???;21:27:59;15:45:58;0,0,0;;;;
???;21:28:15;15:45:58;0,0,0;;;;
???;21:28:31;15:45:59;0,0,0;;;;
???;21:28:46;15:45:59;0,0,0;;;;
???;21:29:02;15:46:00;0,0,0;;;;
???;21:29:17;15:46:00;0,0,0;;;;
???;21:29:33;15:46:01;0,0,0;;;;
???;21:29:48;15:46:01;0,0,0;;;;
???;21:30:04;15:46:02;0,0,0;;;;
???;21:30:19;15:46:02;0,0,0;;;;
???;21:30:35;15:46:03;0,0,0;;;;
???;21:30:50;15:46:03;0,0,0;;;;
???;21:31:06;15:46:04;0,0,0;;;;
???;21:31:22;15:46:05;0,0,0;;;;
???;21:31:37;15:46:05;0,0,0;;;;
???;21:31:53;15:46:06;0,0,0;;;;
???;21:32:08;15:46:06;0,0,0;;;;
???;21:32:24;15:46:07;0,0,0;;;;
???;21:32:39;15:46:07;0,0,0;;;;
???;21:32:55;15:46:08;0,0,0;;;;
???;21:33:11;15:46:08;0,0,0;;;;
???;21:33:26;15:46:09;0,0,0;;;;
???;21:33:42;15:46:09;0,0,0;;;;
???;21:33:58;15:46:10;0,0,0;;;;
???;21:34:13;15:46:10;0,0,0;;;;
???;21:34:29;15:46:11;0,0,0;;;;
???;21:34:44;15:46:11;0,0,0;;;;
???;21:35:00;15:46:12;0,0,0;;;;
???;21:35:15;15:46:12;0,0,0;;;;
???;21:35:31;15:46:13;0,0,0;;;;
???;21:35:46;15:46:13;0,0,0;;;;
???;21:36:02;15:46:14;0,0,0;;;;
???;21:36:17;15:46:14;0,0,0;;;;
???;21:36:33;15:46:15;0,0,0;;;;
???;21:36:48;15:46:15;0,0,0;;;;
???;21:37:04;15:46:16;0,0,0;;;;
???;21:37:19;15:46:16;0,0,0;;;;
???;21:37:35;15:46:17;0,0,0;;;;
???;21:37:51;15:46:17;0,0,0;;;;
???;21:38:06;15:46:18;0,0,0;;;;
???;21:38:22;15:46:19;0,0,0;;;;
???;21:38:38;15:46:19;0,0,0;;;;
???;21:38:53;15:46:20;0,0,0;;;;
???;21:39:09;15:46:20;0,0,0;;;;
???;21:39:24;15:46:21;0,0,0;;;;
???;21:39:40;15:46:21;0,0,0;;;;
???;21:39:55;15:46:22;0,0,0;;;;
???;21:40:11;15:46:22;0,0,0;;;;
???;21:40:27;15:46:23;0,0,0;;;;
???;21:40:42;15:46:23;0,0,0;;;;
???;21:40:58;15:46:24;0,0,0;;;;
???;21:41:14;15:46:24;0,0,0;;;;
???;21:41:29;15:46:25;0,0,0;;;;
???;21:41:45;15:46:25;0,0,0;;;;
???;21:42:00;15:46:26;0,0,0;;;;
???;21:42:16;15:46:26;0,0,0;;;;
???;21:42:31;15:46:27;0,0,0;;;;
???;21:42:47;15:46:27;0,0,0;;;;
???;21:43:02;15:46:28;0,0,0;;;;
???;21:43:18;15:46:28;0,0,0;;;;
???;21:43:33;15:46:29;0,0,0;;;;
???;21:43:49;15:46:29;0,0,0;;;;
???;21:44:04;15:46:30;0,0,0;;;;
???;21:44:20;15:46:30;0,0,0;;;;
???;21:44:36;15:46:31;0,0,0;;;;
???;21:44:51;15:46:31;0,0,0;;;;
???;21:45:07;15:46:32;0,0,0;;;;
???;21:45:22;15:46:33;0,0,0;;;;
???;21:45:38;15:46:33;0,0,0;;;;
???;21:45:54;15:46:34;0,0,0;;;;
???;21:46:10;15:46:34;0,0,0;;;;
???;21:46:26;15:46:35;0,0,0;;;;
???;21:46:41;15:46:35;0,0,0;;;;
???;21:46:57;15:46:36;0,0,0;;;;
???;21:47:13;15:46:36;0,0,0;;;;
???;21:47:28;15:46:37;0,0,0;;;;
???;21:47:44;15:46:37;0,0,0;;;;
???;21:47:59;15:46:38;0,0,0;;;;
???;21:48:15;15:46:38;0,0,0;;;;
???;21:48:30;15:46:39;0,0,0;;;;
???;21:48:46;15:46:39;0,0,0;;;;
???;21:49:01;15:46:40;0,0,0;;;;
???;21:49:17;15:46:40;0,0,0;;;;
???;21:49:32;15:46:41;0,0,0;;;;
???;21:49:48;15:46:41;0,0,0;;;;
???;21:50:03;15:46:42;0,0,0;;;;
???;21:50:19;15:46:42;0,0,0;;;;
???;21:50:35;15:46:43;0,0,0;;;;
???;21:50:50;15:46:43;0,0,0;;;;
???;21:51:06;15:46:44;0,0,0;;;;
???;21:51:22;15:46:45;0,0,0;;;;
???;21:51:37;15:46:45;0,0,0;;;;
???;21:51:52;15:46:46;0,0,0;;;;
???;21:52:08;15:46:46;0,0,0;;;;
???;21:52:24;15:46:47;0,0,0;;;;
???;21:52:39;15:46:47;0,0,0;;;;
???;21:52:55;15:46:48;0,0,0;;;;
???;21:53:10;15:46:48;0,0,0;;;;
???;21:53:26;15:46:49;0,0,0;;;;
???;21:53:42;15:46:49;0,0,0;;;;
???;21:53:58;15:46:50;0,0,0;;;;
???;21:54:13;15:46:50;0,0,0;;;;
???;21:54:29;15:46:51;0,0,0;;;;
???;21:54:44;15:46:51;0,0,0;;;;
???;21:55:00;15:46:52;0,0,0;;;;
???;21:55:15;15:46:52;0,0,0;;;;
???;21:55:31;15:46:53;0,0,0;;;;
???;21:55:46;15:46:53;0,0,0;;;;
???;21:56:02;15:46:54;0,0,0;;;;
???;21:56:18;15:46:54;0,0,0;;;;
???;21:56:33;15:46:55;0,0,0;;;;
???;21:56:49;15:46:55;0,0,0;;;;
???;21:57:04;15:46:56;0,0,0;;;;
???;21:57:20;15:46:56;0,0,0;;;;
???;21:57:35;15:46:57;0,0,0;;;;
???;21:57:51;15:46:57;0,0,0;;;;
???;21:58:06;15:46:58;0,0,0;;;;
???;21:58:22;15:46:59;0,0,0;;;;
???;21:58:37;15:46:59;0,0,0;;;;
???;21:58:53;15:47:00;0,0,0;;;;
???;21:59:08;15:47:00;0,0,0;;;;
???;21:59:24;15:47:01;0,0,0;;;;
???;21:59:39;15:47:01;0,0,0;;;;
???;21:59:55;15:47:02;0,0,0;;;;
???;22:00:11;15:47:02;0,0,0;;;;
???;22:00:26;15:47:03;0,0,0;;;;
???;22:00:42;15:47:03;0,0,0;;;;
???;22:00:58;15:47:04;0,0,0;;;;
???;22:01:13;15:47:04;0,0,0;;;;
???;22:01:29;15:47:05;0,0,0;;;;
???;22:01:44;15:47:05;0,0,0;;;;
???;22:02:00;15:47:06;0,0,0;;;;
???;22:02:15;15:47:06;0,0,0;;;;
???;22:02:31;15:47:07;0,0,0;;;;
???;22:02:47;15:47:07;0,0,0;;;;
???;22:03:02;15:47:08;0,0,0;;;;
???;22:03:18;15:47:08;0,0,0;;;;
???;22:03:33;15:47:09;0,0,0;;;;
???;22:03:49;15:47:09;0,0,0;;;;
???;22:04:04;15:47:10;0,0,0;;;;
???;22:04:20;15:47:10;0,0,0;;;;
???;22:04:36;15:47:11;0,0,0;;;;
???;22:04:51;15:47:11;0,0,0;;;;
???;22:05:07;15:47:12;0,0,0;;;;
???;22:05:23;15:47:13;0,0,0;;;;
???;22:05:38;15:47:13;0,0,0;;;;
???;22:05:54;15:47:14;0,0,0;;;;
???;22:06:09;15:47:14;0,0,0;;;;
???;22:06:25;15:47:15;0,0,0;;;;
???;22:06:41;15:47:15;0,0,0;;;;
???;22:06:56;15:47:16;0,0,0;;;;
???;22:07:12;15:47:16;0,0,0;;;;
???;22:07:28;15:47:17;0,0,0;;;;
???;22:07:43;15:47:17;0,0,0;;;;
???;22:07:59;15:47:18;0,0,0;;;;
???;22:08:15;15:47:18;0,0,0;;;;
???;22:08:30;15:47:19;0,0,0;;;;
???;22:08:46;15:47:19;0,0,0;;;;
???;22:09:01;15:47:20;0,0,0;;;;
???;22:09:17;15:47:20;0,0,0;;;;
???;22:09:33;15:47:21;0,0,0;;;;
???;22:09:48;15:47:21;0,0,0;;;;
???;22:10:03;15:47:22;0,0,0;;;;
???;22:10:19;15:47:22;0,0,0;;;;
???;22:10:34;15:47:23;0,0,0;;;;
???;22:10:50;15:47:23;0,0,0;;;;
???;22:11:05;15:47:24;0,0,0;;;;
???;22:11:21;15:47:24;0,0,0;;;;
???;22:11:36;15:47:25;0,0,0;;;;
???;22:11:52;15:47:26;0,0,0;;;;
???;22:12:07;15:47:26;0,0,0;;;;
???;22:12:23;15:47:27;0,0,0;;;;
???;22:12:38;15:47:27;0,0,0;;;;
???;22:12:54;15:47:28;0,0,0;;;;
???;22:13:09;15:47:28;0,0,0;;;;
???;22:13:25;15:47:29;0,0,0;;;;
???;22:13:41;15:47:29;0,0,0;;;;
???;22:13:56;15:47:30;0,0,0;;;;
???;22:14:12;15:47:30;0,0,0;;;;
???;22:14:27;15:47:31;0,0,0;;;;
???;22:14:43;15:47:31;0,0,0;;;;
???;22:14:58;15:47:32;0,0,0;;;;
???;22:15:14;15:47:32;0,0,0;;;;
???;22:15:29;15:47:33;0,0,0;;;;
???;22:15:45;15:47:33;0,0,0;;;;
???;22:16:01;15:47:34;0,0,0;;;;
???;22:16:16;15:47:34;0,0,0;;;;
???;22:16:32;15:47:35;0,0,0;;;;
???;22:16:48;15:47:35;0,0,0;;;;
???;22:17:03;15:47:36;0,0,0;;;;
???;22:17:19;15:47:36;0,0,0;;;;
???;22:17:34;15:47:37;0,0,0;;;;
???;22:17:50;15:47:37;0,0,0;;;;
???;22:18:05;15:47:38;0,0,0;;;;
???;22:18:21;15:47:38;0,0,0;;;;
???;22:18:36;15:47:39;0,0,0;;;;
???;22:18:52;15:47:40;0,0,0;;;;
???;22:19:08;15:47:40;0,0,0;;;;
???;22:19:23;15:47:41;0,0,0;;;;
???;22:19:39;15:47:41;0,0,0;;;;
???;22:19:54;15:47:42;0,0,0;;;;
???;22:20:10;15:47:42;0,0,0;;;;
???;22:20:26;15:47:43;0,0,0;;;;
???;22:20:41;15:47:43;0,0,0;;;;
???;22:20:56;15:47:44;0,0,0;;;;
???;22:21:12;15:47:44;0,0,0;;;;
???;22:21:27;15:47:45;0,0,0;;;;
???;22:21:43;15:47:45;0,0,0;;;;
???;22:21:59;15:47:46;0,0,0;;;;
???;22:22:14;15:47:46;0,0,0;;;;
???;22:22:30;15:47:47;0,0,0;;;;
???;22:22:46;15:47:47;0,0,0;;;;
???;22:23:01;15:47:48;0,0,0;;;;
???;22:23:17;15:47:48;0,0,0;;;;
???;22:23:32;15:47:49;0,0,0;;;;
???;22:23:48;15:47:49;0,0,0;;;;
???;22:24:03;15:47:50;0,0,0;;;;
???;22:24:19;15:47:50;0,0,0;;;;
???;22:24:34;15:47:51;0,0,0;;;;
???;22:24:50;15:47:51;0,0,0;;;;
???;22:25:06;15:47:52;0,0,0;;;;
???;22:25:21;15:47:52;0,0,0;;;;
???;22:25:37;15:47:53;0,0,0;;;;
???;22:25:52;15:47:54;0,0,0;;;;
???;22:26:08;15:47:54;0,0,0;;;;
???;22:26:23;15:47:55;0,0,0;;;;
???;22:26:39;15:47:55;0,0,0;;;;
???;22:26:55;15:47:56;0,0,0;;;;
???;22:27:10;15:47:56;0,0,0;;;;
???;22:27:26;15:47:57;0,0,0;;;;
???;22:27:42;15:47:57;0,0,0;;;;
???;22:27:57;15:47:58;0,0,0;;;;
???;22:28:13;15:47:58;0,0,0;;;;
???;22:28:28;15:47:59;0,0,0;;;;
???;22:28:44;15:47:59;0,0,0;;;;
???;22:28:59;15:48:00;0,0,0;;;;
???;22:29:15;15:48:00;0,0,0;;;;
???;22:29:30;15:48:01;0,0,0;;;;
???;22:29:46;15:48:01;0,0,0;;;;
???;22:30:01;15:48:02;0,0,0;;;;
???;22:30:17;15:48:02;0,0,0;;;;
???;22:30:32;15:48:03;0,0,0;;;;
???;22:30:48;15:48:03;0,0,0;;;;
???;22:31:04;15:48:04;0,0,0;;;;
???;22:31:19;15:48:04;0,0,0;;;;
???;22:31:35;15:48:05;0,0,0;;;;
???;22:31:51;15:48:05;0,0,0;;;;
???;22:32:06;15:48:06;0,0,0;;;;
???;22:32:22;15:48:07;0,0,0;;;;
???;22:32:37;15:48:07;0,0,0;;;;
???;22:32:53;15:48:08;0,0,0;;;;
???;22:33:08;15:48:08;0,0,0;;;;
???;22:33:24;15:48:09;0,0,0;;;;
???;22:33:40;15:48:09;0,0,0;;;;
???;22:33:55;15:48:10;0,0,0;;;;
???;22:34:11;15:48:10;0,0,0;;;;
???;22:34:26;15:48:11;0,0,0;;;;
???;22:34:42;15:48:11;0,0,0;;;;
???;22:34:57;15:48:12;0,0,0;;;;
???;22:35:13;15:48:12;0,0,0;;;;
???;22:35:28;15:48:13;0,0,0;;;;
???;22:35:44;15:48:13;0,0,0;;;;
???;22:35:59;15:48:14;0,0,0;;;;
???;22:36:15;15:48:14;0,0,0;;;;
???;22:36:30;15:48:15;0,0,0;;;;
???;22:36:46;15:48:15;0,0,0;;;;
???;22:37:01;15:48:16;0,0,0;;;;
???;22:37:17;15:48:16;0,0,0;;;;
???;22:37:32;15:48:17;0,0,0;;;;
???;22:37:48;15:48:17;0,0,0;;;;
???;22:38:04;15:48:18;0,0,0;;;;
???;22:38:19;15:48:18;0,0,0;;;;
???;22:38:35;15:48:19;0,0,0;;;;
???;22:38:50;15:48:19;0,0,0;;;;
???;22:39:06;15:48:20;0,0,0;;;;
???;22:39:21;15:48:20;0,0,0;;;;
???;22:39:37;15:48:21;0,0,0;;;;
???;22:39:53;15:48:22;0,0,0;;;;
???;22:40:08;15:48:22;0,0,0;;;;
???;22:40:24;15:48:23;0,0,0;;;;
???;22:40:39;15:48:23;0,0,0;;;;
???;22:40:55;15:48:24;0,0,0;;;;
???;22:41:10;15:48:24;0,0,0;;;;
???;22:41:26;15:48:25;0,0,0;;;;
???;22:41:41;15:48:25;0,0,0;;;;
???;22:41:57;15:48:26;0,0,0;;;;
???;22:42:12;15:48:26;0,0,0;;;;
???;22:42:28;15:48:27;0,0,0;;;;
???;22:42:44;15:48:27;0,0,0;;;;
???;22:42:59;15:48:28;0,0,0;;;;
???;22:43:15;15:48:28;0,0,0;;;;
???;22:43:30;15:48:29;0,0,0;;;;
???;22:43:46;15:48:29;0,0,0;;;;
???;22:44:01;15:48:30;0,0,0;;;;
???;22:44:17;15:48:30;0,0,0;;;;
???;22:44:32;15:48:31;0,0,0;;;;
???;22:44:48;15:48:31;0,0,0;;;;
???;22:45:03;15:48:32;0,0,0;;;;
???;22:45:19;15:48:32;0,0,0;;;;
???;22:45:34;15:48:33;0,0,0;;;;
???;22:45:50;15:48:33;0,0,0;;;;
???;22:46:06;15:48:34;0,0,0;;;;
???;22:46:21;15:48:34;0,0,0;;;;
???;22:46:37;15:48:35;0,0,0;;;;
???;22:46:52;15:48:36;0,0,0;;;;
???;22:47:08;15:48:36;0,0,0;;;;
???;22:47:23;15:48:37;0,0,0;;;;
???;22:47:39;15:48:37;0,0,0;;;;
???;22:47:54;15:48:38;0,0,0;;;;
???;22:48:10;15:48:38;0,0,0;;;;
???;22:48:25;15:48:39;0,0,0;;;;
???;22:48:41;15:48:39;0,0,0;;;;
???;22:48:56;15:48:40;0,0,0;;;;
???;22:49:12;15:48:40;0,0,0;;;;
???;22:49:27;15:48:41;0,0,0;;;;
???;22:49:43;15:48:41;0,0,0;;;;
???;22:49:58;15:48:42;0,0,0;;;;
???;22:50:14;15:48:42;0,0,0;;;;
???;22:50:29;15:48:43;0,0,0;;;;
???;22:50:45;15:48:43;0,0,0;;;;
???;22:51:00;15:48:44;0,0,0;;;;
???;22:51:16;15:48:44;0,0,0;;;;
???;22:51:31;15:48:45;0,0,0;;;;
???;22:51:47;15:48:45;0,0,0;;;;
???;22:52:02;15:48:46;0,0,0;;;;
???;22:52:18;15:48:46;0,0,0;;;;
???;22:52:33;15:48:47;0,0,0;;;;
???;22:52:49;15:48:47;0,0,0;;Hey, Franklin, why don't you come over here and let me take care of that lonely ass?;TONYA;TOW_CQAA
???;22:53:04;15:48:48;0,0,0;;;;
???;22:53:20;15:48:48;0,0,0;;;;
???;22:53:35;15:48:49;0,0,0;;;;
???;22:53:51;15:48:49;0,0,0;;;;
???;22:54:07;15:48:50;0,0,0;;;;
???;22:54:22;15:48:51;0,0,0;;;;
???;22:54:37;15:48:51;0,0,0;;;;
???;22:54:53;15:48:52;0,0,0;;;;
???;22:54:55;15:48:52;0,0,0;;What the fuck is wrong with you, Tonya?;Cutscene;Cutscene
???;22:54:55;15:48:53;0,0,0;;;;
???;22:54:55;15:48:53;0,0,0;;;;
???;22:54:55;15:48:55;0,0,0;;;;
???;22:54:55;15:48:55;0,0,0;;Ain't nothing wrong with me, nigga. Shit!;Cutscene;Cutscene
???;22:54:55;15:48:56;0,0,0;;;;
???;22:55:03;15:48:56;0,0,0;;;;
???;22:55:19;15:48:57;0,0,0;;Hey, look, let's make this quick. I got shit to do.;Franklin;TOW_EAAA
???;22:55:35;15:48:57;0,0,0;;;;
???;22:55:50;15:48:58;0,0,0;;;;
???;22:56:06;15:48:59;0,0,0;;;;
???;22:56:21;15:48:59;0,0,0;;;;
???;22:56:37;15:49:00;0,0,0;;Nigga, you need to slow it down, Tanisha was right.;Tonya;TOW_EAAB
???;22:56:52;15:49:00;0,0,0;;;;
???;22:57:08;15:49:01;0,0,0;;;;
???;22:57:23;15:49:01;0,0,0;;;;
???;22:57:39;15:49:02;0,0,0;;;;
???;22:57:54;15:49:02;0,0,0;;;;
???;22:58:10;15:49:03;0,0,0;;;;
???;22:58:25;15:49:03;0,0,0;;;;
???;22:58:41;15:49:04;0,0,0;;;;
???;22:58:56;15:49:04;0,0,0;;;;
???;22:59:12;15:49:05;0,0,0;;;;
???;22:59:27;15:49:05;0,0,0;;;;
???;22:59:43;15:49:06;0,0,0;;;;
???;22:59:58;15:49:06;0,0,0;;;;
???;23:00:14;15:49:07;0,0,0;;;;
???;23:00:29;15:49:07;0,0,0;;;;
???;23:00:45;15:49:08;0,0,0;;;;
???;23:01:00;15:49:08;0,0,0;;;;
???;23:01:16;15:49:09;0,0,0;;;;
???;23:01:31;15:49:09;0,0,0;;;;
???;23:01:47;15:49:10;0,0,0;;;;
???;23:02:02;15:49:10;0,0,0;;;;
???;23:02:18;15:49:11;0,0,0;;Where your wheels at?;Tonya;TOW_EBAA
???;23:02:33;15:49:11;0,0,0;;;;
???;23:02:49;15:49:12;0,0,0;;;;
???;23:03:05;15:49:12;0,0,0;;;;
???;23:03:20;15:49:13;0,0,0;;;;
???;23:03:36;15:49:14;0,0,0;;;;
???;23:03:51;15:49:14;0,0,0;;;;
???;23:04:07;15:49:15;0,0,0;;;;
???;23:04:22;15:49:15;0,0,0;;;;
???;23:04:38;15:49:16;0,0,0;;;;
???;23:04:53;15:49:16;0,0,0;;;;
???;23:05:05;15:49:22;0,0,0;;;;
???;23:05:21;15:49:22;0,0,0;;;;
???;23:05:36;15:49:23;0,0,0;;;;
???;23:05:52;15:49:23;0,0,0;;;;
???;23:06:07;15:49:24;0,0,0;;;;
???;23:06:23;15:49:24;0,0,0;;;;
???;23:06:38;15:49:25;0,0,0;;;;
???;23:06:54;15:49:25;0,0,0;;Tonya don't walk. No-o.;Tonya;TOW_ECAA
???;23:07:10;15:49:26;0,0,0;;;;
???;23:07:25;15:49:26;0,0,0;;;;
???;23:07:41;15:49:27;0,0,0;;;;
???;23:07:56;15:49:27;0,0,0;;;;
???;23:08:12;15:49:28;0,0,0;;;;
???;23:08:27;15:49:28;0,0,0;;;;
???;23:08:43;15:49:29;0,0,0;;;;
???;23:08:58;15:49:29;0,0,0;;;;
???;23:09:11;15:49:34;0,0,0;;;;
???;23:09:27;15:49:34;0,0,0;;;;
???;23:09:42;15:49:35;0,0,0;;;;
???;23:09:58;15:49:36;0,0,0;;;;
???;23:10:13;15:49:36;0,0,0;;A'ight, shit, where we goin'?;Franklin;TOW_EEAA
???;23:10:29;15:49:37;0,0,0;;;;
???;23:10:45;15:49:37;0,0,0;;;;
???;23:11:00;15:49:38;0,0,0;;;;
???;23:11:16;15:49:38;0,0,0;;Truck's at the Davis Sheriff impound.;Tonya;TOW_EEAB
???;23:11:31;15:49:39;0,0,0;;;;
???;23:11:47;15:49:39;0,0,0;;;;
???;23:12:02;15:49:40;0,0,0;;;;
???;23:12:18;15:49:40;0,0,0;;Oh, man. How did I get dragged into this?;Franklin;TOW_EEAC
???;23:12:34;15:49:41;0,0,0;;;;
???;23:12:49;15:49:41;0,0,0;;;;
???;23:13:04;15:49:42;0,0,0;;;;
???;23:13:20;15:49:42;0,0,0;;;;
???;23:13:36;15:49:43;0,0,0;;;;
???;23:13:51;15:49:43;0,0,0;;We both know you always been sweet on me, shit, Franklin Clinton.;Tonya;TOW_EEAD
???;23:14:07;15:49:44;0,0,0;;;;
???;23:14:22;15:49:44;0,0,0;;;;
???;23:14:38;15:49:45;0,0,0;;;;
???;23:14:53;15:49:45;0,0,0;;;;
???;23:15:09;15:49:46;0,0,0;;;;
???;23:15:24;15:49:46;0,0,0;;;;
???;23:15:40;15:49:47;0,0,0;;;;
???;23:15:55;15:49:47;0,0,0;;;;
???;23:16:11;15:49:48;0,0,0;;;;
???;23:16:26;15:49:48;0,0,0;;;;
???;23:16:42;15:49:49;0,0,0;;;;
???;23:16:58;15:49:50;0,0,0;;;;
???;23:17:13;15:49:50;0,0,0;;;;
???;23:17:29;15:49:51;0,0,0;;;;
???;23:17:45;15:49:51;0,0,0;;;;
???;23:18:00;15:49:52;0,0,0;;;;
???;23:18:16;15:49:52;0,0,0;;;;
???;23:18:31;15:49:53;0,0,0;;;;
???;23:18:47;15:49:53;0,0,0;;;;
???;23:19:03;15:49:54;0,0,0;;;;
???;23:19:18;15:49:54;0,0,0;;;;
???;23:19:33;15:49:55;0,0,0;;;;
???;23:19:49;15:49:55;0,0,0;;;;
???;23:20:05;15:49:56;0,0,0;;;;
???;23:20:20;15:49:56;0,0,0;;;;
???;23:20:36;15:49:57;0,0,0;;;;
???;23:20:51;15:49:57;0,0,0;;;;
???;23:21:07;15:49:58;0,0,0;;;;
???;23:21:22;15:49:58;0,0,0;;;;
???;23:21:38;15:49:59;0,0,0;;;;
???;23:21:53;15:49:59;0,0,0;;;;
???;23:22:09;15:50:00;0,0,0;;;;
???;23:22:25;15:50:00;0,0,0;;;;
???;23:22:40;15:50:01;0,0,0;;;;
???;23:22:56;15:50:01;0,0,0;;;;
???;23:23:11;15:50:02;0,0,0;;;;
???;23:23:27;15:50:02;0,0,0;;;;
???;23:23:42;15:50:03;0,0,0;;;;
???;23:23:58;15:50:04;0,0,0;;;;
???;23:24:13;15:50:04;0,0,0;;;;
???;23:24:29;15:50:05;0,0,0;;;;
???;23:24:44;15:50:05;0,0,0;;;;
???;23:25:00;15:50:06;0,0,0;;;;
???;23:25:15;15:50:06;0,0,0;;;;
???;23:25:31;15:50:07;0,0,0;;;;
???;23:25:46;15:50:07;0,0,0;;;;
???;23:26:02;15:50:08;0,0,0;;;;
???;23:26:17;15:50:08;0,0,0;;;;
???;23:26:33;15:50:09;0,0,0;;;;
???;23:26:48;15:50:09;0,0,0;;;;
???;23:27:04;15:50:10;0,0,0;;;;
???;23:27:19;15:50:10;0,0,0;;;;
???;23:27:35;15:50:11;0,0,0;;;;
???;23:27:51;15:50:11;0,0,0;;;;
???;23:28:06;15:50:12;0,0,0;;;;
???;23:28:22;15:50:12;0,0,0;;;;
???;23:28:38;15:50:13;0,0,0;;;;
???;23:28:53;15:50:13;0,0,0;;;;
???;23:29:09;15:50:14;0,0,0;;;;
???;23:29:24;15:50:14;0,0,0;;;;
???;23:29:40;15:50:15;0,0,0;;;;
???;23:29:55;15:50:15;0,0,0;;;;
???;23:30:11;15:50:16;0,0,0;;;;
???;23:30:26;15:50:16;0,0,0;;;;
???;23:30:42;15:50:17;0,0,0;;;;
???;23:30:57;15:50:17;0,0,0;;;;
???;23:31:13;15:50:18;0,0,0;;;;
???;23:31:29;15:50:19;0,0,0;;;;
???;23:31:44;15:50:19;0,0,0;;;;
???;23:32:00;15:50:20;0,0,0;;;;
???;23:32:16;15:50:20;0,0,0;;;;
???;23:32:31;15:50:21;0,0,0;;;;
???;23:32:47;15:50:21;0,0,0;;;;
???;23:33:02;15:50:22;0,0,0;;;;
???;23:33:18;15:50:22;0,0,0;;;;
???;23:33:33;15:50:23;0,0,0;;;;
???;23:33:49;15:50:23;0,0,0;;;;
???;23:34:05;15:50:24;0,0,0;;;;
???;23:34:20;15:50:24;0,0,0;;;;
???;23:34:36;15:50:25;0,0,0;;;;
???;23:34:51;15:50:25;0,0,0;;;;
???;23:35:07;15:50:26;0,0,0;;;;
???;23:35:22;15:50:26;0,0,0;;;;
???;23:35:38;15:50:27;0,0,0;;;;
???;23:35:54;15:50:27;0,0,0;;;;
???;23:36:09;15:50:28;0,0,0;;;;
???;23:36:25;15:50:28;0,0,0;;;;
???;23:36:40;15:50:29;0,0,0;;;;
???;23:36:56;15:50:29;0,0,0;;;;
???;23:37:11;15:50:30;0,0,0;;;;
???;23:37:27;15:50:30;0,0,0;;;;
???;23:37:43;15:50:31;0,0,0;;;;
???;23:37:58;15:50:32;0,0,0;;;;
???;23:38:14;15:50:32;0,0,0;;;;
???;23:38:30;15:50:33;0,0,0;;;;
???;23:38:45;15:50:33;0,0,0;;;;
???;23:39:01;15:50:34;0,0,0;;;;
???;23:39:16;15:50:34;0,0,0;;;;
???;23:39:32;15:50:35;0,0,0;;;;
???;23:39:47;15:50:35;0,0,0;;;;
???;23:40:03;15:50:36;0,0,0;;;;
???;23:40:18;15:50:36;0,0,0;;;;
???;23:40:34;15:50:37;0,0,0;;;;
???;23:40:49;15:50:37;0,0,0;;;;
???;23:41:05;15:50:38;0,0,0;;;;
???;23:41:20;15:50:38;0,0,0;;;;
???;23:41:35;15:50:39;0,0,0;;;;
???;23:41:51;15:50:39;0,0,0;;;;
???;23:42:06;15:50:40;0,0,0;;;;
???;23:42:22;15:50:40;0,0,0;;;;
???;23:42:38;15:50:41;0,0,0;;;;
???;23:42:53;15:50:41;0,0,0;;;;
???;23:43:09;15:50:42;0,0,0;;;;
???;23:43:24;15:50:42;0,0,0;;;;
???;23:43:40;15:50:43;0,0,0;;;;
???;23:43:55;15:50:43;0,0,0;;;;
???;23:44:11;15:50:44;0,0,0;;;;
???;23:44:26;15:50:44;0,0,0;;;;
???;23:44:42;15:50:45;0,0,0;;;;
???;23:44:50;15:50:46;0,0,0;;;;
???;23:45:02;15:50:46;0,0,0;;;;
???;23:45:17;15:50:47;0,0,0;;;;
???;23:45:33;15:50:47;0,0,0;;;;
???;23:45:49;15:50:48;0,0,0;;;;
???;23:46:04;15:50:48;0,0,0;;;;
???;23:46:20;15:50:49;0,0,0;;;;
???;23:46:35;15:50:49;0,0,0;;;;
???;23:46:51;15:50:50;0,0,0;;;;
???;23:47:06;15:50:50;0,0,0;;;;
???;23:47:21;15:50:51;0,0,0;;;;
???;23:47:37;15:50:51;0,0,0;;;;
???;23:47:53;15:50:52;0,0,0;;;;
???;23:48:08;15:50:52;0,0,0;;;;
???;23:48:24;15:50:53;0,0,0;;;;
???;23:48:39;15:50:53;0,0,0;;;;
???;23:48:54;15:50:54;0,0,0;;;;
???;23:49:10;15:50:54;0,0,0;;;;
???;23:49:26;15:50:55;0,0,0;;;;
???;23:49:41;15:50:55;0,0,0;;;;
???;23:49:57;15:50:56;0,0,0;;;;
???;23:50:12;15:50:56;0,0,0;;;;
???;23:50:26;15:50:57;0,0,0;;;;
???;23:50:29;15:50:57;0,0,0;;;;
???;23:50:43;15:50:58;0,0,0;;;;
???;23:50:59;15:50:58;0,0,0;;;;
???;23:51:14;15:50:59;0,0,0;;;;
???;23:51:30;15:50:59;0,0,0;;;;
???;23:51:45;15:51:00;0,0,0;;;;
???;23:52:01;15:51:01;0,0,0;;;;
???;23:52:16;15:51:01;0,0,0;;;;
???;23:52:31;15:51:02;0,0,0;;;;
???;23:52:47;15:51:02;0,0,0;;;;
???;23:53:03;15:51:03;0,0,0;;;;
???;23:53:18;15:51:03;0,0,0;;;;
???;23:53:34;15:51:04;0,0,0;;;;
???;23:53:49;15:51:04;0,0,0;;;;
???;23:54:05;15:51:05;0,0,0;;;;
???;23:54:15;15:51:05;0,0,0;;;;
???;23:54:17;15:51:06;0,0,0;;;;
???;23:54:18;15:51:06;0,0,0;;;;
???;23:54:20;15:51:07;0,0,0;;;;
???;23:54:21;15:51:07;0,0,0;;;;
???;23:54:28;15:51:08;0,0,0;;;;
???;23:54:43;15:51:08;0,0,0;;;;
???;23:54:46;15:51:09;0,0,0;;;;
???;23:54:48;15:51:09;0,0,0;;;;
???;23:54:57;15:51:10;0,0,0;;;;
???;23:55:09;15:51:10;0,0,0;;;;
???;23:55:11;15:51:11;0,0,0;;;;
???;23:55:13;15:51:11;0,0,0;;;;
???;23:55:24;15:51:12;0,0,0;;;;
???;23:55:40;15:51:12;0,0,0;;;;
???;23:55:56;15:51:13;0,0,0;;;;
???;23:56:11;15:51:13;0,0,0;;;;
???;23:56:27;15:51:14;0,0,0;;;;
???;23:56:42;15:51:15;0,0,0;;;;
???;23:56:58;15:51:15;0,0,0;;;;
???;23:57:13;15:51:16;0,0,0;;;;
???;23:57:29;15:51:16;0,0,0;;;;
???;23:57:44;15:51:17;0,0,0;;;;
???;23:58:00;15:51:17;0,0,0;;;;
???;23:58:15;15:51:18;0,0,0;;;;
???;23:58:31;15:51:18;0,0,0;;;;
???;23:58:46;15:51:19;0,0,0;;;;
???;23:59:02;15:51:19;0,0,0;;;;
???;23:59:17;15:51:20;0,0,0;;;;
???;23:59:33;15:51:20;0,0,0;;;;
???;23:59:48;15:51:21;0,0,0;;;;
???;00:00:04;15:51:21;0,0,0;;;;
???;00:00:19;15:51:22;0,0,0;;;;
???;00:00:35;15:51:22;0,0,0;;;;
???;00:00:51;15:51:23;0,0,0;;;;
???;00:01:06;15:51:23;0,0,0;;;;
???;00:01:22;15:51:24;0,0,0;;;;
???;00:01:37;15:51:24;0,0,0;;;;
???;00:01:53;15:51:25;0,0,0;;;;
???;00:02:09;15:51:25;0,0,0;;;;
???;00:02:24;15:51:26;0,0,0;;;;
???;00:02:40;15:51:26;0,0,0;;;;
???;00:02:55;15:51:27;0,0,0;;;;
???;00:03:11;15:51:27;0,0,0;;;;
???;00:03:26;15:51:28;0,0,0;;;;
???;00:03:42;15:51:28;0,0,0;;;;
???;00:03:57;15:51:29;0,0,0;;;;
???;00:04:13;15:51:30;0,0,0;;;;
???;00:04:28;15:51:30;0,0,0;;;;
???;00:04:44;15:51:31;0,0,0;;;;
???;00:04:59;15:51:31;0,0,0;;;;
???;00:05:15;15:51:32;0,0,0;;;;
???;00:05:30;15:51:32;0,0,0;;;;
???;00:05:46;15:51:33;0,0,0;;;;
???;00:06:02;15:51:33;0,0,0;;;;
???;00:06:17;15:51:34;0,0,0;;;;
???;00:06:33;15:51:34;0,0,0;;;;
???;00:06:48;15:51:35;0,0,0;;;;
???;00:07:04;15:51:35;0,0,0;;;;
???;00:07:19;15:51:36;0,0,0;;;;
???;00:07:35;15:51:36;0,0,0;;;;
???;00:07:50;15:51:37;0,0,0;;;;
???;00:08:06;15:51:37;0,0,0;;;;
???;00:08:21;15:51:38;0,0,0;;;;
???;00:08:37;15:51:38;0,0,0;;;;
