char;time_ingame;time_rw;pos;vehicle;subtitles_text;speaker;soundfile
Trevor;10:22:15;15:01:12;-1151.749,-1518.136,-1518.136;;;;
Trevor;10:22:15;15:01:13;-1151.758,-1518.137,-1518.137;;;;
Trevor;10:22:16;15:01:13;-1151.758,-1518.137,-1518.137;;;;
Trevor;10:22:16;15:01:14;-1151.758,-1518.137,-1518.137;;;;
Trevor;10:22:17;15:01:14;-1151.758,-1518.137,-1518.137;;;;
Trevor;10:22:17;15:01:15;-1151.758,-1518.137,-1518.137;;;;
Trevor;10:22:18;15:01:15;-1151.758,-1518.137,-1518.137;;;;
Trevor;10:22:18;15:01:16;-1151.758,-1518.137,-1518.137;;;;
Trevor;10:22:19;15:01:16;-1151.758,-1518.137,-1518.137;;;;
Trevor;10:22:19;15:01:17;-1151.758,-1518.137,-1518.137;;;;
Trevor;10:22:20;15:01:17;-1151.758,-1518.137,-1518.137;;;;
Trevor;10:22:20;15:01:18;-1151.758,-1518.137,-1518.137;;;;
Trevor;10:22:21;15:01:18;-1151.758,-1518.137,-1518.137;;;;
Trevor;10:22:21;15:01:19;-1151.758,-1518.137,-1518.137;;;;
Trevor;10:22:22;15:01:20;-1151.758,-1518.137,-1518.137;;;;
Trevor;10:22:23;15:01:20;-1151.756,-1518.155,-1518.155;;;;
Trevor;10:22:23;15:01:21;-1151.754,-1518.173,-1518.173;;;;
Trevor;10:22:24;15:01:22;-1151.753,-1518.18,-1518.18;;;;
Trevor;10:22:25;15:01:22;-1151.695,-1518.59,-1518.59;;;;
Trevor;10:22:25;15:01:23;-1151.398,-1519.828,-1519.828;;;;
Trevor;10:22:26;15:01:23;-1150.426,-1521.692,-1521.692;;;;
Trevor;10:22:26;15:01:24;-1149.675,-1522.723,-1522.723;;;;
Trevor;10:22:27;15:01:24;-1149.669,-1522.732,-1522.732;;;;
Trevor;10:22:27;15:01:25;-1149.679,-1522.738,-1522.738;;;;
Trevor;10:22:28;15:01:25;-1149.704,-1522.738,-1522.738;;;;
Trevor;10:22:51;15:01:49;-1149.706,-1522.738,-1522.738;;;;
Trevor;10:22:52;15:01:49;-1149.706,-1522.738,-1522.738;;;;
Trevor;10:22:52;15:01:50;-1149.706,-1522.738,-1522.738;;;;
Trevor;10:22:53;15:01:50;-1149.708,-1522.745,-1522.745;;;;
Trevor;10:22:53;15:01:51;-1149.434,-1522.826,-1522.826;;;;
Trevor;10:22:54;15:01:51;-1148.778,-1522.964,-1522.964;;;;
Trevor;10:22:54;15:01:52;-1147.365,-1522.568,-1522.568;;;;
Trevor;10:22:55;15:01:52;-1146.675,-1522.066,-1522.066;;;;
Trevor;10:22:55;15:01:53;-1146.113,-1521.65,-1521.65;;;;
Trevor;10:22:56;15:01:53;-1145.56,-1521.231,-1521.231;;;;
Trevor;10:22:57;15:01:54;-1145.018,-1520.784,-1520.784;;;;
Trevor;10:22:57;15:01:55;-1144.496,-1520.286,-1520.286;;;;
Trevor;10:22:58;15:01:55;-1144.127,-1519.633,-1519.633;;;;
Trevor;10:22:58;15:01:56;-1144.788,-1519.211,-1519.211;;;;
Trevor;10:23:08;15:02:05;-1145.213,-1519.374,-1519.374;;;;
Trevor;10:23:08;15:02:06;-1145.675,-1519.612,-1519.612;;;;
Trevor;10:23:09;15:02:06;-1146.3,-1519.939,-1519.939;;;;
Trevor;10:23:09;15:02:07;-1146.907,-1520.289,-1520.289;;;;
Trevor;10:23:10;15:02:07;-1147.501,-1520.646,-1520.646;;;;
Trevor;10:23:10;15:02:08;-1148.08,-1521.01,-1521.01;;;;
Trevor;10:23:11;15:02:08;-1148.707,-1521.41,-1521.41;;;;
Trevor;10:23:11;15:02:09;-1150.419,-1522.519,-1522.519;;;;
Trevor;10:23:12;15:02:09;-1153.038,-1524.466,-1524.466;;;;
Trevor;10:23:12;15:02:10;-1155.518,-1526.671,-1526.671;;;;
Trevor;10:23:13;15:02:10;-1157.19,-1528.461,-1528.461;;;;
Trevor;10:23:13;15:02:11;-1156.973,-1528.671,-1528.671;;;;
Trevor;10:23:14;15:02:11;-1157.046,-1528.691,-1528.691;;;;
Trevor;10:23:14;15:02:12;-1158.261,-1528.978,-1528.978;;;;
Trevor;10:23:15;15:02:12;-1158.488,-1529.367,-1529.367;True,OffRoad,BODHI2,0,0;;;
Trevor;10:23:15;15:02:13;-1158.488,-1529.367,-1529.367;True,OffRoad,BODHI2,0,0;;;
Trevor;10:23:16;15:02:13;-1158.488,-1529.367,-1529.367;True,OffRoad,BODHI2,0,0;;;
Trevor;10:23:16;15:02:14;-1158.488,-1529.367,-1529.367;True,OffRoad,BODHI2,0,0;;;
Trevor;10:23:17;15:02:14;-1158.488,-1529.367,-1529.367;True,OffRoad,BODHI2,0,00598423,1;;;
Trevor;10:23:17;15:02:15;-1158.486,-1529.366,-1529.366;True,OffRoad,BODHI2,0,009450866,1;;;
Trevor;10:23:18;15:02:15;-1158.497,-1529.343,-1529.343;True,OffRoad,BODHI2,0,4686089,1;;;
Trevor;10:23:19;15:02:16;-1158.519,-1529.323,-1529.323;True,OffRoad,BODHI2,0,005782004,0;;;
Trevor;10:23:19;15:02:17;-1158.519,-1529.323,-1529.323;True,OffRoad,BODHI2,0,0;;;
Trevor;10:23:20;15:02:17;-1158.6,-1529.212,-1529.212;True,OffRoad,BODHI2,1,117365,1;;;
Trevor;10:23:20;15:02:18;-1159.489,-1527.975,-1527.975;True,OffRoad,BODHI2,5,060114,1;;;
Trevor;10:23:21;15:02:18;-1161.291,-1525.454,-1525.454;True,OffRoad,BODHI2,5,233662,0;;;
Trevor;10:23:21;15:02:19;-1162.213,-1524.166,-1524.166;True,OffRoad,BODHI2,0,8772719,0;;;
Trevor;10:23:22;15:02:19;-1162.494,-1523.688,-1523.688;True,OffRoad,BODHI2,2,205356,1;;;
Trevor;10:23:22;15:02:20;-1163.414,-1521.735,-1521.735;True,OffRoad,BODHI2,6,499946,1;;;
Trevor;10:23:23;15:02:20;-1164.55,-1518.106,-1518.106;True,OffRoad,BODHI2,6,407865,0;;;
Trevor;10:23:23;15:02:21;-1163.89,-1515.402,-1515.402;True,OffRoad,BODHI2,4,596886,0;;;
Trevor;10:23:24;15:02:21;-1162.577,-1513.993,-1513.993;True,OffRoad,BODHI2,3,290894,1;;;
Trevor;10:23:24;15:02:22;-1161.024,-1513.084,-1513.084;True,OffRoad,BODHI2,2,988843,0;;;
Trevor;10:23:25;15:02:22;-1159.859,-1512.537,-1512.537;True,OffRoad,BODHI2,2,74994,1;;;
Trevor;10:23:25;15:02:23;-1158.719,-1511.75,-1511.75;True,OffRoad,BODHI2,1,738405,0;;;
Trevor;10:23:26;15:02:23;-1158.356,-1511.473,-1511.473;True,OffRoad,BODHI2,0,04302196,0;;;
Trevor;10:23:26;15:02:41;-1158.358,-1511.475,-1511.475;True,OffRoad,BODHI2,0,0;;;
Trevor;10:23:44;15:02:41;-1158.358,-1511.475,-1511.475;True,OffRoad,BODHI2,0,0;;;
Trevor;10:23:44;15:02:42;-1158.358,-1511.475,-1511.475;True,OffRoad,BODHI2,0,0;;;
Trevor;10:23:45;15:02:42;-1158.358,-1511.475,-1511.475;True,OffRoad,BODHI2,0,0;;;
Trevor;10:23:45;15:02:43;-1158.358,-1511.475,-1511.475;True,OffRoad,BODHI2,0,0;;;
Trevor;10:24:00;15:02:57;-1158.358,-1511.475,-1511.475;True,OffRoad,BODHI2,0,0;;;
Trevor;10:24:00;15:02:58;-1158.358,-1511.475,-1511.475;True,OffRoad,BODHI2,0,0;;;
Trevor;10:24:01;15:02:58;-1158.358,-1511.475,-1511.475;True,OffRoad,BODHI2,0,0;;;
Trevor;10:24:02;15:02:59;-1158.358,-1511.475,-1511.475;True,OffRoad,BODHI2,0,0;;;
Trevor;10:24:16;15:03:14;-1158.358,-1511.475,-1511.475;True,OffRoad,BODHI2,0,0;;;
Trevor;10:24:17;15:03:14;-1158.358,-1511.475,-1511.475;True,OffRoad,BODHI2,0,0;;;
Trevor;10:24:17;15:03:15;-1158.358,-1511.475,-1511.475;True,OffRoad,BODHI2,0,0;;;
Trevor;10:24:18;15:03:15;-1158.358,-1511.475,-1511.475;True,OffRoad,BODHI2,0,0;;;
Trevor;10:24:18;15:03:16;-1158.344,-1511.471,-1511.471;True,OffRoad,BODHI2,0,2171462,1;;;
Trevor;10:24:19;15:03:16;-1157.989,-1511.216,-1511.216;True,OffRoad,BODHI2,0,4535888,0;;;
Trevor;10:24:19;15:03:17;-1157.975,-1511.198,-1511.198;True,OffRoad,BODHI2,0,005240012,0;;;
Trevor;10:24:20;15:03:17;-1157.975,-1511.198,-1511.198;True,OffRoad,BODHI2,0,0;;;
Trevor;10:24:25;15:03:23;-1157.975,-1511.198,-1511.198;True,OffRoad,BODHI2,0,0;;;
Trevor;10:24:26;15:03:23;-1157.972,-1511.198,-1511.198;True,OffRoad,BODHI2,0,07131068,1;;;
Trevor;10:24:26;15:03:24;-1157.69,-1510.988,-1510.988;True,OffRoad,BODHI2,0,5542507,0;;;
Trevor;10:24:27;15:03:24;-1157.366,-1510.667,-1510.667;True,OffRoad,BODHI2,2,024596,1;;;
Trevor;10:24:27;15:03:25;-1155.711,-1509.317,-1509.317;True,OffRoad,BODHI2,6,635385,1;;;
Trevor;10:24:28;15:03:25;-1152.036,-1506.185,-1506.185;True,OffRoad,BODHI2,10,56391,0;;;
Trevor;10:24:28;15:03:26;-1148.638,-1502.511,-1502.511;True,OffRoad,BODHI2,9,02903,1;;;
Trevor;10:24:29;15:03:26;-1145.532,-1498.98,-1498.98;True,OffRoad,BODHI2,8,407254,1;;;
Trevor;10:24:29;15:03:27;-1142.028,-1495.089,-1495.089;True,OffRoad,BODHI2,10,03687,0;;;
Trevor;10:24:30;15:03:27;-1138.473,-1491.955,-1491.955;True,OffRoad,BODHI2,8,488009,1;;;
Trevor;10:24:30;15:03:28;-1134.569,-1488.77,-1488.77;True,OffRoad,BODHI2,10,91147,0;;;
Trevor;10:24:31;15:03:28;-1130.513,-1485.468,-1485.468;True,OffRoad,BODHI2,9,839536,1;;;
Trevor;10:24:31;15:03:29;-1126.05,-1481.974,-1481.974;True,OffRoad,BODHI2,12,11675,1;;;
Trevor;10:24:32;15:03:29;-1120.566,-1477.724,-1477.724;True,OffRoad,BODHI2,14,43866,1;;;
Trevor;10:24:32;15:03:30;-1114.631,-1473.184,-1473.184;True,OffRoad,BODHI2,13,49226,0;;;
Trevor;10:24:33;15:03:30;-1109.499,-1469.591,-1469.591;True,OffRoad,BODHI2,8,851635,0;;;
Trevor;10:24:33;15:03:31;-1107.993,-1468.479,-1468.479;True,OffRoad,BODHI2,0,5135806,0;;;
Trevor;10:24:34;15:03:31;-1107.957,-1468.466,-1468.466;True,OffRoad,BODHI2,0,119121,1;;;
Trevor;10:24:34;15:03:32;-1107.402,-1468.057,-1468.057;True,OffRoad,BODHI2,2,959266,1;;;
Trevor;10:24:35;15:03:32;-1105.155,-1466.402,-1466.402;True,OffRoad,BODHI2,7,577956,0;;;
Trevor;10:24:36;15:03:33;-1101.613,-1463.797,-1463.797;True,OffRoad,BODHI2,10,77804,1;;;
Trevor;10:24:36;15:03:34;-1097.954,-1460.322,-1460.322;True,OffRoad,BODHI2,8,269084,0;;;
Trevor;10:24:37;15:03:34;-1095.768,-1457.06,-1457.06;True,OffRoad,BODHI2,7,932563,1;;;
Trevor;10:24:37;15:03:35;-1092.819,-1453.021,-1453.021;True,OffRoad,BODHI2,9,696852,0;;;
Trevor;10:24:38;15:03:35;-1090.575,-1448.985,-1448.985;True,OffRoad,BODHI2,7,847276,0;;;
Trevor;10:24:38;15:03:36;-1090.042,-1445.678,-1445.678;True,OffRoad,BODHI2,5,099604,0;;;
Trevor;10:24:39;15:03:36;-1090.02,-1445.095,-1445.095;True,OffRoad,BODHI2,0,2002215,0;;;
Trevor;10:24:39;15:03:37;-1090.041,-1445.119,-1445.119;True,OffRoad,BODHI2,0,007650224,0;;;
Trevor;10:24:40;15:03:37;-1090.041,-1445.119,-1445.119;True,OffRoad,BODHI2,0,0;;;
Trevor;10:24:40;15:03:38;-1090.041,-1445.119,-1445.119;True,OffRoad,BODHI2,0,0;;;
Trevor;10:24:41;15:03:38;-1090.041,-1445.119,-1445.119;True,OffRoad,BODHI2,0,0;;;
Trevor;10:24:41;15:03:39;-1090.041,-1445.119,-1445.119;True,OffRoad,BODHI2,0,0;;;
Trevor;10:24:42;15:03:39;-1090.041,-1445.119,-1445.119;True,OffRoad,BODHI2,0,0;;;
Trevor;10:24:42;15:03:40;-1090.041,-1445.119,-1445.119;True,OffRoad,BODHI2,0,0;;;
Trevor;10:24:43;15:03:40;-1090.041,-1445.119,-1445.119;True,OffRoad,BODHI2,0,0;;;
Trevor;10:24:43;15:03:41;-1090.041,-1445.119,-1445.119;True,OffRoad,BODHI2,0,0;;;
Trevor;10:24:44;15:03:41;-1090.041,-1445.119,-1445.119;True,OffRoad,BODHI2,0,0;;;
Trevor;10:24:44;15:03:42;-1090.041,-1445.119,-1445.119;True,OffRoad,BODHI2,0,0;;;
Trevor;10:24:45;15:03:42;-1090.041,-1445.119,-1445.119;True,OffRoad,BODHI2,0,0;;;
Trevor;10:24:45;15:03:43;-1090.041,-1445.119,-1445.119;True,OffRoad,BODHI2,0,0;;;
Trevor;10:24:46;15:03:43;-1090.041,-1445.119,-1445.119;True,OffRoad,BODHI2,0,0;;;
Trevor;10:24:46;15:03:44;-1090.041,-1445.119,-1445.119;True,OffRoad,BODHI2,0,0;;;
Trevor;10:24:47;15:03:44;-1090.041,-1445.119,-1445.119;True,OffRoad,BODHI2,0,0;;;
Trevor;10:24:47;15:03:45;-1090.041,-1445.119,-1445.119;True,OffRoad,BODHI2,0,0;;;
Trevor;10:24:48;15:03:45;-1090.041,-1445.119,-1445.119;True,OffRoad,BODHI2,0,0;;;
Trevor;10:24:49;15:03:46;-1090.041,-1445.119,-1445.119;True,OffRoad,BODHI2,0,0;;;
Trevor;10:24:49;15:03:46;-1090.041,-1445.119,-1445.119;True,OffRoad,BODHI2,0,0;;;
Trevor;10:24:50;15:03:47;-1090.041,-1445.119,-1445.119;True,OffRoad,BODHI2,0,0;;;
Trevor;10:24:50;15:03:48;-1090.041,-1445.119,-1445.119;True,OffRoad,BODHI2,0,0;;;
Trevor;10:24:51;15:03:48;-1090.041,-1445.119,-1445.119;True,OffRoad,BODHI2,0,0;;;
Trevor;10:24:51;15:03:49;-1090.041,-1445.119,-1445.119;True,OffRoad,BODHI2,0,0;;;
Trevor;10:24:52;15:03:49;-1090.041,-1445.119,-1445.119;True,OffRoad,BODHI2,0,0;;;
Trevor;10:24:52;15:03:50;-1090.041,-1445.119,-1445.119;True,OffRoad,BODHI2,0,0;;;
Trevor;10:24:53;15:03:50;-1090.041,-1445.119,-1445.119;True,OffRoad,BODHI2,0,0;;;
Trevor;10:24:53;15:03:51;-1090.041,-1445.119,-1445.119;True,OffRoad,BODHI2,0,0;;;
Trevor;10:24:54;15:03:51;-1090.041,-1445.117,-1445.117;True,OffRoad,BODHI2,0,05875178,1;;;
Trevor;10:24:54;15:03:52;-1089.997,-1444.509,-1444.509;True,OffRoad,BODHI2,2,792636,1;;;
Trevor;10:24:55;15:03:52;-1089.586,-1441.892,-1441.892;True,OffRoad,BODHI2,7,731046,1;;;
Trevor;10:24:55;15:03:53;-1088.702,-1436.775,-1436.775;True,OffRoad,BODHI2,10,16553,0;;;
Trevor;10:24:56;15:03:53;-1087.836,-1431.645,-1431.645;True,OffRoad,BODHI2,11,44903,1;;;
Trevor;10:24:56;15:03:54;-1086.504,-1424.828,-1424.828;True,OffRoad,BODHI2,14,87274,1;;;
Trevor;10:24:57;15:03:54;-1084.358,-1416.666,-1416.666;True,OffRoad,BODHI2,17,2252,1;;;
Trevor;10:24:57;15:03:55;-1082.331,-1407.324,-1407.324;True,OffRoad,BODHI2,19,64764,1;;;
Trevor;10:24:58;15:03:55;-1080.391,-1396.475,-1396.475;True,OffRoad,BODHI2,22,38721,1;;;
Trevor;10:24:58;15:03:56;-1077.573,-1385.777,-1385.777;True,OffRoad,BODHI2,20,49434,0;;;
Trevor;10:24:59;15:03:56;-1074.562,-1376.16,-1376.16;True,OffRoad,BODHI2,18,35106,0;;;
Trevor;10:24:59;15:03:57;-1072.237,-1366.938,-1366.938;True,OffRoad,BODHI2,19,15106,1;;;
Trevor;10:25:00;15:03:57;-1069.773,-1357.141,-1357.141;True,OffRoad,BODHI2,18,57118,0;;;
Trevor;10:25:00;15:03:58;-1067.213,-1348.447,-1348.447;True,OffRoad,BODHI2,16,50008,0;;;
Trevor;10:25:01;15:03:58;-1064.759,-1340.372,-1340.372;True,OffRoad,BODHI2,17,50597,1;;;
Trevor;10:25:01;15:03:59;-1061.721,-1331.042,-1331.042;True,OffRoad,BODHI2,19,87789,1;;;
Trevor;10:25:02;15:03:59;-1057.679,-1320.971,-1320.971;True,OffRoad,BODHI2,21,69095,1;;;
Trevor;10:25:03;15:04:00;-1052.606,-1311.147,-1311.147;True,OffRoad,BODHI2,20,40283,0;;;
Trevor;10:25:03;15:04:01;-1046.851,-1302.02,-1302.02;True,OffRoad,BODHI2,21,70141,1;;;
Trevor;10:25:04;15:04:01;-1039.833,-1293.226,-1293.226;True,OffRoad,BODHI2,20,83539,0;;;
Trevor;10:25:04;15:04:02;-1032.356,-1285.187,-1285.187;True,OffRoad,BODHI2,21,5433,0;;;
Trevor;10:25:05;15:04:02;-1024.568,-1278.12,-1278.12;True,OffRoad,BODHI2,19,22627,0;;;
Trevor;10:25:05;15:04:03;-1016.986,-1272.138,-1272.138;True,OffRoad,BODHI2,18,8003,1;;;
Trevor;10:25:06;15:04:03;-1008.122,-1266.502,-1266.502;True,OffRoad,BODHI2,21,91084,1;;;
Trevor;10:25:06;15:04:04;-998.3561,-1260.791,-1260.791;True,OffRoad,BODHI2,20,9567,0;;;
Trevor;10:25:07;15:04:04;-988.5439,-1255.636,-1255.636;True,OffRoad,BODHI2,22,57011,1;;;
Trevor;10:25:07;15:04:05;-977.4146,-1250.285,-1250.285;True,OffRoad,BODHI2,24,59364,1;;;
Trevor;10:25:08;15:04:05;-966.1025,-1243.801,-1243.801;True,OffRoad,BODHI2,24,53727,0;;;
Trevor;10:25:08;15:04:06;-955.8472,-1236.725,-1236.725;True,OffRoad,BODHI2,23,45311,0;;;
Trevor;10:25:09;15:04:06;-946.0588,-1230.491,-1230.491;True,OffRoad,BODHI2,21,12341,0;;;
Trevor;10:25:09;15:04:07;-936.859,-1225.64,-1225.64;True,OffRoad,BODHI2,18,95943,0;;;
Trevor;10:25:10;15:04:07;-928.8058,-1220.944,-1220.944;True,OffRoad,BODHI2,16,93127,0;;;
Trevor;10:25:10;15:04:08;-921.6194,-1216.707,-1216.707;True,OffRoad,BODHI2,14,84246,0;;;
Trevor;10:25:11;15:04:08;-915.1877,-1213.49,-1213.49;True,OffRoad,BODHI2,12,89982,0;;;
Trevor;10:25:11;15:04:09;-909.689,-1210.643,-1210.643;True,OffRoad,BODHI2,10,95354,0;;;
Trevor;10:25:12;15:04:09;-905.229,-1208.117,-1208.117;True,OffRoad,BODHI2,8,146226,0;;;
Trevor;10:25:12;15:04:10;-902.2848,-1206.453,-1206.453;True,OffRoad,BODHI2,5,405651,0;;;
Trevor;10:25:13;15:04:10;-900.2679,-1205.308,-1205.308;True,OffRoad,BODHI2,3,657696,0;;;
Trevor;10:25:13;15:04:11;-899.0134,-1204.594,-1204.594;True,OffRoad,BODHI2,1,890511,0;;;
Trevor;10:25:14;15:04:11;-898.5226,-1204.277,-1204.277;True,OffRoad,BODHI2,0,9189228,1;;;
Trevor;10:25:14;15:04:12;-897.7602,-1203.842,-1203.842;True,OffRoad,BODHI2,2,118772,1;;;
Trevor;10:25:15;15:04:12;-896.8897,-1203.349,-1203.349;True,OffRoad,BODHI2,1,101804,0;;;
Trevor;10:25:16;15:04:13;-896.5985,-1203.182,-1203.182;True,OffRoad,BODHI2,0,8239215,1;;;
Trevor;10:25:16;15:04:14;-896.5158,-1203.133,-1203.133;True,OffRoad,BODHI2,0,006938751,0;;;
Trevor;10:25:17;15:04:14;-896.5159,-1203.133,-1203.133;True,OffRoad,BODHI2,0,0;;;
Trevor;10:25:17;15:04:15;-896.5159,-1203.133,-1203.133;True,OffRoad,BODHI2,0,0;;;
Trevor;10:25:18;15:04:15;-896.5159,-1203.133,-1203.133;True,OffRoad,BODHI2,0,0;;;
Trevor;10:25:18;15:04:16;-896.5159,-1203.133,-1203.133;True,OffRoad,BODHI2,0,0;;;
Trevor;10:25:19;15:04:16;-896.5159,-1203.133,-1203.133;True,OffRoad,BODHI2,0,0;;;
Trevor;10:25:19;15:04:17;-896.5159,-1203.133,-1203.133;True,OffRoad,BODHI2,0,0;;;
Trevor;10:25:20;15:04:17;-896.5159,-1203.133,-1203.133;True,OffRoad,BODHI2,0,0;;;
Trevor;10:25:20;15:04:18;-896.5159,-1203.133,-1203.133;True,OffRoad,BODHI2,0,0;;;
Trevor;10:25:21;15:04:18;-896.5159,-1203.133,-1203.133;True,OffRoad,BODHI2,0,0;;;
Trevor;10:25:21;15:04:19;-896.5159,-1203.133,-1203.133;True,OffRoad,BODHI2,0,0;;;
Trevor;10:25:22;15:04:19;-896.5159,-1203.133,-1203.133;True,OffRoad,BODHI2,0,0;;;
Trevor;10:25:22;15:04:20;-896.5159,-1203.133,-1203.133;True,OffRoad,BODHI2,0,0;;;
Trevor;10:25:23;15:04:20;-896.5159,-1203.133,-1203.133;True,OffRoad,BODHI2,0,0;;;
Trevor;10:25:23;15:04:21;-896.5159,-1203.133,-1203.133;True,OffRoad,BODHI2,0,0;;;
Trevor;10:25:24;15:04:21;-896.5159,-1203.133,-1203.133;True,OffRoad,BODHI2,0,0;;;
Trevor;10:25:24;15:04:22;-896.5159,-1203.133,-1203.133;True,OffRoad,BODHI2,0,0;;;
Trevor;10:25:25;15:04:22;-896.5152,-1203.133,-1203.133;True,OffRoad,BODHI2,0,03295979,1;;;
Trevor;10:25:25;15:04:23;-896.0477,-1202.872,-1202.872;True,OffRoad,BODHI2,2,549313,1;;;
Trevor;10:25:26;15:04:23;-893.8591,-1201.645,-1201.645;True,OffRoad,BODHI2,7,287948,1;;;
Trevor;10:25:26;15:04:24;-889.4666,-1199.181,-1199.181;True,OffRoad,BODHI2,10,51053,0;;;
Trevor;10:25:27;15:04:24;-885.1028,-1196.726,-1196.726;True,OffRoad,BODHI2,8,740499,1;;;
Trevor;10:25:27;15:04:25;-880.698,-1194.263,-1194.263;True,OffRoad,BODHI2,10,88622,0;;;
Trevor;10:25:28;15:04:26;-876.1285,-1191.731,-1191.731;True,OffRoad,BODHI2,9,750149,1;;;
Trevor;10:25:29;15:04:26;-871.4145,-1188.812,-1188.812;True,OffRoad,BODHI2,11,84152,1;;;
Trevor;10:25:29;15:04:27;-865.7452,-1185.245,-1185.245;True,OffRoad,BODHI2,14,15919,1;;;
Trevor;10:25:30;15:04:27;-858.7894,-1180.815,-1180.815;True,OffRoad,BODHI2,17,48913,1;;;
Trevor;10:25:30;15:04:28;-851.6992,-1174.188,-1174.188;True,OffRoad,BODHI2,19,78501,1;;;
Trevor;10:25:31;15:04:28;-844.0615,-1168.108,-1168.108;True,OffRoad,BODHI2,18,40606,0;;;
Trevor;10:25:31;15:04:29;-836.513,-1163.286,-1163.286;True,OffRoad,BODHI2,16,0331,0;;;
Trevor;10:25:32;15:04:29;-830.467,-1159.658,-1159.658;True,OffRoad,BODHI2,11,70241,0;;;
Trevor;10:25:32;15:04:30;-825.733,-1156.808,-1156.808;True,OffRoad,BODHI2,10,69551,1;;;
Trevor;10:25:33;15:04:30;-821.2346,-1154.171,-1154.171;True,OffRoad,BODHI2,9,220407,1;;;
Trevor;10:25:33;15:04:31;-816.6755,-1151.704,-1151.704;True,OffRoad,BODHI2,10,88086,1;;;
Trevor;10:25:34;15:04:31;-811.3965,-1148.465,-1148.465;True,OffRoad,BODHI2,12,90959,1;;;
Trevor;10:25:34;15:04:32;-804.949,-1145.194,-1145.194;True,OffRoad,BODHI2,14,43323,0;;;
Trevor;10:25:35;15:04:32;-798.9565,-1141.844,-1141.844;True,OffRoad,BODHI2,11,78888,0;;;
Trevor;10:25:35;15:04:33;-794.2758,-1139.097,-1139.097;True,OffRoad,BODHI2,9,38523,0;;;
Trevor;10:25:36;15:04:33;-790.8625,-1137.134,-1137.134;True,OffRoad,BODHI2,5,83761,0;;;
Trevor;10:25:36;15:04:34;-788.8693,-1136.062,-1136.062;True,OffRoad,BODHI2,2,360697,0;;;
Trevor;10:25:37;15:04:34;-788.2527,-1135.699,-1135.699;True,OffRoad,BODHI2,0,124068,0;;;
Trevor;10:25:37;15:04:35;-788.2707,-1135.702,-1135.702;True,OffRoad,BODHI2,0,0;;;
Trevor;10:25:38;15:04:35;-788.2707,-1135.702,-1135.702;True,OffRoad,BODHI2,0,0;;;
Trevor;10:25:38;15:04:36;-788.2707,-1135.702,-1135.702;True,OffRoad,BODHI2,0,0;;;
Trevor;10:25:39;15:04:36;-788.2707,-1135.702,-1135.702;True,OffRoad,BODHI2,0,0;;;
Trevor;10:25:39;15:04:37;-788.2707,-1135.702,-1135.702;True,OffRoad,BODHI2,0,0;;;
Trevor;10:25:40;15:04:37;-788.2707,-1135.702,-1135.702;True,OffRoad,BODHI2,0,0;;;
Trevor;10:25:40;15:04:38;-788.2707,-1135.702,-1135.702;True,OffRoad,BODHI2,0,0;;;
Trevor;10:25:41;15:04:38;-788.2707,-1135.702,-1135.702;True,OffRoad,BODHI2,0,0;;;
Trevor;10:25:42;15:04:39;-788.2707,-1135.702,-1135.702;True,OffRoad,BODHI2,0,0;;;
Trevor;10:25:42;15:04:40;-788.2707,-1135.702,-1135.702;True,OffRoad,BODHI2,0,0;;;
Trevor;10:25:43;15:04:40;-788.2707,-1135.702,-1135.702;True,OffRoad,BODHI2,0,0;;;
Trevor;10:25:43;15:04:41;-788.2707,-1135.702,-1135.702;True,OffRoad,BODHI2,0,0;;;
Trevor;10:25:44;15:04:41;-788.2707,-1135.702,-1135.702;True,OffRoad,BODHI2,0,0;;;
Trevor;10:25:44;15:04:42;-788.2707,-1135.702,-1135.702;True,OffRoad,BODHI2,0,0;;;
Trevor;10:25:45;15:04:42;-788.2707,-1135.702,-1135.702;True,OffRoad,BODHI2,0,0;;;
Trevor;10:25:45;15:04:43;-788.2707,-1135.702,-1135.702;True,OffRoad,BODHI2,0,0;;;
Trevor;10:25:46;15:04:43;-788.2707,-1135.702,-1135.702;True,OffRoad,BODHI2,0,0;;;
Trevor;10:25:46;15:04:44;-788.0312,-1135.579,-1135.579;True,OffRoad,BODHI2,0,6543261,0;;;
Trevor;10:25:47;15:04:44;-787.8449,-1135.463,-1135.463;True,OffRoad,BODHI2,0,2587837,0;;;
Trevor;10:25:47;15:04:45;-787.7964,-1135.435,-1135.435;True,OffRoad,BODHI2,0,02303093,0;;;
Trevor;10:25:48;15:04:45;-787.7986,-1135.437,-1135.437;True,OffRoad,BODHI2,0,003090472,0;;;
Trevor;10:25:48;15:04:46;-787.7986,-1135.438,-1135.438;True,OffRoad,BODHI2,0,005625546,0;;;
Trevor;10:25:49;15:04:46;-787.8022,-1135.44,-1135.44;True,OffRoad,BODHI2,0,02824856,0;;;
Trevor;10:25:49;15:04:47;-787.8038,-1135.441,-1135.441;True,OffRoad,BODHI2,0,0;;;
Trevor;10:25:50;15:04:47;-787.8038,-1135.441,-1135.441;True,OffRoad,BODHI2,0,0;;;
Trevor;10:25:50;15:04:48;-787.8038,-1135.441,-1135.441;True,OffRoad,BODHI2,0,0;;;
Trevor;10:25:51;15:04:48;-787.8038,-1135.441,-1135.441;True,OffRoad,BODHI2,0,0;;;
Trevor;10:25:51;15:04:49;-787.8038,-1135.441,-1135.441;True,OffRoad,BODHI2,0,0;;;
Trevor;10:25:52;15:04:49;-787.8038,-1135.441,-1135.441;True,OffRoad,BODHI2,0,0;;;
Trevor;10:25:52;15:04:50;-787.8038,-1135.441,-1135.441;True,OffRoad,BODHI2,0,0;;;
Trevor;10:25:53;15:04:50;-787.8038,-1135.441,-1135.441;True,OffRoad,BODHI2,0,0;;;
Trevor;10:25:53;15:04:51;-787.8038,-1135.441,-1135.441;True,OffRoad,BODHI2,0,0;;;
Trevor;10:25:54;15:04:51;-787.8038,-1135.441,-1135.441;True,OffRoad,BODHI2,0,0;;;
Trevor;10:25:55;15:04:52;-787.8038,-1135.441,-1135.441;True,OffRoad,BODHI2,0,0;;;
Trevor;10:25:55;15:04:53;-787.8038,-1135.441,-1135.441;True,OffRoad,BODHI2,0,0;;;
Trevor;10:25:56;15:04:53;-787.8038,-1135.441,-1135.441;True,OffRoad,BODHI2,0,0;;;
Trevor;10:25:56;15:04:54;-787.8038,-1135.441,-1135.441;True,OffRoad,BODHI2,0,0;;;
Trevor;10:25:57;15:04:54;-787.8038,-1135.441,-1135.441;True,OffRoad,BODHI2,0,0;;;
Trevor;10:25:57;15:04:55;-787.8038,-1135.441,-1135.441;True,OffRoad,BODHI2,0,0;;;
Trevor;10:25:58;15:04:55;-787.8038,-1135.441,-1135.441;True,OffRoad,BODHI2,0,0;;;
Trevor;10:25:58;15:04:56;-787.8038,-1135.441,-1135.441;True,OffRoad,BODHI2,0,0;;;
Trevor;10:25:59;15:04:56;-787.8038,-1135.441,-1135.441;True,OffRoad,BODHI2,0,0;;;
Trevor;10:25:59;15:04:57;-787.8038,-1135.441,-1135.441;True,OffRoad,BODHI2,0,0;;;
Trevor;10:26:00;15:04:57;-787.8038,-1135.441,-1135.441;True,OffRoad,BODHI2,0,0;;;
Trevor;10:26:00;15:04:58;-787.8038,-1135.441,-1135.441;True,OffRoad,BODHI2,0,0;;;
Trevor;10:26:01;15:04:58;-787.8038,-1135.441,-1135.441;True,OffRoad,BODHI2,0,0;;;
Trevor;10:26:01;15:04:59;-787.8038,-1135.441,-1135.441;True,OffRoad,BODHI2,0,0;;;
Trevor;10:26:02;15:04:59;-787.8038,-1135.441,-1135.441;True,OffRoad,BODHI2,0,0;;;
Trevor;10:26:02;15:05:00;-787.8038,-1135.441,-1135.441;True,OffRoad,BODHI2,0,0;;;
Trevor;10:26:03;15:05:00;-787.8038,-1135.441,-1135.441;True,OffRoad,BODHI2,0,0;;;
Trevor;10:26:03;15:05:01;-787.8038,-1135.441,-1135.441;True,OffRoad,BODHI2,0,0;;;
Trevor;10:26:04;15:05:01;-787.8038,-1135.441,-1135.441;True,OffRoad,BODHI2,0,0;;;
Trevor;10:26:04;15:05:02;-787.8038,-1135.441,-1135.441;True,OffRoad,BODHI2,0,0;;;
Trevor;10:26:05;15:05:02;-787.8038,-1135.441,-1135.441;True,OffRoad,BODHI2,0,0;;;
Trevor;10:26:05;15:05:03;-787.8038,-1135.441,-1135.441;True,OffRoad,BODHI2,0,0;;;
Trevor;10:26:06;15:05:03;-787.8038,-1135.441,-1135.441;True,OffRoad,BODHI2,0,0;;;
Trevor;10:26:06;15:05:04;-787.8038,-1135.441,-1135.441;True,OffRoad,BODHI2,0,0;;;
Trevor;10:26:07;15:05:04;-787.804,-1135.442,-1135.442;True,OffRoad,BODHI2,0,002909294,1;;;
Trevor;10:26:07;15:05:05;-787.8008,-1135.445,-1135.445;True,OffRoad,BODHI2,0,01704628,0;;;
Trevor;10:26:08;15:05:06;-787.8026,-1135.444,-1135.444;True,OffRoad,BODHI2,0,008753864,0;;;
Trevor;10:26:09;15:05:06;-787.803,-1135.443,-1135.443;True,OffRoad,BODHI2,0,0;;;
Trevor;10:26:09;15:05:07;-787.803,-1135.443,-1135.443;True,OffRoad,BODHI2,0,0;;;
Trevor;10:26:10;15:05:07;-787.803,-1135.443,-1135.443;True,OffRoad,BODHI2,0,0;;;
Trevor;10:26:10;15:05:08;-787.803,-1135.443,-1135.443;True,OffRoad,BODHI2,0,0;;;
Trevor;10:26:11;15:05:08;-787.803,-1135.443,-1135.443;True,OffRoad,BODHI2,0,0;;;
Trevor;10:26:11;15:05:09;-787.803,-1135.443,-1135.443;True,OffRoad,BODHI2,0,0;;;
Trevor;10:26:12;15:05:09;-787.803,-1135.443,-1135.443;True,OffRoad,BODHI2,0,0;;;
Trevor;10:26:12;15:05:10;-787.803,-1135.443,-1135.443;True,OffRoad,BODHI2,0,0;;;
Trevor;10:26:13;15:05:10;-787.803,-1135.443,-1135.443;True,OffRoad,BODHI2,0,0;;;
Trevor;10:26:13;15:05:11;-787.5468,-1135.306,-1135.306;True,OffRoad,BODHI2,1,758975,1;;;
Trevor;10:26:14;15:05:11;-785.7774,-1134.357,-1134.357;True,OffRoad,BODHI2,6,249251,1;;;
Trevor;10:26:14;15:05:12;-781.6373,-1132.114,-1132.114;True,OffRoad,BODHI2,10,78195,0;;;
Trevor;10:26:15;15:05:12;-777.1182,-1129.48,-1129.48;True,OffRoad,BODHI2,9,992132,1;;;
Trevor;10:26:15;15:05:13;-772.0076,-1126.378,-1126.378;True,OffRoad,BODHI2,12,95149,1;;;
Trevor;10:26:16;15:05:13;-765.6868,-1122.418,-1122.418;True,OffRoad,BODHI2,15,41302,1;;;
Trevor;10:26:16;15:05:14;-758.0214,-1118.352,-1118.352;True,OffRoad,BODHI2,18,0305,1;;;
Trevor;10:26:17;15:05:14;-749.1697,-1113.359,-1113.359;True,OffRoad,BODHI2,21,03922,1;;;
Trevor;10:26:17;15:05:15;-739.4769,-1107.356,-1107.356;True,OffRoad,BODHI2,21,11012,0;;;
Trevor;10:26:18;15:05:15;-730.3443,-1101.649,-1101.649;True,OffRoad,BODHI2,21,33914,1;;;
Trevor;10:26:18;15:05:16;-720.5687,-1095.586,-1095.586;True,OffRoad,BODHI2,22,80811,1;;;
Trevor;10:26:19;15:05:16;-710.0313,-1089.159,-1089.159;True,OffRoad,BODHI2,25,41836,1;;;
Trevor;10:26:19;15:05:17;-698.3401,-1081.955,-1081.955;True,OffRoad,BODHI2,27,10048,1;;;
Trevor;10:26:20;15:05:17;-686.8046,-1074.876,-1074.876;True,OffRoad,BODHI2,24,7098,0;;;
Trevor;10:26:21;15:05:18;-676.446,-1068.116,-1068.116;True,OffRoad,BODHI2,22,66775,1;;;
Trevor;10:26:21;15:05:19;-666.826,-1060.894,-1060.894;True,OffRoad,BODHI2,23,50554,1;;;
Trevor;10:26:22;15:05:19;-657.5978,-1052.388,-1052.388;True,OffRoad,BODHI2,24,50433,0;;;
Trevor;10:26:22;15:05:20;-650.9444,-1042.591,-1042.591;True,OffRoad,BODHI2,21,60331,0;;;
Trevor;10:26:23;15:05:20;-645.7095,-1033.551,-1033.551;True,OffRoad,BODHI2,18,84537,0;;;
Trevor;10:26:23;15:05:21;-640.895,-1025.862,-1025.862;True,OffRoad,BODHI2,16,14337,0;;;
Trevor;10:26:24;15:05:21;-637.5083,-1018.913,-1018.913;True,OffRoad,BODHI2,13,69825,0;;;
Trevor;10:26:24;15:05:22;-635.761,-1012.707,-1012.707;True,OffRoad,BODHI2,11,84131,1;;;
Trevor;10:26:25;15:05:22;-634.3882,-1006.237,-1006.237;True,OffRoad,BODHI2,13,13052,0;;;
Trevor;10:26:25;15:05:23;-633.2388,-1000.106,-1000.106;True,OffRoad,BODHI2,11,75917,1;;;
Trevor;10:26:26;15:05:23;-633.6761,-993.3633,-993.3633;True,OffRoad,BODHI2,14,28274,1;;;
Trevor;10:26:26;15:05:24;-634.1421,-985.1458,-985.1458;True,OffRoad,BODHI2,17,46551,1;;;
Trevor;10:26:27;15:05:24;-633.8682,-976.3433,-976.3433;True,OffRoad,BODHI2,15,85615,0;;;
Trevor;10:26:27;15:05:25;-633.8571,-968.4686,-968.4686;True,OffRoad,BODHI2,15,78434,1;;;
Trevor;10:26:28;15:05:25;-634.5166,-959.5435,-959.5435;True,OffRoad,BODHI2,18,09884,1;;;
Trevor;10:26:28;15:05:26;-635.828,-949.8043,-949.8043;True,OffRoad,BODHI2,19,98802,1;;;
Trevor;10:26:29;15:05:26;-635.3359,-939.66,-939.66;True,OffRoad,BODHI2,19,11517,1;;;
Trevor;10:26:29;15:05:27;-634.8706,-929.2318,-929.2318;True,OffRoad,BODHI2,20,77834,1;;;
Trevor;10:26:30;15:05:27;-634.7273,-917.9916,-917.9916;True,OffRoad,BODHI2,21,83731,1;;;
Trevor;10:26:30;15:05:28;-633.7601,-907.2138,-907.2138;True,OffRoad,BODHI2,19,44848,0;;;
Trevor;10:26:31;15:05:28;-632.6163,-897.8677,-897.8677;True,OffRoad,BODHI2,17,23471,0;;;
Trevor;10:26:31;15:05:29;-631.5441,-889.545,-889.545;True,OffRoad,BODHI2,15,28308,0;;;
Trevor;10:26:32;15:05:29;-630.6378,-882.2098,-882.2098;True,OffRoad,BODHI2,13,38638,0;;;
Trevor;10:26:32;15:05:30;-630.5582,-875.8054,-875.8054;True,OffRoad,BODHI2,11,2488,0;;;
Trevor;10:26:33;15:05:30;-630.2643,-870.5181,-870.5181;True,OffRoad,BODHI2,9,290025,0;;;
Trevor;10:26:34;15:05:31;-630.1952,-866.1846,-866.1846;True,OffRoad,BODHI2,7,403074,0;;;
Trevor;10:26:34;15:05:32;-630.1497,-862.829,-862.829;True,OffRoad,BODHI2,5,538493,0;;;
Trevor;10:26:35;15:05:32;-630.1113,-860.618,-860.618;True,OffRoad,BODHI2,2,298261,0;;;
Trevor;10:26:35;15:05:33;-630.134,-860.2916,-860.2916;True,OffRoad,BODHI2,0,03619021,0;;;
Trevor;10:26:36;15:05:33;-630.1347,-860.2952,-860.2952;True,OffRoad,BODHI2,0,0;;;
Trevor;10:26:36;15:05:34;-630.1347,-860.2952,-860.2952;True,OffRoad,BODHI2,0,0;;;
Trevor;10:26:37;15:05:34;-630.1347,-860.2952,-860.2952;True,OffRoad,BODHI2,0,0;;;
Trevor;10:26:37;15:05:35;-630.1347,-860.2952,-860.2952;True,OffRoad,BODHI2,0,0;;;
Trevor;10:26:38;15:05:35;-630.1347,-860.2952,-860.2952;True,OffRoad,BODHI2,0,0;;;
Trevor;10:26:38;15:05:36;-630.1347,-860.2952,-860.2952;True,OffRoad,BODHI2,0,0;;;
Trevor;10:26:39;15:05:36;-630.1347,-860.2952,-860.2952;True,OffRoad,BODHI2,0,0;;;
Trevor;10:26:39;15:05:37;-630.1347,-860.2952,-860.2952;True,OffRoad,BODHI2,0,0;;;
Trevor;10:26:40;15:05:37;-630.1347,-860.2952,-860.2952;True,OffRoad,BODHI2,0,0;;;
Trevor;10:26:40;15:05:38;-630.1347,-860.2952,-860.2952;True,OffRoad,BODHI2,0,0;;;
Trevor;10:26:41;15:05:38;-630.1347,-860.2952,-860.2952;True,OffRoad,BODHI2,0,0;;;
Trevor;10:26:41;15:05:39;-630.134,-860.2952,-860.2952;True,OffRoad,BODHI2,0,004984949,1;;;
Trevor;10:26:42;15:05:39;-630.1262,-860.2957,-860.2957;True,OffRoad,BODHI2,0,01351326,1;;;
Trevor;10:26:42;15:05:40;-630.1251,-860.2957,-860.2957;True,OffRoad,BODHI2,0,003177444,1;;;
Trevor;10:26:43;15:05:40;-630.1248,-860.2956,-860.2956;True,OffRoad,BODHI2,0,002200844,1;;;
Trevor;10:26:43;15:05:41;-630.1252,-860.2956,-860.2956;True,OffRoad,BODHI2,0,002104759,1;;;
Trevor;10:26:44;15:05:41;-630.1249,-860.2956,-860.2956;True,OffRoad,BODHI2,0,0031651,1;;;
Trevor;10:26:44;15:05:42;-630.1265,-860.2956,-860.2956;True,OffRoad,BODHI2,0,01212741,0;;;
Trevor;10:26:45;15:05:42;-630.1317,-860.2956,-860.2956;True,OffRoad,BODHI2,0,0;;;
Trevor;10:26:45;15:05:43;-630.1317,-860.2956,-860.2956;True,OffRoad,BODHI2,0,0;;;
Trevor;10:26:46;15:05:43;-630.1317,-860.2956,-860.2956;True,OffRoad,BODHI2,0,0;;;
Trevor;10:26:46;15:05:44;-630.1317,-860.2956,-860.2956;True,OffRoad,BODHI2,0,0;;;
Trevor;10:26:47;15:05:44;-630.1456,-860.2309,-860.2309;True,OffRoad,BODHI2,0,01521208,0;;;
Trevor;10:26:48;15:05:45;-630.1647,-860.1111,-860.1111;True,OffRoad,BODHI2,0,4021302,0;;;
Trevor;10:26:48;15:05:46;-630.1702,-860.0912,-860.0912;True,OffRoad,BODHI2,0,0;;;
Trevor;10:26:49;15:05:46;-630.1702,-860.0912,-860.0912;True,OffRoad,BODHI2,0,0;;;
Trevor;10:26:49;15:05:47;-630.1702,-860.0912,-860.0912;True,OffRoad,BODHI2,0,0;;;
Trevor;10:26:50;15:05:47;-630.1702,-860.0912,-860.0912;True,OffRoad,BODHI2,0,0;;;
Trevor;10:26:50;15:05:48;-630.1702,-860.0912,-860.0912;True,OffRoad,BODHI2,0,0;;;
Trevor;10:26:51;15:05:48;-630.1702,-860.0912,-860.0912;True,OffRoad,BODHI2,0,0;;;
Trevor;10:26:51;15:05:49;-630.1702,-860.0912,-860.0912;True,OffRoad,BODHI2,0,0;;;
Trevor;10:26:52;15:05:49;-630.1702,-860.0912,-860.0912;True,OffRoad,BODHI2,0,0;;;
Trevor;10:26:52;15:05:50;-630.1702,-860.0912,-860.0912;True,OffRoad,BODHI2,0,0;;;
Trevor;10:26:53;15:05:50;-630.1701,-860.0911,-860.0911;True,OffRoad,BODHI2,0,008161734,1;;;
Trevor;10:26:53;15:05:51;-630.1677,-859.7699,-859.7699;True,OffRoad,BODHI2,0,7445624,0;;;
Trevor;10:26:54;15:05:51;-630.1697,-859.6776,-859.6776;True,OffRoad,BODHI2,0,006661732,0;;;
Trevor;10:26:54;15:05:52;-630.1697,-859.6779,-859.6779;True,OffRoad,BODHI2,0,0;;;
Trevor;10:26:55;15:05:52;-630.1697,-859.6779,-859.6779;True,OffRoad,BODHI2,0,0;;;
Trevor;10:26:55;15:05:53;-630.1697,-859.6779,-859.6779;True,OffRoad,BODHI2,0,0;;;
Trevor;10:26:56;15:05:53;-630.1697,-859.6779,-859.6779;True,OffRoad,BODHI2,0,0;;;
Trevor;10:26:56;15:05:54;-630.1697,-859.6779,-859.6779;True,OffRoad,BODHI2,0,0;;;
Trevor;10:26:57;15:05:54;-630.1697,-859.6779,-859.6779;True,OffRoad,BODHI2,0,0;;;
Trevor;10:26:57;15:05:55;-630.1697,-859.6779,-859.6779;True,OffRoad,BODHI2,0,0;;;
Trevor;10:26:58;15:05:55;-630.1697,-859.6779,-859.6779;True,OffRoad,BODHI2,0,0;;;
Trevor;10:26:58;15:05:56;-630.1697,-859.6779,-859.6779;True,OffRoad,BODHI2,0,0;;;
Trevor;10:26:59;15:05:56;-630.1686,-859.6938,-859.6938;True,OffRoad,BODHI2,0,06175685,0;;;
Trevor;10:26:59;15:05:57;-630.1681,-859.7115,-859.7115;True,OffRoad,BODHI2,0,1974715,0;;;
Trevor;10:27:00;15:05:57;-630.1671,-859.7893,-859.7893;True,OffRoad,BODHI2,0,7216532,-1;;;
Trevor;10:27:00;15:05:58;-630.1504,-860.9431,-860.9431;True,OffRoad,BODHI2,3,893014,-1;;;
Trevor;10:27:01;15:05:59;-630.1285,-862.751,-862.751;True,OffRoad,BODHI2,0,40683,0;;;
Trevor;10:27:02;15:05:59;-630.0434,-862.4084,-862.4084;True,OffRoad,BODHI2,2,072658,1;;;
Trevor;10:27:02;15:06:00;-629.5754,-860.5668,-860.5668;True,OffRoad,BODHI2,3,504288,0;;;
Trevor;10:27:03;15:06:00;-629.6481,-859.2689,-859.2689;True,OffRoad,BODHI2,2,20378,1;;;
Trevor;10:27:03;15:06:01;-629.6085,-858.2755,-858.2755;True,OffRoad,BODHI2,1,844027,1;;;
Trevor;10:27:04;15:06:01;-629.5461,-856.4343,-856.4343;True,OffRoad,BODHI2,5,646038,1;;;
Trevor;10:27:04;15:06:02;-629.5256,-852.2624,-852.2624;True,OffRoad,BODHI2,10,34699,1;;;
Trevor;10:27:05;15:06:02;-629.8808,-846.9764,-846.9764;True,OffRoad,BODHI2,9,350362,1;;;
Trevor;10:27:05;15:06:03;-629.8477,-841.5121,-841.5121;True,OffRoad,BODHI2,11,98574,1;;;
Trevor;10:27:06;15:06:03;-630.334,-834.1912,-834.1912;True,OffRoad,BODHI2,16,31616,1;;;
Trevor;10:27:06;15:06:04;-630.4504,-825.0743,-825.0743;True,OffRoad,BODHI2,18,95822,1;;;
Trevor;10:27:07;15:06:04;-630.1574,-814.3949,-814.3949;True,OffRoad,BODHI2,21,75316,1;;;
Trevor;10:27:07;15:06:05;-630.3313,-802.8892,-802.8892;True,OffRoad,BODHI2,21,27453,0;;;
Trevor;10:27:08;15:06:05;-630.4264,-791.7726,-791.7726;True,OffRoad,BODHI2,21,68516,1;;;
Trevor;10:27:08;15:06:06;-630.1904,-780.1325,-780.1325;True,OffRoad,BODHI2,23,11409,1;;;
Trevor;10:27:09;15:06:06;-631.0656,-767.8017,-767.8017;True,OffRoad,BODHI2,24,6066,1;;;
Trevor;10:27:09;15:06:07;-632.1606,-754.5815,-754.5815;True,OffRoad,BODHI2,26,84492,1;;;
Trevor;10:27:10;15:06:07;-633.2791,-740.0587,-740.0587;True,OffRoad,BODHI2,29,18612,1;;;
Trevor;10:27:10;15:06:08;-634.4755,-724.7097,-724.7097;True,OffRoad,BODHI2,30,01554,1;;;
Trevor;10:27:11;15:06:08;-634.835,-709.0269,-709.0269;True,OffRoad,BODHI2,28,9758,0;;;
Trevor;10:27:11;15:06:09;-634.9111,-694.7425,-694.7425;True,OffRoad,BODHI2,26,1853,0;;;
Trevor;10:27:12;15:06:09;-634.8612,-681.5914,-681.5914;True,OffRoad,BODHI2,25,75464,1;;;
Trevor;10:27:12;15:06:10;-633.899,-668.0541,-668.0541;True,OffRoad,BODHI2,27,41821,1;;;
Trevor;10:27:13;15:06:10;-631.507,-653.0514,-653.0514;True,OffRoad,BODHI2,29,65766,1;;;
Trevor;10:27:13;15:06:11;-629.5773,-638.2068,-638.2068;True,OffRoad,BODHI2,28,23358,1;;;
Trevor;10:27:14;15:06:11;-628.9316,-623.344,-623.344;True,OffRoad,BODHI2,29,05857,1;;;
Trevor;10:27:15;15:06:12;-628.3688,-608.9434,-608.9434;True,OffRoad,BODHI2,26,33184,0;;;
Trevor;10:27:15;15:06:13;-628.4297,-596.1509,-596.1509;True,OffRoad,BODHI2,21,28524,0;;;
Trevor;10:27:16;15:06:13;-628.7419,-588.0036,-588.0036;True,OffRoad,BODHI2,12,71605,0;;;
Trevor;10:27:16;15:06:14;-628.996,-581.9869,-581.9869;True,OffRoad,BODHI2,10,55694,0;;;
Trevor;10:27:17;15:06:14;-628.814,-577.1522,-577.1522;True,OffRoad,BODHI2,8,408077,0;;;
Trevor;10:27:17;15:06:15;-628.685,-573.3762,-573.3762;True,OffRoad,BODHI2,6,340299,0;;;
Trevor;10:27:18;15:06:15;-628.7121,-571.6416,-571.6416;True,OffRoad,BODHI2,0,05150548,-1;;;
Trevor;10:27:18;15:06:16;-628.7167,-571.6652,-571.6652;True,OffRoad,BODHI2,0,0;;;
Trevor;10:27:19;15:06:16;-628.7167,-571.6652,-571.6652;True,OffRoad,BODHI2,0,0;;;
Trevor;10:27:19;15:06:17;-628.7167,-571.6652,-571.6652;True,OffRoad,BODHI2,0,0;;;
Trevor;10:27:20;15:06:17;-628.7167,-571.6652,-571.6652;True,OffRoad,BODHI2,0,0;;;
Trevor;10:27:20;15:06:18;-628.7167,-571.6652,-571.6652;True,OffRoad,BODHI2,0,0;;;
Trevor;10:27:21;15:06:18;-628.7167,-571.6652,-571.6652;True,OffRoad,BODHI2,0,0;;;
Trevor;10:27:21;15:06:19;-628.7167,-571.6652,-571.6652;True,OffRoad,BODHI2,0,0;;;
Trevor;10:27:22;15:06:19;-628.7167,-571.6652,-571.6652;True,OffRoad,BODHI2,0,0;;;
Trevor;10:27:22;15:06:20;-628.7167,-571.6652,-571.6652;True,OffRoad,BODHI2,0,0;;;
Trevor;10:27:23;15:06:20;-628.7167,-571.6652,-571.6652;True,OffRoad,BODHI2,0,0;;;
Trevor;10:27:23;15:06:21;-628.7167,-571.6652,-571.6652;True,OffRoad,BODHI2,0,0;;;
Trevor;10:27:24;15:06:21;-628.7167,-571.6652,-571.6652;True,OffRoad,BODHI2,0,0;;;
Trevor;10:27:24;15:06:22;-628.7167,-571.6652,-571.6652;True,OffRoad,BODHI2,0,0;;;
Trevor;10:27:25;15:06:22;-628.7167,-571.6652,-571.6652;True,OffRoad,BODHI2,0,0;;;
Trevor;10:27:25;15:06:23;-628.7167,-571.6652,-571.6652;True,OffRoad,BODHI2,0,0;;;
Trevor;10:27:26;15:06:23;-628.7167,-571.6652,-571.6652;True,OffRoad,BODHI2,0,0;;;
Trevor;10:27:26;15:06:24;-628.7167,-571.6652,-571.6652;True,OffRoad,BODHI2,0,0;;;
Trevor;10:27:27;15:06:24;-628.7167,-571.6652,-571.6652;True,OffRoad,BODHI2,0,0;;;
Trevor;10:27:27;15:06:25;-628.7167,-571.6652,-571.6652;True,OffRoad,BODHI2,0,0;;;
Trevor;10:27:28;15:06:25;-628.7167,-571.6652,-571.6652;True,OffRoad,BODHI2,0,0;;;
Trevor;10:27:29;15:06:26;-628.7167,-571.6652,-571.6652;True,OffRoad,BODHI2,0,0;;;
Trevor;10:27:29;15:06:27;-628.7167,-571.6652,-571.6652;True,OffRoad,BODHI2,0,0;;;
Trevor;10:27:30;15:06:27;-628.7167,-571.6652,-571.6652;True,OffRoad,BODHI2,0,0;;;
Trevor;10:27:30;15:06:28;-628.7167,-571.6652,-571.6652;True,OffRoad,BODHI2,0,0;;;
Trevor;10:27:31;15:06:28;-628.7167,-571.6652,-571.6652;True,OffRoad,BODHI2,0,0;;;
Trevor;10:27:31;15:06:29;-628.7167,-571.6652,-571.6652;True,OffRoad,BODHI2,0,0;;;
Trevor;10:27:32;15:06:29;-628.7167,-571.6652,-571.6652;True,OffRoad,BODHI2,0,0;;;
Trevor;10:27:32;15:06:30;-628.7167,-571.6652,-571.6652;True,OffRoad,BODHI2,0,0;;;
Trevor;10:27:33;15:06:30;-628.7167,-571.6652,-571.6652;True,OffRoad,BODHI2,0,0;;;
Trevor;10:27:33;15:06:31;-628.7167,-571.6652,-571.6652;True,OffRoad,BODHI2,0,0;;;
Trevor;10:27:34;15:06:31;-628.7167,-571.6652,-571.6652;True,OffRoad,BODHI2,0,0;;;
Trevor;10:27:34;15:06:32;-628.7167,-571.6652,-571.6652;True,OffRoad,BODHI2,0,0;;;
Trevor;10:27:35;15:06:32;-628.7167,-571.6652,-571.6652;True,OffRoad,BODHI2,0,0;;;
Trevor;10:27:35;15:06:33;-628.7167,-571.6652,-571.6652;True,OffRoad,BODHI2,0,0;;;
Trevor;10:27:36;15:06:33;-628.7167,-571.6652,-571.6652;True,OffRoad,BODHI2,0,0;;;
Trevor;10:27:36;15:06:34;-628.7167,-571.6652,-571.6652;True,OffRoad,BODHI2,0,0;;;
Trevor;10:27:37;15:06:34;-628.7167,-571.6652,-571.6652;True,OffRoad,BODHI2,0,0;;;
Trevor;10:27:37;15:06:35;-628.7167,-571.6652,-571.6652;True,OffRoad,BODHI2,0,0;;;
Trevor;10:27:38;15:06:35;-628.7167,-571.6652,-571.6652;True,OffRoad,BODHI2,0,0;;;
Trevor;10:27:38;15:06:36;-628.7167,-571.6652,-571.6652;True,OffRoad,BODHI2,0,0;;;
Trevor;10:27:39;15:06:36;-628.7167,-571.6652,-571.6652;True,OffRoad,BODHI2,0,0;;;
Trevor;10:27:39;15:06:37;-628.7167,-571.6652,-571.6652;True,OffRoad,BODHI2,0,0;;;
Trevor;10:27:40;15:06:37;-628.7167,-571.6652,-571.6652;True,OffRoad,BODHI2,0,0;;;
Trevor;10:27:40;15:06:38;-628.7167,-571.6652,-571.6652;True,OffRoad,BODHI2,0,0;;;
Trevor;10:27:41;15:06:38;-628.7167,-571.6652,-571.6652;True,OffRoad,BODHI2,0,0;;;
Trevor;10:27:41;15:06:39;-628.7167,-571.6652,-571.6652;True,OffRoad,BODHI2,0,0;;;
Trevor;10:27:42;15:06:39;-628.7167,-571.6652,-571.6652;True,OffRoad,BODHI2,0,0;;;
Trevor;10:28:08;15:07:05;-628.7167,-571.6652,-571.6652;True,OffRoad,BODHI2,0,0;;;
Trevor;10:28:08;15:07:06;-628.7167,-571.6652,-571.6652;True,OffRoad,BODHI2,0,0;;;
Trevor;10:28:09;15:07:06;-628.7167,-571.6652,-571.6652;True,OffRoad,BODHI2,0,0;;;
Trevor;10:28:09;15:07:07;-628.7167,-571.6652,-571.6652;True,OffRoad,BODHI2,0,0;;;
Trevor;10:28:10;15:07:07;-628.7167,-571.6652,-571.6652;True,OffRoad,BODHI2,0,0;;;
Trevor;10:28:10;15:07:08;-628.7167,-571.6652,-571.6652;True,OffRoad,BODHI2,0,0;;;
Trevor;10:28:11;15:07:08;-628.7167,-571.6652,-571.6652;True,OffRoad,BODHI2,0,0;;;
Trevor;10:28:11;15:07:09;-628.7167,-571.6652,-571.6652;True,OffRoad,BODHI2,0,0;;;
Trevor;10:28:12;15:07:09;-628.7167,-571.6652,-571.6652;True,OffRoad,BODHI2,0,0;;;
Trevor;10:28:12;15:07:10;-628.7167,-571.6652,-571.6652;True,OffRoad,BODHI2,0,0;;;
Trevor;10:28:13;15:07:10;-628.7167,-571.6652,-571.6652;True,OffRoad,BODHI2,0,0;;;
Trevor;10:28:13;15:07:11;-628.7167,-571.6652,-571.6652;True,OffRoad,BODHI2,0,0;;;
Trevor;10:28:14;15:07:11;-628.7195,-571.4293,-571.4293;True,OffRoad,BODHI2,1,54878,1;;;
Trevor;10:28:14;15:07:12;-628.7433,-569.5954,-569.5954;True,OffRoad,BODHI2,5,856207,1;;;
Trevor;10:28:15;15:07:12;-628.8029,-565.0705,-565.0705;True,OffRoad,BODHI2,10,82524,0;;;
Trevor;10:28:15;15:07:13;-628.4542,-559.9417,-559.9417;True,OffRoad,BODHI2,9,931087,1;;;
Trevor;10:28:16;15:07:13;-628.2943,-554.1683,-554.1683;True,OffRoad,BODHI2,12,32428,1;;;
Trevor;10:28:16;15:07:14;-628.0737,-547.2153,-547.2153;True,OffRoad,BODHI2,14,59111,1;;;
Trevor;10:28:17;15:07:14;-627.5102,-539.1387,-539.1387;True,OffRoad,BODHI2,16,78766,1;;;
Trevor;10:28:17;15:07:15;-627.5163,-529.8734,-529.8734;True,OffRoad,BODHI2,18,88746,1;;;
Trevor;10:28:18;15:07:15;-627.5906,-519.5228,-519.5228;True,OffRoad,BODHI2,20,75661,1;;;
Trevor;10:28:18;15:07:16;-627.6649,-508.8663,-508.8663;True,OffRoad,BODHI2,20,4349,1;;;
Trevor;10:28:19;15:07:16;-627.7388,-498.1661,-498.1661;True,OffRoad,BODHI2,20,05695,1;;;
Trevor;10:28:19;15:07:17;-627.7969,-487.2392,-487.2392;True,OffRoad,BODHI2,21,84441,1;;;
Trevor;10:28:20;15:07:17;-627.8333,-475.7744,-475.7744;True,OffRoad,BODHI2,21,1127,0;;;
Trevor;10:28:20;15:07:18;-627.8745,-465.3157,-465.3157;True,OffRoad,BODHI2,18,97275,0;;;
Trevor;10:28:21;15:07:18;-627.9355,-456.1094,-456.1094;True,OffRoad,BODHI2,17,02854,0;;;
Trevor;10:28:22;15:07:19;-627.9733,-446.7157,-446.7157;True,OffRoad,BODHI2,18,68627,0;;;
Trevor;10:28:22;15:07:20;-628.0148,-437.641,-437.641;True,OffRoad,BODHI2,16,63106,0;;;
Trevor;10:28:23;15:07:20;-627.5359,-429.5898,-429.5898;True,OffRoad,BODHI2,14,49393,0;;;
Trevor;10:28:23;15:07:21;-627.1281,-422.6408,-422.6408;True,OffRoad,BODHI2,12,3815,0;;;
Trevor;10:28:24;15:07:21;-626.7681,-416.8307,-416.8307;True,OffRoad,BODHI2,10,29967,0;;;
Trevor;10:28:24;15:07:22;-626.4689,-412.0788,-412.0788;True,OffRoad,BODHI2,8,28356,0;;;
Trevor;10:28:25;15:07:22;-626.3748,-408.3422,-408.3422;True,OffRoad,BODHI2,4,61878,0;;;
Trevor;10:28:25;15:07:23;-626.3905,-407.7885,-407.7885;True,OffRoad,BODHI2,0,05414335,0;;;
Trevor;10:28:26;15:07:23;-626.3911,-407.7918,-407.7918;True,OffRoad,BODHI2,0,0;;;
Trevor;10:28:26;15:07:24;-626.3911,-407.7918,-407.7918;True,OffRoad,BODHI2,0,0;;;
Trevor;10:28:27;15:07:24;-626.3911,-407.7918,-407.7918;True,OffRoad,BODHI2,0,0;;;
Trevor;10:28:27;15:07:25;-626.3911,-407.7918,-407.7918;True,OffRoad,BODHI2,0,0;;;
Trevor;10:28:28;15:07:25;-626.3911,-407.7918,-407.7918;True,OffRoad,BODHI2,0,0;;;
Trevor;10:28:28;15:07:26;-626.3911,-407.7918,-407.7918;True,OffRoad,BODHI2,0,0;;;
Trevor;10:28:29;15:07:26;-626.3911,-407.7918,-407.7918;True,OffRoad,BODHI2,0,0;;;
Trevor;10:28:29;15:07:27;-626.3911,-407.7918,-407.7918;True,OffRoad,BODHI2,0,0;;;
Trevor;10:28:30;15:07:27;-626.3911,-407.7918,-407.7918;True,OffRoad,BODHI2,0,0;;;
Trevor;10:28:30;15:07:28;-626.3911,-407.7918,-407.7918;True,OffRoad,BODHI2,0,0;;;
Trevor;10:28:31;15:07:28;-626.3911,-407.7918,-407.7918;True,OffRoad,BODHI2,0,0;;;
Trevor;10:28:31;15:07:29;-626.3911,-407.7918,-407.7918;True,OffRoad,BODHI2,0,0;;;
Trevor;10:28:32;15:07:29;-626.3911,-407.7918,-407.7918;True,OffRoad,BODHI2,0,0;;;
Trevor;10:28:32;15:07:30;-626.3911,-407.7918,-407.7918;True,OffRoad,BODHI2,0,0;;;
Trevor;10:28:33;15:07:30;-626.3911,-407.7918,-407.7918;True,OffRoad,BODHI2,0,0;;;
Trevor;10:28:33;15:07:31;-626.3911,-407.7918,-407.7918;True,OffRoad,BODHI2,0,0;;;
Trevor;10:28:34;15:07:31;-626.3911,-407.7918,-407.7918;True,OffRoad,BODHI2,0,0;;;
Trevor;10:28:34;15:07:32;-626.3911,-407.7918,-407.7918;True,OffRoad,BODHI2,0,0;;;
Trevor;10:28:35;15:07:32;-626.3911,-407.7918,-407.7918;True,OffRoad,BODHI2,0,0;;;
Trevor;10:28:36;15:07:33;-626.3911,-407.7918,-407.7918;True,OffRoad,BODHI2,0,0;;;
Trevor;10:28:36;15:07:34;-626.3911,-407.7918,-407.7918;True,OffRoad,BODHI2,0,0;;;
Trevor;10:28:37;15:07:34;-626.3911,-407.7918,-407.7918;True,OffRoad,BODHI2,0,0;;;
Trevor;10:28:37;15:07:35;-626.3911,-407.7918,-407.7918;True,OffRoad,BODHI2,0,0;;;
Trevor;10:28:38;15:07:35;-626.3911,-407.7918,-407.7918;True,OffRoad,BODHI2,0,0;;;
Trevor;10:28:38;15:07:36;-626.3911,-407.7918,-407.7918;True,OffRoad,BODHI2,0,0;;;
Trevor;10:28:39;15:07:36;-626.3911,-407.7918,-407.7918;True,OffRoad,BODHI2,0,0;;;
Trevor;10:28:39;15:07:37;-626.3911,-407.7918,-407.7918;True,OffRoad,BODHI2,0,0;;;
Trevor;10:28:40;15:07:37;-626.3911,-407.7918,-407.7918;True,OffRoad,BODHI2,0,0;;;
Trevor;10:28:40;15:07:38;-626.3911,-407.7918,-407.7918;True,OffRoad,BODHI2,0,0;;;
Trevor;10:28:41;15:07:38;-626.3911,-407.7918,-407.7918;True,OffRoad,BODHI2,0,0;;;
Trevor;10:28:41;15:07:39;-626.3911,-407.7918,-407.7918;True,OffRoad,BODHI2,0,0;;;
Trevor;10:28:42;15:07:39;-626.3911,-407.7918,-407.7918;True,OffRoad,BODHI2,0,0;;;
Trevor;10:28:42;15:07:40;-626.3911,-407.7918,-407.7918;True,OffRoad,BODHI2,0,0;;;
Trevor;10:28:43;15:07:40;-626.3911,-407.7918,-407.7918;True,OffRoad,BODHI2,0,0;;;
Trevor;10:28:43;15:07:41;-626.3911,-407.7918,-407.7918;True,OffRoad,BODHI2,0,0;;;
Trevor;10:28:44;15:07:41;-626.3911,-407.7918,-407.7918;True,OffRoad,BODHI2,0,0;;;
Trevor;10:28:44;15:07:42;-626.3911,-407.7918,-407.7918;True,OffRoad,BODHI2,0,0;;;
Trevor;10:28:45;15:07:42;-626.3911,-407.7918,-407.7918;True,OffRoad,BODHI2,0,0;;;
Trevor;10:28:45;15:07:43;-626.3911,-407.7918,-407.7918;True,OffRoad,BODHI2,0,0;;;
Trevor;10:28:46;15:07:43;-626.3911,-407.7918,-407.7918;True,OffRoad,BODHI2,0,0;;;
Trevor;10:28:46;15:07:44;-626.3911,-407.7918,-407.7918;True,OffRoad,BODHI2,0,0;;;
Trevor;10:28:47;15:07:44;-626.3911,-407.7918,-407.7918;True,OffRoad,BODHI2,0,0;;;
Trevor;10:28:47;15:07:45;-626.3911,-407.7918,-407.7918;True,OffRoad,BODHI2,0,0;;;
Trevor;10:28:48;15:07:45;-626.3911,-407.7918,-407.7918;True,OffRoad,BODHI2,0,0;;;
Trevor;10:28:48;15:07:46;-626.3911,-407.7918,-407.7918;True,OffRoad,BODHI2,0,0;;;
Trevor;10:28:49;15:07:46;-626.3911,-407.7918,-407.7918;True,OffRoad,BODHI2,0,0;;;
Trevor;10:28:50;15:07:47;-626.3911,-407.7918,-407.7918;True,OffRoad,BODHI2,0,0;;;
Trevor;10:28:50;15:07:48;-626.3911,-407.7918,-407.7918;True,OffRoad,BODHI2,0,0;;;
Trevor;10:28:51;15:07:48;-626.3911,-407.7918,-407.7918;True,OffRoad,BODHI2,0,0;;;
Trevor;10:28:51;15:07:49;-626.3911,-407.7918,-407.7918;True,OffRoad,BODHI2,0,0;;;
Trevor;10:28:52;15:07:49;-626.3911,-407.7918,-407.7918;True,OffRoad,BODHI2,0,0;;;
Trevor;10:28:52;15:07:50;-626.3911,-407.7918,-407.7918;True,OffRoad,BODHI2,0,0;;;
Trevor;10:28:53;15:07:50;-626.3911,-407.7918,-407.7918;True,OffRoad,BODHI2,0,0;;;
Trevor;10:28:53;15:07:51;-626.3911,-407.7918,-407.7918;True,OffRoad,BODHI2,0,0;;;
Trevor;10:28:54;15:07:51;-626.3911,-407.7918,-407.7918;True,OffRoad,BODHI2,0,0;;;
Trevor;10:28:54;15:07:52;-626.3911,-407.7918,-407.7918;True,OffRoad,BODHI2,0,0;;;
Trevor;10:28:55;15:07:52;-626.3911,-407.7918,-407.7918;True,OffRoad,BODHI2,0,0;;;
Trevor;10:28:55;15:07:53;-626.3911,-407.7918,-407.7918;True,OffRoad,BODHI2,0,0;;;
Trevor;10:28:56;15:07:53;-626.3911,-407.7918,-407.7918;True,OffRoad,BODHI2,0,0;;;
Trevor;10:28:56;15:07:54;-626.3911,-407.7918,-407.7918;True,OffRoad,BODHI2,0,0;;;
Trevor;10:28:57;15:07:54;-626.3911,-407.7918,-407.7918;True,OffRoad,BODHI2,0,0;;;
Trevor;10:28:57;15:07:55;-626.3911,-407.7918,-407.7918;True,OffRoad,BODHI2,0,0;;;
Trevor;10:28:58;15:07:55;-626.3911,-407.7918,-407.7918;True,OffRoad,BODHI2,0,0;;;
Trevor;10:28:58;15:07:56;-626.3911,-407.7918,-407.7918;True,OffRoad,BODHI2,0,0;;;
Trevor;10:28:59;15:07:56;-626.3911,-407.7918,-407.7918;True,OffRoad,BODHI2,0,0;;;
Trevor;10:28:59;15:07:57;-626.3911,-407.7918,-407.7918;True,OffRoad,BODHI2,0,0;;;
Trevor;10:29:00;15:07:57;-626.3911,-407.7918,-407.7918;True,OffRoad,BODHI2,0,0;;;
Trevor;10:29:00;15:07:58;-626.3911,-407.7918,-407.7918;True,OffRoad,BODHI2,0,0;;;
Trevor;10:29:01;15:07:58;-626.3911,-407.7918,-407.7918;True,OffRoad,BODHI2,0,0;;;
Trevor;10:29:01;15:07:59;-626.3911,-407.7918,-407.7918;True,OffRoad,BODHI2,0,0;;;
Trevor;10:29:02;15:07:59;-626.3911,-407.7918,-407.7918;True,OffRoad,BODHI2,0,0;;;
Trevor;10:29:03;15:08:00;-626.3911,-407.7918,-407.7918;True,OffRoad,BODHI2,0,0;;;
Trevor;10:29:03;15:08:01;-626.3911,-407.7918,-407.7918;True,OffRoad,BODHI2,0,0;;;
Trevor;10:29:04;15:08:01;-626.3911,-407.7918,-407.7918;True,OffRoad,BODHI2,0,0;;;
Trevor;10:29:04;15:08:02;-626.3911,-407.7918,-407.7918;True,OffRoad,BODHI2,0,0;;;
Trevor;10:29:05;15:08:02;-626.3911,-407.7918,-407.7918;True,OffRoad,BODHI2,0,0;;;
Trevor;10:29:05;15:08:03;-626.3911,-407.7918,-407.7918;True,OffRoad,BODHI2,0,0;;;
Trevor;10:29:06;15:08:03;-626.3911,-407.7918,-407.7918;True,OffRoad,BODHI2,0,0;;;
Trevor;10:29:06;15:08:04;-626.3911,-407.7918,-407.7918;True,OffRoad,BODHI2,0,0;;;
Trevor;10:29:07;15:08:04;-626.3911,-407.7918,-407.7918;True,OffRoad,BODHI2,0,0;;;
Trevor;10:29:07;15:08:05;-626.3906,-407.777,-407.777;True,OffRoad,BODHI2,0,2286408,1;;;
Trevor;10:29:08;15:08:05;-626.3765,-407.0471,-407.0471;True,OffRoad,BODHI2,1,752254,0;;;
Trevor;10:29:08;15:08:06;-626.4227,-406.6497,-406.6497;True,OffRoad,BODHI2,0,006815404,0;;;
Trevor;10:29:09;15:08:06;-626.4223,-406.6546,-406.6546;True,OffRoad,BODHI2,0,0;;;
Trevor;10:29:09;15:08:07;-626.4223,-406.6546,-406.6546;True,OffRoad,BODHI2,0,0;;;
Trevor;10:29:10;15:08:07;-626.4223,-406.6546,-406.6546;True,OffRoad,BODHI2,0,0;;;
Trevor;10:29:10;15:08:08;-626.4223,-406.6546,-406.6546;True,OffRoad,BODHI2,0,0;;;
Trevor;10:29:11;15:08:08;-626.4223,-406.6546,-406.6546;True,OffRoad,BODHI2,0,0;;;
Trevor;10:29:11;15:08:09;-626.4223,-406.6546,-406.6546;True,OffRoad,BODHI2,0,0;;;
Trevor;10:29:12;15:08:09;-626.4223,-406.6546,-406.6546;True,OffRoad,BODHI2,0,0;;;
Trevor;10:29:12;15:08:10;-626.4223,-406.6546,-406.6546;True,OffRoad,BODHI2,0,0;;;
Trevor;10:29:13;15:08:10;-626.4223,-406.6546,-406.6546;True,OffRoad,BODHI2,0,0;;;
Trevor;10:29:13;15:08:11;-626.4223,-406.6546,-406.6546;True,OffRoad,BODHI2,0,0;;;
Trevor;10:29:14;15:08:11;-626.4223,-406.6546,-406.6546;True,OffRoad,BODHI2,0,0;;;
Trevor;10:29:14;15:08:12;-626.4223,-406.6546,-406.6546;True,OffRoad,BODHI2,0,0;;;
Trevor;10:29:15;15:08:12;-626.4223,-406.6546,-406.6546;True,OffRoad,BODHI2,0,0;;;
Trevor;10:29:16;15:08:13;-626.4223,-406.6546,-406.6546;True,OffRoad,BODHI2,0,0;;;
Trevor;10:29:16;15:08:14;-626.4223,-406.6546,-406.6546;True,OffRoad,BODHI2,0,0;;;
Trevor;10:29:17;15:08:14;-626.4223,-406.6546,-406.6546;True,OffRoad,BODHI2,0,0;;;
Trevor;10:29:17;15:08:15;-626.4223,-406.6546,-406.6546;True,OffRoad,BODHI2,0,0;;;
Trevor;10:29:18;15:08:15;-626.4223,-406.6546,-406.6546;True,OffRoad,BODHI2,0,0;;;
Trevor;10:29:18;15:08:16;-626.4223,-406.6546,-406.6546;True,OffRoad,BODHI2,0,0;;;
Trevor;10:29:19;15:08:16;-626.4223,-406.6546,-406.6546;True,OffRoad,BODHI2,0,0;;;
Trevor;10:29:19;15:08:17;-626.4223,-406.6364,-406.6364;True,OffRoad,BODHI2,0,2665185,1;;;
Trevor;10:29:20;15:08:17;-626.4306,-405.8192,-405.8192;True,OffRoad,BODHI2,2,274514,0;;;
Trevor;10:29:20;15:08:18;-626.4609,-405.5564,-405.5564;True,OffRoad,BODHI2,0,03829702,0;;;
Trevor;10:29:21;15:08:18;-626.4613,-405.5575,-405.5575;True,OffRoad,BODHI2,0,0;;;
Trevor;10:29:21;15:08:19;-626.4613,-405.5575,-405.5575;True,OffRoad,BODHI2,0,0;;;
Trevor;10:29:22;15:08:19;-626.4613,-405.5575,-405.5575;True,OffRoad,BODHI2,0,0;;;
Trevor;10:29:22;15:08:20;-626.4613,-405.5575,-405.5575;True,OffRoad,BODHI2,0,0;;;
Trevor;10:29:23;15:08:20;-626.4613,-405.5575,-405.5575;True,OffRoad,BODHI2,0,0;;;
Trevor;10:29:23;15:08:21;-626.4613,-405.5575,-405.5575;True,OffRoad,BODHI2,0,0;;;
Trevor;10:29:24;15:08:21;-626.4613,-405.5575,-405.5575;True,OffRoad,BODHI2,0,0;;;
Trevor;10:29:24;15:08:22;-626.4613,-405.5575,-405.5575;True,OffRoad,BODHI2,0,0;;;
Trevor;10:29:25;15:08:22;-626.4613,-405.5575,-405.5575;True,OffRoad,BODHI2,0,0;;;
Trevor;10:29:25;15:08:23;-626.4613,-405.5575,-405.5575;True,OffRoad,BODHI2,0,0;;;
Trevor;10:29:26;15:08:23;-626.4613,-405.5575,-405.5575;True,OffRoad,BODHI2,0,0;;;
Trevor;10:29:26;15:08:24;-626.4613,-405.5575,-405.5575;True,OffRoad,BODHI2,0,0;;;
Trevor;10:29:27;15:08:24;-626.4613,-405.5575,-405.5575;True,OffRoad,BODHI2,0,0;;;
Trevor;10:29:27;15:08:25;-626.4613,-405.5575,-405.5575;True,OffRoad,BODHI2,0,0;;;
Trevor;10:29:28;15:08:25;-626.4613,-405.5575,-405.5575;True,OffRoad,BODHI2,0,0;;;
Trevor;10:29:29;15:08:26;-626.4613,-405.5575,-405.5575;True,OffRoad,BODHI2,0,0;;;
Trevor;10:29:29;15:08:27;-626.4613,-405.5575,-405.5575;True,OffRoad,BODHI2,0,0;;;
Trevor;10:29:30;15:08:27;-626.4613,-405.5575,-405.5575;True,OffRoad,BODHI2,0,0;;;
Trevor;10:29:30;15:08:28;-626.4613,-405.5575,-405.5575;True,OffRoad,BODHI2,0,0;;;
Trevor;10:29:31;15:08:28;-626.4613,-405.5575,-405.5575;True,OffRoad,BODHI2,0,0;;;
Trevor;10:29:31;15:08:29;-626.4613,-405.5575,-405.5575;True,OffRoad,BODHI2,0,0;;;
Trevor;10:29:32;15:08:29;-626.4613,-405.5575,-405.5575;True,OffRoad,BODHI2,0,0;;;
Trevor;10:29:32;15:08:30;-626.4613,-405.5575,-405.5575;True,OffRoad,BODHI2,0,0;;;
Trevor;10:29:33;15:08:30;-626.4613,-405.5575,-405.5575;True,OffRoad,BODHI2,0,0;;;
Trevor;10:29:33;15:08:31;-626.4613,-405.5575,-405.5575;True,OffRoad,BODHI2,0,0;;;
Trevor;10:29:34;15:08:31;-626.4613,-405.5575,-405.5575;True,OffRoad,BODHI2,0,0;;;
Trevor;10:29:34;15:08:32;-626.4613,-405.5575,-405.5575;True,OffRoad,BODHI2,0,0;;;
Trevor;10:29:35;15:08:32;-626.4613,-405.5575,-405.5575;True,OffRoad,BODHI2,0,0;;;
Trevor;10:29:35;15:08:33;-626.4613,-405.5575,-405.5575;True,OffRoad,BODHI2,0,0;;;
Trevor;10:29:36;15:08:33;-626.4613,-405.5575,-405.5575;True,OffRoad,BODHI2,0,0;;;
Trevor;10:29:36;15:08:34;-626.4613,-405.5575,-405.5575;True,OffRoad,BODHI2,0,0;;;
Trevor;10:29:37;15:08:34;-626.4613,-405.5575,-405.5575;True,OffRoad,BODHI2,0,0;;;
Trevor;10:29:37;15:08:35;-626.4613,-405.5575,-405.5575;True,OffRoad,BODHI2,0,0;;;
Trevor;10:29:38;15:08:35;-626.4613,-405.5575,-405.5575;True,OffRoad,BODHI2,0,0;;;
Trevor;10:29:38;15:08:36;-626.4613,-405.5575,-405.5575;True,OffRoad,BODHI2,0,0;;;
Trevor;10:29:39;15:08:36;-626.4613,-405.5575,-405.5575;True,OffRoad,BODHI2,0,0;;;
Trevor;10:29:39;15:08:37;-626.4613,-405.5575,-405.5575;True,OffRoad,BODHI2,0,0;;;
Trevor;10:29:40;15:08:37;-626.4613,-405.5575,-405.5575;True,OffRoad,BODHI2,0,0;;;
Trevor;10:29:40;15:08:38;-626.4613,-405.5575,-405.5575;True,OffRoad,BODHI2,0,0;;;
Trevor;10:29:41;15:08:38;-626.4613,-405.5575,-405.5575;True,OffRoad,BODHI2,0,0;;;
Trevor;10:29:42;15:08:39;-626.4613,-405.5575,-405.5575;True,OffRoad,BODHI2,0,0;;;
Trevor;10:29:42;15:08:40;-626.4613,-405.5575,-405.5575;True,OffRoad,BODHI2,0,0;;;
Trevor;10:29:43;15:08:40;-626.4612,-405.5564,-405.5564;True,OffRoad,BODHI2,0,005620345,1;;;
Trevor;10:29:43;15:08:41;-626.4601,-405.5563,-405.5563;True,OffRoad,BODHI2,0,04198628,1;;;
Trevor;10:29:44;15:08:41;-626.4601,-405.4344,-405.4344;True,OffRoad,BODHI2,0,6466613,1;;;
Trevor;10:29:44;15:08:42;-626.4973,-404.2225,-404.2225;True,OffRoad,BODHI2,4,305514,1;;;
Trevor;10:29:45;15:08:42;-626.5981,-400.529,-400.529;True,OffRoad,BODHI2,9,914059,1;;;
Trevor;10:29:45;15:08:43;-626.727,-395.2221,-395.2221;True,OffRoad,BODHI2,9,433442,0;;;
Trevor;10:29:46;15:08:43;-626.4056,-389.7363,-389.7363;True,OffRoad,BODHI2,11,74959,1;;;
Trevor;10:29:46;15:08:44;-626.5912,-382.9282,-382.9282;True,OffRoad,BODHI2,14,46318,1;;;
Trevor;10:29:47;15:08:44;-627.1128,-374.8333,-374.8333;True,OffRoad,BODHI2,16,79799,1;;;
Trevor;10:29:47;15:08:45;-627.7287,-365.4731,-365.4731;True,OffRoad,BODHI2,19,38865,1;;;
Trevor;10:29:48;15:08:45;-628.4503,-355.2213,-355.2213;True,OffRoad,BODHI2,19,13116,0;;;
Trevor;10:29:48;15:08:46;-629.515,-345.9116,-345.9116;True,OffRoad,BODHI2,16,9245,0;;;
Trevor;10:29:49;15:08:46;-631.6956,-338.0357,-338.0357;True,OffRoad,BODHI2,14,78301,0;;;
Trevor;10:29:49;15:08:47;-633.8203,-331.9468,-331.9468;True,OffRoad,BODHI2,7,93182,0;;;
Trevor;10:29:50;15:08:47;-635.3162,-328.7133,-328.7133;True,OffRoad,BODHI2,6,491535,1;;;
Trevor;10:29:50;15:08:48;-637.7686,-325.8172,-325.8172;True,OffRoad,BODHI2,8,19797,1;;;
Trevor;10:29:51;15:08:48;-640.5864,-321.4333,-321.4333;True,OffRoad,BODHI2,10,33224,0;;;
Trevor;10:29:51;15:08:49;-642.9709,-317.1925,-317.1925;True,OffRoad,BODHI2,8,774163,1;;;
Trevor;10:29:52;15:08:49;-644.1934,-312.4392,-312.4392;True,OffRoad,BODHI2,11,07144,1;;;
Trevor;10:29:52;15:08:50;-645.1607,-307.3956,-307.3956;True,OffRoad,BODHI2,9,213906,1;;;
Trevor;10:29:53;15:08:50;-647.042,-302.2763,-302.2763;True,OffRoad,BODHI2,11,75797,1;;;
Trevor;10:29:53;15:08:51;-650.2796,-296.3791,-296.3791;True,OffRoad,BODHI2,14,18739,1;;;
Trevor;10:29:54;15:08:51;-654.212,-289.3661,-289.3661;True,OffRoad,BODHI2,16,56605,1;;;
Trevor;10:29:55;15:08:52;-658.6504,-281.0759,-281.0759;True,OffRoad,BODHI2,19,29749,1;;;
Trevor;10:29:55;15:08:53;-663.8378,-272.3155,-272.3155;True,OffRoad,BODHI2,18,72933,0;;;
Trevor;10:29:56;15:08:53;-668.5168,-264.3955,-264.3955;True,OffRoad,BODHI2,16,55862,0;;;
Trevor;10:29:56;15:08:54;-672.5724,-257.4384,-257.4384;True,OffRoad,BODHI2,14,41789,0;;;
Trevor;10:29:57;15:08:54;-676.0244,-251.4459,-251.4459;True,OffRoad,BODHI2,12,34506,0;;;
Trevor;10:29:57;15:08:55;-678.966,-246.3051,-246.3051;True,OffRoad,BODHI2,10,33853,0;;;
Trevor;10:29:58;15:08:55;-681.3511,-242.112,-242.112;True,OffRoad,BODHI2,8,441839,0;;;
Trevor;10:29:58;15:08:56;-683.1273,-239.0078,-239.0078;True,OffRoad,BODHI2,4,859702,0;;;
Trevor;10:29:59;15:08:56;-684.163,-237.2483,-237.2483;True,OffRoad,BODHI2,2,735029,0;;;
Trevor;10:29:59;15:08:57;-684.3967,-236.9181,-236.9181;True,OffRoad,BODHI2,0,09060589,0;;;
Trevor;10:30:00;15:08:57;-684.3963,-236.9256,-236.9256;True,OffRoad,BODHI2,0,0;;;
Trevor;10:30:00;15:08:58;-684.3963,-236.9256,-236.9256;True,OffRoad,BODHI2,0,0;;;
Trevor;10:30:01;15:08:58;-684.3963,-236.9256,-236.9256;True,OffRoad,BODHI2,0,0;;;
Trevor;10:30:01;15:08:59;-684.3962,-236.9255,-236.9255;True,OffRoad,BODHI2,0,001335771,0;;;
Trevor;10:30:02;15:08:59;-684.3961,-236.9255,-236.9255;True,OffRoad,BODHI2,0,003179432,-1;;;
Trevor;10:30:02;15:09:00;-684.394,-236.9242,-236.9242;True,OffRoad,BODHI2,0,01189719,-1;;;
Trevor;10:30:03;15:09:00;-684.3898,-236.9212,-236.9212;True,OffRoad,BODHI2,0,0008559112,-1;;;
Trevor;10:30:03;15:09:01;-684.389,-236.9207,-236.9207;True,OffRoad,BODHI2,0,001411353,-1;;;
Trevor;10:30:04;15:09:01;-684.389,-236.9208,-236.9208;True,OffRoad,BODHI2,0,006164527,-1;;;
Trevor;10:30:04;15:09:02;-684.3893,-236.9209,-236.9209;True,OffRoad,BODHI2,0,001667802,-1;;;
Trevor;10:30:05;15:09:02;-684.3917,-236.9226,-236.9226;True,OffRoad,BODHI2,0,01475305,0;;;
Trevor;10:30:05;15:09:03;-684.3937,-236.924,-236.924;True,OffRoad,BODHI2,0,0;;;
Trevor;10:30:06;15:09:03;-684.3937,-236.924,-236.924;True,OffRoad,BODHI2,0,0;;;
Trevor;10:30:07;15:09:04;-684.3937,-236.924,-236.924;True,OffRoad,BODHI2,0,0;;;
Trevor;10:30:07;15:09:05;-684.3937,-236.924,-236.924;True,OffRoad,BODHI2,0,0;;;
Trevor;10:30:08;15:09:05;-684.3937,-236.924,-236.924;True,OffRoad,BODHI2,0,0;;;
Trevor;10:30:08;15:09:06;-684.3937,-236.924,-236.924;True,OffRoad,BODHI2,0,0;;;
Trevor;10:30:09;15:09:06;-684.3937,-236.924,-236.924;True,OffRoad,BODHI2,0,0;;;
Trevor;10:30:09;15:09:07;-684.3937,-236.924,-236.924;True,OffRoad,BODHI2,0,0;;;
Trevor;10:30:10;15:09:07;-684.3937,-236.924,-236.924;True,OffRoad,BODHI2,0,0;;;
Trevor;10:30:10;15:09:08;-684.3937,-236.924,-236.924;True,OffRoad,BODHI2,0,0;;;
Trevor;10:30:11;15:09:08;-684.3937,-236.924,-236.924;True,OffRoad,BODHI2,0,0;;;
Trevor;10:30:11;15:09:09;-684.3937,-236.924,-236.924;True,OffRoad,BODHI2,0,0;;;
Trevor;10:30:12;15:09:09;-684.3937,-236.924,-236.924;True,OffRoad,BODHI2,0,0;;;
Trevor;10:30:12;15:09:10;-684.4088,-236.8981,-236.8981;True,OffRoad,BODHI2,0,3924129,1;;;
Trevor;10:30:13;15:09:10;-684.9125,-236.0179,-236.0179;True,OffRoad,BODHI2,3,884668,1;;;
Trevor;10:30:13;15:09:11;-686.6456,-232.9574,-232.9574;True,OffRoad,BODHI2,9,599921,1;;;
Trevor;10:30:14;15:09:11;-689.2493,-228.3309,-228.3309;True,OffRoad,BODHI2,9,48652,0;;;
Trevor;10:30:14;15:09:12;-691.7338,-223.4005,-223.4005;True,OffRoad,BODHI2,11,91244,1;;;
Trevor;10:30:15;15:09:12;-695.0875,-217.5042,-217.5042;True,OffRoad,BODHI2,14,63533,1;;;
Trevor;10:30:15;15:09:13;-699.2091,-209.9938,-209.9938;True,OffRoad,BODHI2,18,59456,1;;;
Trevor;10:30:16;15:09:13;-703.9039,-200.2746,-200.2746;True,OffRoad,BODHI2,22,23565,0;;;
Trevor;10:30:16;15:09:14;-708.8027,-190.3384,-190.3384;True,OffRoad,BODHI2,21,0202,1;;;
Trevor;10:30:17;15:09:14;-714.5076,-180.4218,-180.4218;True,OffRoad,BODHI2,23,13508,1;;;
Trevor;10:30:17;15:09:15;-720.6288,-168.5606,-168.5606;True,OffRoad,BODHI2,27,13571,1;;;
Trevor;10:30:18;15:09:15;-727.9865,-155.9395,-155.9395;True,OffRoad,BODHI2,28,52542,1;;;
Trevor;10:30:19;15:09:16;-735.9144,-143.2108,-143.2108;True,OffRoad,BODHI2,28,34875,0;;;
Trevor;10:30:19;15:09:17;-742.9391,-131.9191,-131.9191;True,OffRoad,BODHI2,24,10325,0;;;
Trevor;10:30:20;15:09:17;-749.3358,-121.7125,-121.7125;True,OffRoad,BODHI2,21,97898,0;;;
Trevor;10:30:20;15:09:18;-755.0421,-112.383,-112.383;True,OffRoad,BODHI2,19,72014,0;;;
Trevor;10:30:21;15:09:18;-760.7646,-104.6196,-104.6196;True,OffRoad,BODHI2,17,57107,0;;;
Trevor;10:30:21;15:09:19;-765.5325,-97.45496,-97.45496;True,OffRoad,BODHI2,15,81539,0;;;
Trevor;10:30:22;15:09:19;-769.3558,-90.91556,-90.91556;True,OffRoad,BODHI2,13,79423,0;;;
Trevor;10:30:22;15:09:20;-772.6967,-85.12102,-85.12102;True,OffRoad,BODHI2,12,23816,1;;;
Trevor;10:30:23;15:09:20;-776.1913,-78.97646,-78.97646;True,OffRoad,BODHI2,14,99341,1;;;
Trevor;10:30:23;15:09:21;-780.5475,-71.29047,-71.29047;True,OffRoad,BODHI2,18,26304,0;;;
Trevor;10:30:24;15:09:21;-785.0041,-63.346,-63.346;True,OffRoad,BODHI2,17,46114,0;;;
Trevor;10:30:24;15:09:22;-789.6979,-56.07948,-56.07948;True,OffRoad,BODHI2,16,59171,1;;;
Trevor;10:30:25;15:09:22;-795.2462,-48.47839,-48.47839;True,OffRoad,BODHI2,19,56396,1;;;
Trevor;10:30:25;15:09:23;-801.3279,-39.58202,-39.58202;True,OffRoad,BODHI2,21,84418,1;;;
Trevor;10:30:26;15:09:23;-807.1702,-30.02062,-30.02062;True,OffRoad,BODHI2,20,56797,0;;;
Trevor;10:30:26;15:09:24;-812.2595,-21.58071,-21.58071;True,OffRoad,BODHI2,16,58123,0;;;
Trevor;10:30:27;15:09:24;-816.1163,-14.93844,-14.93844;True,OffRoad,BODHI2,13,63224,0;;;
Trevor;10:30:27;15:09:25;-818.9572,-9.281632,-9.281632;True,OffRoad,BODHI2,10,78376,0;;;
Trevor;10:30:28;15:09:25;-821.2119,-4.992714,-4.992714;True,OffRoad,BODHI2,8,233472,0;;;
Trevor;10:30:28;15:09:26;-822.892,-1.837238,-1.837238;True,OffRoad,BODHI2,5,701591,0;;;
Trevor;10:30:29;15:09:26;-823.9472,0.1488264,0.1488264;True,OffRoad,BODHI2,3,166346,0;;;
Trevor;10:30:29;15:09:27;-824.801,1.805414,1.805414;True,OffRoad,BODHI2,5,055495,1;;;
Trevor;10:30:30;15:09:27;-826.4987,5.062388,5.062388;True,OffRoad,BODHI2,8,967097,1;;;
Trevor;10:30:30;15:09:28;-828.9516,9.771781,9.771781;True,OffRoad,BODHI2,9,969898,0;;;
Trevor;10:30:31;15:09:28;-831.3494,14.40629,14.40629;True,OffRoad,BODHI2,11,38621,1;;;
Trevor;10:30:32;15:09:29;-834.4063,20.53728,20.53728;True,OffRoad,BODHI2,14,81956,1;;;
Trevor;10:30:32;15:09:30;-837.9463,28.01891,28.01891;True,OffRoad,BODHI2,16,7685,1;;;
Trevor;10:30:33;15:09:30;-841.7404,36.22355,36.22355;True,OffRoad,BODHI2,18,27018,1;;;
Trevor;10:30:33;15:09:31;-845.5161,45.16146,45.16146;True,OffRoad,BODHI2,18,98057,0;;;
Trevor;10:30:34;15:09:31;-848.3153,53.64227,53.64227;True,OffRoad,BODHI2,15,9764,0;;;
Trevor;10:30:34;15:09:32;-850.5231,60.81287,60.81287;True,OffRoad,BODHI2,13,18898,0;;;
Trevor;10:30:35;15:09:32;-852.2604,66.58846,66.58846;True,OffRoad,BODHI2,9,778145,0;;;
Trevor;10:30:35;15:09:33;-853.3043,70.07966,70.07966;True,OffRoad,BODHI2,3,465282,0;;;
Trevor;10:30:36;15:09:33;-853.4382,70.34356,70.34356;True,OffRoad,BODHI2,0,1553383,0;;;
Trevor;10:30:36;15:09:34;-853.5001,70.53024,70.53024;True,OffRoad,BODHI2,1,487583,1;;;
Trevor;10:30:37;15:09:34;-854.0271,72.25453,72.25453;True,OffRoad,BODHI2,5,569913,1;;;
Trevor;10:30:37;15:09:35;-855.2486,76.5668,76.5668;True,OffRoad,BODHI2,10,99311,0;;;
Trevor;10:30:38;15:09:35;-856.3634,81.67794,81.67794;True,OffRoad,BODHI2,9,920276,1;;;
Trevor;10:30:38;15:09:36;-857.3773,87.35464,87.35464;True,OffRoad,BODHI2,12,51259,1;;;
Trevor;10:30:39;15:09:36;-858.0166,94.63152,94.63152;True,OffRoad,BODHI2,15,57526,1;;;
Trevor;10:30:39;15:09:37;-859.0106,103.2571,103.2571;True,OffRoad,BODHI2,18,06978,1;;;
Trevor;10:30:40;15:09:37;-860.2851,112.8462,112.8462;True,OffRoad,BODHI2,19,41439,0;;;
Trevor;10:30:40;15:09:38;-860.7611,121.8658,121.8658;True,OffRoad,BODHI2,16,02379,0;;;
Trevor;10:30:41;15:09:38;-861.0622,129.3774,129.3774;True,OffRoad,BODHI2,12,91701,0;;;
Trevor;10:30:41;15:09:39;-861.2953,135.2278,135.2278;True,OffRoad,BODHI2,9,821527,0;;;
Trevor;10:30:42;15:09:39;-861.4382,139.4761,139.4761;True,OffRoad,BODHI2,6,785451,0;;;
Trevor;10:30:42;15:09:40;-861.5052,142.1349,142.1349;True,OffRoad,BODHI2,3,705383,0;;;
Trevor;10:30:43;15:09:40;-861.8279,143.9753,143.9753;True,OffRoad,BODHI2,4,528084,1;;;
Trevor;10:30:44;15:09:41;-863.6556,146.4809,146.4809;True,OffRoad,BODHI2,7,696646,1;;;
Trevor;10:30:44;15:09:42;-868.4225,151.9812,151.9812;True,OffRoad,BODHI2,0,03216393,0;;;
Trevor;10:30:45;15:09:42;-868.4202,151.9822,151.9822;True,OffRoad,BODHI2,0,0;;;
Trevor;10:30:45;15:09:43;-868.4202,151.9822,151.9822;True,OffRoad,BODHI2,0,0;;;
Trevor;10:30:46;15:09:43;-868.4202,151.9822,151.9822;True,OffRoad,BODHI2,0,0;;;
Trevor;10:30:46;15:09:44;-868.4202,151.9822,151.9822;True,OffRoad,BODHI2,0,0;;;
Trevor;10:30:47;15:09:44;-868.4202,151.9822,151.9822;True,OffRoad,BODHI2,0,0;;;
Trevor;10:30:47;15:09:45;-868.4202,151.9822,151.9822;True,OffRoad,BODHI2,0,0;;;
Trevor;10:30:48;15:09:45;-868.4202,151.9822,151.9822;True,OffRoad,BODHI2,0,0;;;
Trevor;10:30:48;15:09:46;-868.4202,151.9822,151.9822;True,OffRoad,BODHI2,0,0;;;
Trevor;10:30:49;15:09:46;-868.4202,151.9822,151.9822;True,OffRoad,BODHI2,0,0;;;
Trevor;10:30:49;15:09:47;-868.4202,151.9822,151.9822;True,OffRoad,BODHI2,0,0;;;
Trevor;07:00:00;15:09:47;-866.6936,152.0315,152.0315;;;;
Trevor;07:00:00;15:09:48;-866.6936,152.0315,152.0315;;Ah, there you are, you little shit.;Cutscene;Cutscene
Trevor;07:00:01;15:09:48;-866.6936,152.0315,152.0315;;;;
Trevor;07:00:01;15:09:49;-866.6936,152.0315,152.0315;;;;
Trevor;07:00:02;15:09:49;-866.6936,152.0315,152.0315;;;;
Trevor;07:00:02;15:09:50;-866.6936,152.0315,152.0315;;Are you looking for this?;Cutscene;Cutscene
Trevor;07:00:03;15:09:50;-866.6936,152.0315,152.0315;;;;
Trevor;07:00:04;15:09:51;-866.6936,152.0315,152.0315;;;;
Trevor;07:00:04;15:09:52;-866.6936,152.0315,152.0315;;;;
Trevor;07:00:05;15:09:52;-866.6936,152.0315,152.0315;;Ah, ah, ah, no...;Cutscene;Cutscene
Trevor;07:00:05;15:09:53;-866.6936,152.0315,152.0315;;;;
Trevor;07:00:06;15:09:53;-866.6936,152.0315,152.0315;;;;
Trevor;07:00:06;15:09:54;-807.0077,181.6082,181.6082;;Very funny.;Cutscene;Cutscene
Trevor;07:00:07;15:09:54;-806.9551,181.3795,181.3795;;;;
Trevor;07:00:07;15:09:55;-806.8369,181.1507,181.1507;;You know, you're a real asshole.;Cutscene;Cutscene
Trevor;07:00:08;15:09:55;-806.7349,180.99,180.99;;;;
Trevor;07:00:08;15:09:56;-806.7853,180.8559,180.8559;;;;
Trevor;07:00:09;15:09:56;-806.961,180.7742,180.7742;;;;
Trevor;07:00:09;15:09:57;-807.03,180.9256,180.9256;;What did you just fucking say to me?;Cutscene;Cutscene
Trevor;07:00:10;15:09:57;-806.9626,180.9923,180.9923;;;;
Trevor;07:00:10;15:09:58;-806.8635,180.9584,180.9584;;;;
Trevor;07:00:11;15:09:58;-806.7518,180.9599,180.9599;;Stop it you two, you're ruining my fucking yoga!;Cutscene;Cutscene
Trevor;07:00:11;15:09:59;-806.2916,181.0345,181.0345;;;;
Trevor;07:00:12;15:09:59;-805.9027,181.0891,181.0891;;;;
Trevor;07:00:12;15:10:00;-805.534,181.2098,181.2098;;;;
Trevor;07:00:13;15:10:00;-805.2176,181.4234,181.4234;;;;
Trevor;07:00:14;15:10:01;-804.7151,181.5127,181.5127;;;;
Trevor;07:00:14;15:10:02;-804.1981,181.7007,181.7007;;;;
Trevor;07:00:15;15:10:02;-803.7335,181.9118,181.9118;;Somebody say yoga?;Cutscene;Cutscene
Trevor;07:00:15;15:10:03;-803.3005,182.0564,182.0564;;;;
Trevor;07:00:16;15:10:03;-803.0945,182.2677,182.2677;;;;
Trevor;07:00:16;15:10:04;-802.9965,182.4627,182.4627;;;;
Trevor;07:00:17;15:10:04;-802.8193,182.559,182.559;;;;
Trevor;07:00:17;15:10:05;-802.6832,182.5994,182.5994;;;;
Trevor;07:00:18;15:10:05;-802.7152,182.7092,182.7092;;;;
Trevor;07:00:18;15:10:06;-802.757,182.7787,182.7787;;;;
Trevor;07:00:19;15:10:06;-802.7393,182.7782,182.7782;;;;
Trevor;07:00:19;15:10:07;-802.7254,182.7582,182.7582;;;;
Trevor;07:00:20;15:10:07;-802.7243,182.7485,182.7485;;Trevor?;Cutscene;Cutscene
Trevor;07:00:20;15:10:08;-802.7236,182.7449,182.7449;;;;
Trevor;07:00:21;15:10:08;-802.7261,182.7392,182.7392;;;;
Trevor;07:00:21;15:10:09;-802.726,182.7395,182.7395;;;;
Trevor;07:00:22;15:10:09;-802.7239,182.7431,182.7431;;;;
Trevor;07:00:23;15:10:10;-802.7235,182.7452,182.7452;;Michael...;Cutscene;Cutscene
Trevor;07:00:23;15:10:11;-802.7236,182.744,182.744;;;;
Trevor;07:00:24;15:10:11;-802.7247,182.7428,182.7428;;;;
Trevor;07:00:24;15:10:12;-802.7259,182.7421,182.7421;;;;
Trevor;07:00:25;15:10:12;-802.7252,182.7417,182.7417;;;;
Trevor;07:00:25;15:10:13;-802.7263,182.7395,182.7395;;;;
Trevor;07:00:26;15:10:13;-802.7274,182.7385,182.7385;;;;
Trevor;07:00:26;15:10:14;-802.7269,182.7375,182.7375;;Hey...;Cutscene;Cutscene
Trevor;07:00:27;15:10:14;-802.7268,182.7372,182.7372;;;;
Trevor;07:00:27;15:10:15;-802.7238,182.7441,182.7441;;;;
Trevor;07:00:28;15:10:15;-802.7207,182.7469,182.7469;;;;
Trevor;07:00:28;15:10:16;-802.7213,182.7456,182.7456;;it's good to see you, man.;Cutscene;Cutscene
Trevor;07:00:29;15:10:16;-802.7206,182.7476,182.7476;;;;
Trevor;07:00:29;15:10:17;-802.7217,182.748,182.748;;Hmm, yeah, I bet it is.;Cutscene;Cutscene
Trevor;07:00:30;15:10:17;-802.7189,182.755,182.755;;;;
Trevor;07:00:30;15:10:18;-802.718,182.7596,182.7596;;;;
Trevor;07:00:31;15:10:18;-802.7183,182.7592,182.7592;;;;
Trevor;07:00:31;15:10:19;-802.7198,182.7566,182.7566;;;;
Trevor;07:00:32;15:10:19;-802.7234,182.7527,182.7527;;;;
Trevor;07:00:33;15:10:20;-802.7245,182.7523,182.7523;;;;
Trevor;07:00:33;15:10:21;-802.7233,182.7547,182.7547;;Course, I'm not the one that's been...;Cutscene;Cutscene
Trevor;07:00:34;15:10:21;-802.7291,182.7501,182.7501;;;;
Trevor;07:00:34;15:10:22;-802.7229,182.7516,182.7516;;;;
Trevor;07:00:35;15:10:22;-802.7151,182.7531,182.7531;;;;
Trevor;07:00:35;15:10:23;-802.712,182.7552,182.7552;;;;
Trevor;07:00:36;15:10:23;-802.7107,182.7575,182.7575;;resurrected.;Cutscene;Cutscene
Trevor;07:00:36;15:10:24;-802.7156,182.7535,182.7535;;;;
Trevor;07:00:37;15:10:24;-802.7115,182.7589,182.7589;;;;
Trevor;07:00:37;15:10:25;-802.7071,182.7692,182.7692;;;;
Trevor;07:00:38;15:10:25;-802.7172,182.7751,182.7751;;;;
Trevor;07:00:38;15:10:26;-802.7543,182.7807,182.7807;;;;
Trevor;07:00:39;15:10:26;-802.7913,182.7982,182.7982;;;;
Trevor;07:00:39;15:10:27;-802.3724,182.9407,182.9407;;;;
Trevor;07:00:40;15:10:27;-802.311,182.8803,182.8803;;;;
Trevor;07:00:40;15:10:28;-802.2733,182.8332,182.8332;;Ain't this grand?;Cutscene;Cutscene
Trevor;07:00:41;15:10:28;-802.2534,182.8629,182.8629;;;;
Trevor;07:00:41;15:10:29;-802.2789,182.8667,182.8667;;;;
Trevor;07:00:42;15:10:29;-802.3458,182.8926,182.8926;;;;
Trevor;07:00:42;15:10:30;-802.4067,182.9182,182.9182;;Yeah, well...;Cutscene;Cutscene
Trevor;07:00:43;15:10:30;-802.4561,182.9285,182.9285;;;;
Trevor;07:00:44;15:10:31;-802.4792,182.9301,182.9301;;;;
Trevor;07:00:44;15:10:32;-802.4828,182.9368,182.9368;;;;
Trevor;07:00:45;15:10:32;-802.4862,182.9223,182.9223;;I got in a bit of an awkward situation.;Cutscene;Cutscene
Trevor;07:00:45;15:10:33;-802.4902,182.9402,182.9402;;;;
Trevor;07:00:46;15:10:33;-802.5036,182.9615,182.9615;;;;
Trevor;07:00:46;15:10:34;-802.5203,182.9656,182.9656;;;;
Trevor;07:00:47;15:10:34;-802.4849,182.9789,182.9789;;;;
Trevor;07:00:47;15:10:35;-802.4076,183.0115,183.0115;;Hmm, you're telling me, bro. Yeah...;Cutscene;Cutscene
Trevor;07:00:48;15:10:35;-802.337,183.0286,183.0286;;;;
Trevor;07:00:48;15:10:36;-802.2997,183.0143,183.0143;;;;
Trevor;07:00:49;15:10:36;-802.3599,183.0375,183.0375;;;;
Trevor;07:00:49;15:10:37;-802.475,183.1115,183.1115;;;;
Trevor;07:00:50;15:10:37;-802.5378,183.1413,183.1413;;;;
Trevor;07:00:50;15:10:38;-802.566,183.1175,183.1175;;one of those,;Cutscene;Cutscene
Trevor;07:00:51;15:10:38;-802.4888,183.1637,183.1637;;;;
Trevor;07:00:51;15:10:39;-802.3843,183.1968,183.1968;;;;
Trevor;07:00:52;15:10:39;-802.3741,183.2119,183.2119;;fake your own deaths to your best buddy,;Cutscene;Cutscene
Trevor;07:00:52;15:10:40;-802.4471,183.2644,183.2644;;;;
Trevor;07:00:53;15:10:40;-802.5307,183.3288,183.3288;;;;
Trevor;07:00:53;15:10:41;-802.5779,183.3291,183.3291;;;;
Trevor;07:00:54;15:10:41;-802.5985,183.3038,183.3038;;;;
Trevor;07:00:55;15:10:42;-802.5984,183.3038,183.3038;;;;
Trevor;07:00:55;15:10:43;-802.6339,183.3312,183.3312;;and then run off with the dough,;Cutscene;Cutscene
Trevor;07:00:56;15:10:43;-802.591,183.3551,183.3551;;;;
Trevor;07:00:56;15:10:44;-802.4601,183.4022,183.4022;;;;
Trevor;07:00:57;15:10:44;-802.3742,183.3981,183.3981;;;;
Trevor;07:00:57;15:10:45;-802.3719,183.4139,183.4139;;;;
Trevor;07:00:58;15:10:45;-802.4212,183.5068,183.5068;;and then live in a big mansion,;Cutscene;Cutscene
Trevor;07:00:58;15:10:46;-802.4794,183.6119,183.6119;;;;
Trevor;07:00:59;15:10:46;-802.5084,183.6612,183.6612;;;;
Trevor;07:00:59;15:10:47;-802.444,183.7095,183.7095;;;;
Trevor;07:01:00;15:10:47;-802.3358,183.73,183.73;;;;
Trevor;07:01:00;15:10:48;-802.3438,183.7622,183.7622;;awkward situations.;Cutscene;Cutscene
Trevor;07:01:01;15:10:48;-802.3958,183.8245,183.8245;;;;
Trevor;07:01:01;15:10:49;-802.425,183.8462,183.8462;;;;
Trevor;07:01:02;15:10:49;-802.4336,183.8506,183.8506;;;;
Trevor;07:01:02;15:10:50;-802.431,183.8606,183.8606;;;;
Trevor;07:01:03;15:10:50;-802.4254,183.8732,183.8732;;;;
Trevor;07:01:03;15:10:51;-802.4246,183.8744,183.8744;;That's one way of looking at it.;Cutscene;Cutscene
Trevor;07:01:04;15:10:51;-802.4252,183.8691,183.8691;;;;
Trevor;07:01:04;15:10:52;-802.4249,183.8665,183.8665;;;;
Trevor;07:01:05;15:10:52;-802.4234,183.8675,183.8675;;Yeah? Do you have any other ways of looking at it?;Cutscene;Cutscene
Trevor;07:01:06;15:10:53;-802.4222,183.8705,183.8705;;;;
Trevor;07:01:06;15:10:54;-802.4205,183.8684,183.8684;;;;
Trevor;07:01:07;15:10:54;-802.4176,183.8661,183.8661;;;;
Trevor;07:01:07;15:10:55;-802.4055,183.8638,183.8638;;'Cause I am all out.;Cutscene;Cutscene
Trevor;07:01:08;15:10:55;-802.374,183.8591,183.8591;;;;
Trevor;07:01:08;15:10:56;-802.3787,183.8662,183.8662;;;;
Trevor;07:01:09;15:10:56;-802.3833,183.8683,183.8683;;;;
Trevor;07:01:09;15:10:57;-802.3848,183.8641,183.8641;;;;
Trevor;07:01:10;15:10:57;-802.3864,183.8629,183.8629;;;;
Trevor;07:01:10;15:10:58;-802.3867,183.8628,183.8628;;It was a long time ago, man.;Cutscene;Cutscene
Trevor;07:01:11;15:10:58;-802.3877,183.8636,183.8636;;;;
Trevor;07:01:11;15:10:59;-802.3881,183.8643,183.8643;;;;
Trevor;07:01:12;15:10:59;-802.3879,183.8633,183.8633;;;;
Trevor;07:01:12;15:11:00;-802.3889,183.8613,183.8613;;;;
Trevor;07:01:13;15:11:00;-802.3902,183.8584,183.8584;;I've been in witness protection, I still am.;Cutscene;Cutscene
Trevor;07:01:13;15:11:01;-802.3933,183.8542,183.8542;;;;
Trevor;07:01:14;15:11:01;-802.3954,183.8511,183.8511;;;;
Trevor;07:01:14;15:11:02;-802.3945,183.8523,183.8523;;;;
Trevor;07:01:15;15:11:02;-802.3944,183.8529,183.8529;;;;
Trevor;07:01:16;15:11:03;-802.3931,183.8559,183.8559;;;;
Trevor;07:01:16;15:11:04;-802.3908,183.8582,183.8582;;;;
Trevor;07:01:17;15:11:04;-802.3982,183.8372,183.8372;;That's great...;Cutscene;Cutscene
Trevor;07:01:17;15:11:05;-802.4059,183.8384,183.8384;;;;
Trevor;07:01:18;15:11:05;-802.4113,183.8484,183.8484;;;;
Trevor;07:01:18;15:11:06;-802.4149,183.8455,183.8455;;that's great.;Cutscene;Cutscene
Trevor;07:01:19;15:11:06;-802.41,183.8772,183.8772;;;;
Trevor;07:01:19;15:11:07;-802.4182,183.8875,183.8875;;;;
Trevor;07:01:20;15:11:07;-802.422,183.8322,183.8322;;;;
Trevor;07:01:20;15:11:08;-802.4021,183.7791,183.7791;;;;
Trevor;07:01:21;15:11:08;-802.3264,183.7944,183.7944;;;;
Trevor;07:01:21;15:11:09;-802.403,183.9105,183.9105;;I'm sorry...;Cutscene;Cutscene
Trevor;07:01:22;15:11:09;-802.6612,183.9424,183.9424;;;;
Trevor;07:01:22;15:11:10;-802.918,183.716,183.716;;;;
Trevor;07:01:23;15:11:10;-803.0873,183.6447,183.6447;;;;
Trevor;07:01:23;15:11:11;-803.1821,183.6694,183.6694;;;;
Trevor;07:01:24;15:11:11;-803.1569,183.6466,183.6466;;where are my manners, right?;Cutscene;Cutscene
Trevor;07:01:24;15:11:12;-803.1375,183.6084,183.6084;;;;
Trevor;07:01:25;15:11:12;-803.0715,183.5799,183.5799;;;;
Trevor;07:01:25;15:11:13;-802.9879,183.563,183.563;;Amanda, it is good to see you.;Cutscene;Cutscene
Trevor;07:01:26;15:11:14;-802.7287,183.6013,183.6013;;;;
Trevor;07:01:27;15:11:14;-802.511,183.5949,183.5949;;;;
Trevor;07:01:27;15:11:15;-802.2166,183.418,183.418;;;;
Trevor;07:01:28;15:11:15;-801.8696,183.3438,183.3438;;;;
Trevor;07:01:28;15:11:16;-801.2613,183.3054,183.3054;;;;
Trevor;07:01:29;15:11:16;-800.8776,183.1562,183.1562;;;;
Trevor;07:01:29;15:11:17;-800.7247,183.1233,183.1233;;I missed you.;Cutscene;Cutscene
Trevor;07:01:30;15:11:17;-800.6425,183.263,183.263;;;;
Trevor;07:01:30;15:11:18;-800.5453,183.3678,183.3678;;You used to be fatter.;Cutscene;Cutscene
Trevor;07:01:31;15:11:18;-800.3195,183.3665,183.3665;;;;
Trevor;07:01:31;15:11:19;-800.2307,183.4012,183.4012;;;;
Trevor;07:01:32;15:11:19;-800.149,183.567,183.567;;;;
Trevor;07:01:32;15:11:20;-800.0692,183.5999,183.5999;;Nice new tits, by the way.;Cutscene;Cutscene
Trevor;07:01:33;15:11:20;-800.0753,183.4809,183.4809;;;;
Trevor;07:01:33;15:11:21;-800.1309,183.4248,183.4248;;;;
Trevor;07:01:34;15:11:21;-800.296,183.4269,183.4269;;;;
Trevor;07:01:34;15:11:22;-800.3099,183.4934,183.4934;;Jimmy, you, you used to be thinner.;Cutscene;Cutscene
Trevor;07:01:35;15:11:23;-800.2369,183.6053,183.6053;;;;
Trevor;07:01:36;15:11:23;-800.2444,183.6142,183.6142;;;;
Trevor;07:01:36;15:11:24;-800.3068,183.5448,183.5448;;;;
Trevor;07:01:37;15:11:24;-800.5321,183.3238,183.3238;;But, ah, can't blame you.;Cutscene;Cutscene
Trevor;07:01:37;15:11:25;-800.8371,183.1511,183.1511;;;;
Trevor;07:01:38;15:11:25;-801.1548,182.9933,182.9933;;;;
Trevor;07:01:38;15:11:26;-801.4478,182.7505,182.7505;;;;
Trevor;07:01:39;15:11:26;-801.6749,182.519,182.519;;;;
Trevor;07:01:39;15:11:27;-801.8049,182.2685,182.2685;;;;
Trevor;07:01:40;15:11:27;-801.5793,182.0155,182.0155;;;;
Trevor;07:01:40;15:11:28;-801.4006,181.8821,181.8821;;;;
Trevor;07:01:41;15:11:28;-801.2695,181.8996,181.8996;;;;
Trevor;07:01:41;15:11:29;-801.3381,181.9898,181.9898;;Who are you?;Cutscene;Cutscene
Trevor;07:01:42;15:11:29;-801.3571,182.0345,182.0345;;;;
Trevor;07:01:42;15:11:30;-801.3214,182.0277,182.0277;;;;
Trevor;07:01:43;15:11:30;-801.3146,182.0341,182.0341;;Namaste, I'm Fabien.;Cutscene;Cutscene
Trevor;07:01:43;15:11:31;-801.3017,182.0376,182.0376;;;;
Trevor;07:01:44;15:11:31;-801.2915,182.0358,182.0358;;;;
Trevor;07:01:44;15:11:32;-801.2908,182.0315,182.0315;;;;
Trevor;07:01:45;15:11:32;-801.2901,182.0246,182.0246;;;;
Trevor;07:01:46;15:11:33;-801.2811,182.0232,182.0232;;;;
Trevor;07:01:46;15:11:34;-801.275,182.0346,182.0346;;;;
Trevor;07:01:47;15:11:34;-801.2686,182.0415,182.0415;;;;
Trevor;07:01:47;15:11:35;-801.2679,182.0425,182.0425;;Ah, good lord...;Cutscene;Cutscene
Trevor;07:01:48;15:11:35;-801.2792,182.0365,182.0365;;;;
Trevor;07:01:48;15:11:36;-801.2825,182.0437,182.0437;;;;
Trevor;07:01:49;15:11:36;-801.2856,182.0541,182.0541;;;;
Trevor;07:01:49;15:11:37;-801.3333,182.0639,182.0639;;;;
Trevor;07:01:50;15:11:37;-801.2934,182.0462,182.0462;;;;
Trevor;07:01:50;15:11:38;-801.2701,182.03,182.03;;;;
Trevor;07:01:51;15:11:38;-801.2759,182.0398,182.0398;;;;
Trevor;07:01:51;15:11:39;-801.2835,182.0414,182.0414;;;;
Trevor;07:01:52;15:11:39;-801.2866,182.0354,182.0354;;;;
Trevor;07:01:52;15:11:40;-801.2899,182.0368,182.0368;;;;
Trevor;07:01:53;15:11:40;-801.299,182.0346,182.0346;;;;
Trevor;07:01:53;15:11:41;-801.2571,181.9691,181.9691;;;;
Trevor;07:01:54;15:11:41;-801.1989,181.8351,181.8351;;;;
Trevor;07:01:54;15:11:42;-801.335,181.7945,181.7945;;;;
Trevor;07:01:55;15:11:42;-801.4695,181.7779,181.7779;;;;
Trevor;07:01:55;15:11:43;-801.5739,181.8938,181.8938;;Where's Tracey?;Cutscene;Cutscene
Trevor;07:01:56;15:11:44;-801.671,182.0201,182.0201;;;;
Trevor;07:01:57;15:11:44;-801.7843,182.028,182.028;;;;
Trevor;07:01:57;15:11:45;-801.8893,182.1043,182.1043;;;;
Trevor;07:01:58;15:11:45;-801.9041,182.1229,182.1229;;;;
Trevor;07:01:58;15:11:46;-801.811,182.103,182.103;;Where's your sister, Jim?;Cutscene;Cutscene
Trevor;07:01:59;15:11:46;-801.7352,182.0518,182.0518;;;;
Trevor;07:01:59;15:11:47;-801.7502,182.0617,182.0617;;;;
Trevor;07:02:00;15:11:47;-801.8596,182.1652,182.1652;;;;
Trevor;07:02:00;15:11:48;-801.9254,182.2171,182.2171;;;;
Trevor;07:02:01;15:11:48;-801.8627,182.2772,182.2772;;Um, she's um...;Cutscene;Cutscene
Trevor;07:02:01;15:11:49;-801.7537,182.3208,182.3208;;;;
Trevor;07:02:02;15:11:49;-801.8499,182.2954,182.2954;;;;
Trevor;07:02:02;15:11:50;-801.8408,182.2919,182.2919;;;;
Trevor;07:02:03;15:11:50;-801.7629,182.3319,182.3319;;;;
Trevor;07:02:03;15:11:51;-801.7281,182.3528,182.3528;;she's, uh...;Cutscene;Cutscene
Trevor;07:02:04;15:11:51;-801.816,182.3819,182.3819;;;;
Trevor;07:02:04;15:11:52;-801.9622,182.4015,182.4015;;;;
Trevor;07:02:05;15:11:52;-801.8995,182.3871,182.3871;;;;
Trevor;07:02:05;15:11:53;-801.7729,182.3282,182.3282;;she's trying out for TV.;Cutscene;Cutscene
Trevor;07:02:06;15:11:53;-801.7047,182.3515,182.3515;;;;
Trevor;07:02:06;15:11:54;-801.5968,182.5294,182.5294;;;;
Trevor;07:02:07;15:11:54;-801.5548,182.4785,182.4785;;;;
Trevor;07:02:08;15:11:55;-801.5151,182.2849,182.2849;;;;
Trevor;07:02:08;15:11:56;-801.5539,182.2209,182.2209;;She's what?;Cutscene;Cutscene
Trevor;07:02:09;15:11:56;-801.7281,182.1821,182.1821;;;;
Trevor;07:02:09;15:11:57;-801.8196,182.1833,182.1833;;Yeah, she's auditioning for Fame or Shame.;Cutscene;Cutscene
Trevor;07:02:10;15:11:57;-801.9177,182.2864,182.2864;;;;
Trevor;07:02:10;15:11:58;-801.9798,182.3557,182.3557;;;;
Trevor;07:02:11;15:11:58;-802.1295,182.2863,182.2863;;;;
Trevor;07:02:11;15:11:59;-802.1917,182.2498,182.2498;;Fame or Shame?;Cutscene;Cutscene
Trevor;07:02:12;15:11:59;-802.103,182.3814,182.3814;;;;
Trevor;07:02:12;15:12:00;-802.077,182.5208,182.5208;;;;
Trevor;07:02:13;15:12:00;-802.1303,182.6993,182.6993;;;;
Trevor;07:02:13;15:12:01;-802.1111,182.8118,182.8118;;The fuck are you talking about?;Cutscene;Cutscene
Trevor;07:02:14;15:12:01;-801.8848,182.9189,182.9189;;;;
Trevor;07:02:14;15:12:02;-801.7474,183.0608,183.0608;;;;
Trevor;07:02:15;15:12:02;-801.6709,183.2507,183.2507;;You know, it's that talent slash skill show.;Cutscene;Cutscene
Trevor;07:02:15;15:12:03;-801.5203,183.2202,183.2202;;;;
Trevor;07:02:16;15:12:03;-801.4091,183.0722,183.0722;;;;
Trevor;07:02:16;15:12:04;-801.4889,182.9453,182.9453;;;;
Trevor;07:02:17;15:12:04;-801.5997,182.8976,182.8976;;;;
Trevor;07:02:17;15:12:05;-801.6807,182.9929,182.9929;;She loves it, you guys know that.;Cutscene;Cutscene
Trevor;07:02:18;15:12:06;-801.7244,183.0923,183.0923;;;;
Trevor;07:02:19;15:12:06;-801.8203,183.0715,183.0715;;;;
Trevor;07:02:19;15:12:07;-801.952,182.9622,182.9622;;;;
Trevor;07:02:20;15:12:07;-801.96,182.9028,182.9028;;What's her talent?;Cutscene;Cutscene
Trevor;07:02:20;15:12:08;-801.8121,182.9274,182.9274;;;;
Trevor;07:02:21;15:12:08;-801.7341,182.9897,182.9897;;;;
Trevor;07:02:21;15:12:09;-801.7174,183.1459,183.1459;;Dancing.;Cutscene;Cutscene
Trevor;07:02:22;15:12:09;-801.7302,183.2129,183.2129;;;;
Trevor;07:02:22;15:12:10;-801.6552,183.1485,183.1485;;;;
Trevor;07:02:23;15:12:10;-801.6106,182.9973,182.9973;;Oh, Christ, she's a horrible dancer.;Cutscene;Cutscene
Trevor;07:02:23;15:12:11;-801.6708,182.9252,182.9252;;;;
Trevor;07:02:24;15:12:11;-801.7974,182.9089,182.9089;;;;
Trevor;07:02:24;15:12:12;-801.8303,183.0417,183.0417;;Michael...;Cutscene;Cutscene
Trevor;07:02:25;15:12:12;-801.8563,183.1191,183.1191;;She might disagree with you on that.;Cutscene;Cutscene
Trevor;07:02:25;15:12:13;-801.952,182.9888,182.9888;;;;
Trevor;07:02:26;15:12:13;-801.975,182.8578,182.8578;;;;
Trevor;07:02:26;15:12:14;-801.8373,182.8247,182.8247;;;;
Trevor;07:02:27;15:12:14;-801.7251,182.8427,182.8427;;;;
Trevor;07:02:27;15:12:15;-801.6842,182.9967,182.9967;;;;
Trevor;07:02:28;15:12:15;-801.6624,183.1095,183.1095;;;;
Trevor;07:02:29;15:12:16;-801.5388,183.0796,183.0796;;Jesus Christ, what, now? Now?;Cutscene;Cutscene
Trevor;07:02:29;15:12:17;-801.4677,182.9824,182.9824;;;;
Trevor;07:02:30;15:12:17;-801.5511,183.0125,183.0125;;;;
Trevor;07:02:30;15:12:18;-801.6185,183.0491,183.0491;;;;
Trevor;07:02:31;15:12:18;-801.4774,183.0755,183.0755;;Where?;Cutscene;Cutscene
Trevor;07:02:31;15:12:19;-801.4448,183.0562,183.0562;;Um...;Cutscene;Cutscene
Trevor;07:02:32;15:12:19;-801.5485,183.0108,183.0108;;;;
Trevor;07:02:32;15:12:20;-801.59,182.9706,182.9706;;The Maze Bank Arena.;Cutscene;Cutscene
Trevor;07:02:33;15:12:20;-801.488,183.0305,183.0305;;;;
Trevor;07:02:33;15:12:21;-801.4531,183.024,183.024;;;;
Trevor;07:02:34;15:12:21;-801.5906,182.9057,182.9057;;Our little Tracey being humiliated, let's go.;Cutscene;Cutscene
Trevor;07:02:34;15:12:22;-801.7227,182.9038,182.9038;;;;
Trevor;07:02:35;15:12:22;-801.9193,182.9554,182.9554;;;;
Trevor;07:02:35;15:12:23;-802.0274,182.743,182.743;;;;
Trevor;07:02:36;15:12:23;-801.8712,182.6398,182.6398;;We go get her.;Cutscene;Cutscene
Trevor;07:02:36;15:12:24;-801.6854,182.5729,182.5729;;;;
Trevor;07:02:37;15:12:24;-801.6637,182.5432,182.5432;;;;
Trevor;07:02:37;15:12:25;-801.7747,182.5115,182.5115;;We?;Cutscene;Cutscene
Trevor;07:02:38;15:12:25;-801.8387,182.4649,182.4649;;;;
Trevor;07:02:38;15:12:26;-801.7684,182.5565,182.5565;;Yeah, we. What are you gonna stand here and argue;Cutscene;Cutscene
Trevor;07:02:39;15:12:26;-801.7251,182.6291,182.6291;;;;
Trevor;07:02:39;15:12:27;-801.8748,182.6368,182.6368;;;;
Trevor;07:02:40;15:12:27;-801.9452,182.6306,182.6306;;;;
Trevor;07:02:41;15:12:28;-801.8292,182.6992,182.6992;;;;
Trevor;07:02:41;15:12:29;-801.7946,182.7161,182.7161;;while your daughter becomes a national laughing stock, huh?;Cutscene;Cutscene
Trevor;07:02:42;15:12:29;-801.8041,182.7312,182.7312;;;;
Trevor;07:02:42;15:12:30;-801.8037,182.7504,182.7504;;;;
Trevor;07:02:43;15:12:30;-801.7941,182.7514,182.7514;;;;
Trevor;07:02:43;15:12:31;-801.7708,182.7862,182.7862;;;;
Trevor;07:02:44;15:12:31;-801.8924,182.8486,182.8486;;;;
Trevor;07:02:44;15:12:32;-802.0162,182.9373,182.9373;;You're worse than I thought.;Cutscene;Cutscene
Trevor;07:02:45;15:12:32;-801.9715,183.1367,183.1367;;;;
Trevor;07:02:45;15:12:33;-801.9433,183.0703,183.0703;;;;
Trevor;07:02:46;15:12:33;-801.9038,182.7402,182.7402;;Now let's go, c'mon.;Cutscene;Cutscene
Trevor;07:02:46;15:12:34;-801.6351,182.4469,182.4469;;;;
Trevor;07:02:47;15:12:34;-801.6259,182.1842,182.1842;;;;
Trevor;07:02:47;15:12:35;-801.6698,182.0546,182.0546;;;;
Trevor;07:02:48;15:12:35;-801.6166,182.1058,182.1058;;;;
Trevor;07:02:48;15:12:36;-801.5518,182.1725,182.1725;;;;
Trevor;07:02:49;15:12:36;-801.6741,182.1693,182.1693;;;;
Trevor;07:02:49;15:12:37;-801.7171,182.323,182.323;;Alright.;Cutscene;Cutscene
Trevor;07:02:50;15:12:37;-801.9359,182.3583,182.3583;;;;
Trevor;07:02:51;15:12:38;-802.4415,182.2677,182.2677;;;;
Trevor;07:02:51;15:12:39;-803.2184,182.1545,182.1545;;;;
Trevor;07:02:52;15:12:39;-804.0144,181.9829,181.9829;;;;
Trevor;07:02:52;15:12:40;-804.9993,181.8165,181.8165;;;;
Trevor;07:02:53;15:12:40;-805.9974,181.562,181.562;;;;
Trevor;07:02:53;15:12:41;-806.8228,181.412,181.412;;;;
Trevor;07:02:54;15:12:41;-818.5349,177.8358,177.8358;;;;
Trevor;07:02:54;15:12:42;-819.2419,178.3309,178.3309;;;;
Trevor;07:02:55;15:12:42;-819.9443,178.8229,178.8229;;;;
Trevor;07:02:55;15:12:43;-820.6312,179.3039,179.3039;;;;
Trevor;07:02:56;15:12:43;-821.3806,179.8284,179.8284;;;;
Trevor;07:02:56;15:12:44;-822.2253,180.2588,180.2588;;;;
Trevor;07:02:57;15:12:44;-822.7759,180.2625,180.2625;;;;
Trevor;07:02:57;15:12:45;-822.3806,180.6923,180.6923;;;;
Trevor;07:02:58;15:12:45;-822.2609,180.8162,180.8162;;;;
Trevor;07:02:58;15:12:46;-823.0516,180.9292,180.9292;;;;
Trevor;07:02:59;15:12:46;-823.577,181.234,181.234;True,Sedans,TAILGATE,0,01377941,0;;;
Trevor;07:02:59;15:12:47;-823.577,181.2328,181.2328;True,Sedans,TAILGATE,0,007322297,0;;;
Trevor;07:03:00;15:12:47;-823.5784,181.2327,181.2327;True,Sedans,TAILGATE,0,0;;;
Trevor;07:03:01;15:12:48;-823.5771,181.232,181.232;True,Sedans,TAILGATE,0,02288139,0;;;
Trevor;07:03:01;15:12:49;-823.5887,181.2173,181.2173;True,Sedans,TAILGATE,0,2414296,1;;;
Trevor;07:03:02;15:12:49;-824.034,180.55,180.55;True,Sedans,TAILGATE,2,930907,1;So, Mike, what were you doing?;trevor;fam4_BHAA
Trevor;07:03:02;15:12:50;-825.0604,178.2205,178.2205;True,Sedans,TAILGATE,7,263328,1;;;
Trevor;07:03:03;15:12:50;-827.7394,174.0715,174.0715;True,Sedans,TAILGATE,11,62303,1;;;
Trevor;07:03:03;15:12:51;-831.0461,169.2126,169.2126;True,Sedans,TAILGATE,11,00886,0;;;
Trevor;07:03:04;15:12:51;-834.0529,165.7258,165.7258;True,Sedans,TAILGATE,8,173607,0;;;
Trevor;07:03:04;15:12:52;-837.19,163.2624,163.2624;True,Sedans,TAILGATE,7,094049,0;;;
Trevor;07:03:05;15:12:52;-840.5193,162.0362,162.0362;True,Sedans,TAILGATE,7,750297,1;;;
Trevor;07:03:05;15:12:53;-843.8893,160.2511,160.2511;True,Sedans,TAILGATE,6,743965,0;I was making myself a juice: broccoli, raw kale, fish oil -;Michael;fam4_BHAB
Trevor;07:03:06;15:12:53;-846.953,158.7473,158.7473;True,Sedans,TAILGATE,7,088731,0;;;
Trevor;07:03:06;15:12:54;-850.5109,157.2607,157.2607;True,Sedans,TAILGATE,8,144671,0;;;
Trevor;07:03:07;15:12:54;-854.1618,155.0224,155.0224;True,Sedans,TAILGATE,8,015646,0;;;
Trevor;07:03:07;15:12:55;-858.2546,151.9992,151.9992;True,Sedans,TAILGATE,11,26162,0;;;
Trevor;07:03:08;15:12:55;-862.4681,147.615,147.615;True,Sedans,TAILGATE,12,0477,0;;;
Trevor;07:03:08;15:12:56;-864.7436,141.9115,141.9115;True,Sedans,TAILGATE,12,73627,0;;;
Trevor;07:03:09;15:12:56;-865.8059,134.849,134.849;True,Sedans,TAILGATE,14,74398,0;;;
Trevor;07:03:09;15:12:57;-865.6782,127.5064,127.5064;True,Sedans,TAILGATE,13,81163,0;;;
Trevor;07:03:10;15:12:57;-865.3865,120.4874,120.4874;True,Sedans,TAILGATE,13,0684,0;this recipe I got it's packed with nutrients, fibers, vitamins,;Michael;fam4_BHBE
Trevor;07:03:10;15:12:58;-865.4921,113.873,113.873;True,Sedans,TAILGATE,12,64751,0;;;
Trevor;07:03:11;15:12:59;-865.7133,107.6069,107.6069;True,Sedans,TAILGATE,12,00702,0;;;
Trevor;07:03:12;15:12:59;-866.2455,101.9682,101.9682;True,Sedans,TAILGATE,9,850216,0;;;
Trevor;07:03:12;15:13:00;-865.719,96.93625,96.93625;True,Sedans,TAILGATE,10,1425,1;;;
Trevor;07:03:13;15:13:00;-865.7841,91.0332,91.0332;True,Sedans,TAILGATE,11,30325,1;;;
Trevor;07:03:13;15:13:01;-864.4561,84.79666,84.79666;True,Sedans,TAILGATE,13,72166,1;;;
Trevor;07:03:14;15:13:01;-862.4567,76.99086,76.99086;True,Sedans,TAILGATE,16,60614,1;and it don't taste bad. I'll send you the recipe.;Michael;fam4_BHBF
Trevor;07:03:14;15:13:02;-860.3331,67.96252,67.96252;True,Sedans,TAILGATE,18,71532,1;;;
Trevor;07:03:15;15:13:02;-857.3176,58.37438,58.37438;True,Sedans,TAILGATE,20,00844,1;;;
Trevor;07:03:15;15:13:03;-854.0345,48.41326,48.41326;True,Sedans,TAILGATE,19,79365,0;;;
Trevor;07:03:16;15:13:03;-850.2883,39.26474,39.26474;True,Sedans,TAILGATE,19,5025,1;;;
Trevor;07:03:16;15:13:04;-845.8165,29.23331,29.23331;True,Sedans,TAILGATE,22,25875,0;;;
Trevor;07:03:17;15:13:04;-841.1868,18.8977,18.8977;True,Sedans,TAILGATE,21,28707,0;;;
Trevor;07:03:17;15:13:05;-835.8949,9.651092,9.651092;True,Sedans,TAILGATE,19,66925,0;Anyway, get this, I'm making it, the blender slips, juice goes everywhere.;Michael;fam4_BHAC
Trevor;07:03:18;15:13:05;-830.1918,1.106398,1.106398;True,Sedans,TAILGATE,20,06884,1;;;
Trevor;07:03:18;15:13:06;-824.8187,-7.394895,-7.394895;True,Sedans,TAILGATE,18,8301,0;;;
Trevor;07:03:19;15:13:06;-820.3452,-15.8157,-15.8157;True,Sedans,TAILGATE,17,65191,0;;;
Trevor;07:03:19;15:13:07;-816.292,-23.75159,-23.75159;True,Sedans,TAILGATE,16,43115,0;;;
Trevor;07:03:20;15:13:07;-813.3948,-31.28938,-31.28938;True,Sedans,TAILGATE,14,90744,0;;;
Trevor;07:03:20;15:13:08;-811.2627,-38.28684,-38.28684;True,Sedans,TAILGATE,13,17977,0;;;
Trevor;07:03:21;15:13:08;-808.9213,-44.65478,-44.65478;True,Sedans,TAILGATE,13,74442,1;;;
Trevor;07:03:21;15:13:09;-805.606,-51.84572,-51.84572;True,Sedans,TAILGATE,16,43784,1;;;
Trevor;07:03:22;15:13:10;-801.4803,-59.73478,-59.73478;True,Sedans,TAILGATE,16,64357,0;;;
Trevor;07:03:23;15:13:10;-798.2322,-67.5036,-67.5036;True,Sedans,TAILGATE,16,11865,0;I'm about to clean it up when I find this bag of grass, big fuckin' bag - Jimmy's, right?;Michael;fam4_BHBG
Trevor;07:03:23;15:13:11;-796.7031,-75.2826,-75.2826;True,Sedans,TAILGATE,14,03976,0;;;
Trevor;07:03:24;15:13:11;-794.533,-81.76113,-81.76113;True,Sedans,TAILGATE,12,28858,0;;;
Trevor;07:03:24;15:13:12;-792.03,-87.21663,-87.21663;True,Sedans,TAILGATE,10,64689,0;;;
Trevor;07:03:25;15:13:12;-789.8593,-91.87795,-91.87795;True,Sedans,TAILGATE,9,016908,0;;;
Trevor;07:03:25;15:13:13;-787.6982,-95.72166,-95.72166;True,Sedans,TAILGATE,8,73692,1;;;
Trevor;07:03:26;15:13:13;-785.1068,-100.3333,-100.3333;True,Sedans,TAILGATE,10,34504,0;;;
Trevor;07:03:26;15:13:14;-782.2024,-104.4259,-104.4259;True,Sedans,TAILGATE,9,509778,1;;;
Trevor;07:03:27;15:13:14;-779.4927,-109.4641,-109.4641;True,Sedans,TAILGATE,11,31647,0;;;
Trevor;07:03:27;15:13:15;-776.4438,-115.0582,-115.0582;True,Sedans,TAILGATE,13,36016,1;;;
Trevor;07:03:28;15:13:15;-772.5659,-121.9725,-121.9725;True,Sedans,TAILGATE,16,58784,1;Okay, just that moment, Amanda comes in, sees me there with...;Michael;fam4_BHAD
Trevor;07:03:28;15:13:16;-768.1147,-129.9426,-129.9426;True,Sedans,TAILGATE,18,55698,1;;;
Trevor;07:03:29;15:13:16;-762.8569,-138.8842,-138.8842;True,Sedans,TAILGATE,20,61712,1;;;
Trevor;07:03:29;15:13:17;-757.0714,-148.7336,-148.7336;True,Sedans,TAILGATE,22,74243,1;;;
Trevor;07:03:30;15:13:17;-750.9999,-159.1775,-159.1775;True,Sedans,TAILGATE,23,43313,0;;;
Trevor;07:03:30;15:13:18;-745.3058,-169.4994,-169.4994;True,Sedans,TAILGATE,22,16762,0;;;
Trevor;07:03:31;15:13:18;-739.7532,-179.2764,-179.2764;True,Sedans,TAILGATE,20,91292,0;;;
Trevor;07:03:31;15:13:19;-735.2786,-188.8838,-188.8838;True,Sedans,TAILGATE,19,56861,0;I didn't ask for a blow by blow of how you lost;trevor;fam4_BHAE
Trevor;07:03:32;15:13:19;-730.6221,-197.5453,-197.5453;True,Sedans,TAILGATE,17,7326,0;;;
Trevor;07:03:33;15:13:20;-725.9555,-205.2737,-205.2737;True,Sedans,TAILGATE,17,48937,1;;;
Trevor;07:03:33;15:13:21;-721.0498,-213.6708,-213.6708;True,Sedans,TAILGATE,19,63977,1;;;
Trevor;07:03:34;15:13:21;-715.4485,-222.9359,-222.9359;True,Sedans,TAILGATE,21,80696,1;;;
Trevor;07:03:34;15:13:22;-709.8219,-233.3275,-233.3275;True,Sedans,TAILGATE,22,55939,0;;;
Trevor;07:03:35;15:13:22;-703.4554,-242.7286,-242.7286;True,Sedans,TAILGATE,21,42735,0;;;
Trevor;07:03:35;15:13:23;-696.8135,-251.3984,-251.3984;True,Sedans,TAILGATE,20,40908,0;;;
Trevor;07:03:36;15:13:23;-691.4239,-259.9016,-259.9016;True,Sedans,TAILGATE,18,54436,0;your last ounce of masculine pride. I wanted to know what you've been doing for a decade!;trevor;fam4_BHAX
Trevor;07:03:36;15:13:24;-686.9777,-267.952,-267.952;True,Sedans,TAILGATE,16,86905,0;;;
Trevor;07:03:37;15:13:24;-682.6739,-275.897,-275.897;True,Sedans,TAILGATE,18,54468,1;;;
Trevor;07:03:37;15:13:25;-677.7438,-284.8993,-284.8993;True,Sedans,TAILGATE,19,20814,0;;;
Trevor;07:03:38;15:13:25;-673.1649,-293.3372,-293.3372;True,Sedans,TAILGATE,17,56369,0;;;
Trevor;07:03:38;15:13:26;-669.0089,-300.9714,-300.9714;True,Sedans,TAILGATE,15,8749,0;;;
Trevor;07:03:39;15:13:26;-664.9806,-307.8274,-307.8274;True,Sedans,TAILGATE,14,10886,0;;;
Trevor;07:03:39;15:13:27;-661.6502,-314.0294,-314.0294;True,Sedans,TAILGATE,12,3297,0;;;
Trevor;07:03:40;15:13:27;-658.5043,-319.0833,-319.0833;True,Sedans,TAILGATE,10,57662,0;;;
Trevor;07:03:40;15:13:28;-656.9681,-323.891,-323.891;True,Sedans,TAILGATE,9,942116,1;;;
Trevor;07:03:41;15:13:28;-654.6198,-329.2196,-329.2196;True,Sedans,TAILGATE,11,36051,0;;;
Trevor;07:03:41;15:13:29;-651.6983,-334.8954,-334.8954;True,Sedans,TAILGATE,13,06022,1;Easy, T.;Michael;fam4_BHAF
Trevor;07:03:42;15:13:29;-649.3342,-341.7259,-341.7259;True,Sedans,TAILGATE,14,94248,1;;;
Trevor;07:03:42;15:13:30;-646.3529,-349.3332,-349.3332;True,Sedans,TAILGATE,16,7161,1;Don't 'T' me.;trevor;fam4_BHAG
Trevor;07:03:43;15:13:30;-643.0577,-357.8461,-357.8461;True,Sedans,TAILGATE,18,26734,1;;;
Trevor;07:03:43;15:13:31;-640.8568,-367.6057,-367.6057;True,Sedans,TAILGATE,19,90466,0;;;
Trevor;07:03:44;15:13:31;-638.8109,-377.6072,-377.6072;True,Sedans,TAILGATE,19,55254,1;;;
Trevor;07:03:45;15:13:32;-637.9428,-388.2075,-388.2075;True,Sedans,TAILGATE,20,95572,1;;;
Trevor;07:03:45;15:13:33;-638.3713,-399.5602,-399.5602;True,Sedans,TAILGATE,22,35868,1;Hey, if anyone needs kale, my friend...;Michael;fam4_BHAH
Trevor;07:03:46;15:13:33;-638.011,-411.6761,-411.6761;True,Sedans,TAILGATE,23,50916,1;;;
Trevor;07:03:46;15:13:34;-638.5956,-424.2079,-424.2079;True,Sedans,TAILGATE,23,49511,0;;;
Trevor;07:03:47;15:13:34;-638.9523,-435.8605,-435.8605;True,Sedans,TAILGATE,21,47338,0;I'm beyond kale, okay? It's too late for kale;trevor;fam4_BHAI
Trevor;07:03:47;15:13:35;-639.6781,-447.3944,-447.3944;True,Sedans,TAILGATE,22,51954,1;;;
Trevor;07:03:48;15:13:35;-639.8504,-459.3207,-459.3207;True,Sedans,TAILGATE,22,49625,0;;;
Trevor;07:03:48;15:13:36;-639.7865,-471.306,-471.306;True,Sedans,TAILGATE,23,3317,1;;;
Trevor;07:03:49;15:13:36;-639.7283,-483.8357,-483.8357;True,Sedans,TAILGATE,24,29359,0;;;
Trevor;07:03:49;15:13:37;-639.6919,-496.1002,-496.1002;True,Sedans,TAILGATE,22,34779,0;;;
Trevor;07:03:50;15:13:37;-639.6622,-507.2787,-507.2787;True,Sedans,TAILGATE,20,55787,1;;;
Trevor;07:03:50;15:13:38;-639.6344,-518.0674,-518.0674;True,Sedans,TAILGATE,20,53061,1;;;
Trevor;07:03:51;15:13:38;-639.6065,-528.8137,-528.8137;True,Sedans,TAILGATE,20,60474,1;;;
Trevor;07:03:51;15:13:39;-639.582,-539.8947,-539.8947;True,Sedans,TAILGATE,22,0221,1;and its magical powers to have any effect on me.;trevor;fam4_BHAY
Trevor;07:03:52;15:13:39;-639.5649,-551.4507,-551.4507;True,Sedans,TAILGATE,21,94937,1;;;
Trevor;07:03:52;15:13:40;-640.0541,-563.3011,-563.3011;True,Sedans,TAILGATE,23,14457,1;;;
Trevor;07:03:53;15:13:40;-640.6707,-575.739,-575.739;True,Sedans,TAILGATE,24,13205,0;;;
Trevor;07:03:53;15:13:41;-640.6309,-588.2569,-588.2569;True,Sedans,TAILGATE,23,88708,0;;;
Trevor;07:03:54;15:13:41;-640.4876,-600.2633,-600.2633;True,Sedans,TAILGATE,22,23463,0;;;
Trevor;07:03:54;15:13:42;-640.3564,-611.5113,-611.5113;True,Sedans,TAILGATE,20,6249,0;Fine.;Michael;fam4_BHAJ
Trevor;07:03:55;15:13:43;-640.2333,-622.0065,-622.0065;True,Sedans,TAILGATE,20,30308,1;Or yoga, or talk therapy. I'm a crank, cannibalism, and incest kinda guy.;trevor;fam4_BHAK
Trevor;07:03:56;15:13:43;-640.0966,-633.144,-633.144;True,Sedans,TAILGATE,22,04545,1;;;
Trevor;07:03:56;15:13:44;-640.2944,-645.0262,-645.0262;True,Sedans,TAILGATE,23,39166,1;;;
Trevor;07:03:57;15:13:44;-641.5524,-657.4368,-657.4368;True,Sedans,TAILGATE,24,24797,0;;;
Trevor;07:03:57;15:13:45;-642.6337,-670.0274,-670.0274;True,Sedans,TAILGATE,24,00103,1;;;
Trevor;07:03:58;15:13:45;-642.0024,-682.843,-682.843;True,Sedans,TAILGATE,25,15749,1;;;
Trevor;07:03:58;15:13:46;-642.0425,-697.2621,-697.2621;True,Sedans,TAILGATE,28,714,1;;;
Trevor;07:03:59;15:13:46;-641.514,-712.4949,-712.4949;True,Sedans,TAILGATE,29,99739,1;;;
Trevor;07:03:59;15:13:47;-641.4725,-728.2867,-728.2867;True,Sedans,TAILGATE,30,8852,0;;;
Trevor;07:04:00;15:13:47;-640.7621,-743.9937,-743.9937;True,Sedans,TAILGATE,29,37846,0;;;
Trevor;07:04:00;15:13:48;-641.1921,-758.6747,-758.6747;True,Sedans,TAILGATE,27,55955,0;;;
Trevor;07:04:01;15:13:48;-641.4928,-772.598,-772.598;True,Sedans,TAILGATE,25,75513,0;;;
Trevor;07:04:01;15:13:49;-641.4421,-785.5147,-785.5147;True,Sedans,TAILGATE,23,86654,0;Oh, don't worry, T. They'd skip that talk and go straight to shock treatment with your ass.;Michael;fam4_BHAL
Trevor;07:04:02;15:13:49;-641.3989,-797.4938,-797.4938;True,Sedans,TAILGATE,22,00665,0;;;
Trevor;07:04:02;15:13:50;-641.3832,-808.4484,-808.4484;True,Sedans,TAILGATE,20,65962,1;;;
Trevor;07:04:03;15:13:50;-642.6373,-819.6008,-819.6008;True,Sedans,TAILGATE,22,36377,1;;;
Trevor;07:04:03;15:13:51;-644.6048,-830.6706,-830.6706;True,Sedans,TAILGATE,20,52936,0;;;
Trevor;07:04:04;15:13:51;-645.6682,-841.4249,-841.4249;True,Sedans,TAILGATE,21,16957,1;;;
Trevor;07:04:04;15:13:52;-646.3958,-852.7982,-852.7982;True,Sedans,TAILGATE,22,66197,1;;;
Trevor;07:04:05;15:13:52;-647.1699,-864.9945,-864.9945;True,Sedans,TAILGATE,23,9835,1;;;
Trevor;07:04:05;15:13:53;-647.3451,-877.465,-877.465;True,Sedans,TAILGATE,22,79685,0;;;
Trevor;07:04:06;15:13:53;-647.5574,-888.8878,-888.8878;True,Sedans,TAILGATE,20,80731,0;;;
Trevor;07:04:07;15:13:54;-647.4741,-899.3566,-899.3566;True,Sedans,TAILGATE,18,92354,0;;;
Trevor;07:04:07;15:13:55;-646.7038,-908.8578,-908.8578;True,Sedans,TAILGATE,17,30818,0;;;
Trevor;07:04:08;15:13:55;-645.4097,-917.3887,-917.3887;True,Sedans,TAILGATE,15,62945,0;You too chilled out to say my name, you fat slob?;trevor;fam4_BHAM
Trevor;07:04:08;15:13:56;-643.5062,-925.1153,-925.1153;True,Sedans,TAILGATE,15,46787,1;;;
Trevor;07:04:09;15:13:56;-642.0272,-933.1264,-933.1264;True,Sedans,TAILGATE,15,61495,1;;;
Trevor;07:04:09;15:13:57;-642.3196,-941.7744,-941.7744;True,Sedans,TAILGATE,17,53246,1;;;
Trevor;07:04:10;15:13:57;-642.4066,-951.6266,-951.6266;True,Sedans,TAILGATE,20,2791,1;;;
Trevor;07:04:10;15:13:58;-641.7731,-962.912,-962.912;True,Sedans,TAILGATE,22,08576,1;;;
Trevor;07:04:11;15:13:58;-641.672,-974.3962,-974.3962;True,Sedans,TAILGATE,22,0351,1;;;
Trevor;07:04:11;15:13:59;-643.8422,-986.1438,-986.1438;True,Sedans,TAILGATE,23,68614,1;You too relaxed, you laid back Los Santos embarrassment?;trevor;fam4_BHAZ
Trevor;07:04:12;15:13:59;-646.5006,-998.591,-998.591;True,Sedans,TAILGATE,23,43274,0;;;
Trevor;07:04:12;15:14:00;-649.0475,-1010.242,-1010.242;True,Sedans,TAILGATE,21,75249,0;;;
Trevor;07:04:13;15:14:00;-652.0625,-1020.875,-1020.875;True,Sedans,TAILGATE,20,0409,0;;;
Trevor;07:04:13;15:14:01;-656.8513,-1029.859,-1029.859;True,Sedans,TAILGATE,19,75309,1;;;
Trevor;07:04:14;15:14:01;-662.7249,-1038.657,-1038.657;True,Sedans,TAILGATE,20,12943,0;;;
Trevor;07:04:14;15:14:02;-669.5681,-1045.891,-1045.891;True,Sedans,TAILGATE,18,03138,0;;;
Trevor;07:04:15;15:14:02;-675.4549,-1052.633,-1052.633;True,Sedans,TAILGATE,16,34017,0;Huh? Is one letter all you can bring yourself to wrap your slothful lips around?;trevor;fam4_BHBA
Trevor;07:04:15;15:14:03;-682.2645,-1058.374,-1058.374;True,Sedans,TAILGATE,18,30066,1;;;
Trevor;07:04:16;15:14:03;-690.8079,-1063.831,-1063.831;True,Sedans,TAILGATE,19,89478,0;;;
Trevor;07:04:17;15:14:04;-698.9215,-1069.663,-1069.663;True,Sedans,TAILGATE,18,25402,0;;;
Trevor;07:04:17;15:14:05;-706.8033,-1074.204,-1074.204;True,Sedans,TAILGATE,16,84041,0;;;
Trevor;07:04:18;15:14:05;-713.9719,-1078.575,-1078.575;True,Sedans,TAILGATE,15,40436,1;;;
Trevor;07:04:18;15:14:06;-721.2399,-1082.958,-1082.958;True,Sedans,TAILGATE,17,78262,1;;;
Trevor;07:04:19;15:14:06;-729.8738,-1088.069,-1088.069;True,Sedans,TAILGATE,19,51202,0;;;
Trevor;07:04:19;15:14:07;-738.2339,-1093.24,-1093.24;True,Sedans,TAILGATE,18,05386,0;;;
Trevor;07:04:20;15:14:07;-745.8867,-1097.957,-1097.957;True,Sedans,TAILGATE,16,53287,0;;;
Trevor;07:04:20;15:14:08;-752.8701,-1102.291,-1102.291;True,Sedans,TAILGATE,14,90732,0;;;
Trevor;07:04:21;15:14:08;-758.8234,-1105.983,-1105.983;True,Sedans,TAILGATE,11,52291,0;;;
Trevor;07:04:21;15:14:09;-763.3618,-1109.192,-1109.192;True,Sedans,TAILGATE,9,586752,0;Whoa, dude. You do not let the fuck up.;Michael;fam4_BHAN
Trevor;07:04:22;15:14:09;-766.9765,-1113.253,-1113.253;True,Sedans,TAILGATE,10,10145,0;;;
Trevor;07:04:22;15:14:10;-769.0281,-1118.116,-1118.116;True,Sedans,TAILGATE,10,71764,1;;;
Trevor;07:04:23;15:14:10;-768.8604,-1124.082,-1124.082;True,Sedans,TAILGATE,10,88814,0;;;
Trevor;07:04:23;15:14:11;-767.7228,-1130.056,-1130.056;True,Sedans,TAILGATE,12,33795,1;;;
Trevor;07:04:24;15:14:11;-765.2707,-1136.61,-1136.61;True,Sedans,TAILGATE,14,27258,1;;;
Trevor;07:04:24;15:14:12;-762.1033,-1143.816,-1143.816;True,Sedans,TAILGATE,15,98287,1;;;
Trevor;07:04:25;15:14:12;-758.0245,-1151.575,-1151.575;True,Sedans,TAILGATE,17,34146,1;;;
Trevor;07:04:25;15:14:13;-752.3583,-1159.205,-1159.205;True,Sedans,TAILGATE,19,07113,1;;;
Trevor;07:04:26;15:14:13;-746.6724,-1167.91,-1167.91;True,Sedans,TAILGATE,20,5867,1;I got ten years worth of venting to do.;trevor;fam4_BHAO
Trevor;07:04:26;15:14:14;-741.0793,-1177.5,-1177.5;True,Sedans,TAILGATE,22,08131,1;;;
Trevor;07:04:27;15:14:14;-734.3342,-1187.368,-1187.368;True,Sedans,TAILGATE,23,60507,1;;;
Trevor;07:04:28;15:14:15;-727.0513,-1197.446,-1197.446;True,Sedans,TAILGATE,23,98012,0;;;
Trevor;07:04:28;15:14:16;-719.1201,-1206.686,-1206.686;True,Sedans,TAILGATE,22,63743,0;;;
Trevor;07:04:29;15:14:16;-711.2169,-1215.251,-1215.251;True,Sedans,TAILGATE,21,64863,0;;;
Trevor;07:04:29;15:14:17;-704.6337,-1223.835,-1223.835;True,Sedans,TAILGATE,19,77471,0;;;
Trevor;07:04:30;15:14:17;-698.679,-1231.764,-1231.764;True,Sedans,TAILGATE,19,28936,1;;;
Trevor;07:04:30;15:14:18;-692.7657,-1240.379,-1240.379;True,Sedans,TAILGATE,20,11402,0;The let up, my friend, is a long way off.;trevor;fam4_BHBB
Trevor;07:04:31;15:14:18;-688.1217,-1249.327,-1249.327;True,Sedans,TAILGATE,18,8439,0;;;
Trevor;07:04:31;15:14:19;-683.3233,-1257.456,-1257.456;True,Sedans,TAILGATE,16,90253,0;;;
Trevor;07:04:32;15:14:19;-679.4327,-1264.728,-1264.728;True,Sedans,TAILGATE,15,04648,0;;;
Trevor;07:04:32;15:14:20;-675.8015,-1271.678,-1271.678;True,Sedans,TAILGATE,14,48117,1;;;
Trevor;07:04:33;15:14:20;-672.6534,-1278.853,-1278.853;True,Sedans,TAILGATE,14,68316,0;;;
Trevor;07:04:33;15:14:21;-669.8412,-1285.473,-1285.473;True,Sedans,TAILGATE,12,97198,0;Fine. Fine. Do what the fuck you want.;Michael;fam4_BHAP
Trevor;07:04:34;15:14:21;-667.4039,-1291.297,-1291.297;True,Sedans,TAILGATE,11,28612,0;;;
Trevor;07:04:34;15:14:22;-665.4628,-1296.596,-1296.596;True,Sedans,TAILGATE,10,17319,0;;;
Trevor;07:04:35;15:14:22;-664.0383,-1301.807,-1301.807;True,Sedans,TAILGATE,10,05322,0;;;
Trevor;07:04:35;15:14:23;-662.7629,-1306.783,-1306.783;True,Sedans,TAILGATE,9,677837,1;;;
Trevor;07:04:36;15:14:23;-661.0087,-1312.29,-1312.29;True,Sedans,TAILGATE,11,32552,0;;;
Trevor;07:04:36;15:14:24;-659.2231,-1317.717,-1317.717;True,Sedans,TAILGATE,9,924608,0;Want? Well, hmm, I-I wanna save your daughter from making an ass of herself.;trevor;fam4_BHAQ
Trevor;07:04:37;15:14:24;-658.3578,-1322.734,-1322.734;True,Sedans,TAILGATE,9,116659,1;;;
Trevor;07:04:37;15:14:25;-657.089,-1327.57,-1327.57;True,Sedans,TAILGATE,10,8563,1;;;
Trevor;07:04:38;15:14:25;-655.6891,-1333.442,-1333.442;True,Sedans,TAILGATE,11,6692,1;;;
Trevor;07:04:38;15:14:26;-654.3033,-1339.876,-1339.876;True,Sedans,TAILGATE,13,4413,1;;;
Trevor;07:04:39;15:14:27;-653.6678,-1347.21,-1347.21;True,Sedans,TAILGATE,15,07526,1;;;
Trevor;07:04:40;15:14:27;-653.4274,-1355.533,-1355.533;True,Sedans,TAILGATE,16,73521,1;;;
Trevor;07:04:40;15:14:28;-651.9892,-1364.483,-1364.483;True,Sedans,TAILGATE,18,34102,1;;;
Trevor;07:04:41;15:14:28;-650.4503,-1374.283,-1374.283;True,Sedans,TAILGATE,19,81261,1;;;
Trevor;07:04:41;15:14:29;-650.8254,-1384.973,-1384.973;True,Sedans,TAILGATE,21,29845,1;;;
Trevor;07:04:42;15:14:29;-652.1727,-1396.444,-1396.444;True,Sedans,TAILGATE,22,65542,1;;;
Trevor;07:04:42;15:14:30;-653.7979,-1407.875,-1407.875;True,Sedans,TAILGATE,20,88052,0;;;
Trevor;07:04:43;15:14:30;-656.1735,-1418.061,-1418.061;True,Sedans,TAILGATE,19,09068,1;Oh really, man? Really?;Michael;fam4_BHAR
Trevor;07:04:43;15:14:31;-657.5846,-1428.256,-1428.256;True,Sedans,TAILGATE,20,61099,1;;;
Trevor;07:04:44;15:14:31;-658.2822,-1439.456,-1439.456;True,Sedans,TAILGATE,22,14961,1;;;
Trevor;07:04:44;15:14:32;-659.0756,-1451.527,-1451.527;True,Sedans,TAILGATE,23,57698,1;;;
Trevor;07:04:45;15:14:32;-659.948,-1464.161,-1464.161;True,Sedans,TAILGATE,23,79329,0;What is it? Money? Or a fight? What? What did you come here looking for?;Michael;fam4_BHBH
Trevor;07:04:45;15:14:33;-660.833,-1476.514,-1476.514;True,Sedans,TAILGATE,24,58364,1;;;
Trevor;07:04:46;15:14:33;-661.8652,-1490.03,-1490.03;True,Sedans,TAILGATE,26,78231,1;;;
Trevor;07:04:46;15:14:34;-663.332,-1503.925,-1503.925;True,Sedans,TAILGATE,25,894,0;;;
Trevor;07:04:47;15:14:34;-666.6838,-1516.232,-1516.232;True,Sedans,TAILGATE,23,49096,0;;;
Trevor;07:04:47;15:14:35;-671.3818,-1526.74,-1526.74;True,Sedans,TAILGATE,21,35897,1;;;
Trevor;07:04:48;15:14:35;-675.5334,-1536.451,-1536.451;True,Sedans,TAILGATE,18,87875,0;;;
Trevor;07:04:48;15:14:36;-679.331,-1544.823,-1544.823;True,Sedans,TAILGATE,16,56567,0;;;
Trevor;07:04:49;15:14:36;-682.0361,-1552.505,-1552.505;True,Sedans,TAILGATE,15,35355,1;;;
Trevor;07:04:49;15:14:37;-685.2576,-1559.86,-1559.86;True,Sedans,TAILGATE,14,4419,0;;;
Trevor;07:04:50;15:14:37;-689.0322,-1565.578,-1565.578;True,Sedans,TAILGATE,12,15975,0;I came looking for you! And I found you!;trevor;fam4_BHAS
Trevor;07:04:51;15:14:38;-692.3123,-1569.809,-1569.809;True,Sedans,TAILGATE,7,317986,0;;;
Trevor;07:04:51;15:14:39;-694.3286,-1571.862,-1571.862;True,Sedans,TAILGATE,3,467023,0;;;
Trevor;07:04:52;15:14:39;-695.1204,-1572.829,-1572.829;True,Sedans,TAILGATE,1,41036,0;;;
Trevor;07:04:52;15:14:40;-695.2367,-1572.958,-1572.958;True,Sedans,TAILGATE,0,01188466,0;;;
Trevor;07:04:53;15:14:40;-695.2379,-1572.958,-1572.958;True,Sedans,TAILGATE,0,0;;;
Trevor;07:04:53;15:14:41;-695.2379,-1572.958,-1572.958;True,Sedans,TAILGATE,0,0;;;
Trevor;07:04:54;15:14:41;-695.2379,-1572.958,-1572.958;True,Sedans,TAILGATE,0,0;;;
Trevor;07:04:54;15:14:42;-695.2379,-1572.958,-1572.958;True,Sedans,TAILGATE,0,0;;;
Trevor;07:04:55;15:14:42;-695.2379,-1572.958,-1572.958;True,Sedans,TAILGATE,0,0;;;
Trevor;07:04:55;15:14:43;-695.2379,-1572.958,-1572.958;True,Sedans,TAILGATE,0,0;Yes, you did.;Michael;fam4_BHAT
Trevor;07:04:56;15:14:43;-695.2379,-1572.958,-1572.958;True,Sedans,TAILGATE,0,0;;;
Trevor;07:04:56;15:14:44;-695.2379,-1572.958,-1572.958;True,Sedans,TAILGATE,0,0;;;
Trevor;07:04:57;15:14:44;-695.2378,-1572.958,-1572.958;True,Sedans,TAILGATE,0,0165382,1;I know who you are, Michael Townley.;trevor;fam4_BHAU
Trevor;07:04:57;15:14:45;-695.3812,-1573.133,-1573.133;True,Sedans,TAILGATE,1,098879,1;;;
Trevor;07:04:58;15:14:45;-696.0504,-1573.951,-1573.951;True,Sedans,TAILGATE,3,136368,1;;;
Trevor;07:04:58;15:14:46;-697.6185,-1575.932,-1575.932;True,Sedans,TAILGATE,6,796525,1;;;
Trevor;07:04:59;15:14:46;-700.5471,-1579.722,-1579.722;True,Sedans,TAILGATE,11,1246,1;;;
Trevor;07:04:59;15:14:47;-703.7394,-1584.356,-1584.356;True,Sedans,TAILGATE,9,840487,0;;;
Trevor;07:05:00;15:14:47;-706.3956,-1588.673,-1588.673;True,Sedans,TAILGATE,9,210099,0;You're in a new place, with some new friends, and some fruity fucking habits,;trevor;fam4_BHBC
Trevor;07:05:00;15:14:48;-708.3344,-1592.297,-1592.297;True,Sedans,TAILGATE,6,872799,0;;;
Trevor;07:05:01;15:14:48;-708.9051,-1595.593,-1595.593;True,Sedans,TAILGATE,6,368763,0;;;
Trevor;07:05:02;15:14:49;-709.1266,-1598.635,-1598.635;True,Sedans,TAILGATE,5,148032,0;;;
Trevor;07:05:02;15:14:50;-709.4316,-1601.207,-1601.207;True,Sedans,TAILGATE,5,784909,1;;;
Trevor;07:05:03;15:14:50;-709.4987,-1604.935,-1604.935;True,Sedans,TAILGATE,8,528573,1;;;
Trevor;07:05:03;15:14:51;-708.9736,-1610.14,-1610.14;True,Sedans,TAILGATE,11,34805,1;;;
Trevor;07:05:04;15:14:51;-706.8067,-1615.623,-1615.623;True,Sedans,TAILGATE,10,50949,0;;;
Trevor;07:05:04;15:14:52;-703.4696,-1619.828,-1619.828;True,Sedans,TAILGATE,10,37724,1;but you're still my running buddy. You can't undo that.;trevor;fam4_BHBD
Trevor;07:05:05;15:14:52;-699.5703,-1624.226,-1624.226;True,Sedans,TAILGATE,11,2114,1;;;
Trevor;07:05:05;15:14:53;-695.3815,-1628.929,-1628.929;True,Sedans,TAILGATE,12,71947,1;;;
Trevor;07:05:06;15:14:53;-690.6616,-1634.245,-1634.245;True,Sedans,TAILGATE,14,35348,1;;;
Trevor;07:05:06;15:14:54;-685.7994,-1639.779,-1639.779;True,Sedans,TAILGATE,13,98995,0;;;
Trevor;07:05:07;15:14:54;-681.3439,-1644.946,-1644.946;True,Sedans,TAILGATE,12,27249,1;;;
Trevor;07:05:07;15:14:55;-677.1517,-1649.776,-1649.776;True,Sedans,TAILGATE,11,32677,0;Yeah, yeah, yeah. Sure. Okay. Whatever.;Michael;fam4_BHAV
Trevor;07:05:08;15:14:55;-673.1169,-1653.913,-1653.913;True,Sedans,TAILGATE,12,21755,1;;;
Trevor;07:05:08;15:14:56;-668.0826,-1659.566,-1659.566;True,Sedans,TAILGATE,16,11736,1;;;
Trevor;07:05:09;15:14:56;-662.9007,-1665.46,-1665.46;True,Sedans,TAILGATE,14,21733,0;;;
Trevor;07:05:09;15:14:57;-657.9149,-1670.276,-1670.276;True,Sedans,TAILGATE,12,43977,0;Great!;trevor;fam4_BHAW
Trevor;07:05:10;15:14:57;-653.3834,-1674.537,-1674.537;True,Sedans,TAILGATE,12,34395,1;;;
Trevor;07:05:10;15:14:58;-648.3278,-1679.344,-1679.344;True,Sedans,TAILGATE,13,40436,0;;;
Trevor;07:05:11;15:14:58;-643.5804,-1683.92,-1683.92;True,Sedans,TAILGATE,11,83971,0;At this rate, we'll miss my little girl's big moment.;Michael;fam4_CVAA
Trevor;07:05:11;15:14:59;-639.4775,-1687.917,-1687.917;True,Sedans,TAILGATE,10,30994,0;;;
Trevor;07:05:12;15:14:59;-634.9744,-1691.612,-1691.612;True,Sedans,TAILGATE,12,06348,1;;;
Trevor;07:05:12;15:15:00;-629.3187,-1695.108,-1695.108;True,Sedans,TAILGATE,13,76024,1;;;
Trevor;07:05:13;15:15:01;-622.5322,-1698.552,-1698.552;True,Sedans,TAILGATE,15,53878,1;;;
Trevor;07:05:14;15:15:01;-615.278,-1703.254,-1703.254;True,Sedans,TAILGATE,17,53719,1;;;
Trevor;07:05:14;15:15:02;-607.1589,-1708.651,-1708.651;True,Sedans,TAILGATE,19,43484,1;;;
Trevor;07:05:15;15:15:02;-598.9451,-1715.128,-1715.128;True,Sedans,TAILGATE,21,1005,1;;;
Trevor;07:05:15;15:15:03;-590.1599,-1722.803,-1722.803;True,Sedans,TAILGATE,22,72355,1;;;
Trevor;07:05:16;15:15:03;-580.5246,-1730.219,-1730.219;True,Sedans,TAILGATE,24,0401,1;;;
Trevor;07:05:16;15:15:04;-570.3109,-1737.493,-1737.493;True,Sedans,TAILGATE,23,77917,1;;;
Trevor;07:05:17;15:15:04;-560.5174,-1745.529,-1745.529;True,Sedans,TAILGATE,24,81961,1;;;
Trevor;07:05:17;15:15:05;-550.1725,-1753.541,-1753.541;True,Sedans,TAILGATE,25,75488,1;;;
Trevor;07:05:18;15:15:05;-539.6722,-1762.418,-1762.418;True,Sedans,TAILGATE,26,76868,0;;;
Trevor;07:05:18;15:15:06;-528.446,-1769.622,-1769.622;True,Sedans,TAILGATE,24,48808,0;;;
Trevor;07:05:19;15:15:06;-516.3512,-1774.555,-1774.555;True,Sedans,TAILGATE,24,84531,0;;;
Trevor;07:05:19;15:15:07;-504.3463,-1778.478,-1778.478;True,Sedans,TAILGATE,22,97423,0;;;
Trevor;07:05:20;15:15:07;-492.9333,-1780.682,-1780.682;True,Sedans,TAILGATE,21,49964,1;;;
Trevor;07:05:20;15:15:08;-481.792,-1782.228,-1782.228;True,Sedans,TAILGATE,21,64462,0;;;
Trevor;07:05:21;15:15:08;-470.9706,-1781.898,-1781.898;True,Sedans,TAILGATE,19,54811,0;;;
Trevor;07:05:21;15:15:09;-460.6586,-1780.177,-1780.177;True,Sedans,TAILGATE,20,56637,1;;;
Trevor;07:05:22;15:15:09;-450.031,-1777.808,-1777.808;True,Sedans,TAILGATE,20,19382,0;;;
Trevor;07:05:22;15:15:10;-440.5329,-1775.548,-1775.548;True,Sedans,TAILGATE,16,54332,0;;;
Trevor;07:05:23;15:15:10;-432.5322,-1773.685,-1773.685;True,Sedans,TAILGATE,14,84013,0;;;
Trevor;07:05:23;15:15:11;-424.9582,-1772.731,-1772.731;True,Sedans,TAILGATE,14,07677,0;;;
Trevor;07:05:24;15:15:12;-418.6675,-1774.981,-1774.981;True,Sedans,TAILGATE,12,005,1;;;
Trevor;07:05:25;15:15:12;-414.1806,-1779.336,-1779.336;True,Sedans,TAILGATE,12,01847,1;;;
Trevor;07:05:25;15:15:13;-412.6594,-1785.686,-1785.686;True,Sedans,TAILGATE,13,46001,1;;;
Trevor;07:05:26;15:15:13;-410.8872,-1792.16,-1792.16;True,Sedans,TAILGATE,12,02626,0;;;
Trevor;07:05:26;15:15:14;-408.6911,-1797.901,-1797.901;True,Sedans,TAILGATE,12,53394,1;;;
Trevor;07:05:27;15:15:14;-406.1041,-1804.528,-1804.528;True,Sedans,TAILGATE,14,56058,1;;;
Trevor;07:05:27;15:15:15;-402.8806,-1812.038,-1812.038;True,Sedans,TAILGATE,16,56667,1;;;
Trevor;07:05:28;15:15:15;-397.7217,-1820.251,-1820.251;True,Sedans,TAILGATE,20,28922,1;;;
Trevor;07:05:28;15:15:16;-389.9986,-1827.34,-1827.34;True,Sedans,TAILGATE,19,29524,0;;;
Trevor;07:05:29;15:15:16;-380.9156,-1831.397,-1831.397;True,Sedans,TAILGATE,18,45712,0;;;
Trevor;07:05:29;15:15:17;-371.372,-1832.126,-1832.126;True,Sedans,TAILGATE,17,89483,1;;;
Trevor;07:05:30;15:15:17;-361.5851,-1831.71,-1831.71;True,Sedans,TAILGATE,19,25184,1;;;
Trevor;07:05:30;15:15:18;-351.1033,-1832.217,-1832.217;True,Sedans,TAILGATE,20,63334,1;;;
Trevor;07:05:31;15:15:18;-340.1053,-1833.565,-1833.565;True,Sedans,TAILGATE,21,7655,1;;;
Trevor;07:05:31;15:15:19;-328.6366,-1836.38,-1836.38;True,Sedans,TAILGATE,22,91028,1;;;
Trevor;07:05:32;15:15:19;-317.1233,-1839.032,-1839.032;True,Sedans,TAILGATE,21,73568,0;;;
Trevor;07:05:32;15:15:20;-306.1961,-1841.36,-1841.36;True,Sedans,TAILGATE,21,83664,1;;;
Trevor;07:05:33;15:15:20;-294.6508,-1842.964,-1842.964;True,Sedans,TAILGATE,22,4327,0;;;
Trevor;07:05:33;15:15:21;-283.732,-1842.168,-1842.168;True,Sedans,TAILGATE,19,96984,0;;;
Trevor;07:05:34;15:15:21;-273.932,-1840.538,-1840.538;True,Sedans,TAILGATE,17,78849,0;;;
Trevor;07:05:34;15:15:22;-265.3233,-1839.131,-1839.131;True,Sedans,TAILGATE,15,684,0;;;
Trevor;07:05:35;15:15:23;-257.8092,-1838.602,-1838.602;True,Sedans,TAILGATE,13,17943,0;;;
Trevor;07:05:36;15:15:23;-251.8859,-1840.336,-1840.336;True,Sedans,TAILGATE,10,86991,1;;;
Trevor;07:05:36;15:15:24;-247.3555,-1844.9,-1844.9;True,Sedans,TAILGATE,13,56657,1;;;
Trevor;07:05:37;15:15:24;-243.4267,-1851.377,-1851.377;True,Sedans,TAILGATE,15,3762,1;;;
Trevor;07:05:37;15:15:25;-237.7573,-1857.85,-1857.85;True,Sedans,TAILGATE,17,25323,1;;;
Trevor;07:05:38;15:15:25;-230.466,-1864.046,-1864.046;True,Sedans,TAILGATE,19,58706,1;;;
Trevor;07:05:38;15:15:26;-221.2321,-1870.587,-1870.587;True,Sedans,TAILGATE,22,4676,1;;;
Trevor;07:05:39;15:15:26;-211.2369,-1877.943,-1877.943;True,Sedans,TAILGATE,23,72721,1;;;
Trevor;07:05:39;15:15:27;-201.4422,-1885.605,-1885.605;True,Sedans,TAILGATE,22,89067,0;;;
Trevor;07:05:40;15:15:27;-193.7372,-1894.053,-1894.053;True,Sedans,TAILGATE,21,15235,0;;;
Trevor;07:05:40;15:15:28;-187.4154,-1902.904,-1902.904;True,Sedans,TAILGATE,20,9735,1;;;
Trevor;07:05:41;15:15:28;-180.8653,-1912.402,-1912.402;True,Sedans,TAILGATE,22,50612,0;;;
Trevor;07:05:41;15:15:29;-173.9839,-1921.597,-1921.597;True,Sedans,TAILGATE,21,3891,0;;;
Trevor;07:05:42;15:15:29;-168.7281,-1930.974,-1930.974;True,Sedans,TAILGATE,19,55685,0;;;
Trevor;07:05:42;15:15:30;-164.664,-1940.428,-1940.428;True,Sedans,TAILGATE,20,41827,1;;;
Trevor;07:05:43;15:15:30;-161.095,-1951.027,-1951.027;True,Sedans,TAILGATE,22,6064,1;;;
Trevor;07:05:43;15:15:31;-158.0077,-1962.408,-1962.408;True,Sedans,TAILGATE,22,18637,0;;;
Trevor;07:05:44;15:15:31;-155.8188,-1973.283,-1973.283;True,Sedans,TAILGATE,20,32069,0;;;
Trevor;07:05:44;15:15:32;-154.8219,-1983.249,-1983.249;True,Sedans,TAILGATE,18,3046,0;;;
Trevor;07:05:45;15:15:32;-154.977,-1990.48,-1990.48;True,Sedans,TAILGATE,12,06424,0;;;
Trevor;07:05:45;15:15:33;-155.2673,-1995.472,-1995.472;True,Sedans,TAILGATE,6,724753,0;;;
Trevor;07:05:46;15:15:34;-155.7803,-1998.463,-1998.463;True,Sedans,TAILGATE,5,212179,0;;;
Trevor;07:05:47;15:15:34;-156.4377,-2000.785,-2000.785;True,Sedans,TAILGATE,4,392411,1;;;
Trevor;07:05:47;15:15:35;-158.1257,-2003.175,-2003.175;True,Sedans,TAILGATE,6,813293,1;;;
Trevor;07:05:48;15:15:35;-160.7988,-2004.811,-2004.811;True,Sedans,TAILGATE,7,003986,1;;;
Trevor;07:05:48;15:15:36;-164.695,-2005.179,-2005.179;True,Sedans,TAILGATE,8,218393,1;;;
Trevor;07:05:49;15:15:36;-169.3668,-2004.763,-2004.763;True,Sedans,TAILGATE,10,35982,1;;;
Trevor;07:05:49;15:15:37;-174.9433,-2003.454,-2003.454;True,Sedans,TAILGATE,11,53502,0;;;
Trevor;07:05:50;15:15:37;-180.5394,-2002.947,-2002.947;True,Sedans,TAILGATE,10,6581,0;;;
Trevor;07:05:50;15:15:38;-185.5616,-2003.419,-2003.419;True,Sedans,TAILGATE,9,981462,1;;;
Trevor;07:05:51;15:15:38;-190.9777,-2004.37,-2004.37;True,Sedans,TAILGATE,9,741607,0;This has gotta be it. The Maze Bank. Let's go in.;trevor;fam4_CWAA
Trevor;07:05:51;15:15:39;-195.0579,-2007.838,-2007.838;True,Sedans,TAILGATE,11,6004,0;;;
Trevor;07:05:52;15:15:39;-199.2731,-2012.004,-2012.004;True,Sedans,TAILGATE,11,92824,1;;;
Trevor;07:05:52;15:15:40;-203.5043,-2017.355,-2017.355;True,Sedans,TAILGATE,13,85628,1;;;
Trevor;07:05:53;15:15:40;-206.8394,-2023.534,-2023.534;True,Sedans,TAILGATE,12,79996,1;;;
Trevor;07:05:53;15:15:41;-209.0315,-2030.361,-2030.361;True,Sedans,TAILGATE,13,63758,0;;;
Trevor;07:05:54;15:15:41;-212.3089,-2035.544,-2035.544;True,Sedans,TAILGATE,10,15403,0;;;
Trevor;07:05:54;15:15:42;-216.4684,-2036.105,-2036.105;True,Sedans,TAILGATE,7,017819,0;;;
Trevor;07:05:55;15:15:42;-219.2349,-2034.661,-2034.661;True,Sedans,TAILGATE,4,78552,0;;;
Trevor;07:05:55;15:15:43;-219.3728,-2034.555,-2034.555;True,Sedans,TAILGATE,0,04679995,0;;;
Trevor;07:05:56;15:15:43;-219.3679,-2034.556,-2034.556;True,Sedans,TAILGATE,0,0;;;
Trevor;07:05:57;15:15:44;-219.3682,-2034.552,-2034.552;True,Sedans,TAILGATE,0,05569199,0;;;
Trevor;07:05:57;15:15:45;-219.3674,-2034.556,-2034.556;True,Sedans,TAILGATE,0,02783865,0;C'mon. C'mon. C'mon.;trevor;fam4_CBAA
Trevor;07:05:58;15:15:45;-219.5651,-2036.015,-2036.015;;;;
Trevor;07:05:58;15:15:46;-219.6202,-2036.075,-2036.075;;;;
Trevor;07:05:59;15:15:46;-220.1047,-2036.482,-2036.482;;;;
Trevor;07:06:02;15:15:50;-220.6548,-2036.917,-2036.917;;;;
Trevor;07:06:03;15:15:50;-221.0745,-2037.189,-2037.189;;These spaces are reserved for production vehicles.;groupie1;fam4_CGAA
Trevor;07:06:03;15:15:51;-221.7425,-2037.197,-2037.197;;;;
Trevor;07:06:04;15:15:51;-223.431,-2037.12,-2037.12;;;;
Trevor;07:06:04;15:15:52;-226.6588,-2037.382,-2037.382;;;;
Trevor;07:06:05;15:15:52;-230.1088,-2037.55,-2037.55;;;;
Trevor;07:06:05;15:15:53;-233.3667,-2037.168,-2037.168;;inside.;Cutscene;Cutscene
Trevor;07:06:06;15:15:53;-236.7572,-2036.265,-2036.265;;;;
Trevor;07:06:06;15:15:54;-239.8966,-2035.297,-2035.297;;;;
Trevor;07:06:07;15:15:54;-241.3475,-2034.707,-2034.707;;;;
Trevor;07:06:07;15:15:55;-242.6443,-2034.131,-2034.131;;;;
Trevor;07:06:08;15:15:55;-244.2242,-2033.47,-2033.47;;;;
Trevor;07:06:08;15:15:56;-246.8263,-2032.126,-2032.126;;;;
Trevor;07:06:09;15:15:56;-249.653,-2030.397,-2030.397;;;;
Trevor;07:06:09;15:15:57;-254.4133,-2028.214,-2028.214;;;;
Trevor;07:06:10;15:15:57;-254.903,-2027.594,-2027.594;;Come on, you dipshit.;Cutscene;Cutscene
Trevor;07:06:10;15:15:58;-255.5458,-2027.019,-2027.019;;;;
Trevor;07:06:11;15:15:58;-256.0916,-2026.417,-2026.417;;;;
Trevor;07:06:12;15:15:59;-256.7076,-2025.891,-2025.891;;;;
Trevor;07:06:12;15:16:00;-257.0685,-2025.304,-2025.304;;Ah, that host, man, he's like any closeted TV presenter,;Cutscene;Cutscene
Trevor;07:06:13;15:16:00;-257.2818,-2024.836,-2024.836;;;;
Trevor;07:06:13;15:16:01;-257.3264,-2024.439,-2024.439;;;;
Trevor;07:06:14;15:16:01;-257.3764,-2024.255,-2024.255;;;;
Trevor;07:06:14;15:16:02;-257.5783,-2024.258,-2024.258;;;;
Trevor;07:06:15;15:16:02;-257.6476,-2024.285,-2024.285;;;;
Trevor;07:06:15;15:16:03;-257.5627,-2024.23,-2024.23;;bitter as fucking vinegar.;Cutscene;Cutscene
Trevor;07:06:16;15:16:03;-257.4436,-2024.208,-2024.208;;;;
Trevor;07:06:16;15:16:04;-257.4226,-2024.222,-2024.222;;;;
Trevor;07:06:17;15:16:04;-257.4503,-2024.248,-2024.248;;;;
Trevor;07:06:17;15:16:05;-257.637,-2024.252,-2024.252;;Where the fuck are they?;Cutscene;Cutscene
Trevor;07:06:18;15:16:05;-257.7236,-2024.172,-2024.172;;;;
Trevor;07:06:18;15:16:06;-257.7461,-2023.98,-2023.98;;Hello, sir, may I please have your names?;Cutscene;Cutscene
Trevor;07:06:19;15:16:06;-257.8802,-2023.938,-2023.938;;;;
Trevor;07:06:19;15:16:07;-257.9865,-2023.946,-2023.946;;;;
Trevor;07:06:20;15:16:07;-257.8176,-2023.689,-2023.689;;Where the fuck is Tracey Townley? Huh?;Cutscene;Cutscene
Trevor;07:06:20;15:16:08;-257.3347,-2023.027,-2023.027;;;;
Trevor;07:06:21;15:16:08;-256.9512,-2022.517,-2022.517;;;;
Trevor;07:06:21;15:16:09;-256.37,-2022.056,-2022.056;;;;
Trevor;07:06:22;15:16:09;-255.7564,-2021.457,-2021.457;;;;
Trevor;07:06:23;15:16:10;-255.0382,-2020.976,-2020.976;;Tracey fucking De Santa. Fuck, screw this.;Cutscene;Cutscene
Trevor;07:06:23;15:16:11;-254.3637,-2020.249,-2020.249;;;;
Trevor;07:06:24;15:16:11;-253.6442,-2019.617,-2019.617;;;;
Trevor;07:06:24;15:16:12;-253.0841,-2019.09,-2019.09;;;;
Trevor;07:06:25;15:16:12;-252.839,-2018.78,-2018.78;;;;
Trevor;07:06:25;15:16:13;-252.6121,-2018.788,-2018.788;;;;
Trevor;07:06:26;15:16:13;-252.6553,-2018.608,-2018.608;;Where the fuck's Lazlow?;Cutscene;Cutscene
Trevor;07:06:26;15:16:14;-252.6838,-2018.628,-2018.628;;;;
Trevor;07:06:27;15:16:14;-252.6477,-2018.718,-2018.718;;;;
Trevor;07:06:27;15:16:15;-252.5692,-2018.739,-2018.739;;;;
Trevor;07:06:28;15:16:15;-252.5182,-2018.423,-2018.423;;;;
Trevor;07:06:28;15:16:16;-252.2896,-2017.638,-2017.638;;;;
Trevor;07:06:29;15:16:16;-252.0763,-2016.59,-2016.59;;;;
Trevor;07:06:29;15:16:17;-252.0057,-2015.458,-2015.458;;;;
Trevor;07:06:30;15:16:17;-252.1134,-2014.411,-2014.411;;;;
Trevor;07:06:30;15:16:18;-245.0995,-1998.835,-1998.835;;;;
Trevor;07:06:31;15:16:18;-245.1037,-1998.843,-1998.843;;;;
Trevor;07:06:31;15:16:19;-245.1026,-1998.848,-1998.848;;Please be quiet. Shhh...;Cutscene;Cutscene
Trevor;07:06:32;15:16:19;-245.0984,-1998.845,-1998.845;;;;
Trevor;07:06:32;15:16:20;-245.096,-1998.837,-1998.837;;;;
Trevor;07:06:33;15:16:20;-245.0986,-1998.838,-1998.838;;;;
Trevor;07:06:33;15:16:21;-243.736,-2002.239,-2002.239;;They're auditioning in there.;Cutscene;Cutscene
Trevor;07:06:34;15:16:21;-243.6584,-2003.048,-2003.048;;;;
Trevor;07:06:35;15:16:22;-243.7598,-2004.163,-2004.163;;;;
Trevor;07:06:35;15:16:23;-243.6253,-2005.267,-2005.267;;;;
Trevor;07:06:36;15:16:23;-243.3206,-2006.154,-2006.154;;;;
Trevor;07:06:36;15:16:24;-242.742,-2006.779,-2006.779;;;;
Trevor;07:06:37;15:16:24;-242.1469,-2007.03,-2007.03;;;;
Trevor;07:06:37;15:16:25;-241.9395,-2007.089,-2007.089;;;;
Trevor;07:06:38;15:16:25;-241.8272,-2007.089,-2007.089;;;;
Trevor;07:06:38;15:16:26;-241.5035,-2006.998,-2006.998;;;;
Trevor;07:06:39;15:16:26;-241.2542,-2006.856,-2006.856;;Alright.;Cutscene;Cutscene
Trevor;07:06:39;15:16:27;-241.0975,-2006.496,-2006.496;;;;
Trevor;07:06:40;15:16:27;-240.9861,-2006.189,-2006.189;;;;
Trevor;07:06:40;15:16:28;-240.8265,-2005.799,-2005.799;;;;
Trevor;07:06:41;15:16:28;-240.8246,-2005.369,-2005.369;;Yeah.;Cutscene;Cutscene
Trevor;07:06:41;15:16:29;-240.8195,-2005.037,-2005.037;;;;
Trevor;07:06:42;15:16:29;-240.6599,-2004.656,-2004.656;;;;
Trevor;07:06:42;15:16:30;-240.5474,-2004.121,-2004.121;;;;
Trevor;07:06:43;15:16:30;-240.4732,-2003.582,-2003.582;;;;
Trevor;07:06:43;15:16:31;-240.611,-2003.1,-2003.1;;;;
Trevor;07:06:44;15:16:31;-240.6102,-2003.044,-2003.044;;Alright, it's the auditions,;Cutscene;Cutscene
Trevor;07:06:44;15:16:32;-240.5656,-2003.121,-2003.121;;;;
Trevor;07:06:45;15:16:32;-240.5939,-2003.053,-2003.053;;;;
Trevor;07:06:45;15:16:33;-240.6464,-2002.821,-2002.821;;;;
Trevor;07:06:46;15:16:33;-240.6073,-2002.609,-2002.609;;Fame or Shame,;Cutscene;Cutscene
Trevor;07:06:47;15:16:34;-240.5035,-2002.38,-2002.38;;season fourteen,;Cutscene;Cutscene
Trevor;07:06:47;15:16:35;-240.5195,-2002.19,-2002.19;;;;
Trevor;07:06:48;15:16:35;-240.6089,-2002.001,-2002.001;;;;
Trevor;07:06:48;15:16:36;-240.5794,-2001.951,-2001.951;;right here in Vinewood, San Andreas.;Cutscene;Cutscene
Trevor;07:06:49;15:16:36;-240.455,-2001.905,-2001.905;;;;
Trevor;07:06:49;15:16:37;-240.3975,-2001.841,-2001.841;;;;
Trevor;07:06:50;15:16:37;-240.3917,-2001.698,-2001.698;;;;
Trevor;07:06:50;15:16:38;-240.3956,-2001.687,-2001.687;;Coming up next,;Cutscene;Cutscene
Trevor;07:06:51;15:16:38;-240.394,-2001.695,-2001.695;;;;
Trevor;07:06:51;15:16:39;-240.3876,-2001.693,-2001.693;;it's Tracey De Santa.;Cutscene;Cutscene
Trevor;07:06:52;15:16:39;-240.3808,-2001.694,-2001.694;;;;
Trevor;07:06:52;15:16:40;-240.378,-2001.697,-2001.697;;;;
Trevor;07:06:53;15:16:40;-240.3826,-2001.703,-2001.703;;;;
Trevor;07:06:53;15:16:41;-240.3919,-2001.714,-2001.714;;Judges, Tracey De Santa.;Cutscene;Cutscene
Trevor;07:06:54;15:16:41;-240.396,-2001.725,-2001.725;;;;
Trevor;07:06:54;15:16:42;-240.3894,-2001.741,-2001.741;;;;
Trevor;07:06:55;15:16:42;-240.3968,-2001.75,-2001.75;;;;
Trevor;07:06:55;15:16:43;-240.3797,-2001.698,-2001.698;;Yes.;Cutscene;Cutscene
Trevor;07:06:56;15:16:43;-240.3765,-2001.682,-2001.682;;;;
Trevor;07:06:56;15:16:44;-240.3864,-2001.708,-2001.708;;;;
Trevor;07:06:57;15:16:44;-240.3913,-2001.724,-2001.724;;;;
Trevor;07:06:57;15:16:45;-240.4023,-2001.73,-2001.73;;Hi.;Cutscene;Cutscene
Trevor;07:06:58;15:16:45;-240.4076,-2001.672,-2001.672;;Alright,;Cutscene;Cutscene
Trevor;07:06:58;15:16:46;-240.3325,-2001.511,-2001.511;;;;
Trevor;07:06:59;15:16:46;-240.0534,-2001.509,-2001.509;;Tracey's a "dancer,";Cutscene;Cutscene
Trevor;07:07:00;15:16:47;-239.8485,-2001.513,-2001.513;;;;
Trevor;07:07:00;15:16:48;-239.7236,-2001.37,-2001.37;;;;
Trevor;07:07:01;15:16:48;-239.6117,-2001.318,-2001.318;;but she also likes acting,;Cutscene;Cutscene
Trevor;07:07:01;15:16:49;-239.5511,-2001.361,-2001.361;;;;
Trevor;07:07:02;15:16:49;-239.5447,-2001.364,-2001.364;;;;
Trevor;07:07:02;15:16:50;-240.4022,-2001.853,-2001.853;;modeling,;Cutscene;Cutscene
Trevor;07:07:03;15:16:50;-240.3937,-2001.707,-2001.707;;and working with children.;Cutscene;Cutscene
Trevor;07:07:03;15:16:51;-240.3976,-2001.69,-2001.69;;;;
Trevor;07:07:04;15:16:51;-240.3972,-2001.699,-2001.699;;That's...;Cutscene;Cutscene
Trevor;07:07:04;15:16:52;-240.3905,-2001.697,-2001.697;;that's beautiful.;Cutscene;Cutscene
Trevor;07:07:05;15:16:52;-240.3837,-2001.699,-2001.699;;;;
Trevor;07:07:05;15:16:53;-239.49,-2001.466,-2001.466;;;;
Trevor;07:07:06;15:16:53;-239.49,-2001.466,-2001.466;;You're so original,;Cutscene;Cutscene
Trevor;07:07:06;15:16:54;-239.49,-2001.466,-2001.466;;like a basket full of puppies,;Cutscene;Cutscene
Trevor;07:07:07;15:16:54;-239.49,-2001.466,-2001.466;;;;
Trevor;07:07:07;15:16:55;-239.49,-2001.466,-2001.466;;;;
Trevor;07:07:08;15:16:55;-239.49,-2001.466,-2001.466;;or a rainbow, or a...;Cutscene;Cutscene
Trevor;07:07:08;15:16:56;-239.49,-2001.466,-2001.466;;;;
Trevor;07:07:09;15:16:56;-239.49,-2001.466,-2001.466;;;;
Trevor;07:07:09;15:16:57;-239.49,-2001.466,-2001.466;;pile of puke.;Cutscene;Cutscene
Trevor;07:07:10;15:16:57;-239.49,-2001.466,-2001.466;;;;
Trevor;07:07:10;15:16:58;-239.49,-2001.466,-2001.466;;Who are these clowns?;Cutscene;Cutscene
Trevor;07:07:11;15:16:58;-239.49,-2001.466,-2001.466;;;;
Trevor;07:07:12;15:16:59;-239.49,-2001.466,-2001.466;;;;
Trevor;07:07:12;15:17:00;-240.107,-2001.024,-2001.024;;That's my...;Cutscene;Cutscene
Trevor;07:07:13;15:17:00;-240.1165,-2001,-2001;;;;
Trevor;07:07:13;15:17:01;-240.1027,-2001.064,-2001.064;;Dad, and...;Cutscene;Cutscene
Trevor;07:07:14;15:17:01;-240.0655,-2001.111,-2001.111;;;;
Trevor;07:07:14;15:17:02;-240.0364,-2001.119,-2001.119;;;;
Trevor;07:07:15;15:17:02;-240.0439,-2001.112,-2001.112;;Trevor?;Cutscene;Cutscene
Trevor;07:07:15;15:17:03;-240.0639,-2001.105,-2001.105;;;;
Trevor;07:07:16;15:17:03;-240.0813,-2001.1,-2001.1;;;;
Trevor;07:07:16;15:17:04;-240.0859,-2001.1,-2001.1;;Two dads,;Cutscene;Cutscene
Trevor;07:07:17;15:17:04;-240.0801,-2001.104,-2001.104;;;;
Trevor;07:07:17;15:17:05;-240.0737,-2001.108,-2001.108;;;;
Trevor;07:07:18;15:17:05;-240.0735,-2001.109,-2001.109;;;;
Trevor;07:07:18;15:17:06;-240.0713,-2001.102,-2001.102;;very San Andreas.;Cutscene;Cutscene
Trevor;07:07:19;15:17:06;-240.0642,-2001.083,-2001.083;;;;
Trevor;07:07:19;15:17:07;-240.0456,-2001.05,-2001.05;;What are you guys doing here?;Cutscene;Cutscene
Trevor;07:07:20;15:17:07;-240.0514,-2001.002,-2001.002;;;;
Trevor;07:07:20;15:17:08;-240.0506,-2001.087,-2001.087;;;;
Trevor;07:07:21;15:17:08;-240.0253,-2001.054,-2001.054;;;;
Trevor;07:07:21;15:17:09;-240.014,-2001.037,-2001.037;;Yeah, what are you doing here?;Cutscene;Cutscene
Trevor;07:07:22;15:17:09;-240.0102,-2000.967,-2000.967;;;;
Trevor;07:07:23;15:17:10;-239.9853,-2000.939,-2000.939;;;;
Trevor;07:07:23;15:17:11;-239.743,-2001.025,-2001.025;;Okay, I'm back.;Cutscene;Cutscene
Trevor;07:07:24;15:17:11;-239.4892,-2001.066,-2001.066;;;;
Trevor;07:07:24;15:17:12;-239.2119,-2000.99,-2000.99;;;;
Trevor;07:07:25;15:17:12;-239.0956,-2000.947,-2000.947;;Relax, chill, make yourself at home.;Cutscene;Cutscene
Trevor;07:07:25;15:17:13;-239.0188,-2001.016,-2001.016;;;;
Trevor;07:07:26;15:17:13;-238.9523,-2001.136,-2001.136;;;;
Trevor;07:07:26;15:17:14;-238.9123,-2001.146,-2001.146;;;;
Trevor;07:07:27;15:17:14;-238.8714,-2001.091,-2001.091;;We just got a little show to do here.;Cutscene;Cutscene
Trevor;07:07:27;15:17:15;-238.8527,-2001.044,-2001.044;;;;
Trevor;07:07:28;15:17:15;-238.8611,-2000.968,-2000.968;;Okay.;Cutscene;Cutscene
Trevor;07:07:28;15:17:16;-240.2117,-2000.763,-2000.763;;;;
Trevor;07:07:29;15:17:16;-240.2799,-2000.707,-2000.707;;Three...;Cutscene;Cutscene
Trevor;07:07:29;15:17:17;-240.2505,-2000.523,-2000.523;;Two...;Cutscene;Cutscene
Trevor;07:07:30;15:17:17;-240.2376,-2000.482,-2000.482;;;;
Trevor;07:07:30;15:17:18;-240.1789,-2000.587,-2000.587;;One...;Cutscene;Cutscene
Trevor;07:07:31;15:17:18;-239.661,-2001.279,-2001.279;;;;
Trevor;07:07:31;15:17:19;-239.681,-2001.28,-2001.28;;Alright, it's Fame or Shame for Tracey De Santa.;Cutscene;Cutscene
Trevor;07:07:32;15:17:19;-239.7006,-2001.274,-2001.274;;;;
Trevor;07:07:32;15:17:20;-239.6931,-2001.265,-2001.265;;;;
Trevor;07:07:33;15:17:20;-239.6819,-2001.253,-2001.253;;;;
Trevor;07:07:33;15:17:21;-239.6777,-2001.25,-2001.25;;;;
Trevor;07:07:34;15:17:21;-239.6706,-2001.255,-2001.255;;;;
Trevor;07:07:34;15:17:22;-239.6602,-2001.25,-2001.25;;;;
Trevor;07:07:35;15:17:22;-239.6604,-2001.245,-2001.245;;;;
Trevor;07:07:36;15:17:23;-239.6638,-2001.249,-2001.249;;;;
Trevor;07:07:36;15:17:24;-239.6701,-2001.249,-2001.249;;Music!;Cutscene;Cutscene
Trevor;07:07:37;15:17:24;-239.677,-2001.249,-2001.249;;;;
Trevor;07:07:37;15:17:25;-239.679,-2001.249,-2001.249;;;;
Trevor;07:07:38;15:17:25;-239.6864,-2001.237,-2001.237;;;;
Trevor;07:07:38;15:17:26;-239.6988,-2001.201,-2001.201;;;;
Trevor;07:07:39;15:17:26;-239.71,-2001.156,-2001.156;;;;
Trevor;07:07:39;15:17:27;-239.7304,-2001.099,-2001.099;;;;
Trevor;07:07:40;15:17:27;-239.7609,-2001.189,-2001.189;;;;
Trevor;07:07:40;15:17:28;-239.8238,-2001.285,-2001.285;;;;
Trevor;07:07:41;15:17:28;-239.8391,-2001.309,-2001.309;;;;
Trevor;07:07:41;15:17:29;-239.8415,-2001.313,-2001.313;;;;
Trevor;07:07:42;15:17:29;-239.7557,-2001.254,-2001.254;;;;
Trevor;07:07:42;15:17:30;-239.6746,-2001.166,-2001.166;;;;
Trevor;07:07:43;15:17:30;-239.6427,-2001.232,-2001.232;;;;
Trevor;07:07:43;15:17:31;-239.6856,-2001.354,-2001.354;;;;
Trevor;07:07:44;15:17:31;-239.674,-2001.352,-2001.352;;;;
Trevor;07:07:44;15:17:32;-239.6261,-2001.29,-2001.29;;;;
Trevor;07:07:45;15:17:32;-239.6156,-2001.276,-2001.276;;;;
Trevor;07:07:45;15:17:33;-239.6264,-2001.286,-2001.286;;;;
Trevor;07:07:46;15:17:33;-239.6364,-2001.28,-2001.28;;;;
Trevor;07:07:46;15:17:34;-239.6349,-2001.224,-2001.224;;;;
Trevor;07:07:47;15:17:34;-239.6536,-2001.155,-2001.155;;;;
Trevor;07:07:48;15:17:35;-239.6504,-2001.271,-2001.271;;;;
Trevor;07:07:48;15:17:36;-239.6598,-2001.341,-2001.341;;;;
Trevor;07:07:49;15:17:36;-239.6583,-2001.332,-2001.332;;;;
Trevor;07:07:49;15:17:37;-239.657,-2001.314,-2001.314;;;;
Trevor;07:07:50;15:17:37;-239.6569,-2001.312,-2001.312;;Yeah...;Cutscene;Cutscene
Trevor;07:07:50;15:17:38;-239.6522,-2001.312,-2001.312;;;;
Trevor;07:07:51;15:17:38;-239.6511,-2001.311,-2001.311;;;;
Trevor;07:07:51;15:17:39;-239.6485,-2001.306,-2001.306;;;;
Trevor;07:07:52;15:17:39;-239.6428,-2001.273,-2001.273;;;;
Trevor;07:07:52;15:17:40;-239.6311,-2001.217,-2001.217;;shake what your daddies gave ya, honey.;Cutscene;Cutscene
Trevor;07:07:53;15:17:40;-239.6703,-2001.177,-2001.177;;;;
Trevor;07:07:53;15:17:41;-239.7651,-2001.323,-2001.323;;;;
Trevor;07:07:54;15:17:41;-239.8609,-2001.404,-2001.404;;;;
Trevor;07:07:54;15:17:42;-239.8772,-2001.261,-2001.261;;;;
Trevor;07:07:55;15:17:42;-239.8985,-2001.189,-2001.189;;;;
Trevor;07:07:55;15:17:43;-239.908,-2001.36,-2001.36;;;;
Trevor;07:07:56;15:17:43;-239.9448,-2001.39,-2001.39;;Look at that, I should stuff a twenty in this.;Cutscene;Cutscene
Trevor;07:07:56;15:17:44;-240.0301,-2001.237,-2001.237;;;;
Trevor;07:07:57;15:17:44;-239.8711,-2001.215,-2001.215;;;;
Trevor;07:07:57;15:17:45;-239.7611,-2001.156,-2001.156;;;;
Trevor;07:07:58;15:17:45;-239.8844,-2001.1,-2001.1;;;;
Trevor;07:07:58;15:17:46;-239.9871,-2001.342,-2001.342;;You gonna fucking do something about this?;Cutscene;Cutscene
Trevor;07:07:59;15:17:46;-240.0515,-2001.295,-2001.295;;;;
Trevor;07:08:00;15:17:47;-240.093,-2001.382,-2001.382;;;;
Trevor;07:08:00;15:17:48;-240.085,-2001.261,-2001.261;;;;
Trevor;07:08:01;15:17:48;-240.0882,-2001.285,-2001.285;;;;
Trevor;07:08:01;15:17:49;-240.0389,-2001.183,-2001.183;;Alright, that's enough.;Cutscene;Cutscene
Trevor;07:08:02;15:17:49;-239.9895,-2001.046,-2001.046;;;;
Trevor;07:08:02;15:17:50;-238.4742,-1999.937,-1999.937;;;;
Trevor;07:08:03;15:17:50;-238.0554,-1999.643,-1999.643;;Ho, ho, I said that's enough!;Cutscene;Cutscene
Trevor;07:08:03;15:17:51;-237.5003,-1999.545,-1999.545;;;;
Trevor;07:08:04;15:17:51;-237.16,-1999.382,-1999.382;;;;
Trevor;07:08:04;15:17:52;-236.9488,-1999.506,-1999.506;;Argh! No!;Cutscene;Cutscene
Trevor;07:08:05;15:17:52;-236.9044,-1999.709,-1999.709;;;;
Trevor;07:08:05;15:17:53;-236.8403,-1999.767,-1999.767;;;;
Trevor;07:08:06;15:17:53;-236.4532,-1999.839,-1999.839;;;;
Trevor;07:08:06;15:17:54;-235.9917,-1999.706,-1999.706;;I got security.;Cutscene;Cutscene
Trevor;07:08:07;15:17:54;-235.6135,-1999.837,-1999.837;;;;
Trevor;07:08:07;15:17:55;-235.3718,-1999.75,-1999.75;;Security!;Cutscene;Cutscene
Trevor;07:08:08;15:17:55;-235.8904,-1999.867,-1999.867;;;;
Trevor;07:08:08;15:17:56;-235.8568,-1999.87,-1999.87;;What you fucking say?;Cutscene;Cutscene
Trevor;07:08:09;15:17:56;-235.5664,-2000.113,-2000.113;;;;
Trevor;07:08:09;15:17:57;-235.278,-2000.248,-2000.248;;Hold it there, big guy.;Cutscene;Cutscene
Trevor;07:08:10;15:17:57;-235.4912,-2000.424,-2000.424;;Hold it there.;Cutscene;Cutscene
Trevor;07:08:10;15:17:58;-235.6917,-2000.584,-2000.584;;;;
Trevor;07:08:11;15:17:58;-235.7975,-2001.151,-2001.151;;Nooo!;Cutscene;Cutscene
Trevor;07:08:12;15:17:59;-235.8305,-2001.814,-2001.814;;;;
Trevor;07:08:12;15:18:00;-235.9253,-2001.881,-2001.881;;;;
Trevor;07:08:13;15:18:00;-236.0256,-2001.529,-2001.529;;;;
Trevor;07:08:13;15:18:01;-236.1008,-2001.428,-2001.428;;;;
Trevor;07:08:14;15:18:01;-236.0267,-2001.224,-2001.224;;;;
Trevor;07:08:14;15:18:02;-236.599,-2001.224,-2001.224;;Come here, you little shit.;Cutscene;Cutscene
Trevor;07:08:15;15:18:02;-237.5428,-2001.462,-2001.462;;;;
Trevor;07:08:15;15:18:03;-238.9013,-2002.194,-2002.194;;;;
Trevor;07:08:16;15:18:03;-240.2011,-2003.331,-2003.331;;Nooo!;Cutscene;Cutscene
Trevor;07:08:16;15:18:04;-241.0849,-2004.552,-2004.552;;;;
Trevor;07:08:17;15:18:04;-241.6187,-2005.349,-2005.349;;;;
Trevor;07:08:17;15:18:05;-240.7296,-2006.178,-2006.178;;Tracey, go home!;Michael;fam4_CCAA
Trevor;07:08:18;15:18:05;-242.5246,-2006.423,-2006.423;;;;
Trevor;07:08:18;15:18:06;-243.6366,-2006.13,-2006.13;;;;
Trevor;07:08:19;15:18:06;-244.5133,-2006.249,-2006.249;;;;
Trevor;07:08:19;15:18:07;-244.4799,-2007.184,-2007.184;;Where you running off to?;Michael;fam4_DAAA
Trevor;07:08:20;15:18:07;-242.6315,-2007.191,-2007.191;;;;
Trevor;07:08:20;15:18:08;-241.6203,-2007.788,-2007.788;;;;
Trevor;07:08:21;15:18:08;-242.1371,-2007.365,-2007.365;;;;
Trevor;07:08:21;15:18:09;-243.2242,-2006.825,-2006.825;;;;
Trevor;07:08:22;15:18:09;-244.4294,-2007.375,-2007.375;;;;
Trevor;07:08:22;15:18:10;-245.3546,-2009.515,-2009.515;;;;
Trevor;07:08:23;15:18:10;-245.6705,-2010.291,-2010.291;;;;
Trevor;07:08:23;15:18:11;-245.6824,-2010.319,-2010.319;;;;
Trevor;07:08:24;15:18:11;-245.4283,-2010.238,-2010.238;;;;
Trevor;07:08:24;15:18:12;-244.3826,-2008.571,-2008.571;;;;
Trevor;07:08:25;15:18:12;-244.586,-2005.294,-2005.294;;;;
Trevor;07:08:26;15:18:13;-244.3659,-2002.116,-2002.116;;;;
Trevor;07:08:26;15:18:14;-245.1793,-2000.005,-2000.005;;;;
Trevor;07:08:27;15:18:14;-247.3581,-1998.634,-1998.634;;;;
Trevor;07:08:27;15:18:15;-248.3755,-1998.452,-1998.452;;;;
Trevor;07:08:28;15:18:15;-249.3308,-1998.316,-1998.316;;;;
Trevor;07:08:28;15:18:16;-250.3314,-1998.234,-1998.234;;;;
Trevor;07:08:29;15:18:16;-251.3441,-1997.972,-1997.972;;;;
Trevor;07:08:29;15:18:17;-252.9641,-1997.875,-1997.875;;;;
Trevor;07:08:30;15:18:17;-254.5941,-2000.137,-2000.137;;;;
Trevor;07:08:30;15:18:18;-254.186,-2003.586,-2003.586;;;;
Trevor;07:08:31;15:18:18;-252.0428,-2006.009,-2006.009;;;;
Trevor;07:08:31;15:18:19;-250.428,-2009.049,-2009.049;;;;
Trevor;07:08:32;15:18:19;-250.3171,-2012.406,-2012.406;;;;
Trevor;07:08:32;15:18:20;-251.3806,-2015.734,-2015.734;;;;
Trevor;07:08:33;15:18:20;-253.0377,-2018.686,-2018.686;;;;
Trevor;07:08:33;15:18:21;-252.2635,-2021.594,-2021.594;;;;
Trevor;07:08:34;15:18:21;-251.2214,-2025.061,-2025.061;;;;
Trevor;07:08:34;15:18:22;-250.1924,-2028.299,-2028.299;;They took our ride, we take their truck!;Michael;fam4_CMAA
Trevor;07:08:35;15:18:22;-248.9203,-2031.364,-2031.364;;;;
Trevor;07:08:35;15:18:23;-247.6016,-2034.431,-2034.431;;;;
Trevor;07:08:36;15:18:23;-246.8472,-2037.421,-2037.421;;;;
Trevor;07:08:36;15:18:24;-246.4285,-2039.111,-2039.111;;;;
Trevor;07:08:37;15:18:24;-245.869,-2040.778,-2040.778;;;;
Trevor;07:08:38;15:18:25;-245.0993,-2042.54,-2042.54;;There! We take the truck.;trevor;fam4_AQAA
Trevor;07:08:38;15:18:26;-243.6369,-2045.195,-2045.195;;;;
Trevor;07:08:39;15:18:26;-241.9131,-2048.007,-2048.007;;;;
Trevor;07:08:39;15:18:27;-239.853,-2050.856,-2050.856;;;;
Trevor;07:08:40;15:18:27;-238.1538,-2053.695,-2053.695;;;;
Trevor;07:08:40;15:18:28;-236.7237,-2056.704,-2056.704;;;;
Trevor;07:08:41;15:18:28;-236.3011,-2058.652,-2058.652;;;;
Trevor;07:08:41;15:18:29;-236.3011,-2058.652,-2058.652;;;;
Trevor;07:08:42;15:18:29;-236.3018,-2058.653,-2058.653;;;;
Trevor;07:08:42;15:18:30;-235.7314,-2058.829,-2058.829;;Hey! Hey!!! Not my rig!;truckdriver;fam4_CNAA
Trevor;07:08:43;15:18:30;-235.7486,-2058.83,-2058.83;;;;
Trevor;07:08:43;15:18:31;-235.9429,-2058.769,-2058.769;;;;
Trevor;07:08:44;15:18:31;-235.827,-2058.708,-2058.708;;;;
Trevor;07:08:44;15:18:32;-235.6489,-2058.739,-2058.739;;;;
Trevor;07:08:45;15:18:32;-235.3226,-2059.219,-2059.219;;;;
Trevor;07:08:45;15:18:33;-235.141,-2059.504,-2059.504;;;;
Trevor;07:08:46;15:18:33;-235.9385,-2061.03,-2061.03;True,Commercial,PHANTOM,1,257646,1;;;
Trevor;07:08:46;15:18:34;-234.8559,-2060.052,-2060.052;True,Commercial,PHANTOM,4,237687,1;Let's get that prick!;trevor;fam4_BZAA
Trevor;07:08:47;15:18:34;-232.6273,-2058.038,-2058.038;True,Commercial,PHANTOM,7,164475,1;;;
Trevor;07:08:47;15:18:35;-229.6173,-2054.813,-2054.813;True,Commercial,PHANTOM,9,916201,1;;;
Trevor;07:08:48;15:18:35;-225.6473,-2050.398,-2050.398;True,Commercial,PHANTOM,12,81409,1;;;
Trevor;07:08:48;15:18:36;-220.7936,-2044.901,-2044.901;True,Commercial,PHANTOM,15,20578,1;;;
Trevor;07:08:49;15:18:36;-215.7092,-2038.226,-2038.226;True,Commercial,PHANTOM,17,14586,1;;;
Trevor;07:08:50;15:18:37;-210.5145,-2030.259,-2030.259;True,Commercial,PHANTOM,18,89119,1;;;
Trevor;07:08:50;15:18:38;-205.4627,-2022.386,-2022.386;True,Commercial,PHANTOM,16,44106,0;;;
Trevor;07:08:51;15:18:38;-200.4151,-2016.525,-2016.525;True,Commercial,PHANTOM,13,65824,0;;;
Trevor;07:08:51;15:18:39;-195.6464,-2012.309,-2012.309;True,Commercial,PHANTOM,11,82154,1;;;
Trevor;07:08:52;15:18:39;-189.9079,-2009.518,-2009.518;True,Commercial,PHANTOM,13,11422,1;;;
Trevor;07:08:52;15:18:40;-183.1246,-2007.196,-2007.196;True,Commercial,PHANTOM,14,52563,0;We got to go to the left.;Michael;fam4_CUAA
Trevor;07:08:53;15:18:40;-176.067,-2005.294,-2005.294;True,Commercial,PHANTOM,14,13738,0;;;
Trevor;07:08:53;15:18:41;-169.151,-2004.302,-2004.302;True,Commercial,PHANTOM,12,74099,0;;;
Trevor;07:08:54;15:18:41;-163.2772,-2003.284,-2003.284;True,Commercial,PHANTOM,10,68977,0;;;
Trevor;07:08:54;15:18:42;-157.9177,-2001.967,-2001.967;True,Commercial,PHANTOM,10,79168,0;;;
Trevor;07:08:55;15:18:42;-153.7081,-1999.543,-1999.543;True,Commercial,PHANTOM,8,150955,0;;;
Trevor;07:08:55;15:18:43;-151.1006,-1996.001,-1996.001;True,Commercial,PHANTOM,9,112757,1;;;
Trevor;07:08:56;15:18:43;-149.1189,-1990.875,-1990.875;True,Commercial,PHANTOM,12,25336,1;;;
Trevor;07:08:56;15:18:44;-147.3412,-1983.881,-1983.881;True,Commercial,PHANTOM,15,04315,1;;;
Trevor;07:08:57;15:18:44;-147.0119,-1975.633,-1975.633;True,Commercial,PHANTOM,16,53277,1;How can you sit there and watch your daughter get treated like that?;trevor;fam4_ARAA
Trevor;07:08:57;15:18:45;-148.5427,-1966.544,-1966.544;True,Commercial,PHANTOM,18,99807,1;;;
Trevor;07:08:58;15:18:45;-151.6755,-1957.017,-1957.017;True,Commercial,PHANTOM,18,02415,0;;;
Trevor;07:08:58;15:18:46;-155.3158,-1949.202,-1949.202;True,Commercial,PHANTOM,15,07959,0;;;
Trevor;07:08:59;15:18:46;-157.8672,-1941.705,-1941.705;True,Commercial,PHANTOM,15,8576,1;;;
Trevor;07:08:59;15:18:47;-159.4671,-1933.205,-1933.205;True,Commercial,PHANTOM,17,22636,1;;;
Trevor;07:09:00;15:18:47;-161.6719,-1923.986,-1923.986;True,Commercial,PHANTOM,18,48254,1;Hey, you raise a daughter in this town, you get used to stunts.;Michael;fam4_ARAB
Trevor;07:09:00;15:18:48;-165.7191,-1915.026,-1915.026;True,Commercial,PHANTOM,19,4281,1;;;
Trevor;07:09:01;15:18:48;-171.3698,-1906.494,-1906.494;True,Commercial,PHANTOM,19,92811,1;;;
Trevor;07:09:02;15:18:49;-178.9192,-1899.115,-1899.115;True,Commercial,PHANTOM,20,62244,1;;;
Trevor;07:09:02;15:18:50;-187.08,-1891.748,-1891.748;True,Commercial,PHANTOM,21,01884,1;;;
Trevor;07:09:03;15:18:50;-195.5707,-1884.537,-1884.537;True,Commercial,PHANTOM,21,2805,1;It's poor parenting.;trevor;fam4_ARAC
Trevor;07:09:03;15:18:51;-203.786,-1878.396,-1878.396;True,Commercial,PHANTOM,19,0479,1;;;
Trevor;07:09:04;15:18:51;-212.3382,-1872.718,-1872.718;True,Commercial,PHANTOM,19,96009,1;;;
Trevor;07:09:04;15:18:52;-220.8047,-1866.246,-1866.246;True,Commercial,PHANTOM,20,66141,1;;;
Trevor;07:09:05;15:18:52;-228.9026,-1859.318,-1859.318;True,Commercial,PHANTOM,19,23999,0;Yeah, thanks for the fucking feedback. It means a lot coming from you.;Michael;fam4_ARAD
Trevor;07:09:05;15:18:53;-235.2102,-1852.359,-1852.359;True,Commercial,PHANTOM,16,38706,0;;;
Trevor;07:09:06;15:18:53;-239.0524,-1845.076,-1845.076;True,Commercial,PHANTOM,15,94882,1;;;
Trevor;07:09:06;15:18:54;-240.2057,-1836.875,-1836.875;True,Commercial,PHANTOM,15,66188,0;;;
Trevor;07:09:07;15:18:54;-238.3497,-1829.588,-1829.588;True,Commercial,PHANTOM,13,94751,1;;;
Trevor;07:09:07;15:18:55;-234.159,-1823.273,-1823.273;True,Commercial,PHANTOM,14,75448,1;;;
Trevor;07:09:08;15:18:55;-228.1048,-1818.071,-1818.071;True,Commercial,PHANTOM,16,01872,1;;;
Trevor;07:09:08;15:18:56;-220.4159,-1813.76,-1813.76;True,Commercial,PHANTOM,17,6064,1;;;
Trevor;07:09:09;15:18:56;-211.9671,-1809.452,-1809.452;True,Commercial,PHANTOM,18,86381,1;No one's getting in the way of the big rig! We'll flatten this dickbag!;trevor;fam4_DGAA
Trevor;07:09:09;15:18:57;-202.8801,-1804.806,-1804.806;True,Commercial,PHANTOM,19,89761,1;;;
Trevor;07:09:10;15:18:57;-193.4838,-1799.699,-1799.699;True,Commercial,PHANTOM,20,94552,1;;;
Trevor;07:09:10;15:18:58;-183.9061,-1794.298,-1794.298;True,Commercial,PHANTOM,21,72688,1;;;
Trevor;07:09:11;15:18:58;-174.3359,-1788.22,-1788.22;True,Commercial,PHANTOM,21,34064,0;;;
Trevor;07:09:11;15:18:59;-165.4153,-1782.115,-1782.115;True,Commercial,PHANTOM,20,65569,1;;;
Trevor;07:09:12;15:18:59;-156.6274,-1775.347,-1775.347;True,Commercial,PHANTOM,22,36408,1;;;
Trevor;07:09:13;15:19:00;-146.9247,-1767.73,-1767.73;True,Commercial,PHANTOM,24,12677,1;;;
Trevor;07:09:13;15:19:01;-136.7485,-1759.768,-1759.768;True,Commercial,PHANTOM,25,43958,1;;;
Trevor;07:09:14;15:19:01;-126.1581,-1751.944,-1751.944;True,Commercial,PHANTOM,24,1004,0;;;
Trevor;07:09:14;15:19:02;-117.5945,-1747.811,-1747.811;True,Commercial,PHANTOM,17,0211,1;;;
Trevor;07:09:15;15:19:02;-109.3057,-1743.569,-1743.569;True,Commercial,PHANTOM,18,67175,1;Fucking Lazlow. I knew he was an asshole.;trevor;fam4_ASAA
Trevor;07:09:15;15:19:03;-100.009,-1739.392,-1739.392;True,Commercial,PHANTOM,20,13635,1;;;
Trevor;07:09:16;15:19:03;-89.68777,-1735.325,-1735.325;True,Commercial,PHANTOM,22,41614,1;;;
Trevor;07:09:16;15:19:04;-78.52711,-1730.577,-1730.577;True,Commercial,PHANTOM,23,64352,1;;;
Trevor;07:09:17;15:19:04;-67.14501,-1725.501,-1725.501;True,Commercial,PHANTOM,24,5384,1;;;
Trevor;07:09:17;15:19:05;-55.33713,-1720.229,-1720.229;True,Commercial,PHANTOM,25,29443,1;;;
Trevor;07:09:18;15:19:05;-42.60339,-1715.254,-1715.254;True,Commercial,PHANTOM,26,79711,1;;;
Trevor;07:09:18;15:19:06;-29.36717,-1710.122,-1710.122;True,Commercial,PHANTOM,27,423,1;;;
Trevor;07:09:19;15:19:06;-16.13641,-1704.478,-1704.478;True,Commercial,PHANTOM,27,96657,1;;;
Trevor;07:09:19;15:19:07;-2.810748,-1698.731,-1698.731;True,Commercial,PHANTOM,28,33082,1;;;
Trevor;07:09:20;15:19:07;10.72778,-1692.904,-1692.904;True,Commercial,PHANTOM,28,64769,1;;;
Trevor;07:09:20;15:19:08;23.94074,-1687.209,-1687.209;True,Commercial,PHANTOM,26,41764,1;;;
Trevor;07:09:21;15:19:08;36.55473,-1681.356,-1681.356;True,Commercial,PHANTOM,26,911,1;;;
Trevor;07:09:21;15:19:09;49.1382,-1674.677,-1674.677;True,Commercial,PHANTOM,28,11676,1;Just push him off the fucking road.;Michael;fam4_ASAE
Trevor;07:09:22;15:19:09;62.32211,-1667.05,-1667.05;True,Commercial,PHANTOM,29,36501,1;;;
Trevor;07:09:22;15:19:10;75.58628,-1658.992,-1658.992;True,Commercial,PHANTOM,30,87307,1;;;
Trevor;07:09:23;15:19:10;89.54481,-1650.279,-1650.279;True,Commercial,PHANTOM,32,02289,1;;;
Trevor;07:09:23;15:19:11;103.9696,-1641.495,-1641.495;True,Commercial,PHANTOM,32,42812,1;It's only a battery car. Come on.;Michael;fam4_BOAA
Trevor;07:09:24;15:19:11;118.5103,-1633.057,-1633.057;True,Commercial,PHANTOM,32,6482,1;;;
Trevor;07:09:25;15:19:12;132.9904,-1624.345,-1624.345;True,Commercial,PHANTOM,32,75853,1;;;
Trevor;07:09:25;15:19:13;147.7591,-1615.777,-1615.777;True,Commercial,PHANTOM,32,85721,1;;;
Trevor;07:09:26;15:19:13;162.7535,-1607.459,-1607.459;True,Commercial,PHANTOM,32,95148,1;;;
Trevor;07:09:26;15:19:14;177.992,-1599.039,-1599.039;True,Commercial,PHANTOM,33,01351,1;;;
Trevor;07:09:27;15:19:14;193.3367,-1590.579,-1590.579;True,Commercial,PHANTOM,33,53584,1;This ain't exactly a racer.;trevor;fam4_BOAB
Trevor;07:09:27;15:19:15;208.4244,-1581.975,-1581.975;True,Commercial,PHANTOM,33,84618,1;;;
Trevor;07:09:28;15:19:15;223.1264,-1572.385,-1572.385;True,Commercial,PHANTOM,33,79293,1;;;
Trevor;07:09:28;15:19:16;237.9807,-1563.221,-1563.221;True,Commercial,PHANTOM,31,52739,1;;;
Trevor;07:09:29;15:19:16;252.0135,-1554.188,-1554.188;True,Commercial,PHANTOM,32,34441,1;;;
Trevor;07:09:29;15:19:17;266.7741,-1545.438,-1545.438;True,Commercial,PHANTOM,32,89887,1;;;
Trevor;07:09:30;15:19:17;281.9761,-1537.404,-1537.404;True,Commercial,PHANTOM,32,99317,1;;;
Trevor;07:09:30;15:19:18;296.8391,-1528.507,-1528.507;True,Commercial,PHANTOM,33,3933,1;;;
Trevor;07:09:31;15:19:18;311.7429,-1519.175,-1519.175;True,Commercial,PHANTOM,33,67869,1;;;
Trevor;07:09:31;15:19:19;326.7354,-1509.331,-1509.331;True,Commercial,PHANTOM,34,52722,1;;;
Trevor;07:09:32;15:19:19;341.94,-1499.163,-1499.163;True,Commercial,PHANTOM,34,57044,1;;;
Trevor;07:09:32;15:19:20;357.24,-1489.774,-1489.774;True,Commercial,PHANTOM,34,47054,1;;;
Trevor;07:09:33;15:19:20;373.2389,-1481.323,-1481.323;True,Commercial,PHANTOM,34,50629,1;;;
Trevor;07:09:33;15:19:21;389.7521,-1475.026,-1475.026;True,Commercial,PHANTOM,34,10011,1;;;
Trevor;07:09:34;15:19:21;406.6703,-1469.327,-1469.327;True,Commercial,PHANTOM,34,25013,1;;;
Trevor;07:09:34;15:19:22;422.8621,-1462.033,-1462.033;True,Commercial,PHANTOM,34,42986,1;;;
Trevor;07:09:35;15:19:22;439.076,-1454.421,-1454.421;True,Commercial,PHANTOM,34,47467,1;;;
Trevor;07:09:35;15:19:23;455.7891,-1448.606,-1448.606;True,Commercial,PHANTOM,34,32512,1;;;
Trevor;07:09:36;15:19:23;473.2578,-1445.054,-1445.054;True,Commercial,PHANTOM,33,86052,1;;;
Trevor;07:09:37;15:19:24;490.2419,-1443.558,-1443.558;True,Commercial,PHANTOM,31,22321,1;;;
Trevor;07:09:37;15:19:25;505.9839,-1441.083,-1441.083;True,Commercial,PHANTOM,29,50125,0;Look. He went left.;Michael;fam4_CUAA
Trevor;07:09:38;15:19:25;519.4108,-1436.325,-1436.325;True,Commercial,PHANTOM,25,10135,0;;;
Trevor;07:09:38;15:19:26;529.6838,-1429.548,-1429.548;True,Commercial,PHANTOM,21,71436,0;;;
Trevor;07:09:39;15:19:26;536.3735,-1421.416,-1421.416;True,Commercial,PHANTOM,18,69627,0;;;
Trevor;07:09:39;15:19:27;539.816,-1413.231,-1413.231;True,Commercial,PHANTOM,15,65044,0;;;
Trevor;07:09:40;15:19:27;540.8653,-1405.576,-1405.576;True,Commercial,PHANTOM,14,86956,1;;;
Trevor;07:09:40;15:19:28;541.0434,-1396.989,-1396.989;True,Commercial,PHANTOM,17,48973,1;;;
Trevor;07:09:41;15:19:28;540.1261,-1387.358,-1387.358;True,Commercial,PHANTOM,19,09341,1;;;
Trevor;07:09:41;15:19:29;539.4647,-1376.833,-1376.833;True,Commercial,PHANTOM,21,09295,1;;;
Trevor;07:09:42;15:19:29;537.7621,-1365.734,-1365.734;True,Commercial,PHANTOM,21,98264,1;;;
Trevor;07:09:42;15:19:30;534.7737,-1354.683,-1354.683;True,Commercial,PHANTOM,21,38038,0;;;
Trevor;07:09:43;15:19:30;530.7482,-1344.674,-1344.674;True,Commercial,PHANTOM,20,69556,1;;;
Trevor;07:09:43;15:19:31;525.7333,-1334.749,-1334.749;True,Commercial,PHANTOM,21,85448,1;;;
Trevor;07:09:44;15:19:31;519.6876,-1324.677,-1324.677;True,Commercial,PHANTOM,22,80652,1;;;
Trevor;07:09:44;15:19:32;512.9036,-1314.654,-1314.654;True,Commercial,PHANTOM,23,85931,1;;;
Trevor;07:09:45;15:19:32;507.6831,-1303.261,-1303.261;True,Commercial,PHANTOM,24,43306,1;;;
Trevor;07:09:45;15:19:33;504.9685,-1290.595,-1290.595;True,Commercial,PHANTOM,25,0293,1;;;
Trevor;07:09:46;15:19:33;503.688,-1277.483,-1277.483;True,Commercial,PHANTOM,25,77894,1;;;
Trevor;07:09:46;15:19:34;503.3041,-1263.82,-1263.82;True,Commercial,PHANTOM,26,39498,1;;;
Trevor;07:09:47;15:19:34;503.9428,-1249.665,-1249.665;True,Commercial,PHANTOM,27,0946,1;Look at him, he's on the train tracks!;Michael;fam4_CRAA
Trevor;07:09:48;15:19:35;504.3531,-1235.305,-1235.305;True,Commercial,PHANTOM,27,88602,1;;;
Trevor;07:09:48;15:19:36;504.5408,-1220.603,-1220.603;True,Commercial,PHANTOM,28,32863,1;;;
Trevor;07:09:49;15:19:36;504.7468,-1205.831,-1205.831;True,Commercial,PHANTOM,28,66936,1;;;
Trevor;07:09:49;15:19:37;505.4625,-1191.718,-1191.718;True,Commercial,PHANTOM,26,48495,1;;;
Trevor;07:09:50;15:19:37;507.9881,-1178.182,-1178.182;True,Commercial,PHANTOM,26,75471,1;;;
Trevor;07:09:50;15:19:38;512.6318,-1164.683,-1164.683;True,Commercial,PHANTOM,28,14908,1;;;
Trevor;07:09:51;15:19:38;518.3835,-1151.037,-1151.037;True,Commercial,PHANTOM,29,08498,1;;;
Trevor;07:09:51;15:19:39;524.1605,-1136.695,-1136.695;True,Commercial,PHANTOM,30,01448,1;;;
Trevor;07:09:52;15:19:39;528.9104,-1121.49,-1121.49;True,Commercial,PHANTOM,30,32657,1;;;
Trevor;07:09:52;15:19:40;532.7173,-1106.144,-1106.144;True,Commercial,PHANTOM,29,86614,1;;;
Trevor;07:09:53;15:19:40;534.0999,-1090.627,-1090.627;True,Commercial,PHANTOM,29,38103,1;;;
Trevor;07:09:53;15:19:41;533.2886,-1075.518,-1075.518;True,Commercial,PHANTOM,29,15663,1;;;
Trevor;07:09:54;15:19:41;532.2397,-1060.016,-1060.016;True,Commercial,PHANTOM,29,90617,1;;;
Trevor;07:09:54;15:19:42;532.1181,-1044.306,-1044.306;True,Commercial,PHANTOM,29,90702,1;;;
Trevor;07:09:55;15:19:42;532.031,-1028.617,-1028.617;True,Commercial,PHANTOM,29,82549,1;We can have a little fun with him, but let's not try to kill this prick, alright?;Michael;fam4_ATAA
Trevor;07:09:55;15:19:43;531.6572,-1013.12,-1013.12;True,Commercial,PHANTOM,30,08771,1;;;
Trevor;07:09:56;15:19:43;530.578,-997.6718,-997.6718;True,Commercial,PHANTOM,29,7332,1;;;
Trevor;07:09:56;15:19:44;528.1309,-982.2782,-982.2782;True,Commercial,PHANTOM,29,35499,1;;;
Trevor;07:09:57;15:19:44;525.4689,-967.1461,-967.1461;True,Commercial,PHANTOM,29,07049,1;;;
Trevor;07:09:57;15:19:45;521.3777,-952.594,-952.594;True,Commercial,PHANTOM,28,65131,1;;;
Trevor;07:09:58;15:19:45;517.3668,-938.2678,-938.2678;True,Commercial,PHANTOM,28,67262,1;;;
Trevor;07:09:58;15:19:46;515.1119,-923.3868,-923.3868;True,Commercial,PHANTOM,28,39475,1;;;
Trevor;07:09:59;15:19:46;513.5104,-908.8339,-908.8339;True,Commercial,PHANTOM,28,14463,1;When we crush his little toy car, who knows what'll happen to him.;trevor;fam4_ATAB
Trevor;07:10:00;15:19:47;512.5582,-894.2476,-894.2476;True,Commercial,PHANTOM,28,05505,1;;;
Trevor;07:10:00;15:19:48;511.2353,-879.7757,-879.7757;True,Commercial,PHANTOM,27,77078,1;;;
Trevor;07:10:01;15:19:48;509.2165,-865.5918,-865.5918;True,Commercial,PHANTOM,27,57227,1;;;
Trevor;07:10:01;15:19:49;507.6107,-851.5059,-851.5059;True,Commercial,PHANTOM,27,42075,1;;;
Trevor;07:10:02;15:19:49;506.5483,-836.9404,-836.9404;True,Commercial,PHANTOM,28,39226,1;;;
Trevor;07:10:02;15:19:50;506.0171,-821.9581,-821.9581;True,Commercial,PHANTOM,28,648,1;;;
Trevor;07:10:03;15:19:50;505.5911,-806.8962,-806.8962;True,Commercial,PHANTOM,29,58481,1;;;
Trevor;07:10:03;15:19:51;505.1962,-791.3969,-791.3969;True,Commercial,PHANTOM,30,00986,1;;;
Trevor;07:10:04;15:19:51;505.4139,-775.658,-775.658;True,Commercial,PHANTOM,30,44372,1;;;
Trevor;07:10:04;15:19:52;506.4948,-759.7217,-759.7217;True,Commercial,PHANTOM,31,11913,1;;;
Trevor;07:10:05;15:19:52;507.6611,-743.1334,-743.1334;True,Commercial,PHANTOM,31,60164,1;He went left.;Michael;fam4_CUAA
Trevor;07:10:05;15:19:53;507.997,-726.6728,-726.6728;True,Commercial,PHANTOM,30,09925,0;;;
Trevor;07:10:06;15:19:53;506.0861,-711.8774,-711.8774;True,Commercial,PHANTOM,26,67975,1;;;
Trevor;07:10:06;15:19:54;501.4043,-699.6091,-699.6091;True,Commercial,PHANTOM,23,41736,0;;;
Trevor;07:10:07;15:19:54;494.9071,-690.0412,-690.0412;True,Commercial,PHANTOM,20,75474,1;;;
Trevor;07:10:07;15:19:55;486.8585,-683.43,-683.43;True,Commercial,PHANTOM,19,70946,1;;;
Trevor;07:10:08;15:19:55;477.2632,-679.9946,-679.9946;True,Commercial,PHANTOM,19,60964,1;;;
Trevor;07:10:08;15:19:56;466.823,-678.438,-678.438;True,Commercial,PHANTOM,20,70232,1;;;
Trevor;07:10:09;15:19:56;456.0177,-677.2607,-677.2607;True,Commercial,PHANTOM,21,11619,1;I knew this city would be full of douchebags.;trevor;fam4_AUAA
Trevor;07:10:09;15:19:57;444.67,-676.7243,-676.7243;True,Commercial,PHANTOM,21,94436,0;;;
Trevor;07:10:10;15:19:57;433.9991,-676.3204,-676.3204;True,Commercial,PHANTOM,20,16659,1;;;
Trevor;07:10:10;15:19:58;423.2808,-675.9175,-675.9175;True,Commercial,PHANTOM,21,36627,1;;;
Trevor;07:10:11;15:19:58;411.8244,-675.43,-675.43;True,Commercial,PHANTOM,22,81841,1;;;
Trevor;07:10:12;15:19:59;399.7313,-674.8724,-674.8724;True,Commercial,PHANTOM,24,11129,1;;;
Trevor;07:10:12;15:20:00;386.6175,-673.7567,-673.7567;True,Commercial,PHANTOM,25,37179,1;;;
Trevor;07:10:13;15:20:00;373.1745,-671.7681,-671.7681;True,Commercial,PHANTOM,26,11012,1;;;
Trevor;07:10:13;15:20:01;360.0247,-668.1976,-668.1976;True,Commercial,PHANTOM,27,08795,1;;;
Trevor;07:10:14;15:20:01;346.2557,-664.2728,-664.2728;True,Commercial,PHANTOM,27,38788,1;;;
Trevor;07:10:14;15:20:02;332.7278,-659.6293,-659.6293;True,Commercial,PHANTOM,28,08843,1;;;
Trevor;07:10:15;15:20:02;319.0786,-654.1579,-654.1579;True,Commercial,PHANTOM,28,55607,1;Can we speed it up a little? Huh?;Michael;fam4_AUAG
Trevor;07:10:15;15:20:03;305.7475,-648.1228,-648.1228;True,Commercial,PHANTOM,26,69933,0;;;
Trevor;07:10:16;15:20:03;292.76,-643.2276,-643.2276;True,Commercial,PHANTOM,26,89213,1;;;
Trevor;07:10:16;15:20:04;279.2825,-639.0031,-639.0031;True,Commercial,PHANTOM,27,60477,1;Maybe by throwing your fat carcass over the side.;trevor;fam4_AUAH
Trevor;07:10:17;15:20:04;265.7788,-633.7401,-633.7401;True,Commercial,PHANTOM,28,04754,1;;;
Trevor;07:10:17;15:20:05;252.3126,-627.1788,-627.1788;True,Commercial,PHANTOM,28,57893,1;;;
Trevor;07:10:18;15:20:05;239.0659,-620.1243,-620.1243;True,Commercial,PHANTOM,28,99895,1;;;
Trevor;07:10:18;15:20:06;225.6007,-612.6329,-612.6329;True,Commercial,PHANTOM,29,4229,1;;;
Trevor;07:10:19;15:20:06;212.555,-604.2528,-604.2528;True,Commercial,PHANTOM,29,63942,1;;;
Trevor;07:10:19;15:20:07;199.878,-595.6099,-595.6099;True,Commercial,PHANTOM,29,36705,1;;;
Trevor;07:10:20;15:20:07;186.0927,-588.8857,-588.8857;True,Commercial,PHANTOM,29,23484,1;;;
Trevor;07:10:20;15:20:08;171.4017,-584.872,-584.872;True,Commercial,PHANTOM,29,3085,1;;;
Trevor;07:10:21;15:20:08;156.3511,-581.4674,-581.4674;True,Commercial,PHANTOM,30,14706,1;;;
Trevor;07:10:21;15:20:09;141.0143,-577.5099,-577.5099;True,Commercial,PHANTOM,30,43042,1;;;
Trevor;07:10:22;15:20:09;125.6572,-572.7435,-572.7435;True,Commercial,PHANTOM,30,70431,1;;;
Trevor;07:10:22;15:20:10;110.5913,-567.3347,-567.3347;True,Commercial,PHANTOM,31,04954,1;;;
Trevor;07:10:23;15:20:10;95.29097,-562.1721,-562.1721;True,Commercial,PHANTOM,31,43478,1;;;
Trevor;07:10:24;15:20:11;79.38231,-556.9618,-556.9618;True,Commercial,PHANTOM,31,68593,1;;;
Trevor;07:10:24;15:20:12;63.34538,-553.1709,-553.1709;True,Commercial,PHANTOM,31,52517,1;;;
Trevor;07:10:25;15:20:12;47.02417,-551.035,-551.035;True,Commercial,PHANTOM,31,17534,1;;;
Trevor;07:10:25;15:20:13;31.17305,-548.808,-548.808;True,Commercial,PHANTOM,31,18606,1;;;
Trevor;07:10:26;15:20:13;14.94047,-547.1284,-547.1284;True,Commercial,PHANTOM,31,31415,1;;;
Trevor;07:10:26;15:20:14;-1.34029,-547.9271,-547.9271;True,Commercial,PHANTOM,31,18847,1;;;
Trevor;07:10:27;15:20:14;-17.30164,-548.1406,-548.1406;True,Commercial,PHANTOM,30,65204,0;;;
Trevor;07:10:27;15:20:15;-32.009,-546.293,-546.293;True,Commercial,PHANTOM,26,35451,0;Right. Right here.;Michael;fam4_BVAA
Trevor;07:10:28;15:20:15;-44.3524,-543.7485,-543.7485;True,Commercial,PHANTOM,21,95477,0;;;
Trevor;07:10:28;15:20:16;-53.65337,-540.5915,-540.5915;True,Commercial,PHANTOM,16,23203,1;;;
Trevor;07:10:29;15:20:16;-59.66392,-536.6639,-536.6639;True,Commercial,PHANTOM,11,53744,1;;;
Trevor;07:10:29;15:20:17;-62.60858,-533.0191,-533.0191;True,Commercial,PHANTOM,6,332457,1;;;
Trevor;07:10:30;15:20:17;-62.7504,-530.8792,-530.8792;True,Commercial,PHANTOM,3,214379,1;;;
Trevor;07:10:30;15:20:18;-61.15506,-529.1074,-529.1074;True,Commercial,PHANTOM,6,421663,1;;;
Trevor;07:10:31;15:20:18;-58.29584,-525.7096,-525.7096;True,Commercial,PHANTOM,10,3452,1;;;
Trevor;07:10:31;15:20:19;-54.82855,-520.4565,-520.4565;True,Commercial,PHANTOM,13,51425,1;;;
Trevor;07:10:32;15:20:19;-51.45187,-513.5933,-513.5933;True,Commercial,PHANTOM,16,04584,1;;;
Trevor;07:10:32;15:20:20;-48.0111,-505.293,-505.293;True,Commercial,PHANTOM,18,34585,1;;;
Trevor;07:10:33;15:20:20;-44.3337,-496.0064,-496.0064;True,Commercial,PHANTOM,20,11429,0;;;
Trevor;07:10:33;15:20:21;-40.94483,-486.6723,-486.6723;True,Commercial,PHANTOM,18,58421,1;;;
Trevor;07:10:34;15:20:21;-37.40099,-477.0897,-477.0897;True,Commercial,PHANTOM,20,1432,1;;;
Trevor;07:10:34;15:20:22;-33.58702,-466.8654,-466.8654;True,Commercial,PHANTOM,21,19916,1;;;
Trevor;07:10:35;15:20:23;-29.62716,-456.4705,-456.4705;True,Commercial,PHANTOM,21,59245,1;;;
Trevor;07:10:36;15:20:23;-25.6044,-445.7468,-445.7468;True,Commercial,PHANTOM,22,41292,1;;;
Trevor;07:10:36;15:20:24;-21.44137,-434.687,-434.687;True,Commercial,PHANTOM,22,56141,0;;;
Trevor;07:10:37;15:20:24;-17.17391,-424.1565,-424.1565;True,Commercial,PHANTOM,21,65392,1;;;
Trevor;07:10:37;15:20:25;-13.0196,-413.3247,-413.3247;True,Commercial,PHANTOM,23,17577,1;;;
Trevor;07:10:38;15:20:25;-8.85859,-401.7297,-401.7297;True,Commercial,PHANTOM,24,25749,1;;;
Trevor;07:10:38;15:20:26;-4.486511,-389.5116,-389.5116;True,Commercial,PHANTOM,25,31389,1;;;
Trevor;07:10:39;15:20:26;0.02100269,-377.0034,-377.0034;True,Commercial,PHANTOM,26,06968,1;;;
Trevor;07:10:39;15:20:27;4.475927,-363.9679,-363.9679;True,Commercial,PHANTOM,26,49701,1;;;
Trevor;07:10:40;15:20:27;7.341239,-350.5193,-350.5193;True,Commercial,PHANTOM,26,46469,1;Right, up there.;Michael;fam4_BVAA
Trevor;07:10:40;15:20:28;9.161325,-336.7111,-336.7111;True,Commercial,PHANTOM,26,81606,1;;;
Trevor;07:10:41;15:20:28;12.52401,-323.2578,-323.2578;True,Commercial,PHANTOM,26,63511,1;Can't get enough of the celebrities, can you? Ten fucking minutes in LS.;Michael;fam4_DJAA
Trevor;07:10:41;15:20:29;18.56235,-311.7097,-311.7097;True,Commercial,PHANTOM,24,42212,1;;;
Trevor;07:10:42;15:20:29;26.75944,-302.9049,-302.9049;True,Commercial,PHANTOM,22,09069,1;;;
Trevor;07:10:42;15:20:30;36.43697,-296.8518,-296.8518;True,Commercial,PHANTOM,22,25151,1;;;
Trevor;07:10:43;15:20:30;47.24141,-292.9372,-292.9372;True,Commercial,PHANTOM,21,90058,1;;;
Trevor;07:10:43;15:20:31;58.41259,-291.7012,-291.7012;True,Commercial,PHANTOM,21,48775,1;;;
Trevor;07:10:44;15:20:31;69.88226,-292.7153,-292.7153;True,Commercial,PHANTOM,22,42846,1;;;
Trevor;07:10:44;15:20:32;81.42115,-295.813,-295.813;True,Commercial,PHANTOM,23,16329,1;;;
Trevor;07:10:45;15:20:32;93.31796,-298.8742,-298.8742;True,Commercial,PHANTOM,23,87349,1;;;
Trevor;07:10:45;15:20:33;105.6736,-301.7903,-301.7903;True,Commercial,PHANTOM,24,68172,1;;;
Trevor;07:10:46;15:20:33;117.8103,-306.4071,-306.4071;True,Commercial,PHANTOM,25,00607,1;Shut up.;trevor;fam4_DJAB
Trevor;07:10:46;15:20:34;129.5699,-312.8195,-312.8195;True,Commercial,PHANTOM,26,01412,1;;;
Trevor;07:10:47;15:20:35;141.204,-320.2307,-320.2307;True,Commercial,PHANTOM,27,15133,1;That cocksucker might be famous, but... Arghhhh!;trevor;fam4_DJAC
Trevor;07:10:48;15:20:35;153.7506,-327.4246,-327.4246;True,Commercial,PHANTOM,28,12429,1;;;
Trevor;07:10:48;15:20:36;167.0859,-333.5365,-333.5365;True,Commercial,PHANTOM,27,13037,0;;;
Trevor;07:10:49;15:20:36;180.3764,-337.1431,-337.1431;True,Commercial,PHANTOM,26,49438,1;;;
Trevor;07:10:49;15:20:37;193.9339,-338.1058,-338.1058;True,Commercial,PHANTOM,25,37945,1;;;
Trevor;07:10:50;15:20:37;206.5313,-336.6,-336.6;True,Commercial,PHANTOM,23,21995,1;;;
Trevor;07:10:50;15:20:38;218.8909,-336.8116,-336.8116;True,Commercial,PHANTOM,24,06703,1;;;
Trevor;07:10:51;15:20:38;231.7313,-338.3073,-338.3073;True,Commercial,PHANTOM,25,00098,1;;;
Trevor;07:10:51;15:20:39;239.2949,-340.5747,-340.5747;True,Commercial,PHANTOM,1,812224,1;;;
Trevor;07:10:52;15:20:39;238.9568,-340.3943,-340.3943;True,Commercial,PHANTOM,0,1230218,-1;;;
Trevor;07:10:52;15:20:40;238.2873,-340.321,-340.321;True,Commercial,PHANTOM,2,741552,-1;;;
Trevor;07:10:53;15:20:40;237.1508,-339.943,-339.943;True,Commercial,PHANTOM,0,1994568,1;;;
Trevor;07:10:53;15:20:41;238.0191,-340.5955,-340.5955;True,Commercial,PHANTOM,3,918383,1;;;
Trevor;07:10:54;15:20:41;240.0189,-342.9266,-342.9266;True,Commercial,PHANTOM,7,374578,1;;;
Trevor;07:10:54;15:20:42;242.4015,-346.5741,-346.5741;True,Commercial,PHANTOM,9,932998,1;;;
Trevor;07:10:55;15:20:42;246.3147,-350.8525,-350.8525;True,Commercial,PHANTOM,12,33126,1;;;
Trevor;07:10:55;15:20:43;251.8751,-355.4383,-355.4383;True,Commercial,PHANTOM,15,48457,1;;;
Trevor;07:10:56;15:20:43;259.5258,-360.1777,-360.1777;True,Commercial,PHANTOM,18,12253,1;;;
Trevor;07:10:56;15:20:44;268.5747,-364.7764,-364.7764;True,Commercial,PHANTOM,20,07294,1;;;
Trevor;07:10:57;15:20:44;277.6656,-368.621,-368.621;True,Commercial,PHANTOM,18,15814,1;;;
Trevor;07:10:58;15:20:45;286.8154,-372.2531,-372.2531;True,Commercial,PHANTOM,19,47319,1;We'll get him. We'll get him.;trevor;fam4_DJAD
Trevor;07:10:58;15:20:46;296.295,-376.5129,-376.5129;True,Commercial,PHANTOM,20,67493,1;;;
Trevor;07:10:59;15:20:46;306.429,-381.2096,-381.2096;True,Commercial,PHANTOM,21,79467,1;;;
Trevor;07:10:59;15:20:47;317.0188,-386.0704,-386.0704;True,Commercial,PHANTOM,23,09884,1;;;
Trevor;07:11:00;15:20:47;328.289,-391.9445,-391.9445;True,Commercial,PHANTOM,23,94394,0;Well, we're sure taking our time about it.;Michael;fam4_DJAE
Trevor;07:11:00;15:20:48;339.2145,-396.5172,-396.5172;True,Commercial,PHANTOM,22,32641,1;;;
Trevor;07:11:01;15:20:48;350.8714,-399.3696,-399.3696;True,Commercial,PHANTOM,23,06941,1;;;
Trevor;07:11:01;15:20:49;363.1616,-399.8385,-399.8385;True,Commercial,PHANTOM,23,60083,1;;;
Trevor;07:11:02;15:20:49;375.3261,-397.5118,-397.5118;True,Commercial,PHANTOM,24,12382,1;;;
Trevor;07:11:02;15:20:50;387.4532,-393.6228,-393.6228;True,Commercial,PHANTOM,24,94454,1;;;
Trevor;07:11:03;15:20:50;399.6701,-388.7802,-388.7802;True,Commercial,PHANTOM,25,65948,1;;;
Trevor;07:11:03;15:20:51;411.6907,-382.4342,-382.4342;True,Commercial,PHANTOM,26,13195,1;;;
Trevor;07:11:04;15:20:51;423.1983,-374.7458,-374.7458;True,Commercial,PHANTOM,26,81278,1;;;
Trevor;07:11:04;15:20:52;434.909,-366.5804,-366.5804;True,Commercial,PHANTOM,27,37413,1;;;
Trevor;07:11:05;15:20:52;447.0093,-358.7463,-358.7463;True,Commercial,PHANTOM,27,76033,1;;;
Trevor;07:11:05;15:20:53;459.5399,-351.1328,-351.1328;True,Commercial,PHANTOM,28,16981,0;;;
Trevor;07:11:06;15:20:53;471.8522,-344.0859,-344.0859;True,Commercial,PHANTOM,26,91234,1;;;
Trevor;07:11:06;15:20:54;485.3681,-338.8639,-338.8639;True,Commercial,PHANTOM,28,24467,1;;;
Trevor;07:11:07;15:20:54;500.094,-336.5538,-336.5538;True,Commercial,PHANTOM,28,96563,1;;;
Trevor;07:11:07;15:20:55;515.4082,-337.6193,-337.6193;True,Commercial,PHANTOM,29,41583,1;;;
Trevor;07:11:08;15:20:55;530.4213,-342.1312,-342.1312;True,Commercial,PHANTOM,29,93607,1;Ah, ah. He's going down into the LS River.;Michael;fam4_BCAA
Trevor;07:11:09;15:20:56;544.5213,-349.2051,-349.2051;True,Commercial,PHANTOM,30,40855,1;;;
Trevor;07:11:09;15:20:57;559.0222,-356.3404,-356.3404;True,Commercial,PHANTOM,31,09484,1;;;
Trevor;07:11:10;15:20:57;574.0573,-362.7816,-362.7816;True,Commercial,PHANTOM,31,33756,1;;;
Trevor;07:11:10;15:20:58;589.011,-369.5812,-369.5812;True,Commercial,PHANTOM,31,58463,1;;;
Trevor;07:11:11;15:20:58;604.537,-375.2289,-375.2289;True,Commercial,PHANTOM,32,08587,1;I can see that.;trevor;fam4_BCAB
Trevor;07:11:11;15:20:59;620.7404,-380.0354,-380.0354;True,Commercial,PHANTOM,32,46915,1;;;
Trevor;07:11:12;15:20:59;637.1628,-384.8302,-384.8302;True,Commercial,PHANTOM,32,91492,1;;;
Trevor;07:11:12;15:21:00;653.6161,-389.6536,-389.6536;True,Commercial,PHANTOM,31,54827,0;;;
Trevor;07:11:13;15:21:00;669.0991,-392.3599,-392.3599;True,Commercial,PHANTOM,28,36456,0;;;
Trevor;07:11:13;15:21:01;683.5447,-392.3784,-392.3784;True,Commercial,PHANTOM,27,52193,1;;;
Trevor;07:11:14;15:21:01;697.4308,-393.7655,-393.7655;True,Commercial,PHANTOM,26,22533,1;;;
Trevor;07:11:14;15:21:02;710.7053,-397.645,-397.645;True,Commercial,PHANTOM,26,76617,1;I hate that closeted man-whore on the TV. I hate him on the radio.;trevor;fam4_BMAA
Trevor;07:11:15;15:21:02;723.7437,-402.0038,-402.0038;True,Commercial,PHANTOM,26,90921,1;;;
Trevor;07:11:15;15:21:03;736.4236,-406.243,-406.243;True,Commercial,PHANTOM,27,85294,0;;;
Trevor;07:11:16;15:21:03;749.0579,-410.5996,-410.5996;True,Commercial,PHANTOM,29,26967,1;;;
Trevor;07:11:16;15:21:04;762.0538,-415.8689,-415.8689;True,Commercial,PHANTOM,28,15792,1;;;
Trevor;07:11:17;15:21:04;775.3896,-420.4496,-420.4496;True,Commercial,PHANTOM,25,95773,1;;;
Trevor;07:11:17;15:21:05;788.321,-422.8918,-422.8918;True,Commercial,PHANTOM,24,70919,1;;;
Trevor;07:11:18;15:21:05;800.9578,-425.5218,-425.5218;True,Commercial,PHANTOM,24,74908,1;;;
Trevor;07:11:18;15:21:06;813.7007,-427.0155,-427.0155;True,Commercial,PHANTOM,24,49651,1;;;
Trevor;07:11:19;15:21:06;826.3996,-427.461,-427.461;True,Commercial,PHANTOM,24,68377,1;I hate him even more in person. He was never funny.;trevor;fam4_BMAE
Trevor;07:11:20;15:21:07;839.528,-427.4145,-427.4145;True,Commercial,PHANTOM,25,4505,1;;;
Trevor;07:11:20;15:21:08;852.6262,-425.7487,-425.7487;True,Commercial,PHANTOM,25,59946,1;;;
Trevor;07:11:21;15:21:08;865.6732,-423.2791,-423.2791;True,Commercial,PHANTOM,25,4719,1;;;
Trevor;07:11:21;15:21:09;878.7831,-420.4379,-420.4379;True,Commercial,PHANTOM,25,33083,1;;;
Trevor;07:11:22;15:21:09;891.6896,-417.6508,-417.6508;True,Commercial,PHANTOM,25,22836,1;;;
Trevor;07:11:22;15:21:10;904.315,-415.2083,-415.2083;True,Commercial,PHANTOM,25,02256,1;;;
Trevor;07:11:23;15:21:10;916.5461,-412.8682,-412.8682;True,Commercial,PHANTOM,24,21196,1;;;
Trevor;07:11:23;15:21:11;928.2956,-410.2516,-410.2516;True,Commercial,PHANTOM,23,42885,1;;;
Trevor;07:11:24;15:21:11;939.967,-407.618,-407.618;True,Commercial,PHANTOM,22,38012,1;;;
Trevor;07:11:24;15:21:12;951.0591,-404.6769,-404.6769;True,Commercial,PHANTOM,21,8926,1;;;
Trevor;07:11:25;15:21:12;961.6793,-399.8014,-399.8014;True,Commercial,PHANTOM,22,54374,1;;;
Trevor;07:11:25;15:21:13;971.7673,-393.5348,-393.5348;True,Commercial,PHANTOM,22,50405,1;;;
Trevor;07:11:26;15:21:13;981.0063,-386.5091,-386.5091;True,Commercial,PHANTOM,22,53538,1;;;
Trevor;07:11:26;15:21:14;990.7238,-379.6889,-379.6889;True,Commercial,PHANTOM,22,67196,1;;;
Trevor;07:11:27;15:21:14;1000.376,-373.0942,-373.0942;True,Commercial,PHANTOM,22,72957,1;;;
Trevor;07:11:27;15:21:15;1009.633,-365.8797,-365.8797;True,Commercial,PHANTOM,22,71155,1;;;
Trevor;07:11:28;15:21:15;1017.743,-357.42,-357.42;True,Commercial,PHANTOM,22,45466,1;;;
Trevor;07:11:28;15:21:16;1024.623,-347.7202,-347.7202;True,Commercial,PHANTOM,22,89049,1;;;
Trevor;07:11:29;15:21:16;1031.56,-337.9153,-337.9153;True,Commercial,PHANTOM,23,48367,1;;;
Trevor;07:11:29;15:21:17;1038.397,-327.3867,-327.3867;True,Commercial,PHANTOM,24,00359,1;The little shit's all out of juice.;trevor;fam4_BDAB
Trevor;07:11:30;15:21:17;1045.011,-316.5299,-316.5299;True,Commercial,PHANTOM,24,69411,0;;;
Trevor;07:11:31;15:21:18;1050.733,-307.0326,-307.0326;True,Commercial,PHANTOM,12,01418,0;;;
Trevor;07:11:31;15:21:19;1052.193,-304.602,-304.602;True,Commercial,PHANTOM,1,2709,0;;;
Trevor;07:11:32;15:21:19;1052.23,-304.6136,-304.6136;True,Commercial,PHANTOM,0,02145835,0;;;
Trevor;07:11:32;15:21:20;1052.23,-304.6157,-304.6157;True,Commercial,PHANTOM,0,004532065,0;;;
Trevor;07:11:33;15:21:20;1052.23,-304.6156,-304.6156;True,Commercial,PHANTOM,0,0;;;
Trevor;07:11:33;15:21:21;1051.529,-302.3308,-302.3308;;;;
Trevor;07:11:34;15:21:21;1051.323,-302.3396,-302.3396;;;;
Trevor;07:11:34;15:21:22;1061.629,-283.6594,-283.6594;;;;
Trevor;07:11:35;15:21:22;1062.114,-282.9865,-282.9865;;Hey...;Cutscene;Cutscene
Trevor;07:11:35;15:21:23;1062.629,-282.3963,-282.3963;;;;
Trevor;07:11:36;15:21:23;1063.034,-281.8523,-281.8523;;;;
Trevor;07:11:36;15:21:24;1063.449,-281.3593,-281.3593;;;;
Trevor;07:11:37;15:21:24;1063.94,-280.9731,-280.9731;;You run out of batteries? Huh?;Cutscene;Cutscene
Trevor;07:11:37;15:21:25;1064.385,-280.7264,-280.7264;;;;
Trevor;07:11:38;15:21:25;1064.85,-280.7535,-280.7535;;;;
Trevor;07:11:38;15:21:26;1065.163,-280.7503,-280.7503;;I didn't mean anything by it. Alright?;Cutscene;Cutscene
Trevor;07:11:39;15:21:26;1065.383,-280.7719,-280.7719;;;;
Trevor;07:11:39;15:21:27;1065.476,-280.8636,-280.8636;;;;
Trevor;07:11:40;15:21:27;1065.682,-280.8324,-280.8324;;Oh yeah? Well, that little girl sat on my lap when she was two years old,;Cutscene;Cutscene
Trevor;07:11:40;15:21:28;1065.721,-280.8022,-280.8022;;;;
Trevor;07:11:41;15:21:28;1065.702,-280.8439,-280.8439;;;;
Trevor;07:11:41;15:21:29;1065.665,-280.8499,-280.8499;;;;
Trevor;07:11:42;15:21:30;1065.773,-280.8428,-280.8428;;;;
Trevor;07:11:43;15:21:30;1065.72,-280.8636,-280.8636;;;;
Trevor;07:11:43;15:21:31;1065.647,-280.8458,-280.8458;;;;
Trevor;07:11:44;15:21:31;1065.706,-280.8378,-280.8378;;and I swore to God that I would rip the fucking skin off anyone;Cutscene;Cutscene
Trevor;07:11:44;15:21:32;1065.667,-280.8654,-280.8654;;;;
Trevor;07:11:45;15:21:32;1065.647,-280.8783,-280.8783;;;;
Trevor;07:11:45;15:21:33;1065.649,-280.8921,-280.8921;;;;
Trevor;07:11:46;15:21:33;1065.664,-280.8832,-280.8832;;;;
Trevor;07:11:46;15:21:34;1065.731,-280.8463,-280.8463;;;;
Trevor;07:11:47;15:21:34;1065.649,-280.8926,-280.8926;;;;
Trevor;07:11:47;15:21:35;1065.685,-280.8985,-280.8985;;;;
Trevor;07:11:48;15:21:35;1065.745,-280.8537,-280.8537;;who fucking wronged her.;Cutscene;Cutscene
Trevor;07:11:48;15:21:36;1065.657,-280.9042,-280.9042;;;;
Trevor;07:11:49;15:21:36;1065.65,-280.925,-280.925;;;;
Trevor;07:11:49;15:21:37;1065.663,-280.8961,-280.8961;;Look, I'm just a dumb A-list celebrity trying to entertain America, okay?;Cutscene;Cutscene
Trevor;07:11:50;15:21:37;1065.662,-280.8918,-280.8918;;;;
Trevor;07:11:50;15:21:38;1065.665,-280.8883,-280.8883;;;;
Trevor;07:11:51;15:21:38;1065.668,-280.8867,-280.8867;;;;
Trevor;07:11:51;15:21:39;1065.663,-280.8853,-280.8853;;;;
Trevor;07:11:52;15:21:39;1065.665,-280.8829,-280.8829;;;;
Trevor;07:11:53;15:21:40;1065.667,-280.8816,-280.8816;;;;
Trevor;07:11:53;15:21:41;1065.659,-280.8871,-280.8871;;I got a lot of stuff going on right now, dude,;Cutscene;Cutscene
Trevor;07:11:54;15:21:41;1065.659,-280.8926,-280.8926;;;;
Trevor;07:11:54;15:21:42;1065.671,-280.8767,-280.8767;;;;
Trevor;07:11:55;15:21:42;1065.683,-280.8265,-280.8265;;;;
Trevor;07:11:55;15:21:43;1065.673,-280.8129,-280.8129;;;;
Trevor;07:11:56;15:21:43;1065.679,-280.8168,-280.8168;;besides you trying to kill me.;Cutscene;Cutscene
Trevor;07:11:56;15:21:44;1065.731,-280.8103,-280.8103;;;;
Trevor;07:11:57;15:21:44;1065.815,-280.7774,-280.7774;;;;
Trevor;07:11:57;15:21:45;1065.787,-280.7955,-280.7955;;;;
Trevor;07:11:58;15:21:45;1065.709,-280.8448,-280.8448;;Now, I got multiple sexual harassment lawsuits plus;Cutscene;Cutscene
Trevor;07:11:58;15:21:46;1065.66,-280.8647,-280.8647;;;;
Trevor;07:11:59;15:21:46;1065.682,-280.942,-280.942;;;;
Trevor;07:11:59;15:21:47;1065.743,-281.0571,-281.0571;;;;
Trevor;07:12:00;15:21:47;1065.813,-281.1127,-281.1127;;;;
Trevor;07:12:00;15:21:48;1065.437,-281.1891,-281.1891;;I'm an addict. Alright?;Cutscene;Cutscene
Trevor;07:12:01;15:21:48;1065.436,-281.1932,-281.1932;;;;
Trevor;07:12:01;15:21:49;1065.436,-281.1983,-281.1983;;;;
Trevor;07:12:02;15:21:49;1065.435,-281.1995,-281.1995;;And I've relapsed.;Cutscene;Cutscene
Trevor;07:12:02;15:21:50;1065.435,-281.2013,-281.2013;;;;
Trevor;07:12:03;15:21:51;1065.639,-281.1733,-281.1733;;I can't stop jacking dude.;Cutscene;Cutscene
Trevor;07:12:04;15:21:51;1065.641,-281.1773,-281.1773;;;;
Trevor;07:12:04;15:21:52;1065.633,-281.1786,-281.1786;;;;
Trevor;07:12:05;15:21:52;1065.633,-281.177,-281.177;;I jack it in traffic.;Cutscene;Cutscene
Trevor;07:12:05;15:21:53;1065.632,-281.1765,-281.1765;;;;
Trevor;07:12:06;15:21:53;1065.647,-281.2303,-281.2303;;What's your talent? Huh?;Cutscene;Cutscene
Trevor;07:12:06;15:21:54;1065.512,-281.1673,-281.1673;;;;
Trevor;07:12:07;15:21:54;1065.404,-281.109,-281.109;;;;
Trevor;07:12:07;15:21:55;1065.373,-281.2433,-281.2433;;I mean, aside from love and sex.;Cutscene;Cutscene
Trevor;07:12:08;15:21:55;1065.33,-281.3669,-281.3669;;;;
Trevor;07:12:08;15:21:56;1065.305,-281.29,-281.29;;;;
Trevor;07:12:09;15:21:56;1064.532,-281.4986,-281.4986;;;;
Trevor;07:12:09;15:21:57;1064.529,-281.5674,-281.5674;;Dude, haven't you seen my show?;Cutscene;Cutscene
Trevor;07:12:10;15:21:57;1064.512,-281.5315,-281.5315;;;;
Trevor;07:12:10;15:21:58;1064.511,-281.5146,-281.5146;;It's not live,;Cutscene;Cutscene
Trevor;07:12:11;15:21:58;1064.508,-281.5341,-281.5341;;;;
Trevor;07:12:11;15:21:59;1064.505,-281.5441,-281.5441;;it's not funny.;Cutscene;Cutscene
Trevor;07:12:12;15:21:59;1064.508,-281.5529,-281.5529;;;;
Trevor;07:12:12;15:22:00;1064.507,-281.5549,-281.5549;;That's my genius.;Cutscene;Cutscene
Trevor;07:12:13;15:22:00;1064.518,-281.5746,-281.5746;;I got no fucking talent.;Cutscene;Cutscene
Trevor;07:12:14;15:22:01;1064.516,-281.588,-281.588;;;;
Trevor;07:12:14;15:22:02;1064.515,-281.5853,-281.5853;;;;
Trevor;07:12:15;15:22:02;1064.346,-281.4604,-281.4604;;Clearly he ain't being humble, T.;Cutscene;Cutscene
Trevor;07:12:15;15:22:03;1064.37,-281.4633,-281.4633;;;;
Trevor;07:12:16;15:22:03;1064.35,-281.2596,-281.2596;;;;
Trevor;07:12:16;15:22:04;1064.398,-281.277,-281.277;;;;
Trevor;07:12:17;15:22:04;1064.406,-281.2799,-281.2799;;You proved your point.;Cutscene;Cutscene
Trevor;07:12:17;15:22:05;1064.403,-281.2737,-281.2737;;;;
Trevor;07:12:18;15:22:05;1064.405,-281.2748,-281.2748;;Yeah...;Cutscene;Cutscene
Trevor;07:12:18;15:22:06;1064.576,-281.3004,-281.3004;;This is your daughter.;Cutscene;Cutscene
Trevor;07:12:19;15:22:06;1064.538,-281.3103,-281.3103;;;;
Trevor;07:12:19;15:22:07;1064.694,-281.3621,-281.3621;;You should be wanting to rip;Cutscene;Cutscene
Trevor;07:12:20;15:22:07;1064.732,-281.3439,-281.3439;;;;
Trevor;07:12:20;15:22:08;1064.582,-281.2043,-281.2043;;the fucking ponytail off the back of this guy's head!;Cutscene;Cutscene
Trevor;07:12:21;15:22:08;1064.513,-281.2109,-281.2109;;;;
Trevor;07:12:21;15:22:09;1064.432,-281.4012,-281.4012;;;;
Trevor;07:12:22;15:22:09;1064.335,-281.3668,-281.3668;;;;
Trevor;07:12:22;15:22:10;1064.307,-281.231,-281.231;;;;
Trevor;07:12:23;15:22:10;1064.704,-281.0617,-281.0617;;And you!;Cutscene;Cutscene
Trevor;07:12:24;15:22:11;1064.344,-281.1911,-281.1911;;;;
Trevor;07:12:24;15:22:12;1064.177,-281.488,-281.488;;;;
Trevor;07:12:25;15:22:12;1063.999,-281.5344,-281.5344;;Pants off.;Cutscene;Cutscene
Trevor;07:12:25;15:22:13;1063.805,-281.4568,-281.4568;;;;
Trevor;07:12:26;15:22:13;1063.739,-281.6442,-281.6442;;;;
Trevor;07:12:26;15:22:14;1063.947,-281.6614,-281.6614;;;;
Trevor;07:12:27;15:22:14;1063.941,-281.6537,-281.6537;;;;
Trevor;07:12:27;15:22:15;1063.939,-281.6515,-281.6515;;;;
Trevor;07:12:28;15:22:15;1063.933,-281.6524,-281.6524;;Uh...;Cutscene;Cutscene
Trevor;07:12:28;15:22:16;1063.936,-281.6481,-281.6481;;;;
Trevor;07:12:29;15:22:16;1063.943,-281.6498,-281.6498;;Okay?;Cutscene;Cutscene
Trevor;07:12:29;15:22:17;1063.966,-281.6447,-281.6447;;;;
Trevor;07:12:30;15:22:17;1064.023,-281.4656,-281.4656;;;;
Trevor;07:12:30;15:22:18;1064.165,-281.3363,-281.3363;;There ya go.;Cutscene;Cutscene
Trevor;07:12:31;15:22:18;1064.417,-281.4357,-281.4357;;;;
Trevor;07:12:31;15:22:19;1065.26,-281.4437,-281.4437;;;;
Trevor;07:12:32;15:22:19;1065.394,-281.3647,-281.3647;;;;
Trevor;07:12:32;15:22:20;1065.592,-281.1658,-281.1658;;Alright.;Cutscene;Cutscene
Trevor;07:12:33;15:22:20;1065.692,-281.231,-281.231;;;;
Trevor;07:12:33;15:22:21;1065.786,-281.276,-281.276;;;;
Trevor;07:12:34;15:22:21;1065.775,-281.1099,-281.1099;;What are you doing?;Cutscene;Cutscene
Trevor;07:12:35;15:22:22;1065.743,-281.1695,-281.1695;;Now, I want you to dance sexy,;Cutscene;Cutscene
Trevor;07:12:35;15:22:23;1065.732,-281.2705,-281.2705;;;;
Trevor;07:12:36;15:22:23;1065.728,-281.0696,-281.0696;;;;
Trevor;07:12:36;15:22:24;1065.731,-281.1589,-281.1589;;;;
Trevor;07:12:37;15:22:24;1065.734,-281.2609,-281.2609;;celebrity...;Cutscene;Cutscene
Trevor;07:12:37;15:22:25;1065.716,-281.0954,-281.0954;;;;
Trevor;07:12:38;15:22:25;1065.739,-281.1044,-281.1044;;;;
Trevor;07:12:38;15:22:26;1065.734,-281.0868,-281.0868;;I mean, I need music, or...;Cutscene;Cutscene
Trevor;07:12:39;15:22:26;1065.795,-281.2723,-281.2723;;;;
Trevor;07:12:39;15:22:27;1065.783,-281.176,-281.176;;;;
Trevor;07:12:40;15:22:27;1065.757,-281.1547,-281.1547;;Are you trying to fucking annoy me? Huh?;Cutscene;Cutscene
Trevor;07:12:40;15:22:28;1065.631,-281.0153,-281.0153;;;;
Trevor;07:12:41;15:22:28;1065.171,-281.0453,-281.0453;;;;
Trevor;07:12:41;15:22:29;1064.827,-280.9772,-280.9772;;;;
Trevor;07:12:42;15:22:29;1064.289,-281.1567,-281.1567;;;;
Trevor;07:12:42;15:22:30;1064.574,-281.065,-281.065;;I'll dance.;Cutscene;Cutscene
Trevor;07:12:43;15:22:30;1064.88,-281.0627,-281.0627;;;;
Trevor;07:12:43;15:22:31;1065.28,-281.1575,-281.1575;;Good.;Cutscene;Cutscene
Trevor;07:12:44;15:22:31;1065.613,-281.0893,-281.0893;;;;
Trevor;07:12:44;15:22:32;1065.845,-281.1127,-281.1127;;;;
Trevor;07:12:45;15:22:32;1065.922,-281.1962,-281.1962;;;;
Trevor;07:12:46;15:22:33;1065.917,-281.0499,-281.0499;;What the fuck is that?;Cutscene;Cutscene
Trevor;07:12:46;15:22:34;1065.867,-281.0713,-281.0713;;;;
Trevor;07:12:47;15:22:34;1065.813,-281.1648,-281.1648;;;;
Trevor;07:12:47;15:22:35;1065.828,-281.0043,-281.0043;;Alright, alright, now drop it like it's hot, alright?;Cutscene;Cutscene
Trevor;07:12:48;15:22:35;1065.847,-281.1508,-281.1508;;;;
Trevor;07:12:48;15:22:36;1065.824,-281.1124,-281.1124;;;;
Trevor;07:12:49;15:22:36;1065.813,-280.9842,-280.9842;;;;
Trevor;07:12:49;15:22:37;1065.819,-281.2053,-281.2053;;;;
Trevor;07:12:50;15:22:37;1065.765,-281.18,-281.18;;;;
Trevor;07:12:50;15:22:38;1065.689,-280.9793,-280.9793;;I wanna see you get nice and low.;Cutscene;Cutscene
Trevor;07:12:51;15:22:38;1065.734,-281.1284,-281.1284;;;;
Trevor;07:12:51;15:22:39;1065.762,-281.2021,-281.2021;;;;
Trevor;07:12:52;15:22:39;1065.713,-281.0218,-281.0218;;;;
Trevor;07:12:52;15:22:40;1065.718,-281.0168,-281.0168;;;;
Trevor;07:12:53;15:22:40;1065.777,-281.0761,-281.0761;;Come on!;Cutscene;Cutscene
Trevor;07:12:53;15:22:41;1065.765,-281.0665,-281.0665;;Lower!;Cutscene;Cutscene
Trevor;07:12:54;15:22:41;1065.717,-280.9039,-280.9039;;;;
Trevor;07:12:54;15:22:42;1065.761,-280.964,-280.964;;Oh, Christ!;Cutscene;Cutscene
Trevor;07:12:55;15:22:42;1065.777,-281.1358,-281.1358;;Lower!;Cutscene;Cutscene
Trevor;07:12:55;15:22:43;1065.736,-281.0283,-281.0283;;;;
Trevor;07:12:56;15:22:44;1065.688,-280.9268,-280.9268;;Come on!;Cutscene;Cutscene
Trevor;07:12:57;15:22:44;1065.675,-281.0495,-281.0495;;;;
Trevor;07:12:57;15:22:45;1065.626,-280.887,-280.887;;Please don't kill me. Okay?;Cutscene;Cutscene
Trevor;07:12:58;15:22:45;1065.571,-280.783,-280.783;;;;
Trevor;07:12:58;15:22:46;1065.389,-280.7222,-280.7222;;;;
Trevor;07:12:59;15:22:46;1065.283,-280.5907,-280.5907;;I'm supposed to be on a magazine cover next week.;Cutscene;Cutscene
Trevor;07:12:59;15:22:47;1065.297,-280.364,-280.364;;;;
Trevor;07:13:00;15:22:47;1065.246,-280.3277,-280.3277;;;;
Trevor;07:13:00;15:22:48;1065.07,-280.3378,-280.3378;;;;
Trevor;07:13:01;15:22:48;1064.916,-280.0085,-280.0085;;;;
Trevor;07:13:01;15:22:49;1064.843,-279.9372,-279.9372;;;;
Trevor;07:13:02;15:22:49;1064.939,-279.7826,-279.7826;;;;
Trevor;07:13:02;15:22:50;1065.023,-279.902,-279.902;;;;
Trevor;07:13:03;15:22:50;1065.088,-279.9692,-279.9692;;Take off.;Cutscene;Cutscene
Trevor;07:13:03;15:22:51;1065.014,-279.7625,-279.7625;;Go! Now, before I change my mind.;Cutscene;Cutscene
Trevor;07:13:04;15:22:51;1065.011,-279.769,-279.769;;;;
Trevor;07:13:04;15:22:52;1064.862,-279.7052,-279.7052;;;;
Trevor;07:13:05;15:22:52;1064.714,-279.6164,-279.6164;;;;
Trevor;07:13:05;15:22:53;1064.658,-279.7831,-279.7831;;;;
Trevor;07:13:06;15:22:53;1064.502,-279.8715,-279.8715;;I got it all on my camera, you fucking pussy.;Cutscene;Cutscene
Trevor;07:13:07;15:22:54;1064.227,-279.9696,-279.9696;;;;
Trevor;07:13:07;15:22:55;1064.04,-280.3124,-280.3124;;;;
Trevor;07:13:08;15:22:55;1063.712,-280.719,-280.719;;;;
Trevor;07:13:08;15:22:56;1063.087,-281.2284,-281.2284;;;;
Trevor;07:13:09;15:22:56;1062.464,-281.8932,-281.8932;;The world's going to see your shit!;Cutscene;Cutscene
Trevor;07:13:09;15:22:57;1061.819,-282.5983,-282.5983;;;;
Trevor;07:13:10;15:22:57;1061.324,-283.4375,-283.4375;;;;
Trevor;07:13:10;15:22:58;1060.759,-284.2996,-284.2996;;;;
Trevor;07:13:11;15:22:58;1060.365,-285.0276,-285.0276;;;;
Trevor;07:13:11;15:22:59;1059.978,-285.576,-285.576;;;;
Trevor;07:13:12;15:22:59;1059.743,-285.9025,-285.9025;;;;
Trevor;07:13:12;15:23:00;1059.459,-285.8969,-285.8969;;I'm going home.;Cutscene;Cutscene
Trevor;07:13:13;15:23:00;1057.896,-289.0714,-289.0714;;;;
Trevor;07:13:13;15:23:01;1057.64,-289.4683,-289.4683;;How the fuck did you do it without me for nine years? Huh?;Cutscene;Cutscene
Trevor;07:13:14;15:23:01;1057.502,-289.8507,-289.8507;;;;
Trevor;07:13:14;15:23:02;1057.346,-290.2035,-290.2035;;;;
Trevor;07:13:15;15:23:02;1057.368,-290.511,-290.511;;;;
Trevor;07:13:15;15:23:03;1057.504,-290.7397,-290.7397;;;;
Trevor;07:13:16;15:23:03;1056.145,-292.452,-292.452;;;;
Trevor;07:13:16;15:23:04;1055.922,-293.4538,-293.4538;;;;
Trevor;07:13:17;15:23:04;1055.674,-294.4161,-294.4161;;;;
Trevor;07:13:18;15:23:05;1055.493,-294.8075,-294.8075;;;;
Trevor;07:13:18;15:23:06;1055.434,-294.7791,-294.7791;;;;
Trevor;07:13:19;15:23:06;1055.671,-294.7924,-294.7924;;;;
Trevor;07:13:19;15:23:07;1055.893,-294.9339,-294.9339;;Oh, shit.;Cutscene;Cutscene
Trevor;07:13:20;15:23:07;1057.215,-294.3372,-294.3372;;;;
Trevor;07:13:20;15:23:08;1057.62,-293.5263,-293.5263;;;;
Trevor;07:13:21;15:23:08;1057.988,-292.6016,-292.6016;;;;
Trevor;07:13:21;15:23:09;1058.355,-291.3513,-291.3513;;;;
Trevor;07:13:22;15:23:09;1058.716,-289.8318,-289.8318;;;;
Trevor;07:13:22;15:23:10;1061.52,-292.39,-292.39;;;;
Trevor;07:13:23;15:23:10;1061.52,-292.39,-292.39;;;;
Trevor;07:13:23;15:23:11;1061.52,-292.39,-292.39;;;;
Trevor;07:13:24;15:23:11;1061.52,-292.39,-292.39;;;;
Trevor;07:13:24;15:23:12;1061.52,-292.39,-292.39;;;;
Trevor;07:13:25;15:23:12;1061.52,-292.39,-292.39;;;;
Trevor;07:13:25;15:23:13;1061.52,-292.39,-292.39;;;;
Trevor;07:13:26;15:23:13;1061.52,-292.39,-292.39;;;;
Trevor;07:13:26;15:23:14;1061.52,-292.39,-292.39;;;;
Trevor;07:13:27;15:23:14;1061.52,-292.39,-292.39;;;;
Trevor;07:13:28;15:23:15;1061.52,-292.39,-292.39;;;;
Trevor;07:13:28;15:23:16;1061.52,-292.39,-292.39;;Dave.;Cutscene;Cutscene
Trevor;07:13:29;15:23:16;1061.52,-292.39,-292.39;;We need to talk.;Cutscene;Cutscene
Trevor;07:13:29;15:23:17;1061.52,-292.39,-292.39;;;;
Trevor;07:13:30;15:23:17;1061.52,-292.39,-292.39;;I was about to tell you the same thing.;Cutscene;Cutscene
Trevor;07:13:30;15:23:18;1061.52,-292.39,-292.39;;;;
Trevor;07:13:31;15:23:18;1061.52,-292.39,-292.39;;;;
Trevor;07:13:31;15:23:19;1061.52,-292.39,-292.39;;;;
Trevor;07:13:32;15:23:19;1061.52,-292.39,-292.39;;Okay.;Cutscene;Cutscene
Trevor;07:13:32;15:23:20;1061.52,-292.39,-292.39;;;;
Trevor;07:13:33;15:23:20;1061.52,-292.39,-292.39;;Meet me at Galileo Observatory,;Cutscene;Cutscene
Trevor;07:13:33;15:23:21;1061.52,-292.39,-292.39;;;;
Trevor;07:13:34;15:23:21;1061.52,-292.39,-292.39;;;;
Trevor;07:13:34;15:23:22;1061.52,-292.39,-292.39;;soon as you can get there.;Cutscene;Cutscene
Trevor;07:13:35;15:23:22;1061.52,-292.39,-292.39;;;;
Trevor;07:13:35;15:23:23;1061.52,-292.39,-292.39;;Okay.;Cutscene;Cutscene
Trevor;07:13:36;15:23:23;1061.52,-292.39,-292.39;;;;
Trevor;07:13:36;15:23:24;1061.52,-292.39,-292.39;;;;
Trevor;07:13:37;15:23:24;1061.52,-292.39,-292.39;;;;
Trevor;07:13:38;15:23:25;1061.52,-292.39,-292.39;;;;
Trevor;07:13:38;15:23:26;1061.52,-292.39,-292.39;;;;
???;07:13:42;15:23:29;0,0,0;;;;
???;07:13:42;15:23:30;0,0,0;;;;
???;07:13:43;15:23:30;0,0,0;;;;
???;07:13:43;15:23:31;0,0,0;;;;
???;07:13:44;15:23:31;0,0,0;;;;
???;07:13:44;15:23:32;0,0,0;;;;
char;time_ingame;time_rw;pos;vehicle;subtitles_text;speaker;soundfile
Michael;07:13:48;15:23:35;1059.738,-336.2539,-336.2539;;;;
Michael;07:13:49;15:23:36;1058.793,-336.3111,-336.3111;;;;
Michael;07:13:49;15:23:37;1057.922,-336.2846,-336.2846;;;;
Michael;07:13:50;15:23:37;1057.081,-336.0066,-336.0066;;;;
Michael;07:13:50;15:23:38;1056.368,-336.2186,-336.2186;;;;
Michael;07:13:51;15:23:38;1056.274,-337.0975,-337.0975;;;;
Michael;07:13:51;15:23:39;1055.633,-337.5446,-337.5446;;;;
Michael;07:13:52;15:23:39;1054.988,-337.0704,-337.0704;;;;
Michael;07:13:52;15:23:40;1054.679,-336.2319,-336.2319;;;;
Michael;07:13:53;15:23:40;1054.021,-335.6475,-335.6475;;;;
Michael;07:13:53;15:23:41;1053.282,-335.1513,-335.1513;;;;
Michael;07:13:54;15:23:41;1052.701,-334.4949,-334.4949;;;;
Michael;07:13:54;15:23:42;1051.957,-333.9786,-333.9786;;;;
Michael;07:13:55;15:23:42;1051.212,-333.4833,-333.4833;;;;
Michael;07:13:55;15:23:43;1050.592,-332.8482,-332.8482;;;;
Michael;07:13:56;15:23:43;1050.147,-332.3643,-332.3643;;;;
Michael;07:13:56;15:23:44;1049.862,-332.0666,-332.0666;;;;
Michael;07:13:57;15:23:44;1049.856,-332.058,-332.058;;;;
Michael;07:13:57;15:23:45;1049.856,-332.058,-332.058;;;;
Michael;07:13:58;15:23:51;1049.856,-332.058,-332.058;;;;
Michael;07:14:04;15:23:51;1049.754,-331.9693,-331.9693;;;;
Michael;07:14:04;15:23:52;1049.001,-331.1818,-331.1818;;;;
Michael;07:14:05;15:23:52;1048.829,-330.7386,-330.7386;;;;
Michael;07:14:05;15:23:53;1048.54,-330.7078,-330.7078;;;;
Michael;07:14:06;15:23:53;1047.815,-330.3576,-330.3576;;;;
Michael;07:14:06;15:23:54;1047.039,-330.0623,-330.0623;;;;
Michael;07:14:07;15:23:54;1046.248,-329.8165,-329.8165;;;;
Michael;07:14:07;15:23:55;1045.477,-329.4237,-329.4237;;;;
Michael;07:14:08;15:23:55;1044.768,-328.9971,-328.9971;;;;
Michael;07:14:08;15:23:56;1044.319,-328.279,-328.279;;;;
Michael;07:14:09;15:23:56;1043.893,-327.5295,-327.5295;;;;
Michael;07:14:09;15:23:57;1043.313,-326.9114,-326.9114;;;;
Michael;07:14:10;15:23:57;1043.427,-327.3318,-327.3318;;;;
Michael;07:14:10;15:23:58;1043.798,-327.9624,-327.9624;;;;
Michael;07:14:11;15:23:58;1044.699,-327.9059,-327.9059;;;;
Michael;07:14:11;15:23:59;1045.488,-328.2409,-328.2409;;;;
Michael;07:14:12;15:23:59;1046.236,-328.7544,-328.7544;;;;
Michael;07:14:12;15:24:00;1046.97,-329.2499,-329.2499;;;;
Michael;07:14:13;15:24:00;1047.709,-329.7315,-329.7315;;Hey. I need a cab.;MICHAEL;TAXIS_ADAA
Michael;07:14:14;15:24:01;1048.454,-330.2371,-330.2371;;;;
Michael;07:14:14;15:24:02;1049.178,-330.7426,-330.7426;;Stay where you are, I got a driver right around the corner.;TAXIS_AGAA;TAXIS_AGAA
Michael;07:14:15;15:24:02;1049.911,-331.2545,-331.2545;;;;
Michael;07:14:15;15:24:03;1050.637,-331.7477,-331.7477;;;;
Michael;07:14:16;15:24:03;1051.432,-332.275,-332.275;;;;
Michael;07:14:16;15:24:04;1052.191,-332.7544,-332.7544;;;;
Michael;07:14:17;15:24:04;1052.949,-333.2097,-333.2097;;Thank you.;MICHAEL;TAXIS_AHAA
Michael;07:14:17;15:24:05;1053.799,-333.4976,-333.4976;;;;
Michael;07:14:18;15:24:05;1054.647,-333.7822,-333.7822;;;;
Michael;07:14:18;15:24:06;1054.808,-333.8242,-333.8242;;;;
Michael;07:14:19;15:24:06;1054.604,-333.0918,-333.0918;;;;
Michael;07:14:19;15:24:07;1053.991,-332.4408,-332.4408;;;;
Michael;07:14:20;15:24:07;1053.169,-332.3792,-332.3792;;;;
Michael;07:14:20;15:24:08;1053.03,-333.0104,-333.0104;;;;
Michael;07:14:21;15:24:08;1053.849,-333.2703,-333.2703;;;;
Michael;07:14:21;15:24:09;1054.741,-333.3607,-333.3607;;;;
Michael;07:14:22;15:24:09;1055.513,-333.683,-333.683;;;;
Michael;07:14:22;15:24:10;1055.933,-334.4778,-334.4778;;;;
Michael;07:14:23;15:24:10;1056.618,-335.0221,-335.0221;;;;
Michael;07:14:23;15:24:11;1057.481,-335.2578,-335.2578;;;;
Michael;07:14:24;15:24:11;1058.219,-335.7591,-335.7591;;;;
Michael;07:14:25;15:24:12;1058.965,-336.2604,-336.2604;;;;
Michael;07:14:25;15:24:13;1059.832,-336.5024,-336.5024;;;;
Michael;07:14:26;15:24:13;1060.231,-336.7175,-336.7175;;;;
Michael;07:14:26;15:24:14;1060.301,-336.7691,-336.7691;;;;
Michael;07:14:27;15:24:14;1060.368,-336.8247,-336.8247;;;;
Michael;07:14:27;15:24:15;1060.434,-336.8842,-336.8842;;;;
Michael;07:14:28;15:24:15;1060.5,-336.9464,-336.9464;;;;
Michael;07:14:28;15:24:16;1060.567,-337.0092,-337.0092;;;;
Michael;07:14:29;15:24:16;1060.737,-337.1712,-337.1712;;;;
Michael;07:14:29;15:24:17;1061.418,-337.7514,-337.7514;;;;
Michael;07:14:30;15:24:17;1062.287,-337.8748,-337.8748;;;;
Michael;07:14:30;15:24:18;1062.977,-338.2617,-338.2617;;;;
Michael;07:14:31;15:24:18;1062.635,-338.6447,-338.6447;;;;
Michael;07:14:31;15:24:19;1062.073,-338.0277,-338.0277;;;;
Michael;07:14:32;15:24:19;1061.33,-337.5656,-337.5656;;;;
Michael;07:14:32;15:24:20;1060.654,-337.0778,-337.0778;;;;
Michael;07:14:33;15:24:20;1060.363,-336.2239,-336.2239;;;;
Michael;07:14:33;15:24:21;1060,-335.4124,-335.4124;;;;
Michael;07:14:34;15:24:21;1059.253,-334.9279,-334.9279;;;;
Michael;07:14:34;15:24:22;1058.511,-334.421,-334.421;;;;
Michael;07:14:35;15:24:22;1057.792,-333.8007,-333.8007;;;;
Michael;07:14:36;15:24:23;1057.137,-333.211,-333.211;;;;
Michael;07:14:36;15:24:24;1056.548,-332.5453,-332.5453;;;;
Michael;07:14:37;15:24:24;1055.879,-331.9442,-331.9442;;;;
Michael;07:14:37;15:24:25;1055.083,-331.5352,-331.5352;;;;
Michael;07:14:38;15:24:25;1054.358,-331.8218,-331.8218;;;;
Michael;07:14:38;15:24:26;1054.684,-332.4425,-332.4425;;;;
Michael;07:14:39;15:24:26;1055.53,-332.909,-332.909;;;;
Michael;07:14:39;15:24:27;1056.992,-334.2877,-334.2877;;;;
Michael;07:14:40;15:24:27;1058.918,-336.1615,-336.1615;;;;
Michael;07:14:40;15:24:28;1061.532,-338.3435,-338.3435;;;;
Michael;07:14:41;15:24:28;1064.193,-340.5935,-340.5935;;;;
Michael;07:14:41;15:24:29;1065.824,-342.425,-342.425;;;;
Michael;07:14:42;15:24:29;1067.162,-343.9558,-343.9558;;;;
Michael;07:14:42;15:24:30;1067.329,-344.1355,-344.1355;;;;
Michael;07:14:43;15:24:30;1065.54,-344.2182,-344.2182;True,Service,TAXI,0,003091393,0;;;
Michael;07:14:43;15:24:31;1065.539,-344.2177,-344.2177;True,Service,TAXI,0,005208913,0;;;
Michael;07:14:44;15:24:31;1065.537,-344.2193,-344.2193;True,Service,TAXI,0,009570973,0;;;
Michael;07:14:44;15:24:32;1065.539,-344.2179,-344.2179;True,Service,TAXI,0,0;;;
Michael;07:14:45;15:24:32;1065.539,-344.2179,-344.2179;True,Service,TAXI,0,0;;;
Michael;07:14:45;15:24:33;1065.539,-344.2179,-344.2179;True,Service,TAXI,0,0;;;
Michael;07:14:46;15:24:33;1065.539,-344.2179,-344.2179;True,Service,TAXI,0,0;;;
Michael;07:14:46;15:24:34;1065.539,-344.2179,-344.2179;True,Service,TAXI,0,0;Lester, hey.;MICHAEL;JHF_CRAA
Michael;07:14:47;15:24:34;1065.539,-344.2179,-344.2179;True,Service,TAXI,0,0;;;
Michael;07:14:48;15:24:35;1065.539,-344.2179,-344.2179;True,Service,TAXI,0,0;Mike, I'm transferring your cut of the jewel store take to your account.;LESTER;JHF_CRAB
Michael;07:14:48;15:24:36;1065.539,-344.2179,-344.2179;True,Service,TAXI,0,0;;;
Michael;07:14:49;15:24:36;1065.539,-344.2179,-344.2179;True,Service,TAXI,0,0;;;
Michael;07:14:49;15:24:37;1065.539,-344.2179,-344.2179;True,Service,TAXI,0,0;;;
Michael;07:14:50;15:24:37;1065.539,-344.2179,-344.2179;True,Service,TAXI,0,0;;;
Michael;07:14:50;15:24:38;1065.539,-344.2179,-344.2179;True,Service,TAXI,0,0;;;
Michael;07:14:51;15:24:38;1065.539,-344.2179,-344.2179;True,Service,TAXI,0,0;Madrazo's already got the house money, so you can rest easy there.;LESTER;JHF_CRAC
Michael;07:14:51;15:24:39;1065.539,-344.2179,-344.2179;True,Service,TAXI,0,0;;;
Michael;07:14:52;15:24:39;1065.539,-344.2179,-344.2179;True,Service,TAXI,0,0;;;
Michael;07:14:52;15:24:40;1065.539,-344.2179,-344.2179;True,Service,TAXI,0,0;;;
Michael;07:14:53;15:24:40;1065.539,-344.2179,-344.2179;True,Service,TAXI,0,0;;;
Michael;07:14:53;15:24:41;1065.539,-344.2179,-344.2179;True,Service,TAXI,0,0;;;
Michael;07:14:54;15:24:41;1065.539,-344.2179,-344.2179;True,Service,TAXI,0,0;;;
Michael;07:14:54;15:24:42;1065.539,-344.2179,-344.2179;True,Service,TAXI,0,0;Thank God for that.;MICHAEL;JHF_CRAD
Michael;07:14:55;15:24:42;1065.539,-344.2179,-344.2179;True,Service,TAXI,0,0;;;
Michael;07:14:55;15:24:43;1065.539,-344.2179,-344.2179;True,Service,TAXI,0,0;;;
Michael;07:14:56;15:24:43;1065.539,-344.2179,-344.2179;True,Service,TAXI,0,0;;;
Michael;07:14:56;15:24:44;1065.539,-344.2179,-344.2179;True,Service,TAXI,0,0;;;
Michael;07:14:57;15:24:44;1065.539,-344.2179,-344.2179;True,Service,TAXI,0,0;;;
Michael;07:14:57;15:24:45;1065.539,-344.2179,-344.2179;True,Service,TAXI,0,0;;;
Michael;07:14:58;15:24:45;1065.539,-344.2179,-344.2179;True,Service,TAXI,0,0;;;
Michael;07:14:58;15:24:46;1065.539,-344.2179,-344.2179;True,Service,TAXI,0,0;;;
Michael;07:14:59;15:24:46;1065.539,-344.2179,-344.2179;True,Service,TAXI,0,0;;;
Michael;07:15:00;15:24:47;1065.539,-344.2179,-344.2179;True,Service,TAXI,0,0;;;
Michael;07:15:00;15:24:48;1065.539,-344.2179,-344.2179;True,Service,TAXI,0,0;;;
Michael;07:15:01;15:24:48;1065.539,-344.2179,-344.2179;True,Service,TAXI,0,0;;;
Michael;07:15:01;15:24:49;1065.539,-344.2179,-344.2179;True,Service,TAXI,0,0;;;
Michael;07:15:02;15:24:49;1065.539,-344.2179,-344.2179;True,Service,TAXI,0,0;;;
Michael;07:15:02;15:24:50;1065.539,-344.2179,-344.2179;True,Service,TAXI,0,0;;;
Michael;07:15:03;15:24:50;1065.539,-344.2179,-344.2179;True,Service,TAXI,0,0;;;
Michael;07:15:03;15:24:51;1065.539,-344.2179,-344.2179;True,Service,TAXI,0,0;;;
Michael;07:15:04;15:24:51;1065.539,-344.2179,-344.2179;True,Service,TAXI,0,0;;;
Michael;07:15:04;15:24:52;1065.539,-344.2179,-344.2179;True,Service,TAXI,0,0;;;
Michael;07:15:05;15:24:52;1065.539,-344.2179,-344.2179;True,Service,TAXI,0,0;;;
Michael;07:15:05;15:24:53;1065.539,-344.2179,-344.2179;True,Service,TAXI,0,0;;;
Michael;07:15:06;15:24:53;1065.539,-344.218,-344.218;True,Service,TAXI,0,005321901,0,1432024;;;
Michael;07:15:06;15:24:54;1065.28,-344.036,-344.036;True,Service,TAXI,1,307841,0,52;;;
Michael;07:15:07;15:24:54;1064.34,-343.4375,-343.4375;True,Service,TAXI,2,942796,0,5284137;;;
Michael;07:15:07;15:24:55;1062.638,-342.4333,-342.4333;True,Service,TAXI,4,639,0,5427304;;;
Michael;07:15:08;15:24:55;1060.112,-341.009,-341.009;True,Service,TAXI,6,38489,0,5522177;;;
Michael;07:15:08;15:24:56;1056.817,-339.1369,-339.1369;True,Service,TAXI,8,112096,0,5128295;;;
Michael;07:15:09;15:24:56;1052.782,-336.7605,-336.7605;True,Service,TAXI,9,563928,0,3171715;;;
Michael;07:15:09;15:24:57;1048.326,-334.0653,-334.0653;True,Service,TAXI,10,69708,0,5371862;;;
Michael;07:15:10;15:24:57;1043.625,-331.2423,-331.2423;True,Service,TAXI,10,33536,0,52;;;
Michael;07:15:10;15:24:58;1038.731,-328.3538,-328.3538;True,Service,TAXI,11,30889,0,3583783;;;
Michael;07:15:11;15:24:58;1033.549,-325.3071,-325.3071;True,Service,TAXI,11,85221,0,07690496;;;
Michael;07:15:12;15:24:59;1028.224,-322.1489,-322.1489;True,Service,TAXI,11,91124,0,04464041;;;
Michael;07:15:12;15:25:00;1022.924,-319.0309,-319.0309;True,Service,TAXI,11,89188,0,05390406;;;
Michael;07:15:13;15:25:00;1017.612,-315.9409,-315.9409;True,Service,TAXI,11,8838,0,05828146;;;
Michael;07:15:13;15:25:01;1012.279,-312.8562,-312.8562;True,Service,TAXI,11,8778,0,06192512;;;
Michael;07:15:14;15:25:01;1006.915,-309.7495,-309.7495;True,Service,TAXI,11,87537,0,06319813;;;
Michael;07:15:14;15:25:02;1001.595,-306.6281,-306.6281;True,Service,TAXI,11,87476,0,06353667;;;
Michael;07:15:15;15:25:02;996.4696,-303.5727,-303.5727;True,Service,TAXI,10,47249,0;;;
Michael;07:15:15;15:25:03;992.5229,-301.1759,-301.1759;True,Service,TAXI,7,185302,0;;;
Michael;07:15:16;15:25:03;989.9106,-299.5889,-299.5889;True,Service,TAXI,4,667873,0;;;
Michael;07:15:16;15:25:04;988.1582,-298.5149,-298.5149;True,Service,TAXI,3,105843,0;;;
Michael;07:15:17;15:25:04;987.4307,-298.0803,-298.0803;True,Service,TAXI,0,05495964,0;;;
Michael;07:15:17;15:25:05;987.4409,-298.0946,-298.0946;True,Service,TAXI,0,01064659,0;;;
Michael;07:15:18;15:25:05;987.4407,-298.0946,-298.0946;True,Service,TAXI,0,0;;;
Michael;07:15:18;15:25:06;987.4407,-298.0946,-298.0946;True,Service,TAXI,0,0;;;
Michael;07:15:19;15:25:06;987.4407,-298.0946,-298.0946;True,Service,TAXI,0,0;;;
Michael;07:15:19;15:25:07;987.3973,-298.0705,-298.0705;True,Service,TAXI,0,5652744,0,5708103;;;
Michael;07:15:20;15:25:07;986.7056,-297.8729,-297.8729;True,Service,TAXI,2,1934,0,6041438;;;
Michael;07:15:20;15:25:08;985.037,-297.6327,-297.6327;True,Service,TAXI,4,33666,0,7701027;;;
Michael;07:15:21;15:25:08;982.0887,-297.2831,-297.2831;True,Service,TAXI,5,52388,0;;;
Michael;07:15:21;15:25:09;981.1964,-296.9103,-296.9103;True,Service,TAXI,0,2506174,0;;;
Michael;07:15:22;15:25:09;981.2323,-296.9242,-296.9242;True,Service,TAXI,0,02084171,0;;;
Michael;07:15:22;15:25:10;981.2323,-296.9232,-296.9232;True,Service,TAXI,0,0;;;
Michael;07:15:23;15:25:10;981.2323,-296.9232,-296.9232;True,Service,TAXI,0,0;;;
Michael;07:15:24;15:25:11;981.2323,-296.9232,-296.9232;True,Service,TAXI,0,0;;;
Michael;07:15:24;15:25:12;981.2323,-296.9232,-296.9232;True,Service,TAXI,0,0;;;
Michael;07:15:25;15:25:12;981.2323,-296.9232,-296.9232;True,Service,TAXI,0,0;;;
Michael;07:15:25;15:25:13;981.2323,-296.9232,-296.9232;True,Service,TAXI,0,0;;;
Michael;07:15:26;15:25:13;981.2323,-296.9232,-296.9232;True,Service,TAXI,0,0;;;
Michael;07:15:26;15:25:14;981.2323,-296.9232,-296.9232;True,Service,TAXI,0,0;;;
Michael;07:15:27;15:25:14;981.2323,-296.9232,-296.9232;True,Service,TAXI,0,0;;;
Michael;07:15:27;15:25:15;981.2323,-296.9232,-296.9232;True,Service,TAXI,0,0;;;
Michael;07:15:28;15:25:15;981.2323,-296.9232,-296.9232;True,Service,TAXI,0,0;;;
Michael;07:15:28;15:25:16;981.2323,-296.9232,-296.9232;True,Service,TAXI,0,0;;;
Michael;07:15:29;15:25:16;981.2323,-296.9232,-296.9232;True,Service,TAXI,0,0;;;
Michael;07:15:29;15:25:17;981.2323,-296.9232,-296.9232;True,Service,TAXI,0,0;;;
Michael;07:15:30;15:25:17;981.2323,-296.9232,-296.9232;True,Service,TAXI,0,0;;;
Michael;07:15:30;15:25:18;981.2323,-296.9232,-296.9232;True,Service,TAXI,0,0;;;
Michael;07:15:31;15:25:18;981.2323,-296.9232,-296.9232;True,Service,TAXI,0,0;;;
Michael;07:15:31;15:25:19;981.2323,-296.9232,-296.9232;True,Service,TAXI,0,0;;;
Michael;07:15:32;15:25:19;981.2323,-296.9232,-296.9232;True,Service,TAXI,0,0;;;
Michael;07:15:32;15:25:20;981.2323,-296.9232,-296.9232;True,Service,TAXI,0,0;;;
Michael;07:15:33;15:25:20;981.2323,-296.9232,-296.9232;True,Service,TAXI,0,0;;;
Michael;07:15:33;15:25:21;981.2323,-296.9232,-296.9232;True,Service,TAXI,0,0;;;
Michael;07:15:34;15:25:21;981.2323,-296.9232,-296.9232;True,Service,TAXI,0,0;;;
Michael;07:15:34;15:25:22;981.2323,-296.9232,-296.9232;True,Service,TAXI,0,0;;;
Michael;07:15:35;15:25:22;981.2323,-296.9232,-296.9232;True,Service,TAXI,0,0;;;
Michael;07:15:36;15:25:23;981.2323,-296.9232,-296.9232;True,Service,TAXI,0,0;;;
Michael;07:15:36;15:25:24;981.2323,-296.9232,-296.9232;True,Service,TAXI,0,0;;;
Michael;07:15:37;15:25:24;981.2323,-296.9232,-296.9232;True,Service,TAXI,0,0;;;
Michael;07:15:37;15:25:25;981.2323,-296.9232,-296.9232;True,Service,TAXI,0,0;;;
Michael;07:15:38;15:25:25;981.2323,-296.9232,-296.9232;True,Service,TAXI,0,0;;;
Michael;07:15:38;15:25:26;981.2323,-296.9232,-296.9232;True,Service,TAXI,0,0;;;
Michael;07:15:39;15:25:26;981.2323,-296.9232,-296.9232;True,Service,TAXI,0,0;;;
Michael;07:15:39;15:25:27;981.2323,-296.9232,-296.9232;True,Service,TAXI,0,0;;;
Michael;07:15:40;15:25:27;981.2323,-296.9232,-296.9232;True,Service,TAXI,0,0;;;
Michael;07:15:40;15:25:28;981.2323,-296.9232,-296.9232;True,Service,TAXI,0,0;;;
Michael;07:15:41;15:25:28;981.2323,-296.9232,-296.9232;True,Service,TAXI,0,0;;;
Michael;07:15:41;15:25:29;981.2323,-296.9232,-296.9232;True,Service,TAXI,0,0;;;
Michael;07:15:42;15:25:29;981.2323,-296.9232,-296.9232;True,Service,TAXI,0,0;;;
Michael;07:15:42;15:25:30;981.2323,-296.9232,-296.9232;True,Service,TAXI,0,0;;;
Michael;07:15:43;15:25:30;981.2323,-296.9232,-296.9232;True,Service,TAXI,0,0;;;
Michael;07:15:43;15:25:31;981.2323,-296.9232,-296.9232;True,Service,TAXI,0,0;;;
Michael;07:15:44;15:25:31;981.2323,-296.9232,-296.9232;True,Service,TAXI,0,0;;;
Michael;07:15:44;15:25:32;981.2323,-296.9232,-296.9232;True,Service,TAXI,0,0;;;
Michael;07:15:45;15:25:32;981.2323,-296.9232,-296.9232;True,Service,TAXI,0,0;;;
Michael;07:15:45;15:25:33;981.2323,-296.9232,-296.9232;True,Service,TAXI,0,0;;;
Michael;07:15:46;15:25:33;981.2323,-296.9232,-296.9232;True,Service,TAXI,0,0;;;
Michael;07:15:47;15:25:34;981.2323,-296.9232,-296.9232;True,Service,TAXI,0,0;;;
Michael;07:15:47;15:25:35;981.2323,-296.9232,-296.9232;True,Service,TAXI,0,0;;;
Michael;07:15:48;15:25:35;981.2323,-296.9232,-296.9232;True,Service,TAXI,0,0;;;
Michael;07:15:48;15:25:36;981.2323,-296.9232,-296.9232;True,Service,TAXI,0,0;;;
Michael;07:15:49;15:25:36;981.2323,-296.9232,-296.9232;True,Service,TAXI,0,0;;;
Michael;07:15:49;15:25:37;981.2323,-296.9232,-296.9232;True,Service,TAXI,0,0;;;
Michael;07:15:50;15:25:37;981.2383,-296.9211,-296.9211;True,Service,TAXI,0,0;;;
Michael;07:15:50;15:25:38;981.0489,-296.7895,-296.7895;True,Service,TAXI,1,192344,0,2461662;;;
Michael;07:15:51;15:25:38;980.3983,-296.2033,-296.2033;True,Service,TAXI,2,086462,0,07853311;;;
Michael;07:15:51;15:25:39;979.5217,-295.3557,-295.3557;True,Service,TAXI,2,531526,0,3280814;;;
Michael;07:15:52;15:25:39;978.424,-294.2811,-294.2811;True,Service,TAXI,3,313219,0,1257781;;;
Michael;07:15:52;15:25:40;976.7938,-292.7857,-292.7857;True,Service,TAXI,5,636491,0,9760743;;;
Michael;07:15:53;15:25:40;973.7904,-290.4961,-290.4961;True,Service,TAXI,8,941836,1;;;
Michael;07:15:53;15:25:41;969.2624,-287.2043,-287.2043;True,Service,TAXI,11,39267,0;;;
Michael;07:15:54;15:25:41;964.4887,-283.8081,-283.8081;True,Service,TAXI,12,06969,0,9999998;;;
Michael;07:15:54;15:25:42;958.7914,-279.9143,-279.9143;True,Service,TAXI,14,26066,0,9999999;;;
Michael;07:15:55;15:25:42;952.1853,-275.475,-275.475;True,Service,TAXI,16,24421,0,9999999;;;
Michael;07:15:55;15:25:43;944.8157,-270.5403,-270.5403;True,Service,TAXI,18,24074,0,7194358;;;
Michael;07:15:56;15:25:43;936.2039,-264.424,-264.424;True,Service,TAXI,21,50134,0,9999999;;;
Michael;07:15:56;15:25:44;926.834,-257.7567,-257.7567;True,Service,TAXI,20,96929,0;;;
Michael;07:15:57;15:25:44;919.0346,-252.1877,-252.1877;True,Service,TAXI,15,64943,0;;;
Michael;07:15:57;15:25:45;913.5515,-248.2357,-248.2357;True,Service,TAXI,10,99055,0;;;
Michael;07:15:58;15:25:45;909.1743,-245.1041,-245.1041;True,Service,TAXI,10,26291,0,05577777;;;
Michael;07:15:58;15:25:46;904.9889,-241.9557,-241.9557;True,Service,TAXI,9,552714,0,09435251;;;
Michael;07:15:59;15:25:46;902.7667,-237.8495,-237.8495;True,Service,TAXI,9,31623,0,8387471;;;
Michael;07:16:00;15:25:47;902.2325,-232.633,-232.633;True,Service,TAXI,10,87102,0,6849397;;;
Michael;07:16:00;15:25:48;903.9089,-226.9215,-226.9215;True,Service,TAXI,12,09533,0,976141;;;
Michael;07:16:01;15:25:48;907.1774,-220.9859,-220.9859;True,Service,TAXI,13,92339,0,9999999;;;
Michael;07:16:01;15:25:49;911.1768,-214.2566,-214.2566;True,Service,TAXI,16,15935,0,9999999;;;
Michael;07:16:02;15:25:49;916.0364,-206.235,-206.235;True,Service,TAXI,20,28115,0,9448196;;;
Michael;07:16:02;15:25:50;922.0787,-196.538,-196.538;True,Service,TAXI,22,66942,0,9999999;;;
Michael;07:16:03;15:25:50;928.4132,-186.4608,-186.4608;True,Service,TAXI,22,46327,0;;;
Michael;07:16:03;15:25:51;934.8112,-176.425,-176.425;True,Service,TAXI,22,41049,0;;;
Michael;07:16:04;15:25:51;939.4765,-167.6422,-167.6422;True,Service,TAXI,15,99754,0;;;
Michael;07:16:04;15:25:52;939.9487,-161.0391,-161.0391;True,Service,TAXI,10,45947,0;;;
Michael;07:16:05;15:25:52;938.0925,-156.1449,-156.1449;True,Service,TAXI,10,07091,0,9692042;;;
Michael;07:16:05;15:25:53;934.8179,-151.7058,-151.7058;True,Service,TAXI,10,69272,0,8013856;;;
Michael;07:16:06;15:25:53;929.8814,-148.2289,-148.2289;True,Service,TAXI,12,44834,0,9999999;;;
Michael;07:16:06;15:25:54;924.7317,-145.1707,-145.1707;True,Service,TAXI,7,883781,0,4545163;;;
Michael;07:16:07;15:25:54;921.2737,-142.9399,-142.9399;True,Service,TAXI,5,566947,0;;;
Michael;07:16:07;15:25:55;920.2524,-141.6541,-141.6541;True,Service,TAXI,2,825639,0;;;
Michael;07:16:08;15:25:55;919.9064,-140.4532,-140.4532;True,Service,TAXI,2,107234,0;;;
Michael;07:16:08;15:25:56;919.8531,-139.481,-139.481;True,Service,TAXI,1,836977,0,006227403;;;
Michael;07:16:09;15:25:56;919.6673,-138.3689,-138.3689;True,Service,TAXI,2,934236,0,7185356;;;
Michael;07:16:09;15:25:57;919.1574,-137.0827,-137.0827;True,Service,TAXI,2,548408,0,03448074;;;
Michael;07:16:10;15:25:57;918.6412,-135.8502,-135.8502;True,Service,TAXI,2,918214,0,9999999;;;
Michael;07:16:10;15:25:58;917.6639,-133.7268,-133.7268;True,Service,TAXI,6,027512,0,9999999;;;
Michael;07:16:11;15:25:59;915.4723,-130.7417,-130.7417;True,Service,TAXI,6,804737,0;;;
Michael;07:16:12;15:25:59;912.9824,-128.4168,-128.4168;True,Service,TAXI,6,465492,0,03078654;;;
Michael;07:16:12;15:26:00;910.3333,-126.3541,-126.3541;True,Service,TAXI,6,444788,0,07491113;;;
Michael;07:16:13;15:26:00;907.5668,-124.4005,-124.4005;True,Service,TAXI,6,575933,0,1052851;;;
Michael;07:16:13;15:26:01;904.6311,-122.4149,-122.4149;True,Service,TAXI,6,771573,0,1108171;;;
Michael;07:16:14;15:26:01;901.606,-120.4063,-120.4063;True,Service,TAXI,6,96897,0,1213686;;;
Michael;07:16:14;15:26:02;898.1716,-118.154,-118.154;True,Service,TAXI,9,002864,0;;;
Michael;07:16:15;15:26:02;894.881,-116.0361,-116.0361;True,Service,TAXI,6,926983,0,03508032;;;
Michael;07:16:15;15:26:03;891.8525,-114.1138,-114.1138;True,Service,TAXI,6,860499,0,09707264;;;
Michael;07:16:16;15:26:03;888.8084,-112.1988,-112.1988;True,Service,TAXI,6,982125,0,1238597;;;
Michael;07:16:16;15:26:04;885.7072,-110.2451,-110.2451;True,Service,TAXI,7,149565,0,1083253;;;
Michael;07:16:17;15:26:04;882.5172,-108.2084,-108.2084;True,Service,TAXI,7,294518,0,08195399;;;
Michael;07:16:17;15:26:05;879.2699,-106.1085,-106.1085;True,Service,TAXI,7,509201,0,02470201;;;
Michael;07:16:18;15:26:05;875.9349,-103.9647,-103.9647;True,Service,TAXI,7,53122,0,003100634;;;
Michael;07:16:18;15:26:06;872.6523,-101.8982,-101.8982;True,Service,TAXI,7,395859,0,003104866;;;
Michael;07:16:19;15:26:06;869.3826,-99.88242,-99.88242;True,Service,TAXI,7,291114,0,001201074;;;
Michael;07:16:19;15:26:07;866.1508,-97.89761,-97.89761;True,Service,TAXI,7,203584,0,0008480143;;;
Michael;07:16:20;15:26:07;862.9631,-95.92646,-95.92646;True,Service,TAXI,7,406635,1;;;
Michael;07:16:20;15:26:08;859.321,-93.67052,-93.67052;True,Service,TAXI,7,225217,0;;;
Michael;07:16:21;15:26:08;856.3297,-91.82653,-91.82653;True,Service,TAXI,6,69678,0,06567073;;;
Michael;07:16:21;15:26:09;853.3598,-89.96606,-89.96606;True,Service,TAXI,6,729267,0,06425827;;;
Michael;07:16:22;15:26:10;850.3997,-88.12406,-88.12406;True,Service,TAXI,6,408375,0,0023323;;;
Michael;07:16:23;15:26:10;847.5227,-86.7951,-86.7951;True,Service,TAXI,5,762559,0,0003924034;;;
Michael;07:16:23;15:26:11;844.9412,-85.77918,-85.77918;True,Service,TAXI,5,034217,0,002821505;;;
Michael;07:16:24;15:26:11;843.0158,-84.99406,-84.99406;True,Service,TAXI,2,168247,0;;;
Michael;07:16:24;15:26:12;841.8665,-84.35463,-84.35463;True,Service,TAXI,3,150517,0,9999999;;;
Michael;07:16:25;15:26:12;839.6126,-83.32661,-83.32661;True,Service,TAXI,6,305971,0,9999999;;;
Michael;07:16:25;15:26:13;836.6589,-82.0896,-82.0896;True,Service,TAXI,4,285944,0,9459653;;;
Michael;07:16:26;15:26:13;834.5764,-81.21358,-81.21358;True,Service,TAXI,2,089688,0;;;
Michael;07:16:26;15:26:14;834.1258,-80.96068,-80.96068;True,Service,TAXI,0,6684344,0,0009820324;;;
Michael;07:16:27;15:26:14;833.9048,-80.77515,-80.77515;True,Service,TAXI,0,520431,0,009316966;;;
Michael;07:16:27;15:26:15;833.7318,-80.58972,-80.58972;True,Service,TAXI,0,5460902,0,8362482;;;
Michael;07:16:28;15:26:15;832.9597,-80.13338,-80.13338;True,Service,TAXI,3,105347,0,9212496;;;
Michael;07:16:28;15:26:16;830.7161,-79.08173,-79.08173;True,Service,TAXI,5,944934,0,9810132;;;
Michael;07:16:29;15:26:16;828.0402,-77.67338,-77.67338;True,Service,TAXI,2,496516,0;;;
Michael;07:16:29;15:26:17;827.8418,-77.45396,-77.45396;True,Service,TAXI,0,05584452,0;;;
Michael;07:16:30;15:26:17;827.8447,-77.45238,-77.45238;True,Service,TAXI,0,0;;;
Michael;07:16:30;15:26:18;827.8447,-77.45238,-77.45238;True,Service,TAXI,0,0;;;
Michael;07:16:31;15:26:18;827.8447,-77.45238,-77.45238;True,Service,TAXI,0,0;;;
Michael;07:16:31;15:26:19;827.8447,-77.45238,-77.45238;True,Service,TAXI,0,0;;;
Michael;07:16:32;15:26:19;827.8447,-77.45238,-77.45238;True,Service,TAXI,0,0;;;
Michael;07:16:33;15:26:20;827.8456,-77.45126,-77.45126;True,Service,TAXI,0,0262374,0;;;
Michael;07:16:33;15:26:21;827.8375,-77.42863,-77.42863;True,Service,TAXI,0,2032047,0,1425819;;;
Michael;07:16:34;15:26:21;827.6761,-77.24287,-77.24287;True,Service,TAXI,0,7246003,0,1683506;;;
Michael;07:16:34;15:26:22;827.3193,-76.8849,-76.8849;True,Service,TAXI,1,22867,0,22476;;;
Michael;07:16:35;15:26:22;826.7392,-76.30117,-76.30117;True,Service,TAXI,1,903558,0,267454;;;
Michael;07:16:35;15:26:23;825.9182,-75.48685,-75.48685;True,Service,TAXI,2,504053,0,6307361;;;
Michael;07:16:36;15:26:23;824.6275,-74.25201,-74.25201;True,Service,TAXI,4,401173,0,5533733;;;
Michael;07:16:36;15:26:24;822.7149,-72.23358,-72.23358;True,Service,TAXI,6,350641,0,6766418;;;
Michael;07:16:37;15:26:24;819.8572,-69.54327,-69.54327;True,Service,TAXI,8,573001,0,7391407;;;
Michael;07:16:37;15:26:25;815.8799,-66.15952,-66.15952;True,Service,TAXI,11,31381,1;;;
Michael;07:16:38;15:26:25;811.5427,-62.15622,-62.15622;True,Service,TAXI,11,45162,1;;;
Michael;07:16:38;15:26:26;806.9503,-57.63168,-57.63168;True,Service,TAXI,13,36224,0,9990393;;;
Michael;07:16:39;15:26:26;801.3532,-52.62722,-52.62722;True,Service,TAXI,14,0443,0;;;
Michael;07:16:39;15:26:27;796.4469,-48.75626,-48.75626;True,Service,TAXI,10,07844,0;;;
Michael;07:16:40;15:26:27;792.6662,-45.91802,-45.91802;True,Service,TAXI,8,370193,0;;;
Michael;07:16:40;15:26:28;789.235,-43.4048,-43.4048;True,Service,TAXI,7,882077,0;;;
Michael;07:16:41;15:26:28;785.9094,-41.06103,-41.06103;True,Service,TAXI,7,593899,0,002725303;;;
Michael;07:16:41;15:26:29;782.612,-38.8721,-38.8721;True,Service,TAXI,7,419748,0,0009691119;;;
Michael;07:16:42;15:26:29;779.3603,-36.78889,-36.78889;True,Service,TAXI,7,285952,0,007856796;;;
Michael;07:16:42;15:26:30;776.2029,-34.8004,-34.8004;True,Service,TAXI,7,135043,0,01883573;;;
Michael;07:16:43;15:26:30;773.0808,-32.86183,-32.86183;True,Service,TAXI,7,059214,0,02808861;;;
Michael;07:16:43;15:26:31;769.9781,-30.94631,-30.94631;True,Service,TAXI,7,01212,0,04088521;;;
Michael;07:16:44;15:26:32;766.8398,-29.01114,-29.01114;True,Service,TAXI,6,995886,0,04838171;;;
Michael;07:16:45;15:26:32;763.7318,-27.08499,-27.08499;True,Service,TAXI,7,009763,0,05510266;;;
Michael;07:16:45;15:26:33;760.6307,-25.13316,-25.13316;True,Service,TAXI,7,033678,0,05504866;;;
Michael;07:16:46;15:26:33;757.5353,-23.16734,-23.16734;True,Service,TAXI,7,0602,0,05367286;;;
Michael;07:16:46;15:26:34;754.4087,-21.17516,-21.17516;True,Service,TAXI,7,077726,0,05056519;;;
Michael;07:16:47;15:26:34;751.2737,-19.19103,-19.19103;True,Service,TAXI,7,098478,0,04864401;;;
Michael;07:16:47;15:26:35;748.1449,-17.2255,-17.2255;True,Service,TAXI,6,888906,0;;;
Michael;07:16:48;15:26:35;745.2348,-15.37819,-15.37819;True,Service,TAXI,6,348475,1;;;
Michael;07:16:48;15:26:36;742.0974,-13.0043,-13.0043;True,Service,TAXI,8,434031,1;;;
Michael;07:16:49;15:26:36;739.9834,-11.32681,-11.32681;True,Service,TAXI,2,511424,0;;;
Michael;07:16:49;15:26:37;739.2741,-10.8164,-10.8164;True,Service,TAXI,1,422558,0,005194944;;;
Michael;07:16:50;15:26:37;738.5915,-10.34184,-10.34184;True,Service,TAXI,2,43625,0,4130469;;;
Michael;07:16:50;15:26:38;736.8895,-9.101695,-9.101695;True,Service,TAXI,5,595629,0,9999999;;;
Michael;07:16:51;15:26:38;733.8834,-6.848255,-6.848255;True,Service,TAXI,8,857588,0,9999999;;;
Michael;07:16:51;15:26:39;730.413,-4.257317,-4.257317;True,Service,TAXI,5,798999,0;;;
Michael;07:16:52;15:26:39;727.4146,-2.207733,-2.207733;True,Service,TAXI,8,901612,0,9999982;;;
Michael;07:16:52;15:26:40;722.7004,0.8203537,0.8203537;True,Service,TAXI,11,14551,0;;;
Michael;07:16:53;15:26:40;717.5543,3.944501,3.944501;True,Service,TAXI,12,38732,0,9999999;;;
Michael;07:16:53;15:26:41;711.5879,7.391358,7.391358;True,Service,TAXI,14,34461,0,8837606;;;
Michael;07:16:54;15:26:41;703.9207,11.28899,11.28899;True,Service,TAXI,18,02667,0,9999998;;;
Michael;07:16:54;15:26:42;695.1953,15.98656,15.98656;True,Service,TAXI,19,91546,1;;;
Michael;07:16:55;15:26:42;685.9245,21.6041,21.6041;True,Service,TAXI,21,80542,0,9982312;;;
Michael;07:16:56;15:26:43;675.8041,27.68955,27.68955;True,Service,TAXI,22,2241,0;;;
Michael;07:16:56;15:26:44;665.8791,33.23416,33.23416;True,Service,TAXI,22,44458,0,9177698;;;
Michael;07:16:57;15:26:44;654.7665,38.3568,38.3568;True,Service,TAXI,24,25517,0,6023195;;;
Michael;07:16:57;15:26:45;642.7284,43.04836,43.04836;True,Service,TAXI,24,92804,0,05505691;;;
Michael;07:16:58;15:26:45;630.4986,47.27909,47.27909;True,Service,TAXI,24,69996,0,244622;;;
Michael;07:16:58;15:26:46;618.2292,51.41232,51.41232;True,Service,TAXI,24,54866,0,382964;;;
Michael;07:16:59;15:26:46;606.32,55.92261,55.92261;True,Service,TAXI,24,53365,0,398626;;;
Michael;07:16:59;15:26:47;594.424,60.37124,60.37124;True,Service,TAXI,24,90209,0,09101512;;;
Michael;07:17:00;15:26:47;582.4725,65.45576,65.45576;True,Service,TAXI,24,80339,0,1559557;;;
Michael;07:17:00;15:26:48;570.4048,70.0117,70.0117;True,Service,TAXI,24,90573,0,06090324;;;
Michael;07:17:01;15:26:48;559.0257,74.24713,74.24713;True,Service,TAXI,20,97735,0;;;
Michael;07:17:01;15:26:49;550.1014,77.55609,77.55609;True,Service,TAXI,15,55248,0;;;
Michael;07:17:02;15:26:49;543.7474,79.92117,79.92117;True,Service,TAXI,10,80002,0;;;
Michael;07:17:02;15:26:50;540.0732,81.50922,81.50922;True,Service,TAXI,3,397082,0;;;
Michael;07:17:03;15:26:50;539.6824,81.89744,81.89744;True,Service,TAXI,0,1297852,0;;;
Michael;07:17:03;15:26:51;539.6931,81.89353,81.89353;True,Service,TAXI,0,01746928,0,6233282;;;
Michael;07:17:04;15:26:51;539.522,81.98569,81.98569;True,Service,TAXI,0,7369291,1;;;
Michael;07:17:04;15:26:52;539.4954,81.99824,81.99824;True,Service,TAXI,0,0;;;
Michael;07:17:05;15:26:52;539.4954,81.99824,81.99824;True,Service,TAXI,0,0;;;
Michael;07:17:05;15:26:53;539.4954,81.99824,81.99824;True,Service,TAXI,0,0;;;
Michael;07:17:06;15:26:53;539.4954,81.99824,81.99824;True,Service,TAXI,0,0;;;
Michael;07:17:07;15:26:54;539.4954,81.99824,81.99824;True,Service,TAXI,0,0;;;
Michael;07:17:07;15:26:55;539.4954,81.99824,81.99824;True,Service,TAXI,0,0;;;
Michael;07:17:08;15:26:55;539.4954,81.99824,81.99824;True,Service,TAXI,0,0;;;
Michael;07:17:08;15:26:56;539.4954,81.99824,81.99824;True,Service,TAXI,0,0;;;
Michael;07:17:09;15:26:56;539.4954,81.99824,81.99824;True,Service,TAXI,0,0;;;
Michael;07:17:09;15:26:57;539.4954,81.99824,81.99824;True,Service,TAXI,0,0;;;
Michael;07:17:10;15:26:57;539.4954,81.99824,81.99824;True,Service,TAXI,0,0;;;
Michael;07:17:10;15:26:58;539.4954,81.99824,81.99824;True,Service,TAXI,0,0;;;
Michael;07:17:11;15:26:58;539.4954,81.99824,81.99824;True,Service,TAXI,0,0;;;
Michael;07:17:11;15:26:59;539.4954,81.99824,81.99824;True,Service,TAXI,0,0;;;
Michael;07:17:12;15:26:59;539.4954,81.99824,81.99824;True,Service,TAXI,0,0;;;
Michael;07:17:12;15:27:00;539.4954,81.99824,81.99824;True,Service,TAXI,0,0;;;
Michael;07:17:13;15:27:00;539.4954,81.99824,81.99824;True,Service,TAXI,0,0;;;
Michael;07:17:13;15:27:01;539.4954,81.99824,81.99824;True,Service,TAXI,0,0;;;
Michael;07:17:14;15:27:01;539.4953,81.99911,81.99911;True,Service,TAXI,0,005870993,0;;;
Michael;07:17:14;15:27:02;539.4974,81.99692,81.99692;True,Service,TAXI,0,06937333,0,05055756;;;
Michael;07:17:15;15:27:02;539.5036,81.9958,81.9958;True,Service,TAXI,0,1678002,0,3531725;;;
Michael;07:17:15;15:27:03;539.2574,82.17817,82.17817;True,Service,TAXI,1,024895,0,4063568;;;
Michael;07:17:16;15:27:03;538.5317,82.73988,82.73988;True,Service,TAXI,2,620229,0,3690671;;;
Michael;07:17:16;15:27:04;537.0723,83.70914,83.70914;True,Service,TAXI,3,861352,0,2121371;;;
Michael;07:17:17;15:27:04;535.1844,84.85806,84.85806;True,Service,TAXI,4,463468,0,1471999;;;
Michael;07:17:18;15:27:05;533.0236,86.04176,86.04176;True,Service,TAXI,5,17899,0,6774222;;;
Michael;07:17:18;15:27:06;530.0953,87.51053,87.51053;True,Service,TAXI,7,123895,0,3671858;;;
Michael;07:17:19;15:27:06;527.2471,89.83342,89.83342;True,Service,TAXI,6,336775,0,1446992;;;
Michael;07:17:19;15:27:07;526.0075,92.19147,92.19147;True,Service,TAXI,2,93311,0;;;
Michael;07:17:20;15:27:07;525.8022,93.17088,93.17088;True,Service,TAXI,1,748232,0,5217439;;;
Michael;07:17:20;15:27:08;525.5422,94.42283,94.42283;True,Service,TAXI,3,159999,0,9102991;;;
Michael;07:17:21;15:27:08;525.2703,96.90399,96.90399;True,Service,TAXI,6,335399,0,06114401;;;
Michael;07:17:21;15:27:09;525.5383,100.5348,100.5348;True,Service,TAXI,7,281063,0,06558178;;;
Michael;07:17:22;15:27:09;526.3685,104.2861,104.2861;True,Service,TAXI,7,512879,0,09074455;;;
Michael;07:17:22;15:27:10;527.4753,108.1089,108.1089;True,Service,TAXI,7,727411,0,06724905;;;
Michael;07:17:23;15:27:10;528.7342,111.9876,111.9876;True,Service,TAXI,7,934452,0,109574;;;
Michael;07:17:23;15:27:11;530.084,115.984,115.984;True,Service,TAXI,8,282441,0,1423118;;;
Michael;07:17:24;15:27:11;531.5389,120.1452,120.1452;True,Service,TAXI,8,544609,0,1263404;;;
Michael;07:17:24;15:27:12;533.1142,124.4085,124.4085;True,Service,TAXI,8,745455,0,0995447;;;
Michael;07:17:25;15:27:12;534.754,128.7027,128.7027;True,Service,TAXI,8,841425,0,07353202;;;
Michael;07:17:25;15:27:13;536.4221,132.985,132.985;True,Service,TAXI,8,849767,0,05673797;;;
Michael;07:17:26;15:27:13;538.1005,137.3022,137.3022;True,Service,TAXI,8,824006,0,051125;;;
Michael;07:17:26;15:27:14;539.6481,141.598,141.598;True,Service,TAXI,8,793139,0,05315282;;;
Michael;07:17:27;15:27:14;541.1724,145.9515,145.9515;True,Service,TAXI,8,75683,0,05255506;;;
Michael;07:17:27;15:27:15;542.6765,150.244,150.244;True,Service,TAXI,8,726728,0,05661231;;;
Michael;07:17:28;15:27:15;544.1863,154.5353,154.5353;True,Service,TAXI,8,708949,0,05825281;;;
Michael;07:17:28;15:27:16;545.6862,158.7684,158.7684;True,Service,TAXI,8,706582,0,06436917;;;
Michael;07:17:29;15:27:16;547.2026,163.0564,163.0564;True,Service,TAXI,8,728164,0,06647083;;;
Michael;07:17:30;15:27:17;548.7073,167.363,167.363;True,Service,TAXI,8,756104,0,06409449;;;
Michael;07:17:30;15:27:18;550.2129,171.7151,171.7151;True,Service,TAXI,8,773138,0,05856434;;;
Michael;07:17:31;15:27:18;551.7396,176.0787,176.0787;True,Service,TAXI,8,777437,0,04950672;;;
Michael;07:17:31;15:27:19;553.2396,180.4013,180.4013;True,Service,TAXI,8,773518,0,0459727;;;
Michael;07:17:32;15:27:19;554.7574,184.746,184.746;True,Service,TAXI,8,738302,0,04915861;;;
Michael;07:17:32;15:27:20;556.2782,189.1019,189.1019;True,Service,TAXI,8,708308,0,05311058;;;
Michael;07:17:33;15:27:20;557.7651,193.3603,193.3603;True,Service,TAXI,8,69763,0,06656089;;;
Michael;07:17:33;15:27:21;559.3038,197.7073,197.7073;True,Service,TAXI,9,016513,0,1906174;;;
Michael;07:17:34;15:27:21;560.9001,202.301,202.301;True,Service,TAXI,9,846756,0,6188008;;;
Michael;07:17:34;15:27:22;562.6638,207.7539,207.7539;True,Service,TAXI,11,07724,0;;;
Michael;07:17:35;15:27:22;564.4824,213.4594,213.4594;True,Service,TAXI,12,38942,0,2610787;;;
Michael;07:17:35;15:27:23;566.3871,219.0491,219.0491;True,Service,TAXI,9,986979,0;;;
Michael;07:17:36;15:27:23;568.0865,223.7558,223.7558;True,Service,TAXI,9,524654,0,02922942;;;
Michael;07:17:36;15:27:24;569.696,228.4008,228.4008;True,Service,TAXI,8,941772,0,2957217;;;
Michael;07:17:37;15:27:24;569.4721,232.9619,232.9619;True,Service,TAXI,8,835817,0,113946;;;
Michael;07:17:37;15:27:25;567.3947,237.0645,237.0645;True,Service,TAXI,9,034254,0,8707328;;;
Michael;07:17:38;15:27:25;563.936,241.0718,241.0718;True,Service,TAXI,10,96642,0,9999999;;;
Michael;07:17:38;15:27:26;559.6168,245.4843,245.4843;True,Service,TAXI,12,83374,0,9999999;;;
Michael;07:17:39;15:27:26;554.3518,250.3517,250.3517;True,Service,TAXI,14,42642,0,5374768;;;
Michael;07:17:39;15:27:27;547.1016,253.9749,253.9749;True,Service,TAXI,16,70632,0,9711536;;;
Michael;07:17:40;15:27:27;537.988,257.2418,257.2418;True,Service,TAXI,19,35889,1;;;
Michael;07:17:41;15:27:28;527.9891,260.8918,260.8918;True,Service,TAXI,21,10334,1;;;
Michael;07:17:41;15:27:29;517.2891,264.8016,264.8016;True,Service,TAXI,22,72893,1;;;
Michael;07:17:42;15:27:29;505.8621,268.9495,268.9495;True,Service,TAXI,22,54774,0;;;
Michael;07:17:42;15:27:30;494.5443,273.0348,273.0348;True,Service,TAXI,23,34725,0,8683709;;;
Michael;07:17:43;15:27:30;482.9323,277.2222,277.2222;True,Service,TAXI,24,09948,0,4711868;;;
Michael;07:17:43;15:27:31;470.9738,281.1391,281.1391;True,Service,TAXI,23,94088,0,5389391;;;
Michael;07:17:44;15:27:31;460.0685,284.1113,284.1113;True,Service,TAXI,19,57414,0;;;
Michael;07:17:44;15:27:32;451.482,286.4477,286.4477;True,Service,TAXI,15,08471,0;;;
Michael;07:17:45;15:27:32;444.8248,287.8518,287.8518;True,Service,TAXI,10,9696,0;;;
Michael;07:17:45;15:27:33;440.5853,288.9287,288.9287;True,Service,TAXI,3,981977,0;;;
Michael;07:17:46;15:27:33;440.1668,289.2434,289.2434;True,Service,TAXI,0,1518357,0;;;
Michael;07:17:46;15:27:34;440.1646,289.2408,289.2408;True,Service,TAXI,0,0;;;
Michael;07:17:47;15:27:34;440.1646,289.2408,289.2408;True,Service,TAXI,0,0;;;
Michael;07:17:47;15:27:35;440.1646,289.2408,289.2408;True,Service,TAXI,0,0;;;
Michael;07:17:48;15:27:35;440.1646,289.2408,289.2408;True,Service,TAXI,0,0;;;
Michael;07:17:48;15:27:36;440.1646,289.2408,289.2408;True,Service,TAXI,0,0;;;
Michael;07:17:49;15:27:36;440.1646,289.2408,289.2408;True,Service,TAXI,0,0;;;
Michael;07:17:49;15:27:37;440.1646,289.2408,289.2408;True,Service,TAXI,0,0;;;
Michael;07:17:50;15:27:37;440.1646,289.2408,289.2408;True,Service,TAXI,0,0;;;
Michael;07:17:50;15:27:38;440.1646,289.2408,289.2408;True,Service,TAXI,0,0;;;
Michael;07:17:51;15:27:38;440.1646,289.2408,289.2408;True,Service,TAXI,0,0;;;
Michael;07:17:52;15:27:39;440.1646,289.2408,289.2408;True,Service,TAXI,0,0;;;
Michael;07:17:52;15:27:40;440.1646,289.2408,289.2408;True,Service,TAXI,0,0;;;
Michael;07:17:53;15:27:40;440.1646,289.2408,289.2408;True,Service,TAXI,0,0;;;
Michael;07:17:53;15:27:41;440.1646,289.2408,289.2408;True,Service,TAXI,0,0;;;
Michael;07:17:54;15:27:41;440.1646,289.2408,289.2408;True,Service,TAXI,0,0;;;
Michael;07:17:54;15:27:42;440.1646,289.2408,289.2408;True,Service,TAXI,0,0;;;
Michael;07:17:55;15:27:42;440.1646,289.2408,289.2408;True,Service,TAXI,0,0;;;
Michael;07:17:55;15:27:43;440.1646,289.2408,289.2408;True,Service,TAXI,0,0;;;
Michael;07:17:56;15:27:43;440.1646,289.2408,289.2408;True,Service,TAXI,0,0;;;
Michael;07:17:56;15:27:44;440.1646,289.2408,289.2408;True,Service,TAXI,0,0;;;
Michael;07:17:57;15:27:44;440.1646,289.2408,289.2408;True,Service,TAXI,0,0;;;
Michael;07:17:57;15:27:45;440.1646,289.2408,289.2408;True,Service,TAXI,0,0;;;
Michael;07:17:58;15:27:45;440.1646,289.2408,289.2408;True,Service,TAXI,0,0;;;
Michael;07:17:58;15:27:46;440.1646,289.2408,289.2408;True,Service,TAXI,0,0;;;
Michael;07:17:59;15:27:46;440.1646,289.2408,289.2408;True,Service,TAXI,0,0;;;
Michael;07:17:59;15:27:47;440.1646,289.2408,289.2408;True,Service,TAXI,0,0;;;
Michael;07:18:00;15:27:47;440.1646,289.2408,289.2408;True,Service,TAXI,0,0;;;
Michael;07:18:00;15:27:48;440.1646,289.2408,289.2408;True,Service,TAXI,0,0;;;
Michael;07:18:01;15:27:48;440.1646,289.2408,289.2408;True,Service,TAXI,0,0;;;
Michael;07:18:01;15:27:49;440.1646,289.2408,289.2408;True,Service,TAXI,0,0;;;
Michael;07:18:02;15:27:49;440.1646,289.2408,289.2408;True,Service,TAXI,0,0;;;
Michael;07:18:02;15:27:50;440.1646,289.2408,289.2408;True,Service,TAXI,0,0;;;
Michael;07:18:03;15:27:50;440.1646,289.2408,289.2408;True,Service,TAXI,0,0;;;
Michael;07:18:04;15:27:51;440.1673,289.2402,289.2402;True,Service,TAXI,0,02327032,0;;;
Michael;07:18:04;15:27:52;440.2034,289.2208,289.2208;True,Service,TAXI,0,2402333,0,1545298;;;
Michael;07:18:05;15:27:52;440.2223,289.2501,289.2501;True,Service,TAXI,0,4723455,0,4631278;;;
Michael;07:18:05;15:27:53;439.7708,289.6363,289.6363;True,Service,TAXI,2,047276,0,7908207;;;
Michael;07:18:06;15:27:53;438.3986,290.7562,290.7562;True,Service,TAXI,4,764968,0,6863125;;;
Michael;07:18:06;15:27:54;435.856,292.4916,292.4916;True,Service,TAXI,6,923173,0,3902857;;;
Michael;07:18:07;15:27:54;432.7335,294.7918,294.7918;True,Service,TAXI,7,764864,0,287131;;;
Michael;07:18:07;15:27:55;430.8048,298.4394,298.4394;True,Service,TAXI,8,777015,0,7899008;;;
Michael;07:18:08;15:27:55;430.0836,303.8106,303.8106;True,Service,TAXI,11,35993,0;;;
Michael;07:18:08;15:27:56;430.6002,309.5547,309.5547;True,Service,TAXI,11,54502,1;;;
Michael;07:18:09;15:27:56;431.7127,315.9931,315.9931;True,Service,TAXI,13,36776,0,9893813;;;
Michael;07:18:09;15:27:57;432.5083,323.4795,323.4795;True,Service,TAXI,15,26621,0,9773939;;;
Michael;07:18:10;15:27:57;432.3605,331.8726,331.8726;True,Service,TAXI,17,18006,0,9577939;;;
Michael;07:18:10;15:27:58;430.4215,341.1748,341.1748;True,Service,TAXI,19,5713,0,7578295;;;
Michael;07:18:11;15:27:58;425.6708,350.9224,350.9224;True,Service,TAXI,21,85583,0,8986182;;;
Michael;07:18:11;15:27:59;418.1983,359.4118,359.4118;True,Service,TAXI,21,70431,0,7009549;;;
Michael;07:18:12;15:27:59;408.9187,366.7567,366.7567;True,Service,TAXI,23,59245,0,9464674;;;
Michael;07:18:12;15:28:00;398.2042,373.1047,373.1047;True,Service,TAXI,24,84328,0,1748848;;;
Michael;07:18:13;15:28:00;386.2512,378.3694,378.3694;True,Service,TAXI,24,83073,0,1342027;;;
Michael;07:18:13;15:28:01;374.0367,382.7751,382.7751;True,Service,TAXI,24,80364,0,1521859;;;
Michael;07:18:14;15:28:01;361.7342,386.8696,386.8696;True,Service,TAXI,24,86072,0,1028339;;;
Michael;07:18:15;15:28:02;349.5229,391.0224,391.0224;True,Service,TAXI,24,79691,0,1433352;;;
Michael;07:18:15;15:28:03;337.4861,395.6096,395.6096;True,Service,TAXI,24,78846,0,1482275;;;
Michael;07:18:16;15:28:03;325.5811,400.6989,400.6989;True,Service,TAXI,24,77874,0,1542749;;;
Michael;07:18:16;15:28:04;313.8938,406.139,406.139;True,Service,TAXI,24,70483,0,1990246;;;
Michael;07:18:17;15:28:04;302.4257,411.8144,411.8144;True,Service,TAXI,24,65554,0,2243596;;;
Michael;07:18:17;15:28:05;291.1447,417.8573,417.8573;True,Service,TAXI,24,62472,0,2408094;;;
Michael;07:18:18;15:28:05;279.8014,424.4259,424.4259;True,Service,TAXI,24,63379,0,2343387;;;
Michael;07:18:18;15:28:06;268.7544,431.1402,431.1402;True,Service,TAXI,23,95004,0;;;
Michael;07:18:19;15:28:06;259.0792,436.7106,436.7106;True,Service,TAXI,18,20158,0;;;
Michael;07:18:19;15:28:07;252.0334,440.6297,440.6297;True,Service,TAXI,12,57623,0;;;
Michael;07:18:20;15:28:07;246.9931,443.5666,443.5666;True,Service,TAXI,10,70323,0,07010132;;;
Michael;07:18:20;15:28:08;243.6765,447.3219,447.3219;True,Service,TAXI,9,30202,0,7588025;;;
Michael;07:18:21;15:28:08;243.2635,452.4825,452.4825;True,Service,TAXI,11,18638,1;;;
Michael;07:18:21;15:28:09;243.5758,458.9704,458.9704;True,Service,TAXI,13,92938,0,9665257;;;
Michael;07:18:22;15:28:09;243.5981,467.2473,467.2473;True,Service,TAXI,18,19823,0,9557341;;;
Michael;07:18:22;15:28:10;243.8629,477.3609,477.3609;True,Service,TAXI,20,37646,0,9448451;;;
Michael;07:18:23;15:28:10;245.8802,488.2008,488.2008;True,Service,TAXI,22,38731,0,9581819;;;
Michael;07:18:23;15:28:11;250.0619,499.1004,499.1004;True,Service,TAXI,23,39994,1;;;
Michael;07:18:24;15:28:11;255.4628,509.5207,509.5207;True,Service,TAXI,23,00611,1;;;
Michael;07:18:24;15:28:12;260.9765,519.8199,519.8199;True,Service,TAXI,22,97188,0,9999999;;;
Michael;07:18:25;15:28:12;266.1377,530.6359,530.6359;True,Service,TAXI,22,66894,0;;;
Michael;07:18:26;15:28:13;270.5248,541.7482,541.7482;True,Service,TAXI,24,28145,0,5826766;;;
Michael;07:18:26;15:28:14;273.1465,554.3082,554.3082;True,Service,TAXI,24,65555,0,4677499;;;
Michael;07:18:27;15:28:14;273.789,566.8882,566.8882;True,Service,TAXI,24,65244,0,3788044;;;
Michael;07:18:27;15:28:15;274.44,579.3101,579.3101;True,Service,TAXI,24,78652,0,2993962;;;
Michael;07:18:28;15:28:15;274.9784,592.1949,592.1949;True,Service,TAXI,24,94468,0,04022862;;;
Michael;07:18:28;15:28:16;275.6559,605.2897,605.2897;True,Service,TAXI,24,85135,0,1413811;;;
Michael;07:18:29;15:28:16;276.514,618.0987,618.0987;True,Service,TAXI,24,60846,0,2117225;;;
Michael;07:18:29;15:28:17;278.9128,630.973,630.973;True,Service,TAXI,24,80182,0,1926942;;;
Michael;07:18:30;15:28:17;282.7921,643.281,643.281;True,Service,TAXI,25,06541,0,03937333;;;
Michael;07:18:30;15:28:18;286.7964,655.2684,655.2684;True,Service,TAXI,24,80081,0,2000711;;;
Michael;07:18:31;15:28:18;290.8744,666.9846,666.9846;True,Service,TAXI,24,00501,0,9999999;;;
Michael;07:18:31;15:28:19;294.74,678.2769,678.2769;True,Service,TAXI,23,48583,0,9999999;;;
Michael;07:18:32;15:28:19;298.3143,689.8077,689.8077;True,Service,TAXI,23,39787,0,9985145;;;
Michael;07:18:32;15:28:20;300.9405,701.3276,701.3276;True,Service,TAXI,23,34454,0,9999999;;;
Michael;07:18:33;15:28:20;302.1581,713.0898,713.0898;True,Service,TAXI,22,55545,0,8248836;;;
Michael;07:18:33;15:28:21;300.8242,724.5434,724.5434;True,Service,TAXI,22,88298,0,9873653;;;
Michael;07:18:34;15:28:21;298.5717,736.4435,736.4435;True,Service,TAXI,25,06438,0,1657608;;;
Michael;07:18:34;15:28:22;296.8219,749.0004,749.0004;True,Service,TAXI,24,19689,0,7372043;;;
Michael;07:18:35;15:28:22;294.6673,761.5709,761.5709;True,Service,TAXI,24,80692,0,1324314;;;
Michael;07:18:36;15:28:23;292.6453,774.2474,774.2474;True,Service,TAXI,24,83402,0,1064562;;;
Michael;07:18:36;15:28:24;290.2795,787.0938,787.0938;True,Service,TAXI,24,73398,0,2174454;;;
Michael;07:18:37;15:28:24;288.2922,799.7679,799.7679;True,Service,TAXI,24,60428,0,390982;;;
Michael;07:18:37;15:28:25;287.2068,812.3892,812.3892;True,Service,TAXI,24,67602,0,3216126;;;
Michael;07:18:38;15:28:25;287.2527,825.3716,825.3716;True,Service,TAXI,24,79973,0,1510357;;;
Michael;07:18:38;15:28:26;287.9893,838.4366,838.4366;True,Service,TAXI,24,80549,0,1053107;;;
Michael;07:18:39;15:28:26;290.7592,850.9393,850.9393;True,Service,TAXI,24,83421,0,1411505;;;
Michael;07:18:39;15:28:27;294.722,863.1819,863.1819;True,Service,TAXI,24,77971,0,2216066;;;
Michael;07:18:40;15:28:27;298.8973,875.3423,875.3423;True,Service,TAXI,24,68067,0,3098627;;;
Michael;07:18:40;15:28:28;303.0595,887.6455,887.6455;True,Service,TAXI,24,69764,0,2970113;;;
Michael;07:18:41;15:28:28;306.7768,899.8403,899.8403;True,Service,TAXI,24,59025,0,3501285;;;
Michael;07:18:41;15:28:29;309.2596,912.4354,912.4354;True,Service,TAXI,23,67374,0;;;
Michael;07:18:42;15:28:29;311.2023,924.8022,924.8022;True,Service,TAXI,24,54363,0,4098848;;;
Michael;07:18:42;15:28:30;313.2017,937.4985,937.4985;True,Service,TAXI,24,58221,0,344124;;;
Michael;07:18:43;15:28:30;315.1903,950.0125,950.0125;True,Service,TAXI,24,53931,0,3485842;;;
Michael;07:18:43;15:28:31;317.5436,962.6558,962.6558;True,Service,TAXI,22,91965,0;;;
Michael;07:18:44;15:28:31;318.9725,973.0276,973.0276;True,Service,TAXI,16,8063,0;;;
Michael;07:18:44;15:28:32;319.5802,980.2297,980.2297;True,Service,TAXI,11,40179,0;;;
Michael;07:18:45;15:28:32;319.8924,985.741,985.741;True,Service,TAXI,10,06904,0,02562883;;;
Michael;07:18:46;15:28:33;319.6774,990.9061,990.9061;True,Service,TAXI,9,280938,0,2471022;;;
Michael;07:18:46;15:28:34;317.3446,995.1269,995.1269;True,Service,TAXI,9,374985,0,09374118;;;
Michael;07:18:47;15:28:34;313.9029,998.8276,998.8276;True,Service,TAXI,10,16076,0,9999999;;;
Michael;07:18:47;15:28:35;309.7873,1002.825,1002.825;True,Service,TAXI,11,61453,0,4924644;;;
Michael;07:18:48;15:28:35;304.2534,1005.015,1005.015;True,Service,TAXI,11,60979,0,7938977;;;
Michael;07:18:48;15:28:36;297.6864,1004.805,1004.805;True,Service,TAXI,13,38789,0,9999999;;;
Michael;07:18:49;15:28:36;290.2591,1003.714,1003.714;True,Service,TAXI,15,28306,0,84195;;;
Michael;07:18:49;15:28:37;282.2433,1001.163,1001.163;True,Service,TAXI,16,86235,0,919053;;;
Michael;07:18:50;15:28:37;274.273,996.7016,996.7016;True,Service,TAXI,18,27907,0,9621151;;;
Michael;07:18:50;15:28:38;266.7386,990.0935,990.0935;True,Service,TAXI,19,78801,0,9481897;;;
Michael;07:18:51;15:28:38;260.1971,981.5815,981.5815;True,Service,TAXI,21,27829,1;;;
Michael;07:18:51;15:28:39;254.4498,971.3779,971.3779;True,Service,TAXI,22,64829,1;;;
Michael;07:18:52;15:28:39;249.1897,960.538,960.538;True,Service,TAXI,22,69073,0;;;
Michael;07:18:52;15:28:40;243.8261,949.9377,949.9377;True,Service,TAXI,23,10448,0;;;
Michael;07:18:53;15:28:40;237.332,940.266,940.266;True,Service,TAXI,21,67853,0,9449827;;;
Michael;07:18:53;15:28:41;229.2215,931.9116,931.9116;True,Service,TAXI,22,71369,0,8292395;;;
Michael;07:18:54;15:28:41;218.9147,925.3174,925.3174;True,Service,TAXI,23,47664,0,7860422;;;
Michael;07:18:54;15:28:42;208.3826,921.0703,921.0703;True,Service,TAXI,18,34116,0;;;
Michael;07:18:55;15:28:42;200.5346,919.7312,919.7312;True,Service,TAXI,13,81924,0;;;
Michael;07:18:55;15:28:43;193.4341,919.5439,919.5439;True,Service,TAXI,13,53843,0,1628642;;;
Michael;07:18:56;15:28:44;186.2291,919.5371,919.5371;True,Service,TAXI,13,7248,0,1067878;;;
Michael;07:18:57;15:28:44;179.1094,920.3442,920.3442;True,Service,TAXI,13,68731,0,9999999;;;
Michael;07:18:57;15:28:45;171.5911,921.7976,921.7976;True,Service,TAXI,15,51158,0,8573876;;;
Michael;07:18:58;15:28:45;164.4708,924.7977,924.7977;True,Service,TAXI,13,59929,0,04131427;;;
Michael;07:18:58;15:28:46;158.6266,928.8813,928.8813;True,Service,TAXI,13,61438,0,2597611;;;
Michael;07:18:59;15:28:46;153.1982,933.5848,933.5848;True,Service,TAXI,13,84761,0,320327;;;
Michael;07:18:59;15:28:47;148.0913,939.0588,939.0588;True,Service,TAXI,14,43377,0,3465843;;;
Michael;07:19:00;15:28:47;143.1332,945.0506,945.0506;True,Service,TAXI,14,81135,0,1452451;;;
Michael;07:19:00;15:28:48;138.3163,951.2665,951.2665;True,Service,TAXI,14,82176,0,08665655;;;
Michael;07:19:01;15:28:48;133.8129,957.6776,957.6776;True,Service,TAXI,14,77144,0,1232872;;;
Michael;07:19:01;15:28:49;129.6107,964.2488,964.2488;True,Service,TAXI,14,82434,0,1481225;;;
Michael;07:19:02;15:28:49;125.5661,970.9877,970.9877;True,Service,TAXI,14,85884,0,1145972;;;
Michael;07:19:02;15:28:50;121.4836,977.7788,977.7788;True,Service,TAXI,14,88211,0,1399196;;;
Michael;07:19:03;15:28:50;117.245,984.2815,984.2815;True,Service,TAXI,14,89817,0,1349442;;;
Michael;07:19:03;15:28:51;112.6992,990.5367,990.5367;True,Service,TAXI,14,91026,0,149894;;;
Michael;07:19:04;15:28:51;107.5247,996.9537,996.9537;True,Service,TAXI,15,61572,0;;;
Michael;07:19:04;15:28:52;101.9624,1003.101,1003.101;True,Service,TAXI,16,43813,0,9999999;;;
Michael;07:19:05;15:28:52;96.27412,1008.684,1008.684;True,Service,TAXI,14,95986,0,9999995;;;
Michael;07:19:06;15:28:53;90.06355,1014.034,1014.034;True,Service,TAXI,14,87835,0;;;
Michael;07:19:06;15:28:54;83.87274,1018.699,1018.699;True,Service,TAXI,15,59623,0,9999999;;;
Michael;07:19:07;15:28:54;77.22981,1023.062,1023.062;True,Service,TAXI,13,96707,0,02001624;;;
Michael;07:19:07;15:28:55;70.88304,1026.651,1026.651;True,Service,TAXI,13,83381,0,1209284;;;
Michael;07:19:08;15:28:55;64.2832,1029.947,1029.947;True,Service,TAXI,14,1402,0,4285109;;;
Michael;07:19:08;15:28:56;57.21262,1033.12,1033.12;True,Service,TAXI,14,92852,0,02853457;;;
Michael;07:19:09;15:28:56;49.90741,1035.999,1035.999;True,Service,TAXI,14,81969,0,1156225;;;
Michael;07:19:09;15:28:57;42.57363,1038.555,1038.555;True,Service,TAXI,14,83867,0,1229678;;;
Michael;07:19:10;15:28:57;35.06879,1040.872,1040.872;True,Service,TAXI,14,86619,0,1050407;;;
Michael;07:19:10;15:28:58;27.46991,1042.983,1042.983;True,Service,TAXI,14,88358,0,0884283;;;
Michael;07:19:11;15:28:58;19.77396,1044.928,1044.928;True,Service,TAXI,14,87067,0,07407965;;;
Michael;07:19:11;15:28:59;12.15302,1046.729,1046.729;True,Service,TAXI,14,84123,0,07719869;;;
Michael;07:19:12;15:28:59;4.616814,1048.492,1048.492;True,Service,TAXI,14,82364,0,0977371;;;
Michael;07:19:12;15:29:00;-3.051522,1050.202,1050.202;True,Service,TAXI,14,83897,0,1040081;;;
Michael;07:19:13;15:29:00;-10.60216,1051.742,1051.742;True,Service,TAXI,14,85545,0,09588379;;;
Michael;07:19:13;15:29:01;-18.23568,1053.122,1053.122;True,Service,TAXI,14,85187,0,09038834;;;
Michael;07:19:14;15:29:01;-25.94266,1054.294,1054.294;True,Service,TAXI,14,83646,0,1118378;;;
Michael;07:19:14;15:29:02;-33.78032,1055.287,1055.287;True,Service,TAXI,14,87854,0,1886601;;;
Michael;07:19:15;15:29:02;-41.62489,1056.056,1056.056;True,Service,TAXI,15,02081,0,1467794;;;
Michael;07:19:16;15:29:03;-49.54084,1056.61,1056.61;True,Service,TAXI,14,97702,0,07889125;;;
Michael;07:19:16;15:29:04;-57.43039,1056.935,1056.935;True,Service,TAXI,14,78668,0,1370747;;;
Michael;07:19:17;15:29:04;-65.13002,1057.083,1057.083;True,Service,TAXI,14,81322,0,2720558;;;
Michael;07:19:17;15:29:05;-73.13124,1057.108,1057.108;True,Service,TAXI,15,14554,0,03102713;;;
Michael;07:19:18;15:29:05;-81.14021,1057.056,1057.056;True,Service,TAXI,14,72697,0;;;
Michael;07:19:18;15:29:06;-88.28722,1056.972,1056.972;True,Service,TAXI,12,74662,0;;;
Michael;07:19:19;15:29:06;-94.612,1056.839,1056.839;True,Service,TAXI,11,53568,0,002761085;;;
Michael;07:19:19;15:29:07;-100.2932,1056.621,1056.621;True,Service,TAXI,10,48038,0,01514798;;;
Michael;07:19:20;15:29:07;-105.5796,1056.353,1056.353;True,Service,TAXI,9,537108,0,009512332;;;
Michael;07:19:20;15:29:08;-110.3096,1056.076,1056.076;True,Service,TAXI,8,693208,0,005271985;;;
Michael;07:19:21;15:29:08;-114.6765,1055.74,1055.74;True,Service,TAXI,7,92533,0,00030738;;;
Michael;07:19:21;15:29:09;-118.5062,1055.359,1055.359;True,Service,TAXI,6,93569,0,004944141;;;
Michael;07:19:22;15:29:09;-121.9766,1054.983,1054.983;True,Service,TAXI,6,103321,0,006918676;;;
Michael;07:19:22;15:29:10;-125.0378,1054.699,1054.699;True,Service,TAXI,5,767067,0,01275433;;;
Michael;07:19:23;15:29:10;-128.0526,1054.385,1054.385;True,Service,TAXI,5,765368,0,01714959;;;
Michael;07:19:23;15:29:11;-131.0365,1053.965,1053.965;True,Service,TAXI,5,696188,0,0532387;;;
Michael;07:19:24;15:29:11;-134,1053.406,1053.406;True,Service,TAXI,5,680352,0,08368427;;;
Michael;07:19:25;15:29:12;-136.9998,1052.728,1052.728;True,Service,TAXI,6,441658,0,9999999;;;
Michael;07:19:25;15:29:13;-141.1823,1051.743,1051.743;True,Service,TAXI,9,838761,0,9999999;;;
Michael;07:19:26;15:29:13;-146.9373,1050.555,1050.555;True,Service,TAXI,10,91042,0;;;
Michael;07:19:26;15:29:14;-152.9181,1049.522,1049.522;True,Service,TAXI,12,6117,1;;;
Michael;07:19:27;15:29:14;-160.0607,1048.543,1048.543;True,Service,TAXI,14,62925,0,9860427;;;
Michael;07:19:27;15:29:15;-168.2054,1048.113,1048.113;True,Service,TAXI,16,738,1;;;
Michael;07:19:28;15:29:15;-177.4675,1048.117,1048.117;True,Service,TAXI,18,92727,1;;;
Michael;07:19:28;15:29:16;-187.9792,1048.78,1048.78;True,Service,TAXI,21,14504,1;;;
Michael;07:19:29;15:29:16;-199.5803,1050.476,1050.476;True,Service,TAXI,22,96964,1;;;
Michael;07:19:29;15:29:17;-211.5247,1053.619,1053.619;True,Service,TAXI,22,66308,0;;;
Michael;07:19:30;15:29:17;-223.4642,1057.312,1057.312;True,Service,TAXI,24,07383,0,6264148;;;
Michael;07:19:30;15:29:18;-235.9696,1059.997,1059.997;True,Service,TAXI,24,47223,0,3256868;;;
Michael;07:19:31;15:29:18;-248.7309,1060.844,1060.844;True,Service,TAXI,24,49449,0,2687466;;;
Michael;07:19:31;15:29:19;-261.6608,1059.837,1059.837;True,Service,TAXI,24,48762,0,258975;;;
Michael;07:19:32;15:29:19;-274.0651,1056.794,1056.794;True,Service,TAXI,22,86951,0;;;
Michael;07:19:32;15:29:20;-283.3705,1053.405,1053.405;True,Service,TAXI,14,7494,0;;;
Michael;07:19:33;15:29:20;-288.43,1051.039,1051.039;True,Service,TAXI,7,949381,0,2248302;;;
Michael;07:19:33;15:29:21;-292.1539,1048.99,1048.99;True,Service,TAXI,8,490638,0,1901074;;;
Michael;07:19:34;15:29:21;-295.9852,1046.334,1046.334;True,Service,TAXI,9,168847,0,1053557;;;
Michael;07:19:35;15:29:22;-300.016,1044.212,1044.212;True,Service,TAXI,8,800122,0,1479149;;;
Michael;07:19:35;15:29:23;-303.704,1042.107,1042.107;True,Service,TAXI,5,159575,0;;;
Michael;07:19:36;15:29:23;-304.4136,1041.546,1041.546;True,Service,TAXI,0,3021925,0;;;
Michael;07:19:36;15:29:24;-304.3787,1041.523,1041.523;True,Service,TAXI,0,004128718,0;;;
Michael;07:19:37;15:29:24;-304.463,1043.012,1043.012;;;;
Michael;07:19:37;15:29:25;-304.0664,1043.46,1043.46;;;;
Michael;07:19:38;15:29:25;-304.0086,1043.489,1043.489;;;;
Michael;07:19:38;15:29:26;-304.0086,1043.489,1043.489;;;;
Michael;07:19:39;15:29:26;-304.0086,1043.489,1043.489;;;;
Michael;07:19:39;15:29:27;-304.0086,1043.489,1043.489;;;;
Michael;07:19:40;15:29:27;-304.0086,1043.489,1043.489;;;;
Michael;07:19:40;15:29:28;-304.0086,1043.489,1043.489;;;;
Michael;07:19:41;15:29:28;-304.0086,1043.489,1043.489;;;;
Michael;07:19:41;15:29:29;-304.0086,1043.489,1043.489;;;;
Michael;07:19:42;15:29:29;-304.0086,1043.489,1043.489;;;;
Michael;07:19:42;15:29:30;-304.0086,1043.489,1043.489;;;;
Michael;07:19:43;15:29:30;-304.0086,1043.489,1043.489;;;;
Michael;07:19:43;15:29:31;-304.0086,1043.489,1043.489;;;;
Michael;07:19:44;15:29:31;-304.0086,1043.489,1043.489;;;;
Michael;07:19:44;15:29:32;-304.0086,1043.489,1043.489;;;;
Michael;07:19:45;15:29:33;-304.0086,1043.489,1043.489;;;;
Michael;07:19:46;15:29:33;-304.0086,1043.489,1043.489;;;;
Michael;07:19:46;15:29:34;-304.0086,1043.489,1043.489;;;;
Michael;07:19:46;15:29:38;-304.0086,1043.489,1043.489;;;;
Michael;07:19:51;15:29:39;-304.0086,1043.489,1043.489;;;;
Michael;07:19:52;15:29:39;-304.0508,1043.458,1043.458;;;;
Michael;07:19:52;15:29:40;-304.6155,1042.852,1042.852;;;;
Michael;07:19:53;15:29:40;-305.6066,1041.296,1041.296;;;;
Michael;07:19:53;15:29:41;-306.6151,1039.139,1039.139;;;;
Michael;07:19:54;15:29:41;-308.8739,1036.847,1036.847;;;;
Michael;07:19:54;15:29:42;-311.5046,1034.897,1034.897;;;;
Michael;07:19:55;15:29:42;-312.4062,1031.543,1031.543;;;;
Michael;07:19:55;15:29:43;-312.2553,1028.181,1028.181;;;;
Michael;07:19:56;15:29:43;-313.2045,1025.03,1025.03;;;;
Michael;07:19:56;15:29:44;-314.9601,1021.898,1021.898;;;;
Michael;07:19:57;15:29:44;-315.5028,1018.491,1018.491;;;;
Michael;07:19:57;15:29:45;-316.2708,1014.975,1014.975;;;;
Michael;07:19:58;15:29:45;-317.3941,1011.644,1011.644;;;;
Michael;07:19:59;15:29:46;-318.6788,1008.368,1008.368;;;;
Michael;07:19:59;15:29:47;-319.862,1005.083,1005.083;;;;
Michael;07:20:00;15:29:47;-320.8267,1001.773,1001.773;;;;
Michael;07:20:00;15:29:48;-321.6828,998.3945,998.3945;;;;
Michael;07:20:01;15:29:48;-322.5343,995.0346,995.0346;;;;
Michael;07:20:01;15:29:49;-323.417,991.6577,991.6577;;;;
Michael;07:20:02;15:29:49;-324.5492,988.3878,988.3878;;;;
Michael;07:20:02;15:29:50;-326.1889,985.2881,985.2881;;;;
Michael;07:20:03;15:29:50;-328.2505,982.4011,982.4011;;;;
Michael;07:20:03;15:29:51;-330.5852,979.7772,979.7772;;;;
Michael;07:20:04;15:29:51;-333.171,977.4197,977.4197;;;;
Michael;07:20:04;15:29:52;-336.0556,975.4326,975.4326;;;;
Michael;07:20:05;15:29:52;-339.3277,973.9306,973.9306;;;;
Michael;07:20:05;15:29:53;-342.677,972.5662,972.5662;;;;
Michael;07:20:06;15:29:53;-345.8177,970.9196,970.9196;;;;
Michael;07:20:06;15:29:54;-347.2668,970.2857,970.2857;;;;
Michael;07:20:07;15:29:54;-348.096,969.8674,969.8674;;;;
Michael;07:20:07;15:29:55;-349.3822,969.1475,969.1475;;;;
Michael;07:20:08;15:29:55;-351.1623,968.2635,968.2635;;;;
Michael;07:20:09;15:29:56;-352.6341,967.5824,967.5824;;;;
Michael;07:20:09;15:29:57;-353.4762,967.1631,967.1631;;;;
Michael;07:20:10;15:29:57;-354.27,966.7634,966.7634;;;;
Michael;07:20:10;15:29:58;-355.0638,966.3636,966.3636;;;;
Michael;07:20:11;15:29:58;-355.9141,965.9355,965.9355;;;;
Michael;07:20:11;15:29:59;-356.7628,965.6818,965.6818;;;;
Michael;07:20:12;15:29:59;-357.6153,965.3597,965.3597;;;;
Michael;07:20:12;15:30:00;-358.4334,964.9891,964.9891;;;;
Michael;07:20:13;15:30:00;-359.3034,964.8842,964.8842;;;;
Michael;07:20:13;15:30:01;-360.1928,964.7462,964.7462;;;;
Michael;07:20:14;15:30:01;-361.0563,964.4633,964.4633;;;;
Michael;07:20:14;15:30:02;-361.9033,964.1779,964.1779;;;;
Michael;07:20:15;15:30:02;-362.8112,963.8649,963.8649;;;;
Michael;07:20:15;15:30:03;-363.3823,963.1862,963.1862;;;;
Michael;07:20:16;15:30:03;-363.8432,962.4336,962.4336;;;;
Michael;07:20:16;15:30:04;-364.6558,961.6957,961.6957;;;;
Michael;07:20:17;15:30:04;-366.2266,960.6507,960.6507;;;;
Michael;07:20:17;15:30:05;-368.5239,959.8325,959.8325;;;;
Michael;07:20:18;15:30:06;-371.4865,958.0891,958.0891;;;;
Michael;07:20:19;15:30:06;-374.0492,955.5859,955.5859;;;;
Michael;07:20:19;15:30:07;-376.9067,953.4343,953.4343;;;;
Michael;07:20:20;15:30:07;-379.4063,951.0475,951.0475;;;;
Michael;07:20:20;15:30:08;-381.8498,948.5637,948.5637;;;;
Michael;07:20:21;15:30:08;-384.2529,946.0731,946.0731;;;;
Michael;07:20:21;15:30:09;-386.4266,943.4083,943.4083;;;;
Michael;07:20:22;15:30:09;-388.5799,940.7247,940.7247;;;;
Michael;07:20:22;15:30:10;-390.7725,937.992,937.992;;;;
Michael;07:20:23;15:30:10;-392.9342,935.298,935.298;;;;
Michael;07:20:23;15:30:11;-395.1175,932.6236,932.6236;;;;
Michael;07:20:24;15:30:11;-397.1505,929.7696,929.7696;;;;
Michael;07:20:24;15:30:12;-399.1538,926.9157,926.9157;;;;
Michael;07:20:25;15:30:12;-401.3632,924.1896,924.1896;;;;
Michael;07:20:25;15:30:13;-403.9276,921.751,921.751;;;;
Michael;07:20:26;15:30:13;-406.1786,919.2219,919.2219;;;;
Michael;07:20:26;15:30:14;-408.9185,917.2616,917.2616;;;;
Michael;07:20:27;15:30:14;-412.193,915.7603,915.7603;;;;
Michael;07:20:27;15:30:15;-415.5753,914.3278,914.3278;;;;
Michael;07:20:28;15:30:15;-417.5183,911.9313,911.9313;;;;
Michael;07:20:29;15:30:16;-419.2741,909.356,909.356;;;;
Michael;07:20:29;15:30:17;-422.5686,908.4086,908.4086;;;;
Michael;07:20:30;15:30:17;-425.9028,906.8285,906.8285;;;;
Michael;07:20:30;15:30:18;-429.3312,905.8096,905.8096;;;;
Michael;07:20:31;15:30:18;-432.8437,904.9125,904.9125;;;;
Michael;07:20:31;15:30:19;-436.2034,903.9229,903.9229;;;;
Michael;07:20:32;15:30:19;-439.5733,902.9302,902.9302;;;;
Michael;07:20:32;15:30:20;-442.9166,902.0754,902.0754;;;;
Michael;07:20:33;15:30:20;-446.399,901.3813,901.3813;;;;
Michael;07:20:33;15:30:21;-449.4053,900.871,900.871;;;;
Michael;07:20:34;15:30:21;-452.2415,902.4719,902.4719;;;;
Michael;07:20:34;15:30:22;-455.1519,902.1895,902.1895;;;;
Michael;07:20:35;15:30:22;-458.4568,901.3271,901.3271;;;;
Michael;07:20:35;15:30:23;-462.1042,901.36,901.36;;;;
Michael;07:20:36;15:30:23;-465.5974,901.3921,901.3921;;;;
Michael;07:20:36;15:30:24;-469.127,901.423,901.423;;;;
Michael;07:20:37;15:30:24;-472.6018,901.4004,901.4004;;;;
Michael;07:20:37;15:30:25;-476.1311,901.3823,901.3823;;;;
Michael;07:20:38;15:30:25;-479.6761,901.8661,901.8661;;;;
Michael;07:20:39;15:30:26;-483.1214,902.1846,902.1846;;;;
Michael;07:20:39;15:30:27;-486.7243,902.5515,902.5515;;;;
Michael;07:20:40;15:30:27;-490.1353,903.6928,903.6928;;;;
Michael;07:20:40;15:30:28;-493.4104,904.8841,904.8841;;;;
Michael;07:20:41;15:30:28;-496.8379,905.7744,905.7744;;;;
Michael;07:20:41;15:30:29;-500.2381,907.0665,907.0665;;;;
Michael;07:20:42;15:30:29;-503.5007,908.4131,908.4131;;;;
Michael;07:20:42;15:30:30;-506.7189,909.7429,909.7429;;;;
Michael;07:20:43;15:30:30;-509.9164,911.0679,911.0679;;;;
Michael;07:20:43;15:30:31;-513.0186,912.464,912.464;;;;
Michael;07:20:44;15:30:31;-515.8998,914.6197,914.6197;;;;
Michael;07:20:44;15:30:32;-518.5755,916.8817,916.8817;;;;
Michael;07:20:45;15:30:32;-518.6249,920.0499,920.0499;;;;
Michael;07:20:45;15:30:33;-517.8624,923.3876,923.3876;;;;
Michael;07:20:46;15:30:33;-517.4063,925.1646,925.1646;;;;
Michael;07:20:46;15:30:34;-516.9922,926.9578,926.9578;;;;
Michael;07:20:47;15:30:34;-516.7402,928.7856,928.7856;;;;
Michael;07:20:47;15:30:35;-516.6165,930.6857,930.6857;;;;
Michael;07:20:48;15:30:36;-516.3391,932.5236,932.5236;;;;
Michael;07:20:49;15:30:36;-515.9349,934.1588,934.1588;;;;
Michael;07:20:49;15:30:37;-515.5,935.8744,935.8744;;;;
Michael;07:20:50;15:30:37;-514.6989,937.4872,937.4872;;;;
Michael;07:20:50;15:30:38;-513.5397,938.8467,938.8467;;;;
Michael;07:20:51;15:30:38;-512.85,940.4236,940.4236;;;;
Michael;07:20:51;15:30:39;-512.2551,941.8546,941.8546;;;;
Michael;07:20:52;15:30:39;-511.6627,943.2703,943.2703;;;;
Michael;07:20:52;15:30:40;-511.0642,944.7025,944.7025;;;;
Michael;07:20:53;15:30:40;-510.4594,946.149,946.149;;;;
Michael;07:20:53;15:30:41;-509.8633,947.5927,947.5927;;;;
Michael;07:20:54;15:30:41;-509.2828,948.9826,948.9826;;;;
Michael;07:20:54;15:30:42;-508.7097,950.3523,950.3523;;;;
Michael;07:20:55;15:30:42;-508.128,951.7432,951.7432;;;;
Michael;07:20:55;15:30:43;-507.5746,953.0842,953.0842;;;;
Michael;07:20:56;15:30:43;-507.0176,954.4175,954.4175;;;;
Michael;07:20:56;15:30:44;-506.4559,955.7594,955.7594;;;;
Michael;07:20:57;15:30:44;-505.8935,957.1031,957.1031;;;;
Michael;07:20:57;15:30:45;-505.3128,958.5028,958.5028;;;;
Michael;07:20:58;15:30:45;-504.7003,959.9714,959.9714;;;;
Michael;07:20:59;15:30:46;-504.0218,961.5892,961.5892;;;;
Michael;07:20:59;15:30:47;-502.7797,962.988,962.988;;;;
Michael;07:21:00;15:30:47;-501.4502,964.1007,964.1007;;;;
Michael;07:21:00;15:30:48;-500.283,965.5121,965.5121;;;;
Michael;07:21:01;15:30:48;-499.008,967.0491,967.0491;;;;
Michael;07:21:01;15:30:49;-497.7496,968.5654,968.5654;;;;
Michael;07:21:02;15:30:49;-496.4612,970.118,970.118;;;;
Michael;07:21:02;15:30:50;-495.1312,971.5624,971.5624;;;;
Michael;07:21:03;15:30:50;-493.7056,972.8116,972.8116;;;;
Michael;07:21:03;15:30:51;-492.3668,974.1594,974.1594;;;;
Michael;07:21:04;15:30:51;-491.1093,975.4313,975.4313;;;;
Michael;07:21:04;15:30:52;-490.071,976.491,976.491;;;;
Michael;07:21:05;15:30:52;-489.1075,977.4655,977.4655;;;;
Michael;07:21:05;15:30:53;-488.2179,978.3636,978.3636;;;;
Michael;07:21:06;15:30:53;-487.3786,979.2183,979.2183;;;;
Michael;07:21:06;15:30:54;-486.4794,980.1295,980.1295;;;;
Michael;07:21:07;15:30:54;-485.5176,981.1007,981.1007;;;;
Michael;07:21:07;15:30:55;-484.5731,982.0546,982.0546;;;;
Michael;07:21:08;15:30:55;-483.6204,983.0269,983.0269;;;;
Michael;07:21:09;15:30:56;-482.6937,983.9627,983.9627;;;;
Michael;07:21:09;15:30:57;-481.7586,984.9055,984.9055;;;;
Michael;07:21:10;15:30:57;-480.7931,985.8787,985.8787;;;;
Michael;07:21:10;15:30:58;-479.8286,986.8624,986.8624;;;;
Michael;07:21:11;15:30:58;-478.8477,987.8514,987.8514;;;;
Michael;07:21:11;15:30:59;-477.8824,988.824,988.824;;;;
Michael;07:21:12;15:30:59;-476.9224,989.7924,989.7924;;;;
Michael;07:21:12;15:31:00;-475.8994,990.8339,990.8339;;;;
Michael;07:21:13;15:31:00;-474.8869,991.8539,991.8539;;;;
Michael;07:21:13;15:31:01;-473.8738,992.8743,992.8743;;;;
Michael;07:21:14;15:31:01;-472.7897,993.9683,993.9683;;;;
Michael;07:21:14;15:31:02;-471.6902,995.0851,995.0851;;;;
Michael;07:21:15;15:31:02;-470.5808,996.2028,996.2028;;;;
Michael;07:21:15;15:31:03;-469.4401,997.3524,997.3524;;;;
Michael;07:21:16;15:31:03;-468.2948,998.5069,998.5069;;;;
Michael;07:21:16;15:31:04;-467.1804,999.6396,999.6396;;;;
Michael;07:21:17;15:31:04;-465.9715,1000.858,1000.858;;;;
Michael;07:21:17;15:31:05;-464.7932,1002.045,1002.045;;;;
Michael;07:21:18;15:31:05;-463.5284,1003.319,1003.319;;;;
Michael;07:21:18;15:31:06;-462.2575,1004.607,1004.607;;;;
Michael;07:21:19;15:31:07;-461.011,1005.869,1005.869;;;;
Michael;07:21:20;15:31:07;-459.8693,1007.219,1007.219;;;;
Michael;07:21:20;15:31:08;-458.6776,1008.497,1008.497;;;;
Michael;07:21:21;15:31:08;-457.4598,1009.801,1009.801;;;;
Michael;07:21:21;15:31:09;-456.2726,1011.07,1011.07;;;;
Michael;07:21:22;15:31:09;-455.1406,1012.435,1012.435;;;;
Michael;07:21:22;15:31:10;-454.4352,1014.15,1014.15;;;;
Michael;07:21:23;15:31:10;-453.4471,1015.747,1015.747;;;;
Michael;07:21:23;15:31:11;-452.4554,1017.303,1017.303;;;;
Michael;07:21:24;15:31:11;-451.5067,1018.789,1018.789;;;;
Michael;07:21:24;15:31:12;-450.678,1020.341,1020.341;;;;
Michael;07:21:25;15:31:12;-450.0957,1022.054,1022.054;;;;
Michael;07:21:25;15:31:13;-449.5624,1023.81,1023.81;;;;
Michael;07:21:26;15:31:13;-448.9973,1025.536,1025.536;;;;
Michael;07:21:26;15:31:14;-448.4163,1027.279,1027.279;;;;
Michael;07:21:27;15:31:14;-447.8487,1028.98,1028.98;;;;
Michael;07:21:27;15:31:15;-447.2839,1030.688,1030.688;;;;
Michael;07:21:28;15:31:15;-446.7233,1032.367,1032.367;;;;
Michael;07:21:28;15:31:16;-446.1783,1033.997,1033.997;;;;
Michael;07:21:29;15:31:16;-445.6299,1035.638,1035.638;;;;
Michael;07:21:30;15:31:17;-445.0918,1037.27,1037.27;;;;
Michael;07:21:30;15:31:18;-444.5764,1038.884,1038.884;;;;
Michael;07:21:31;15:31:18;-444.0704,1040.494,1040.494;;;;
Michael;07:21:31;15:31:19;-443.5033,1042.071,1042.071;;;;
Michael;07:21:32;15:31:19;-442.7578,1043.673,1043.673;;;;
Michael;07:21:32;15:31:20;-442.1052,1045.344,1045.344;;;;
Michael;07:21:33;15:31:20;-440.8477,1046.623,1046.623;;;;
Michael;07:21:33;15:31:21;-439.6138,1047.888,1047.888;;;;
Michael;07:21:34;15:31:21;-438.1386,1048.724,1048.724;;;;
Michael;07:21:34;15:31:22;-436.2602,1048.83,1048.83;;;;
Michael;07:21:35;15:31:22;-434.7109,1049.941,1049.941;;;;
Michael;07:21:35;15:31:23;-432.7948,1050.095,1050.095;;;;
Michael;07:21:36;15:31:23;-430.8742,1050.333,1050.333;;;;
Michael;07:21:36;15:31:24;-429.183,1051.034,1051.034;;;;
Michael;07:21:37;15:31:24;-427.0289,1051.915,1051.915;;;;
Michael;07:21:37;15:31:25;-423.762,1053.083,1053.083;;;;
Michael;07:21:38;15:31:25;-422.7774,1054.82,1054.82;;;;
Michael;07:21:38;15:31:26;-422.0571,1056.596,1056.596;;;;
Michael;07:21:39;15:31:26;-421.4998,1058,1058;;;;
Michael;07:21:39;15:31:27;-421.3926,1058.248,1058.248;;;;
Michael;07:21:40;15:31:28;-421.3597,1058.346,1058.346;;;;
Michael;07:21:41;15:31:28;-421.2233,1058.818,1058.818;;;;
Michael;07:21:41;15:31:29;-420.9131,1059.997,1059.997;;;;
Michael;07:21:42;15:31:29;-419.6504,1061.875,1061.875;;;;
Michael;07:21:42;15:31:30;-417.1957,1064.476,1064.476;;;;
Michael;07:21:43;15:31:30;-416.0885,1066.992,1066.992;;;;
Michael;07:21:43;15:31:31;-415.9162,1068.153,1068.153;;;;
Michael;07:21:44;15:31:31;-415.2906,1070.457,1070.457;;;;
Michael;07:21:44;15:31:32;-415.1729,1071.437,1071.437;;;;
Michael;07:21:45;15:31:32;-415.1523,1072.855,1072.855;;;;
Michael;07:21:45;15:31:33;-416.3442,1074.891,1074.891;;;;
Michael;07:21:46;15:31:33;-417.3886,1072.82,1072.82;;;;
Michael;07:21:46;15:31:34;-418.4465,1069.883,1069.883;;;;
Michael;07:21:47;15:31:34;-421.4185,1069.988,1069.988;;;;
Michael;07:21:47;15:31:35;-424.255,1069.075,1069.075;;;;
Michael;07:21:48;15:31:35;-426.3214,1066.251,1066.251;;;;
Michael;07:21:48;15:31:36;-428.5536,1063.596,1063.596;;;;
Michael;07:21:49;15:31:36;-431.5186,1061.579,1061.579;;;;
Michael;07:21:49;15:31:37;-433.3695,1060.804,1060.804;;;;
Michael;07:21:50;15:31:38;-434.4884,1060.44,1060.44;;;;
Michael;07:21:51;15:31:38;-435.3586,1060.242,1060.242;;;;
Michael;07:21:51;15:31:39;-436.2856,1060.07,1060.07;;;;
Michael;07:21:52;15:31:39;-439.1675,1060.024,1060.024;;;;
Michael;07:21:52;15:31:40;-439.6646,1060.077,1060.077;;Davey!;Cutscene;Cutscene
Michael;07:21:53;15:31:40;-440.1898,1060.036,1060.036;;;;
Michael;07:21:53;15:31:41;-440.7357,1060.172,1060.172;;;;
Michael;07:21:54;15:31:41;-441.3022,1060.251,1060.251;;How ya doing?;Cutscene;Cutscene
Michael;07:21:54;15:31:42;-441.8262,1060.216,1060.216;;;;
Michael;07:21:55;15:31:42;-442.318,1060.126,1060.126;;About as good as can be expected.;Cutscene;Cutscene
Michael;07:21:55;15:31:43;-442.6855,1059.829,1059.829;;;;
Michael;07:21:56;15:31:43;-442.9936,1059.663,1059.663;;;;
Michael;07:21:56;15:31:44;-443.2771,1059.569,1059.569;;But, the news is not good.;Cutscene;Cutscene
Michael;07:21:57;15:31:44;-443.1663,1059.46,1059.46;;;;
Michael;07:21:57;15:31:45;-443.0009,1059.426,1059.426;;;;
Michael;07:21:58;15:31:45;-442.9651,1059.412,1059.412;;;;
Michael;07:21:58;15:31:46;-443.0034,1059.472,1059.472;;;;
Michael;07:21:59;15:31:46;-443.0198,1059.474,1059.474;;I don't know what you're talkin' about.;Cutscene;Cutscene
Michael;07:22:00;15:31:47;-443.019,1059.475,1059.475;;;;
Michael;07:22:00;15:31:48;-442.9837,1059.441,1059.441;;;;
Michael;07:22:01;15:31:48;-442.9478,1059.44,1059.44;;;;
Michael;07:22:01;15:31:49;-442.9707,1059.391,1059.391;;I know you did that fucking jewelry job.;Cutscene;Cutscene
Michael;07:22:02;15:31:49;-442.9614,1059.464,1059.464;;;;
Michael;07:22:02;15:31:50;-442.9362,1059.469,1059.469;;;;
Michael;07:22:03;15:31:50;-442.9368,1059.472,1059.472;;;;
Michael;07:22:03;15:31:51;-442.9368,1059.474,1059.474;;;;
Michael;07:22:04;15:31:51;-442.9351,1059.472,1059.472;;Davey, seriously, you're imagining things.;Cutscene;Cutscene
Michael;07:22:04;15:31:52;-442.8899,1059.401,1059.401;;;;
Michael;07:22:05;15:31:52;-442.8649,1059.359,1059.359;;;;
Michael;07:22:05;15:31:53;-442.9536,1059.314,1059.314;;;;
Michael;07:22:06;15:31:53;-442.9681,1059.329,1059.329;;;;
Michael;07:22:06;15:31:54;-442.964,1059.315,1059.315;;Fuck.;Cutscene;Cutscene
Michael;07:22:07;15:31:54;-442.9602,1059.314,1059.314;;;;
Michael;07:22:07;15:31:55;-442.9659,1059.319,1059.319;;You.;Cutscene;Cutscene
Michael;07:22:08;15:31:55;-442.9673,1059.315,1059.315;;;;
Michael;07:22:08;15:31:56;-442.957,1059.308,1059.308;;Alright!;Cutscene;Cutscene
Michael;07:22:09;15:31:56;-442.9547,1059.302,1059.302;;;;
Michael;07:22:09;15:31:57;-442.9765,1059.289,1059.289;;;;
Michael;07:22:10;15:31:57;-442.8842,1059.305,1059.305;;I did it!;Cutscene;Cutscene
Michael;07:22:11;15:31:58;-442.936,1059.312,1059.312;;Arrest me!;Cutscene;Cutscene
Michael;07:22:11;15:31:59;-443.0648,1059.32,1059.32;;;;
Michael;07:22:12;15:31:59;-443.0619,1059.31,1059.31;;You know what?;Cutscene;Cutscene
Michael;07:22:12;15:32:00;-443.063,1059.312,1059.312;;;;
Michael;07:22:13;15:32:00;-443.0617,1059.309,1059.309;;You'll be saving my life.;Cutscene;Cutscene
Michael;07:22:13;15:32:01;-443.0636,1059.307,1059.307;;;;
Michael;07:22:14;15:32:01;-443.0647,1059.308,1059.308;;;;
Michael;07:22:14;15:32:02;-443.0719,1059.309,1059.309;;'Cause you called it, motherfucker.;Cutscene;Cutscene
Michael;07:22:15;15:32:02;-443.0709,1059.306,1059.306;;;;
Michael;07:22:15;15:32:03;-443.0686,1059.306,1059.306;;;;
Michael;07:22:16;15:32:03;-443.0643,1059.305,1059.305;;;;
Michael;07:22:16;15:32:04;-443.0625,1059.301,1059.301;;;;
Michael;07:22:17;15:32:04;-443.0597,1059.297,1059.297;;;;
Michael;07:22:17;15:32:05;-443.0607,1059.301,1059.301;;What?;Cutscene;Cutscene
Michael;07:22:18;15:32:05;-443.0562,1059.303,1059.303;;You called it.;Cutscene;Cutscene
Michael;07:22:18;15:32:06;-443.0565,1059.305,1059.305;;;;
Michael;07:22:19;15:32:06;-443.0562,1059.306,1059.306;;;;
Michael;07:22:19;15:32:07;-443.0572,1059.306,1059.306;;Trevor...;Cutscene;Cutscene
Michael;07:22:20;15:32:07;-443.0531,1059.303,1059.303;;;;
Michael;07:22:21;15:32:08;-443.0529,1059.309,1059.309;;;;
Michael;07:22:21;15:32:09;-443.0525,1059.309,1059.309;;;;
Michael;07:22:22;15:32:09;-443.0432,1059.31,1059.31;;Couple days ago.;Cutscene;Cutscene
Michael;07:22:22;15:32:10;-443.0222,1059.311,1059.311;;;;
Michael;07:22:23;15:32:10;-442.9112,1059.328,1059.328;;;;
Michael;07:22:23;15:32:11;-442.8437,1059.391,1059.391;;We haven't really talked about anything either.;Cutscene;Cutscene
Michael;07:22:24;15:32:11;-442.8269,1059.464,1059.464;;;;
Michael;07:22:24;15:32:12;-442.8721,1059.446,1059.446;;;;
Michael;07:22:25;15:32:12;-442.9125,1059.386,1059.386;;;;
Michael;07:22:25;15:32:13;-442.9304,1059.351,1059.351;;;;
Michael;07:22:26;15:32:13;-442.9658,1059.399,1059.399;;;;
Michael;07:22:26;15:32:14;-442.9306,1059.359,1059.359;;But if, no, when...;Cutscene;Cutscene
Michael;07:22:27;15:32:14;-442.9317,1059.354,1059.354;;;;
Michael;07:22:27;15:32:15;-442.924,1059.356,1059.356;;he starts asking questions about why you're not feeding worms;Cutscene;Cutscene
Michael;07:22:28;15:32:15;-442.9193,1059.391,1059.391;;;;
Michael;07:22:28;15:32:16;-442.9166,1059.386,1059.386;;;;
Michael;07:22:29;15:32:16;-442.9187,1059.377,1059.377;;;;
Michael;07:22:29;15:32:17;-442.9211,1059.369,1059.369;;;;
Michael;07:22:30;15:32:17;-442.9249,1059.369,1059.369;;;;
Michael;07:22:30;15:32:18;-442.9234,1059.368,1059.368;;south of the Canadian border...;Cutscene;Cutscene
Michael;07:22:31;15:32:18;-442.9191,1059.374,1059.374;;;;
Michael;07:22:31;15:32:19;-442.9185,1059.375,1059.375;;;;
Michael;07:22:32;15:32:19;-442.9177,1059.368,1059.368;;;;
Michael;07:22:33;15:32:20;-442.9122,1059.391,1059.391;;;;
Michael;07:22:33;15:32:21;-442.9158,1059.399,1059.399;;;;
Michael;07:22:34;15:32:21;-442.9121,1059.386,1059.386;;;;
Michael;07:22:34;15:32:22;-442.9101,1059.409,1059.409;;Oh, we got problems.;Cutscene;Cutscene
Michael;07:22:35;15:32:22;-442.9105,1059.404,1059.404;;;;
Michael;07:22:35;15:32:23;-442.922,1059.415,1059.415;;;;
Michael;07:22:36;15:32:23;-442.9134,1059.415,1059.415;;Yeah, no shit.;Cutscene;Cutscene
Michael;07:22:36;15:32:24;-442.9134,1059.428,1059.428;;;;
Michael;07:22:37;15:32:24;-442.9095,1059.427,1059.427;;;;
Michael;07:22:37;15:32:25;-442.9127,1059.422,1059.422;;;;
Michael;07:22:38;15:32:25;-442.962,1059.43,1059.43;;;;
Michael;07:22:38;15:32:26;-442.962,1059.429,1059.429;;;;
Michael;07:22:39;15:32:26;-442.9627,1059.427,1059.427;;We're in it.;Cutscene;Cutscene
Michael;07:22:39;15:32:27;-442.9679,1059.426,1059.426;;;;
Michael;07:22:40;15:32:27;-442.9751,1059.421,1059.421;;;;
Michael;07:22:40;15:32:28;-442.975,1059.422,1059.422;;;;
Michael;07:22:41;15:32:28;-442.9741,1059.421,1059.421;;;;
Michael;07:22:41;15:32:29;-442.9742,1059.421,1059.421;;Together.;Cutscene;Cutscene
Michael;07:22:42;15:32:29;-442.9744,1059.421,1059.421;;;;
Michael;07:22:43;15:32:30;-442.9745,1059.421,1059.421;;;;
Michael;07:22:43;15:32:31;-442.9745,1059.42,1059.42;;So...;Cutscene;Cutscene
Michael;07:22:44;15:32:31;-442.9739,1059.421,1059.421;;;;
Michael;07:22:44;15:32:32;-442.9737,1059.421,1059.421;;;;
Michael;07:22:45;15:32:32;-442.9743,1059.419,1059.419;;;;
Michael;07:22:45;15:32:33;-442.9772,1059.417,1059.417;;If your problems are...;Cutscene;Cutscene
Michael;07:22:46;15:32:33;-442.9767,1059.418,1059.418;;;;
Michael;07:22:46;15:32:34;-442.9764,1059.419,1059.419;;;;
Michael;07:22:47;15:32:34;-442.9758,1059.419,1059.419;;;;
Michael;07:22:47;15:32:35;-442.9758,1059.419,1059.419;;;;
Michael;07:22:48;15:32:35;-442.9757,1059.419,1059.419;;;;
Michael;07:22:48;15:32:36;-442.9757,1059.419,1059.419;;my problems.;Cutscene;Cutscene
Michael;07:22:49;15:32:36;-442.9757,1059.419,1059.419;;;;
Michael;07:22:49;15:32:37;-442.9757,1059.419,1059.419;;;;
Michael;07:22:50;15:32:37;-442.9756,1059.419,1059.419;;Then I guess that means that...;Cutscene;Cutscene
Michael;07:22:50;15:32:38;-442.9714,1059.425,1059.425;;;;
Michael;07:22:51;15:32:38;-442.963,1059.436,1059.436;;;;
Michael;07:22:51;15:32:39;-442.9677,1059.435,1059.435;;;;
Michael;07:22:52;15:32:39;-442.9659,1059.435,1059.435;;;;
Michael;07:22:52;15:32:40;-442.9677,1059.434,1059.434;;my problems, are sort of...;Cutscene;Cutscene
Michael;07:22:53;15:32:40;-442.969,1059.434,1059.434;;;;
Michael;07:22:54;15:32:41;-442.97,1059.435,1059.435;;;;
Michael;07:22:54;15:32:42;-442.9725,1059.433,1059.433;;;;
Michael;07:22:55;15:32:42;-442.9742,1059.432,1059.432;;;;
Michael;07:22:55;15:32:43;-442.9743,1059.431,1059.431;;your problems?;Cutscene;Cutscene
Michael;07:22:56;15:32:43;-442.9747,1059.427,1059.427;;;;
Michael;07:22:56;15:32:44;-442.9721,1059.426,1059.426;;;;
Michael;07:22:57;15:32:44;-443.0424,1059.391,1059.391;;;;
Michael;07:22:57;15:32:45;-442.9947,1059.415,1059.415;;;;
Michael;07:22:58;15:32:45;-443.0177,1059.482,1059.482;;Uh-uh. Nope.;Cutscene;Cutscene
Michael;07:22:58;15:32:46;-443.0056,1059.457,1059.457;;;;
Michael;07:22:59;15:32:46;-443.0103,1059.454,1059.454;;;;
Michael;07:22:59;15:32:47;-443.0121,1059.455,1059.455;;;;
Michael;07:23:00;15:32:47;-443.011,1059.455,1059.455;;What if I lose my job?;Cutscene;Cutscene
Michael;07:23:00;15:32:48;-443.008,1059.456,1059.456;;;;
Michael;07:23:01;15:32:48;-443.0098,1059.459,1059.459;;;;
Michael;07:23:01;15:32:49;-443.0087,1059.482,1059.482;;Someone comes into my office,;Cutscene;Cutscene
Michael;07:23:02;15:32:49;-443.0221,1059.418,1059.418;;;;
Michael;07:23:02;15:32:50;-443.0677,1059.36,1059.36;;;;
Michael;07:23:03;15:32:50;-443.1223,1059.364,1059.364;;;;
Michael;07:23:04;15:32:51;-443.1122,1059.382,1059.382;;starts reading my files.;Cutscene;Cutscene
Michael;07:23:04;15:32:52;-443.0119,1059.404,1059.404;;;;
Michael;07:23:05;15:32:52;-442.909,1059.446,1059.446;;;;
Michael;07:23:05;15:32:53;-442.9452,1059.477,1059.477;;They'll see the things I did.;Cutscene;Cutscene
Michael;07:23:06;15:32:53;-443.0182,1059.448,1059.448;;;;
Michael;07:23:06;15:32:54;-442.9939,1059.459,1059.459;;;;
Michael;07:23:07;15:32:54;-442.9686,1059.458,1059.458;;;;
Michael;07:23:07;15:32:55;-442.9814,1059.451,1059.451;;I know a lot of stuff; I can cop a plea, get five years. But you?;Cutscene;Cutscene
Michael;07:23:08;15:32:55;-442.9789,1059.453,1059.453;;;;
Michael;07:23:08;15:32:56;-442.9778,1059.455,1059.455;;;;
Michael;07:23:09;15:32:56;-442.9786,1059.456,1059.456;;;;
Michael;07:23:09;15:32:57;-442.9784,1059.456,1059.456;;;;
Michael;07:23:10;15:32:57;-442.9796,1059.455,1059.455;;;;
Michael;07:23:10;15:32:58;-442.9794,1059.455,1059.455;;;;
Michael;07:23:11;15:32:58;-442.9783,1059.454,1059.454;;;;
Michael;07:23:11;15:32:59;-442.979,1059.45,1059.45;;Fuck you. You ungrateful prick.;Cutscene;Cutscene
Michael;07:23:12;15:32:59;-442.9791,1059.448,1059.448;;;;
Michael;07:23:12;15:33:00;-442.979,1059.447,1059.447;;;;
Michael;07:23:13;15:33:00;-442.979,1059.446,1059.446;;;;
Michael;07:23:13;15:33:01;-442.9777,1059.445,1059.445;;;;
Michael;07:23:14;15:33:02;-442.9759,1059.44,1059.44;;;;
Michael;07:23:15;15:33:02;-442.9759,1059.442,1059.442;;;;
Michael;07:23:15;15:33:03;-443.0007,1059.452,1059.452;;;;
Michael;07:23:16;15:33:03;-443.1386,1059.443,1059.443;;I made your career.;Cutscene;Cutscene
Michael;07:23:16;15:33:04;-443.1627,1059.414,1059.414;;;;
Michael;07:23:17;15:33:04;-443.0757,1059.418,1059.418;;;;
Michael;07:23:17;15:33:05;-443.0158,1059.485,1059.485;;;;
Michael;07:23:18;15:33:05;-443.0183,1059.467,1059.467;;;;
Michael;07:23:18;15:33:06;-443.0167,1059.434,1059.434;;Well...;Cutscene;Cutscene
Michael;07:23:19;15:33:06;-443.0179,1059.427,1059.427;;;;
Michael;07:23:19;15:33:07;-443.019,1059.432,1059.432;;;;
Michael;07:23:20;15:33:07;-443.017,1059.438,1059.438;;;;
Michael;07:23:20;15:33:08;-443.015,1059.431,1059.431;;then we better go about saving it together, because...;Cutscene;Cutscene
Michael;07:23:21;15:33:08;-443.0125,1059.426,1059.426;;;;
Michael;07:23:21;15:33:09;-443.013,1059.427,1059.427;;;;
Michael;07:23:22;15:33:09;-443.0102,1059.426,1059.426;;;;
Michael;07:23:22;15:33:10;-443.0106,1059.427,1059.427;;;;
Michael;07:23:23;15:33:10;-443.0117,1059.437,1059.437;;;;
Michael;07:23:23;15:33:11;-443.0061,1059.453,1059.453;;;;
Michael;07:23:24;15:33:12;-442.996,1059.476,1059.476;;you and I both know we can't let it go to shit now.;Cutscene;Cutscene
Michael;07:23:25;15:33:12;-443.0135,1059.42,1059.42;;;;
Michael;07:23:25;15:33:13;-443.0787,1059.365,1059.365;;;;
Michael;07:23:26;15:33:13;-443.1251,1059.392,1059.392;;;;
Michael;07:23:26;15:33:14;-443.037,1059.386,1059.386;;;;
Michael;07:23:27;15:33:14;-442.8641,1059.425,1059.425;;;;
Michael;07:23:27;15:33:15;-442.8188,1059.328,1059.328;;;;
Michael;07:23:28;15:33:15;-442.8543,1059.29,1059.29;;;;
Michael;07:23:28;15:33:16;-442.9714,1059.37,1059.37;;;;
Michael;07:23:29;15:33:16;-443.0146,1059.387,1059.387;;;;
Michael;07:23:29;15:33:17;-443.0057,1059.379,1059.379;;;;
Michael;07:23:30;15:33:17;-443.0062,1059.375,1059.375;;;;
Michael;07:23:30;15:33:18;-442.9998,1059.373,1059.373;;;;
Michael;07:23:31;15:33:18;-442.9981,1059.381,1059.381;;;;
Michael;07:23:31;15:33:19;-442.9902,1059.387,1059.387;;What do you need?;Cutscene;Cutscene
Michael;07:23:32;15:33:19;-442.9863,1059.388,1059.388;;;;
Michael;07:23:32;15:33:20;-442.986,1059.381,1059.381;;;;
Michael;07:23:33;15:33:20;-442.9886,1059.369,1059.369;;This guy.;Cutscene;Cutscene
Michael;07:23:33;15:33:21;-451.3137,1065.614,1065.614;;;;
Michael;07:23:34;15:33:21;-451.3137,1065.614,1065.614;;Ferdinand Kerimov.;Cutscene;Cutscene
Michael;07:23:35;15:33:22;-451.3137,1065.614,1065.614;;;;
Michael;07:23:35;15:33:23;-451.3137,1065.614,1065.614;;;;
Michael;07:23:36;15:33:23;-451.3137,1065.614,1065.614;;;;
Michael;07:23:36;15:33:24;-451.3137,1065.614,1065.614;;;;
Michael;07:23:37;15:33:24;-442.9667,1059.373,1059.373;;The Agency claims he's dead.;Cutscene;Cutscene
Michael;07:23:37;15:33:25;-442.9256,1059.335,1059.335;;;;
Michael;07:23:38;15:33:25;-443.0757,1059.492,1059.492;;;;
Michael;07:23:38;15:33:26;-443.3564,1059.726,1059.726;;;;
Michael;07:23:39;15:33:26;-443.7623,1060.061,1060.061;;We at the Bureau think they're full of crap.;Cutscene;Cutscene
Michael;07:23:39;15:33:27;-444.3292,1060.25,1060.25;;;;
Michael;07:23:40;15:33:27;-444.8455,1060.515,1060.515;;;;
Michael;07:23:40;15:33:28;-445.3598,1060.792,1060.792;;;;
Michael;07:23:41;15:33:28;-445.9745,1061.045,1061.045;;;;
Michael;07:23:41;15:33:29;-446.5336,1061.427,1061.427;;We think he's being debriefed some place.;Cutscene;Cutscene
Michael;07:23:42;15:33:29;-451.4617,1065.284,1065.284;;;;
Michael;07:23:42;15:33:30;-451.7056,1065.601,1065.601;;;;
Michael;07:23:43;15:33:30;-451.8647,1066.059,1066.059;;;;
Michael;07:23:43;15:33:31;-452.1858,1066.473,1066.473;;;;
Michael;07:23:44;15:33:31;-452.4466,1066.918,1066.918;;So?;Cutscene;Cutscene
Michael;07:23:44;15:33:32;-452.7019,1067.36,1067.36;;Apparently...;Cutscene;Cutscene
Michael;07:23:45;15:33:33;-453.022,1067.795,1067.795;;;;
Michael;07:23:46;15:33:33;-453.9324,1070.168,1070.168;;;;
Michael;07:23:46;15:33:34;-454.1335,1070.646,1070.646;;he has information which will put me and my superiors out of circulation.;Cutscene;Cutscene
Michael;07:23:47;15:33:34;-454.3033,1071.189,1071.189;;;;
Michael;07:23:47;15:33:35;-454.5599,1071.699,1071.699;;;;
Michael;07:23:48;15:33:35;-454.6598,1072.233,1072.233;;;;
Michael;07:23:48;15:33:36;-454.7645,1072.748,1072.748;;;;
Michael;07:23:49;15:33:36;-454.9032,1073.318,1073.318;;;;
Michael;07:23:49;15:33:37;-454.9111,1073.901,1073.901;;;;
Michael;07:23:50;15:33:37;-455.0136,1074.47,1074.47;;;;
Michael;07:23:50;15:33:38;-454.9785,1074.991,1074.991;;;;
Michael;07:23:51;15:33:38;-454.9373,1075.513,1075.513;;Those Agency fuckers have got the coroner's office locked down.;Cutscene;Cutscene
Michael;07:23:51;15:33:39;-454.9659,1076.035,1076.035;;;;
Michael;07:23:52;15:33:39;-454.8899,1076.54,1076.54;;;;
Michael;07:23:52;15:33:40;-454.8733,1077.043,1077.043;;;;
Michael;07:23:53;15:33:40;-454.7965,1077.431,1077.431;;;;
Michael;07:23:53;15:33:41;-455.2437,1079.383,1079.383;;;;
Michael;07:23:54;15:33:41;-455.2823,1079.646,1079.646;;We need you to verify the body.;Cutscene;Cutscene
Michael;07:23:54;15:33:42;-455.2725,1079.869,1079.869;;;;
Michael;07:23:55;15:33:42;-455.364,1079.995,1079.995;;;;
Michael;07:23:55;15:33:43;-455.407,1080.031,1080.031;;;;
Michael;07:23:56;15:33:44;-455.3538,1080.138,1080.138;;;;
Michael;07:23:57;15:33:44;-455.3518,1080.161,1080.161;;;;
Michael;07:23:57;15:33:45;-455.3671,1080.159,1080.159;;So, how the hell am I gonna get in here?;Cutscene;Cutscene
Michael;07:23:58;15:33:45;-455.3731,1080.168,1080.168;;;;
Michael;07:23:58;15:33:46;-455.3616,1080.176,1080.176;;;;
Michael;07:23:59;15:33:46;-455.3486,1080.177,1080.177;;Well...;Cutscene;Cutscene
Michael;07:23:59;15:33:47;-455.3489,1080.184,1080.184;;;;
Michael;07:24:00;15:33:47;-455.3476,1080.189,1080.189;;you've played dead before, haven't you?;Cutscene;Cutscene
Michael;07:24:00;15:33:48;-455.347,1080.191,1080.191;;;;
Michael;07:24:01;15:33:48;-455.3486,1080.198,1080.198;;;;
Michael;07:24:01;15:33:49;-455.3624,1080.215,1080.215;;;;
Michael;07:24:02;15:33:49;-455.4364,1080.235,1080.235;;Ugh... aw.;Cutscene;Cutscene
Michael;07:24:02;15:33:50;-455.7056,1080.238,1080.238;;;;
Michael;07:24:03;15:33:50;-455.9389,1080.313,1080.313;;;;
Michael;07:24:03;15:33:51;-456.3068,1080.481,1080.481;;;;
Michael;07:24:04;15:33:51;-456.459,1080.623,1080.623;;;;
Michael;07:24:04;15:33:52;-456.4474,1080.727,1080.727;;;;
Michael;07:24:05;15:33:52;-456.4037,1080.865,1080.865;;;;
Michael;07:24:05;15:33:53;-456.4102,1080.857,1080.857;;;;
Michael;07:24:06;15:33:53;-456.4096,1080.862,1080.862;;;;
Michael;07:24:07;15:33:54;-456.409,1080.864,1080.864;;;;
Michael;07:24:07;15:33:55;-456.4115,1080.866,1080.866;;;;
Michael;07:24:08;15:33:55;-456.4115,1080.865,1080.865;;I have always kinda liked you.;Cutscene;Cutscene
Michael;07:24:08;15:33:56;-456.4115,1080.864,1080.864;;;;
Michael;07:24:09;15:33:56;-456.4114,1080.864,1080.864;;;;
Michael;07:24:09;15:33:57;-456.4109,1080.862,1080.862;;;;
Michael;07:24:10;15:33:57;-456.4106,1080.862,1080.862;;;;
Michael;07:24:10;15:33:58;-456.4103,1080.862,1080.862;;Call me when you wake up,;Cutscene;Cutscene
Michael;07:24:11;15:33:58;-456.4074,1080.859,1080.859;;;;
Michael;07:24:11;15:33:59;-456.4085,1080.856,1080.856;;;;
Michael;07:24:12;15:33:59;-456.4088,1080.855,1080.855;;;;
Michael;07:24:12;15:34:00;-456.412,1080.856,1080.856;;I'll tell you what to do.;Cutscene;Cutscene
Michael;07:24:13;15:34:00;-456.4108,1080.856,1080.856;;;;
Michael;07:24:13;15:34:01;-456.4133,1080.865,1080.865;;;;
Michael;07:24:14;15:34:01;-456.4101,1080.86,1080.86;;;;
Michael;07:24:14;15:34:02;-456.4048,1080.863,1080.863;;;;
Michael;07:24:15;15:34:02;-456.3914,1080.861,1080.861;;;;
Michael;07:24:15;15:34:03;-456.3986,1080.859,1080.859;;;;
Michael;07:24:16;15:34:03;-456.3984,1080.863,1080.863;;;;
Michael;07:24:16;15:34:04;280.645,-1335.833,-1335.833;;;;
Michael;07:24:17;15:34:04;280.645,-1335.833,-1335.833;;;;
Michael;07:24:18;15:34:05;280.645,-1335.833,-1335.833;;;;
Michael;07:24:18;15:34:06;280.645,-1335.833,-1335.833;;;;
Michael;07:24:19;15:34:06;280.645,-1335.833,-1335.833;;What we got?;doctor2;FBI1_AAAA
Michael;07:24:19;15:34:07;280.645,-1335.833,-1335.833;;;;
Michael;07:24:20;15:34:07;280.645,-1335.833,-1335.833;;A John Doe. White male. Overweight. In his late forties. Possible coronary.;doctor1;FBI1_AAAB
Michael;07:24:20;15:34:08;280.645,-1335.833,-1335.833;;;;
Michael;07:24:21;15:34:08;280.645,-1335.833,-1335.833;;;;
Michael;07:24:21;15:34:09;280.645,-1335.833,-1335.833;;;;
Michael;07:24:22;15:34:09;280.645,-1335.833,-1335.833;;;;
Michael;07:24:22;15:34:10;280.645,-1335.833,-1335.833;;;;
Michael;07:24:23;15:34:10;280.645,-1335.833,-1335.833;;;;
Michael;07:24:23;15:34:11;280.645,-1335.833,-1335.833;;;;
Michael;07:24:24;15:34:11;280.645,-1335.833,-1335.833;;;;
Michael;07:24:24;15:34:12;280.645,-1335.833,-1335.833;;;;
Michael;07:24:25;15:34:12;280.645,-1335.833,-1335.833;;;;
Michael;07:24:25;15:34:13;280.645,-1335.833,-1335.833;;Let's take a peek.;doctor2;FBI1_AAAC
Michael;07:24:26;15:34:13;280.645,-1335.833,-1335.833;;;;
Michael;07:24:26;15:34:14;280.645,-1335.833,-1335.833;;;;
Michael;07:24:27;15:34:14;280.645,-1335.833,-1335.833;;The fat deposits on his hips and abdomen suggest a fondness for Bleeder Burgers.;doctor2;FBI1_AEAA
Michael;07:24:27;15:34:15;280.645,-1335.833,-1335.833;;;;
Michael;07:24:28;15:34:15;280.645,-1335.833,-1335.833;;;;
Michael;07:24:28;15:34:16;280.645,-1335.833,-1335.833;;;;
Michael;07:24:29;15:34:16;280.645,-1335.833,-1335.833;;;;
Michael;07:24:30;15:34:17;280.645,-1335.833,-1335.833;;;;
Michael;07:24:30;15:34:18;280.645,-1335.833,-1335.833;;;;
Michael;07:24:31;15:34:18;280.645,-1335.833,-1335.833;;;;
Michael;07:24:31;15:34:19;280.645,-1335.833,-1335.833;;;;
Michael;07:24:32;15:34:19;280.645,-1335.833,-1335.833;;;;
Michael;07:24:32;15:34:20;280.645,-1335.833,-1335.833;;;;
Michael;07:24:33;15:34:20;280.645,-1335.833,-1335.833;;We're probably about to find one in his gut... still in its wrapper.;doctor1;FBI1_AEAB
Michael;07:24:33;15:34:21;280.645,-1335.833,-1335.833;;;;
Michael;07:24:34;15:34:21;280.645,-1335.833,-1335.833;;;;
Michael;07:24:34;15:34:22;280.645,-1335.833,-1335.833;;;;
Michael;07:24:35;15:34:22;280.645,-1335.833,-1335.833;;;;
Michael;07:24:35;15:34:23;280.645,-1335.833,-1335.833;;;;
Michael;07:24:36;15:34:23;280.645,-1335.833,-1335.833;;;;
Michael;07:24:36;15:34:24;280.645,-1335.833,-1335.833;;Right next to the bottle of scotch and pack of Redwoods.;doctor2;FBI1_AEAC
Michael;07:24:37;15:34:24;280.645,-1335.833,-1335.833;;;;
Michael;07:24:37;15:34:25;280.645,-1335.833,-1335.833;;;;
Michael;07:24:38;15:34:25;280.645,-1335.833,-1335.833;;;;
Michael;07:24:38;15:34:26;280.645,-1335.833,-1335.833;;;;
Michael;07:24:39;15:34:26;280.645,-1335.833,-1335.833;;See the broken capillaries 'round the nose?;doctor2;FBI1_ACAA
Michael;07:24:39;15:34:27;280.645,-1335.833,-1335.833;;;;
Michael;07:24:40;15:34:27;280.645,-1335.833,-1335.833;;;;
Michael;07:24:41;15:34:28;280.645,-1335.833,-1335.833;;;;
Michael;07:24:41;15:34:29;280.645,-1335.833,-1335.833;;;;
Michael;07:24:42;15:34:29;280.645,-1335.833,-1335.833;;Alcoholic.;doctor1;FBI1_ACAB
Michael;07:24:42;15:34:30;280.645,-1335.833,-1335.833;;;;
Michael;07:24:43;15:34:30;280.645,-1335.833,-1335.833;;;;
Michael;07:24:43;15:34:31;280.645,-1335.833,-1335.833;;What the hell was that?;doctor1;FBI1_ABAA
Michael;07:24:44;15:34:31;280.645,-1335.833,-1335.833;;;;
Michael;07:24:44;15:34:32;280.645,-1335.833,-1335.833;;Don't worry, it's just gas.;doctor2;FBI1_ABAB
Michael;07:24:45;15:34:32;280.645,-1335.833,-1335.833;;;;
Michael;07:24:45;15:34:33;280.645,-1335.833,-1335.833;;;;
Michael;07:24:46;15:34:33;280.645,-1335.833,-1335.833;;No. No! It's reanimating!;doctor1;FBI1_ABAC
Michael;07:24:46;15:34:34;280.645,-1335.833,-1335.833;;;;
Michael;07:24:47;15:34:34;280.645,-1335.833,-1335.833;;;;
Michael;07:24:47;15:34:35;280.645,-1335.833,-1335.833;;;;
Michael;07:24:48;15:34:35;280.645,-1335.833,-1335.833;;;;
Michael;07:24:48;15:34:36;280.645,-1335.833,-1335.833;;You wanna cut it in the coroner's office, you're gonna have to lose the nerves.;doctor2;FBI1_ABAD
Michael;07:24:49;15:34:36;280.645,-1335.833,-1335.833;;;;
Michael;07:24:49;15:34:37;280.645,-1335.833,-1335.833;;;;
Michael;07:24:50;15:34:37;280.645,-1335.833,-1335.833;;;;
Michael;07:24:50;15:34:38;280.645,-1335.833,-1335.833;;;;
Michael;07:24:51;15:34:38;280.645,-1335.833,-1335.833;;;;
Michael;07:24:52;15:34:39;280.5902,-1335.632,-1335.632;;Ahhh!;Cutscene;Cutscene
Michael;07:24:52;15:34:40;280.601,-1335.742,-1335.742;;Oh, Jesus!;Cutscene;Cutscene
Michael;07:24:53;15:34:40;280.6173,-1335.848,-1335.848;;;;
Michael;07:24:53;15:34:41;280.6609,-1335.817,-1335.817;;;;
Michael;07:24:54;15:34:41;280.6045,-1335.881,-1335.881;;;;
Michael;07:24:54;15:34:42;280.6636,-1335.965,-1335.965;;;;
Michael;07:24:55;15:34:42;280.6667,-1335.94,-1335.94;;;;
Michael;07:24:55;15:34:43;280.6663,-1335.972,-1335.972;;;;
Michael;07:24:56;15:34:43;280.636,-1335.939,-1335.939;;;;
Michael;07:24:56;15:34:44;280.6526,-1335.961,-1335.961;;;;
Michael;07:24:57;15:34:44;280.6943,-1335.948,-1335.948;;;;
Michael;07:24:57;15:34:45;280.6272,-1335.899,-1335.899;;;;
Michael;07:24:58;15:34:45;280.5621,-1336.002,-1336.002;;;;
Michael;07:24:58;15:34:46;280.5442,-1336,-1336;;;;
Michael;07:24:59;15:34:46;280.5485,-1336.026,-1336.026;;;;
Michael;07:24:59;15:34:47;280.5957,-1336.042,-1336.042;;;;
Michael;07:25:00;15:34:47;280.297,-1336.374,-1336.374;;;;
Michael;07:25:00;15:34:48;280.0838,-1336.436,-1336.436;;;;
Michael;07:25:01;15:34:48;279.9438,-1336.508,-1336.508;;;;
Michael;07:25:01;15:34:49;279.8599,-1336.587,-1336.587;;;;
Michael;07:25:02;15:34:49;279.7769,-1336.681,-1336.681;;;;
Michael;07:25:02;15:34:50;279.5749,-1336.611,-1336.611;;;;
Michael;07:25:03;15:34:50;279.365,-1336.468,-1336.468;;;;
Michael;07:25:04;15:34:51;279.1353,-1336.463,-1336.463;;;;
Michael;07:25:04;15:34:52;278.6836,-1336.455,-1336.455;;;;
Michael;07:25:05;15:34:52;276.9472,-1336.811,-1336.811;;;;
Michael;07:25:05;15:34:53;275.9325,-1337.501,-1337.501;;;;
Michael;07:25:06;15:34:53;275.4029,-1337.996,-1337.996;;;;
Michael;07:25:06;15:34:54;275.1373,-1337.986,-1337.986;;;;
Michael;07:25:07;15:34:54;275.1244,-1337.808,-1337.808;;;;
Michael;07:25:07;15:34:55;275.2646,-1337.873,-1337.873;;;;
Michael;07:25:08;15:34:55;276.0082,-1337.786,-1337.786;;;;
Michael;07:25:08;15:34:56;277.0139,-1337.456,-1337.456;;Come out, hands in the air.;Cutscene;Cutscene
Michael;07:25:09;15:34:56;277.2736,-1337.335,-1337.335;;;;
Michael;07:25:09;15:34:57;277.2523,-1337.335,-1337.335;;;;
Michael;07:25:10;15:34:57;277.2451,-1337.346,-1337.346;;;;
Michael;07:25:10;15:34:58;277.2672,-1337.361,-1337.361;;;;
Michael;07:25:11;15:34:58;277.2891,-1337.368,-1337.368;;;;
Michael;07:25:11;15:34:59;277.28,-1337.366,-1337.366;;;;
Michael;07:25:12;15:34:59;277.2798,-1337.377,-1337.377;;;;
Michael;07:25:12;15:35:00;277.2764,-1337.38,-1337.38;;;;
Michael;07:25:13;15:35:00;277.2782,-1337.375,-1337.375;;;;
Michael;07:25:13;15:35:01;277.2752,-1337.365,-1337.365;;Come on.;Cutscene;Cutscene
Michael;07:25:14;15:35:01;277.2708,-1337.364,-1337.364;;;;
Michael;07:25:14;15:35:02;277.2681,-1337.368,-1337.368;;;;
Michael;07:25:15;15:35:02;277.2708,-1337.365,-1337.365;;;;
Michael;07:25:15;15:35:03;277.2678,-1337.374,-1337.374;;;;
Michael;07:25:16;15:35:03;277.2722,-1337.371,-1337.371;;Might be in the other room.;Cutscene;Cutscene
Michael;07:25:17;15:35:04;277.2742,-1337.38,-1337.38;;;;
Michael;07:25:17;15:35:05;277.2664,-1337.384,-1337.384;;;;
Michael;07:25:18;15:35:05;277.2729,-1337.376,-1337.376;;;;
Michael;07:25:18;15:35:06;277.2707,-1337.389,-1337.389;;;;
Michael;07:25:19;15:35:06;277.2021,-1337.405,-1337.405;;;;
Michael;07:25:19;15:35:07;276.9988,-1337.344,-1337.344;;;;
Michael;07:25:20;15:35:07;276.9299,-1337.215,-1337.215;;;;
Michael;07:25:20;15:35:08;277.0715,-1336.948,-1336.948;;;;
Michael;07:25:21;15:35:08;277.2971,-1336.87,-1336.87;;;;
Michael;07:25:21;15:35:09;277.7044,-1336.857,-1336.857;;;;
Michael;07:25:22;15:35:09;278.0952,-1336.773,-1336.773;;;;
Michael;07:25:22;15:35:10;278.4079,-1336.667,-1336.667;;;;
Michael;07:25:23;15:35:10;278.8125,-1336.902,-1336.902;;;;
Michael;07:25:23;15:35:11;279.3572,-1337.442,-1337.442;;;;
Michael;07:25:24;15:35:11;279.9303,-1338.01,-1338.01;;You wanna end up on the slab?;CIA1;FBI1_ALAA
Michael;07:25:24;15:35:12;280.4984,-1338.572,-1338.572;;;;
Michael;07:25:25;15:35:12;281.0582,-1339.133,-1339.133;;;;
Michael;07:25:25;15:35:13;281.5902,-1339.71,-1339.71;;;;
Michael;07:25:26;15:35:13;282.1259,-1340.297,-1340.297;;;;
Michael;07:25:26;15:35:14;282.661,-1340.873,-1340.873;;Surrender yourself!;CIA1;FBI1_ALAA
Michael;07:25:27;15:35:14;283.2093,-1341.435,-1341.435;;;;
Michael;07:25:28;15:35:15;283.7752,-1341.985,-1341.985;;;;
Michael;07:25:28;15:35:16;284.3527,-1342.505,-1342.505;;;;
Michael;07:25:29;15:35:16;284.622,-1342.625,-1342.625;;;;
Michael;07:25:29;15:35:17;284.5693,-1342.516,-1342.516;;;;
Michael;07:25:30;15:35:17;284.8354,-1342.862,-1342.862;;;;
Michael;07:25:30;15:35:18;284.7242,-1342.67,-1342.67;;;;
Michael;07:25:31;15:35:18;284.7719,-1342.728,-1342.728;;;;
Michael;07:25:31;15:35:19;285.0222,-1342.962,-1342.962;;;;
Michael;07:25:32;15:35:19;285.5363,-1343.5,-1343.5;;;;
Michael;07:25:32;15:35:20;286.0607,-1344.013,-1344.013;;;;
Michael;07:25:33;15:35:20;286.3086,-1344.28,-1344.28;;;;
Michael;07:25:33;15:35:21;286.4743,-1344.719,-1344.719;;;;
Michael;07:25:34;15:35:21;287.0726,-1345.161,-1345.161;;;;
Michael;07:25:34;15:35:22;288.1284,-1345.528,-1345.528;;;;
Michael;07:25:35;15:35:22;289.6432,-1345.806,-1345.806;;;;
Michael;07:25:35;15:35:23;290.0258,-1345.865,-1345.865;;That don't look right.;Michael;FBI1_AUAA
Michael;07:25:36;15:35:23;290.0572,-1345.869,-1345.869;;;;
Michael;07:25:36;15:35:24;290.0572,-1345.869,-1345.869;;;;
Michael;07:25:37;15:35:24;290.0572,-1345.869,-1345.869;;;;
Michael;07:25:37;15:35:25;290.0572,-1345.869,-1345.869;;;;
Michael;07:25:38;15:35:25;290.0027,-1345.861,-1345.861;;;;
Michael;07:25:39;15:35:26;289.9537,-1345.853,-1345.853;;;;
Michael;07:25:39;15:35:27;290.0435,-1346.204,-1346.204;;;;
Michael;07:25:40;15:35:27;290.3623,-1347.717,-1347.717;;;;
Michael;07:25:40;15:35:28;291.576,-1348.414,-1348.414;;;;
Michael;07:25:41;15:35:28;293.1525,-1348.719,-1348.719;;;;
Michael;07:25:41;15:35:29;294.7977,-1348.924,-1348.924;;;;
Michael;07:25:42;15:35:29;295.1018,-1348.96,-1348.96;;Guess you can't judge a corpse by its toe tag.;Michael;FBI1_AVAA
Michael;07:25:42;15:35:30;295.1326,-1348.964,-1348.964;;;;
Michael;07:25:43;15:35:30;295.1326,-1348.964,-1348.964;;;;
Michael;07:25:43;15:35:31;295.1326,-1348.964,-1348.964;;;;
Michael;07:25:44;15:35:31;295.0752,-1348.957,-1348.957;;;;
Michael;07:25:44;15:35:32;295.0286,-1348.952,-1348.952;;;;
Michael;07:25:45;15:35:32;294.9259,-1348.976,-1348.976;;;;
Michael;07:25:45;15:35:33;293.7574,-1348.999,-1348.999;;;;
Michael;07:25:46;15:35:33;292.1447,-1348.871,-1348.871;;;;
Michael;07:25:46;15:35:34;290.5694,-1348.704,-1348.704;;;;
Michael;07:25:47;15:35:34;288.986,-1348.469,-1348.469;;;;
Michael;07:25:47;15:35:35;287.4906,-1348.621,-1348.621;;;;
Michael;07:25:48;15:35:35;286.436,-1348.98,-1348.98;;;;
Michael;07:25:48;15:35:36;286.0209,-1349.263,-1349.263;;;;
Michael;07:25:49;15:35:36;286.0164,-1348.999,-1348.999;;;;
Michael;07:25:50;15:35:37;286.3544,-1348.639,-1348.639;;;;
Michael;07:25:50;15:35:38;286.8268,-1349.051,-1349.051;;;;
Michael;07:25:51;15:35:38;287.2726,-1349.578,-1349.578;;;;
Michael;07:25:51;15:35:39;287.793,-1350.042,-1350.042;;;;
Michael;07:25:52;15:35:39;287.6085,-1350.652,-1350.652;;;;
Michael;07:25:52;15:35:40;286.9518,-1351.049,-1351.049;;;;
Michael;07:25:53;15:35:40;286.1909,-1351.218,-1351.218;;;;
Michael;07:25:53;15:35:41;285.4915,-1351.035,-1351.035;;I found the toe tag - Ferdinand Kerimov. It's on some big black lady, definitely not your guy.;Michael;FBI1_CSAA
Michael;07:25:54;15:35:41;285.3227,-1350.341,-1350.341;;;;
Michael;07:25:54;15:35:42;285.7407,-1349.721,-1349.721;;;;
Michael;07:25:55;15:35:42;286.3395,-1349.214,-1349.214;;;;
Michael;07:25:55;15:35:43;287.0459,-1348.869,-1348.869;;;;
Michael;07:25:56;15:35:43;287.7947,-1348.64,-1348.64;;;;
Michael;07:25:56;15:35:44;288.5761,-1348.526,-1348.526;;;;
Michael;07:25:57;15:35:44;289.3605,-1348.446,-1348.446;;;;
Michael;07:25:57;15:35:45;290.1452,-1348.382,-1348.382;;;;
Michael;07:25:58;15:35:45;290.9384,-1348.401,-1348.401;;;;
Michael;07:25:58;15:35:46;291.7195,-1348.462,-1348.462;;;;
Michael;07:25:59;15:35:46;292.4945,-1348.53,-1348.53;;;;
Michael;07:25:59;15:35:47;293.2146,-1348.831,-1348.831;;Okay. The Agency have the lower floors on lockdown to prevent a leak.;dave;FBI1_CSAB
Michael;07:26:00;15:35:47;293.8764,-1349.066,-1349.066;;;;
Michael;07:26:01;15:35:48;294.6082,-1349.085,-1349.085;;;;
Michael;07:26:01;15:35:49;295.3732,-1349.006,-1349.006;;;;
Michael;07:26:02;15:35:49;295.9522,-1348.942,-1348.942;;;;
Michael;07:26:02;15:35:50;295.8235,-1349.264,-1349.264;;;;
Michael;07:26:03;15:35:50;295.2128,-1349.586,-1349.586;;;;
Michael;07:26:03;15:35:51;294.4501,-1349.713,-1349.713;;;;
Michael;07:26:04;15:35:51;293.6895,-1349.544,-1349.544;;I got a guy who can cut the power to give you some help, but you'll have to get upstairs, if you're going to get out.;dave;FBI1_CSAC
Michael;07:26:04;15:35:52;292.9589,-1349.253,-1349.253;;;;
Michael;07:26:05;15:35:52;292.264,-1348.867,-1348.867;;;;
Michael;07:26:05;15:35:53;291.5672,-1348.5,-1348.5;;;;
Michael;07:26:06;15:35:53;290.8665,-1348.158,-1348.158;;;;
Michael;07:26:06;15:35:54;290.1729,-1347.801,-1347.801;;;;
Michael;07:26:07;15:35:54;289.4786,-1347.42,-1347.42;;;;
Michael;07:26:07;15:35:55;288.7882,-1347.039,-1347.039;;;;
Michael;07:26:08;15:35:55;288.0995,-1346.659,-1346.659;;;;
Michael;07:26:08;15:35:56;287.5518,-1346.357,-1346.357;;;;
Michael;07:26:09;15:35:56;286.8636,-1345.978,-1345.978;;;;
Michael;07:26:09;15:35:57;286.1741,-1345.598,-1345.598;;;;
Michael;07:26:10;15:35:57;285.4465,-1345.223,-1345.223;;;;
Michael;07:26:10;15:35:58;284.6486,-1345.045,-1345.045;;;;
Michael;07:26:11;15:35:58;283.813,-1345.157,-1345.157;;;;
Michael;07:26:11;15:35:59;282.9866,-1345.359,-1345.359;;;;
Michael;07:26:12;15:35:59;282.0269,-1345.487,-1345.487;;;;
Michael;07:26:13;15:36:00;280.6847,-1345.588,-1345.588;;;;
Michael;07:26:13;15:36:01;279.9447,-1345.453,-1345.453;;;;
Michael;07:26:14;15:36:01;279.2346,-1345.3,-1345.3;;;;
Michael;07:26:14;15:36:02;278.7953,-1344.706,-1344.706;;;;
Michael;07:26:15;15:36:02;278.3206,-1344.134,-1344.134;;;;
Michael;07:26:15;15:36:03;277.5946,-1344.007,-1344.007;;;;
Michael;07:26:16;15:36:03;276.9999,-1343.553,-1343.553;;;;
Michael;07:26:16;15:36:04;276.2743,-1343.064,-1343.064;;;;
Michael;07:26:17;15:36:04;275.5356,-1342.887,-1342.887;;;;
Michael;07:26:17;15:36:05;274.2084,-1342.829,-1342.829;;;;
Michael;07:26:18;15:36:05;272.5051,-1342.924,-1342.924;;;;
Michael;07:26:18;15:36:06;271.6983,-1343.547,-1343.547;;;;
Michael;07:26:19;15:36:06;271.39,-1344.047,-1344.047;;Extreme prejudice, people!;CIA3;FBI1_AOAA
Michael;07:26:19;15:36:07;271.2544,-1343.54,-1343.54;;;;
Michael;07:26:20;15:36:07;271.1189,-1342.826,-1342.826;;;;
Michael;07:26:20;15:36:08;271.7565,-1342.642,-1342.642;;;;
Michael;07:26:21;15:36:08;272.5898,-1342.498,-1342.498;;;;
Michael;07:26:21;15:36:09;272.2255,-1342.167,-1342.167;;;;
Michael;07:26:22;15:36:09;272.1651,-1342.16,-1342.16;;;;
Michael;07:26:22;15:36:10;271.8615,-1342.583,-1342.583;;;;
Michael;07:26:23;15:36:10;272.3669,-1342.424,-1342.424;;;;
Michael;07:26:23;15:36:11;272.7295,-1342.045,-1342.045;;;;
Michael;07:26:24;15:36:11;272.7838,-1342.191,-1342.191;;;;
Michael;07:26:25;15:36:12;272.2432,-1342.697,-1342.697;;;;
Michael;07:26:25;15:36:13;271.7946,-1343.213,-1343.213;;;;
Michael;07:26:26;15:36:13;271.3022,-1343.639,-1343.639;;;;
Michael;07:26:26;15:36:14;270.5374,-1344.216,-1344.216;;;;
Michael;07:26:27;15:36:14;269.2227,-1345.365,-1345.365;;;;
Michael;07:26:27;15:36:15;268.3836,-1346.059,-1346.059;;;;
Michael;07:26:28;15:36:15;267.9229,-1346.645,-1346.645;;Trust me, I'm not interested in the truth.;Michael;FBI1_ASAA
Michael;07:26:28;15:36:16;267.4653,-1347.223,-1347.223;;;;
Michael;07:26:29;15:36:16;267.0078,-1347.806,-1347.806;;;;
Michael;07:26:29;15:36:17;266.5523,-1348.395,-1348.395;;;;
Michael;07:26:30;15:36:17;266.1011,-1348.975,-1348.975;;;;
Michael;07:26:30;15:36:18;265.6443,-1349.557,-1349.557;;;;
Michael;07:26:31;15:36:18;265.2847,-1350.179,-1350.179;;;;
Michael;07:26:31;15:36:19;265.7033,-1350.061,-1350.061;;;;
Michael;07:26:32;15:36:19;266.2755,-1349.704,-1349.704;;;;
Michael;07:26:32;15:36:20;266.7863,-1349.909,-1349.909;;;;
Michael;07:26:33;15:36:20;266.7818,-1349.913,-1349.913;;;;
Michael;07:26:33;15:36:21;267.1148,-1349.473,-1349.473;;;;
Michael;07:26:34;15:36:21;266.5582,-1349.169,-1349.169;;;;
Michael;07:26:34;15:36:22;266.2669,-1347.947,-1347.947;;;;
Michael;07:26:35;15:36:22;266.2334,-1346.905,-1346.905;;;;
Michael;07:26:36;15:36:23;266.5034,-1347.245,-1347.245;;;;
Michael;07:26:36;15:36:24;266.9189,-1347.552,-1347.552;;;;
Michael;07:26:37;15:36:24;266.2884,-1347.411,-1347.411;;;;
Michael;07:26:37;15:36:25;266.5625,-1348.222,-1348.222;;;;
Michael;07:26:38;15:36:25;266.2778,-1348.766,-1348.766;;;;
Michael;07:26:38;15:36:26;266.7865,-1348.837,-1348.837;;;;
Michael;07:26:39;15:36:26;266.737,-1347.979,-1347.979;;;;
Michael;07:26:39;15:36:27;265.9848,-1347.703,-1347.703;;;;
Michael;07:26:40;15:36:27;265.7941,-1348.015,-1348.015;;;;
Michael;07:26:40;15:36:28;266.2466,-1348.524,-1348.524;;;;
Michael;07:26:41;15:36:28;266.2703,-1349.411,-1349.411;;;;
Michael;07:26:41;15:36:29;266.0359,-1350.127,-1350.127;;;;
Michael;07:26:42;15:36:29;265.6151,-1350.734,-1350.734;;It's all a big misunderstanding!;Michael;FBI1_ASAA
Michael;07:26:42;15:36:30;265.6234,-1351.45,-1351.45;;;;
Michael;07:26:43;15:36:30;265.8547,-1352.15,-1352.15;;;;
Michael;07:26:43;15:36:31;266.0864,-1352.854,-1352.854;;;;
Michael;07:26:44;15:36:31;266.2729,-1353.574,-1353.574;;;;
Michael;07:26:44;15:36:32;266.0393,-1354.259,-1354.259;;;;
Michael;07:26:45;15:36:32;265.2537,-1354.446,-1354.446;;;;
Michael;07:26:45;15:36:33;264.4186,-1355.038,-1355.038;;;;
Michael;07:26:46;15:36:33;262.8217,-1355.553,-1355.553;;;;
Michael;07:26:46;15:36:34;261.2084,-1355.699,-1355.699;;;;
Michael;07:26:47;15:36:34;260.1089,-1356.951,-1356.951;;;;
Michael;07:26:48;15:36:35;258.7743,-1358.058,-1358.058;;;;
Michael;07:26:48;15:36:36;257.7899,-1359.547,-1359.547;;;;
Michael;07:26:49;15:36:36;256.8375,-1360.872,-1360.872;;;;
Michael;07:26:49;15:36:37;255.7986,-1362.164,-1362.164;;;;
Michael;07:26:50;15:36:37;254.7497,-1362.033,-1362.033;;;;
Michael;07:26:50;15:36:38;254.6183,-1361.211,-1361.211;;;;
Michael;07:26:51;15:36:38;254.0982,-1361.471,-1361.471;;;;
Michael;07:26:51;15:36:39;253.8845,-1361.237,-1361.237;;;;
Michael;07:26:52;15:36:39;253.9192,-1360.53,-1360.53;;;;
Michael;07:26:52;15:36:40;253.5347,-1359.955,-1359.955;;;;
Michael;07:26:53;15:36:40;252.9005,-1359.559,-1359.559;;;;
Michael;07:26:53;15:36:41;252.2812,-1359.151,-1359.151;;;;
Michael;07:26:54;15:36:41;252.0424,-1358.46,-1358.46;;;;
Michael;07:26:54;15:36:42;252.1309,-1357.776,-1357.776;;;;
Michael;07:26:55;15:36:42;252.3738,-1357.107,-1357.107;;;;
Michael;07:26:55;15:36:43;252.552,-1356.761,-1356.761;;;;
Michael;07:26:56;15:36:43;252.8452,-1356.96,-1356.96;;;;
Michael;07:26:56;15:36:44;252.6508,-1356.195,-1356.195;;;;
Michael;07:26:57;15:36:44;252.2165,-1355.623,-1355.623;;;;
Michael;07:26:57;15:36:45;252.5686,-1355.949,-1355.949;;;;
Michael;07:26:58;15:36:45;252.2737,-1356.65,-1356.65;;;;
Michael;07:26:59;15:36:46;252.5221,-1357.312,-1357.312;;;;
Michael;07:26:59;15:36:47;252.6799,-1357.709,-1357.709;;;;
Michael;07:27:00;15:36:47;252.774,-1357.131,-1357.131;;;;
Michael;07:27:00;15:36:48;252.806,-1357.268,-1357.268;;;;
Michael;07:27:01;15:36:48;252.8057,-1357.27,-1357.27;;I shoulda stayed on the slab.;Michael;FBI1_ASAA
Michael;07:27:01;15:36:49;252.7016,-1357.925,-1357.925;;;;
Michael;07:27:02;15:36:49;252.8336,-1358.687,-1358.687;;;;
Michael;07:27:02;15:36:50;253.0627,-1359.375,-1359.375;;;;
Michael;07:27:03;15:36:50;253.4695,-1360.102,-1360.102;;;;
Michael;07:27:03;15:36:51;254.5116,-1360.995,-1360.995;;;;
Michael;07:27:04;15:36:51;256.162,-1360.931,-1360.931;;;;
Michael;07:27:04;15:36:52;258.035,-1359.941,-1359.941;;;;
Michael;07:27:05;15:36:52;260.0676,-1358.215,-1358.215;;;;
Michael;07:27:05;15:36:53;262.2098,-1356.765,-1356.765;;;;
Michael;07:27:06;15:36:53;262.6524,-1356.284,-1356.284;;;;
Michael;07:27:06;15:36:54;262.1195,-1356.754,-1356.754;;;;
Michael;07:27:07;15:36:54;261.2804,-1356.963,-1356.963;;;;
Michael;07:27:07;15:36:55;260.5948,-1357.468,-1357.468;;;;
Michael;07:27:08;15:36:55;259.3424,-1358.199,-1358.199;;;;
Michael;07:27:08;15:36:56;257.7322,-1359.535,-1359.535;;;;
Michael;07:27:09;15:36:56;256.2662,-1361.022,-1361.022;;;;
Michael;07:27:10;15:36:57;254.8844,-1362.698,-1362.698;;;;
Michael;07:27:10;15:36:58;253.7823,-1364.096,-1364.096;;;;
Michael;07:27:11;15:36:58;252.7289,-1365.356,-1365.356;;;;
Michael;07:27:11;15:36:59;251.6542,-1366.646,-1366.646;;We're on a government directive! Freeze!;CIA5;FBI1_AQAA
Michael;07:27:12;15:36:59;250.6774,-1367.992,-1367.992;;;;
Michael;07:27:12;15:37:00;249.5559,-1369.235,-1369.235;;;;
Michael;07:27:13;15:37:00;248.5044,-1369.959,-1369.959;;;;
Michael;07:27:13;15:37:01;248.9845,-1370.255,-1370.255;;;;
Michael;07:27:14;15:37:01;248.8243,-1369.554,-1369.554;;;;
Michael;07:27:14;15:37:02;248.5921,-1368.943,-1368.943;;;;
Michael;07:27:15;15:37:02;248.2597,-1368.159,-1368.159;;;;
Michael;07:27:15;15:37:03;247.7265,-1367.663,-1367.663;;;;
Michael;07:27:16;15:37:03;247.0873,-1367.303,-1367.303;;;;
Michael;07:27:16;15:37:04;246.488,-1367.164,-1367.164;;;;
Michael;07:27:17;15:37:04;246.6154,-1366.476,-1366.476;;;;
Michael;07:27:17;15:37:05;246.4659,-1365.749,-1365.749;;;;
Michael;07:27:18;15:37:05;246.3174,-1365.039,-1365.039;;;;
Michael;07:27:18;15:37:06;245.7678,-1364.544,-1364.544;;;;
Michael;07:27:19;15:37:06;245.5313,-1364.329,-1364.329;;;;
Michael;07:27:19;15:37:07;245.5313,-1364.329,-1364.329;;;;
Michael;07:27:20;15:37:07;245.5313,-1364.329,-1364.329;;;;
Michael;07:27:21;15:37:08;245.262,-1364.712,-1364.712;;;;
Michael;07:27:21;15:37:09;244.6638,-1365.545,-1365.545;;;;
Michael;07:27:22;15:37:09;243.5586,-1367.09,-1367.09;;;;
Michael;07:27:22;15:37:10;242.4805,-1368.158,-1368.158;;;;
Michael;07:27:23;15:37:10;241.3335,-1369.302,-1369.302;;;;
Michael;07:27:23;15:37:11;240.7036,-1370.819,-1370.819;;;;
Michael;07:27:24;15:37:11;239.371,-1371.74,-1371.74;;;;
Michael;07:27:24;15:37:12;238.1067,-1372.257,-1372.257;;;;
Michael;07:27:25;15:37:12;237.4953,-1372.962,-1372.962;;;;
Michael;07:27:25;15:37:13;236.2254,-1372.709,-1372.709;;This building is air tight!;CIA4;FBI1_APAA
Michael;07:27:26;15:37:13;236.1812,-1371.088,-1371.088;;;;
Michael;07:27:26;15:37:14;236.8851,-1369.55,-1369.55;;;;
Michael;07:27:27;15:37:14;237.23,-1369.165,-1369.165;;;;
Michael;07:27:27;15:37:15;237.2216,-1369.439,-1369.439;;Hey, I already died once today!;Michael;FBI1_ASAA
Michael;07:27:28;15:37:15;237.2253,-1369.499,-1369.499;;;;
Michael;07:27:28;15:37:16;237.7695,-1369.268,-1369.268;;;;
Michael;07:27:29;15:37:16;238.44,-1368.943,-1368.943;;;;
Michael;07:27:29;15:37:17;239.1132,-1368.794,-1368.794;;;;
Michael;07:27:30;15:37:17;239.8371,-1368.789,-1368.789;;;;
Michael;07:27:30;15:37:18;240.4573,-1369.122,-1369.122;;;;
Michael;07:27:31;15:37:18;241.0626,-1368.824,-1368.824;;;;
Michael;07:27:32;15:37:19;240.798,-1368.662,-1368.662;;;;
Michael;07:27:32;15:37:20;241.488,-1368.976,-1368.976;;;;
Michael;07:27:33;15:37:20;241.0762,-1368.6,-1368.6;;;;
Michael;07:27:33;15:37:21;241.4129,-1367.96,-1367.96;;;;
Michael;07:27:34;15:37:21;242.0118,-1367.572,-1367.572;;;;
Michael;07:27:34;15:37:22;242.7695,-1367.353,-1367.353;;;;
Michael;07:27:35;15:37:22;243.3444,-1366.849,-1366.849;;;;
Michael;07:27:35;15:37:23;243.6579,-1366.543,-1366.543;;;;
Michael;07:27:36;15:37:23;243.4783,-1366.734,-1366.734;;;;
Michael;07:27:36;15:37:24;243.2411,-1366.619,-1366.619;;;;
Michael;07:27:37;15:37:24;243.4948,-1365.866,-1365.866;;;;
Michael;07:27:37;15:37:25;243.7602,-1366.392,-1366.392;;;;
Michael;07:27:38;15:37:25;243.8257,-1366.211,-1366.211;;;;
Michael;07:27:38;15:37:26;243.8349,-1366.21,-1366.21;;;;
Michael;07:27:39;15:37:26;244.4264,-1365.926,-1365.926;;;;
Michael;07:27:39;15:37:27;245.1654,-1365.742,-1365.742;;;;
Michael;07:27:40;15:37:27;245.8191,-1365.799,-1365.799;;;;
Michael;07:27:40;15:37:28;246.5609,-1365.858,-1365.858;;;;
Michael;07:27:41;15:37:28;247.2789,-1365.864,-1365.864;;;;
Michael;07:27:41;15:37:29;248.0142,-1365.906,-1365.906;;;;
Michael;07:27:42;15:37:29;248.7116,-1365.891,-1365.891;;;;
Michael;07:27:42;15:37:30;249.4218,-1366.006,-1366.006;;;;
Michael;07:27:43;15:37:30;250.1429,-1366.145,-1366.145;;;;
Michael;07:27:44;15:37:31;251.0778,-1366.061,-1366.061;;;;
Michael;07:27:44;15:37:32;252.4166,-1365.62,-1365.62;;;;
Michael;07:27:45;15:37:32;254.1904,-1365.429,-1365.429;;;;
Michael;07:27:45;15:37:33;255.7479,-1365.333,-1365.333;;;;
Michael;07:27:46;15:37:33;256.6774,-1363.934,-1363.934;;;;
Michael;07:27:46;15:37:34;257.3698,-1362.46,-1362.46;;;;
Michael;07:27:47;15:37:34;258.2736,-1361.139,-1361.139;;;;
Michael;07:27:47;15:37:35;258.2062,-1359.462,-1359.462;;;;
Michael;07:27:48;15:37:35;257.9578,-1357.875,-1357.875;;;;
Michael;07:27:48;15:37:36;257.52,-1357.867,-1357.867;;;;
Michael;07:27:49;15:37:36;256.3206,-1357.767,-1357.767;;;;
Michael;07:27:49;15:37:37;256.2442,-1357.742,-1357.742;;;;
Michael;07:27:50;15:37:37;257.2336,-1358.254,-1358.254;;This the way out?;Michael;FBI1_ASAA
Michael;07:27:50;15:37:38;257.2121,-1358.168,-1358.168;;;;
Michael;07:27:51;15:37:38;257.0518,-1358.013,-1358.013;;;;
Michael;07:27:51;15:37:39;257.0228,-1358.028,-1358.028;;;;
Michael;07:27:52;15:37:39;256.4836,-1358.422,-1358.422;;;;
Michael;07:27:52;15:37:40;255.9264,-1358.911,-1358.911;;;;
Michael;07:27:53;15:37:40;255.3728,-1359.326,-1359.326;;;;
Michael;07:27:53;15:37:41;254.8588,-1359.866,-1359.866;;;;
Michael;07:27:54;15:37:42;254.6067,-1360.426,-1360.426;;;;
Michael;07:27:55;15:37:42;253.924,-1360.682,-1360.682;;;;
Michael;07:27:55;15:37:43;253.3659,-1361.169,-1361.169;;;;
Michael;07:27:56;15:37:43;252.8511,-1361.743,-1361.743;;;;
Michael;07:27:56;15:37:44;252.3863,-1362.64,-1362.64;;;;
Michael;07:27:57;15:37:44;253.007,-1364.165,-1364.165;;;;
Michael;07:27:57;15:37:45;254.5116,-1364.994,-1364.994;;;;
Michael;07:27:58;15:37:45;255.6189,-1364.2,-1364.2;;;;
Michael;07:27:58;15:37:46;256.4733,-1362.977,-1362.977;;;;
Michael;07:27:59;15:37:46;257.1098,-1362.498,-1362.498;;;;
Michael;07:27:59;15:37:47;257.7288,-1362.084,-1362.084;;;;
Michael;07:28:00;15:37:47;258.3004,-1361.607,-1361.607;;;;
Michael;07:28:00;15:37:48;258.5335,-1361.155,-1361.155;;;;
Michael;07:28:01;15:37:48;258.3116,-1360.59,-1360.59;;;;
Michael;07:28:01;15:37:49;257.5231,-1359.673,-1359.673;;;;
Michael;07:28:02;15:37:49;256.0513,-1358.726,-1358.726;;;;
Michael;07:28:02;15:37:50;254.8578,-1359.481,-1359.481;;;;
Michael;07:28:03;15:37:50;254.1878,-1360.722,-1360.722;;;;
Michael;07:28:03;15:37:51;253.3762,-1361.958,-1361.958;;;;
Michael;07:28:04;15:37:51;252.8154,-1363.591,-1363.591;;;;
Michael;07:28:04;15:37:52;253.4042,-1364.373,-1364.373;;;;
Michael;07:28:05;15:37:52;253.678,-1364.822,-1364.822;;;;
Michael;07:28:06;15:37:53;253.3495,-1365.482,-1365.482;;;;
Michael;07:28:06;15:37:54;252.7452,-1365.908,-1365.908;;;;
Michael;07:28:07;15:37:54;252.0789,-1366.127,-1366.127;;;;
Michael;07:28:07;15:37:55;251.5337,-1366.141,-1366.141;;;;
Michael;07:28:08;15:37:55;251.0407,-1366.211,-1366.211;;;;
Michael;07:28:08;15:37:56;250.5772,-1366.573,-1366.573;;;;
Michael;07:28:09;15:37:56;249.9244,-1366.239,-1366.239;;;;
Michael;07:28:09;15:37:57;248.3798,-1365.639,-1365.639;;;;
Michael;07:28:10;15:37:57;246.8643,-1364.83,-1364.83;;;;
Michael;07:28:10;15:37:58;246.5384,-1364.844,-1364.844;;;;
Michael;07:28:11;15:37:58;246.8358,-1365.355,-1365.355;;;;
Michael;07:28:11;15:37:59;246.223,-1364.842,-1364.842;;;;
Michael;07:28:12;15:37:59;245.1405,-1363.957,-1363.957;;;;
Michael;07:28:12;15:38:00;244.4333,-1364.167,-1364.167;;;;
Michael;07:28:13;15:38:00;245.0044,-1364.404,-1364.404;;This is fucked!;Michael;FBI1_ASAA
Michael;07:28:13;15:38:01;245.2234,-1364.434,-1364.434;;;;
Michael;07:28:14;15:38:01;245.4551,-1364.501,-1364.501;;;;
Michael;07:28:14;15:38:02;245.1113,-1364.4,-1364.4;;;;
Michael;07:28:15;15:38:02;244.27,-1363.83,-1363.83;;;;
Michael;07:28:15;15:38:03;244.5475,-1363.891,-1363.891;;;;
Michael;07:28:16;15:38:03;245.412,-1364.048,-1364.048;;;;
Michael;07:28:17;15:38:04;245.9633,-1364.588,-1364.588;;;;
Michael;07:28:17;15:38:05;246.4373,-1365.16,-1365.16;;;;
Michael;07:28:18;15:38:05;246.9943,-1365.642,-1365.642;;;;
Michael;07:28:18;15:38:06;247.6242,-1366.03,-1366.03;;;;
Michael;07:28:19;15:38:06;247.9749,-1366.678,-1366.678;;;;
Michael;07:28:19;15:38:07;248.4308,-1367.264,-1367.264;;;;
Michael;07:28:20;15:38:07;248.9832,-1367.758,-1367.758;;;;
Michael;07:28:20;15:38:08;249.6238,-1368.129,-1368.129;;;;
Michael;07:28:21;15:38:08;250.1532,-1368.356,-1368.356;;;;
Michael;07:28:21;15:38:09;250.1532,-1368.356,-1368.356;;;;
Michael;07:28:22;15:38:09;249.7329,-1367.999,-1367.999;;;;
Michael;07:28:22;15:38:10;249.7903,-1368.012,-1368.012;;;;
Michael;07:28:23;15:38:10;248.9356,-1366.839,-1366.839;;;;
Michael;07:28:23;15:38:11;247.7917,-1365.787,-1365.787;;;;
Michael;07:28:24;15:38:11;247.3477,-1365.958,-1365.958;;;;
Michael;07:28:24;15:38:12;247.1292,-1365.479,-1365.479;;;;
Michael;07:28:25;15:38:12;246.9529,-1365.361,-1365.361;;;;
Michael;07:28:25;15:38:13;246.6979,-1365.26,-1365.26;;;;
Michael;07:28:26;15:38:13;246.4535,-1365.17,-1365.17;;;;
Michael;07:28:27;15:38:14;246.2847,-1365.111,-1365.111;;;;
Michael;07:28:27;15:38:15;246.1906,-1365.081,-1365.081;;;;
Michael;07:28:28;15:38:15;246.1022,-1365.053,-1365.053;;;;
Michael;07:28:28;15:38:16;246.0389,-1365.022,-1365.022;;;;
Michael;07:28:29;15:38:16;246.017,-1364.986,-1364.986;;;;
Michael;07:28:29;15:38:17;246.0096,-1364.953,-1364.953;;;;
Michael;07:28:30;15:38:17;246.0144,-1364.928,-1364.928;;;;
Michael;07:28:30;15:38:18;246.018,-1364.914,-1364.914;;;;
Michael;07:28:31;15:38:18;246.0234,-1364.905,-1364.905;;;;
Michael;07:28:31;15:38:19;246.0301,-1364.899,-1364.899;;;;
Michael;07:28:33;15:38:20;246.0381,-1364.897,-1364.897;;;;
Michael;07:27:17;15:38:21;248.6566,-1366.236,-1366.236;;;;
Michael;07:27:18;15:38:21;248.6566,-1366.236,-1366.236;;;;
Michael;07:27:18;15:38:22;248.6566,-1366.236,-1366.236;;;;
Michael;07:27:19;15:38:22;248.01,-1366.223,-1366.223;;;;
Michael;07:27:19;15:38:23;246.4755,-1366.271,-1366.271;;;;
Michael;07:27:20;15:38:23;244.804,-1366.354,-1366.354;;;;
Michael;07:27:20;15:38:24;244.2382,-1366.377,-1366.377;;;;
Michael;07:27:21;15:38:24;244.2345,-1366.379,-1366.379;;;;
Michael;07:27:21;15:38:25;243.4056,-1367.094,-1367.094;;;;
Michael;07:27:22;15:38:25;242.3129,-1368.324,-1368.324;;;;
Michael;07:27:23;15:38:26;241.108,-1369.497,-1369.497;;;;
Michael;07:27:23;15:38:27;239.4106,-1370.986,-1370.986;;;;
Michael;07:27:24;15:38:27;238.1426,-1372.286,-1372.286;;;;
Michael;07:27:24;15:38:28;237.1236,-1373.273,-1373.273;;;;
Michael;07:27:25;15:38:28;236.4733,-1373.208,-1373.208;;No one comes in or out!;CIA4;FBI1_APAA
Michael;07:27:25;15:38:29;236.5036,-1372.444,-1372.444;;;;
Michael;07:27:26;15:38:29;236.3947,-1371.729,-1371.729;;;;
Michael;07:27:26;15:38:30;236.5645,-1371.011,-1371.011;;;;
Michael;07:27:27;15:38:30;237.0127,-1370.458,-1370.458;;;;
Michael;07:27:27;15:38:31;237.5557,-1370.023,-1370.023;;;;
Michael;07:27:28;15:38:31;238.5389,-1369.373,-1369.373;;;;
Michael;07:27:28;15:38:32;239.8923,-1368.639,-1368.639;;;;
Michael;07:27:29;15:38:32;241.5434,-1368.337,-1368.337;;;;
Michael;07:27:29;15:38:33;242.8477,-1367.324,-1367.324;;;;
Michael;07:27:30;15:38:33;243.2121,-1365.804,-1365.804;;;;
Michael;07:27:30;15:38:34;243.223,-1364.967,-1364.967;;;;
Michael;07:27:31;15:38:34;243.7003,-1364.818,-1364.818;;;;
Michael;07:27:31;15:38:35;244.3115,-1365.232,-1365.232;;;;
Michael;07:27:32;15:38:35;245.4221,-1365.859,-1365.859;;;;
Michael;07:27:33;15:38:36;246.1002,-1366.359,-1366.359;;;;
Michael;07:27:33;15:38:37;246.703,-1366.771,-1366.771;;Carry on with your business!;Michael;FBI1_ASAA
Michael;07:27:34;15:38:37;247.5676,-1367.075,-1367.075;;;;
Michael;07:27:34;15:38:38;249.128,-1367.157,-1367.157;;;;
Michael;07:27:35;15:38:38;251.5968,-1366.384,-1366.384;;;;
Michael;07:27:35;15:38:39;252.4709,-1364.049,-1364.049;;;;
Michael;07:27:36;15:38:39;253.7131,-1363.056,-1363.056;;;;
Michael;07:27:36;15:38:40;253.8728,-1364.693,-1364.693;;;;
Michael;07:27:37;15:38:40;254.515,-1366.035,-1366.035;;;;
Michael;07:27:37;15:38:41;255.4515,-1365.097,-1365.097;;;;
Michael;07:27:38;15:38:41;256.1007,-1364.239,-1364.239;;;;
Michael;07:27:38;15:38:42;256.7326,-1363.39,-1363.39;;;;
Michael;07:27:39;15:38:42;257.404,-1362.609,-1362.609;;;;
Michael;07:27:39;15:38:43;258.0074,-1361.21,-1361.21;;;;
Michael;07:27:40;15:38:43;258.0853,-1359.948,-1359.948;;;;
Michael;07:27:40;15:38:44;257.5261,-1359.068,-1359.068;;;;
Michael;07:27:41;15:38:44;256.8563,-1358.788,-1358.788;;;;
Michael;07:27:41;15:38:45;256.1569,-1358.566,-1358.566;;;;
Michael;07:27:42;15:38:45;255.5158,-1358.609,-1358.609;;;;
Michael;07:27:42;15:38:46;255.009,-1359.181,-1359.181;;;;
Michael;07:27:43;15:38:46;254.5514,-1359.751,-1359.751;;;;
Michael;07:27:43;15:38:47;254.0549,-1360.94,-1360.94;;;;
Michael;07:27:44;15:38:47;253.5942,-1361.7,-1361.7;;;;
Michael;07:27:45;15:38:48;253.1559,-1362.229,-1362.229;;;;
Michael;07:27:45;15:38:49;252.6919,-1362.746,-1362.746;;;;
Michael;07:27:46;15:38:49;252.0964,-1363.102,-1363.102;;;;
Michael;07:27:46;15:38:50;252.0876,-1362.496,-1362.496;;;;
Michael;07:27:47;15:38:50;252.6482,-1362.031,-1362.031;;;;
Michael;07:27:47;15:38:51;253.0849,-1361.431,-1361.431;;;;
Michael;07:27:48;15:38:51;253.3611,-1361.054,-1361.054;;;;
Michael;07:27:48;15:38:52;253.2857,-1361.238,-1361.238;;;;
Michael;07:27:49;15:38:52;253.2857,-1361.238,-1361.238;;;;
Michael;07:27:49;15:38:53;253.2857,-1361.238,-1361.238;;;;
Michael;07:27:50;15:38:53;253.2857,-1361.238,-1361.238;;;;
Michael;07:27:50;15:38:54;253.5127,-1360.931,-1360.931;;;;
Michael;07:27:51;15:38:54;253.3638,-1361.086,-1361.086;;;;
Michael;07:27:51;15:38:55;252.6429,-1361.52,-1361.52;;;;
Michael;07:27:52;15:38:55;252.3752,-1362.355,-1362.355;;;;
Michael;07:27:52;15:38:56;253.1035,-1363.885,-1363.885;;;;
Michael;07:27:53;15:38:56;254.2835,-1364.857,-1364.857;;;;
Michael;07:27:53;15:38:57;254.452,-1364.952,-1364.952;;;;
Michael;07:27:54;15:38:57;254.6068,-1365.032,-1365.032;;;;
Michael;07:27:54;15:38:58;255.4201,-1364.952,-1364.952;;;;
Michael;07:27:55;15:38:58;256.1138,-1364.499,-1364.499;;;;
Michael;07:27:56;15:38:59;256.8289,-1363.666,-1363.666;;;;
Michael;07:27:56;15:39:00;257.5867,-1362.876,-1362.876;;;;
Michael;07:27:57;15:39:00;258.326,-1361.474,-1361.474;;;;
Michael;07:27:57;15:39:01;258.1479,-1359.557,-1359.557;;;;
Michael;07:27:58;15:39:01;256.4261,-1358.849,-1358.849;;;;
Michael;07:27:58;15:39:02;254.9946,-1359.199,-1359.199;;;;
Michael;07:27:59;15:39:02;253.945,-1360.25,-1360.25;;;;
Michael;07:27:59;15:39:03;254.1225,-1361.07,-1361.07;;;;
Michael;07:28:00;15:39:03;253.8721,-1361.236,-1361.236;;;;
Michael;07:28:00;15:39:04;253.4857,-1361.831,-1361.831;;;;
Michael;07:28:01;15:39:04;253.0333,-1362.348,-1362.348;;;;
Michael;07:28:01;15:39:05;252.8059,-1363.006,-1363.006;;;;
Michael;07:28:02;15:39:05;253.2181,-1363.57,-1363.57;;;;
Michael;07:28:02;15:39:06;253.7667,-1364.061,-1364.061;;;;
Michael;07:28:03;15:39:06;254.3037,-1364.505,-1364.505;;;;
Michael;07:28:03;15:39:07;254.6157,-1365.18,-1365.18;;;;
Michael;07:28:04;15:39:07;254.8034,-1365.864,-1365.864;;;;
Michael;07:28:04;15:39:08;254.7804,-1365.911,-1365.911;;;;
Michael;07:28:05;15:39:08;254.7481,-1365.74,-1365.74;;;;
Michael;07:28:06;15:39:09;254.7481,-1365.74,-1365.74;;;;
Michael;07:28:06;15:39:10;254.7481,-1365.74,-1365.74;;;;
Michael;07:28:07;15:39:10;254.6325,-1365.239,-1365.239;;;;
Michael;07:28:07;15:39:11;254.6301,-1365.332,-1365.332;;;;
Michael;07:28:08;15:39:11;254.6845,-1365.86,-1365.86;;;;
Michael;07:28:08;15:39:12;254.6799,-1366.046,-1366.046;;;;
Michael;07:28:09;15:39:12;254.6558,-1365.762,-1365.762;;;;
Michael;07:28:09;15:39:13;254.6395,-1365.767,-1365.767;;;;
Michael;07:28:10;15:39:13;254.645,-1365.919,-1365.919;;;;
Michael;07:28:10;15:39:14;254.645,-1365.919,-1365.919;;Just let me go!;Michael;FBI1_ASAA
Michael;07:28:11;15:39:14;254.645,-1365.919,-1365.919;;;;
Michael;07:28:11;15:39:15;254.6034,-1365.787,-1365.787;;;;
Michael;07:28:12;15:39:15;254.3914,-1365.299,-1365.299;;;;
Michael;07:28:12;15:39:16;254.3469,-1365.668,-1365.668;;;;
Michael;07:28:13;15:39:16;254.3495,-1365.688,-1365.688;;;;
Michael;07:28:13;15:39:17;254.3408,-1365.635,-1365.635;;;;
Michael;07:28:14;15:39:17;254.0942,-1364.894,-1364.894;;;;
Michael;07:28:14;15:39:18;253.7052,-1364.247,-1364.247;;;;
Michael;07:28:15;15:39:18;253.1063,-1363.845,-1363.845;;;;
Michael;07:28:15;15:39:19;253.1249,-1363.888,-1363.888;;;;
Michael;07:28:16;15:39:19;253.1064,-1364.618,-1364.618;;;;
Michael;07:28:16;15:39:20;252.9117,-1365.33,-1365.33;;;;
Michael;07:28:17;15:39:20;252.5596,-1365.945,-1365.945;;;;
Michael;07:28:18;15:39:21;252.4966,-1366.675,-1366.675;;;;
Michael;07:28:18;15:39:22;252.3544,-1367.433,-1367.433;;;;
Michael;07:28:19;15:39:22;252.2025,-1367.414,-1367.414;;;;
Michael;07:28:19;15:39:23;251.8795,-1367.073,-1367.073;;;;
Michael;07:28:20;15:39:23;251.814,-1367.711,-1367.711;;;;
Michael;07:28:20;15:39:24;251.658,-1368.085,-1368.085;;;;
Michael;07:28:21;15:39:24;251.7122,-1368.172,-1368.172;;;;
Michael;07:28:21;15:39:25;252.0776,-1368.617,-1368.617;;;;
Michael;07:28:22;15:39:25;252.3466,-1369.3,-1369.3;;;;
Michael;07:28:22;15:39:26;252.3203,-1369.267,-1369.267;;;;
Michael;07:28:23;15:39:26;252.7584,-1369.177,-1369.177;;;;
Michael;07:28:23;15:39:27;253.4895,-1369.478,-1369.478;;;;
Michael;07:28:24;15:39:27;253.2103,-1369.765,-1369.765;;;;
Michael;07:28:24;15:39:28;252.6029,-1369.327,-1369.327;;I don't know what's going on here, but I want the fuck out.;Michael;FBI1_ASAA
Michael;07:28:25;15:39:28;252.0849,-1368.803,-1368.803;;;;
Michael;07:28:25;15:39:29;251.6715,-1368.192,-1368.192;;;;
Michael;07:28:26;15:39:29;251.0522,-1367.883,-1367.883;;;;
Michael;07:28:26;15:39:30;250.7601,-1367.747,-1367.747;;;;
Michael;07:28:27;15:39:30;250.573,-1367.656,-1367.656;;;;
Michael;07:28:27;15:39:31;250.573,-1367.656,-1367.656;;;;
Michael;07:28:28;15:39:32;250.573,-1367.656,-1367.656;;;;
Michael;07:28:29;15:39:32;250.5019,-1367.584,-1367.584;;;;
Michael;07:28:29;15:39:33;250.9866,-1367.196,-1367.196;;;;
Michael;07:28:30;15:39:33;251.1492,-1366.47,-1366.47;;;;
Michael;07:28:30;15:39:34;251.4177,-1365.786,-1365.786;;We've got protocol!;CIA6;FBI1_ARAA
Michael;07:28:31;15:39:34;251.7303,-1365.058,-1365.058;;;;
Michael;07:28:31;15:39:35;252.1369,-1364.358,-1364.358;;;;
Michael;07:28:32;15:39:35;252.3557,-1363.569,-1363.569;;;;
Michael;07:28:32;15:39:36;252.5924,-1362.611,-1362.611;;;;
Michael;07:28:33;15:39:36;253.202,-1361.266,-1361.266;;;;
Michael;07:28:33;15:39:37;253.8251,-1360.439,-1360.439;;;;
Michael;07:28:34;15:39:37;253.9519,-1359.384,-1359.384;;;;
Michael;07:28:34;15:39:38;254.0092,-1359.096,-1359.096;;;;
Michael;07:28:35;15:39:38;253.8683,-1359.117,-1359.117;;;;
Michael;07:28:35;15:39:39;253.8138,-1359.173,-1359.173;;;;
Michael;07:28:36;15:39:39;253.7607,-1359.227,-1359.227;;;;
Michael;07:28:36;15:39:40;253.7144,-1359.272,-1359.272;;;;
Michael;07:28:37;15:39:40;253.6283,-1359.379,-1359.379;;;;
Michael;07:28:37;15:39:41;253.5586,-1359.732,-1359.732;;;;
Michael;07:28:38;15:39:41;253.5617,-1359.749,-1359.749;;;;
Michael;07:28:38;15:39:42;253.5356,-1359.75,-1359.75;;;;
Michael;07:28:39;15:39:43;253.5483,-1359.794,-1359.794;;;;
Michael;07:28:40;15:39:43;253.7807,-1360.506,-1360.506;;;;
Michael;07:28:40;15:39:44;253.7351,-1361.144,-1361.144;;;;
Michael;07:28:41;15:39:44;253.2583,-1361.605,-1361.605;;;;
Michael;07:28:41;15:39:45;253.0843,-1362.312,-1362.312;;;;
Michael;07:28:42;15:39:45;252.8192,-1363.055,-1363.055;;;;
Michael;07:28:42;15:39:46;252.8305,-1363.909,-1363.909;;;;
Michael;07:28:43;15:39:46;252.7095,-1364.721,-1364.721;;;;
Michael;07:28:43;15:39:47;252.4454,-1365.427,-1365.427;;;;
Michael;07:28:44;15:39:47;252.0459,-1366.05,-1366.05;;;;
Michael;07:28:44;15:39:48;251.3265,-1366.235,-1366.235;;;;
Michael;07:28:45;15:39:48;250.6195,-1366.156,-1366.156;;;;
Michael;07:28:45;15:39:49;250.1686,-1366.515,-1366.515;;;;
Michael;07:28:46;15:39:49;250.048,-1367.244,-1367.244;;Trust me, I'm not interested in the truth.;Michael;FBI1_ASAA
Michael;07:28:46;15:39:50;249.9545,-1367.979,-1367.979;;;;
Michael;07:28:47;15:39:50;249.7186,-1368.652,-1368.652;;;;
Michael;07:28:47;15:39:51;249.1376,-1369.12,-1369.12;;;;
Michael;07:28:48;15:39:51;248.1681,-1369.965,-1369.965;;;;
Michael;07:28:48;15:39:52;246.1922,-1371.821,-1371.821;;;;
Michael;07:28:49;15:39:52;245.1425,-1374.217,-1374.217;;;;
Michael;07:28:49;15:39:53;245.1123,-1376.606,-1376.606;;;;
Michael;07:28:50;15:39:54;246.0439,-1377.359,-1377.359;;;;
Michael;07:28:51;15:39:54;245.7281,-1376.884,-1376.884;;;;
Michael;07:28:51;15:39:55;244.9855,-1376.124,-1376.124;;;;
Michael;07:28:52;15:39:55;245.2698,-1374.691,-1374.691;;;;
Michael;07:28:52;15:39:56;246.7784,-1374.091,-1374.091;;;;
Michael;07:28:53;15:39:56;248.4565,-1374.763,-1374.763;;;;
Michael;07:28:53;15:39:57;249.2361,-1375.564,-1375.564;;;;
Michael;07:28:54;15:39:57;249.2102,-1375.501,-1375.501;;;;
Michael;07:28:54;15:39:58;248.9869,-1374.936,-1374.936;;;;
Michael;07:28:55;15:39:58;248.148,-1374.328,-1374.328;;;;
Michael;07:28:55;15:39:59;246.4716,-1373.78,-1373.78;;;;
Michael;07:28:56;15:39:59;245.1805,-1374.611,-1374.611;;;;
Michael;07:28:56;15:40:00;243.6137,-1375.669,-1375.669;;;;
Michael;07:28:57;15:40:00;241.6983,-1375.328,-1375.328;;;;
Michael;07:28:57;15:40:01;240.1586,-1375.656,-1375.656;;;;
Michael;07:28:58;15:40:01;239.1691,-1376.656,-1376.656;;;;
Michael;07:28:58;15:40:02;238.3879,-1378.37,-1378.37;;;;
Michael;07:28:59;15:40:02;237.3764,-1378.475,-1378.475;;;;
Michael;07:28:59;15:40:03;237.3206,-1376.556,-1376.556;;;;
Michael;07:29:00;15:40:03;236.6363,-1374.823,-1374.823;;;;
Michael;07:29:01;15:40:04;235.1846,-1372.013,-1372.013;;;;
Michael;07:29:01;15:40:05;234.658,-1370.224,-1370.224;;;;
Michael;07:29:02;15:40:05;234.6041,-1370.181,-1370.181;;;;
Michael;07:29:02;15:40:06;234.6137,-1370.172,-1370.172;;;;
Michael;07:29:03;15:40:06;234.6366,-1370.108,-1370.108;;;;
Michael;07:29:03;15:40:07;235.0701,-1369.888,-1369.888;;;;
Michael;07:29:04;15:40:07;236.4195,-1368.481,-1368.481;;;;
Michael;07:29:04;15:40:08;237.8087,-1366.786,-1366.786;;;;
Michael;07:29:05;15:40:08;239.2716,-1365.337,-1365.337;;;;
Michael;07:29:05;15:40:09;240.4296,-1363.684,-1363.684;;;;
Michael;07:29:06;15:40:09;240.0477,-1361.635,-1361.635;;;;
Michael;07:29:06;15:40:10;239.6172,-1360.511,-1360.511;;;;
Michael;07:29:07;15:40:10;240.7632,-1358.842,-1358.842;;;;
Michael;07:29:07;15:40:11;241.2711,-1359.258,-1359.258;;;;
Michael;07:29:08;15:40:11;239.7101,-1360.21,-1360.21;;;;
Michael;07:29:08;15:40:12;238.441,-1359.714,-1359.714;;;;
Michael;07:29:09;15:40:12;237.815,-1359.274,-1359.274;;;;
Michael;07:29:09;15:40:13;236.8302,-1358.389,-1358.389;;;;
Michael;07:29:10;15:40:13;236.2432,-1357.659,-1357.659;;;;
Michael;07:29:10;15:40:14;236.1349,-1357.554,-1357.554;;;;
Michael;07:29:11;15:40:14;236.0586,-1357.502,-1357.502;;;;
Michael;07:29:12;15:40:15;236.0351,-1357.49,-1357.49;;;;
Michael;07:29:12;15:40:16;235.0908,-1356.571,-1356.571;;;;
Michael;07:29:13;15:40:16;234.8748,-1356.392,-1356.392;;;;
Michael;07:29:13;15:40:17;234.7277,-1356.413,-1356.413;;;;
Michael;07:29:14;15:40:17;234.4735,-1356.335,-1356.335;;;;
Michael;07:29:14;15:40:18;234.2588,-1356.499,-1356.499;;;;
Michael;07:29:15;15:40:18;234.158,-1356.327,-1356.327;;;;
Michael;07:29:15;15:40:19;234.158,-1356.327,-1356.327;;;;
Michael;07:29:16;15:40:19;234.2172,-1356.083,-1356.083;;;;
Michael;07:29:16;15:40:20;234.2172,-1356.083,-1356.083;;;;
Michael;07:29:17;15:40:20;234.2169,-1356.082,-1356.082;;;;
Michael;07:29:17;15:40:21;234.191,-1356.016,-1356.016;;;;
Michael;07:29:18;15:40:21;234.148,-1355.87,-1355.87;;;;
Michael;07:29:18;15:40:22;234.1161,-1355.663,-1355.663;;;;
Michael;07:29:19;15:40:22;234.247,-1355.306,-1355.306;;;;
Michael;07:29:19;15:40:23;234.5418,-1354.886,-1354.886;;;;
Michael;07:29:20;15:40:23;234.8453,-1354.277,-1354.277;;;;
Michael;07:29:20;15:40:24;235.0913,-1353.682,-1353.682;;;;
Michael;07:29:21;15:40:24;235.1583,-1353.354,-1353.354;;;;
Michael;07:29:21;15:40:25;235.2684,-1353.211,-1353.211;;;;
Michael;07:29:22;15:40:26;235.4552,-1353.211,-1353.211;;e the Cops.;Cutscene;Cutscene
Michael;07:29:23;15:40:26;234.8275,-1353.353,-1353.353;;;;
Michael;07:29:23;15:40:27;232.3172,-1353.125,-1353.125;;;;
Michael;07:29:24;15:40:27;230.1371,-1350.609,-1350.609;;;;
Michael;07:29:24;15:40:28;227.6972,-1349.411,-1349.411;;;;
Michael;07:29:25;15:40:28;228.7391,-1350.247,-1350.247;;;;
Michael;07:29:25;15:40:29;230.6199,-1352.268,-1352.268;;;;
Michael;07:29:26;15:40:29;228.4485,-1353.232,-1353.232;;;;
Michael;07:29:26;15:40:30;225.3555,-1352.319,-1352.319;;;;
Michael;07:29:27;15:40:30;223.5084,-1351.36,-1351.36;;;;
Michael;07:29:27;15:40:31;223.6869,-1351.511,-1351.511;;;;
Michael;07:29:28;15:40:31;223.6749,-1351.5,-1351.5;;;;
Michael;07:29:28;15:40:32;223.6476,-1351.464,-1351.464;;;;
Michael;07:29:29;15:40:32;223.5068,-1351.338,-1351.338;;;;
Michael;07:29:29;15:40:33;223.3925,-1352.07,-1352.07;;;;
Michael;07:29:30;15:40:33;223.1245,-1352.664,-1352.664;True,Coupes,FELON,0,0;;;
Michael;07:29:30;15:40:34;223.1245,-1352.664,-1352.664;True,Coupes,FELON,0,0;;;
Michael;07:29:31;15:40:34;223.1506,-1352.7,-1352.7;True,Coupes,FELON,0,492183,1;;;
Michael;07:29:31;15:40:35;223.5492,-1353.384,-1353.384;True,Coupes,FELON,2,614255,1;;;
Michael;07:29:32;15:40:35;224.1991,-1355.479,-1355.479;True,Coupes,FELON,5,911933,1;;;
Michael;07:29:33;15:40:36;223.3692,-1359.422,-1359.422;True,Coupes,FELON,9,826133,1;;;
Michael;07:29:33;15:40:37;221.7893,-1364.86,-1364.86;True,Coupes,FELON,10,13155,1;;;
Michael;07:29:34;15:40:37;221.6763,-1370.817,-1370.817;True,Coupes,FELON,12,50288,1;;;
Michael;07:29:34;15:40:38;223.2415,-1377.707,-1377.707;True,Coupes,FELON,14,4651,1;;;
Michael;07:29:35;15:40:38;225.2053,-1385.78,-1385.78;True,Coupes,FELON,17,41731,1;;;
Michael;07:29:35;15:40:39;226.5582,-1395.6,-1395.6;True,Coupes,FELON,19,42481,0;;;
Michael;07:29:36;15:40:39;225.4716,-1405.359,-1405.359;True,Coupes,FELON,19,41939,1;;;
Michael;07:29:36;15:40:40;225.7202,-1416.312,-1416.312;True,Coupes,FELON,22,7163,1;;;
Michael;07:29:37;15:40:40;227.8363,-1428.376,-1428.376;True,Coupes,FELON,22,7494,1;;;
Michael;07:29:37;15:40:41;232.6718,-1440.023,-1440.023;True,Coupes,FELON,24,58058,1;;;
Michael;07:29:38;15:40:41;238.9283,-1452.196,-1452.196;True,Coupes,FELON,27,97533,1;;;
Michael;07:29:38;15:40:42;249.4498,-1463.478,-1463.478;True,Coupes,FELON,30,99507,1;;;
Michael;07:29:39;15:40:42;262.5381,-1473.598,-1473.598;True,Coupes,FELON,31,93031,1;;;
Michael;07:29:39;15:40:43;273.6266,-1483.804,-1483.804;True,Coupes,FELON,26,1029,0;;;
Michael;07:29:40;15:40:43;281.8274,-1493.853,-1493.853;True,Coupes,FELON,24,31161,1;;;
Michael;07:29:40;15:40:44;289.2429,-1503.377,-1503.377;True,Coupes,FELON,21,4083,0;;;
Michael;07:29:41;15:40:44;290.8333,-1512.69,-1512.69;True,Coupes,FELON,16,41241,1;;;
Michael;07:29:41;15:40:45;286.8967,-1519.756,-1519.756;True,Coupes,FELON,15,27339,1;;;
Michael;07:29:42;15:40:45;280.5922,-1525.725,-1525.725;True,Coupes,FELON,17,73932,1;;;
Michael;07:29:42;15:40:46;271.9335,-1531.679,-1531.679;True,Coupes,FELON,21,53542,1;;;
Michael;07:29:43;15:40:46;261.9197,-1538.002,-1538.002;True,Coupes,FELON,23,51193,1;;;
Michael;07:29:44;15:40:47;251.3969,-1544.366,-1544.366;True,Coupes,FELON,23,27189,1;;;
Michael;07:29:44;15:40:48;240.5099,-1550.8,-1550.8;True,Coupes,FELON,24,7703,1;;;
Michael;07:29:45;15:40:48;229.0647,-1557.894,-1557.894;True,Coupes,FELON,26,14998,1;;;
Michael;07:29:45;15:40:49;216.4947,-1564.909,-1564.909;True,Coupes,FELON,28,99737,1;;;
Michael;07:29:46;15:40:49;202.7922,-1572.479,-1572.479;True,Coupes,FELON,30,48511,1;;;
Michael;07:29:46;15:40:50;189.7831,-1579.622,-1579.622;True,Coupes,FELON,25,37394,0;;;
Michael;07:29:47;15:40:50;178.2835,-1584.508,-1584.508;True,Coupes,FELON,22,71154,0;;;
Michael;07:29:47;15:40:51;167.3349,-1583.485,-1583.485;True,Coupes,FELON,20,89051,1;;;
Michael;07:29:48;15:40:51;158.6357,-1579.542,-1579.542;True,Coupes,FELON,17,36205,1;;;
Michael;07:29:48;15:40:52;149.0916,-1575.975,-1575.975;True,Coupes,FELON,21,92331,1;;;
Michael;07:29:49;15:40:52;138.4253,-1570.431,-1570.431;True,Coupes,FELON,24,09649,1;;;
Michael;07:29:49;15:40:53;128.8605,-1562.691,-1562.691;True,Coupes,FELON,23,71459,1;;;
Michael;07:29:50;15:40:53;119.0202,-1554.351,-1554.351;True,Coupes,FELON,25,34278,1;;;
Michael;07:29:50;15:40:54;108.6293,-1545.534,-1545.534;True,Coupes,FELON,27,13367,1;;;
Michael;07:29:51;15:40:54;97.37581,-1535.992,-1535.992;True,Coupes,FELON,29,89189,1;;;
Michael;07:29:51;15:40:55;84.91633,-1525.736,-1525.736;True,Coupes,FELON,30,77669,0;;;
Michael;07:29:52;15:40:55;73.98698,-1516.855,-1516.855;True,Coupes,FELON,24,86905,0;;;
Michael;07:29:52;15:40:56;63.05573,-1511.699,-1511.699;True,Coupes,FELON,22,9118,1;;;
Michael;07:29:53;15:40:56;51.96827,-1512.107,-1512.107;True,Coupes,FELON,20,03742,0;;;
Michael;07:29:53;15:40:57;43.0823,-1517.651,-1517.651;True,Coupes,FELON,21,13807,1;;;
Michael;07:29:54;15:40:57;34.92217,-1525.969,-1525.969;True,Coupes,FELON,23,49641,1;;;
Michael;07:29:54;15:40:58;26.86815,-1535.259,-1535.259;True,Coupes,FELON,23,22057,1;;;
Michael;07:29:55;15:40:58;17.95924,-1543.867,-1543.867;True,Coupes,FELON,24,66959,1;;;
Michael;07:29:56;15:40:59;8.254852,-1552.965,-1552.965;True,Coupes,FELON,26,21614,1;;;
Michael;07:29:56;15:41:00;-1.918136,-1562.576,-1562.576;True,Coupes,FELON,27,08597,0;;;
Michael;07:29:57;15:41:00;-10.43644,-1573.191,-1573.191;True,Coupes,FELON,24,88609,0;;;
Michael;07:29:57;15:41:01;-18.75072,-1582.518,-1582.518;True,Coupes,FELON,22,34467,0;;;
Michael;07:29:58;15:41:01;-28.55029,-1587.705,-1587.705;True,Coupes,FELON,19,66288,0;;;
Michael;07:29:58;15:41:02;-38.31095,-1587.543,-1587.543;True,Coupes,FELON,18,5161,1;;;
Michael;07:29:59;15:41:02;-47.21278,-1583.251,-1583.251;True,Coupes,FELON,20,07551,1;;;
Michael;07:29:59;15:41:03;-56.42161,-1578.538,-1578.538;True,Coupes,FELON,18,68368,0;;;
Michael;07:30:00;15:41:03;-65.08097,-1574.344,-1574.344;True,Coupes,FELON,17,7921,0;;;
Michael;07:30:00;15:41:04;-72.74361,-1574.7,-1574.7;True,Coupes,FELON,13,06639,0;;;
Michael;07:30:01;15:41:04;-78.73913,-1577.661,-1577.661;True,Coupes,FELON,14,09311,1;;;
Michael;07:30:01;15:41:05;-86.51781,-1581.177,-1581.177;True,Coupes,FELON,17,50427,1;;;
Michael;07:30:02;15:41:05;-93.76674,-1585.724,-1585.724;True,Coupes,FELON,16,17341,1;;;
Michael;07:30:02;15:41:06;-100.7035,-1591.976,-1591.976;True,Coupes,FELON,18,09693,0;;;
Michael;07:30:03;15:41:06;-107.118,-1598.326,-1598.326;True,Coupes,FELON,16,19162,0;;;
Michael;07:30:03;15:41:07;-112.7578,-1604.125,-1604.125;True,Coupes,FELON,14,37744,0;;;
Michael;07:30:04;15:41:07;-117.1726,-1609.55,-1609.55;True,Coupes,FELON,12,5393,0;;;
Michael;07:30:04;15:41:08;-120.5055,-1614.636,-1614.636;True,Coupes,FELON,10,58937,0;;;
Michael;07:30:05;15:41:08;-122.7456,-1618.773,-1618.773;True,Coupes,FELON,7,569559,0;;;
Michael;07:30:06;15:41:09;-123.8979,-1620.885,-1620.885;True,Coupes,FELON,2,836,0;;;
Michael;07:30:06;15:41:10;-124.6277,-1621.651,-1621.651;True,Coupes,FELON,1,147341,0;;;
Michael;07:30:07;15:41:10;-124.7552,-1621.804,-1621.804;True,Coupes,FELON,0,01715713,0;;;
Michael;07:30:07;15:41:11;-124.7544,-1621.803,-1621.803;True,Coupes,FELON,0,0;;;
Michael;07:30:08;15:41:11;-124.7544,-1621.803,-1621.803;True,Coupes,FELON,0,0;;;
Michael;07:30:08;15:41:12;-124.7544,-1621.803,-1621.803;True,Coupes,FELON,0,0;;;
Michael;07:30:09;15:41:12;-124.7544,-1621.803,-1621.803;True,Coupes,FELON,0,0;;;
Michael;07:30:09;15:41:13;-124.7544,-1621.803,-1621.803;True,Coupes,FELON,0,0;;;
Michael;07:30:10;15:41:13;-124.7544,-1621.803,-1621.803;True,Coupes,FELON,0,0;;;
Michael;07:30:10;15:41:14;-124.7745,-1621.819,-1621.819;True,Coupes,FELON,0,01879657,1;;;
Michael;07:30:11;15:41:14;-124.7728,-1621.817,-1621.817;True,Coupes,FELON,0,03706804,-1;;;
Michael;07:30:11;15:41:15;-124.7513,-1621.79,-1621.79;True,Coupes,FELON,0,004095189,0;;;
Michael;07:30:12;15:41:15;-124.7513,-1621.79,-1621.79;True,Coupes,FELON,0,0;;;
Michael;07:30:12;15:41:16;-124.7513,-1621.79,-1621.79;True,Coupes,FELON,0,0;;;
Michael;07:30:13;15:41:16;-124.7513,-1621.79,-1621.79;True,Coupes,FELON,0,0;;;
Michael;07:30:13;15:41:17;-124.7513,-1621.79,-1621.79;True,Coupes,FELON,0,0;;;
Michael;07:30:14;15:41:17;-124.7513,-1621.79,-1621.79;True,Coupes,FELON,0,0;;;
Michael;07:30:14;15:41:18;-124.7378,-1621.771,-1621.771;True,Coupes,FELON,0,3536753,-1;;;
Michael;07:30:15;15:41:18;-124.2803,-1621.17,-1621.17;True,Coupes,FELON,2,07479,0;;;
Michael;07:30:15;15:41:19;-123.8653,-1620.648,-1620.648;True,Coupes,FELON,0,5275266,0;;;
Michael;07:30:16;15:41:20;-123.8283,-1620.605,-1620.605;True,Coupes,FELON,0,2489485,-1;;;
Michael;07:30:17;15:41:20;-123.6177,-1620.337,-1620.337;True,Coupes,FELON,0,1753546,0;;;
Michael;07:30:17;15:41:21;-123.402,-1620.056,-1620.056;True,Coupes,FELON,1,684297,-1;;;
Michael;07:30:18;15:41:21;-122.5527,-1618.945,-1618.945;True,Coupes,FELON,2,61187,0;;;
Michael;07:30:18;15:41:22;-121.9052,-1618.111,-1618.111;True,Coupes,FELON,2,178435,-1;;;
Michael;07:30:19;15:41:22;-120.6899,-1616.539,-1616.539;True,Coupes,FELON,5,544138,-1;;;
Michael;07:30:19;15:41:23;-118.1489,-1613.291,-1613.291;True,Coupes,FELON,10,10839,-1;;;
Michael;07:30:20;15:41:23;-114.0547,-1608.059,-1608.059;True,Coupes,FELON,14,37101,0;;;
Michael;07:30:20;15:41:24;-109.3609,-1602.027,-1602.027;True,Coupes,FELON,14,52544,-1;;;
Michael;07:30:21;15:41:24;-104.7076,-1596.071,-1596.071;True,Coupes,FELON,14,50451,-1;;;
Michael;07:30:21;15:41:25;-99.95461,-1590.287,-1590.287;True,Coupes,FELON,14,45053,-1;;;
Michael;07:30:22;15:41:25;-95.80565,-1584.009,-1584.009;True,Coupes,FELON,13,86559,0;;;
Michael;07:30:22;15:41:26;-95.04187,-1579.352,-1579.352;True,Coupes,FELON,4,880198,1;;;
Michael;07:30:23;15:41:26;-92.36937,-1577.167,-1577.167;True,Coupes,FELON,8,665866,1;;;
Michael;07:30:23;15:41:27;-89.79862,-1572.357,-1572.357;True,Coupes,FELON,11,41511,1;;;
Michael;07:30:24;15:41:27;-90.35256,-1566.723,-1566.723;True,Coupes,FELON,9,970435,0;;;
Michael;07:30:24;15:41:28;-90.29156,-1562.234,-1562.234;True,Coupes,FELON,9,125371,1;;;
Michael;07:30:25;15:41:28;-87.45604,-1558.686,-1558.686;True,Coupes,FELON,0,8133194,0;;;
Michael;07:30:25;15:41:29;-87.4782,-1558.742,-1558.742;True,Coupes,FELON,0,2436469,-1;;;
Michael;07:30:26;15:41:29;-87.786,-1559.137,-1559.137;True,Coupes,FELON,1,867154,-1;;;
Michael;07:30:26;15:41:30;-88.64632,-1559.87,-1559.87;True,Coupes,FELON,0,5870128,1;;;
Michael;07:30:27;15:41:30;-88.33554,-1559.712,-1559.712;True,Coupes,FELON,1,753948,1;;;
Michael;07:30:28;15:41:31;-86.63491,-1559.788,-1559.788;True,Coupes,FELON,5,030123,1;;;
Michael;07:30:28;15:41:32;-83.22662,-1561.469,-1561.469;True,Coupes,FELON,9,67319,1;;;
Michael;07:30:29;15:41:32;-79.41916,-1565.942,-1565.942;True,Coupes,FELON,11,48061,1;;;
Michael;07:30:29;15:41:33;-75.52865,-1572.135,-1572.135;True,Coupes,FELON,16,64597,1;;;
Michael;07:30:30;15:41:33;-70.67472,-1579.917,-1579.917;True,Coupes,FELON,17,43171,0;;;
Michael;07:30:30;15:41:34;-65.2046,-1586.463,-1586.463;True,Coupes,FELON,15,42097,0;;;
Michael;07:30:31;15:41:34;-61.07473,-1592.807,-1592.807;True,Coupes,FELON,13,48133,0;;;
Michael;07:30:31;15:41:35;-56.46909,-1597.475,-1597.475;True,Coupes,FELON,11,54821,0;;;
Michael;07:30:32;15:41:35;-53.40434,-1599.824,-1599.824;True,Coupes,FELON,1,972622,0;;;
Michael;07:30:32;15:41:36;-53.30102,-1599.925,-1599.925;True,Coupes,FELON,0,09229972,0;;;
Michael;07:30:33;15:41:36;-53.28984,-1599.922,-1599.922;True,Coupes,FELON,0,0;Hey, Mike.;Franklin;FBI1_CNAA
Michael;07:30:33;15:41:37;-53.28984,-1599.922,-1599.922;True,Coupes,FELON,0,0;;;
Michael;07:30:34;15:41:37;-53.28984,-1599.922,-1599.922;True,Coupes,FELON,0,0;F, hey we need to talk. Quick. Meet me at those oil derricks just outside town,;Michael;FBI1_CNAB
Michael;07:30:34;15:41:38;-53.28984,-1599.922,-1599.922;True,Coupes,FELON,0,0;;;
Michael;07:30:35;15:41:38;-53.28984,-1599.922,-1599.922;True,Coupes,FELON,0,0;;;
Michael;07:30:35;15:41:39;-53.28984,-1599.922,-1599.922;True,Coupes,FELON,0,0;;;
Michael;07:30:36;15:41:39;-53.28984,-1599.922,-1599.922;True,Coupes,FELON,0,0;;;
Michael;07:30:36;15:41:40;-53.28984,-1599.922,-1599.922;True,Coupes,FELON,0,0;;;
Michael;07:30:37;15:41:40;-53.28984,-1599.922,-1599.922;True,Coupes,FELON,0,0;;;
Michael;07:30:37;15:41:41;-53.28984,-1599.922,-1599.922;True,Coupes,FELON,0,0;;;
Michael;07:30:38;15:41:41;-53.21522,-1599.988,-1599.988;True,Coupes,FELON,0,8733702,1;;;
Michael;07:30:39;15:41:42;-52.85844,-1600.297,-1600.297;True,Coupes,FELON,0,8821381,1;;;
Michael;07:30:39;15:41:43;-51.96578,-1601.099,-1601.099;True,Coupes,FELON,3,989014,1;El Burro Heights. And make sure you're not tailed.;Michael;FBI1_CNAC
Michael;07:30:40;15:41:43;-49.25753,-1603.498,-1603.498;True,Coupes,FELON,10,09233,1;;;
Michael;07:30:40;15:41:44;-44.83202,-1607.417,-1607.417;True,Coupes,FELON,11,39198,1;;;
Michael;07:30:41;15:41:44;-39.92481,-1611.775,-1611.775;True,Coupes,FELON,13,77568,1;;;
Michael;07:30:41;15:41:45;-34.07066,-1616.935,-1616.935;True,Coupes,FELON,16,38554,1;;;
Michael;07:30:42;15:41:45;-26.81845,-1622.894,-1622.894;True,Coupes,FELON,19,07115,1;;;
Michael;07:30:42;15:41:46;-18.4244,-1629.277,-1629.277;True,Coupes,FELON,20,71286,0;Man, that don't sound too good, homie. Look, I'm on my way.;Franklin;FBI1_CNAD
Michael;07:30:43;15:41:46;-10.43925,-1636.069,-1636.069;True,Coupes,FELON,19,63404,1;;;
Michael;07:30:43;15:41:47;-2.723489,-1642.776,-1642.776;True,Coupes,FELON,19,55654,0;;;
Michael;07:30:44;15:41:47;4.918189,-1649.498,-1649.498;True,Coupes,FELON,20,47006,1;;;
Michael;07:30:44;15:41:48;13.03738,-1656.288,-1656.288;True,Coupes,FELON,19,5387,0;;;
Michael;07:30:45;15:41:48;20.43676,-1662.871,-1662.871;True,Coupes,FELON,19,73376,1;;;
Michael;07:30:45;15:41:49;28.4588,-1670.258,-1670.258;True,Coupes,FELON,22,18926,1;;;
Michael;07:30:46;15:41:49;37.65502,-1677.968,-1677.968;True,Coupes,FELON,23,95655,1;;;
Michael;07:30:46;15:41:50;47.10576,-1685.608,-1685.608;True,Coupes,FELON,22,40011,0;;;
Michael;07:30:47;15:41:50;56.4281,-1692.248,-1692.248;True,Coupes,FELON,21,88925,1;;;
Michael;07:30:47;15:41:51;65.81212,-1698.882,-1698.882;True,Coupes,FELON,21,01221,0;;;
Michael;07:30:48;15:41:51;73.84148,-1705.761,-1705.761;True,Coupes,FELON,19,94777,1;;;
Michael;07:30:48;15:41:52;81.62794,-1712.078,-1712.078;True,Coupes,FELON,19,679,1;;;
Michael;07:30:49;15:41:52;90.02834,-1718.929,-1718.929;True,Coupes,FELON,22,12761,1;;;
Michael;07:30:49;15:41:53;98.3707,-1726.685,-1726.685;True,Coupes,FELON,20,811,0;;;
Michael;07:30:50;15:41:53;105.9903,-1733.598,-1733.598;True,Coupes,FELON,18,93723,0;;;
Michael;07:30:51;15:41:54;113.6112,-1740.216,-1740.216;True,Coupes,FELON,18,73747,0;;;
Michael;07:30:51;15:41:55;120.538,-1746.286,-1746.286;True,Coupes,FELON,16,91067,0;;;
Michael;07:30:52;15:41:55;126.907,-1751.763,-1751.763;True,Coupes,FELON,15,55048,0;;;
Michael;07:30:52;15:41:56;132.7666,-1756.5,-1756.5;True,Coupes,FELON,13,68378,0;;;
Michael;07:30:53;15:41:56;137.9304,-1760.676,-1760.676;True,Coupes,FELON,11,93775,0;;;
Michael;07:30:53;15:41:57;142.3932,-1764.325,-1764.325;True,Coupes,FELON,10,2087,0;;;
Michael;07:30:54;15:41:57;146.167,-1767.446,-1767.446;True,Coupes,FELON,8,490918,0;;;
Michael;07:30:54;15:41:58;147.9291,-1768.93,-1768.93;True,Coupes,FELON,2,937188,0;;;
Michael;07:30:55;15:41:58;148.7666,-1769.628,-1769.628;True,Coupes,FELON,1,324919,0;;;
Michael;07:30:55;15:41:59;148.9933,-1769.78,-1769.78;True,Coupes,FELON,0,02863524,0;;;
Michael;07:30:56;15:41:59;149.1773,-1769.939,-1769.939;True,Coupes,FELON,1,409339,1;;;
Michael;07:30:56;15:42:00;150.3472,-1770.966,-1770.966;True,Coupes,FELON,4,786826,1;Dave, the hell was that? You know how many spooks I just ran into?;Michael;FBI1_COAA
Michael;07:30:57;15:42:00;153.3842,-1773.549,-1773.549;True,Coupes,FELON,11,03551,1;;;
Michael;07:30:57;15:42:01;157.9436,-1777.425,-1777.425;True,Coupes,FELON,11,97366,1;;;
Michael;07:30:58;15:42:01;163.1335,-1781.904,-1781.904;True,Coupes,FELON,13,44138,1;;;
Michael;07:30:58;15:42:02;168.866,-1786.918,-1786.918;True,Coupes,FELON,15,7096,1;;;
Michael;07:30:59;15:42:02;175.6153,-1792.572,-1792.572;True,Coupes,FELON,18,01267,1;;;
Michael;07:30:59;15:42:03;183.2557,-1798.796,-1798.796;True,Coupes,FELON,18,71379,0;;;
Michael;07:31:00;15:42:03;190.4491,-1805.291,-1805.291;True,Coupes,FELON,17,68447,0;;;
Michael;07:31:00;15:42:04;197.9067,-1809.897,-1809.897;True,Coupes,FELON,17,158,1;;;
Michael;07:31:01;15:42:04;205.5987,-1814.43,-1814.43;True,Coupes,FELON,17,38823,1;I'm sorry. They're not nice people, if that's a consolation.;dave;FBI1_COAB
Michael;07:31:01;15:42:05;213.9835,-1819.914,-1819.914;True,Coupes,FELON,20,63015,1;;;
Michael;07:31:02;15:42:05;222.6238,-1826.673,-1826.673;True,Coupes,FELON,20,46572,0;;;
Michael;07:31:02;15:42:06;230.5749,-1832.866,-1832.866;True,Coupes,FELON,18,7114,0;;;
Michael;07:31:03;15:42:07;237.5794,-1838.919,-1838.919;True,Coupes,FELON,16,98798,0;;;
Michael;07:31:04;15:42:07;243.9253,-1844.432,-1844.432;True,Coupes,FELON,15,19359,0;;;
Michael;07:31:04;15:42:08;247.531,-1847.339,-1847.339;True,Coupes,FELON,2,719287,0;;;
Michael;07:31:05;15:42:08;247.6879,-1847.419,-1847.419;True,Coupes,FELON,0,02039921,0;What's going on?;Michael;FBI1_COAC
Michael;07:31:05;15:42:09;247.6935,-1847.426,-1847.426;True,Coupes,FELON,0,01407296,1;;;
Michael;07:31:06;15:42:09;247.6918,-1847.427,-1847.427;True,Coupes,FELON,0,006178823,0;;;
Michael;07:31:06;15:42:10;247.7297,-1847.453,-1847.453;True,Coupes,FELON,0,0199816,1;There's a big target out there. Something in the shadows. The data... algorithms are reading off the charts.;dave;FBI1_COAD
Michael;07:31:07;15:42:10;247.999,-1847.65,-1847.65;True,Coupes,FELON,1,683332,1;;;
Michael;07:31:07;15:42:11;248.8154,-1848.259,-1848.259;True,Coupes,FELON,1,281974,0;;;
Michael;07:31:08;15:42:11;248.9825,-1848.394,-1848.394;True,Coupes,FELON,0,02273377,0;;;
Michael;07:31:08;15:42:12;248.9807,-1848.393,-1848.393;True,Coupes,FELON,0,0;;;
Michael;07:31:09;15:42:12;248.9807,-1848.393,-1848.393;True,Coupes,FELON,0,0;;;
Michael;07:31:09;15:42:13;248.9807,-1848.393,-1848.393;True,Coupes,FELON,0,0;;;
Michael;07:31:10;15:42:13;248.9807,-1848.393,-1848.393;True,Coupes,FELON,0,0;;;
Michael;07:31:10;15:42:14;248.9807,-1848.393,-1848.393;True,Coupes,FELON,0,0;;;
Michael;07:31:11;15:42:14;248.9807,-1848.393,-1848.393;True,Coupes,FELON,0,0;;;
Michael;07:31:11;15:42:15;248.9807,-1848.393,-1848.393;True,Coupes,FELON,0,0;;;
Michael;07:31:12;15:42:15;248.9807,-1848.393,-1848.393;True,Coupes,FELON,0,0;Whoever finds it - the Bureau or the Agency - is going to get a big bump in funding.;dave;FBI1_COAE
Michael;07:31:12;15:42:16;248.9807,-1848.393,-1848.393;True,Coupes,FELON,0,0;;;
Michael;07:31:13;15:42:16;248.9807,-1848.393,-1848.393;True,Coupes,FELON,0,0;;;
Michael;07:31:13;15:42:17;248.9807,-1848.393,-1848.393;True,Coupes,FELON,0,0;;;
Michael;07:31:14;15:42:17;248.9807,-1848.393,-1848.393;True,Coupes,FELON,0,0;;;
Michael;07:31:14;15:42:18;248.9807,-1848.393,-1848.393;True,Coupes,FELON,0,0;;;
Michael;07:31:15;15:42:19;248.9807,-1848.393,-1848.393;True,Coupes,FELON,0,0;;;
Michael;07:31:16;15:42:19;248.9807,-1848.393,-1848.393;True,Coupes,FELON,0,0;;;
Michael;07:31:16;15:42:20;248.9807,-1848.393,-1848.393;True,Coupes,FELON,0,0;;;
Michael;07:31:17;15:42:20;248.9807,-1848.393,-1848.393;True,Coupes,FELON,0,0;;;
Michael;07:31:17;15:42:21;248.9807,-1848.393,-1848.393;True,Coupes,FELON,0,0;Like I care about your funding? I'm out, Dave.;Michael;FBI1_COAF
Michael;07:31:18;15:42:21;248.9807,-1848.393,-1848.393;True,Coupes,FELON,0,0;;;
Michael;07:31:18;15:42:22;248.9807,-1848.393,-1848.393;True,Coupes,FELON,0,0;;;
Michael;07:31:19;15:42:22;248.9807,-1848.393,-1848.393;True,Coupes,FELON,0,0;;;
Michael;07:31:19;15:42:23;248.9807,-1848.393,-1848.393;True,Coupes,FELON,0,0;;;
Michael;07:31:20;15:42:23;248.9807,-1848.393,-1848.393;True,Coupes,FELON,0,0;;;
Michael;07:31:20;15:42:24;248.9807,-1848.393,-1848.393;True,Coupes,FELON,0,0;;;
Michael;07:31:21;15:42:24;248.9807,-1848.393,-1848.393;True,Coupes,FELON,0,0;;;
Michael;07:31:21;15:42:25;248.9807,-1848.393,-1848.393;True,Coupes,FELON,0,0;You're not. I need you to meet my boss.;dave;FBI1_COAG
Michael;07:31:22;15:42:25;248.9807,-1848.393,-1848.393;True,Coupes,FELON,0,0;;;
Michael;07:31:22;15:42:26;248.9807,-1848.393,-1848.393;True,Coupes,FELON,0,0;;;
Michael;07:31:23;15:42:26;248.9807,-1848.393,-1848.393;True,Coupes,FELON,0,0;;;
Michael;07:31:23;15:42:27;249.2489,-1848.592,-1848.592;True,Coupes,FELON,1,672805,1;;;
Michael;07:31:24;15:42:27;249.621,-1848.87,-1848.87;True,Coupes,FELON,0,07151227,0;;;
Michael;07:31:24;15:42:28;249.6187,-1848.869,-1848.869;True,Coupes,FELON,0,02098455,1;We'll be Downtown, in the plaza between the FIB and the IAA buildings.;dave;FBI1_COAJ
Michael;07:31:25;15:42:28;249.9966,-1849.151,-1849.151;True,Coupes,FELON,1,659083,0;;;
Michael;07:31:25;15:42:29;250.127,-1849.249,-1849.249;True,Coupes,FELON,0,008148098,0;;;
Michael;07:31:26;15:42:29;250.1275,-1849.25,-1849.25;True,Coupes,FELON,0,0;;;
Michael;07:31:26;15:42:30;250.2262,-1849.323,-1849.323;True,Coupes,FELON,0,9452444,1;;;
Michael;07:31:27;15:42:31;250.3025,-1849.38,-1849.38;True,Coupes,FELON,0,2416862,0;;;
Michael;07:31:28;15:42:31;250.3241,-1849.397,-1849.397;True,Coupes,FELON,0,4560383,1;;;
Michael;07:31:28;15:42:32;251.0148,-1849.915,-1849.915;True,Coupes,FELON,2,972251,1;;;
Michael;07:31:29;15:42:32;253.155,-1851.516,-1851.516;True,Coupes,FELON,7,695293,1;;;
Michael;07:31:29;15:42:33;257.3429,-1855.039,-1855.039;True,Coupes,FELON,11,27923,0;;;
Michael;07:31:30;15:42:33;261.8451,-1859.282,-1859.282;True,Coupes,FELON,13,10528,1;;;
Michael;07:31:30;15:42:34;268.1505,-1864.518,-1864.518;True,Coupes,FELON,17,91143,1;The IAA building? You fucking kidding me after the spat I just had with those Agency men?;Michael;FBI1_COAH
Michael;07:31:31;15:42:34;275.7203,-1871.1,-1871.1;True,Coupes,FELON,19,23349,0;;;
Michael;07:31:31;15:42:35;282.9064,-1878.266,-1878.266;True,Coupes,FELON,20,49408,1;;;
Michael;07:31:32;15:42:35;291.3497,-1886.722,-1886.722;True,Coupes,FELON,22,34282,0;;;
Michael;07:31:32;15:42:36;299.6625,-1894.295,-1894.295;True,Coupes,FELON,21,74318,1;;;
Michael;07:31:33;15:42:36;307.9472,-1902.936,-1902.936;True,Coupes,FELON,23,06942,0;;;
Michael;07:31:33;15:42:37;317.0107,-1910.73,-1910.73;True,Coupes,FELON,23,25014,1;;;
Michael;07:31:34;15:42:37;327.2849,-1917.791,-1917.791;True,Coupes,FELON,23,13721,0;;;
Michael;07:31:34;15:42:38;337.1535,-1924.243,-1924.243;True,Coupes,FELON,21,3574,0;;;
Michael;07:31:35;15:42:38;346.6308,-1930.843,-1930.843;True,Coupes,FELON,23,28916,1;;;
Michael;07:31:35;15:42:39;356.3472,-1939.111,-1939.111;True,Coupes,FELON,25,31591,1;;;
Michael;07:31:36;15:42:39;367.2205,-1947.679,-1947.679;True,Coupes,FELON,26,73422,0;Relax. They won't be looking there. They never expect an inside job.;dave;FBI1_COAI
Michael;07:31:36;15:42:40;378.3654,-1955.52,-1955.52;True,Coupes,FELON,26,32312,0;;;
Michael;07:31:37;15:42:40;387.8054,-1964.874,-1964.874;True,Coupes,FELON,24,33271,0;;;
Michael;07:31:38;15:42:41;396.3027,-1973.872,-1973.872;True,Coupes,FELON,22,87194,0;;;
Michael;07:31:38;15:42:42;404.1213,-1982.16,-1982.16;True,Coupes,FELON,21,12242,0;;;
Michael;07:31:39;15:42:42;411.4369,-1989.926,-1989.926;True,Coupes,FELON,20,21233,1;;;
Michael;07:31:39;15:42:43;419.1029,-1998.069,-1998.069;True,Coupes,FELON,21,74248,0;;;
Michael;07:31:40;15:42:43;426.5465,-2005.986,-2005.986;True,Coupes,FELON,19,80098,0;;;
Michael;07:31:40;15:42:44;433.23,-2013.095,-2013.095;True,Coupes,FELON,17,94439,0;;;
Michael;07:31:41;15:42:44;439.885,-2020.174,-2020.174;True,Coupes,FELON,19,46462,0;;;
Michael;07:31:41;15:42:45;446.5838,-2027.263,-2027.263;True,Coupes,FELON,18,60106,1;;;
Michael;07:31:42;15:42:45;452.9604,-2033.935,-2033.935;True,Coupes,FELON,16,56115,0;;;
Michael;07:31:42;15:42:46;458.8509,-2039.652,-2039.652;True,Coupes,FELON,14,57506,0;;;
Michael;07:31:43;15:42:46;463.3498,-2043.944,-2043.944;True,Coupes,FELON,10,81032,0;;;
Michael;07:31:43;15:42:47;466.5052,-2047.827,-2047.827;True,Coupes,FELON,8,634809,0;;;
Michael;07:31:44;15:42:47;468.6273,-2051.331,-2051.331;True,Coupes,FELON,7,060261,0;;;
Michael;07:31:44;15:42:48;471.6761,-2054.95,-2054.95;True,Coupes,FELON,11,38986,1;;;
Michael;07:31:45;15:42:48;476.1234,-2058.53,-2058.53;True,Coupes,FELON,9,673033,0;;;
Michael;07:31:45;15:42:49;481.0932,-2060.286,-2060.286;True,Coupes,FELON,11,5327,1;;;
Michael;07:31:46;15:42:49;486.9378,-2061.051,-2061.051;True,Coupes,FELON,11,31961,1;;;
Michael;07:31:46;15:42:50;493.4354,-2060.319,-2060.319;True,Coupes,FELON,14,20239,1;;;
Michael;07:31:47;15:42:50;501.7391,-2059.275,-2059.275;True,Coupes,FELON,18,05083,1;;;
Michael;07:31:47;15:42:51;511.8922,-2058.503,-2058.503;True,Coupes,FELON,21,61732,1;;;
Michael;07:31:48;15:42:51;524.0195,-2057.152,-2057.152;True,Coupes,FELON,22,99159,0;;;
Michael;07:31:48;15:42:52;535.468,-2056.367,-2056.367;True,Coupes,FELON,21,53903,1;;;
Michael;07:31:49;15:42:53;546.881,-2056.212,-2056.212;True,Coupes,FELON,22,09192,1;;;
Michael;07:31:50;15:42:53;559.2593,-2056.92,-2056.92;True,Coupes,FELON,25,19652,1;;;
Michael;07:31:50;15:42:54;573.2027,-2058.528,-2058.528;True,Coupes,FELON,28,14508,1;;;
Michael;07:31:51;15:42:54;587.6692,-2059.307,-2059.307;True,Coupes,FELON,27,39312,1;;;
Michael;07:31:51;15:42:55;602.171,-2059.359,-2059.359;True,Coupes,FELON,27,0536,0;;;
Michael;07:31:52;15:42:55;615.6928,-2059.882,-2059.882;True,Coupes,FELON,24,92187,0;;;
Michael;07:31:52;15:42:56;628.2103,-2061.519,-2061.519;True,Coupes,FELON,22,92439,0;;;
Michael;07:31:53;15:42:56;639.8129,-2063.202,-2063.202;True,Coupes,FELON,22,09995,0;;;
Michael;07:31:53;15:42:57;651.024,-2064.464,-2064.464;True,Coupes,FELON,20,40986,0;;;
Michael;07:31:54;15:42:57;661.3116,-2065.896,-2065.896;True,Coupes,FELON,19,86457,0;;;
Michael;07:31:54;15:42:58;671.4246,-2067.59,-2067.59;True,Coupes,FELON,19,8401,0;;;
Michael;07:31:55;15:42:58;681.4049,-2068.597,-2068.597;True,Coupes,FELON,19,55597,1;;;
Michael;07:31:55;15:42:59;691.6019,-2069.358,-2069.358;True,Coupes,FELON,19,52601,1;;;
Michael;07:31:56;15:42:59;701.878,-2069.682,-2069.682;True,Coupes,FELON,18,90613,0;;;
Michael;07:31:56;15:43:00;711.1567,-2070.753,-2070.753;True,Coupes,FELON,17,00021,0;;;
Michael;07:31:57;15:43:00;719.5191,-2071.73,-2071.73;True,Coupes,FELON,15,15396,0;;;
Michael;07:31:57;15:43:01;728.0417,-2072.024,-2072.024;True,Coupes,FELON,17,866,1;;;
Michael;07:31:58;15:43:01;736.9309,-2072.163,-2072.163;True,Coupes,FELON,14,13544,0;;;
Michael;07:31:58;15:43:02;743.9001,-2072.292,-2072.292;True,Coupes,FELON,12,45806,1;;;
Michael;07:31:59;15:43:02;750.9437,-2072.567,-2072.567;True,Coupes,FELON,14,56976,1;;;
Michael;07:31:59;15:43:03;759.1021,-2073.609,-2073.609;True,Coupes,FELON,15,50362,0;;;
Michael;07:32:00;15:43:04;767.4155,-2074.753,-2074.753;True,Coupes,FELON,17,07909,1;;;
Michael;07:32:01;15:43:04;777.082,-2075.87,-2075.87;True,Coupes,FELON,19,707,1;;;
Michael;07:32:01;15:43:05;788.033,-2076.878,-2076.878;True,Coupes,FELON,21,73996,1;;;
Michael;07:32:02;15:43:05;800.0345,-2078.289,-2078.289;True,Coupes,FELON,23,97863,1;;;
Michael;07:32:02;15:43:06;812.1227,-2079.543,-2079.543;True,Coupes,FELON,22,69587,1;;;
Michael;07:32:03;15:43:06;824.4391,-2079.828,-2079.828;True,Coupes,FELON,23,54167,0;;;
Michael;07:32:03;15:43:07;836.5897,-2080.949,-2080.949;True,Coupes,FELON,23,45788,1;;;
Michael;07:32:04;15:43:07;849.1033,-2082.325,-2082.325;True,Coupes,FELON,24,8006,1;;;
Michael;07:32:04;15:43:08;862.3669,-2083.744,-2083.744;True,Coupes,FELON,25,55934,0;;;
Michael;07:32:05;15:43:08;875.3604,-2084.948,-2084.948;True,Coupes,FELON,23,41508,0;;;
Michael;07:32:05;15:43:09;886.9483,-2086.522,-2086.522;True,Coupes,FELON,21,69144,0;;;
Michael;07:32:06;15:43:09;897.7115,-2087.818,-2087.818;True,Coupes,FELON,19,75071,0;;;
Michael;07:32:06;15:43:10;908.1821,-2088.928,-2088.928;True,Coupes,FELON,21,83693,1;;;
Michael;07:32:07;15:43:10;920.2318,-2089.931,-2089.931;True,Coupes,FELON,23,17322,0;;;
Michael;07:32:07;15:43:11;931.6634,-2089.373,-2089.373;True,Coupes,FELON,21,19388,1;;;
Michael;07:32:08;15:43:11;943.4261,-2087.674,-2087.674;True,Coupes,FELON,23,75773,0;;;
Michael;07:32:08;15:43:12;955.6292,-2086.702,-2086.702;True,Coupes,FELON,23,71327,0;;;
Michael;07:32:09;15:43:12;967.6234,-2086.76,-2086.76;True,Coupes,FELON,22,41807,0;;;
Michael;07:32:09;15:43:13;979.3613,-2087.397,-2087.397;True,Coupes,FELON,21,45672,0;;;
Michael;07:32:10;15:43:13;990.1412,-2087.174,-2087.174;True,Coupes,FELON,19,4779,0;;;
Michael;07:32:11;15:43:14;999.8505,-2086.88,-2086.88;True,Coupes,FELON,17,58311,0;;;
Michael;07:32:11;15:43:15;1008.494,-2086.616,-2086.616;True,Coupes,FELON,15,80546,0;;;
Michael;07:32:12;15:43:15;1016.744,-2086.839,-2086.839;True,Coupes,FELON,16,72585,1;;;
Michael;07:32:12;15:43:16;1026.169,-2086.712,-2086.712;True,Coupes,FELON,19,14114,1;;;
Michael;07:32:13;15:43:16;1035.963,-2086.821,-2086.821;True,Coupes,FELON,17,99649,0;;;
Michael;07:32:13;15:43:17;1044.752,-2086.447,-2086.447;True,Coupes,FELON,15,86521,0;;;
Michael;07:32:14;15:43:17;1053.277,-2084.978,-2084.978;True,Coupes,FELON,18,28696,1;;;
Michael;07:32:14;15:43:18;1063.33,-2083.731,-2083.731;True,Coupes,FELON,20,32765,1;;;
Michael;07:32:15;15:43:18;1074.33,-2082.58,-2082.58;True,Coupes,FELON,22,22042,1;;;
Michael;07:32:15;15:43:19;1085.741,-2082.55,-2082.55;True,Coupes,FELON,21,8686,1;;;
Michael;07:32:16;15:43:19;1097.235,-2082.975,-2082.975;True,Coupes,FELON,22,95235,1;;;
Michael;07:32:16;15:43:20;1109.384,-2083.471,-2083.471;True,Coupes,FELON,24,0097,1;;;
Michael;07:32:17;15:43:20;1121.507,-2084.006,-2084.006;True,Coupes,FELON,23,23535,1;;;
Michael;07:32:17;15:43:21;1134.27,-2083.907,-2083.907;True,Coupes,FELON,25,00027,1;;;
Michael;07:32:18;15:43:21;1146.99,-2082.848,-2082.848;True,Coupes,FELON,23,14663,0;;;
Michael;07:32:18;15:43:22;1158.987,-2081.235,-2081.235;True,Coupes,FELON,22,99871,0;;;
Michael;07:32:19;15:43:22;1170.343,-2079.344,-2079.344;True,Coupes,FELON,20,90489,0;;;
Michael;07:32:19;15:43:23;1180.627,-2077.594,-2077.594;True,Coupes,FELON,18,83121,0;;;
Michael;07:32:20;15:43:23;1189.816,-2076.031,-2076.031;True,Coupes,FELON,16,78656,0;;;
Michael;07:32:20;15:43:24;1197.971,-2075.213,-2075.213;True,Coupes,FELON,14,48403,0;;;
Michael;07:32:21;15:43:24;1205.04,-2075.6,-2075.6;True,Coupes,FELON,12,16584,0;;;
Michael;07:32:22;15:43:25;1210.403,-2074.146,-2074.146;True,Coupes,FELON,9,790799,0;;;
Michael;07:32:22;15:43:26;1214.679,-2072.285,-2072.285;True,Coupes,FELON,7,890797,0;;;
Michael;07:32:23;15:43:26;1217.694,-2071.164,-2071.164;True,Coupes,FELON,2,299621,0;;;
Michael;07:32:23;15:43:27;1217.816,-2071.091,-2071.091;True,Coupes,FELON,0,04011476,0;;;
Michael;07:32:24;15:43:27;1217.814,-2071.088,-2071.088;True,Coupes,FELON,0,0;;;
Michael;07:32:24;15:43:28;1217.814,-2071.088,-2071.088;True,Coupes,FELON,0,0;;;
Michael;07:32:25;15:43:28;1217.814,-2071.088,-2071.088;True,Coupes,FELON,0,0;;;
Michael;07:32:25;15:43:29;1217.847,-2071.076,-2071.076;True,Coupes,FELON,0,01140183,1;;;
Michael;07:32:26;15:43:29;1218.087,-2070.995,-2070.995;True,Coupes,FELON,1,445358,1;;;
Michael;07:32:26;15:43:30;1219.618,-2070.492,-2070.492;True,Coupes,FELON,4,877948,1;;;
Michael;07:32:27;15:43:30;1223.491,-2069.173,-2069.173;True,Coupes,FELON,11,25827,1;;;
Michael;07:32:27;15:43:31;1229.297,-2067.165,-2067.165;True,Coupes,FELON,12,19015,1;;;
Michael;07:32:28;15:43:31;1236.129,-2064.783,-2064.783;True,Coupes,FELON,15,6224,1;;;
Michael;07:32:28;15:43:32;1244.598,-2061.774,-2061.774;True,Coupes,FELON,18,23884,1;;;
Michael;07:32:29;15:43:32;1253.584,-2058.56,-2058.56;True,Coupes,FELON,18,23154,1;;;
Michael;07:32:29;15:43:33;1263.177,-2055.14,-2055.14;True,Coupes,FELON,20,80276,1;;;
Michael;07:32:30;15:43:33;1274.176,-2051.393,-2051.393;True,Coupes,FELON,23,32005,1;;;
Michael;07:32:30;15:43:34;1285.747,-2047.454,-2047.454;True,Coupes,FELON,22,95531,0;;;
Michael;07:32:31;15:43:34;1296.555,-2042.784,-2042.784;True,Coupes,FELON,23,26834,1;;;
Michael;07:32:32;15:43:35;1308.514,-2038.373,-2038.373;True,Coupes,FELON,24,79506,1;;;
Michael;07:32:32;15:43:36;1320.945,-2033.155,-2033.155;True,Coupes,FELON,26,02916,1;;;
Michael;07:32:33;15:43:36;1333.375,-2027.403,-2027.403;True,Coupes,FELON,25,73332,1;;;
Michael;07:32:33;15:43:37;1345.437,-2020.885,-2020.885;True,Coupes,FELON,25,82196,0;;;
Michael;07:32:34;15:43:37;1356.21,-2013.532,-2013.532;True,Coupes,FELON,24,96385,0;;;
Michael;07:32:34;15:43:38;1366.802,-2006.833,-2006.833;True,Coupes,FELON,23,35635,1;;;
Michael;07:32:35;15:43:38;1376.745,-1999.437,-1999.437;True,Coupes,FELON,24,45124,1;;;
Michael;07:32:35;15:43:39;1385.966,-1991.226,-1991.226;True,Coupes,FELON,23,01864,0;;;
Michael;07:32:36;15:43:39;1393.656,-1983.399,-1983.399;True,Coupes,FELON,20,09949,0;;;
Michael;07:32:36;15:43:40;1399.857,-1975.875,-1975.875;True,Coupes,FELON,17,23233,0;;;
Michael;07:32:37;15:43:40;1404.563,-1968.64,-1968.64;True,Coupes,FELON,15,3895,0;;;
Michael;07:32:37;15:43:41;1409.775,-1963.395,-1963.395;True,Coupes,FELON,14,39356,1;;;
Michael;07:32:38;15:43:41;1416.117,-1960.469,-1960.469;True,Coupes,FELON,12,24535,0;;;
Michael;07:32:38;15:43:42;1421.698,-1961.309,-1961.309;True,Coupes,FELON,11,49748,1;;;
Michael;07:32:39;15:43:42;1428.337,-1963.107,-1963.107;True,Coupes,FELON,14,40015,1;;;
Michael;07:32:39;15:43:43;1434.682,-1965.496,-1965.496;True,Coupes,FELON,12,75428,0;;;
Michael;07:32:40;15:43:43;1440.562,-1968.155,-1968.155;True,Coupes,FELON,11,23392,1;;;
Michael;07:32:40;15:43:44;1446.686,-1970.3,-1970.3;True,Coupes,FELON,13,37718,1;;;
Michael;07:32:41;15:43:44;1454.141,-1972.16,-1972.16;True,Coupes,FELON,15,80825,1;;;
Michael;07:32:42;15:43:45;1461.774,-1974.422,-1974.422;True,Coupes,FELON,13,76754,0;;;
Michael;07:32:42;15:43:46;1469.392,-1975.685,-1975.685;True,Coupes,FELON,15,85059,1;;;
Michael;07:32:43;15:43:46;1478.859,-1977.248,-1977.248;True,Coupes,FELON,21,24517,1;;;
Michael;07:32:43;15:43:47;1490,-1979.599,-1979.599;True,Coupes,FELON,20,60426,0;;;
Michael;07:32:44;15:43:47;1499.763,-1982.495,-1982.495;True,Coupes,FELON,18,1318,0;;;
Michael;07:32:44;15:43:48;1506.162,-1988.483,-1988.483;True,Coupes,FELON,16,54255,1;;;
Michael;07:32:45;15:43:48;1510.578,-1996.608,-1996.608;True,Coupes,FELON,19,32072,1;;;
Michael;07:32:45;15:43:49;1514.781,-2006.438,-2006.438;True,Coupes,FELON,20,22017,0;;;
Michael;07:32:46;15:43:49;1517.596,-2015.884,-2015.884;True,Coupes,FELON,17,6547,0;;;
Michael;07:32:46;15:43:50;1518.881,-2024.265,-2024.265;True,Coupes,FELON,15,92526,1;;;
Michael;07:32:47;15:43:50;1519.547,-2033.044,-2033.044;True,Coupes,FELON,15,97927,0;;;
Michael;07:32:47;15:43:51;1522.177,-2040.135,-2040.135;True,Coupes,FELON,13,44231,1;;;
Michael;07:32:48;15:43:51;1526.986,-2046.4,-2046.4;True,Coupes,FELON,17,1525,1;;;
Michael;07:32:48;15:43:52;1533.566,-2053.533,-2053.533;True,Coupes,FELON,18,48155,1;;;
Michael;07:32:49;15:43:52;1542.415,-2058.376,-2058.376;True,Coupes,FELON,20,39002,1;;;
Michael;07:32:49;15:43:53;1553.635,-2060.224,-2060.224;True,Coupes,FELON,22,8336,1;;;
Michael;07:32:50;15:43:53;1566.017,-2060.592,-2060.592;True,Coupes,FELON,22,96097,0;;;
Michael;07:32:50;15:43:54;1578.385,-2060.877,-2060.877;True,Coupes,FELON,24,35353,1;;;
Michael;07:32:51;15:43:54;1590.602,-2060.546,-2060.546;True,Coupes,FELON,23,245,1;;;
Michael;07:32:51;15:43:55;1602.78,-2059.455,-2059.455;True,Coupes,FELON,25,20778,1;;;
Michael;07:32:52;15:43:56;1615.456,-2056.248,-2056.248;True,Coupes,FELON,24,88939,1;;;
Michael;07:32:53;15:43:56;1626.822,-2052.88,-2052.88;True,Coupes,FELON,21,65877,0;;;
Michael;07:32:53;15:43:57;1638,-2049.289,-2049.289;True,Coupes,FELON,25,12668,1;;;
Michael;07:32:54;15:43:57;1650.019,-2045.097,-2045.097;True,Coupes,FELON,24,47551,0;;;
Michael;07:32:54;15:43:58;1659.76,-2039.635,-2039.635;True,Coupes,FELON,20,51505,0;;;
Michael;07:32:55;15:43:58;1667.188,-2033.294,-2033.294;True,Coupes,FELON,17,6163,0;;;
Michael;07:32:55;15:43:59;1672.349,-2026.117,-2026.117;True,Coupes,FELON,17,16073,1;;;
Michael;07:32:56;15:43:59;1676.037,-2017.713,-2017.713;True,Coupes,FELON,19,05892,1;;;
Michael;07:32:56;15:44:00;1679.026,-2007.714,-2007.714;True,Coupes,FELON,20,22568,0;;;
Michael;07:32:57;15:44:00;1680.22,-1997.762,-1997.762;True,Coupes,FELON,19,57746,1;;;
Michael;07:32:57;15:44:01;1680.477,-1988.474,-1988.474;True,Coupes,FELON,16,31752,0;;;
Michael;07:32:58;15:44:01;1679.687,-1980.603,-1980.603;True,Coupes,FELON,13,62551,0;;;
Michael;07:32:58;15:44:02;1677.396,-1973.626,-1973.626;True,Coupes,FELON,13,97696,0;;;
Michael;07:32:59;15:44:02;1674.174,-1966.998,-1966.998;True,Coupes,FELON,13,35557,0;;;
Michael;07:32:59;15:44:03;1670.334,-1961.857,-1961.857;True,Coupes,FELON,10,80109,0;;;
Michael;07:33:00;15:44:03;1665.648,-1958.297,-1958.297;True,Coupes,FELON,12,61001,1;;;
Michael;07:33:00;15:44:04;1658.612,-1953.834,-1953.834;True,Coupes,FELON,18,39768,1;;;
Michael;07:33:01;15:44:05;1649.849,-1949.471,-1949.471;True,Coupes,FELON,19,51531,0;;;
Michael;07:33:02;15:44:05;1640.333,-1946.85,-1946.85;True,Coupes,FELON,18,35028,0;;;
Michael;07:33:02;15:44:06;1631.302,-1945.15,-1945.15;True,Coupes,FELON,16,79754,0;;;
Michael;07:33:03;15:44:06;1622.978,-1943.932,-1943.932;True,Coupes,FELON,15,22727,0;;;
Michael;07:33:03;15:44:07;1615.52,-1942.792,-1942.792;True,Coupes,FELON,13,47202,0;;;
Michael;07:33:04;15:44:07;1609.379,-1941.857,-1941.857;True,Coupes,FELON,8,639591,0;;;
Michael;07:33:04;15:44:08;1606.571,-1941.439,-1941.439;True,Coupes,FELON,3,000041,0;;;
Michael;07:33:05;15:44:08;1604.472,-1940.692,-1940.692;;;;
Michael;07:33:05;15:44:09;1603.78,-1940.979,-1940.979;;;;
Michael;07:33:06;15:44:09;1603.179,-1941.345,-1941.345;;;;
Michael;07:33:06;15:44:10;1602.556,-1941.561,-1941.561;;Hey, Franklin.;Cutscene;Cutscene
Michael;07:33:07;15:44:10;1602.061,-1941.796,-1941.796;;;;
Michael;07:33:07;15:44:11;1601.661,-1941.667,-1941.667;;What's going on?;Cutscene;Cutscene
Michael;07:33:08;15:44:11;1601.551,-1941.46,-1941.46;;You gotta get outta town.;Cutscene;Cutscene
Michael;07:33:08;15:44:12;1601.476,-1941.44,-1941.44;;;;
Michael;07:33:09;15:44:12;1601.508,-1941.53,-1941.53;;;;
Michael;07:33:09;15:44:13;1601.516,-1941.513,-1941.513;;Man, I ain't exactly got nowhere to go.;Cutscene;Cutscene
Michael;07:33:10;15:44:13;1601.52,-1941.517,-1941.517;;;;
Michael;07:33:10;15:44:14;1601.519,-1941.519,-1941.519;;;;
Michael;07:33:11;15:44:14;1601.513,-1941.521,-1941.521;;Well, then take a trip,;Cutscene;Cutscene
Michael;07:33:11;15:44:15;1601.512,-1941.52,-1941.52;;;;
Michael;07:33:12;15:44:16;1601.502,-1941.507,-1941.507;;a long trip.;Cutscene;Cutscene
Michael;07:33:13;15:44:16;1601.491,-1941.495,-1941.495;;;;
Michael;07:33:13;15:44:17;1601.497,-1941.498,-1941.498;;What the fuck is going on?;Cutscene;Cutscene
Michael;07:33:14;15:44:17;1601.504,-1941.51,-1941.51;;;;
Michael;07:33:14;15:44:18;1601.505,-1941.511,-1941.511;;;;
Michael;07:33:15;15:44:18;1601.488,-1941.48,-1941.48;;;;
Michael;07:33:15;15:44:19;1601.569,-1941.474,-1941.474;;Things, alright?;Cutscene;Cutscene
Michael;07:33:16;15:44:19;1601.55,-1941.489,-1941.489;;;;
Michael;07:33:16;15:44:20;1601.432,-1941.461,-1941.461;;;;
Michael;07:33:17;15:44:20;1601.476,-1941.454,-1941.454;;;;
Michael;07:33:17;15:44:21;1601.673,-1941.412,-1941.412;;;;
Michael;07:33:18;15:44:21;1601.666,-1941.434,-1941.434;;Look, you remember I told you I know people?;Cutscene;Cutscene
Michael;07:33:18;15:44:22;1601.507,-1941.38,-1941.38;;;;
Michael;07:33:19;15:44:22;1601.352,-1941.445,-1941.445;;;;
Michael;07:33:19;15:44:23;1601.273,-1941.519,-1941.519;;;;
Michael;07:33:20;15:44:23;1601.111,-1941.422,-1941.422;;;;
Michael;07:33:20;15:44:24;1600.879,-1941.258,-1941.258;;;;
Michael;07:33:21;15:44:24;1600.58,-1941.32,-1941.32;;;;
Michael;07:33:21;15:44:25;1600.428,-1941.351,-1941.351;;;;
Michael;07:33:22;15:44:25;1600.213,-1941.251,-1941.251;;Feds...;Cutscene;Cutscene
Michael;07:33:23;15:44:26;1600.029,-1941.176,-1941.176;;;;
Michael;07:33:23;15:44:27;1599.79,-1941.206,-1941.206;;who looked after me when I retired?;Cutscene;Cutscene
Michael;07:33:24;15:44:27;1599.628,-1941.163,-1941.163;;;;
Michael;07:33:24;15:44:28;1599.424,-1940.975,-1940.975;;;;
Michael;07:33:25;15:44:28;1599.272,-1940.896,-1940.896;;;;
Michael;07:33:25;15:44:29;1598.752,-1940.744,-1940.744;;You did?;Cutscene;Cutscene
Michael;07:33:26;15:44:29;1598.616,-1940.647,-1940.647;;;;
Michael;07:33:26;15:44:30;1598.386,-1940.628,-1940.628;;Yeah, I did. I mean, I think I did. I don't know... shit.;Cutscene;Cutscene
Michael;07:33:27;15:44:30;1598.238,-1940.598,-1940.598;;;;
Michael;07:33:27;15:44:31;1598.073,-1940.427,-1940.427;;;;
Michael;07:33:28;15:44:31;1597.816,-1940.268,-1940.268;;;;
Michael;07:33:28;15:44:32;1597.327,-1940.158,-1940.158;;Jesus Christ, Franklin,;Cutscene;Cutscene
Michael;07:33:29;15:44:32;1596.84,-1939.992,-1939.992;;;;
Michael;07:33:29;15:44:33;1596.684,-1939.889,-1939.889;;;;
Michael;07:33:30;15:44:33;1596.733,-1939.903,-1939.903;;I got so many stories I can't even keep them straight.;Cutscene;Cutscene
Michael;07:33:30;15:44:34;1596.668,-1940.168,-1940.168;;;;
Michael;07:33:31;15:44:34;1596.664,-1940.218,-1940.218;;;;
Michael;07:33:31;15:44:35;1596.685,-1940.225,-1940.225;;;;
Michael;07:33:32;15:44:35;1596.656,-1940.194,-1940.194;;;;
Michael;07:33:32;15:44:36;1596.62,-1940.393,-1940.393;;I'm full of shit.;Cutscene;Cutscene
Michael;07:33:33;15:44:36;1596.636,-1940.387,-1940.387;;;;
Michael;07:33:34;15:44:37;1596.646,-1940.387,-1940.387;;Yeah, but your full of shit got me a lot of paper.;Cutscene;Cutscene
Michael;07:33:34;15:44:38;1596.648,-1940.384,-1940.384;;;;
Michael;07:33:35;15:44:38;1596.645,-1940.38,-1940.38;;;;
Michael;07:33:35;15:44:39;1596.644,-1940.38,-1940.38;;;;
Michael;07:33:36;15:44:39;1596.647,-1940.378,-1940.378;;;;
Michael;07:33:36;15:44:40;1596.646,-1940.378,-1940.378;;One score with you,;Cutscene;Cutscene
Michael;07:33:37;15:44:40;1596.647,-1940.38,-1940.38;;;;
Michael;07:33:37;15:44:41;1596.652,-1940.38,-1940.38;;I made more money than I ever did hustling.;Cutscene;Cutscene
Michael;07:33:38;15:44:41;1596.655,-1940.378,-1940.378;;;;
Michael;07:33:38;15:44:42;1596.658,-1940.379,-1940.379;;;;
Michael;07:33:39;15:44:42;1596.661,-1940.386,-1940.386;;;;
Michael;07:33:39;15:44:43;1596.68,-1940.393,-1940.393;;Ah, yeah, I mean, I'm a great thief.;Cutscene;Cutscene
Michael;07:33:40;15:44:43;1596.798,-1940.331,-1940.331;;;;
Michael;07:33:40;15:44:44;1596.861,-1940.277,-1940.277;;;;
Michael;07:33:41;15:44:44;1596.903,-1940.375,-1940.375;;But you know, it's the other shit that I ain't got figured out.;Cutscene;Cutscene
Michael;07:33:41;15:44:45;1596.934,-1940.409,-1940.409;;;;
Michael;07:33:42;15:44:45;1597.027,-1940.322,-1940.322;;;;
Michael;07:33:42;15:44:46;1596.813,-1940.351,-1940.351;;So, what's the deal, man?;Cutscene;Cutscene
Michael;07:33:43;15:44:46;1596.87,-1940.341,-1940.341;;;;
Michael;07:33:43;15:44:47;1596.888,-1940.339,-1940.339;;What's the deal with the Bureau man?;Cutscene;Cutscene
Michael;07:33:44;15:44:47;1596.843,-1940.331,-1940.331;;;;
Michael;07:33:45;15:44:48;1596.995,-1940.243,-1940.243;;;;
Michael;07:33:45;15:44:49;1597.006,-1940.159,-1940.159;;This clown...;Cutscene;Cutscene
Michael;07:33:46;15:44:49;1596.995,-1940.081,-1940.081;;;;
Michael;07:33:46;15:44:50;1596.831,-1939.952,-1939.952;;I mean, he's an okay guy.;Cutscene;Cutscene
Michael;07:33:47;15:44:50;1596.641,-1939.909,-1939.909;;;;
Michael;07:33:47;15:44:51;1596.33,-1939.946,-1939.946;;;;
Michael;07:33:48;15:44:51;1596.069,-1939.828,-1939.828;;Fucking cocksucker!;Cutscene;Cutscene
Michael;07:33:48;15:44:52;1596.117,-1939.72,-1939.72;;;;
Michael;07:33:49;15:44:52;1596.407,-1939.673,-1939.673;;;;
Michael;07:33:49;15:44:53;1596.658,-1939.917,-1939.917;;We did a deal, a long time ago.;Cutscene;Cutscene
Michael;07:33:50;15:44:53;1596.872,-1940.085,-1940.085;;;;
Michael;07:33:50;15:44:54;1596.904,-1940.252,-1940.252;;;;
Michael;07:33:51;15:44:54;1596.807,-1940.356,-1940.356;;;;
Michael;07:33:51;15:44:55;1596.802,-1940.368,-1940.368;;Didn't go quite the way it was supposed to go.;Cutscene;Cutscene
Michael;07:33:52;15:44:55;1596.836,-1940.355,-1940.355;;;;
Michael;07:33:52;15:44:56;1596.805,-1940.352,-1940.352;;;;
Michael;07:33:53;15:44:56;1596.802,-1940.351,-1940.351;;;;
Michael;07:33:53;15:44:57;1596.828,-1940.356,-1940.356;;Wrong guy got killed.;Cutscene;Cutscene
Michael;07:33:54;15:44:58;1596.824,-1940.343,-1940.343;;;;
Michael;07:33:55;15:44:58;1596.825,-1940.349,-1940.349;;So, I had to go into a kind of a...;Cutscene;Cutscene
Michael;07:33:55;15:44:59;1596.828,-1940.352,-1940.352;;;;
Michael;07:33:56;15:44:59;1596.853,-1940.349,-1940.349;;;;
Michael;07:33:56;15:45:00;1596.85,-1940.348,-1940.348;;an informal witness protection program.;Cutscene;Cutscene
Michael;07:33:57;15:45:00;1596.841,-1940.354,-1940.354;;;;
Michael;07:33:57;15:45:01;1596.85,-1940.365,-1940.365;;;;
Michael;07:33:58;15:45:01;1596.844,-1940.361,-1940.361;;;;
Michael;07:33:58;15:45:02;1596.841,-1940.356,-1940.356;;;;
Michael;07:33:59;15:45:02;1596.861,-1940.364,-1940.364;;He helped me,;Cutscene;Cutscene
Michael;07:33:59;15:45:03;1596.856,-1940.363,-1940.363;;;;
Michael;07:34:00;15:45:03;1596.858,-1940.359,-1940.359;;I didn't reveal secrets of his and everything was cool.;Cutscene;Cutscene
Michael;07:34:00;15:45:04;1596.851,-1940.355,-1940.355;;;;
Michael;07:34:01;15:45:04;1596.855,-1940.354,-1940.354;;;;
Michael;07:34:01;15:45:05;1596.854,-1940.36,-1940.36;;;;
Michael;07:34:02;15:45:05;1596.871,-1940.372,-1940.372;;;;
Michael;07:34:02;15:45:06;1596.894,-1940.302,-1940.302;;;;
Michael;07:34:03;15:45:06;1596.891,-1940.38,-1940.38;;;;
Michael;07:34:03;15:45:07;1596.869,-1940.522,-1940.522;;Problem started...;Cutscene;Cutscene
Michael;07:34:04;15:45:07;1596.85,-1940.524,-1940.524;;;;
Michael;07:34:05;15:45:08;1596.872,-1940.508,-1940.508;;when recently I became unretired.;Cutscene;Cutscene
Michael;07:34:05;15:45:09;1596.868,-1940.501,-1940.501;;;;
Michael;07:34:06;15:45:09;1596.85,-1940.496,-1940.496;;;;
Michael;07:34:06;15:45:10;1596.86,-1940.493,-1940.493;;;;
Michael;07:34:07;15:45:10;1596.841,-1940.494,-1940.494;;;;
Michael;07:34:07;15:45:11;1596.857,-1940.499,-1940.499;;;;
Michael;07:34:08;15:45:11;1596.842,-1940.497,-1940.497;;I mean, he shows up,;Cutscene;Cutscene
Michael;07:34:08;15:45:12;1596.846,-1940.525,-1940.525;;;;
Michael;07:34:09;15:45:12;1596.843,-1940.506,-1940.506;;;;
Michael;07:34:09;15:45:13;1596.872,-1940.487,-1940.487;;starts calling in favors,;Cutscene;Cutscene
Michael;07:34:10;15:45:13;1596.879,-1940.496,-1940.496;;;;
Michael;07:34:10;15:45:14;1596.817,-1940.503,-1940.503;;;;
Michael;07:34:11;15:45:14;1596.852,-1940.502,-1940.502;;;;
Michael;07:34:11;15:45:15;1596.893,-1940.47,-1940.47;;telling me to do shit.;Cutscene;Cutscene
Michael;07:34:12;15:45:15;1596.841,-1940.51,-1940.51;;I mean, look, Franklin...;Cutscene;Cutscene
Michael;07:34:12;15:45:16;1596.846,-1940.5,-1940.5;;;;
Michael;07:34:13;15:45:16;1596.873,-1940.495,-1940.495;;I'm working for the fucking Feds.;Cutscene;Cutscene
Michael;07:34:13;15:45:17;1596.853,-1940.51,-1940.51;;;;
Michael;07:34:14;15:45:17;1596.859,-1940.509,-1940.509;;;;
Michael;07:34:15;15:45:18;1596.856,-1940.503,-1940.503;;;;
Michael;07:34:15;15:45:19;1596.96,-1940.747,-1940.747;;Ah, fuck, man!;Cutscene;Cutscene
Michael;07:34:16;15:45:19;1597.019,-1940.774,-1940.774;;;;
Michael;07:34:16;15:45:20;1597.138,-1940.701,-1940.701;;;;
Michael;07:34:17;15:45:20;1597.254,-1940.662,-1940.662;;Oh, fuck, man, yeah, and that ain't even the worst part!;Cutscene;Cutscene
Michael;07:34:17;15:45:21;1597.443,-1940.788,-1940.788;;;;
Michael;07:34:18;15:45:21;1597.421,-1940.848,-1940.848;;;;
Michael;07:34:18;15:45:22;1597.205,-1940.682,-1940.682;;;;
Michael;07:34:19;15:45:22;1597.107,-1940.437,-1940.437;;;;
Michael;07:34:19;15:45:23;1597.081,-1940.27,-1940.27;;;;
Michael;07:34:20;15:45:23;1597.073,-1940.269,-1940.269;;I ever tell you about Trevor? Huh?;Cutscene;Cutscene
Michael;07:34:20;15:45:24;1597.055,-1940.351,-1940.351;;;;
Michael;07:34:21;15:45:24;1596.96,-1940.308,-1940.308;;;;
Michael;07:34:21;15:45:25;1596.92,-1940.269,-1940.269;;;;
Michael;07:34:22;15:45:25;1596.928,-1940.318,-1940.318;;Um... man...;Cutscene;Cutscene
Michael;07:34:22;15:45:26;1596.937,-1940.339,-1940.339;;;;
Michael;07:34:23;15:45:26;1596.943,-1940.321,-1940.321;;;;
Michael;07:34:23;15:45:27;1596.999,-1940.342,-1940.342;;I think so... shit.;Cutscene;Cutscene
Michael;07:34:24;15:45:27;1597.148,-1940.502,-1940.502;;;;
Michael;07:34:25;15:45:28;1596.513,-1940.481,-1940.481;;Well if you only think so, then I wasn't being completely honest.;Cutscene;Cutscene
Michael;07:34:25;15:45:29;1596.58,-1940.494,-1940.494;;;;
Michael;07:34:26;15:45:29;1596.715,-1940.421,-1940.421;;;;
Michael;07:34:26;15:45:30;1596.773,-1940.471,-1940.471;;;;
Michael;07:34:27;15:45:30;1596.723,-1940.586,-1940.586;;;;
Michael;07:34:27;15:45:31;1596.725,-1940.584,-1940.584;;He's...;Cutscene;Cutscene
Michael;07:34:28;15:45:31;1596.731,-1940.583,-1940.583;;;;
Michael;07:34:28;15:45:32;1596.735,-1940.581,-1940.581;;;;
Michael;07:34:29;15:45:32;1596.73,-1940.583,-1940.583;;I don't...;Cutscene;Cutscene
Michael;07:34:29;15:45:33;1596.701,-1940.579,-1940.579;;hell, walking on Earth.;Cutscene;Cutscene
Michael;07:34:30;15:45:33;1596.74,-1940.61,-1940.61;;;;
Michael;07:34:30;15:45:34;1596.71,-1940.592,-1940.592;;;;
Michael;07:34:31;15:45:34;1596.731,-1940.599,-1940.599;;That's what he is.;Cutscene;Cutscene
Michael;07:34:31;15:45:35;1596.906,-1940.664,-1940.664;;Well, let's bury this motherfucker.;Cutscene;Cutscene
Michael;07:34:32;15:45:35;1596.899,-1940.696,-1940.696;;;;
Michael;07:34:32;15:45:36;1596.902,-1940.667,-1940.667;;;;
Michael;07:34:33;15:45:36;1596.912,-1940.663,-1940.663;;;;
Michael;07:34:33;15:45:37;1596.895,-1940.656,-1940.656;;Oh yeah, good luck with that.;Cutscene;Cutscene
Michael;07:34:34;15:45:37;1596.843,-1940.701,-1940.701;;;;
Michael;07:34:35;15:45:38;1596.814,-1940.594,-1940.594;;;;
Michael;07:34:35;15:45:39;1596.783,-1940.493,-1940.493;;Shit.;Cutscene;Cutscene
Michael;07:34:36;15:45:39;1596.612,-1940.412,-1940.412;;I mean, Trevor and I got history,;Cutscene;Cutscene
Michael;07:34:36;15:45:40;1596.489,-1940.427,-1940.427;;;;
Michael;07:34:37;15:45:40;1596.549,-1940.472,-1940.472;;;;
Michael;07:34:37;15:45:41;1596.632,-1940.505,-1940.505;;complicated fucking history.;Cutscene;Cutscene
Michael;07:34:38;15:45:41;1596.577,-1940.5,-1940.5;;;;
Michael;07:34:38;15:45:42;1596.705,-1940.665,-1940.665;;;;
Michael;07:34:39;15:45:42;1596.757,-1940.752,-1940.752;;;;
Michael;07:34:39;15:45:43;1596.773,-1940.743,-1940.743;;;;
Michael;07:34:40;15:45:43;1596.776,-1940.742,-1940.742;;;;
Michael;07:34:40;15:45:44;1596.773,-1940.738,-1940.738;;Look...;Cutscene;Cutscene
Michael;07:34:41;15:45:44;1596.776,-1940.731,-1940.731;;;;
Michael;07:34:41;15:45:45;1596.781,-1940.729,-1940.729;;;;
Michael;07:34:42;15:45:45;1596.902,-1940.791,-1940.791;;;;
Michael;07:34:42;15:45:46;1596.925,-1940.943,-1940.943;;I done a lot of things that I ain't proud of.;Cutscene;Cutscene
Michael;07:34:43;15:45:46;1596.947,-1940.957,-1940.957;;;;
Michael;07:34:43;15:45:47;1596.948,-1940.949,-1940.949;;;;
Michael;07:34:44;15:45:48;1596.951,-1940.952,-1940.952;;;;
Michael;07:34:45;15:45:48;1596.958,-1940.957,-1940.957;;;;
Michael;07:34:45;15:45:49;1596.959,-1940.957,-1940.957;;;;
Michael;07:34:46;15:45:49;1596.964,-1940.961,-1940.961;;;;
Michael;07:34:46;15:45:50;1596.965,-1940.955,-1940.955;;;;
Michael;07:34:47;15:45:50;1596.969,-1940.959,-1940.959;;Okay? I never claimed to be an angel.;Cutscene;Cutscene
Michael;07:34:47;15:45:51;1596.969,-1940.958,-1940.958;;;;
Michael;07:34:48;15:45:51;1596.968,-1940.962,-1940.962;;;;
Michael;07:34:48;15:45:52;1596.971,-1940.96,-1940.96;;;;
Michael;07:34:49;15:45:52;1596.974,-1940.95,-1940.95;;;;
Michael;07:34:49;15:45:53;1596.988,-1940.975,-1940.975;;;;
Michael;07:34:50;15:45:53;1597.02,-1940.987,-1940.987;;But you meet Trevor, Franklin,;Cutscene;Cutscene
Michael;07:34:50;15:45:54;1597.087,-1940.924,-1940.924;;;;
Michael;07:34:51;15:45:54;1597.152,-1941.044,-1941.044;;;;
Michael;07:34:51;15:45:55;1597.139,-1941.167,-1941.167;;;;
Michael;07:34:52;15:45:55;1597.161,-1941.176,-1941.176;;;;
Michael;07:34:52;15:45:56;1597.179,-1941.16,-1941.16;;you'll swear I am an angel.;Cutscene;Cutscene
Michael;07:34:53;15:45:56;1597.185,-1941.178,-1941.178;;;;
Michael;07:34:53;15:45:57;1597.181,-1941.188,-1941.188;;;;
Michael;07:34:54;15:45:58;1597.187,-1941.177,-1941.177;;;;
Michael;07:34:55;15:45:58;1597.214,-1941.155,-1941.155;;So, what's the move then, man?;Cutscene;Cutscene
Michael;07:34:55;15:45:59;1597.206,-1941.151,-1941.151;;;;
Michael;07:34:56;15:45:59;1597.205,-1941.149,-1941.149;;;;
Michael;07:34:56;15:46:00;1597.208,-1941.142,-1941.142;;I don't know.;Cutscene;Cutscene
Michael;07:34:57;15:46:00;1597.207,-1941.144,-1941.144;;;;
Michael;07:34:57;15:46:01;1597.17,-1941.159,-1941.159;;;;
Michael;07:34:58;15:46:01;1597.116,-1941.132,-1941.132;;;;
Michael;07:34:58;15:46:02;1596.986,-1940.865,-1940.865;;Fuck.;Cutscene;Cutscene
Michael;07:34:59;15:46:02;1596.893,-1940.754,-1940.754;;;;
Michael;07:34:59;15:46:03;1596.749,-1940.638,-1940.638;;;;
Michael;07:35:00;15:46:03;1596.583,-1940.571,-1940.571;;;;
Michael;07:35:00;15:46:04;1596.413,-1940.594,-1940.594;;;;
Michael;07:35:01;15:46:04;1596.265,-1940.577,-1940.577;;I'm just gonna,;Cutscene;Cutscene
Michael;07:35:01;15:46:05;1596.248,-1940.349,-1940.349;;;;
Michael;07:35:02;15:46:05;1596.39,-1940.285,-1940.285;;you know,;Cutscene;Cutscene
Michael;07:35:02;15:46:06;1596.512,-1940.241,-1940.241;;;;
Michael;07:35:03;15:46:06;1596.497,-1940.238,-1940.238;;;;
Michael;07:35:04;15:46:07;1596.499,-1940.28,-1940.28;;try to play both sides.;Cutscene;Cutscene
Michael;07:35:04;15:46:08;1596.505,-1940.27,-1940.27;;;;
Michael;07:35:05;15:46:08;1596.503,-1940.278,-1940.278;;;;
Michael;07:35:05;15:46:09;1596.501,-1940.276,-1940.276;;You know, until I can find a way out of this shit.;Cutscene;Cutscene
Michael;07:35:06;15:46:09;1596.509,-1940.266,-1940.266;;;;
Michael;07:35:06;15:46:10;1596.501,-1940.27,-1940.27;;;;
Michael;07:35:07;15:46:10;1596.502,-1940.286,-1940.286;;;;
Michael;07:35:07;15:46:11;1596.509,-1940.272,-1940.272;;Alright, man, look man, you helped me.;Cutscene;Cutscene
Michael;07:35:08;15:46:11;1596.504,-1940.279,-1940.279;;;;
Michael;07:35:08;15:46:12;1596.501,-1940.282,-1940.282;;;;
Michael;07:35:09;15:46:12;1596.505,-1940.279,-1940.279;;;;
Michael;07:35:09;15:46:13;1596.504,-1940.282,-1940.282;;;;
Michael;07:35:10;15:46:13;1596.502,-1940.281,-1940.281;;The way I see it, man, the least I can do is help you.;Cutscene;Cutscene
Michael;07:35:10;15:46:14;1596.501,-1940.274,-1940.274;;;;
Michael;07:35:11;15:46:14;1596.503,-1940.275,-1940.275;;;;
Michael;07:35:11;15:46:15;1596.502,-1940.277,-1940.277;;;;
Michael;07:35:12;15:46:15;1596.502,-1940.275,-1940.275;;;;
Michael;07:35:12;15:46:16;1596.502,-1940.275,-1940.275;;;;
Michael;07:35:13;15:46:17;1596.5,-1940.277,-1940.277;;;;
Michael;07:35:14;15:46:17;1596.501,-1940.276,-1940.276;;It's a death sentence, Franklin.;Cutscene;Cutscene
Michael;07:35:14;15:46:18;1596.502,-1940.278,-1940.278;;;;
Michael;07:35:15;15:46:18;1596.506,-1940.276,-1940.276;;;;
Michael;07:35:15;15:46:19;1596.505,-1940.278,-1940.278;;Man, I ain't tryin' to hear all that shit, man.;Cutscene;Cutscene
Michael;07:35:16;15:46:19;1596.502,-1940.276,-1940.276;;;;
Michael;07:35:16;15:46:20;1596.501,-1940.273,-1940.273;;;;
Michael;07:35:17;15:46:20;1596.5,-1940.27,-1940.27;;;;
Michael;07:35:17;15:46:21;1596.498,-1940.269,-1940.269;;;;
Michael;07:35:18;15:46:21;1596.736,-1940.549,-1940.549;;;;
Michael;07:35:18;15:46:22;1596.737,-1940.552,-1940.552;;If the Bureau ain't gonna take you to court,;Cutscene;Cutscene
Michael;07:35:19;15:46:22;1596.742,-1940.548,-1940.548;;;;
Michael;07:35:19;15:46:23;1596.743,-1940.55,-1940.55;;;;
Michael;07:35:20;15:46:23;1596.747,-1940.552,-1940.552;;them motherfuckers just hustlers anyway.;Cutscene;Cutscene
Michael;07:35:20;15:46:24;1596.747,-1940.551,-1940.551;;;;
Michael;07:35:21;15:46:24;1596.747,-1940.551,-1940.551;;;;
Michael;07:35:21;15:46:25;1596.767,-1940.54,-1940.54;;;;
Michael;07:35:22;15:46:25;1596.767,-1940.541,-1940.541;;And I ain't finna let no motherfucking cat;Cutscene;Cutscene
Michael;07:35:22;15:46:26;1596.767,-1940.539,-1940.539;;;;
Michael;07:35:23;15:46:26;1596.767,-1940.54,-1940.54;;;;
Michael;07:35:24;15:46:27;1596.76,-1940.544,-1940.544;;think he so motherfucking crazy;Cutscene;Cutscene
Michael;07:35:24;15:46:28;1596.76,-1940.544,-1940.544;;;;
Michael;07:35:25;15:46:28;1596.762,-1940.544,-1940.544;;;;
Michael;07:35:25;15:46:29;1596.768,-1940.544,-1940.544;;;;
Michael;07:35:26;15:46:29;1596.768,-1940.542,-1940.542;;run me up a tree. Fuck that.;Cutscene;Cutscene
Michael;07:35:26;15:46:30;1596.761,-1940.541,-1940.541;;;;
Michael;07:35:27;15:46:30;1596.759,-1940.543,-1940.543;;;;
Michael;07:35:27;15:46:31;1596.759,-1940.542,-1940.542;;;;
Michael;07:35:28;15:46:31;1596.757,-1940.54,-1940.54;;;;
Michael;07:35:28;15:46:32;1597.009,-1940.588,-1940.588;;;;
Michael;07:35:29;15:46:32;1597.058,-1940.626,-1940.626;;Hey, you're a good kid, Franklin.;Cutscene;Cutscene
Michael;07:35:29;15:46:33;1597.082,-1940.778,-1940.778;;;;
Michael;07:35:30;15:46:33;1597.034,-1940.844,-1940.844;;;;
Michael;07:35:30;15:46:34;1597.032,-1940.832,-1940.832;;;;
Michael;07:35:31;15:46:34;1597.034,-1940.82,-1940.82;;;;
Michael;07:35:31;15:46:35;1597.043,-1940.818,-1940.818;;;;
Michael;07:35:32;15:46:35;1597.047,-1940.825,-1940.825;;This means a lot to me.;Cutscene;Cutscene
Michael;07:35:32;15:46:36;1597.045,-1940.833,-1940.833;;;;
Michael;07:35:33;15:46:36;1597.051,-1940.836,-1940.836;;;;
Michael;07:35:34;15:46:37;1597.052,-1940.835,-1940.835;;;;
Michael;07:35:34;15:46:38;1597.049,-1940.833,-1940.833;;;;
Michael;07:35:35;15:46:38;1597.051,-1940.839,-1940.839;;Like I told ya, I'm a terrific thief.;Cutscene;Cutscene
Michael;07:35:35;15:46:39;1597.052,-1940.828,-1940.828;;;;
Michael;07:35:36;15:46:39;1597.05,-1940.837,-1940.837;;;;
Michael;07:35:36;15:46:40;1597.051,-1940.842,-1940.842;;;;
Michael;07:35:37;15:46:40;1597.057,-1940.839,-1940.839;;;;
Michael;07:35:37;15:46:41;1597.055,-1940.83,-1940.83;;;;
Michael;07:35:38;15:46:41;1597.057,-1940.833,-1940.833;;I'll find something for ya...;Cutscene;Cutscene
Michael;07:35:38;15:46:42;1597.051,-1940.838,-1940.838;;;;
Michael;07:35:39;15:46:42;1597.047,-1940.834,-1940.834;;;;
Michael;07:35:39;15:46:43;1597.052,-1940.836,-1940.836;;big.;Cutscene;Cutscene
Michael;07:35:40;15:46:43;1597.054,-1940.838,-1940.838;;;;
Michael;07:35:40;15:46:44;1597.059,-1940.826,-1940.826;;;;
Michael;07:35:41;15:46:44;1597.056,-1940.822,-1940.822;;;;
Michael;07:35:41;15:46:45;1597.041,-1940.815,-1940.815;;Come on.;Cutscene;Cutscene
Michael;07:35:42;15:46:45;1597.029,-1940.817,-1940.817;;;;
Michael;07:35:42;15:46:46;1597.023,-1940.822,-1940.822;;;;
Michael;07:35:43;15:46:46;1597.03,-1940.814,-1940.814;;You better take off.;Cutscene;Cutscene
Michael;07:35:44;15:46:47;1597.03,-1940.808,-1940.808;;;;
Michael;07:35:44;15:46:48;1597.034,-1940.806,-1940.806;;;;
Michael;07:35:45;15:46:48;1597.031,-1940.805,-1940.805;;;;
Michael;07:35:45;15:46:49;1597.033,-1940.811,-1940.811;;Alright, man, I'm with you.;Cutscene;Cutscene
Michael;07:35:46;15:46:49;1597.036,-1940.814,-1940.814;;;;
Michael;07:35:46;15:46:50;1597.04,-1940.81,-1940.81;;;;
Michael;07:35:47;15:46:50;1597.022,-1940.858,-1940.858;;;;
Michael;07:35:47;15:46:51;1597.179,-1940.93,-1940.93;;;;
Michael;07:35:48;15:46:51;1597.314,-1940.922,-1940.922;;I'm with you.;Cutscene;Cutscene
Michael;07:35:48;15:46:52;1597.322,-1940.887,-1940.887;;;;
Michael;07:35:49;15:46:52;1597.285,-1940.82,-1940.82;;;;
Michael;07:35:49;15:46:53;1597.243,-1940.637,-1940.637;;;;
Michael;07:35:50;15:46:53;1597.25,-1940.65,-1940.65;;;;
Michael;07:35:50;15:46:54;1597.252,-1940.662,-1940.662;;;;
Michael;07:35:51;15:46:54;1597.249,-1940.654,-1940.654;;;;
Michael;07:35:51;15:46:55;1597.256,-1940.629,-1940.629;;;;
Michael;07:35:52;15:46:55;1597.192,-1940.648,-1940.648;;;;
Michael;07:35:52;15:46:56;1597.1,-1940.861,-1940.861;;;;
Michael;07:35:53;15:46:56;1597.025,-1940.961,-1940.961;;;;
Michael;07:35:53;15:46:57;1596.859,-1940.97,-1940.97;;;;
Michael;07:35:54;15:46:58;1596.859,-1940.97,-1940.97;;;;
Michael;07:35:55;15:46:58;1596.859,-1940.97,-1940.97;;;;
Michael;07:35:55;15:46:59;1596.859,-1940.97,-1940.97;;;;
Michael;07:35:56;15:46:59;1596.859,-1940.97,-1940.97;;;;
Michael;07:35:56;15:47:00;1596.859,-1940.97,-1940.97;;;;
Michael;07:35:57;15:47:00;1596.859,-1940.97,-1940.97;;;;
Michael;07:35:57;15:47:01;1596.859,-1940.97,-1940.97;;;;
Michael;07:35:58;15:47:01;1596.859,-1940.97,-1940.97;;;;
Michael;07:35:58;15:47:02;1596.859,-1940.97,-1940.97;;;;
Michael;07:35:59;15:47:02;1596.859,-1940.97,-1940.97;;;;
Michael;07:35:59;15:47:03;1596.859,-1940.97,-1940.97;;;;
Michael;07:36:00;15:47:03;1596.916,-1940.836,-1940.836;;;;
Michael;07:36:00;15:47:04;1597.381,-1940.308,-1940.308;;;;
Michael;07:36:01;15:47:04;1598.216,-1939.973,-1939.973;;;;
Michael;07:36:01;15:47:05;1598.984,-1939.515,-1939.515;;;;
Michael;07:36:02;15:47:05;1599.869,-1939.319,-1939.319;;;;
Michael;07:36:02;15:47:06;1600.779,-1939.276,-1939.276;;;;
Michael;07:36:03;15:47:06;1601.687,-1939.299,-1939.299;;;;
Michael;07:36:03;15:47:07;1602.53,-1938.952,-1938.952;;;;
Michael;07:36:04;15:47:07;1603.329,-1938.56,-1938.56;;;;
Michael;07:36:05;15:47:08;1604.187,-1938.262,-1938.262;;;;
Michael;07:36:05;15:47:09;1605.044,-1937.859,-1937.859;;;;
Michael;07:36:06;15:47:09;1605.851,-1937.466,-1937.466;;;;
Michael;07:36:06;15:47:10;1606.691,-1937.156,-1937.156;;;;
Michael;07:36:07;15:47:10;1607.582,-1936.956,-1936.956;;;;
Michael;07:36:07;15:47:11;1608.433,-1936.624,-1936.624;;;;
Michael;07:36:08;15:47:11;1609.274,-1936.324,-1936.324;;;;
Michael;07:36:08;15:47:12;1610.138,-1936.09,-1936.09;;;;
Michael;07:36:09;15:47:12;1611.01,-1935.849,-1935.849;;;;
Michael;07:36:09;15:47:13;1611.91,-1935.695,-1935.695;;;;
Michael;07:36:10;15:47:13;1612.798,-1935.463,-1935.463;;;;
Michael;07:36:10;15:47:14;1613.644,-1935.181,-1935.181;;;;
Michael;07:36:11;15:47:14;1614.47,-1934.802,-1934.802;;;;
Michael;07:36:11;15:47:15;1615.297,-1934.594,-1934.594;;;;
Michael;07:36:12;15:47:15;1615.954,-1934.972,-1934.972;;;;
Michael;07:36:12;15:47:16;1616.1,-1935.069,-1935.069;;;;
Michael;07:36:13;15:47:16;1616.032,-1934.263,-1934.263;;;;
Michael;07:36:13;15:47:17;1616.134,-1933.712,-1933.712;True,Coupes,FELON,0,0;;;
Michael;07:36:14;15:47:18;1616.135,-1933.713,-1933.713;True,Coupes,FELON,0,008788902,0;;;
Michael;07:36:15;15:47:18;1616.135,-1933.711,-1933.711;True,Coupes,FELON,0,0;;;
Michael;07:36:15;15:47:19;1616.135,-1933.711,-1933.711;True,Coupes,FELON,0,0;;;
Michael;07:36:16;15:47:19;1616.135,-1933.711,-1933.711;True,Coupes,FELON,0,0;;;
Michael;07:36:16;15:47:20;1616.135,-1933.711,-1933.711;True,Coupes,FELON,0,0;;;
Michael;07:36:17;15:47:20;1616.135,-1933.711,-1933.711;True,Coupes,FELON,0,0;;;
Michael;07:36:17;15:47:21;1616.135,-1933.711,-1933.711;True,Coupes,FELON,0,0;;;
Michael;07:36:18;15:47:21;1616.135,-1933.711,-1933.711;True,Coupes,FELON,0,0;;;
Michael;07:36:26;15:47:30;1616.135,-1933.711,-1933.711;True,Coupes,FELON,0,0;;;
Michael;07:36:27;15:47:30;1616.093,-1933.702,-1933.702;True,Coupes,FELON,0,556169,1;;;
Michael;07:36:27;15:47:31;1614.782,-1933.589,-1933.589;True,Coupes,FELON,4,895389,1;;;
Michael;07:36:28;15:47:31;1611.013,-1934.314,-1934.314;True,Coupes,FELON,9,547473,1;;;
Michael;07:36:28;15:47:32;1606.074,-1934.898,-1934.898;True,Coupes,FELON,9,326395,1;;;
Michael;07:36:29;15:47:32;1600.362,-1935.014,-1935.014;True,Coupes,FELON,11,04732,0;;;
Michael;07:36:29;15:47:33;1594.807,-1934.393,-1934.393;True,Coupes,FELON,11,86034,1;;;
Michael;07:36:30;15:47:33;1587.605,-1933.3,-1933.3;True,Coupes,FELON,15,28918,0;;;
Michael;07:36:30;15:47:34;1580.563,-1930.638,-1930.638;True,Coupes,FELON,13,9125,0;;;
Michael;07:36:31;15:47:34;1574.853,-1926.925,-1926.925;True,Coupes,FELON,13,45096,0;;;
Michael;07:36:31;15:47:35;1568.628,-1922.353,-1922.353;True,Coupes,FELON,17,55043,0;;;
Michael;07:36:32;15:47:35;1561.614,-1917.283,-1917.283;True,Coupes,FELON,18,00791,0;;;
Michael;07:36:33;15:47:36;1554.66,-1912.447,-1912.447;True,Coupes,FELON,18,14589,0;;;
Michael;07:36:33;15:47:37;1547.85,-1907.119,-1907.119;True,Coupes,FELON,17,88805,0;;;
Michael;07:36:34;15:47:37;1541.003,-1901.693,-1901.693;True,Coupes,FELON,18,41781,1;;;
Michael;07:36:34;15:47:38;1533.525,-1896.114,-1896.114;True,Coupes,FELON,17,63592,0;;;
Michael;07:36:35;15:47:38;1526.894,-1889.16,-1889.16;True,Coupes,FELON,20,19349,1;;;
Michael;07:36:35;15:47:39;1519.936,-1880.843,-1880.843;True,Coupes,FELON,20,60386,1;;;
Michael;07:36:36;15:47:39;1512.675,-1871.96,-1871.96;True,Coupes,FELON,23,16351,0;;;
Michael;07:36:36;15:47:40;1506.207,-1862.229,-1862.229;True,Coupes,FELON,22,72306,1;;;
Michael;07:36:37;15:47:40;1500.123,-1852.18,-1852.18;True,Coupes,FELON,21,42939,1;;;
Michael;07:36:37;15:47:41;1493.965,-1842.222,-1842.222;True,Coupes,FELON,22,65696,1;;;
Michael;07:36:38;15:47:41;1488.012,-1831.293,-1831.293;True,Coupes,FELON,23,41376,0;;;
Michael;07:36:38;15:47:42;1482.714,-1820.705,-1820.705;True,Coupes,FELON,21,46843,0;;;
Michael;07:36:39;15:47:42;1477.267,-1811.568,-1811.568;True,Coupes,FELON,19,45884,0;;;
Michael;07:36:39;15:47:43;1471.266,-1804.055,-1804.055;True,Coupes,FELON,17,53331,0;;;
Michael;07:36:40;15:47:43;1465.241,-1797.518,-1797.518;True,Coupes,FELON,15,97874,0;;;
Michael;07:36:40;15:47:44;1460.138,-1791.446,-1791.446;True,Coupes,FELON,14,08589,0;Hey, Trace. What's up?;MICHAEL;FMFL_ARAA
Michael;07:36:41;15:47:44;1455.762,-1785.972,-1785.972;True,Coupes,FELON,13,03745,1;;;
Michael;07:36:41;15:47:45;1451.12,-1779.522,-1779.522;True,Coupes,FELON,17,5902,1;;;
Michael;07:36:42;15:47:45;1445.411,-1771.515,-1771.515;True,Coupes,FELON,18,52927,0;What's up? Are you joking!? You ruined my life!;TRACEY;FMFL_ARAB
Michael;07:36:43;15:47:46;1441.909,-1762.709,-1762.709;True,Coupes,FELON,17,42068,0;;;
Michael;07:36:43;15:47:47;1441.352,-1754.259,-1754.259;True,Coupes,FELON,15,05328,0;;;
Michael;07:36:44;15:47:47;1441.273,-1746.838,-1746.838;True,Coupes,FELON,13,47323,1;;;
Michael;07:36:44;15:47:48;1441.221,-1738.697,-1738.697;True,Coupes,FELON,17,48363,1;;;
Michael;07:36:45;15:47:48;1441.583,-1728.959,-1728.959;True,Coupes,FELON,18,19005,0;;;
Michael;07:36:45;15:47:49;1442.926,-1720.029,-1720.029;True,Coupes,FELON,16,55652,0;;;
Michael;07:36:46;15:47:49;1444.054,-1712,-1712;True,Coupes,FELON,14,68241,0;I did? I thought I'd already ruined your life. Remember, after that boat thing.;MICHAEL;FMFL_ARAC
Michael;07:36:46;15:47:50;1444.588,-1704.94,-1704.94;True,Coupes,FELON,12,63201,0;;;
Michael;07:36:47;15:47:50;1443.866,-1698.897,-1698.897;True,Coupes,FELON,11,86698,1;;;
Michael;07:36:47;15:47:51;1442.237,-1691.946,-1691.946;True,Coupes,FELON,14,47716,0;;;
Michael;07:36:48;15:47:51;1439.083,-1684.395,-1684.395;True,Coupes,FELON,17,71326,1;;;
Michael;07:36:48;15:47:52;1434.637,-1675.453,-1675.453;True,Coupes,FELON,19,28342,0;;;
Michael;07:36:49;15:47:52;1430.087,-1666.948,-1666.948;True,Coupes,FELON,17,65048,0;;;
Michael;07:36:49;15:47:53;1425.688,-1659.273,-1659.273;True,Coupes,FELON,15,77036,0;;;
Michael;07:36:50;15:47:53;1421.889,-1652.561,-1652.561;True,Coupes,FELON,14,07898,0;;;
Michael;07:36:50;15:47:54;1418.624,-1646.464,-1646.464;True,Coupes,FELON,12,32921,0;Take this seriously! Do you know how bad I wanted that? Fame or Shame is like;TRACEY;FMFL_ARAD
Michael;07:36:51;15:47:54;1415.415,-1641.45,-1641.45;True,Coupes,FELON,10,85102,0;;;
Michael;07:36:51;15:47:55;1412.464,-1637.1,-1637.1;True,Coupes,FELON,9,392046,0;;;
Michael;07:36:52;15:47:55;1409.322,-1632.544,-1632.544;True,Coupes,FELON,11,48456,0;;;
Michael;07:36:52;15:47:56;1405.002,-1627.974,-1627.974;True,Coupes,FELON,13,81942,1;;;
Michael;07:36:53;15:47:56;1399.039,-1622.995,-1622.995;True,Coupes,FELON,14,3131,0;;;
Michael;07:36:54;15:47:57;1393.163,-1619.32,-1619.32;True,Coupes,FELON,12,58815,0;;;
Michael;07:36:54;15:47:58;1387.383,-1616.9,-1616.9;True,Coupes,FELON,12,5091,1;;;
Michael;07:36:55;15:47:58;1380.931,-1615.778,-1615.778;True,Coupes,FELON,11,98573,0;;;
Michael;07:36:55;15:47:59;1374.579,-1614.969,-1614.969;True,Coupes,FELON,12,64017,0;;;
Michael;07:36:56;15:47:59;1367.504,-1613.073,-1613.073;True,Coupes,FELON,15,76815,1;;;
Michael;07:36:56;15:48:00;1359.74,-1610.513,-1610.513;True,Coupes,FELON,14,53895,0;an amazing opportunity! You're such a fucking fuck, you really are.;TRACEY;FMFL_ARAE
Michael;07:36:57;15:48:00;1352.64,-1610.538,-1610.538;True,Coupes,FELON,12,89332,0;;;
Michael;07:36:57;15:48:01;1345.986,-1609.834,-1609.834;True,Coupes,FELON,12,5008,0;;;
Michael;07:36:58;15:48:01;1341.026,-1605.948,-1605.948;True,Coupes,FELON,12,97645,1;;;
Michael;07:36:58;15:48:02;1336.957,-1600.109,-1600.109;True,Coupes,FELON,13,47574,0;;;
Michael;07:36:59;15:48:02;1332.576,-1594.783,-1594.783;True,Coupes,FELON,12,8855,1;;;
Michael;07:36:59;15:48:03;1327.65,-1589.256,-1589.256;True,Coupes,FELON,15,58682,1;;;
Michael;07:37:00;15:48:03;1322.596,-1582.048,-1582.048;True,Coupes,FELON,18,32903,1;;;
Michael;07:37:00;15:48:04;1317.206,-1573.572,-1573.572;True,Coupes,FELON,18,72036,0;;;
Michael;07:37:01;15:48:04;1313.302,-1565.154,-1565.154;True,Coupes,FELON,17,27368,0;;;
Michael;07:37:01;15:48:05;1309.956,-1557.181,-1557.181;True,Coupes,FELON,16,06814,0;;;
Michael;07:37:02;15:48:05;1306.816,-1549.73,-1549.73;True,Coupes,FELON,14,80642,0;You'll get over it. You'll see. I did you a favor.;MICHAEL;FMFL_ARAF
Michael;07:37:02;15:48:06;1303.351,-1543.229,-1543.229;True,Coupes,FELON,13,70247,0;;;
Michael;07:37:03;15:48:06;1299.893,-1537.129,-1537.129;True,Coupes,FELON,14,19477,1;;;
Michael;07:37:03;15:48:07;1296.19,-1530.554,-1530.554;True,Coupes,FELON,14,11689,0;;;
Michael;07:37:04;15:48:08;1292.212,-1523.416,-1523.416;True,Coupes,FELON,16,9958,0;;;
Michael;07:37:05;15:48:08;1288.026,-1515.828,-1515.828;True,Coupes,FELON,17,40527,1;;;
Michael;07:37:05;15:48:09;1284.021,-1506.926,-1506.926;True,Coupes,FELON,20,28457,0;;;
Michael;07:37:06;15:48:09;1279.82,-1497.588,-1497.588;True,Coupes,FELON,19,16422,0;;;
Michael;07:37:06;15:48:10;1275.471,-1488.92,-1488.92;True,Coupes,FELON,18,02326,0;Never! I hate you!;TRACEY;FMFL_ARAG
Michael;07:37:07;15:48:10;1271.464,-1480.703,-1480.703;True,Coupes,FELON,16,73676,0;;;
Michael;07:37:07;15:48:11;1268.321,-1472.862,-1472.862;True,Coupes,FELON,15,41413,0;;;
Michael;07:37:08;15:48:11;1265.585,-1465.727,-1465.727;True,Coupes,FELON,14,04848,0;;;
Michael;07:37:08;15:48:12;1263.09,-1459.217,-1459.217;True,Coupes,FELON,12,55283,0;;;
Michael;07:37:09;15:48:12;1260.96,-1453.653,-1453.653;True,Coupes,FELON,9,748624,0;;;
Michael;07:37:09;15:48:13;1259.95,-1451.021,-1451.021;True,Coupes,FELON,0,9654137,0;;;
Michael;07:37:10;15:48:13;1259.968,-1451.037,-1451.037;True,Coupes,FELON,0,01172903,0;;;
Michael;07:37:10;15:48:14;1259.968,-1451.036,-1451.036;True,Coupes,FELON,0,0;;;
Michael;07:37:11;15:48:14;1259.968,-1451.036,-1451.036;True,Coupes,FELON,0,0;;;
Michael;07:37:11;15:48:15;1259.968,-1451.036,-1451.036;True,Coupes,FELON,0,0;;;
Michael;07:37:12;15:48:15;1259.968,-1451.036,-1451.036;True,Coupes,FELON,0,0;;;
Michael;07:37:12;15:48:16;1259.966,-1451.03,-1451.03;True,Coupes,FELON,0,1311571,1;;;
Michael;07:37:13;15:48:16;1259.729,-1450.42,-1450.42;True,Coupes,FELON,2,548812,1;;;
Michael;07:37:13;15:48:17;1258.799,-1448.278,-1448.278;True,Coupes,FELON,6,587529,1;;;
Michael;07:37:14;15:48:17;1256.372,-1443.837,-1443.837;True,Coupes,FELON,11,57919,0;;;
Michael;07:37:14;15:48:18;1254.076,-1439.742,-1439.742;True,Coupes,FELON,5,481443,0;;;
Michael;07:37:15;15:48:18;1252.97,-1437.614,-1437.614;True,Coupes,FELON,3,494209,0;;;
Michael;07:37:16;15:48:19;1252.696,-1436.268,-1436.268;True,Coupes,FELON,1,908324,0;;;
Michael;07:37:16;15:48:20;1252.427,-1435.58,-1435.58;True,Coupes,FELON,1,766548,1;;;
Michael;07:37:17;15:48:20;1251.379,-1434.281,-1434.281;True,Coupes,FELON,4,744474,1;;;
Michael;07:37:17;15:48:21;1248.373,-1431.936,-1431.936;True,Coupes,FELON,10,11854,1;;;
Michael;07:37:18;15:48:21;1243.329,-1429.208,-1429.208;True,Coupes,FELON,10,24849,1;;;
Michael;07:37:18;15:48:22;1238.015,-1429.002,-1429.002;True,Coupes,FELON,9,836902,1;;;
Michael;07:37:19;15:48:22;1232.196,-1429.196,-1429.196;True,Coupes,FELON,10,93441,1;;;
Michael;07:37:19;15:48:23;1225.81,-1429.277,-1429.277;True,Coupes,FELON,13,64004,1;;;
Michael;07:37:20;15:48:23;1217.545,-1430.141,-1430.141;True,Coupes,FELON,17,55886,1;;;
Michael;07:37:20;15:48:24;1208.254,-1431.713,-1431.713;True,Coupes,FELON,17,59947,1;;;
Michael;07:37:21;15:48:24;1197.966,-1432.921,-1432.921;True,Coupes,FELON,22,07075,1;;;
Michael;07:37:21;15:48:25;1185.906,-1433.236,-1433.236;True,Coupes,FELON,23,14824,0;;;
Michael;07:37:22;15:48:25;1174.049,-1433.509,-1433.509;True,Coupes,FELON,21,91837,0;;;
Michael;07:37:22;15:48:26;1162.765,-1433.82,-1433.82;True,Coupes,FELON,21,34674,1;;;
Michael;07:37:23;15:48:26;1151.989,-1433.391,-1433.391;True,Coupes,FELON,19,94942,0;;;
Michael;07:37:23;15:48:27;1142.132,-1433.738,-1433.738;True,Coupes,FELON,19,17468,1;;;
Michael;07:37:24;15:48:27;1131.539,-1434.455,-1434.455;True,Coupes,FELON,22,12664,1;;;
Michael;07:37:24;15:48:28;1119.601,-1434.626,-1434.626;True,Coupes,FELON,23,00422,0;;;
Michael;07:37:25;15:48:28;1108.147,-1434.829,-1434.829;True,Coupes,FELON,21,16737,0;;;
Michael;07:37:25;15:48:29;1097.287,-1434.426,-1434.426;True,Coupes,FELON,20,61638,0;;;
Michael;07:37:26;15:48:29;1086.198,-1434.46,-1434.46;True,Coupes,FELON,23,06442,1;;;
Michael;07:37:26;15:48:30;1073.946,-1434.569,-1434.569;True,Coupes,FELON,23,46512,1;;;
Michael;07:37:27;15:48:30;1061.591,-1434.694,-1434.694;True,Coupes,FELON,22,92432,0;;;
Michael;07:37:28;15:48:31;1049.555,-1434.795,-1434.795;True,Coupes,FELON,22,8667,0;;;
Michael;07:37:28;15:48:32;1038.124,-1434.381,-1434.381;True,Coupes,FELON,20,98053,0;;;
Michael;07:37:29;15:48:32;1027.518,-1433.992,-1433.992;True,Coupes,FELON,19,29608,0;;;
Michael;07:37:29;15:48:33;1017.901,-1434.243,-1434.243;True,Coupes,FELON,17,52947,0;;;
Michael;07:37:30;15:48:33;1008.938,-1434.003,-1434.003;True,Coupes,FELON,16,90726,0;;;
Michael;07:37:30;15:48:34;1000.286,-1434.225,-1434.225;True,Coupes,FELON,16,91037,1;;;
Michael;07:37:31;15:48:34;990.6721,-1433.812,-1433.812;True,Coupes,FELON,20,35584,1;;;
Michael;07:37:31;15:48:35;979.6941,-1432.204,-1432.204;True,Coupes,FELON,21,57605,0;;;
Michael;07:37:32;15:48:35;968.9083,-1429.518,-1429.518;True,Coupes,FELON,20,93944,0;;;
Michael;07:37:32;15:48:36;958.0722,-1428.255,-1428.255;True,Coupes,FELON,19,93144,0;;;
Michael;07:37:33;15:48:36;947.8401,-1428.729,-1428.729;True,Coupes,FELON,20,71004,1;;;
Michael;07:37:33;15:48:37;936.726,-1429.16,-1429.16;True,Coupes,FELON,20,8766,0;;;
Michael;07:37:34;15:48:37;925.9853,-1429.071,-1429.071;True,Coupes,FELON,21,05474,1;;;
Michael;07:37:34;15:48:38;915.2948,-1428.906,-1428.906;True,Coupes,FELON,20,17664,1;;;
Michael;07:37:35;15:48:38;904.6805,-1428.705,-1428.705;True,Coupes,FELON,19,82763,0;;;
Michael;07:37:35;15:48:39;894.3735,-1428.463,-1428.463;True,Coupes,FELON,19,40017,0;;;
Michael;07:37:36;15:48:39;884.3392,-1428.208,-1428.208;True,Coupes,FELON,18,92399,0;;;
Michael;07:37:36;15:48:40;874.5121,-1427.984,-1427.984;True,Coupes,FELON,18,58562,0;;;
Michael;07:37:37;15:48:40;864.7814,-1427.717,-1427.717;True,Coupes,FELON,18,15679,0;;;
Michael;07:37:37;15:48:41;855.6854,-1427.413,-1427.413;True,Coupes,FELON,16,59234,0;;;
Michael;07:37:38;15:48:41;847.4183,-1427.117,-1427.117;True,Coupes,FELON,15,35352,0;;;
Michael;07:37:38;15:48:42;839.4988,-1427.293,-1427.293;True,Coupes,FELON,16,0697,1;;;
Michael;07:37:39;15:48:42;830.4723,-1427.315,-1427.315;True,Coupes,FELON,18,47334,1;;;
Michael;07:37:40;15:48:43;820.209,-1428.29,-1428.29;True,Coupes,FELON,20,95207,1;;;
Michael;07:37:40;15:48:44;809.3716,-1429.637,-1429.637;True,Coupes,FELON,19,91925,0;;;
Michael;07:37:41;15:48:44;799.3962,-1430.163,-1430.163;True,Coupes,FELON,18,40366,0;;;
Michael;07:37:41;15:48:45;790.314,-1430.025,-1430.025;True,Coupes,FELON,16,87919,1;;;
Michael;07:37:42;15:48:45;781.5944,-1430.051,-1430.051;True,Coupes,FELON,16,80209,1;;;
Michael;07:37:42;15:48:46;772.1225,-1429.68,-1429.68;True,Coupes,FELON,19,28342,1;;;
Michael;07:37:43;15:48:46;762.0382,-1430.088,-1430.088;True,Coupes,FELON,20,06166,1;;;
Michael;07:37:43;15:48:47;752.0694,-1430.601,-1430.601;True,Coupes,FELON,18,13499,0;;;
Michael;07:37:44;15:48:47;743.1857,-1429.735,-1429.735;True,Coupes,FELON,17,27588,1;;;
Michael;07:37:44;15:48:48;734.5928,-1428.839,-1428.839;True,Coupes,FELON,15,74159,1;;;
Michael;07:37:45;15:48:48;725.8626,-1428.641,-1428.641;True,Coupes,FELON,18,02291,1;;;
Michael;07:37:45;15:48:49;715.3921,-1428.327,-1428.327;True,Coupes,FELON,22,26232,1;;;
Michael;07:37:46;15:48:49;704.32,-1428.196,-1428.196;True,Coupes,FELON,20,58038,0;;;
Michael;07:37:46;15:48:50;693.9922,-1428.242,-1428.242;True,Coupes,FELON,19,50449,1;;;
Michael;07:37:47;15:48:50;683.2733,-1428.251,-1428.251;True,Coupes,FELON,21,7909,1;;;
Michael;07:37:47;15:48:51;671.4407,-1428.237,-1428.237;True,Coupes,FELON,23,55381,1;;;
Michael;07:37:48;15:48:51;659.1818,-1428.197,-1428.197;True,Coupes,FELON,22,74373,0;;;
Michael;07:37:48;15:48:52;647.8144,-1428.118,-1428.118;True,Coupes,FELON,21,46915,1;;;
Michael;07:37:49;15:48:52;636.6724,-1427.987,-1427.987;True,Coupes,FELON,20,33012,0;;;
Michael;07:37:49;15:48:53;626.1232,-1427.794,-1427.794;True,Coupes,FELON,19,32523,0;;;
Michael;07:37:50;15:48:53;615.7763,-1427.536,-1427.536;True,Coupes,FELON,21,36649,1;;;
Michael;07:37:50;15:48:54;603.882,-1427.46,-1427.46;True,Coupes,FELON,23,80363,0;;;
Michael;07:37:51;15:48:54;591.8733,-1427.94,-1427.94;True,Coupes,FELON,22,24899,0;;;
Michael;07:37:52;15:48:55;580.6332,-1428.446,-1428.446;True,Coupes,FELON,20,38299,0;;;
Michael;07:37:52;15:48:56;570.2709,-1428.832,-1428.832;True,Coupes,FELON,20,35014,1;;;
Michael;07:37:53;15:48:56;559.0718,-1428.43,-1428.43;True,Coupes,FELON,22,91384,1;;;
Michael;07:37:53;15:48:57;546.6712,-1428.112,-1428.112;True,Coupes,FELON,23,4576,1;;;
Michael;07:37:54;15:48:57;534.149,-1428.433,-1428.433;True,Coupes,FELON,24,70143,1;;;
Michael;07:37:54;15:48:58;520.9576,-1428.067,-1428.067;True,Coupes,FELON,25,5678,0;;;
Michael;07:37:55;15:48:58;508.0435,-1427.54,-1427.54;True,Coupes,FELON,23,78264,1;;;
Michael;07:37:55;15:48:59;495.3773,-1425.931,-1425.931;True,Coupes,FELON,24,64428,0;;;
Michael;07:37:56;15:48:59;483.2332,-1423.162,-1423.162;True,Coupes,FELON,22,5695,0;;;
Michael;07:37:56;15:49:00;471.9957,-1419.934,-1419.934;True,Coupes,FELON,21,64281,0;;;
Michael;07:37:57;15:49:00;461.5222,-1415.551,-1415.551;True,Coupes,FELON,22,32121,1;;;
Michael;07:37:57;15:49:01;450.9578,-1409.75,-1409.75;True,Coupes,FELON,23,74755,1;;;
Michael;07:37:58;15:49:01;441.188,-1402.378,-1402.378;True,Coupes,FELON,22,85791,1;;;
Michael;07:37:58;15:49:02;431.7448,-1394.363,-1394.363;True,Coupes,FELON,24,72589,1;;;
Michael;07:37:59;15:49:02;421.4756,-1386.044,-1386.044;True,Coupes,FELON,26,17388,1;;;
Michael;07:37:59;15:49:03;410.8195,-1376.994,-1376.994;True,Coupes,FELON,26,82596,0;;;
Michael;07:38:00;15:49:03;400.2825,-1368.893,-1368.893;True,Coupes,FELON,24,60645,0;;;
Michael;07:38:00;15:49:04;390.4339,-1361.432,-1361.432;True,Coupes,FELON,22,38213,0;;;
Michael;07:38:01;15:49:04;380.9724,-1354.265,-1354.265;True,Coupes,FELON,23,07862,1;;;
Michael;07:38:01;15:49:05;371.3113,-1346.638,-1346.638;True,Coupes,FELON,22,65293,0;;;
Michael;07:38:02;15:49:05;362.5161,-1338.96,-1338.96;True,Coupes,FELON,22,25697,0;;;
Michael;07:38:03;15:49:06;353.9435,-1331.395,-1331.395;True,Coupes,FELON,22,12739,1;;;
Michael;07:38:03;15:49:07;345.2172,-1323.683,-1323.683;True,Coupes,FELON,21,49862,0;;;
Michael;07:38:04;15:49:07;336.9332,-1316.74,-1316.74;True,Coupes,FELON,20,12815,0;;;
Michael;07:38:04;15:49:08;328.5581,-1311.236,-1311.236;True,Coupes,FELON,18,21196,0;;;
Michael;07:38:05;15:49:08;320.7859,-1306.653,-1306.653;True,Coupes,FELON,16,50105,0;;;
Michael;07:38:05;15:49:09;313.0034,-1302.955,-1302.955;True,Coupes,FELON,15,57179,0;;;
Michael;07:38:06;15:49:09;305.8857,-1300.141,-1300.141;True,Coupes,FELON,14,0781,0;;;
Michael;07:38:06;15:49:10;299.4137,-1297.597,-1297.597;True,Coupes,FELON,12,71742,0;;;
Michael;07:38:07;15:49:10;293.5455,-1295.401,-1295.401;True,Coupes,FELON,10,94529,0;;;
Michael;07:38:07;15:49:11;288.2465,-1294.596,-1294.596;True,Coupes,FELON,9,905474,1;;;
Michael;07:38:08;15:49:11;283.2775,-1294.079,-1294.079;True,Coupes,FELON,8,728541,0;;;
Michael;07:38:08;15:49:12;279.1387,-1294.051,-1294.051;True,Coupes,FELON,7,288824,0;;;
Michael;07:38:09;15:49:12;275.7216,-1294.024,-1294.024;True,Coupes,FELON,5,837915,0;;;
Michael;07:38:09;15:49:13;272.7981,-1294.005,-1294.005;True,Coupes,FELON,4,962934,0;;;
Michael;07:38:10;15:49:13;270.0179,-1294.004,-1294.004;True,Coupes,FELON,5,494411,1;;;
Michael;07:38:10;15:49:14;267.3409,-1294.012,-1294.012;True,Coupes,FELON,4,423227,0;;;
Michael;07:38:11;15:49:14;265.4437,-1294.006,-1294.006;True,Coupes,FELON,2,872659,0;;;
Michael;07:38:11;15:49:15;264.19,-1294.001,-1294.001;True,Coupes,FELON,2,193693,0;;;
Michael;07:38:12;15:49:15;263.0459,-1293.995,-1293.995;True,Coupes,FELON,2,161884,1;;;
Michael;07:38:12;15:49:16;261.027,-1293.959,-1293.959;True,Coupes,FELON,5,455129,0;;;
Michael;07:38:13;15:49:16;258.6025,-1293.906,-1293.906;True,Coupes,FELON,3,460604,0;;;
Michael;07:38:14;15:49:17;258.1202,-1293.914,-1293.914;True,Coupes,FELON,0,07782703,0;;;
Michael;07:38:14;15:49:18;258.119,-1293.92,-1293.92;True,Coupes,FELON,0,0;;;
Michael;07:38:15;15:49:18;258.119,-1293.92,-1293.92;True,Coupes,FELON,0,0;;;
Michael;07:38:15;15:49:19;258.119,-1293.92,-1293.92;True,Coupes,FELON,0,0;;;
Michael;07:38:16;15:49:19;258.119,-1293.92,-1293.92;True,Coupes,FELON,0,0;;;
Michael;07:38:16;15:49:20;258.119,-1293.92,-1293.92;True,Coupes,FELON,0,0;;;
Michael;07:38:17;15:49:20;258.119,-1293.92,-1293.92;True,Coupes,FELON,0,0;;;
Michael;07:38:17;15:49:21;258.119,-1293.92,-1293.92;True,Coupes,FELON,0,0;;;
Michael;07:38:18;15:49:21;258.119,-1293.92,-1293.92;True,Coupes,FELON,0,0;;;
Michael;07:38:18;15:49:22;258.119,-1293.92,-1293.92;True,Coupes,FELON,0,0;;;
Michael;07:38:19;15:49:22;258.119,-1293.92,-1293.92;True,Coupes,FELON,0,0;;;
Michael;07:38:19;15:49:23;258.119,-1293.92,-1293.92;True,Coupes,FELON,0,0;;;
Michael;07:38:20;15:49:23;258.119,-1293.92,-1293.92;True,Coupes,FELON,0,0;;;
Michael;07:38:20;15:49:24;258.119,-1293.92,-1293.92;True,Coupes,FELON,0,0;;;
Michael;07:38:21;15:49:24;258.1189,-1293.92,-1293.92;True,Coupes,FELON,0,007355167,1;;;
Michael;07:38:21;15:49:25;257.6765,-1293.896,-1293.896;True,Coupes,FELON,2,027212,1;;;
Michael;07:38:22;15:49:25;255.6907,-1293.868,-1293.868;True,Coupes,FELON,5,985402,1;;;
Michael;07:38:22;15:49:26;252.87,-1293.873,-1293.873;True,Coupes,FELON,4,601781,0;;;
Michael;07:38:23;15:49:26;250.9292,-1293.872,-1293.872;True,Coupes,FELON,2,884652,0;;;
Michael;07:38:23;15:49:27;249.3224,-1293.859,-1293.859;True,Coupes,FELON,4,455899,1;;;
Michael;07:38:24;15:49:27;245.9583,-1293.245,-1293.245;True,Coupes,FELON,8,707751,1;;;
Michael;07:38:24;15:49:28;240.7007,-1291.317,-1291.317;True,Coupes,FELON,11,09574,0;;;
Michael;07:38:25;15:49:28;235.6187,-1288.534,-1288.534;True,Coupes,FELON,10,44468,0;;;
Michael;07:38:25;15:49:29;233.5963,-1284.346,-1284.346;True,Coupes,FELON,8,168199,0;;;
Michael;07:38:26;15:49:30;232.8912,-1280.614,-1280.614;True,Coupes,FELON,6,42127,0;;;
Michael;07:38:27;15:49:30;233.0307,-1277.826,-1277.826;True,Coupes,FELON,4,647385,1;;;
Michael;07:38:27;15:49:31;233.2421,-1274.553,-1274.553;True,Coupes,FELON,8,264667,1;;;
Michael;07:38:28;15:49:31;233.6101,-1269.118,-1269.118;True,Coupes,FELON,11,67604,0;;;
Michael;07:38:28;15:49:32;234.0203,-1263.44,-1263.44;True,Coupes,FELON,10,02023,0;;;
Michael;07:38:29;15:49:32;234.4012,-1258.511,-1258.511;True,Coupes,FELON,9,968503,1;;;
Michael;07:38:29;15:49:33;234.8882,-1252.6,-1252.6;True,Coupes,FELON,11,0147,0;;;
Michael;07:38:30;15:49:33;234.9232,-1246.794,-1246.794;True,Coupes,FELON,10,97203,1;;;
Michael;07:38:30;15:49:34;234.751,-1240.326,-1240.326;True,Coupes,FELON,13,44976,1;;;
Michael;07:38:31;15:49:34;234.2458,-1232.988,-1232.988;True,Coupes,FELON,14,37388,1;;;
Michael;07:38:31;15:49:35;233.4375,-1224.945,-1224.945;True,Coupes,FELON,15,55385,0;;;
Michael;07:38:32;15:49:35;232.6931,-1217.315,-1217.315;True,Coupes,FELON,13,76744,0;;;
Michael;07:38:32;15:49:36;231.9428,-1209.865,-1209.865;True,Coupes,FELON,14,95445,0;;;
Michael;07:38:33;15:49:36;230.9336,-1202.666,-1202.666;True,Coupes,FELON,13,18215,0;;;
Michael;07:38:33;15:49:37;229.9944,-1196.32,-1196.32;True,Coupes,FELON,11,43345,0;;;
Michael;07:38:34;15:49:37;229.2036,-1190.841,-1190.841;True,Coupes,FELON,10,12652,1;;;
Michael;07:38:34;15:49:38;227.8747,-1185.109,-1185.109;True,Coupes,FELON,11,30175,0;;;
Michael;07:38:35;15:49:38;226.0947,-1178.808,-1178.808;True,Coupes,FELON,14,30184,1;;;
Michael;07:38:35;15:49:39;223.9529,-1171.401,-1171.401;True,Coupes,FELON,14,36502,0;;;
Michael;07:38:36;15:49:39;221.988,-1164.636,-1164.636;True,Coupes,FELON,12,64924,0;;;
Michael;07:38:37;15:49:40;220.8147,-1158.504,-1158.504;True,Coupes,FELON,10,41812,0;;;
Michael;07:38:37;15:49:41;220.3962,-1154.938,-1154.938;True,Coupes,FELON,5,694456,0;;;
Michael;07:38:38;15:49:41;220.3231,-1153.812,-1153.812;True,Coupes,FELON,0,2131169,0;;;
Michael;07:38:38;15:49:42;220.3539,-1153.815,-1153.815;True,Coupes,FELON,0,006403664,0;;;
Michael;07:38:39;15:49:42;220.354,-1153.815,-1153.815;True,Coupes,FELON,0,0;;;
Michael;07:38:39;15:49:43;220.354,-1153.815,-1153.815;True,Coupes,FELON,0,0;;;
Michael;07:38:40;15:49:43;220.354,-1153.815,-1153.815;True,Coupes,FELON,0,0;;;
Michael;07:38:40;15:49:44;220.354,-1153.815,-1153.815;True,Coupes,FELON,0,0;;;
Michael;07:38:41;15:49:44;220.354,-1153.815,-1153.815;True,Coupes,FELON,0,0;;;
Michael;07:38:41;15:49:45;220.354,-1153.815,-1153.815;True,Coupes,FELON,0,0;;;
Michael;07:38:42;15:49:45;220.354,-1153.815,-1153.815;True,Coupes,FELON,0,0;;;
Michael;07:38:42;15:49:46;220.354,-1153.815,-1153.815;True,Coupes,FELON,0,0;;;
Michael;07:38:43;15:49:46;220.354,-1153.815,-1153.815;True,Coupes,FELON,0,0;;;
Michael;07:38:43;15:49:47;220.354,-1153.815,-1153.815;True,Coupes,FELON,0,0;;;
Michael;07:38:44;15:49:47;220.354,-1153.815,-1153.815;True,Coupes,FELON,0,0;;;
Michael;07:38:44;15:49:48;220.354,-1153.815,-1153.815;True,Coupes,FELON,0,0;;;
Michael;07:38:45;15:49:48;220.354,-1153.815,-1153.815;True,Coupes,FELON,0,0;;;
Michael;07:38:45;15:49:49;220.354,-1153.815,-1153.815;True,Coupes,FELON,0,0;;;
Michael;07:38:46;15:49:49;220.354,-1153.815,-1153.815;True,Coupes,FELON,0,0;;;
Michael;07:38:46;15:49:50;220.3376,-1153.699,-1153.699;True,Coupes,FELON,0,9156561,1;;;
Michael;07:38:47;15:49:50;220.1285,-1152.558,-1152.558;True,Coupes,FELON,3,826439,1;;;
Michael;07:38:48;15:49:51;219.5546,-1149.217,-1149.217;True,Coupes,FELON,9,615253,1;;;
Michael;07:38:48;15:49:52;218.6156,-1143.485,-1143.485;True,Coupes,FELON,11,35738,1;;;
Michael;07:38:49;15:49:52;218.0481,-1137.344,-1137.344;True,Coupes,FELON,12,15663,1;;;
Michael;07:38:49;15:49:53;217.4739,-1130.683,-1130.683;True,Coupes,FELON,13,23824,1;;;
Michael;07:38:50;15:49:53;216.9805,-1123.186,-1123.186;True,Coupes,FELON,14,40645,0;;;
Michael;07:38:50;15:49:54;216.9091,-1115.37,-1115.37;True,Coupes,FELON,14,75037,0;;;
Michael;07:38:51;15:49:54;216.8904,-1107.809,-1107.809;True,Coupes,FELON,15,32901,1;;;
Michael;07:38:51;15:49:55;216.6709,-1099.75,-1099.75;True,Coupes,FELON,14,39411,0;;;
Michael;07:38:52;15:49:55;215.844,-1092.684,-1092.684;True,Coupes,FELON,12,64522,0;;;
Michael;07:38:52;15:49:56;214.8778,-1086.673,-1086.673;True,Coupes,FELON,10,72724,0;;;
Michael;07:38:53;15:49:56;213.8895,-1081.714,-1081.714;True,Coupes,FELON,8,335011,0;;;
Michael;07:38:53;15:49:57;213.4866,-1078.677,-1078.677;True,Coupes,FELON,3,189448,0;;;
Michael;07:38:54;15:49:57;213.4733,-1077.44,-1077.44;True,Coupes,FELON,1,473501,0;;;
Michael;07:38:54;15:49:58;213.6187,-1077.082,-1077.082;True,Coupes,FELON,0,7217841,1;;;
Michael;07:38:55;15:49:58;213.6251,-1076.274,-1076.274;True,Coupes,FELON,1,397699,0;;;
Michael;07:38:55;15:49:59;213.6707,-1075.747,-1075.747;True,Coupes,FELON,0,7343674,1;;;
Michael;07:38:56;15:49:59;213.6764,-1075.629,-1075.629;True,Coupes,FELON,0,5047743,1;;;
Michael;07:38:56;15:50:00;213.7915,-1075.157,-1075.157;True,Coupes,FELON,0,4492319,0;;;
Michael;07:38:57;15:50:00;213.7894,-1075.12,-1075.12;True,Coupes,FELON,0,1899008,1;;;
Michael;07:38:57;15:50:01;213.7758,-1074.968,-1074.968;True,Coupes,FELON,0,01569574,0;;;
Michael;07:38:58;15:50:01;213.806,-1074.529,-1074.529;True,Coupes,FELON,1,986934,1;;;
Michael;07:38:59;15:50:02;213.9053,-1073.037,-1073.037;True,Coupes,FELON,2,113371,0;;;
Michael;07:38:59;15:50:03;213.9131,-1072.908,-1072.908;True,Coupes,FELON,0,006951544,0;;;
Michael;07:39:00;15:50:03;213.913,-1072.908,-1072.908;True,Coupes,FELON,0,0;;;
Michael;07:39:00;15:50:04;213.913,-1072.908,-1072.908;True,Coupes,FELON,0,0;;;
Michael;07:39:01;15:50:04;213.913,-1072.908,-1072.908;True,Coupes,FELON,0,0;;;
Michael;07:39:01;15:50:05;213.913,-1072.908,-1072.908;True,Coupes,FELON,0,0;;;
Michael;07:39:02;15:50:05;213.913,-1072.908,-1072.908;True,Coupes,FELON,0,0;;;
Michael;07:39:02;15:50:06;213.913,-1072.908,-1072.908;True,Coupes,FELON,0,0;;;
Michael;07:39:03;15:50:06;213.913,-1072.908,-1072.908;True,Coupes,FELON,0,0;;;
Michael;07:39:03;15:50:07;213.913,-1072.908,-1072.908;True,Coupes,FELON,0,0;;;
Michael;07:39:04;15:50:07;213.913,-1072.908,-1072.908;True,Coupes,FELON,0,0;;;
Michael;07:39:04;15:50:08;213.913,-1072.908,-1072.908;True,Coupes,FELON,0,0;;;
Michael;07:39:05;15:50:08;213.913,-1072.908,-1072.908;True,Coupes,FELON,0,0;;;
Michael;07:39:05;15:50:09;213.913,-1072.908,-1072.908;True,Coupes,FELON,0,0;;;
Michael;07:39:06;15:50:09;213.913,-1072.908,-1072.908;True,Coupes,FELON,0,0;;;
Michael;07:39:06;15:50:10;213.913,-1072.908,-1072.908;True,Coupes,FELON,0,0;;;
Michael;07:39:07;15:50:10;213.913,-1072.908,-1072.908;True,Coupes,FELON,0,0;;;
Michael;07:39:07;15:50:11;213.913,-1072.908,-1072.908;True,Coupes,FELON,0,0;;;
Michael;07:39:08;15:50:11;213.913,-1072.908,-1072.908;True,Coupes,FELON,0,0;;;
Michael;07:39:08;15:50:12;213.913,-1072.908,-1072.908;True,Coupes,FELON,0,0;;;
Michael;07:39:09;15:50:13;213.913,-1072.908,-1072.908;True,Coupes,FELON,0,0;;;
Michael;07:39:10;15:50:13;213.913,-1072.908,-1072.908;True,Coupes,FELON,0,0;;;
Michael;07:39:10;15:50:14;213.913,-1072.908,-1072.908;True,Coupes,FELON,0,0;;;
Michael;07:39:11;15:50:14;213.913,-1072.908,-1072.908;True,Coupes,FELON,0,0;;;
Michael;07:39:11;15:50:15;213.913,-1072.908,-1072.908;True,Coupes,FELON,0,0;;;
Michael;07:39:12;15:50:15;213.913,-1072.908,-1072.908;True,Coupes,FELON,0,0;;;
Michael;07:39:12;15:50:16;213.913,-1072.908,-1072.908;True,Coupes,FELON,0,0;;;
Michael;07:39:13;15:50:16;213.913,-1072.908,-1072.908;True,Coupes,FELON,0,0;;;
Michael;07:39:13;15:50:17;213.913,-1072.908,-1072.908;True,Coupes,FELON,0,0;;;
Michael;07:39:14;15:50:17;213.913,-1072.908,-1072.908;True,Coupes,FELON,0,0;;;
Michael;07:39:14;15:50:18;213.913,-1072.908,-1072.908;True,Coupes,FELON,0,0;;;
Michael;07:39:15;15:50:18;213.913,-1072.908,-1072.908;True,Coupes,FELON,0,0;;;
Michael;07:39:15;15:50:19;213.913,-1072.908,-1072.908;True,Coupes,FELON,0,0;;;
Michael;07:39:16;15:50:19;213.913,-1072.908,-1072.908;True,Coupes,FELON,0,0;;;
Michael;07:39:16;15:50:20;213.913,-1072.908,-1072.908;True,Coupes,FELON,0,0;;;
Michael;07:39:17;15:50:20;213.913,-1072.908,-1072.908;True,Coupes,FELON,0,0;;;
Michael;07:39:17;15:50:21;213.913,-1072.908,-1072.908;True,Coupes,FELON,0,0;;;
Michael;07:39:18;15:50:21;213.913,-1072.908,-1072.908;True,Coupes,FELON,0,0;;;
Michael;07:39:18;15:50:22;213.913,-1072.908,-1072.908;True,Coupes,FELON,0,0;;;
Michael;07:39:19;15:50:22;213.913,-1072.908,-1072.908;True,Coupes,FELON,0,0;;;
Michael;07:39:19;15:50:23;213.913,-1072.908,-1072.908;True,Coupes,FELON,0,0;;;
Michael;07:39:20;15:50:23;213.913,-1072.908,-1072.908;True,Coupes,FELON,0,0;;;
Michael;07:39:21;15:50:24;213.913,-1072.908,-1072.908;True,Coupes,FELON,0,0;;;
Michael;07:39:21;15:50:25;213.913,-1072.908,-1072.908;True,Coupes,FELON,0,0;;;
Michael;07:39:22;15:50:25;213.913,-1072.908,-1072.908;True,Coupes,FELON,0,0;;;
Michael;07:39:22;15:50:26;213.913,-1072.908,-1072.908;True,Coupes,FELON,0,0;;;
Michael;07:39:23;15:50:26;213.913,-1072.908,-1072.908;True,Coupes,FELON,0,0;;;
Michael;07:39:23;15:50:27;213.913,-1072.908,-1072.908;True,Coupes,FELON,0,0;;;
Michael;07:39:24;15:50:27;213.913,-1072.908,-1072.908;True,Coupes,FELON,0,0;;;
Michael;07:39:24;15:50:28;213.913,-1072.908,-1072.908;True,Coupes,FELON,0,0;;;
Michael;07:39:25;15:50:28;213.913,-1072.908,-1072.908;True,Coupes,FELON,0,0;;;
Michael;07:39:25;15:50:29;213.913,-1072.908,-1072.908;True,Coupes,FELON,0,0;;;
Michael;07:39:26;15:50:29;213.913,-1072.908,-1072.908;True,Coupes,FELON,0,0;;;
Michael;07:39:26;15:50:30;213.913,-1072.908,-1072.908;True,Coupes,FELON,0,0;;;
Michael;07:39:27;15:50:30;213.913,-1072.908,-1072.908;True,Coupes,FELON,0,0;;;
Michael;07:39:27;15:50:31;213.913,-1072.908,-1072.908;True,Coupes,FELON,0,0;;;
Michael;07:39:28;15:50:31;213.913,-1072.908,-1072.908;True,Coupes,FELON,0,0;;;
Michael;07:39:28;15:50:32;213.913,-1072.908,-1072.908;True,Coupes,FELON,0,0;;;
Michael;07:39:29;15:50:32;213.913,-1072.908,-1072.908;True,Coupes,FELON,0,0;;;
Michael;07:39:29;15:50:33;213.913,-1072.908,-1072.908;True,Coupes,FELON,0,0;;;
Michael;07:39:30;15:50:33;213.913,-1072.908,-1072.908;True,Coupes,FELON,0,0;;;
Michael;07:39:30;15:50:34;213.913,-1072.908,-1072.908;True,Coupes,FELON,0,0;;;
Michael;07:39:31;15:50:34;213.913,-1072.908,-1072.908;True,Coupes,FELON,0,0;;;
Michael;07:39:32;15:50:35;213.913,-1072.908,-1072.908;True,Coupes,FELON,0,0;;;
Michael;07:39:32;15:50:36;213.913,-1072.908,-1072.908;True,Coupes,FELON,0,0;;;
Michael;07:39:33;15:50:36;213.913,-1072.908,-1072.908;True,Coupes,FELON,0,0;;;
Michael;07:39:33;15:50:37;213.913,-1072.908,-1072.908;True,Coupes,FELON,0,0;;;
Michael;07:39:34;15:50:37;213.913,-1072.908,-1072.908;True,Coupes,FELON,0,0;;;
Michael;07:39:34;15:50:38;213.913,-1072.908,-1072.908;True,Coupes,FELON,0,0;;;
Michael;07:39:35;15:50:38;213.913,-1072.908,-1072.908;True,Coupes,FELON,0,0;;;
Michael;07:39:35;15:50:39;213.913,-1072.908,-1072.908;True,Coupes,FELON,0,0;;;
Michael;07:39:36;15:50:39;213.913,-1072.908,-1072.908;True,Coupes,FELON,0,0;;;
Michael;07:39:36;15:50:40;213.9139,-1072.894,-1072.894;True,Coupes,FELON,0,2441826,1;;;
Michael;07:39:37;15:50:40;213.9668,-1072.116,-1072.116;True,Coupes,FELON,2,829145,1;;;
Michael;07:39:37;15:50:41;214.1423,-1069.548,-1069.548;True,Coupes,FELON,7,325697,1;;;
Michael;07:39:38;15:50:41;214.9197,-1065.125,-1065.125;True,Coupes,FELON,8,859455,1;;;
Michael;07:39:38;15:50:42;216.0655,-1060.166,-1060.166;True,Coupes,FELON,10,0407,1;;;
Michael;07:39:39;15:50:42;216.5646,-1054.77,-1054.77;True,Coupes,FELON,10,57515,0;;;
Michael;07:39:39;15:50:43;215.701,-1049.419,-1049.419;True,Coupes,FELON,11,38328,1;;;
Michael;07:39:40;15:50:43;213.9198,-1043.864,-1043.864;True,Coupes,FELON,11,03022,1;;;
Michael;07:39:40;15:50:44;211.3915,-1038.937,-1038.937;True,Coupes,FELON,11,12741,1;;;
Michael;07:39:41;15:50:44;207.9804,-1033.428,-1033.428;True,Coupes,FELON,13,28329,1;;;
Michael;07:39:41;15:50:45;202.7916,-1029.041,-1029.041;True,Coupes,FELON,13,76899,1;;;
Michael;07:39:42;15:50:46;196.0754,-1024.96,-1024.96;True,Coupes,FELON,14,8441,0;;;
Michael;07:39:43;15:50:46;189.0829,-1021.444,-1021.444;True,Coupes,FELON,14,46487,0;;;
Michael;07:39:43;15:50:47;182.7162,-1018.413,-1018.413;True,Coupes,FELON,12,69689,0;;;
Michael;07:39:44;15:50:47;176.9522,-1016.898,-1016.898;True,Coupes,FELON,10,6448,1;;;
Michael;07:39:44;15:50:48;170.9205,-1015.678,-1015.678;True,Coupes,FELON,12,92382,1;;;
Michael;07:39:45;15:50:48;164.5271,-1013.695,-1013.695;True,Coupes,FELON,12,10232,0;;;
Michael;07:39:45;15:50:49;158.6833,-1011.822,-1011.822;True,Coupes,FELON,12,05591,1;;;
Michael;07:39:46;15:50:49;152.2036,-1009.745,-1009.745;True,Coupes,FELON,13,32341,0;;;
Michael;07:39:46;15:50:50;146.2124,-1007.366,-1007.366;True,Coupes,FELON,11,25578,0;;;
Michael;07:39:47;15:50:50;142.0484,-1006.084,-1006.084;True,Coupes,FELON,3,334322,0;;;
Michael;07:39:47;15:50:51;140.7943,-1005.667,-1005.667;True,Coupes,FELON,1,916552,1;;;
Michael;07:39:48;15:50:51;139.3294,-1005.011,-1005.011;True,Coupes,FELON,4,863982,1;;;
Michael;07:39:48;15:50:52;135.7844,-1003.81,-1003.81;True,Coupes,FELON,8,214471,0;;;
Michael;07:39:49;15:50:52;132.1034,-1002.712,-1002.712;True,Coupes,FELON,6,404666,0;;;
Michael;07:39:49;15:50:53;128.0914,-1001.288,-1001.288;True,Coupes,FELON,10,15579,1;;;
Michael;07:39:50;15:50:53;123.2501,-999.563,-999.563;True,Coupes,FELON,10,06732,1;;;
Michael;07:39:50;15:50:54;117.8456,-997.6337,-997.6337;True,Coupes,FELON,10,45353,0;;;
Michael;07:39:51;15:50:54;113.0587,-995.9437,-995.9437;True,Coupes,FELON,8,81372,0;;;
Michael;07:39:51;15:50:55;109.1336,-994.5525,-994.5525;True,Coupes,FELON,7,161914,0;;;
Michael;07:39:52;15:50:55;105.2687,-993.1812,-993.1812;True,Coupes,FELON,7,70063,0;;;
Michael;07:39:52;15:50:56;100.5559,-991.514,-991.514;True,Coupes,FELON,11,89189,1;;;
Michael;07:39:53;15:50:57;94.88818,-989.5323,-989.5323;True,Coupes,FELON,12,11806,1;;;
Michael;07:39:54;15:50:57;88.15388,-987.1375,-987.1375;True,Coupes,FELON,14,76911,1;;;
Michael;07:39:54;15:50:58;80.39276,-983.7575,-983.7575;True,Coupes,FELON,17,52161,1;;;
Michael;07:39:55;15:50:58;71.94863,-979.9273,-979.9273;True,Coupes,FELON,17,20643,0;;;
Michael;07:39:55;15:50:59;62.92701,-975.9185,-975.9185;True,Coupes,FELON,19,37398,0;;;
Michael;07:39:56;15:50:59;54.05233,-972.0651,-972.0651;True,Coupes,FELON,17,5062,0;;;
Michael;07:39:56;15:51:00;46.06518,-968.5787,-968.5787;True,Coupes,FELON,15,69556,0;;;
Michael;07:39:57;15:51:00;38.91528,-965.4382,-965.4382;True,Coupes,FELON,13,89639,0;;;
Michael;07:39:57;15:51:01;32.69347,-962.6895,-962.6895;True,Coupes,FELON,12,7607,1;;;
Michael;07:39:58;15:51:01;25.9074,-959.6794,-959.6794;True,Coupes,FELON,15,24319,1;;;
Michael;07:39:58;15:51:02;17.8621,-956.7294,-956.7294;True,Coupes,FELON,15,91086,0;;;
Michael;07:39:59;15:51:02;10.71165,-953.6668,-953.6668;True,Coupes,FELON,14,08008,0;;;
Michael;07:39:59;15:51:03;4.222017,-951.3111,-951.3111;True,Coupes,FELON,12,21072,0;;;
Michael;07:40:00;15:51:03;-1.263016,-949.2965,-949.2965;True,Coupes,FELON,9,574727,0;;;
Michael;07:40:00;15:51:04;-4.336373,-948.129,-948.129;True,Coupes,FELON,3,39482,0;;;
Michael;07:40:01;15:51:04;-4.579353,-948.023,-948.023;True,Coupes,FELON,0,07887056,0;;;
Michael;07:40:01;15:51:05;-4.574438,-948.0219,-948.0219;True,Coupes,FELON,0,0;;;
Michael;07:40:02;15:51:05;-4.574438,-948.0219,-948.0219;True,Coupes,FELON,0,0;;;
Michael;07:40:02;15:51:06;-4.574438,-948.0219,-948.0219;True,Coupes,FELON,0,0;;;
Michael;07:40:03;15:51:06;-4.574438,-948.0219,-948.0219;True,Coupes,FELON,0,0;;;
Michael;07:40:04;15:51:07;-4.574438,-948.0219,-948.0219;True,Coupes,FELON,0,0;;;
Michael;07:40:04;15:51:08;-4.574438,-948.0219,-948.0219;True,Coupes,FELON,0,0;;;
Michael;07:40:05;15:51:08;-4.574438,-948.0219,-948.0219;True,Coupes,FELON,0,0;;;
Michael;07:40:05;15:51:09;-4.574438,-948.0219,-948.0219;True,Coupes,FELON,0,0;;;
Michael;07:40:06;15:51:09;-4.574438,-948.0219,-948.0219;True,Coupes,FELON,0,0;;;
Michael;07:40:06;15:51:10;-4.574438,-948.0219,-948.0219;True,Coupes,FELON,0,0;;;
Michael;07:40:07;15:51:10;-4.574438,-948.0219,-948.0219;True,Coupes,FELON,0,0;;;
Michael;07:40:07;15:51:11;-4.574438,-948.0219,-948.0219;True,Coupes,FELON,0,0;;;
Michael;07:40:08;15:51:11;-4.574438,-948.0219,-948.0219;True,Coupes,FELON,0,0;;;
Michael;07:40:08;15:51:12;-4.574438,-948.0219,-948.0219;True,Coupes,FELON,0,0;;;
Michael;07:40:09;15:51:12;-4.574438,-948.0219,-948.0219;True,Coupes,FELON,0,0;;;
Michael;07:40:09;15:51:13;-4.574438,-948.0219,-948.0219;True,Coupes,FELON,0,0;;;
Michael;07:40:10;15:51:13;-4.574438,-948.0219,-948.0219;True,Coupes,FELON,0,0;;;
Michael;07:40:10;15:51:14;-4.574438,-948.0219,-948.0219;True,Coupes,FELON,0,0;;;
Michael;07:40:11;15:51:14;-4.574438,-948.0219,-948.0219;True,Coupes,FELON,0,0;;;
Michael;07:40:11;15:51:15;-4.574438,-948.0219,-948.0219;True,Coupes,FELON,0,0;;;
Michael;07:40:12;15:51:15;-4.574438,-948.0219,-948.0219;True,Coupes,FELON,0,0;;;
Michael;07:40:12;15:51:16;-4.574438,-948.0219,-948.0219;True,Coupes,FELON,0,0;;;
Michael;07:40:13;15:51:16;-4.574438,-948.0219,-948.0219;True,Coupes,FELON,0,0;;;
Michael;07:40:13;15:51:17;-4.574438,-948.0219,-948.0219;True,Coupes,FELON,0,0;;;
Michael;07:40:14;15:51:17;-4.574438,-948.0219,-948.0219;True,Coupes,FELON,0,0;;;
Michael;07:40:15;15:51:18;-4.574438,-948.0219,-948.0219;True,Coupes,FELON,0,0;;;
Michael;07:40:15;15:51:19;-4.574438,-948.0219,-948.0219;True,Coupes,FELON,0,0;;;
Michael;07:40:16;15:51:19;-4.574438,-948.0219,-948.0219;True,Coupes,FELON,0,0;;;
Michael;07:40:16;15:51:20;-4.574438,-948.0219,-948.0219;True,Coupes,FELON,0,0;;;
Michael;07:40:17;15:51:20;-4.574438,-948.0219,-948.0219;True,Coupes,FELON,0,0;;;
Michael;07:40:17;15:51:21;-4.574438,-948.0219,-948.0219;True,Coupes,FELON,0,0;;;
Michael;07:40:18;15:51:21;-4.574438,-948.0219,-948.0219;True,Coupes,FELON,0,0;;;
Michael;07:40:18;15:51:22;-4.574438,-948.0219,-948.0219;True,Coupes,FELON,0,0;;;
Michael;07:40:19;15:51:22;-4.574438,-948.0219,-948.0219;True,Coupes,FELON,0,0;;;
Michael;07:40:19;15:51:23;-4.574438,-948.0219,-948.0219;True,Coupes,FELON,0,0;;;
Michael;07:40:20;15:51:23;-4.574438,-948.0219,-948.0219;True,Coupes,FELON,0,0;;;
Michael;07:40:20;15:51:24;-4.574438,-948.0219,-948.0219;True,Coupes,FELON,0,0;;;
Michael;07:40:21;15:51:24;-4.574438,-948.0219,-948.0219;True,Coupes,FELON,0,0;;;
Michael;07:40:21;15:51:25;-4.574438,-948.0219,-948.0219;True,Coupes,FELON,0,0;;;
Michael;07:40:22;15:51:25;-4.574438,-948.0219,-948.0219;True,Coupes,FELON,0,0;;;
Michael;07:40:22;15:51:26;-4.574438,-948.0219,-948.0219;True,Coupes,FELON,0,0;;;
Michael;07:40:23;15:51:26;-4.574438,-948.0219,-948.0219;True,Coupes,FELON,0,0;;;
Michael;07:40:23;15:51:27;-4.574438,-948.0219,-948.0219;True,Coupes,FELON,0,0;;;
Michael;07:40:24;15:51:27;-4.574438,-948.0219,-948.0219;True,Coupes,FELON,0,0;;;
Michael;07:40:25;15:51:28;-4.574438,-948.0219,-948.0219;True,Coupes,FELON,0,0;;;
Michael;07:40:25;15:51:29;-4.574438,-948.0219,-948.0219;True,Coupes,FELON,0,0;;;
Michael;07:40:26;15:51:29;-4.574438,-948.0219,-948.0219;True,Coupes,FELON,0,0;;;
Michael;07:40:26;15:51:30;-4.574438,-948.0219,-948.0219;True,Coupes,FELON,0,0;;;
Michael;07:40:27;15:51:30;-4.574438,-948.0219,-948.0219;True,Coupes,FELON,0,0;;;
Michael;07:40:27;15:51:31;-4.574438,-948.0219,-948.0219;True,Coupes,FELON,0,0;;;
Michael;07:40:28;15:51:31;-4.574438,-948.0219,-948.0219;True,Coupes,FELON,0,0;;;
Michael;07:40:28;15:51:32;-4.574438,-948.0219,-948.0219;True,Coupes,FELON,0,0;;;
Michael;07:40:29;15:51:32;-4.574438,-948.0219,-948.0219;True,Coupes,FELON,0,0;;;
Michael;07:40:29;15:51:33;-4.574438,-948.0219,-948.0219;True,Coupes,FELON,0,0;;;
Michael;07:40:30;15:51:33;-4.574438,-948.0219,-948.0219;True,Coupes,FELON,0,0;;;
Michael;07:40:30;15:51:34;-4.574438,-948.0219,-948.0219;True,Coupes,FELON,0,0;;;
Michael;07:40:31;15:51:34;-4.574438,-948.0219,-948.0219;True,Coupes,FELON,0,0;;;
Michael;07:40:31;15:51:35;-4.574438,-948.0219,-948.0219;True,Coupes,FELON,0,0;;;
Michael;07:40:32;15:51:35;-4.574438,-948.0219,-948.0219;True,Coupes,FELON,0,0;;;
Michael;07:40:32;15:51:36;-4.574438,-948.0219,-948.0219;True,Coupes,FELON,0,0;;;
Michael;07:40:33;15:51:36;-4.574438,-948.0219,-948.0219;True,Coupes,FELON,0,0;;;
Michael;07:40:33;15:51:37;-4.574438,-948.0219,-948.0219;True,Coupes,FELON,0,0;;;
Michael;07:40:34;15:51:37;-4.574438,-948.0219,-948.0219;True,Coupes,FELON,0,0;;;
Michael;07:40:34;15:51:38;-4.574438,-948.0219,-948.0219;True,Coupes,FELON,0,0;;;
Michael;07:40:35;15:51:38;-4.574438,-948.0219,-948.0219;True,Coupes,FELON,0,0;;;
Michael;07:40:36;15:51:39;-4.574438,-948.0219,-948.0219;True,Coupes,FELON,0,0;;;
Michael;07:40:36;15:51:40;-4.574438,-948.0219,-948.0219;True,Coupes,FELON,0,0;;;
Michael;07:40:37;15:51:40;-4.574438,-948.0219,-948.0219;True,Coupes,FELON,0,0;;;
Michael;07:40:37;15:51:41;-4.574438,-948.0219,-948.0219;True,Coupes,FELON,0,0;;;
Michael;07:40:38;15:51:41;-4.574438,-948.0219,-948.0219;True,Coupes,FELON,0,0;;;
Michael;07:40:38;15:51:42;-4.574438,-948.0219,-948.0219;True,Coupes,FELON,0,0;;;
Michael;07:40:39;15:51:42;-4.574438,-948.0219,-948.0219;True,Coupes,FELON,0,0;;;
Michael;07:40:39;15:51:43;-4.574438,-948.0219,-948.0219;True,Coupes,FELON,0,0;;;
Michael;07:40:40;15:51:43;-4.574438,-948.0219,-948.0219;True,Coupes,FELON,0,0;;;
Michael;07:40:40;15:51:44;-4.574438,-948.0219,-948.0219;True,Coupes,FELON,0,0;;;
Michael;07:40:41;15:51:44;-4.574438,-948.0219,-948.0219;True,Coupes,FELON,0,0;;;
Michael;07:40:41;15:51:45;-4.574438,-948.0219,-948.0219;True,Coupes,FELON,0,0;;;
Michael;07:40:42;15:51:45;-4.574438,-948.0219,-948.0219;True,Coupes,FELON,0,0;;;
Michael;07:40:42;15:51:46;-4.574438,-948.0219,-948.0219;True,Coupes,FELON,0,0;;;
Michael;07:40:43;15:51:46;-4.574438,-948.0219,-948.0219;True,Coupes,FELON,0,0;;;
Michael;07:40:43;15:51:47;-4.574438,-948.0219,-948.0219;True,Coupes,FELON,0,0;;;
Michael;07:40:44;15:51:47;-4.574438,-948.0219,-948.0219;True,Coupes,FELON,0,0;;;
Michael;07:40:44;15:51:48;-4.574438,-948.0219,-948.0219;True,Coupes,FELON,0,0;;;
Michael;07:40:45;15:51:48;-4.574438,-948.0219,-948.0219;True,Coupes,FELON,0,0;;;
Michael;07:40:45;15:51:49;-4.700663,-947.9695,-947.9695;True,Coupes,FELON,1,000945,1;;;
Michael;07:40:46;15:51:49;-5.731137,-947.3964,-947.3964;True,Coupes,FELON,3,834559,1;;;
Michael;07:40:47;15:51:50;-8.606019,-945.8304,-945.8304;True,Coupes,FELON,8,786115,1;;;
Michael;07:40:47;15:51:51;-12.15904,-941.5198,-941.5198;True,Coupes,FELON,10,91603,0;;;
Michael;07:40:48;15:51:51;-14.01571,-935.5876,-935.5876;True,Coupes,FELON,13,2585,1;;;
Michael;07:40:48;15:51:52;-13.86417,-929.1092,-929.1092;True,Coupes,FELON,11,50845,0;;;
Michael;07:40:49;15:51:52;-12.10979,-923.819,-923.819;True,Coupes,FELON,9,722837,0;;;
Michael;07:40:49;15:51:53;-10.12578,-919.6315,-919.6315;True,Coupes,FELON,8,947834,1;;;
Michael;07:40:50;15:51:53;-7.406981,-914.6122,-914.6122;True,Coupes,FELON,11,31499,0;;;
Michael;07:40:50;15:51:54;-4.793442,-908.9076,-908.9076;True,Coupes,FELON,12,99909,1;;;
Michael;07:40:51;15:51:54;-1.951175,-902.0595,-902.0595;True,Coupes,FELON,15,17513,1;;;
Michael;07:40:51;15:51:55;1.203987,-894.2874,-894.2874;True,Coupes,FELON,17,23727,1;;;
Michael;07:40:52;15:51:55;4.862175,-885.3438,-885.3438;True,Coupes,FELON,19,41676,1;;;
Michael;07:40:52;15:51:56;8.318758,-875.2698,-875.2698;True,Coupes,FELON,21,06931,1;;;
Michael;07:40:53;15:51:56;11.03954,-864.3713,-864.3713;True,Coupes,FELON,22,43897,1;;;
Michael;07:40:53;15:51:57;14.05074,-852.9028,-852.9028;True,Coupes,FELON,22,34986,0;;;
Michael;07:40:54;15:51:57;18.30682,-842.4952,-842.4952;True,Coupes,FELON,20,99967,0;;;
Michael;07:40:54;15:51:58;21.86731,-832.5656,-832.5656;True,Coupes,FELON,20,53081,1;;;
Michael;07:40:55;15:51:58;26.05058,-822.961,-822.961;True,Coupes,FELON,19,965,1;;;
Michael;07:40:55;15:51:59;30.15895,-813.9843,-813.9843;True,Coupes,FELON,17,61111,0;;;
Michael;07:40:56;15:51:59;33.45416,-805.6974,-805.6974;True,Coupes,FELON,16,87227,0;;;
Michael;07:40:56;15:52:00;36.21461,-797.1669,-797.1669;True,Coupes,FELON,18,59405,1;;;
Michael;07:40:57;15:52:01;39.80591,-786.7228,-786.7228;True,Coupes,FELON,22,8401,1;;;
Michael;07:40:58;15:52:01;43.77201,-775.6419,-775.6419;True,Coupes,FELON,21,50791,0;;;
Michael;07:40:58;15:52:02;47.37754,-765.7332,-765.7332;True,Coupes,FELON,16,09878,0;;;
Michael;07:40:59;15:52:02;50.14948,-758.2511,-758.2511;True,Coupes,FELON,14,30661,0;;;
Michael;07:40:59;15:52:03;53.88386,-752.8249,-752.8249;True,Coupes,FELON,10,11507,0;;;
Michael;07:41:00;15:52:03;56.17765,-750.8839,-750.8839;True,Coupes,FELON,3,290302,0;;;
Michael;07:41:00;15:52:04;57.20332,-749.9949,-749.9949;True,Coupes,FELON,2,294553,1;;;
Michael;07:41:01;15:52:04;57.90516,-749.1396,-749.1396;True,Coupes,FELON,1,412935,0;;;
Michael;07:41:01;15:52:05;58.32324,-748.4781,-748.4781;True,Coupes,FELON,1,010421,0;;;
Michael;07:41:02;15:52:05;58.42055,-748.3297,-748.3297;True,Coupes,FELON,0,04145616,0;;;
Michael;07:41:02;15:52:06;58.41327,-748.3295,-748.3295;True,Coupes,FELON,0,05351296,0;;;
Michael;07:41:03;15:52:06;57.26388,-747.6288,-747.6288;;;;
Michael;07:41:03;15:52:07;57.11655,-747.9459,-747.9459;;;;
Michael;07:41:04;15:52:07;56.53151,-747.9887,-747.9887;;;;
Michael;07:41:04;15:52:08;54.61364,-749.0064,-749.0064;;;;
Michael;07:41:05;15:52:08;56.16876,-751.4081,-751.4081;;;;
Michael;07:41:05;15:52:09;69.58433,-748.8962,-748.8962;;;;
Michael;07:41:06;15:52:09;70.4453,-748.8357,-748.8357;;;;
Michael;07:41:06;15:52:10;71.32021,-748.776,-748.776;;;;
Michael;07:41:07;15:52:10;72.22981,-748.7219,-748.7219;;;;
Michael;07:41:08;15:52:11;73.12074,-748.6701,-748.6701;;;;
Michael;07:41:08;15:52:12;74.01276,-748.6182,-748.6182;;;;
Michael;07:41:09;15:52:12;74.91397,-748.5659,-748.5659;;;;
Michael;07:41:09;15:52:13;75.84925,-748.5118,-748.5118;;;;
Michael;07:41:10;15:52:13;76.72997,-748.4609,-748.4609;;;;
Michael;07:41:10;15:52:14;77.61028,-748.4101,-748.4101;;;;
Michael;07:41:11;15:52:14;78.49384,-748.357,-748.357;;;;
Michael;07:41:11;15:52:15;79.34952,-748.2988,-748.2988;;;;
Michael;07:41:12;15:52:15;80.21832,-748.2414,-748.2414;;;;
Michael;07:41:12;15:52:16;81.12538,-748.19,-748.19;;;;
Michael;07:41:13;15:52:16;82.0204,-748.1412,-748.1412;;;;
Michael;07:41:13;15:52:17;82.90098,-748.0934,-748.0934;;;;
Michael;07:41:14;15:52:17;83.78271,-748.0456,-748.0456;;;;
Michael;07:41:14;15:52:18;122.021,-692.2114,-692.2114;;;;
Michael;07:41:14;15:52:18;122.021,-692.2114,-692.2114;;;;
Michael;07:45:44;15:52:19;122.021,-692.2114,-692.2114;;;;
Michael;07:56:20;15:52:19;122.021,-692.2114,-692.2114;;;;
Michael;08:08:48;15:52:20;122.021,-692.2114,-692.2114;;;;
Michael;08:22:08;15:52:20;122.021,-692.2114,-692.2114;;;;
Michael;08:35:14;15:52:21;122.021,-692.2114,-692.2114;;;;
Michael;08:47:21;15:52:21;122.021,-692.2114,-692.2114;;;;
Michael;08:57:36;15:52:22;122.021,-692.2114,-692.2114;;;;
Michael;09:00:00;15:52:22;122.021,-692.2114,-692.2114;;;;
Michael;09:00:01;15:52:23;122.021,-692.2114,-692.2114;;;;
Michael;09:00:01;15:52:24;122.021,-692.2114,-692.2114;;;;
Michael;09:00:01;15:52:24;122.3635,-692.0546,-692.0546;;;;
Michael;09:00:01;15:52:25;123.2113,-691.6666,-691.6666;;;;
Michael;09:00:02;15:52:25;124.0271,-691.293,-691.293;;;;
Michael;09:00:02;15:52:26;124.6627,-690.9758,-690.9758;;;;
Michael;09:00:03;15:52:26;125.0213,-690.781,-690.781;;;;
Michael;09:00:03;15:52:27;125.5717,-690.5668,-690.5668;;;;
Michael;09:00:04;15:52:27;126.3743,-690.1931,-690.1931;;;;
Michael;09:00:04;15:52:28;128.1839,-689.321,-689.321;;;;
Michael;09:00:05;15:52:28;130.4798,-688.1159,-688.1159;;;;
Michael;09:00:05;15:52:29;133.4056,-686.3164,-686.3164;;;;
Michael;09:00:06;15:52:29;136.5206,-684.881,-684.881;;;;
Michael;09:00:06;15:52:30;139.0195,-683.966,-683.966;;;;
Michael;09:00:07;15:52:30;140.2665,-683.4693,-683.4693;;;;
Michael;09:00:07;15:52:31;141.1614,-683.3273,-683.3273;;;;
Michael;09:00:08;15:52:31;141.9821,-682.9503,-682.9503;;;;
Michael;09:00:08;15:52:32;142.7146,-682.4411,-682.4411;;;;
Michael;09:00:09;15:52:32;143.5114,-682.0309,-682.0309;;;;
Michael;09:00:09;15:52:33;144.2735,-681.5457,-681.5457;;Hey, Michael.;DAVE;FBI2_GPAA
Michael;09:00:10;15:52:34;145.0046,-681.0182,-681.0182;;David.;MICHAEL;FBI2_GPAB
Michael;09:00:11;15:52:34;145.7178,-680.497,-680.497;;;;
Michael;09:00:11;15:52:35;146.2863,-679.8093,-679.8093;;;;
Michael;09:00:12;15:52:35;148.5461,-679.1104,-679.1104;;Well, isn't this nice?;Cutscene;Cutscene
Michael;09:00:12;15:52:36;148.6145,-678.9417,-678.9417;;;;
Michael;09:00:13;15:52:36;148.7752,-678.7686,-678.7686;;You didn't tell me we were double dating.;Cutscene;Cutscene
Michael;09:00:13;15:52:37;148.8408,-678.6652,-678.6652;;;;
Michael;09:00:14;15:52:37;148.7414,-678.6091,-678.6091;;;;
Michael;09:00:14;15:52:38;148.7065,-678.604,-678.604;;;;
Michael;09:00:15;15:52:38;148.7841,-678.5505,-678.5505;;;;
Michael;09:00:15;15:52:39;148.8676,-678.5281,-678.5281;;Sorry, guys, this burning hunk of love is all mine.;Cutscene;Cutscene
Michael;09:00:16;15:52:39;148.7042,-678.5676,-678.5676;;;;
Michael;09:00:16;15:52:40;148.7254,-678.5406,-678.5406;;;;
Michael;09:00:17;15:52:40;148.7236,-678.5239,-678.5239;;;;
Michael;09:00:17;15:52:41;148.5477,-678.6459,-678.6459;;;;
Michael;09:00:18;15:52:41;148.3749,-678.754,-678.754;;;;
Michael;09:00:18;15:52:42;148.3694,-678.8147,-678.8147;;;;
Michael;09:00:19;15:52:42;148.4375,-678.7656,-678.7656;;;;
Michael;09:00:19;15:52:43;148.524,-678.7094,-678.7094;;Brilliant.;Cutscene;Cutscene
Michael;09:00:20;15:52:43;148.7924,-678.4952,-678.4952;;Steve Haines, amigo,;Cutscene;Cutscene
Michael;09:00:20;15:52:44;148.7921,-678.4963,-678.4963;;;;
Michael;09:00:21;15:52:45;148.7972,-678.4971,-678.4971;;but you probably knew that already.;Cutscene;Cutscene
Michael;09:00:22;15:52:45;148.805,-678.4926,-678.4926;;;;
Michael;09:00:22;15:52:46;148.7996,-678.4955,-678.4955;;;;
Michael;09:00:23;15:52:46;148.8028,-678.4935,-678.4935;;Sorry, your name tag must have fallen off.;Cutscene;Cutscene
Michael;09:00:23;15:52:47;148.8042,-678.4915,-678.4915;;;;
Michael;09:00:24;15:52:47;148.8017,-678.4893,-678.4893;;;;
Michael;09:00:24;15:52:48;148.802,-678.4843,-678.4843;;;;
Michael;09:00:25;15:52:48;148.8066,-678.4958,-678.4958;;;;
Michael;09:00:25;15:52:49;148.8079,-678.4898,-678.4898;;Cold!;Cutscene;Cutscene
Michael;09:00:26;15:52:49;148.8034,-678.4846,-678.4846;;;;
Michael;09:00:26;15:52:50;148.804,-678.4827,-678.4827;;;;
Michael;09:00:27;15:52:50;148.8039,-678.4871,-678.4871;;;;
Michael;09:00:27;15:52:51;148.804,-678.4905,-678.4905;;I love it.;Cutscene;Cutscene
Michael;09:00:28;15:52:51;148.8047,-678.4941,-678.4941;;;;
Michael;09:00:28;15:52:52;148.8052,-678.4905,-678.4905;;I-I gotta remember to write that down...;Cutscene;Cutscene
Michael;09:00:29;15:52:52;148.8049,-678.4905,-678.4905;;;;
Michael;09:00:29;15:52:53;148.805,-678.4906,-678.4906;;;;
Michael;09:00:30;15:52:53;148.8045,-678.4907,-678.4907;;;;
Michael;09:00:30;15:52:54;148.8021,-678.4884,-678.4884;;and to shoot you in your head, you annoying dick.;Cutscene;Cutscene
Michael;09:00:31;15:52:54;148.8021,-678.4865,-678.4865;;;;
Michael;09:00:32;15:52:55;148.8006,-678.4859,-678.4859;;;;
Michael;09:00:32;15:52:56;148.7955,-678.4905,-678.4905;;;;
Michael;09:00:33;15:52:56;148.7959,-678.4887,-678.4887;;;;
Michael;09:00:33;15:52:57;148.7965,-678.484,-678.484;;Andreas,;Cutscene;Cutscene
Michael;09:00:34;15:52:57;148.7952,-678.4837,-678.4837;;;;
Michael;09:00:34;15:52:58;148.7988,-678.4882,-678.4882;;taking notes?;Cutscene;Cutscene
Michael;09:00:35;15:52:58;148.8027,-678.4879,-678.4879;;;;
Michael;09:00:35;15:52:59;148.8018,-678.4869,-678.4869;;This stuff, whoa,;Cutscene;Cutscene
Michael;09:00:36;15:52:59;148.8016,-678.4869,-678.4869;;;;
Michael;09:00:36;15:53:00;148.8011,-678.4921,-678.4921;;;;
Michael;09:00:37;15:53:00;148.8043,-678.4934,-678.4934;;;;
Michael;09:00:37;15:53:01;148.8026,-678.4918,-678.4918;;pure magic!;Cutscene;Cutscene
Michael;09:00:38;15:53:01;148.8011,-678.4858,-678.4858;;;;
Michael;09:00:38;15:53:02;148.8002,-678.4843,-678.4843;;;;
Michael;09:00:39;15:53:02;148.8302,-678.5059,-678.5059;;They should put it on my show.;Cutscene;Cutscene
Michael;09:00:39;15:53:03;148.723,-678.5189,-678.5189;;;;
Michael;09:00:40;15:53:03;148.6441,-678.5598,-678.5598;;;;
Michael;09:00:40;15:53:04;148.6225,-678.5844,-678.5844;;;;
Michael;09:00:41;15:53:04;148.6717,-678.5475,-678.5475;;;;
Michael;09:00:42;15:53:05;148.6774,-678.5233,-678.5233;;Have you seen my show?;Cutscene;Cutscene
Michael;09:00:42;15:53:06;148.6835,-678.5344,-678.5344;;;;
Michael;09:00:43;15:53:06;148.6832,-678.528,-678.528;;;;
Michael;09:00:43;15:53:07;148.6948,-678.5203,-678.5203;;You mean "How to Dress like a Salesman on a Cheap Golf Weekend at a Third Rate Country Club"?;Cutscene;Cutscene
Michael;09:00:44;15:53:07;148.6767,-678.5217,-678.5217;;;;
Michael;09:00:44;15:53:08;148.6772,-678.5251,-678.5251;;;;
Michael;09:00:45;15:53:08;148.6787,-678.5247,-678.5247;;;;
Michael;09:00:45;15:53:09;148.6728,-678.5192,-678.5192;;;;
Michael;09:00:46;15:53:09;148.673,-678.5153,-678.5153;;;;
Michael;09:00:46;15:53:10;148.6734,-678.5193,-678.5193;;;;
Michael;09:00:47;15:53:10;148.678,-678.5245,-678.5245;;;;
Michael;09:00:47;15:53:11;148.6796,-678.5295,-678.5295;;;;
Michael;09:00:48;15:53:11;148.6818,-678.5303,-678.5303;;;;
Michael;09:00:48;15:53:12;148.6798,-678.5285,-678.5285;;;;
Michael;09:00:49;15:53:12;148.6781,-678.5233,-678.5233;;;;
Michael;09:00:49;15:53:13;148.677,-678.5223,-678.5223;;So...;Cutscene;Cutscene
Michael;09:00:50;15:53:13;148.7952,-678.5065,-678.5065;;;;
Michael;09:00:50;15:53:14;148.7967,-678.5055,-678.5055;;;;
Michael;09:00:51;15:53:14;148.7979,-678.5071,-678.5071;;;;
Michael;09:00:51;15:53:15;148.8004,-678.5187,-678.5187;;;;
Michael;09:00:52;15:53:15;148.72,-678.4705,-678.4705;;Well done with our...;Cutscene;Cutscene
Michael;09:00:53;15:53:16;148.455,-678.4768,-678.4768;;;;
Michael;09:00:53;15:53:17;148.2813,-678.4894,-678.4894;;;;
Michael;09:00:54;15:53:17;148.1573,-678.2733,-678.2733;;;;
Michael;09:00:54;15:53:18;148.2383,-677.8296,-677.8296;;our friend, Mr K.;Cutscene;Cutscene
Michael;09:00:55;15:53:18;148.3496,-677.7274,-677.7274;;;;
Michael;09:00:55;15:53:19;148.2979,-677.7448,-677.7448;;;;
Michael;09:00:56;15:53:19;148.4657,-677.7698,-677.7698;;My pleasure.;Cutscene;Cutscene
Michael;09:00:56;15:53:20;148.6219,-677.8242,-677.8242;;;;
Michael;09:00:57;15:53:20;148.6137,-677.795,-677.795;;;;
Michael;09:00:57;15:53:21;148.5895,-677.8143,-677.8143;;;;
Michael;09:00:58;15:53:21;148.6476,-677.9279,-677.9279;;I love helping our government wage war,;Cutscene;Cutscene
Michael;09:00:58;15:53:22;148.646,-677.9501,-677.9501;;;;
Michael;09:00:59;15:53:22;148.6088,-677.89,-677.89;;;;
Michael;09:00:59;15:53:23;148.602,-677.8959,-677.8959;;;;
Michael;09:01:00;15:53:23;148.6072,-677.9017,-677.9017;;especially with itself.;Cutscene;Cutscene
Michael;09:01:00;15:53:24;148.6065,-677.9016,-677.9016;;;;
Michael;09:01:01;15:53:24;148.6062,-677.9001,-677.9001;;But you made a mistake...;Cutscene;Cutscene
Michael;09:01:01;15:53:25;148.61,-677.8963,-677.8963;;;;
Michael;09:01:02;15:53:25;148.6021,-677.8903,-677.8903;;;;
Michael;09:01:03;15:53:26;148.601,-677.8882,-677.8882;;Did I, cupcake?;Cutscene;Cutscene
Michael;09:01:03;15:53:27;148.6022,-677.8888,-677.8888;;;;
Michael;09:01:04;15:53:27;148.5999,-677.89,-677.89;;;;
Michael;09:01:04;15:53:28;148.606,-677.8892,-677.8892;;Why don't you keep your fucking voice down;Cutscene;Cutscene
Michael;09:01:05;15:53:28;148.6049,-677.8883,-677.8883;;;;
Michael;09:01:05;15:53:29;148.6046,-677.8851,-677.8851;;;;
Michael;09:01:06;15:53:29;148.6038,-677.8839,-677.8839;;before I close your fucking windpipe?;Cutscene;Cutscene
Michael;09:01:06;15:53:30;148.6038,-677.8842,-677.8842;;;;
Michael;09:01:07;15:53:30;148.6037,-677.8856,-677.8856;;;;
Michael;09:01:07;15:53:31;148.6036,-677.8858,-677.8858;;;;
Michael;09:01:08;15:53:31;148.6034,-677.8857,-677.8857;;;;
Michael;09:01:08;15:53:32;148.6033,-677.8853,-677.8853;;The jokes stop now, pal.;Cutscene;Cutscene
Michael;09:01:09;15:53:32;148.6033,-677.8866,-677.8866;;;;
Michael;09:01:09;15:53:33;148.6035,-677.8879,-677.8879;;;;
Michael;09:01:10;15:53:33;148.6041,-677.8888,-677.8888;;You will show me and my team some respect.;Cutscene;Cutscene
Michael;09:01:10;15:53:34;148.6053,-677.8873,-677.8873;;;;
Michael;09:01:11;15:53:34;148.6055,-677.8878,-677.8878;;;;
Michael;09:01:12;15:53:35;148.6056,-677.8873,-677.8873;;;;
Michael;09:01:12;15:53:36;148.6058,-677.887,-677.887;;;;
Michael;09:01:13;15:53:36;148.6045,-677.8875,-677.8875;;;;
Michael;09:01:13;15:53:37;148.6048,-677.8865,-677.8865;;;;
Michael;09:01:14;15:53:37;148.5958,-677.8817,-677.8817;;Maybe you could define "team" for me.;Cutscene;Cutscene
Michael;09:01:14;15:53:38;148.5962,-677.8823,-677.8823;;;;
Michael;09:01:15;15:53:38;148.5986,-677.8832,-677.8832;;;;
Michael;09:01:15;15:53:39;148.5984,-677.8833,-677.8833;;;;
Michael;09:01:16;15:53:39;148.599,-677.883,-677.883;;;;
Michael;09:01:16;15:53:40;148.5962,-677.8801,-677.8801;;;;
Michael;09:01:17;15:53:40;148.596,-677.8807,-677.8807;;Is that just the three of you?;Cutscene;Cutscene
Michael;09:01:17;15:53:41;148.5968,-677.8803,-677.8803;;;;
Michael;09:01:18;15:53:41;148.5969,-677.8806,-677.8806;;;;
Michael;09:01:18;15:53:42;148.5967,-677.8807,-677.8807;;;;
Michael;09:01:19;15:53:42;148.5975,-677.8808,-677.8808;;Or the greater FIB?;Cutscene;Cutscene
Michael;09:01:19;15:53:43;148.5976,-677.8813,-677.8813;;;;
Michael;09:01:20;15:53:43;148.5972,-677.8801,-677.8801;;;;
Michael;09:01:20;15:53:44;148.5937,-677.88,-677.88;;Or the entire government?;Cutscene;Cutscene
Michael;09:01:21;15:53:45;148.6009,-677.8796,-677.8796;;;;
Michael;09:01:22;15:53:45;148.5961,-677.8799,-677.8799;;;;
Michael;09:01:22;15:53:46;148.5995,-677.8807,-677.8807;;Because I'm tempted to argue that, thus far,;Cutscene;Cutscene
Michael;09:01:23;15:53:46;148.5976,-677.8808,-677.8808;;;;
Michael;09:01:23;15:53:47;148.5998,-677.8784,-677.8784;;;;
Michael;09:01:24;15:53:47;148.5978,-677.881,-677.881;;;;
Michael;09:01:24;15:53:48;148.5966,-677.877,-677.877;;;;
Michael;09:01:25;15:53:48;148.5873,-677.8621,-677.8621;;;;
Michael;09:01:25;15:53:49;148.5816,-677.8572,-677.8572;;;;
Michael;09:01:26;15:53:49;148.5746,-677.8325,-677.8325;;we haven't shown a lot of your colleagues a whole lot of respect.;Cutscene;Cutscene
Michael;09:01:26;15:53:50;148.5504,-677.7659,-677.7659;;;;
Michael;09:01:27;15:53:50;148.5368,-677.6629,-677.6629;;;;
Michael;09:01:27;15:53:51;148.5499,-677.5746,-677.5746;;;;
Michael;09:01:28;15:53:51;148.4472,-677.5807,-677.5807;;;;
Michael;09:01:28;15:53:52;148.435,-677.5507,-677.5507;;;;
Michael;09:01:29;15:53:52;148.4482,-677.5215,-677.5215;;;;
Michael;09:01:29;15:53:53;148.5631,-677.5129,-677.5129;;;;
Michael;09:01:30;15:53:54;148.5396,-677.5327,-677.5327;;Then why don't you start with me, genius?;Cutscene;Cutscene
Michael;09:01:31;15:53:54;148.5295,-677.5362,-677.5362;;;;
Michael;09:01:31;15:53:55;148.5329,-677.5309,-677.5309;;;;
Michael;09:01:32;15:53:55;148.5244,-677.537,-677.537;;;;
Michael;09:01:32;15:53:56;148.5322,-677.5403,-677.5403;;;;
Michael;09:01:33;15:53:56;148.5378,-677.5383,-677.5383;;;;
Michael;09:01:33;15:53:57;148.5414,-677.5406,-677.5406;;You got it, pal.;Cutscene;Cutscene
Michael;09:01:34;15:53:57;148.5372,-677.5334,-677.5334;;;;
Michael;09:01:34;15:53:58;148.5268,-677.5359,-677.5359;;;;
Michael;09:01:35;15:53:58;148.5473,-677.5514,-677.5514;;;;
Michael;09:01:35;15:53:59;148.536,-677.5656,-677.5656;;;;
Michael;09:01:36;15:53:59;148.5661,-677.6096,-677.6096;;;;
Michael;09:01:36;15:54:00;148.5629,-677.5947,-677.5947;;;;
Michael;09:01:37;15:54:00;148.5681,-677.5733,-677.5733;;;;
Michael;09:01:37;15:54:01;148.5703,-677.5808,-677.5808;;;;
Michael;09:01:38;15:54:01;148.5739,-677.6041,-677.6041;;;;
Michael;09:01:38;15:54:02;148.6001,-677.8017,-677.8017;;;;
Michael;09:01:39;15:54:03;148.625,-677.916,-677.916;;;;
Michael;09:01:40;15:54:03;148.6318,-677.9276,-677.9276;;;;
Michael;09:01:40;15:54:04;148.6235,-677.9012,-677.9012;;;;
Michael;09:01:41;15:54:04;148.623,-677.8948,-677.8948;;;;
Michael;09:01:41;15:54:05;148.5897,-677.9238,-677.9238;;We have received intel that they're keeping Mr. K at the local Agency station.;Cutscene;Cutscene
Michael;09:01:42;15:54:05;148.5858,-677.9227,-677.9227;;;;
Michael;09:01:42;15:54:06;148.5855,-677.9182,-677.9182;;;;
Michael;09:01:43;15:54:06;148.5879,-677.9151,-677.9151;;;;
Michael;09:01:43;15:54:07;148.5867,-677.9178,-677.9178;;;;
Michael;09:01:44;15:54:07;148.5803,-677.9005,-677.9005;;;;
Michael;09:01:44;15:54:08;148.5803,-677.8986,-677.8986;;;;
Michael;09:01:45;15:54:08;148.5795,-677.899,-677.899;;I just dealt with that guy.;Cutscene;Cutscene
Michael;09:01:45;15:54:09;148.5795,-677.8994,-677.8994;;;;
Michael;09:01:46;15:54:09;148.5803,-677.8994,-677.8994;;;;
Michael;09:01:46;15:54:10;148.5799,-677.9001,-677.9001;;The Agency is stepping up their questioning;Cutscene;Cutscene
Michael;09:01:47;15:54:10;148.5826,-677.9005,-677.9005;;;;
Michael;09:01:47;15:54:11;148.5833,-677.9018,-677.9018;;;;
Michael;09:01:48;15:54:11;148.5761,-677.9011,-677.9011;;because of your moronic antics down at the coroner's office.;Cutscene;Cutscene
Michael;09:01:49;15:54:12;148.577,-677.8986,-677.8986;;;;
Michael;09:01:49;15:54:13;148.5775,-677.8989,-677.8989;;;;
Michael;09:01:50;15:54:13;148.5776,-677.8989,-677.8989;;;;
Michael;09:01:50;15:54:14;148.5779,-677.8992,-677.8992;;;;
Michael;09:01:51;15:54:14;148.5786,-677.8992,-677.8992;;We need to get him out of there before he blabs.;Cutscene;Cutscene
Michael;09:01:51;15:54:15;148.5789,-677.8995,-677.8995;;;;
Michael;09:01:52;15:54:15;148.583,-677.9006,-677.9006;;;;
Michael;09:01:52;15:54:16;148.5803,-677.9008,-677.9008;;;;
Michael;09:01:53;15:54:16;148.5792,-677.8972,-677.8972;;;;
Michael;09:01:53;15:54:17;148.5791,-677.8998,-677.8998;;;;
Michael;09:01:54;15:54:17;148.5797,-677.8995,-677.8995;;;;
Michael;09:01:54;15:54:18;148.5787,-677.8978,-677.8978;;I did what Agent Norton said.;Cutscene;Cutscene
Michael;09:01:55;15:54:18;148.5784,-677.8995,-677.8995;;;;
Michael;09:01:55;15:54:19;148.5792,-677.899,-677.899;;;;
Michael;09:01:56;15:54:19;148.5799,-677.899,-677.899;;;;
Michael;09:01:56;15:54:20;148.5838,-677.9076,-677.9076;;;;
Michael;09:01:57;15:54:20;148.5838,-677.9075,-677.9075;;;;
Michael;09:01:58;15:54:21;148.5839,-677.9074,-677.9074;;Then I guess you getting involved with a clapped out old agent;Cutscene;Cutscene
Michael;09:01:58;15:54:22;148.5839,-677.9065,-677.9065;;;;
Michael;09:01:59;15:54:22;148.5839,-677.9071,-677.9071;;;;
Michael;09:01:59;15:54:23;148.5839,-677.9072,-677.9072;;;;
Michael;09:02:00;15:54:23;148.5838,-677.9072,-677.9072;;;;
Michael;09:02:00;15:54:24;148.5835,-677.9072,-677.9072;;who's been living off of past glories was your first mistake.;Cutscene;Cutscene
Michael;09:02:01;15:54:24;148.5822,-677.9042,-677.9042;;;;
Michael;09:02:01;15:54:25;148.5822,-677.9049,-677.9049;;;;
Michael;09:02:02;15:54:25;148.5822,-677.906,-677.906;;;;
Michael;09:02:02;15:54:26;148.5823,-677.907,-677.907;;;;
Michael;09:02:03;15:54:26;148.5823,-677.907,-677.907;;;;
Michael;09:02:03;15:54:27;148.5823,-677.907,-677.907;;;;
Michael;09:02:04;15:54:27;148.5793,-677.9,-677.9;;;;
Michael;09:02:04;15:54:28;148.5785,-677.8995,-677.8995;;;;
Michael;09:02:05;15:54:28;148.5784,-677.9001,-677.9001;;You're my boy now, amigo.;Cutscene;Cutscene
Michael;09:02:05;15:54:29;148.5784,-677.9009,-677.9009;;;;
Michael;09:02:06;15:54:29;148.5784,-677.901,-677.901;;;;
Michael;09:02:07;15:54:30;148.5804,-677.8995,-677.8995;;;;
Michael;09:02:07;15:54:31;148.5793,-677.8897,-677.8897;;;;
Michael;09:02:08;15:54:31;148.494,-677.8373,-677.8373;;My career depends on this,;Cutscene;Cutscene
Michael;09:02:08;15:54:32;148.4913,-677.8383,-677.8383;;;;
Michael;09:02:09;15:54:32;148.4944,-677.8398,-677.8398;;;;
Michael;09:02:09;15:54:33;148.4919,-677.8404,-677.8404;;;;
Michael;09:02:10;15:54:33;148.4928,-677.8394,-677.8394;;and that's very important to me.;Cutscene;Cutscene
Michael;09:02:10;15:54:34;148.4925,-677.8385,-677.8385;;;;
Michael;09:02:11;15:54:34;148.4925,-677.8384,-677.8384;;;;
Michael;09:02:11;15:54:35;148.4925,-677.8382,-677.8382;;;;
Michael;09:02:12;15:54:35;148.4926,-677.8381,-677.8381;;So seeing as we're all boys now,;Cutscene;Cutscene
Michael;09:02:12;15:54:36;148.4926,-677.8386,-677.8386;;;;
Michael;09:02:13;15:54:36;148.4926,-677.839,-677.839;;;;
Michael;09:02:13;15:54:37;148.4926,-677.8391,-677.8391;;;;
Michael;09:02:14;15:54:37;148.5044,-677.8292,-677.8292;;that makes it important to you.;Cutscene;Cutscene
Michael;09:02:14;15:54:38;148.5459,-677.8074,-677.8074;;;;
Michael;09:02:15;15:54:38;148.5628,-677.8551,-677.8551;;;;
Michael;09:02:15;15:54:39;148.5732,-677.8772,-677.8772;;;;
Michael;09:02:16;15:54:40;148.5748,-677.8781,-677.8781;;;;
Michael;09:02:17;15:54:40;148.5748,-677.8782,-677.8782;;;;
Michael;09:02:17;15:54:41;148.5748,-677.8785,-677.8785;;;;
Michael;09:02:18;15:54:41;148.5748,-677.8785,-677.8785;;;;
Michael;09:02:18;15:54:42;148.5744,-677.8784,-677.8784;;;;
Michael;09:02:19;15:54:42;148.5739,-677.8772,-677.8772;;Now run along, kids.;Cutscene;Cutscene
Michael;09:02:19;15:54:43;148.574,-677.8781,-677.8781;;;;
Michael;09:02:20;15:54:43;148.5754,-677.8788,-677.8788;;;;
Michael;09:02:20;15:54:44;148.5758,-677.8788,-677.8788;;;;
Michael;09:02:21;15:54:44;148.5757,-677.8788,-677.8788;;;;
Michael;09:02:21;15:54:45;148.5747,-677.8789,-677.8789;;;;
Michael;09:02:22;15:54:45;148.5736,-677.8837,-677.8837;;;;
Michael;09:02:22;15:54:46;148.5712,-677.8761,-677.8761;;;;
Michael;09:02:23;15:54:46;148.5488,-677.8632,-677.8632;;;;
Michael;09:02:23;15:54:47;148.5164,-677.8102,-677.8102;;;;
Michael;09:02:24;15:54:47;148.5324,-677.7407,-677.7407;;;;
Michael;09:02:24;15:54:48;148.5184,-677.7493,-677.7493;;;;
Michael;09:02:25;15:54:49;148.44,-677.7898,-677.7898;;See there you go, Dave.;Cutscene;Cutscene
Michael;09:02:26;15:54:49;148.1718,-677.9119,-677.9119;;;;
Michael;09:02:26;15:54:50;147.9669,-678.0697,-678.0697;;;;
Michael;09:02:27;15:54:50;147.2852,-678.8323,-678.8323;;You can teach an old dog new tricks!;Steve;FBI2_GQAA
Michael;09:02:27;15:54:51;146.6628,-679.4722,-679.4722;;;;
Michael;09:02:28;15:54:51;146.03,-680.1227,-680.1227;;;;
Michael;09:02:28;15:54:52;145.4105,-680.7599,-680.7599;;;;
Michael;09:02:29;15:54:52;145.0601,-681.1226,-681.1226;;;;
Michael;09:02:29;15:54:53;144.8718,-681.3357,-681.3357;;Come on.;DAVE;FBI2_GSAA
Michael;09:02:30;15:54:53;144.3368,-681.8856,-681.8856;;;;
Michael;09:02:30;15:54:54;143.6184,-682.4455,-682.4455;;;;
Michael;09:02:31;15:54:54;142.8575,-682.9446,-682.9446;;;;
Michael;09:02:31;15:54:55;142.1544,-683.4807,-683.4807;;;;
Michael;09:02:32;15:54:55;141.2668,-683.5711,-683.5711;;;;
Michael;09:02:32;15:54:56;140.4547,-683.9581,-683.9581;;;;
Michael;09:02:33;15:54:56;139.684,-684.4443,-684.4443;;;;
Michael;09:02:33;15:54:57;138.9196,-684.9269,-684.9269;;;;
Michael;09:02:34;15:54:57;138.1517,-685.4119,-685.4119;;;;
Michael;09:02:35;15:54:58;137.3742,-685.9028,-685.9028;;;;
Michael;09:02:35;15:54:59;136.5387,-686.2592,-686.2592;;;;
Michael;09:02:36;15:54:59;135.6391,-686.1816,-686.1816;;;;
Michael;09:02:36;15:55:00;134.7545,-686.4124,-686.4124;;;;
Michael;09:02:37;15:55:00;133.8942,-686.7059,-686.7059;;;;
Michael;09:02:37;15:55:01;133.0063,-686.6432,-686.6432;;;;
Michael;09:02:38;15:55:01;132.1171,-686.4963,-686.4963;;The Bureau owns a lot out in East LS. Covington Supplies, off El Rancho. Can you take us there?;DAVE;FBI2_GUAA
Michael;09:02:38;15:55:02;131.2142,-686.515,-686.515;;;;
Michael;09:02:39;15:55:02;130.3121,-686.4324,-686.4324;;;;
Michael;09:02:39;15:55:03;129.4158,-686.4995,-686.4995;;;;
Michael;09:02:40;15:55:03;128.5387,-686.3049,-686.3049;;;;
Michael;09:02:40;15:55:04;127.6264,-686.2371,-686.2371;;;;
Michael;09:02:41;15:55:04;126.7331,-686.1685,-686.1685;;;;
Michael;09:02:41;15:55:05;126.0196,-685.6151,-685.6151;;;;
Michael;09:02:42;15:55:05;125.1525,-685.3464,-685.3464;;;;
Michael;09:02:42;15:55:06;124.2569,-685.1917,-685.1917;;;;
Michael;09:02:43;15:55:06;123.3367,-685.0096,-685.0096;;Yeah, sure. Sounds nice and secluded. Kind of place you'd run an off the books operation, huh?;MICHAEL;FBI2_GUAB
Michael;09:02:44;15:55:07;122.4386,-684.8174,-684.8174;;;;
Michael;09:02:44;15:55:08;121.5605,-684.6276,-684.6276;;;;
Michael;09:02:45;15:55:08;120.6967,-684.326,-684.326;;;;
Michael;09:02:45;15:55:09;119.7983,-684.1349,-684.1349;;;;
Michael;09:02:46;15:55:09;118.899,-683.9605,-683.9605;;;;
Michael;09:02:46;15:55:10;118.0996,-683.5889,-683.5889;;;;
Michael;09:02:47;15:55:10;117.2445,-683.236,-683.236;;;;
Michael;09:02:47;15:55:11;116.3271,-682.9844,-682.9844;;;;
Michael;09:02:48;15:55:11;115.4593,-682.7519,-682.7519;;So what?;DAVE;FBI2_GUAC
Michael;09:02:48;15:55:12;114.5772,-682.5155,-682.5155;;;;
Michael;09:02:49;15:55:12;113.7116,-682.284,-682.284;;So, I bet "Federal" ain't on the deed, that's so.;MICHAEL;FBI2_GUAD
Michael;09:02:49;15:55:13;112.8446,-682.0519,-682.0519;;;;
Michael;09:02:50;15:55:13;111.9587,-681.8146,-681.8146;;;;
Michael;09:02:50;15:55:14;111.0727,-681.5773,-681.5773;;;;
Michael;09:02:51;15:55:14;110.2035,-681.345,-681.345;;And we all like our Federal government open and transparent.;MICHAEL;FBI2_GUAG
Michael;09:02:52;15:55:15;109.2807,-681.098,-681.098;;;;
Michael;09:02:52;15:55:16;108.4049,-680.8636,-680.8636;;;;
Michael;09:02:53;15:55:16;107.5259,-680.6284,-680.6284;;;;
Michael;09:02:53;15:55:17;106.6843,-680.335,-680.335;;;;
Michael;09:02:54;15:55:17;105.8425,-680.0062,-680.0062;;;;
Michael;09:02:54;15:55:18;104.9849,-679.7509,-679.7509;;;;
Michael;09:02:55;15:55:18;104.116,-679.4995,-679.4995;;;;
Michael;09:02:55;15:55:19;103.2782,-679.1771,-679.1771;;Except when closed and opaque suits you better.;DAVE;FBI2_GUAE
Michael;09:02:56;15:55:19;102.4098,-678.8297,-678.8297;;;;
Michael;09:02:56;15:55:20;101.5444,-678.5587,-678.5587;;;;
Michael;09:02:57;15:55:20;100.682,-678.2939,-678.2939;;;;
Michael;09:02:57;15:55:21;99.85161,-677.9614,-677.9614;;;;
Michael;09:02:58;15:55:21;99.02084,-677.5933,-677.5933;;Hey, I'm just a puppet, you're the one pulling the strings.;MICHAEL;FBI2_GUAF
Michael;09:02:58;15:55:22;98.19501,-677.2145,-677.2145;;;;
Michael;09:02:59;15:55:22;97.34177,-676.9108,-676.9108;;;;
Michael;09:02:59;15:55:23;96.51333,-676.5958,-676.5958;;;;
Michael;09:03:00;15:55:23;95.639,-676.2484,-676.2484;;;;
Michael;09:03:01;15:55:24;94.76498,-675.939,-675.939;;;;
Michael;09:03:01;15:55:25;93.934,-675.6094,-675.6094;;;;
Michael;09:03:02;15:55:25;93.10806,-675.2629,-675.2629;;;;
Michael;09:03:02;15:55:26;92.30481,-674.8881,-674.8881;;;;
Michael;09:03:03;15:55:26;91.5054,-674.4439,-674.4439;;;;
Michael;09:03:03;15:55:27;90.68262,-674.0761,-674.0761;;;;
Michael;09:03:04;15:55:27;89.89072,-673.6226,-673.6226;;;;
Michael;09:03:04;15:55:28;89.14313,-673.1177,-673.1177;;;;
Michael;09:03:05;15:55:28;88.37818,-672.6448,-672.6448;;;;
Michael;09:03:05;15:55:29;87.85305,-671.9482,-671.9482;;;;
Michael;09:03:06;15:55:29;87.59035,-671.069,-671.069;;;;
Michael;09:03:06;15:55:30;87.37014,-670.1934,-670.1934;;;;
Michael;09:03:07;15:55:30;87.3838,-669.2803,-669.2803;;;;
Michael;09:03:07;15:55:31;87.13854,-668.429,-668.429;;;;
Michael;09:03:08;15:55:31;85.92564,-667.4907,-667.4907;;;;
Michael;09:03:08;15:55:32;83.88863,-666.893,-666.893;;;;
Michael;09:03:09;15:55:32;82.6409,-668.7291,-668.7291;;;;
Michael;09:03:09;15:55:33;83.2229,-670.2426,-670.2426;;;;
Michael;09:03:10;15:55:33;83.80131,-669.9487,-669.9487;;Nice car. The tax payer's treating you right.;MICHAEL;FBI2_AAAA
Michael;09:03:11;15:55:34;84.65402,-670.0278,-670.0278;True,Coupes,ORACLE,0,0;;;
Michael;09:03:11;15:55:35;84.65344,-670.0284,-670.0284;True,Coupes,ORACLE,0,01076184,0;;;
Michael;09:03:12;15:55:35;84.65487,-670.0285,-670.0285;True,Coupes,ORACLE,0,0;;;
Michael;09:03:12;15:55:36;84.65487,-670.0285,-670.0285;True,Coupes,ORACLE,0,0;;;
Michael;09:03:13;15:55:36;84.67869,-669.9652,-669.9652;True,Coupes,ORACLE,0,6865435,1;;;
Michael;09:03:13;15:55:37;85.06081,-668.9312,-668.9312;True,Coupes,ORACLE,3,560681,1;;;
Michael;09:03:14;15:55:37;85.89713,-665.9514,-665.9514;True,Coupes,ORACLE,8,595225,1;;;
Michael;09:03:14;15:55:38;87.46478,-660.2132,-660.2132;True,Coupes,ORACLE,11,726,0;;;
Michael;09:03:15;15:55:38;89.03056,-654.7124,-654.7124;True,Coupes,ORACLE,10,48005,1;;;
Michael;09:03:15;15:55:39;91.03796,-649.758,-649.758;True,Coupes,ORACLE,9,417808,0;;;
Michael;09:03:16;15:55:39;92.4198,-645.3867,-645.3867;True,Coupes,ORACLE,7,918016,0;;;
Michael;09:03:16;15:55:40;93.34527,-641.7833,-641.7833;True,Coupes,ORACLE,6,306558,0;;;
Michael;09:03:17;15:55:40;94.07829,-638.9484,-638.9484;True,Coupes,ORACLE,4,673371,0;;;
Michael;09:03:17;15:55:41;94.65427,-637.0074,-637.0074;True,Coupes,ORACLE,2,928909,0;;;
Michael;09:03:18;15:55:41;95.04778,-635.975,-635.975;True,Coupes,ORACLE,0,4425285,0;;;
Michael;09:03:18;15:55:42;95.02425,-635.9384,-635.9384;True,Coupes,ORACLE,0,008239134,0;;;
Michael;09:03:19;15:55:42;95.02425,-635.9379,-635.9379;True,Coupes,ORACLE,0,0;;;
Michael;09:03:20;15:55:43;95.02425,-635.9379,-635.9379;True,Coupes,ORACLE,0,0;;;
Michael;09:03:20;15:55:44;95.02425,-635.9379,-635.9379;True,Coupes,ORACLE,0,0;;;
Michael;09:03:21;15:55:44;95.02425,-635.9379,-635.9379;True,Coupes,ORACLE,0,0;I need you to make a couple of calls... get some people on board...;DAVE;FBI2_GWAA
Michael;09:03:21;15:55:45;95.02425,-635.9379,-635.9379;True,Coupes,ORACLE,0,0;;;
Michael;09:03:22;15:55:45;95.02425,-635.9379,-635.9379;True,Coupes,ORACLE,0,0;;;
Michael;09:03:22;15:55:46;95.02425,-635.9379,-635.9379;True,Coupes,ORACLE,0,0;;;
Michael;09:03:23;15:55:46;95.02425,-635.9379,-635.9379;True,Coupes,ORACLE,0,0;;;
Michael;09:03:23;15:55:47;95.02425,-635.9379,-635.9379;True,Coupes,ORACLE,0,0;;;
Michael;09:03:24;15:55:47;95.02425,-635.9379,-635.9379;True,Coupes,ORACLE,0,0;First guy is Franklin Clinton.;DAVE;FBI2_GWAB
Michael;09:03:24;15:55:48;95.02425,-635.9379,-635.9379;True,Coupes,ORACLE,0,0;;;
Michael;09:03:25;15:55:48;95.02425,-635.9379,-635.9379;True,Coupes,ORACLE,0,0;;;
Michael;09:03:25;15:55:49;95.02425,-635.9379,-635.9379;True,Coupes,ORACLE,0,0;;;
Michael;09:03:26;15:55:49;95.02425,-635.9379,-635.9379;True,Coupes,ORACLE,0,0;Hey, I barely know that kid. He's fixing up my car.;MICHAEL;FBI2_GWAC
Michael;09:03:26;15:55:50;95.02425,-635.9379,-635.9379;True,Coupes,ORACLE,0,0;;;
Michael;09:03:27;15:55:50;95.02425,-635.9379,-635.9379;True,Coupes,ORACLE,0,0;;;
Michael;09:03:27;15:55:51;95.02425,-635.9379,-635.9379;True,Coupes,ORACLE,0,0;;;
Michael;09:03:28;15:55:51;95.02425,-635.9379,-635.9379;True,Coupes,ORACLE,0,0;;;
Michael;09:03:28;15:55:52;95.02425,-635.9379,-635.9379;True,Coupes,ORACLE,0,0;;;
Michael;09:03:29;15:55:53;95.02425,-635.9379,-635.9379;True,Coupes,ORACLE,0,0;;;
Michael;09:03:30;15:55:53;95.02425,-635.9379,-635.9379;True,Coupes,ORACLE,0,0;Call him or we'll send some G-men to his aunt's house.;DAVE;FBI2_GWAD
Michael;09:03:30;15:55:54;95.02425,-635.9379,-635.9379;True,Coupes,ORACLE,0,0;;;
Michael;09:03:31;15:55:54;95.02425,-635.9379,-635.9379;True,Coupes,ORACLE,0,0;;;
Michael;09:03:31;15:55:55;95.02425,-635.9379,-635.9379;True,Coupes,ORACLE,0,0;;;
Michael;09:03:32;15:55:55;95.02425,-635.9379,-635.9379;True,Coupes,ORACLE,0,0;;;
Michael;09:03:32;15:55:56;95.02425,-635.9379,-635.9379;True,Coupes,ORACLE,0,0;;;
Michael;09:03:33;15:55:56;95.02425,-635.9379,-635.9379;True,Coupes,ORACLE,0,0;;;
Michael;09:03:33;15:55:57;95.02425,-635.9379,-635.9379;True,Coupes,ORACLE,0,0;Okay. Okay.;MICHAEL;FBI2_GWAE
Michael;09:03:34;15:55:57;95.02425,-635.9379,-635.9379;True,Coupes,ORACLE,0,0;;;
Michael;09:03:34;15:55:58;95.02425,-635.9379,-635.9379;True,Coupes,ORACLE,0,0;;;
Michael;09:03:35;15:55:58;95.02425,-635.9379,-635.9379;True,Coupes,ORACLE,0,0;;;
Michael;09:03:35;15:55:59;95.02425,-635.9379,-635.9379;True,Coupes,ORACLE,0,0;;;
Michael;09:03:36;15:55:59;95.02742,-635.9305,-635.9305;True,Coupes,ORACLE,0,1617042,1;;;
Michael;09:03:36;15:56:00;95.2722,-635.2789,-635.2789;True,Coupes,ORACLE,2,618168,1;;;
Michael;09:03:37;15:56:00;96.1213,-633.0142,-633.0142;True,Coupes,ORACLE,6,900534,1;;;
Michael;09:03:37;15:56:01;97.93795,-628.0312,-628.0312;True,Coupes,ORACLE,12,21419,0;;;
Michael;09:03:38;15:56:01;99.99502,-622.454,-622.454;True,Coupes,ORACLE,10,55609,0;;;
Michael;09:03:39;15:56:02;102.0111,-617.0782,-617.0782;True,Coupes,ORACLE,12,22749,1;;;
Michael;09:03:39;15:56:03;104.1861,-611.3529,-611.3529;True,Coupes,ORACLE,10,89169,0;;;
Michael;09:03:40;15:56:03;106.0853,-606.4272,-606.4272;True,Coupes,ORACLE,9,266614,0;;;
Michael;09:03:40;15:56:04;107.7171,-602.2859,-602.2859;True,Coupes,ORACLE,7,673395,0;Michael, this ain't the best time. I'm kind of busy.;Franklin;FBI2_GXAA
Michael;09:03:41;15:56:04;109.0813,-598.9125,-598.9125;True,Coupes,ORACLE,7,080647,1;;;
Michael;09:03:41;15:56:05;110.7374,-594.8967,-594.8967;True,Coupes,ORACLE,7,971954,0;;;
Michael;09:03:42;15:56:05;112.2527,-591.3039,-591.3039;True,Coupes,ORACLE,6,480894,0;;;
Michael;09:03:42;15:56:06;113.4794,-588.4886,-588.4886;True,Coupes,ORACLE,4,928341,0;;;
Michael;09:03:43;15:56:06;114.8755,-587.0486,-587.0486;True,Coupes,ORACLE,3,148763,0;;;
Michael;09:03:43;15:56:07;116.5807,-586.0179,-586.0179;True,Coupes,ORACLE,5,006988,0;Hey, sorry about that. Listen, you know that thing we talked about before? It's happening.;MICHAEL;FBI2_GXAB
Michael;09:03:44;15:56:07;118.9601,-585.744,-585.744;True,Coupes,ORACLE,5,292179,1;;;
Michael;09:03:44;15:56:08;122.7593,-585.0936,-585.0936;True,Coupes,ORACLE,9,352547,1;;;
Michael;09:03:45;15:56:08;128.5,-584.9249,-584.9249;True,Coupes,ORACLE,12,18629,0;;;
Michael;09:03:45;15:56:09;134.2226,-586.6874,-586.6874;True,Coupes,ORACLE,10,70431,0;;;
Michael;09:03:46;15:56:09;139.6894,-588.8854,-588.8854;True,Coupes,ORACLE,12,19476,0;;;
Michael;09:03:46;15:56:10;145.5593,-591.2031,-591.2031;True,Coupes,ORACLE,12,87162,1;;;
Michael;09:03:47;15:56:10;152.4067,-594.0324,-594.0324;True,Coupes,ORACLE,15,44233,1;;;
Michael;09:03:47;15:56:11;160.7707,-597.0482,-597.0482;True,Coupes,ORACLE,18,21251,1;;;
Michael;09:03:48;15:56:12;169.9574,-600.4099,-600.4099;True,Coupes,ORACLE,18,10386,0;;;
Michael;09:03:49;15:56:12;178.5296,-603.5936,-603.5936;True,Coupes,ORACLE,16,54236,0;I need you to come to a lot off El Rancho, not far from where we met before.;MICHAEL;FBI2_GXAC
Michael;09:03:49;15:56:13;186.3991,-606.2703,-606.2703;True,Coupes,ORACLE,14,8764,0;;;
Michael;09:03:50;15:56:13;193.6384,-607.728,-607.728;True,Coupes,ORACLE,13,23659,0;;;
Michael;09:03:50;15:56:14;200.6983,-608.6535,-608.6535;True,Coupes,ORACLE,13,72554,0;;;
Michael;09:03:51;15:56:14;207.1865,-610.2498,-610.2498;True,Coupes,ORACLE,11,90151,0;;;
Michael;09:03:51;15:56:15;212.9626,-612.6804,-612.6804;True,Coupes,ORACLE,12,76208,1;;;
Michael;09:03:52;15:56:15;219.6339,-615.349,-615.349;True,Coupes,ORACLE,13,837,0;;;
Michael;09:03:52;15:56:16;226.6465,-617.4093,-617.4093;True,Coupes,ORACLE,14,96685,1;Alright, that's cool. I'm in LS anyway.;Franklin;FBI2_GXAD
Michael;09:03:53;15:56:16;234.9759,-618.517,-618.517;True,Coupes,ORACLE,17,12996,1;;;
Michael;09:03:53;15:56:17;243.7944,-616.5454,-616.5454;True,Coupes,ORACLE,17,11872,1;;;
Michael;09:03:54;15:56:17;251.4993,-611.1812,-611.1812;True,Coupes,ORACLE,18,69689,1;;;
Michael;09:03:54;15:56:18;258.455,-603.2969,-603.2969;True,Coupes,ORACLE,18,58967,0;;;
Michael;09:03:55;15:56:18;263.2503,-594.0989,-594.0989;True,Coupes,ORACLE,20,04046,0;;;
Michael;09:03:55;15:56:19;267.5108,-585.0071,-585.0071;True,Coupes,ORACLE,18,18442,0;;;
Michael;09:03:56;15:56:19;271.4173,-576.7518,-576.7518;True,Coupes,ORACLE,16,44586,0;;;
Michael;09:03:56;15:56:20;275.6235,-569.7754,-569.7754;True,Coupes,ORACLE,14,29409,0;Now Trevor Philips.;DAVE;FBI2_GYAA
Michael;09:03:57;15:56:21;280.7081,-564.166,-564.166;True,Coupes,ORACLE,15,10103,1;;;
Michael;09:03:58;15:56:21;286.6445,-557.9385,-557.9385;True,Coupes,ORACLE,17,25714,0;;;
Michael;09:03:58;15:56:22;293.2719,-552.3434,-552.3434;True,Coupes,ORACLE,15,11699,0;;;
Michael;09:03:59;15:56:22;301.4327,-549.2067,-549.2067;True,Coupes,ORACLE,18,22037,1;Oh, you're crazy. I ain't calling him.;MICHAEL;FBI2_GYAB
Michael;09:03:59;15:56:23;311.8759,-548.3146,-548.3146;True,Coupes,ORACLE,20,8414,1;;;
Michael;09:04:00;15:56:23;322.9767,-548.3959,-548.3959;True,Coupes,ORACLE,20,52834,1;;;
Michael;09:04:00;15:56:24;334.285,-549.5724,-549.5724;True,Coupes,ORACLE,22,53492,1;;;
Michael;09:04:01;15:56:24;346.0912,-548.5341,-548.5341;True,Coupes,ORACLE,22,98452,1;;;
Michael;09:04:01;15:56:25;358.5025,-546.4723,-546.4723;True,Coupes,ORACLE,24,59633,1;I thought you might say that, so we had him picked up.;DAVE;FBI2_GYAC
Michael;09:04:02;15:56:25;371.5422,-545.7125,-545.7125;True,Coupes,ORACLE,24,2627,1;;;
Michael;09:04:02;15:56:26;384.789,-545.4703,-545.4703;True,Coupes,ORACLE,25,65017,1;;;
Michael;09:04:03;15:56:26;398.4584,-545.9432,-545.9432;True,Coupes,ORACLE,27,00256,1;;;
Michael;09:04:03;15:56:27;413.1451,-547.0165,-547.0165;True,Coupes,ORACLE,28,5623,1;;;
Michael;09:04:04;15:56:27;428.8634,-547.1557,-547.1557;True,Coupes,ORACLE,31,45218,1;That's a dumb move, Dave. Real fucking dumb.;MICHAEL;FBI2_GYAD
Michael;09:04:04;15:56:28;445.7114,-547.8787,-547.8787;True,Coupes,ORACLE,34,13976,1;;;
Michael;09:04:05;15:56:28;463.6825,-548.9738,-548.9738;True,Coupes,ORACLE,34,18109,1;;;
Michael;09:04:05;15:56:29;481.7231,-551.572,-551.572;True,Coupes,ORACLE,35,44215,1;;;
Michael;09:04:06;15:56:29;500.1205,-555.7892,-555.7892;True,Coupes,ORACLE,36,3751,1;;;
Michael;09:04:07;15:56:30;518.8339,-560.2598,-560.2598;True,Coupes,ORACLE,37,04179,1;Just worry about the plan, okay?;DAVE;FBI2_GYAE
Michael;09:04:07;15:56:31;538.2662,-564.9053,-564.9053;True,Coupes,ORACLE,37,64081,1;;;
Michael;09:04:08;15:56:31;557.7278,-569.7333,-569.7333;True,Coupes,ORACLE,39,22106,1;;;
Michael;09:04:08;15:56:32;577.9224,-575.2643,-575.2643;True,Coupes,ORACLE,40,77333,1;;;
Michael;09:04:09;15:56:32;598.1622,-583.5084,-583.5084;True,Coupes,ORACLE,41,40428,1;Getting Mr. K out of the IAA Station.;DAVE;FBI2_GYAF
Michael;09:04:09;15:56:33;617.6463,-593.0637,-593.0637;True,Coupes,ORACLE,41,70982,1;;;
Michael;09:04:10;15:56:33;637.7595,-601.8184,-601.8184;True,Coupes,ORACLE,41,90586,1;;;
Michael;09:04:10;15:56:34;658.2203,-610.2784,-610.2784;True,Coupes,ORACLE,42,10191,1;;;
Michael;09:04:11;15:56:34;678.7933,-618.718,-618.718;True,Coupes,ORACLE,42,19931,1;;;
Michael;09:04:11;15:56:35;700.0278,-625.8563,-625.8563;True,Coupes,ORACLE,42,34849,1;;;
Michael;09:04:12;15:56:35;721.0009,-633.5614,-633.5614;True,Coupes,ORACLE,42,5651,1;Clinton is going to be positioned across the street, keeping an eye on the proceedings.;DAVE;FBI2_GYAG
Michael;09:04:12;15:56:36;741.683,-642.2825,-642.2825;True,Coupes,ORACLE,42,65099,1;;;
Michael;09:04:13;15:56:36;762.0887,-651.4147,-651.4147;True,Coupes,ORACLE,41,82251,0;;;
Michael;09:04:13;15:56:37;780.7867,-661.3325,-661.3325;True,Coupes,ORACLE,38,90942,0;;;
Michael;09:04:14;15:56:37;797.6309,-671.6471,-671.6471;True,Coupes,ORACLE,36,15385,0;;;
Michael;09:04:14;15:56:38;813.0105,-681.3756,-681.3756;True,Coupes,ORACLE,33,57704,0;;;
Michael;09:04:15;15:56:38;827.3657,-691.3574,-691.3574;True,Coupes,ORACLE,33,84061,1;Philips flies you in, you rappel down, make the extraction.;DAVE;FBI2_GYAH
Michael;09:04:15;15:56:39;841.845,-702.3063,-702.3063;True,Coupes,ORACLE,34,57789,1;;;
Michael;09:04:16;15:56:39;856.0233,-713.8851,-713.8851;True,Coupes,ORACLE,34,59782,0;;;
Michael;09:04:17;15:56:40;868.7084,-726.6447,-726.6447;True,Coupes,ORACLE,34,26764,1;;;
Michael;09:04:17;15:56:41;881.1919,-740.2278,-740.2278;True,Coupes,ORACLE,35,69818,1;;;
Michael;09:04:18;15:56:41;892.9414,-754.9259,-754.9259;True,Coupes,ORACLE,36,68002,1;;;
Michael;09:04:18;15:56:42;905.4795,-769.7274,-769.7274;True,Coupes,ORACLE,37,5317,1;;;
Michael;09:04:19;15:56:42;917.8133,-785.4512,-785.4512;True,Coupes,ORACLE,38,53087,1;And I'm the best guy you got for this?;MICHAEL;FBI2_GYAI
Michael;09:04:19;15:56:43;930.2083,-801.6319,-801.6319;True,Coupes,ORACLE,39,39516,1;;;
Michael;09:04:20;15:56:43;942.7848,-818.0661,-818.0661;True,Coupes,ORACLE,39,20303,0;;;
Michael;09:04:20;15:56:44;954.7875,-833.9222,-833.9222;True,Coupes,ORACLE,37,07857,0;;;
Michael;09:04:21;15:56:44;964.031,-850.478,-850.478;True,Coupes,ORACLE,34,77763,0;;;
Michael;09:04:21;15:56:45;972.2121,-866.3368,-866.3368;True,Coupes,ORACLE,32,8251,0;With you, we've got good leverage.;DAVE;FBI2_GYAJ
Michael;09:04:22;15:56:45;979.9507,-880.9839,-880.9839;True,Coupes,ORACLE,29,21497,0;;;
Michael;09:04:22;15:56:46;987.0294,-894.283,-894.283;True,Coupes,ORACLE,29,23315,1;;;
Michael;09:04:23;15:56:46;994.4463,-908.2216,-908.2216;True,Coupes,ORACLE,31,03557,0;Great! And you brought Trevor in? We're telling him I'm all cozy with the FIB?;MICHAEL;FBI2_GYAK
Michael;09:04:23;15:56:47;1002.601,-921.9894,-921.9894;True,Coupes,ORACLE,29,93068,1;;;
Michael;09:04:24;15:56:47;1011.485,-935.539,-935.539;True,Coupes,ORACLE,31,16292,1;;;
Michael;09:04:24;15:56:48;1019.21,-950.3469,-950.3469;True,Coupes,ORACLE,32,04554,1;;;
Michael;09:04:25;15:56:48;1024.973,-966.4197,-966.4197;True,Coupes,ORACLE,32,83486,1;;;
Michael;09:04:25;15:56:49;1030.104,-983.3832,-983.3832;True,Coupes,ORACLE,34,09423,1;;;
Michael;09:04:26;15:56:49;1035.103,-1000.896,-1000.896;True,Coupes,ORACLE,34,91336,1;;;
Michael;09:04:27;15:56:50;1039.707,-1018.581,-1018.581;True,Coupes,ORACLE,34,27107,1;;;
Michael;09:04:27;15:56:51;1044.173,-1036.51,-1036.51;True,Coupes,ORACLE,35,16159,1;;;
Michael;09:04:28;15:56:51;1047.029,-1055.081,-1055.081;True,Coupes,ORACLE,36,06742,1;;;
Michael;09:04:28;15:56:52;1048.51,-1073.956,-1073.956;True,Coupes,ORACLE,36,81509,1;;;
Michael;09:04:29;15:56:52;1048.426,-1093.516,-1093.516;True,Coupes,ORACLE,37,62306,1;;;
Michael;09:04:29;15:56:53;1048.224,-1113.501,-1113.501;True,Coupes,ORACLE,38,27608,1;You'll need discreet support - we'll maintain control of the situation.;DAVE;FBI2_GYAL
Michael;09:04:30;15:56:53;1048.567,-1133.67,-1133.67;True,Coupes,ORACLE,38,70391,1;;;
Michael;09:04:30;15:56:54;1048.145,-1154.278,-1154.278;True,Coupes,ORACLE,39,22908,1;;;
Michael;09:04:31;15:56:54;1048.729,-1174.926,-1174.926;True,Coupes,ORACLE,39,60531,1;;;
Michael;09:04:31;15:56:55;1050.607,-1195.974,-1195.974;True,Coupes,ORACLE,39,92561,1;;;
Michael;09:04:32;15:56:55;1051.875,-1216.953,-1216.953;True,Coupes,ORACLE,40,27677,1;;;
Michael;09:04:32;15:56:56;1052.984,-1238.325,-1238.325;True,Coupes,ORACLE,40,55379,1;;;
Michael;09:04:33;15:56:56;1053.602,-1259.856,-1259.856;True,Coupes,ORACLE,40,80602,1;Discreet? Control? Yeah, good luck controlling discreet Trevor.;MICHAEL;FBI2_GYAM
Michael;09:04:33;15:56:57;1054.06,-1280.814,-1280.814;True,Coupes,ORACLE,38,21429,0;;;
Michael;09:04:34;15:56:57;1054.486,-1300.348,-1300.348;True,Coupes,ORACLE,35,62429,0;;;
Michael;09:04:34;15:56:58;1055.014,-1318.213,-1318.213;True,Coupes,ORACLE,33,11012,0;;;
Michael;09:04:35;15:56:58;1056.331,-1334.905,-1334.905;True,Coupes,ORACLE,30,69179,0;;;
Michael;09:04:35;15:56:59;1057.716,-1350.435,-1350.435;True,Coupes,ORACLE,28,85427,1;;;
Michael;09:04:36;15:57:00;1058.822,-1365.701,-1365.701;True,Coupes,ORACLE,27,07133,0;;;
Michael;09:04:37;15:57:00;1058.919,-1379.643,-1379.643;True,Coupes,ORACLE,26,74041,1;;;
Michael;09:04:37;15:57:01;1057.016,-1393.777,-1393.777;True,Coupes,ORACLE,27,45844,1;;;
Michael;09:04:38;15:57:01;1054.407,-1408.403,-1408.403;True,Coupes,ORACLE,29,11856,1;;;
Michael;09:04:38;15:57:02;1053.284,-1423.869,-1423.869;True,Coupes,ORACLE,28,46885,0;I wonder how controllable and discreet he'll be when he sees the guy who killed me, and put Brad in jail.;MICHAEL;FBI2_GYAN
Michael;09:04:39;15:57:02;1053.079,-1439.216,-1439.216;True,Coupes,ORACLE,29,7029,1;;;
Michael;09:04:39;15:57:03;1053.096,-1455.135,-1455.135;True,Coupes,ORACLE,31,06622,1;;;
Michael;09:04:40;15:57:03;1053.418,-1471.117,-1471.117;True,Coupes,ORACLE,29,60763,0;;;
Michael;09:04:40;15:57:04;1053.693,-1483.944,-1483.944;True,Coupes,ORACLE,18,88785,0;;;
Michael;09:04:41;15:57:04;1053.876,-1492.462,-1492.462;True,Coupes,ORACLE,15,66868,1;;;
Michael;09:04:41;15:57:05;1054.049,-1500.677,-1500.677;True,Coupes,ORACLE,15,77922,1;;;
Michael;09:04:42;15:57:05;1054.225,-1508.982,-1508.982;True,Coupes,ORACLE,13,64837,0;;;
Michael;09:04:42;15:57:06;1054.358,-1515.248,-1515.248;True,Coupes,ORACLE,11,12131,0;;;
Michael;09:04:43;15:57:06;1054.48,-1520.987,-1520.987;True,Coupes,ORACLE,12,07301,1;;;
Michael;09:04:43;15:57:07;1054.653,-1527.211,-1527.211;True,Coupes,ORACLE,10,89799,0;;;
Michael;09:04:44;15:57:07;1055.387,-1532.846,-1532.846;True,Coupes,ORACLE,11,63356,1;;;
Michael;09:04:44;15:57:08;1055.543,-1539.114,-1539.114;True,Coupes,ORACLE,12,03599,1;Maybe I'll hang back.;DAVE;FBI2_GYAO
Michael;09:04:45;15:57:08;1056.242,-1545.98,-1545.98;True,Coupes,ORACLE,14,43688,1;;;
Michael;09:04:46;15:57:09;1057.248,-1554.094,-1554.094;True,Coupes,ORACLE,16,72695,1;;;
Michael;09:04:46;15:57:10;1058.883,-1563.542,-1563.542;True,Coupes,ORACLE,19,9051,1;Yeah. That might be a good idea.;MICHAEL;FBI2_GYAP
Michael;09:04:47;15:57:10;1060.285,-1574.553,-1574.553;True,Coupes,ORACLE,22,14475,1;;;
Michael;09:04:47;15:57:11;1061.207,-1586.609,-1586.609;True,Coupes,ORACLE,23,8407,1;;;
Michael;09:04:48;15:57:11;1062.455,-1599.435,-1599.435;True,Coupes,ORACLE,25,18869,0;;;
Michael;09:04:48;15:57:12;1064.099,-1612.235,-1612.235;True,Coupes,ORACLE,24,77498,1;;;
Michael;09:04:49;15:57:12;1064.861,-1625.978,-1625.978;True,Coupes,ORACLE,27,60741,1;;;
Michael;09:04:49;15:57:13;1067.333,-1640.951,-1640.951;True,Coupes,ORACLE,29,57279,1;;;
Michael;09:04:50;15:57:13;1070.256,-1656.464,-1656.464;True,Coupes,ORACLE,30,82932,1;;;
Michael;09:04:50;15:57:14;1073.281,-1672.557,-1672.557;True,Coupes,ORACLE,32,08986,1;;;
Michael;09:04:51;15:57:14;1076.619,-1689.571,-1689.571;True,Coupes,ORACLE,33,01305,1;;;
Michael;09:04:51;15:57:15;1080.377,-1706.774,-1706.774;True,Coupes,ORACLE,33,7902,1;;;
Michael;09:04:52;15:57:15;1084.161,-1724.149,-1724.149;True,Coupes,ORACLE,34,58658,1;;;
Michael;09:04:52;15:57:16;1088.038,-1742.05,-1742.05;True,Coupes,ORACLE,33,81929,1;;;
Michael;09:04:53;15:57:16;1093.499,-1759.436,-1759.436;True,Coupes,ORACLE,34,86567,1;;;
Michael;09:04:53;15:57:17;1100.672,-1776.79,-1776.79;True,Coupes,ORACLE,35,82577,1;;;
Michael;09:04:54;15:57:17;1107.642,-1794.386,-1794.386;True,Coupes,ORACLE,36,48571,1;;;
Michael;09:04:54;15:57:18;1114.785,-1812.519,-1812.519;True,Coupes,ORACLE,37,17761,1;;;
Michael;09:04:55;15:57:18;1121.93,-1830.698,-1830.698;True,Coupes,ORACLE,35,73959,0;;;
Michael;09:04:56;15:57:19;1128.589,-1847.426,-1847.426;True,Coupes,ORACLE,33,34473,0;;;
Michael;09:04:56;15:57:20;1135.886,-1862.784,-1862.784;True,Coupes,ORACLE,30,88706,0;;;
Michael;09:04:57;15:57:20;1144.098,-1876.048,-1876.048;True,Coupes,ORACLE,28,36231,0;;;
Michael;09:04:57;15:57:21;1152.139,-1887.837,-1887.837;True,Coupes,ORACLE,26,0064,0;;;
Michael;09:04:58;15:57:21;1158.954,-1898.966,-1898.966;True,Coupes,ORACLE,23,60654,0;;;
Michael;09:04:58;15:57:22;1164.519,-1909.183,-1909.183;True,Coupes,ORACLE,21,21366,0;;;
Michael;09:04:59;15:57:22;1169.462,-1918.612,-1918.612;True,Coupes,ORACLE,19,95425,1;;;
Michael;09:04:59;15:57:23;1174.433,-1928.404,-1928.404;True,Coupes,ORACLE,21,7393,1;;;
Michael;09:05:00;15:57:23;1179.346,-1937.969,-1937.969;True,Coupes,ORACLE,19,30393,0;;;
Michael;09:05:00;15:57:24;1184.147,-1946.064,-1946.064;True,Coupes,ORACLE,16,96926,0;;;
Michael;09:05:01;15:57:24;1188.898,-1953.361,-1953.361;True,Coupes,ORACLE,18,03789,1;;;
Michael;09:05:01;15:57:25;1194.201,-1961.758,-1961.758;True,Coupes,ORACLE,19,91151,0;;;
Michael;09:05:02;15:57:25;1198.832,-1970.318,-1970.318;True,Coupes,ORACLE,17,6893,0;;;
Michael;09:05:02;15:57:26;1202.982,-1978.061,-1978.061;True,Coupes,ORACLE,15,52034,0;;;
Michael;09:05:03;15:57:26;1206.642,-1984.817,-1984.817;True,Coupes,ORACLE,13,42991,0;;;
Michael;09:05:03;15:57:27;1209.801,-1990.574,-1990.574;True,Coupes,ORACLE,11,42928,0;;;
Michael;09:05:04;15:57:27;1212.466,-1995.369,-1995.369;True,Coupes,ORACLE,9,511851,0;;;
Michael;09:05:04;15:57:28;1214.821,-1999.872,-1999.872;True,Coupes,ORACLE,9,708164,0;;;
Michael;09:05:05;15:57:28;1216.656,-2004.074,-2004.074;True,Coupes,ORACLE,7,863135,0;;;
Michael;09:05:06;15:57:29;1218.096,-2007.422,-2007.422;True,Coupes,ORACLE,6,019801,0;;;
Michael;09:05:06;15:57:30;1219.069,-2009.653,-2009.653;True,Coupes,ORACLE,3,028591,0;;;
Michael;09:05:07;15:57:30;1219.52,-2010.741,-2010.741;True,Coupes,ORACLE,1,512211,0;;;
Michael;09:05:07;15:57:31;1219.822,-2011.573,-2011.573;True,Coupes,ORACLE,1,87013,0;;;
Michael;09:05:08;15:57:31;1220.183,-2012.454,-2012.454;True,Coupes,ORACLE,2,911484,1;;;
Michael;09:05:08;15:57:32;1221.363,-2015.26,-2015.26;True,Coupes,ORACLE,8,311913,0;;;
Michael;09:05:09;15:57:32;1222.881,-2018.835,-2018.835;True,Coupes,ORACLE,6,621186,0;;;
Michael;09:05:09;15:57:33;1224.091,-2021.646,-2021.646;True,Coupes,ORACLE,4,957644,0;;;
Michael;09:05:10;15:57:33;1225.455,-2024.786,-2024.786;True,Coupes,ORACLE,8,506014,1;;;
Michael;09:05:10;15:57:34;1227.611,-2029.708,-2029.708;True,Coupes,ORACLE,10,45692,0;;;
Michael;09:05:11;15:57:34;1229.41,-2034.358,-2034.358;True,Coupes,ORACLE,8,694972,0;;;
Michael;09:05:11;15:57:35;1230.77,-2038.282,-2038.282;True,Coupes,ORACLE,6,998825,0;;;
Michael;09:05:12;15:57:35;1232.101,-2041.713,-2041.713;True,Coupes,ORACLE,8,034493,0;;;
Michael;09:05:12;15:57:36;1234.196,-2044.82,-2044.82;True,Coupes,ORACLE,6,304192,0;;;
Michael;09:05:13;15:57:36;1236.882,-2047.571,-2047.571;True,Coupes,ORACLE,8,675768,1;;;
Michael;09:05:13;15:57:37;1241.935,-2050.235,-2050.235;True,Coupes,ORACLE,12,04124,0;;;
Michael;09:05:14;15:57:37;1247.582,-2051.657,-2051.657;True,Coupes,ORACLE,10,24063,0;;;
Michael;09:05:14;15:57:38;1252.394,-2051.974,-2051.974;True,Coupes,ORACLE,8,381801,0;;;
Michael;09:05:15;15:57:39;1256.422,-2051.784,-2051.784;True,Coupes,ORACLE,6,851696,1;;;
Michael;09:05:16;15:57:39;1260.966,-2051.211,-2051.211;True,Coupes,ORACLE,9,660538,0;;;
Michael;09:05:16;15:57:40;1266.647,-2050.367,-2050.367;True,Coupes,ORACLE,12,09119,0;;;
Michael;09:05:17;15:57:40;1272.761,-2049.383,-2049.383;True,Coupes,ORACLE,12,85654,1;;;
Michael;09:05:17;15:57:41;1279.978,-2047.528,-2047.528;True,Coupes,ORACLE,15,41376,1;;;
Michael;09:05:18;15:57:41;1288.299,-2044.634,-2044.634;True,Coupes,ORACLE,17,79898,1;;;
Michael;09:05:18;15:57:42;1297.637,-2041.328,-2041.328;True,Coupes,ORACLE,20,09129,1;;;
Michael;09:05:19;15:57:42;1308.217,-2038.009,-2038.009;True,Coupes,ORACLE,20,91574,0;;;
Michael;09:05:19;15:57:43;1317.974,-2034.223,-2034.223;True,Coupes,ORACLE,19,99852,1;;;
Michael;09:05:20;15:57:43;1327.176,-2030.529,-2030.529;True,Coupes,ORACLE,17,61065,0;;;
Michael;09:05:20;15:57:44;1334.79,-2026.662,-2026.662;True,Coupes,ORACLE,15,33488,0;;;
Michael;09:05:21;15:57:44;1341.352,-2023.13,-2023.13;True,Coupes,ORACLE,13,05681,0;;;
Michael;09:05:21;15:57:45;1347.578,-2020.008,-2020.008;True,Coupes,ORACLE,14,17203,1;;;
Michael;09:05:22;15:57:45;1354.273,-2019.299,-2019.299;True,Coupes,ORACLE,11,13529,0;;;
Michael;09:05:22;15:57:46;1359.854,-2022.297,-2022.297;True,Coupes,ORACLE,13,12603,1;;;
Michael;09:05:23;15:57:46;1365.15,-2027.824,-2027.824;True,Coupes,ORACLE,15,27507,1;;;
Michael;09:05:23;15:57:47;1370.313,-2034.894,-2034.894;True,Coupes,ORACLE,18,77891,1;;;
Michael;09:05:24;15:57:47;1375.276,-2044.195,-2044.195;True,Coupes,ORACLE,19,23543,0;;;
Michael;09:05:25;15:57:48;1378.442,-2053.023,-2053.023;True,Coupes,ORACLE,14,94184,0;;;
Michael;09:05:25;15:57:49;1379.611,-2057.491,-2057.491;True,Coupes,ORACLE,4,302424,0;You know what, you better keep a low profile.;MICHAEL;FBI2_HKAA
Michael;09:05:26;15:57:49;1379.661,-2058.157,-2058.157;True,Coupes,ORACLE,0,2522487,0;;;
Michael;09:05:26;15:57:50;1379.63,-2058.161,-2058.161;True,Coupes,ORACLE,0,007264404,0;;;
Michael;09:05:27;15:57:50;1380.76,-2057.048,-2057.048;;;;
Michael;09:05:27;15:57:51;1380.663,-2057.012,-2057.012;;Yeah I think I will, see you later.;DAVE;FBI2_HKAB
Michael;09:05:28;15:57:51;1380.663,-2057.013,-2057.013;;;;
Michael;09:05:28;15:57:52;1380.841,-2057.433,-2057.433;;;;
Michael;09:05:29;15:57:52;1381.055,-2058.283,-2058.283;;;;
Michael;09:05:29;15:57:53;1381.298,-2059.201,-2059.201;;;;
Michael;09:05:30;15:57:53;1377.766,-2075.543,-2075.543;;;;
Michael;09:05:30;15:57:54;1377.174,-2075.619,-2075.619;;Who's that cagey motherfucker, huh?;Cutscene;Cutscene
Michael;09:05:31;15:57:54;1376.642,-2075.635,-2075.635;;;;
Michael;09:05:31;15:57:55;1376.191,-2075.436,-2075.436;;;;
Michael;09:05:32;15:57:55;1375.734,-2075.339,-2075.339;;No, it's another cagey motherfucker, alright?;Cutscene;Cutscene
Michael;09:05:32;15:57:56;1375.455,-2075.169,-2075.169;;;;
Michael;09:05:33;15:57:56;1375.224,-2074.896,-2074.896;;;;
Michael;09:05:34;15:57:57;1374.951,-2074.798,-2074.798;;;;
Michael;09:05:34;15:57:58;1374.843,-2074.646,-2074.646;;;;
Michael;09:05:35;15:57:58;1374.785,-2074.372,-2074.372;;Not you.;Cutscene;Cutscene
Michael;09:05:35;15:57:59;1373.415,-2074.264,-2074.264;;Hey, T, enough with the faux political bullshit.;Cutscene;Cutscene
Michael;09:05:36;15:57:59;1372.447,-2074.726,-2074.726;;;;
Michael;09:05:36;15:58:00;1372.372,-2074.732,-2074.732;;;;
Michael;09:05:37;15:58:00;1372.399,-2074.636,-2074.636;;;;
Michael;09:05:37;15:58:01;1372.356,-2074.629,-2074.629;;;;
Michael;09:05:38;15:58:01;1372.202,-2074.729,-2074.729;;;;
Michael;09:05:38;15:58:02;1372.198,-2074.733,-2074.733;;;;
Michael;09:05:39;15:58:02;1372.209,-2074.707,-2074.707;;;;
Michael;09:05:39;15:58:03;1372.311,-2074.642,-2074.642;;;;
Michael;09:05:40;15:58:03;1372.329,-2074.669,-2074.669;;;;
Michael;09:05:40;15:58:04;1372.335,-2074.626,-2074.626;;;;
Michael;09:05:41;15:58:04;1372.357,-2074.492,-2074.492;;;;
Michael;09:05:41;15:58:05;1372.455,-2074.471,-2074.471;;;;
Michael;09:05:42;15:58:05;1372.476,-2074.59,-2074.59;;Franklin,;Cutscene;Cutscene
Michael;09:05:43;15:58:06;1372.503,-2074.63,-2074.63;;;;
Michael;09:05:43;15:58:07;1372.317,-2074.478,-2074.478;;;;
Michael;09:05:44;15:58:07;1372.306,-2074.369,-2074.369;;come on,;Cutscene;Cutscene
Michael;09:05:44;15:58:08;1372.354,-2074.291,-2074.291;;you'd better take off, really.;Cutscene;Cutscene
Michael;09:05:45;15:58:08;1372.395,-2074.18,-2074.18;;;;
Michael;09:05:45;15:58:09;1372.277,-2074.184,-2074.184;;;;
Michael;09:05:46;15:58:09;1372.152,-2074.156,-2074.156;;Shit, I'm good,;Cutscene;Cutscene
Michael;09:05:46;15:58:10;1372.172,-2074.216,-2074.216;;;;
Michael;09:05:47;15:58:10;1372.2,-2074.25,-2074.25;;I ain't bailing.;Cutscene;Cutscene
Michael;09:05:47;15:58:11;1372.178,-2074.234,-2074.234;;;;
Michael;09:05:48;15:58:11;1372.176,-2074.223,-2074.223;;Whoa.;Cutscene;Cutscene
Michael;09:05:48;15:58:12;1372.191,-2074.214,-2074.214;;;;
Michael;09:05:49;15:58:12;1372.198,-2074.205,-2074.205;;What, am I detecting some... err...;Cutscene;Cutscene
Michael;09:05:49;15:58:13;1372.199,-2074.21,-2074.21;;;;
Michael;09:05:50;15:58:13;1372.187,-2074.221,-2074.221;;some sort of... err...;Cutscene;Cutscene
Michael;09:05:50;15:58:14;1372.185,-2074.218,-2074.218;;;;
Michael;09:05:51;15:58:14;1372.193,-2074.212,-2074.212;;;;
Michael;09:05:52;15:58:15;1372.193,-2074.215,-2074.215;;'son I never had' bullshit here, Mikey, huh?;Cutscene;Cutscene
Michael;09:05:52;15:58:16;1372.198,-2074.22,-2074.22;;;;
Michael;09:05:53;15:58:16;1372.202,-2074.221,-2074.221;;;;
Michael;09:05:53;15:58:17;1372.2,-2074.218,-2074.218;;;;
Michael;09:05:54;15:58:17;1372.193,-2074.211,-2074.211;;;;
Michael;09:05:54;15:58:18;1372.174,-2074.136,-2074.136;;;;
Michael;09:05:55;15:58:18;1372.367,-2074.082,-2074.082;;Hey, listen,;Cutscene;Cutscene
Michael;09:05:55;15:58:19;1372.358,-2074.094,-2074.094;;if you wanna replace some father figure,;Cutscene;Cutscene
Michael;09:05:56;15:58:19;1372.35,-2074.075,-2074.075;;;;
Michael;09:05:56;15:58:20;1372.35,-2074.073,-2074.073;;;;
Michael;09:05:57;15:58:20;1372.344,-2074.082,-2074.082;;you can do a lot better that this fat snake, alright?;Cutscene;Cutscene
Michael;09:05:57;15:58:21;1372.344,-2074.083,-2074.083;;;;
Michael;09:05:58;15:58:21;1372.345,-2074.083,-2074.083;;;;
Michael;09:05:58;15:58:22;1372.342,-2074.086,-2074.086;;;;
Michael;09:05:59;15:58:22;1372.339,-2074.094,-2074.094;;;;
Michael;09:05:59;15:58:23;1372.375,-2074.122,-2074.122;;This fucker would eat his own kids.;Cutscene;Cutscene
Michael;09:06:00;15:58:23;1372.357,-2074.167,-2074.167;;;;
Michael;09:06:00;15:58:24;1372.234,-2074.216,-2074.216;;;;
Michael;09:06:01;15:58:25;1372.163,-2074.255,-2074.255;;;;
Michael;09:06:02;15:58:25;1372.244,-2074.438,-2074.438;;Like I said, Franklin,;Cutscene;Cutscene
Michael;09:06:02;15:58:26;1372.283,-2074.508,-2074.508;;;;
Michael;09:06:03;15:58:26;1372.219,-2074.476,-2074.476;;deranged.;Cutscene;Cutscene
Michael;09:06:03;15:58:27;1372.133,-2074.377,-2074.377;;Yeah, and best friend.;Cutscene;Cutscene
Michael;09:06:04;15:58:27;1372.161,-2074.283,-2074.283;;;;
Michael;09:06:04;15:58:28;1372.203,-2074.343,-2074.343;;;;
Michael;09:06:05;15:58:28;1372.306,-2074.387,-2074.387;;;;
Michael;09:06:05;15:58:29;1372.255,-2074.434,-2074.434;;;;
Michael;09:06:06;15:58:29;1372.138,-2074.417,-2074.417;;Exactly.;Cutscene;Cutscene
Michael;09:06:06;15:58:30;1372.081,-2074.45,-2074.45;;;;
Michael;09:06:07;15:58:30;1372.059,-2074.755,-2074.755;;;;
Michael;09:06:07;15:58:31;1371.971,-2074.931,-2074.931;;That's Trevor, my best friend.;Cutscene;Cutscene
Michael;09:06:08;15:58:31;1371.706,-2075.103,-2075.103;;;;
Michael;09:06:08;15:58:32;1371.496,-2075.349,-2075.349;;That's Franklin, the son I always wanted.;Cutscene;Cutscene
Michael;09:06:09;15:58:32;1371.296,-2075.693,-2075.693;;;;
Michael;09:06:09;15:58:33;1371.003,-2075.954,-2075.954;;;;
Michael;09:06:10;15:58:34;1370.814,-2076.168,-2076.168;;;;
Michael;09:06:11;15:58:34;1370.753,-2076.443,-2076.443;;;;
Michael;09:06:11;15:58:35;1370.785,-2076.45,-2076.45;;;;
Michael;09:06:12;15:58:35;1370.914,-2076.23,-2076.23;;;;
Michael;09:06:12;15:58:36;1370.927,-2076.026,-2076.026;;Alright, guys, listen, this is the shot.;Cutscene;Cutscene
Michael;09:06:13;15:58:36;1370.925,-2075.809,-2075.809;;;;
Michael;09:06:13;15:58:37;1371.193,-2075.685,-2075.685;;;;
Michael;09:06:14;15:58:37;1371.311,-2075.523,-2075.523;;;;
Michael;09:06:14;15:58:38;1371.289,-2075.351,-2075.351;;;;
Michael;09:06:15;15:58:38;1371.473,-2075.243,-2075.243;;I'm gonna do all the heavy lifting on this job,;Cutscene;Cutscene
Michael;09:06:15;15:58:39;1371.506,-2075.243,-2075.243;;;;
Michael;09:06:16;15:58:39;1371.288,-2075.259,-2075.259;;;;
Michael;09:06:16;15:58:40;1371.163,-2075.357,-2075.357;;;;
Michael;09:06:17;15:58:40;1371.219,-2075.375,-2075.375;;okay?;Cutscene;Cutscene
Michael;09:06:17;15:58:41;1371.292,-2075.426,-2075.426;;;;
Michael;09:06:18;15:58:41;1371.218,-2075.379,-2075.379;;Trevor, all I need you to do is fly me to the target.;Cutscene;Cutscene
Michael;09:06:18;15:58:42;1371.208,-2075.404,-2075.404;;;;
Michael;09:06:19;15:58:43;1371.245,-2075.375,-2075.375;;;;
Michael;09:06:20;15:58:43;1371.259,-2075.395,-2075.395;;;;
Michael;09:06:20;15:58:44;1371.27,-2075.409,-2075.409;;;;
Michael;09:06:21;15:58:44;1371.296,-2075.447,-2075.447;;Franklin, you're gonna cover me from across the street.;Cutscene;Cutscene
Michael;09:06:21;15:58:45;1371.2,-2075.381,-2075.381;;;;
Michael;09:06:22;15:58:45;1371.11,-2075.399,-2075.399;;;;
Michael;09:06:22;15:58:46;1371.197,-2075.367,-2075.367;;;;
Michael;09:06:23;15:58:46;1371.255,-2075.395,-2075.395;;;;
Michael;09:06:23;15:58:47;1371.236,-2075.404,-2075.404;;We're gonna make these assholes happy,;Cutscene;Cutscene
Michael;09:06:24;15:58:47;1371.228,-2075.355,-2075.355;;;;
Michael;09:06:24;15:58:48;1371.226,-2075.398,-2075.398;;;;
Michael;09:06:25;15:58:48;1371.219,-2075.412,-2075.412;;and we're gonna walk away from this thing clean.;Cutscene;Cutscene
Michael;09:06:25;15:58:49;1371.225,-2075.392,-2075.392;;;;
Michael;09:06:26;15:58:49;1371.245,-2075.387,-2075.387;;;;
Michael;09:06:26;15:58:50;1371.239,-2075.385,-2075.385;;;;
Michael;09:06:27;15:58:50;1371.233,-2075.387,-2075.387;;Got it?;Cutscene;Cutscene
Michael;09:06:27;15:58:51;1371.231,-2075.382,-2075.382;;;;
Michael;09:06:28;15:58:52;1371.227,-2075.39,-2075.39;;I got you.;Cutscene;Cutscene
Michael;09:06:29;15:58:52;1371.23,-2075.388,-2075.388;;Alright, and we do this,;Cutscene;Cutscene
Michael;09:06:29;15:58:53;1371.083,-2075.348,-2075.348;;;;
Michael;09:06:30;15:58:53;1371.005,-2075.402,-2075.402;;;;
Michael;09:06:30;15:58:54;1371.042,-2075.438,-2075.438;;and they help us spring Brad, right?;Cutscene;Cutscene
Michael;09:06:31;15:58:54;1371.152,-2075.425,-2075.425;;;;
Michael;09:06:31;15:58:55;1371.208,-2075.426,-2075.426;;;;
Michael;09:06:32;15:58:55;1371.23,-2075.485,-2075.485;;;;
Michael;09:06:32;15:58:56;1371.192,-2075.451,-2075.451;;Yeah, we'll talk about Brad later, alright?;Cutscene;Cutscene
Michael;09:06:33;15:58:56;1371.2,-2075.438,-2075.438;;;;
Michael;09:06:33;15:58:57;1371.193,-2075.465,-2075.465;;;;
Michael;09:06:34;15:58:57;1371.191,-2075.46,-2075.46;;;;
Michael;09:06:34;15:58:58;1371.193,-2075.463,-2075.463;;I got to change.;Cutscene;Cutscene
Michael;09:06:35;15:58:58;1371.202,-2075.465,-2075.465;;;;
Michael;09:06:35;15:58:59;1371.193,-2075.479,-2075.479;;;;
Michael;09:06:36;15:58:59;1371.063,-2075.654,-2075.654;;You better grab a head start.;Cutscene;Cutscene
Michael;09:06:36;15:59:00;1370.931,-2075.723,-2075.723;;;;
Michael;09:06:37;15:59:01;1370.891,-2075.705,-2075.705;;;;
Michael;09:06:38;15:59:01;1370.83,-2075.621,-2075.621;;;;
Michael;09:06:38;15:59:02;1370.79,-2075.786,-2075.786;;Nice to meet you, homie.;Cutscene;Cutscene
Michael;09:06:39;15:59:02;1370.788,-2076.087,-2076.087;;;;
Michael;09:06:39;15:59:03;1370.631,-2076.345,-2076.345;;;;
Michael;09:06:40;15:59:03;1370.626,-2076.544,-2076.544;;;;
Michael;09:06:40;15:59:04;1370.757,-2076.862,-2076.862;;Yeah, whatever.;Cutscene;Cutscene
Michael;09:06:41;15:59:04;1370.849,-2077.078,-2077.078;;;;
Michael;09:06:41;15:59:05;1370.943,-2077.246,-2077.246;;;;
Michael;09:06:42;15:59:05;1384.2,-2079.429,-2079.429;;;;
Michael;09:06:42;15:59:06;1384.512,-2079.422,-2079.422;;;;
Michael;09:06:43;15:59:06;1384.609,-2079.431,-2079.431;;;;
Michael;09:06:43;15:59:07;1384.627,-2079.432,-2079.432;;;;
Michael;09:06:44;15:59:07;1384.75,-2079.767,-2079.767;;;;
Michael;09:06:44;15:59:08;1384.924,-2080.058,-2080.058;;;;
Michael;09:06:45;15:59:08;1385.138,-2080.408,-2080.408;;;;
Michael;09:06:45;15:59:09;1385.293,-2080.686,-2080.686;;;;
Michael;09:06:46;15:59:10;1385.416,-2080.677,-2080.677;;;;
Michael;09:06:47;15:59:10;1377.703,-2076.461,-2076.461;;;;
Michael;09:06:47;15:59:11;1377.294,-2076.302,-2076.302;;;;
Michael;09:06:48;15:59:11;1376.78,-2076.028,-2076.028;;;;
Michael;09:06:48;15:59:12;1376.188,-2075.911,-2075.911;;The government gimp at last.;Cutscene;Cutscene
Michael;09:06:49;15:59:12;1375.551,-2075.638,-2075.638;;;;
Michael;09:06:49;15:59:13;1374.856,-2075.424,-2075.424;;;;
Michael;09:06:50;15:59:13;1374.179,-2075.126,-2075.126;;;;
Michael;09:06:50;15:59:14;1373.472,-2074.755,-2074.755;;;;
Michael;09:06:51;15:59:14;1372.815,-2074.433,-2074.433;;Bite me.;Cutscene;Cutscene
Michael;09:06:51;15:59:15;1372.212,-2073.932,-2073.932;;Let's go.;Cutscene;Cutscene
Michael;09:06:52;15:59:15;1371.526,-2073.554,-2073.554;;;;
Michael;09:06:52;15:59:16;1370.863,-2073.138,-2073.138;;;;
Michael;09:06:53;15:59:16;1370.097,-2072.974,-2072.974;;;;
Michael;09:06:53;15:59:17;1369.278,-2072.862,-2072.862;;;;
Michael;09:06:54;15:59:17;1367.048,-2075.195,-2075.195;;;;
Michael;09:06:54;15:59:18;1367.395,-2075.419,-2075.419;;;;
Michael;09:06:55;15:59:18;1367.659,-2075.489,-2075.489;;;;
Michael;09:06:55;15:59:19;1367.84,-2075.494,-2075.494;;;;
Michael;09:06:56;15:59:20;1368.09,-2075.547,-2075.547;;;;
Michael;09:06:57;15:59:20;1368.154,-2075.589,-2075.589;;;;
Michael;09:06:57;15:59:21;1368.371,-2075.665,-2075.665;;;;
Michael;09:06:58;15:59:21;1368.444,-2075.708,-2075.708;;Alright, let's do this thing.;Cutscene;Cutscene
Michael;09:06:58;15:59:22;1368.473,-2076.732,-2076.732;True,Helicopters,FROGGER,0,0;;;
Michael;09:06:59;15:59:22;1368.473,-2076.732,-2076.732;True,Helicopters,FROGGER,0,0;;;
Michael;09:06:59;15:59:23;1368.473,-2076.732,-2076.732;True,Helicopters,FROGGER,0,0;;;
Michael;09:07:00;15:59:23;1368.473,-2076.732,-2076.732;True,Helicopters,FROGGER,0,0;;;
Michael;09:07:00;15:59:24;1368.473,-2076.732,-2076.732;True,Helicopters,FROGGER,0,0;;;
Michael;09:07:01;15:59:24;1368.473,-2076.732,-2076.732;True,Helicopters,FROGGER,0,0;;;
Michael;09:07:01;15:59:25;1368.473,-2076.732,-2076.732;True,Helicopters,FROGGER,0,0;We need to go to the Agency headquarters. Downtown.;MICHAEL;FBI2_AFAA
Michael;09:07:02;15:59:25;1368.472,-2076.732,-2076.732;True,Helicopters,FROGGER,0,08852231,0;;;
Michael;09:07:02;15:59:26;1368.469,-2076.732,-2076.732;True,Helicopters,FROGGER,0,2558979,0;;;
Michael;09:07:03;15:59:26;1368.466,-2076.732,-2076.732;True,Helicopters,FROGGER,1,80313,0;;;
Michael;09:07:03;15:59:27;1368.522,-2076.746,-2076.746;True,Helicopters,FROGGER,3,912432,0;;;
Michael;09:07:04;15:59:27;1368.568,-2076.757,-2076.757;True,Helicopters,FROGGER,5,783998,0;;;
Michael;09:07:04;15:59:28;1368.563,-2076.765,-2076.765;True,Helicopters,FROGGER,7,313382,0;;;
Michael;09:07:05;15:59:29;1368.466,-2076.81,-2076.81;True,Helicopters,FROGGER,8,584613,0;;;
Michael;09:07:06;15:59:29;1368.119,-2077.002,-2077.002;True,Helicopters,FROGGER,9,620776,0;;;
Michael;09:07:06;15:59:30;1367.537,-2077.395,-2077.395;True,Helicopters,FROGGER,10,1003,0;;;
Michael;09:07:07;15:59:30;1366.898,-2077.899,-2077.899;True,Helicopters,FROGGER,7,000073,0;;;
Michael;09:07:07;15:59:31;1365.958,-2078.385,-2078.385;True,Helicopters,FROGGER,6,354022,0;;;
Michael;09:07:08;15:59:31;1364.145,-2078.801,-2078.801;True,Helicopters,FROGGER,7,480155,0;;;
Michael;09:07:08;15:59:32;1361.347,-2079.044,-2079.044;True,Helicopters,FROGGER,10,14085,0;;;
Michael;09:07:09;15:59:32;1356.566,-2078.106,-2078.106;True,Helicopters,FROGGER,13,39405,0;;;
Michael;09:07:09;15:59:33;1350.278,-2075.285,-2075.285;True,Helicopters,FROGGER,16,51944,0;;;
Michael;09:07:10;15:59:33;1342.907,-2070.277,-2070.277;True,Helicopters,FROGGER,19,67265,0;;;
Michael;09:07:10;15:59:34;1334.625,-2063.006,-2063.006;True,Helicopters,FROGGER,23,19788,0;;;
Michael;09:07:11;15:59:34;1325.348,-2053.695,-2053.695;True,Helicopters,FROGGER,26,80206,0;;;
Michael;09:07:11;15:59:35;1314.984,-2042.927,-2042.927;True,Helicopters,FROGGER,30,1468,0;;;
Michael;09:07:12;15:59:35;1303.299,-2031.23,-2031.23;True,Helicopters,FROGGER,33,15937,0;Your new friends are a riot. No wonder you said sayonara to the old crew.;TREVOR;FBI2_AGAA
Michael;09:07:12;15:59:36;1290.137,-2018.998,-2018.998;True,Helicopters,FROGGER,35,87671,0;;;
Michael;09:07:13;15:59:36;1275.293,-2006.031,-2006.031;True,Helicopters,FROGGER,38,3984,0;;;
Michael;09:07:13;15:59:37;1259.78,-1992.439,-1992.439;True,Helicopters,FROGGER,40,64349,0;;;
Michael;09:07:14;15:59:37;1243.404,-1977.421,-1977.421;True,Helicopters,FROGGER,42,74271,0;;;
Michael;09:07:14;15:59:38;1226.883,-1961.422,-1961.422;True,Helicopters,FROGGER,44,64195,0;;;
Michael;09:07:15;15:59:39;1209.721,-1944.229,-1944.229;True,Helicopters,FROGGER,46,40195,0;;;
Michael;09:07:16;15:59:39;1191.906,-1926.321,-1926.321;True,Helicopters,FROGGER,48,02808,0;;;
Michael;09:07:16;15:59:40;1173.661,-1908.395,-1908.395;True,Helicopters,FROGGER,49,49833,0;;;
Michael;09:07:17;15:59:40;1154.462,-1890.166,-1890.166;True,Helicopters,FROGGER,50,85537,0;;;
Michael;09:07:17;15:59:41;1134.357,-1871.572,-1871.572;True,Helicopters,FROGGER,52,10176,0;Walking away ain't easy Trev, but sometimes I guess you gotta make compromises.;MICHAEL;FBI2_AGAB
Michael;09:07:18;15:59:41;1114.434,-1852.808,-1852.808;True,Helicopters,FROGGER,53,17827,0;;;
Michael;09:07:18;15:59:42;1094.196,-1833.087,-1833.087;True,Helicopters,FROGGER,54,19449,0;;;
Michael;09:07:19;15:59:42;1073.669,-1813.168,-1813.168;True,Helicopters,FROGGER,55,09443,0;;;
Michael;09:07:19;15:59:43;1052.47,-1793.494,-1793.494;True,Helicopters,FROGGER,55,89291,0;;;
Michael;09:07:20;15:59:43;1030.833,-1773.702,-1773.702;True,Helicopters,FROGGER,56,56894,0;;;
Michael;09:07:20;15:59:44;1009.286,-1753.262,-1753.262;True,Helicopters,FROGGER,57,08136,0;;;
Michael;09:07:21;15:59:44;988.1697,-1731.995,-1731.995;True,Helicopters,FROGGER,57,73085,0;;;
Michael;09:07:21;15:59:45;966.7717,-1710.417,-1710.417;True,Helicopters,FROGGER,58,36256,0;;;
Michael;09:07:22;15:59:45;944.7004,-1688.82,-1688.82;True,Helicopters,FROGGER,58,8645,0;;;
Michael;09:07:22;15:59:46;921.6179,-1667.713,-1667.713;True,Helicopters,FROGGER,59,28261,0;What happened to dying with a gun in your hand?;TREVOR;FBI2_AGAC
Michael;09:07:23;15:59:46;897.9871,-1646.715,-1646.715;True,Helicopters,FROGGER,59,67603,0;;;
Michael;09:07:23;15:59:47;874.3678,-1625.578,-1625.578;True,Helicopters,FROGGER,60,11354,0;;;
Michael;09:07:24;15:59:47;851.0329,-1603.907,-1603.907;True,Helicopters,FROGGER,60,48817,0;;;
Michael;09:07:24;15:59:48;828.0723,-1581.948,-1581.948;True,Helicopters,FROGGER,60,74284,0;;;
Michael;09:07:25;15:59:49;804.861,-1559.56,-1559.56;True,Helicopters,FROGGER,60,9419,0;Life happened. Annoying wife. Two kids. Remember them?;MICHAEL;FBI2_AGAD
Michael;09:07:26;15:59:49;782.0385,-1537.454,-1537.454;True,Helicopters,FROGGER,61,15756,0;;;
Michael;09:07:26;15:59:50;759.2498,-1514.914,-1514.914;True,Helicopters,FROGGER,61,32917,0;;;
Michael;09:07:27;15:59:50;736.8079,-1491.473,-1491.473;True,Helicopters,FROGGER,61,52553,0;;;
Michael;09:07:27;15:59:51;714.9999,-1467.245,-1467.245;True,Helicopters,FROGGER,61,75747,0;;;
Michael;09:07:28;15:59:51;693.8555,-1442.78,-1442.78;True,Helicopters,FROGGER,61,98623,0;;;
Michael;09:07:28;15:59:52;672.7717,-1418.285,-1418.285;True,Helicopters,FROGGER,62,17768,0;;;
Michael;09:07:29;15:59:52;651.4811,-1393.699,-1393.699;True,Helicopters,FROGGER,62,32688,0;;;
Michael;09:07:29;15:59:53;629.971,-1368.728,-1368.728;True,Helicopters,FROGGER,62,46735,0;You get tied down, you can't move anymore.;MICHAEL;FBI2_AGAJ
Michael;09:07:30;15:59:53;608.6769,-1343.498,-1343.498;True,Helicopters,FROGGER,62,61121,0;;;
Michael;09:07:30;15:59:54;587.7521,-1318.237,-1318.237;True,Helicopters,FROGGER,62,73417,0;;;
Michael;09:07:31;15:59:54;566.8189,-1292.784,-1292.784;True,Helicopters,FROGGER,62,83953,0;;;
Michael;09:07:31;15:59:55;545.9893,-1267.396,-1267.396;True,Helicopters,FROGGER,62,9403,0;;;
Michael;09:07:32;15:59:55;525.2186,-1241.836,-1241.836;True,Helicopters,FROGGER,63,01269,0;What about your ties to me? To Brad?;TREVOR;FBI2_AGAE
Michael;09:07:32;15:59:56;504.5981,-1216.136,-1216.136;True,Helicopters,FROGGER,63,05766,0;;;
Michael;09:07:33;15:59:56;483.9137,-1190.177,-1190.177;True,Helicopters,FROGGER,63,09846,0;;;
Michael;09:07:33;15:59:57;463.4317,-1164.598,-1164.598;True,Helicopters,FROGGER,61,97949,0;;;
Michael;09:07:34;15:59:57;443.1196,-1139.989,-1139.989;True,Helicopters,FROGGER,59,06394,0;;;
Michael;09:07:34;15:59:58;423.0053,-1117.016,-1117.016;True,Helicopters,FROGGER,58,32217,0;;;
Michael;09:07:35;15:59:58;402.4467,-1094.465,-1094.465;True,Helicopters,FROGGER,57,25787,0;Those ties are why you got roped in on this FIB instigated suicide pact.;MICHAEL;FBI2_AGAF
Michael;09:07:36;15:59:59;382.6158,-1072.773,-1072.773;True,Helicopters,FROGGER,55,31527,0;;;
Michael;09:07:36;16:00:00;363.4779,-1051.394,-1051.394;True,Helicopters,FROGGER,55,38879,0;;;
Michael;09:07:37;16:00:00;344.7581,-1029.902,-1029.902;True,Helicopters,FROGGER,55,56482,0;;;
Michael;09:07:37;16:00:01;325.9527,-1008.229,-1008.229;True,Helicopters,FROGGER,54,36996,0;;;
Michael;09:07:38;16:00:01;307.8261,-987.5552,-987.5552;True,Helicopters,FROGGER,52,4144,0;;;
Michael;09:07:38;16:00:02;289.9569,-968.1914,-968.1914;True,Helicopters,FROGGER,49,47677,0;;;
Michael;09:07:39;16:00:02;273.1572,-950.3809,-950.3809;True,Helicopters,FROGGER,46,47346,0;;;
Michael;09:07:39;16:00:03;257.4454,-933.855,-933.855;True,Helicopters,FROGGER,44,13542,0;;;
Michael;09:07:40;16:00:03;243.1991,-917.8379,-917.8379;True,Helicopters,FROGGER,42,28592,0;For as long as it keeps me amused, I am.;TREVOR;FBI2_AGAG
Michael;09:07:40;16:00:04;229.7771,-902.1586,-902.1586;True,Helicopters,FROGGER,40,5788,0;;;
Michael;09:07:41;16:00:04;217.1007,-887.3382,-887.3382;True,Helicopters,FROGGER,38,87954,0;;;
Michael;09:07:41;16:00:05;204.4232,-873.9124,-873.9124;True,Helicopters,FROGGER,37,13879,0;;;
Michael;09:07:42;16:00:05;191.8977,-861.8691,-861.8691;True,Helicopters,FROGGER,34,83469,0;;;
Michael;09:07:42;16:00:06;179.6921,-851.172,-851.172;True,Helicopters,FROGGER,33,80483,0;;;
Michael;09:07:43;16:00:06;167.9453,-840.8815,-840.8815;True,Helicopters,FROGGER,32,59649,0;The access point is on the west side of the tower. Get us in position so I can rappel down.;MICHAEL;FBI2_CWAA
Michael;09:07:43;16:00:07;156.9997,-830.6445,-830.6445;True,Helicopters,FROGGER,31,63885,0;;;
Michael;09:07:44;16:00:07;146.6934,-820.3674,-820.3674;True,Helicopters,FROGGER,30,56504,0;;;
Michael;09:07:44;16:00:08;136.9176,-810.6572,-810.6572;True,Helicopters,FROGGER,29,304,0;;;
Michael;09:07:45;16:00:08;127.4333,-801.9615,-801.9615;True,Helicopters,FROGGER,27,86508,0;;;
Michael;09:07:45;16:00:09;118.6349,-794.1614,-794.1614;True,Helicopters,FROGGER,26,26461,0;;;
Michael;09:07:46;16:00:09;110.4718,-786.8678,-786.8678;True,Helicopters,FROGGER,23,88142,0;;;
Michael;09:07:46;16:00:10;103.2734,-779.4773,-779.4773;True,Helicopters,FROGGER,22,68472,0;;;
Michael;09:07:47;16:00:10;97.65623,-771.113,-771.113;True,Helicopters,FROGGER,22,27475,0;;;
Michael;09:07:48;16:00:11;93.29329,-762.124,-762.124;True,Helicopters,FROGGER,21,43343,0;;;
Michael;09:07:48;16:00:12;90.27237,-752.6141,-752.6141;True,Helicopters,FROGGER,21,2979,0;;;
Michael;09:07:49;16:00:12;88.33737,-742.7228,-742.7228;True,Helicopters,FROGGER,21,1343,0;;;
Michael;09:07:49;16:00:13;87.50942,-733.1528,-733.1528;True,Helicopters,FROGGER,20,70272,0;;;
Michael;09:07:50;16:00:13;87.88082,-724.1169,-724.1169;True,Helicopters,FROGGER,20,12201,0;;;
Michael;09:07:50;16:00:14;88.87895,-715.7548,-715.7548;True,Helicopters,FROGGER,19,55195,0;;;
Michael;09:07:51;16:00:14;90.27099,-707.9622,-707.9622;True,Helicopters,FROGGER,19,72394,0;;;
Michael;09:07:51;16:00:15;91.88548,-700.0843,-700.0843;True,Helicopters,FROGGER,17,83331,0;;;
Michael;09:07:52;16:00:15;93.54108,-692.2946,-692.2946;True,Helicopters,FROGGER,15,29067,0;;;
Michael;09:07:52;16:00:16;95.16122,-684.8477,-684.8477;True,Helicopters,FROGGER,14,69289,0;;;
Michael;09:07:53;16:00:16;96.62576,-677.2601,-677.2601;True,Helicopters,FROGGER,14,87294,0;;;
Michael;09:07:53;16:00:17;97.85628,-669.597,-669.597;True,Helicopters,FROGGER,14,62127,0;;;
Michael;09:07:54;16:00:17;99.25852,-662.3437,-662.3437;True,Helicopters,FROGGER,14,03969,0;;;
Michael;09:07:54;16:00:18;101.2921,-655.4272,-655.4272;True,Helicopters,FROGGER,13,83501,0;;;
Michael;09:07:55;16:00:18;104.0592,-648.8654,-648.8654;True,Helicopters,FROGGER,13,79718,0;;;
Michael;09:07:55;16:00:19;107.0386,-642.8416,-642.8416;True,Helicopters,FROGGER,12,88992,0;;;
Michael;09:07:56;16:00:19;110.0895,-637.5305,-637.5305;True,Helicopters,FROGGER,11,49784,0;;;
Michael;09:07:56;16:00:20;112.817,-632.8916,-632.8916;True,Helicopters,FROGGER,10,30919,0;;;
Michael;09:07:57;16:00:20;115.1142,-628.84,-628.84;True,Helicopters,FROGGER,10,15936,0;;;
Michael;09:07:57;16:00:21;117.0769,-625.0535,-625.0535;True,Helicopters,FROGGER,11,03724,0;;;
Michael;09:07:58;16:00:21;111.4885,-617.9957,-617.9957;;You fuck around while I'm out there,;Cutscene;Cutscene
Michael;09:07:59;16:00:22;111.5146,-618.0351,-618.0351;;;;
Michael;09:07:59;16:00:23;111.5352,-618.0502,-618.0502;;;;
Michael;09:08:00;16:00:23;111.1634,-617.8279,-617.8279;;;;
Michael;09:08:00;16:00:24;110.9428,-617.6132,-617.6132;;;;
Michael;09:08:01;16:00:24;110.9398,-617.7445,-617.7445;;I'll climb back up this rope...;Cutscene;Cutscene
Michael;09:08:01;16:00:25;110.8717,-617.6253,-617.6253;;;;
Michael;09:08:02;16:00:25;110.7887,-617.6387,-617.6387;;;;
Michael;09:08:02;16:00:26;110.802,-617.6795,-617.6795;;;;
Michael;09:08:03;16:00:26;110.8026,-617.7159,-617.7159;;And strangle you with it.;Cutscene;Cutscene
Michael;09:08:03;16:00:27;110.786,-617.6414,-617.6414;;;;
Michael;09:08:04;16:00:27;110.9102,-617.6176,-617.6176;;;;
Michael;09:08:04;16:00:28;110.4859,-617.2332,-617.2332;;;;
Michael;09:08:05;16:00:28;111.1351,-618.6017,-618.6017;;pel down to the Agency office window.;Cutscene;Cutscene
Michael;09:08:05;16:00:29;111.1351,-618.6017,-618.6017;;;;
Michael;09:08:06;16:00:29;111.1351,-618.6017,-618.6017;;;;
Michael;09:08:06;16:00:30;111.1351,-618.6017,-618.6017;;;;
Michael;09:08:07;16:00:30;111.1351,-618.6017,-618.6017;;;;
Michael;09:08:07;16:00:31;111.1351,-618.6017,-618.6017;;;;
Michael;09:08:08;16:00:31;111.1351,-618.6017,-618.6017;;;;
Michael;09:08:08;16:00:32;111.1351,-618.6017,-618.6017;;;;
Michael;09:08:09;16:00:32;111.1351,-618.6017,-618.6017;;;;
Michael;09:08:10;16:00:33;111.1351,-618.6017,-618.6017;;;;
Michael;09:08:10;16:00:34;111.1351,-618.6017,-618.6017;;;;
Michael;09:08:11;16:00:34;111.1351,-618.6017,-618.6017;;;;
Michael;09:08:11;16:00:35;111.1351,-618.6017,-618.6017;;;;
Michael;09:08:12;16:00:35;111.1351,-618.6017,-618.6017;;;;
Michael;09:08:12;16:00:36;111.1351,-618.6017,-618.6017;;;;
Michael;09:08:13;16:00:36;111.1351,-618.6017,-618.6017;;;;
Michael;09:08:13;16:00:37;111.1351,-618.6017,-618.6017;;;;
Michael;09:08:14;16:00:37;111.1351,-618.6017,-618.6017;;;;
Michael;09:08:14;16:00:38;111.1351,-618.6017,-618.6017;;;;
Michael;09:08:15;16:00:38;111.1351,-618.6017,-618.6017;;;;
Michael;09:08:15;16:00:39;111.1351,-618.6017,-618.6017;;;;
Michael;09:08:16;16:00:39;111.1351,-618.6017,-618.6017;;;;
Michael;09:08:16;16:00:40;111.1351,-618.6017,-618.6017;;;;
Michael;09:08:17;16:00:40;111.1351,-618.6017,-618.6017;;;;
Michael;09:08:17;16:00:41;111.1351,-618.6017,-618.6017;;;;
Michael;09:08:18;16:00:41;111.1351,-618.6017,-618.6017;;;;
Michael;09:08:18;16:00:42;111.1351,-618.6017,-618.6017;;;;
Michael;09:08:19;16:00:42;111.1351,-618.6017,-618.6017;;;;
Michael;09:08:20;16:00:43;111.1351,-618.6017,-618.6017;;;;
Michael;09:08:20;16:00:44;111.1351,-618.6017,-618.6017;;;;
Michael;09:08:21;16:00:44;111.1351,-618.6017,-618.6017;;;;
Michael;09:08:21;16:00:45;111.1351,-618.6017,-618.6017;;;;
Michael;09:08:22;16:00:45;111.1351,-618.6017,-618.6017;;;;
Michael;09:08:22;16:00:46;111.1351,-618.6017,-618.6017;;;;
Michael;09:08:23;16:00:46;111.1351,-618.6017,-618.6017;;;;
Michael;09:08:23;16:00:47;111.1351,-618.6017,-618.6017;;;;
Michael;09:08:24;16:00:47;111.1351,-618.6017,-618.6017;;;;
Michael;09:08:24;16:00:48;111.1351,-618.6017,-618.6017;;;;
Michael;09:08:25;16:00:48;111.1351,-618.6017,-618.6017;;;;
Michael;09:08:25;16:00:49;111.1351,-618.6017,-618.6017;;;;
Michael;09:08:26;16:00:49;111.1351,-618.6017,-618.6017;;;;
Michael;09:08:26;16:00:50;111.1351,-618.6017,-618.6017;;;;
Michael;09:08:27;16:00:50;111.1351,-618.6017,-618.6017;;;;
Michael;09:08:27;16:00:51;111.1351,-618.6017,-618.6017;;;;
Michael;09:08:28;16:00:51;111.1351,-618.6017,-618.6017;;;;
Michael;09:08:28;16:00:52;111.1351,-618.6017,-618.6017;;;;
Michael;09:08:29;16:00:52;111.1351,-618.6017,-618.6017;;;;
Michael;09:08:30;16:00:53;111.1351,-618.6017,-618.6017;;;;
Michael;09:08:30;16:00:54;111.1351,-618.6017,-618.6017;;;;
Michael;09:08:31;16:00:54;111.1351,-618.6017,-618.6017;;;;
Michael;09:08:31;16:00:55;111.1351,-618.6017,-618.6017;;;;
Michael;09:08:32;16:00:55;111.1351,-618.6017,-618.6017;;;;
Michael;09:08:32;16:00:56;111.1351,-618.6017,-618.6017;;;;
Michael;09:08:33;16:00:56;111.1351,-618.6017,-618.6017;;;;
Michael;09:08:33;16:00:57;111.1351,-618.6017,-618.6017;;;;
Michael;09:08:34;16:00:57;111.1351,-618.6017,-618.6017;;;;
Michael;09:08:34;16:00:58;111.1351,-618.6017,-618.6017;;;;
Michael;09:08:35;16:00:58;111.1351,-618.6017,-618.6017;;;;
Michael;09:08:35;16:00:59;111.1351,-618.6017,-618.6017;;;;
Michael;09:08:36;16:00:59;111.1351,-618.6017,-618.6017;;;;
Michael;09:08:36;16:01:00;111.1351,-618.6017,-618.6017;;;;
Michael;09:08:37;16:01:00;111.1351,-618.6017,-618.6017;;;;
Michael;09:08:37;16:01:01;111.1351,-618.6017,-618.6017;;;;
Michael;09:08:38;16:01:01;111.1351,-618.6017,-618.6017;;;;
Michael;09:08:38;16:01:02;111.1351,-618.6017,-618.6017;;;;
Michael;09:08:39;16:01:02;111.1351,-618.6017,-618.6017;;;;
Michael;09:08:39;16:01:03;111.1351,-618.6017,-618.6017;;;;
Michael;09:08:40;16:01:03;111.1351,-618.6017,-618.6017;;;;
Michael;09:08:41;16:01:04;111.1351,-618.6017,-618.6017;;;;
Michael;09:08:41;16:01:05;111.1351,-618.6017,-618.6017;;;;
Michael;09:08:42;16:01:05;111.1351,-618.6017,-618.6017;;;;
Michael;09:08:42;16:01:06;111.1351,-618.6017,-618.6017;;;;
Michael;09:08:43;16:01:06;111.1351,-618.6017,-618.6017;;;;
Michael;09:08:43;16:01:07;111.1351,-618.6017,-618.6017;;;;
Michael;09:08:44;16:01:07;111.1351,-618.6017,-618.6017;;;;
Michael;09:08:44;16:01:08;111.1351,-618.6017,-618.6017;;;;
Michael;09:08:45;16:01:08;111.1351,-618.6017,-618.6017;;;;
Michael;09:08:45;16:01:09;111.1351,-618.6017,-618.6017;;;;
Michael;09:08:46;16:01:09;111.1351,-618.6017,-618.6017;;;;
Michael;09:08:46;16:01:10;111.1351,-618.6017,-618.6017;;;;
Michael;09:08:47;16:01:10;111.1351,-618.6017,-618.6017;;;;
Michael;09:08:47;16:01:11;111.1351,-618.6017,-618.6017;;;;
Michael;09:08:48;16:01:11;111.1351,-618.6017,-618.6017;;;;
Michael;09:08:48;16:01:12;111.1351,-618.6017,-618.6017;;;;
Michael;09:08:49;16:01:12;111.1351,-618.6017,-618.6017;;;;
Michael;09:08:49;16:01:13;111.1351,-618.6017,-618.6017;;;;
Michael;09:08:50;16:01:13;111.1351,-618.6017,-618.6017;;;;
Michael;09:08:51;16:01:14;111.1351,-618.6017,-618.6017;;;;
Michael;09:08:51;16:01:15;111.1351,-618.6017,-618.6017;;;;
Michael;09:08:52;16:01:15;111.1351,-618.6017,-618.6017;;;;
Michael;09:08:52;16:01:16;111.1351,-618.6017,-618.6017;;;;
Michael;09:08:53;16:01:16;111.1351,-618.6017,-618.6017;;;;
Michael;09:08:53;16:01:17;111.1351,-618.6017,-618.6017;;;;
Michael;09:08:54;16:01:17;111.1351,-618.6017,-618.6017;;;;
Michael;09:08:54;16:01:18;111.1351,-618.6017,-618.6017;;;;
Michael;09:08:55;16:01:18;111.1351,-618.6017,-618.6017;;;;
Michael;09:08:55;16:01:19;111.1351,-618.6017,-618.6017;;;;
Michael;09:08:56;16:01:19;111.1351,-618.6017,-618.6017;;;;
Michael;09:08:56;16:01:20;111.1351,-618.6017,-618.6017;;;;
Michael;09:08:57;16:01:20;111.1351,-618.6017,-618.6017;;;;
Michael;09:08:57;16:01:21;111.1351,-618.6017,-618.6017;;;;
Michael;09:08:58;16:01:21;111.1351,-618.6017,-618.6017;;;;
Michael;09:08:58;16:01:22;111.1351,-618.6017,-618.6017;;;;
Michael;09:08:59;16:01:22;111.1351,-618.6017,-618.6017;;;;
Michael;09:08:59;16:01:23;111.1351,-618.6017,-618.6017;;;;
Michael;09:09:00;16:01:23;111.1351,-618.6017,-618.6017;;;;
Michael;09:09:01;16:01:24;111.1351,-618.6017,-618.6017;;;;
Michael;09:09:01;16:01:25;111.1351,-618.6017,-618.6017;;;;
Michael;09:09:02;16:01:25;111.1351,-618.6017,-618.6017;;;;
Michael;09:09:02;16:01:26;111.1351,-618.6017,-618.6017;;;;
Michael;09:09:03;16:01:26;111.1351,-618.6017,-618.6017;;t I'll have this thing so far up your ass, your tonsils will be playing shadow puppets.;Cutscene;Cutscene
Michael;09:09:03;16:01:27;111.1351,-618.6017,-618.6017;;;;
Michael;09:09:04;16:01:27;111.1351,-618.6017,-618.6017;;;;
Michael;09:09:04;16:01:28;111.1351,-618.6017,-618.6017;;;;
Michael;09:09:05;16:01:28;111.1351,-618.6017,-618.6017;;;;
Michael;09:09:05;16:01:29;111.1351,-618.6017,-618.6017;;;;
Michael;09:09:06;16:01:29;111.1351,-618.6017,-618.6017;;;;
Michael;09:09:06;16:01:30;111.1351,-618.6017,-618.6017;;;;
Michael;09:09:07;16:01:30;111.1351,-618.6017,-618.6017;;;;
Michael;09:09:07;16:01:31;111.1351,-618.6017,-618.6017;;;;
Michael;09:09:08;16:01:31;111.1351,-618.6017,-618.6017;; think we can't do that? We can. It's in our guidelines.;Cutscene;Cutscene
Michael;09:09:08;16:01:32;111.1351,-618.6017,-618.6017;;;;
Michael;09:09:09;16:01:32;111.1351,-618.6017,-618.6017;;;;
Michael;09:09:09;16:01:33;111.1351,-618.6017,-618.6017;;;;
Michael;09:09:10;16:01:33;111.1351,-618.6017,-618.6017;;;;
Michael;09:09:11;16:01:34;111.1351,-618.6017,-618.6017;;;;
Michael;09:09:11;16:01:35;111.1351,-618.6017,-618.6017;;on't know what you're talking about! I install cinema equipment, not surveillance!;Cutscene;Cutscene
Michael;09:09:12;16:01:35;111.1351,-618.6017,-618.6017;;;;
Michael;09:09:12;16:01:36;111.1351,-618.6017,-618.6017;;;;
Michael;09:09:13;16:01:36;111.1351,-618.6017,-618.6017;;;;
Michael;09:09:13;16:01:37;111.1351,-618.6017,-618.6017;;;;
Michael;09:09:14;16:01:37;111.1351,-618.6017,-618.6017;;;;
Michael;09:09:14;16:01:38;111.1351,-618.6017,-618.6017;;;;
Michael;09:09:15;16:01:38;111.1351,-618.6017,-618.6017;;;;
Michael;09:09:15;16:01:39;111.1351,-618.6017,-618.6017;;;;
Michael;09:09:16;16:01:39;111.1351,-618.6017,-618.6017;;;;
Michael;09:09:16;16:01:40;111.1351,-618.6017,-618.6017;;b his other arm.;Cutscene;Cutscene
Michael;09:09:17;16:01:40;111.1351,-618.6017,-618.6017;;;;
Michael;09:09:17;16:01:41;111.1351,-618.6017,-618.6017;;;;
Michael;09:09:18;16:01:41;111.1351,-618.6017,-618.6017;;;;
Michael;09:09:18;16:01:42;111.1351,-618.6017,-618.6017;; no, no, no, no, no.;Cutscene;Cutscene
Michael;09:09:19;16:01:42;111.1351,-618.6017,-618.6017;;;;
Michael;09:09:19;16:01:43;111.1351,-618.6017,-618.6017;;;;
Michael;09:09:20;16:01:43;111.1351,-618.6017,-618.6017;;;;
Michael;09:09:21;16:01:44;111.1351,-618.6017,-618.6017;;;;
Michael;09:09:21;16:01:45;111.1351,-618.6017,-618.6017;;;;
Michael;09:09:22;16:01:45;111.1351,-618.6017,-618.6017;;;;
Michael;09:09:22;16:01:46;111.1351,-618.6017,-618.6017;;;;
Michael;09:09:23;16:01:46;111.1351,-618.6017,-618.6017;;;;
Michael;09:09:23;16:01:47;111.1351,-618.6017,-618.6017;;;;
Michael;09:09:24;16:01:47;111.1351,-618.6017,-618.6017;;;;
Michael;09:09:24;16:01:48;111.1351,-618.6017,-618.6017;;;;
Michael;09:09:25;16:01:48;111.1351,-618.6017,-618.6017;;;;
Michael;09:09:25;16:01:49;111.1351,-618.6017,-618.6017;; think you're impenetrable?;Cutscene;Cutscene
Michael;09:09:26;16:01:49;111.1351,-618.6017,-618.6017;;;;
Michael;09:09:26;16:01:50;111.1351,-618.6017,-618.6017;;;;
Michael;09:09:27;16:01:50;111.1351,-618.6017,-618.6017;;;;
Michael;09:09:27;16:01:51;111.1351,-618.6017,-618.6017;;;;
Michael;09:09:28;16:01:51;111.1351,-618.6017,-618.6017;;;;
Michael;09:09:28;16:01:52;111.1351,-618.6017,-618.6017;;;;
Michael;09:09:29;16:01:52;111.1351,-618.6017,-618.6017;;;;
Michael;09:09:29;16:01:53;111.1351,-618.6017,-618.6017;;;;
Michael;09:09:30;16:01:54;111.1351,-618.6017,-618.6017;;;;
Michael;09:09:31;16:01:54;111.1351,-618.6017,-618.6017;; how you feel when this is eighteen inches deep inside.;Cutscene;Cutscene
Michael;09:09:31;16:01:55;111.1351,-618.6017,-618.6017;;;;
Michael;09:09:32;16:01:55;111.1351,-618.6017,-618.6017;;;;
Michael;09:09:32;16:01:56;111.1351,-618.6017,-618.6017;;;;
Michael;09:09:33;16:01:56;111.1351,-618.6017,-618.6017;;;;
Michael;09:09:33;16:01:57;111.1351,-618.6017,-618.6017;;;;
Michael;09:09:34;16:01:57;111.1351,-618.6017,-618.6017;; the lube. Actually fuck the lube, let's dry dock him.;Cutscene;Cutscene
Michael;09:09:34;16:01:58;111.1351,-618.6017,-618.6017;;;;
Michael;09:09:35;16:01:58;111.1351,-618.6017,-618.6017;;;;
Michael;09:09:35;16:01:59;111.1351,-618.6017,-618.6017;;;;
Michael;09:09:36;16:01:59;112.1813,-619.3679,-619.3679;;Who the fuck is this?;Cutscene;Cutscene
Michael;09:09:36;16:02:00;112.5255,-619.7029,-619.7029;;;;
Michael;09:09:37;16:02:00;112.836,-620.0485,-620.0485;;;;
Michael;09:09:37;16:02:01;112.6665,-620.0307,-620.0307;;Terminate him!;Cutscene;Cutscene
Michael;09:09:38;16:02:01;112.6302,-620.0522,-620.0522;;;;
Michael;09:09:38;16:02:02;112.6451,-620.0027,-620.0027;;Close this problem right now!;Cutscene;Cutscene
Michael;09:09:39;16:02:02;112.6061,-620.0621,-620.0621;;;;
Michael;09:09:40;16:02:03;112.5529,-620.0607,-620.0607;;;;
Michael;09:09:40;16:02:04;112.4624,-619.9609,-619.9609;;Yeah, I could use a little backup here!;Cutscene;Cutscene
Michael;09:09:41;16:02:04;112.5484,-619.8782,-619.8782;;;;
Michael;09:09:41;16:02:05;112.5009,-619.8953,-619.8953;;;;
Michael;09:09:42;16:02:05;112.7936,-619.2566,-619.2566;;TCH to Franklin.;MICHELLE;FBI2_ZCAA
Michael;09:09:42;16:02:06;112.7936,-619.2566,-619.2566;;;;
Michael;09:09:43;16:02:06;112.7936,-619.2566,-619.2566;;;;
Michael;09:09:43;16:02:07;112.7936,-619.2566,-619.2566;;;;
Michael;09:09:44;16:02:07;112.7936,-619.2566,-619.2566;;;;
Michael;09:09:44;16:02:08;112.7936,-619.2566,-619.2566;;Thirty-sixth floor. I got you.;Franklin;FBI2_BJAB
Michael;09:09:45;16:02:08;112.7936,-619.2566,-619.2566;;;;
Michael;09:09:45;16:02:09;112.7936,-619.2566,-619.2566;;;;
Michael;09:09:46;16:02:09;112.7936,-619.2566,-619.2566;;;;
Michael;09:09:46;16:02:10;112.7936,-619.2566,-619.2566;;;;
Michael;09:09:47;16:02:10;112.7936,-619.2566,-619.2566;;;;
Michael;09:09:47;16:02:11;112.8042,-619.2879,-619.2879;;We are not cleared to fire on Mr. K!;FBI2AGENT6;FBI2_EFAA
Michael;09:09:48;16:02:11;112.8613,-619.2939,-619.2939;;;;
Michael;09:09:48;16:02:12;112.8393,-619.2705,-619.2705;;;;
Michael;09:09:49;16:02:13;112.7911,-619.2567,-619.2567;;;;
Michael;09:09:50;16:02:13;112.7911,-619.2567,-619.2567;;;;
Michael;09:09:50;16:02:14;112.7911,-619.2567,-619.2567;;;;
Michael;09:09:51;16:02:14;112.7911,-619.2567,-619.2567;;Shit, fuck, shit!;MICHAEL;FBI2_FRAA
Michael;09:09:51;16:02:15;112.7911,-619.2567,-619.2567;;;;
Michael;09:09:52;16:02:15;112.7911,-619.2567,-619.2567;;;;
Michael;09:09:52;16:02:16;112.7911,-619.2567,-619.2567;;;;
Michael;09:09:53;16:02:16;112.7911,-619.2567,-619.2567;;Help me!;MisterK;FBI2_AIAA
Michael;09:09:53;16:02:17;112.7911,-619.2567,-619.2567;;;;
Michael;09:09:54;16:02:17;112.7911,-619.2567,-619.2567;;Come on, man!;MICHAEL;FBI2_FRAA
Michael;09:09:54;16:02:18;112.7911,-619.2567,-619.2567;;;;
Michael;09:09:55;16:02:18;112.7911,-619.2567,-619.2567;;;;
Michael;09:09:55;16:02:19;112.7911,-619.2567,-619.2567;;What's happening?;MisterK;FBI2_AIAA
Michael;09:09:56;16:02:19;112.7911,-619.2567,-619.2567;;;;
Michael;09:09:56;16:02:20;112.7911,-619.2567,-619.2567;;;;
Michael;09:09:57;16:02:20;112.7911,-619.2567,-619.2567;;Hey, give us some room here!;MICHAEL;FBI2_FRAA
Michael;09:09:57;16:02:21;112.7911,-619.2567,-619.2567;;;;
Michael;09:09:58;16:02:21;112.7911,-619.2567,-619.2567;;;;
Michael;09:09:58;16:02:22;112.7911,-619.2567,-619.2567;;;;
Michael;09:09:59;16:02:22;112.7904,-619.2567,-619.2567;;;;
Michael;09:10:00;16:02:23;112.7789,-619.2376,-619.2376;;We got a window, T. Pull us out.;MICHAEL;FBI2_CZAA
Michael;09:10:00;16:02:24;112.6861,-619.1501,-619.1501;;;;
Michael;09:10:01;16:02:24;112.477,-619.0275,-619.0275;;;;
Michael;09:10:01;16:02:25;112.3509,-618.939,-618.939;;;;
Michael;09:10:02;16:02:25;112.3471,-618.9363,-618.9363;;;;
Michael;09:10:02;16:02:26;112.347,-618.9363,-618.9363;;They're extracting the asset!;FBI2AGENT7;FBI2_EJAA
Michael;09:10:03;16:02:26;112.145,-618.8507,-618.8507;;;;
Michael;09:10:03;16:02:27;111.7328,-618.5925,-618.5925;;;;
Michael;09:10:04;16:02:27;110.9977,-618.2499,-618.2499;;;;
Michael;09:10:04;16:02:28;110.1765,-617.8724,-617.8724;;Noo!!!;MisterK;FBI2_AJAA
Michael;09:10:05;16:02:28;109.6977,-617.4892,-617.4892;;;;
Michael;09:10:05;16:02:29;109.6954,-617.3867,-617.3867;;;;
Michael;09:10:06;16:02:29;110.7703,-618.0239,-618.0239;;We need the asset intact!;FBI2AGENT7;FBI2_EGAA
Michael;09:10:06;16:02:30;111.0954,-618.2346,-618.2346;;;;
Michael;09:10:07;16:02:30;111.1081,-618.1724,-618.1724;;;;
Michael;09:10:07;16:02:31;111.0876,-618.2029,-618.2029;;;;
Michael;09:10:08;16:02:31;110.9687,-618.2164,-618.2164;;T! We need to be clear of this building!;MICHAEL;FBI2_DAAA
Michael;09:10:08;16:02:32;110.8048,-618.194,-618.194;;;;
Michael;09:10:09;16:02:32;110.6418,-618.2204,-618.2204;;;;
Michael;09:10:09;16:02:33;110.488,-618.1875,-618.1875;;;;
Michael;09:10:10;16:02:33;110.3947,-618.0939,-618.0939;;;;
Michael;09:10:10;16:02:34;110.4022,-617.9189,-617.9189;;;;
Michael;09:10:11;16:02:34;110.4472,-617.7463,-617.7463;;Hey! Stoolie! I'm not leaving here till you shoot those guys,;TREVOR;FBI2_HHAA
Michael;09:10:11;16:02:35;110.4171,-617.5491,-617.5491;;;;
Michael;09:10:12;16:02:35;110.3915,-617.3501,-617.3501;;;;
Michael;09:10:13;16:02:36;110.2938,-617.1761,-617.1761;;;;
Michael;09:10:13;16:02:37;110.248,-617.0123,-617.0123;;;;
Michael;09:10:14;16:02:37;110.4124,-616.8547,-616.8547;;;;
Michael;09:10:14;16:02:38;110.5171,-616.6603,-616.6603;;;;
Michael;09:10:15;16:02:38;110.5539,-616.4225,-616.4225;;;;
Michael;09:10:15;16:02:39;110.5119,-616.2032,-616.2032;;;;
Michael;09:10:16;16:02:39;110.6339,-615.9838,-615.9838;;so get moving on it.;TREVOR;FBI2_HHAB
Michael;09:10:16;16:02:40;110.7451,-615.8661,-615.8661;;;;
Michael;09:10:17;16:02:40;110.7862,-615.8311,-615.8311;;;;
Michael;09:10:17;16:02:41;110.7465,-615.8726,-615.8726;;;;
Michael;09:10:18;16:02:41;110.5313,-615.8965,-615.8965;;I knew you were a liability, you fucking turd!;MICHAEL;FBI2_DCAA
Michael;09:10:18;16:02:42;110.2502,-615.9582,-615.9582;;;;
Michael;09:10:19;16:02:42;109.9951,-616.042,-616.042;;;;
Michael;09:10:19;16:02:43;109.7871,-616.1286,-616.1286;;;;
Michael;09:10:20;16:02:43;109.6825,-616.2216,-616.2216;;;;
Michael;09:10:20;16:02:44;109.7806,-616.3784,-616.3784;;;;
Michael;09:10:21;16:02:44;109.9421,-616.5363,-616.5363;;;;
Michael;09:10:21;16:02:45;109.8919,-616.698,-616.698;;It ain't me trying to shoot you, Mikey.;TREVOR;FBI2_DDAA
Michael;09:10:22;16:02:45;110.0436,-616.8564,-616.8564;;;;
Michael;09:10:22;16:02:46;110.1131,-617.0134,-617.0134;;;;
Michael;09:10:23;16:02:46;110.252,-617.1761,-617.1761;;;;
Michael;09:10:23;16:02:47;110.3396,-617.3377,-617.3377;;;;
Michael;09:10:24;16:02:47;110.3464,-617.4947,-617.4947;;;;
Michael;09:10:24;16:02:48;110.2799,-617.6558,-617.6558;;;;
Michael;09:10:25;16:02:49;108.9216,-616.6415,-616.6415;;;;
Michael;09:10:26;16:02:49;109.1612,-616.5086,-616.5086;;That's it!;Cutscene;Cutscene
Michael;09:10:26;16:02:50;109.3064,-616.4843,-616.4843;;Get us out of here!;Cutscene;Cutscene
Michael;09:10:27;16:02:50;109.2768,-616.5858,-616.5858;;;;
Michael;09:10:27;16:02:51;109.1991,-616.7537,-616.7537;;Roger that!;Cutscene;Cutscene
Michael;09:10:28;16:02:51;109.0616,-616.8473,-616.8473;;;;
Michael;09:10:28;16:02:52;109.2674,-616.407,-616.407;;;;
Michael;09:10:29;16:02:52;109.3168,-616.3641,-616.3641;;Whoa, looks like we've attracted the attention of their air unit!;Cutscene;Cutscene
Michael;09:10:29;16:02:53;109.3422,-616.3156,-616.3156;;;;
Michael;09:10:30;16:02:53;109.3361,-616.3021,-616.3021;;;;
Michael;09:10:30;16:02:54;109.3169,-616.3297,-616.3297;;;;
Michael;09:10:31;16:02:54;109.2393,-616.3818,-616.3818;;;;
Michael;09:10:31;16:02:55;109.1825,-616.4123,-616.4123;;;;
Michael;09:10:32;16:02:55;109.1588,-616.4097,-616.4097;;;;
Michael;09:10:32;16:02:56;118.3722,-610.7978,-610.7978;True,Helicopters,FROGGER,6,917794,0;;;
Michael;09:10:33;16:02:56;120.2849,-607.291,-607.291;True,Helicopters,FROGGER,8,462049,0;;;
Michael;09:10:33;16:02:57;122.5965,-603.0833,-603.0833;True,Helicopters,FROGGER,10,17285,0;;;
Michael;09:10:34;16:02:57;125.4008,-598.0119,-598.0119;True,Helicopters,FROGGER,11,94463,0;You got a bogey coming at you, Franklin.;TREVOR;FBI2_EYAA
Michael;09:10:34;16:02:58;128.6539,-592.1707,-592.1707;True,Helicopters,FROGGER,13,57861,0;;;
Michael;09:10:35;16:02:58;132.2118,-585.5364,-585.5364;True,Helicopters,FROGGER,15,12752,0;;;
Michael;09:10:35;16:02:59;135.7529,-578.0154,-578.0154;True,Helicopters,FROGGER,16,63345,0;;;
Michael;09:10:36;16:02:59;139.084,-569.4664,-569.4664;True,Helicopters,FROGGER,18,35528,0;;;
Michael;09:10:36;16:03:00;142.1298,-559.9111,-559.9111;True,Helicopters,FROGGER,20,10544,0;;;
Michael;09:10:37;16:03:00;144.7498,-549.3539,-549.3539;True,Helicopters,FROGGER,21,67161,0;I thought I had the easy job.;Franklin;FBI2_FBAA
Michael;09:10:37;16:03:01;146.8658,-537.8387,-537.8387;True,Helicopters,FROGGER,23,03657,0;;;
Michael;09:10:38;16:03:01;148.3722,-525.5314,-525.5314;True,Helicopters,FROGGER,24,14594,0;;;
Michael;09:10:38;16:03:02;149.077,-512.9435,-512.9435;True,Helicopters,FROGGER,24,66096,0;;;
Michael;09:10:39;16:03:02;148.8162,-500.0622,-500.0622;True,Helicopters,FROGGER,24,84388,0;;;
Michael;09:10:40;16:03:03;147.4963,-487.2966,-487.2966;True,Helicopters,FROGGER,24,62732,0;;;
Michael;09:10:40;16:03:04;145.0252,-474.8098,-474.8098;True,Helicopters,FROGGER,24,25557,0;;;
Michael;09:10:41;16:03:04;141.5479,-462.5322,-462.5322;True,Helicopters,FROGGER,23,92123,0;;;
Michael;09:10:41;16:03:05;137.3048,-450.824,-450.824;True,Helicopters,FROGGER,23,64295,0;;;
Michael;09:10:42;16:03:05;132.2019,-439.5752,-439.5752;True,Helicopters,FROGGER,23,42413,0;;;
Michael;09:10:42;16:03:06;126.2046,-429.0002,-429.0002;True,Helicopters,FROGGER,23,24903,0;;;
Michael;09:10:43;16:03:06;119.0879,-419.0914,-419.0914;True,Helicopters,FROGGER,23,15237,0;;;
Michael;09:10:43;16:03:07;110.9863,-410.2048,-410.2048;True,Helicopters,FROGGER,23,10371,0;;;
Michael;09:10:44;16:03:07;101.7997,-402.2467,-402.2467;True,Helicopters,FROGGER,23,06891,0;;;
Michael;09:10:44;16:03:08;91.86905,-395.4403,-395.4403;True,Helicopters,FROGGER,23,03081,0;;;
Michael;09:10:45;16:03:08;81.37321,-389.7818,-389.7818;True,Helicopters,FROGGER,23,05756,0;;;
Michael;09:10:45;16:03:09;70.2976,-385.2229,-385.2229;True,Helicopters,FROGGER,23,12034,0;;;
Michael;09:10:46;16:03:09;58.70348,-381.8061,-381.8061;True,Helicopters,FROGGER,23,19929,0;;;
Michael;09:10:46;16:03:10;46.89138,-379.6014,-379.6014;True,Helicopters,FROGGER,23,17179,0;So long.;Franklin;FBI2_FEAA
Michael;09:10:47;16:03:10;34.98123,-378.6386,-378.6386;True,Helicopters,FROGGER,23,12148,0;;;
Michael;09:10:47;16:03:11;23.09172,-379.0103,-379.0103;True,Helicopters,FROGGER,22,91954,0;;;
Michael;09:10:48;16:03:11;11.3664,-380.821,-380.821;True,Helicopters,FROGGER,22,57445,0;Hey, I'm clear over here.;Franklin;FBI2_FFAA
Michael;09:10:48;16:03:12;0.2279933,-384.0803,-384.0803;True,Helicopters,FROGGER,22,06391,0;;;
Michael;09:10:49;16:03:12;-10.1889,-388.8117,-388.8117;True,Helicopters,FROGGER,21,85246,0;;;
Michael;09:10:49;16:03:13;-19.74818,-394.9804,-394.9804;True,Helicopters,FROGGER,22,0078,0;;;
Michael;09:10:50;16:03:13;-28.40989,-402.5162,-402.5162;True,Helicopters,FROGGER,22,41851,0;Whoo. Nice one, kid.;TREVOR;FBI2_FAAA
Michael;09:10:50;16:03:14;-36.21592,-411.4844,-411.4844;True,Helicopters,FROGGER,22,92204,0;;;
Michael;09:10:51;16:03:14;-42.8089,-421.5937,-421.5937;True,Helicopters,FROGGER,23,46784,0;;;
Michael;09:10:51;16:03:15;-48.07714,-432.6812,-432.6812;True,Helicopters,FROGGER,24,17471,0;;;
Michael;09:10:52;16:03:15;-52.1398,-444.9212,-444.9212;True,Helicopters,FROGGER,25,41649,0;;;
Michael;09:10:52;16:03:16;-55.298,-458.1384,-458.1384;True,Helicopters,FROGGER,27,0853,0;An attack on US government agents is an act of war. We are clear to engage you.;FBI2CIACHOP2;FBI2_GJAA
Michael;09:10:53;16:03:16;-58.03082,-472.524,-472.524;True,Helicopters,FROGGER,28,85049,0;;;
Michael;09:10:53;16:03:17;-60.60618,-487.5695,-487.5695;True,Helicopters,FROGGER,30,46973,0;;;
Michael;09:10:54;16:03:17;-63.20013,-503.2814,-503.2814;True,Helicopters,FROGGER,31,70966,0;;;
Michael;09:10:55;16:03:18;-65.66982,-519.3672,-519.3672;True,Helicopters,FROGGER,32,94164,0;;;
Michael;09:10:55;16:03:19;-68.12376,-536.1462,-536.1462;True,Helicopters,FROGGER,34,41191,0;;;
Michael;09:10:56;16:03:19;-70.63768,-553.4676,-553.4676;True,Helicopters,FROGGER,35,99356,0;;;
Michael;09:10:56;16:03:20;-73.47147,-571.4254,-571.4254;True,Helicopters,FROGGER,37,02841,0;;;
Michael;09:10:57;16:03:20;-76.8647,-589.4599,-589.4599;True,Helicopters,FROGGER,37,26052,0;;;
Michael;09:10:57;16:03:21;-81.62874,-607.1885,-607.1885;True,Helicopters,FROGGER,36,76788,0;;;
Michael;09:10:58;16:03:21;-88.01941,-624.4216,-624.4216;True,Helicopters,FROGGER,36,05787,0;;;
Michael;09:10:58;16:03:22;-95.82607,-640.8615,-640.8615;True,Helicopters,FROGGER,35,5719,0;;;
Michael;09:10:59;16:03:22;-104.6159,-656.9348,-656.9348;True,Helicopters,FROGGER,35,48209,0;;;
Michael;09:10:59;16:03:23;-114.1249,-672.6393,-672.6393;True,Helicopters,FROGGER,35,77943,0;;;
Michael;09:11:00;16:03:23;-124.2182,-688.392,-688.392;True,Helicopters,FROGGER,36,83277,0;;;
Michael;09:11:00;16:03:24;-134.7724,-704.6182,-704.6182;True,Helicopters,FROGGER,38,08554,0;;;
Michael;09:11:01;16:03:24;-145.2615,-721.3952,-721.3952;True,Helicopters,FROGGER,38,99203,0;;;
Michael;09:11:01;16:03:25;-155.5733,-738.7236,-738.7236;True,Helicopters,FROGGER,39,12614,0;;;
Michael;09:11:02;16:03:25;-165.5312,-756.6981,-756.6981;True,Helicopters,FROGGER,39,32188,0;;;
Michael;09:11:02;16:03:26;-175.1505,-774.907,-774.907;True,Helicopters,FROGGER,39,86861,0;;;
Michael;09:11:03;16:03:26;-185.0533,-793.5619,-793.5619;True,Helicopters,FROGGER,40,5554,0;I don't wanna disturb you, Mike. But you might wanna do something about the choppers before we're blown outta the sky.;TREVOR;FBI2_ETAA
Michael;09:11:03;16:03:27;-195.0837,-812.5665,-812.5665;True,Helicopters,FROGGER,41,15829,0;;;
Michael;09:11:04;16:03:27;-205.2103,-831.7967,-831.7967;True,Helicopters,FROGGER,41,36481,0;;;
Michael;09:11:04;16:03:28;-215.2394,-851.1078,-851.1078;True,Helicopters,FROGGER,41,31891,0;;;
Michael;09:11:05;16:03:28;-225.079,-870.4253,-870.4253;True,Helicopters,FROGGER,41,72963,0;;;
Michael;09:11:05;16:03:29;-235.1087,-890.0818,-890.0818;True,Helicopters,FROGGER,42,41597,0;;;
Michael;09:11:06;16:03:29;-245.141,-909.5276,-909.5276;True,Helicopters,FROGGER,43,03455,0;;;
Michael;09:11:06;16:03:30;-254.9049,-928.7265,-928.7265;True,Helicopters,FROGGER,43,28814,0;;;
Michael;09:11:07;16:03:30;-256.0132,-930.9564,-930.9564;True,Helicopters,FROGGER,43,30924,0;;;
Michael;09:11:07;16:03:31;-261.9313,-943.1316,-943.1316;True,Helicopters,FROGGER,43,42362,0;;;
Michael;09:11:08;16:03:31;-271.1322,-963.6254,-963.6254;True,Helicopters,FROGGER,43,58383,0;;;
Michael;09:11:08;16:03:32;-279.3953,-984.9442,-984.9442;True,Helicopters,FROGGER,43,68994,0;;;
Michael;09:11:09;16:03:32;-286.1564,-1006.504,-1006.504;True,Helicopters,FROGGER,43,67454,0;;;
Michael;09:11:10;16:03:33;-291.3568,-1028.705,-1028.705;True,Helicopters,FROGGER,43,55816,0;;;
Michael;09:11:10;16:03:34;-294.6405,-1051.246,-1051.246;True,Helicopters,FROGGER,43,33137,0;;;
Michael;09:11:11;16:03:34;-295.8271,-1073.58,-1073.58;True,Helicopters,FROGGER,43,03702,0;Just saying.;TREVOR;FBI2_ETAB
Michael;09:11:11;16:03:35;-294.7393,-1095.903,-1095.903;True,Helicopters,FROGGER,42,77222,0;;;
Michael;09:11:12;16:03:35;-291.2501,-1117.835,-1117.835;True,Helicopters,FROGGER,42,5229,0;;;
Michael;09:11:12;16:03:36;-285.2215,-1139.376,-1139.376;True,Helicopters,FROGGER,42,29088,0;Oh! He may be old, but he's still got some teeth.;TREVOR;FBI2_EWAA
Michael;09:11:13;16:03:36;-276.891,-1159.786,-1159.786;True,Helicopters,FROGGER,42,10654,0;;;
Michael;09:11:13;16:03:37;-266.4471,-1178.796,-1178.796;True,Helicopters,FROGGER,41,93954,0;;;
Michael;09:11:14;16:03:37;-253.8479,-1196.508,-1196.508;True,Helicopters,FROGGER,41,79258,0;;;
Michael;09:11:14;16:03:38;-239.4708,-1212.469,-1212.469;True,Helicopters,FROGGER,41,67398,0;;;
Michael;09:11:15;16:03:38;-223.8784,-1226.556,-1226.556;True,Helicopters,FROGGER,39,85209,0;;;
Michael;09:11:15;16:03:39;-207.2288,-1238.16,-1238.16;True,Helicopters,FROGGER,37,97427,0;;;
Michael;09:11:16;16:03:39;-190.5052,-1247.234,-1247.234;True,Helicopters,FROGGER,35,97952,0;So long, sucker!;MICHAEL;FBI2_FQAA
Michael;09:11:16;16:03:40;-173.5392,-1254.309,-1254.309;True,Helicopters,FROGGER,35,07767,0;;;
Michael;09:11:17;16:03:40;-156.4059,-1259.834,-1259.834;True,Helicopters,FROGGER,34,65567,0;;;
Michael;09:11:17;16:03:41;-139.2602,-1263.946,-1263.946;True,Helicopters,FROGGER,33,40709,0;;;
Michael;09:11:18;16:03:41;-122.505,-1266.576,-1266.576;True,Helicopters,FROGGER,33,74726,0;Shit! Shit! I'm going to fall.;MisterK;FBI2_BWAA
Michael;09:11:18;16:03:42;-105.2335,-1268,-1268;True,Helicopters,FROGGER,34,16522,0;;;
Michael;09:11:19;16:03:42;-87.96348,-1268.516,-1268.516;True,Helicopters,FROGGER,34,21067,0;;;
Michael;09:11:19;16:03:43;-71.13201,-1268.372,-1268.372;True,Helicopters,FROGGER,32,84868,0;;;
Michael;09:11:20;16:03:43;-54.41175,-1267.344,-1267.344;True,Helicopters,FROGGER,32,70578,0;;;
Michael;09:11:20;16:03:44;-37.76252,-1265.134,-1265.134;True,Helicopters,FROGGER,33,36806,0;;;
Michael;09:11:21;16:03:44;-20.96154,-1262.195,-1262.195;True,Helicopters,FROGGER,32,9753,0;;;
Michael;09:11:21;16:03:45;-4.435399,-1259.1,-1259.1;True,Helicopters,FROGGER,32,58076,0;You're strapped in. You'll be fine.;MICHAEL;FBI2_BWAB
Michael;09:11:22;16:03:45;12.26324,-1255.875,-1255.875;True,Helicopters,FROGGER,33,11055,0;;;
Michael;09:11:23;16:03:46;29.23848,-1252.34,-1252.34;True,Helicopters,FROGGER,34,01865,0;;;
Michael;09:11:23;16:03:47;46.28926,-1248.353,-1248.353;True,Helicopters,FROGGER,33,553,0;;;
Michael;09:11:24;16:03:47;63.1436,-1243.444,-1243.444;True,Helicopters,FROGGER,33,95382,0;;;
Michael;09:11:24;16:03:48;79.87759,-1237.45,-1237.45;True,Helicopters,FROGGER,34,26471,0;Last one!;TREVOR;FBI2_EXAA
Michael;09:11:25;16:03:48;96.23311,-1230.752,-1230.752;True,Helicopters,FROGGER,33,9468,0;;;
Michael;09:11:25;16:03:49;112.3042,-1223.744,-1223.744;True,Helicopters,FROGGER,34,37142,0;;;
Michael;09:11:26;16:03:49;128.6796,-1216.354,-1216.354;True,Helicopters,FROGGER,34,96804,0;Come on, Mike.;TREVOR;FBI2_EVAA
Michael;09:11:26;16:03:50;145.278,-1208.376,-1208.376;True,Helicopters,FROGGER,34,93637,0;;;
Michael;09:11:27;16:03:50;161.6224,-1200.085,-1200.085;True,Helicopters,FROGGER,34,27964,0;;;
Michael;09:11:27;16:03:51;177.1979,-1191.753,-1191.753;True,Helicopters,FROGGER,33,60105,0;;;
Michael;09:11:28;16:03:51;192.4744,-1183.633,-1183.633;True,Helicopters,FROGGER,33,09357,0;;;
Michael;09:11:28;16:03:52;204.0491,-1177.865,-1177.865;True,Helicopters,FROGGER,32,33657,0;;;
Michael;09:11:29;16:03:52;204.5638,-1177.621,-1177.621;True,Helicopters,FROGGER,32,22068,0;;;
Michael;09:11:29;16:03:53;218.0573,-1171.695,-1171.695;True,Helicopters,FROGGER,27,26275,0;;;
Michael;09:11:30;16:03:53;229.5285,-1167.61,-1167.61;True,Helicopters,FROGGER,20,07021,0;;;
Michael;09:11:30;16:03:54;236.9279,-1165.42,-1165.42;True,Helicopters,FROGGER,13,58129,0;;;
Michael;09:11:31;16:03:54;241.1863,-1164.194,-1164.194;True,Helicopters,FROGGER,9,197826,0;;;
Michael;09:11:31;16:03:55;243.9165,-1163.291,-1163.291;True,Helicopters,FROGGER,5,724249,0;;;
Michael;09:11:32;16:03:55;245.8237,-1162.493,-1162.493;True,Helicopters,FROGGER,3,744356,0;;;
Michael;09:11:32;16:03:56;247.9431,-1160.62,-1160.62;True,Helicopters,FROGGER,8,100616,0;;;
Michael;09:11:33;16:03:56;251.516,-1156.004,-1156.004;True,Helicopters,FROGGER,13,81556,0;;;
Michael;09:11:33;16:03:57;256.5094,-1149.09,-1149.09;True,Helicopters,FROGGER,18,92697,0;I'm slipping. I swear to God... ughh.;MisterK;FBI2_BXAA
Michael;09:11:34;16:03:57;262.4902,-1140.009,-1140.009;True,Helicopters,FROGGER,23,4284,0;;;
Michael;09:11:34;16:03:58;269.4036,-1128.571,-1128.571;True,Helicopters,FROGGER,27,57331,0;;;
Michael;09:11:35;16:03:58;276.8221,-1115.444,-1115.444;True,Helicopters,FROGGER,30,83856,0;;;
Michael;09:11:36;16:03:59;284.5062,-1100.971,-1100.971;True,Helicopters,FROGGER,31,82615,0;;;
Michael;09:11:36;16:04:00;291.9472,-1086.457,-1086.457;True,Helicopters,FROGGER,31,30735,0;;;
Michael;09:11:37;16:04:00;299.2346,-1072.31,-1072.31;True,Helicopters,FROGGER,30,21048,0;You're good. Sit back, and enjoy the ride.;MICHAEL;FBI2_BXAB
Michael;09:11:37;16:04:01;306.4599,-1058.645,-1058.645;True,Helicopters,FROGGER,28,8021,0;;;
Michael;09:11:38;16:04:01;313.8424,-1045.836,-1045.836;True,Helicopters,FROGGER,27,7247,0;;;
Michael;09:11:38;16:04:02;321.5819,-1033.812,-1033.812;True,Helicopters,FROGGER,27,94369,0;;;
Michael;09:11:39;16:04:02;329.2338,-1021.411,-1021.411;True,Helicopters,FROGGER,29,11934,0;;;
Michael;09:11:39;16:04:03;336.1945,-1008.104,-1008.104;True,Helicopters,FROGGER,30,36779,0;;;
Michael;09:11:40;16:04:03;341.7847,-993.5692,-993.5692;True,Helicopters,FROGGER,30,30935,0;;;
Michael;09:11:40;16:04:04;345.962,-978.5958,-978.5958;True,Helicopters,FROGGER,29,39521,0;;;
Michael;09:11:41;16:04:04;347.3554,-970.4933,-970.4933;True,Helicopters,FROGGER,28,68704,0;;;
Michael;09:11:41;16:04:05;347.6062,-968.174,-968.174;True,Helicopters,FROGGER,27,81906,0;;;
Michael;09:11:42;16:04:05;347.0938,-955.1743,-955.1743;True,Helicopters,FROGGER,21,39731,0;Tell 'em you work for the government. Maybe that'll make it all okay.;TREVOR;FBI2_EVAA
Michael;09:11:42;16:04:06;344.4355,-946.2664,-946.2664;True,Helicopters,FROGGER,13,98014,0;;;
Michael;09:11:43;16:04:06;341.8623,-941.6162,-941.6162;True,Helicopters,FROGGER,8,181109,0;;;
Michael;09:11:43;16:04:07;340.3588,-939.4649,-939.4649;True,Helicopters,FROGGER,4,72262,0;;;
Michael;09:11:44;16:04:07;339.7097,-938.1591,-938.1591;True,Helicopters,FROGGER,2,569889,0;;;
Michael;09:11:44;16:04:08;339.6856,-937.0653,-937.0653;True,Helicopters,FROGGER,3,200118,0;;;
Michael;09:11:45;16:04:08;340.5706,-934.033,-934.033;True,Helicopters,FROGGER,8,973129,0;;;
Michael;09:11:45;16:04:09;342.1146,-928.0071,-928.0071;True,Helicopters,FROGGER,14,689,0;;;
Michael;09:11:46;16:04:09;344.2285,-919.1579,-919.1579;True,Helicopters,FROGGER,19,88493,0;;;
Michael;09:11:46;16:04:10;346.9992,-908.0167,-908.0167;True,Helicopters,FROGGER,24,49724,0;;;
Michael;09:11:47;16:04:10;350.1946,-895.5299,-895.5299;True,Helicopters,FROGGER,26,64378,0;;;
Michael;09:11:47;16:04:11;353.5712,-881.3811,-881.3811;True,Helicopters,FROGGER,29,7303,0;;;
Michael;09:11:48;16:04:11;356.9156,-865.855,-865.855;True,Helicopters,FROGGER,31,48469,0;;;
Michael;09:11:49;16:04:12;359.8712,-849.6027,-849.6027;True,Helicopters,FROGGER,32,58146,0;;;
Michael;09:11:49;16:04:13;362.3281,-833.1372,-833.1372;True,Helicopters,FROGGER,32,38807,0;;;
Michael;09:11:50;16:04:13;363.8492,-816.1013,-816.1013;True,Helicopters,FROGGER,33,23388,0;;;
Michael;09:11:50;16:04:14;364.4944,-798.7321,-798.7321;True,Helicopters,FROGGER,33,89032,0;Fuck this. What the fuck is going on?;MisterK;FBI2_BYAA
Michael;09:11:51;16:04:14;364.5275,-780.8575,-780.8575;True,Helicopters,FROGGER,33,57713,0;;;
Michael;09:11:51;16:04:15;364.1049,-763.7102,-763.7102;True,Helicopters,FROGGER,33,45556,0;;;
Michael;09:11:52;16:04:15;362.862,-746.3885,-746.3885;True,Helicopters,FROGGER,33,84577,0;;;
Michael;09:11:52;16:04:16;360.5207,-728.7189,-728.7189;True,Helicopters,FROGGER,34,3457,0;;;
Michael;09:11:53;16:04:16;357.3129,-711.4963,-711.4963;True,Helicopters,FROGGER,34,05904,0;;;
Michael;09:11:53;16:04:17;352.8676,-693.8901,-693.8901;True,Helicopters,FROGGER,34,97604,0;Beats me, pal. I'm just here to do a job.;MICHAEL;FBI2_BYAB
Michael;09:11:54;16:04:17;347.5967,-676.4128,-676.4128;True,Helicopters,FROGGER,35,3143,0;;;
Michael;09:11:54;16:04:18;341.8104,-659.3011,-659.3011;True,Helicopters,FROGGER,34,49747,0;;;
Michael;09:11:55;16:04:18;335.2749,-642.621,-642.621;True,Helicopters,FROGGER,34,69205,0;;;
Michael;09:11:55;16:04:19;327.7124,-626.2249,-626.2249;True,Helicopters,FROGGER,34,89774,0;;;
Michael;09:11:56;16:04:19;319.2354,-610.2144,-610.2144;True,Helicopters,FROGGER,34,58601,0;;;
Michael;09:11:56;16:04:20;309.8956,-594.7281,-594.7281;True,Helicopters,FROGGER,34,66044,0;;;
Michael;09:11:57;16:04:20;299.8858,-579.7763,-579.7763;True,Helicopters,FROGGER,34,93438,0;Just like old times, T. Only more so.;MICHAEL;FBI2_FPAA
Michael;09:11:57;16:04:21;289.2273,-564.7674,-564.7674;True,Helicopters,FROGGER,35,46614,0;;;
Michael;09:11:58;16:04:21;278.2148,-549.9864,-549.9864;True,Helicopters,FROGGER,35,95287,0;;;
Michael;09:11:58;16:04:22;266.5702,-535.3815,-535.3815;True,Helicopters,FROGGER,36,20132,0;;;
Michael;09:11:59;16:04:22;254.2635,-521.4521,-521.4521;True,Helicopters,FROGGER,36,02869,0;;;
Michael;09:11:59;16:04:23;240.7646,-508.5605,-508.5605;True,Helicopters,FROGGER,35,898,0;;;
Michael;09:12:00;16:04:23;226.5061,-496.6916,-496.6916;True,Helicopters,FROGGER,35,90051,0;;;
Michael;09:12:00;16:04:24;211.7701,-485.2554,-485.2554;True,Helicopters,FROGGER,36,20313,0;;;
Michael;09:12:01;16:04:24;196.9136,-473.7104,-473.7104;True,Helicopters,FROGGER,36,31244,0;;;
Michael;09:12:02;16:04:25;181.9524,-461.9714,-461.9714;True,Helicopters,FROGGER,36,33916,0;;;
Michael;09:12:02;16:04:26;166.7828,-450.5512,-450.5512;True,Helicopters,FROGGER,36,65586,0;All clear. Set us down at that lot.;MICHAEL;FBI2_AVAA
Michael;09:12:03;16:04:26;150.9194,-439.7919,-439.7919;True,Helicopters,FROGGER,36,88098,0;;;
Michael;09:12:03;16:04:27;134.8834,-430.0473,-430.0473;True,Helicopters,FROGGER,35,02118,0;;;
Michael;09:12:04;16:04:27;119.9114,-421.7947,-421.7947;True,Helicopters,FROGGER,31,01595,0;;;
Michael;09:12:04;16:04:28;106.9167,-414.8465,-414.8465;True,Helicopters,FROGGER,25,67185,0;;;
Michael;09:12:05;16:04:28;96.71056,-409.0133,-409.0133;True,Helicopters,FROGGER,19,54678,0;;;
Michael;09:12:05;16:04:29;90.59365,-403.5985,-403.5985;True,Helicopters,FROGGER,14,60328,0;Roger that, commander.;TREVOR;FBI2_AWAA
Michael;09:12:06;16:04:29;88.28112,-398.1635,-398.1635;True,Helicopters,FROGGER,11,53167,0;;;
Michael;09:12:06;16:04:30;87.12777,-392.7145,-392.7145;True,Helicopters,FROGGER,10,3022,0;;;
Michael;09:12:07;16:04:30;86.62901,-387.317,-387.317;True,Helicopters,FROGGER,10,6149,0;;;
Michael;09:12:07;16:04:31;86.28705,-381.7169,-381.7169;True,Helicopters,FROGGER,11,42542,0;;;
Michael;09:12:08;16:04:31;85.41188,-375.741,-375.741;True,Helicopters,FROGGER,12,08109,0;Hey, Frank. They ain't got their eyes in the sky. You can clear out of there.;MICHAEL;FBI2_FSAA
Michael;09:12:08;16:04:32;83.71347,-369.5638,-369.5638;True,Helicopters,FROGGER,12,6896,0;;;
Michael;09:12:09;16:04:32;81.95658,-363.0474,-363.0474;True,Helicopters,FROGGER,13,39912,0;;;
Michael;09:12:09;16:04:33;81.01054,-356.1139,-356.1139;True,Helicopters,FROGGER,14,08138,0;;;
Michael;09:12:10;16:04:33;81.0792,-349.1314,-349.1314;True,Helicopters,FROGGER,14,62351,0;;;
Michael;09:12:10;16:04:34;82.92117,-342.45,-342.45;True,Helicopters,FROGGER,14,99181,0;;;
Michael;09:12:11;16:04:34;86.94732,-336.8275,-336.8275;True,Helicopters,FROGGER,15,95439,0;;;
Michael;09:12:11;16:04:35;93.90915,-332.7318,-332.7318;True,Helicopters,FROGGER,18,01679,0;;;
Michael;09:12:12;16:04:35;103.2889,-331.1891,-331.1891;True,Helicopters,FROGGER,19,50719,0;;;
Michael;09:12:12;16:04:36;113.1878,-333.0471,-333.0471;True,Helicopters,FROGGER,20,73716,0;;;
Michael;09:12:13;16:04:36;123.1827,-338.2079,-338.2079;True,Helicopters,FROGGER,22,85983,0;Who are you people?;MisterK;FBI2_BMAA
Michael;09:12:13;16:04:37;132.6268,-346.2433,-346.2433;True,Helicopters,FROGGER,25,70554,0;;;
Michael;09:12:14;16:04:37;141.7783,-356.6776,-356.6776;True,Helicopters,FROGGER,28,15179,0;;;
Michael;09:12:15;16:04:38;150.808,-368.9298,-368.9298;True,Helicopters,FROGGER,30,83841,0;That doesn't matter.;MICHAEL;FBI2_BMAB
Michael;09:12:15;16:04:39;159.9767,-382.5192,-382.5192;True,Helicopters,FROGGER,33,3442,0;;;
Michael;09:12:16;16:04:39;169.2206,-397.7769,-397.7769;True,Helicopters,FROGGER,35,74979,0;;;
Michael;09:12:16;16:04:40;178.5068,-414.5477,-414.5477;True,Helicopters,FROGGER,38,08402,0;;;
Michael;09:12:17;16:04:40;187.7734,-432.5774,-432.5774;True,Helicopters,FROGGER,40,26836,0;They said they were government... I do home theater... I'm not...;MisterK;FBI2_BMAC
Michael;09:12:17;16:04:41;197.3115,-451.8191,-451.8191;True,Helicopters,FROGGER,42,32804,0;;;
Michael;09:12:18;16:04:41;207.0973,-471.6603,-471.6603;True,Helicopters,FROGGER,43,47692,0;;;
Michael;09:12:18;16:04:42;217.0505,-491.7696,-491.7696;True,Helicopters,FROGGER,43,76944,0;;;
Michael;09:12:19;16:04:42;227.269,-512.3539,-512.3539;True,Helicopters,FROGGER,44,07355,0;;;
Michael;09:12:19;16:04:43;237.545,-533.0184,-533.0184;True,Helicopters,FROGGER,45,04125,0;;;
Michael;09:12:20;16:04:43;248.1556,-554.3384,-554.3384;True,Helicopters,FROGGER,46,88247,0;;;
Michael;09:12:20;16:04:44;259.1098,-576.3954,-576.3954;True,Helicopters,FROGGER,48,81588,0;I don't care who you are.;MICHAEL;FBI2_BMAD
Michael;09:12:21;16:04:44;270.4084,-599.3133,-599.3133;True,Helicopters,FROGGER,50,611,0;;;
Michael;09:12:21;16:04:45;281.9332,-622.9836,-622.9836;True,Helicopters,FROGGER,52,27294,0;;;
Michael;09:12:22;16:04:45;294.0738,-647.4985,-647.4985;True,Helicopters,FROGGER,53,79687,0;;;
Michael;09:12:22;16:04:46;307.1127,-672.7011,-672.7011;True,Helicopters,FROGGER,55,12297,0;Then why are you doing this to me?;MisterK;FBI2_BMAE
Michael;09:12:23;16:04:46;321.0313,-697.9341,-697.9341;True,Helicopters,FROGGER,56,24326,0;;;
Michael;09:12:23;16:04:47;336.1663,-723.2311,-723.2311;True,Helicopters,FROGGER,57,168,0;;;
Michael;09:12:24;16:04:47;351.8503,-748.0842,-748.0842;True,Helicopters,FROGGER,58,04333,0;;;
Michael;09:12:24;16:04:48;367.8303,-773.7941,-773.7941;True,Helicopters,FROGGER,58,87083,0;;;
Michael;09:12:25;16:04:48;383.6126,-799.981,-799.981;True,Helicopters,FROGGER,59,62017,0;;;
Michael;09:12:25;16:04:49;399.2877,-826.4716,-826.4716;True,Helicopters,FROGGER,60,22102,0;Hey, hold tight. I've got some friends with the Bureau. They'll explain everything.;MICHAEL;FBI2_BMAF
Michael;09:12:26;16:04:49;415.3648,-853.117,-853.117;True,Helicopters,FROGGER,60,70542,0;;;
Michael;09:12:26;16:04:50;432.1272,-879.5766,-879.5766;True,Helicopters,FROGGER,61,14005,0;;;
Michael;09:12:27;16:04:50;449.371,-906.1339,-906.1339;True,Helicopters,FROGGER,61,52761,0;;;
Michael;09:12:27;16:04:51;466.8599,-933.0531,-933.0531;True,Helicopters,FROGGER,61,8514,0;;;
Michael;09:12:28;16:04:51;484.4376,-960.3345,-960.3345;True,Helicopters,FROGGER,62,10405,0;;;
Michael;09:12:28;16:04:52;502.2854,-986.9725,-986.9725;True,Helicopters,FROGGER,62,24382,0;;;
Michael;09:12:29;16:04:52;520.6438,-1013.885,-1013.885;True,Helicopters,FROGGER,62,40646,0;;;
Michael;09:12:30;16:04:53;538.8114,-1040.408,-1040.408;True,Helicopters,FROGGER,62,66132,0;;;
Michael;09:12:30;16:04:54;557.5894,-1067.295,-1067.295;True,Helicopters,FROGGER,62,89025,0;You saved me. Thank you. Thank you.;MisterK;FBI2_HVAA
Michael;09:12:31;16:04:54;576.7964,-1094.149,-1094.149;True,Helicopters,FROGGER,63,04506,0;;;
Michael;09:12:31;16:04:55;596.4816,-1120.463,-1120.463;True,Helicopters,FROGGER,63,07546,0;;;
Michael;09:12:32;16:04:55;616.6979,-1146.514,-1146.514;True,Helicopters,FROGGER,63,16349,0;;;
Michael;09:12:32;16:04:56;636.6061,-1172.468,-1172.468;True,Helicopters,FROGGER,63,26999,0;;;
Michael;09:12:33;16:04:56;656.0774,-1198.563,-1198.563;True,Helicopters,FROGGER,63,34912,0;;;
Michael;09:12:33;16:04:57;675.7347,-1224.718,-1224.718;True,Helicopters,FROGGER,63,32428,0;;;
Michael;09:12:34;16:04:57;696.1714,-1250.469,-1250.469;True,Helicopters,FROGGER,63,35432,0;;;
Michael;09:12:34;16:04:58;716.9435,-1275.669,-1275.669;True,Helicopters,FROGGER,63,40055,0;;;
Michael;09:12:35;16:04:58;738.4285,-1300.679,-1300.679;True,Helicopters,FROGGER,63,39655,0;Don't mention it.;MICHAEL;FBI2_HVAB
Michael;09:12:35;16:04:59;760.3047,-1325.157,-1325.157;True,Helicopters,FROGGER,63,42714,0;;;
Michael;09:12:36;16:04:59;782.1409,-1349.565,-1349.565;True,Helicopters,FROGGER,63,48215,0;;;
Michael;09:12:36;16:05:00;803.95,-1374.342,-1374.342;True,Helicopters,FROGGER,63,53221,0;The Bureau... the FIB, they will make everything okay?;MisterK;FBI2_HVAC
Michael;09:12:37;16:05:00;825.685,-1399.074,-1399.074;True,Helicopters,FROGGER,63,55539,0;;;
Michael;09:12:37;16:05:01;847.4823,-1424.173,-1424.173;True,Helicopters,FROGGER,63,533,0;;;
Michael;09:12:38;16:05:01;868.9056,-1448.823,-1448.823;True,Helicopters,FROGGER,63,47411,0;;;
Michael;09:12:38;16:05:02;890.8883,-1473.542,-1473.542;True,Helicopters,FROGGER,63,45234,0;;;
Michael;09:12:39;16:05:02;913.1895,-1497.757,-1497.757;True,Helicopters,FROGGER,63,45607,0;;;
Michael;09:12:39;16:05:03;935.4894,-1521.459,-1521.459;True,Helicopters,FROGGER,63,47526,0;;;
Michael;09:12:40;16:05:03;957.938,-1545.191,-1545.191;True,Helicopters,FROGGER,63,49796,0;;;
Michael;09:12:40;16:05:04;980.8029,-1569.312,-1569.312;True,Helicopters,FROGGER,63,49526,0;I'm sure. Don't worry. They'll look after you.;MICHAEL;FBI2_HVAD
Michael;09:12:41;16:05:04;1003.61,-1593.293,-1593.293;True,Helicopters,FROGGER,63,47001,0;;;
Michael;09:12:41;16:05:05;1026.425,-1617.259,-1617.259;True,Helicopters,FROGGER,63,44387,0;;;
Michael;09:12:42;16:05:05;1048.849,-1641.059,-1641.059;True,Helicopters,FROGGER,63,42222,0;;;
Michael;09:12:42;16:05:06;1071.261,-1665.213,-1665.213;True,Helicopters,FROGGER,63,40967,0;;;
Michael;09:12:43;16:05:07;1093.315,-1689.792,-1689.792;True,Helicopters,FROGGER,63,3838,0;;;
Michael;09:12:44;16:05:07;1114.806,-1714.303,-1714.303;True,Helicopters,FROGGER,62,06345,0;;;
Michael;09:12:44;16:05:08;1135.217,-1737.815,-1737.815;True,Helicopters,FROGGER,59,21436,0;The things those people did to me. I'm an American citizen.;MisterK;FBI2_HVAE
Michael;09:12:45;16:05:08;1154.837,-1760.344,-1760.344;True,Helicopters,FROGGER,56,59103,0;;;
Michael;09:12:45;16:05:09;1173.192,-1781.288,-1781.288;True,Helicopters,FROGGER,54,74237,0;;;
Michael;09:12:46;16:05:09;1190.671,-1801.251,-1801.251;True,Helicopters,FROGGER,54,27018,0;;;
Michael;09:12:46;16:05:10;1207.513,-1821.019,-1821.019;True,Helicopters,FROGGER,55,6883,0;;;
Michael;09:12:47;16:05:10;1224.525,-1841.366,-1841.366;True,Helicopters,FROGGER,55,98398,0;;;
Michael;09:12:47;16:05:11;1241.525,-1861.76,-1861.76;True,Helicopters,FROGGER,54,21348,0;;;
Michael;09:12:48;16:05:11;1257.487,-1882.475,-1882.475;True,Helicopters,FROGGER,51,25088,0;;;
Michael;09:12:48;16:05:12;1271.788,-1903.307,-1903.307;True,Helicopters,FROGGER,49,12083,0;;;
Michael;09:12:49;16:05:12;1284.671,-1923.671,-1923.671;True,Helicopters,FROGGER,46,68327,0;Yeah, well, that don't seem to matter too much.;MICHAEL;FBI2_HVAF
Michael;09:12:49;16:05:13;1295.928,-1942.661,-1942.661;True,Helicopters,FROGGER,41,44015,0;;;
Michael;09:12:50;16:05:13;1306.037,-1959.527,-1959.527;True,Helicopters,FROGGER,36,58577,0;;;
Michael;09:12:50;16:05:14;1315.231,-1974.516,-1974.516;True,Helicopters,FROGGER,32,28593,0;;;
Michael;09:12:51;16:05:14;1323.578,-1988.38,-1988.38;True,Helicopters,FROGGER,29,90749,0;;;
Michael;09:12:51;16:05:15;1330.084,-2001.45,-2001.45;True,Helicopters,FROGGER,27,14274,0;;;
Michael;09:12:52;16:05:15;1335.022,-2014.134,-2014.134;True,Helicopters,FROGGER,25,90407,0;Hey, T. Bring her down in the lot.;MICHAEL;FBI2_HDAA
Michael;09:12:52;16:05:16;1339.008,-2026.731,-2026.731;True,Helicopters,FROGGER,24,13906,0;;;
Michael;09:12:53;16:05:16;1343.211,-2038.241,-2038.241;True,Helicopters,FROGGER,22,97082,0;;;
Michael;09:12:53;16:05:17;1348.054,-2048.329,-2048.329;True,Helicopters,FROGGER,20,2722,0;;;
Michael;09:12:54;16:05:17;1353.333,-2056.194,-2056.194;True,Helicopters,FROGGER,16,88423,0;;;
Michael;09:12:54;16:05:18;1358.825,-2062.008,-2062.008;True,Helicopters,FROGGER,14,386,0;;;
Michael;09:12:55;16:05:18;1363.432,-2066.766,-2066.766;True,Helicopters,FROGGER,11,13475,0;;;
Michael;09:12:55;16:05:19;1366.846,-2071.018,-2071.018;True,Helicopters,FROGGER,10,33637,0;;;
Michael;09:12:56;16:05:19;1369.749,-2075.109,-2075.109;True,Helicopters,FROGGER,10,87884,0;;;
Michael;09:12:57;16:05:20;1371.982,-2078.817,-2078.817;True,Helicopters,FROGGER,9,16756,0;;;
Michael;09:12:57;16:05:21;1373.198,-2081.668,-2081.668;True,Helicopters,FROGGER,6,765676,0;;;
Michael;09:12:58;16:05:21;1373.844,-2083.537,-2083.537;True,Helicopters,FROGGER,4,217023,0;;;
Michael;09:12:58;16:05:22;1373.752,-2084.116,-2084.116;True,Helicopters,FROGGER,2,616163,0;;;
Michael;09:12:59;16:05:22;1373.143,-2083.771,-2083.771;True,Helicopters,FROGGER,3,023396,0;;;
Michael;09:12:59;16:05:23;1371.839,-2082.494,-2082.494;True,Helicopters,FROGGER,4,672302,0;;;
Michael;09:13:00;16:05:23;1370.217,-2080.555,-2080.555;True,Helicopters,FROGGER,5,512024,0;;;
Michael;09:13:00;16:05:24;1368.748,-2078.145,-2078.145;True,Helicopters,FROGGER,5,744209,0;;;
Michael;09:13:01;16:05:24;1367.499,-2075.593,-2075.593;True,Helicopters,FROGGER,6,224615,0;;;
Michael;09:13:01;16:05:25;1366.429,-2073.079,-2073.079;True,Helicopters,FROGGER,7,845665,0;;;
Michael;09:13:02;16:05:25;1365.469,-2070.703,-2070.703;True,Helicopters,FROGGER,9,680021,0;;;
Michael;09:13:02;16:05:26;1364.521,-2068.539,-2068.539;True,Helicopters,FROGGER,11,22042,0;;;
Michael;09:13:03;16:05:26;1363.48,-2066.528,-2066.528;True,Helicopters,FROGGER,12,43239,0;;;
Michael;09:13:03;16:05:27;1362.335,-2064.693,-2064.693;True,Helicopters,FROGGER,12,66642,0;;;
Michael;09:13:04;16:05:27;1361.496,-2063.352,-2063.352;True,Helicopters,FROGGER,9,260562,0;;;
Michael;09:13:04;16:05:28;1361.528,-2062.947,-2062.947;True,Helicopters,FROGGER,1,847158,0;;;
Michael;09:13:05;16:05:28;1362.628,-2063.58,-2063.58;True,Helicopters,FROGGER,3,249781,0;;;
Michael;09:13:05;16:05:29;1364.046,-2064.349,-2064.349;True,Helicopters,FROGGER,2,64742,0;;;
Michael;09:13:06;16:05:29;1364.526,-2064.425,-2064.425;True,Helicopters,FROGGER,0,1995448,0;;;
Michael;09:13:06;16:05:30;1364.608,-2064.501,-2064.501;True,Helicopters,FROGGER,1,097291,0;;;
Michael;09:13:07;16:05:30;1374.904,-2070.033,-2070.033;;;;
Michael;09:13:07;16:05:31;1374.888,-2070.002,-2070.002;;Alright, let's go.;Cutscene;Cutscene
Michael;09:13:08;16:05:31;1374.96,-2069.903,-2069.903;;;;
Michael;09:13:08;16:05:32;1374.916,-2069.574,-2069.574;;;;
Michael;09:13:09;16:05:32;1374.953,-2069.23,-2069.23;;Where are we?;Cutscene;Cutscene
Michael;09:13:10;16:05:33;1374.804,-2068.893,-2068.893;;;;
Michael;09:13:10;16:05:34;1374.632,-2068.714,-2068.714;;Hey, go easy on him.;Cutscene;Cutscene
Michael;09:13:11;16:05:34;1374.665,-2068.483,-2068.483;;;;
Michael;09:13:11;16:05:35;1374.673,-2068.365,-2068.365;;Thank you.;Cutscene;Cutscene
Michael;09:13:12;16:05:35;1374.867,-2068.409,-2068.409;;;;
Michael;09:13:12;16:05:36;1375.062,-2068.467,-2068.467;;Oh, man, you saved me.;Cutscene;Cutscene
Michael;09:13:13;16:05:36;1375.757,-2067.915,-2067.915;;;;
Michael;09:13:13;16:05:37;1375.779,-2067.622,-2067.622;;Hey! Hey! No! Huh? No! No!;Cutscene;Cutscene
Michael;09:13:14;16:05:37;1375.724,-2067.579,-2067.579;;;;
Michael;09:13:14;16:05:38;1374.807,-2070.476,-2070.476;;;;
Michael;09:13:15;16:05:38;1374.938,-2070.61,-2070.61;;;;
Michael;09:13:15;16:05:39;1375.036,-2070.735,-2070.735;;;;
Michael;09:13:16;16:05:39;1374.95,-2070.517,-2070.517;;No! No-no-no-no! No!;Cutscene;Cutscene
Michael;09:13:16;16:05:40;1375.029,-2070.634,-2070.634;;;;
Michael;09:13:17;16:05:40;1374.997,-2070.698,-2070.698;;;;
Michael;09:13:17;16:05:41;1375.692,-2067.825,-2067.825;;Hey! Hey! I said easy...;Cutscene;Cutscene
Michael;09:13:18;16:05:41;1375.799,-2067.669,-2067.669;;;;
Michael;09:13:18;16:05:42;1374.931,-2070.6,-2070.6;;;;
Michael;09:13:19;16:05:42;1374.92,-2070.717,-2070.717;;Oh, come on, give the guy a break!;Cutscene;Cutscene
Michael;09:13:19;16:05:43;1374.672,-2070.629,-2070.629;;;;
Michael;09:13:20;16:05:43;1374.706,-2070.61,-2070.61;;;;
Michael;09:13:20;16:05:44;1374.676,-2070.645,-2070.645;;;;
Michael;09:13:21;16:05:44;1374.701,-2070.689,-2070.689;;;;
Michael;09:13:21;16:05:45;1374.726,-2070.651,-2070.651;;;;
Michael;09:13:22;16:05:45;1374.713,-2070.677,-2070.677;;;;
Michael;09:13:23;16:05:46;1374.72,-2070.648,-2070.648;;;;
Michael;09:13:23;16:05:47;1375.832,-2067.614,-2067.614;;;;
Michael;09:13:24;16:05:47;1375.816,-2067.632,-2067.632;;;;
Michael;09:13:24;16:05:48;1375.794,-2067.743,-2067.743;;;;
Michael;09:13:25;16:05:48;1375.844,-2067.764,-2067.764;;Alright, well I'll get outta this shit.;Cutscene;Cutscene
Michael;09:13:25;16:05:49;1376.161,-2067.691,-2067.691;;;;
Michael;09:13:26;16:05:49;1376.468,-2067.771,-2067.771;;;;
Michael;09:13:26;16:05:50;1376.77,-2068.148,-2068.148;;;;
Michael;09:13:27;16:05:50;1377.27,-2068.526,-2068.526;;;;
Michael;09:13:27;16:05:51;1377.647,-2069.092,-2069.092;;;;
Michael;09:13:28;16:05:51;1378.045,-2069.727,-2069.727;;;;
Michael;09:13:28;16:05:52;1378.355,-2070.395,-2070.395;;;;
Michael;09:13:29;16:05:52;1378.655,-2071.108,-2071.108;;;;
Michael;09:13:29;16:05:53;1378.963,-2071.75,-2071.75;;;;
Michael;09:13:30;16:05:53;1379.211,-2072.417,-2072.417;;;;
Michael;09:13:30;16:05:54;1383.347,-2079.117,-2079.117;;;;
Michael;09:13:31;16:05:54;1383.34,-2079.11,-2079.11;;;;
Michael;09:13:31;16:05:55;1383.281,-2079.07,-2079.07;;;;
Michael;09:13:32;16:05:55;1383.05,-2078.887,-2078.887;;;;
Michael;09:13:32;16:05:56;1382.615,-2078.507,-2078.507;;;;
Michael;09:13:33;16:05:56;1382.086,-2078.227,-2078.227;;;;
Michael;09:13:33;16:05:57;1381.604,-2077.86,-2077.86;;In bed with the Bureau!;Cutscene;Cutscene
Michael;09:13:34;16:05:57;1381.095,-2077.531,-2077.531;;;;
Michael;09:13:34;16:05:58;1380.673,-2077.184,-2077.184;;And a new running buddy!;Cutscene;Cutscene
Michael;09:13:35;16:05:58;1380.307,-2076.743,-2076.743;;;;
Michael;09:13:35;16:05:59;1379.862,-2076.333,-2076.333;;;;
char;time_ingame;time_rw;pos;vehicle;subtitles_text;speaker;soundfile
Michael;09:14:10;16:06:34;1378.654,-2074.322,-2074.322;;;;
Michael;09:14:11;16:06:34;1378.654,-2074.322,-2074.322;;;;
Michael;09:14:11;16:06:35;1378.748,-2074.255,-2074.255;;;;
Michael;09:14:12;16:06:35;1379.245,-2073.876,-2073.876;;;;
Michael;09:14:12;16:06:36;1379.913,-2073.321,-2073.321;;;;
Michael;09:14:13;16:06:36;1380.427,-2072.579,-2072.579;;;;
Michael;09:14:13;16:06:37;1380.62,-2071.704,-2071.704;;;;
Michael;09:14:14;16:06:37;1380.572,-2070.819,-2070.819;;;;
Michael;09:14:14;16:06:38;1380.365,-2069.962,-2069.962;;;;
Michael;09:14:15;16:06:39;1380.08,-2069.124,-2069.124;;;;
Michael;09:14:16;16:06:39;1379.776,-2068.264,-2068.264;;;;
Michael;09:14:16;16:06:40;1379.477,-2067.423,-2067.423;;;;
Michael;09:14:17;16:06:40;1379.205,-2066.574,-2066.574;;;;
Michael;09:14:17;16:06:41;1378.998,-2065.662,-2065.662;;;;
Michael;09:14:18;16:06:41;1378.887,-2064.795,-2064.795;;;;
Michael;09:14:18;16:06:42;1378.804,-2063.908,-2063.908;;;;
Michael;09:14:19;16:06:42;1378.716,-2063.034,-2063.034;;;;
Michael;09:14:19;16:06:43;1378.615,-2062.15,-2062.15;;;;
Michael;09:14:20;16:06:43;1378.675,-2061.282,-2061.282;;;;
Michael;09:14:20;16:06:44;1378.969,-2060.441,-2060.441;;;;
Michael;09:14:21;16:06:44;1379.303,-2059.625,-2059.625;;;;
Michael;09:14:21;16:06:45;1379.702,-2058.776,-2058.776;;;;
Michael;09:14:22;16:06:45;1380.081,-2057.983,-2057.983;;;;
Michael;09:14:22;16:06:46;1380.454,-2057.196,-2057.196;;;;
Michael;09:14:23;16:06:46;1380.838,-2056.399,-2056.399;;;;
Michael;09:14:23;16:06:47;1381.278,-2055.622,-2055.622;;;;
Michael;09:14:24;16:06:47;1381.735,-2054.852,-2054.852;;;;
Michael;09:14:24;16:06:48;1382.189,-2054.09,-2054.09;;;;
Michael;09:14:25;16:06:48;1382.75,-2053.409,-2053.409;;;;
Michael;09:14:25;16:06:49;1383.292,-2052.62,-2052.62;;;;
Michael;09:14:26;16:06:49;1383.769,-2051.872,-2051.872;;;;
Michael;09:14:26;16:06:50;1384.245,-2051.123,-2051.123;;;;
Michael;09:14:27;16:06:51;1384.72,-2050.374,-2050.374;;;;
Michael;09:14:28;16:06:51;1385.189,-2049.637,-2049.637;;;;
Michael;09:14:28;16:06:52;1385.751,-2048.941,-2048.941;;;;
Michael;09:14:29;16:06:52;1386.097,-2048.115,-2048.115;;;;
Michael;09:14:29;16:06:53;1386.62,-2047.407,-2047.407;;;;
Michael;09:14:30;16:06:53;1387.177,-2046.715,-2046.715;;;;
Michael;09:14:30;16:06:54;1387.511,-2045.889,-2045.889;;;;
Michael;09:14:31;16:06:54;1387.973,-2045.414,-2045.414;;;;
Michael;09:14:31;16:06:55;1388.342,-2045.181,-2045.181;;;;
Michael;09:14:32;16:06:55;1388.115,-2045.141,-2045.141;;;;
Michael;09:14:32;16:06:56;1387.101,-2044.611,-2044.611;True,Coupes,FELON,0,0;;;
Michael;09:14:33;16:06:56;1387.101,-2044.611,-2044.611;True,Coupes,FELON,0,00257653,0;;;
Michael;09:14:33;16:06:57;1387.1,-2044.609,-2044.609;True,Coupes,FELON,0,005683658,0;;;
Michael;09:14:34;16:06:57;1387.1,-2044.609,-2044.609;True,Coupes,FELON,0,0;;;
Michael;09:14:34;16:06:58;1387.095,-2044.613,-2044.613;True,Coupes,FELON,0,1080174,1;;;
Michael;09:14:35;16:06:58;1386.629,-2044.819,-2044.819;True,Coupes,FELON,1,968164,1;;;
Michael;09:14:35;16:06:59;1384.911,-2045.229,-2045.229;True,Coupes,FELON,4,916088,1;;;
Michael;09:14:36;16:06:59;1381.562,-2044.749,-2044.749;True,Coupes,FELON,6,636008,0;;;
Michael;09:14:36;16:07:00;1379.091,-2043.093,-2043.093;True,Coupes,FELON,5,881167,1;;;
Michael;09:14:37;16:07:00;1377.389,-2040.909,-2040.909;True,Coupes,FELON,4,618264,0;;;
Michael;09:14:37;16:07:01;1375.907,-2039.328,-2039.328;True,Coupes,FELON,3,418467,0;;;
Michael;09:14:38;16:07:01;1375.254,-2038.284,-2038.284;True,Coupes,FELON,1,605922,0;;;
Michael;09:14:38;16:07:02;1375.066,-2037.932,-2037.932;True,Coupes,FELON,0,04170693,0;;;
Michael;09:14:39;16:07:02;1375.071,-2037.932,-2037.932;True,Coupes,FELON,0,0;;;
Michael;09:14:40;16:07:03;1375.071,-2037.932,-2037.932;True,Coupes,FELON,0,0;;;
Michael;09:14:40;16:07:04;1375.071,-2037.932,-2037.932;True,Coupes,FELON,0,0;;;
Michael;09:14:41;16:07:04;1375.071,-2037.932,-2037.932;True,Coupes,FELON,0,0;;;
Michael;09:15:05;16:07:29;1375.071,-2037.932,-2037.932;True,Coupes,FELON,0,0;;;
Michael;09:15:06;16:07:29;1375.071,-2037.932,-2037.932;True,Coupes,FELON,0,0;;;
Michael;09:15:06;16:07:30;1375.071,-2037.932,-2037.932;True,Coupes,FELON,0,0;;;
Michael;09:15:07;16:07:30;1375.071,-2037.932,-2037.932;True,Coupes,FELON,0,0;;;
Michael;09:15:07;16:07:31;1375.071,-2037.932,-2037.932;True,Coupes,FELON,0,0;;;
Michael;09:15:08;16:07:31;1375.071,-2037.932,-2037.932;True,Coupes,FELON,0,0;;;
Michael;09:15:08;16:07:32;1375.071,-2037.932,-2037.932;True,Coupes,FELON,0,0;;;
Michael;09:15:09;16:07:32;1375.071,-2037.932,-2037.932;True,Coupes,FELON,0,0;;;
Michael;09:15:09;16:07:33;1375.071,-2037.932,-2037.932;True,Coupes,FELON,0,0;;;
Michael;09:15:10;16:07:33;1375.071,-2037.932,-2037.932;True,Coupes,FELON,0,0;;;
Michael;09:15:10;16:07:34;1375.071,-2037.932,-2037.932;True,Coupes,FELON,0,0;;;
Michael;09:15:11;16:07:34;1375.071,-2037.932,-2037.932;True,Coupes,FELON,0,0;;;
Michael;09:15:11;16:07:35;1375.071,-2037.932,-2037.932;True,Coupes,FELON,0,0;;;
Michael;09:15:12;16:07:35;1375.071,-2037.932,-2037.932;True,Coupes,FELON,0,0;;;
Michael;09:15:12;16:07:36;1375.071,-2037.932,-2037.932;True,Coupes,FELON,0,0;;;
Michael;09:15:13;16:07:36;1375.071,-2037.932,-2037.932;True,Coupes,FELON,0,0;;;
Michael;09:15:13;16:07:37;1375.071,-2037.932,-2037.932;True,Coupes,FELON,0,0;;;
Michael;09:15:14;16:07:37;1375.071,-2037.932,-2037.932;True,Coupes,FELON,0,0;;;
Michael;09:15:14;16:07:38;1375.071,-2037.932,-2037.932;True,Coupes,FELON,0,0;;;
???;09:15:15;16:07:38;0,0,0;;;;
???;09:15:15;16:07:39;0,0,0;;Hey, holla at me y'all. Peace.;FRANKLIN;PRS_QIAA
???;09:15:16;16:07:39;0,0,0;;;;
???;09:15:16;16:07:40;0,0,0;;;;
char;time_ingame;time_rw;pos;vehicle;subtitles_text;speaker;soundfile
Franklin;09:15:21;16:07:44;133.1267,-1304.811,-1304.811;;;;
Franklin;09:15:21;16:07:45;133.4104,-1304.976,-1304.976;;;;
Franklin;09:15:22;16:07:45;133.6374,-1305.102,-1305.102;;;;
Franklin;09:15:22;16:07:46;133.866,-1305.34,-1305.34;;;;
Franklin;09:15:23;16:07:46;133.6201,-1306.032,-1306.032;;;;
Franklin;09:15:23;16:07:47;132.9267,-1306.599,-1306.599;;;;
Franklin;09:15:24;16:07:47;132.2212,-1307.169,-1307.169;;;;
Franklin;09:15:24;16:07:48;131.5204,-1307.728,-1307.728;;;;
Franklin;09:15:25;16:07:48;131.0368,-1308.109,-1308.109;;;;
Franklin;09:15:25;16:07:55;130.9805,-1308.154,-1308.154;;;;
Franklin;09:15:32;16:07:56;130.8685,-1308.242,-1308.242;;;;
Franklin;09:15:33;16:07:56;130.3685,-1308.64,-1308.64;;;;
Franklin;09:15:33;16:07:57;128.8273,-1309.852,-1309.852;;;;
Franklin;09:15:34;16:07:57;126.4,-1311.816,-1311.816;;;;
Franklin;09:15:34;16:07:58;123.6516,-1314.023,-1314.023;;;;
Franklin;09:15:35;16:07:58;120.8856,-1316.244,-1316.244;;;;
Franklin;09:15:35;16:07:59;118.1133,-1318.471,-1318.471;;;;
Franklin;09:15:36;16:07:59;115.6804,-1320.936,-1320.936;;;;
Franklin;09:15:36;16:08:00;113.1348,-1323.439,-1323.439;;;;
Franklin;09:15:37;16:08:00;110.8931,-1326.193,-1326.193;;;;
Franklin;09:15:37;16:08:01;109.138,-1329.279,-1329.279;;;;
Franklin;09:15:38;16:08:01;106.6897,-1331.723,-1331.723;;;;
Franklin;09:15:38;16:08:02;103.8907,-1333.872,-1333.872;;;;
Franklin;09:15:39;16:08:02;101.1832,-1336.203,-1336.203;;;;
Franklin;09:15:40;16:08:03;98.56445,-1338.555,-1338.555;;;;
Franklin;09:15:40;16:08:04;95.91711,-1340.932,-1340.932;;;;
Franklin;09:15:41;16:08:04;93.29618,-1343.286,-1343.286;;;;
Franklin;09:15:41;16:08:05;91.35742,-1345.022,-1345.022;;;;
Franklin;09:15:42;16:08:05;91.18908,-1345.169,-1345.169;;;;
Franklin;09:15:42;16:08:06;91.0183,-1345.316,-1345.316;;;;
Franklin;09:15:43;16:08:06;90.84129,-1345.467,-1345.467;;;;
Franklin;09:15:43;16:08:07;90.6648,-1345.618,-1345.618;;;;
Franklin;09:15:44;16:08:07;90.49358,-1345.765,-1345.765;;;;
Franklin;09:15:44;16:08:08;90.32873,-1345.908,-1345.908;;;;
Franklin;09:15:45;16:08:08;90.17001,-1346.047,-1346.047;;;;
Franklin;09:15:45;16:08:09;90.01968,-1346.18,-1346.18;;;;
Franklin;09:15:46;16:08:09;89.88153,-1346.307,-1346.307;;;;
Franklin;09:15:46;16:08:10;89.75001,-1346.431,-1346.431;;;;
Franklin;09:15:47;16:08:10;89.62826,-1346.549,-1346.549;;;;
Franklin;09:15:47;16:08:11;89.51222,-1346.662,-1346.662;;;;
Franklin;09:15:48;16:08:11;89.4017,-1346.77,-1346.77;;;;
Franklin;09:15:48;16:08:12;89.29444,-1346.873,-1346.873;;;;
Franklin;09:15:49;16:08:12;89.19048,-1346.971,-1346.971;;;;
Franklin;09:15:49;16:08:13;89.08798,-1347.064,-1347.064;;;;
Franklin;09:15:50;16:08:13;88.98838,-1347.151,-1347.151;;;;
Franklin;09:15:50;16:08:14;88.83694,-1347.279,-1347.279;;;;
Franklin;09:15:51;16:08:14;88.12597,-1347.901,-1347.901;;;;
Franklin;09:15:51;16:08:15;87.19431,-1348.78,-1348.78;;;;
Franklin;09:15:52;16:08:15;85.74983,-1350.285,-1350.285;;;;
Franklin;09:15:52;16:08:16;83.73737,-1352.797,-1352.797;;;;
Franklin;09:15:53;16:08:16;81.72494,-1355.687,-1355.687;;;;
Franklin;09:15:54;16:08:17;79.82221,-1358.625,-1358.625;;;;
Franklin;09:15:54;16:08:18;77.95788,-1361.664,-1361.664;;;;
Franklin;09:15:55;16:08:18;76.12926,-1364.708,-1364.708;;;;
Franklin;09:15:55;16:08:19;74.30461,-1367.749,-1367.749;;;;
Franklin;09:15:56;16:08:19;72.50983,-1370.742,-1370.742;;;;
Franklin;09:15:56;16:08:20;70.69023,-1373.778,-1373.778;;;;
Franklin;09:15:57;16:08:20;69.28627,-1376.12,-1376.12;;;;
Franklin;09:15:57;16:08:21;67.86534,-1378.479,-1378.479;;;;
Franklin;09:15:58;16:08:21;66.32665,-1380.81,-1380.81;;;;
Franklin;09:15:58;16:08:22;64.16807,-1383.485,-1383.485;;;;
Franklin;09:15:59;16:08:22;61.91857,-1386.15,-1386.15;;;;
Franklin;09:15:59;16:08:23;60.05869,-1389.075,-1389.075;;;;
Franklin;09:16:00;16:08:23;57.95761,-1391.983,-1391.983;;;;
Franklin;09:16:00;16:08:24;56.17382,-1394.973,-1394.973;;;;
Franklin;09:16:01;16:08:24;54.52412,-1398.089,-1398.089;;;;
Franklin;09:16:01;16:08:25;53.10002,-1401.332,-1401.332;;;;
Franklin;09:16:02;16:08:25;51.96593,-1404.656,-1404.656;;;;
Franklin;09:16:02;16:08:26;52.00645,-1408.02,-1408.02;;;;
Franklin;09:16:03;16:08:26;52.79188,-1411.538,-1411.538;;;;
Franklin;09:16:03;16:08:27;52.93437,-1415.141,-1415.141;;;;
Franklin;09:16:04;16:08:27;53.03526,-1418.633,-1418.633;;;;
Franklin;09:16:04;16:08:28;53.41142,-1422.104,-1422.104;;;;
Franklin;09:16:05;16:08:28;53.62539,-1425.526,-1425.526;;;;
Franklin;09:16:05;16:08:29;52.20297,-1428.654,-1428.654;;;;
Franklin;09:16:06;16:08:29;49.74353,-1431.283,-1431.283;;;;
Franklin;09:16:06;16:08:30;46.97588,-1433.592,-1433.592;;;;
Franklin;09:16:07;16:08:30;44.2889,-1435.836,-1435.836;;;;
Franklin;09:16:08;16:08:31;41.71549,-1438.252,-1438.252;;;;
Franklin;09:16:08;16:08:32;39.23415,-1440.741,-1440.741;;;;
Franklin;09:16:09;16:08:32;36.73011,-1443.238,-1443.238;;;;
Franklin;09:16:09;16:08:33;34.06596,-1445.554,-1445.554;;;;
Franklin;09:16:10;16:08:33;31.34407,-1447.848,-1447.848;;;;
Franklin;09:16:10;16:08:34;28.67679,-1450.107,-1450.107;;;;
Franklin;09:16:11;16:08:34;25.89033,-1452.316,-1452.316;;;;
Franklin;09:16:11;16:08:35;23.14755,-1454.476,-1454.476;;;;
Franklin;09:16:12;16:08:35;20.02264,-1455.701,-1455.701;;;;
Franklin;09:16:12;16:08:36;16.68527,-1454.861,-1454.861;;;;
Franklin;09:16:13;16:08:36;13.20779,-1454.12,-1454.12;;;;
Franklin;09:16:13;16:08:37;9.654758,-1453.885,-1453.885;;;;
Franklin;09:16:14;16:08:37;6.141251,-1453.643,-1453.643;;;;
Franklin;09:16:14;16:08:38;2.646927,-1453.178,-1453.178;;;;
Franklin;09:16:15;16:08:38;-0.8339851,-1452.791,-1452.791;;;;
Franklin;09:16:15;16:08:39;-4.425933,-1452.601,-1452.601;;;;
Franklin;09:16:16;16:08:39;-7.869315,-1452.463,-1452.463;;;;
Franklin;09:16:16;16:08:40;-9.557433,-1452.184,-1452.184;;;;
Franklin;09:16:17;16:08:40;-10.56603,-1451.856,-1451.856;;Ah! Don't you step foot in this yard!;DENISE;FKN1_GMAA
Franklin;09:16:17;16:08:41;-11.41516,-1451.579,-1451.579;;;;
Franklin;09:16:18;16:08:41;-12.26699,-1451.306,-1451.306;;;;
Franklin;09:16:18;16:08:42;-13.11096,-1450.998,-1450.998;;;;
Franklin;09:16:19;16:08:42;-13.79033,-1450.415,-1450.415;;;;
Franklin;09:16:19;16:08:43;-13.95764,-1449.392,-1449.392;;Why? It's half my house!;Cutscene;Cutscene
Franklin;09:16:20;16:08:43;-13.95432,-1449.408,-1449.408;;;;
Franklin;09:16:21;16:08:44;-13.94884,-1449.408,-1449.408;;Nah, I'm gonna call the police!;Cutscene;Cutscene
Franklin;09:16:21;16:08:45;-13.95152,-1449.401,-1449.401;;;;
Franklin;09:16:22;16:08:45;-13.95448,-1449.4,-1449.4;;;;
Franklin;09:16:22;16:08:46;-13.95339,-1449.428,-1449.428;;For what?;Cutscene;Cutscene
Franklin;09:16:23;16:08:46;-13.95519,-1449.42,-1449.42;;Disloyalty, boy!;Cutscene;Cutscene
Franklin;09:16:23;16:08:47;-13.95654,-1449.416,-1449.416;;;;
Franklin;09:16:24;16:08:47;-13.96085,-1449.409,-1449.409;;;;
Franklin;09:16:24;16:08:48;-14.05452,-1449.361,-1449.361;;Disloyalty?;Cutscene;Cutscene
Franklin;09:16:25;16:08:48;-14.08581,-1449.151,-1449.151;;What is you talking about?;Cutscene;Cutscene
Franklin;09:16:25;16:08:49;-14.06056,-1448.749,-1448.749;;;;
Franklin;09:16:26;16:08:49;-14.16598,-1448.314,-1448.314;;;;
Franklin;09:16:26;16:08:50;-14.11492,-1448.005,-1448.005;;Don't act like you don't know what it is, homebolio.;Cutscene;Cutscene
Franklin;09:16:27;16:08:50;-14.05496,-1447.743,-1447.743;;;;
Franklin;09:16:27;16:08:51;-14.14897,-1447.535,-1447.535;;;;
Franklin;09:16:28;16:08:51;-14.06517,-1447.469,-1447.469;;;;
Franklin;09:16:28;16:08:52;-14.00483,-1447.44,-1447.44;;;;
Franklin;09:16:29;16:08:52;-13.89435,-1447.389,-1447.389;;;;
Franklin;09:16:29;16:08:53;-13.917,-1447.278,-1447.278;;You ain't been to the set,;Cutscene;Cutscene
Franklin;09:16:30;16:08:53;-13.93071,-1447.284,-1447.284;;;;
Franklin;09:16:30;16:08:54;-13.95224,-1447.441,-1447.441;;ain't came to none of the meetings.;Cutscene;Cutscene
Franklin;09:16:31;16:08:54;-13.96978,-1447.373,-1447.373;;;;
Franklin;09:16:31;16:08:55;-14.01814,-1447.181,-1447.181;;;;
Franklin;09:16:32;16:08:55;-14.02291,-1447.075,-1447.075;;;;
Franklin;09:16:32;16:08:56;-13.96503,-1446.999,-1446.999;;Hanging out with old men,;Cutscene;Cutscene
Franklin;09:16:33;16:08:56;-14.05854,-1447.007,-1447.007;;;;
Franklin;09:16:33;16:08:57;-14.21355,-1447.12,-1447.12;;ignoring your homies,;Cutscene;Cutscene
Franklin;09:16:34;16:08:57;-14.23911,-1447.132,-1447.132;;;;
Franklin;09:16:35;16:08:58;-14.20143,-1447.211,-1447.211;;;;
Franklin;09:16:35;16:08:59;-14.05472,-1447.235,-1447.235;;acting all superior...;Cutscene;Cutscene
Franklin;09:16:36;16:08:59;-13.897,-1447.287,-1447.287;;;;
Franklin;09:16:36;16:09:00;-13.83144,-1447.244,-1447.244;;your mamma would turn over in her grave, boy.;Cutscene;Cutscene
Franklin;09:16:37;16:09:00;-13.79632,-1447.153,-1447.153;;;;
Franklin;09:16:37;16:09:01;-13.7186,-1447.214,-1447.214;;;;
Franklin;09:16:38;16:09:01;-13.69846,-1447.269,-1447.269;;;;
Franklin;09:16:38;16:09:02;-13.816,-1447.271,-1447.271;;;;
Franklin;09:16:39;16:09:02;-13.91687,-1447.305,-1447.305;;So you giving me a lecture about not being a good enough gangbanger?;Cutscene;Cutscene
Franklin;09:16:39;16:09:03;-13.93224,-1447.278,-1447.278;;;;
Franklin;09:16:40;16:09:03;-13.84243,-1447.175,-1447.175;;;;
Franklin;09:16:40;16:09:04;-13.78039,-1447.116,-1447.116;;;;
Franklin;09:16:41;16:09:04;-13.85447,-1447.061,-1447.061;;;;
Franklin;09:16:41;16:09:05;-13.90751,-1447.007,-1447.007;;;;
Franklin;09:16:42;16:09:05;-13.84494,-1446.898,-1446.898;;Gangs is positive.;Cutscene;Cutscene
Franklin;09:16:42;16:09:06;-13.84092,-1446.897,-1446.897;;;;
Franklin;09:16:43;16:09:06;-13.83818,-1446.891,-1446.891;;;;
Franklin;09:16:43;16:09:07;-13.83599,-1446.886,-1446.886;;That's all we got, my nigga.;Cutscene;Cutscene
Franklin;09:16:44;16:09:07;-13.89565,-1446.907,-1446.907;;;;
Franklin;09:16:44;16:09:08;-13.887,-1446.957,-1446.957;;;;
Franklin;09:16:45;16:09:08;-13.7894,-1446.982,-1446.982;;That's our heritage.;Cutscene;Cutscene
Franklin;09:16:45;16:09:09;-13.80107,-1446.975,-1446.975;;;;
Franklin;09:16:46;16:09:09;-13.80642,-1446.967,-1446.967;;;;
Franklin;09:16:46;16:09:10;-13.78181,-1446.95,-1446.95;;;;
Franklin;09:16:47;16:09:10;-13.81856,-1446.926,-1446.926;;Ain't nothing positive about your crazy ass.;Cutscene;Cutscene
Franklin;09:16:48;16:09:11;-13.90745,-1446.871,-1446.871;;;;
Franklin;09:16:48;16:09:12;-13.92431,-1446.844,-1446.844;;;;
Franklin;09:16:49;16:09:12;-13.91811,-1446.828,-1446.828;;;;
Franklin;09:16:49;16:09:13;-13.90058,-1446.828,-1446.828;;Man, where Tanisha at?;Cutscene;Cutscene
Franklin;09:16:50;16:09:13;-13.91428,-1446.828,-1446.828;;;;
Franklin;09:16:50;16:09:14;-13.64413,-1446.638,-1446.638;;;;
Franklin;09:16:51;16:09:14;-13.65952,-1446.676,-1446.676;;She got more sense than to hang out with your sorry ass.;Cutscene;Cutscene
Franklin;09:16:51;16:09:15;-13.96368,-1446.815,-1446.815;;;;
Franklin;09:16:52;16:09:15;-14.19063,-1446.781,-1446.781;;;;
Franklin;09:16:52;16:09:16;-14.49112,-1446.754,-1446.754;;;;
Franklin;09:16:53;16:09:16;-14.54532,-1446.803,-1446.803;;;;
Franklin;09:16:53;16:09:17;-14.38887,-1447,-1447;;You know you always been like this, boy...;Cutscene;Cutscene
Franklin;09:16:54;16:09:17;-14.35843,-1447.193,-1447.193;;;;
Franklin;09:16:54;16:09:18;-14.28249,-1447.232,-1447.232;;;;
Franklin;09:16:55;16:09:18;-14.13661,-1447.239,-1447.239;;;;
Franklin;09:16:55;16:09:19;-14.04561,-1447.194,-1447.194;;;;
Franklin;09:16:56;16:09:19;-13.8551,-1447.143,-1447.143;;I say left,;Cutscene;Cutscene
Franklin;09:16:56;16:09:20;-13.62131,-1447.103,-1447.103;;;;
Franklin;09:16:57;16:09:20;-13.49961,-1447.029,-1447.029;;you say right.;Cutscene;Cutscene
Franklin;09:16:57;16:09:21;-13.43572,-1446.991,-1446.991;;I say become a doctor,;Cutscene;Cutscene
Franklin;09:16:58;16:09:21;-13.53905,-1447.012,-1447.012;;;;
Franklin;09:16:58;16:09:22;-13.55287,-1446.965,-1446.965;;;;
Franklin;09:16:59;16:09:22;-13.54816,-1446.863,-1446.863;;you say become a patient...;Cutscene;Cutscene
Franklin;09:16:59;16:09:23;-13.58344,-1446.782,-1446.782;;;;
Franklin;09:17:00;16:09:23;-13.51207,-1446.924,-1446.924;;;;
Franklin;09:17:01;16:09:24;-13.59474,-1446.957,-1446.957;;I say...;Cutscene;Cutscene
Franklin;09:17:01;16:09:25;-13.8052,-1447.015,-1447.015;;;;
Franklin;09:17:02;16:09:25;-13.88447,-1446.913,-1446.913;;who is that?;Cutscene;Cutscene
Franklin;09:17:02;16:09:26;-13.99457,-1446.915,-1446.915;;;;
Franklin;09:17:03;16:09:26;-13.98607,-1446.922,-1446.922;;;;
Franklin;09:17:03;16:09:27;-13.83511,-1446.867,-1446.867;;Hello, missy...;Cutscene;Cutscene
Franklin;09:17:04;16:09:27;-14.65404,-1447.334,-1447.334;;;;
Franklin;09:17:04;16:09:28;-14.67611,-1447.25,-1447.25;;;;
Franklin;09:17:05;16:09:28;-14.70568,-1447.204,-1447.204;;;;
Franklin;09:17:05;16:09:29;-14.73041,-1447.248,-1447.248;;;;
Franklin;09:17:06;16:09:29;-14.78566,-1447.361,-1447.361;;wow, Franklin,;Cutscene;Cutscene
Franklin;09:17:06;16:09:30;-14.82273,-1447.387,-1447.387;;;;
Franklin;09:17:07;16:09:30;-14.79453,-1447.314,-1447.314;;;;
Franklin;09:17:07;16:09:31;-14.78007,-1447.239,-1447.239;;;;
Franklin;09:17:08;16:09:31;-14.79126,-1447.203,-1447.203;;you never told me that you had a sister.;Cutscene;Cutscene
Franklin;09:17:08;16:09:32;-14.77901,-1447.253,-1447.253;;;;
Franklin;09:17:09;16:09:32;-14.77603,-1447.319,-1447.319;;;;
Franklin;09:17:09;16:09:33;-14.76626,-1447.334,-1447.334;;;;
Franklin;09:17:10;16:09:33;-14.74768,-1447.326,-1447.326;;;;
Franklin;09:17:10;16:09:34;-14.7507,-1447.362,-1447.362;;I'm Denise...;Cutscene;Cutscene
Franklin;09:17:11;16:09:34;-14.72417,-1447.299,-1447.299;;;;
Franklin;09:17:11;16:09:35;-14.67785,-1447.192,-1447.192;;;;
Franklin;09:17:12;16:09:35;-14.62026,-1447.203,-1447.203;;Franklin's housemate...;Cutscene;Cutscene
Franklin;09:17:13;16:09:36;-14.52798,-1447.276,-1447.276;;;;
Franklin;09:17:13;16:09:37;-14.25623,-1447.167,-1447.167;;And aunt...;Cutscene;Cutscene
Franklin;09:17:14;16:09:37;-14.14832,-1447.166,-1447.166;;;;
Franklin;09:17:14;16:09:38;-14.11453,-1447.163,-1447.163;;;;
Franklin;09:17:15;16:09:38;-14.13644,-1447.123,-1447.123;;;;
Franklin;09:17:15;16:09:39;-14.19994,-1447.102,-1447.102;;;;
Franklin;09:17:16;16:09:39;-14.22956,-1447.103,-1447.103;;;;
Franklin;09:17:16;16:09:40;-14.20482,-1447.114,-1447.114;;Yeah, shut the fuck up!;Cutscene;Cutscene
Franklin;09:17:17;16:09:40;-14.1828,-1447.123,-1447.123;;;;
Franklin;09:17:17;16:09:41;-14.17413,-1447.133,-1447.133;;;;
Franklin;09:17:18;16:09:41;-14.17645,-1447.135,-1447.135;;;;
Franklin;09:17:18;16:09:42;-14.17846,-1447.125,-1447.125;;Huh?;Cutscene;Cutscene
Franklin;09:17:19;16:09:42;-14.19319,-1447.133,-1447.133;;;;
Franklin;09:17:19;16:09:43;-14.20281,-1447.125,-1447.125;;;;
Franklin;09:17:20;16:09:43;-14.36539,-1447.188,-1447.188;;;;
Franklin;09:17:20;16:09:44;-14.35385,-1447.25,-1447.25;;Here, darling,;Cutscene;Cutscene
Franklin;09:17:21;16:09:44;-14.38689,-1447.17,-1447.17;;;;
Franklin;09:17:21;16:09:45;-14.44352,-1447.089,-1447.089;;;;
Franklin;09:17:22;16:09:45;-14.35761,-1447.118,-1447.118;;why don't you...;Cutscene;Cutscene
Franklin;09:17:22;16:09:46;-14.28001,-1447.17,-1447.17;;;;
Franklin;09:17:23;16:09:46;-14.3151,-1447.138,-1447.138;;go get yourself something nice, okay?;Cutscene;Cutscene
Franklin;09:17:23;16:09:47;-14.42736,-1447.098,-1447.098;;;;
Franklin;09:17:24;16:09:47;-14.40838,-1447.1,-1447.1;;;;
Franklin;09:17:24;16:09:48;-14.3397,-1447.121,-1447.121;;;;
Franklin;09:17:25;16:09:48;-14.35381,-1447.121,-1447.121;;;;
Franklin;09:17:25;16:09:49;-14.37555,-1447.125,-1447.125;;;;
Franklin;09:17:26;16:09:49;-14.37424,-1447.129,-1447.129;;;;
Franklin;09:17:27;16:09:50;-14.36876,-1447.127,-1447.127;;Thank you!;Cutscene;Cutscene
Franklin;09:17:27;16:09:51;-14.37168,-1447.129,-1447.129;;;;
Franklin;09:17:28;16:09:51;-14.37216,-1447.125,-1447.125;;;;
Franklin;09:17:28;16:09:52;-14.37075,-1447.119,-1447.119;;;;
Franklin;09:17:29;16:09:52;-14.36783,-1447.114,-1447.114;;;;
Franklin;09:17:29;16:09:53;-14.36834,-1447.116,-1447.116;;;;
Franklin;09:17:30;16:09:53;-14.36958,-1447.117,-1447.117;;This...;Cutscene;Cutscene
Franklin;09:17:30;16:09:54;-14.37088,-1447.12,-1447.12;;;;
Franklin;09:17:31;16:09:54;-14.37044,-1447.12,-1447.12;;this is seven dollars.;Cutscene;Cutscene
Franklin;09:17:31;16:09:55;-14.36998,-1447.119,-1447.119;;;;
Franklin;09:17:32;16:09:55;-14.36873,-1447.117,-1447.117;;;;
Franklin;09:17:32;16:09:56;-14.36742,-1447.113,-1447.113;;I said something nice,;Cutscene;Cutscene
Franklin;09:17:33;16:09:56;-14.36721,-1447.117,-1447.117;;;;
Franklin;09:17:33;16:09:57;-14.37011,-1447.124,-1447.124;;;;
Franklin;09:17:34;16:09:57;-14.37266,-1447.128,-1447.128;;not expensive.;Cutscene;Cutscene
Franklin;09:17:34;16:09:58;-14.37173,-1447.127,-1447.127;;;;
Franklin;09:17:35;16:09:58;-14.37179,-1447.126,-1447.126;;You wanna be a greedy fucking cow, huh?;Cutscene;Cutscene
Franklin;09:17:35;16:09:59;-14.37196,-1447.127,-1447.127;;;;
Franklin;09:17:36;16:09:59;-14.3728,-1447.13,-1447.13;;;;
Franklin;09:17:36;16:10:00;-14.37348,-1447.132,-1447.132;;;;
Franklin;09:17:37;16:10:00;-14.3736,-1447.133,-1447.133;;No...;Cutscene;Cutscene
Franklin;09:17:37;16:10:01;-14.37332,-1447.133,-1447.133;;;;
Franklin;09:17:38;16:10:01;-14.37013,-1447.127,-1447.127;;now get the fuck out of here, alright?;Cutscene;Cutscene
Franklin;09:17:38;16:10:02;-14.36829,-1447.123,-1447.123;;;;
Franklin;09:17:39;16:10:02;-14.3648,-1447.117,-1447.117;;;;
Franklin;09:17:40;16:10:03;-14.36221,-1447.113,-1447.113;;;;
Franklin;09:17:40;16:10:04;-14.36128,-1447.11,-1447.11;;You men are all the same.;Cutscene;Cutscene
Franklin;09:17:41;16:10:04;-14.36232,-1447.109,-1447.109;;;;
Franklin;09:17:41;16:10:05;-14.36341,-1447.111,-1447.111;;;;
Franklin;09:17:42;16:10:05;-14.36572,-1447.113,-1447.113;;;;
Franklin;09:17:42;16:10:06;-14.36696,-1447.116,-1447.116;;;;
Franklin;09:17:43;16:10:06;-14.36674,-1447.119,-1447.119;;;;
Franklin;09:17:43;16:10:07;-14.36146,-1447.115,-1447.115;;;;
Franklin;09:17:44;16:10:07;-14.42583,-1447.158,-1447.158;;Man, what the fuck you doing here?;Cutscene;Cutscene
Franklin;09:17:44;16:10:08;-14.39658,-1447.136,-1447.136;;;;
Franklin;09:17:45;16:10:08;-14.39686,-1447.125,-1447.125;;;;
Franklin;09:17:45;16:10:09;-14.39945,-1447.119,-1447.119;;;;
Franklin;09:17:46;16:10:09;-14.40299,-1447.119,-1447.119;;;;
Franklin;09:17:46;16:10:10;-14.40781,-1447.124,-1447.124;;Here with the boy...;Cutscene;Cutscene
Franklin;09:17:47;16:10:10;-14.41146,-1447.126,-1447.126;;the boys...;Cutscene;Cutscene
Franklin;09:17:47;16:10:11;-14.41449,-1447.129,-1447.129;;;;
Franklin;09:17:48;16:10:11;-14.41971,-1447.137,-1447.137;;;;
Franklin;09:17:48;16:10:12;-14.41743,-1447.153,-1447.153;;What?;Cutscene;Cutscene
Franklin;09:17:49;16:10:12;-14.41325,-1447.151,-1447.151;;I'm fucking new in town,;Cutscene;Cutscene
Franklin;09:17:49;16:10:13;-14.41383,-1447.144,-1447.144;;;;
Franklin;09:17:50;16:10:13;-14.4134,-1447.139,-1447.139;;;;
Franklin;09:17:50;16:10:14;-14.41548,-1447.14,-1447.14;;I'm making friends, alright?;Cutscene;Cutscene
Franklin;09:17:51;16:10:14;-14.4179,-1447.145,-1447.145;;;;
Franklin;09:17:51;16:10:15;-14.42055,-1447.146,-1447.146;;Now, let's party.;Cutscene;Cutscene
Franklin;09:17:52;16:10:15;-14.41979,-1447.143,-1447.143;;;;
Franklin;09:17:52;16:10:16;-14.41699,-1447.144,-1447.144;;Look, I had plans on getting some rest;Cutscene;Cutscene
Franklin;09:17:53;16:10:17;-14.41398,-1447.142,-1447.142;;;;
Franklin;09:17:54;16:10:17;-14.41076,-1447.134,-1447.134;;;;
Franklin;09:17:54;16:10:18;-14.40615,-1447.135,-1447.135;;until this clown and my aunt came and fucked that up.;Cutscene;Cutscene
Franklin;09:17:55;16:10:18;-14.41154,-1447.137,-1447.137;;;;
Franklin;09:17:55;16:10:19;-14.41362,-1447.132,-1447.132;;;;
Franklin;09:17:56;16:10:19;-14.41401,-1447.139,-1447.139;;;;
Franklin;09:17:56;16:10:20;-14.41036,-1447.134,-1447.134;;;;
Franklin;09:17:57;16:10:20;-14.40676,-1447.122,-1447.122;;My nigga, I just came over here to holler at you about the little thing.;Cutscene;Cutscene
Franklin;09:17:57;16:10:21;-14.40581,-1447.118,-1447.118;;;;
Franklin;09:17:58;16:10:21;-14.40886,-1447.123,-1447.123;;;;
Franklin;09:17:58;16:10:22;-14.41406,-1447.13,-1447.13;;;;
Franklin;09:17:59;16:10:22;-14.41755,-1447.134,-1447.134;;;;
Franklin;09:17:59;16:10:23;-14.41896,-1447.136,-1447.136;;;;
Franklin;09:18:00;16:10:23;-14.42817,-1447.134,-1447.134;;Man, I said I'm tired, dog.;Cutscene;Cutscene
Franklin;09:18:00;16:10:24;-14.45889,-1447.124,-1447.124;;;;
Franklin;09:18:01;16:10:24;-14.4567,-1447.11,-1447.11;;;;
Franklin;09:18:01;16:10:25;-14.42923,-1447.123,-1447.123;;What fucking thing?;Cutscene;Cutscene
Franklin;09:18:02;16:10:25;-14.41955,-1447.127,-1447.127;;;;
Franklin;09:18:02;16:10:26;-14.41921,-1447.128,-1447.128;;I love things...;Cutscene;Cutscene
Franklin;09:18:03;16:10:26;-14.41891,-1447.13,-1447.13;;I'm the king of things.;Cutscene;Cutscene
Franklin;09:18:03;16:10:27;-14.41758,-1447.13,-1447.13;;;;
Franklin;09:18:04;16:10:27;-14.4174,-1447.131,-1447.131;;I ain't talking to you, homie.;Cutscene;Cutscene
Franklin;09:18:04;16:10:28;-14.41758,-1447.133,-1447.133;;;;
Franklin;09:18:05;16:10:28;-14.41745,-1447.133,-1447.133;;Hey, let's go do something about the thing, okay?;Cutscene;Cutscene
Franklin;09:18:05;16:10:29;-14.41699,-1447.133,-1447.133;;;;
Franklin;09:18:06;16:10:30;-14.41621,-1447.131,-1447.131;;;;
Franklin;09:18:07;16:10:30;-14.4128,-1447.132,-1447.132;;;;
Franklin;09:18:07;16:10:31;-14.41024,-1447.131,-1447.131;;;;
Franklin;09:18:08;16:10:31;-14.40839,-1447.126,-1447.126;;;;
Franklin;09:18:08;16:10:32;-14.40469,-1447.124,-1447.124;;;;
Franklin;09:18:09;16:10:32;-14.4004,-1447.145,-1447.145;;What thing?;Cutscene;Cutscene
Franklin;09:18:09;16:10:33;-14.39023,-1447.141,-1447.141;;;;
Franklin;09:18:10;16:10:33;-14.40011,-1447.127,-1447.127;;;;
Franklin;09:18:10;16:10:34;-14.40837,-1447.123,-1447.123;;I'm talking about the little Stretch thing, man.;Cutscene;Cutscene
Franklin;09:18:11;16:10:34;-14.41245,-1447.123,-1447.123;;;;
Franklin;09:18:11;16:10:35;-14.4166,-1447.123,-1447.123;;;;
Franklin;09:18:12;16:10:35;-14.41873,-1447.125,-1447.125;;;;
Franklin;09:18:12;16:10:36;-14.4205,-1447.128,-1447.128;;Fucking beautiful...;Cutscene;Cutscene
Franklin;09:18:13;16:10:36;-14.41892,-1447.131,-1447.131;;perfect!;Cutscene;Cutscene
Franklin;09:18:13;16:10:37;-14.41523,-1447.131,-1447.131;;It's a gang bang.;Cutscene;Cutscene
Franklin;09:18:14;16:10:37;-14.41465,-1447.13,-1447.13;;;;
Franklin;09:18:14;16:10:38;-14.41904,-1447.134,-1447.134;;Let's go.;Cutscene;Cutscene
Franklin;09:18:15;16:10:38;-14.48261,-1447.134,-1447.134;;Come on!;Cutscene;Cutscene
Franklin;09:18:15;16:10:39;-14.61091,-1447.203,-1447.203;;;;
Franklin;09:18:16;16:10:39;-14.57602,-1447.432,-1447.432;;;;
Franklin;09:18:16;16:10:40;-14.45981,-1447.766,-1447.766;;;;
Franklin;09:18:17;16:10:40;-14.35807,-1448.284,-1448.284;;;;
Franklin;09:18:17;16:10:41;-14.2631,-1448.924,-1448.924;;;;
Franklin;09:18:18;16:10:41;-14.20179,-1449.633,-1449.633;;;;
Franklin;09:18:18;16:10:42;-14.14423,-1450.407,-1450.407;;;;
Franklin;09:18:19;16:10:43;-14.09861,-1451.258,-1451.258;;;;
Franklin;09:18:20;16:10:43;-14.04243,-1452.138,-1452.138;;;;
Franklin;09:18:20;16:10:44;-14.05735,-1453.064,-1453.064;;;;
Franklin;09:18:21;16:10:44;-14.38195,-1454.834,-1454.834;;;;
Franklin;09:18:21;16:10:45;-15.97497,-1457.165,-1457.165;;;;
Franklin;09:18:22;16:10:45;-18.79735,-1456.989,-1456.989;;;;
Franklin;09:18:22;16:10:46;-19.05582,-1457.062,-1457.062;;;;
Franklin;09:18:23;16:10:46;-19.05569,-1457.061,-1457.061;;;;
Franklin;09:18:23;16:10:47;-19.51869,-1456.284,-1456.284;;;;
Franklin;09:18:24;16:10:47;-19.10736,-1455.226,-1455.226;True,Vans,SPEEDO,0,0;;;
Franklin;09:18:24;16:10:48;-19.1073,-1455.226,-1455.226;True,Vans,SPEEDO,0,003644986,0;;;
Franklin;09:18:25;16:10:48;-19.10686,-1455.226,-1455.226;True,Vans,SPEEDO,0,0007606318,0;;;
Franklin;09:18:25;16:10:49;-19.10675,-1455.226,-1455.226;True,Vans,SPEEDO,0,0;;;
Franklin;09:18:26;16:10:49;-19.10675,-1455.226,-1455.226;True,Vans,SPEEDO,0,0;;;
Franklin;09:18:26;16:10:50;-19.10654,-1455.226,-1455.226;True,Vans,SPEEDO,0,0;;;
Franklin;09:18:27;16:10:50;-19.11231,-1455.226,-1455.226;True,Vans,SPEEDO,0,006882274,0;;;
Franklin;09:18:27;16:10:51;-19.10531,-1455.231,-1455.231;True,Vans,SPEEDO,0,01447756,0;Where's this 'thing' happening?;Trevor;FKN1_CAAA
Franklin;09:18:28;16:10:51;-19.11497,-1455.238,-1455.238;True,Vans,SPEEDO,0,179385,1;;;
Franklin;09:18:28;16:10:52;-19.4747,-1455.384,-1455.384;True,Vans,SPEEDO,1,318937,1;;;
Franklin;09:18:29;16:10:52;-20.459,-1455.807,-1455.807;True,Vans,SPEEDO,2,930317,1;;;
Franklin;09:18:29;16:10:53;-22.39095,-1456.586,-1456.586;True,Vans,SPEEDO,5,099193,1;Down Grove Street.;Lamar;FKN1_CAAB
Franklin;09:18:30;16:10:53;-25.66524,-1457.893,-1457.893;True,Vans,SPEEDO,8,600693,1;;;
Franklin;09:18:30;16:10:54;-30.52809,-1459.426,-1459.426;True,Vans,SPEEDO,9,913959,0;;;
Franklin;09:18:31;16:10:54;-35.09765,-1460.138,-1460.138;True,Vans,SPEEDO,8,353657,1;;;
Franklin;09:18:31;16:10:55;-39.60075,-1461.025,-1461.025;True,Vans,SPEEDO,9,87381,1;;;
Franklin;09:18:32;16:10:55;-44.71274,-1462.047,-1462.047;True,Vans,SPEEDO,9,334885,1;;;
Franklin;09:18:33;16:10:56;-49.86715,-1462.673,-1462.673;True,Vans,SPEEDO,10,7499,1;;;
Franklin;09:18:33;16:10:57;-55.81013,-1464.233,-1464.233;True,Vans,SPEEDO,12,85197,1;;;
Franklin;09:18:34;16:10:57;-62.39703,-1467.161,-1467.161;True,Vans,SPEEDO,14,79663,1;;;
Franklin;09:18:34;16:10:58;-69.541,-1470.812,-1470.812;True,Vans,SPEEDO,16,29658,1;;;
Franklin;09:18:35;16:10:58;-76.84244,-1475.649,-1475.649;True,Vans,SPEEDO,17,6361,1;;;
Franklin;09:18:35;16:10:59;-83.70505,-1481.594,-1481.594;True,Vans,SPEEDO,17,68791,0;;;
Franklin;09:18:36;16:10:59;-89.8245,-1487.753,-1487.753;True,Vans,SPEEDO,15,71533,0;;;
Franklin;09:18:36;16:11:00;-94.65953,-1493.665,-1493.665;True,Vans,SPEEDO,13,80023,0;;;
Franklin;09:18:37;16:11:00;-98.7084,-1498.975,-1498.975;True,Vans,SPEEDO,12,00616,0;;;
Franklin;09:18:37;16:11:01;-102.5592,-1503.487,-1503.487;True,Vans,SPEEDO,11,1752,1;;;
Franklin;09:18:38;16:11:01;-106.6885,-1508.052,-1508.052;True,Vans,SPEEDO,12,71044,1;;;
Franklin;09:18:38;16:11:02;-111.3307,-1513.203,-1513.203;True,Vans,SPEEDO,14,05665,1;;;
Franklin;09:18:39;16:11:02;-114.5569,-1519.101,-1519.101;True,Vans,SPEEDO,12,96709,1;We shooting shit up? Spraying some motherfuckers? I can drive-by with the best of 'em.;Trevor;FKN1_AAAA
Franklin;09:18:39;16:11:03;-116.1735,-1525.598,-1525.598;True,Vans,SPEEDO,13,50125,1;;;
Franklin;09:18:40;16:11:03;-117.4492,-1532.95,-1532.95;True,Vans,SPEEDO,15,03365,1;;;
Franklin;09:18:40;16:11:04;-117.0579,-1540.853,-1540.853;True,Vans,SPEEDO,14,83223,0;;;
Franklin;09:18:41;16:11:04;-114.4642,-1547.409,-1547.409;True,Vans,SPEEDO,12,57889,0;;;
Franklin;09:18:41;16:11:05;-110.2513,-1551.99,-1551.99;True,Vans,SPEEDO,12,41817,1;;;
Franklin;09:18:42;16:11:05;-105.2317,-1556.854,-1556.854;True,Vans,SPEEDO,14,43296,1;;;
Franklin;09:18:42;16:11:06;-99.48203,-1562.519,-1562.519;True,Vans,SPEEDO,16,45868,1;;;
Franklin;09:18:43;16:11:06;-92.57703,-1568.459,-1568.459;True,Vans,SPEEDO,18,65505,1;Behave yourself, man. Lamar, what's happening? What you and Stretch set up?;Franklin;FKN1_AAAB
Franklin;09:18:43;16:11:07;-84.53735,-1574.428,-1574.428;True,Vans,SPEEDO,19,34238,0;;;
Franklin;09:18:44;16:11:07;-76.89098,-1580.468,-1580.468;True,Vans,SPEEDO,17,99693,0;;;
Franklin;09:18:44;16:11:08;-70.15359,-1586.492,-1586.492;True,Vans,SPEEDO,16,63356,0;;;
Franklin;09:18:45;16:11:08;-64.11535,-1591.781,-1591.781;True,Vans,SPEEDO,14,34956,0;;;
Franklin;09:18:45;16:11:09;-59.11023,-1596.096,-1596.096;True,Vans,SPEEDO,11,05515,0;;;
Franklin;09:18:46;16:11:10;-55.33253,-1599.051,-1599.051;True,Vans,SPEEDO,7,734712,0;;;
Franklin;09:18:47;16:11:10;-52.82556,-1600.97,-1600.97;True,Vans,SPEEDO,4,420792,0;;;
Franklin;09:18:47;16:11:11;-52.23576,-1601.396,-1601.396;True,Vans,SPEEDO,0,1916277,0;;;
Franklin;09:18:48;16:11:11;-52.21131,-1601.329,-1601.329;True,Vans,SPEEDO,0,07521737,0;We buying weight, homie. Something that will move us up the food chain, nigga, for real.;Lamar;FKN1_AAAC
Franklin;09:18:48;16:11:12;-52.19823,-1601.311,-1601.311;True,Vans,SPEEDO,0,0;;;
Franklin;09:18:49;16:11:12;-52.19823,-1601.311,-1601.311;True,Vans,SPEEDO,0,0;;;
Franklin;09:18:49;16:11:13;-52.19823,-1601.311,-1601.311;True,Vans,SPEEDO,0,0;;;
Franklin;09:18:50;16:11:13;-52.19823,-1601.311,-1601.311;True,Vans,SPEEDO,0,0;;;
Franklin;09:18:50;16:11:14;-52.19823,-1601.311,-1601.311;True,Vans,SPEEDO,0,0;;;
Franklin;09:18:51;16:11:14;-52.19823,-1601.311,-1601.311;True,Vans,SPEEDO,0,0;;;
Franklin;09:18:51;16:11:15;-52.19823,-1601.311,-1601.311;True,Vans,SPEEDO,0,0;;;
Franklin;09:18:52;16:11:15;-52.19823,-1601.311,-1601.311;True,Vans,SPEEDO,0,0;;;
Franklin;09:18:52;16:11:16;-52.19823,-1601.311,-1601.311;True,Vans,SPEEDO,0,0;Nothing's real in this town, nigga. Particularly where you and Stretch concerned.;Franklin;FKN1_AAAD
Franklin;09:18:53;16:11:16;-52.19823,-1601.311,-1601.311;True,Vans,SPEEDO,0,0;;;
Franklin;09:18:53;16:11:17;-52.19823,-1601.311,-1601.311;True,Vans,SPEEDO,0,0;;;
Franklin;09:18:54;16:11:17;-52.19823,-1601.311,-1601.311;True,Vans,SPEEDO,0,0;;;
Franklin;09:18:54;16:11:18;-52.19823,-1601.311,-1601.311;True,Vans,SPEEDO,0,0;;;
Franklin;09:18:55;16:11:18;-52.19823,-1601.311,-1601.311;True,Vans,SPEEDO,0,0;;;
Franklin;09:18:55;16:11:19;-52.19823,-1601.311,-1601.311;True,Vans,SPEEDO,0,0;;;
Franklin;09:18:56;16:11:19;-52.19823,-1601.311,-1601.311;True,Vans,SPEEDO,0,0;Man, this is an investment opportunity. You got to speculate to accumulate.;Lamar;FKN1_AAAE
Franklin;09:18:56;16:11:20;-52.19041,-1601.327,-1601.327;True,Vans,SPEEDO,0,05339121,1;;;
Franklin;09:18:57;16:11:20;-52.20196,-1601.357,-1601.357;True,Vans,SPEEDO,0,06662936,1;;;
Franklin;09:18:57;16:11:21;-52.18658,-1601.335,-1601.335;True,Vans,SPEEDO,0,04801108,0;;;
Franklin;09:18:58;16:11:21;-52.17424,-1601.321,-1601.321;True,Vans,SPEEDO,0,02846158,0;;;
Franklin;09:18:58;16:11:22;-52.17359,-1601.318,-1601.318;True,Vans,SPEEDO,0,0;;;
Franklin;09:18:59;16:11:22;-52.17359,-1601.318,-1601.318;True,Vans,SPEEDO,0,0;;;
Franklin;09:18:59;16:11:23;-52.17359,-1601.318,-1601.318;True,Vans,SPEEDO,0,0;;;
Franklin;09:19:00;16:11:23;-52.17359,-1601.318,-1601.318;True,Vans,SPEEDO,0,0;Ohh. First rule of business.;Trevor;FKN1_AAAF
Franklin;09:19:00;16:11:24;-52.17359,-1601.318,-1601.318;True,Vans,SPEEDO,0,0;;;
Franklin;09:19:01;16:11:25;-52.17186,-1601.318,-1601.318;True,Vans,SPEEDO,0,004915701,1;;;
Franklin;09:19:02;16:11:25;-52.17386,-1601.318,-1601.318;True,Vans,SPEEDO,0,008148133,1;;;
Franklin;09:19:02;16:11:26;-52.1724,-1601.318,-1601.318;True,Vans,SPEEDO,0,003814291,1;Hey, since we're out here banging. Either of you got some dust?;Trevor;FKN1_AAAK
Franklin;09:19:03;16:11:26;-52.17185,-1601.317,-1601.317;True,Vans,SPEEDO,0,005862494,1;;;
Franklin;09:19:03;16:11:27;-52.1721,-1601.317,-1601.317;True,Vans,SPEEDO,0,002929644,1;;;
Franklin;09:19:04;16:11:27;-52.17267,-1601.317,-1601.317;True,Vans,SPEEDO,0,0007419905,1;;;
Franklin;09:19:04;16:11:28;-52.17234,-1601.317,-1601.317;True,Vans,SPEEDO,0,003179662,1;;;
Franklin;09:19:05;16:11:28;-52.17261,-1601.317,-1601.317;True,Vans,SPEEDO,0,002666851,1;;;
Franklin;09:19:05;16:11:29;-52.17165,-1601.317,-1601.317;True,Vans,SPEEDO,0,004246317,1;;;
Franklin;09:19:06;16:11:29;-52.17192,-1601.317,-1601.317;True,Vans,SPEEDO,0,003222487,1;;;
Franklin;09:19:06;16:11:30;-52.17228,-1601.317,-1601.317;True,Vans,SPEEDO,0,003129965,1;Fool wanna get butt naked?;Lamar;FKN1_AAAL
Franklin;09:19:07;16:11:30;-52.17257,-1601.317,-1601.317;True,Vans,SPEEDO,0,0007894294,1;;;
Franklin;09:19:07;16:11:31;-52.17221,-1601.317,-1601.317;True,Vans,SPEEDO,0,002607581,1;;;
Franklin;09:19:08;16:11:31;-52.17245,-1601.317,-1601.317;True,Vans,SPEEDO,0,0006384053,1;Whoohoo. I'll get wherever it takes me homeboy.;Trevor;FKN1_AAAM
Franklin;09:19:08;16:11:32;-52.1726,-1601.317,-1601.317;True,Vans,SPEEDO,0,002211938,0;;;
Franklin;09:19:09;16:11:32;-52.16993,-1601.314,-1601.314;True,Vans,SPEEDO,0,009062915,0;;;
Franklin;09:19:09;16:11:33;-52.16917,-1601.314,-1601.314;True,Vans,SPEEDO,0,0;;;
Franklin;09:19:10;16:11:33;-52.16917,-1601.314,-1601.314;True,Vans,SPEEDO,0,0;;;
Franklin;09:19:10;16:11:34;-52.16917,-1601.314,-1601.314;True,Vans,SPEEDO,0,0;;;
Franklin;09:19:11;16:11:34;-52.16917,-1601.314,-1601.314;True,Vans,SPEEDO,0,0;Homie's crazy, man.;Lamar;FKN1_AAAN
Franklin;09:19:11;16:11:35;-52.16917,-1601.314,-1601.314;True,Vans,SPEEDO,0,0;;;
Franklin;09:19:12;16:11:35;-52.16917,-1601.314,-1601.314;True,Vans,SPEEDO,0,0;;;
Franklin;09:19:12;16:11:36;-52.16917,-1601.314,-1601.314;True,Vans,SPEEDO,0,0;;;
Franklin;09:19:13;16:11:36;-52.16917,-1601.314,-1601.314;True,Vans,SPEEDO,0,0;So I've heard.;Franklin;FKN1_AAAO
Franklin;09:19:13;16:11:37;-52.16917,-1601.314,-1601.314;True,Vans,SPEEDO,0,0;;;
Franklin;09:19:14;16:11:37;-52.16917,-1601.314,-1601.314;True,Vans,SPEEDO,0,0;;;
Franklin;09:19:14;16:11:38;-52.16917,-1601.314,-1601.314;True,Vans,SPEEDO,0,0;;;
Franklin;09:19:15;16:11:38;-52.16917,-1601.314,-1601.314;True,Vans,SPEEDO,0,0;;;
Franklin;09:19:16;16:11:39;-52.16917,-1601.314,-1601.314;True,Vans,SPEEDO,0,0;;;
Franklin;09:19:16;16:11:40;-52.16917,-1601.314,-1601.314;True,Vans,SPEEDO,0,0;;;
Franklin;09:19:17;16:11:40;-52.17082,-1601.314,-1601.314;True,Vans,SPEEDO,0,001325984,1;;;
Franklin;09:19:17;16:11:41;-52.17201,-1601.318,-1601.318;True,Vans,SPEEDO,0,007503706,1;;;
Franklin;09:19:18;16:11:41;-52.17209,-1601.318,-1601.318;True,Vans,SPEEDO,0,00401127,1;;;
Franklin;09:19:18;16:11:42;-52.17237,-1601.317,-1601.317;True,Vans,SPEEDO,0,002671011,1;;;
Franklin;09:19:19;16:11:42;-52.17234,-1601.317,-1601.317;True,Vans,SPEEDO,0,003695705,1;;;
Franklin;09:19:19;16:11:43;-52.1726,-1601.317,-1601.317;True,Vans,SPEEDO,0,002845183,1;;;
Franklin;09:19:20;16:11:43;-52.17265,-1601.317,-1601.317;True,Vans,SPEEDO,0,001243685,1;;;
Franklin;09:19:20;16:11:44;-52.17225,-1601.317,-1601.317;True,Vans,SPEEDO,0,00339508,1;;;
Franklin;09:19:21;16:11:44;-52.1715,-1601.317,-1601.317;True,Vans,SPEEDO,0,00081616,1;;;
Franklin;09:19:21;16:11:45;-52.17228,-1601.317,-1601.317;True,Vans,SPEEDO,0,002627446,1;;;
Franklin;09:19:22;16:11:45;-52.17263,-1601.317,-1601.317;True,Vans,SPEEDO,0,002427319,1;;;
Franklin;09:19:22;16:11:46;-52.17275,-1601.317,-1601.317;True,Vans,SPEEDO,0,0005260556,1;;;
Franklin;09:19:23;16:11:46;-52.17202,-1601.317,-1601.317;True,Vans,SPEEDO,0,003920576,1;;;
Franklin;09:19:23;16:11:47;-52.172,-1601.317,-1601.317;True,Vans,SPEEDO,0,003397527,1;;;
Franklin;09:19:24;16:11:47;-52.17229,-1601.317,-1601.317;True,Vans,SPEEDO,0,004477472,1;;;
Franklin;09:19:24;16:11:48;-52.17231,-1601.317,-1601.317;True,Vans,SPEEDO,0,001224145,1;;;
Franklin;09:19:25;16:11:48;-52.17229,-1601.317,-1601.317;True,Vans,SPEEDO,0,002012183,1;;;
Franklin;09:19:25;16:11:49;-52.17109,-1601.315,-1601.315;True,Vans,SPEEDO,0,02723632,1;;;
Franklin;09:19:26;16:11:49;-51.91962,-1601.53,-1601.53;True,Vans,SPEEDO,1,304212,1;;;
Franklin;09:19:26;16:11:50;-51.07751,-1602.284,-1602.284;True,Vans,SPEEDO,3,075543,1;;;
Franklin;09:19:27;16:11:50;-49.43297,-1603.744,-1603.744;True,Vans,SPEEDO,5,505757,1;;;
Franklin;09:19:27;16:11:51;-46.53149,-1606.198,-1606.198;True,Vans,SPEEDO,9,335526,1;;;
Franklin;09:19:28;16:11:51;-42.46065,-1609.55,-1609.55;True,Vans,SPEEDO,9,686544,1;;;
Franklin;09:19:28;16:11:52;-38.29252,-1612.976,-1612.976;True,Vans,SPEEDO,11,17635,1;;;
Franklin;09:19:29;16:11:52;-33.5167,-1616.874,-1616.874;True,Vans,SPEEDO,12,71753,1;;;
Franklin;09:19:29;16:11:53;-28.16092,-1621.25,-1621.25;True,Vans,SPEEDO,14,25558,1;;;
Franklin;09:19:30;16:11:53;-22.17411,-1626.147,-1626.147;True,Vans,SPEEDO,15,7808,1;;;
Franklin;09:19:31;16:11:54;-15.62438,-1631.615,-1631.615;True,Vans,SPEEDO,16,62777,0;;;
Franklin;09:19:31;16:11:55;-9.364594,-1636.917,-1636.917;True,Vans,SPEEDO,14,97346,0;;;
Franklin;09:19:32;16:11:55;-3.820107,-1641.679,-1641.679;True,Vans,SPEEDO,13,64697,1;;;
Franklin;09:19:32;16:11:56;1.757494,-1646.535,-1646.535;True,Vans,SPEEDO,14,24631,0;;;
Franklin;09:19:33;16:11:56;6.981962,-1651.154,-1651.154;True,Vans,SPEEDO,12,65632,0;;;
Franklin;09:19:33;16:11:57;11.59588,-1655.133,-1655.133;True,Vans,SPEEDO,11,04479,0;;;
Franklin;09:19:34;16:11:57;15.77798,-1658.394,-1658.394;True,Vans,SPEEDO,9,499008,0;;;
Franklin;09:19:34;16:11:58;19.77487,-1661.475,-1661.475;True,Vans,SPEEDO,10,58492,1;;;
Franklin;09:19:35;16:11:58;24.38529,-1665.098,-1665.098;True,Vans,SPEEDO,12,0809,1;;;
Franklin;09:19:35;16:11:59;29.41037,-1669.407,-1669.407;True,Vans,SPEEDO,13,54377,1;;;
Franklin;09:19:36;16:11:59;35.16245,-1674.006,-1674.006;True,Vans,SPEEDO,15,10515,1;;;
Franklin;09:19:36;16:12:00;41.79378,-1678.98,-1678.98;True,Vans,SPEEDO,16,60093,1;;;
Franklin;09:19:37;16:12:00;48.82861,-1684.459,-1684.459;True,Vans,SPEEDO,18,02289,1;;;
Franklin;09:19:37;16:12:01;56.2458,-1690.667,-1690.667;True,Vans,SPEEDO,19,39929,1;;;
Franklin;09:19:38;16:12:01;64.03466,-1697.425,-1697.425;True,Vans,SPEEDO,20,55567,1;;;
Franklin;09:19:38;16:12:02;72.0484,-1704.877,-1704.877;True,Vans,SPEEDO,21,24352,0;;;
Franklin;09:19:39;16:12:02;80.15978,-1712.005,-1712.005;True,Vans,SPEEDO,21,45749,1;;;
Franklin;09:19:39;16:12:03;88.90623,-1719.677,-1719.677;True,Vans,SPEEDO,22,90979,1;;;
Franklin;09:19:40;16:12:03;97.51676,-1727.398,-1727.398;True,Vans,SPEEDO,21,50334,0;;;
Franklin;09:19:40;16:12:04;105.4368,-1734.47,-1734.47;True,Vans,SPEEDO,19,77036,0;;;
Franklin;09:19:41;16:12:04;113.1184,-1740.724,-1740.724;True,Vans,SPEEDO,18,06448,0;;;
Franklin;09:19:41;16:12:05;120.1632,-1746.311,-1746.311;True,Vans,SPEEDO,16,40185,0;;;
Franklin;09:19:42;16:12:05;126.5114,-1751.404,-1751.404;True,Vans,SPEEDO,14,73111,0;;;
Franklin;09:19:42;16:12:06;131.9019,-1756.475,-1756.475;True,Vans,SPEEDO,13,59759,0;;;
Franklin;09:19:43;16:12:06;136.6601,-1760.899,-1760.899;True,Vans,SPEEDO,11,89958,0;;;
Franklin;09:19:43;16:12:07;141.0363,-1764.534,-1764.534;True,Vans,SPEEDO,10,36492,0;;;
Franklin;09:19:44;16:12:07;144.7817,-1767.811,-1767.811;True,Vans,SPEEDO,8,698988,0;;;
Franklin;09:19:44;16:12:08;147.7173,-1770.694,-1770.694;True,Vans,SPEEDO,7,132345,0;;;
Franklin;09:19:45;16:12:08;150.5874,-1773.335,-1773.335;True,Vans,SPEEDO,8,782948,1;;;
Franklin;09:19:46;16:12:09;153.5817,-1776.688,-1776.688;True,Vans,SPEEDO,7,753189,0;;;
Franklin;09:19:46;16:12:10;155.3474,-1780.23,-1780.23;True,Vans,SPEEDO,8,195293,1;;;
Franklin;09:19:47;16:12:10;155.2961,-1784.135,-1784.135;True,Vans,SPEEDO,6,541086,1;;;
Franklin;09:19:47;16:12:11;153.3382,-1787.56,-1787.56;True,Vans,SPEEDO,9,013959,1;;;
Franklin;09:19:48;16:12:11;150.0512,-1791.632,-1791.632;True,Vans,SPEEDO,9,995975,0;;;
Franklin;09:19:48;16:12:12;146.484,-1795.517,-1795.517;True,Vans,SPEEDO,11,02629,1;;;
Franklin;09:19:49;16:12:12;142.3617,-1800.119,-1800.119;True,Vans,SPEEDO,12,78714,1;;;
Franklin;09:19:49;16:12:13;138.0341,-1805.709,-1805.709;True,Vans,SPEEDO,14,57086,1;;;
Franklin;09:19:50;16:12:13;133.1925,-1812.035,-1812.035;True,Vans,SPEEDO,16,29865,1;;;
Franklin;09:19:50;16:12:14;127.672,-1819.125,-1819.125;True,Vans,SPEEDO,18,2035,1;;;
Franklin;09:19:51;16:12:14;121.8731,-1826.49,-1826.49;True,Vans,SPEEDO,17,33148,0;;;
Franklin;09:19:51;16:12:15;115.9875,-1833.361,-1833.361;True,Vans,SPEEDO,18,0495,1;;;
Franklin;09:19:52;16:12:15;109.4339,-1840.799,-1840.799;True,Vans,SPEEDO,20,15199,1;;;
Franklin;09:19:52;16:12:16;102.0314,-1848.822,-1848.822;True,Vans,SPEEDO,21,58821,1;;;
Franklin;09:19:53;16:12:16;94.90939,-1857.471,-1857.471;True,Vans,SPEEDO,20,96234,1;;;
Franklin;09:19:53;16:12:17;88.493,-1865.693,-1865.693;True,Vans,SPEEDO,19,61984,0;;;
Franklin;09:19:54;16:12:17;82.42064,-1873.416,-1873.416;True,Vans,SPEEDO,18,23784,0;;;
Franklin;09:19:54;16:12:18;76.88713,-1880.384,-1880.384;True,Vans,SPEEDO,14,97608,0;;;
Franklin;09:19:55;16:12:18;73.24125,-1884.902,-1884.902;True,Vans,SPEEDO,7,701981,0;;;
Franklin;09:19:55;16:12:19;71.47151,-1887.045,-1887.045;True,Vans,SPEEDO,4,609933,0;;;
Franklin;09:19:56;16:12:19;69.98277,-1888.832,-1888.832;True,Vans,SPEEDO,5,145895,1;;;
Franklin;09:19:56;16:12:20;67.91147,-1891.544,-1891.544;True,Vans,SPEEDO,7,962105,1;;;
Franklin;09:19:57;16:12:20;66.49282,-1895.958,-1895.958;True,Vans,SPEEDO,10,5145,1;;;
Franklin;09:19:57;16:12:21;66.56374,-1900.983,-1900.983;True,Vans,SPEEDO,8,820421,0;;;
Franklin;09:19:58;16:12:21;67.71938,-1905.32,-1905.32;True,Vans,SPEEDO,9,316916,1;;;
Franklin;09:19:58;16:12:22;69.99132,-1909.932,-1909.932;True,Vans,SPEEDO,9,478827,0;;;
Franklin;09:19:59;16:12:22;73.05184,-1914.223,-1914.223;True,Vans,SPEEDO,9,981215,0;;;
Franklin;09:20:00;16:12:23;76.52605,-1918.384,-1918.384;True,Vans,SPEEDO,11,3389,1;;;
Franklin;09:20:00;16:12:24;81.04015,-1922.966,-1922.966;True,Vans,SPEEDO,13,95394,1;;;
Franklin;09:20:01;16:12:24;86.10592,-1928.531,-1928.531;True,Vans,SPEEDO,13,8209,0;;;
Franklin;09:20:01;16:12:25;90.13326,-1933.908,-1933.908;True,Vans,SPEEDO,12,24919,0;;;
Franklin;09:20:02;16:12:25;93.61324,-1938.766,-1938.766;True,Vans,SPEEDO,10,66311,0;;;
Franklin;09:20:02;16:12:26;96.84603,-1942.56,-1942.56;True,Vans,SPEEDO,8,482858,0;;;
Franklin;09:20:03;16:12:26;98.92069,-1944.76,-1944.76;True,Vans,SPEEDO,3,827856,0;Homie live up here.;Lamar;FKN1_DLAA
Franklin;09:20:03;16:12:27;99.8013,-1945.681,-1945.681;True,Vans,SPEEDO,1,187688,0;;;
Franklin;09:20:04;16:12:27;99.87933,-1945.652,-1945.652;True,Vans,SPEEDO,0,1252248,0;;;
Franklin;09:20:04;16:12:28;99.90368,-1945.622,-1945.622;True,Vans,SPEEDO,0,0514542,0;Hey look, everybody be cool man. Lamar about to do his thang alright.;Franklin;FKN1_KUAA
Franklin;09:20:05;16:12:28;99.90835,-1945.616,-1945.616;True,Vans,SPEEDO,0,009994073,0;;;
Franklin;09:20:05;16:12:29;99.911,-1945.614,-1945.614;True,Vans,SPEEDO,0,004580868,0;;;
Franklin;09:20:06;16:12:29;99.91279,-1945.612,-1945.612;True,Vans,SPEEDO,0,005523068,0;;;
Franklin;09:20:06;16:12:30;99.92899,-1945.608,-1945.608;True,Vans,SPEEDO,0,01440656,0;;;
Franklin;09:20:07;16:12:30;101.3514,-1944.763,-1944.763;;;;
Franklin;09:20:07;16:12:31;101.2629,-1944.51,-1944.51;;;;
Franklin;09:20:08;16:12:31;101.2141,-1944.279,-1944.279;;;;
Franklin;09:20:08;16:12:32;101.4871,-1944.314,-1944.314;;;;
Franklin;09:20:09;16:12:32;102.1453,-1944.735,-1944.735;;;;
Franklin;09:20:09;16:12:33;102.5972,-1945.513,-1945.513;;;;
Franklin;09:20:10;16:12:33;102.5634,-1946.372,-1946.372;;;;
Franklin;09:20:10;16:12:34;102.4228,-1947.152,-1947.152;;;;
Franklin;09:20:11;16:12:34;101.956,-1947.925,-1947.925;;;;
Franklin;09:20:11;16:12:35;101.4379,-1948.627,-1948.627;;;;
Franklin;09:20:12;16:12:35;100.6828,-1949.091,-1949.091;;;;
Franklin;09:20:12;16:12:36;99.87905,-1949.452,-1949.452;;;;
Franklin;09:20:13;16:12:36;99.03826,-1949.761,-1949.761;;;;
Franklin;09:20:14;16:12:37;98.19753,-1950.078,-1950.078;;;;
Franklin;09:20:14;16:12:38;97.36565,-1950.399,-1950.399;;;;
Franklin;09:20:15;16:12:38;96.54364,-1950.703,-1950.703;;;;
Franklin;09:20:15;16:12:39;95.71808,-1951.009,-1951.009;;;;
Franklin;09:20:16;16:12:39;94.87537,-1951.329,-1951.329;;;;
Franklin;09:20:16;16:12:40;94.04992,-1951.687,-1951.687;;;;
Franklin;09:20:17;16:12:40;93.18859,-1951.953,-1951.953;;;;
Franklin;09:20:17;16:12:41;92.36378,-1952.296,-1952.296;;;;
Franklin;09:20:18;16:12:41;91.55668,-1952.698,-1952.698;;;;
Franklin;09:20:18;16:12:42;90.80872,-1953.181,-1953.181;;;;
Franklin;09:20:19;16:12:42;90.10599,-1953.708,-1953.708;;;;
Franklin;09:20:19;16:12:43;89.39545,-1954.246,-1954.246;;;;
Franklin;09:20:20;16:12:43;88.68607,-1954.783,-1954.783;;;;
Franklin;09:20:20;16:12:44;87.95959,-1955.319,-1955.319;;;;
Franklin;09:20:21;16:12:44;87.20854,-1955.784,-1955.784;;;;
Franklin;09:20:21;16:12:45;86.44748,-1956.262,-1956.262;;;;
Franklin;09:20:22;16:12:45;85.8158,-1956.902,-1956.902;;Hey, be on point, this fool janky.;Lamar;FKN1_KUAB
Franklin;09:20:22;16:12:46;85.34028,-1957.646,-1957.646;;;;
Franklin;09:20:23;16:12:46;84.85309,-1958.104,-1958.104;;;;
Franklin;09:20:23;16:12:47;84.38048,-1958.415,-1958.415;;;;
Franklin;09:20:24;16:12:47;84.2507,-1958.434,-1958.434;;;;
Franklin;09:20:24;16:12:48;84.46468,-1958.358,-1958.358;;;;
Franklin;09:20:25;16:12:48;85.02083,-1958.015,-1958.015;;;;
Franklin;09:20:25;16:12:49;85.12875,-1958.021,-1958.021;;;;
Franklin;09:20:26;16:12:49;86.40804,-1958.012,-1958.012;;;;
Franklin;09:20:27;16:12:50;86.35688,-1958.153,-1958.153;;;;
Franklin;09:20:27;16:12:51;86.33101,-1958.193,-1958.193;;;;
Franklin;09:20:28;16:12:51;86.23752,-1958.201,-1958.201;;;;
Franklin;09:20:28;16:12:52;86.27312,-1958.259,-1958.259;;;;
Franklin;09:20:29;16:12:52;86.32833,-1958.266,-1958.266;;;;
Franklin;09:20:29;16:12:53;86.3007,-1958.251,-1958.251;;Courier service.;Cutscene;Cutscene
Franklin;09:20:30;16:12:53;86.26218,-1958.233,-1958.233;;;;
Franklin;09:20:30;16:12:54;86.26441,-1958.234,-1958.234;;;;
Franklin;09:20:31;16:12:54;86.27603,-1958.239,-1958.239;;;;
Franklin;09:20:31;16:12:55;86.28209,-1958.243,-1958.243;;Package to collect.;Cutscene;Cutscene
Franklin;09:20:32;16:12:55;86.28304,-1958.25,-1958.25;;;;
Franklin;09:20:32;16:12:56;86.28585,-1958.257,-1958.257;;;;
Franklin;09:20:33;16:12:56;86.29557,-1958.268,-1958.268;;;;
Franklin;09:20:33;16:12:57;86.29836,-1958.273,-1958.273;;You got the grip?;Cutscene;Cutscene
Franklin;09:20:34;16:12:57;86.29307,-1958.271,-1958.271;;;;
Franklin;09:20:34;16:12:58;86.28559,-1958.266,-1958.266;;;;
Franklin;09:20:35;16:12:58;86.27435,-1958.259,-1958.259;;;;
Franklin;09:20:35;16:12:59;86.2613,-1958.246,-1958.246;;;;
Franklin;09:20:36;16:12:59;86.25909,-1958.237,-1958.237;;;;
Franklin;09:20:36;16:13:00;86.28187,-1958.242,-1958.242;;Present and accounted for.;Cutscene;Cutscene
Franklin;09:20:37;16:13:00;86.30571,-1958.254,-1958.254;;;;
Franklin;09:20:37;16:13:01;86.34408,-1958.256,-1958.256;;;;
Franklin;09:20:38;16:13:01;86.31908,-1958.245,-1958.245;;;;
Franklin;09:20:38;16:13:02;86.20882,-1958.2,-1958.2;;;;
Franklin;09:20:39;16:13:02;86.14497,-1958.18,-1958.18;;;;
Franklin;09:20:39;16:13:03;86.16733,-1958.218,-1958.218;;You like that, huh?;Cutscene;Cutscene
Franklin;09:20:40;16:13:04;86.30351,-1958.311,-1958.311;;;;
Franklin;09:20:41;16:13:04;86.37527,-1958.872,-1958.872;;;;
Franklin;09:20:41;16:13:05;86.46885,-1958.965,-1958.965;;;;
Franklin;09:20:42;16:13:05;86.40786,-1958.916,-1958.916;;;;
Franklin;09:20:42;16:13:06;86.3371,-1958.839,-1958.839;;;;
Franklin;09:20:43;16:13:06;86.36108,-1958.878,-1958.878;;;;
Franklin;09:20:43;16:13:07;86.43916,-1958.972,-1958.972;;;;
Franklin;09:20:44;16:13:07;86.46728,-1959.011,-1959.011;;;;
Franklin;09:20:44;16:13:08;86.38158,-1958.968,-1958.968;;;;
Franklin;09:20:45;16:13:08;86.31832,-1958.914,-1958.914;;Sample?;Cutscene;Cutscene
Franklin;09:20:45;16:13:09;86.36701,-1958.969,-1958.969;;;;
Franklin;09:20:46;16:13:09;86.45847,-1959.016,-1959.016;;Hmm, now we talking.;Cutscene;Cutscene
Franklin;09:20:46;16:13:10;86.51105,-1958.982,-1958.982;;;;
Franklin;09:20:47;16:13:10;86.54784,-1958.837,-1958.837;;;;
Franklin;09:20:47;16:13:11;86.59403,-1958.755,-1958.755;;;;
Franklin;09:20:48;16:13:11;86.58669,-1958.79,-1958.79;;;;
Franklin;09:20:48;16:13:12;86.60083,-1958.781,-1958.781;;;;
Franklin;09:20:49;16:13:12;86.57846,-1958.85,-1958.85;;;;
Franklin;09:20:49;16:13:13;86.54493,-1958.995,-1958.995;;;;
Franklin;09:20:50;16:13:13;86.48875,-1959.016,-1959.016;;;;
Franklin;09:20:50;16:13:14;86.39097,-1958.976,-1958.976;;;;
Franklin;09:20:51;16:13:14;86.39735,-1959.066,-1959.066;;;;
Franklin;09:20:51;16:13:15;86.37943,-1959.07,-1959.07;;;;
Franklin;09:20:52;16:13:15;86.34593,-1958.985,-1958.985;;;;
Franklin;09:20:52;16:13:16;86.40926,-1959.043,-1959.043;;;;
Franklin;09:20:53;16:13:16;86.46369,-1959.096,-1959.096;;;;
Franklin;09:20:54;16:13:17;86.46336,-1959.091,-1959.091;;;;
Franklin;09:20:54;16:13:18;86.44553,-1959.085,-1959.085;;;;
Franklin;09:20:55;16:13:18;86.43552,-1959.044,-1959.044;;;;
Franklin;09:20:55;16:13:19;86.42174,-1958.977,-1958.977;;;;
Franklin;09:20:56;16:13:19;86.41996,-1958.924,-1958.924;;;;
Franklin;09:20:56;16:13:20;86.43227,-1958.998,-1958.998;;;;
Franklin;09:20:57;16:13:20;86.47714,-1959.072,-1959.072;;;;
Franklin;09:20:57;16:13:21;86.45487,-1959.011,-1959.011;;;;
Franklin;09:20:58;16:13:21;86.42511,-1958.919,-1958.919;;;;
Franklin;09:20:58;16:13:22;86.42645,-1958.897,-1958.897;;My throat getting numb already.;Cutscene;Cutscene
Franklin;09:20:59;16:13:22;86.44595,-1958.941,-1958.941;;;;
Franklin;09:20:59;16:13:23;86.45088,-1958.96,-1958.96;;;;
Franklin;09:21:00;16:13:23;86.41701,-1958.901,-1958.901;;;;
Franklin;09:21:00;16:13:24;86.39576,-1958.946,-1958.946;;So we good, nigga, right?;Cutscene;Cutscene
Franklin;09:21:01;16:13:24;86.3937,-1959.145,-1959.145;;;;
Franklin;09:21:01;16:13:25;86.37643,-1959.163,-1959.163;;;;
Franklin;09:21:02;16:13:25;86.36738,-1959.136,-1959.136;;Well let's go!;Cutscene;Cutscene
Franklin;09:21:02;16:13:26;86.38569,-1959.16,-1959.16;;;;
Franklin;09:21:03;16:13:26;86.40417,-1959.131,-1959.131;;How about a taste?;Cutscene;Cutscene
Franklin;09:21:03;16:13:27;86.37589,-1959.032,-1959.032;;;;
Franklin;09:21:04;16:13:27;86.38053,-1959.085,-1959.085;;No, man! We leavin'!;Cutscene;Cutscene
Franklin;09:21:04;16:13:28;86.42274,-1959.148,-1959.148;;;;
Franklin;09:21:05;16:13:28;86.49305,-1959.075,-1959.075;;;;
Franklin;09:21:05;16:13:29;86.59007,-1958.756,-1958.756;;;;
Franklin;09:21:06;16:13:29;86.57486,-1958.562,-1958.562;;I want a taste of the other side of the brick.;Cutscene;Cutscene
Franklin;09:21:07;16:13:30;86.50314,-1958.311,-1958.311;;;;
Franklin;09:21:07;16:13:31;86.64046,-1958.121,-1958.121;;;;
Franklin;09:21:08;16:13:31;86.60731,-1958.242,-1958.242;;No, you heard what your boy said.;Cutscene;Cutscene
Franklin;09:21:08;16:13:32;86.54583,-1958.375,-1958.375;;;;
Franklin;09:21:09;16:13:32;86.55206,-1958.294,-1958.294;;You're leavin'.;Cutscene;Cutscene
Franklin;09:21:09;16:13:33;86.5382,-1958.266,-1958.266;;;;
Franklin;09:21:10;16:13:33;86.55319,-1958.339,-1958.339;;Hey, gimme.;Cutscene;Cutscene
Franklin;09:21:10;16:13:34;86.64189,-1958.62,-1958.62;;;;
Franklin;09:21:11;16:13:34;86.63921,-1958.629,-1958.629;;Gimme that!;Cutscene;Cutscene
Franklin;09:21:11;16:13:35;86.63887,-1958.587,-1958.587;;Gimme that back!;Cutscene;Cutscene
Franklin;09:21:12;16:13:35;86.609,-1958.775,-1958.775;;;;
Franklin;09:21:12;16:13:36;86.35047,-1959.012,-1959.012;;;;
Franklin;09:21:13;16:13:36;86.33001,-1959.033,-1959.033;;;;
Franklin;09:21:13;16:13:37;86.30167,-1958.988,-1958.988;;Whoa.;Cutscene;Cutscene
Franklin;09:21:14;16:13:37;86.27361,-1958.918,-1958.918;;;;
Franklin;09:21:14;16:13:38;86.2643,-1958.9,-1958.9;;What the fuck?;Cutscene;Cutscene
Franklin;09:21:15;16:13:38;86.25168,-1958.861,-1958.861;;;;
Franklin;09:21:15;16:13:39;86.24689,-1958.886,-1958.886;;;;
Franklin;09:21:16;16:13:39;86.24095,-1958.938,-1958.938;;;;
Franklin;09:21:16;16:13:40;86.25184,-1958.961,-1958.961;;;;
Franklin;09:21:17;16:13:40;86.26571,-1958.958,-1958.958;;;;
Franklin;09:21:17;16:13:41;86.26949,-1958.941,-1958.941;;Did we ask...;Cutscene;Cutscene
Franklin;09:21:18;16:13:41;86.26261,-1958.933,-1958.933;;;;
Franklin;09:21:18;16:13:42;86.26118,-1958.922,-1958.922;;;;
Franklin;09:21:19;16:13:42;86.26564,-1958.927,-1958.927;;for a key,;Cutscene;Cutscene
Franklin;09:21:19;16:13:43;86.27375,-1958.954,-1958.954;;;;
Franklin;09:21:20;16:13:43;86.28844,-1959.011,-1959.011;;or a fucking ounce?;Cutscene;Cutscene
Franklin;09:21:21;16:13:44;86.31813,-1959.077,-1959.077;;;;
Franklin;09:21:21;16:13:45;86.35019,-1959.027,-1959.027;;;;
Franklin;09:21:22;16:13:45;86.43182,-1958.885,-1958.885;;Man, that's motherfucking drywall!;Cutscene;Cutscene
Franklin;09:21:22;16:13:46;86.37885,-1959,-1959;;;;
Franklin;09:21:23;16:13:46;86.28897,-1958.988,-1958.988;;;;
Franklin;09:21:23;16:13:47;86.30626,-1959.084,-1959.084;;Hey, we got some motherfucking buyers' remorse out here!;Cutscene;Cutscene
Franklin;09:21:24;16:13:47;86.32021,-1959.134,-1959.134;;;;
Franklin;09:21:24;16:13:48;86.36368,-1959.091,-1959.091;;;;
Franklin;09:21:25;16:13:48;86.51499,-1958.64,-1958.64;;;;
Franklin;09:21:25;16:13:49;86.60499,-1958.049,-1958.049;;;;
Franklin;09:21:26;16:13:49;86.76624,-1957.774,-1957.774;;;;
Franklin;09:21:26;16:13:50;86.75275,-1957.751,-1957.751;;You can't fucking hustle a hustler!;Cutscene;Cutscene
Franklin;09:21:27;16:13:50;86.76444,-1957.774,-1957.774;;;;
Franklin;09:21:27;16:13:51;86.75132,-1957.792,-1957.792;;;;
Franklin;09:21:28;16:13:51;86.63729,-1957.913,-1957.913;;;;
Franklin;09:21:28;16:13:52;86.64993,-1957.899,-1957.899;;;;
Franklin;09:21:29;16:13:52;86.61227,-1957.319,-1957.319;;;;
Franklin;09:21:29;16:13:53;86.24768,-1956.294,-1956.294;;;;
Franklin;09:21:30;16:13:53;86.76376,-1954.185,-1954.185;;;;
Franklin;09:21:30;16:13:54;86.29044,-1952.613,-1952.613;;Shit.;Cutscene;Cutscene
Franklin;09:21:31;16:13:54;84.99729,-1951.193,-1951.193;;;;
Franklin;09:21:31;16:13:55;83.49474,-1950.387,-1950.387;;;;
Franklin;09:21:32;16:13:55;82.81895,-1949.736,-1949.736;;;;
Franklin;09:21:32;16:13:56;82.77972,-1949.686,-1949.686;;;;
Franklin;09:21:33;16:13:56;82.77972,-1949.686,-1949.686;;;;
Franklin;09:21:34;16:13:57;82.77972,-1949.686,-1949.686;;;;
Franklin;09:21:34;16:13:58;82.77972,-1949.686,-1949.686;;Grove Street locked down! We got to move!;Lamar;FKN1_IPAA
Franklin;09:21:35;16:13:58;82.77972,-1949.686,-1949.686;;;;
Franklin;09:21:35;16:13:59;82.77972,-1949.686,-1949.686;;;;
Franklin;09:21:36;16:13:59;82.77972,-1949.686,-1949.686;;;;
Franklin;09:21:36;16:14:00;82.77972,-1949.686,-1949.686;;;;
Franklin;09:21:37;16:14:00;82.77972,-1949.686,-1949.686;;Fuck, they bust the van! We on foot now!;Lamar;FKN1_HIAA
Franklin;09:21:37;16:14:01;82.77972,-1949.686,-1949.686;;;;
Franklin;09:21:38;16:14:01;82.77972,-1949.686,-1949.686;;;;
Franklin;09:21:38;16:14:02;83.00214,-1949.815,-1949.815;;;;
Franklin;09:21:39;16:14:02;83.01009,-1949.825,-1949.825;;;;
Franklin;09:21:39;16:14:03;83.01842,-1949.836,-1949.836;;;;
Franklin;09:21:40;16:14:03;83.01842,-1949.836,-1949.836;;;;
Franklin;09:21:40;16:14:04;83.49223,-1949.818,-1949.818;;;;
Franklin;09:21:41;16:14:04;84.26714,-1949.782,-1949.782;;;;
Franklin;09:21:41;16:14:05;84.31749,-1949.78,-1949.78;;;;
Franklin;09:21:42;16:14:05;85.02052,-1949.755,-1949.755;;;;
Franklin;09:21:42;16:14:06;84.69292,-1949.767,-1949.767;;;;
Franklin;09:21:43;16:14:06;84.0274,-1949.997,-1949.997;;;;
Franklin;09:21:43;16:14:07;84.01724,-1950.372,-1950.372;;;;
Franklin;09:21:44;16:14:07;84.0788,-1949.875,-1949.875;;;;
Franklin;09:21:44;16:14:08;84.18045,-1949.146,-1949.146;;;;
Franklin;09:21:45;16:14:08;84.59184,-1948.562,-1948.562;;;;
Franklin;09:21:45;16:14:09;85.19521,-1948.149,-1948.149;;;;
Franklin;09:21:46;16:14:09;85.33842,-1947.445,-1947.445;;;;
Franklin;09:21:46;16:14:10;85.43917,-1946.713,-1946.713;;;;
Franklin;09:21:47;16:14:11;85.86384,-1946.178,-1946.178;;;;
Franklin;09:21:48;16:14:11;86.30755,-1945.588,-1945.588;;First jacked, now booked.;Lamar;FKN1_DOAA
Franklin;09:21:48;16:14:12;86.73132,-1944.993,-1944.993;;;;
Franklin;09:21:49;16:14:12;86.65813,-1944.26,-1944.26;;;;
Franklin;09:21:49;16:14:13;86.52621,-1943.539,-1943.539;;;;
Franklin;09:21:50;16:14:13;86.39501,-1942.811,-1942.811;;;;
Franklin;09:21:50;16:14:14;86.2744,-1942.102,-1942.102;;;;
Franklin;09:21:51;16:14:14;86.10378,-1941.392,-1941.392;;;;
Franklin;09:21:51;16:14:15;85.68453,-1940.777,-1940.777;;;;
Franklin;09:21:52;16:14:15;85.34164,-1940.148,-1940.148;;;;
Franklin;09:21:52;16:14:16;85.23276,-1939.447,-1939.447;;;;
Franklin;09:21:53;16:14:16;84.70166,-1938.961,-1938.961;;;;
Franklin;09:21:53;16:14:17;84.20697,-1938.407,-1938.407;;;;
Franklin;09:21:54;16:14:17;83.73854,-1937.842,-1937.842;;What are we waiting for?;Trevor;FKN1_GYAA
Franklin;09:21:54;16:14:18;83.27269,-1937.265,-1937.265;;;;
Franklin;09:21:55;16:14:18;82.81807,-1936.695,-1936.695;;;;
Franklin;09:21:55;16:14:19;82.3634,-1936.129,-1936.129;;;;
Franklin;09:21:56;16:14:19;81.8602,-1935.602,-1935.602;;;;
Franklin;09:21:56;16:14:20;81.29753,-1935.113,-1935.113;;;;
Franklin;09:21:57;16:14:20;80.74199,-1934.633,-1934.633;;;;
Franklin;09:21:57;16:14:21;80.17605,-1934.109,-1934.109;;;;
Franklin;09:21:58;16:14:21;79.12859,-1933.01,-1933.01;;;;
Franklin;09:21:58;16:14:22;77.82063,-1931.486,-1931.486;;;;
Franklin;09:21:59;16:14:22;77.54092,-1929.756,-1929.756;;;;
Franklin;09:21:59;16:14:23;77.16292,-1927.999,-1927.999;;;;
Franklin;09:22:00;16:14:23;76.10668,-1926.362,-1926.362;;;;
Franklin;09:22:00;16:14:24;75.5893,-1925.575,-1925.575;;Let's clear out!;Trevor;FKN1_GYAA
Franklin;09:22:01;16:14:24;75.26061,-1924.931,-1924.931;;;;
Franklin;09:22:02;16:14:25;74.79576,-1924.383,-1924.383;;;;
Franklin;09:22:02;16:14:26;74.54834,-1923.692,-1923.692;;Clap! Clap! Clap!;BALLA7;FKN1_FUAA
Franklin;09:22:03;16:14:26;74.33183,-1922.981,-1922.981;;;;
Franklin;09:22:03;16:14:27;74.1289,-1922.296,-1922.296;;;;
Franklin;09:22:04;16:14:27;74.10238,-1922.209,-1922.209;;;;
Franklin;09:22:04;16:14:28;74.04499,-1922.163,-1922.163;;;;
Franklin;09:22:05;16:14:28;73.80753,-1922.035,-1922.035;;Clap those assholes, get the grip!;BALLA5;FKN1_FNAA
Franklin;09:22:05;16:14:29;73.1761,-1921.73,-1921.73;;;;
Franklin;09:22:06;16:14:29;72.4302,-1921.614,-1921.614;;;;
Franklin;09:22:06;16:14:30;72.04082,-1921.138,-1921.138;;;;
Franklin;09:22:07;16:14:30;72.17317,-1920.425,-1920.425;;;;
Franklin;09:22:07;16:14:31;72.35239,-1919.721,-1919.721;;;;
Franklin;09:22:08;16:14:31;72.31381,-1919.026,-1919.026;;They're ganging up on me!;Trevor;FKN1_KZAA
Franklin;09:22:08;16:14:32;71.89265,-1918.453,-1918.453;;;;
Franklin;09:22:09;16:14:32;71.23354,-1918.682,-1918.682;;;;
Franklin;09:22:09;16:14:33;70.53321,-1918.878,-1918.878;;;;
Franklin;09:22:10;16:14:33;69.80283,-1919.021,-1919.021;;;;
Franklin;09:22:10;16:14:34;69.06909,-1919.122,-1919.122;;Lame ass!;Lamar;FKN1_CFAA
Franklin;09:22:11;16:14:34;68.9687,-1919.834,-1919.834;;;;
Franklin;09:22:11;16:14:35;68.40955,-1920.236,-1920.236;;;;
Franklin;09:22:12;16:14:35;68.88798,-1919.299,-1919.299;;Get them CGF niggas.;BALLA1;FKN1_EYAA
Franklin;09:22:12;16:14:36;69.69063,-1917.897,-1917.897;;;;
Franklin;09:22:13;16:14:36;69.69063,-1917.897,-1917.897;;;;
Franklin;09:22:13;16:14:37;69.69063,-1917.897,-1917.897;;;;
Franklin;09:22:14;16:14:37;69.69087,-1917.897,-1917.897;;;;
Franklin;09:22:15;16:14:38;69.24036,-1918.701,-1918.701;;;;
Franklin;09:22:15;16:14:39;68.72139,-1919.501,-1919.501;;;;
Franklin;09:22:16;16:14:39;68.26304,-1920.595,-1920.595;;;;
Franklin;09:22:16;16:14:40;68.19446,-1920.741,-1920.741;;;;
Franklin;09:22:17;16:14:40;68.12899,-1920.886,-1920.886;;;;
Franklin;09:22:17;16:14:41;68.05681,-1921.027,-1921.027;;;;
Franklin;09:22:18;16:14:41;67.72649,-1921.656,-1921.656;;;;
Franklin;09:22:18;16:14:42;67.43847,-1922.426,-1922.426;;;;
Franklin;09:22:19;16:14:42;67.40913,-1922.522,-1922.522;;;;
Franklin;09:22:19;16:14:43;67.41485,-1922.547,-1922.547;;;;
Franklin;09:22:20;16:14:43;67.41485,-1922.547,-1922.547;;;;
Franklin;09:22:20;16:14:44;67.41485,-1922.547,-1922.547;;...took me for a mark. Pfft.;Lamar;FKN1_CEAA
Franklin;09:22:21;16:14:44;67.41485,-1922.547,-1922.547;;;;
Franklin;09:22:21;16:14:45;67.41485,-1922.547,-1922.547;;;;
Franklin;09:22:22;16:14:45;67.41485,-1922.547,-1922.547;;;;
Franklin;09:22:22;16:14:46;67.41485,-1922.547,-1922.547;;;;
Franklin;09:22:23;16:14:46;67.41485,-1922.547,-1922.547;;Hey, that's that Lamar Davis, nigga! Man, get that fool.;BALLA1;FKN1_EYAA
Franklin;09:22:23;16:14:47;67.41485,-1922.547,-1922.547;;;;
Franklin;09:22:24;16:14:47;67.41485,-1922.547,-1922.547;;;;
Franklin;09:22:24;16:14:48;67.41485,-1922.547,-1922.547;;;;
Franklin;09:22:25;16:14:48;67.41485,-1922.547,-1922.547;;;;
Franklin;09:22:25;16:14:49;67.41503,-1922.547,-1922.547;;;;
Franklin;09:22:26;16:14:49;67.41502,-1922.547,-1922.547;;Let's move it!;Franklin;FKN1_HDAA
Franklin;09:22:26;16:14:50;67.41502,-1922.547,-1922.547;;;;
Franklin;09:22:27;16:14:50;67.41502,-1922.547,-1922.547;;;;
Franklin;09:22:28;16:14:51;67.41502,-1922.547,-1922.547;;;;
Franklin;09:22:28;16:14:52;67.41504,-1922.547,-1922.547;;;;
Franklin;09:22:29;16:14:52;67.41504,-1922.547,-1922.547;;;;
Franklin;09:22:29;16:14:53;67.41504,-1922.547,-1922.547;;;;
Franklin;09:22:30;16:14:53;67.41499,-1922.547,-1922.547;;;;
Franklin;09:22:30;16:14:54;66.73607,-1921.595,-1921.595;;;;
Franklin;09:22:31;16:14:54;65.7102,-1920.214,-1920.214;;;;
Franklin;09:22:31;16:14:55;64.78542,-1918.844,-1918.844;;Let's get paid!;BALLA5;FKN1_FNAA
Franklin;09:22:32;16:14:55;63.83802,-1917.498,-1917.498;;;;
Franklin;09:22:32;16:14:56;62.89079,-1916.148,-1916.148;;;;
Franklin;09:22:33;16:14:56;61.90784,-1914.812,-1914.812;;Fuck you, buster!;Lamar;FKN1_CFAA
Franklin;09:22:33;16:14:57;60.98602,-1913.467,-1913.467;;;;
Franklin;09:22:34;16:14:57;59.87366,-1912.2,-1912.2;;;;
Franklin;09:22:34;16:14:58;58.5676,-1911.188,-1911.188;;;;
Franklin;09:22:35;16:14:58;57.23098,-1910.221,-1910.221;;;;
Franklin;09:22:35;16:14:59;55.92068,-1909.293,-1909.293;;;;
Franklin;09:22:36;16:14:59;54.58363,-1908.352,-1908.352;;;;
Franklin;09:22:36;16:15:00;53.26367,-1907.39,-1907.39;;;;
Franklin;09:22:37;16:15:00;51.9262,-1906.432,-1906.432;;;;
Franklin;09:22:37;16:15:01;50.5711,-1905.455,-1905.455;;;;
Franklin;09:22:38;16:15:01;49.20063,-1904.485,-1904.485;;Get money, homies!;BALLA5;FKN1_FNAA
Franklin;09:22:38;16:15:02;47.84306,-1903.496,-1903.496;;;;
Franklin;09:22:39;16:15:02;46.45643,-1902.495,-1902.495;;;;
Franklin;09:22:39;16:15:03;45.05455,-1901.479,-1901.479;;;;
Franklin;09:22:40;16:15:03;43.56302,-1900.423,-1900.423;;Come on. Our work's done here!;Trevor;FKN1_GYAA
Franklin;09:22:40;16:15:04;42.31221,-1899.502,-1899.502;;;;
Franklin;09:22:41;16:15:04;41.05727,-1898.585,-1898.585;;;;
Franklin;09:22:42;16:15:05;39.81144,-1897.691,-1897.691;;;;
Franklin;09:22:42;16:15:06;38.57228,-1896.792,-1896.792;;;;
Franklin;09:22:43;16:15:06;37.33437,-1895.896,-1895.896;;;;
Franklin;09:22:43;16:15:07;36.10014,-1895.036,-1895.036;;;;
Franklin;09:22:44;16:15:07;34.80088,-1894.246,-1894.246;;;;
Franklin;09:22:44;16:15:08;33.44112,-1893.501,-1893.501;;;;
Franklin;09:22:45;16:15:08;32.1611,-1892.648,-1892.648;;;;
Franklin;09:22:45;16:15:09;31.10766,-1891.527,-1891.527;;Hey, this called a jack, buster!;BALLA6;FKN1_FPAA
Franklin;09:22:46;16:15:09;30.12842,-1890.35,-1890.35;;;;
Franklin;09:22:46;16:15:10;29.21186,-1889.151,-1889.151;;;;
Franklin;09:22:47;16:15:10;27.8991,-1888.308,-1888.308;;;;
Franklin;09:22:47;16:15:11;26.57918,-1887.46,-1887.46;;;;
Franklin;09:22:48;16:15:11;25.20574,-1886.649,-1886.649;;;;
Franklin;09:22:48;16:15:12;23.75394,-1885.918,-1885.918;;;;
Franklin;09:22:49;16:15:12;22.47342,-1884.994,-1884.994;;;;
Franklin;09:22:49;16:15:13;21.24998,-1883.993,-1883.993;;What are we waiting for?;Trevor;FKN1_GYAA
Franklin;09:22:50;16:15:13;20.05015,-1882.969,-1882.969;;;;
Franklin;09:22:50;16:15:14;18.87205,-1881.92,-1881.92;;;;
Franklin;09:22:51;16:15:14;17.66664,-1880.888,-1880.888;;;;
Franklin;09:22:51;16:15:15;16.44894,-1879.852,-1879.852;;Clap that shady motherfucker!;BALLA2;FKN1_EZAA
Franklin;09:22:52;16:15:15;15.22841,-1878.801,-1878.801;;;;
Franklin;09:22:52;16:15:16;14.02315,-1877.752,-1877.752;;;;
Franklin;09:22:53;16:15:16;12.8338,-1876.709,-1876.709;;;;
Franklin;09:22:53;16:15:17;11.68919,-1875.604,-1875.604;;;;
Franklin;09:22:54;16:15:17;11.24795,-1875.145,-1875.145;;;;
Franklin;09:22:54;16:15:18;11.21509,-1875.098,-1875.098;;;;
Franklin;09:22:55;16:15:18;11.04866,-1875.108,-1875.108;;Punch it, motherfuckers.;Lamar;FKN1_CFAA
Franklin;09:22:56;16:15:19;10.92361,-1875.114,-1875.114;;;;
Franklin;09:22:56;16:15:20;9.757485,-1875.044,-1875.044;;;;
Franklin;09:22:57;16:15:20;8.426992,-1875.05,-1875.05;;;;
Franklin;09:22:57;16:15:21;7.93685,-1875.033,-1875.033;;;;
Franklin;09:22:58;16:15:21;7.93685,-1875.033,-1875.033;;;;
Franklin;09:22:58;16:15:22;7.93685,-1875.033,-1875.033;;;;
Franklin;09:22:59;16:15:22;7.93685,-1875.033,-1875.033;;;;
Franklin;09:22:59;16:15:23;7.93685,-1875.033,-1875.033;;;;
Franklin;09:23:00;16:15:23;7.93685,-1875.033,-1875.033;;;;
Franklin;09:23:00;16:15:24;7.93685,-1875.033,-1875.033;;;;
Franklin;09:23:01;16:15:24;7.93685,-1875.033,-1875.033;;;;
Franklin;09:23:01;16:15:25;7.93685,-1875.033,-1875.033;;;;
Franklin;09:23:02;16:15:25;7.93685,-1875.033,-1875.033;;;;
Franklin;09:23:02;16:15:26;7.93685,-1875.033,-1875.033;;;;
Franklin;09:23:03;16:15:26;7.93685,-1875.033,-1875.033;;;;
Franklin;09:23:03;16:15:27;7.93685,-1875.033,-1875.033;;;;
Franklin;09:23:04;16:15:27;7.93685,-1875.033,-1875.033;;;;
Franklin;09:23:04;16:15:28;7.93685,-1875.033,-1875.033;;;;
Franklin;09:23:05;16:15:28;7.93685,-1875.033,-1875.033;;;;
Franklin;09:23:05;16:15:29;7.93685,-1875.033,-1875.033;;;;
Franklin;09:23:06;16:15:29;7.93685,-1875.033,-1875.033;;Come on, man! Let's go!;Franklin;FKN1_HFAA
Franklin;09:23:06;16:15:30;7.901748,-1875.057,-1875.057;;;;
Franklin;09:23:07;16:15:30;7.842571,-1875.079,-1875.079;;;;
Franklin;09:23:07;16:15:31;8.237772,-1874.261,-1874.261;;;;
Franklin;09:23:08;16:15:31;7.52567,-1872.875,-1872.875;;;;
Franklin;09:23:08;16:15:32;6.998472,-1871.951,-1871.951;;;;
Franklin;09:23:09;16:15:33;6.796933,-1871.685,-1871.685;;;;
Franklin;09:23:10;16:15:33;6.78023,-1871.673,-1871.673;;;;
Franklin;09:23:10;16:15:34;6.780899,-1871.675,-1871.675;;;;
Franklin;09:23:11;16:15:34;6.780806,-1871.675,-1871.675;;;;
Franklin;09:23:11;16:15:35;6.751846,-1871.7,-1871.7;;;;
Franklin;09:23:12;16:15:35;6.102937,-1871.859,-1871.859;;First jacked, now booked.;Lamar;FKN1_DOAA
Franklin;09:23:12;16:15:36;5.427587,-1872.125,-1872.125;;;;
Franklin;09:23:13;16:15:36;4.683371,-1872.266,-1872.266;;;;
Franklin;09:23:13;16:15:37;4.0814,-1872.082,-1872.082;;;;
Franklin;09:23:14;16:15:37;4.0814,-1872.082,-1872.082;;Five-oh on this shit!;Lamar;FKN1_HJAA
Franklin;09:23:14;16:15:38;4.0814,-1872.082,-1872.082;;;;
Franklin;09:23:15;16:15:38;4.0814,-1872.082,-1872.082;;;;
Franklin;09:23:15;16:15:39;4.0814,-1872.082,-1872.082;;;;
Franklin;09:23:16;16:15:39;4.0814,-1872.082,-1872.082;;;;
Franklin;09:23:16;16:15:40;4.0814,-1872.082,-1872.082;;;;
Franklin;09:23:17;16:15:40;4.0814,-1872.082,-1872.082;;;;
Franklin;09:23:17;16:15:41;4.0814,-1872.082,-1872.082;;;;
Franklin;09:23:18;16:15:41;4.0814,-1872.082,-1872.082;;;;
Franklin;09:23:18;16:15:42;4.192334,-1871.968,-1871.968;;;;
Franklin;09:23:19;16:15:42;4.93646,-1870.581,-1870.581;;This shit don't look good!;Lamar;FKN1_DUAA
Franklin;09:23:19;16:15:43;3.608891,-1869.067,-1869.067;;;;
Franklin;09:23:20;16:15:43;2.206846,-1867.373,-1867.373;;;;
Franklin;09:23:20;16:15:44;0.9914352,-1865.57,-1865.57;;;;
Franklin;09:23:21;16:15:44;-0.1591737,-1863.749,-1863.749;;Left! Left! Left!;Lamar;FKN1_CWAA
Franklin;09:23:21;16:15:45;-1.271437,-1861.935,-1861.935;;;;
Franklin;09:23:22;16:15:45;-2.499262,-1860.15,-1860.15;;;;
Franklin;09:23:23;16:15:46;-3.876361,-1858.461,-1858.461;;;;
Franklin;09:23:23;16:15:47;-5.281125,-1856.822,-1856.822;;;;
Franklin;09:23:24;16:15:47;-6.723241,-1855.181,-1855.181;;;;
Franklin;09:23:24;16:15:48;-8.16884,-1853.601,-1853.601;;;;
Franklin;09:23:25;16:15:48;-9.693413,-1852.005,-1852.005;;;;
Franklin;09:23:25;16:15:49;-11.32077,-1850.559,-1850.559;;;;
Franklin;09:23:26;16:15:49;-13.08991,-1849.388,-1849.388;;;;
Franklin;09:23:26;16:15:50;-14.5405,-1848.489,-1848.489;;;;
Franklin;09:23:27;16:15:50;-14.74948,-1848.157,-1848.157;;;;
Franklin;09:23:27;16:15:51;-15.01469,-1848.196,-1848.196;;;;
Franklin;09:23:28;16:15:51;-15.75261,-1848.049,-1848.049;;;;
Franklin;09:23:28;16:15:52;-16.58416,-1847.71,-1847.71;;;;
Franklin;09:23:29;16:15:52;-17.40708,-1847.309,-1847.309;;;;
Franklin;09:23:29;16:15:53;-18.20424,-1846.951,-1846.951;;;;
Franklin;09:23:30;16:15:53;-19.06273,-1846.595,-1846.595;;Down here! Down here! Come on!;Lamar;FKN1_CXAA
Franklin;09:23:30;16:15:54;-19.89892,-1846.263,-1846.263;;;;
Franklin;09:23:31;16:15:54;-20.72577,-1845.956,-1845.956;;;;
Franklin;09:23:31;16:15:55;-21.54108,-1845.68,-1845.68;;;;
Franklin;09:23:32;16:15:55;-22.44018,-1845.396,-1845.396;;;;
Franklin;09:23:32;16:15:56;-23.30068,-1845.14,-1845.14;;Put your weapons down and get on the floor!;FRA1POLICE1;FKN1_AEAA
Franklin;09:23:33;16:15:56;-24.14867,-1845.523,-1845.523;;;;
Franklin;09:23:33;16:15:57;-25.31471,-1847.066,-1847.066;;;;
Franklin;09:23:34;16:15:57;-27.32856,-1849.722,-1849.722;;;;
Franklin;09:23:34;16:15:58;-29.5647,-1852.478,-1852.478;;;;
Franklin;09:23:35;16:15:58;-31.99864,-1855.107,-1855.107;;Damn, MC Clip!;Lamar;FKN1_HOAA
Franklin;09:23:36;16:15:59;-34.35731,-1857.702,-1857.702;;;;
Franklin;09:23:36;16:16:00;-36.70515,-1860.37,-1860.37;;;;
Franklin;09:23:37;16:16:00;-39.02117,-1863.138,-1863.138;;That's the fashion shoot! MC Clip!!!;Lamar;FKN1_HOAB
Franklin;09:23:37;16:16:01;-41.27769,-1865.899,-1865.899;;;;
Franklin;09:23:38;16:16:01;-43.65007,-1868.173,-1868.173;;;;
Franklin;09:23:38;16:16:02;-45.71373,-1869.803,-1869.803;;;;
Franklin;09:23:39;16:16:02;-47.78164,-1871,-1871;;Clip, wait right there, dog! Hold up! Hold up! Peace! Peace!;Lamar;FKN1_HOAC
Franklin;09:23:39;16:16:03;-50.1888,-1871.564,-1871.564;;;;
Franklin;09:23:40;16:16:03;-52.7522,-1871.868,-1871.868;;;;
Franklin;09:23:40;16:16:04;-55.28716,-1872.066,-1872.066;;;;
Franklin;09:23:41;16:16:04;-57.8105,-1871.968,-1871.968;;;;
Franklin;09:23:41;16:16:05;-60.23641,-1871.829,-1871.829;;;;
Franklin;09:23:42;16:16:05;-62.71014,-1871.714,-1871.714;;;;
Franklin;09:23:42;16:16:06;-65.25855,-1871.64,-1871.64;;Jack they ass, homies! That's our way up outta here!;Lamar;FKN1_HOAD
Franklin;09:23:43;16:16:06;-67.73642,-1871.573,-1871.573;;;;
Franklin;09:23:43;16:16:07;-70.14486,-1871.288,-1871.288;;;;
Franklin;09:23:44;16:16:07;-72.49853,-1870.893,-1870.893;;;;
Franklin;09:23:44;16:16:08;-74.73993,-1870.383,-1870.383;;;;
Franklin;09:23:45;16:16:08;-77.0369,-1869.782,-1869.782;;;;
Franklin;09:23:45;16:16:09;-79.46404,-1868.979,-1868.979;;;;
Franklin;09:23:46;16:16:09;-82.64313,-1867.5,-1867.5;;Put your fucking hands up!;Lamar;FKN1_HQAA
Franklin;09:23:46;16:16:10;-85.88548,-1865.904,-1865.904;;;;
Franklin;09:23:47;16:16:10;-88.95309,-1864.209,-1864.209;;;;
Franklin;09:23:47;16:16:11;-92.01842,-1862.498,-1862.498;;;;
Franklin;09:23:48;16:16:11;-95.10193,-1860.841,-1860.841;;;;
Franklin;09:23:49;16:16:12;-98.40154,-1859.436,-1859.436;;You being deprived of these vehicles, bitch!;Lamar;FKN1_HRAA
Franklin;09:23:49;16:16:13;-101.7331,-1858.291,-1858.291;;;;
Franklin;09:23:50;16:16:13;-104.937,-1857.5,-1857.5;;;;
Franklin;09:23:50;16:16:14;-106.2506,-1858.237,-1858.237;;;;
Franklin;09:23:51;16:16:14;-107.1931,-1859.559,-1859.559;;;;
Franklin;09:23:51;16:16:15;-108.4694,-1860.618,-1860.618;;;;
Franklin;09:23:52;16:16:15;-109.819,-1861.528,-1861.528;;What the fuck are you doing?;FRA1MODEL1;FKN1_GQAA
Franklin;09:23:52;16:16:16;-111.7145,-1861.99,-1861.99;;;;
Franklin;09:23:53;16:16:16;-113.8755,-1861.555,-1861.555;;;;
Franklin;09:23:53;16:16:17;-116.2128,-1861.461,-1861.461;;;;
Franklin;09:23:54;16:16:17;-118.5177,-1861.375,-1861.375;;;;
Franklin;09:23:54;16:16:18;-120.7901,-1861.261,-1861.261;;Hey they taking Clip's shit!;MCCLIP;FKN1_LFAA
Franklin;09:23:55;16:16:18;-122.9336,-1861.147,-1861.147;;;;
Franklin;09:23:55;16:16:19;-125.0261,-1861.033,-1861.033;;;;
Franklin;09:23:56;16:16:19;-126.886,-1860.929,-1860.929;;;;
Franklin;09:23:56;16:16:20;-127.1553,-1860.98,-1860.98;;;;
Franklin;09:23:57;16:16:20;-127.6775,-1861.537,-1861.537;;;;
Franklin;09:23:57;16:16:21;-127.8267,-1861.76,-1861.76;;;;
Franklin;09:23:58;16:16:21;-126.9511,-1862.512,-1862.512;True,Boats,SEASHARK,1,909235,0,69;;;
Franklin;09:23:58;16:16:22;-125.7655,-1863.51,-1863.51;True,Boats,SEASHARK,3,784927,0,26;Move, homie!;Lamar;FKN1_HZAA
Franklin;09:23:59;16:16:22;-124.1069,-1864.994,-1864.994;True,Boats,SEASHARK,5,21237,0,91;;;
Franklin;09:23:59;16:16:23;-121.6929,-1867.371,-1867.371;True,Boats,SEASHARK,8,587029,0,92;;;
Franklin;09:24:00;16:16:23;-118.2139,-1871.915,-1871.915;True,Boats,SEASHARK,12,82033,0,92;;;
Franklin;09:24:00;16:16:24;-113.6077,-1878.148,-1878.148;True,Boats,SEASHARK,15,98444,0,92;;;
Franklin;09:24:01;16:16:24;-107.8866,-1885.174,-1885.174;True,Boats,SEASHARK,18,18903,0,92;;;
Franklin;09:24:02;16:16:25;-107.113,-1879.88,-1879.88;True,Boats,SEASHARK,19,74873,0;;;
Franklin;09:24:02;16:16:26;-99.38548,-1886.207,-1886.207;True,Boats,SEASHARK,19,75097,1;Damn, it stink in this motherfucker.;Franklin;FKN1_FIAA
Franklin;09:24:03;16:16:26;-90.88622,-1893.554,-1893.554;True,Boats,SEASHARK,20,9975,0,93;;;
Franklin;09:24:03;16:16:27;-83.41139,-1900.071,-1900.071;True,Boats,SEASHARK,17,34982,0,63;;;
Franklin;09:24:04;16:16:27;-77.44995,-1905.279,-1905.279;True,Boats,SEASHARK,14,3639,0,67;;;
Franklin;09:24:04;16:16:28;-71.34392,-1910.616,-1910.616;True,Boats,SEASHARK,16,29638,1;Shit ain't no river, man. It's a motherfucking sewer.;Lamar;FKN1_FIAB
Franklin;09:24:05;16:16:28;-64.00473,-1917.087,-1917.087;True,Boats,SEASHARK,21,27764,1;;;
Franklin;09:24:05;16:16:29;-55.46866,-1924.674,-1924.674;True,Boats,SEASHARK,21,28229,0,9899999;;;
Franklin;09:24:06;16:16:29;-46.33845,-1932.725,-1932.725;True,Boats,SEASHARK,24,37328,1;;;
Franklin;09:24:06;16:16:30;-38.12277,-1939.925,-1939.925;True,Boats,SEASHARK,17,95438,0;;;
Franklin;09:24:07;16:16:30;-31.03138,-1946.813,-1946.813;True,Boats,SEASHARK,20,52606,1;;;
Franklin;09:24:07;16:16:31;-23.37377,-1954.223,-1954.223;True,Boats,SEASHARK,19,07932,0,65;Then we in the right place.;Franklin;FKN1_FIAC
Franklin;09:24:08;16:16:31;-15.42443,-1961.379,-1961.379;True,Boats,SEASHARK,21,76603,1;;;
Franklin;09:24:08;16:16:32;-5.777444,-1968.813,-1968.813;True,Boats,SEASHARK,23,94475,1;;;
Franklin;09:24:09;16:16:32;4.131032,-1976.116,-1976.116;True,Boats,SEASHARK,23,51427,1;;;
Franklin;09:24:09;16:16:33;13.38959,-1983.426,-1983.426;True,Boats,SEASHARK,21,92565,1;Look in that ride!;Lamar;FKN1_DPAA
Franklin;09:24:10;16:16:33;21.82068,-1991.028,-1991.028;True,Boats,SEASHARK,21,23751,1;;;
Franklin;09:24:10;16:16:34;28.24488,-1999.252,-1999.252;True,Boats,SEASHARK,20,22123,1;;;
Franklin;09:24:11;16:16:34;34.22361,-2008.057,-2008.057;True,Boats,SEASHARK,20,60514,1;OC Ballas, motherfucker.;BALLA6;FKN1_FTAA
Franklin;09:24:11;16:16:35;39.926,-2017.338,-2017.338;True,Boats,SEASHARK,21,36118,1;;;
Franklin;09:24:12;16:16:35;45.79733,-2026.921,-2026.921;True,Boats,SEASHARK,22,04525,1;;;
Franklin;09:24:12;16:16:36;51.19302,-2036.345,-2036.345;True,Boats,SEASHARK,20,52477,0;;;
Franklin;09:24:13;16:16:36;55.81634,-2045.385,-2045.385;True,Boats,SEASHARK,19,24251,1;;;
Franklin;09:24:13;16:16:37;59.89209,-2055.2,-2055.2;True,Boats,SEASHARK,21,33489,1;;;
Franklin;09:24:14;16:16:37;63.95372,-2065.592,-2065.592;True,Boats,SEASHARK,21,27098,1;;;
Franklin;09:24:15;16:16:38;65.7321,-2075.869,-2075.869;True,Boats,SEASHARK,19,39022,1;;;
Franklin;09:24:15;16:16:39;64.16521,-2084.561,-2084.561;True,Boats,SEASHARK,15,87823,1;;;
Franklin;09:24:16;16:16:39;63.60281,-2091.041,-2091.041;True,Boats,SEASHARK,10,98094,1;;;
Franklin;09:24:16;16:16:40;64.79614,-2096.272,-2096.272;True,Boats,SEASHARK,9,343253,1;;;
Franklin;09:24:17;16:16:40;67.58163,-2101.329,-2101.329;True,Boats,SEASHARK,12,53184,1;This is a drive-by, bitch!;BALLA5;FKN1_FSAA
Franklin;09:24:17;16:16:41;68.22469,-2107.46,-2107.46;True,Boats,SEASHARK,12,4943,1;;;
Franklin;09:24:18;16:16:41;66.91315,-2114.444,-2114.444;True,Boats,SEASHARK,14,72868,1;;;
Franklin;09:24:18;16:16:42;64.81957,-2122.681,-2122.681;True,Boats,SEASHARK,17,53432,1;;;
Franklin;09:24:19;16:16:42;62.50456,-2132.051,-2132.051;True,Boats,SEASHARK,19,47149,1;;;
Franklin;09:24:19;16:16:43;60.08879,-2142.091,-2142.091;True,Boats,SEASHARK,20,53342,1;Let me off!;FRA1MODEL1;FKN1_HTAA
Franklin;09:24:20;16:16:43;58.19116,-2152.606,-2152.606;True,Boats,SEASHARK,19,43378,1;;;
Franklin;09:24:20;16:16:44;58.33499,-2162.819,-2162.819;True,Boats,SEASHARK,19,73948,1;Baby, look, you're not even my type.;Trevor;FKN1_HTAB
Franklin;09:24:21;16:16:44;58.90721,-2173.286,-2173.286;True,Boats,SEASHARK,21,22909,1;;;
Franklin;09:24:21;16:16:45;59.55404,-2184.431,-2184.431;True,Boats,SEASHARK,21,60877,1;;;
Franklin;09:24:22;16:16:45;60.23712,-2196.275,-2196.275;True,Boats,SEASHARK,22,28424,1;;;
Franklin;09:24:22;16:16:46;60.97839,-2207.95,-2207.95;True,Boats,SEASHARK,22,73875,1;Ohmygod, ohmygod, ohmygod!;FRA1MODEL1;FKN1_HTAC
Franklin;09:24:23;16:16:46;61.84171,-2219.608,-2219.608;True,Boats,SEASHARK,22,5668,1;;;
Franklin;09:24:23;16:16:47;62.8402,-2231.243,-2231.243;True,Boats,SEASHARK,22,35691,1;;;
Franklin;09:24:24;16:16:47;63.75556,-2243.075,-2243.075;True,Boats,SEASHARK,22,87979,1;;;
Franklin;09:24:24;16:16:48;64.53586,-2254.885,-2254.885;True,Boats,SEASHARK,22,95041,1;;;
Franklin;09:24:25;16:16:48;65.54705,-2266.435,-2266.435;True,Boats,SEASHARK,21,91909,1;;;
Franklin;09:24:25;16:16:49;68.98689,-2276.344,-2276.344;True,Boats,SEASHARK,18,96152,1;;;
Franklin;09:24:26;16:16:49;75.17953,-2282.773,-2282.773;True,Boats,SEASHARK,16,1288,1;That's why I don't date younger women!;Trevor;FKN1_HTAD
Franklin;09:24:26;16:16:50;82.5562,-2286.78,-2286.78;True,Boats,SEASHARK,16,95392,1;;;
Franklin;09:24:27;16:16:50;91.00534,-2290.711,-2290.711;True,Boats,SEASHARK,18,93975,1;;;
Franklin;09:24:27;16:16:51;100.4584,-2294.899,-2294.899;True,Boats,SEASHARK,20,4087,1;;;
Franklin;09:24:28;16:16:52;110.4791,-2299.211,-2299.211;True,Boats,SEASHARK,21,45084,1;;;
Franklin;09:24:29;16:16:52;120.8184,-2303.578,-2303.578;True,Boats,SEASHARK,22,15896,1;You are wanted for questioning! Cut your engines and await officers!;FRA1POLICE1;FKN1_AFAA
Franklin;09:24:29;16:16:53;131.4768,-2307.907,-2307.907;True,Boats,SEASHARK,22,06149,1;;;
Franklin;09:24:30;16:16:53;142.144,-2311.086,-2311.086;True,Boats,SEASHARK,21,4121,1;;;
Franklin;09:24:30;16:16:54;153.0442,-2313.197,-2313.197;True,Boats,SEASHARK,20,96757,1;;;
Franklin;09:24:31;16:16:54;163.9008,-2314.503,-2314.503;True,Boats,SEASHARK,21,65804,1;;;
Franklin;09:24:31;16:16:55;175.1151,-2315.864,-2315.864;True,Boats,SEASHARK,22,29099,1;;;
Franklin;09:24:32;16:16:55;186.7834,-2317.252,-2317.252;True,Boats,SEASHARK,22,69624,1;;;
Franklin;09:24:32;16:16:56;198.3898,-2318.458,-2318.458;True,Boats,SEASHARK,22,76744,1;;;
Franklin;09:24:33;16:16:56;210.2326,-2319.549,-2319.549;True,Boats,SEASHARK,23,03265,1;;;
Franklin;09:24:33;16:16:57;222.0924,-2320.689,-2320.689;True,Boats,SEASHARK,23,24244,1;;;
Franklin;09:24:34;16:16:57;234.0348,-2321.854,-2321.854;True,Boats,SEASHARK,23,42154,1;Stretch set you up, nigga. Yo' big homie a snake.;Franklin;FKN1_DVAA
Franklin;09:24:34;16:16:58;246.1261,-2323.021,-2323.021;True,Boats,SEASHARK,23,44314,1;;;
Franklin;09:24:35;16:16:58;258.1554,-2324.102,-2324.102;True,Boats,SEASHARK,23,48123,1;;;
Franklin;09:24:35;16:16:59;269.6367,-2325.088,-2325.088;True,Boats,SEASHARK,20,26297,0;;;
Franklin;09:24:36;16:16:59;279.0319,-2325.798,-2325.798;True,Boats,SEASHARK,16,52492,0;;;
Franklin;09:24:36;16:17:00;286.9384,-2326.378,-2326.378;True,Boats,SEASHARK,13,91269,0;;;
Franklin;09:24:37;16:17:00;293.6185,-2326.863,-2326.863;True,Boats,SEASHARK,12,3993,0;He didn't know they was playing us for marks. That on their door.;Lamar;FKN1_DVAB
Franklin;09:24:37;16:17:01;299.5983,-2327.289,-2327.289;True,Boats,SEASHARK,11,57432,1;;;
Franklin;09:24:38;16:17:01;305.7133,-2327.73,-2327.73;True,Boats,SEASHARK,12,36164,0;;;
Franklin;09:24:38;16:17:02;311.8735,-2327.793,-2327.793;True,Boats,SEASHARK,12,44458,1;;;
Franklin;09:24:39;16:17:02;318.8096,-2326.977,-2326.977;True,Boats,SEASHARK,14,98801,1;;;
Franklin;09:24:39;16:17:03;327.2461,-2325.972,-2325.972;True,Boats,SEASHARK,17,63413,1;;;
Franklin;09:24:40;16:17:03;336.9236,-2324.916,-2324.916;True,Boats,SEASHARK,19,74304,1;;;
Franklin;09:24:40;16:17:04;346.7771,-2323.819,-2323.819;True,Boats,SEASHARK,17,97319,0;Man, you deluded.;Franklin;FKN1_DVAC
Franklin;09:24:41;16:17:04;355.4343,-2322.841,-2322.841;True,Boats,SEASHARK,16,04503,1;;;
Franklin;09:24:41;16:17:05;363.9572,-2322.056,-2322.056;True,Boats,SEASHARK,16,81869,1;;;
Franklin;09:24:42;16:17:05;373.1079,-2321.799,-2321.799;True,Boats,SEASHARK,18,88907,1;;;
Franklin;09:24:42;16:17:06;383.1943,-2321.469,-2321.469;True,Boats,SEASHARK,20,34957,1;Least you got to meet MC Clip.;Franklin;FKN1_DWAA
Franklin;09:24:43;16:17:06;394.2058,-2320.928,-2320.928;True,Boats,SEASHARK,21,47863,1;;;
Franklin;09:24:44;16:17:07;404.3671,-2320.432,-2320.432;True,Boats,SEASHARK,18,35894,0;;;
Franklin;09:24:44;16:17:08;413.5471,-2320.005,-2320.005;True,Boats,SEASHARK,17,39292,0;;;
Franklin;09:24:45;16:17:08;421.9548,-2319.627,-2319.627;True,Boats,SEASHARK,15,06984,0;Jacked that motherfucker.;Lamar;FKN1_DWAB
Franklin;09:24:45;16:17:09;429.0152,-2319.307,-2319.307;True,Boats,SEASHARK,12,70403,0;;;
Franklin;09:24:46;16:17:09;435.122,-2319.016,-2319.016;True,Boats,SEASHARK,11,56912,1;;;
Franklin;09:24:46;16:17:10;441.344,-2318.725,-2318.725;True,Boats,SEASHARK,12,26124,1;Was that who that was?;Trevor;FKN1_DWAC
Franklin;09:24:47;16:17:10;447.6972,-2319.602,-2319.602;True,Boats,SEASHARK,12,65003,1;;;
Franklin;09:24:47;16:17:11;453.7841,-2322.677,-2322.677;True,Boats,SEASHARK,14,11597,1;Little brush with another celebrity. They flock, too.;Lamar;FKN1_DWAD
Franklin;09:24:48;16:17:11;460.3119,-2327.271,-2327.271;True,Boats,SEASHARK,16,7396,1;;;
Franklin;09:24:48;16:17:12;467.6096,-2332.821,-2332.821;True,Boats,SEASHARK,18,68817,1;;;
Franklin;09:24:49;16:17:12;475.0353,-2339.296,-2339.296;True,Boats,SEASHARK,19,0493,1;;;
Franklin;09:24:49;16:17:13;481.8047,-2346.785,-2346.785;True,Boats,SEASHARK,19,52,1;;;
Franklin;09:24:50;16:17:13;487.441,-2355.087,-2355.087;True,Boats,SEASHARK,19,47125,1;;;
Franklin;09:24:50;16:17:14;492.1623,-2364.047,-2364.047;True,Boats,SEASHARK,19,89524,1;;;
Franklin;09:24:51;16:17:14;496.1836,-2373.695,-2373.695;True,Boats,SEASHARK,20,30437,1;Eh, we should, like, race these motherfuckers.;Lamar;FKN1_GBAA
Franklin;09:24:51;16:17:15;499.286,-2383.778,-2383.778;True,Boats,SEASHARK,20,42724,1;;;
Franklin;09:24:52;16:17:15;501.5746,-2394.234,-2394.234;True,Boats,SEASHARK,20,84895,1;;;
Franklin;09:24:52;16:17:16;503.6602,-2405.274,-2405.274;True,Boats,SEASHARK,21,74039,1;;;
Franklin;09:24:53;16:17:16;506.3628,-2416.153,-2416.153;True,Boats,SEASHARK,21,03891,1;;;
Franklin;09:24:53;16:17:17;510.3619,-2426.342,-2426.342;True,Boats,SEASHARK,20,80493,1;We are racing, you idiot. Racing away from the dudes trying to kill us.;Franklin;FKN1_GBAB
Franklin;09:24:54;16:17:17;515.0944,-2436.013,-2436.013;True,Boats,SEASHARK,20,86478,1;;;
Franklin;09:24:54;16:17:18;520.8978,-2444.754,-2444.754;True,Boats,SEASHARK,20,43769,1;;;
Franklin;09:24:55;16:17:18;527.2468,-2453.493,-2453.493;True,Boats,SEASHARK,21,42943,1;;;
Franklin;09:24:55;16:17:19;534.1067,-2462.484,-2462.484;True,Boats,SEASHARK,21,46942,1;;;
Franklin;09:24:56;16:17:19;541.4008,-2471.028,-2471.028;True,Boats,SEASHARK,21,89765,1;;;
Franklin;09:24:57;16:17:20;549.0703,-2479.397,-2479.397;True,Boats,SEASHARK,21,95837,1;;;
Franklin;09:24:57;16:17:21;557.0073,-2487.524,-2487.524;True,Boats,SEASHARK,21,79286,1;;;
Franklin;09:24:58;16:17:21;565.1433,-2495.257,-2495.257;True,Boats,SEASHARK,22,35993,1;I mean another time. They got Seashark races all over the city.;Lamar;FKN1_GBAC
Franklin;09:24:58;16:17:22;573.6212,-2502.566,-2502.566;True,Boats,SEASHARK,21,05123,1;;;
Franklin;09:24:59;16:17:22;582.7377,-2509.212,-2509.212;True,Boats,SEASHARK,21,68077,1;;;
Franklin;09:24:59;16:17:23;592.1016,-2515.723,-2515.723;True,Boats,SEASHARK,21,82281,1;;;
Franklin;09:25:00;16:17:23;601.4494,-2522.162,-2522.162;True,Boats,SEASHARK,22,06447,1;;;
Franklin;09:25:00;16:17:24;610.9874,-2528.547,-2528.547;True,Boats,SEASHARK,22,12514,1;;;
Franklin;09:25:01;16:17:24;620.2099,-2535.314,-2535.314;True,Boats,SEASHARK,22,08803,1;;;
Franklin;09:25:01;16:17:25;629.5426,-2542.292,-2542.292;True,Boats,SEASHARK,22,69026,1;Helpful as always, homie.;Franklin;FKN1_GBAD
Franklin;09:25:02;16:17:25;638.7856,-2549.278,-2549.278;True,Boats,SEASHARK,21,70522,1;;;
Franklin;09:25:02;16:17:26;648.1506,-2556.667,-2556.667;True,Boats,SEASHARK,23,15344,1;;;
Franklin;09:25:03;16:17:26;657.6223,-2563.963,-2563.963;True,Boats,SEASHARK,23,36504,1;;;
Franklin;09:25:03;16:17:27;667.3854,-2570.813,-2570.813;True,Boats,SEASHARK,22,58749,1;;;
Franklin;09:25:04;16:17:27;677.1453,-2577.223,-2577.223;True,Boats,SEASHARK,22,7208,1;;;
Franklin;09:25:04;16:17:28;686.8671,-2583.506,-2583.506;True,Boats,SEASHARK,23,11015,1;;;
Franklin;09:25:05;16:17:28;697.0135,-2590.053,-2590.053;True,Boats,SEASHARK,23,14594,1;;;
Franklin;09:25:05;16:17:29;707.2724,-2596.739,-2596.739;True,Boats,SEASHARK,24,28482,1;;;
Franklin;09:25:06;16:17:29;719.6603,-2601.576,-2601.576;True,Boats,SEASHARK,26,45602,1;Let's split, my nigga, and keep our heads down.;Lamar;FKN1_DCAB
Franklin;09:25:06;16:17:30;732.6619,-2604.976,-2604.976;True,Boats,SEASHARK,24,75823,1;;;
Franklin;09:25:07;16:17:30;744.6772,-2608.339,-2608.339;True,Boats,SEASHARK,23,82691,1;;;
Franklin;09:25:07;16:17:31;756.3322,-2611.659,-2611.659;True,Boats,SEASHARK,23,82217,1;;;
Franklin;09:25:08;16:17:31;767.9428,-2615.092,-2615.092;True,Boats,SEASHARK,23,37565,1;;;
Franklin;09:25:08;16:17:32;780.0009,-2618.653,-2618.653;True,Boats,SEASHARK,23,9518,1;e the Cops.;Cutscene;Cutscene
Franklin;09:25:09;16:17:32;792.0007,-2622.113,-2622.113;True,Boats,SEASHARK,24,21548,1;;;
Franklin;09:25:10;16:17:33;804.0122,-2625.482,-2625.482;True,Boats,SEASHARK,23,84294,1;;;
Franklin;09:25:10;16:17:34;815.7856,-2628.778,-2628.778;True,Boats,SEASHARK,23,44266,1;;;
Franklin;09:25:11;16:17:34;827.5671,-2632.137,-2632.137;True,Boats,SEASHARK,23,54295,1;;;
Franklin;09:25:11;16:17:35;839.3024,-2635.536,-2635.536;True,Boats,SEASHARK,23,58003,1;;;
Franklin;09:25:12;16:17:35;850.9982,-2638.975,-2638.975;True,Boats,SEASHARK,23,60938,1;;;
Franklin;09:25:12;16:17:36;862.584,-2642.394,-2642.394;True,Boats,SEASHARK,23,63879,1;;;
Franklin;09:25:13;16:17:36;874.2998,-2645.862,-2645.862;True,Boats,SEASHARK,23,66702,1;;;
Franklin;09:25:13;16:17:37;886.0593,-2649.362,-2649.362;True,Boats,SEASHARK,23,61412,1;;;
Franklin;09:25:14;16:17:37;897.8017,-2652.884,-2652.884;True,Boats,SEASHARK,23,64077,1;;;
Franklin;09:25:14;16:17:38;909.4031,-2656.327,-2656.327;True,Boats,SEASHARK,23,16461,1;;;
Franklin;09:25:15;16:17:38;920.9907,-2659.782,-2659.782;True,Boats,SEASHARK,23,4488,1;;;
Franklin;09:25:15;16:17:39;932.6049,-2663.233,-2663.233;True,Boats,SEASHARK,23,35466,1;;;
Franklin;09:25:16;16:17:39;944.1126,-2666.598,-2666.598;True,Boats,SEASHARK,23,32026,1;;;
Franklin;09:25:16;16:17:40;955.8237,-2669.966,-2669.966;True,Boats,SEASHARK,23,31714,1;;;
Franklin;09:25:17;16:17:40;965.8627,-2672.68,-2672.68;True,Boats,SEASHARK,14,81365,1;;;
Franklin;09:25:17;16:17:41;972.1725,-2677.273,-2677.273;True,Boats,SEASHARK,15,94861,1;;;
Franklin;09:25:18;16:17:41;976.4155,-2680.124,-2680.124;True,Boats,SEASHARK,6,176716,1;;;
Franklin;09:25:18;16:17:42;980.1058,-2682.503,-2682.503;True,Boats,SEASHARK,10,08879,1;;;
Franklin;09:25:19;16:17:42;984.7068,-2686.973,-2686.973;True,Boats,SEASHARK,14,04181,1;;;
Franklin;09:25:19;16:17:43;989.8463,-2693.009,-2693.009;True,Boats,SEASHARK,16,85926,1;;;
Franklin;09:25:20;16:17:43;995.6776,-2700.364,-2700.364;True,Boats,SEASHARK,18,83714,1;;;
Franklin;09:25:20;16:17:44;1001.96,-2708.509,-2708.509;True,Boats,SEASHARK,20,29394,1;;;
Franklin;09:25:21;16:17:44;1008.505,-2717.161,-2717.161;True,Boats,SEASHARK,21,80777,1;;;
Franklin;09:25:21;16:17:45;1015.328,-2726.04,-2726.04;True,Boats,SEASHARK,22,10347,1;;;
Franklin;09:25:22;16:17:45;1022.705,-2735.716,-2735.716;True,Boats,SEASHARK,23,81059,1;;;
Franklin;09:25:22;16:17:46;1030.252,-2745.682,-2745.682;True,Boats,SEASHARK,23,66544,1;;;
Franklin;09:25:23;16:17:46;1037.747,-2755.542,-2755.542;True,Boats,SEASHARK,24,72543,1;;;
Franklin;09:25:23;16:17:47;1045.302,-2765.378,-2765.378;True,Boats,SEASHARK,23,69928,1;;;
Franklin;09:25:24;16:17:47;1052.747,-2774.951,-2774.951;True,Boats,SEASHARK,23,29806,1;;;
Franklin;09:25:25;16:17:48;1060.088,-2784.396,-2784.396;True,Boats,SEASHARK,22,68299,1;;;
Franklin;09:25:25;16:17:49;1067.173,-2793.406,-2793.406;True,Boats,SEASHARK,21,64675,1;;;
Franklin;09:25:26;16:17:49;1074.426,-2802.149,-2802.149;True,Boats,SEASHARK,22,27113,1;;;
Franklin;09:25:26;16:17:50;1081.598,-2811.054,-2811.054;True,Boats,SEASHARK,22,80018,1;;;
Franklin;09:25:27;16:17:50;1089.045,-2820.254,-2820.254;True,Boats,SEASHARK,23,28338,1;;;
Franklin;09:25:27;16:17:51;1097.202,-2829.986,-2829.986;True,Boats,SEASHARK,25,28609,1;;;
Franklin;09:25:28;16:17:51;1105.536,-2840.059,-2840.059;True,Boats,SEASHARK,24,52531,1;;;
Franklin;09:25:28;16:17:52;1113.586,-2849.47,-2849.47;True,Boats,SEASHARK,23,25903,1;;;
Franklin;09:25:29;16:17:52;1121.307,-2858.308,-2858.308;True,Boats,SEASHARK,23,2667,1;;;
Franklin;09:25:29;16:17:53;1129.492,-2867.265,-2867.265;True,Boats,SEASHARK,23,0134,1;;;
Franklin;09:25:30;16:17:53;1138.2,-2876.454,-2876.454;True,Boats,SEASHARK,25,78385,1;;;
Franklin;09:25:30;16:17:54;1147.17,-2885.989,-2885.989;True,Boats,SEASHARK,24,60174,1;;;
Franklin;09:25:31;16:17:54;1155.966,-2894.33,-2894.33;True,Boats,SEASHARK,22,69611,1;;;
Franklin;09:25:31;16:17:55;1163.169,-2898.087,-2898.087;True,Boats,SEASHARK,10,45258,1;;;
Franklin;09:25:32;16:17:55;1168.52,-2897.429,-2897.429;True,Boats,SEASHARK,11,67733,1;;;
Franklin;09:25:32;16:17:56;1175.515,-2895.621,-2895.621;True,Boats,SEASHARK,15,65349,1;;;
Franklin;09:25:33;16:17:56;1183.541,-2892.969,-2892.969;True,Boats,SEASHARK,17,18071,1;;;
Franklin;09:25:33;16:17:57;1192.51,-2889.471,-2889.471;True,Boats,SEASHARK,20,91526,1;;;
Franklin;09:25:34;16:17:57;1203.501,-2885.102,-2885.102;True,Boats,SEASHARK,23,42034,1;;;
Franklin;09:25:34;16:17:58;1214.236,-2879.942,-2879.942;True,Boats,SEASHARK,23,45237,1;;;
Franklin;09:25:35;16:17:58;1224.961,-2873.973,-2873.973;True,Boats,SEASHARK,22,43732,1;;;
Franklin;09:25:35;16:17:59;1234.951,-2867.809,-2867.809;True,Boats,SEASHARK,22,80396,1;;;
Franklin;09:25:36;16:17:59;1244.873,-2861.696,-2861.696;True,Boats,SEASHARK,21,84361,1;;;
Franklin;09:25:36;16:18:00;1254.232,-2855.411,-2855.411;True,Boats,SEASHARK,23,14637,1;;;
Franklin;09:25:37;16:18:00;1264.701,-2848.582,-2848.582;True,Boats,SEASHARK,23,86316,1;;;
Franklin;09:25:37;16:18:01;1275.719,-2842.667,-2842.667;True,Boats,SEASHARK,23,9341,1;;;
Franklin;09:25:38;16:18:01;1286.343,-2837.019,-2837.019;True,Boats,SEASHARK,22,82962,1;;;
Franklin;09:25:39;16:18:02;1296.966,-2831.937,-2831.937;True,Boats,SEASHARK,23,96702,1;;;
Franklin;09:25:39;16:18:03;1308.64,-2826.667,-2826.667;True,Boats,SEASHARK,23,79736,1;;;
Franklin;09:25:40;16:18:03;1320.095,-2822.646,-2822.646;True,Boats,SEASHARK,24,00203,1;;;
Franklin;09:25:40;16:18:04;1331.259,-2818.907,-2818.907;True,Boats,SEASHARK,23,40895,1;;;
Franklin;09:25:41;16:18:04;1341.649,-2814.766,-2814.766;True,Boats,SEASHARK,21,08141,1;;;
Franklin;09:25:41;16:18:05;1351.573,-2809.292,-2809.292;True,Boats,SEASHARK,23,57865,1;;;
Franklin;09:25:42;16:18:05;1362.805,-2803.494,-2803.494;True,Boats,SEASHARK,24,5317,1;;;
Franklin;09:25:42;16:18:06;1375.076,-2798.554,-2798.554;True,Boats,SEASHARK,26,20643,1;;;
Franklin;09:25:43;16:18:06;1386.873,-2795.728,-2795.728;True,Boats,SEASHARK,21,28883,1;;;
Franklin;09:25:43;16:18:07;1397.309,-2795.322,-2795.322;True,Boats,SEASHARK,18,52098,1;;;
Franklin;09:25:44;16:18:07;1407.438,-2795.137,-2795.137;True,Boats,SEASHARK,20,8586,1;;;
Franklin;09:25:44;16:18:08;1418.194,-2794.576,-2794.576;True,Boats,SEASHARK,21,4056,1;;;
Franklin;09:25:45;16:18:08;1428.872,-2794.052,-2794.052;True,Boats,SEASHARK,20,818,1;;;
Franklin;09:25:45;16:18:09;1439.754,-2793.117,-2793.117;True,Boats,SEASHARK,21,63432,1;;;
Franklin;09:25:46;16:18:09;1451.285,-2791.915,-2791.915;True,Boats,SEASHARK,22,22545,1;;;
Franklin;09:25:46;16:18:10;1462.459,-2790.834,-2790.834;True,Boats,SEASHARK,21,83387,1;;;
Franklin;09:25:47;16:18:10;1474.028,-2789.674,-2789.674;True,Boats,SEASHARK,22,95678,1;;;
Franklin;09:25:47;16:18:11;1485.963,-2788.607,-2788.607;True,Boats,SEASHARK,22,72498,1;;;
Franklin;09:25:48;16:18:11;1497.734,-2787.615,-2787.615;True,Boats,SEASHARK,22,27339,1;;;
Franklin;09:25:48;16:18:12;1509.357,-2786.453,-2786.453;True,Boats,SEASHARK,23,22745,1;;;
Franklin;09:25:49;16:18:12;1521.425,-2785.179,-2785.179;True,Boats,SEASHARK,23,60429,1;;;
Franklin;09:25:49;16:18:13;1533.302,-2783.776,-2783.776;True,Boats,SEASHARK,22,47081,1;;;
Franklin;09:25:50;16:18:13;1544.956,-2782.087,-2782.087;True,Boats,SEASHARK,22,49895,1;;;
Franklin;09:25:50;16:18:14;1556.902,-2780.291,-2780.291;True,Boats,SEASHARK,24,27241,1;;;
Franklin;09:25:51;16:18:14;1569.109,-2778.452,-2778.452;True,Boats,SEASHARK,23,15766,1;;;
Franklin;09:25:52;16:18:15;1581.005,-2776.569,-2776.569;True,Boats,SEASHARK,23,29488,1;;;
Franklin;09:25:52;16:18:16;1593.022,-2774.615,-2774.615;True,Boats,SEASHARK,24,29786,1;;;
Franklin;09:25:53;16:18:16;1605.364,-2772.667,-2772.667;True,Boats,SEASHARK,23,20638,1;;;
Franklin;09:25:53;16:18:17;1617.243,-2770.823,-2770.823;True,Boats,SEASHARK,22,77638,1;;;
Franklin;09:25:54;16:18:17;1628.775,-2768.845,-2768.845;True,Boats,SEASHARK,23,11869,1;;;
Franklin;09:25:54;16:18:18;1641.294,-2766.685,-2766.685;True,Boats,SEASHARK,24,04725,1;;;
Franklin;09:25:55;16:18:18;1653.192,-2764.446,-2764.446;True,Boats,SEASHARK,24,0378,1;;;
Franklin;09:25:55;16:18:19;1665.846,-2762.098,-2762.098;True,Boats,SEASHARK,24,47084,1;;;
Franklin;09:25:56;16:18:19;1678.471,-2759.602,-2759.602;True,Boats,SEASHARK,24,69038,1;;;
Franklin;09:25:56;16:18:20;1691.093,-2757.151,-2757.151;True,Boats,SEASHARK,25,15973,1;;;
Franklin;09:25:57;16:18:20;1703.366,-2754.873,-2754.873;True,Boats,SEASHARK,22,81102,1;;;
Franklin;09:25:57;16:18:21;1714.866,-2753.051,-2753.051;True,Boats,SEASHARK,22,2894,1;;;
Franklin;09:25:58;16:18:21;1726.305,-2751.434,-2751.434;True,Boats,SEASHARK,23,00146,1;;;
Franklin;09:25:58;16:18:22;1738.036,-2749.956,-2749.956;True,Boats,SEASHARK,23,23608,1;;;
Franklin;09:25:59;16:18:22;1750.298,-2748.496,-2748.496;True,Boats,SEASHARK,23,75261,1;;;
Franklin;09:25:59;16:18:23;1762.786,-2747.094,-2747.094;True,Boats,SEASHARK,24,06777,1;;;
Franklin;09:26:00;16:18:23;1774.88,-2745.741,-2745.741;True,Boats,SEASHARK,23,43859,1;;;
Franklin;09:26:00;16:18:24;1786.86,-2744.358,-2744.358;True,Boats,SEASHARK,23,46117,1;;;
Franklin;09:26:01;16:18:24;1799.238,-2742.932,-2742.932;True,Boats,SEASHARK,23,84085,1;;;
Franklin;09:26:01;16:18:25;1811.456,-2741.627,-2741.627;True,Boats,SEASHARK,22,94888,1;;;
Franklin;09:26:02;16:18:25;1822.6,-2739.514,-2739.514;True,Boats,SEASHARK,21,4428,1;;;
Franklin;09:26:02;16:18:26;1833.481,-2736.74,-2736.74;True,Boats,SEASHARK,21,57649,1;;;
Franklin;09:26:03;16:18:26;1844.485,-2733.474,-2733.474;True,Boats,SEASHARK,22,62574,1;;;
Franklin;09:26:03;16:18:27;1855.86,-2730.045,-2730.045;True,Boats,SEASHARK,23,01496,1;;;
Franklin;09:26:04;16:18:27;1867.206,-2726.606,-2726.606;True,Boats,SEASHARK,22,67022,1;;;
Franklin;09:26:05;16:18:28;1878.562,-2722.943,-2722.943;True,Boats,SEASHARK,22,21313,1;;;
Franklin;09:26:05;16:18:29;1889.362,-2718.827,-2718.827;True,Boats,SEASHARK,21,82313,1;;;
Franklin;09:26:06;16:18:29;1899.715,-2714.772,-2714.772;True,Boats,SEASHARK,21,99603,1;;;
Franklin;09:26:06;16:18:30;1910.082,-2710.645,-2710.645;True,Boats,SEASHARK,22,37148,1;;;
Franklin;09:26:07;16:18:30;1920.532,-2705.83,-2705.83;True,Boats,SEASHARK,22,98639,1;;;
Franklin;09:26:07;16:18:31;1931.138,-2700.573,-2700.573;True,Boats,SEASHARK,22,23696,1;;;
Franklin;09:26:08;16:18:31;1940.501,-2694.614,-2694.614;True,Boats,SEASHARK,21,55861,1;;;
Franklin;09:26:08;16:18:32;1949.462,-2688.068,-2688.068;True,Boats,SEASHARK,21,94056,1;;;
Franklin;09:26:09;16:18:32;1958.625,-2681.138,-2681.138;True,Boats,SEASHARK,22,18903,1;;;
Franklin;09:26:09;16:18:33;1967.519,-2674.386,-2674.386;True,Boats,SEASHARK,21,21426,1;;;
Franklin;09:26:10;16:18:33;1976.442,-2667.605,-2667.605;True,Boats,SEASHARK,23,1456,1;;;
Franklin;09:26:10;16:18:34;1986.196,-2660.064,-2660.064;True,Boats,SEASHARK,25,12413,1;;;
Franklin;09:26:11;16:18:34;1997.078,-2651.802,-2651.802;True,Boats,SEASHARK,26,8071,1;;;
Franklin;09:26:11;16:18:35;2008.264,-2643.469,-2643.469;True,Boats,SEASHARK,25,72124,1;;;
Franklin;09:26:12;16:18:35;2019.032,-2635.559,-2635.559;True,Boats,SEASHARK,24,84554,0;;;
Franklin;09:26:12;16:18:36;2028.508,-2628.194,-2628.194;True,Boats,SEASHARK,22,44727,1;;;
Franklin;09:26:13;16:18:36;2036.789,-2620.15,-2620.15;True,Boats,SEASHARK,21,15398,1;;;
Franklin;09:26:13;16:18:37;2042.506,-2611.079,-2611.079;True,Boats,SEASHARK,20,52566,1;;;
Franklin;09:26:14;16:18:37;2048.22,-2601.621,-2601.621;True,Boats,SEASHARK,22,69668,1;;;
Franklin;09:26:14;16:18:38;2054.267,-2591.101,-2591.101;True,Boats,SEASHARK,23,84336,1;;;
Franklin;09:26:15;16:18:38;2060.853,-2579.954,-2579.954;True,Boats,SEASHARK,26,53385,1;;;
Franklin;09:26:15;16:18:39;2067.292,-2568.866,-2568.866;True,Boats,SEASHARK,24,71186,1;;;
Franklin;09:26:16;16:18:39;2073.448,-2558.244,-2558.244;True,Boats,SEASHARK,23,71158,1;;;
Franklin;09:26:16;16:18:40;2079.566,-2548.042,-2548.042;True,Boats,SEASHARK,23,64984,1;;;
Franklin;09:26:17;16:18:40;2085.692,-2537.919,-2537.919;True,Boats,SEASHARK,22,33537,1;;;
Franklin;09:26:17;16:18:41;2091.778,-2527.805,-2527.805;True,Boats,SEASHARK,22,53703,1;;;
Franklin;09:26:18;16:18:41;2098.09,-2517.423,-2517.423;True,Boats,SEASHARK,24,19842,1;;;
Franklin;09:26:19;16:18:42;2104.765,-2506.596,-2506.596;True,Boats,SEASHARK,24,46285,1;;;
Franklin;09:26:19;16:18:43;2111.331,-2496.202,-2496.202;True,Boats,SEASHARK,23,71217,1;;;
Franklin;09:26:20;16:18:43;2118.021,-2485.639,-2485.639;True,Boats,SEASHARK,24,34429,1;;;
Franklin;09:26:20;16:18:44;2124.914,-2475.235,-2475.235;True,Boats,SEASHARK,24,22998,1;;;
Franklin;09:26:21;16:18:44;2132.119,-2465.25,-2465.25;True,Boats,SEASHARK,24,99554,1;;;
Franklin;09:26:21;16:18:45;2139.747,-2455.057,-2455.057;True,Boats,SEASHARK,23,35489,1;;;
Franklin;09:26:22;16:18:45;2147.177,-2445.693,-2445.693;True,Boats,SEASHARK,22,87074,1;;;
Franklin;09:26:22;16:18:46;2154.923,-2436.218,-2436.218;True,Boats,SEASHARK,25,14707,1;;;
Franklin;09:26:23;16:18:46;2163.15,-2426.26,-2426.26;True,Boats,SEASHARK,25,46155,1;;;
Franklin;09:26:23;16:18:47;2171.479,-2417.503,-2417.503;True,Boats,SEASHARK,23,40789,1;;;
Franklin;09:26:24;16:18:47;2180.411,-2409.074,-2409.074;True,Boats,SEASHARK,22,71717,1;;;
Franklin;09:26:24;16:18:48;2189.471,-2401.992,-2401.992;True,Boats,SEASHARK,22,17573,1;;;
Franklin;09:26:25;16:18:48;2198.745,-2395.069,-2395.069;True,Boats,SEASHARK,21,70099,1;;;
Franklin;09:26:25;16:18:49;2208.427,-2389.795,-2389.795;True,Boats,SEASHARK,22,30434,1;;;
Franklin;09:26:26;16:18:49;2219.273,-2384.253,-2384.253;True,Boats,SEASHARK,24,44908,1;;;
Franklin;09:26:26;16:18:50;2230.404,-2378.429,-2378.429;True,Boats,SEASHARK,24,15528,1;;;
Franklin;09:26:27;16:18:50;2241.501,-2372.786,-2372.786;True,Boats,SEASHARK,23,66257,1;;;
Franklin;09:26:27;16:18:51;2252.513,-2367.085,-2367.085;True,Boats,SEASHARK,24,25038,1;;;
Franklin;09:26:28;16:18:51;2264.051,-2361.138,-2361.138;True,Boats,SEASHARK,25,98073,1;;;
Franklin;09:26:28;16:18:52;2275.76,-2355.658,-2355.658;True,Boats,SEASHARK,24,0114,1;;;
Franklin;09:26:29;16:18:52;2287.122,-2350.635,-2350.635;True,Boats,SEASHARK,23,7909,1;;;
Franklin;09:26:29;16:18:53;2298.527,-2346.329,-2346.329;True,Boats,SEASHARK,22,63317,1;;;
Franklin;09:26:30;16:18:53;2309.335,-2343.857,-2343.857;True,Boats,SEASHARK,20,91574,1;;;
Franklin;09:26:30;16:18:54;2320.359,-2341.632,-2341.632;True,Boats,SEASHARK,21,68984,1;;;
Franklin;09:26:31;16:18:54;2331.505,-2339.835,-2339.835;True,Boats,SEASHARK,22,99992,1;;;
Franklin;09:26:31;16:18:55;2343.946,-2337.901,-2337.901;True,Boats,SEASHARK,25,36238,1;;;
Franklin;09:26:32;16:18:55;2356.378,-2336.193,-2336.193;True,Boats,SEASHARK,23,34804,1;;;
Franklin;09:26:33;16:18:56;2368.968,-2334.256,-2334.256;True,Boats,SEASHARK,25,02845,1;;;
Franklin;09:26:33;16:18:57;2381.355,-2332.04,-2332.04;True,Boats,SEASHARK,23,1706,1;;;
Franklin;09:26:34;16:18:57;2393.31,-2329.059,-2329.059;True,Boats,SEASHARK,23,50354,1;;;
Franklin;09:26:34;16:18:58;2405.286,-2326.037,-2326.037;True,Boats,SEASHARK,24,61721,1;;;
Franklin;09:26:35;16:18:58;2417.724,-2322.939,-2322.939;True,Boats,SEASHARK,24,06905,1;;;
Franklin;09:26:35;16:18:59;2429.915,-2319.995,-2319.995;True,Boats,SEASHARK,23,96109,1;;;
Franklin;09:26:36;16:18:59;2441.746,-2316.932,-2316.932;True,Boats,SEASHARK,22,81713,1;;;
Franklin;09:26:36;16:19:00;2453.2,-2313.518,-2313.518;True,Boats,SEASHARK,23,06172,1;;;
Franklin;09:26:37;16:19:00;2464.661,-2310.005,-2310.005;True,Boats,SEASHARK,22,25341,1;;;
Franklin;09:26:37;16:19:01;2475.183,-2305.933,-2305.933;True,Boats,SEASHARK,23,1554,1;;;
Franklin;09:26:38;16:19:01;2486.621,-2300.888,-2300.888;True,Boats,SEASHARK,25,18578,1;;;
Franklin;09:26:38;16:19:02;2499.204,-2294.865,-2294.865;True,Boats,SEASHARK,27,75219,1;;;
Franklin;09:26:39;16:19:02;2511.035,-2288.518,-2288.518;True,Boats,SEASHARK,24,62652,1;;;
Franklin;09:26:39;16:19:03;2522.275,-2282.226,-2282.226;True,Boats,SEASHARK,25,09341,1;;;
Franklin;09:26:40;16:19:03;2533.377,-2275.883,-2275.883;True,Boats,SEASHARK,24,20208,1;;;
Franklin;09:26:40;16:19:04;2544.271,-2269.522,-2269.522;True,Boats,SEASHARK,24,4228,1;;;
Franklin;09:26:41;16:19:04;2554.904,-2263.736,-2263.736;True,Boats,SEASHARK,23,13968,1;;;
Franklin;09:26:41;16:19:05;2566.352,-2258.044,-2258.044;True,Boats,SEASHARK,25,06886,1;;;
Franklin;09:26:42;16:19:05;2577.653,-2252.204,-2252.204;True,Boats,SEASHARK,24,2712,1;;;
Franklin;09:26:42;16:19:06;2588.635,-2246.154,-2246.154;True,Boats,SEASHARK,24,04355,1;;;
Franklin;09:26:43;16:19:06;2598.253,-2239.336,-2239.336;True,Boats,SEASHARK,21,46145,1;;;
Franklin;09:26:43;16:19:07;2606.659,-2231.755,-2231.755;True,Boats,SEASHARK,21,47616,1;;;
Franklin;09:26:44;16:19:07;2614.751,-2224.228,-2224.228;True,Boats,SEASHARK,20,97483,1;;;
Franklin;09:26:44;16:19:08;2620.563,-2215.77,-2215.77;True,Boats,SEASHARK,19,93156,1;;;
Franklin;09:26:45;16:19:08;2625.969,-2206.89,-2206.89;True,Boats,SEASHARK,20,09074,1;;;
Franklin;09:26:46;16:19:09;2630.566,-2198.087,-2198.087;True,Boats,SEASHARK,20,81476,1;;;
Franklin;09:26:46;16:19:10;2635.204,-2188.877,-2188.877;True,Boats,SEASHARK,19,75568,0;;;
Franklin;09:26:47;16:19:10;2639.556,-2180.605,-2180.605;True,Boats,SEASHARK,17,27088,0;;;
Franklin;09:26:47;16:19:11;2643.478,-2172.926,-2172.926;True,Boats,SEASHARK,15,95845,0;;;
Franklin;09:26:48;16:19:11;2646.794,-2166.595,-2166.595;True,Boats,SEASHARK,12,60036,0;;;
Franklin;09:26:48;16:19:12;2649.719,-2160.933,-2160.933;True,Boats,SEASHARK,12,27083,1;;;
Franklin;09:26:49;16:19:12;2652.628,-2154.876,-2154.876;True,Boats,SEASHARK,14,57514,1;;;
Franklin;09:26:49;16:19:13;2656.001,-2147.203,-2147.203;True,Boats,SEASHARK,16,96225,1;;;
Franklin;09:26:50;16:19:13;2660.117,-2138.951,-2138.951;True,Boats,SEASHARK,18,41927,1;;;
Franklin;09:26:50;16:19:14;2664.396,-2131.21,-2131.21;True,Boats,SEASHARK,15,87864,0;;;
Franklin;09:26:51;16:19:14;2668.333,-2124.471,-2124.471;True,Boats,SEASHARK,14,74233,1;;;
Franklin;09:26:51;16:19:15;2672.604,-2117.764,-2117.764;True,Boats,SEASHARK,16,39225,1;;;
Franklin;09:26:52;16:19:15;2676.975,-2111.262,-2111.262;True,Boats,SEASHARK,13,99221,0;;;
Franklin;09:26:52;16:19:16;2680.798,-2105.709,-2105.709;True,Boats,SEASHARK,11,56552,0;;;
Franklin;09:26:53;16:19:16;2683.945,-2101.449,-2101.449;True,Boats,SEASHARK,9,358387,0;;;
Franklin;09:26:53;16:19:17;2686.751,-2098.003,-2098.003;True,Boats,SEASHARK,8,288881,1;;;
Franklin;09:26:54;16:19:17;2689.9,-2094.372,-2094.372;True,Boats,SEASHARK,10,61486,1;;;
Franklin;09:26:54;16:19:18;2693.54,-2090.274,-2090.274;True,Boats,SEASHARK,10,49704,1;;;
Franklin;09:26:55;16:19:18;2697.54,-2085.972,-2085.972;True,Boats,SEASHARK,12,59665,1;;;
Franklin;09:26:55;16:19:19;2701.373,-2080.892,-2080.892;True,Boats,SEASHARK,12,68226,1;;;
Franklin;09:26:56;16:19:19;2703.357,-2075.287,-2075.287;True,Boats,SEASHARK,10,08477,0;;;
Franklin;09:26:56;16:19:20;2704.059,-2069.62,-2069.62;True,Boats,SEASHARK,12,58193,1;;;
Franklin;09:26:57;16:19:20;2704.531,-2062.512,-2062.512;True,Boats,SEASHARK,15,46761,1;;;
Franklin;09:26:57;16:19:21;2704.825,-2053.15,-2053.15;True,Boats,SEASHARK,20,21541,1;;;
Franklin;09:26:58;16:19:21;2705.256,-2042.896,-2042.896;True,Boats,SEASHARK,20,2178,1;;;
Franklin;09:26:58;16:19:22;2705.679,-2032.461,-2032.461;True,Boats,SEASHARK,19,33656,0;;;
Franklin;09:26:59;16:19:22;2706.031,-2022.718,-2022.718;True,Boats,SEASHARK,19,06355,1;;;
Franklin;09:27:00;16:19:23;2706.375,-2013.333,-2013.333;True,Boats,SEASHARK,18,4312,1;;;
Franklin;09:27:00;16:19:24;2706.649,-2003.263,-2003.263;True,Boats,SEASHARK,19,67773,1;;;
Franklin;09:27:01;16:19:24;2706.87,-1992.908,-1992.908;True,Boats,SEASHARK,20,07306,0;;;
Franklin;09:27:01;16:19:25;2707.083,-1982.896,-1982.896;True,Boats,SEASHARK,19,06939,0;;;
Franklin;09:27:02;16:19:25;2707.277,-1974.019,-1974.019;True,Boats,SEASHARK,15,20675,0;;;
Franklin;09:27:02;16:19:26;2707.299,-1966.827,-1966.827;True,Boats,SEASHARK,13,30352,0;;;
Franklin;09:27:03;16:19:26;2706.654,-1960.729,-1960.729;True,Boats,SEASHARK,10,18305,0;;;
Franklin;09:27:03;16:19:27;2705.049,-1956.315,-1956.315;True,Boats,SEASHARK,7,808702,0;;;
Franklin;09:27:04;16:19:27;2702.839,-1953.24,-1953.24;True,Boats,SEASHARK,7,637111,1;;;
Franklin;09:27:04;16:19:28;2699.5,-1950.867,-1950.867;True,Boats,SEASHARK,8,577913,1;;;
Franklin;09:27:05;16:19:28;2695.862,-1950.22,-1950.22;True,Boats,SEASHARK,5,971816,0;;;
Franklin;09:27:05;16:19:29;2693.163,-1950.605,-1950.605;True,Boats,SEASHARK,5,454157,1;;;
Franklin;09:27:06;16:19:29;2690.272,-1951.949,-1951.949;True,Boats,SEASHARK,7,312624,1;;;
Franklin;09:27:06;16:19:30;2687.643,-1955.095,-1955.095;True,Boats,SEASHARK,8,878734,1;;;
Franklin;09:27:07;16:19:30;2686.981,-1959.877,-1959.877;True,Boats,SEASHARK,9,899828,1;;;
Franklin;09:27:07;16:19:31;2689.136,-1964.435,-1964.435;True,Boats,SEASHARK,10,46016,1;;;
Franklin;09:27:08;16:19:31;2693.658,-1967.232,-1967.232;True,Boats,SEASHARK,10,61332,1;;;
Franklin;09:27:08;16:19:32;2698.941,-1967.203,-1967.203;True,Boats,SEASHARK,8,852036,0;;;
Franklin;09:27:09;16:19:32;2702.558,-1965.393,-1965.393;True,Boats,SEASHARK,7,887176,1;;;
Franklin;09:27:09;16:19:33;2705.673,-1962.233,-1962.233;True,Boats,SEASHARK,9,7424,1;;;
Franklin;09:27:10;16:19:33;2707.325,-1957.223,-1957.223;True,Boats,SEASHARK,11,25905,1;;;
Franklin;09:27:10;16:19:34;2707.505,-1950.661,-1950.661;True,Boats,SEASHARK,14,13717,1;;;
Franklin;09:27:11;16:19:34;2707.038,-1942.48,-1942.48;True,Boats,SEASHARK,16,78746,1;;;
Franklin;09:27:11;16:19:35;2706.292,-1933.295,-1933.295;True,Boats,SEASHARK,18,84295,1;;;
Franklin;09:27:12;16:19:35;2705.68,-1924.245,-1924.245;True,Boats,SEASHARK,16,40037,1;;;
Franklin;09:27:12;16:19:36;2705.442,-1916.259,-1916.259;True,Boats,SEASHARK,13,5875,0;;;
Franklin;09:27:13;16:19:37;2705.581,-1909.799,-1909.799;True,Boats,SEASHARK,11,33884,0;;;
Franklin;09:27:14;16:19:37;2705.744,-1904.267,-1904.267;True,Boats,SEASHARK,10,69772,1;;;
Franklin;09:27:14;16:19:38;2706.023,-1898.375,-1898.375;True,Boats,SEASHARK,12,37254,1;;;
Franklin;09:27:15;16:19:38;2706.647,-1891.342,-1891.342;True,Boats,SEASHARK,14,49837,1;;;
Franklin;09:27:15;16:19:39;2706.741,-1883.741,-1883.741;True,Boats,SEASHARK,15,01591,1;;;
Franklin;09:27:16;16:19:39;2704.47,-1876.731,-1876.731;True,Boats,SEASHARK,14,23254,1;;;
Franklin;09:27:16;16:19:40;2700.617,-1869.802,-1869.802;True,Boats,SEASHARK,15,68716,0;;;
Franklin;09:27:17;16:19:40;2696.408,-1862.524,-1862.524;True,Boats,SEASHARK,17,72091,1;;;
Franklin;09:27:17;16:19:41;2691.668,-1853.519,-1853.519;True,Boats,SEASHARK,20,69222,1;;;
Franklin;09:27:18;16:19:41;2687.725,-1843.959,-1843.959;True,Boats,SEASHARK,19,51166,1;;;
Franklin;09:27:18;16:19:42;2684.691,-1834.945,-1834.945;True,Boats,SEASHARK,17,49838,0;;;
Franklin;09:27:19;16:19:42;2682.045,-1826.846,-1826.846;True,Boats,SEASHARK,16,15515,0;;;
Franklin;09:27:19;16:19:43;2679.593,-1818.917,-1818.917;True,Boats,SEASHARK,17,256,1;;;
Franklin;09:27:20;16:19:43;2678.298,-1810.538,-1810.538;True,Boats,SEASHARK,16,27883,1;;;
Franklin;09:27:20;16:19:44;2677.531,-1801.702,-1801.702;True,Boats,SEASHARK,18,37309,1;;;
Franklin;09:27:21;16:19:44;2676.75,-1791.752,-1791.752;True,Boats,SEASHARK,20,08121,1;;;
Franklin;09:27:21;16:19:45;2676.158,-1780.84,-1780.84;True,Boats,SEASHARK,21,79086,1;;;
Franklin;09:27:22;16:19:45;2676.538,-1770.134,-1770.134;True,Boats,SEASHARK,18,80235,1;;;
Franklin;09:27:22;16:19:46;2677.447,-1760.388,-1760.388;True,Boats,SEASHARK,18,96193,1;;;
Franklin;09:27:23;16:19:46;2676.777,-1750.388,-1750.388;True,Boats,SEASHARK,18,57746,1;;;
Franklin;09:27:23;16:19:47;2673.396,-1741.63,-1741.63;True,Boats,SEASHARK,18,40735,1;;;
Franklin;09:27:24;16:19:47;2668.93,-1732.564,-1732.564;True,Boats,SEASHARK,20,31071,1;;;
Franklin;09:27:24;16:19:48;2664.671,-1723.808,-1723.808;True,Boats,SEASHARK,17,61349,1;;;
Franklin;09:27:25;16:19:48;2660.619,-1715.756,-1715.756;True,Boats,SEASHARK,16,80344,1;;;
Franklin;09:27:26;16:19:49;2657.83,-1708.984,-1708.984;True,Boats,SEASHARK,11,03924,1;;;
Franklin;09:27:26;16:19:50;2657.039,-1705.806,-1705.806;True,Boats,SEASHARK,4,929831,1;;;
Franklin;09:27:27;16:19:50;2656.02,-1705.141,-1705.141;True,Boats,SEASHARK,1,925164,-0,09068629;;;
Franklin;09:27:27;16:19:51;2655.515,-1705.665,-1705.665;True,Boats,SEASHARK,2,114249,-0,002543303;;;
Franklin;09:27:28;16:19:51;2655.845,-1707.688,-1707.688;;;;
Franklin;09:27:28;16:19:52;2656.788,-1708.765,-1708.765;;;;
Franklin;09:27:29;16:19:52;2657.328,-1708.987,-1708.987;;;;
Franklin;09:27:29;16:19:53;2657.829,-1709.216,-1709.216;;;;
Franklin;09:27:30;16:19:53;2657.74,-1709.213,-1709.213;;;;
Franklin;09:27:30;16:19:54;2657.735,-1709.151,-1709.151;;;;
Franklin;09:27:31;16:19:54;2657.621,-1708.707,-1708.707;;;;
Franklin;09:27:31;16:19:55;2657.504,-1708.598,-1708.598;;;;
Franklin;09:27:32;16:19:55;2656.82,-1709.281,-1709.281;;;;
Franklin;09:27:32;16:19:56;2655.167,-1710.216,-1710.216;;;;
Franklin;09:27:33;16:19:56;2653.872,-1709.776,-1709.776;;;;
Franklin;09:27:33;16:19:57;2653.262,-1709.482,-1709.482;;;;
Franklin;09:27:34;16:19:57;2652.267,-1709.078,-1709.078;;;;
Franklin;09:27:34;16:19:58;2650.703,-1708.509,-1708.509;;;;
Franklin;09:27:35;16:19:58;2649.186,-1708.013,-1708.013;;;;
Franklin;09:27:35;16:19:59;2647.615,-1707.505,-1707.505;;;;
Franklin;09:27:36;16:19:59;2646.058,-1707.065,-1707.065;;;;
Franklin;09:27:36;16:20:00;2644.565,-1706.728,-1706.728;;;;
Franklin;09:27:37;16:20:00;2642.853,-1706.36,-1706.36;;;;
Franklin;09:27:38;16:20:01;2640.976,-1706.016,-1706.016;;;;
Franklin;09:27:38;16:20:02;2638.92,-1705.909,-1705.909;;;;
Franklin;09:27:39;16:20:02;2636.893,-1706.046,-1706.046;;;;
Franklin;09:27:39;16:20:03;2634.687,-1705.659,-1705.659;;;;
Franklin;09:27:40;16:20:03;2632.42,-1704.318,-1704.318;;;;
Franklin;09:27:40;16:20:04;2631.013,-1703.318,-1703.318;;;;
Franklin;09:27:41;16:20:04;2630.078,-1702.747,-1702.747;;;;
Franklin;09:27:41;16:20:12;2629.687,-1702.515,-1702.515;;;;
Franklin;09:27:49;16:20:13;2629.476,-1702.406,-1702.406;;;;
Franklin;09:27:50;16:20:13;2629.177,-1702.297,-1702.297;;;;
Franklin;09:27:50;16:20:14;2627.859,-1701.905,-1701.905;;;;
Franklin;09:27:51;16:20:14;2625.322,-1701.528,-1701.528;;;;
Franklin;09:27:51;16:20:15;2621.882,-1701.187,-1701.187;;;;
Franklin;09:27:52;16:20:15;2618.7,-1700.727,-1700.727;;;;
Franklin;09:27:52;16:20:16;2616.629,-1700.344,-1700.344;;;;
Franklin;09:27:53;16:20:16;2613.632,-1699.635,-1699.635;;;;
Franklin;09:27:53;16:20:17;2610.136,-1698.861,-1698.861;;;;
Franklin;09:27:54;16:20:17;2606.67,-1697.992,-1697.992;;;;
Franklin;09:27:54;16:20:18;2603.174,-1696.844,-1696.844;;;;
Franklin;09:27:55;16:20:18;2599.822,-1695.487,-1695.487;;;;
Franklin;09:27:55;16:20:19;2596.452,-1694.198,-1694.198;;;;
Franklin;09:27:56;16:20:19;2593.096,-1692.927,-1692.927;;;;
Franklin;09:27:56;16:20:20;2590.02,-1691.763,-1691.763;;;;
Franklin;09:27:57;16:20:20;2588.202,-1691.074,-1691.074;;;;
Franklin;09:27:57;16:20:21;2586.391,-1690.387,-1690.387;;;;
Franklin;09:27:58;16:20:21;2584.763,-1689.804,-1689.804;;;;
Franklin;09:27:59;16:20:22;2582.928,-1689.307,-1689.307;;;;
Franklin;09:27:59;16:20:23;2580.977,-1688.804,-1688.804;;;;
Franklin;09:28:00;16:20:23;2578.559,-1688.199,-1688.199;;;;
Franklin;09:28:00;16:20:24;2575.104,-1687.336,-1687.336;;;;
Franklin;09:28:01;16:20:24;2573.167,-1686.851,-1686.851;;;;
Franklin;09:28:01;16:20:25;2571.295,-1686.397,-1686.397;;;;
Franklin;09:28:02;16:20:25;2569.393,-1686.144,-1686.144;;;;
Franklin;09:28:02;16:20:26;2567.563,-1686.407,-1686.407;;;;
Franklin;09:28:03;16:20:26;2565.729,-1686.845,-1686.845;;;;
Franklin;09:28:03;16:20:27;2563.795,-1687.049,-1687.049;;;;
Franklin;09:28:04;16:20:27;2561.77,-1687.166,-1687.166;;;;
Franklin;09:28:04;16:20:28;2559.729,-1687.12,-1687.12;;;;
Franklin;09:28:05;16:20:28;2556.444,-1686.701,-1686.701;;;;
Franklin;09:28:05;16:20:29;2552.838,-1686.461,-1686.461;;;;
Franklin;09:28:06;16:20:29;2549.841,-1687.195,-1687.195;;;;
Franklin;09:28:06;16:20:30;2548.038,-1689.506,-1689.506;;;;
Franklin;09:28:07;16:20:30;2545.911,-1692.344,-1692.344;;;;
Franklin;09:28:07;16:20:31;2543.583,-1694.968,-1694.968;;;;
Franklin;09:28:08;16:20:31;2540.606,-1697.032,-1697.032;;;;
Franklin;09:28:08;16:20:32;2537.692,-1699.051,-1699.051;;;;
Franklin;09:28:09;16:20:32;2534.85,-1701.308,-1701.308;;;;
Franklin;09:28:10;16:20:33;2532.104,-1703.504,-1703.504;;;;
Franklin;09:28:10;16:20:34;2529.357,-1705.701,-1705.701;;;;
Franklin;09:28:11;16:20:34;2526.555,-1707.942,-1707.942;;;;
Franklin;09:28:11;16:20:35;2523.734,-1710.198,-1710.198;;;;
Franklin;09:28:12;16:20:35;2520.971,-1712.408,-1712.408;;;;
Franklin;09:28:12;16:20:36;2518.187,-1714.635,-1714.635;;;;
Franklin;09:28:13;16:20:36;2515.452,-1716.823,-1716.823;;;;
Franklin;09:28:13;16:20:37;2512.687,-1719.034,-1719.034;;;;
Franklin;09:28:14;16:20:37;2509.864,-1721.292,-1721.292;;;;
Franklin;09:28:14;16:20:38;2507.06,-1723.534,-1723.534;;;;
Franklin;09:28:15;16:20:38;2504.242,-1725.788,-1725.788;;;;
Franklin;09:28:15;16:20:39;2501.434,-1728.034,-1728.034;;;;
Franklin;09:28:16;16:20:39;2498.716,-1730.208,-1730.208;;;;
Franklin;09:28:16;16:20:40;2497.014,-1731.567,-1731.567;;;;
Franklin;09:28:17;16:20:40;2495.421,-1732.845,-1732.845;;;;
Franklin;09:28:17;16:20:41;2493.811,-1734.131,-1734.131;;;;
Franklin;09:28:18;16:20:41;2491.504,-1735.976,-1735.976;;;;
Franklin;09:28:18;16:20:42;2488.729,-1738.197,-1738.197;;;;
Franklin;09:28:19;16:20:42;2487.135,-1739.471,-1739.471;;;;
Franklin;09:28:19;16:20:43;2485.655,-1740.652,-1740.652;;;;
Franklin;09:28:20;16:20:43;2484.138,-1741.87,-1741.87;;;;
Franklin;09:28:20;16:20:44;2482.625,-1743.08,-1743.08;;;;
Franklin;09:28:21;16:20:44;2481.131,-1744.274,-1744.274;;;;
Franklin;09:28:22;16:20:45;2479.635,-1745.469,-1745.469;;;;
Franklin;09:28:22;16:20:46;2478.115,-1746.688,-1746.688;;;;
Franklin;09:28:23;16:20:46;2476.612,-1747.892,-1747.892;;;;
Franklin;09:28:23;16:20:47;2475.126,-1749.08,-1749.08;;;;
Franklin;09:28:24;16:20:47;2473.703,-1750.217,-1750.217;;;;
Franklin;09:28:24;16:20:48;2472.253,-1751.379,-1751.379;;;;
Franklin;09:28:25;16:20:48;2470.743,-1752.588,-1752.588;;;;
Franklin;09:28:25;16:20:49;2469.15,-1753.708,-1753.708;;;;
Franklin;09:28:26;16:20:49;2467.505,-1754.7,-1754.7;;;;
Franklin;09:28:26;16:20:50;2465.631,-1755.147,-1755.147;;;;
Franklin;09:28:27;16:20:50;2464.17,-1756.25,-1756.25;;;;
Franklin;09:28:27;16:20:51;2463.019,-1757.733,-1757.733;;;;
Franklin;09:28:28;16:20:51;2461.476,-1759.081,-1759.081;;;;
Franklin;09:28:28;16:20:52;2458.459,-1760.816,-1760.816;;;;
Franklin;09:28:29;16:20:52;2456.032,-1762.125,-1762.125;;;;
Franklin;09:28:29;16:20:53;2454.151,-1762.785,-1762.785;;;;
Franklin;09:28:30;16:20:53;2452.259,-1763.397,-1763.397;;;;
Franklin;09:28:30;16:20:54;2450.313,-1764.713,-1764.713;;;;
Franklin;09:28:31;16:20:54;2448.606,-1766.419,-1766.419;;;;
Franklin;09:28:31;16:21:00;2448.193,-1766.683,-1766.683;;;;
Franklin;09:28:37;16:21:00;2447.911,-1766.858,-1766.858;;;;
Franklin;09:28:37;16:21:01;2447.178,-1767.177,-1767.177;;;;
Franklin;09:28:38;16:21:02;2445.416,-1768.216,-1768.216;;;;
Franklin;09:28:39;16:21:02;2442.508,-1770.304,-1770.304;;;;
Franklin;09:28:39;16:21:03;2440.587,-1771.786,-1771.786;;;;
Franklin;09:28:40;16:21:03;2439.182,-1772.906,-1772.906;;;;
Franklin;09:28:40;16:21:04;2437.839,-1774.065,-1774.065;;;;
Franklin;09:28:41;16:21:04;2436.534,-1775.454,-1775.454;;;;
Franklin;09:28:41;16:21:05;2434.82,-1777.328,-1777.328;;;;
Franklin;09:28:42;16:21:05;2433.089,-1779.228,-1779.228;;;;
Franklin;09:28:42;16:21:06;2431.359,-1781.06,-1781.06;;;;
Franklin;09:28:43;16:21:06;2429.448,-1782.828,-1782.828;;;;
Franklin;09:28:43;16:21:07;2427.513,-1784.41,-1784.41;;;;
Franklin;09:28:44;16:21:07;2425.434,-1786.008,-1786.008;;;;
Franklin;09:28:44;16:21:08;2423.441,-1787.514,-1787.514;;;;
Franklin;09:28:45;16:21:08;2421.357,-1789.172,-1789.172;;;;
Franklin;09:28:45;16:21:09;2419.454,-1790.788,-1790.788;;;;
Franklin;09:28:46;16:21:09;2417.356,-1792.365,-1792.365;;;;
Franklin;09:28:46;16:21:10;2415.211,-1793.741,-1793.741;;;;
Franklin;09:28:47;16:21:10;2412.981,-1795.132,-1795.132;;;;
Franklin;09:28:47;16:21:11;2411.099,-1796.361,-1796.361;;;;
Franklin;09:28:48;16:21:11;2409.286,-1797.529,-1797.529;;;;
Franklin;09:28:48;16:21:12;2407.058,-1798.964,-1798.964;;;;
Franklin;09:28:49;16:21:12;2404.736,-1800.566,-1800.566;;;;
Franklin;09:28:49;16:21:13;2402.02,-1802.671,-1802.671;;;;
Franklin;09:28:50;16:21:13;2398.625,-1803.692,-1803.692;;;;
Franklin;09:28:51;16:21:14;2395.197,-1804.687,-1804.687;;;;
Franklin;09:28:51;16:21:15;2391.653,-1805.554,-1805.554;;;;
Franklin;09:28:52;16:21:15;2388.396,-1806.954,-1806.954;;;;
Franklin;09:28:52;16:21:16;2385.386,-1808.855,-1808.855;;;;
Franklin;09:28:53;16:21:16;2382.419,-1810.821,-1810.821;;;;
Franklin;09:28:53;16:21:17;2379.087,-1812.307,-1812.307;;;;
Franklin;09:28:54;16:21:17;2375.77,-1813.607,-1813.607;;;;
Franklin;09:28:54;16:21:18;2372.446,-1814.881,-1814.881;;;;
Franklin;09:28:55;16:21:18;2369.128,-1815.881,-1815.881;;;;
Franklin;09:28:55;16:21:19;2366.607,-1816.635,-1816.635;;;;
Franklin;09:28:56;16:21:19;2364.88,-1817.211,-1817.211;;;;
Franklin;09:28:56;16:21:20;2362.953,-1817.886,-1817.886;;;;
Franklin;09:28:57;16:21:20;2361.238,-1818.565,-1818.565;;;;
Franklin;09:28:57;16:21:21;2359.636,-1819.267,-1819.267;;;;
Franklin;09:28:58;16:21:21;2357.987,-1820.014,-1820.014;;;;
Franklin;09:28:58;16:21:22;2355.809,-1820.997,-1820.997;;;;
Franklin;09:28:59;16:21:22;2353.366,-1821.831,-1821.831;;;;
Franklin;09:28:59;16:21:23;2351.841,-1822.044,-1822.044;;;;
Franklin;09:29:00;16:21:23;2349.598,-1822.212,-1822.212;;;;
Franklin;09:29:00;16:21:24;2346.984,-1822.44,-1822.44;;;;
Franklin;09:29:01;16:21:24;2344.885,-1822.626,-1822.626;;;;
Franklin;09:29:01;16:21:25;2342.271,-1822.72,-1822.72;;;;
Franklin;09:29:02;16:21:25;2340.131,-1822.525,-1822.525;;;;
Franklin;09:29:03;16:21:26;2338.559,-1822.284,-1822.284;;;;
Franklin;09:29:03;16:21:27;2337.051,-1821.536,-1821.536;;;;
Franklin;09:29:04;16:21:27;2335.673,-1820.55,-1820.55;;;;
Franklin;09:29:04;16:21:28;2334.354,-1819.52,-1819.52;;;;
Franklin;09:29:05;16:21:28;2333.042,-1818.432,-1818.432;;;;
Franklin;09:29:05;16:21:29;2331.633,-1817.213,-1817.213;;;;
Franklin;09:29:06;16:21:29;2329.666,-1815.477,-1815.477;;;;
Franklin;09:29:06;16:21:30;2327.781,-1813.641,-1813.641;;;;
Franklin;09:29:07;16:21:30;2326.382,-1812.242,-1812.242;;;;
Franklin;09:29:07;16:21:31;2324.465,-1810.432,-1810.432;;;;
Franklin;09:29:08;16:21:31;2322.488,-1808.63,-1808.63;;;;
Franklin;09:29:08;16:21:32;2321.085,-1807.123,-1807.123;;;;
Franklin;09:29:09;16:21:32;2319.85,-1805.623,-1805.623;;;;
Franklin;09:29:09;16:21:33;2318.221,-1803.702,-1803.702;;;;
Franklin;09:29:10;16:21:33;2316.417,-1801.714,-1801.714;;;;
Franklin;09:29:10;16:21:34;2314.776,-1799.966,-1799.966;;;;
Franklin;09:29:11;16:21:34;2312.992,-1798.118,-1798.118;;;;
Franklin;09:29:11;16:21:35;2311.162,-1796.331,-1796.331;;;;
Franklin;09:29:12;16:21:35;2309.732,-1794.966,-1794.966;;;;
Franklin;09:29:12;16:21:36;2308.307,-1793.614,-1793.614;;;;
Franklin;09:29:13;16:21:36;2306.877,-1792.253,-1792.253;;;;
Franklin;09:29:13;16:21:37;2305.477,-1790.92,-1790.92;;;;
Franklin;09:29:14;16:21:37;2304.068,-1789.578,-1789.578;;;;
Franklin;09:29:15;16:21:38;2302.744,-1788.324,-1788.324;;;;
Franklin;09:29:15;16:21:39;2301.316,-1786.52,-1786.52;;;;
Franklin;09:29:16;16:21:39;2300.526,-1784.694,-1784.694;;;;
Franklin;09:29:16;16:21:40;2299.482,-1783.062,-1783.062;;;;
Franklin;09:29:17;16:21:40;2298.418,-1781.471,-1781.471;;;;
Franklin;09:29:17;16:21:41;2297.415,-1779.885,-1779.885;;;;
Franklin;09:29:18;16:21:41;2296.544,-1778.432,-1778.432;;;;
Franklin;09:29:18;16:21:42;2295.25,-1776.617,-1776.617;;;;
Franklin;09:29:19;16:21:42;2293.17,-1773.713,-1773.713;;;;
Franklin;09:29:19;16:21:43;2291.123,-1770.855,-1770.855;;;;
Franklin;09:29:20;16:21:43;2289.062,-1767.978,-1767.978;;;;
Franklin;09:29:20;16:21:44;2286.913,-1765.207,-1765.207;;;;
Franklin;09:29:21;16:21:44;2283.863,-1763.622,-1763.622;;;;
Franklin;09:29:21;16:21:45;2281.359,-1761.423,-1761.423;;;;
Franklin;09:29:22;16:21:45;2279.349,-1759.057,-1759.057;;;;
Franklin;09:29:22;16:21:46;2276.515,-1756.887,-1756.887;;;;
Franklin;09:29:23;16:21:46;2273.942,-1754.544,-1754.544;;;;
Franklin;09:29:23;16:21:47;2272.256,-1753.115,-1753.115;;;;
Franklin;09:29:24;16:21:47;2269.585,-1751.266,-1751.266;;;;
Franklin;09:29:24;16:21:48;2267.856,-1750.114,-1750.114;;;;
Franklin;09:29:25;16:21:48;2265.463,-1748.57,-1748.57;;;;
Franklin;09:29:25;16:21:49;2263.755,-1747.5,-1747.5;;;;
Franklin;09:29:26;16:21:49;2262.077,-1746.486,-1746.486;;;;
Franklin;09:29:26;16:21:50;2260.389,-1745.573,-1745.573;;;;
Franklin;09:29:27;16:21:50;2258.659,-1744.671,-1744.671;;;;
Franklin;09:29:28;16:21:51;2257.101,-1743.615,-1743.615;;;;
Franklin;09:29:28;16:21:52;2255.324,-1742.778,-1742.778;;;;
Franklin;09:29:29;16:21:52;2253.475,-1742.075,-1742.075;;;;
Franklin;09:29:29;16:21:53;2251.59,-1741.442,-1741.442;;;;
Franklin;09:29:30;16:21:53;2248.443,-1742.264,-1742.264;;;;
Franklin;09:29:30;16:21:54;2245.572,-1741.01,-1741.01;;;;
Franklin;09:29:31;16:21:54;2243.87,-1739.767,-1739.767;;;;
Franklin;09:29:31;16:21:55;2242.209,-1739.12,-1739.12;;;;
Franklin;09:29:32;16:21:55;2240.545,-1738.611,-1738.611;;;;
Franklin;09:29:32;16:21:56;2238.045,-1737.932,-1737.932;;;;
Franklin;09:29:33;16:21:56;2235.897,-1737.423,-1737.423;;;;
Franklin;09:29:33;16:21:57;2236,-1737.576,-1737.576;;;;
Franklin;09:29:34;16:21:57;2234.066,-1736.955,-1736.955;;;;
Franklin;09:29:34;16:21:58;2233.985,-1737.564,-1737.564;;;;
Franklin;09:29:35;16:21:58;2234.514,-1738.832,-1738.832;;;;
Franklin;09:29:35;16:21:59;2235,-1739.931,-1739.931;;;;
Franklin;09:29:36;16:21:59;2234.362,-1739.533,-1739.533;;;;
Franklin;09:29:36;16:22:00;2232.797,-1739.491,-1739.491;;;;
Franklin;09:29:37;16:22:00;2232.59,-1740.349,-1740.349;;;;
Franklin;09:29:37;16:22:01;2233.133,-1740.841,-1740.841;;;;
Franklin;09:29:38;16:22:01;2231.646,-1740.777,-1740.777;;;;
Franklin;09:29:38;16:22:02;2228.975,-1741.384,-1741.384;;;;
Franklin;09:29:39;16:22:02;2227.612,-1742.664,-1742.664;;;;
Franklin;09:29:40;16:22:03;2227.99,-1743.692,-1743.692;;;;
Franklin;09:29:40;16:22:04;2227.906,-1743.889,-1743.889;;;;
Franklin;09:29:41;16:22:04;2225.623,-1744.281,-1744.281;;;;
Franklin;09:29:41;16:22:05;2222.758,-1745.475,-1745.475;;;;
Franklin;09:29:42;16:22:05;2221.599,-1746.918,-1746.918;;;;
Franklin;09:29:42;16:22:06;2220.91,-1748.142,-1748.142;;;;
Franklin;09:29:43;16:22:06;2220.009,-1749.027,-1749.027;;;;
Franklin;09:29:43;16:22:07;2216.82,-1749.916,-1749.916;;;;
Franklin;09:29:44;16:22:07;2214.678,-1750.066,-1750.066;;;;
Franklin;09:29:44;16:22:08;2212.823,-1750.224,-1750.224;;;;
Franklin;09:29:45;16:22:08;2211.444,-1750.652,-1750.652;;;;
Franklin;09:29:45;16:22:09;2210.333,-1751.29,-1751.29;;;;
Franklin;09:29:46;16:22:09;2210.567,-1751.312,-1751.312;;;;
Franklin;09:29:46;16:22:10;2209.457,-1751.573,-1751.573;;;;
Franklin;09:29:47;16:22:10;2208.005,-1750.846,-1750.846;;;;
Franklin;09:29:47;16:22:11;2206.341,-1751.088,-1751.088;;;;
Franklin;09:29:48;16:22:11;2204.928,-1751.83,-1751.83;;;;
Franklin;09:29:48;16:22:12;2203.529,-1752.731,-1752.731;;;;
Franklin;09:29:49;16:22:12;2201.989,-1753.761,-1753.761;;;;
Franklin;09:29:49;16:22:13;2200.382,-1754.728,-1754.728;;;;
Franklin;09:29:50;16:22:13;2198.782,-1755.103,-1755.103;;;;
Franklin;09:29:50;16:22:14;2197.324,-1754.964,-1754.964;;;;
Franklin;09:29:51;16:22:14;2195.932,-1754.561,-1754.561;;;;
Franklin;09:29:51;16:22:15;2193.552,-1753.734,-1753.734;;;;
Franklin;09:29:52;16:22:15;2191.156,-1752.879,-1752.879;;;;
Franklin;09:29:53;16:22:16;2189.494,-1752.272,-1752.272;;;;
Franklin;09:29:53;16:22:17;2187.069,-1751.394,-1751.394;;;;
Franklin;09:29:54;16:22:17;2184.726,-1750.572,-1750.572;;;;
Franklin;09:29:54;16:22:18;2182.286,-1749.777,-1749.777;;;;
Franklin;09:29:55;16:22:18;2179.794,-1749.202,-1749.202;;;;
Franklin;09:29:55;16:22:19;2177.304,-1748.664,-1748.664;;;;
Franklin;09:29:56;16:22:19;2174.875,-1747.896,-1747.896;;;;
Franklin;09:29:56;16:22:20;2172.475,-1747.108,-1747.108;;;;
Franklin;09:29:57;16:22:20;2170.115,-1746.464,-1746.464;;;;
Franklin;09:29:57;16:22:21;2167.696,-1745.725,-1745.725;;;;
Franklin;09:29:58;16:22:21;2165.32,-1744.668,-1744.668;;;;
Franklin;09:29:58;16:22:22;2163.151,-1743.584,-1743.584;;;;
Franklin;09:29:59;16:22:22;2161.092,-1742.014,-1742.014;;;;
Franklin;09:29:59;16:22:23;2159.345,-1740.634,-1740.634;;;;
Franklin;09:30:00;16:22:23;2157.133,-1739.26,-1739.26;;;;
Franklin;09:30:00;16:22:24;2154.748,-1738.003,-1738.003;;;;
Franklin;09:30:01;16:22:24;2152.302,-1736.884,-1736.884;;;;
Franklin;09:30:01;16:22:25;2149.049,-1735.548,-1735.548;;;;
Franklin;09:30:02;16:22:25;2145.764,-1734.231,-1734.231;;;;
Franklin;09:30:02;16:22:26;2142.572,-1733.065,-1733.065;;;;
Franklin;09:30:03;16:22:26;2140.611,-1732.4,-1732.4;;;;
Franklin;09:30:03;16:22:27;2138.192,-1731.616,-1731.616;;;;
Franklin;09:30:04;16:22:27;2135.377,-1730.704,-1730.704;;;;
Franklin;09:30:05;16:22:28;2133.784,-1730.147,-1730.147;;;;
Franklin;09:30:05;16:22:29;2132.126,-1729.53,-1729.53;;;;
Franklin;09:30:06;16:22:29;2129.736,-1728.645,-1728.645;;;;
Franklin;09:30:06;16:22:30;2127.316,-1727.748,-1727.748;;;;
Franklin;09:30:07;16:22:30;2125.091,-1726.907,-1726.907;;;;
Franklin;09:30:07;16:22:31;2122.615,-1726.032,-1726.032;;;;
Franklin;09:30:08;16:22:31;2120.193,-1725.105,-1725.105;;;;
Franklin;09:30:08;16:22:32;2118.334,-1723.349,-1723.349;;;;
Franklin;09:30:09;16:22:32;2117.264,-1721.182,-1721.182;;;;
Franklin;09:30:09;16:22:33;2116.886,-1719.344,-1719.344;;;;
Franklin;09:30:10;16:22:33;2116.252,-1717.607,-1717.607;;;;
Franklin;09:30:10;16:22:34;2115.216,-1716.07,-1716.07;;;;
Franklin;09:30:11;16:22:34;2114.338,-1714.426,-1714.426;;;;
Franklin;09:30:11;16:22:35;2113.65,-1712.699,-1712.699;;;;
Franklin;09:30:12;16:22:35;2113.204,-1710.865,-1710.865;;;;
Franklin;09:30:12;16:22:36;2113.052,-1708.928,-1708.928;;;;
Franklin;09:30:13;16:22:36;2112.659,-1706.44,-1706.44;;;;
Franklin;09:30:13;16:22:37;2112.124,-1703.84,-1703.84;;;;
Franklin;09:30:14;16:22:37;2111.613,-1701.707,-1701.707;;;;
Franklin;09:30:14;16:22:38;2111.025,-1699.42,-1699.42;;;;
Franklin;09:30:15;16:22:38;2110.356,-1696.865,-1696.865;;;;
Franklin;09:30:15;16:22:39;2109.724,-1694.461,-1694.461;;;;
Franklin;09:30:16;16:22:39;2109.274,-1692.728,-1692.728;;;;
Franklin;09:30:16;16:22:40;2108.844,-1690.978,-1690.978;;;;
Franklin;09:30:17;16:22:40;2108.447,-1689.221,-1689.221;;;;
Franklin;09:30:18;16:22:41;2108.237,-1687.467,-1687.467;;;;
Franklin;09:30:18;16:22:42;2107.837,-1685.78,-1685.78;;;;
Franklin;09:30:19;16:22:42;2107.337,-1683.813,-1683.813;;;;
Franklin;09:30:19;16:22:43;2106.613,-1681.284,-1681.284;;;;
Franklin;09:30:20;16:22:43;2105.595,-1678.897,-1678.897;;;;
Franklin;09:30:20;16:22:44;2104.497,-1676.593,-1676.593;;;;
Franklin;09:30:21;16:22:44;2103.407,-1674.334,-1674.334;;;;
Franklin;09:30:21;16:22:45;2102.528,-1673.072,-1673.072;;;;
Franklin;09:30:22;16:22:45;2101.457,-1671.882,-1671.882;;;;
Franklin;09:30:22;16:22:46;2099.595,-1670.057,-1670.057;;;;
Franklin;09:30:23;16:22:46;2097.733,-1668.409,-1668.409;;;;
Franklin;09:30:23;16:22:47;2096.853,-1667.087,-1667.087;;;;
Franklin;09:30:24;16:22:47;2096.195,-1664.837,-1664.837;;;;
Franklin;09:30:24;16:22:48;2095.462,-1662.294,-1662.294;;;;
Franklin;09:30:25;16:22:48;2094.655,-1660.279,-1660.279;;;;
Franklin;09:30:25;16:22:49;2093.489,-1657.969,-1657.969;;;;
Franklin;09:30:26;16:22:49;2092.321,-1656.008,-1656.008;;;;
Franklin;09:30:26;16:22:50;2091.44,-1654.791,-1654.791;;;;
Franklin;09:30:27;16:22:50;2090.276,-1653.299,-1653.299;;;;
Franklin;09:30:27;16:22:51;2088.417,-1651.16,-1651.16;;;;
Franklin;09:30:28;16:22:51;2085.984,-1648.538,-1648.538;;;;
Franklin;09:30:28;16:22:52;2083.589,-1645.965,-1645.965;;;;
Franklin;09:30:29;16:22:52;2081.12,-1643.423,-1643.423;;;;
Franklin;09:30:29;16:22:53;2078.587,-1640.999,-1640.999;;;;
Franklin;09:30:30;16:22:53;2075.973,-1638.63,-1638.63;;;;
Franklin;09:30:31;16:22:54;2073.356,-1636.33,-1636.33;;;;
Franklin;09:30:31;16:22:55;2070.926,-1634.548,-1634.548;;;;
Franklin;09:30:32;16:22:55;2069.266,-1633.469,-1633.469;;;;
Franklin;09:30:32;16:22:56;2067.652,-1632.234,-1632.234;;;;
Franklin;09:30:33;16:22:56;2065.26,-1629.717,-1629.717;;;;
Franklin;09:30:33;16:22:57;2062.768,-1627.202,-1627.202;;;;
Franklin;09:30:34;16:22:57;2060.195,-1624.837,-1624.837;;;;
Franklin;09:30:34;16:22:58;2057.485,-1622.503,-1622.503;;;;
Franklin;09:30:35;16:22:58;2054.709,-1620.302,-1620.302;;;;
Franklin;09:30:35;16:22:59;2051.839,-1618.148,-1618.148;;;;
Franklin;09:30:36;16:22:59;2049.017,-1616.034,-1616.034;;;;
Franklin;09:30:36;16:23:00;2046.16,-1613.969,-1613.969;;;;
Franklin;09:30:37;16:23:00;2043.255,-1611.949,-1611.949;;;;
Franklin;09:30:37;16:23:01;2040.312,-1609.912,-1609.912;;;;
Franklin;09:30:38;16:23:01;2038.254,-1608.436,-1608.436;;;;
Franklin;09:30:38;16:23:02;2036.888,-1607.271,-1607.271;;;;
Franklin;09:30:39;16:23:02;2036.355,-1605.61,-1605.61;;;;
Franklin;09:30:39;16:23:03;2035.354,-1603.835,-1603.835;;;;
Franklin;09:30:40;16:23:03;2034.554,-1602.564,-1602.564;;;;
Franklin;09:30:40;16:23:04;2032.887,-1600.928,-1600.928;;;;
Franklin;09:30:41;16:23:04;2030.767,-1599.92,-1599.92;;;;
Franklin;09:30:41;16:23:05;2029.461,-1599.101,-1599.101;;;;
Franklin;09:30:42;16:23:05;2028.295,-1598.085,-1598.085;;;;
Franklin;09:30:42;16:23:06;2027.147,-1596.959,-1596.959;;;;
Franklin;09:30:43;16:23:06;2025.481,-1595.261,-1595.261;;;;
Franklin;09:30:44;16:23:07;2023.683,-1593.285,-1593.285;;;;
Franklin;09:30:44;16:23:08;2022.513,-1591.833,-1591.833;;;;
Franklin;09:30:45;16:23:08;2020.66,-1590.276,-1590.276;;;;
Franklin;09:30:45;16:23:09;2017.421,-1588.613,-1588.613;;;;
Franklin;09:30:46;16:23:09;2015.037,-1587.328,-1587.328;;;;
Franklin;09:30:46;16:23:10;2012.947,-1585.919,-1585.919;;;;
Franklin;09:30:47;16:23:10;2011.412,-1584.04,-1584.04;;;;
Franklin;09:30:47;16:23:11;2011.773,-1583.119,-1583.119;;;;
Franklin;09:30:48;16:23:11;2012.681,-1582.584,-1582.584;;;;
Franklin;09:30:48;16:23:12;2013.915,-1581.463,-1581.463;;;;
Franklin;09:30:49;16:23:12;2014.629,-1578.924,-1578.924;;;;
Franklin;09:30:49;16:23:13;2015.789,-1576.749,-1576.749;;;;
Franklin;09:30:50;16:23:13;2016.379,-1574.391,-1574.391;;;;
Franklin;09:30:50;16:23:14;2016.626,-1571.576,-1571.576;;;;
Franklin;09:30:51;16:23:14;2016.398,-1569.246,-1569.246;;;;
Franklin;09:30:51;16:23:15;2014.93,-1567.261,-1567.261;;;;
Franklin;09:30:52;16:23:15;2013.94,-1564.987,-1564.987;;;;
Franklin;09:30:52;16:23:16;2013.16,-1562.512,-1562.512;;;;
Franklin;09:30:53;16:23:16;2012.493,-1560.055,-1560.055;;;;
Franklin;09:30:53;16:23:17;2011.799,-1557.675,-1557.675;;;;
Franklin;09:30:54;16:23:17;2010.815,-1555.271,-1555.271;;;;
Franklin;09:30:54;16:23:18;2009.785,-1552.674,-1552.674;;;;
Franklin;09:30:55;16:23:18;2009.185,-1550.466,-1550.466;;;;
Franklin;09:30:56;16:23:19;2008.462,-1547.958,-1547.958;;;;
Franklin;09:30:56;16:23:20;2007.66,-1545.198,-1545.198;;;;
Franklin;09:30:57;16:23:20;2007,-1543.316,-1543.316;;;;
Franklin;09:30:57;16:23:21;2006.181,-1541.826,-1541.826;;;;
Franklin;09:30:58;16:23:21;2004.803,-1539.311,-1539.311;;;;
Franklin;09:30:58;16:23:22;2003.687,-1537.155,-1537.155;;;;
Franklin;09:30:59;16:23:22;2002.971,-1535.397,-1535.397;;;;
Franklin;09:30:59;16:23:23;2002.166,-1533.528,-1533.528;;;;
Franklin;09:31:00;16:23:23;2000.9,-1530.811,-1530.811;;;;
Franklin;09:31:00;16:23:24;1999.845,-1528.853,-1528.853;;;;
Franklin;09:31:01;16:23:24;1998.284,-1526.894,-1526.894;;;;
Franklin;09:31:01;16:23:25;1996.444,-1524.725,-1524.725;;;;
Franklin;09:31:02;16:23:25;1994.775,-1522.753,-1522.753;;;;
Franklin;09:31:02;16:23:26;1993.618,-1521.162,-1521.162;;;;
Franklin;09:31:03;16:23:26;1992.463,-1519.549,-1519.549;;;;
Franklin;09:31:03;16:23:27;1991,-1517.479,-1517.479;;;;
Franklin;09:31:04;16:23:27;1989.297,-1515.066,-1515.066;;;;
Franklin;09:31:04;16:23:28;1987.816,-1513.085,-1513.085;;;;
Franklin;09:31:05;16:23:28;1986.727,-1511.966,-1511.966;;;;
Franklin;09:31:05;16:23:29;1985.214,-1510.485,-1510.485;;;;
Franklin;09:31:06;16:23:29;1983.105,-1508.42,-1508.42;;;;
Franklin;09:31:06;16:23:30;1981.393,-1506.711,-1506.711;;;;
Franklin;09:31:07;16:23:30;1980.171,-1505.555,-1505.555;;;;
Franklin;09:31:08;16:23:31;1978.603,-1504.048,-1504.048;;;;
Franklin;09:31:08;16:23:32;1976.429,-1501.944,-1501.944;;;;
Franklin;09:31:09;16:23:32;1974.755,-1500.3,-1500.3;;;;
Franklin;09:31:09;16:23:33;1973.619,-1499.238,-1499.238;;;;
Franklin;09:31:10;16:23:33;1971.807,-1497.499,-1497.499;;;;
Franklin;09:31:10;16:23:34;1969.719,-1495.494,-1495.494;;;;
Franklin;09:31:11;16:23:34;1968.135,-1493.949,-1493.949;;;;
Franklin;09:31:11;16:23:35;1966.952,-1492.947,-1492.947;;;;
Franklin;09:31:12;16:23:35;1964.88,-1491.251,-1491.251;;;;
Franklin;09:31:12;16:23:36;1962.762,-1489.545,-1489.545;;;;
Franklin;09:31:13;16:23:36;1960.771,-1488.343,-1488.343;;;;
Franklin;09:31:13;16:23:37;1958.554,-1487.169,-1487.169;;;;
Franklin;09:31:14;16:23:37;1955.95,-1485.793,-1485.793;;;;
Franklin;09:31:14;16:23:38;1954.04,-1484.778,-1484.778;;;;
Franklin;09:31:15;16:23:38;1951.838,-1483.621,-1483.621;;;;
Franklin;09:31:15;16:23:39;1949.198,-1482.225,-1482.225;;;;
Franklin;09:31:16;16:23:39;1947.303,-1481.221,-1481.221;;;;
Franklin;09:31:16;16:23:40;1944.995,-1480.023,-1480.023;;;;
Franklin;09:31:17;16:23:40;1942.738,-1479.235,-1479.235;;;;
Franklin;09:31:17;16:23:41;1940.294,-1478.419,-1478.419;;;;
Franklin;09:31:18;16:23:41;1937.792,-1477.488,-1477.488;;;;
Franklin;09:31:18;16:23:42;1935.319,-1476.576,-1476.576;;;;
Franklin;09:31:19;16:23:42;1932.816,-1475.677,-1475.677;;;;
Franklin;09:31:20;16:23:43;1930.337,-1474.795,-1474.795;;;;
Franklin;09:31:20;16:23:44;1927.865,-1473.924,-1473.924;;;;
Franklin;09:31:21;16:23:44;1925.335,-1473.041,-1473.041;;;;
Franklin;09:31:21;16:23:45;1922.781,-1472.136,-1472.136;;;;
Franklin;09:31:22;16:23:45;1920.27,-1471.246,-1471.246;;;;
Franklin;09:31:22;16:23:46;1917.789,-1470.368,-1470.368;;;;
Franklin;09:31:23;16:23:46;1915.266,-1469.601,-1469.601;;;;
Franklin;09:31:23;16:23:47;1912.735,-1469.194,-1469.194;;;;
Franklin;09:31:24;16:23:47;1910.809,-1468.067,-1468.067;;;;
Franklin;09:31:24;16:23:48;1908.867,-1466.339,-1466.339;;;;
Franklin;09:31:25;16:23:48;1906.673,-1465.488,-1465.488;;;;
Franklin;09:31:25;16:23:49;1904.109,-1464.912,-1464.912;;;;
Franklin;09:31:26;16:23:49;1901.708,-1464.041,-1464.041;;;;
Franklin;09:31:26;16:23:50;1899.313,-1463.043,-1463.043;;;;
Franklin;09:31:27;16:23:50;1897.108,-1461.682,-1461.682;;;;
Franklin;09:31:27;16:23:51;1894.919,-1460.274,-1460.274;;I need a cab as soon as possible.;FRANKLIN;TAXIS_AEAA
Franklin;09:31:28;16:23:51;1892.686,-1458.85,-1458.85;;;;
Franklin;09:31:28;16:23:52;1890.49,-1457.455,-1457.455;;;;
Franklin;09:31:29;16:23:52;1888.235,-1456.136,-1456.136;;Sorry all our drivers are busy right now, please call back later.;TaxiDispatch;TAXIS_AKAA
Franklin;09:31:29;16:23:53;1885.833,-1455.241,-1455.241;;;;
Franklin;09:31:30;16:23:53;1883.356,-1454.574,-1454.574;;;;
Franklin;09:31:31;16:23:54;1880.829,-1453.946,-1453.946;;;;
Franklin;09:31:31;16:23:55;1878.317,-1453.322,-1453.322;;;;
Franklin;09:31:32;16:23:55;1875.749,-1452.686,-1452.686;;;;
Franklin;09:31:32;16:23:56;1873.303,-1451.991,-1451.991;;;;
Franklin;09:31:33;16:23:56;1870.977,-1451.176,-1451.176;;;;
Franklin;09:31:33;16:23:57;1869.297,-1450.054,-1450.054;;;;
Franklin;09:31:34;16:23:57;1869.008,-1447.825,-1447.825;;;;
Franklin;09:31:34;16:23:58;1867.817,-1445.723,-1445.723;;;;
Franklin;09:31:35;16:23:58;1866.303,-1443.659,-1443.659;;;;
Franklin;09:31:35;16:23:59;1864.757,-1441.572,-1441.572;;;;
Franklin;09:31:36;16:23:59;1863.453,-1439.518,-1439.518;;;;
Franklin;09:31:36;16:24:00;1862.664,-1436.682,-1436.682;;;;
Franklin;09:31:37;16:24:00;1860.151,-1435.143,-1435.143;;;;
Franklin;09:31:37;16:24:01;1858.154,-1433.019,-1433.019;;;;
Franklin;09:31:38;16:24:01;1859.3,-1429.953,-1429.953;;;;
Franklin;09:31:38;16:24:02;1860.69,-1427.955,-1427.955;;;;
Franklin;09:31:39;16:24:02;1861.833,-1426.352,-1426.352;;;;
Franklin;09:31:39;16:24:03;1863.102,-1424.771,-1424.771;;;;
Franklin;09:31:40;16:24:03;1864.181,-1423.134,-1423.134;;;;
Franklin;09:31:40;16:24:04;1865.219,-1420.26,-1420.26;;;;
Franklin;09:31:41;16:24:04;1867.139,-1420.726,-1420.726;;;;
Franklin;09:31:42;16:24:05;1868.274,-1419.69,-1419.69;;;;
Franklin;09:31:42;16:24:06;1868.419,-1418.2,-1418.2;;;;
Franklin;09:31:43;16:24:06;1868.421,-1418.2,-1418.2;;;;
Franklin;09:31:43;16:24:07;1868.454,-1418.138,-1418.138;;;;
Franklin;09:31:44;16:24:07;1868.442,-1418.151,-1418.151;;;;
Franklin;09:31:44;16:24:08;1868.43,-1418.165,-1418.165;;;;
Franklin;09:31:45;16:24:08;1868.419,-1418.178,-1418.178;;;;
Franklin;09:31:45;16:24:09;1868.333,-1418.168,-1418.168;;;;
Franklin;09:31:46;16:24:09;1867.094,-1417.75,-1417.75;True,Coupes,ORACLE2,1,106718,1;;;
Franklin;09:31:46;16:24:10;1865.94,-1419.099,-1419.099;True,Coupes,ORACLE2,5,780387,1;;;
Franklin;09:31:47;16:24:10;1862.961,-1422.673,-1422.673;True,Coupes,ORACLE2,12,40071,1;;;
Franklin;09:31:47;16:24:11;1858.561,-1426.878,-1426.878;True,Coupes,ORACLE2,11,7803,0;;;
Franklin;09:31:48;16:24:11;1853.353,-1429.341,-1429.341;True,Coupes,ORACLE2,11,44376,0;;;
Franklin;09:31:48;16:24:12;1848.075,-1431.365,-1431.365;True,Coupes,ORACLE2,11,17972,0;;;
Franklin;09:31:49;16:24:12;1842.851,-1433.31,-1433.31;True,Coupes,ORACLE2,10,74711,0;;;
Franklin;09:31:49;16:24:13;1837.834,-1435.171,-1435.171;True,Coupes,ORACLE2,10,17828,0;;;
Franklin;09:31:50;16:24:13;1833.049,-1436.936,-1436.936;True,Coupes,ORACLE2,9,395057,0;;;
Franklin;09:31:50;16:24:14;1829.072,-1438.846,-1438.846;True,Coupes,ORACLE2,7,009742,0;;;
Franklin;09:31:51;16:24:14;1827.598,-1440.872,-1440.872;True,Coupes,ORACLE2,3,169342,0;;;
Franklin;09:31:51;16:24:15;1827.685,-1441.972,-1441.972;True,Coupes,ORACLE2,2,415669,1;;;
Franklin;09:31:52;16:24:15;1828.514,-1443.909,-1443.909;True,Coupes,ORACLE2,5,715042,1;;;
Franklin;09:31:52;16:24:16;1831.523,-1446.146,-1446.146;True,Coupes,ORACLE2,8,547695,1;;;
Franklin;09:31:53;16:24:17;1836.222,-1446.189,-1446.189;True,Coupes,ORACLE2,9,763495,1;;;
Franklin;09:31:54;16:24:17;1841.001,-1443.747,-1443.747;True,Coupes,ORACLE2,11,5378,1;;;
Franklin;09:31:54;16:24:18;1846.009,-1440.873,-1440.873;True,Coupes,ORACLE2,10,85775,1;;;
Franklin;09:31:55;16:24:18;1850.847,-1438.027,-1438.027;True,Coupes,ORACLE2,11,93355,1;;;
Franklin;09:31:55;16:24:19;1857.088,-1435.246,-1435.246;True,Coupes,ORACLE2,14,70977,1;;;
Franklin;09:31:56;16:24:19;1863.774,-1431.248,-1431.248;True,Coupes,ORACLE2,16,03391,1;;;
Franklin;09:31:56;16:24:20;1869.742,-1425.141,-1425.141;True,Coupes,ORACLE2,17,47673,1;;;
Franklin;09:31:57;16:24:20;1874.99,-1417.127,-1417.127;True,Coupes,ORACLE2,19,32738,1;;;
Franklin;09:31:57;16:24:21;1879.643,-1407.479,-1407.479;True,Coupes,ORACLE2,22,90466,1;;;
Franklin;09:31:58;16:24:21;1885.268,-1396.239,-1396.239;True,Coupes,ORACLE2,24,735,1;;;
Franklin;09:31:58;16:24:22;1891.714,-1384.998,-1384.998;True,Coupes,ORACLE2,24,14647,1;;;
Franklin;09:31:59;16:24:22;1897.209,-1373.186,-1373.186;True,Coupes,ORACLE2,25,55763,1;;;
Franklin;09:31:59;16:24:23;1903.223,-1360.907,-1360.907;True,Coupes,ORACLE2,26,62284,0;;;
Franklin;09:32:00;16:24:23;1907.911,-1348.372,-1348.372;True,Coupes,ORACLE2,26,14269,1;;;
Franklin;09:32:00;16:24:24;1910.359,-1334.577,-1334.577;True,Coupes,ORACLE2,26,90962,0;;;
Franklin;09:32:01;16:24:24;1910.515,-1320.928,-1320.928;True,Coupes,ORACLE2,26,92735,1;;;
Franklin;09:32:01;16:24:25;1908.722,-1306.269,-1306.269;True,Coupes,ORACLE2,29,40961,1;;;
Franklin;09:32:02;16:24:25;1907.456,-1290.753,-1290.753;True,Coupes,ORACLE2,31,45099,1;;;
Franklin;09:32:02;16:24:26;1906.355,-1274.71,-1274.71;True,Coupes,ORACLE2,30,16224,0;;;
Franklin;09:32:03;16:24:26;1904.378,-1259.536,-1259.536;True,Coupes,ORACLE2,28,81848,0;;;
Franklin;09:32:03;16:24:27;1903.517,-1244.883,-1244.883;True,Coupes,ORACLE2,28,47829,1;;;
Franklin;09:32:04;16:24:27;1904.144,-1230.529,-1230.529;True,Coupes,ORACLE2,27,3123,0;;;
Franklin;09:32:04;16:24:28;1907.396,-1217.132,-1217.132;True,Coupes,ORACLE2,25,74161,0;;;
Franklin;09:32:05;16:24:29;1912.712,-1206.234,-1206.234;True,Coupes,ORACLE2,20,1608,0;;;
Franklin;09:32:06;16:24:29;1918.171,-1197.982,-1197.982;True,Coupes,ORACLE2,16,39443,0;;;
Franklin;09:32:06;16:24:30;1922.845,-1191.401,-1191.401;True,Coupes,ORACLE2,15,07534,0;;;
Franklin;09:32:07;16:24:30;1926.595,-1186.128,-1186.128;True,Coupes,ORACLE2,11,83088,0;;;
Franklin;09:32:07;16:24:31;1929.606,-1181.594,-1181.594;True,Coupes,ORACLE2,8,972023,0;;;
Franklin;09:32:08;16:24:31;1931.474,-1177.45,-1177.45;True,Coupes,ORACLE2,9,763564,1;;;
Franklin;09:32:08;16:24:32;1932.708,-1171.698,-1171.698;True,Coupes,ORACLE2,11,65695,0;;;
Franklin;09:32:09;16:24:32;1933.396,-1164.8,-1164.8;True,Coupes,ORACLE2,15,191,1;;;
Franklin;09:32:09;16:24:33;1934.702,-1156.139,-1156.139;True,Coupes,ORACLE2,19,10308,1;;;
Franklin;09:32:10;16:24:33;1936.341,-1145.33,-1145.33;True,Coupes,ORACLE2,23,2576,1;;;
Franklin;09:32:10;16:24:34;1938.036,-1133.667,-1133.667;True,Coupes,ORACLE2,22,24574,0;;;
Franklin;09:32:11;16:24:34;1939.618,-1122.479,-1122.479;True,Coupes,ORACLE2,21,28468,0;;;
Franklin;09:32:11;16:24:35;1940.394,-1111.878,-1111.878;True,Coupes,ORACLE2,20,30416,0;;;
Franklin;09:32:12;16:24:35;1941.209,-1101.908,-1101.908;True,Coupes,ORACLE2,19,12166,0;;;
Franklin;09:32:12;16:24:36;1943.072,-1092.466,-1092.466;True,Coupes,ORACLE2,17,95701,0;;;
Franklin;09:32:13;16:24:36;1945.254,-1083.238,-1083.238;True,Coupes,ORACLE2,18,0798,0;;;
Franklin;09:32:13;16:24:37;1948.663,-1074.837,-1074.837;True,Coupes,ORACLE2,16,58957,0;;;
Franklin;09:32:14;16:24:37;1952.793,-1067.663,-1067.663;True,Coupes,ORACLE2,15,29274,0;;;
Franklin;09:32:14;16:24:38;1956.534,-1061.466,-1061.466;True,Coupes,ORACLE2,11,26921,0;;;
Franklin;09:32:15;16:24:38;1959.418,-1056.718,-1056.718;True,Coupes,ORACLE2,10,12821,0;;;
