char;time_ingame;time_rw;pos;vehicle;subtitles_text;speaker;soundfile
Trevor;14:54:47;19:41:42;1972.606,3817.044,3817.044;;;;
Trevor;14:54:47;19:41:43;1972.606,3817.044,3817.044;;;;
Trevor;14:54:48;19:41:43;1972.606,3817.044,3817.044;;;;
Trevor;14:54:48;19:41:44;1972.606,3817.044,3817.044;;;;
Trevor;14:54:49;19:41:44;1972.606,3817.044,3817.044;;;;
Trevor;14:54:49;19:41:45;1972.606,3817.044,3817.044;;;;
Trevor;14:54:50;19:41:45;1972.606,3817.044,3817.044;;;;
Trevor;14:54:50;19:41:46;1972.606,3817.044,3817.044;;;;
Trevor;14:54:51;19:41:47;1972.606,3817.044,3817.044;;;;
Trevor;14:54:51;19:41:47;1972.606,3817.044,3817.044;;;;
Trevor;14:54:52;19:41:48;1972.606,3817.044,3817.044;;;;
Trevor;14:54:52;19:41:48;1972.606,3817.044,3817.044;;;;
Trevor;14:54:53;19:41:49;1972.606,3817.044,3817.044;;;;
Trevor;14:54:53;19:41:49;1972.606,3817.044,3817.044;;;;
Trevor;14:54:54;19:41:50;1972.606,3817.044,3817.044;;;;
Trevor;14:54:55;19:41:50;1972.606,3817.044,3817.044;;;;
Trevor;14:54:55;19:41:51;1972.606,3817.044,3817.044;;;;
Trevor;14:54:56;19:41:51;1972.606,3817.044,3817.044;;;;
Trevor;14:54:56;19:41:52;1972.606,3817.044,3817.044;;;;
Trevor;14:54:57;19:41:52;1972.606,3817.044,3817.044;;;;
Trevor;14:54:57;19:41:53;1972.606,3817.044,3817.044;;;;
Trevor;14:54:58;19:41:53;1972.606,3817.044,3817.044;;;;
Trevor;14:54:58;19:41:54;1972.606,3817.044,3817.044;;;;
Trevor;14:54:59;19:41:54;1972.606,3817.044,3817.044;;;;
Trevor;14:54:59;19:41:55;1972.606,3817.044,3817.044;;;;
Trevor;14:55:00;19:41:55;1972.606,3817.044,3817.044;;;;
Trevor;14:55:00;19:41:56;1972.606,3817.044,3817.044;;;;
Trevor;14:55:01;19:41:56;1972.606,3817.044,3817.044;;;;
Trevor;14:55:01;19:41:57;1972.606,3817.044,3817.044;;;;
Trevor;14:55:02;19:41:57;1972.606,3817.044,3817.044;;;;
Trevor;14:55:02;19:41:58;1972.606,3817.044,3817.044;;;;
Trevor;14:55:03;19:41:58;1972.606,3817.044,3817.044;;;;
Trevor;14:55:03;19:41:59;1972.606,3817.044,3817.044;;;;
Trevor;14:55:04;19:41:59;1972.606,3817.044,3817.044;;;;
Trevor;14:55:04;19:42:00;1972.606,3817.044,3817.044;;;;
Trevor;14:55:05;19:42:01;1972.606,3817.044,3817.044;;;;
Trevor;14:55:05;19:42:01;1972.606,3817.044,3817.044;;;;
Trevor;14:55:06;19:42:02;1972.606,3817.044,3817.044;;;;
Trevor;14:55:06;19:42:02;1972.606,3817.044,3817.044;;;;
Trevor;14:55:07;19:42:03;1972.606,3817.044,3817.044;;;;
Trevor;14:55:08;19:42:03;1972.606,3817.044,3817.044;;;;
Trevor;14:55:08;19:42:04;1972.606,3817.044,3817.044;;;;
Trevor;14:55:09;19:42:04;1972.606,3817.044,3817.044;;;;
Trevor;14:55:09;19:42:05;1972.597,3817.043,3817.043;;;;
Trevor;14:55:10;19:42:05;1972.258,3817.005,3817.005;;;;
Trevor;14:55:10;19:42:06;1971.559,3816.832,3816.832;;;;
Trevor;14:55:11;19:42:06;1971.504,3816.309,3816.309;;;;
Trevor;14:55:11;19:42:07;1972.049,3816.54,3816.54;;;;
Trevor;14:55:12;19:42:07;1972.263,3817.424,3817.424;;;;
Trevor;14:55:12;19:42:08;1972.367,3818.026,3818.026;;;;
Trevor;14:55:13;19:42:08;1972.427,3818.173,3818.173;;;;
Trevor;14:55:13;19:42:09;1972.434,3818.186,3818.186;;;;
Trevor;14:55:14;19:42:09;1972.434,3818.186,3818.186;;;;
Trevor;14:55:14;19:42:10;1972.434,3818.186,3818.186;;;;
Trevor;14:56:25;19:43:20;1972.434,3818.186,3818.186;;;;
Trevor;14:56:25;19:43:21;1972.434,3818.186,3818.186;;;;
Trevor;14:56:26;19:43:21;1972.434,3818.186,3818.186;;;;
Trevor;14:56:26;19:43:22;1972.336,3818.603,3818.603;;;;
Trevor;14:56:27;19:43:23;1972.297,3818.562,3818.562;;;;
Trevor;14:56:27;19:43:23;1972.901,3818.753,3818.753;;;;
Trevor;14:56:28;19:43:24;1973.795,3818.68,3818.68;;;;
Trevor;14:56:28;19:43:24;1974.62,3818.718,3818.718;;Routine procedure my ass. They're after us.;NERVOUSRON;FMT_ACAA
Trevor;14:56:29;19:43:25;1974.588,3818.191,3818.191;;;;
Trevor;14:56:30;19:43:25;1973.811,3818.09,3818.09;;;;
Trevor;14:56:30;19:43:26;1973.019,3817.668,3817.668;;;;
Trevor;14:56:31;19:43:26;1972.9,3816.807,3816.807;;;;
Trevor;14:56:31;19:43:27;1973.181,3815.958,3815.958;;;;
Trevor;14:56:32;19:43:27;1973.734,3815.239,3815.239;;;;
Trevor;14:56:32;19:43:28;1974.525,3814.858,3814.858;;;;
Trevor;14:56:34;19:43:29;1975.637,3815.01,3815.01;;;;
Trevor;14:56:34;19:43:30;1976.133,3815.068,3815.068;;;;
Trevor;14:56:35;19:43:30;1977.346,3815.178,3815.178;;;;
Trevor;14:56:35;19:43:31;1979.081,3815.744,3815.744;;;;
Trevor;14:56:36;19:43:31;1981.842,3816.334,3816.334;;;;
Trevor;14:56:36;19:43:32;1984.443,3815.017,3815.017;;;;
Trevor;14:56:37;19:43:32;1984.155,3812.104,3812.104;;;;
Trevor;14:56:37;19:43:33;1982.05,3810.29,3810.29;;;;
Trevor;14:56:38;19:43:33;1980.931,3809.779,3809.779;;;;
Trevor;14:56:38;19:43:34;1980.931,3809.778,3809.778;;;;
Trevor;14:56:39;19:43:35;1980.962,3809.452,3809.452;;;;
Trevor;14:56:39;19:43:35;1981.394,3808.174,3808.174;True,OffRoad,BODHI2,0,02756857,0;;;
Trevor;14:56:40;19:43:36;1981.394,3808.174,3808.174;True,OffRoad,BODHI2,0,0;;;
Trevor;14:56:40;19:43:36;1981.394,3808.174,3808.174;True,OffRoad,BODHI2,0,0;;;
Trevor;14:56:41;19:43:37;1981.394,3808.174,3808.174;True,OffRoad,BODHI2,0,0;;;
Trevor;14:56:41;19:43:37;1981.394,3808.174,3808.174;True,OffRoad,BODHI2,0,0;;;
Trevor;14:56:54;19:43:50;1981.394,3808.174,3808.174;True,OffRoad,BODHI2,0,0;;;
Trevor;14:56:55;19:43:50;1981.394,3808.174,3808.174;True,OffRoad,BODHI2,0,0;;;
Trevor;14:56:55;19:43:51;1981.394,3808.174,3808.174;True,OffRoad,BODHI2,0,0;;;
Trevor;14:56:56;19:43:51;1981.38,3808.168,3808.168;True,OffRoad,BODHI2,0,2291397,1;;;
Trevor;14:56:56;19:43:52;1980.732,3807.688,3807.688;True,OffRoad,BODHI2,3,04995,1;;;
Trevor;14:56:57;19:43:52;1978.412,3805.928,3805.928;True,OffRoad,BODHI2,8,3425,1;;;
Trevor;14:56:57;19:43:53;1974.284,3802.501,3802.501;True,OffRoad,BODHI2,10,21635,0;;;
Trevor;14:56:58;19:43:53;1970.5,3798.898,3798.898;True,OffRoad,BODHI2,10,95629,1;;;
Trevor;14:56:58;19:43:54;1965.182,3794.82,3794.82;True,OffRoad,BODHI2,14,51473,1;;;
Trevor;14:56:59;19:43:54;1958.483,3789.986,3789.986;True,OffRoad,BODHI2,17,14547,1;;;
Trevor;14:56:59;19:43:55;1950.301,3784.94,3784.94;True,OffRoad,BODHI2,19,43081,1;;;
Trevor;14:57:00;19:43:55;1941.157,3779.461,3779.461;True,OffRoad,BODHI2,21,26248,1;;;
Trevor;14:57:00;19:43:56;1931.316,3773.581,3773.581;True,OffRoad,BODHI2,22,12853,0;;;
Trevor;14:57:01;19:43:56;1921.937,3767.984,3767.984;True,OffRoad,BODHI2,21,21592,1;;;
Trevor;14:57:01;19:43:57;1911.93,3762.586,3762.586;True,OffRoad,BODHI2,22,51888,1;;;
Trevor;14:57:02;19:43:57;1901.484,3756.245,3756.245;True,OffRoad,BODHI2,24,06806,1;;;
Trevor;14:57:02;19:43:58;1890.874,3749.238,3749.238;True,OffRoad,BODHI2,25,36722,1;;;
Trevor;14:57:03;19:43:58;1879.521,3742.163,3742.163;True,OffRoad,BODHI2,26,79871,1;;;
Trevor;14:57:03;19:43:59;1867.683,3734.903,3734.903;True,OffRoad,BODHI2,25,37751,0;;;
Trevor;14:57:04;19:44:00;1856.633,3726.62,3726.62;True,OffRoad,BODHI2,27,94822,1;;;
Trevor;14:57:04;19:44:00;1844.378,3718.146,3718.146;True,OffRoad,BODHI2,29,46497,1;;;
Trevor;14:57:05;19:44:01;1830.663,3711.135,3711.135;True,OffRoad,BODHI2,30,32805,1;;;
Trevor;14:57:05;19:44:01;1816.488,3704.968,3704.968;True,OffRoad,BODHI2,28,77531,0;;;
Trevor;14:57:06;19:44:02;1803.654,3698.661,3698.661;True,OffRoad,BODHI2,27,13797,1;;;
Trevor;14:57:06;19:44:02;1791.017,3691.46,3691.46;True,OffRoad,BODHI2,28,38668,1;;;
Trevor;14:57:07;19:44:03;1777.949,3683.973,3683.973;True,OffRoad,BODHI2,29,54558,1;;;
Trevor;14:57:08;19:44:03;1764.765,3676.44,3676.44;True,OffRoad,BODHI2,28,77079,0;;;
Trevor;14:57:08;19:44:04;1752.414,3669.393,3669.393;True,OffRoad,BODHI2,23,85556,0;;;
Trevor;14:57:09;19:44:04;1742.458,3663.714,3663.714;True,OffRoad,BODHI2,19,31776,0;;;
Trevor;14:57:09;19:44:05;1734.103,3658.948,3658.948;True,OffRoad,BODHI2,18,19248,1;;;
Trevor;14:57:10;19:44:05;1725.47,3654.024,3654.024;True,OffRoad,BODHI2,20,31078,1;;;
Trevor;14:57:10;19:44:06;1715.79,3648.617,3648.617;True,OffRoad,BODHI2,22,02261,1;;;
Trevor;14:57:11;19:44:06;1705.743,3643.157,3643.157;True,OffRoad,BODHI2,21,07937,0;;;
Trevor;14:57:11;19:44:07;1696.223,3637.588,3637.588;True,OffRoad,BODHI2,21,78127,1;;;
Trevor;14:57:12;19:44:07;1686.254,3632.144,3632.144;True,OffRoad,BODHI2,22,02696,1;;;
Trevor;14:57:12;19:44:08;1676.3,3626.763,3626.763;True,OffRoad,BODHI2,20,45997,0;;;
Trevor;14:57:13;19:44:08;1668.277,3622.427,3622.427;True,OffRoad,BODHI2,16,00833,0;;;
Trevor;14:57:13;19:44:09;1661.335,3618.669,3618.669;True,OffRoad,BODHI2,14,96407,1;;;
Trevor;14:57:14;19:44:09;1655.047,3614.352,3614.352;True,OffRoad,BODHI2,13,7897,0;;;
Trevor;14:57:14;19:44:10;1649.873,3610.163,3610.163;True,OffRoad,BODHI2,13,02544,1;;;
Trevor;14:57:15;19:44:10;1645.976,3604.334,3604.334;True,OffRoad,BODHI2,13,18834,0;;;
Trevor;14:57:15;19:44:11;1646.126,3598.08,3598.08;True,OffRoad,BODHI2,12,32111,1;;;
Trevor;14:57:16;19:44:11;1649.159,3591.77,3591.77;True,OffRoad,BODHI2,14,91702,1;;;
Trevor;14:57:16;19:44:12;1652.543,3584.185,3584.185;True,OffRoad,BODHI2,17,20621,1;;;
Trevor;14:57:17;19:44:12;1657.031,3575.801,3575.801;True,OffRoad,BODHI2,19,35107,1;;;
Trevor;14:57:17;19:44:13;1662.15,3566.478,3566.478;True,OffRoad,BODHI2,21,36346,1;;;
Trevor;14:57:18;19:44:14;1667.758,3556.251,3556.251;True,OffRoad,BODHI2,22,11938,0;;;
Trevor;14:57:18;19:44:14;1673.113,3546.493,3546.493;True,OffRoad,BODHI2,21,254,1;;;
Trevor;14:57:19;19:44:15;1678.654,3536.415,3536.415;True,OffRoad,BODHI2,22,65932,1;;;
Trevor;14:57:20;19:44:15;1684.539,3525.714,3525.714;True,OffRoad,BODHI2,23,9509,1;;;
Trevor;14:57:20;19:44:16;1690.648,3514.591,3514.591;True,OffRoad,BODHI2,25,8416,1;;;
Trevor;14:57:21;19:44:16;1697.471,3502.062,3502.062;True,OffRoad,BODHI2,28,92197,1;;;
Trevor;14:57:21;19:44:17;1705.174,3488.633,3488.633;True,OffRoad,BODHI2,30,66378,1;;;
Trevor;14:57:22;19:44:17;1713.498,3475.33,3475.33;True,OffRoad,BODHI2,29,1892,0;;;
Trevor;14:57:22;19:44:18;1721.414,3462.293,3462.293;True,OffRoad,BODHI2,30,33276,1;;;
Trevor;14:57:23;19:44:18;1729.525,3447.893,3447.893;True,OffRoad,BODHI2,33,23491,1;;;
Trevor;14:57:23;19:44:19;1738.357,3432.114,3432.114;True,OffRoad,BODHI2,36,88954,1;;;
Trevor;14:57:24;19:44:19;1748.455,3415.464,3415.464;True,OffRoad,BODHI2,37,69838,1;;;
Trevor;14:57:24;19:44:20;1757.218,3398.368,3398.368;True,OffRoad,BODHI2,36,40903,0;;;
Trevor;14:57:25;19:44:20;1765.405,3382.072,3382.072;True,OffRoad,BODHI2,33,60047,0;;;
Trevor;14:57:25;19:44:21;1773.133,3367.368,3367.368;True,OffRoad,BODHI2,30,8874,0;;;
Trevor;14:57:26;19:44:21;1780.245,3353.979,3353.979;True,OffRoad,BODHI2,28,42167,1;;;
Trevor;14:57:26;19:44:22;1787.737,3341.479,3341.479;True,OffRoad,BODHI2,27,3284,1;;;
Trevor;14:57:27;19:44:22;1795.239,3329.213,3329.213;True,OffRoad,BODHI2,28,15087,1;;;
Trevor;14:57:27;19:44:23;1802.534,3316.486,3316.486;True,OffRoad,BODHI2,28,89809,1;;;
Trevor;14:57:28;19:44:23;1810.019,3303.392,3303.392;True,OffRoad,BODHI2,29,62589,1;;;
Trevor;14:57:28;19:44:24;1817.775,3290.608,3290.608;True,OffRoad,BODHI2,28,74801,1;;;
Trevor;14:57:29;19:44:24;1825.822,3277.606,3277.606;True,OffRoad,BODHI2,29,49669,1;;;
Trevor;14:57:29;19:44:25;1833.747,3264.488,3264.488;True,OffRoad,BODHI2,30,09356,1;;;
Trevor;14:57:30;19:44:25;1842.565,3251.308,3251.308;True,OffRoad,BODHI2,30,7798,1;;;
Trevor;14:57:30;19:44:26;1851.681,3237.928,3237.928;True,OffRoad,BODHI2,31,05169,0;;;
Trevor;14:57:31;19:44:27;1861.15,3225.595,3225.595;True,OffRoad,BODHI2,28,4894,0;;;
Trevor;14:57:31;19:44:27;1870.341,3214.37,3214.37;True,OffRoad,BODHI2,27,10701,1;;;
Trevor;14:57:32;19:44:28;1879.54,3203.467,3203.467;True,OffRoad,BODHI2,27,79546,0;;;
Trevor;14:57:32;19:44:28;1889.602,3193.269,3193.269;True,OffRoad,BODHI2,27,61966,1;;;
Trevor;14:57:33;19:44:29;1899.941,3182.766,3182.766;True,OffRoad,BODHI2,28,56827,1;;;
Trevor;14:57:34;19:44:29;1910.595,3171.827,3171.827;True,OffRoad,BODHI2,29,36072,1;;;
Trevor;14:57:34;19:44:30;1922.035,3161.216,3161.216;True,OffRoad,BODHI2,29,15411,0;;;
Trevor;14:57:35;19:44:30;1933.347,3151.799,3151.799;True,OffRoad,BODHI2,27,54338,0;;;
Trevor;14:57:35;19:44:31;1943.771,3143.298,3143.298;True,OffRoad,BODHI2,22,63781,0;;;
Trevor;14:57:36;19:44:31;1952.564,3136.111,3136.111;True,OffRoad,BODHI2,20,46697,0;;;
Trevor;14:57:36;19:44:32;1960.212,3129.669,3129.669;True,OffRoad,BODHI2,18,14609,0;;;
Trevor;14:57:37;19:44:32;1965.533,3122.556,3122.556;True,OffRoad,BODHI2,15,61896,0;;;
Trevor;14:57:37;19:44:33;1967.181,3115.261,3115.261;True,OffRoad,BODHI2,13,52626,1;;;
Trevor;14:57:38;19:44:33;1966.083,3107.666,3107.666;True,OffRoad,BODHI2,15,1109,0;;;
Trevor;14:57:38;19:44:34;1963.861,3100.502,3100.502;True,OffRoad,BODHI2,14,75617,0;;;
Trevor;14:57:39;19:44:34;1963.411,3093.662,3093.662;True,OffRoad,BODHI2,12,15655,0;;;
Trevor;14:57:39;19:44:35;1965.29,3087.448,3087.448;True,OffRoad,BODHI2,12,71326,1;;;
Trevor;14:57:40;19:44:35;1969.245,3081.544,3081.544;True,OffRoad,BODHI2,15,15648,1;;;
Trevor;14:57:40;19:44:36;1974.873,3075.198,3075.198;True,OffRoad,BODHI2,15,47514,0;;;
Trevor;14:57:41;19:44:36;1980.697,3070.321,3070.321;True,OffRoad,BODHI2,13,57914,0;;;
Trevor;14:57:41;19:44:37;1986.201,3066.806,3066.806;True,OffRoad,BODHI2,11,50452,0;;;
Trevor;14:57:42;19:44:38;1990.801,3063.94,3063.94;True,OffRoad,BODHI2,9,549558,0;;;
Trevor;14:57:42;19:44:38;1993.727,3060.911,3060.911;True,OffRoad,BODHI2,6,867034,0;;;
Trevor;14:57:43;19:44:39;1994.595,3059.522,3059.522;True,OffRoad,BODHI2,0,05032228,0;;;
Trevor;14:57:43;19:44:39;1994.566,3059.509,3059.509;True,OffRoad,BODHI2,0,00264346,0;;;
Trevor;14:57:44;19:44:40;1995.798,3060.316,3060.316;;;;
Trevor;14:57:45;19:44:40;1995.759,3060.681,3060.681;;;;
Trevor;14:57:45;19:44:41;1995.693,3061.045,3061.045;;;;
Trevor;14:57:46;19:44:41;1995.442,3062.769,3062.769;;;;
Trevor;14:57:46;19:44:42;1993.399,3063.806,3063.806;;;;
Trevor;14:57:47;19:44:42;1991.853,3061.636,3061.636;;;;
Trevor;14:57:47;19:44:43;1991.062,3058.47,3058.47;;;;
Trevor;14:57:48;19:44:43;1991.035,3056.633,3056.633;;;;
Trevor;14:57:48;19:44:44;1990.877,3055.72,3055.72;;;;
Trevor;14:57:49;19:44:44;1990.623,3054.789,3054.789;;;;
Trevor;14:57:49;19:44:45;1990.377,3053.856,3053.856;;;;
Trevor;14:57:50;19:44:45;1989.886,3053.097,3053.097;;;;
Trevor;14:57:50;19:44:46;1989.023,3053.223,3053.223;;;;
Trevor;14:57:51;19:44:46;1988.155,3053.546,3053.546;;;;
Trevor;14:57:51;19:44:47;1987.584,3053.973,3053.973;;You sure as shit are one dumb, ignorant, white trash, hillbilly, Wallis.;Cutscene;Cutscene
Trevor;14:57:52;19:44:47;1987.592,3054.103,3054.103;;;;
Trevor;14:57:52;19:44:48;1987.57,3054.076,3054.076;;;;
Trevor;14:57:53;19:44:48;1987.54,3053.951,3053.951;;;;
Trevor;14:57:53;19:44:49;1987.545,3053.929,3053.929;;;;
Trevor;14:57:54;19:44:50;1987.555,3054.107,3054.107;;;;
Trevor;14:57:54;19:44:50;1987.557,3054.1,3054.1;;;;
Trevor;14:57:55;19:44:51;1987.571,3053.944,3053.944;;;;
Trevor;14:57:55;19:44:51;1987.591,3053.902,3053.902;;;;
Trevor;14:57:56;19:44:52;1987.573,3053.98,3053.98;;You're damn right.;Cutscene;Cutscene
Trevor;14:57:56;19:44:52;1987.548,3054.065,3054.065;;;;
Trevor;14:57:57;19:44:53;1987.531,3053.958,3053.958;;;;
Trevor;14:57:58;19:44:53;1987.48,3054.07,3054.07;;;;
Trevor;14:57:58;19:44:54;1987.365,3054.06,3054.06;;Cheng,;Cutscene;Cutscene
Trevor;14:57:59;19:44:54;1987.351,3054.03,3054.03;;;;
Trevor;14:57:59;19:44:55;1987.349,3054.048,3054.048;;Spreadsheet,;Cutscene;Cutscene
Trevor;14:58:00;19:44:55;1987.322,3054.08,3054.08;;;;
Trevor;14:58:00;19:44:56;1987.346,3054.025,3054.025;;let's head outside and talk terms.;Cutscene;Cutscene
Trevor;14:58:01;19:44:56;1987.498,3053.917,3053.917;;;;
Trevor;14:58:01;19:44:57;1987.602,3053.935,3053.935;;;;
Trevor;14:58:02;19:44:57;1987.639,3053.921,3053.921;;;;
Trevor;14:58:02;19:44:58;1987.604,3053.775,3053.775;;Come, come, come. Hurry!;Cutscene;Cutscene
Trevor;14:58:03;19:44:58;1987.841,3053.68,3053.68;;;;
Trevor;14:58:03;19:44:59;1988.321,3053.518,3053.518;;;;
Trevor;14:58:04;19:44:59;1988.865,3053.291,3053.291;;;;
Trevor;14:58:04;19:45:00;1989.314,3052.972,3052.972;;;;
Trevor;14:58:05;19:45:00;1989.748,3052.864,3052.864;;;;
Trevor;14:58:05;19:45:01;1992.534,3057.049,3057.049;;;;
Trevor;14:58:06;19:45:01;1992.557,3056.918,3056.918;;;;
Trevor;14:58:06;19:45:02;1992.545,3056.905,3056.905;;Gentlemen,;Cutscene;Cutscene
Trevor;14:58:07;19:45:03;1992.521,3056.92,3056.92;;;;
Trevor;14:58:07;19:45:03;1992.5,3056.941,3056.941;;;;
Trevor;14:58:08;19:45:04;1992.352,3057.029,3057.029;;I think,;Cutscene;Cutscene
Trevor;14:58:08;19:45:04;1992.409,3056.943,3056.943;;;;
Trevor;14:58:09;19:45:05;1992.533,3056.771,3056.771;;;;
Trevor;14:58:10;19:45:05;1992.642,3056.516,3056.516;;;;
Trevor;14:58:10;19:45:06;1992.772,3056.335,3056.335;;I have proved that my organization can handle weight.;Cutscene;Cutscene
Trevor;14:58:11;19:45:06;1993.006,3056.234,3056.234;;;;
Trevor;14:58:11;19:45:07;1993.137,3056.079,3056.079;;;;
Trevor;14:58:12;19:45:07;1993.242,3055.922,3055.922;;;;
Trevor;14:58:12;19:45:08;1993.414,3055.938,3055.938;;;;
Trevor;14:58:13;19:45:08;1993.278,3056.101,3056.101;;;;
Trevor;14:58:13;19:45:09;1993.03,3056.284,3056.284;;;;
Trevor;14:58:14;19:45:09;1992.654,3056.424,3056.424;;;;
Trevor;14:58:14;19:45:10;1992.379,3056.556,3056.556;;;;
Trevor;14:58:15;19:45:10;1992.199,3056.691,3056.691;;And I think I have proved that;Cutscene;Cutscene
Trevor;14:58:15;19:45:11;1992.35,3056.619,3056.619;;;;
Trevor;14:58:16;19:45:11;1992.543,3056.474,3056.474;;;;
Trevor;14:58:16;19:45:12;1992.795,3056.267,3056.267;;;;
Trevor;14:58:17;19:45:12;1993.023,3056.156,3056.156;;my organization is a reliable supplier.;Cutscene;Cutscene
Trevor;14:58:17;19:45:13;1993.237,3056.115,3056.115;;;;
Trevor;14:58:18;19:45:13;1993.235,3056.119,3056.119;;;;
Trevor;14:58:18;19:45:14;1993.204,3056.191,3056.191;;;;
Trevor;14:58:19;19:45:15;1993.298,3056.184,3056.184;;;;
Trevor;14:58:19;19:45:15;1992.51,3056.3,3056.3;;In short,;Cutscene;Cutscene
Trevor;14:58:20;19:45:16;1992.395,3056.443,3056.443;;;;
Trevor;14:58:20;19:45:16;1992.397,3056.51,3056.51;;it's you and me,;Cutscene;Cutscene
Trevor;14:58:21;19:45:17;1992.522,3056.416,3056.416;;;;
Trevor;14:58:22;19:45:17;1992.51,3056.341,3056.341;;;;
Trevor;14:58:22;19:45:18;1992.503,3056.268,3056.268;;;;
Trevor;14:58:23;19:45:18;1992.914,3056.055,3056.055;;now give me some of that Goddamn X.;Cutscene;Cutscene
Trevor;14:58:23;19:45:19;1992.927,3056.27,3056.27;;;;
Trevor;14:58:24;19:45:19;1992.988,3056.455,3056.455;;;;
Trevor;14:58:24;19:45:20;1992.868,3056.591,3056.591;;;;
Trevor;14:58:25;19:45:20;1993.14,3055.794,3055.794;;;;
Trevor;14:58:25;19:45:21;1993.039,3055.937,3055.937;;I'm afraid we want to go down a different path.;Cutscene;Cutscene
Trevor;14:58:26;19:45:21;1993.03,3055.935,3055.935;;;;
Trevor;14:58:26;19:45:22;1993.049,3055.865,3055.865;;;;
Trevor;14:58:27;19:45:22;1993.039,3055.869,3055.869;;;;
Trevor;14:58:27;19:45:23;1993.047,3055.907,3055.907;;;;
Trevor;14:58:28;19:45:23;1993.055,3055.922,3055.922;;;;
Trevor;14:58:28;19:45:24;1993.038,3055.872,3055.872;;;;
Trevor;14:58:29;19:45:24;1992.942,3055.89,3055.89;;What?;Cutscene;Cutscene
Trevor;14:58:29;19:45:25;1992.945,3055.888,3055.888;;We want to explore other opportunities.;Cutscene;Cutscene
Trevor;14:58:30;19:45:25;1992.949,3055.881,3055.881;;;;
Trevor;14:58:30;19:45:26;1992.953,3055.884,3055.884;;;;
Trevor;14:58:31;19:45:27;1992.956,3055.892,3055.892;;;;
Trevor;14:58:31;19:45:27;1992.955,3055.893,3055.893;;;;
Trevor;14:58:32;19:45:28;1992.954,3055.891,3055.891;;You big crazy man. You crazy. You want a massage?;Cutscene;Cutscene
Trevor;14:58:32;19:45:28;1992.956,3055.889,3055.889;;;;
Trevor;14:58:33;19:45:29;1992.983,3055.876,3055.876;;;;
Trevor;14:58:34;19:45:29;1993.064,3055.865,3055.865;;;;
Trevor;14:58:34;19:45:30;1993.033,3055.897,3055.897;;;;
Trevor;14:58:35;19:45:30;1992.936,3055.982,3055.982;;;;
Trevor;14:58:35;19:45:31;1992.948,3055.958,3055.958;;;;
Trevor;14:58:36;19:45:31;1992.982,3055.868,3055.868;;;;
Trevor;14:58:36;19:45:32;1992.888,3055.916,3055.916;;;;
Trevor;14:58:37;19:45:32;1992.875,3055.887,3055.887;;Shut the fuck up!;Cutscene;Cutscene
Trevor;14:58:37;19:45:33;1992.977,3055.842,3055.842;;;;
Trevor;14:58:38;19:45:33;1992.92,3055.792,3055.792;;;;
Trevor;14:58:38;19:45:34;1992.937,3055.827,3055.827;;Our boss, Mr. Cheng's father,;Cutscene;Cutscene
Trevor;14:58:39;19:45:34;1992.871,3055.844,3055.844;;;;
Trevor;14:58:39;19:45:35;1992.858,3055.845,3055.845;;;;
Trevor;14:58:40;19:45:35;1992.864,3055.814,3055.814;;;;
Trevor;14:58:40;19:45:36;1992.899,3055.807,3055.807;;;;
Trevor;14:58:41;19:45:36;1992.858,3055.851,3055.851;;wants something a little larger.;Cutscene;Cutscene
Trevor;14:58:41;19:45:37;1992.76,3055.97,3055.97;;;;
Trevor;14:58:42;19:45:37;1992.783,3055.976,3055.976;;;;
Trevor;14:58:42;19:45:38;1992.846,3055.924,3055.924;;;;
Trevor;14:58:43;19:45:38;1992.874,3055.899,3055.899;;;;
Trevor;14:58:43;19:45:39;1992.826,3055.865,3055.865;;;;
Trevor;14:58:44;19:45:40;1992.818,3055.86,3055.86;;We want to move drugs, perhaps guns.;Cutscene;Cutscene
Trevor;14:58:44;19:45:40;1992.821,3055.862,3055.862;;;;
Trevor;14:58:45;19:45:41;1992.824,3055.864,3055.864;;;;
Trevor;14:58:45;19:45:41;1992.828,3055.867,3055.867;;;;
Trevor;14:58:46;19:45:42;1992.836,3055.866,3055.866;;;;
Trevor;14:58:47;19:45:42;1992.847,3055.857,3055.857;;;;
Trevor;14:58:47;19:45:43;1992.865,3055.844,3055.844;;This is my life's work.;Cutscene;Cutscene
Trevor;14:58:48;19:45:43;1992.894,3055.956,3055.956;;;;
Trevor;14:58:48;19:45:44;1992.903,3055.952,3055.952;;;;
Trevor;14:58:49;19:45:44;1992.909,3055.956,3055.956;;;;
Trevor;14:58:49;19:45:45;1992.92,3055.949,3055.949;;;;
Trevor;14:58:50;19:45:45;1992.949,3055.933,3055.933;;I mean since I was a little kid I-I dreamt big.;Cutscene;Cutscene
Trevor;14:58:50;19:45:46;1993.005,3055.916,3055.916;;;;
Trevor;14:58:51;19:45:46;1993.036,3055.944,3055.944;;;;
Trevor;14:58:51;19:45:47;1992.96,3055.99,3055.99;;;;
Trevor;14:58:52;19:45:47;1992.89,3056.083,3056.083;;;;
Trevor;14:58:52;19:45:48;1992.906,3056.128,3056.128;;;;
Trevor;14:58:53;19:45:48;1992.951,3056.065,3056.065;;Y'know, I've always wanted to be an international drug dealer and...;Cutscene;Cutscene
Trevor;14:58:53;19:45:49;1992.987,3056.026,3056.026;;;;
Trevor;14:58:54;19:45:49;1993.003,3055.982,3055.982;;;;
Trevor;14:58:54;19:45:50;1992.926,3055.988,3055.988;;;;
Trevor;14:58:55;19:45:50;1992.897,3056.004,3056.004;;;;
Trevor;14:58:55;19:45:51;1992.929,3055.972,3055.972;;;;
Trevor;14:58:56;19:45:52;1993.006,3055.972,3055.972;;;;
Trevor;14:58:56;19:45:52;1992.959,3055.966,3055.966;;;;
Trevor;14:58:57;19:45:53;1992.9,3055.98,3055.98;;;;
Trevor;14:58:57;19:45:53;1992.888,3056.015,3056.015;;weapons trader.;Cutscene;Cutscene
Trevor;14:58:58;19:45:54;1992.869,3056.032,3056.032;;;;
Trevor;14:58:59;19:45:54;1992.877,3056.02,3056.02;;;;
Trevor;14:58:59;19:45:55;1992.926,3055.984,3055.984;;Alright, so I'm begging you,;Cutscene;Cutscene
Trevor;14:59:00;19:45:55;1992.978,3055.957,3055.957;;;;
Trevor;14:59:00;19:45:56;1992.987,3055.932,3055.932;;;;
Trevor;14:59:01;19:45:56;1992.848,3056.006,3056.006;;;;
Trevor;14:59:01;19:45:57;1992.843,3056.025,3056.025;;let's make this happen.;Cutscene;Cutscene
Trevor;14:59:02;19:45:57;1992.904,3055.901,3055.901;;;;
Trevor;14:59:02;19:45:58;1992.872,3055.856,3055.856;;I'm very sorry.;Cutscene;Cutscene
Trevor;14:59:03;19:45:58;1992.872,3055.868,3055.868;;;;
Trevor;14:59:03;19:45:59;1992.872,3055.872,3055.872;;You're sorry?;Cutscene;Cutscene
Trevor;14:59:04;19:45:59;1992.883,3055.89,3055.89;;;;
Trevor;14:59:04;19:46:00;1992.887,3055.894,3055.894;;;;
Trevor;14:59:05;19:46:00;1992.888,3055.884,3055.884;;;;
Trevor;14:59:05;19:46:01;1992.816,3055.86,3055.86;;You're fucking sorry?;Cutscene;Cutscene
Trevor;14:59:06;19:46:01;1992.732,3055.759,3055.759;;;;
Trevor;14:59:06;19:46:02;1992.799,3055.708,3055.708;;;;
Trevor;14:59:07;19:46:02;1992.788,3055.67,3055.67;;I just spilled my fucking guts out to you;Cutscene;Cutscene
Trevor;14:59:07;19:46:03;1992.799,3055.664,3055.664;;;;
Trevor;14:59:08;19:46:03;1992.677,3055.714,3055.714;;;;
Trevor;14:59:08;19:46:04;1992.639,3055.731,3055.731;;;;
Trevor;14:59:09;19:46:05;1992.91,3055.771,3055.771;;;;
Trevor;14:59:09;19:46:05;1993.191,3056.022,3056.022;;and you say to me you're sorry.;Cutscene;Cutscene
Trevor;14:59:10;19:46:06;1992.992,3055.936,3055.936;;;;
Trevor;14:59:10;19:46:06;1992.657,3055.896,3055.896;;;;
Trevor;14:59:11;19:46:07;1992.699,3055.833,3055.833;;;;
Trevor;14:59:12;19:46:07;1992.903,3055.913,3055.913;;;;
Trevor;14:59:12;19:46:08;1993.078,3056.181,3056.181;;;;
Trevor;14:59:13;19:46:08;1992.624,3055.947,3055.947;;Who you working with?;Cutscene;Cutscene
Trevor;14:59:13;19:46:09;1992.682,3055.816,3055.816;;;;
Trevor;14:59:14;19:46:09;1992.748,3055.81,3055.81;;Hmm, who?;Cutscene;Cutscene
Trevor;14:59:14;19:46:10;1992.697,3055.897,3055.897;;;;
Trevor;14:59:15;19:46:10;1992.714,3055.796,3055.796;;;;
Trevor;14:59:15;19:46:11;1992.742,3055.754,3055.754;;I'm not at liberty to say.;Cutscene;Cutscene
Trevor;14:59:16;19:46:11;1992.671,3055.834,3055.834;;;;
Trevor;14:59:16;19:46:12;1992.652,3055.862,3055.862;;;;
Trevor;14:59:17;19:46:12;1992.717,3055.791,3055.791;;Oh no, no, no.;Cutscene;Cutscene
Trevor;14:59:17;19:46:13;1992.691,3055.708,3055.708;;You're at fucking liberty,;Cutscene;Cutscene
Trevor;14:59:18;19:46:13;1992.464,3055.592,3055.592;;;;
Trevor;14:59:18;19:46:14;1992.378,3055.451,3055.451;;;;
Trevor;14:59:19;19:46:14;1992.348,3055.243,3055.243;;in fact I'd say you are obliged.;Cutscene;Cutscene
Trevor;14:59:19;19:46:15;1992.195,3055.167,3055.167;;;;
Trevor;14:59:20;19:46:15;1992.061,3055.133,3055.133;;;;
Trevor;14:59:20;19:46:16;1992.093,3055.017,3055.017;;;;
Trevor;14:59:21;19:46:16;1992.115,3054.946,3054.946;;;;
Trevor;14:59:21;19:46:17;1992.064,3055.098,3055.098;;;;
Trevor;14:59:22;19:46:18;1992.198,3055.129,3055.129;;;;
Trevor;14:59:22;19:46:18;1992.123,3055.157,3055.157;;Who?;Cutscene;Cutscene
Trevor;14:59:23;19:46:19;1992.11,3055.168,3055.168;;;;
Trevor;14:59:23;19:46:19;1992.121,3055.155,3055.155;;;;
Trevor;14:59:24;19:46:20;1992.114,3055.159,3055.159;;;;
Trevor;14:59:25;19:46:20;1992.247,3055.101,3055.101;;Fucking who, who, who, who?;Cutscene;Cutscene
Trevor;14:59:25;19:46:21;1992.255,3055.15,3055.15;;;;
Trevor;14:59:26;19:46:21;1992.26,3055.194,3055.194;;;;
Trevor;14:59:26;19:46:22;1992.242,3055.238,3055.238;;;;
Trevor;14:59:27;19:46:22;1992.061,3055.283,3055.283;;;;
Trevor;14:59:27;19:46:23;1992.094,3055.354,3055.354;;;;
Trevor;14:59:28;19:46:23;1992.207,3055.319,3055.319;;The O'Neil brothers.;Cutscene;Cutscene
Trevor;14:59:28;19:46:24;1992.2,3055.303,3055.303;;;;
Trevor;14:59:29;19:46:24;1992.087,3055.155,3055.155;;The O'Neil brothers, huh?;Cutscene;Cutscene
Trevor;14:59:29;19:46:25;1991.865,3054.917,3054.917;;;;
Trevor;14:59:30;19:46:25;1991.849,3054.653,3054.653;;Yeah.;Cutscene;Cutscene
Trevor;14:59:30;19:46:26;1991.807,3054.5,3054.5;;;;
Trevor;14:59:31;19:46:26;1991.659,3054.442,3054.442;;Are you shitting me?;Cutscene;Cutscene
Trevor;14:59:31;19:46:27;1991.645,3054.36,3054.36;;;;
Trevor;14:59:32;19:46:27;1991.718,3054.304,3054.304;;No.;Cutscene;Cutscene
Trevor;14:59:32;19:46:28;1991.682,3054.295,3054.295;;;;
Trevor;14:59:33;19:46:28;1991.662,3054.292,3054.292;;'Cause those fucking O'Neil brothers,;Cutscene;Cutscene
Trevor;14:59:33;19:46:29;1991.684,3054.301,3054.301;;;;
Trevor;14:59:34;19:46:29;1991.589,3054.358,3054.358;;;;
Trevor;14:59:34;19:46:30;1991.665,3054.308,3054.308;;I hear a little birdie tellin' me that they have a bit of a problem,;Cutscene;Cutscene
Trevor;14:59:35;19:46:31;1991.672,3054.293,3054.293;;;;
Trevor;14:59:35;19:46:31;1991.676,3054.302,3054.302;;;;
Trevor;14:59:36;19:46:32;1991.682,3054.298,3054.298;;;;
Trevor;14:59:36;19:46:32;1991.705,3054.298,3054.298;;;;
Trevor;14:59:37;19:46:33;1991.712,3054.309,3054.309;;;;
Trevor;14:59:38;19:46:33;1991.692,3054.295,3054.295;;since one of them is going to have to be surgically removed;Cutscene;Cutscene
Trevor;14:59:38;19:46:34;1991.694,3054.277,3054.277;;;;
Trevor;14:59:39;19:46:34;1991.694,3054.274,3054.274;;;;
Trevor;14:59:39;19:46:35;1991.712,3054.299,3054.299;;;;
Trevor;14:59:40;19:46:35;1991.701,3054.277,3054.277;;;;
Trevor;14:59:40;19:46:36;1991.709,3054.273,3054.273;;from the skull of the other.;Cutscene;Cutscene
Trevor;14:59:41;19:46:36;1991.646,3054.425,3054.425;;Fuck you guys and fuck them.;Cutscene;Cutscene
Trevor;14:59:41;19:46:37;1991.608,3054.8,3054.8;;;;
Trevor;14:59:42;19:46:37;1991.978,3055.235,3055.235;;;;
Trevor;14:59:42;19:46:38;1992.518,3055.841,3055.841;;;;
Trevor;14:59:43;19:46:38;1993.103,3056.709,3056.709;;;;
Trevor;14:59:43;19:46:39;1993.713,3057.693,3057.693;;;;
Trevor;14:59:44;19:46:39;1994.399,3058.657,3058.657;;;;
Trevor;14:59:44;19:46:40;1995.113,3059.656,3059.656;;;;
Trevor;14:59:45;19:46:40;1995.811,3060.636,3060.636;;;;
Trevor;14:59:45;19:46:41;1996.351,3061.547,3061.547;;;;
Trevor;14:59:46;19:46:42;1996.375,3061.587,3061.587;;;;
Trevor;14:59:46;19:46:42;1995.202,3062.156,3062.156;True,OffRoad,BODHI2,0,0;;;
Trevor;14:59:47;19:46:43;1995.202,3062.156,3062.156;True,OffRoad,BODHI2,0,0;Arghhhh!;trevor;CHI2_CRAA
Trevor;14:59:48;19:46:43;1995.202,3062.156,3062.156;True,OffRoad,BODHI2,0,0;;;
Trevor;14:59:48;19:46:44;1995.202,3062.156,3062.156;True,OffRoad,BODHI2,0,0;;;
Trevor;14:59:49;19:46:44;1995.202,3062.156,3062.156;True,OffRoad,BODHI2,0,0;;;
Trevor;14:59:49;19:46:45;1995.202,3062.156,3062.156;True,OffRoad,BODHI2,0,0;;;
Trevor;14:59:50;19:46:45;1995.202,3062.156,3062.156;True,OffRoad,BODHI2,0,0;;;
Trevor;14:59:50;19:46:46;1995.202,3062.156,3062.156;True,OffRoad,BODHI2,0,0;;;
Trevor;14:59:51;19:46:46;1995.202,3062.156,3062.156;True,OffRoad,BODHI2,0,0;;;
Trevor;14:59:51;19:46:47;1995.201,3062.157,3062.157;True,OffRoad,BODHI2,0,02344432,1;;;
Trevor;14:59:52;19:46:47;1994.824,3062.451,3062.451;True,OffRoad,BODHI2,2,206791,1;;;
Trevor;14:59:52;19:46:48;1993.208,3064.04,3064.04;True,OffRoad,BODHI2,6,836983,1;;;
Trevor;14:59:53;19:46:48;1989.298,3067.009,3067.009;True,OffRoad,BODHI2,10,75146,0;;;
Trevor;14:59:53;19:46:49;1985.132,3069.986,3069.986;True,OffRoad,BODHI2,9,877596,0;;;
Trevor;14:59:54;19:46:49;1981.371,3073.462,3073.462;True,OffRoad,BODHI2,10,46696,1;;;
Trevor;14:59:54;19:46:50;1978.176,3077.754,3077.754;True,OffRoad,BODHI2,9,61625,0;;;
Trevor;14:59:55;19:46:50;1975.14,3082.447,3082.447;True,OffRoad,BODHI2,13,15824,1;;;
Trevor;14:59:55;19:46:51;1971.904,3089.821,3089.821;True,OffRoad,BODHI2,17,30547,1;;;
Trevor;14:59:56;19:46:51;1969.678,3099.257,3099.257;True,OffRoad,BODHI2,18,74447,0;;;
Trevor;14:59:56;19:46:52;1968.942,3109.469,3109.469;True,OffRoad,BODHI2,20,61014,1;;;
Trevor;14:59:57;19:46:53;1967.975,3120.605,3120.605;True,OffRoad,BODHI2,20,72379,0;;;
Trevor;14:59:57;19:46:53;1964.123,3130.414,3130.414;True,OffRoad,BODHI2,20,67417,1;;;
Trevor;14:59:58;19:46:54;1957.99,3139.527,3139.527;True,OffRoad,BODHI2,20,68505,0;;;
Trevor;14:59:58;19:46:54;1949.605,3146.908,3146.908;True,OffRoad,BODHI2,22,30026,1;;;
Trevor;14:59:59;19:46:55;1940.529,3153.616,3153.616;True,OffRoad,BODHI2,20,90454,1;;;
Trevor;15:00:00;19:46:55;1931.511,3160.58,3160.58;True,OffRoad,BODHI2,22,42009,1;;;
Trevor;15:00:00;19:46:56;1922.714,3168.721,3168.721;True,OffRoad,BODHI2,23,7799,1;;;
Trevor;15:00:01;19:46:56;1913.746,3177.777,3177.777;True,OffRoad,BODHI2,25,04999,1;;;
Trevor;15:00:01;19:46:57;1904.234,3187.283,3187.283;True,OffRoad,BODHI2,26,37749,1;;;
Trevor;15:00:02;19:46:57;1894.076,3197.012,3197.012;True,OffRoad,BODHI2,27,69899,1;;;
Trevor;15:00:02;19:46:58;1884.506,3208.128,3208.128;True,OffRoad,BODHI2,28,77182,1;;;
Trevor;15:00:03;19:46:58;1874.756,3220.082,3220.082;True,OffRoad,BODHI2,29,70494,1;;;
Trevor;15:00:03;19:46:59;1864.781,3232.347,3232.347;True,OffRoad,BODHI2,30,65943,1;;;
Trevor;15:00:04;19:46:59;1855.31,3245.34,3245.34;True,OffRoad,BODHI2,30,86755,0;;;
Trevor;15:00:04;19:47:00;1846.332,3257.726,3257.726;True,OffRoad,BODHI2,28,95367,0;;;
Trevor;15:00:05;19:47:00;1837.773,3269.654,3269.654;True,OffRoad,BODHI2,26,69592,0;;;
Trevor;15:00:05;19:47:01;1830.62,3280.978,3280.978;True,OffRoad,BODHI2,26,18687,1;;;
Trevor;15:00:06;19:47:01;1823.392,3292.88,3292.88;True,OffRoad,BODHI2,27,57668,1;;;
Trevor;15:00:06;19:47:02;1815.657,3305.652,3305.652;True,OffRoad,BODHI2,28,53969,0;;;
Trevor;15:00:07;19:47:02;1807.976,3318.339,3318.339;True,OffRoad,BODHI2,28,24092,1;;;
Trevor;15:00:07;19:47:03;1800.371,3331.095,3331.095;True,OffRoad,BODHI2,28,43503,1;;;
Trevor;15:00:08;19:47:03;1793.443,3344.179,3344.179;True,OffRoad,BODHI2,27,73188,0;;;
Trevor;15:00:08;19:47:04;1786.902,3356.839,3356.839;True,OffRoad,BODHI2,26,94257,0;;;
Trevor;15:00:09;19:47:05;1780.158,3368.866,3368.866;True,OffRoad,BODHI2,26,57741,1;;;
Trevor;15:00:09;19:47:05;1773.3,3380.831,3380.831;True,OffRoad,BODHI2,27,10024,1;;;
Trevor;15:00:10;19:47:06;1766.475,3393.401,3393.401;True,OffRoad,BODHI2,28,32247,1;;;
Trevor;15:00:10;19:47:06;1758.598,3406.223,3406.223;True,OffRoad,BODHI2,29,49346,1;;;
Trevor;15:00:11;19:47:07;1750.999,3419.628,3419.628;True,OffRoad,BODHI2,30,4268,1;;;
Trevor;15:00:12;19:47:07;1744.018,3433.657,3433.657;True,OffRoad,BODHI2,29,34217,0;;;
Trevor;15:00:12;19:47:08;1737.289,3446.46,3446.46;True,OffRoad,BODHI2,26,78259,0;;;
Trevor;15:00:13;19:47:08;1730.732,3458.173,3458.173;True,OffRoad,BODHI2,24,52109,0;;;
Trevor;15:00:13;19:47:09;1724.384,3468.555,3468.555;True,OffRoad,BODHI2,22,61992,0;;;
Trevor;15:00:14;19:47:09;1718.688,3477.547,3477.547;True,OffRoad,BODHI2,19,03763,0;;;
Trevor;15:00:14;19:47:10;1713.619,3485.553,3485.553;True,OffRoad,BODHI2,17,39164,0;;;
Trevor;15:00:15;19:47:10;1709.07,3492.832,3492.832;True,OffRoad,BODHI2,15,4784,0;;;
Trevor;15:00:15;19:47:11;1706.817,3499.803,3499.803;True,OffRoad,BODHI2,13,1927,0;;;
Trevor;15:00:16;19:47:11;1706.569,3506.322,3506.322;True,OffRoad,BODHI2,12,933,1;;;
Trevor;15:00:16;19:47:12;1709.571,3513.318,3513.318;True,OffRoad,BODHI2,16,44717,1;;;
Trevor;15:00:17;19:47:12;1716.515,3519.15,3519.15;True,OffRoad,BODHI2,17,88244,0;;;
Trevor;15:00:17;19:47:13;1724.568,3523.378,3523.378;True,OffRoad,BODHI2,17,99515,1;;;
Trevor;15:00:18;19:47:13;1733.864,3526.788,3526.788;True,OffRoad,BODHI2,19,47944,0;;;
Trevor;15:00:18;19:47:14;1742.329,3531.396,3531.396;True,OffRoad,BODHI2,17,3745,0;;;
Trevor;15:00:19;19:47:14;1750.277,3535.981,3535.981;True,OffRoad,BODHI2,17,34186,0;;;
Trevor;15:00:19;19:47:15;1758.536,3540.469,3540.469;True,OffRoad,BODHI2,19,20732,1;;;
Trevor;15:00:20;19:47:15;1766.98,3546.45,3546.45;True,OffRoad,BODHI2,20,90447,1;;;
Trevor;15:00:20;19:47:16;1775.251,3554.113,3554.113;True,OffRoad,BODHI2,22,37945,1;;;
Trevor;15:00:21;19:47:16;1784.234,3560.943,3560.943;True,OffRoad,BODHI2,20,77064,1;;;
Trevor;15:00:21;19:47:17;1793.888,3566.643,3566.643;True,OffRoad,BODHI2,22,17084,1;;;
Trevor;15:00:22;19:47:18;1803.901,3572.868,3572.868;True,OffRoad,BODHI2,23,51086,1;;;
Trevor;15:00:22;19:47:18;1815.082,3578.292,3578.292;True,OffRoad,BODHI2,24,75704,1;;;
Trevor;15:00:23;19:47:19;1827.621,3583.173,3583.173;True,OffRoad,BODHI2,26,82982,1;;;
Trevor;15:00:23;19:47:19;1840.527,3589.491,3589.491;True,OffRoad,BODHI2,28,13781,1;;;
Trevor;15:00:24;19:47:20;1853.543,3596.655,3596.655;True,OffRoad,BODHI2,29,10292,1;;;
Trevor;15:00:25;19:47:20;1866.91,3603.866,3603.866;True,OffRoad,BODHI2,29,9177,1;;;
Trevor;15:00:25;19:47:21;1880.123,3611.326,3611.326;True,OffRoad,BODHI2,28,8072,1;;;
Trevor;15:00:26;19:47:21;1893.141,3618.872,3618.872;True,OffRoad,BODHI2,29,75592,1;;;
Trevor;15:00:26;19:47:22;1906.418,3626.563,3626.563;True,OffRoad,BODHI2,28,68354,1;;;
Trevor;15:00:27;19:47:22;1919.585,3634.207,3634.207;True,OffRoad,BODHI2,29,68942,1;;;
Trevor;15:00:27;19:47:23;1932.5,3641.728,3641.728;True,OffRoad,BODHI2,28,01578,0;;;
Trevor;15:00:28;19:47:23;1944.45,3648.69,3648.69;True,OffRoad,BODHI2,25,80104,0;;;
Trevor;15:00:28;19:47:24;1955.434,3655.091,3655.091;True,OffRoad,BODHI2,24,00887,1;;;
Trevor;15:00:29;19:47:24;1966.517,3661.595,3661.595;True,OffRoad,BODHI2,25,13605,0;;;
Trevor;15:00:29;19:47:25;1976.546,3669.543,3669.543;True,OffRoad,BODHI2,24,56845,1;;;
Trevor;15:00:30;19:47:25;1986.584,3678.199,3678.199;True,OffRoad,BODHI2,25,9189,1;;;
Trevor;15:00:30;19:47:26;1998.424,3685.304,3685.304;True,OffRoad,BODHI2,27,25081,1;;;
Trevor;15:00:31;19:47:26;2011.426,3691.756,3691.756;True,OffRoad,BODHI2,28,42969,1;;;
Trevor;15:00:31;19:47:27;2024.796,3697.844,3697.844;True,OffRoad,BODHI2,27,96606,0;;;
Trevor;15:00:32;19:47:27;2037.787,3704.457,3704.457;True,OffRoad,BODHI2,28,49031,1;;;
Trevor;15:00:32;19:47:28;2051.441,3710.985,3710.985;True,OffRoad,BODHI2,29,46628,1;;;
Trevor;15:00:33;19:47:28;2064.963,3718.754,3718.754;True,OffRoad,BODHI2,30,61913,1;;;
Trevor;15:00:33;19:47:29;2078.827,3726.755,3726.755;True,OffRoad,BODHI2,30,24178,0;;;
Trevor;15:00:34;19:47:29;2092.001,3734.318,3734.318;True,OffRoad,BODHI2,29,64605,1;;;
Trevor;15:00:34;19:47:30;2105.474,3742.046,3742.046;True,OffRoad,BODHI2,29,83924,0;;;
Trevor;15:00:35;19:47:31;2118.436,3749.47,3749.47;True,OffRoad,BODHI2,27,4625,0;;;
Trevor;15:00:35;19:47:31;2130.248,3756.232,3756.232;True,OffRoad,BODHI2,25,18043,0;Trevor Philips.;ONEIL;CHI2_DDAA
Trevor;15:00:36;19:47:32;2141.832,3762.862,3762.862;True,OffRoad,BODHI2,26,03071,1;;;
Trevor;15:00:36;19:47:32;2153.843,3769.725,3769.725;True,OffRoad,BODHI2,27,24626,1;;;
Trevor;15:00:37;19:47:33;2166.323,3776.831,3776.831;True,OffRoad,BODHI2,28,3074,1;Elwood O'Neil, fuck you. Fuck you, fuck you, fuck you!;trevor;CHI2_DDAB
Trevor;15:00:37;19:47:33;2179.364,3784.247,3784.247;True,OffRoad,BODHI2,29,15382,1;;;
Trevor;15:00:38;19:47:34;2192.942,3791.927,3791.927;True,OffRoad,BODHI2,30,28465,1;;;
Trevor;15:00:39;19:47:34;2206.954,3799.739,3799.739;True,OffRoad,BODHI2,30,29426,0;;;
Trevor;15:00:39;19:47:35;2220.248,3807.404,3807.404;True,OffRoad,BODHI2,29,08709,0;;;
Trevor;15:00:40;19:47:35;2230.724,3814.467,3814.467;True,OffRoad,BODHI2,18,23501,0;;;
Trevor;15:00:40;19:47:36;2235.697,3818.9,3818.9;True,OffRoad,BODHI2,9,730266,0;;;
Trevor;15:00:41;19:47:36;2239.794,3820.898,3820.898;True,OffRoad,BODHI2,8,998238,1;;;
Trevor;15:00:41;19:47:37;2243.699,3823.68,3823.68;True,OffRoad,BODHI2,9,884903,1;;;
Trevor;15:00:42;19:47:37;2247.355,3827.902,3827.902;True,OffRoad,BODHI2,11,92126,1;;;
Trevor;15:00:42;19:47:38;2253.051,3831.913,3831.913;True,OffRoad,BODHI2,14,96397,1;Trevor... it's business.;ONEIL;CHI2_DDAC
Trevor;15:00:43;19:47:38;2260.322,3836.247,3836.247;True,OffRoad,BODHI2,17,55515,1;;;
Trevor;15:00:43;19:47:39;2268.79,3840.662,3840.662;True,OffRoad,BODHI2,19,62024,1;;;
Trevor;15:00:44;19:47:39;2278.829,3844.625,3844.625;True,OffRoad,BODHI2,21,43107,1;;;
Trevor;15:00:44;19:47:40;2289.457,3848.666,3848.666;True,OffRoad,BODHI2,22,33153,0;That wide eyed idiot was mine!;trevor;CHI2_DDAD
Trevor;15:00:45;19:47:40;2299.429,3853.691,3853.691;True,OffRoad,BODHI2,21,01419,1;;;
Trevor;15:00:45;19:47:41;2309.518,3858.956,3858.956;True,OffRoad,BODHI2,22,40241,1;;;
Trevor;15:00:46;19:47:41;2320.325,3864.622,3864.622;True,OffRoad,BODHI2,24,19058,1;;;
Trevor;15:00:46;19:47:42;2331.083,3871.523,3871.523;True,OffRoad,BODHI2,25,19765,1;;;
Trevor;15:00:47;19:47:42;2341.118,3880.643,3880.643;True,OffRoad,BODHI2,26,65894,1;;;
Trevor;15:00:47;19:47:43;2352.295,3889.207,3889.207;True,OffRoad,BODHI2,27,44632,0;It's business, fella. You wanna discuss it, we're at the farm.;ONEIL;CHI2_DDAE
Trevor;15:00:48;19:47:44;2363.358,3897.329,3897.329;True,OffRoad,BODHI2,25,55695,1;;;
Trevor;15:00:48;19:47:44;2374.244,3905.307,3905.307;True,OffRoad,BODHI2,25,28832,0;;;
Trevor;15:00:49;19:47:45;2383.382,3913.785,3913.785;True,OffRoad,BODHI2,23,75387,1;;;
Trevor;15:00:49;19:47:45;2391.825,3922.822,3922.822;True,OffRoad,BODHI2,24,17274,1;;;
Trevor;15:00:50;19:47:46;2400.885,3932.041,3932.041;True,OffRoad,BODHI2,25,44729,1;;;
Trevor;15:00:50;19:47:46;2410.512,3941.218,3941.218;True,OffRoad,BODHI2,24,45639,0;;;
Trevor;15:00:51;19:47:47;2418.717,3950.89,3950.89;True,OffRoad,BODHI2,23,19629,0;;;
Trevor;15:00:52;19:47:47;2425.327,3961.214,3961.214;True,OffRoad,BODHI2,24,39577,1;Ernie, Earl, Walton, Wynn, Dale, Doyle, Daryl, Dan - all of us.;ONEIL;CHI2_DDAG
Trevor;15:00:52;19:47:48;2432.295,3972.026,3972.026;True,OffRoad,BODHI2,25,57563,1;;;
Trevor;15:00:53;19:47:48;2440.242,3983.091,3983.091;True,OffRoad,BODHI2,26,7279,1;;;
Trevor;15:00:53;19:47:49;2448.133,3993.993,3993.993;True,OffRoad,BODHI2,24,63611,0;;;
Trevor;15:00:54;19:47:49;2453.863,4004.748,4004.748;True,OffRoad,BODHI2,23,26375,1;;;
Trevor;15:00:54;19:47:50;2459.594,4015.451,4015.451;True,OffRoad,BODHI2,22,57166,0;;;
Trevor;15:00:55;19:47:50;2464.873,4025.6,4025.6;True,OffRoad,BODHI2,21,11935,0;;;
Trevor;15:00:55;19:47:51;2468.964,4035.41,4035.41;True,OffRoad,BODHI2,19,86593,0;;;
Trevor;15:00:56;19:47:51;2472.635,4044.44,4044.44;True,OffRoad,BODHI2,17,75511,0;;;
Trevor;15:00:56;19:47:52;2476.483,4052.787,4052.787;True,OffRoad,BODHI2,18,50227,1;;;
Trevor;15:00:57;19:47:52;2480.877,4061.881,4061.881;True,OffRoad,BODHI2,20,3737,1;Start writing those names on tombstones, 'cause I'm on the way to your lab, and we're going to see;trevor;CHI2_DDAF
Trevor;15:00:57;19:47:53;2486.313,4071.563,4071.563;True,OffRoad,BODHI2,21,37863,0;;;
Trevor;15:00:58;19:47:53;2491.123,4080.954,4080.954;True,OffRoad,BODHI2,17,45445,0;;;
Trevor;15:00:58;19:47:54;2493.789,4087.176,4087.176;True,OffRoad,BODHI2,11,37349,0;;;
Trevor;15:00:59;19:47:54;2495.874,4092.119,4092.119;True,OffRoad,BODHI2,9,025992,0;;;
Trevor;15:00:59;19:47:55;2497.288,4096.168,4096.168;True,OffRoad,BODHI2,8,659382,1;;;
Trevor;15:01:00;19:47:55;2499.06,4100.132,4100.132;True,OffRoad,BODHI2,7,504198,0;;;
Trevor;15:01:00;19:47:56;2500.505,4103.213,4103.213;True,OffRoad,BODHI2,5,583652,0;;;
Trevor;15:01:01;19:47:57;2501.771,4105.89,4105.89;True,OffRoad,BODHI2,5,866995,0;;;
Trevor;15:01:01;19:47:57;2503.374,4109.274,4109.274;True,OffRoad,BODHI2,7,346118,0;;;
Trevor;15:01:02;19:47:58;2504.788,4112.257,4112.257;True,OffRoad,BODHI2,5,435023,0;;;
Trevor;15:01:02;19:47:58;2505.737,4114.691,4114.691;True,OffRoad,BODHI2,4,658092,0;how much of a family meth business you got when I'm done!;trevor;CHI2_DDAH
Trevor;15:01:03;19:47:59;2506.359,4116.626,4116.626;True,OffRoad,BODHI2,4,072459,1;;;
Trevor;15:01:03;19:47:59;2507.363,4119.603,4119.603;True,OffRoad,BODHI2,8,203381,1;;;
Trevor;15:01:04;19:48:00;2508.397,4123.353,4123.353;True,OffRoad,BODHI2,6,335821,0;;;
Trevor;15:01:05;19:48:00;2508.688,4126.222,4126.222;True,OffRoad,BODHI2,5,364823,1;;;
Trevor;15:01:05;19:48:01;2508.027,4129.383,4129.383;True,OffRoad,BODHI2,6,174459,0;;;
Trevor;15:01:06;19:48:01;2506.453,4132.687,4132.687;True,OffRoad,BODHI2,8,809538,1;;;
Trevor;15:01:06;19:48:02;2503.113,4136.75,4136.75;True,OffRoad,BODHI2,9,744907,0;;;
Trevor;15:01:07;19:48:02;2499.445,4139.62,4139.62;True,OffRoad,BODHI2,8,873863,1;;;
Trevor;15:01:07;19:48:03;2495.48,4143.08,4143.08;True,OffRoad,BODHI2,10,15107,0;;;
Trevor;15:01:08;19:48:03;2491.735,4146.918,4146.918;True,OffRoad,BODHI2,10,23811,0;;;
Trevor;15:01:08;19:48:04;2488.472,4150.698,4150.698;True,OffRoad,BODHI2,8,983314,0;Arghh!;trevor;CHI2_DDAI
Trevor;15:01:09;19:48:04;2485.363,4154.719,4154.719;True,OffRoad,BODHI2,10,90554,1;;;
Trevor;15:01:09;19:48:05;2482.501,4159.21,4159.21;True,OffRoad,BODHI2,9,288072,0;;;
Trevor;15:01:10;19:48:05;2480.008,4163.345,4163.345;True,OffRoad,BODHI2,10,21468,1;;;
Trevor;15:01:10;19:48:06;2477.221,4167.979,4167.979;True,OffRoad,BODHI2,9,66416,0;;;
Trevor;15:01:11;19:48:06;2474.436,4172.613,4172.613;True,OffRoad,BODHI2,11,45732,1;All! Of! You! Are! Going! To! Die!;trevor;CHI2_APAA
Trevor;15:01:11;19:48:07;2471.114,4178.137,4178.137;True,OffRoad,BODHI2,12,38618,0;;;
Trevor;15:01:12;19:48:07;2468.072,4183.196,4183.196;True,OffRoad,BODHI2,10,55795,0;;;
Trevor;15:01:12;19:48:08;2465.524,4187.681,4187.681;True,OffRoad,BODHI2,9,433169,0;;;
Trevor;15:01:13;19:48:08;2463.813,4191.725,4191.725;True,OffRoad,BODHI2,7,649377,0;;;
Trevor;15:01:13;19:48:09;2462.492,4194.979,4194.979;True,OffRoad,BODHI2,5,838066,0;;;
Trevor;15:01:14;19:48:10;2461.231,4198.097,4198.097;True,OffRoad,BODHI2,6,241127,0;;;
Trevor;15:01:14;19:48:10;2459.899,4201.401,4201.401;True,OffRoad,BODHI2,8,656306,1;;;
Trevor;15:01:15;19:48:11;2458.386,4206.505,4206.505;True,OffRoad,BODHI2,10,22011,0;;;
Trevor;15:01:15;19:48:11;2457.27,4211.294,4211.294;True,OffRoad,BODHI2,9,400566,1;;;
Trevor;15:01:16;19:48:12;2456.066,4216.578,4216.578;True,OffRoad,BODHI2,10,23739,0;;;
Trevor;15:01:17;19:48:12;2454.904,4221.693,4221.693;True,OffRoad,BODHI2,10,65476,1;;;
Trevor;15:01:17;19:48:13;2453.525,4227.77,4227.77;True,OffRoad,BODHI2,13,00814,1;;;
Trevor;15:01:18;19:48:13;2451.893,4235.021,4235.021;True,OffRoad,BODHI2,15,26781,1;;;
Trevor;15:01:18;19:48:14;2450.582,4243.507,4243.507;True,OffRoad,BODHI2,17,60762,1;;;
Trevor;15:01:19;19:48:14;2449.762,4253.293,4253.293;True,OffRoad,BODHI2,19,72526,1;;;
Trevor;15:01:19;19:48:15;2449.85,4264.005,4264.005;True,OffRoad,BODHI2,21,54866,1;;;
Trevor;15:01:20;19:48:15;2449.461,4275.486,4275.486;True,OffRoad,BODHI2,21,91537,0;;;
Trevor;15:01:20;19:48:16;2448.767,4286.563,4286.563;True,OffRoad,BODHI2,21,10611,1;;;
Trevor;15:01:21;19:48:16;2449.807,4297.881,4297.881;True,OffRoad,BODHI2,22,51713,1;;;
Trevor;15:01:21;19:48:17;2451.439,4310.085,4310.085;True,OffRoad,BODHI2,23,94019,1;;;
Trevor;15:01:22;19:48:17;2454.965,4322.443,4322.443;True,OffRoad,BODHI2,25,03779,1;;;
Trevor;15:01:22;19:48:18;2460.286,4335.036,4335.036;True,OffRoad,BODHI2,26,83483,1;;;
Trevor;15:01:23;19:48:18;2464.927,4348.577,4348.577;True,OffRoad,BODHI2,28,14685,1;;;
Trevor;15:01:23;19:48:19;2469.757,4362.73,4362.73;True,OffRoad,BODHI2,29,12461,1;;;
Trevor;15:01:24;19:48:19;2475.423,4377.055,4377.055;True,OffRoad,BODHI2,29,94562,1;;;
Trevor;15:01:24;19:48:20;2480.541,4391.967,4391.967;True,OffRoad,BODHI2,30,583,1;;;
Trevor;15:01:25;19:48:21;2484.489,4407.142,4407.142;True,OffRoad,BODHI2,28,77072,0;;;
Trevor;15:01:25;19:48:21;2487.793,4421.48,4421.48;True,OffRoad,BODHI2,27,38148,0;;;
Trevor;15:01:26;19:48:22;2489.415,4435.222,4435.222;True,OffRoad,BODHI2,26,32528,1;;;
Trevor;15:01:26;19:48:22;2489.271,4448.88,4448.88;True,OffRoad,BODHI2,25,15397,0;;;
Trevor;15:01:27;19:48:23;2488.776,4462.397,4462.397;True,OffRoad,BODHI2,26,32409,1;;;
Trevor;15:01:28;19:48:23;2488.27,4476.528,4476.528;True,OffRoad,BODHI2,27,56026,1;;;
Trevor;15:01:28;19:48:24;2487.302,4490.502,4490.502;True,OffRoad,BODHI2,25,79346,0;;;
Trevor;15:01:29;19:48:24;2486.26,4503.338,4503.338;True,OffRoad,BODHI2,23,48399,0;;;
Trevor;15:01:29;19:48:25;2484.01,4514.727,4514.727;True,OffRoad,BODHI2,21,31805,0;;;
Trevor;15:01:30;19:48:25;2481.512,4525.017,4525.017;True,OffRoad,BODHI2,19,13831,0;;;
Trevor;15:01:30;19:48:26;2479.062,4534.397,4534.397;True,OffRoad,BODHI2,18,72373,1;;;
Trevor;15:01:31;19:48:26;2475.49,4543.958,4543.958;True,OffRoad,BODHI2,20,58913,1;;;
Trevor;15:01:31;19:48:27;2470.379,4553.868,4553.868;True,OffRoad,BODHI2,21,89925,1;;;
Trevor;15:01:32;19:48:27;2465.665,4563.781,4563.781;True,OffRoad,BODHI2,20,11974,0;;;
Trevor;15:01:32;19:48:28;2461.314,4573.49,4573.49;True,OffRoad,BODHI2,17,66717,0;;;
Trevor;15:01:33;19:48:28;2457.734,4581.482,4581.482;True,OffRoad,BODHI2,15,5053,0;;;
Trevor;15:01:33;19:48:29;2454.552,4588.65,4588.65;True,OffRoad,BODHI2,15,00403,1;;;
Trevor;15:01:34;19:48:29;2452.562,4597,4597;True,OffRoad,BODHI2,16,39063,0;;;
Trevor;15:01:34;19:48:30;2454.645,4604.325,4604.325;True,OffRoad,BODHI2,14,60305,1;;;
Trevor;15:01:35;19:48:30;2460.482,4610.345,4610.345;True,OffRoad,BODHI2,17,425,1;;;
Trevor;15:01:35;19:48:31;2467.37,4617.396,4617.396;True,OffRoad,BODHI2,20,64841,1;;;
Trevor;15:01:36;19:48:32;2475.171,4625.679,4625.679;True,OffRoad,BODHI2,22,20544,0;;;
Trevor;15:01:36;19:48:32;2482.992,4633.947,4633.947;True,OffRoad,BODHI2,21,707,1;;;
Trevor;15:01:37;19:48:33;2491.208,4642.633,4642.633;True,OffRoad,BODHI2,23,45994,1;;;
Trevor;15:01:37;19:48:33;2499.988,4651.913,4651.913;True,OffRoad,BODHI2,25,10279,1;;;
Trevor;15:01:38;19:48:34;2509.276,4661.707,4661.707;True,OffRoad,BODHI2,26,49107,1;;;
Trevor;15:01:39;19:48:34;2519.551,4671.472,4671.472;True,OffRoad,BODHI2,27,85319,1;;;
Trevor;15:01:39;19:48:35;2530.624,4681.282,4681.282;True,OffRoad,BODHI2,28,83176,1;;;
Trevor;15:01:40;19:48:35;2541.438,4692.037,4692.037;True,OffRoad,BODHI2,29,67219,1;;;
Trevor;15:01:40;19:48:36;2552.446,4703.167,4703.167;True,OffRoad,BODHI2,30,36765,1;;;
Trevor;15:01:41;19:48:36;2563.716,4714.567,4714.567;True,OffRoad,BODHI2,30,93917,1;;;
Trevor;15:01:41;19:48:37;2575.385,4726.045,4726.045;True,OffRoad,BODHI2,30,34877,0;;;
Trevor;15:01:42;19:48:37;2587.13,4736.205,4736.205;True,OffRoad,BODHI2,28,32846,0;;;
Trevor;15:01:42;19:48:38;2597.127,4745.982,4745.982;True,OffRoad,BODHI2,25,99875,0;;;
Trevor;15:01:43;19:48:38;2605.95,4755.603,4755.603;True,OffRoad,BODHI2,23,70616,0;;;
Trevor;15:01:43;19:48:39;2613.237,4764.305,4764.305;True,OffRoad,BODHI2,18,05342,0;;;
Trevor;15:01:44;19:48:39;2619.291,4770.711,4770.711;True,OffRoad,BODHI2,16,06049,0;;;
Trevor;15:01:44;19:48:40;2624.837,4776.292,4776.292;True,OffRoad,BODHI2,15,11993,1;;;
Trevor;15:01:45;19:48:40;2628.498,4782.721,4782.721;True,OffRoad,BODHI2,13,57938,1;;;
Trevor;15:01:45;19:48:41;2628.379,4790.113,4790.113;True,OffRoad,BODHI2,14,16514,0;;;
Trevor;15:01:46;19:48:41;2627.1,4797.971,4797.971;True,OffRoad,BODHI2,16,84463,1;;;
Trevor;15:01:46;19:48:42;2622.547,4806.667,4806.667;True,OffRoad,BODHI2,20,66674,1;;;
Trevor;15:01:47;19:48:43;2614.653,4815.056,4815.056;True,OffRoad,BODHI2,21,78277,0;;;
Trevor;15:01:47;19:48:43;2606.372,4822.325,4822.325;True,OffRoad,BODHI2,21,40739,1;;;
Trevor;15:01:48;19:48:44;2597.352,4829.848,4829.848;True,OffRoad,BODHI2,23,34088,1;;;
Trevor;15:01:48;19:48:44;2587.135,4838.333,4838.333;True,OffRoad,BODHI2,26,97232,1;;;
Trevor;15:01:49;19:48:45;2576.069,4847.501,4847.501;True,OffRoad,BODHI2,27,54051,0;;;
Trevor;15:01:50;19:48:45;2565.385,4856.125,4856.125;True,OffRoad,BODHI2,24,55531,0;;;
Trevor;15:01:50;19:48:46;2555.582,4863.912,4863.912;True,OffRoad,BODHI2,22,64412,0;;;
Trevor;15:01:51;19:48:46;2548.234,4870.387,4870.387;True,OffRoad,BODHI2,14,9126,0;;;
Trevor;15:01:51;19:48:47;2544.068,4876.381,4876.381;True,OffRoad,BODHI2,13,9233,1;;;
Trevor;15:01:52;19:48:47;2541.592,4883.369,4883.369;True,OffRoad,BODHI2,13,05879,0;;;
Trevor;15:01:52;19:48:48;2542.246,4890.844,4890.844;True,OffRoad,BODHI2,14,62696,0;;;
Trevor;15:01:53;19:48:48;2545.83,4897.106,4897.106;True,OffRoad,BODHI2,14,62826,1;;;
Trevor;15:01:53;19:48:49;2551.734,4903.712,4903.712;True,OffRoad,BODHI2,18,16256,1;;;
Trevor;15:01:54;19:48:49;2559.285,4910.931,4910.931;True,OffRoad,BODHI2,21,34202,1;;;
Trevor;15:01:54;19:48:50;2566.965,4919.495,4919.495;True,OffRoad,BODHI2,20,8298,0;;;
Trevor;15:01:55;19:48:50;2573.198,4928.032,4928.032;True,OffRoad,BODHI2,20,12249,1;;;
Trevor;15:01:55;19:48:51;2579.254,4937.023,4937.023;True,OffRoad,BODHI2,21,29509,0;;;
Trevor;15:01:56;19:48:51;2587.1,4943.898,4943.898;True,OffRoad,BODHI2,18,40923,0;;;
Trevor;15:01:56;19:48:52;2595.181,4948.005,4948.005;True,OffRoad,BODHI2,16,45827,0;;;
Trevor;15:01:57;19:48:53;2602.493,4949.396,4949.396;True,OffRoad,BODHI2,10,03497,0;;;
Trevor;15:01:57;19:48:53;2604.879,4949.705,4949.705;True,OffRoad,BODHI2,0,4042742,0;;;
Trevor;15:01:58;19:48:54;2604.856,4949.635,4949.635;True,OffRoad,BODHI2,0,0220763,0;;;
Trevor;15:01:58;19:48:54;2604.857,4949.638,4949.638;True,OffRoad,BODHI2,0,0;;;
Trevor;15:01:59;19:48:55;2604.856,4949.638,4949.638;True,OffRoad,BODHI2,0,01412609,0;;;
Trevor;15:02:00;19:48:55;2604.525,4951.203,4951.203;;;;
Trevor;15:02:00;19:48:56;2604.261,4951.293,4951.293;;;;
Trevor;15:02:01;19:48:56;2604.135,4951.414,4951.414;;;;
Trevor;15:02:01;19:48:57;2603.878,4952.031,4952.031;;;;
Trevor;15:02:02;19:48:57;2602.68,4953.303,4953.303;;;;
Trevor;15:02:02;19:48:58;2600.29,4955.272,4955.272;;;;
Trevor;15:02:03;19:48:58;2597.412,4956.913,4956.913;;;;
Trevor;15:02:03;19:48:59;2594.107,4957.981,4957.981;;;;
Trevor;15:02:04;19:48:59;2590.909,4958.924,4958.924;;;;
Trevor;15:02:04;19:49:00;2587.76,4960.032,4960.032;;;;
Trevor;15:02:05;19:49:00;2584.625,4961.151,4961.151;;;;
Trevor;15:02:05;19:49:01;2581.483,4962.143,4962.143;;;;
Trevor;15:02:06;19:49:01;2578.641,4963.228,4963.228;;;;
Trevor;15:02:06;19:49:02;2577.05,4964.045,4964.045;;;;
Trevor;15:02:07;19:49:02;2575.467,4964.789,4964.789;;;;
Trevor;15:02:07;19:49:03;2574.005,4965.632,4965.632;;;;
Trevor;15:02:08;19:49:03;2572.489,4966.216,4966.216;;;;
Trevor;15:02:08;19:49:04;2571.472,4967.532,4967.532;;;;
Trevor;15:02:09;19:49:05;2571.958,4969.152,4969.152;;;;
Trevor;15:02:09;19:49:05;2571.49,4970.76,4970.76;;;;
Trevor;15:02:10;19:49:06;2570.994,4972.315,4972.315;;;;
Trevor;15:02:10;19:49:06;2578.004,4982.187,4982.187;;;;
Trevor;15:02:11;19:49:07;2577.118,4982.309,4982.309;;;;
Trevor;15:02:12;19:49:07;2576.16,4982.279,4982.279;;;;
Trevor;15:02:12;19:49:08;2575.214,4982.234,4982.234;;;;
Trevor;15:02:13;19:49:08;2574.245,4982.187,4982.187;;;;
Trevor;15:02:13;19:49:09;2573.28,4982.141,4982.141;;;;
Trevor;15:02:14;19:49:09;2572.315,4982.095,4982.095;;;;
Trevor;15:02:14;19:49:10;2571.332,4982.046,4982.046;;;;
Trevor;15:02:15;19:49:10;2570.656,4982.01,4982.01;;;;
Trevor;15:02:15;19:49:11;2570.538,4982.003,4982.003;;;;
Trevor;15:02:16;19:49:11;2570.538,4982.003,4982.003;;;;
Trevor;15:02:16;19:49:12;2570.538,4982.003,4982.003;;;;
Trevor;15:02:17;19:49:12;2570.538,4982.003,4982.003;;;;
Trevor;15:02:17;19:49:13;2570.538,4982.003,4982.003;;;;
Trevor;15:02:18;19:49:13;2570.538,4982.003,4982.003;;;;
Trevor;15:02:18;19:49:14;2570.538,4982.003,4982.003;;;;
Trevor;15:02:19;19:49:14;2570.538,4982.003,4982.003;;;;
Trevor;15:02:19;19:49:15;2570.538,4982.003,4982.003;;;;
Trevor;15:02:20;19:49:15;2570.538,4982.003,4982.003;;;;
Trevor;15:02:20;19:49:16;2570.538,4982.003,4982.003;;;;
Trevor;15:02:21;19:49:17;2570.538,4982.003,4982.003;;;;
Trevor;15:02:21;19:49:17;2570.538,4982.003,4982.003;;;;
Trevor;15:02:22;19:49:18;2570.538,4982.003,4982.003;;;;
Trevor;15:02:22;19:49:18;2570.538,4982.003,4982.003;;;;
Trevor;15:02:23;19:49:19;2570.538,4982.003,4982.003;;;;
Trevor;15:02:24;19:49:19;2570.538,4982.003,4982.003;;;;
Trevor;15:02:24;19:49:20;2570.538,4982.003,4982.003;;;;
Trevor;15:02:25;19:49:20;2570.538,4982.003,4982.003;;;;
Trevor;15:02:25;19:49:21;2570.538,4982.003,4982.003;;;;
Trevor;15:02:26;19:49:21;2434.99,4966.73,4966.73;;;;
Trevor;15:02:26;19:49:22;2434.99,4966.73,4966.73;;;;
Trevor;15:02:27;19:49:22;2434.99,4966.73,4966.73;;;;
Trevor;15:02:27;19:49:23;2434.99,4966.73,4966.73;;;;
Trevor;15:02:28;19:49:23;2434.99,4966.73,4966.73;;;;
Trevor;15:02:28;19:49:24;2434.99,4966.73,4966.73;;;;
Trevor;15:02:29;19:49:24;2434.99,4966.73,4966.73;;I just spoke to that maniac Trevor.;Cutscene;Cutscene
Trevor;15:02:29;19:49:25;2434.99,4966.73,4966.73;;;;
Trevor;15:02:30;19:49:25;2434.99,4966.73,4966.73;;;;
Trevor;15:02:30;19:49:26;2434.99,4966.73,4966.73;;He's coming.;Cutscene;Cutscene
Trevor;15:02:31;19:49:26;2434.99,4966.73,4966.73;;;;
Trevor;15:02:31;19:49:27;2434.99,4966.73,4966.73;;;;
Trevor;15:02:32;19:49:27;2434.99,4966.73,4966.73;;;;
Trevor;15:02:32;19:49:28;2434.99,4966.73,4966.73;;;;
Trevor;15:02:33;19:49:29;2434.99,4966.73,4966.73;;;;
Trevor;15:02:33;19:49:29;2434.99,4966.73,4966.73;;;;
Trevor;15:02:34;19:49:30;2434.99,4966.73,4966.73;;;;
Trevor;15:02:34;19:49:30;2434.99,4966.73,4966.73;;I hope he don't get through these idiots, but...;Cutscene;Cutscene
Trevor;15:02:35;19:49:31;2434.99,4966.73,4966.73;;;;
Trevor;15:02:35;19:49:31;2434.99,4966.73,4966.73;;;;
Trevor;15:02:36;19:49:32;2434.99,4966.73,4966.73;;;;
Trevor;15:02:37;19:49:32;2434.99,4966.73,4966.73;;we know they're idiots.;Cutscene;Cutscene
Trevor;15:02:37;19:49:33;2434.99,4966.73,4966.73;;;;
Trevor;15:02:38;19:49:33;2434.99,4966.73,4966.73;;;;
Trevor;15:02:38;19:49:34;2434.99,4966.73,4966.73;;;;
Trevor;15:02:39;19:49:34;2434.99,4966.73,4966.73;;Come on,;Cutscene;Cutscene
Trevor;15:02:39;19:49:35;2434.99,4966.73,4966.73;;;;
Trevor;15:02:40;19:49:35;2434.99,4966.73,4966.73;;let's go see them Chinese fellas.;Cutscene;Cutscene
Trevor;15:02:40;19:49:36;2434.99,4966.73,4966.73;;;;
Trevor;15:02:41;19:49:36;2434.99,4966.73,4966.73;;;;
Trevor;15:02:41;19:49:37;2434.99,4966.73,4966.73;;;;
Trevor;15:02:42;19:49:37;2434.99,4966.73,4966.73;;;;
Trevor;15:02:42;19:49:38;2434.99,4966.73,4966.73;;;;
Trevor;15:02:43;19:49:38;2434.99,4966.73,4966.73;;;;
Trevor;15:02:43;19:49:39;2570.538,4982.003,4982.003;;;;
Trevor;15:02:44;19:49:39;2570.538,4982.003,4982.003;;;;
Trevor;15:02:44;19:49:40;2570.538,4982.003,4982.003;;;;
Trevor;15:02:45;19:49:41;2570.611,4982.005,4982.005;;;;
Trevor;15:02:45;19:49:41;2570.634,4982.003,4982.003;;;;
Trevor;15:02:46;19:49:42;2570.615,4981.99,4981.99;;;;
Trevor;15:02:46;19:49:42;2570.596,4981.983,4981.983;;;;
Trevor;15:02:47;19:49:43;2570.587,4981.983,4981.983;;;;
Trevor;15:02:47;19:49:43;2570.537,4981.97,4981.97;;;;
Trevor;15:02:48;19:49:44;2570.947,4981.941,4981.941;;;;
Trevor;15:02:49;19:49:44;2571.694,4981.559,4981.559;;;;
Trevor;15:02:49;19:49:45;2572.117,4980.818,4980.818;;;;
Trevor;15:02:50;19:49:45;2572.24,4980.553,4980.553;;;;
Trevor;15:02:50;19:49:46;2572.24,4980.553,4980.553;;;;
Trevor;15:02:51;19:49:46;2572.24,4980.553,4980.553;;;;
Trevor;15:02:51;19:49:47;2572.24,4980.553,4980.553;;;;
Trevor;15:02:52;19:49:47;2572.24,4980.553,4980.553;;;;
Trevor;15:02:52;19:49:48;2572.24,4980.553,4980.553;;;;
Trevor;15:02:53;19:49:48;2572.24,4980.553,4980.553;;;;
Trevor;15:02:53;19:49:49;2572.24,4980.553,4980.553;;;;
Trevor;15:02:54;19:49:49;2572.24,4980.553,4980.553;;;;
Trevor;15:02:54;19:49:50;2572.24,4980.553,4980.553;;;;
Trevor;15:02:55;19:49:50;2572.24,4980.553,4980.553;;;;
Trevor;15:02:55;19:49:51;2572.24,4980.553,4980.553;;;;
Trevor;15:02:56;19:49:51;2572.24,4980.553,4980.553;;;;
Trevor;15:02:56;19:49:52;2572.24,4980.553,4980.553;;;;
Trevor;15:02:57;19:49:53;2572.24,4980.553,4980.553;;;;
Trevor;15:02:57;19:49:53;2572.24,4980.553,4980.553;;;;
Trevor;15:02:58;19:49:54;2572.24,4980.553,4980.553;;;;
Trevor;15:02:58;19:49:54;2572.24,4980.553,4980.553;;;;
Trevor;15:02:59;19:49:55;2572.24,4980.553,4980.553;;;;
Trevor;15:02:59;19:49:55;2572.24,4980.553,4980.553;;;;
Trevor;15:03:00;19:49:56;2572.24,4980.553,4980.553;;;;
Trevor;15:03:01;19:49:56;2572.24,4980.553,4980.553;;;;
Trevor;15:03:01;19:49:57;2572.24,4980.553,4980.553;;;;
Trevor;15:03:02;19:49:57;2572.24,4980.553,4980.553;;;;
Trevor;15:03:02;19:49:58;2572.24,4980.553,4980.553;;;;
Trevor;15:03:03;19:49:58;2572.24,4980.553,4980.553;;;;
Trevor;15:03:03;19:49:59;2572.24,4980.553,4980.553;;;;
Trevor;15:03:04;19:49:59;2572.24,4980.553,4980.553;;;;
Trevor;15:03:04;19:50:00;2572.24,4980.553,4980.553;;;;
Trevor;15:03:05;19:50:00;2572.24,4980.553,4980.553;;;;
Trevor;15:03:05;19:50:01;2572.24,4980.553,4980.553;;;;
Trevor;15:03:06;19:50:01;2572.24,4980.553,4980.553;;;;
Trevor;15:03:06;19:50:02;2572.24,4980.553,4980.553;;;;
Trevor;15:03:07;19:50:02;2572.24,4980.553,4980.553;;;;
Trevor;15:03:07;19:50:03;2572.24,4980.553,4980.553;;;;
Trevor;15:03:08;19:50:03;2572.24,4980.553,4980.553;;;;
Trevor;15:03:08;19:50:04;2572.24,4980.553,4980.553;;;;
Trevor;15:03:09;19:50:05;2572.24,4980.553,4980.553;;;;
Trevor;15:03:09;19:50:05;2572.24,4980.553,4980.553;;;;
Trevor;15:03:10;19:50:06;2572.24,4980.553,4980.553;;;;
Trevor;15:03:10;19:50:06;2572.24,4980.553,4980.553;;;;
Trevor;15:03:11;19:50:07;2572.24,4980.553,4980.553;;;;
Trevor;15:03:12;19:50:07;2572.24,4980.553,4980.553;;;;
Trevor;15:03:12;19:50:08;2572.24,4980.553,4980.553;;;;
Trevor;15:03:13;19:50:08;2572.24,4980.553,4980.553;;;;
Trevor;15:03:13;19:50:09;2572.24,4980.553,4980.553;;;;
Trevor;15:03:14;19:50:09;2572.24,4980.553,4980.553;;;;
Trevor;15:03:14;19:50:10;2572.24,4980.553,4980.553;;;;
Trevor;15:03:15;19:50:10;2572.24,4980.553,4980.553;;;;
Trevor;15:03:15;19:50:11;2572.24,4980.553,4980.553;;;;
Trevor;15:03:16;19:50:11;2572.24,4980.553,4980.553;;;;
Trevor;15:03:16;19:50:12;2572.24,4980.553,4980.553;;;;
Trevor;15:03:17;19:50:12;2572.24,4980.553,4980.553;;;;
Trevor;15:03:17;19:50:13;2572.24,4980.553,4980.553;;;;
Trevor;15:03:18;19:50:13;2572.24,4980.553,4980.553;;;;
Trevor;15:03:18;19:50:14;2572.24,4980.553,4980.553;;;;
Trevor;15:03:19;19:50:14;2572.24,4980.553,4980.553;;;;
Trevor;15:03:19;19:50:15;2572.24,4980.553,4980.553;;;;
Trevor;15:03:20;19:50:16;2572.24,4980.553,4980.553;;;;
Trevor;15:03:20;19:50:16;2572.24,4980.553,4980.553;;;;
Trevor;15:03:21;19:50:17;2572.24,4980.553,4980.553;;;;
Trevor;15:03:21;19:50:17;2572.24,4980.553,4980.553;;He's missed me!;Oneilguard1;CHI2_BUAA
Trevor;15:03:22;19:50:18;2572.24,4980.553,4980.553;;;;
Trevor;15:03:23;19:50:18;2572.24,4980.553,4980.553;;;;
Trevor;15:03:23;19:50:19;2572.24,4980.553,4980.553;;;;
Trevor;15:03:24;19:50:19;2572.24,4980.553,4980.553;;;;
Trevor;15:03:24;19:50:20;2572.24,4980.553,4980.553;;It's started, people! Come on!;Oneilguard1;CHI2_BVAA
Trevor;15:03:25;19:50:20;2572.24,4980.553,4980.553;;;;
Trevor;15:03:25;19:50:21;2572.24,4980.553,4980.553;;;;
Trevor;15:03:26;19:50:21;2572.24,4980.553,4980.553;;;;
Trevor;15:03:26;19:50:22;2572.24,4980.553,4980.553;;;;
Trevor;15:03:27;19:50:22;2572.24,4980.553,4980.553;;;;
Trevor;15:03:27;19:50:23;2572.24,4980.553,4980.553;;;;
Trevor;15:03:28;19:50:23;2572.24,4980.553,4980.553;;;;
Trevor;15:03:28;19:50:24;2572.24,4980.553,4980.553;;;;
Trevor;15:03:29;19:50:24;2572.24,4980.553,4980.553;;;;
Trevor;15:03:29;19:50:25;2572.24,4980.553,4980.553;;;;
Trevor;15:03:30;19:50:25;2572.24,4980.553,4980.553;;;;
Trevor;15:03:30;19:50:26;2572.24,4980.553,4980.553;;;;
Trevor;15:03:31;19:50:26;2572.24,4980.553,4980.553;;;;
Trevor;15:03:31;19:50:27;2572.24,4980.553,4980.553;;;;
Trevor;15:03:32;19:50:28;2572.24,4980.553,4980.553;;;;
Trevor;15:03:32;19:50:28;2572.24,4980.553,4980.553;;;;
Trevor;15:03:33;19:50:29;2572.842,4980.303,4980.303;;;;
Trevor;15:03:33;19:50:29;2573.004,4980.276,4980.276;;;;
Trevor;15:03:34;19:50:30;2573.004,4980.276,4980.276;;;;
Trevor;15:03:35;19:50:30;2573.499,4980.134,4980.134;;;;
Trevor;15:03:35;19:50:31;2573.703,4980.062,4980.062;;;;
Trevor;15:03:36;19:50:31;2573.756,4980.02,4980.02;;;;
Trevor;15:03:36;19:50:32;2574.042,4979.869,4979.869;;;;
Trevor;15:03:37;19:50:32;2575.223,4978.648,4978.648;;;;
Trevor;15:03:37;19:50:33;2576.174,4979.725,4979.725;;;;
Trevor;15:03:38;19:50:33;2576.815,4981.722,4981.722;;Where the hell is he?;Oneilguard1;CHI2_BWAA
Trevor;15:03:38;19:50:34;2577.634,4983.865,4983.865;;;;
Trevor;15:03:39;19:50:34;2578.067,4985.89,4985.89;;;;
Trevor;15:03:39;19:50:35;2577.474,4987.628,4987.628;;;;
Trevor;15:03:40;19:50:35;2576.523,4988.228,4988.228;;;;
Trevor;15:03:40;19:50:36;2576.928,4987.71,4987.71;;;;
Trevor;15:03:41;19:50:36;2577.281,4987.015,4987.015;;;;
Trevor;15:03:41;19:50:37;2578.091,4985.628,4985.628;;;;
Trevor;15:03:42;19:50:37;2577.765,4984.837,4984.837;;;;
Trevor;15:03:42;19:50:38;2577.417,4984.623,4984.623;;Aw fuck me! Fuck me! It's Philips!;chin2goon2;CHI2_BNAA
Trevor;15:03:43;19:50:39;2577.417,4984.623,4984.623;;;;
Trevor;15:03:43;19:50:39;2577.165,4984.346,4984.346;;;;
Trevor;15:03:44;19:50:40;2577.027,4984.198,4984.198;;;;
Trevor;15:03:44;19:50:40;2576.429,4983.802,4983.802;;;;
Trevor;15:03:45;19:50:41;2576.425,4983.801,4983.801;;;;
Trevor;15:03:46;19:50:41;2576.425,4983.801,4983.801;;;;
Trevor;15:03:46;19:50:42;2576.425,4983.801,4983.801;;;;
Trevor;15:03:47;19:50:42;2576.182,4983.779,4983.779;;Keep him out here!;ONEILCOOK;CHI2_BGAA
Trevor;15:03:47;19:50:43;2575.523,4983.967,4983.967;;;;
Trevor;15:03:48;19:50:43;2575.501,4983.972,4983.972;;;;
Trevor;15:03:48;19:50:44;2575.518,4983.969,4983.969;;;;
Trevor;15:03:49;19:50:44;2576.224,4984.096,4984.096;;;;
Trevor;15:03:49;19:50:45;2576.541,4984.151,4984.151;;;;
Trevor;15:03:50;19:50:45;2576.541,4984.151,4984.151;;;;
Trevor;15:03:50;19:50:46;2576.541,4984.151,4984.151;;;;
Trevor;15:03:51;19:50:46;2576.541,4984.151,4984.151;;;;
Trevor;15:03:51;19:50:47;2576.541,4984.151,4984.151;;;;
Trevor;15:03:52;19:50:47;2576.57,4984.147,4984.147;;;;
Trevor;15:03:52;19:50:48;2575.927,4983.964,4983.964;;;;
Trevor;15:03:53;19:50:49;2575.897,4983.955,4983.955;;;;
Trevor;15:03:53;19:50:49;2575.338,4983.794,4983.794;;;;
Trevor;15:03:54;19:50:50;2574.631,4983.58,4983.58;;;;
Trevor;15:03:54;19:50:50;2573.908,4983.367,4983.367;;Here I come, you pricks.;trevor;CHI2_CLAA
Trevor;15:03:55;19:50:51;2573.234,4983.592,4983.592;;;;
Trevor;15:03:56;19:50:51;2572.565,4983.914,4983.914;;;;
Trevor;15:03:56;19:50:52;2572.044,4984.39,4984.39;;;;
Trevor;15:03:57;19:50:52;2571.898,4984.668,4984.668;;;;
Trevor;15:03:57;19:50:53;2571.9,4984.664,4984.664;;;;
Trevor;15:03:58;19:50:53;2572.474,4984.391,4984.391;;;;
Trevor;15:03:58;19:50:54;2573.48,4983.897,4983.897;;;;
Trevor;15:03:59;19:50:54;2574.818,4982.458,4982.458;;How about a merger, you pricks?;trevor;CHI2_AZAA
Trevor;15:03:59;19:50:55;2576.605,4981.852,4981.852;;;;
Trevor;15:04:00;19:50:55;2577.917,4980.404,4980.404;;;;
Trevor;15:04:00;19:50:56;2578.803,4979.227,4979.227;;;;
Trevor;15:04:01;19:50:56;2579.575,4978.649,4978.649;;;;
Trevor;15:04:01;19:50:57;2580.77,4978.162,4978.162;;;;
Trevor;15:04:02;19:50:57;2581.669,4977.474,4977.474;;;;
Trevor;15:04:02;19:50:58;2582.017,4976.751,4976.751;;;;
Trevor;15:04:03;19:50:59;2582.149,4976.27,4976.27;;;;
Trevor;15:04:03;19:50:59;2581.872,4976.122,4976.122;;;;
Trevor;15:04:04;19:51:00;2582.511,4976.442,4976.442;;;;
Trevor;15:04:04;19:51:00;2583.189,4976.775,4976.775;;;;
Trevor;15:04:05;19:51:01;2583.845,4977.091,4977.091;;;;
Trevor;15:04:06;19:51:01;2583.943,4976.995,4976.995;;;;
Trevor;15:04:06;19:51:02;2583.991,4976.996,4976.996;;;;
Trevor;15:04:07;19:51:02;2584.604,4977.416,4977.416;;;;
Trevor;15:04:07;19:51:03;2585.112,4977.971,4977.971;;;;
Trevor;15:04:08;19:51:03;2585.769,4978.305,4978.305;;;;
Trevor;15:04:08;19:51:04;2585.544,4978.188,4978.188;;Get your own fuckin' business.;trevor;CHI2_AZAA
Trevor;15:04:09;19:51:04;2584.883,4977.848,4977.848;;;;
Trevor;15:04:09;19:51:05;2584.193,4977.543,4977.543;;;;
Trevor;15:04:10;19:51:05;2583.684,4977.328,4977.328;;;;
Trevor;15:04:10;19:51:06;2584.215,4976.935,4976.935;;;;
Trevor;15:04:11;19:51:06;2584.98,4976.833,4976.833;;;;
Trevor;15:04:11;19:51:07;2585.553,4977.235,4977.235;;;;
Trevor;15:04:12;19:51:07;2585.201,4978.126,4978.126;;;;
Trevor;15:04:12;19:51:08;2586.564,4979.43,4979.43;;;;
Trevor;15:04:13;19:51:08;2588.371,4980.001,4980.001;;;;
Trevor;15:04:13;19:51:09;2590.523,4980.034,4980.034;;;;
Trevor;15:04:14;19:51:10;2592.802,4980.387,4980.387;;;;
Trevor;15:04:14;19:51:10;2594.987,4982.029,4982.029;;;;
Trevor;15:04:15;19:51:11;2597.108,4985.032,4985.032;;;;
Trevor;15:04:15;19:51:11;2599.846,4987.181,4987.181;;;;
Trevor;15:04:16;19:51:12;2602.374,4989.251,4989.251;;;;
Trevor;15:04:17;19:51:12;2601.096,4991.997,4991.997;;;;
Trevor;15:04:17;19:51:13;2600.668,4995.371,4995.371;;;;
Trevor;15:04:18;19:51:13;2598.823,4997.981,4997.981;;;;
Trevor;15:04:18;19:51:14;2596.092,4999.052,4999.052;;;;
Trevor;15:04:19;19:51:14;2595.582,4999.169,4999.169;;;;
Trevor;15:04:19;19:51:15;2594.88,4999.104,4999.104;;;;
Trevor;15:04:20;19:51:15;2594.127,4999.066,4999.066;;;;
Trevor;15:04:20;19:51:16;2593.389,4999.046,4999.046;;;;
Trevor;15:04:21;19:51:16;2592.877,4998.92,4998.92;;;;
Trevor;15:04:21;19:51:17;2594.322,4998.674,4998.674;;;;
Trevor;15:04:22;19:51:17;2596.739,4997.889,4997.889;;This don't look like a larger operation to me.;trevor;CHI2_AZAA
Trevor;15:04:22;19:51:18;2598.373,4995.952,4995.952;;;;
Trevor;15:04:23;19:51:18;2599.382,4993.209,4993.209;;;;
Trevor;15:04:23;19:51:19;2599.675,4991.513,4991.513;;;;
Trevor;15:04:24;19:51:19;2599.981,4989.846,4989.846;;;;
Trevor;15:04:24;19:51:20;2600.125,4988.182,4988.182;;;;
Trevor;15:04:25;19:51:21;2600.765,4987.132,4987.132;;;;
Trevor;15:04:25;19:51:21;2601.24,4986.555,4986.555;;;;
Trevor;15:04:26;19:51:22;2601.685,4985.972,4985.972;;;;
Trevor;15:04:26;19:51:22;2602.243,4985.482,4985.482;;;;
Trevor;15:04:27;19:51:23;2602.793,4984.993,4984.993;;;;
Trevor;15:04:28;19:51:23;2603.385,4984.552,4984.552;;;;
Trevor;15:04:28;19:51:24;2604.048,4984.218,4984.218;;;;
Trevor;15:04:29;19:51:24;2604.421,4983.627,4983.627;;;;
Trevor;15:04:29;19:51:25;2604.622,4982.913,4982.913;;;;
Trevor;15:04:30;19:51:25;2605.028,4982.299,4982.299;;;;
Trevor;15:04:30;19:51:26;2605.105,4982.069,4982.069;;;;
Trevor;15:04:31;19:51:26;2605.105,4982.069,4982.069;;;;
Trevor;15:04:31;19:51:27;2605.104,4982.07,4982.07;;;;
Trevor;15:04:32;19:51:27;2604.987,4982.251,4982.251;;;;
Trevor;15:04:32;19:51:28;2604.898,4982.363,4982.363;;;;
Trevor;15:04:33;19:51:28;2604.657,4982.699,4982.699;;;;
Trevor;15:04:33;19:51:29;2604.294,4983.244,4983.244;;Takeover time!;trevor;CHI2_AZAA
Trevor;15:04:34;19:51:29;2604.62,4982.563,4982.563;;;;
Trevor;15:04:34;19:51:30;2604.66,4982.461,4982.461;;;;
Trevor;15:04:35;19:51:31;2604.235,4983.174,4983.174;;;;
Trevor;15:04:35;19:51:31;2603.855,4983.811,4983.811;;;;
Trevor;15:04:36;19:51:32;2603.178,4984.6,4984.6;;;;
Trevor;15:04:36;19:51:32;2601.828,4985.84,4985.84;;;;
Trevor;15:04:37;19:51:33;2600.19,4987.052,4987.052;;;;
Trevor;15:04:38;19:51:33;2599.263,4987.661,4987.661;;;;
Trevor;15:04:38;19:51:34;2598.595,4986.598,4986.598;;;;
Trevor;15:04:39;19:51:34;2597.328,4985.797,4985.797;;;;
Trevor;15:04:39;19:51:35;2596.592,4985.536,4985.536;;;;
Trevor;15:04:40;19:51:35;2595.425,4984.779,4984.779;;;;
Trevor;15:04:40;19:51:36;2595.502,4984.521,4984.521;;;;
Trevor;15:04:41;19:51:36;2595.749,4982.729,4982.729;;;;
Trevor;15:04:41;19:51:37;2596.188,4980.797,4980.797;;;;
Trevor;15:04:42;19:51:37;2597.406,4978.715,4978.715;;;;
Trevor;15:04:42;19:51:38;2598.371,4975.423,4975.423;;;;
Trevor;15:04:43;19:51:38;2596.976,4972.318,4972.318;;It's over!;trevor;CHI2_AZAA
Trevor;15:04:43;19:51:39;2595.042,4969.439,4969.439;;;;
Trevor;15:04:44;19:51:39;2593.133,4967.056,4967.056;;;;
Trevor;15:04:44;19:51:40;2591.367,4965.191,4965.191;;;;
Trevor;15:04:45;19:51:40;2589.543,4963.48,4963.48;;;;
Trevor;15:04:45;19:51:41;2587.196,4961.533,4961.533;;;;
Trevor;15:04:46;19:51:42;2584.017,4959.506,4959.506;;;;
Trevor;15:04:46;19:51:42;2581.191,4960.401,4960.401;;;;
Trevor;15:04:47;19:51:43;2579.254,4959.645,4959.645;;;;
Trevor;15:04:47;19:51:43;2580.352,4956.523,4956.523;;;;
Trevor;15:04:48;19:51:44;2580.649,4954.063,4954.063;;;;
Trevor;15:04:49;19:51:44;2579.776,4950.822,4950.822;;;;
Trevor;15:04:49;19:51:45;2579.218,4947.5,4947.5;;;;
Trevor;15:04:50;19:51:45;2576.829,4945.096,4945.096;;;;
Trevor;15:04:50;19:51:46;2575.39,4942.204,4942.204;;;;
Trevor;15:04:51;19:51:46;2574.791,4938.682,4938.682;;;;
Trevor;15:04:51;19:51:47;2573.285,4935.957,4935.957;;;;
Trevor;15:04:52;19:51:47;2570.373,4934.1,4934.1;;;;
Trevor;15:04:52;19:51:48;2568.235,4931.653,4931.653;;;;
Trevor;15:04:53;19:51:48;2566.307,4930.932,4930.932;;;;
Trevor;15:04:53;19:51:49;2564.853,4930.775,4930.775;;;;
Trevor;15:04:54;19:51:49;2563.844,4930.798,4930.798;;;;
Trevor;15:04:54;19:51:50;2562.922,4930.698,4930.698;;Fuckin' O'Neils!;trevor;CHI2_AZAA
Trevor;15:04:55;19:51:50;2562.055,4930.443,4930.443;;;;
Trevor;15:04:55;19:51:51;2561.013,4930.476,4930.476;;;;
Trevor;15:04:56;19:51:51;2559.193,4930.238,4930.238;;;;
Trevor;15:04:56;19:51:52;2557.133,4928.808,4928.808;;;;
Trevor;15:04:57;19:51:53;2555.885,4927.163,4927.163;;;;
Trevor;15:04:57;19:51:53;2554.144,4926.791,4926.791;;;;
Trevor;15:04:58;19:51:54;2552.563,4926.552,4926.552;;;;
Trevor;15:04:58;19:51:54;2550.967,4925.973,4925.973;;;;
Trevor;15:04:59;19:51:55;2549.214,4925.502,4925.502;;;;
Trevor;15:05:00;19:51:55;2547.756,4926.482,4926.482;;;;
Trevor;15:05:00;19:51:56;2546.372,4927.49,4927.49;;;;
Trevor;15:05:01;19:51:56;2545.687,4928.821,4928.821;;;;
Trevor;15:05:01;19:51:57;2545.416,4930.656,4930.656;;;;
Trevor;15:05:02;19:51:57;2545.333,4932.509,4932.509;;;;
Trevor;15:05:02;19:51:58;2545.647,4934.345,4934.345;;;;
Trevor;15:05:03;19:51:58;2546.29,4936.497,4936.497;;;;
Trevor;15:05:03;19:51:59;2547.307,4939.672,4939.672;;You assholes!;trevor;CHI2_AZAA
Trevor;15:05:04;19:51:59;2548.056,4942.725,4942.725;;;;
Trevor;15:05:04;19:52:00;2548.54,4944.279,4944.279;;;;
Trevor;15:05:05;19:52:00;2549.034,4945.217,4945.217;;;;
Trevor;15:05:05;19:52:01;2548.785,4945.945,4945.945;;;;
Trevor;15:05:06;19:52:01;2548.839,4946.695,4946.695;;;;
Trevor;15:05:06;19:52:02;2548.831,4947.533,4947.533;;;;
Trevor;15:05:07;19:52:02;2547.927,4948.315,4948.315;;;;
Trevor;15:05:07;19:52:03;2546.029,4947.622,4947.622;;;;
Trevor;15:05:08;19:52:04;2544.33,4947.792,4947.792;;;;
Trevor;15:05:08;19:52:04;2543.6,4949.395,4949.395;;;;
Trevor;15:05:09;19:52:05;2542.447,4951.11,4951.11;;;;
Trevor;15:05:10;19:52:05;2540.451,4951.487,4951.487;;;;
Trevor;15:05:10;19:52:06;2537.398,4951.508,4951.508;;;;
Trevor;15:05:11;19:52:06;2534.605,4951.756,4951.756;;;;
Trevor;15:05:11;19:52:07;2532.08,4949.836,4949.836;;;;
Trevor;15:05:12;19:52:07;2529.116,4948.52,4948.52;;;;
Trevor;15:05:12;19:52:08;2525.601,4948.529,4948.529;;;;
Trevor;15:05:13;19:52:08;2522.218,4949.369,4949.369;;;;
Trevor;15:05:13;19:52:09;2518.991,4950.827,4950.827;;;;
Trevor;15:05:14;19:52:09;2515.74,4951.491,4951.491;;;;
Trevor;15:05:14;19:52:10;2512.633,4953.338,4953.338;;;;
Trevor;15:05:15;19:52:10;2509.493,4953.368,4953.368;;;;
Trevor;15:05:15;19:52:11;2506.036,4952.366,4952.366;;;;
Trevor;15:05:16;19:52:11;2502.617,4951.438,4951.438;;;;
Trevor;15:05:16;19:52:12;2499.382,4950.731,4950.731;;;;
Trevor;15:05:17;19:52:12;2496.156,4950.032,4950.032;;Let's see if we can't cut you down to size.;trevor;CHI2_AZAA
Trevor;15:05:17;19:52:13;2495.931,4950.281,4950.281;;;;
Trevor;15:05:18;19:52:13;2497.1,4951.751,4951.751;;;;
Trevor;15:05:18;19:52:14;2498.259,4953.375,4953.375;;;;
Trevor;15:05:19;19:52:15;2499.949,4953.936,4953.936;;;;
Trevor;15:05:19;19:52:15;2501.914,4953.637,4953.637;;;;
Trevor;15:05:20;19:52:16;2502.958,4954.369,4954.369;;I'm coming for you.;trevor;CHI2_CLAA
Trevor;15:05:20;19:52:16;2502.047,4953.937,4953.937;;;;
Trevor;15:05:21;19:52:17;2500.516,4951.31,4951.31;;;;
Trevor;15:05:22;19:52:17;2497.979,4949.255,4949.255;;;;
Trevor;15:05:22;19:52:18;2495.898,4948.601,4948.601;;;;
Trevor;15:05:23;19:52:18;2494.676,4947.788,4947.788;;;;
Trevor;15:05:23;19:52:19;2493.172,4947.011,4947.011;;You stay out there, we'll stay in here!;Oneilguard1;CHI2_DFAA
Trevor;15:05:24;19:52:19;2492.049,4947.266,4947.266;;;;
Trevor;15:05:24;19:52:20;2491.694,4947.342,4947.342;;;;
Trevor;15:05:25;19:52:20;2491.295,4946.942,4946.942;;;;
Trevor;15:05:25;19:52:21;2491.502,4947.431,4947.431;;;;
Trevor;15:05:26;19:52:21;2491.721,4947.99,4947.99;;;;
Trevor;15:05:26;19:52:22;2492.077,4948.799,4948.799;;;;
Trevor;15:05:27;19:52:22;2492.338,4949.605,4949.605;;;;
Trevor;15:05:27;19:52:23;2492.303,4950.784,4950.784;;;;
Trevor;15:05:28;19:52:23;2491.917,4950.477,4950.477;;;;
Trevor;15:05:28;19:52:24;2490.607,4949.679,4949.679;;;;
Trevor;15:05:29;19:52:24;2490.077,4949.369,4949.369;;How about a merger, you pricks?;trevor;CHI2_AZAA
Trevor;15:05:29;19:52:25;2489.691,4950.289,4950.289;;;;
Trevor;15:05:30;19:52:26;2489.71,4950.541,4950.541;;;;
Trevor;15:05:30;19:52:26;2489.71,4950.541,4950.541;;;;
Trevor;15:05:31;19:52:27;2489.71,4950.541,4950.541;;;;
Trevor;15:05:31;19:52:27;2489.71,4950.541,4950.541;;;;
Trevor;15:05:32;19:52:28;2489.71,4950.541,4950.541;;;;
Trevor;15:05:33;19:52:28;2489.71,4950.541,4950.541;;;;
Trevor;15:05:33;19:52:29;2489.71,4950.541,4950.541;;;;
Trevor;15:05:34;19:52:29;2489.71,4950.541,4950.541;;;;
Trevor;15:05:34;19:52:30;2489.71,4950.541,4950.541;;;;
Trevor;15:05:35;19:52:30;2489.71,4950.541,4950.541;;;;
Trevor;15:05:35;19:52:31;2489.678,4949.87,4949.87;;;;
Trevor;15:05:36;19:52:31;2489.678,4949.87,4949.87;;;;
Trevor;15:05:36;19:52:32;2489.678,4949.87,4949.87;;;;
Trevor;15:05:37;19:52:32;2489.678,4949.87,4949.87;;;;
Trevor;15:05:37;19:52:33;2489.678,4949.87,4949.87;;;;
Trevor;15:05:38;19:52:33;2489.678,4949.87,4949.87;;;;
Trevor;15:05:38;19:52:34;2489.678,4949.87,4949.87;;;;
Trevor;15:05:39;19:52:34;2489.678,4949.87,4949.87;;;;
Trevor;15:05:39;19:52:35;2489.678,4949.87,4949.87;;;;
Trevor;15:05:40;19:52:35;2489.678,4949.87,4949.87;;;;
Trevor;15:05:40;19:52:36;2489.678,4949.87,4949.87;;;;
Trevor;15:05:41;19:52:36;2489.678,4949.87,4949.87;;Get your own fuckin' business.;trevor;CHI2_AZAA
Trevor;15:05:41;19:52:37;2489.678,4949.87,4949.87;;;;
Trevor;15:05:42;19:52:38;2489.678,4949.87,4949.87;;;;
Trevor;15:05:42;19:52:38;2489.678,4949.87,4949.87;;;;
Trevor;15:05:43;19:52:39;2489.678,4949.87,4949.87;;;;
Trevor;15:05:43;19:52:39;2489.678,4949.87,4949.87;;;;
Trevor;15:05:44;19:52:40;2489.678,4949.87,4949.87;;;;
Trevor;15:05:45;19:52:40;2489.678,4949.87,4949.87;;;;
Trevor;15:05:45;19:52:41;2489.678,4949.87,4949.87;;;;
Trevor;15:05:46;19:52:41;2489.678,4949.87,4949.87;;;;
Trevor;15:05:46;19:52:42;2489.678,4949.87,4949.87;;;;
Trevor;15:05:47;19:52:42;2489.678,4949.87,4949.87;;;;
Trevor;15:05:47;19:52:43;2489.678,4949.87,4949.87;;;;
Trevor;15:05:48;19:52:43;2489.678,4949.87,4949.87;;;;
Trevor;15:05:48;19:52:44;2489.678,4949.87,4949.87;;;;
Trevor;15:05:49;19:52:44;2489.678,4949.87,4949.87;;;;
Trevor;15:05:49;19:52:45;2489.678,4949.87,4949.87;;;;
Trevor;15:05:50;19:52:45;2489.678,4949.87,4949.87;;;;
Trevor;15:05:50;19:52:46;2489.678,4949.87,4949.87;;;;
Trevor;15:05:51;19:52:46;2489.678,4949.87,4949.87;;;;
Trevor;15:05:51;19:52:47;2489.678,4949.87,4949.87;;;;
Trevor;15:05:52;19:52:47;2489.678,4949.87,4949.87;;;;
Trevor;15:05:52;19:52:48;2489.678,4949.87,4949.87;;;;
Trevor;15:05:53;19:52:49;2489.678,4949.87,4949.87;;;;
Trevor;15:05:53;19:52:49;2489.678,4949.87,4949.87;;;;
Trevor;15:05:54;19:52:50;2489.678,4949.87,4949.87;;This don't look like a larger operation to me.;trevor;CHI2_AZAA
Trevor;15:05:54;19:52:50;2489.678,4949.87,4949.87;;;;
Trevor;15:05:55;19:52:51;2489.678,4949.87,4949.87;;;;
Trevor;15:05:56;19:52:51;2489.678,4949.87,4949.87;;;;
Trevor;15:05:56;19:52:52;2489.678,4949.87,4949.87;;;;
Trevor;15:05:57;19:52:52;2489.678,4949.87,4949.87;;;;
Trevor;15:05:57;19:52:53;2489.684,4950.014,4950.014;;;;
Trevor;15:05:58;19:52:53;2489.729,4950.575,4950.575;;;;
Trevor;15:05:58;19:52:54;2490.397,4950.055,4950.055;;;;
Trevor;15:05:59;19:52:54;2492.136,4949.998,4949.998;;;;
Trevor;15:05:59;19:52:55;2493.765,4951.015,4951.015;;;;
Trevor;15:06:00;19:52:55;2494.905,4952.1,4952.1;;;;
Trevor;15:06:00;19:52:56;2496.475,4952.326,4952.326;;;;
Trevor;15:06:01;19:52:56;2497.831,4952.998,4952.998;;;;
Trevor;15:06:01;19:52:57;2498.329,4954.517,4954.517;;;;
Trevor;15:06:02;19:52:57;2497.835,4957.554,4957.554;;;;
Trevor;15:06:02;19:52:58;2499.525,4959.853,4959.853;;;;
Trevor;15:06:03;19:52:58;2502.91,4960.564,4960.564;;;;
Trevor;15:06:03;19:52:59;2504.91,4962.557,4962.557;;;;
Trevor;15:06:04;19:52:59;2504.627,4964.723,4964.723;;;;
Trevor;15:06:04;19:53:00;2503.365,4967.733,4967.733;;;;
Trevor;15:06:05;19:53:01;2500.167,4968.404,4968.404;;;;
Trevor;15:06:05;19:53:01;2497.268,4969.723,4969.723;;;;
Trevor;15:06:06;19:53:02;2496.132,4971.815,4971.815;;;;
Trevor;15:06:06;19:53:02;2495.485,4973.654,4973.654;;Takeover time!;trevor;CHI2_AZAA
Trevor;15:06:07;19:53:03;2494.664,4974.263,4974.263;;;;
Trevor;15:06:08;19:53:03;2494.334,4974.371,4974.371;;;;
Trevor;15:06:08;19:53:04;2493.788,4974.416,4974.416;;;;
Trevor;15:06:09;19:53:04;2492.967,4974.659,4974.659;;;;
Trevor;15:06:09;19:53:05;2492.155,4974.623,4974.623;;;;
Trevor;15:06:10;19:53:05;2491.58,4974.103,4974.103;;;;
Trevor;15:06:10;19:53:06;2491.504,4974.242,4974.242;;;;
Trevor;15:06:11;19:53:06;2491.473,4974.816,4974.816;;;;
Trevor;15:06:11;19:53:07;2491.377,4976.104,4976.104;;;;
Trevor;15:06:12;19:53:07;2490.479,4977.498,4977.498;;;;
Trevor;15:06:12;19:53:08;2489.213,4978.364,4978.364;;;;
Trevor;15:06:13;19:53:08;2488.62,4978.704,4978.704;;;;
Trevor;15:06:13;19:53:09;2488.619,4978.684,4978.684;;;;
Trevor;15:06:14;19:53:09;2488.6,4978.696,4978.696;;;;
Trevor;15:06:14;19:53:10;2488.426,4978.867,4978.867;;;;
Trevor;15:06:15;19:53:10;2487.261,4979.419,4979.419;;;;
Trevor;15:06:15;19:53:11;2484.368,4980.784,4980.784;;;;
Trevor;15:06:16;19:53:11;2481.838,4980.709,4980.709;;;;
Trevor;15:06:16;19:53:12;2481.011,4980.271,4980.271;;;;
Trevor;15:06:17;19:53:13;2480.505,4978.971,4978.971;;;;
Trevor;15:06:17;19:53:13;2480.122,4977.898,4977.898;;;;
Trevor;15:06:18;19:53:14;2480.103,4977.847,4977.847;;;;
Trevor;15:06:18;19:53:14;2480.103,4977.847,4977.847;;It's over!;trevor;CHI2_AZAA
Trevor;15:06:19;19:53:15;2480.103,4977.847,4977.847;;;;
Trevor;15:06:19;19:53:15;2480.103,4977.847,4977.847;;;;
Trevor;15:06:20;19:53:16;2480.103,4977.847,4977.847;;;;
Trevor;15:06:21;19:53:16;2480.103,4977.847,4977.847;;;;
Trevor;15:06:21;19:53:17;2480.103,4977.847,4977.847;;;;
Trevor;15:06:22;19:53:17;2480.103,4977.847,4977.847;;;;
Trevor;15:06:22;19:53:18;2480.103,4977.847,4977.847;;;;
Trevor;15:06:23;19:53:18;2480.099,4977.517,4977.517;;;;
Trevor;15:06:23;19:53:19;2479.455,4975.775,4975.775;;;;
Trevor;15:06:24;19:53:19;2479.403,4975.705,4975.705;;;;
Trevor;15:06:24;19:53:20;2479.253,4975.723,4975.723;;;;
Trevor;15:06:25;19:53:20;2478.441,4975.238,4975.238;;;;
Trevor;15:06:25;19:53:21;2477.042,4974.167,4974.167;;;;
Trevor;15:06:26;19:53:21;2475.755,4972.923,4972.923;;;;
Trevor;15:06:26;19:53:22;2474.507,4971.816,4971.816;;;;
Trevor;15:06:27;19:53:22;2473.348,4970.582,4970.582;;;;
Trevor;15:06:27;19:53:23;2472.02,4969.589,4969.589;;;;
Trevor;15:06:28;19:53:23;2470.719,4968.561,4968.561;;;;
Trevor;15:06:28;19:53:24;2469.659,4967.231,4967.231;;;;
Trevor;15:06:29;19:53:25;2468.503,4966.019,4966.019;;Fuckin' O'Neils!;trevor;CHI2_AZAA
Trevor;15:06:29;19:53:25;2467.002,4965.258,4965.258;;;;
Trevor;15:06:30;19:53:26;2465.344,4964.878,4964.878;;;;
Trevor;15:06:31;19:53:26;2463.822,4965.455,4965.455;;;;
Trevor;15:06:31;19:53:27;2462.513,4965.404,4965.404;;;;
Trevor;15:06:32;19:53:27;2461.634,4965.86,4965.86;;;;
Trevor;15:06:32;19:53:28;2460.353,4966.038,4966.038;;;;
Trevor;15:06:33;19:53:28;2458.976,4964.95,4964.95;;;;
Trevor;15:06:33;19:53:29;2457.44,4964.354,4964.354;;;;
Trevor;15:06:34;19:53:29;2456.048,4963.468,4963.468;;;;
Trevor;15:06:34;19:53:30;2454.648,4962.601,4962.601;;;;
Trevor;15:06:35;19:53:30;2453.366,4961.553,4961.553;;;;
Trevor;15:06:35;19:53:31;2451.79,4961.184,4961.184;;;;
Trevor;15:06:36;19:53:31;2451.021,4962.508,4962.508;;;;
Trevor;15:06:36;19:53:32;2452.259,4963.54,4963.54;;;;
Trevor;15:06:37;19:53:32;2453.136,4963.979,4963.979;;;;
Trevor;15:06:37;19:53:33;2452.727,4963.824,4963.824;;;;
Trevor;15:06:38;19:53:33;2452.396,4963.329,4963.329;;;;
Trevor;15:06:38;19:53:34;2452.146,4963.538,4963.538;;;;
Trevor;15:06:39;19:53:35;2452.507,4963.641,4963.641;;;;
Trevor;15:06:39;19:53:35;2452.433,4963.631,4963.631;;;;
Trevor;15:06:40;19:53:36;2452.322,4963.262,4963.262;;;;
Trevor;15:06:40;19:53:36;2452.156,4963.127,4963.127;;;;
Trevor;15:06:41;19:53:37;2452.491,4963.144,4963.144;;;;
Trevor;15:06:42;19:53:37;2452.511,4963.128,4963.128;;;;
Trevor;15:06:42;19:53:38;2452.52,4962.476,4962.476;;;;
Trevor;15:06:43;19:53:38;2452.071,4961.865,4961.865;;;;
Trevor;15:06:43;19:53:39;2451.543,4961.349,4961.349;;;;
Trevor;15:06:44;19:53:39;2451.015,4960.838,4960.838;;;;
Trevor;15:06:44;19:53:40;2450.357,4960.643,4960.643;;;;
Trevor;15:06:45;19:53:40;2450.745,4961.216,4961.216;;;;
Trevor;15:06:45;19:53:41;2451.125,4961.319,4961.319;;You assholes!;trevor;CHI2_AZAA
Trevor;15:06:46;19:53:41;2450.548,4961.177,4961.177;;;;
Trevor;15:06:46;19:53:42;2450.678,4961.772,4961.772;;;;
Trevor;15:06:47;19:53:42;2450.935,4961.769,4961.769;;;;
Trevor;15:06:47;19:53:43;2451.751,4961.641,4961.641;;;;
Trevor;15:06:48;19:53:43;2451.833,4961.63,4961.63;;;;
Trevor;15:06:48;19:53:44;2451.587,4961.174,4961.174;;;;
Trevor;15:06:49;19:53:44;2451.018,4960.624,4960.624;;;;
Trevor;15:06:49;19:53:45;2450.476,4960.125,4960.125;;;;
Trevor;15:06:50;19:53:46;2449.88,4959.677,4959.677;;;;
Trevor;15:06:50;19:53:46;2449.257,4959.275,4959.275;;;;
Trevor;15:06:51;19:53:47;2448.578,4958.966,4958.966;;Let's see if we can't cut you down to size.;trevor;CHI2_AZAA
Trevor;15:06:51;19:53:47;2447.856,4959.019,4959.019;;;;
Trevor;15:06:52;19:53:48;2447.142,4959.065,4959.065;;;;
Trevor;15:06:53;19:53:48;2446.415,4959.207,4959.207;;;;
Trevor;15:06:53;19:53:49;2445.692,4959.39,4959.39;;;;
Trevor;15:06:54;19:53:49;2445.012,4959.606,4959.606;;;;
Trevor;15:06:54;19:53:50;2444.306,4959.61,4959.61;;;;
Trevor;15:06:55;19:53:50;2443.655,4959.336,4959.336;;;;
Trevor;15:06:55;19:53:51;2442.997,4959.407,4959.407;;;;
Trevor;15:06:56;19:53:51;2442.543,4959.97,4959.97;;;;
Trevor;15:06:56;19:53:52;2442.102,4960.557,4960.557;;;;
Trevor;15:06:57;19:53:52;2442.037,4960.953,4960.953;;;;
Trevor;15:06:57;19:53:53;2441.915,4961.243,4961.243;;;;
Trevor;15:06:58;19:53:53;2442.071,4960.816,4960.816;;;;
Trevor;15:06:58;19:53:54;2441.861,4961.29,4961.29;;;;
Trevor;15:06:59;19:53:54;2441.899,4961.14,4961.14;;;;
Trevor;15:06:59;19:53:55;2441.849,4960.774,4960.774;;;;
Trevor;15:07:00;19:53:55;2441.838,4960.296,4960.296;;;;
Trevor;15:07:00;19:53:56;2442.617,4960.374,4960.374;;;;
Trevor;15:07:01;19:53:56;2443.355,4960.397,4960.397;;;;
Trevor;15:07:01;19:53:57;2443.644,4960.182,4960.182;;;;
Trevor;15:07:02;19:53:58;2443.644,4960.182,4960.182;;;;
Trevor;15:07:02;19:53:58;2443.636,4959.927,4959.927;;;;
Trevor;15:07:03;19:53:59;2443.859,4959.547,4959.547;;How about a merger, you pricks?;trevor;CHI2_AZAA
Trevor;15:07:03;19:53:59;2444.04,4960.112,4960.112;;;;
Trevor;15:07:04;19:54:00;2444.548,4959.973,4959.973;;;;
Trevor;15:07:04;19:54:00;2445.174,4959.796,4959.796;;;;
Trevor;15:07:05;19:54:01;2445.908,4959.527,4959.527;;;;
Trevor;15:07:06;19:54:01;2446.025,4959.455,4959.455;;;;
Trevor;15:07:06;19:54:02;2445.782,4959.242,4959.242;;;;
Trevor;15:07:07;19:54:02;2446.197,4958.651,4958.651;;;;
Trevor;15:07:07;19:54:03;2446.758,4958.197,4958.197;;;;
Trevor;15:07:08;19:54:03;2447.352,4958.597,4958.597;;;;
Trevor;15:07:08;19:54:04;2447.654,4959.269,4959.269;;;;
Trevor;15:07:09;19:54:04;2447.948,4959.951,4959.951;;;;
Trevor;15:07:09;19:54:05;2448.551,4960.333,4960.333;;;;
Trevor;15:07:10;19:54:05;2449.135,4960.773,4960.773;;;;
Trevor;15:07:10;19:54:06;2449.659,4961.287,4961.287;;;;
Trevor;15:07:11;19:54:06;2450.215,4961.756,4961.756;;;;
Trevor;15:07:11;19:54:07;2450.441,4962.293,4962.293;;;;
Trevor;15:07:12;19:54:07;2450.441,4962.298,4962.298;;;;
Trevor;15:07:12;19:54:08;2450.862,4962.229,4962.229;;;;
Trevor;15:07:13;19:54:08;2451.597,4962.401,4962.401;;;;
Trevor;15:07:13;19:54:09;2451.626,4962.416,4962.416;;;;
Trevor;15:07:14;19:54:10;2451.267,4962.322,4962.322;;Get your own fuckin' business.;trevor;CHI2_AZAA
Trevor;15:07:14;19:54:10;2451.267,4962.355,4962.355;;;;
Trevor;15:07:15;19:54:11;2451.615,4962.478,4962.478;;;;
Trevor;15:07:15;19:54:11;2451.685,4962.511,4962.511;;;;
Trevor;15:07:16;19:54:12;2451.685,4962.511,4962.511;;;;
Trevor;15:07:17;19:54:12;2451.685,4962.511,4962.511;;;;
Trevor;15:07:17;19:54:13;2451.685,4962.511,4962.511;;;;
Trevor;15:07:18;19:54:13;2452.215,4962.669,4962.669;;;;
Trevor;15:07:18;19:54:14;2452.048,4962.643,4962.643;;;;
Trevor;15:07:19;19:54:14;2451.846,4962.577,4962.577;;;;
Trevor;15:07:19;19:54:15;2451.823,4962.645,4962.645;;;;
Trevor;15:07:20;19:54:15;2451.884,4962.941,4962.941;;;;
Trevor;15:07:20;19:54:16;2452.259,4963.644,4963.644;;;;
Trevor;15:07:21;19:54:16;2452.338,4963.707,4963.707;;;;
Trevor;15:07:21;19:54:17;2451.965,4963.637,4963.637;;;;
Trevor;15:07:22;19:54:17;2452.026,4963.205,4963.205;;;;
Trevor;15:07:22;19:54:18;2452.358,4963.271,4963.271;;;;
Trevor;15:07:23;19:54:18;2452.144,4963.082,4963.082;;;;
Trevor;15:07:23;19:54:19;2451.928,4962.888,4962.888;;;;
Trevor;15:07:24;19:54:19;2451.459,4962.538,4962.538;;;;
Trevor;15:07:24;19:54:20;2450.836,4962.281,4962.281;;This don't look like a larger operation to me.;trevor;CHI2_AZAA
Trevor;15:07:25;19:54:21;2451.098,4962.917,4962.917;;;;
Trevor;15:07:25;19:54:21;2451.506,4963.13,4963.13;;;;
Trevor;15:07:26;19:54:22;2451.271,4963.252,4963.252;;;;
Trevor;15:07:26;19:54:22;2451.259,4963.259,4963.259;;;;
Trevor;15:07:27;19:54:23;2451.259,4963.259,4963.259;;;;
Trevor;15:07:28;19:54:23;2451.259,4963.259,4963.259;;;;
Trevor;15:07:28;19:54:24;2451.259,4963.259,4963.259;;;;
Trevor;15:07:29;19:54:24;2451.259,4963.259,4963.259;;;;
Trevor;15:07:29;19:54:25;2451.436,4963.312,4963.312;;;;
Trevor;15:07:30;19:54:25;2452.205,4963.611,4963.611;;;;
Trevor;15:07:30;19:54:26;2452.453,4963.726,4963.726;;;;
Trevor;15:07:31;19:54:26;2452.962,4964.053,4964.053;;;;
Trevor;15:07:31;19:54:27;2452.76,4963.94,4963.94;;;;
Trevor;15:07:32;19:54:27;2452.838,4964.644,4964.644;;;;
Trevor;15:07:32;19:54:28;2453.16,4965.083,4965.083;;;;
Trevor;15:07:33;19:54:28;2453.312,4965.233,4965.233;;;;
Trevor;15:07:33;19:54:29;2453.111,4965.767,4965.767;;;;
Trevor;15:07:34;19:54:29;2453.832,4966.238,4966.238;;;;
Trevor;15:07:34;19:54:30;2454.429,4966.742,4966.742;;;;
Trevor;15:07:35;19:54:30;2455.109,4967.037,4967.037;;;;
Trevor;15:07:35;19:54:31;2455.542,4967.568,4967.568;;;;
Trevor;15:07:36;19:54:32;2455.3,4966.995,4966.995;;;;
Trevor;15:07:36;19:54:32;2455.291,4966.978,4966.978;;;;
Trevor;15:07:37;19:54:33;2455.281,4966.958,4966.958;;;;
Trevor;15:07:37;19:54:33;2455.153,4966.728,4966.728;;Takeover time!;trevor;CHI2_AZAA
Trevor;15:07:38;19:54:34;2455.153,4966.728,4966.728;;;;
Trevor;15:07:39;19:54:34;2455.153,4966.728,4966.728;;;;
Trevor;15:07:39;19:54:35;2455.496,4967.104,4967.104;;;;
Trevor;15:07:40;19:54:35;2456.03,4967.681,4967.681;;;;
Trevor;15:07:40;19:54:36;2456.31,4968.025,4968.025;;;;
Trevor;15:07:41;19:54:36;2456.083,4967.838,4967.838;;;;
Trevor;15:07:41;19:54:37;2456.413,4968.206,4968.206;;;;
Trevor;15:07:42;19:54:37;2456.331,4968.127,4968.127;;;;
Trevor;15:07:42;19:54:38;2456.421,4968.263,4968.263;;;;
Trevor;15:07:43;19:54:38;2456.328,4968.173,4968.173;;;;
Trevor;15:07:43;19:54:39;2456.328,4968.173,4968.173;;;;
Trevor;15:07:44;19:54:39;2456.235,4968.089,4968.089;;;;
Trevor;15:07:44;19:54:40;2456.235,4968.089,4968.089;;;;
Trevor;15:07:45;19:54:40;2456.366,4968.264,4968.264;;;;
Trevor;15:07:45;19:54:41;2456.366,4968.264,4968.264;;;;
Trevor;15:07:46;19:54:41;2456.359,4968.254,4968.254;;;;
Trevor;15:07:46;19:54:42;2456,4967.767,4967.767;;;;
Trevor;15:07:47;19:54:42;2455.249,4967.584,4967.584;;;;
Trevor;15:07:47;19:54:43;2454.472,4967.427,4967.427;;;;
Trevor;15:07:48;19:54:44;2453.649,4967.635,4967.635;;It's over!;trevor;CHI2_AZAA
Trevor;15:07:48;19:54:44;2454.016,4967.74,4967.74;;;;
Trevor;15:07:49;19:54:45;2455.669,4968.063,4968.063;;;;
Trevor;15:07:49;19:54:45;2455.895,4968.936,4968.936;;;;
Trevor;15:07:50;19:54:46;2455.574,4968.448,4968.448;;;;
Trevor;15:07:51;19:54:46;2456.011,4969.093,4969.093;;;;
Trevor;15:07:51;19:54:47;2456.394,4969.356,4969.356;;;;
Trevor;15:07:52;19:54:47;2457.109,4969.835,4969.835;;;;
Trevor;15:07:52;19:54:48;2457.463,4970.275,4970.275;;;;
Trevor;15:07:53;19:54:48;2457.525,4970.4,4970.4;;;;
Trevor;15:07:53;19:54:49;2457.511,4970.49,4970.49;;;;
Trevor;15:07:54;19:54:49;2457.511,4970.49,4970.49;;;;
Trevor;15:07:54;19:54:50;2457.798,4970.499,4970.499;;;;
Trevor;15:07:55;19:54:50;2458.373,4970.947,4970.947;;;;
Trevor;15:07:55;19:54:51;2458.541,4971.446,4971.446;;;;
Trevor;15:07:56;19:54:51;2458.711,4971.583,4971.583;;;;
Trevor;15:07:56;19:54:52;2459.226,4971.25,4971.25;;;;
Trevor;15:07:57;19:54:52;2458.802,4971.323,4971.323;;;;
Trevor;15:07:57;19:54:53;2458.271,4971.021,4971.021;;;;
Trevor;15:07:58;19:54:53;2458.242,4970.825,4970.825;;;;
Trevor;15:07:58;19:54:54;2457.984,4970.343,4970.343;;Fuckin' O'Neils!;trevor;CHI2_AZAA
Trevor;15:07:59;19:54:55;2457.375,4969.973,4969.973;;;;
Trevor;15:07:59;19:54:55;2457.283,4969.927,4969.927;;;;
Trevor;15:08:00;19:54:56;2456.956,4969.355,4969.355;;;;
Trevor;15:08:00;19:54:56;2456.388,4968.849,4968.849;;;;
Trevor;15:08:01;19:54:57;2455.481,4968.195,4968.195;;;;
Trevor;15:08:02;19:54:57;2454.079,4967.833,4967.833;;;;
Trevor;15:08:02;19:54:58;2453.356,4967.512,4967.512;;;;
Trevor;15:08:03;19:54:58;2452.163,4967.578,4967.578;;;;
Trevor;15:08:03;19:54:59;2452.102,4968.271,4968.271;;;;
Trevor;15:08:04;19:54:59;2451.562,4968.288,4968.288;;;;
Trevor;15:08:04;19:55:00;2451.343,4968.036,4968.036;;;;
Trevor;15:08:05;19:55:00;2451.343,4968.036,4968.036;;;;
Trevor;15:08:05;19:55:01;2451.331,4968.023,4968.023;;;;
Trevor;15:08:06;19:55:01;2451.087,4967.915,4967.915;;;;
Trevor;15:08:06;19:55:02;2451.612,4968.556,4968.556;;;;
Trevor;15:08:07;19:55:02;2452.17,4969.153,4969.153;;;;
Trevor;15:08:07;19:55:03;2452.665,4970.076,4970.076;;;;
Trevor;15:08:08;19:55:03;2452.587,4971.313,4971.313;;;;
Trevor;15:08:08;19:55:04;2452.405,4972.068,4972.068;;;;
Trevor;15:08:09;19:55:04;2451.743,4972.374,4972.374;;;;
Trevor;15:08:09;19:55:05;2451.286,4972.922,4972.922;;;;
Trevor;15:08:10;19:55:06;2450.558,4973.104,4973.104;;;;
Trevor;15:08:10;19:55:06;2449.951,4973.223,4973.223;;;;
Trevor;15:08:11;19:55:07;2449.37,4973.327,4973.327;;;;
Trevor;15:08:11;19:55:07;2448.797,4973.441,4973.441;;;;
Trevor;15:08:12;19:55:08;2448.24,4973.233,4973.233;;;;
Trevor;15:08:13;19:55:08;2447.656,4973.073,4973.073;;;;
Trevor;15:08:13;19:55:09;2447.071,4972.932,4972.932;;;;
Trevor;15:08:14;19:55:09;2446.499,4972.99,4972.99;;;;
Trevor;15:08:14;19:55:10;2445.911,4973.063,4973.063;;;;
Trevor;15:08:15;19:55:10;2445.32,4973.252,4973.252;;;;
Trevor;15:08:15;19:55:11;2444.746,4973.45,4973.45;;;;
Trevor;15:08:16;19:55:11;2444.185,4973.663,4973.663;;;;
Trevor;15:08:16;19:55:12;2443.771,4973.738,4973.738;;;;
Trevor;15:08:17;19:55:12;2443.633,4973.741,4973.741;;;;
Trevor;15:08:17;19:55:13;2443.568,4973.882,4973.882;;;;
Trevor;15:08:18;19:55:13;2443.375,4974.54,4974.54;;;;
Trevor;15:08:18;19:55:14;2443.36,4974.75,4974.75;;;;
Trevor;15:08:19;19:55:14;2443.337,4974.685,4974.685;;;;
Trevor;15:08:19;19:55:15;2442.896,4974.322,4974.322;;;;
Trevor;15:08:20;19:55:16;2442.169,4973.878,4973.878;;;;
Trevor;15:08:20;19:55:16;2442.078,4973.756,4973.756;;;;
Trevor;15:08:21;19:55:17;2442.877,4974.058,4974.058;;;;
Trevor;15:08:22;19:55:17;2443.512,4973.581,4973.581;;;;
Trevor;15:08:22;19:55:18;2443.924,4972.273,4972.273;;;;
Trevor;15:08:23;19:55:18;2443.372,4971.122,4971.122;;;;
Trevor;15:08:23;19:55:19;2442.618,4969.619,4969.619;;;;
Trevor;15:08:24;19:55:19;2441.43,4968.815,4968.815;;;;
Trevor;15:08:24;19:55:20;2439.777,4968.553,4968.553;;;;
Trevor;15:08:25;19:55:20;2437.862,4968.526,4968.526;;;;
Trevor;15:08:25;19:55:21;2437.527,4968.255,4968.255;;;;
Trevor;15:08:26;19:55:21;2436.873,4967.674,4967.674;;;;
Trevor;15:08:26;19:55:22;2435.44,4966.731,4966.731;;;;
Trevor;15:08:27;19:55:22;2433.708,4966.341,4966.341;;;;
Trevor;15:08:27;19:55:23;2433.024,4966.678,4966.678;;;;
Trevor;15:08:28;19:55:23;2433.033,4966.969,4966.969;;;;
Trevor;15:08:28;19:55:24;2433.761,4966.761,4966.761;;;;
Trevor;15:08:29;19:55:24;2435.612,4966.808,4966.808;;;;
Trevor;15:08:29;19:55:25;2436.449,4967.27,4967.27;;;;
Trevor;15:08:30;19:55:26;2436.64,4967.382,4967.382;;;;
Trevor;15:08:30;19:55:26;2436.87,4967.52,4967.52;;;;
Trevor;15:08:31;19:55:27;2438.026,4968.204,4968.204;;;;
Trevor;15:08:31;19:55:27;2438.739,4968.848,4968.848;;;;
Trevor;15:08:32;19:55:28;2438.865,4968.957,4968.957;;;;
Trevor;15:08:33;19:55:28;2438.907,4969.023,4969.023;;;;
Trevor;15:08:33;19:55:29;2438.937,4969.1,4969.1;;;;
Trevor;15:08:34;19:55:29;2439.183,4969.288,4969.288;;;;
Trevor;15:08:34;19:55:30;2439.914,4969.62,4969.62;;;;
Trevor;15:08:35;19:55:30;2440.877,4969.05,4969.05;;;;
Trevor;15:08:35;19:55:31;2441.266,4967.222,4967.222;;;;
Trevor;15:08:36;19:55:31;2440.393,4966.096,4966.096;;;;
Trevor;15:08:36;19:55:32;2440.377,4965.836,4965.836;;;;
Trevor;15:08:37;19:55:32;2439.596,4963.906,4963.906;;;;
Trevor;15:08:37;19:55:33;2437.716,4962.996,4962.996;;Don't let him down here!;oneilguard2;CHI2_CCAA
Trevor;15:08:38;19:55:33;2436.568,4961.974,4961.974;;;;
Trevor;15:08:38;19:55:34;2436.253,4961.327,4961.327;;;;
Trevor;15:08:39;19:55:34;2435.688,4960.885,4960.885;;;;
Trevor;15:08:39;19:55:35;2435.07,4960.535,4960.535;;;;
Trevor;15:08:40;19:55:35;2434.337,4960.388,4960.388;;;;
Trevor;15:08:40;19:55:36;2433.631,4960.388,4960.388;;;;
Trevor;15:08:41;19:55:37;2432.929,4960.401,4960.401;;;;
Trevor;15:08:41;19:55:37;2432.188,4960.266,4960.266;;;;
Trevor;15:08:42;19:55:38;2431.456,4960.313,4960.313;;Shit! He's in the lab!;oneilguard2;CHI2_CDAA
Trevor;15:08:42;19:55:38;2431.015,4960.662,4960.662;;;;
Trevor;15:08:43;19:55:39;2431.014,4960.663,4960.663;;;;
Trevor;15:08:44;19:55:39;2430.96,4960.72,4960.72;;;;
Trevor;15:08:44;19:55:40;2430.402,4961.12,4961.12;;;;
Trevor;15:08:45;19:55:40;2429.886,4961.627,4961.627;;Don't come any closer, alright?;ONEIL;CHI2_DGAA
Trevor;15:08:45;19:55:41;2429.954,4961.55,4961.55;;;;
Trevor;15:08:46;19:55:41;2430.215,4961.296,4961.296;;;;
Trevor;15:08:46;19:55:42;2430.383,4961.121,4961.121;;;;
Trevor;15:08:47;19:55:42;2430.383,4961.121,4961.121;;You win. You can have the contract.;ONEIL;CHI2_DGAB
Trevor;15:08:47;19:55:43;2430.383,4961.121,4961.121;;;;
Trevor;15:08:48;19:55:43;2430.383,4961.121,4961.121;;;;
Trevor;15:08:48;19:55:44;2430.383,4961.121,4961.121;;;;
Trevor;15:08:49;19:55:44;2430.383,4961.121,4961.121;;;;
Trevor;15:08:49;19:55:45;2430.383,4961.121,4961.121;;;;
Trevor;15:08:50;19:55:45;2430.321,4961.128,4961.128;;;;
Trevor;15:08:50;19:55:46;2429.74,4961.632,4961.632;;We ain't got the ambition, man.;ONEIL;CHI2_DGAC
Trevor;15:08:51;19:55:46;2429.154,4962.217,4962.217;;;;
Trevor;15:08:51;19:55:47;2428.177,4963.194,4963.194;;;;
Trevor;15:08:52;19:55:47;2427.619,4963.761,4963.761;;;;
Trevor;15:08:52;19:55:48;2427.544,4963.853,4963.853;;;;
Trevor;15:08:53;19:55:49;2427.137,4964.445,4964.445;;;;
Trevor;15:08:53;19:55:49;2427.196,4964.795,4964.795;;;;
Trevor;15:08:54;19:55:50;2427.196,4964.795,4964.795;;;;
Trevor;15:08:54;19:55:50;2427.625,4964.949,4964.949;;;;
Trevor;15:08:55;19:55:51;2428.577,4966.033,4966.033;;;;
Trevor;15:08:56;19:55:51;2429.894,4966.708,4966.708;;;;
Trevor;15:08:56;19:55:52;2430.807,4966.924,4966.924;;;;
Trevor;15:08:57;19:55:52;2431.474,4966.576,4966.576;;;;
Trevor;15:08:57;19:55:53;2432.128,4966.217,4966.217;;;;
Trevor;15:08:58;19:55:53;2432.942,4966.025,4966.025;;;;
Trevor;15:08:58;19:55:54;2433.781,4966.346,4966.346;;;;
Trevor;15:08:59;19:55:54;2435.176,4966.938,4966.938;;;;
Trevor;15:08:59;19:55:55;2436.128,4967.335,4967.335;;;;
Trevor;15:09:00;19:55:55;2436.134,4967.336,4967.336;;;;
Trevor;15:09:00;19:55:56;2436.134,4967.336,4967.336;;;;
Trevor;15:09:01;19:55:56;2436.134,4967.336,4967.336;;;;
Trevor;15:09:01;19:55:57;2436.026,4967.062,4967.062;;;;
Trevor;15:09:02;19:55:57;2435.548,4966.529,4966.529;;;;
Trevor;15:09:02;19:55:58;2434.857,4966.136,4966.136;;;;
Trevor;15:09:03;19:55:58;2434.1,4965.927,4965.927;;;;
Trevor;15:09:03;19:55:59;2433.346,4966.035,4966.035;;;;
Trevor;15:09:04;19:56:00;2432.685,4966.37,4966.37;;;;
Trevor;15:09:04;19:56:00;2432.014,4966.709,4966.709;;;;
Trevor;15:09:05;19:56:01;2431.298,4966.845,4966.845;;;;
Trevor;15:09:05;19:56:01;2430.614,4966.981,4966.981;;;;
Trevor;15:09:06;19:56:02;2429.941,4966.794,4966.794;;;;
Trevor;15:09:07;19:56:02;2429.405,4966.287,4966.287;;;;
Trevor;15:09:07;19:56:03;2428.945,4965.729,4965.729;;;;
Trevor;15:09:08;19:56:03;2428.459,4965.243,4965.243;;;;
Trevor;15:09:08;19:56:04;2428.015,4964.783,4964.783;;;;
Trevor;15:09:09;19:56:04;2427.945,4964.159,4964.159;;;;
Trevor;15:09:09;19:56:05;2428.322,4963.568,4963.568;;;;
Trevor;15:09:10;19:56:05;2428.853,4963.078,4963.078;;;;
Trevor;15:09:10;19:56:06;2429.398,4962.61,4962.61;;;;
Trevor;15:09:11;19:56:06;2429.912,4962.097,4962.097;;;;
Trevor;15:09:11;19:56:07;2430.417,4961.591,4961.591;;;;
Trevor;15:09:12;19:56:07;2430.966,4961.124,4961.124;;;;
Trevor;15:09:12;19:56:08;2431.511,4960.677,4960.677;;;;
Trevor;15:09:13;19:56:08;2431.971,4960.227,4960.227;;;;
Trevor;15:09:13;19:56:09;2432.671,4960.214,4960.214;;;;
Trevor;15:09:14;19:56:09;2433.087,4960.625,4960.625;;;;
Trevor;15:09:14;19:56:10;2433.797,4960.792,4960.792;;;;
Trevor;15:09:15;19:56:10;2434.513,4960.879,4960.879;;;;
Trevor;15:09:15;19:56:11;2435.21,4961.065,4961.065;;;;
Trevor;15:09:16;19:56:12;2435.876,4961.313,4961.313;;;;
Trevor;15:09:16;19:56:12;2436.384,4961.739,4961.739;;;;
Trevor;15:09:17;19:56:13;2436.923,4962.195,4962.195;;;;
Trevor;15:09:17;19:56:13;2437.456,4962.688,4962.688;;;;
Trevor;15:09:18;19:56:14;2437.969,4963.228,4963.228;;;;
Trevor;15:09:18;19:56:14;2438.475,4963.754,4963.754;;;;
Trevor;15:09:19;19:56:15;2438.995,4964.274,4964.274;;;;
Trevor;15:09:20;19:56:15;2439.46,4964.809,4964.809;;;;
Trevor;15:09:20;19:56:16;2439.935,4965.353,4965.353;;;;
Trevor;15:09:21;19:56:16;2440.429,4965.84,4965.84;;;;
Trevor;15:09:21;19:56:17;2440.793,4966.44,4966.44;;Arghh...;trevor;CHI2_COAA
Trevor;15:09:22;19:56:17;2441.047,4967.116,4967.116;;;;
Trevor;15:09:22;19:56:18;2441.313,4967.776,4967.776;;;;
Trevor;15:09:23;19:56:18;2441.588,4968.447,4968.447;;;;
Trevor;15:09:23;19:56:19;2441.908,4969.1,4969.1;;;;
Trevor;15:09:24;19:56:19;2442.238,4969.743,4969.743;;;;
Trevor;15:09:24;19:56:20;2442.616,4970.373,4970.373;;;;
Trevor;15:09:25;19:56:20;2443.143,4970.881,4970.881;;;;
Trevor;15:09:25;19:56:21;2443.517,4971.547,4971.547;;;;
Trevor;15:09:26;19:56:21;2443.911,4972.187,4972.187;;;;
Trevor;15:09:26;19:56:22;2444.335,4972.795,4972.795;;;;
Trevor;15:09:27;19:56:22;2444.842,4973.286,4973.286;;;;
Trevor;15:09:27;19:56:23;2445.499,4973.558,4973.558;;;;
Trevor;15:09:28;19:56:24;2446.238,4973.645,4973.645;;;;
Trevor;15:09:28;19:56:24;2446.971,4973.695,4973.695;;;;
Trevor;15:09:29;19:56:25;2447.699,4973.704,4973.704;;;;
Trevor;15:09:29;19:56:25;2448.429,4973.683,4973.683;;;;
Trevor;15:09:30;19:56:26;2449.175,4973.664,4973.664;;;;
Trevor;15:09:30;19:56:26;2449.909,4973.582,4973.582;;;;
Trevor;15:09:31;19:56:27;2450.626,4973.387,4973.387;;;;
Trevor;15:09:32;19:56:27;2451.284,4973.052,4973.052;;;;
Trevor;15:09:32;19:56:28;2451.936,4972.697,4972.697;;;;
Trevor;15:09:33;19:56:28;2452.548,4972.232,4972.232;;;;
Trevor;15:09:33;19:56:29;2453.065,4971.633,4971.633;;;;
Trevor;15:09:34;19:56:29;2453.228,4970.91,4970.91;;;;
Trevor;15:09:34;19:56:30;2452.976,4970.23,4970.23;;;;
Trevor;15:09:35;19:56:30;2452.547,4969.7,4969.7;;;;
Trevor;15:09:35;19:56:31;2452.064,4969.379,4969.379;;;;
Trevor;15:09:36;19:56:31;2451.698,4969.189,4969.189;;;;
Trevor;15:09:36;19:56:32;2451.496,4968.677,4968.677;;;;
Trevor;15:09:37;19:56:32;2451.652,4967.961,4967.961;;Here we go.;trevor;CHI2_COAA
Trevor;15:09:37;19:56:33;2451.947,4967.314,4967.314;;;;
Trevor;15:09:38;19:56:33;2452.387,4966.715,4966.715;;;;
Trevor;15:09:38;19:56:34;2452.845,4966.141,4966.141;;;;
Trevor;15:09:39;19:56:35;2453.299,4965.553,4965.553;;;;
Trevor;15:09:39;19:56:35;2453.552,4964.866,4964.866;;;;
Trevor;15:09:40;19:56:36;2453.344,4964.172,4964.172;;;;
Trevor;15:09:40;19:56:36;2452.994,4963.549,4963.549;;;;
Trevor;15:09:41;19:56:37;2452.61,4962.936,4962.936;;;;
Trevor;15:09:42;19:56:37;2452.187,4962.365,4962.365;;;;
Trevor;15:09:42;19:56:38;2451.874,4961.715,4961.715;;;;
Trevor;15:09:43;19:56:38;2451.56,4961.041,4961.041;;;;
Trevor;15:09:43;19:56:39;2451.189,4960.398,4960.398;;;;
Trevor;15:09:44;19:56:39;2450.734,4959.758,4959.758;;;;
Trevor;15:09:44;19:56:40;2450.423,4959.089,4959.089;;;;
Trevor;15:09:45;19:56:40;2450.191,4958.386,4958.386;;;;
Trevor;15:09:45;19:56:41;2450.177,4957.635,4957.635;;;;
Trevor;15:09:46;19:56:41;2450.315,4956.914,4956.914;;;;
Trevor;15:09:46;19:56:42;2450.6,4956.208,4956.208;;;;
Trevor;15:09:47;19:56:42;2451.044,4955.663,4955.663;;;;
Trevor;15:09:47;19:56:43;2451.797,4955.461,4955.461;;;;
Trevor;15:09:48;19:56:43;2452.566,4955.168,4955.168;;ot the gasoline trail to ignite it.;Cutscene;Cutscene
Trevor;15:09:48;19:56:44;2452.649,4955.108,4955.108;;;;
Trevor;15:09:49;19:56:44;2452.78,4954.952,4954.952;;;;
Trevor;15:09:49;19:56:45;2453.132,4954.229,4954.229;;;;
Trevor;15:09:50;19:56:46;2453.372,4953.466,4953.466;;;;
Trevor;15:09:50;19:56:46;2453.384,4953.371,4953.371;;;;
Trevor;15:09:51;19:56:47;2453.374,4953.306,4953.306;;;;
Trevor;15:09:51;19:56:47;2453.649,4953.09,4953.09;;;;
Trevor;15:09:52;19:56:48;2453.649,4953.09,4953.09;;;;
Trevor;15:09:53;19:56:48;2453.649,4953.09,4953.09;;;;
Trevor;15:09:53;19:56:49;2453.649,4953.09,4953.09;;Burn, you disrespectful pricks.;trevor;CHI2_CPAA
Trevor;15:09:54;19:56:49;2453.496,4953.006,4953.006;;;;
Trevor;15:09:54;19:56:50;2453.425,4952.338,4952.338;;;;
Trevor;15:09:55;19:56:50;2453.172,4951.701,4951.701;;;;
Trevor;15:09:55;19:56:51;2452.787,4951.843,4951.843;;;;
Trevor;15:09:56;19:56:51;2453.952,4952.144,4952.144;;;;
Trevor;15:09:56;19:56:52;2454.202,4952.211,4952.211;;;;
Trevor;15:09:57;19:56:52;2454.202,4952.211,4952.211;;;;
Trevor;15:09:57;19:56:53;2454.202,4952.211,4952.211;;;;
Trevor;15:09:58;19:56:53;2454.202,4952.211,4952.211;;;;
Trevor;15:09:58;19:56:54;2454.202,4952.211,4952.211;;;;
Trevor;15:09:59;19:56:54;2454.202,4952.211,4952.211;;;;
Trevor;15:09:59;19:56:55;2454.202,4952.211,4952.211;;;;
Trevor;15:10:00;19:56:55;2454.202,4952.211,4952.211;;;;
Trevor;15:10:00;19:56:56;2454.202,4952.211,4952.211;;;;
Trevor;15:10:01;19:56:57;2454.202,4952.211,4952.211;;;;
Trevor;15:10:01;19:56:57;2454.202,4952.211,4952.211;;;;
Trevor;15:10:02;19:56:58;2454.202,4952.211,4952.211;;;;
Trevor;15:10:02;19:56:58;2454.202,4952.211,4952.211;;;;
Trevor;15:10:03;19:56:59;2454.202,4952.211,4952.211;;;;
Trevor;15:10:04;19:56:59;2454.202,4952.211,4952.211;;;;
Trevor;15:10:04;19:57:00;2454.202,4952.211,4952.211;;;;
Trevor;15:10:05;19:57:00;2468.809,4953.246,4953.246;;;;
Trevor;15:10:05;19:57:01;2469.734,4952.4,4952.4;;;;
Trevor;15:10:06;19:57:01;2470.187,4951.883,4951.883;;;;
Trevor;15:10:06;19:57:02;2470.44,4951.567,4951.567;;;;
Trevor;15:10:07;19:57:02;2470.587,4951.378,4951.378;;;;
Trevor;15:10:07;19:57:03;2470.709,4951.22,4951.22;;;;
Trevor;15:10:08;19:57:03;2470.832,4951.062,4951.062;;;;
Trevor;15:10:08;19:57:04;2470.953,4950.905,4950.905;;;;
Trevor;15:10:09;19:57:04;2471.077,4950.749,4950.749;;;;
Trevor;15:10:09;19:57:05;2471.205,4950.589,4950.589;;;;
Trevor;15:10:10;19:57:05;2471.4,4950.355,4950.355;;;;
Trevor;15:10:10;19:57:06;2471.738,4949.986,4949.986;;;;
Trevor;15:10:11;19:57:06;2474.97,4946.047,4946.047;; away from the farm house.;Cutscene;Cutscene
Trevor;15:10:11;19:57:07;2474.97,4946.047,4946.047;;Arghhhh!;trevor;CHI2_CRAA
Trevor;15:10:12;19:57:07;2475.217,4945.848,4945.848;;;;
Trevor;15:10:12;19:57:08;2476.067,4945.11,4945.11;;;;
Trevor;15:10:13;19:57:09;2477.709,4943.418,4943.418;;;;
Trevor;15:10:13;19:57:09;2477.94,4943.083,4943.083;;;;
Trevor;15:10:14;19:57:10;2477.95,4943.045,4943.045;; away from the farm house.;Cutscene;Cutscene
Trevor;15:10:14;19:57:10;2478.066,4943.017,4943.017;;;;
Trevor;15:10:15;19:57:11;2478.279,4943.189,4943.189;;;;
Trevor;15:10:16;19:57:11;2478.556,4943.251,4943.251;;;;
Trevor;15:10:16;19:57:12;2478.583,4943.252,4943.252;;;;
Trevor;15:10:17;19:57:12;2479.208,4943.098,4943.098;;;;
Trevor;15:10:17;19:57:13;2479.19,4942.42,4942.42;;;;
Trevor;15:10:18;19:57:13;2478.933,4942.349,4942.349;;;;
Trevor;15:10:18;19:57:14;2478.356,4942.078,4942.078;;;;
Trevor;15:10:19;19:57:14;2478.634,4941.781,4941.781;True,OffRoad,BLAZER,0,03438789,0;;;
Trevor;15:10:19;19:57:15;2478.634,4941.78,4941.78;True,OffRoad,BLAZER,0,0;;;
Trevor;15:10:20;19:57:15;2478.653,4941.763,4941.763;True,OffRoad,BLAZER,0,2938983,1;;;
Trevor;15:10:20;19:57:16;2479.675,4941.138,4941.138;True,OffRoad,BLAZER,5,186492,1;;;
Trevor;15:10:21;19:57:16;2483.251,4939.104,4939.104;True,OffRoad,BLAZER,9,653973,0;;;
Trevor;15:10:21;19:57:17;2487.068,4935.547,4935.547;True,OffRoad,BLAZER,12,03718,1;;;
Trevor;15:10:22;19:57:17;2492.392,4930.049,4930.049;True,OffRoad,BLAZER,17,88912,1;;;
Trevor;15:10:22;19:57:18;2499.196,4922.534,4922.534;True,OffRoad,BLAZER,20,5827,1;;;
Trevor;15:10:23;19:57:18;2505.606,4913.417,4913.417;True,OffRoad,BLAZER,22,98978,1;;;
Trevor;15:10:23;19:57:19;2514.588,4904.84,4904.84;True,OffRoad,BLAZER,24,74536,1;;;
Trevor;15:10:24;19:57:20;2524.133,4895.468,4895.468;True,OffRoad,BLAZER,26,15744,1;;;
Trevor;15:10:24;19:57:20;2534.288,4886.171,4886.171;True,OffRoad,BLAZER,26,72283,1;;;
Trevor;15:10:25;19:57:21;2544.237,4876.206,4876.206;True,OffRoad,BLAZER,26,70184,1;;;
Trevor;15:10:25;19:57:21;2554.747,4866.816,4866.816;True,OffRoad,BLAZER,27,36047,1;;;
Trevor;15:10:26;19:57:22;2564.969,4856.672,4856.672;True,OffRoad,BLAZER,27,50625,0;;;
Trevor;15:10:27;19:57:22;2576.03,4847.828,4847.828;True,OffRoad,BLAZER,27,17413,1;;;
Trevor;15:10:27;19:57:23;2587.342,4838.812,4838.812;True,OffRoad,BLAZER,27,70318,1;;;
Trevor;15:10:28;19:57:23;2597.623,4828.67,4828.67;True,OffRoad,BLAZER,26,71564,0;;;
Trevor;15:10:28;19:57:24;2606.582,4819.738,4819.738;True,OffRoad,BLAZER,22,12597,0;;;
Trevor;15:10:29;19:57:24;2614.398,4811.922,4811.922;True,OffRoad,BLAZER,20,25333,0;;;
Trevor;15:10:29;19:57:25;2621.459,4804.895,4804.895;True,OffRoad,BLAZER,18,24982,0;;;
Trevor;15:10:30;19:57:25;2625.942,4797.443,4797.443;True,OffRoad,BLAZER,15,78795,0;;;
Trevor;15:10:30;19:57:26;2627.198,4789.756,4789.756;True,OffRoad,BLAZER,15,55867,1;;;
Trevor;15:10:31;19:57:26;2624.313,4782.816,4782.816;True,OffRoad,BLAZER,14,74901,1;;;
Trevor;15:10:31;19:57:27;2618.357,4777.074,4777.074;True,OffRoad,BLAZER,17,23508,1;;;
Trevor;15:10:32;19:57:27;2611.477,4770.55,4770.55;True,OffRoad,BLAZER,19,17744,1;;;
Trevor;15:10:32;19:57:28;2604.188,4763.315,4763.315;True,OffRoad,BLAZER,19,42653,0;;;
Trevor;15:10:33;19:57:28;2596.802,4755.984,4755.984;True,OffRoad,BLAZER,20,52024,1;;;
Trevor;15:10:33;19:57:29;2588.883,4748.136,4748.136;True,OffRoad,BLAZER,21,88047,1;;;
Trevor;15:10:34;19:57:29;2580.574,4739.903,4739.903;True,OffRoad,BLAZER,23,16977,1;;;
Trevor;15:10:34;19:57:30;2571.642,4731.061,4731.061;True,OffRoad,BLAZER,24,41407,1;;;
Trevor;15:10:35;19:57:30;2562.352,4721.873,4721.873;True,OffRoad,BLAZER,25,49853,1;;;
Trevor;15:10:35;19:57:31;2552.649,4712.285,4712.285;True,OffRoad,BLAZER,26,4367,1;;;
Trevor;15:10:36;19:57:32;2542.771,4702.533,4702.533;True,OffRoad,BLAZER,27,23038,1;;;
Trevor;15:10:36;19:57:32;2532.596,4692.515,4692.515;True,OffRoad,BLAZER,27,90487,1;;;
Trevor;15:10:37;19:57:33;2522.439,4682.514,4682.514;True,OffRoad,BLAZER,27,24767,1;;;
Trevor;15:10:42;19:57:38;2520.013,4680.122,4680.122;True,OffRoad,BLAZER,1,573094,1;;;
Trevor;15:10:43;19:57:39;2518.796,4678.943,4678.943;True,OffRoad,BLAZER,5,589939,1;;;
Trevor;15:10:44;19:57:39;2515.801,4676.024,4676.024;True,OffRoad,BLAZER,10,18924,1;;;
Trevor;15:10:44;19:57:40;2511.293,4671.63,4671.63;True,OffRoad,BLAZER,14,04762,1;;;
Trevor;15:10:45;19:57:40;2505.303,4665.806,4665.806;True,OffRoad,BLAZER,15,7944,0;;;
Trevor;15:10:45;19:57:41;2499.243,4659.896,4659.896;True,OffRoad,BLAZER,17,32512,1;;;
Trevor;15:10:46;19:57:41;2494.101,4651.943,4651.943;True,OffRoad,BLAZER,19,04046,1;;;
Trevor;15:10:46;19:57:42;2487.548,4645.324,4645.324;True,OffRoad,BLAZER,16,68046,0;;;
Trevor;15:10:47;19:57:42;2481.455,4639.449,4639.449;True,OffRoad,BLAZER,15,61617,1;;;
Trevor;15:10:47;19:57:43;2476.006,4633.09,4633.09;True,OffRoad,BLAZER,16,25117,0;;;
Trevor;15:10:48;19:57:43;2469.998,4628.048,4628.048;True,OffRoad,BLAZER,14,63234,0;;;
Trevor;15:10:48;19:57:44;2465.618,4622.601,4622.601;True,OffRoad,BLAZER,13,18791,1;;;
Trevor;15:10:49;19:57:44;2460.392,4617.16,4617.16;True,OffRoad,BLAZER,15,63451,1;;;
Trevor;15:10:49;19:57:45;2454.361,4611.852,4611.852;True,OffRoad,BLAZER,14,33815,0;;;
Trevor;15:10:50;19:57:45;2449.384,4607.445,4607.445;True,OffRoad,BLAZER,10,45072,0;;;
Trevor;15:10:50;19:57:46;2446.843,4603.304,4603.304;True,OffRoad,BLAZER,8,367488,0;;;
Trevor;15:10:51;19:57:46;2445.943,4599.244,4599.244;True,OffRoad,BLAZER,8,169046,0;;;
Trevor;15:10:51;19:57:47;2446.091,4595.298,4595.298;True,OffRoad,BLAZER,7,390899,0;;;
Trevor;15:10:52;19:57:47;2447.363,4592.187,4592.187;True,OffRoad,BLAZER,5,504752,0;;;
Trevor;15:10:52;19:57:48;2448.414,4590.055,4590.055;True,OffRoad,BLAZER,3,606617,0;;;
Trevor;15:10:53;19:57:49;2449.04,4588.808,4588.808;True,OffRoad,BLAZER,1,733517,0;;;
Trevor;15:10:58;19:57:54;2449.261,4588.454,4588.454;True,OffRoad,BLAZER,0,06563941,0;;;
Trevor;15:10:59;19:57:55;2449.493,4587.997,4587.997;True,OffRoad,BLAZER,2,890503,1;;;
Trevor;15:10:59;19:57:55;2450.645,4585.29,4585.29;True,OffRoad,BLAZER,8,139696,1;;;
Trevor;15:11:00;19:57:56;2451.958,4580.644,4580.644;True,OffRoad,BLAZER,9,367032,1;;;
Trevor;15:11:01;19:57:56;2454.131,4575.506,4575.506;True,OffRoad,BLAZER,11,87399,1;;;
Trevor;15:11:01;19:57:57;2456.183,4568.994,4568.994;True,OffRoad,BLAZER,14,3804,1;;;
Trevor;15:11:02;19:57:57;2459.956,4561.823,4561.823;True,OffRoad,BLAZER,16,86394,1;;;
Trevor;15:11:02;19:57:58;2464.426,4553.458,4553.458;True,OffRoad,BLAZER,19,2871,1;;;
Trevor;15:11:03;19:57:58;2468.869,4544.178,4544.178;True,OffRoad,BLAZER,19,54498,1;;;
Trevor;15:11:03;19:57:59;2472.545,4534.349,4534.349;True,OffRoad,BLAZER,21,22526,1;;;
Trevor;15:11:04;19:57:59;2475.615,4523.226,4523.226;True,OffRoad,BLAZER,22,6894,1;;;
Trevor;15:11:04;19:58:00;2477.959,4511.162,4511.162;True,OffRoad,BLAZER,24,16453,1;;;
Trevor;15:11:05;19:58:00;2480.006,4498.426,4498.426;True,OffRoad,BLAZER,25,28874,1;;;
Trevor;15:11:05;19:58:01;2481.115,4484.931,4484.931;True,OffRoad,BLAZER,26,22749,1;;;
Trevor;15:11:06;19:58:01;2481.619,4470.898,4470.898;True,OffRoad,BLAZER,27,0039,1;;;
Trevor;15:11:06;19:58:02;2482.064,4456.851,4456.851;True,OffRoad,BLAZER,27,64245,1;;;
Trevor;15:11:07;19:58:02;2482.517,4442.482,4442.482;True,OffRoad,BLAZER,27,05381,0;;;
Trevor;15:11:07;19:58:03;2481.882,4429.114,4429.114;True,OffRoad,BLAZER,24,4416,0;;;
Trevor;15:11:08;19:58:03;2479.63,4417.134,4417.134;True,OffRoad,BLAZER,22,09525,0;;;
Trevor;15:11:08;19:58:04;2477.368,4406.445,4406.445;True,OffRoad,BLAZER,19,86623,0;;;
Trevor;15:11:09;19:58:05;2475.318,4396.836,4396.836;True,OffRoad,BLAZER,17,69088,0;;;
Trevor;15:11:09;19:58:05;2473.517,4388.419,4388.419;True,OffRoad,BLAZER,15,59412,0;;;
Trevor;15:11:10;19:58:06;2471.921,4380.958,4380.958;True,OffRoad,BLAZER,13,53168,0;;;
Trevor;15:11:10;19:58:06;2470.557,4374.585,4374.585;True,OffRoad,BLAZER,11,52771,0;;;
Trevor;15:11:11;19:58:07;2469.398,4369.233,4369.233;True,OffRoad,BLAZER,9,569639,0;;;
Trevor;15:11:11;19:58:07;2467.827,4364.488,4364.488;True,OffRoad,BLAZER,10,51488,1;;;
Trevor;15:11:12;19:58:08;2464.178,4359.61,4359.61;True,OffRoad,BLAZER,12,78623,1;;;
Trevor;15:11:13;19:58:08;2461.718,4352.939,4352.939;True,OffRoad,BLAZER,14,96122,1;;;
Trevor;15:11:13;19:58:09;2459.085,4345.021,4345.021;True,OffRoad,BLAZER,17,15827,1;;;
Trevor;15:11:14;19:58:09;2456.901,4335.806,4335.806;True,OffRoad,BLAZER,18,97546,1;;;
Trevor;15:11:14;19:58:10;2453.849,4325.957,4325.957;True,OffRoad,BLAZER,19,67616,0;;;
Trevor;15:11:15;19:58:10;2451.491,4315.894,4315.894;True,OffRoad,BLAZER,20,26821,1;;;
Trevor;15:11:15;19:58:11;2449.579,4305.202,4305.202;True,OffRoad,BLAZER,21,5837,1;;;
Trevor;15:11:16;19:58:11;2446.675,4293.992,4293.992;True,OffRoad,BLAZER,22,87023,1;;;
Trevor;15:11:16;19:58:12;2444.425,4281.961,4281.961;True,OffRoad,BLAZER,24,11594,1;;;
Trevor;15:11:17;19:58:12;2443.302,4269.096,4269.096;True,OffRoad,BLAZER,25,23058,1;;;
Trevor;15:11:17;19:58:13;2443.87,4255.708,4255.708;True,OffRoad,BLAZER,26,11421,1;;;
Trevor;15:11:18;19:58:13;2445.753,4241.882,4241.882;True,OffRoad,BLAZER,26,97998,1;;;
Trevor;15:11:18;19:58:14;2447.813,4227.675,4227.675;True,OffRoad,BLAZER,27,70395,1;;;
Trevor;15:11:19;19:58:14;2450.559,4213.391,4213.391;True,OffRoad,BLAZER,26,86213,1;;;
Trevor;15:11:19;19:58:15;2455.181,4199.814,4199.814;True,OffRoad,BLAZER,27,67721,1;;;
Trevor;15:11:20;19:58:15;2460.137,4186.276,4186.276;True,OffRoad,BLAZER,27,41862,0;;;
Trevor;15:11:20;19:58:16;2465.383,4173.745,4173.745;True,OffRoad,BLAZER,24,93215,0;;;
Trevor;15:11:21;19:58:17;2471.617,4162.921,4162.921;True,OffRoad,BLAZER,22,4929,0;;;
Trevor;15:11:21;19:58:17;2478.602,4154.105,4154.105;True,OffRoad,BLAZER,20,13668,0;;;
Trevor;15:11:22;19:58:18;2485.527,4147.012,4147.012;True,OffRoad,BLAZER,17,84206,0;;;
Trevor;15:11:22;19:58:18;2491.614,4141.848,4141.848;True,OffRoad,BLAZER,13,15869,0;;;
Trevor;15:11:23;19:58:19;2495.865,4138.311,4138.311;True,OffRoad,BLAZER,7,331422,0;;;
Trevor;15:11:24;19:58:19;2498.396,4136.198,4136.198;True,OffRoad,BLAZER,5,266257,0;;;
Trevor;15:11:24;19:58:20;2499.865,4134.959,4134.959;True,OffRoad,BLAZER,0,7322214,0;;;
Trevor;15:11:25;19:58:20;2500.007,4134.867,4134.867;True,OffRoad,BLAZER,1,007017,1;;;
Trevor;15:11:25;19:58:21;2501.397,4133.67,4133.67;True,OffRoad,BLAZER,6,237152,1;;;
Trevor;15:11:26;19:58:21;2503.222,4129.808,4129.808;True,OffRoad,BLAZER,9,814216,0;;;
Trevor;15:11:26;19:58:22;2501.775,4125.11,4125.11;True,OffRoad,BLAZER,10,39794,1;;;
Trevor;15:11:27;19:58:22;2498.833,4119.771,4119.771;True,OffRoad,BLAZER,12,99434,1;;;
Trevor;15:11:27;19:58:23;2495.796,4113.083,4113.083;True,OffRoad,BLAZER,15,41018,1;;;
Trevor;15:11:28;19:58:23;2492.149,4105.304,4105.304;True,OffRoad,BLAZER,17,77104,1;;;
Trevor;15:11:28;19:58:24;2488.387,4096.241,4096.241;True,OffRoad,BLAZER,19,54332,1;;;
Trevor;15:11:29;19:58:24;2485.074,4086.59,4086.59;True,OffRoad,BLAZER,19,48531,1;;;
Trevor;15:11:29;19:58:25;2480.531,4077.11,4077.11;True,OffRoad,BLAZER,20,97026,1;;;
Trevor;15:11:30;19:58:25;2475.739,4066.714,4066.714;True,OffRoad,BLAZER,22,36682,1;;;
Trevor;15:11:30;19:58:26;2470.842,4055.88,4055.88;True,OffRoad,BLAZER,23,69868,1;;;
Trevor;15:11:31;19:58:26;2466.525,4043.875,4043.875;True,OffRoad,BLAZER,25,00923,1;;;
Trevor;15:11:31;19:58:27;2460.808,4031.945,4031.945;True,OffRoad,BLAZER,26,09194,1;;;
Trevor;15:11:32;19:58:27;2454.939,4019.256,4019.256;True,OffRoad,BLAZER,27,03586,1;;;
Trevor;15:11:32;19:58:28;2448.165,4006.782,4006.782;True,OffRoad,BLAZER,27,83092,1;;;
Trevor;15:11:33;19:58:29;2440.948,3994.431,3994.431;True,OffRoad,BLAZER,27,28226,1;;;
Trevor;15:11:33;19:58:29;2433.781,3982.228,3982.228;True,OffRoad,BLAZER,26,51749,0;;;
Trevor;15:11:34;19:58:30;2426.011,3971.444,3971.444;True,OffRoad,BLAZER,24,07218,0;;;
Trevor;15:11:34;19:58:30;2418.167,3962.442,3962.442;True,OffRoad,BLAZER,21,74658,0;;;
Trevor;15:11:35;19:58:31;2413.398,3952.802,3952.802;True,OffRoad,BLAZER,19,31578,0;;;
Trevor;15:11:36;19:58:31;2408.131,3944.858,3944.858;True,OffRoad,BLAZER,17,12503,0;;;
Trevor;15:11:36;19:58:32;2401.565,3938.445,3938.445;True,OffRoad,BLAZER,18,20605,1;;;
Trevor;15:11:37;19:58:32;2395.069,3930.929,3930.929;True,OffRoad,BLAZER,19,89903,1;;;
Trevor;15:11:37;19:58:33;2387.825,3923.575,3923.575;True,OffRoad,BLAZER,19,69861,1;;;
Trevor;15:11:38;19:58:33;2379.854,3916.386,3916.386;True,OffRoad,BLAZER,21,134,1;;;
Trevor;15:11:38;19:58:34;2370.387,3909.941,3909.941;True,OffRoad,BLAZER,22,60946,1;;;
Trevor;15:11:39;19:58:34;2360.733,3902.607,3902.607;True,OffRoad,BLAZER,24,07864,1;;;
Trevor;15:11:39;19:58:35;2350.799,3894.608,3894.608;True,OffRoad,BLAZER,25,27105,1;;;
Trevor;15:11:40;19:58:35;2340.245,3886.099,3886.099;True,OffRoad,BLAZER,26,30124,1;;;
Trevor;15:11:40;19:58:36;2328.562,3878.555,3878.555;True,OffRoad,BLAZER,27,14698,1;;;
Trevor;15:11:41;19:58:36;2315.607,3871.921,3871.921;True,OffRoad,BLAZER,27,50607,0;;;
Trevor;15:11:41;19:58:37;2303.249,3865.568,3865.568;True,OffRoad,BLAZER,26,53488,1;;;
Trevor;15:11:42;19:58:37;2292.179,3857.777,3857.777;True,OffRoad,BLAZER,25,25065,0;;;
Trevor;15:11:42;19:58:38;2281.952,3850.331,3850.331;True,OffRoad,BLAZER,22,92898,0;;;
Trevor;15:11:43;19:58:38;2271.877,3844.667,3844.667;True,OffRoad,BLAZER,22,1439,1;;;
Trevor;15:11:43;19:58:39;2261.344,3839.088,3839.088;True,OffRoad,BLAZER,23,55115,1;;;
Trevor;15:11:44;19:58:40;2250.132,3832.937,3832.937;True,OffRoad,BLAZER,24,82783,1;;;
Trevor;15:11:44;19:58:40;2238.545,3826.402,3826.402;True,OffRoad,BLAZER,25,48209,0;;;
Trevor;15:11:45;19:58:41;2227.978,3819.479,3819.479;True,OffRoad,BLAZER,23,19987,0;;;
Trevor;15:11:45;19:58:41;2218.601,3813.086,3813.086;True,OffRoad,BLAZER,21,06498,0;;;
Trevor;15:11:46;19:58:42;2209.209,3808.391,3808.391;True,OffRoad,BLAZER,19,61654,0;;;
Trevor;15:11:46;19:58:42;2200.688,3803.98,3803.98;True,OffRoad,BLAZER,17,52172,0;;;
Trevor;15:11:47;19:58:43;2192.865,3799.61,3799.61;True,OffRoad,BLAZER,17,7052,1;;;
Trevor;15:11:48;19:58:43;2184.083,3795.61,3795.61;True,OffRoad,BLAZER,19,56679,1;;;
Trevor;15:11:48;19:58:44;2175.046,3790.689,3790.689;True,OffRoad,BLAZER,19,4959,1;;;
Trevor;15:11:49;19:58:44;2165.658,3785.806,3785.806;True,OffRoad,BLAZER,20,95632,1;;;
Trevor;15:11:49;19:58:45;2156.185,3779.585,3779.585;True,OffRoad,BLAZER,22,31661,1;;;
Trevor;15:11:50;19:58:45;2146.02,3773.261,3773.261;True,OffRoad,BLAZER,23,5889,1;;;
Trevor;15:11:50;19:58:46;2135.079,3766.842,3766.842;True,OffRoad,BLAZER,24,90438,1;;;
Trevor;15:11:51;19:58:46;2123.841,3759.653,3759.653;True,OffRoad,BLAZER,26,00574,1;;;
Trevor;15:11:51;19:58:47;2112.471,3753.519,3753.519;True,OffRoad,BLAZER,23,63392,0;;;
Trevor;15:11:52;19:58:47;2102.85,3746.943,3746.943;True,OffRoad,BLAZER,21,30346,0;;;
Trevor;15:11:52;19:58:48;2093.754,3741.517,3741.517;True,OffRoad,BLAZER,20,20673,1;;;
Trevor;15:11:53;19:58:48;2084.497,3736.336,3736.336;True,OffRoad,BLAZER,19,47416,0;;;
Trevor;15:11:53;19:58:49;2075.907,3732.111,3732.111;True,OffRoad,BLAZER,17,03876,0;;;
Trevor;15:11:54;19:58:49;2067.597,3731.217,3731.217;True,OffRoad,BLAZER,14,8358,0;;;
Trevor;15:11:54;19:58:50;2061.572,3734.462,3734.462;True,OffRoad,BLAZER,12,41341,1;;;
Trevor;15:11:55;19:58:50;2056.864,3740.108,3740.108;True,OffRoad,BLAZER,15,64293,1;;;
Trevor;15:11:55;19:58:51;2050.897,3746.787,3746.787;True,OffRoad,BLAZER,18,34566,1;;;
Trevor;15:11:56;19:58:52;2045.399,3755.329,3755.329;True,OffRoad,BLAZER,20,18118,1;;;
Trevor;15:11:56;19:58:52;2040.887,3764.624,3764.624;True,OffRoad,BLAZER,20,0098,1;;;
Trevor;15:11:57;19:58:53;2035.086,3773.885,3773.885;True,OffRoad,BLAZER,21,4653,1;;;
Trevor;15:11:57;19:58:53;2029.334,3784.104,3784.104;True,OffRoad,BLAZER,22,86827,1;;;
Trevor;15:11:58;19:58:54;2023.884,3794.929,3794.929;True,OffRoad,BLAZER,23,12184,0;;;
Trevor;15:11:59;19:58:54;2018.147,3804.543,3804.543;True,OffRoad,BLAZER,18,70524,0;;;
Trevor;15:11:59;19:58:55;2012.832,3811.834,3811.834;True,OffRoad,BLAZER,15,93233,0;;;
Trevor;15:12:00;19:58:55;2005.455,3813.531,3813.531;True,OffRoad,BLAZER,13,34542,0;;;
Trevor;15:12:00;19:58:56;1999.1,3810.845,3810.845;True,OffRoad,BLAZER,14,54665,1;;;
Trevor;15:12:01;19:58:56;1992.015,3807.253,3807.253;True,OffRoad,BLAZER,14,45787,0;;;
Trevor;15:12:01;19:58:57;1986.37,3808.01,3808.01;True,OffRoad,BLAZER,5,858054,0;;;
Trevor;15:12:02;19:58:57;1985.248,3808.928,3808.928;True,OffRoad,BLAZER,1,557687,0;;;
Trevor;15:12:02;19:58:58;1985.253,3809.019,3809.019;True,OffRoad,BLAZER,1,08909,0;;;
Trevor;15:12:03;19:58:58;1985.253,3809.027,3809.027;True,OffRoad,BLAZER,0,04547506,0;;;
Trevor;15:12:03;19:58:59;1985.733,3809.58,3809.58;;;;
Trevor;15:12:04;19:58:59;1985.2,3811.023,3811.023;;;;
Trevor;15:12:04;19:59:00;1984.688,3813.932,3813.932;;;;
Trevor;15:12:05;19:59:00;1984.565,3816.657,3816.657;;;;
Trevor;15:12:05;19:59:01;1983.476,3817.185,3817.185;;;;
Trevor;15:12:06;19:59:01;1982.517,3817.082,3817.082;;;;
Trevor;15:12:06;19:59:02;1981.63,3816.81,3816.81;;;;
Trevor;15:12:07;19:59:03;1980.716,3816.474,3816.474;;;;
Trevor;15:12:07;19:59:03;1979.845,3816.119,3816.119;;;;
Trevor;15:12:08;19:59:04;1979.115,3815.787,3815.787;;;;
Trevor;15:12:08;19:59:04;1978.366,3815.491,3815.491;;;;
Trevor;15:12:09;19:59:05;1977.517,3815.22,3815.22;;;;
Trevor;15:12:10;19:59:05;1976.599,3814.938,3814.938;;;;
Trevor;15:12:10;19:59:06;1975.659,3814.656,3814.656;;;;
Trevor;15:12:11;19:59:06;1974.735,3814.373,3814.373;;;;
Trevor;15:12:11;19:59:07;1973.849,3814.02,3814.02;;;;
Trevor;15:12:12;19:59:07;1973.08,3813.44,3813.44;;Get back here!;Cutscene;Cutscene
Trevor;15:12:12;19:59:08;1972.784,3813.31,3813.31;;;;
Trevor;15:12:13;19:59:08;1972.489,3813.186,3813.186;;;;
Trevor;15:12:13;19:59:09;1972.271,3813.076,3813.076;;;;
Trevor;15:12:14;19:59:09;1972.191,3813.049,3813.049;;;;
Trevor;15:12:14;19:59:10;1972.058,3813,3813;;You're not even hidden!;Cutscene;Cutscene
Trevor;15:12:15;19:59:10;1971.885,3812.792,3812.792;;;;
Trevor;15:12:15;19:59:11;1971.751,3812.606,3812.606;;;;
Trevor;15:12:16;19:59:11;1971.62,3812.579,3812.579;;;;
Trevor;15:12:16;19:59:12;1971.655,3812.545,3812.545;;Have you got it?;Cutscene;Cutscene
Trevor;15:12:17;19:59:12;1971.663,3812.534,3812.534;;;;
Trevor;15:12:17;19:59:13;1971.651,3812.525,3812.525;;;;
Trevor;15:12:18;19:59:13;1971.648,3812.523,3812.523;;;;
Trevor;15:12:18;19:59:14;1971.652,3812.53,3812.53;;I-I been trying, Trevor.;Cutscene;Cutscene
Trevor;15:12:19;19:59:15;1971.657,3812.535,3812.535;;;;
Trevor;15:12:19;19:59:15;1971.662,3812.539,3812.539;;;;
Trevor;15:12:20;19:59:16;1971.664,3812.541,3812.541;;;;
Trevor;15:12:20;19:59:16;1971.654,3812.619,3812.619;;I been trying.;Cutscene;Cutscene
Trevor;15:12:21;19:59:17;1971.555,3812.787,3812.787;;;;
Trevor;15:12:22;19:59:17;1971.592,3812.914,3812.914;;Come on over here, alright?;Cutscene;Cutscene
Trevor;15:12:22;19:59:18;1971.76,3813.048,3813.048;;;;
Trevor;15:12:23;19:59:18;1972.03,3813.066,3813.066;;I ain't gonna hit ya.;Cutscene;Cutscene
Trevor;15:12:23;19:59:19;1972.224,3813.129,3813.129;;;;
Trevor;15:12:24;19:59:19;1972.284,3813.253,3813.253;;;;
Trevor;15:12:24;19:59:20;1972.23,3813.234,3813.234;;;;
Trevor;15:12:25;19:59:20;1972.159,3813.189,3813.189;;I been trying.;Cutscene;Cutscene
Trevor;15:12:25;19:59:21;1972.192,3813.169,3813.169;;;;
Trevor;15:12:26;19:59:21;1972.236,3813.155,3813.155;;I know. I know.;Cutscene;Cutscene
Trevor;15:12:26;19:59:22;1972.164,3813.103,3813.103;;;;
Trevor;15:12:27;19:59:22;1971.975,3812.884,3812.884;;;;
Trevor;15:12:27;19:59:23;1971.549,3812.54,3812.54;;;;
Trevor;15:12:28;19:59:23;1971.562,3812.576,3812.576;;;;
Trevor;15:12:28;19:59:24;1971.572,3812.518,3812.518;;;;
Trevor;15:12:29;19:59:24;1971.58,3812.451,3812.451;;;;
Trevor;15:12:29;19:59:25;1971.571,3812.45,3812.45;;;;
Trevor;15:12:30;19:59:26;1971.543,3812.479,3812.479;;;;
Trevor;15:12:30;19:59:26;1971.489,3812.559,3812.559;;;;
Trevor;15:12:31;19:59:27;1971.473,3812.71,3812.71;;;;
Trevor;15:12:31;19:59:27;1971.549,3812.704,3812.704;;;;
Trevor;15:12:32;19:59:28;1971.66,3812.657,3812.657;;;;
Trevor;15:12:33;19:59:28;1971.639,3812.599,3812.599;;;;
Trevor;15:12:33;19:59:29;1971.582,3812.564,3812.564;;;;
Trevor;15:12:34;19:59:29;1971.63,3812.507,3812.507;;I thought you said you wasn't gonna hit me?;Cutscene;Cutscene
Trevor;15:12:34;19:59:30;1971.71,3812.556,3812.556;;;;
Trevor;15:12:35;19:59:30;1971.608,3812.612,3812.612;;;;
Trevor;15:12:35;19:59:31;1971.579,3812.561,3812.561;;;;
Trevor;15:12:36;19:59:31;1971.578,3812.535,3812.535;;;;
Trevor;15:12:36;19:59:32;1971.531,3812.567,3812.567;;I thought you said you were gonna find fuckin' Michael Townley.;Cutscene;Cutscene
Trevor;15:12:37;19:59:32;1971.532,3812.555,3812.555;;;;
Trevor;15:12:37;19:59:33;1971.537,3812.562,3812.562;;;;
Trevor;15:12:38;19:59:33;1971.54,3812.573,3812.573;;;;
Trevor;15:12:38;19:59:34;1971.533,3812.573,3812.573;;;;
Trevor;15:12:39;19:59:34;1971.535,3812.576,3812.576;;;;
Trevor;15:12:39;19:59:35;1971.583,3812.552,3812.552;;;;
Trevor;15:12:40;19:59:35;1971.672,3812.591,3812.591;;There's two Michael Townleys living in LS.;Cutscene;Cutscene
Trevor;15:12:40;19:59:36;1971.523,3812.631,3812.631;;;;
Trevor;15:12:41;19:59:36;1971.487,3812.618,3812.618;;;;
Trevor;15:12:41;19:59:37;1971.539,3812.5,3812.5;;;;
Trevor;15:12:42;19:59:38;1971.562,3812.474,3812.474;;;;
Trevor;15:12:42;19:59:38;1971.519,3812.49,3812.49;;;;
Trevor;15:12:43;19:59:39;1971.516,3812.503,3812.503;;;;
Trevor;15:12:43;19:59:39;1971.524,3812.499,3812.499;;;;
Trevor;15:12:44;19:59:40;1971.521,3812.498,3812.498;;One is eighty-three,;Cutscene;Cutscene
Trevor;15:12:45;19:59:40;1971.524,3812.5,3812.5;;;;
Trevor;15:12:45;19:59:41;1971.524,3812.495,3812.495;;;;
Trevor;15:12:46;19:59:41;1971.529,3812.497,3812.497;;and the other one is at kindergarten.;Cutscene;Cutscene
Trevor;15:12:46;19:59:42;1971.533,3812.502,3812.502;;;;
Trevor;15:12:47;19:59:42;1971.534,3812.498,3812.498;;;;
Trevor;15:12:47;19:59:43;1971.531,3812.498,3812.498;;;;
Trevor;15:12:48;19:59:43;1971.533,3812.499,3812.499;;;;
Trevor;15:12:48;19:59:44;1971.532,3812.494,3812.494;;;;
Trevor;15:12:49;19:59:44;1971.529,3812.496,3812.496;;;;
Trevor;15:12:49;19:59:45;1971.533,3812.498,3812.498;;I asked the teacher to;Cutscene;Cutscene
Trevor;15:12:50;19:59:45;1971.534,3812.496,3812.496;;;;
Trevor;15:12:50;19:59:46;1971.533,3812.499,3812.499;;;;
Trevor;15:12:51;19:59:46;1971.534,3812.498,3812.498;;;;
Trevor;15:12:51;19:59:47;1971.532,3812.495,3812.495;;put him on the phone just to be safe...;Cutscene;Cutscene
Trevor;15:12:52;19:59:47;1971.533,3812.5,3812.5;;;;
Trevor;15:12:52;19:59:48;1971.537,3812.5,3812.5;;;;
Trevor;15:12:53;19:59:49;1971.536,3812.497,3812.497;;;;
Trevor;15:12:53;19:59:49;1971.535,3812.499,3812.499;;;;
Trevor;15:12:54;19:59:50;1971.538,3812.493,3812.493;;;;
Trevor;15:12:54;19:59:50;1971.538,3812.492,3812.492;;she threatened to call the cops.;Cutscene;Cutscene
Trevor;15:12:55;19:59:51;1971.537,3812.491,3812.491;;;;
Trevor;15:12:55;19:59:51;1971.534,3812.488,3812.488;;;;
Trevor;15:12:56;19:59:52;1971.533,3812.486,3812.486;;I ain't no molester, Trevor.;Cutscene;Cutscene
Trevor;15:12:57;19:59:52;1971.53,3812.483,3812.483;;;;
Trevor;15:12:57;19:59:53;1971.53,3812.483,3812.483;;;;
Trevor;15:12:58;19:59:53;1971.529,3812.483,3812.483;;;;
Trevor;15:12:58;19:59:54;1971.534,3812.486,3812.486;;;;
Trevor;15:12:59;19:59:54;1971.629,3812.521,3812.521;;Shut up before I molest you, alright!;Cutscene;Cutscene
Trevor;15:12:59;19:59:55;1971.61,3812.505,3812.505;;;;
Trevor;15:13:00;19:59:55;1971.606,3812.5,3812.5;;;;
Trevor;15:13:00;19:59:56;1971.601,3812.491,3812.491;;;;
Trevor;15:13:01;19:59:56;1971.601,3812.492,3812.492;;Now, is there anything else?;Cutscene;Cutscene
Trevor;15:13:01;19:59:57;1971.599,3812.487,3812.487;;;;
Trevor;15:13:02;19:59:57;1971.594,3812.481,3812.481;;;;
Trevor;15:13:02;19:59:58;1971.618,3812.5,3812.5;;I-I looked through the phone directory.;Cutscene;Cutscene
Trevor;15:13:03;19:59:58;1971.604,3812.492,3812.492;;;;
Trevor;15:13:03;19:59:59;1971.591,3812.476,3812.476;;;;
Trevor;15:13:04;19:59:59;1971.586,3812.471,3812.471;;;;
Trevor;15:13:04;20:00:00;1971.598,3812.475,3812.475;;I did find a Michael De Santa.;Cutscene;Cutscene
Trevor;15:13:05;20:00:01;1971.6,3812.476,3812.476;;;;
Trevor;15:13:05;20:00:01;1971.602,3812.476,3812.476;;;;
Trevor;15:13:06;20:00:02;1971.598,3812.476,3812.476;;;;
Trevor;15:13:06;20:00:02;1971.602,3812.477,3812.477;;;;
Trevor;15:13:07;20:00:03;1971.597,3812.474,3812.474;;;;
Trevor;15:13:07;20:00:03;1971.597,3812.474,3812.474;;;;
Trevor;15:13:08;20:00:04;1971.599,3812.475,3812.475;;About the right age, married with two kids.;Cutscene;Cutscene
Trevor;15:13:09;20:00:04;1971.606,3812.48,3812.48;;;;
Trevor;15:13:09;20:00:05;1971.611,3812.481,3812.481;;;;
Trevor;15:13:10;20:00:05;1971.619,3812.47,3812.47;;;;
Trevor;15:13:10;20:00:06;1971.605,3812.461,3812.461;;What's his wife's name?;Cutscene;Cutscene
Trevor;15:13:11;20:00:06;1971.588,3812.449,3812.449;;;;
Trevor;15:13:11;20:00:07;1971.565,3812.443,3812.443;;;;
Trevor;15:13:12;20:00:07;1971.518,3812.49,3812.49;;;;
Trevor;15:13:12;20:00:08;1971.489,3812.527,3812.527;;;;
Trevor;15:13:13;20:00:08;1971.486,3812.527,3812.527;;;;
Trevor;15:13:13;20:00:09;1971.496,3812.538,3812.538;;Amanda.;Cutscene;Cutscene
Trevor;15:13:14;20:00:09;1971.491,3812.532,3812.532;;;;
Trevor;15:13:14;20:00:10;1971.517,3812.542,3812.542;;;;
Trevor;15:13:15;20:00:10;1971.524,3812.546,3812.546;;;;
Trevor;15:13:15;20:00:11;1971.53,3812.55,3812.55;;Amanda?;Cutscene;Cutscene
Trevor;15:13:16;20:00:11;1971.613,3812.594,3812.594;;;;
Trevor;15:13:16;20:00:12;1971.641,3812.614,3812.614;;Yeah.;Cutscene;Cutscene
Trevor;15:13:17;20:00:13;1971.769,3812.738,3812.738;;;;
Trevor;15:13:17;20:00:13;1971.762,3812.584,3812.584;;You're a genius you moron!;Cutscene;Cutscene
Trevor;15:13:18;20:00:14;1971.626,3812.561,3812.561;;;;
Trevor;15:13:18;20:00:14;1971.539,3812.647,3812.647;;Come on, come here.;Cutscene;Cutscene
Trevor;15:13:19;20:00:15;1971.531,3812.672,3812.672;;;;
Trevor;15:13:20;20:00:15;1971.529,3812.706,3812.706;;;;
Trevor;15:13:20;20:00:16;1971.572,3812.777,3812.777;;;;
Trevor;15:13:21;20:00:16;1971.623,3812.81,3812.81;;;;
Trevor;15:13:21;20:00:17;1971.806,3812.848,3812.848;;;;
Trevor;15:13:22;20:00:17;1971.73,3812.771,3812.771;;;;
Trevor;15:13:22;20:00:18;1971.599,3812.636,3812.636;;;;
Trevor;15:13:23;20:00:18;1971.691,3812.556,3812.556;;;;
Trevor;15:13:23;20:00:19;1971.698,3812.532,3812.532;;;;
Trevor;15:13:24;20:00:19;1971.572,3812.632,3812.632;;Don't you ever not tell me things I wanna know!;Cutscene;Cutscene
Trevor;15:13:24;20:00:20;1971.498,3812.652,3812.652;;;;
Trevor;15:13:25;20:00:20;1971.488,3812.648,3812.648;;;;
Trevor;15:13:25;20:00:21;1971.481,3812.644,3812.644;;;;
Trevor;15:13:26;20:00:21;1971.47,3812.666,3812.666;;;;
Trevor;15:13:26;20:00:22;1971.758,3812.834,3812.834;;Sorry, Trevor.;Cutscene;Cutscene
Trevor;15:13:27;20:00:22;1971.944,3812.828,3812.828;;;;
Trevor;15:13:27;20:00:23;1972.142,3812.843,3812.843;;;;
Trevor;15:13:28;20:00:23;1971.694,3812.319,3812.319;;Ron, you little bastard!;Cutscene;Cutscene
Trevor;15:13:28;20:00:24;1971.673,3812.249,3812.249;;;;
Trevor;15:13:29;20:00:25;1971.67,3812.213,3812.213;;;;
Trevor;15:13:29;20:00:25;1971.676,3812.194,3812.194;;;;
Trevor;15:13:30;20:00:26;1971.69,3812.181,3812.181;;Get out here!;Cutscene;Cutscene
Trevor;15:13:30;20:00:26;1971.689,3812.184,3812.184;;;;
Trevor;15:13:31;20:00:27;1971.692,3812.18,3812.18;;We're going to Los Santos!;Cutscene;Cutscene
Trevor;15:13:32;20:00:27;1971.685,3812.184,3812.184;;;;
Trevor;15:13:32;20:00:28;1971.698,3812.178,3812.178;;;;
Trevor;15:13:33;20:00:28;1971.72,3812.179,3812.179;;;;
Trevor;15:13:33;20:00:29;1971.745,3812.189,3812.189;;Are we?;Cutscene;Cutscene
Trevor;15:13:34;20:00:29;1971.77,3812.251,3812.251;;;;
Trevor;15:13:34;20:00:30;1971.736,3812.237,3812.237;;Not you!;Cutscene;Cutscene
Trevor;15:13:35;20:00:30;1971.711,3812.198,3812.198;;Me and Wade.;Cutscene;Cutscene
Trevor;15:13:35;20:00:31;1971.714,3812.184,3812.184;;;;
Trevor;15:13:36;20:00:31;1971.778,3812.204,3812.204;;;;
Trevor;15:13:36;20:00:32;1971.839,3812.264,3812.264;;What about me?;Cutscene;Cutscene
Trevor;15:13:37;20:00:32;1971.845,3812.295,3812.295;;;;
Trevor;15:13:37;20:00:33;1971.724,3812.166,3812.166;;You're CEO of Trevor Philips Enterprises.;Cutscene;Cutscene
Trevor;15:13:38;20:00:33;1971.712,3812.161,3812.161;;;;
Trevor;15:13:38;20:00:34;1971.713,3812.16,3812.16;;;;
Trevor;15:13:39;20:00:34;1971.703,3812.168,3812.168;;;;
Trevor;15:13:39;20:00:35;1971.706,3812.172,3812.172;;;;
Trevor;15:13:40;20:00:36;1971.737,3812.185,3812.185;;;;
Trevor;15:13:40;20:00:36;1971.743,3812.229,3812.229;;Find us some business so that we can make some money.;Cutscene;Cutscene
Trevor;15:13:41;20:00:37;1971.724,3812.198,3812.198;;;;
Trevor;15:13:41;20:00:37;1971.701,3812.182,3812.182;;;;
Trevor;15:13:42;20:00:38;1971.721,3812.187,3812.187;;;;
Trevor;15:13:43;20:00:38;1971.713,3812.175,3812.175;;;;
Trevor;15:13:43;20:00:39;1971.76,3812.193,3812.193;;;;
Trevor;15:13:44;20:00:39;1971.881,3812.312,3812.312;;And tidy my shit up.;Cutscene;Cutscene
Trevor;15:13:44;20:00:40;1971.934,3812.506,3812.506;;;;
Trevor;15:13:45;20:00:40;1971.998,3812.715,3812.715;;;;
Trevor;15:13:45;20:00:41;1972.38,3812.931,3812.931;;;;
Trevor;15:13:46;20:00:41;1972.883,3813.333,3813.333;;Let's go, Wade! C'mon.;Cutscene;Cutscene
Trevor;15:13:46;20:00:42;1973.321,3813.86,3813.86;;;;
Trevor;15:13:47;20:00:42;1974.169,3814.554,3814.554;;;;
Trevor;15:13:47;20:00:43;1974.795,3814.582,3814.582;;I'm drivin'.;Cutscene;Cutscene
Trevor;15:13:48;20:00:43;1975.464,3814.704,3814.704;;;;
Trevor;15:13:48;20:00:44;1976.069,3814.861,3814.861;;You can jerk me off if I get bored.;Cutscene;Cutscene
Trevor;15:13:49;20:00:44;1976.618,3815.16,3815.16;;;;
Trevor;15:13:49;20:00:45;1977.137,3815.384,3815.384;;;;
Trevor;15:13:50;20:00:45;1977.585,3815.683,3815.683;;;;
Trevor;15:13:50;20:00:46;1977.875,3815.745,3815.745;;;;
Trevor;15:13:51;20:00:47;1977.92,3815.694,3815.694;;;;
Trevor;15:13:51;20:00:47;1977.832,3815.678,3815.678;;I'm joking...;Cutscene;Cutscene
Trevor;15:13:52;20:00:48;1977.801,3815.667,3815.667;;;;
Trevor;15:13:52;20:00:48;1977.814,3815.664,3815.664;;;;
Trevor;15:13:53;20:00:49;1977.918,3815.684,3815.684;;;;
Trevor;15:13:54;20:00:49;1978.174,3815.89,3815.89;;You can suck me off.;Cutscene;Cutscene
Trevor;15:13:54;20:00:50;1978.563,3816.078,3816.078;;;;
Trevor;15:13:55;20:00:50;1979.067,3816.278,3816.278;;;;
Trevor;15:13:55;20:00:51;1979.764,3816.543,3816.543;;;;
Trevor;15:13:56;20:00:51;1980.498,3816.851,3816.851;;;;
Trevor;15:13:56;20:00:52;1981.317,3817.047,3817.047;;;;
Trevor;15:13:57;20:00:52;1982.037,3817.294,3817.294;;;;
Trevor;15:13:57;20:00:53;1982.078,3817.308,3817.308;;Are we gonna stop for ice cream?;Cutscene;Cutscene
Trevor;15:13:58;20:00:53;1982.078,3817.308,3817.308;;;;
Trevor;15:13:58;20:00:54;1982.078,3817.308,3817.308;;;;
Trevor;15:13:59;20:00:54;1982.078,3817.308,3817.308;;;;
Trevor;15:13:59;20:00:55;1982.078,3817.308,3817.308;;;;
Trevor;15:14:00;20:00:55;1982.078,3817.308,3817.308;;;;
Trevor;15:14:00;20:00:56;1982.771,3816.767,3816.767;;;;
Trevor;15:14:01;20:00:56;1983.545,3816.183,3816.183;;;;
Trevor;15:14:01;20:00:57;1984.323,3815.597,3815.597;;;;
Trevor;15:14:02;20:00:58;1985.101,3815.011,3815.011;;;;
Trevor;15:14:02;20:00:58;1985.884,3814.421,3814.421;;;;
Trevor;15:14:03;20:00:59;1986.651,3813.839,3813.839;;;;
Trevor;15:14:03;20:00:59;1986.852,3813.065,3813.065;;;;
Trevor;15:14:04;20:01:00;1986.773,3812.181,3812.181;;;;
Trevor;15:14:05;20:01:00;1987.184,3811.445,3811.445;;;;
Trevor;15:14:05;20:01:01;1987.309,3811.229,3811.229;;;;
Trevor;15:14:06;20:01:01;1986.945,3811.261,3811.261;;;;
Trevor;15:14:06;20:01:02;1986.284,3810.785,3810.785;;;;
Trevor;15:14:07;20:01:02;1986.008,3809.938,3809.938;;;;
Trevor;15:14:07;20:01:03;1985.789,3809.633,3809.633;;;;
Trevor;15:14:08;20:01:03;1985.628,3809.056,3809.056;;;;
Trevor;15:14:08;20:01:04;1985.554,3808.781,3808.781;;;;
Trevor;15:14:09;20:01:04;1985.253,3809.026,3809.026;True,OffRoad,BLAZER,0,0;;;
Trevor;15:14:09;20:01:05;1985.253,3809.026,3809.026;True,OffRoad,BLAZER,0,0;Road trip. We taking this one?;WADE;TRV3_FSAA
Trevor;15:14:10;20:01:05;1985.253,3809.026,3809.026;True,OffRoad,BLAZER,0,0;;;
Trevor;15:14:10;20:01:06;1985.043,3809.12,3809.12;True,OffRoad,BLAZER,0,3690903,1;;;
Trevor;15:14:11;20:01:06;1985.019,3809.123,3809.123;True,OffRoad,BLAZER,0,0;;;
Trevor;15:14:11;20:01:07;1985.019,3809.123,3809.123;True,OffRoad,BLAZER,0,0;Get in.;TREVOR;TRV3_FSAB
Trevor;15:14:12;20:01:07;1985.038,3809.108,3809.108;True,OffRoad,BLAZER,0,363008,-1;;;
Trevor;15:14:12;20:01:08;1985.047,3809.099,3809.099;True,OffRoad,BLAZER,0,0;ehicle with more seats is needed.;Cutscene;Cutscene
Trevor;15:14:13;20:01:09;1985.019,3809.114,3809.114;True,OffRoad,BLAZER,0,1900359,1;;;
Trevor;15:14:13;20:01:09;1985.014,3809.114,3809.114;True,OffRoad,BLAZER,0,0;;;
Trevor;15:14:14;20:01:10;1985.014,3809.114,3809.114;True,OffRoad,BLAZER,0,0;;;
Trevor;15:14:14;20:01:10;1985.015,3809.112,3809.112;True,OffRoad,BLAZER,0,05405318,0;;;
Trevor;15:14:15;20:01:11;1985.454,3809.655,3809.655;;;;
Trevor;15:14:15;20:01:11;1985.528,3809.74,3809.74;;;;
Trevor;15:14:16;20:01:12;1985.921,3810.187,3810.187;;;;
Trevor;15:14:17;20:01:12;1985.68,3810.648,3810.648;;;;
Trevor;15:14:17;20:01:13;1985.405,3810.177,3810.177;;;;
Trevor;15:14:18;20:01:13;1986.051,3810.057,3810.057;;;;
Trevor;15:14:18;20:01:14;1986.896,3810.327,3810.327;;;;
Trevor;15:14:19;20:01:14;1988.017,3810.345,3810.345;;;;
Trevor;15:14:19;20:01:15;1989.755,3810.841,3810.841;;;;
Trevor;15:14:20;20:01:15;1992.064,3812.715,3812.715;;;;
Trevor;15:14:20;20:01:16;1994.621,3815.184,3815.184;;;;
Trevor;15:14:21;20:01:16;1997.138,3817.674,3817.674;;;;
Trevor;15:14:21;20:01:17;1998.798,3819.385,3819.385;;;;
Trevor;15:14:22;20:01:17;2000.378,3819.785,3819.785;;;;
Trevor;15:14:22;20:01:18;2001.187,3818.789,3818.789;;;;
Trevor;15:14:23;20:01:18;2001.626,3816.754,3816.754;;;;
Trevor;15:14:23;20:01:19;2002.529,3813.697,3813.697;;;;
Trevor;15:14:24;20:01:20;2003.538,3810.269,3810.269;;;;
Trevor;15:14:24;20:01:20;2005.845,3808.073,3808.073;;;;
Trevor;15:14:25;20:01:21;2008.829,3806.133,3806.133;;;;
Trevor;15:14:25;20:01:21;2011.439,3803.729,3803.729;;;;
Trevor;15:14:26;20:01:22;2013.097,3800.828,3800.828;;;;
Trevor;15:14:27;20:01:22;2015.574,3798.892,3798.892;;;;
Trevor;15:14:27;20:01:23;2018.412,3796.993,3796.993;;;;
Trevor;15:14:28;20:01:23;2020.392,3794.119,3794.119;;;;
Trevor;15:14:28;20:01:24;2022.856,3791.789,3791.789;;;;
Trevor;15:14:29;20:01:24;2025.031,3788.967,3788.967;;;;
Trevor;15:14:29;20:01:25;2026.934,3785.876,3785.876;;;;
Trevor;15:14:30;20:01:25;2028.122,3783.389,3783.389;;;;
Trevor;15:14:30;20:01:26;2027.649,3782.177,3782.177;;;;
Trevor;15:14:31;20:01:26;2028.942,3780.497,3780.497;;;;
Trevor;15:14:31;20:01:27;2029.026,3780.481,3780.481;;;;
Trevor;15:14:32;20:01:27;2028.823,3780.97,3780.97;;;;
Trevor;15:14:32;20:01:28;2028.757,3781.125,3781.125;;;;
Trevor;15:14:33;20:01:28;2028.822,3780.831,3780.831;;;;
Trevor;15:14:33;20:01:29;2028.918,3780.49,3780.49;;;;
Trevor;15:14:34;20:01:29;2029.057,3780.379,3780.379;;;;
Trevor;15:14:34;20:01:30;2029.129,3780.553,3780.553;;;;
Trevor;15:14:35;20:01:30;2029.484,3781.367,3781.367;;;;
Trevor;15:14:35;20:01:31;2030.106,3781.373,3781.373;True,OffRoad,REBEL02,0,0;;;
Trevor;15:14:36;20:01:32;2030.106,3781.373,3781.373;True,OffRoad,REBEL02,0,004063764,0;;;
Trevor;15:14:36;20:01:32;2030.107,3781.373,3781.373;True,OffRoad,REBEL02,0,008827557,0;;;
Trevor;15:14:37;20:01:33;2030.107,3781.373,3781.373;True,OffRoad,REBEL02,0,003495401,0;;;
Trevor;15:14:37;20:01:33;2030.107,3781.374,3781.374;True,OffRoad,REBEL02,0,003776999,0;;;
Trevor;15:14:38;20:01:34;2030.23,3781.18,3781.18;True,OffRoad,REBEL02,1,274349,-1;Where are your people at in Los Santos?;TREVOR;TRV3_ABAB
Trevor;15:14:39;20:01:34;2030.249,3781.14,3781.14;True,OffRoad,REBEL02,0,01855482,0;;;
Trevor;15:14:39;20:01:35;2030.248,3781.141,3781.141;True,OffRoad,REBEL02,0,005646337,0;;;
Trevor;15:14:40;20:01:35;2028.638,3780.017,3780.017;;;;
Trevor;15:14:40;20:01:36;2028.931,3779.488,3779.488;;;;
Trevor;15:14:41;20:01:36;2028.307,3779.537,3779.537;;;;
Trevor;15:14:41;20:01:37;2028.151,3779.288,3779.288;;;;
Trevor;15:14:42;20:01:37;2028.327,3779.159,3779.159;;;;
Trevor;15:14:42;20:01:38;2028.35,3779.371,3779.371;;;;
Trevor;15:14:43;20:01:38;2028.087,3778.62,3778.62;;;;
Trevor;15:14:43;20:01:39;2028.238,3779.072,3779.072;;;;
Trevor;15:14:44;20:01:39;2028.469,3779.766,3779.766;;;;
Trevor;15:14:44;20:01:40;2028.355,3779.427,3779.427;;;;
Trevor;15:14:45;20:01:40;2028.624,3780.12,3780.12;;;;
Trevor;15:14:45;20:01:41;2028.746,3780.249,3780.249;;;;
Trevor;15:14:46;20:01:41;2028.677,3779.758,3779.758;;;;
Trevor;15:14:46;20:01:42;2028.503,3779.295,3779.295;;;;
Trevor;15:14:47;20:01:43;2028.365,3779.016,3779.016;;;;
Trevor;15:14:47;20:01:43;2028.339,3778.974,3778.974;;;;
Trevor;15:14:48;20:01:44;2028.351,3779.118,3779.118;;;;
Trevor;15:14:48;20:01:44;2028.354,3778.81,3778.81;;;;
Trevor;15:14:49;20:01:45;2028.269,3778.547,3778.547;;;;
Trevor;15:14:50;20:01:45;2027.99,3778.119,3778.119;;;;
Trevor;15:14:50;20:01:46;2027.899,3777.338,3777.338;;;;
Trevor;15:14:51;20:01:46;2027.963,3776.863,3776.863;;;;
Trevor;15:14:51;20:01:47;2028.073,3776.404,3776.404;;;;
Trevor;15:14:52;20:01:47;2028.065,3776.21,3776.21;;;;
Trevor;15:14:52;20:01:48;2027.905,3776.793,3776.793;;;;
Trevor;15:14:53;20:01:48;2027.876,3778.129,3778.129;;;;
Trevor;15:14:53;20:01:49;2028.266,3779.418,3779.418;;;;
Trevor;15:14:54;20:01:49;2028.911,3780.184,3780.184;;;;
Trevor;15:14:54;20:01:50;2029.709,3781.286,3781.286;;;;
Trevor;15:14:55;20:01:50;2030.249,3781.141,3781.141;True,OffRoad,REBEL02,0,0;It's just my cousin there, Floyd.;WADE;TRV3_ABAC
Trevor;15:14:55;20:01:51;2030.276,3781.092,3781.092;True,OffRoad,REBEL02,0,4957232,-1;;;
Trevor;15:14:56;20:01:51;2030.632,3780.546,3780.546;True,OffRoad,REBEL02,2,070795,-1;;;
Trevor;15:14:56;20:01:52;2031.501,3779.17,3779.17;True,OffRoad,REBEL02,4,351567,-1;;;
Trevor;15:14:57;20:01:52;2033.04,3776.573,3776.573;True,OffRoad,REBEL02,6,900727,-1;He's bunked in with his girlfriend some place called Vespucci Beach.;WADE;TRV3_ABAP
Trevor;15:14:57;20:01:53;2034.714,3772.927,3772.927;True,OffRoad,REBEL02,7,315836,0;;;
Trevor;15:14:58;20:01:53;2036.326,3771.155,3771.155;True,OffRoad,REBEL02,1,501211,0;;;
Trevor;15:14:58;20:01:54;2036.409,3770.887,3770.887;True,OffRoad,REBEL02,0,5610133,1;;;
Trevor;15:14:59;20:01:55;2035.857,3770.602,3770.602;True,OffRoad,REBEL02,1,96653,1;;;
Trevor;15:14:59;20:01:55;2034.445,3769.899,3769.899;True,OffRoad,REBEL02,4,134714,1;;;
Trevor;15:15:00;20:01:56;2031.911,3768.503,3768.503;True,OffRoad,REBEL02,7,034747,1;;;
Trevor;15:15:00;20:01:56;2027.902,3766.068,3766.068;True,OffRoad,REBEL02,10,64129,0;;;
Trevor;15:15:01;20:01:57;2023.481,3763.197,3763.197;True,OffRoad,REBEL02,10,57796,1;So, uhh, what's the stop?;WADE;TRV3_ABAA
Trevor;15:15:02;20:01:57;2018.337,3759.901,3759.901;True,OffRoad,REBEL02,12,75125,1;;;
Trevor;15:15:02;20:01:58;2012.162,3756.169,3756.169;True,OffRoad,REBEL02,14,83567,1;;;
Trevor;15:15:03;20:01:58;2004.903,3752.079,3752.079;True,OffRoad,REBEL02,17,23951,1;;;
Trevor;15:15:03;20:01:59;1996.776,3747.043,3747.043;True,OffRoad,REBEL02,19,47156,1;;;
Trevor;15:15:04;20:01:59;1987.636,3741.677,3741.677;True,OffRoad,REBEL02,21,20825,1;Family's important, Wade. Not as important as the man that's employed you, mentored you,;TREVOR;TRV3_ABAD
Trevor;15:15:04;20:02:00;1977.74,3736.192,3736.192;True,OffRoad,REBEL02,20,80604,0;;;
Trevor;15:15:05;20:02:00;1968.018,3730.823,3730.823;True,OffRoad,REBEL02,22,00016,1;;;
Trevor;15:15:05;20:02:01;1957.627,3725.146,3725.146;True,OffRoad,REBEL02,23,66837,1;;;
Trevor;15:15:06;20:02:01;1946.393,3719.048,3719.048;True,OffRoad,REBEL02,25,11315,1;;;
Trevor;15:15:06;20:02:02;1934.672,3712.477,3712.477;True,OffRoad,REBEL02,26,32792,1;;;
Trevor;15:15:07;20:02:02;1922.778,3705.137,3705.137;True,OffRoad,REBEL02,27,30875,1;;;
Trevor;15:15:07;20:02:03;1910.449,3697.74,3697.74;True,OffRoad,REBEL02,28,26657,1;;;
Trevor;15:15:08;20:02:03;1897.487,3689.985,3689.985;True,OffRoad,REBEL02,29,05665,1;;;
Trevor;15:15:08;20:02:04;1884.118,3682.537,3682.537;True,OffRoad,REBEL02,29,73476,1;;;
Trevor;15:15:09;20:02:04;1869.954,3675.344,3675.344;True,OffRoad,REBEL02,30,0596,0;and fed you amphetamines this last year, but it's important. We gotta pay this cousin a visit.;TREVOR;TRV3_ABAL
Trevor;15:15:09;20:02:05;1856.536,3668.217,3668.217;True,OffRoad,REBEL02,29,29977,1;;;
Trevor;15:15:10;20:02:05;1843.213,3660.331,3660.331;True,OffRoad,REBEL02,29,53646,0;;;
Trevor;15:15:10;20:02:06;1830.355,3652.672,3652.672;True,OffRoad,REBEL02,27,33594,0;;;
Trevor;15:15:11;20:02:07;1818.618,3645.693,3645.693;True,OffRoad,REBEL02,25,23509,0;;;
Trevor;15:15:11;20:02:07;1807.647,3639.162,3639.162;True,OffRoad,REBEL02,24,75643,1;;;
Trevor;15:15:12;20:02:08;1796.325,3632.448,3632.448;True,OffRoad,REBEL02,24,81285,0;;;
Trevor;15:15:12;20:02:08;1785.713,3626.158,3626.158;True,OffRoad,REBEL02,22,72468,0;;;
Trevor;15:15:13;20:02:09;1775.537,3620.131,3620.131;True,OffRoad,REBEL02,23,1754,1;;;
Trevor;15:15:14;20:02:09;1764.977,3613.875,3613.875;True,OffRoad,REBEL02,24,32593,1;;;
Trevor;15:15:14;20:02:10;1753.731,3607.347,3607.347;True,OffRoad,REBEL02,25,82889,1;;;
Trevor;15:15:15;20:02:10;1741.469,3600.775,3600.775;True,OffRoad,REBEL02,27,04444,1;I ain't seen him in a while, Trevor.;WADE;TRV3_ABAE
Trevor;15:15:15;20:02:11;1729.564,3594.489,3594.489;True,OffRoad,REBEL02,24,85709,0;;;
Trevor;15:15:16;20:02:11;1718.665,3588.465,3588.465;True,OffRoad,REBEL02,22,73534,0;;;
Trevor;15:15:16;20:02:12;1708.627,3582.662,3582.662;True,OffRoad,REBEL02,20,58565,0;;;
Trevor;15:15:17;20:02:12;1699.603,3576.779,3576.779;True,OffRoad,REBEL02,19,47521,0;;;
Trevor;15:15:17;20:02:13;1691.438,3571.305,3571.305;True,OffRoad,REBEL02,17,51009,0;All the more reason to drop by.;TREVOR;TRV3_ABAF
Trevor;15:15:18;20:02:13;1684.818,3565.716,3565.716;True,OffRoad,REBEL02,15,22351,0;;;
Trevor;15:15:18;20:02:14;1680.34,3559.666,3559.666;True,OffRoad,REBEL02,14,79716,1;;;
Trevor;15:15:19;20:02:14;1676.823,3552.078,3552.078;True,OffRoad,REBEL02,16,9367,1;;;
Trevor;15:15:19;20:02:15;1675.884,3543.635,3543.635;True,OffRoad,REBEL02,15,32149,1;;;
Trevor;15:15:20;20:02:15;1678.131,3535.823,3535.823;True,OffRoad,REBEL02,14,22716,0;;;
Trevor;15:15:20;20:02:16;1681.774,3529.126,3529.126;True,OffRoad,REBEL02,14,34287,0;Okay... ummm... that might be nice, but;WADE;TRV3_ABAG
Trevor;15:15:21;20:02:17;1685.463,3522.965,3522.965;True,OffRoad,REBEL02,12,06532,0;;;
Trevor;15:15:21;20:02:17;1687.438,3517.6,3517.6;True,OffRoad,REBEL02,8,573095,0;;;
Trevor;15:15:22;20:02:18;1687.764,3514.139,3514.139;True,OffRoad,REBEL02,5,389504,1;;;
Trevor;15:15:23;20:02:18;1686.633,3510.914,3510.914;True,OffRoad,REBEL02,7,657013,1;;;
Trevor;15:15:23;20:02:19;1684.067,3506.758,3506.758;True,OffRoad,REBEL02,10,60065,0;;;
Trevor;15:15:24;20:02:19;1680.028,3503.44,3503.44;True,OffRoad,REBEL02,10,17496,1;;;
Trevor;15:15:24;20:02:20;1674.73,3500.541,3500.541;True,OffRoad,REBEL02,12,273,1;;;
Trevor;15:15:25;20:02:20;1667.895,3497.718,3497.718;True,OffRoad,REBEL02,15,2741,1;;;
Trevor;15:15:25;20:02:21;1659.594,3494.437,3494.437;True,OffRoad,REBEL02,17,95398,1;where we stopping on the way?;WADE;TRV3_ABAQ
Trevor;15:15:26;20:02:21;1649.884,3491.109,3491.109;True,OffRoad,REBEL02,20,2479,1;;;
Trevor;15:15:26;20:02:22;1638.957,3487.959,3487.959;True,OffRoad,REBEL02,21,57833,0;;;
Trevor;15:15:27;20:02:22;1627.985,3485.37,3485.37;True,OffRoad,REBEL02,21,20554,1;;;
Trevor;15:15:27;20:02:23;1616.317,3483.544,3483.544;True,OffRoad,REBEL02,22,95712,1;;;
Trevor;15:15:28;20:02:24;1603.692,3482.432,3482.432;True,OffRoad,REBEL02,24,65237,1;;;
Trevor;15:15:28;20:02:24;1589.975,3482.138,3482.138;True,OffRoad,REBEL02,25,96568,1;;;
Trevor;15:15:29;20:02:25;1575.727,3482.249,3482.249;True,OffRoad,REBEL02,27,08731,1;For fuck's sakes! Another chapter of the Lost have descended on this fine town,;TREVOR;TRV3_ABAH
Trevor;15:15:30;20:02:25;1560.964,3483.272,3483.272;True,OffRoad,REBEL02,28,31155,1;;;
Trevor;15:15:30;20:02:26;1545.533,3485.129,3485.129;True,OffRoad,REBEL02,29,31084,1;;;
Trevor;15:15:31;20:02:26;1529.679,3487.839,3487.839;True,OffRoad,REBEL02,30,31228,1;;;
Trevor;15:15:31;20:02:27;1514.173,3490.492,3490.492;True,OffRoad,REBEL02,29,27718,1;;;
Trevor;15:15:32;20:02:27;1498.507,3493.173,3493.173;True,OffRoad,REBEL02,30,05711,1;;;
Trevor;15:15:32;20:02:28;1482.382,3495.918,3495.918;True,OffRoad,REBEL02,30,776,1;;;
Trevor;15:15:33;20:02:28;1465.879,3498.83,3498.83;True,OffRoad,REBEL02,31,51788,1;;;
Trevor;15:15:33;20:02:29;1449.038,3502.997,3502.997;True,OffRoad,REBEL02,32,2958,1;;;
Trevor;15:15:34;20:02:29;1432.44,3507.143,3507.143;True,OffRoad,REBEL02,32,96525,1;looking to mourn and maybe revenge their dead. I was thinking, me and you could pay our respects.;TREVOR;TRV3_ABAK
Trevor;15:15:34;20:02:30;1415.368,3510.534,3510.534;True,OffRoad,REBEL02,33,81494,1;;;
Trevor;15:15:35;20:02:30;1398.08,3514.728,3514.728;True,OffRoad,REBEL02,34,60308,1;;;
Trevor;15:15:35;20:02:31;1380.034,3518.383,3518.383;True,OffRoad,REBEL02,35,09119,1;;;
Trevor;15:15:36;20:02:32;1361.969,3522.112,3522.112;True,OffRoad,REBEL02,35,54527,1;;;
Trevor;15:15:36;20:02:32;1343.646,3525.7,3525.7;True,OffRoad,REBEL02,35,99781,1;;;
Trevor;15:15:37;20:02:33;1325.354,3529.883,3529.883;True,OffRoad,REBEL02,34,45592,0;;;
Trevor;15:15:37;20:02:33;1308.824,3533.719,3533.719;True,OffRoad,REBEL02,31,35736,0;;;
Trevor;15:15:38;20:02:34;1292.918,3536.953,3536.953;True,OffRoad,REBEL02,31,5077,1;;;
Trevor;15:15:39;20:02:34;1276.122,3538.783,3538.783;True,OffRoad,REBEL02,32,89771,1;;;
Trevor;15:15:39;20:02:35;1258.583,3539.27,3539.27;True,OffRoad,REBEL02,33,69742,1;;;
Trevor;15:15:40;20:02:35;1241.205,3539.357,3539.357;True,OffRoad,REBEL02,32,55102,0;;;
Trevor;15:15:40;20:02:36;1224.745,3539.115,3539.115;True,OffRoad,REBEL02,30,30147,0;Trevor, I-I-I don't think we'd be welcome there. I mean, wasn't you the one who...;WADE;TRV3_ABAI
Trevor;15:15:41;20:02:36;1209.286,3538.835,3538.835;True,OffRoad,REBEL02,29,01976,1;;;
Trevor;15:15:41;20:02:37;1194.007,3538.567,3538.567;True,OffRoad,REBEL02,29,63471,1;;;
Trevor;15:15:42;20:02:37;1178.469,3538.584,3538.584;True,OffRoad,REBEL02,30,49853,1;;;
Trevor;15:15:42;20:02:38;1162.463,3539.143,3539.143;True,OffRoad,REBEL02,31,41071,1;;;
Trevor;15:15:43;20:02:38;1145.98,3539.305,3539.305;True,OffRoad,REBEL02,31,31908,0;;;
Trevor;15:15:43;20:02:39;1130.235,3539.295,3539.295;True,OffRoad,REBEL02,29,09876,0;;;
Trevor;15:15:44;20:02:39;1114.882,3538.691,3538.691;True,OffRoad,REBEL02,29,87104,1;;;
Trevor;15:15:44;20:02:40;1099.312,3538.74,3538.74;True,OffRoad,REBEL02,29,64808,0;;;
Trevor;15:15:45;20:02:40;1084.548,3538.958,3538.958;True,OffRoad,REBEL02,25,17772,0;;;
Trevor;15:15:45;20:02:41;1072.454,3538.734,3538.734;True,OffRoad,REBEL02,21,86893,0;;;
Trevor;15:15:46;20:02:41;1061.576,3538.639,3538.639;True,OffRoad,REBEL02,19,8524,0;well... sent 'em on their way to begin with?;WADE;TRV3_ABAR
Trevor;15:15:46;20:02:42;1051.316,3539.015,3539.015;True,OffRoad,REBEL02,18,86349,0;;;
Trevor;15:15:47;20:02:42;1041.848,3539.313,3539.313;True,OffRoad,REBEL02,17,32421,0;;;
Trevor;15:15:47;20:02:43;1032.614,3539.131,3539.131;True,OffRoad,REBEL02,18,5255,1;;;
Trevor;15:15:48;20:02:44;1022.436,3538.76,3538.76;True,OffRoad,REBEL02,20,27466,1;;;
Trevor;15:15:48;20:02:44;1011.344,3538.838,3538.838;True,OffRoad,REBEL02,21,74828,1;;;
Trevor;15:15:49;20:02:45;1000.274,3538.504,3538.504;True,OffRoad,REBEL02,20,8235,1;;;
Trevor;15:15:49;20:02:45;989.1879,3537.192,3537.192;True,OffRoad,REBEL02,22,28519,1;Grief has a beautiful way of bringing folk together, Wade.;TREVOR;TRV3_ABAJ
Trevor;15:15:50;20:02:46;977.3281,3535.739,3535.739;True,OffRoad,REBEL02,23,69975,1;;;
Trevor;15:15:51;20:02:46;964.7773,3534.844,3534.844;True,OffRoad,REBEL02,24,82006,1;;;
Trevor;15:15:51;20:02:47;951.387,3534.865,3534.865;True,OffRoad,REBEL02,25,86061,1;;;
Trevor;15:15:52;20:02:47;937.5534,3536.1,3536.1;True,OffRoad,REBEL02,26,99308,1;;;
Trevor;15:15:52;20:02:48;923.26,3537.595,3537.595;True,OffRoad,REBEL02,28,20982,1;;;
Trevor;15:15:53;20:02:48;907.5166,3538.421,3538.421;True,OffRoad,REBEL02,29,52924,1;Just you wait. And besides, I brought them gifts.;TREVOR;TRV3_ABAM
Trevor;15:15:53;20:02:49;891.7772,3538.428,3538.428;True,OffRoad,REBEL02,30,1584,1;;;
Trevor;15:15:54;20:02:49;876.0331,3537.927,3537.927;True,OffRoad,REBEL02,28,99807,1;;;
Trevor;15:15:54;20:02:50;860.5312,3537.818,3537.818;True,OffRoad,REBEL02,29,67321,1;;;
Trevor;15:15:55;20:02:50;844.6072,3537.331,3537.331;True,OffRoad,REBEL02,30,46528,1;;;
Trevor;15:15:55;20:02:51;828.4664,3536.724,3536.724;True,OffRoad,REBEL02,31,12953,1;;;
Trevor;15:15:56;20:02:51;811.9255,3535.586,3535.586;True,OffRoad,REBEL02,31,86271,1;Something nice? Like flowers or a cake?;WADE;TRV3_ABAN
Trevor;15:15:56;20:02:52;795.2221,3534.292,3534.292;True,OffRoad,REBEL02,32,81422,1;;;
Trevor;15:15:57;20:02:52;777.9836,3533.029,3533.029;True,OffRoad,REBEL02,33,44982,1;;;
Trevor;15:15:57;20:02:53;760.4587,3531.767,3531.767;True,OffRoad,REBEL02,34,02634,1;;;
Trevor;15:15:58;20:02:54;742.3336,3530.467,3530.467;True,OffRoad,REBEL02,34,62976,1;;;
Trevor;15:15:58;20:02:54;723.9362,3528.893,3528.893;True,OffRoad,REBEL02,35,32805,1;;;
Trevor;15:15:59;20:02:55;705.3729,3526.487,3526.487;True,OffRoad,REBEL02,35,78505,1;;;
Trevor;15:15:59;20:02:55;686.918,3523.978,3523.978;True,OffRoad,REBEL02,36,13086,1;;;
Trevor;15:16:00;20:02:56;668.2309,3521.443,3521.443;True,OffRoad,REBEL02,36,476,1;;;
Trevor;15:16:01;20:02:56;649.3102,3519.303,3519.303;True,OffRoad,REBEL02,36,81263,1;;;
Trevor;15:16:01;20:02:57;630.2545,3518.179,3518.179;True,OffRoad,REBEL02,37,06263,1;;;
Trevor;15:16:02;20:02:57;610.9232,3516.34,3516.34;True,OffRoad,REBEL02,37,32969,1;Shut up.;TREVOR;TRV3_ABAT
Trevor;15:16:02;20:02:58;591.0291,3513.957,3513.957;True,OffRoad,REBEL02,37,81068,1;;;
Trevor;15:16:03;20:02:58;571.1609,3510.808,3510.808;True,OffRoad,REBEL02,36,47476,1;;;
Trevor;15:16:03;20:02:59;552.0349,3507.708,3507.708;True,OffRoad,REBEL02,36,76894,1;;;
Trevor;15:16:04;20:02:59;532.9097,3504.604,3504.604;True,OffRoad,REBEL02,37,076,1;;;
Trevor;15:16:04;20:03:00;513.744,3501.495,3501.495;True,OffRoad,REBEL02,37,36393,1;;;
Trevor;15:16:05;20:03:00;494.2467,3498.331,3498.331;True,OffRoad,REBEL02,37,76812,1;;;
Trevor;15:16:05;20:03:01;474.6163,3495.187,3495.187;True,OffRoad,REBEL02,38,06428,1;The Lost camp - I got some fond memories of this place.;TREVOR;TRV3_GWAA
Trevor;15:16:06;20:03:01;455.09,3491.476,3491.476;True,OffRoad,REBEL02,36,7303,0;;;
Trevor;15:16:06;20:03:02;436.9771,3487.333,3487.333;True,OffRoad,REBEL02,34,26438,0;;;
Trevor;15:16:07;20:03:02;419.9292,3483.815,3483.815;True,OffRoad,REBEL02,31,9245,0;;;
Trevor;15:16:07;20:03:03;404.4441,3480.095,3480.095;True,OffRoad,REBEL02,29,70325,0;;;
Trevor;15:16:08;20:03:03;390.2923,3475.62,3475.62;True,OffRoad,REBEL02,27,40629,0;;;
Trevor;15:16:08;20:03:04;377.5209,3470.852,3470.852;True,OffRoad,REBEL02,25,1525,0;;;
Trevor;15:16:09;20:03:05;365.7028,3465.794,3465.794;True,OffRoad,REBEL02,25,17601,1;;;
Trevor;15:16:09;20:03:05;353.5613,3459.65,3459.65;True,OffRoad,REBEL02,26,39706,1;;;
Trevor;15:16:10;20:03:06;341.5135,3452.711,3452.711;True,OffRoad,REBEL02,27,23332,1;;;
Trevor;15:16:10;20:03:06;329.2663,3445.074,3445.074;True,OffRoad,REBEL02,28,05835,1;;;
Trevor;15:16:11;20:03:07;316.451,3437.391,3437.391;True,OffRoad,REBEL02,28,74086,1;;;
Trevor;15:16:12;20:03:07;304.2427,3428.603,3428.603;True,OffRoad,REBEL02,28,09163,0;;;
Trevor;15:16:12;20:03:08;292.987,3419.807,3419.807;True,OffRoad,REBEL02,25,82882,0;;;
Trevor;15:16:13;20:03:08;282.228,3411.768,3411.768;True,OffRoad,REBEL02,26,17359,1;;;
Trevor;15:16:13;20:03:09;269.948,3404.587,3404.587;True,OffRoad,REBEL02,27,68149,1;;;
Trevor;15:16:14;20:03:09;256.1914,3399.333,3399.333;True,OffRoad,REBEL02,28,71315,1;;;
Trevor;15:16:14;20:03:10;241.1671,3396.702,3396.702;True,OffRoad,REBEL02,29,67665,1;;;
Trevor;15:16:15;20:03:10;225.5324,3396.214,3396.214;True,OffRoad,REBEL02,30,21216,1;;;
Trevor;15:16:15;20:03:11;209.9448,3397.093,3397.093;True,OffRoad,REBEL02,28,65644,0;;;
Trevor;15:16:16;20:03:11;195.5169,3398.805,3398.805;True,OffRoad,REBEL02,27,24206,1;;;
Trevor;15:16:16;20:03:12;181.5688,3401.543,3401.543;True,OffRoad,REBEL02,27,20082,0;;;
Trevor;15:16:17;20:03:12;167.8122,3405.479,3405.479;True,OffRoad,REBEL02,27,67581,1;;;
Trevor;15:16:17;20:03:13;154.4147,3411.091,3411.091;True,OffRoad,REBEL02,28,282,1;;;
Trevor;15:16:18;20:03:13;140.5429,3417.552,3417.552;True,OffRoad,REBEL02,30,01136,0;;;
Trevor;15:16:18;20:03:14;126.5415,3424.076,3424.076;True,OffRoad,REBEL02,28,48857,0;;;
Trevor;15:16:19;20:03:14;113.6122,3430.199,3430.199;True,OffRoad,REBEL02,26,53929,0;;;
Trevor;15:16:19;20:03:15;102.8081,3437.79,3437.79;True,OffRoad,REBEL02,23,9826,0;;;
Trevor;15:16:20;20:03:16;95.7804,3447.171,3447.171;True,OffRoad,REBEL02,21,66341,0;;;
Trevor;15:16:20;20:03:16;92.03097,3457.313,3457.313;True,OffRoad,REBEL02,20,60686,1;;;
Trevor;15:16:21;20:03:17;91.95356,3467.921,3467.921;True,OffRoad,REBEL02,20,80443,1;;;
Trevor;15:16:21;20:03:17;94.44329,3478.812,3478.812;True,OffRoad,REBEL02,21,23532,0;;;
Trevor;15:16:22;20:03:18;97.4292,3488.933,3488.933;True,OffRoad,REBEL02,19,26193,0;;;
Trevor;15:16:23;20:03:18;100.6006,3497.889,3497.889;True,OffRoad,REBEL02,17,20993,0;;;
Trevor;15:16:23;20:03:19;103.9084,3506.333,3506.333;True,OffRoad,REBEL02,16,72015,0;;;
Trevor;15:16:24;20:03:19;105.0594,3515.021,3515.021;True,OffRoad,REBEL02,17,75755,1;;;
Trevor;15:16:24;20:03:20;105.2516,3524.949,3524.949;True,OffRoad,REBEL02,20,00255,1;;;
Trevor;15:16:25;20:03:20;106.3669,3535.709,3535.709;True,OffRoad,REBEL02,21,50346,1;;;
Trevor;15:16:25;20:03:21;107.7937,3546.956,3546.956;True,OffRoad,REBEL02,20,34308,0;;;
Trevor;15:16:26;20:03:21;72.75316,3592.496,3592.496;True,OffRoad,REBEL02,9,992306,0;;;
Trevor;15:16:26;20:03:22;67.94873,3593.582,3593.582;True,OffRoad,REBEL02,9,028364,0,03209168;;;
Trevor;15:16:27;20:03:22;63.69924,3595.146,3595.146;True,OffRoad,REBEL02,7,930987,0,01272434;;;
Trevor;15:16:27;20:03:23;60.95779,3597.968,3597.968;True,OffRoad,REBEL02,7,149045,0,05105728;;;
Trevor;15:16:28;20:03:23;59.80005,3601.479,3601.479;True,OffRoad,REBEL02,6,585055,0;;;
Trevor;15:16:28;20:03:24;59.568,3604.322,3604.322;True,OffRoad,REBEL02,3,968501,0;;;
Trevor;15:16:29;20:03:24;59.56059,3606.251,3606.251;True,OffRoad,REBEL02,3,235466,0;;;
Trevor;15:16:29;20:03:25;59.62774,3606.839,3606.839;True,OffRoad,REBEL02,0,2840493,0;;;
Trevor;15:16:30;20:03:26;59.67568,3606.818,3606.818;True,OffRoad,REBEL02,0,01355406,0;;;
Trevor;15:16:30;20:03:26;59.67616,3606.818,3606.818;True,OffRoad,REBEL02,0,0;;;
Trevor;15:16:31;20:03:27;59.67616,3606.818,3606.818;True,OffRoad,REBEL02,0,0;;;
Trevor;15:16:31;20:03:27;59.67616,3606.818,3606.818;True,OffRoad,REBEL02,0,0;;;
Trevor;15:16:31;20:03:28;59.67616,3606.818,3606.818;True,OffRoad,REBEL02,0,0;;;
Trevor;15:16:31;20:03:28;59.67616,3606.818,3606.818;True,OffRoad,REBEL02,0,0;;;
Trevor;16:02:33;20:03:29;59.67616,3606.818,3606.818;True,OffRoad,REBEL02,0,0;;;
Trevor;17:04:05;20:03:29;59.67616,3606.818,3606.818;True,OffRoad,REBEL02,0,0;;;
Trevor;18:11:46;20:03:30;59.67616,3606.818,3606.818;True,OffRoad,REBEL02,0,0;;;
Trevor;19:22:08;20:03:30;59.67616,3606.818,3606.818;True,OffRoad,REBEL02,0,0;;;
Trevor;20:28:15;20:03:31;59.67616,3606.818,3606.818;True,OffRoad,REBEL02,0,0;;;
Trevor;21:26:36;20:03:31;59.67616,3606.818,3606.818;True,OffRoad,REBEL02,0,0;;;
Trevor;22:00:00;20:03:32;59.67616,3606.818,3606.818;True,OffRoad,REBEL02,0,0;;;
Trevor;22:00:00;20:03:32;59.67616,3606.818,3606.818;True,OffRoad,REBEL02,0,0;;;
Trevor;22:00:00;20:03:33;59.67616,3606.818,3606.818;True,OffRoad,REBEL02,0,0;;;
Trevor;22:00:00;20:03:34;59.67616,3606.818,3606.818;True,OffRoad,REBEL02,0,0;;;
Trevor;22:00:00;20:03:34;59.67616,3606.818,3606.818;True,OffRoad,REBEL02,0,0;;;
Trevor;22:00:01;20:03:35;59.67616,3606.818,3606.818;True,OffRoad,REBEL02,0,0;The assholes here, they slipped. Ice took a hold of this whole place.;TREV3BIKER2;TRV3_DTAA
Trevor;22:00:02;20:03:35;59.67616,3606.818,3606.818;True,OffRoad,REBEL02,0,0;;;
Trevor;22:00:02;20:03:36;59.67616,3606.818,3606.818;True,OffRoad,REBEL02,0,0;;;
Trevor;22:00:03;20:03:36;59.67616,3606.818,3606.818;True,OffRoad,REBEL02,0,0;;;
Trevor;22:00:03;20:03:37;59.67616,3606.818,3606.818;True,OffRoad,REBEL02,0,0;;;
Trevor;22:00:04;20:03:37;59.67616,3606.818,3606.818;True,OffRoad,REBEL02,0,0;;;
Trevor;22:00:04;20:03:38;59.67616,3606.818,3606.818;True,OffRoad,REBEL02,0,0;;;
Trevor;22:00:05;20:03:38;59.67616,3606.818,3606.818;True,OffRoad,REBEL02,0,0;;;
Trevor;22:00:05;20:03:39;59.67616,3606.818,3606.818;True,OffRoad,REBEL02,0,0;;;
Trevor;22:00:06;20:03:39;59.67616,3606.818,3606.818;True,OffRoad,REBEL02,0,0;;;
Trevor;22:00:06;20:03:40;59.67616,3606.818,3606.818;True,OffRoad,REBEL02,0,0;You're lost, but you are not forgotten, brothers.;TRV3_BIKER1;TRV3_BSAE
Trevor;22:00:07;20:03:40;59.67616,3606.818,3606.818;True,OffRoad,REBEL02,0,0;;;
Trevor;22:00:07;20:03:41;59.67616,3606.818,3606.818;True,OffRoad,REBEL02,0,0;;;
Trevor;22:00:08;20:03:41;59.67616,3606.818,3606.818;True,OffRoad,REBEL02,0,0;;;
Trevor;22:00:08;20:03:42;59.67616,3606.818,3606.818;True,OffRoad,REBEL02,0,0;;;
Trevor;22:00:09;20:03:43;59.67616,3606.818,3606.818;True,OffRoad,REBEL02,0,0;We'll find that motherfucker.;TRV3_BIKER1;TRV3_BSAF
Trevor;22:00:09;20:03:43;59.67616,3606.818,3606.818;True,OffRoad,REBEL02,0,0;;;
Trevor;22:00:10;20:03:44;59.67616,3606.818,3606.818;True,OffRoad,REBEL02,0,0;;;
Trevor;22:00:10;20:03:44;59.67616,3606.818,3606.818;True,OffRoad,REBEL02,0,0;;;
Trevor;22:00:11;20:03:45;59.13055,3605.348,3605.348;True,OffRoad,REBEL02,0,008327298,0;;;
Trevor;22:00:12;20:03:45;59.1306,3605.348,3605.348;True,OffRoad,REBEL02,0,0;;;
Trevor;22:00:12;20:03:46;59.1306,3605.348,3605.348;True,OffRoad,REBEL02,0,0;;;
Trevor;22:00:13;20:03:46;59.1306,3605.348,3605.348;True,OffRoad,REBEL02,0,0;;;
Trevor;22:00:13;20:03:47;59.1306,3605.348,3605.348;True,OffRoad,REBEL02,0,0;;;
Trevor;22:00:14;20:03:47;59.1306,3605.348,3605.348;True,OffRoad,REBEL02,0,0;;;
Trevor;22:00:14;20:03:48;59.1306,3605.348,3605.348;True,OffRoad,REBEL02,0,0;;;
Trevor;22:00:15;20:03:48;59.1306,3605.348,3605.348;True,OffRoad,REBEL02,0,0;;;
Trevor;22:00:15;20:03:49;59.1306,3605.348,3605.348;True,OffRoad,REBEL02,0,0;;;
Trevor;22:00:16;20:03:49;59.1306,3605.348,3605.348;True,OffRoad,REBEL02,0,0;;;
Trevor;22:00:16;20:03:50;59.13072,3605.348,3605.348;True,OffRoad,REBEL02,0,007683939,0;;;
Trevor;22:00:17;20:03:50;59.12972,3605.345,3605.345;True,OffRoad,REBEL02,0,006529612,0;;;
Trevor;22:00:17;20:03:51;57.66396,3605.107,3605.107;;;;
Trevor;22:00:18;20:03:51;57.7518,3604.897,3604.897;;;;
Trevor;22:00:18;20:03:52;57.7518,3604.897,3604.897;;;;
Trevor;22:00:19;20:03:52;57.7518,3604.897,3604.897;;;;
Trevor;22:00:19;20:03:53;57.7518,3604.897,3604.897;;;;
Trevor;22:00:20;20:03:54;57.74817,3604.894,3604.894;;;;
Trevor;22:00:20;20:03:54;57.49755,3604.846,3604.846;;;;
Trevor;22:00:21;20:03:55;56.84943,3605.198,3605.198;;;;
Trevor;22:00:21;20:03:55;56.2053,3605.739,3605.739;;;;
Trevor;22:00:22;20:03:56;55.79027,3606.427,3606.427;;;;
Trevor;22:00:22;20:03:56;55.58899,3607.241,3607.241;;;;
Trevor;22:00:23;20:03:57;55.41772,3608.03,3608.03;;;;
Trevor;22:00:24;20:03:57;55.17226,3608.767,3608.767;;;;
Trevor;22:00:24;20:03:58;54.89314,3609.503,3609.503;;;;
Trevor;22:00:25;20:03:58;54.67935,3610.266,3610.266;;Wait here. Don't get killed.;TREVOR;TRV3_CXAA
Trevor;22:00:25;20:03:59;54.4711,3611.062,3611.062;;;;
Trevor;22:00:26;20:03:59;54.34008,3611.856,3611.856;;;;
Trevor;22:00:26;20:04:00;54.16087,3612.628,3612.628;;;;
Trevor;22:00:27;20:04:00;53.99971,3613.416,3613.416;;;;
Trevor;22:00:27;20:04:01;53.95565,3614.242,3614.242;;I'll try not to get killed.;WADE;TRV3_FZAA
Trevor;22:00:28;20:04:01;53.92841,3615.098,3615.098;;;;
Trevor;22:00:28;20:04:02;53.89614,3615.902,3615.902;;;;
Trevor;22:00:29;20:04:02;53.91489,3616.757,3616.757;;;;
Trevor;22:00:29;20:04:03;53.98287,3617.614,3617.614;;;;
Trevor;22:00:30;20:04:03;54.06216,3618.471,3618.471;;;;
Trevor;22:00:30;20:04:04;54.15701,3619.335,3619.335;;;;
Trevor;22:00:31;20:04:04;54.26746,3620.19,3620.19;;;;
Trevor;22:00:31;20:04:05;54.46247,3621.021,3621.021;;;;
Trevor;22:00:32;20:04:06;54.72886,3621.852,3621.852;;;;
Trevor;22:00:32;20:04:06;54.97812,3622.602,3622.602;;Ah shit.;TRV3_BIKER1;TRV3_DSAA
Trevor;22:00:33;20:04:07;55.15826,3623.142,3623.142;;;;
Trevor;22:00:33;20:04:07;55.19382,3623.247,3623.247;;;;
Trevor;22:00:34;20:04:08;55.44432,3623.997,3623.997;;;;
Trevor;22:00:35;20:04:08;55.71773,3624.814,3624.814;;;;
Trevor;22:00:35;20:04:09;56.00468,3625.663,3625.663;;;;
Trevor;22:00:36;20:04:09;56.29023,3626.492,3626.492;;;;
Trevor;22:00:36;20:04:10;56.62577,3627.254,3627.254;;;;
Trevor;22:00:37;20:04:10;57.03624,3627.985,3627.985;;;;
Trevor;22:00:37;20:04:11;57.50702,3628.7,3628.7;;;;
Trevor;22:00:38;20:04:11;57.92327,3629.392,3629.392;;;;
Trevor;22:00:38;20:04:12;58.47698,3630.052,3630.052;;Don't be a bitch.;TRV3_BIKER1;TRV3_DSAA
Trevor;22:00:39;20:04:12;59.11547,3630.623,3630.623;;;;
Trevor;22:00:39;20:04:13;59.68505,3631.205,3631.205;;;;
Trevor;22:00:40;20:04:13;60.02574,3631.843,3631.843;;;;
Trevor;22:00:40;20:04:14;60.18525,3632.585,3632.585;;;;
Trevor;22:00:41;20:04:14;60.129,3633.361,3633.361;;;;
Trevor;22:00:41;20:04:15;59.97158,3634.072,3634.072;;;;
Trevor;22:00:42;20:04:16;59.93063,3634.258,3634.258;;;;
Trevor;22:00:42;20:04:16;59.89882,3634.325,3634.325;;;;
Trevor;22:00:43;20:04:17;59.89882,3634.325,3634.325;;;;
Trevor;22:00:43;20:04:17;59.86931,3634.297,3634.297;;;;
Trevor;22:00:44;20:04:18;59.42577,3633.96,3633.96;;;;
Trevor;22:00:45;20:04:18;59.19929,3633.059,3633.059;;;;
Trevor;22:00:45;20:04:19;59.08839,3631.415,3631.415;;;;
Trevor;22:00:46;20:04:19;58.83722,3630.246,3630.246;;;;
Trevor;22:00:46;20:04:20;58.58865,3630.549,3630.549;;;;
Trevor;22:00:47;20:04:20;58.58533,3630.522,3630.522;;;;
Trevor;22:00:47;20:04:21;58.42091,3629.635,3629.635;;;;
Trevor;22:00:48;20:04:21;56.95634,3629.065,3629.065;;;;
Trevor;22:00:48;20:04:22;55.80648,3629.143,3629.143;;;;
Trevor;22:00:49;20:04:22;54.24189,3628.578,3628.578;;;;
Trevor;22:00:49;20:04:23;53.27292,3628.04,3628.04;;;;
Trevor;22:00:50;20:04:23;52.51797,3628.089,3628.089;;;;
Trevor;22:00:50;20:04:24;51.84119,3628.539,3628.539;;;;
Trevor;22:00:51;20:04:24;51.24461,3629.147,3629.147;;;;
Trevor;22:00:51;20:04:25;50.67472,3629.766,3629.766;;;;
Trevor;22:00:52;20:04:25;50.06343,3630.243,3630.243;;;;
Trevor;22:00:52;20:04:26;49.31908,3630.668,3630.668;;;;
Trevor;22:00:53;20:04:27;48.47667,3631.129,3631.129;;;;
Trevor;22:00:53;20:04:27;46.89666,3631.928,3631.928;;;;
Trevor;22:00:54;20:04:28;45.39423,3633.215,3633.215;;;;
Trevor;22:00:54;20:04:28;44.73441,3634.892,3634.892;;;;
Trevor;22:00:55;20:04:29;44.11228,3635.816,3635.816;;;;
Trevor;22:00:56;20:04:29;43.42656,3636.269,3636.269;;;;
Trevor;22:00:56;20:04:30;42.68074,3636.71,3636.71;;;;
Trevor;22:00:57;20:04:30;41.93032,3637.131,3637.131;;;;
Trevor;22:00:57;20:04:31;41.18659,3637.466,3637.466;;;;
Trevor;22:00:58;20:04:31;40.40699,3637.76,3637.76;;;;
Trevor;22:00:58;20:04:32;39.67089,3638.166,3638.166;;;;
Trevor;22:00:59;20:04:32;38.99802,3638.66,3638.66;;;;
Trevor;22:00:59;20:04:33;38.37874,3639.229,3639.229;;;;
Trevor;22:01:00;20:04:33;37.7477,3639.698,3639.698;;;;
Trevor;22:01:00;20:04:34;37.06435,3640.211,3640.211;;;;
Trevor;22:01:01;20:04:34;36.60191,3640.904,3640.904;;;;
Trevor;22:01:01;20:04:35;36.12421,3641.556,3641.556;;;;
Trevor;22:01:02;20:04:35;35.54543,3642.056,3642.056;;;;
Trevor;22:01:02;20:04:36;34.85249,3642.471,3642.471;;;;
Trevor;22:01:03;20:04:36;34.19084,3642.981,3642.981;;;;
Trevor;22:01:03;20:04:37;33.55727,3643.522,3643.522;;;;
Trevor;22:01:04;20:04:38;32.97475,3644.114,3644.114;;;;
Trevor;22:01:04;20:04:38;32.72604,3644.902,3644.902;;;;
Trevor;22:01:05;20:04:39;32.43262,3645.617,3645.617;;;;
Trevor;22:01:05;20:04:39;32.00653,3646.333,3646.333;;;;
Trevor;22:01:06;20:04:40;31.43026,3646.847,3646.847;;;;
Trevor;22:01:07;20:04:40;30.90461,3647.522,3647.522;;;;
Trevor;22:01:07;20:04:41;30.43309,3648.661,3648.661;;;;
Trevor;22:01:08;20:04:41;29.59633,3650.34,3650.34;;;;
Trevor;22:01:08;20:04:42;28.79468,3651.646,3651.646;;;;
Trevor;22:01:09;20:04:42;28.46663,3652.543,3652.543;;;;
Trevor;22:01:09;20:04:43;28.34066,3653.398,3653.398;;;;
Trevor;22:01:10;20:04:43;28.30548,3653.709,3653.709;;;;
Trevor;22:01:10;20:04:44;28.26146,3654.119,3654.119;;;;
Trevor;22:01:11;20:04:44;28.17005,3654.986,3654.986;;;;
Trevor;22:01:11;20:04:45;28.09684,3655.857,3655.857;;;;
Trevor;22:01:12;20:04:45;28.02271,3656.712,3656.712;;;;
Trevor;22:01:12;20:04:46;27.92634,3657.56,3657.56;;;;
Trevor;22:01:13;20:04:46;27.9169,3658.298,3658.298;;Johnny K wasn't fit for the Lost MC.;TRV3BIKER3;TRV3_DTAB
Trevor;22:01:13;20:04:47;28.0402,3658.355,3658.355;;;;
Trevor;22:01:14;20:04:47;28.16715,3658.658,3658.658;;;;
Trevor;22:01:14;20:04:48;28.16715,3658.658,3658.658;;;;
Trevor;22:01:15;20:04:49;28.16715,3658.658,3658.658;;;;
Trevor;22:01:15;20:04:49;28.12864,3658.57,3658.57;;;;
Trevor;22:01:16;20:04:50;27.60547,3658.108,3658.108;;Billy Gray, man - he was a Lost MC Chapter Prez.;TREV3BIKER2;TRV3_DTAC
Trevor;22:01:17;20:04:50;26.88994,3657.652,3657.652;;;;
Trevor;22:01:17;20:04:51;26.08562,3657.326,3657.326;;;;
Trevor;22:01:18;20:04:51;25.22655,3657.243,3657.243;;;;
Trevor;22:01:18;20:04:52;24.4707,3657.568,3657.568;;;;
Trevor;22:01:19;20:04:52;23.80296,3658.104,3658.104;;;;
Trevor;22:01:19;20:04:53;23.1999,3658.688,3658.688;;Something Alderney could be proud of.;TRV3BIKER3;TRV3_DTAD
Trevor;22:01:20;20:04:53;22.57528,3659.203,3659.203;;;;
Trevor;22:01:20;20:04:54;21.89638,3659.752,3659.752;;;;
Trevor;22:01:21;20:04:54;21.29223,3660.353,3660.353;;;;
Trevor;22:01:21;20:04:55;20.61193,3660.922,3660.922;;;;
Trevor;22:01:22;20:04:56;19.52346,3661.912,3661.912;;Whatever they said about him snitching, man, that was bullshit.;TREV3BIKER2;TRV3_DTAE
Trevor;22:01:22;20:04:56;18.09187,3663.373,3663.373;;;;
Trevor;22:01:23;20:04:57;17.1081,3664.409,3664.409;;;;
Trevor;22:01:24;20:04:57;16.37828,3664.666,3664.666;;;;
Trevor;22:01:24;20:04:58;15.70643,3665.09,3665.09;;;;
Trevor;22:01:25;20:04:58;15.32846,3665.823,3665.823;;;;
Trevor;22:01:25;20:04:59;14.81083,3666.407,3666.407;;Billy would have never let this shit go down right here.;TRV3BIKER3;TRV3_DTAF
Trevor;22:01:26;20:04:59;14.30963,3667.088,3667.088;;;;
Trevor;22:01:26;20:05:00;13.70864,3667.698,3667.698;;;;
Trevor;22:01:27;20:05:00;12.63499,3668.79,3668.79;;;;
Trevor;22:01:27;20:05:01;11.31551,3671.14,3671.14;;;;
Trevor;22:01:28;20:05:01;9.310282,3674.131,3674.131;;One creepy little dealer taking down a whole chapter. Ridiculous.;TRV3BIKER3;TRV3_DTAH
Trevor;22:01:28;20:05:02;7.194248,3677.245,3677.245;;;;
Trevor;22:01:29;20:05:03;5.652452,3680.274,3680.274;;;;
Trevor;22:01:29;20:05:03;4.820198,3681.896,3681.896;;;;
Trevor;22:01:30;20:05:04;4.330098,3682.88,3682.88;;;;
Trevor;22:01:31;20:05:04;3.982803,3683.689,3683.689;;;;
Trevor;22:01:31;20:05:05;3.501652,3684.755,3684.755;;;;
Trevor;22:01:32;20:05:05;2.682556,3686.5,3686.5;;Let's take a ride. See what kind of shape they left this place in.;TREV3BIKER2;TRV3_DTAG
Trevor;22:01:32;20:05:06;2.444573,3688.7,3688.7;;;;
Trevor;22:01:33;20:05:06;2.288496,3689.886,3689.886;;;;
Trevor;22:01:33;20:05:07;1.915911,3690.569,3690.569;;;;
Trevor;22:01:34;20:05:07;1.493214,3691.274,3691.274;;;;
Trevor;22:01:34;20:05:08;1.287935,3691.995,3691.995;;;;
Trevor;22:01:35;20:05:08;1.251561,3692.139,3692.139;;;;
Trevor;22:01:35;20:05:09;0.9950715,3692.798,3692.798;;;;
Trevor;22:01:36;20:05:09;0.4273921,3693.3,3693.3;;;;
Trevor;22:01:36;20:05:10;-0.06588906,3694.022,3694.022;;;;
Trevor;22:01:37;20:05:11;-0.5433358,3694.766,3694.766;;;;
Trevor;22:01:37;20:05:11;-1.010614,3695.529,3695.529;;;;
Trevor;22:01:38;20:05:28;-1.24008,3695.913,3695.913;;;;
Trevor;22:01:55;20:05:28;-1.411025,3696.2,3696.2;;;;
Trevor;22:01:55;20:05:29;-1.514719,3696.379,3696.379;;;;
Trevor;22:01:56;20:05:29;-1.801105,3696.865,3696.865;;;;
Trevor;22:01:56;20:05:30;-2.321883,3697.428,3697.428;;;;
Trevor;22:01:57;20:05:31;-3.210038,3698.206,3698.206;;;;
Trevor;22:01:57;20:05:31;-4.388085,3700.268,3700.268;;;;
Trevor;22:01:58;20:05:32;-5.082578,3703.752,3703.752;;;;
Trevor;22:01:59;20:05:32;-5.901596,3707.203,3707.203;;;;
Trevor;22:01:59;20:05:33;-6.746953,3710.521,3710.521;;;;
Trevor;22:02:00;20:05:33;-7.28953,3712.591,3712.591;;;;
Trevor;22:02:00;20:05:34;-7.503879,3713.695,3713.695;;;;
Trevor;22:02:01;20:05:34;-7.698822,3714.509,3714.509;;;;
Trevor;22:02:01;20:05:35;-7.842608,3716.165,3716.165;;;;
Trevor;22:02:02;20:05:35;-6.852592,3719.346,3719.346;;;;
Trevor;22:02:02;20:05:36;-5.740937,3721.709,3721.709;;;;
Trevor;22:02:03;20:05:36;-5.118099,3722.973,3722.973;;;;
Trevor;22:02:03;20:05:37;-4.867973,3723.765,3723.765;;;;
Trevor;22:02:04;20:05:37;-4.539582,3724.833,3724.833;;;;
Trevor;22:02:04;20:05:38;-3.425066,3726.55,3726.55;;;;
Trevor;22:02:05;20:05:39;-1.215818,3728.81,3728.81;;;;
Trevor;22:02:05;20:05:39;-0.2861504,3731.041,3731.041;;;;
Trevor;22:02:06;20:05:40;0.427548,3732.077,3732.077;;;;
Trevor;22:02:07;20:05:40;1.022686,3732.853,3732.853;;;;
Trevor;22:02:07;20:05:41;1.631336,3733.624,3733.624;;;;
Trevor;22:02:08;20:05:41;2.420275,3734.743,3734.743;;;;
Trevor;22:02:08;20:05:42;3.849984,3736.515,3736.515;;;;
Trevor;22:02:09;20:05:42;5.379546,3738.299,3738.299;;;;
Trevor;22:02:09;20:05:43;6.315835,3739.09,3739.09;;;;
Trevor;22:02:10;20:05:43;6.975076,3739.668,3739.668;;;;
Trevor;22:02:10;20:05:44;7.706273,3740.142,3740.142;;;;
Trevor;22:02:11;20:05:44;8.3887,3740.663,3740.663;;;;
Trevor;22:02:11;20:05:45;9.127706,3741.067,3741.067;;;;
Trevor;22:02:12;20:05:46;9.98556,3741.08,3741.08;;;;
Trevor;22:02:12;20:05:46;10.76173,3741.161,3741.161;;;;
Trevor;22:02:13;20:05:47;11.51293,3741.496,3741.496;;;;
Trevor;22:02:14;20:05:47;12.32546,3741.922,3741.922;;;;
Trevor;22:02:14;20:05:48;13.75212,3742.641,3742.641;;;;
Trevor;22:02:15;20:05:48;16.05147,3744.181,3744.181;;;;
Trevor;22:02:15;20:05:49;17.35666,3745.04,3745.04;;;;
Trevor;22:02:16;20:05:49;18.23107,3745.37,3745.37;;;;
Trevor;22:02:16;20:05:50;19.06445,3745.675,3745.675;;That's horse shit! Who else was in on it?;TRV3_BIKER1;TRV3_CFAA
Trevor;22:02:17;20:05:50;19.83432,3746.019,3746.019;;;;
Trevor;22:02:17;20:05:51;20.63849,3746.351,3746.351;;;;
Trevor;22:02:18;20:05:52;21.40732,3746.699,3746.699;;;;
Trevor;22:02:18;20:05:52;22.2373,3746.956,3746.956;;I swear, it was just the dealer.;TREV3BIKER3;TRV3_CFAB
Trevor;22:02:19;20:05:53;23.17848,3747.247,3747.247;;;;
Trevor;22:02:19;20:05:53;24.78591,3747.882,3747.882;;;;
Trevor;22:02:20;20:05:54;27.41052,3749.272,3749.272;;You think we stupid? That ain't the work of one dude!;TREV3BIKER2;TRV3_CFAC
Trevor;22:02:21;20:05:54;29.45194,3749.205,3749.205;;;;
Trevor;22:02:21;20:05:55;29.81058,3749.623,3749.623;;;;
Trevor;22:02:22;20:05:55;29.80828,3749.633,3749.633;;;;
Trevor;22:02:22;20:05:56;29.85372,3749.616,3749.616;;;;
Trevor;22:02:23;20:05:56;29.89017,3749.646,3749.646;;;;
Trevor;22:02:23;20:05:57;29.99796,3749.558,3749.558;;It was. Uh. He's weird. You know, crazy.;TREV3BIKER3;TRV3_CFAD
Trevor;22:02:24;20:05:57;30.17227,3749.404,3749.404;;;;
Trevor;22:02:24;20:05:58;30.83689,3748.775,3748.775;;;;
Trevor;22:02:25;20:05:59;31.30038,3748.448,3748.448;;;;
Trevor;22:02:25;20:05:59;31.7591,3748.216,3748.216;;;;
Trevor;22:02:26;20:06:00;32.50694,3748.149,3748.149;;We heard, we heard, the "creepy" dealer. Now it's time for the rest of it.;TRV3_BIKER1;TRV3_CFAE
Trevor;22:02:27;20:06:00;33.44708,3748.19,3748.19;;;;
Trevor;22:02:27;20:06:01;34.37469,3748.231,3748.231;;;;
Trevor;22:02:28;20:06:01;35.25448,3748.27,3748.27;;;;
Trevor;22:02:28;20:06:02;36.1045,3748.319,3748.319;;;;
Trevor;22:02:29;20:06:02;36.9187,3748.399,3748.399;;;;
Trevor;22:02:29;20:06:03;37.68635,3748.479,3748.479;;;;
Trevor;22:02:30;20:06:03;38.43609,3748.723,3748.723;;There ain't no "rest of it." I swear!;TREV3BIKER3;TRV3_CFAF
Trevor;22:02:30;20:06:04;38.7625,3748.749,3748.749;;;;
Trevor;22:02:31;20:06:04;38.84896,3748.749,3748.749;;;;
Trevor;22:02:31;20:06:05;39.3399,3748.739,3748.739;;;;
Trevor;22:02:32;20:06:06;40.18279,3748.638,3748.638;;;;
Trevor;22:02:32;20:06:06;40.85035,3748.173,3748.173;;;;
Trevor;22:02:33;20:06:07;41.42603,3747.55,3747.55;;;;
Trevor;22:02:33;20:06:07;42.00095,3746.902,3746.902;;We goin' beat you till you give it up!;TREV3BIKER2;TRV3_CFAG
Trevor;22:02:34;20:06:08;42.51608,3746.213,3746.213;;;;
Trevor;22:02:35;20:06:08;42.77197,3746.238,3746.238;;;;
Trevor;22:02:35;20:06:09;42.9248,3746.174,3746.174;;;;
Trevor;22:02:36;20:06:09;42.92812,3746.156,3746.156;;You fool.;TRV3_BIKER1;TRV3_CFAH
Trevor;22:02:36;20:06:10;42.92812,3746.156,3746.156;;;;
Trevor;22:02:37;20:06:10;42.92812,3746.156,3746.156;;There you go.;TREVOR;TRV3_AGAA
Trevor;22:02:37;20:06:11;42.6642,3746.124,3746.124;;;;
Trevor;22:02:38;20:06:11;42.34658,3746.086,3746.086;;;;
Trevor;22:02:38;20:06:12;42.62107,3746.148,3746.148;;;;
Trevor;22:02:39;20:06:12;42.55085,3746.114,3746.114;;;;
Trevor;22:02:39;20:06:13;42.20609,3746.285,3746.285;;;;
Trevor;22:02:40;20:06:13;41.70858,3746.441,3746.441;;;;
Trevor;22:02:40;20:06:14;41.40359,3746.061,3746.061;;;;
Trevor;22:02:41;20:06:14;41.22101,3746.253,3746.253;;;;
Trevor;22:02:41;20:06:15;41.19381,3746.833,3746.833;;;;
Trevor;22:02:42;20:06:15;41.68154,3747.043,3747.043;;;;
Trevor;22:02:42;20:06:16;41.97324,3747.049,3747.049;;;;
Trevor;22:02:43;20:06:16;42.61104,3747.232,3747.232;;;;
Trevor;22:02:43;20:06:17;43.27714,3747.733,3747.733;;;;
Trevor;22:02:44;20:06:18;43.97592,3748.243,3748.243;;;;
Trevor;22:02:44;20:06:18;44.72793,3748.499,3748.499;;;;
Trevor;22:02:45;20:06:19;45.55465,3748.49,3748.49;;;;
Trevor;22:02:45;20:06:19;46.32976,3748.664,3748.664;;;;
Trevor;22:02:46;20:06:20;47.1642,3748.856,3748.856;;;;
Trevor;22:02:47;20:06:20;48.0265,3748.982,3748.982;;;;
Trevor;22:02:47;20:06:21;48.88043,3749.155,3749.155;;;;
Trevor;22:02:48;20:06:21;49.74648,3749.284,3749.284;;;;
Trevor;22:02:48;20:06:22;50.64827,3749.385,3749.385;;;;
Trevor;22:02:49;20:06:22;51.50349,3749.467,3749.467;;;;
Trevor;22:02:49;20:06:23;52.35683,3749.501,3749.501;;;;
Trevor;22:02:50;20:06:23;53.1484,3749.287,3749.287;;;;
Trevor;22:02:50;20:06:24;53.55378,3749.129,3749.129;;;;
Trevor;22:02:51;20:06:24;53.80912,3749.376,3749.376;;;;
Trevor;22:02:51;20:06:25;54.01495,3749.497,3749.497;;;;
Trevor;22:02:52;20:06:25;54.01495,3749.497,3749.497;;;;
Trevor;22:02:52;20:06:26;53.95663,3749.517,3749.517;;;;
Trevor;22:02:53;20:06:27;53.96093,3750.138,3750.138;;;;
Trevor;22:02:53;20:06:27;54.06078,3750.969,3750.969;;;;
Trevor;22:02:54;20:06:28;54.32536,3751.752,3751.752;;;;
Trevor;22:02:54;20:06:28;54.47978,3752.55,3752.55;;;;
Trevor;22:02:55;20:06:29;54.90152,3753.244,3753.244;;;;
Trevor;22:02:55;20:06:29;55.48546,3753.852,3753.852;;;;
Trevor;22:02:56;20:06:30;55.98351,3754.482,3754.482;;;;
Trevor;22:02:57;20:06:30;56.41524,3755.198,3755.198;;;;
Trevor;22:02:57;20:06:31;56.80393,3755.933,3755.933;;;;
Trevor;22:02:58;20:06:31;57.2727,3756.669,3756.669;;;;
Trevor;22:02:58;20:06:32;57.79759,3757.361,3757.361;;;;
Trevor;22:02:59;20:06:32;58.29513,3758.028,3758.028;;;;
Trevor;22:02:59;20:06:33;58.83524,3758.641,3758.641;;;;
Trevor;22:03:00;20:06:33;59.41517,3759.279,3759.279;;;;
Trevor;22:03:00;20:06:34;60.00602,3759.941,3759.941;;;;
Trevor;22:03:01;20:06:34;60.58411,3760.599,3760.599;;;;
Trevor;22:03:01;20:06:35;61.28559,3761.055,3761.055;;Oh shit! You're the dude! You're the fucking dude!;TRV3BIKER2;TRV3_FLAA
Trevor;22:03:02;20:06:35;62.11266,3761.341,3761.341;;;;
Trevor;22:03:02;20:06:36;62.9465,3761.621,3761.621;;;;
Trevor;22:03:03;20:06:37;63.30272,3761.52,3761.52;;;;
Trevor;22:03:03;20:06:37;62.73432,3761.169,3761.169;;;;
Trevor;22:03:04;20:06:38;62.06264,3760.787,3760.787;;;;
Trevor;22:03:05;20:06:38;61.43772,3760.354,3760.354;;;;
Trevor;22:03:05;20:06:39;61.64577,3759.636,3759.636;;The Lost aren't welcome here!;TREVOR;TRV3_DAAA
Trevor;22:03:06;20:06:39;61.23671,3759.008,3759.008;;;;
Trevor;22:03:06;20:06:40;60.50217,3758.758,3758.758;;;;
Trevor;22:03:07;20:06:40;60.64123,3758.962,3758.962;;;;
Trevor;22:03:07;20:06:41;60.91104,3759.698,3759.698;;Sweet fuckin' revenge!;TREV3BIKER3;TRV3_DXAA
Trevor;22:03:08;20:06:41;62.07317,3761,3761;;;;
Trevor;22:03:08;20:06:42;63.4376,3762.003,3762.003;;;;
Trevor;22:03:09;20:06:42;63.18139,3761.944,3761.944;;;;
Trevor;22:03:09;20:06:43;63.65011,3761.588,3761.588;;;;
Trevor;22:03:10;20:06:44;63.6593,3760.796,3760.796;;Put him on the funeral pyre.;TRV3_BIKER1;TRV3_EBAA
Trevor;22:03:10;20:06:44;63.20407,3760.27,3760.27;;;;
Trevor;22:03:11;20:06:45;62.85386,3760.088,3760.088;;;;
Trevor;22:03:11;20:06:45;62.24157,3759.775,3759.775;;;;
Trevor;22:03:12;20:06:46;61.29647,3759.121,3759.121;;;;
Trevor;22:03:13;20:06:46;60.6015,3758.803,3758.803;;;;
Trevor;22:03:13;20:06:47;59.88096,3758.556,3758.556;;;;
Trevor;22:03:14;20:06:47;59.1873,3758.246,3758.246;;Do him for the brothers!;TREV3BIKER3;TRV3_DXAA
Trevor;22:03:14;20:06:48;58.51783,3757.897,3757.897;;;;
Trevor;22:03:15;20:06:48;57.85636,3757.521,3757.521;;;;
Trevor;22:03:15;20:06:49;57.18014,3757.214,3757.214;;;;
Trevor;22:03:16;20:06:49;56.69313,3757.045,3757.045;;;;
Trevor;22:03:16;20:06:50;56.50707,3756.92,3756.92;;;;
Trevor;22:03:17;20:06:50;55.72758,3756.941,3756.941;;;;
Trevor;22:03:17;20:06:51;55.13026,3756.534,3756.534;;;;
Trevor;22:03:18;20:06:52;54.51318,3756.178,3756.178;;;;
Trevor;22:03:18;20:06:52;53.93266,3755.699,3755.699;;;;
Trevor;22:03:19;20:06:53;53.33997,3755.229,3755.229;;;;
Trevor;22:03:20;20:06:53;52.74718,3754.771,3754.771;;;;
Trevor;22:03:20;20:06:54;52.75147,3754.141,3754.141;;;;
Trevor;22:03:21;20:06:54;53.0386,3753.264,3753.264;;;;
Trevor;22:03:21;20:06:55;53.08273,3751.613,3751.613;;;;
Trevor;22:03:22;20:06:55;51.40469,3749.771,3749.771;;;;
Trevor;22:03:22;20:06:56;48.14357,3749.964,3749.964;;;;
Trevor;22:03:23;20:06:56;44.67039,3749.318,3749.318;;;;
Trevor;22:03:23;20:06:57;41.20173,3748.815,3748.815;;;;
Trevor;22:03:24;20:06:57;38.19159,3750.39,3750.39;;;;
Trevor;22:03:24;20:06:58;35.10989,3750.043,3750.043;;;;
Trevor;22:03:25;20:06:58;33.33395,3748.793,3748.793;;;;
Trevor;22:03:25;20:06:59;33.50101,3746.654,3746.654;;Now we don't gotta look for him.;TRV3_BIKER1;TRV3_EBAA
Trevor;22:03:26;20:07:00;36.45572,3746.233,3746.233;;;;
Trevor;22:03:26;20:07:00;37.68801,3743.268,3743.268;;;;
Trevor;22:03:27;20:07:01;39.09265,3739.996,3739.996;;;;
Trevor;22:03:28;20:07:01;39.43437,3739.708,3739.708;;;;
Trevor;22:03:28;20:07:02;39.15226,3741.14,3741.14;;;;
Trevor;22:03:29;20:07:02;39.13074,3741.315,3741.315;;;;
Trevor;22:03:29;20:07:03;39.1278,3741.337,3741.337;;;;
Trevor;22:03:30;20:07:03;38.98055,3742.244,3742.244;;;;
Trevor;22:03:30;20:07:04;38.78979,3743.347,3743.347;;;;
Trevor;22:03:31;20:07:04;38.76334,3743.534,3743.534;;;;
Trevor;22:03:31;20:07:05;38.76332,3743.534,3743.534;;;;
Trevor;22:03:32;20:07:05;38.76332,3743.534,3743.534;;;;
Trevor;22:03:32;20:07:06;38.76332,3743.534,3743.534;;;;
Trevor;22:03:33;20:07:06;38.76332,3743.534,3743.534;;;;
Trevor;22:03:33;20:07:07;38.76332,3743.534,3743.534;;;;
Trevor;22:03:34;20:07:08;38.76332,3743.534,3743.534;;;;
Trevor;22:03:34;20:07:08;38.59064,3744.039,3744.039;;;;
Trevor;22:03:35;20:07:09;38.45633,3744.31,3744.31;;;;
Trevor;22:03:36;20:07:09;38.19994,3743.781,3743.781;;;;
Trevor;22:03:36;20:07:10;37.85275,3743.275,3743.275;;;;
Trevor;22:03:37;20:07:10;38.05944,3743.404,3743.404;;;;
Trevor;22:03:37;20:07:11;38.10407,3743.453,3743.453;;;;
Trevor;22:03:38;20:07:11;38.0003,3743.805,3743.805;;;;
Trevor;22:03:38;20:07:12;37.91978,3743.545,3743.545;;;;
Trevor;22:03:39;20:07:12;38.06137,3742.943,3742.943;;;;
Trevor;22:03:39;20:07:13;37.84501,3742.376,3742.376;;;;
Trevor;22:03:40;20:07:13;37.93027,3741.835,3741.835;;;;
Trevor;22:03:40;20:07:14;37.95297,3742.066,3742.066;;;;
Trevor;22:03:41;20:07:14;37.51917,3742.571,3742.571;;;;
Trevor;22:03:41;20:07:15;37.0598,3742.986,3742.986;;;;
Trevor;22:03:42;20:07:16;36.79272,3743.494,3743.494;;;;
Trevor;22:03:42;20:07:16;36.74302,3743.94,3743.94;;;;
Trevor;22:03:43;20:07:17;36.64496,3743.739,3743.739;;;;
Trevor;22:03:44;20:07:17;36.92473,3743.743,3743.743;;;;
Trevor;22:03:44;20:07:18;37.2481,3743.276,3743.276;;;;
Trevor;22:03:45;20:07:18;36.97643,3742.74,3742.74;;;;
Trevor;22:03:45;20:07:19;36.76708,3742.186,3742.186;;;;
Trevor;22:03:46;20:07:19;36.92951,3741.644,3741.644;;;;
Trevor;22:03:46;20:07:20;36.84535,3741.061,3741.061;;;;
Trevor;22:03:47;20:07:20;36.82177,3740.459,3740.459;;;;
Trevor;22:03:47;20:07:21;36.88712,3740.781,3740.781;;;;
Trevor;22:03:48;20:07:21;37.0051,3741.402,3741.402;;;;
Trevor;22:03:48;20:07:22;36.83064,3741.957,3741.957;;;;
Trevor;22:03:49;20:07:22;36.76492,3742.542,3742.542;;;;
Trevor;22:03:49;20:07:23;36.7114,3743.129,3743.129;;;;
Trevor;22:03:50;20:07:23;36.6729,3743.724,3743.724;;;;
Trevor;22:03:50;20:07:24;37.01597,3744.219,3744.219;;;;
Trevor;22:03:51;20:07:24;36.93615,3744.883,3744.883;;;;
Trevor;22:03:51;20:07:25;36.92577,3745.885,3745.885;;You going to come here to fuck with me?;TREVOR;TRV3_DAAA
Trevor;22:03:52;20:07:25;37.31818,3747.391,3747.391;;;;
Trevor;22:03:52;20:07:26;38.70615,3748.217,3748.217;;;;
Trevor;22:03:53;20:07:27;40.83027,3748.511,3748.511;;;;
Trevor;22:03:53;20:07:27;43.13449,3748.769,3748.769;;;;
Trevor;22:03:54;20:07:28;44.71129,3749.364,3749.364;;Fuck off! Go! Fuck off!;TREVOR;TRV3_DAAA
Trevor;22:03:54;20:07:28;45.77602,3750.785,3750.785;;;;
Trevor;22:03:55;20:07:29;47.56134,3750.847,3750.847;;;;
Trevor;22:03:56;20:07:29;48.64002,3750.75,3750.75;;;;
Trevor;22:03:56;20:07:30;49.39354,3750.68,3750.68;;;;
Trevor;22:03:57;20:07:30;50.12765,3750.625,3750.625;;;;
Trevor;22:03:57;20:07:31;50.82604,3750.788,3750.788;;;;
Trevor;22:03:58;20:07:31;51.47385,3750.504,3750.504;;;;
Trevor;22:03:58;20:07:32;51.88307,3749.705,3749.705;;;;
Trevor;22:03:59;20:07:32;51.21259,3749.046,3749.046;;;;
Trevor;22:03:59;20:07:33;49.43356,3748.333,3748.333;;Pussies! Every one of you!;TREVOR;TRV3_DAAA
Trevor;22:04:00;20:07:33;48.48182,3747.193,3747.193;;;;
Trevor;22:04:00;20:07:34;47.54188,3747.133,3747.133;;;;
Trevor;22:04:01;20:07:34;47.00106,3746.965,3746.965;;;;
Trevor;22:04:01;20:07:35;47.13741,3747.45,3747.45;;;;
Trevor;22:04:02;20:07:35;47.53133,3747.927,3747.927;;;;
Trevor;22:04:02;20:07:36;47.93139,3748.356,3748.356;;;;
Trevor;22:04:03;20:07:36;48.3791,3748.796,3748.796;;;;
Trevor;22:04:03;20:07:37;48.87534,3749.272,3749.272;;;;
Trevor;22:04:04;20:07:38;49.26777,3749.82,3749.82;;;;
Trevor;22:04:04;20:07:38;49.86581,3750.222,3750.222;;;;
Trevor;22:04:05;20:07:39;50.49642,3750.591,3750.591;;God forgives, motherfucker, The Lost don't.;TRV3_BIKER1;TRV3_EBAA
Trevor;22:04:05;20:07:39;51.1841,3750.453,3750.453;;;;
Trevor;22:04:06;20:07:40;51.86015,3750.221,3750.221;;;;
Trevor;22:04:07;20:07:40;51.994,3750.185,3750.185;;;;
Trevor;22:04:07;20:07:41;52.62852,3749.891,3749.891;;;;
Trevor;22:04:08;20:07:41;53.3257,3750.131,3750.131;;;;
Trevor;22:04:08;20:07:42;53.62348,3750.56,3750.56;;;;
Trevor;22:04:09;20:07:42;53.97433,3751.323,3751.323;;;;
Trevor;22:04:09;20:07:43;55.06331,3752.477,3752.477;;;;
Trevor;22:04:10;20:07:43;55.27193,3754.34,3754.34;;;;
Trevor;22:04:10;20:07:44;55.86953,3756.026,3756.026;;;;
Trevor;22:04:11;20:07:44;58.50092,3757.5,3757.5;;;;
Trevor;22:04:11;20:07:45;61.45633,3759.202,3759.202;;;;
Trevor;22:04:12;20:07:45;64.6504,3761.089,3761.089;;;;
Trevor;22:04:12;20:07:46;66.54929,3762.435,3762.435;;;;
Trevor;22:04:13;20:07:46;69.00237,3765.179,3765.179;;;;
Trevor;22:04:13;20:07:47;71.92498,3766.106,3766.106;;;;
Trevor;22:04:14;20:07:47;75.23016,3764.741,3764.741;;;;
Trevor;22:04:14;20:07:48;78.66261,3764.315,3764.315;;;;
Trevor;22:04:15;20:07:49;81.94765,3763.757,3763.757;;;;
Trevor;22:04:15;20:07:49;85.31728,3764.161,3764.161;;;;
Trevor;22:04:16;20:07:50;88.4948,3763.098,3763.098;;;;
Trevor;22:04:16;20:07:50;91.62472,3761.61,3761.61;;;;
Trevor;22:04:17;20:07:51;95.05515,3760.302,3760.302;;;;
Trevor;22:04:17;20:07:51;96.44392,3759.75,3759.75;;;;
Trevor;22:04:18;20:07:52;96.85835,3759.602,3759.602;;;;
Trevor;22:04:19;20:07:52;99.00183,3758.911,3758.911;;;;
Trevor;22:04:19;20:07:53;100.7426,3758.094,3758.094;;;;
Trevor;22:04:20;20:07:53;101.4444,3756.633,3756.633;;;;
Trevor;22:04:20;20:07:54;101.564,3755.596,3755.596;;;;
Trevor;22:04:21;20:07:54;101.6174,3755.176,3755.176;;;;
Trevor;22:04:21;20:07:55;101.8815,3753.202,3753.202;;;;
Trevor;22:04:22;20:07:55;102.7617,3749.607,3749.607;;;;
Trevor;22:04:22;20:07:56;103.8526,3746.408,3746.408;;;;
Trevor;22:04:23;20:07:56;105.4261,3743.79,3743.79;;;;
Trevor;22:04:23;20:07:57;108.026,3741.407,3741.407;;;;
Trevor;22:04:24;20:07:57;110.5778,3738.918,3738.918;;;;
Trevor;22:04:24;20:07:58;112.2432,3735.977,3735.977;;;;
Trevor;22:04:25;20:07:58;112.7516,3732.639,3732.639;;;;
Trevor;22:04:25;20:07:59;114.1919,3729.424,3729.424;;;;
Trevor;22:04:26;20:07:59;113.8411,3726.259,3726.259;;;;
Trevor;22:04:26;20:08:00;111.4296,3723.594,3723.594;;;;
Trevor;22:04:27;20:08:01;108.3381,3721.461,3721.461;;;;
Trevor;22:04:27;20:08:01;105.0434,3720.113,3720.113;;;;
Trevor;22:04:28;20:08:02;101.8004,3720.749,3720.749;;;;
Trevor;22:04:28;20:08:02;99.17019,3719.238,3719.238;;;;
Trevor;22:04:29;20:08:03;97.24165,3717.544,3717.544;;;;
Trevor;22:04:30;20:08:03;96.03219,3716.353,3716.353;;;;
Trevor;22:04:30;20:08:04;95.1218,3715.491,3715.491;;;;
Trevor;22:04:31;20:08:04;94.83119,3715.205,3715.205;;;;
Trevor;22:04:31;20:08:05;94.25282,3715.023,3715.023;;;;
Trevor;22:04:32;20:08:05;93.26167,3716.923,3716.923;;;;
Trevor;22:04:32;20:08:06;96.13355,3717.948,3717.948;;;;
Trevor;22:04:33;20:08:06;97.46115,3720.239,3720.239;;;;
Trevor;22:04:33;20:08:07;96.24512,3723.229,3723.229;;;;
Trevor;22:04:34;20:08:07;93.63912,3725.671,3725.671;;;;
Trevor;22:04:34;20:08:08;90.80054,3727.641,3727.641;;;;
Trevor;22:04:35;20:08:08;87.70657,3729.329,3729.329;;;;
Trevor;22:04:35;20:08:09;85.16553,3731.845,3731.845;;;;
Trevor;22:04:36;20:08:09;83.05656,3734.527,3734.527;;;;
Trevor;22:04:36;20:08:10;80.78988,3737.281,3737.281;;;;
Trevor;22:04:37;20:08:10;78.7729,3740.055,3740.055;;;;
Trevor;22:04:37;20:08:11;76.06554,3740.401,3740.401;;;;
Trevor;22:04:38;20:08:12;73.20803,3738.969,3738.969;;;;
Trevor;22:04:38;20:08:12;70.4622,3739.784,3739.784;;;;
Trevor;22:04:39;20:08:13;68.2879,3742.213,3742.213;;;;
Trevor;22:04:39;20:08:13;65.68177,3742.157,3742.157;;;;
Trevor;22:04:40;20:08:14;62.63671,3742.294,3742.294;;;;
Trevor;22:04:41;20:08:14;61.88453,3739.862,3739.862;;;;
Trevor;22:04:41;20:08:15;60.67814,3736.716,3736.716;;;;
Trevor;22:04:42;20:08:15;59.67645,3735.087,3735.087;;;;
Trevor;22:04:42;20:08:16;58.95223,3733.614,3733.614;;;;
Trevor;22:04:43;20:08:16;58.64188,3732.972,3732.972;;;;
Trevor;22:04:43;20:08:17;58.40606,3732.482,3732.482;;;;
Trevor;22:04:44;20:08:17;56.84299,3731.172,3731.172;;;;
Trevor;22:04:44;20:08:18;53.24939,3729.687,3729.687;;;;
Trevor;22:04:45;20:08:18;49.99958,3728.356,3728.356;;;;
Trevor;22:04:45;20:08:19;46.88036,3727.108,3727.108;;;;
Trevor;22:04:46;20:08:19;43.8465,3725.757,3725.757;;;;
Trevor;22:04:46;20:08:20;40.81232,3724.037,3724.037;;;;
Trevor;22:04:47;20:08:20;39.40221,3722.913,3722.913;;;;
Trevor;22:04:47;20:08:21;39.02379,3721.372,3721.372;;;;
Trevor;22:04:48;20:08:21;38.99271,3720.806,3720.806;;;;
Trevor;22:04:48;20:08:22;38.94967,3720.176,3720.176;;onate the bombs before leaving the trailer park.;Cutscene;Cutscene
Trevor;22:04:49;20:08:23;37.4247,3718.32,3718.32;;;;
Trevor;22:04:49;20:08:23;34.51153,3719.52,3719.52;;;;
Trevor;22:04:50;20:08:24;32.49958,3718.026,3718.026;;;;
Trevor;22:04:50;20:08:24;31.35109,3714.696,3714.696;;;;
Trevor;22:04:51;20:08:25;30.9395,3711.239,3711.239;;;;
Trevor;22:04:52;20:08:25;30.66707,3707.906,3707.906;;;;
Trevor;22:04:52;20:08:26;30.64721,3704.547,3704.547;;;;
Trevor;22:04:53;20:08:26;30.638,3701.195,3701.195;;;;
Trevor;22:04:53;20:08:27;30.81112,3697.915,3697.915;;;;
Trevor;22:04:54;20:08:27;31.38966,3694.683,3694.683;;;;
Trevor;22:04:54;20:08:28;32.7511,3691.45,3691.45;;;;
Trevor;22:04:55;20:08:28;34.30028,3688.404,3688.404;;;;
Trevor;22:04:55;20:08:29;35.81483,3685.426,3685.426;;;;
Trevor;22:04:56;20:08:29;36.6973,3683.742,3683.742;;;;
Trevor;22:04:56;20:08:30;37.39188,3683.049,3683.049;;;;
Trevor;22:04:57;20:08:30;37.61686,3682.643,3682.643;;;;
Trevor;22:04:57;20:08:31;37.80384,3681.983,3681.983;;;;
Trevor;22:04:58;20:08:31;37.80823,3681.976,3681.976;;;;
Trevor;22:04:58;20:08:32;37.80908,3681.976,3681.976;;;;
Trevor;22:04:59;20:08:32;37.83652,3682.126,3682.126;;;;
Trevor;22:04:59;20:08:33;37.78244,3682.14,3682.14;;;;
Trevor;22:05:00;20:08:33;37.74288,3682.167,3682.167;;;;
Trevor;22:05:00;20:08:34;37.75374,3682.098,3682.098;;;;
Trevor;22:05:01;20:08:35;37.89642,3681.812,3681.812;;;;
Trevor;22:05:01;20:08:35;38.2866,3681.125,3681.125;;;;
Trevor;22:05:02;20:08:36;38.76884,3680.279,3680.279;;;;
Trevor;22:05:02;20:08:36;39.24144,3679.45,3679.45;;;;
Trevor;22:05:03;20:08:37;39.72412,3678.603,3678.603;;;;
Trevor;22:05:04;20:08:37;40.25068,3677.673,3677.673;;;;
Trevor;22:05:04;20:08:38;41.14582,3676.051,3676.051;;;;
Trevor;22:05:05;20:08:38;42.09389,3674.475,3674.475;;;;
Trevor;22:05:05;20:08:39;42.64187,3673.513,3673.513;;;;
Trevor;22:05:06;20:08:39;43.14629,3672.641,3672.641;;;;
Trevor;22:05:06;20:08:40;43.97232,3671.254,3671.254;;;;
Trevor;22:05:07;20:08:40;45.11345,3669.438,3669.438;;;;
Trevor;22:05:07;20:08:41;46.06926,3668.214,3668.214;;;;
Trevor;22:05:08;20:08:41;46.74118,3667.39,3667.39;;;;
Trevor;22:05:08;20:08:42;47.36522,3666.747,3666.747;;;;
Trevor;22:05:09;20:08:42;47.72721,3666.385,3666.385;;;;
Trevor;22:05:09;20:08:43;47.76371,3666.352,3666.352;;;;
Trevor;22:05:10;20:08:43;47.76371,3666.352,3666.352;;;;
Trevor;22:05:10;20:08:44;47.76371,3666.352,3666.352;;;;
Trevor;22:05:11;20:08:44;47.76371,3666.352,3666.352;;;;
Trevor;22:05:11;20:08:45;47.76371,3666.352,3666.352;;;;
Trevor;22:05:12;20:08:46;47.76371,3666.352,3666.352;;;;
Trevor;22:05:12;20:08:46;47.76371,3666.352,3666.352;;;;
Trevor;22:05:13;20:08:47;47.76371,3666.352,3666.352;;;;
Trevor;22:05:13;20:08:47;47.76371,3666.352,3666.352;;;;
Trevor;22:05:14;20:08:48;47.784,3666.333,3666.333;;;;
Trevor;22:05:15;20:08:48;48.32551,3665.831,3665.831;;;;
Trevor;22:05:15;20:08:49;49.06337,3664.985,3664.985;;;;
Trevor;22:05:16;20:08:49;50.29416,3663.246,3663.246;;;;
Trevor;22:05:16;20:08:50;51.87797,3660.518,3660.518;;;;
Trevor;22:05:17;20:08:50;53.40318,3657.479,3657.479;;;;
Trevor;22:05:17;20:08:51;54.81706,3654.432,3654.432;;;;
Trevor;22:05:18;20:08:51;56.21744,3651.427,3651.427;;;;
Trevor;22:05:18;20:08:52;57.65873,3648.443,3648.443;;;;
Trevor;22:05:19;20:08:52;58.95618,3645.41,3645.41;;;;
Trevor;22:05:19;20:08:53;60.005,3642.286,3642.286;;;;
Trevor;22:05:20;20:08:53;60.774,3639.039,3639.039;;;;
Trevor;22:05:20;20:08:54;61.16262,3635.692,3635.692;;;;
Trevor;22:05:21;20:08:54;60.97041,3632.248,3632.248;;;;
Trevor;22:05:21;20:08:55;60.20967,3628.823,3628.823;;;;
Trevor;22:05:22;20:08:55;59.66707,3625.555,3625.555;;;;
Trevor;22:05:22;20:08:56;59.38905,3622.245,3622.245;;;;
Trevor;22:05:23;20:08:56;59.13792,3618.923,3618.923;;;;
Trevor;22:05:23;20:08:57;58.66335,3615.643,3615.643;;;;
Trevor;22:05:24;20:08:58;58.2332,3612.334,3612.334;;;;
Trevor;22:05:24;20:08:58;58.01414,3609.007,3609.007;;;;
Trevor;22:05:25;20:08:59;57.7438,3605.732,3605.732;;;;
Trevor;22:05:26;20:08:59;57.70172,3605.127,3605.127;;;;
Trevor;22:05:26;20:09:00;58.70555,3605.662,3605.662;;;;
Trevor;22:05:27;20:09:00;59.13091,3605.347,3605.347;True,OffRoad,REBEL02,0,0;Whoo, now that that's over, let's get outta town. Los fricking Santos!;TREVOR;TRV3_DCAA
Trevor;22:05:27;20:09:01;59.13091,3605.347,3605.347;True,OffRoad,REBEL02,0,0;;;
Trevor;22:05:28;20:09:01;59.12614,3605.284,3605.284;True,OffRoad,REBEL02,0,5306525,-1;;;
Trevor;22:05:28;20:09:02;59.25677,3604.595,3604.595;True,OffRoad,REBEL02,2,233076,-1;;;
Trevor;22:05:29;20:09:02;59.53672,3602.86,3602.86;True,OffRoad,REBEL02,4,562162,-1;;;
Trevor;22:05:29;20:09:03;59.3744,3599.873,3599.873;True,OffRoad,REBEL02,6,008747,-1;;;
Trevor;22:05:30;20:09:03;57.78508,3596.765,3596.765;True,OffRoad,REBEL02,6,702464,0;;;
Trevor;22:05:30;20:09:04;55.41293,3594.969,3594.969;True,OffRoad,REBEL02,4,299842,1;;;
Trevor;22:05:31;20:09:04;54.11465,3593.977,3593.977;True,OffRoad,REBEL02,2,017959,1;;;
Trevor;22:05:31;20:09:05;53.77286,3593.381,3593.381;True,OffRoad,REBEL02,0,9772078,1;;;
Trevor;22:05:32;20:09:05;54.23653,3592.848,3592.848;True,OffRoad,REBEL02,2,054633,1;;;
Trevor;22:05:32;20:09:06;55.6813,3592.007,3592.007;True,OffRoad,REBEL02,4,297606,1;;;
Trevor;22:05:33;20:09:07;58.49117,3590.658,3590.658;True,OffRoad,REBEL02,7,467956,1;;;
Trevor;22:05:33;20:09:07;63.01087,3588.556,3588.556;True,OffRoad,REBEL02,10,27274,0;;;
Trevor;22:05:34;20:09:08;68.09528,3586.953,3586.953;True,OffRoad,REBEL02,10,89256,1;;;
Trevor;22:05:35;20:09:08;74.49741,3585.555,3585.555;True,OffRoad,REBEL02,13,27014,1;;;
Trevor;22:05:35;20:09:09;81.98293,3583.269,3583.269;True,OffRoad,REBEL02,15,29031,1;;;
Trevor;22:05:36;20:09:09;89.47778,3579.009,3579.009;True,OffRoad,REBEL02,17,07605,1;;;
Trevor;22:05:36;20:09:10;95.9381,3572.212,3572.212;True,OffRoad,REBEL02,18,62086,1;;;
Trevor;22:05:37;20:09:10;100.8475,3562.924,3562.924;True,OffRoad,REBEL02,20,03612,1;;;
Trevor;22:05:37;20:09:11;103.7455,3552.189,3552.189;True,OffRoad,REBEL02,21,34466,1;;;
Trevor;22:05:38;20:09:11;104.6007,3540.684,3540.684;True,OffRoad,REBEL02,20,75929,0;;;
Trevor;22:05:38;20:09:12;104.3243,3529.489,3529.489;True,OffRoad,REBEL02,21,70233,1;;;
Trevor;22:05:39;20:09:12;103.1963,3517.415,3517.415;True,OffRoad,REBEL02,22,93881,1;;;
Trevor;22:05:39;20:09:13;101.2133,3505.054,3505.054;True,OffRoad,REBEL02,24,30118,1;;;
Trevor;22:05:40;20:09:13;99.26971,3491.774,3491.774;True,OffRoad,REBEL02,25,63827,1;;;
Trevor;22:05:40;20:09:14;96.53345,3477.715,3477.715;True,OffRoad,REBEL02,27,66056,1;;;
Trevor;22:05:41;20:09:15;94.7951,3462.687,3462.687;True,OffRoad,REBEL02,28,23188,0;;;
Trevor;22:05:41;20:09:15;96.83912,3447.989,3447.989;True,OffRoad,REBEL02,27,33367,1;We don't have to think about the Lost no more. Let's go find my old buddy.;TREVOR;TRV3_GCAD
Trevor;22:05:42;20:09:16;102.3077,3434.806,3434.806;True,OffRoad,REBEL02,25,7066,0;;;
Trevor;22:05:43;20:09:16;110.0378,3424.329,3424.329;True,OffRoad,REBEL02,22,41416,0;;;
Trevor;22:05:43;20:09:17;111.6966,3420.88,3420.88;True,OffRoad,REBEL02,2,872231,0;;;
Trevor;22:05:44;20:09:17;110.3615,3420.503,3420.503;True,OffRoad,REBEL02,2,230693,0;;;
Trevor;22:05:44;20:09:18;109.9889,3420.696,3420.696;True,OffRoad,REBEL02,0,4592376,1;;;
Trevor;22:05:45;20:09:18;110.2281,3421.141,3421.141;True,OffRoad,REBEL02,1,572192,1;;;
Trevor;22:05:45;20:09:19;111.1537,3422.057,3422.057;True,OffRoad,REBEL02,3,404289,1;;;
Trevor;22:05:46;20:09:19;112.9377,3423.477,3423.477;True,OffRoad,REBEL02,5,052063,1;;;
Trevor;22:05:46;20:09:20;115.3939,3424.333,3424.333;True,OffRoad,REBEL02,5,410164,1;This Michael Townley guy must have pissed you off real bad, for you to want to find him so much.;WADE;TRV3_CKAA
Trevor;22:05:47;20:09:20;118.8803,3424.237,3424.237;True,OffRoad,REBEL02,7,746227,1;;;
Trevor;22:05:47;20:09:21;123.5462,3423.024,3423.024;True,OffRoad,REBEL02,10,57529,1;;;
Trevor;22:05:48;20:09:22;128.4521,3420.973,3420.973;True,OffRoad,REBEL02,9,812952,1;;;
Trevor;22:05:48;20:09:22;133.4741,3418.126,3418.126;True,OffRoad,REBEL02,11,97689,1;;;
Trevor;22:05:49;20:09:23;139.6958,3414.59,3414.59;True,OffRoad,REBEL02,14,74677,1;;;
Trevor;22:05:50;20:09:23;147.5585,3410.49,3410.49;True,OffRoad,REBEL02,18,78106,1;;;
Trevor;22:05:50;20:09:24;157.1436,3405.308,3405.308;True,OffRoad,REBEL02,21,74257,0;;;
Trevor;22:05:51;20:09:24;167.4731,3400.342,3400.342;True,OffRoad,REBEL02,21,00845,0;;;
Trevor;22:05:51;20:09:25;177.3665,3395.775,3395.775;True,OffRoad,REBEL02,20,96,1;;;
Trevor;22:05:52;20:09:25;187.3166,3390.745,3390.745;True,OffRoad,REBEL02,20,79641,1;;;
Trevor;22:05:52;20:09:26;196.857,3384.677,3384.677;True,OffRoad,REBEL02,21,94218,1;He didn't piss me off. The guys that killed him. The Federal government. They pissed me off.;TREVOR;TRV3_CKAB
Trevor;22:05:53;20:09:26;205.8692,3376.752,3376.752;True,OffRoad,REBEL02,22,99419,1;;;
Trevor;22:05:53;20:09:27;213.9101,3367.059,3367.059;True,OffRoad,REBEL02,24,05961,1;;;
Trevor;22:05:54;20:09:27;220.8843,3356.155,3356.155;True,OffRoad,REBEL02,23,15866,0;;;
Trevor;22:05:54;20:09:28;225.9834,3345.341,3345.341;True,OffRoad,REBEL02,21,85402,0;;;
Trevor;22:05:55;20:09:28;229.2146,3334.721,3334.721;True,OffRoad,REBEL02,19,68691,0;;;
Trevor;22:05:55;20:09:29;231.3106,3325.148,3325.148;True,OffRoad,REBEL02,17,77439,1;;;
Trevor;22:05:56;20:09:30;231.0427,3315.388,3315.388;True,OffRoad,REBEL02,19,03529,1;;;
Trevor;22:05:56;20:09:30;228.2564,3305.086,3305.086;True,OffRoad,REBEL02,20,37832,1;;;
Trevor;22:05:57;20:09:31;224.7349,3294.23,3294.23;True,OffRoad,REBEL02,21,63694,1;;;
Trevor;22:05:58;20:09:31;222.6612,3283.137,3283.137;True,OffRoad,REBEL02,20,5777,1;;;
Trevor;22:05:58;20:09:32;220.2283,3272.096,3272.096;True,OffRoad,REBEL02,21,82107,1;But, if he's dead, who's this...;WADE;TRV3_CKAC
Trevor;22:05:59;20:09:32;217.7776,3260.41,3260.41;True,OffRoad,REBEL02,23,09457,1;;;
Trevor;22:05:59;20:09:33;215.6485,3248.113,3248.113;True,OffRoad,REBEL02,23,56614,0;;;
Trevor;22:06:00;20:09:33;214.4645,3235.785,3235.785;True,OffRoad,REBEL02,23,7758,1;;;
Trevor;22:06:00;20:09:34;213.3464,3222.483,3222.483;True,OffRoad,REBEL02,25,26572,1;;;
Trevor;22:06:01;20:09:34;213.1765,3208.136,3208.136;True,OffRoad,REBEL02,27,03526,1;;;
Trevor;22:06:01;20:09:35;212.5504,3192.532,3192.532;True,OffRoad,REBEL02,30,07146,1;;;
Trevor;22:06:02;20:09:35;212.4249,3176.665,3176.665;True,OffRoad,REBEL02,29,06347,1;Now you're starting to grasp the pertinent questions.;TREVOR;TRV3_CKAD
Trevor;22:06:02;20:09:36;212.4129,3161.213,3161.213;True,OffRoad,REBEL02,27,44787,0;;;
Trevor;22:06:03;20:09:37;212.6091,3147.191,3147.191;True,OffRoad,REBEL02,25,34028,0;;;
Trevor;22:06:03;20:09:37;212.9257,3133.454,3133.454;True,OffRoad,REBEL02,25,80678,1;;;
Trevor;22:06:04;20:09:38;213.367,3119.265,3119.265;True,OffRoad,REBEL02,27,45727,1;;;
Trevor;22:06:05;20:09:38;214.6813,3104.544,3104.544;True,OffRoad,REBEL02,27,29994,1;Who is this guy using my dead friend's tired-ass movie quotes? With my dead friend's alias?;TREVOR;TRV3_CKAL
Trevor;22:06:05;20:09:39;216.8476,3089.656,3089.656;True,OffRoad,REBEL02,27,93362,0;;;
Trevor;22:06:06;20:09:39;218.5023,3075.231,3075.231;True,OffRoad,REBEL02,26,71423,1;;;
Trevor;22:06:06;20:09:40;219.3174,3060.883,3060.883;True,OffRoad,REBEL02,26,28709,0;;;
Trevor;22:06:07;20:09:40;219.372,3046.561,3046.561;True,OffRoad,REBEL02,26,94353,1;;;
Trevor;22:06:07;20:09:41;219.8174,3032.35,3032.35;True,OffRoad,REBEL02,25,8732,0;;;
Trevor;22:06:08;20:09:41;220.2906,3019.171,3019.171;True,OffRoad,REBEL02,23,74637,0;;;
Trevor;22:06:08;20:09:42;220.704,3006.975,3006.975;True,OffRoad,REBEL02,22,5088,1;;;
Trevor;22:06:09;20:09:42;220.1213,2995.112,2995.112;True,OffRoad,REBEL02,22,41246,1;;;
Trevor;22:06:09;20:09:43;217.2433,2983.59,2983.59;True,OffRoad,REBEL02,21,46068,1;;;
Trevor;22:06:10;20:09:44;211.7725,2972.744,2972.744;True,OffRoad,REBEL02,24,13195,1;And my dead friend's family? In a house that must have been paid for with my dead friend's stashed millions?;TREVOR;TRV3_CKAE
Trevor;22:06:10;20:09:44;206.3335,2960.484,2960.484;True,OffRoad,REBEL02,25,97098,1;;;
Trevor;22:06:11;20:09:45;199.1057,2948.102,2948.102;True,OffRoad,REBEL02,26,888,1;;;
Trevor;22:06:12;20:09:45;190.4568,2936.424,2936.424;True,OffRoad,REBEL02,27,61467,1;;;
Trevor;22:06:12;20:09:46;180.16,2925.092,2925.092;True,OffRoad,REBEL02,28,30784,1;;;
Trevor;22:06:13;20:09:46;169.0331,2914.699,2914.699;True,OffRoad,REBEL02,28,80318,1;;;
Trevor;22:06:13;20:09:47;157.5063,2904.085,2904.085;True,OffRoad,REBEL02,29,7516,1;;;
Trevor;22:06:14;20:09:47;145.5624,2893.316,2893.316;True,OffRoad,REBEL02,30,20015,1;;;
Trevor;22:06:14;20:09:48;132.7907,2883.401,2883.401;True,OffRoad,REBEL02,29,32133,0;;;
Trevor;22:06:15;20:09:48;119.9267,2875.603,2875.603;True,OffRoad,REBEL02,27,48209,1;;;
Trevor;22:06:15;20:09:49;106.3346,2869.571,2869.571;True,OffRoad,REBEL02,28,21344,1;;;
Trevor;22:06:16;20:09:49;92.08128,2863.556,2863.556;True,OffRoad,REBEL02,28,89107,1;Wow that's a real mind fuck.;WADE;TRV3_CKAF
Trevor;22:06:16;20:09:50;77.46834,2857.72,2857.72;True,OffRoad,REBEL02,29,40303,1;;;
Trevor;22:06:17;20:09:51;62.67728,2851.635,2851.635;True,OffRoad,REBEL02,30,10512,1;;;
Trevor;22:06:17;20:09:51;47.29257,2846.158,2846.158;True,OffRoad,REBEL02,29,30509,0;;;
Trevor;22:06:18;20:09:52;32.21749,2842.155,2842.155;True,OffRoad,REBEL02,29,08016,1;Yeah, I'll show you a fucking mind fuck. I'm gonna stick my boy in your eye, it's gonna come out your ear! Huh!;TREVOR;TRV3_CKAG
Trevor;22:06:19;20:09:52;16.9969,2838.614,2838.614;True,OffRoad,REBEL02,29,87038,1;;;
Trevor;22:06:19;20:09:53;1.843384,2835.422,2835.422;True,OffRoad,REBEL02,27,41559,0;;;
Trevor;22:06:20;20:09:53;-12.77015,2833.511,2833.511;True,OffRoad,REBEL02,26,14187,1;;;
Trevor;22:06:20;20:09:54;-27.2083,2831.782,2831.782;True,OffRoad,REBEL02,27,27083,0;;;
Trevor;22:06:21;20:09:54;-40.78941,2830.438,2830.438;True,OffRoad,REBEL02,25,35478,0;;;
Trevor;22:06:21;20:09:55;-52.86348,2830.127,2830.127;True,OffRoad,REBEL02,20,39983,0;;;
Trevor;22:06:22;20:09:55;-61.70712,2830.022,2830.022;True,OffRoad,REBEL02,14,74933,0;;;
Trevor;22:06:22;20:09:56;-69.13976,2829.935,2829.935;True,OffRoad,REBEL02,13,20868,0;;;
Trevor;22:06:23;20:09:56;-76.18163,2830.459,2830.459;True,OffRoad,REBEL02,14,53511,1;;;
Trevor;22:06:23;20:09:57;-84.21188,2832.392,2832.392;True,OffRoad,REBEL02,16,99255,1;;;
Trevor;22:06:24;20:09:57;-93.35388,2834.784,2834.784;True,OffRoad,REBEL02,19,29206,1;I-I-I didn't mean anything by that, T... Trevor.;WADE;TRV3_CKAH
Trevor;22:06:24;20:09:58;-103.499,2838.422,2838.422;True,OffRoad,REBEL02,21,46068,1;;;
Trevor;22:06:25;20:09:58;-113.9183,2842.344,2842.344;True,OffRoad,REBEL02,20,91496,1;;;
Trevor;22:06:25;20:09:59;-124.7045,2846.227,2846.227;True,OffRoad,REBEL02,22,40508,1;;;
Trevor;22:06:26;20:10:00;-135.9568,2851.382,2851.382;True,OffRoad,REBEL02,23,81965,1;;;
Trevor;22:06:26;20:10:00;-147.7464,2856.165,2856.165;True,OffRoad,REBEL02,25,27351,1;;;
Trevor;22:06:27;20:10:01;-160.3418,2860.981,2860.981;True,OffRoad,REBEL02,26,79951,1;;;
Trevor;22:06:27;20:10:01;-173.859,2866.436,2866.436;True,OffRoad,REBEL02,27,91761,1;;;
Trevor;22:06:28;20:10:02;-188.0034,2872.235,2872.235;True,OffRoad,REBEL02,29,55266,1;;;
Trevor;22:06:29;20:10:02;-202.2829,2877.18,2877.18;True,OffRoad,REBEL02,28,38022,0;Lube up your eye hole, fucker, 'cause I'm gonna fuck your tiny mind, eh.;TREVOR;TRV3_CKAI
Trevor;22:06:29;20:10:03;-216.1073,2881.332,2881.332;True,OffRoad,REBEL02,26,33814,0;;;
Trevor;22:06:30;20:10:03;-228.8975,2885.077,2885.077;True,OffRoad,REBEL02,22,94549,0;;;
Trevor;22:06:30;20:10:04;-240.1919,2888.387,2888.387;True,OffRoad,REBEL02,21,11444,1;;;
Trevor;22:06:31;20:10:04;-251.1179,2891.091,2891.091;True,OffRoad,REBEL02,20,56029,0;;;
Trevor;22:06:31;20:10:05;-261.617,2893.006,2893.006;True,OffRoad,REBEL02,19,76408,0;;;
Trevor;22:06:32;20:10:05;-271.709,2894.043,2894.043;True,OffRoad,REBEL02,19,26192,0;;;
Trevor;22:06:32;20:10:06;-281.5222,2895.441,2895.441;True,OffRoad,REBEL02,18,08436,0;;;
Trevor;22:06:33;20:10:06;-290.4984,2896.561,2896.561;True,OffRoad,REBEL02,16,69569,0;;;
Trevor;22:06:33;20:10:07;-298.9677,2896.521,2896.521;True,OffRoad,REBEL02,15,8789,0;I'm about ready to turn you into road kill.;TREVOR;TRV3_DDAA
Trevor;22:06:34;20:10:07;-306.9413,2896.077,2896.077;True,OffRoad,REBEL02,15,38276,1;;;
Trevor;22:06:34;20:10:08;-314.5012,2894.958,2894.958;True,OffRoad,REBEL02,13,4595,0;;;
Trevor;22:06:35;20:10:09;-321.3072,2893.406,2893.406;True,OffRoad,REBEL02,12,26424,0;;;
Trevor;22:06:35;20:10:09;-327.1568,2891.857,2891.857;True,OffRoad,REBEL02,12,07284,1;;;
Trevor;22:06:36;20:10:10;-332.8953,2890.3,2890.3;True,OffRoad,REBEL02,11,12096,1;Ach - please, don't turn me into anything. I just wanna be Wade.;WADE;TRV3_DDAB
Trevor;22:06:36;20:10:10;-338.227,2888.485,2888.485;True,OffRoad,REBEL02,10,96604,1;;;
Trevor;22:06:37;20:10:11;-344.3323,2886.514,2886.514;True,OffRoad,REBEL02,13,52835,1;;;
Trevor;22:06:38;20:10:11;-351.5903,2884.53,2884.53;True,OffRoad,REBEL02,14,13925,0;;;
Trevor;22:06:38;20:10:12;-358.2477,2882.762,2882.762;True,OffRoad,REBEL02,11,64221,0;;;
Trevor;22:06:39;20:10:12;-363.6938,2881.235,2881.235;True,OffRoad,REBEL02,10,15518,0;;;
Trevor;22:06:39;20:10:13;-368.7373,2879.622,2879.622;True,OffRoad,REBEL02,10,21153,1;;;
Trevor;22:06:40;20:10:13;-374.4872,2878.012,2878.012;True,OffRoad,REBEL02,12,84341,1;;;
Trevor;22:06:40;20:10:14;-381.2612,2876.195,2876.195;True,OffRoad,REBEL02,13,53369,1;;;
Trevor;22:06:41;20:10:14;-388.7326,2874.183,2874.183;True,OffRoad,REBEL02,16,16485,1;;;
Trevor;22:06:41;20:10:15;-397.4651,2871.234,2871.234;True,OffRoad,REBEL02,19,11015,1;;;
Trevor;22:06:42;20:10:15;-406.095,2867.682,2867.682;True,OffRoad,REBEL02,16,01926,0;;;
Trevor;22:06:42;20:10:16;-412.4266,2863.096,2863.096;True,OffRoad,REBEL02,14,70997,1;;;
Trevor;22:06:43;20:10:16;-416.0763,2856.362,2856.362;True,OffRoad,REBEL02,14,58725,0;;;
Trevor;22:06:43;20:10:17;-418.374,2848.602,2848.602;True,OffRoad,REBEL02,16,45126,1;;;
Trevor;22:06:44;20:10:17;-422.0651,2840.096,2840.096;True,OffRoad,REBEL02,18,04974,1;Are we nearly there yet?;WADE;TRV3_DIAA
Trevor;22:06:44;20:10:18;-427.3571,2831.377,2831.377;True,OffRoad,REBEL02,21,43977,1;;;
Trevor;22:06:45;20:10:18;-434.9095,2823.174,2823.174;True,OffRoad,REBEL02,20,56394,1;;;
Trevor;22:06:45;20:10:19;-442.7774,2815.774,2815.774;True,OffRoad,REBEL02,20,04562,0;;;
Trevor;22:06:46;20:10:20;-450.5895,2809.325,2809.325;True,OffRoad,REBEL02,17,98316,0;No, Wade.;TREVOR;TRV3_DIAB
Trevor;22:06:46;20:10:20;-457.921,2804.284,2804.284;True,OffRoad,REBEL02,16,18446,0;;;
Trevor;22:06:47;20:10:21;-465.141,2800.642,2800.642;True,OffRoad,REBEL02,15,32067,1;Are we nearly nearly there?;WADE;TRV3_DIAC
Trevor;22:06:47;20:10:21;-473.5013,2798.145,2798.145;True,OffRoad,REBEL02,17,37526,1;;;
Trevor;22:06:48;20:10:22;-482.6513,2794.531,2794.531;True,OffRoad,REBEL02,19,99095,1;;;
Trevor;22:06:49;20:10:22;-492.6921,2789.263,2789.263;True,OffRoad,REBEL02,20,78829,0;;;
Trevor;22:06:49;20:10:23;-502.106,2783.502,2783.502;True,OffRoad,REBEL02,21,88289,1;;;
Trevor;22:06:50;20:10:23;-512.1783,2776.657,2776.657;True,OffRoad,REBEL02,23,93675,1;You keep this up, you're not going to get there at all.;TREVOR;TRV3_DIAD
Trevor;22:06:50;20:10:24;-522.5228,2768.783,2768.783;True,OffRoad,REBEL02,25,07776,1;;;
Trevor;22:06:51;20:10:24;-532.8183,2759.922,2759.922;True,OffRoad,REBEL02,26,07505,1;;;
Trevor;22:06:51;20:10:25;-542.9662,2750.372,2750.372;True,OffRoad,REBEL02,27,23744,1;;;
Trevor;22:06:52;20:10:25;-553.2726,2740.135,2740.135;True,OffRoad,REBEL02,27,41373,0;;;
Trevor;22:06:52;20:10:26;-562.6061,2729.474,2729.474;True,OffRoad,REBEL02,26,81004,1;;;
Trevor;22:06:53;20:10:26;-570.6998,2717.676,2717.676;True,OffRoad,REBEL02,27,99662,1;Can you tell me a story?;WADE;TRV3_DIAE
Trevor;22:06:53;20:10:27;-577.3829,2704.872,2704.872;True,OffRoad,REBEL02,26,11338,0;;;
Trevor;22:06:54;20:10:27;-581.0396,2692.184,2692.184;True,OffRoad,REBEL02,24,45177,0;;;
Trevor;22:06:54;20:10:28;-582.0333,2679.888,2679.888;True,OffRoad,REBEL02,23,36975,0;No, Wade.;TREVOR;TRV3_DIAF
Trevor;22:06:55;20:10:28;-580.9711,2667.523,2667.523;True,OffRoad,REBEL02,23,99494,1;;;
Trevor;22:06:55;20:10:29;-579.029,2654.954,2654.954;True,OffRoad,REBEL02,24,98601,1;;;
Trevor;22:06:56;20:10:30;-575.7592,2641.595,2641.595;True,OffRoad,REBEL02,26,10572,1;Let's play a game then. You know Animal, Mineral, or Vegetable?;WADE;TRV3_DIAG
Trevor;22:06:56;20:10:30;-571.1646,2628.492,2628.492;True,OffRoad,REBEL02,27,0481,1;;;
Trevor;22:06:57;20:10:31;-566.2451,2614.551,2614.551;True,OffRoad,REBEL02,28,00771,1;;;
Trevor;22:06:57;20:10:31;-561.6223,2600.383,2600.383;True,OffRoad,REBEL02,28,6534,1;;;
Trevor;22:06:58;20:10:32;-556.2433,2586.131,2586.131;True,OffRoad,REBEL02,27,8695,0;;;
Trevor;22:06:59;20:10:32;-552.8492,2572.226,2572.226;True,OffRoad,REBEL02,27,13333,1;;;
Trevor;22:06:59;20:10:33;-551.5394,2557.917,2557.917;True,OffRoad,REBEL02,27,077,1;;;
Trevor;22:07:00;20:10:33;-552.7209,2544.387,2544.387;True,OffRoad,REBEL02,26,15608,1;;;
Trevor;22:07:00;20:10:34;-556.7264,2530.828,2530.828;True,OffRoad,REBEL02,27,5813,1;I'll go first. I'm nanotechnology.;WADE;TRV3_DIAH
Trevor;22:07:01;20:10:34;-562.5773,2517.039,2517.039;True,OffRoad,REBEL02,28,45265,1;;;
Trevor;22:07:01;20:10:35;-570.7947,2504.878,2504.878;True,OffRoad,REBEL02,27,52905,1;;;
Trevor;22:07:02;20:10:35;-580.5803,2494.51,2494.51;True,OffRoad,REBEL02,27,1189,0;;;
Trevor;22:07:02;20:10:36;-591.2949,2486.309,2486.309;True,OffRoad,REBEL02,26,03636,1;;;
Trevor;22:07:03;20:10:36;-603.3243,2479.813,2479.813;True,OffRoad,REBEL02,27,1141,1;Uh, you're what?;TREVOR;TRV3_DIBH
Trevor;22:07:03;20:10:37;-616.6321,2474.025,2474.025;True,OffRoad,REBEL02,28,0389,1;;;
Trevor;22:07:04;20:10:37;-630.3619,2468.532,2468.532;True,OffRoad,REBEL02,28,68671,1;;;
Trevor;22:07:04;20:10:38;-644.7281,2463.104,2463.104;True,OffRoad,REBEL02,29,20286,1;Oops. Damnit. I gave it away. I wasn't, I wasn't supposed to say what I am.;WADE;TRV3_DIAI
Trevor;22:07:05;20:10:38;-658.5901,2457.42,2457.42;True,OffRoad,REBEL02,28,45612,1;;;
Trevor;22:07:05;20:10:39;-671.6559,2451.352,2451.352;True,OffRoad,REBEL02,26,3808,0;;;
Trevor;22:07:06;20:10:40;-683.3765,2445.418,2445.418;True,OffRoad,REBEL02,23,92315,0;;;
Trevor;22:07:06;20:10:40;-693.7368,2439.306,2439.306;True,OffRoad,REBEL02,21,30545,0;;;
Trevor;22:07:07;20:10:41;-701.3469,2432.128,2432.128;True,OffRoad,REBEL02,18,6267,0;;;
Trevor;22:07:07;20:10:41;-707.4633,2425.467,2425.467;True,OffRoad,REBEL02,16,13341,0;;;
Trevor;22:07:08;20:10:42;-713.1703,2419.355,2419.355;True,OffRoad,REBEL02,16,28786,0;;;
Trevor;22:07:09;20:10:42;-717.2007,2412.107,2412.107;True,OffRoad,REBEL02,15,35239,0;;;
Trevor;22:07:09;20:10:43;-718.7134,2404.535,2404.535;True,OffRoad,REBEL02,14,36203,0;;;
Trevor;22:07:10;20:10:43;-718.2064,2396.654,2396.654;True,OffRoad,REBEL02,15,86611,1;;;
Trevor;22:07:10;20:10:44;-717.6719,2387.907,2387.907;True,OffRoad,REBEL02,17,70316,1;I'll start again. Animal, vegetable, or mineral...;WADE;TRV3_DIAJ
Trevor;22:07:11;20:10:44;-717.5569,2378.202,2378.202;True,OffRoad,REBEL02,19,28575,1;;;
Trevor;22:07:11;20:10:45;-718.6819,2367.878,2367.878;True,OffRoad,REBEL02,20,57948,1;;;
Trevor;22:07:12;20:10:45;-722.6613,2357.651,2357.651;True,OffRoad,REBEL02,21,64554,1;;;
Trevor;22:07:12;20:10:46;-729.2632,2348.812,2348.812;True,OffRoad,REBEL02,20,25537,1;;;
Trevor;22:07:13;20:10:46;-737.3165,2341.594,2341.594;True,OffRoad,REBEL02,21,42836,1;;;
Trevor;22:07:13;20:10:47;-746.1501,2334.133,2334.133;True,OffRoad,REBEL02,22,30885,1;Hey, hey, hey. How about this? I'll tell you a story if you promise never to speak again.;TREVOR;TRV3_DIAM
Trevor;22:07:14;20:10:47;-754.9653,2326.1,2326.1;True,OffRoad,REBEL02,23,0256,1;;;
Trevor;22:07:14;20:10:48;-764.7989,2318.63,2318.63;True,OffRoad,REBEL02,24,02637,1;;;
Trevor;22:07:15;20:10:48;-774.6732,2310.714,2310.714;True,OffRoad,REBEL02,24,86881,1;;;
Trevor;22:07:15;20:10:49;-783.8928,2301.333,2301.333;True,OffRoad,REBEL02,25,90757,1;;;
Trevor;22:07:16;20:10:50;-792.7132,2290.721,2290.721;True,OffRoad,REBEL02,26,83147,1;;;
Trevor;22:07:16;20:10:50;-800.5408,2279.327,2279.327;True,OffRoad,REBEL02,25,15927,0;;;
Trevor;22:07:17;20:10:51;-804.8093,2268.269,2268.269;True,OffRoad,REBEL02,20,46372,0;;;
Trevor;22:07:17;20:10:51;-806.0907,2258.483,2258.483;True,OffRoad,REBEL02,17,37141,0;;;
Trevor;22:07:18;20:10:52;-804.0662,2250.701,2250.701;True,OffRoad,REBEL02,15,38895,1;;;
Trevor;22:07:19;20:10:52;-799.3095,2243.75,2243.75;True,OffRoad,REBEL02,16,96514,1;I like stories.;WADE;TRV3_DIAN
Trevor;22:07:19;20:10:53;-793.9427,2236.048,2236.048;True,OffRoad,REBEL02,18,53778,1;;;
Trevor;22:07:20;20:10:53;-788.4865,2227.779,2227.779;True,OffRoad,REBEL02,19,71108,1;;;
Trevor;22:07:20;20:10:54;-781.7213,2219.397,2219.397;True,OffRoad,REBEL02,20,73489,1;;;
Trevor;22:07:21;20:10:54;-775.1863,2210.532,2210.532;True,OffRoad,REBEL02,21,49527,1;Of course you do. This story's about a boy called Tr...Tre... Trisha.;TREVOR;TRV3_DIAO
Trevor;22:07:21;20:10:55;-768.5602,2201.379,2201.379;True,OffRoad,REBEL02,21,24265,0;;;
Trevor;22:07:22;20:10:55;-762.6481,2192.763,2192.763;True,OffRoad,REBEL02,20,25758,1;;;
Trevor;22:07:22;20:10:56;-757.68,2183.344,2183.344;True,OffRoad,REBEL02,21,02437,1;;;
Trevor;22:07:23;20:10:56;-754.4123,2173.09,2173.09;True,OffRoad,REBEL02,20,20015,1;;;
Trevor;22:07:23;20:10:57;-753.6895,2162.914,2162.914;True,OffRoad,REBEL02,18,49775,0;;;
Trevor;22:07:24;20:10:57;-755.5384,2154.451,2154.451;True,OffRoad,REBEL02,15,61565,1;;;
Trevor;22:07:24;20:10:58;-759.9354,2147.199,2147.199;True,OffRoad,REBEL02,16,88566,1;;;
Trevor;22:07:25;20:10:58;-766.5873,2140.225,2140.225;True,OffRoad,REBEL02,19,5533,1;;;
Trevor;22:07:25;20:10:59;-775.1854,2133.809,2133.809;True,OffRoad,REBEL02,21,5232,1;;;
Trevor;22:07:26;20:11:00;-783.948,2127.215,2127.215;True,OffRoad,REBEL02,20,25843,1;Is Trisha a boy's name?;WADE;TRV3_DIAP
Trevor;22:07:26;20:11:00;-792.2634,2120.309,2120.309;True,OffRoad,REBEL02,20,65472,0;;;
Trevor;22:07:27;20:11:01;-799.4905,2113.409,2113.409;True,OffRoad,REBEL02,18,11197,0;It doesn't matter.;TREVOR;TRV3_DIAQ
Trevor;22:07:27;20:11:01;-805.9569,2106.749,2106.749;True,OffRoad,REBEL02,18,49918,1;;;
Trevor;22:07:28;20:11:02;-812.486,2099.431,2099.431;True,OffRoad,REBEL02,19,62828,1;;;
Trevor;22:07:29;20:11:02;-817.8882,2090.859,2090.859;True,OffRoad,REBEL02,19,18165,0;;;
Trevor;22:07:29;20:11:03;-822.4622,2081.675,2081.675;True,OffRoad,REBEL02,19,72473,1;Sounds weird.;WADE;TRV3_DIAT
Trevor;22:07:30;20:11:03;-825.5092,2071.697,2071.697;True,OffRoad,REBEL02,19,22439,1;;;
Trevor;22:07:30;20:11:04;-826.2711,2061.486,2061.486;True,OffRoad,REBEL02,20,31543,1;He was weird. He was the smartest, toughest, weirdest kid in Canada. Well,;TREVOR;TRV3_DIAU
Trevor;22:07:31;20:11:04;-826.5336,2050.621,2050.621;True,OffRoad,REBEL02,21,12276,1;;;
Trevor;22:07:31;20:11:05;-824.1373,2039.763,2039.763;True,OffRoad,REBEL02,21,17382,1;;;
Trevor;22:07:32;20:11:05;-818.9274,2029.826,2029.826;True,OffRoad,REBEL02,21,6037,1;;;
Trevor;22:07:32;20:11:06;-811.3337,2021.454,2021.454;True,OffRoad,REBEL02,21,2226,0;;;
Trevor;22:07:33;20:11:06;-803.2269,2014.389,2014.389;True,OffRoad,REBEL02,20,6193,1;;;
Trevor;22:07:33;20:11:07;-794.3631,2007.813,2007.813;True,OffRoad,REBEL02,21,3611,1;;;
Trevor;22:07:34;20:11:07;-784.5698,2001.832,2001.832;True,OffRoad,REBEL02,22,20153,1;;;
Trevor;22:07:34;20:11:08;-774.3031,1996.163,1996.163;True,OffRoad,REBEL02,22,92399,1;;;
Trevor;22:07:35;20:11:08;-763.8889,1990.025,1990.025;True,OffRoad,REBEL02,23,52322,1;in the Canadian border region of America.;TREVOR;TRV3_DIAV
Trevor;22:07:35;20:11:09;-753.3657,1983.441,1983.441;True,OffRoad,REBEL02,24,04655,1;;;
Trevor;22:07:36;20:11:10;-742.2828,1977.338,1977.338;True,OffRoad,REBEL02,24,53501,1;;;
Trevor;22:07:36;20:11:10;-731.1304,1970.878,1970.878;True,OffRoad,REBEL02,25,3643,1;;;
Trevor;22:07:37;20:11:11;-719.8216,1963.708,1963.708;True,OffRoad,REBEL02,25,85669,1;;;
Trevor;22:07:37;20:11:11;-708.9424,1955.917,1955.917;True,OffRoad,REBEL02,26,20019,1;Okay.;TREVOR;TRV3_DIAX
Trevor;22:07:38;20:11:12;-699.6643,1946.178,1946.178;True,OffRoad,REBEL02,25,06806,0;This boy, he had all the talent, charisma, and guile that a boy could have,;TREVOR;TRV3_DIAX
Trevor;22:07:39;20:11:12;-693.4767,1935.364,1935.364;True,OffRoad,REBEL02,23,22836,0;;;
Trevor;22:07:39;20:11:13;-690.6768,1924.707,1924.707;True,OffRoad,REBEL02,20,2639,0;;;
Trevor;22:07:40;20:11:13;-690.9653,1915.235,1915.235;True,OffRoad,REBEL02,17,04839,1;;;
Trevor;22:07:40;20:11:14;-694.4888,1907.334,1907.334;True,OffRoad,REBEL02,17,31491,1;;;
Trevor;22:07:41;20:11:14;-700.22,1899.773,1899.773;True,OffRoad,REBEL02,19,79728,1;;;
Trevor;22:07:41;20:11:15;-707.3264,1891.781,1891.781;True,OffRoad,REBEL02,20,84547,0;;;
Trevor;22:07:42;20:11:15;-715.6642,1885.006,1885.006;True,OffRoad,REBEL02,20,79183,1;;;
Trevor;22:07:42;20:11:16;-724.3231,1878.157,1878.157;True,OffRoad,REBEL02,21,85289,1;;;
Trevor;22:07:43;20:11:16;-733.1127,1871.993,1871.993;True,OffRoad,REBEL02,20,37758,1;;;
Trevor;22:07:43;20:11:17;-742.3826,1866.124,1866.124;True,OffRoad,REBEL02,21,38958,1;;;
Trevor;22:07:44;20:11:17;-752.3448,1860.575,1860.575;True,OffRoad,REBEL02,22,3662,1;but he didn't know what to do with it.;TREVOR;TRV3_DIBI
Trevor;22:07:44;20:11:18;-763.0936,1855.085,1855.085;True,OffRoad,REBEL02,23,35522,1;;;
Trevor;22:07:45;20:11:18;-773.2827,1849.329,1849.329;True,OffRoad,REBEL02,21,31333,0;;;
Trevor;22:07:45;20:11:19;-781.4899,1843.762,1843.762;True,OffRoad,REBEL02,16,07098,0;;;
Trevor;22:07:46;20:11:19;-787.735,1839.374,1839.374;True,OffRoad,REBEL02,13,5256,0;He should become a baseball player.;WADE;TRV3_DIAY
Trevor;22:07:46;20:11:20;-792.3812,1835.224,1835.224;True,OffRoad,REBEL02,11,01499,1;;;
Trevor;22:07:47;20:11:21;-796.5589,1830.732,1830.732;True,OffRoad,REBEL02,13,08038,1;;;
Trevor;22:07:47;20:11:21;-802.2095,1825.495,1825.495;True,OffRoad,REBEL02,17,0785,1;No he shouldn't, because he's not a fucking sell out idiot.;TREVOR;TRV3_DIAZ
Trevor;22:07:48;20:11:22;-809.822,1819.282,1819.282;True,OffRoad,REBEL02,19,65414,1;;;
Trevor;22:07:48;20:11:22;-817.9261,1812.049,1812.049;True,OffRoad,REBEL02,21,68567,1;;;
Trevor;22:07:49;20:11:23;-825.9832,1804.783,1804.783;True,OffRoad,REBEL02,20,11349,1;;;
Trevor;22:07:50;20:11:23;-834.4366,1797.997,1797.997;True,OffRoad,REBEL02,22,05619,1;;;
Trevor;22:07:50;20:11:24;-843.8735,1790.769,1790.769;True,OffRoad,REBEL02,23,72719,1;;;
Trevor;22:07:51;20:11:24;-853.5236,1782.983,1782.983;True,OffRoad,REBEL02,24,43674,1;;;
Trevor;22:07:51;20:11:25;-863.3159,1774.637,1774.637;True,OffRoad,REBEL02,24,97671,1;;;
Trevor;22:07:52;20:11:25;-872.9664,1765.468,1765.468;True,OffRoad,REBEL02,25,59857,1;Or a hockey player.;WADE;TRV3_DIBA
Trevor;22:07:52;20:11:26;-882.3965,1755.859,1755.859;True,OffRoad,REBEL02,25,98262,1;;;
Trevor;22:07:53;20:11:26;-890.4122,1744.942,1744.942;True,OffRoad,REBEL02,26,86421,1;He did for a while but his coach accidentally had a stick jammed up his ass.;TREVOR;TRV3_DIBB
Trevor;22:07:53;20:11:27;-897.0016,1733.205,1733.205;True,OffRoad,REBEL02,24,69761,0;;;
Trevor;22:07:54;20:11:27;-900.9594,1721.802,1721.802;True,OffRoad,REBEL02,21,68048,0;;;
Trevor;22:07:54;20:11:28;-901.8601,1711.345,1711.345;True,OffRoad,REBEL02,18,70902,0;;;
Trevor;22:07:55;20:11:28;-900.1468,1702.745,1702.745;True,OffRoad,REBEL02,15,67075,0;;;
Trevor;22:07:55;20:11:29;-896.0483,1696.121,1696.121;True,OffRoad,REBEL02,15,46583,1;;;
Trevor;22:07:56;20:11:29;-890.7138,1689.428,1689.428;True,OffRoad,REBEL02,16,98246,1;;;
Trevor;22:07:56;20:11:30;-883.8403,1683.443,1683.443;True,OffRoad,REBEL02,18,13194,1;;;
Trevor;22:07:57;20:11:30;-875.1111,1679.042,1679.042;True,OffRoad,REBEL02,19,31328,1;;;
Trevor;22:07:57;20:11:31;-865.3494,1675.911,1675.911;True,OffRoad,REBEL02,20,44731,1;;;
Trevor;22:07:58;20:11:32;-854.8776,1673.183,1673.183;True,OffRoad,REBEL02,21,20483,1;What could he do?;WADE;TRV3_DIBC
Trevor;22:07:58;20:11:32;-843.5757,1671.32,1671.32;True,OffRoad,REBEL02,21,2818,0;;;
Trevor;22:07:59;20:11:33;-833.0922,1669.321,1669.321;True,OffRoad,REBEL02,20,86661,1;;;
Trevor;22:07:59;20:11:33;-822.2186,1667.636,1667.636;True,OffRoad,REBEL02,21,60729,1;I'll tell you in a second, okay? Just let me concentrate on the road.;TREVOR;TRV3_DIBD
Trevor;22:08:00;20:11:34;-811.58,1666.126,1666.126;True,OffRoad,REBEL02,19,43208,1;;;
Trevor;22:08:01;20:11:34;-801.5727,1663.811,1663.811;True,OffRoad,REBEL02,19,87067,1;;;
Trevor;22:08:01;20:11:35;-791.8616,1659.429,1659.429;True,OffRoad,REBEL02,20,58028,1;;;
Trevor;22:08:02;20:11:35;-782.9143,1653.133,1653.133;True,OffRoad,REBEL02,21,45684,1;;;
Trevor;22:08:02;20:11:36;-775.3332,1644.643,1644.643;True,OffRoad,REBEL02,22,49162,1;;;
Trevor;22:08:03;20:11:36;-769.5279,1634.195,1634.195;True,OffRoad,REBEL02,23,8505,1;;;
Trevor;22:08:03;20:11:37;-765.9295,1622.166,1622.166;True,OffRoad,REBEL02,24,35347,1;;;
Trevor;22:08:04;20:11:37;-764.311,1609.356,1609.356;True,OffRoad,REBEL02,24,95817,1;But, Trevor!;WADE;TRV3_DIBE
Trevor;22:08:04;20:11:38;-764.1627,1596.248,1596.248;True,OffRoad,REBEL02,26,23932,1;;;
Trevor;22:08:05;20:11:38;-765.3306,1582.287,1582.287;True,OffRoad,REBEL02,28,0855,1;Hey!;TREVOR;TRV3_DIBF
Trevor;22:08:05;20:11:39;-768.3254,1567.881,1567.881;True,OffRoad,REBEL02,28,56991,1;;;
Trevor;22:08:06;20:11:39;-772.9473,1553.906,1553.906;True,OffRoad,REBEL02,28,55016,1;Awww.;WADE;TRV3_DIBG
Trevor;22:08:06;20:11:40;-778.5833,1540.288,1540.288;True,OffRoad,REBEL02,28,56348,1;;;
Trevor;22:08:07;20:11:40;-785.1962,1527.229,1527.229;True,OffRoad,REBEL02,28,43132,1;;;
Trevor;22:08:07;20:11:41;-791.5894,1514.059,1514.059;True,OffRoad,REBEL02,28,57845,1;;;
Trevor;22:08:08;20:11:41;-796.6366,1500.094,1500.094;True,OffRoad,REBEL02,28,71245,1;;;
Trevor;22:08:08;20:11:42;-799.7041,1485.68,1485.68;True,OffRoad,REBEL02,28,54037,1;;;
Trevor;22:08:09;20:11:43;-802.4803,1471.453,1471.453;True,OffRoad,REBEL02,28,37144,1;;;
Trevor;22:08:09;20:11:43;-804.8214,1457.105,1457.105;True,OffRoad,REBEL02,28,20305,1;;;
Trevor;22:08:10;20:11:44;-806.3993,1442.765,1442.765;True,OffRoad,REBEL02,28,04561,1;;;
Trevor;22:08:10;20:11:44;-808.0537,1428.096,1428.096;True,OffRoad,REBEL02,27,97878,1;;;
Trevor;22:08:11;20:11:45;-809.1883,1413.749,1413.749;True,OffRoad,REBEL02,27,96633,1;;;
Trevor;22:08:12;20:11:45;-809.5749,1399.38,1399.38;True,OffRoad,REBEL02,28,08386,1;;;
Trevor;22:08:12;20:11:46;-809.9434,1384.734,1384.734;True,OffRoad,REBEL02,28,35523,1;;;
Trevor;22:08:13;20:11:46;-810.6753,1370.166,1370.166;True,OffRoad,REBEL02,28,42062,1;;;
Trevor;22:08:13;20:11:47;-810.6901,1355.252,1355.252;True,OffRoad,REBEL02,28,79132,1;;;
Trevor;22:08:14;20:11:47;-809.7551,1340.337,1340.337;True,OffRoad,REBEL02,27,28261,0;;;
Trevor;22:08:14;20:11:48;-807.3647,1326.835,1326.835;True,OffRoad,REBEL02,25,35094,0;;;
Trevor;22:08:15;20:11:48;-804.0933,1315.658,1315.658;True,OffRoad,REBEL02,19,12848,0;;;
Trevor;22:08:15;20:11:49;-800.4866,1306.556,1306.556;True,OffRoad,REBEL02,18,89719,1;;;
Trevor;22:08:16;20:11:49;-796.6179,1297.644,1297.644;True,OffRoad,REBEL02,17,8552,0;;;
Trevor;22:08:16;20:11:50;-793.1044,1289.497,1289.497;True,OffRoad,REBEL02,15,72175,0;;;
Trevor;22:08:17;20:11:50;-790.0062,1282.317,1282.317;True,OffRoad,REBEL02,13,61838,0;;;
Trevor;22:08:17;20:11:51;-787.5313,1276.274,1276.274;True,OffRoad,REBEL02,11,44365,0;;;
Trevor;22:08:18;20:11:51;-785.8573,1270.313,1270.313;True,OffRoad,REBEL02,12,59678,1;;;
Trevor;22:08:18;20:11:52;-784.3022,1263.714,1263.714;True,OffRoad,REBEL02,12,87837,1;;;
Trevor;22:08:19;20:11:53;-782.7387,1257.034,1257.034;True,OffRoad,REBEL02,12,29683,0;;;
Trevor;22:08:19;20:11:53;-781.5743,1250.822,1250.822;True,OffRoad,REBEL02,11,41792,0;;;
Trevor;22:08:20;20:11:54;-780.9464,1244.932,1244.932;True,OffRoad,REBEL02,11,95333,1;;;
Trevor;22:08:20;20:11:54;-780.2127,1238.82,1238.82;True,OffRoad,REBEL02,11,54,1;;;
Trevor;22:08:21;20:11:55;-778.6031,1232.521,1232.521;True,OffRoad,REBEL02,13,48062,1;;;
Trevor;22:08:22;20:11:55;-776.2627,1225.179,1225.179;True,OffRoad,REBEL02,15,43431,1;;;
Trevor;22:08:22;20:11:56;-773.8453,1217.023,1217.023;True,OffRoad,REBEL02,17,30163,1;;;
Trevor;22:08:23;20:11:56;-771.4045,1207.868,1207.868;True,OffRoad,REBEL02,19,15643,1;;;
Trevor;22:08:23;20:11:57;-768.7106,1197.605,1197.605;True,OffRoad,REBEL02,20,78467,1;;;
Trevor;22:08:24;20:11:57;-765.8917,1187.358,1187.358;True,OffRoad,REBEL02,19,55205,1;;;
Trevor;22:08:24;20:11:58;-761.7659,1177.642,1177.642;True,OffRoad,REBEL02,20,82031,1;;;
Trevor;22:08:25;20:11:58;-755.2432,1168.345,1168.345;True,OffRoad,REBEL02,21,3139,0;;;
Trevor;22:08:25;20:11:59;-748.3047,1159.573,1159.573;True,OffRoad,REBEL02,21,67833,1;;;
Trevor;22:08:26;20:11:59;-740.0344,1150.775,1150.775;True,OffRoad,REBEL02,23,32292,1;;;
Trevor;22:08:26;20:12:00;-731.0375,1141.892,1141.892;True,OffRoad,REBEL02,23,75173,0;;;
Trevor;22:08:27;20:12:00;-723.1897,1132.835,1132.835;True,OffRoad,REBEL02,22,20596,0;;;
Trevor;22:08:27;20:12:01;-717.5881,1123.093,1123.093;True,OffRoad,REBEL02,20,64103,0;;;
Trevor;22:08:28;20:12:01;-713.5208,1113.351,1113.351;True,OffRoad,REBEL02,19,80206,0;;;
Trevor;22:08:28;20:12:02;-711.4666,1103.714,1103.714;True,OffRoad,REBEL02,18,90436,0;That's it. That giant sprawl. Los Santos.;TREVOR;TRV3_GEAA
Trevor;22:08:29;20:12:03;-711.149,1093.713,1093.713;True,OffRoad,REBEL02,20,57173,1;;;
Trevor;22:08:29;20:12:03;-712.0366,1082.615,1082.615;True,OffRoad,REBEL02,21,37876,0;;;
Trevor;22:08:30;20:12:04;-714.0481,1071.494,1071.494;True,OffRoad,REBEL02,23,26485,1;;;
Trevor;22:08:30;20:12:04;-717.3967,1059.544,1059.544;True,OffRoad,REBEL02,24,81774,0;;;
Trevor;22:08:31;20:12:05;-720.8273,1047.648,1047.648;True,OffRoad,REBEL02,23,82805,0;;;
Trevor;22:08:32;20:12:05;-724.0564,1036.2,1036.2;True,OffRoad,REBEL02,22,7753,0;;;
Trevor;22:08:32;20:12:06;-726.1829,1024.973,1024.973;True,OffRoad,REBEL02,21,61036,0;;;
Trevor;22:08:33;20:12:06;-726.7206,1014.45,1014.45;True,OffRoad,REBEL02,17,84099,0;;;
Trevor;22:08:33;20:12:07;-726.7182,1005.764,1005.764;True,OffRoad,REBEL02,13,37602,0;;;
Trevor;22:08:34;20:12:07;-726.6797,1000.984,1000.984;True,OffRoad,REBEL02,5,682814,0;;;
Trevor;22:08:34;20:12:08;-726.6528,998.1909,998.1909;True,OffRoad,REBEL02,5,887197,1;This is the place! I seen it on the holiday card.;WADE;TRV3_GKAA
Trevor;22:08:35;20:12:08;-726.9111,994.3583,994.3583;True,OffRoad,REBEL02,8,765351,1;;;
Trevor;22:08:35;20:12:09;-728.5645,989.3365,989.3365;True,OffRoad,REBEL02,11,68875,1;;;
Trevor;22:08:36;20:12:09;-732.4247,985.228,985.228;True,OffRoad,REBEL02,10,17661,1;;;
Trevor;22:08:36;20:12:10;-737.4821,983.7067,983.7067;True,OffRoad,REBEL02,9,693198,1;;;
Trevor;22:08:37;20:12:10;-742.8984,982.6311,982.6311;True,OffRoad,REBEL02,11,76015,1;;;
Trevor;22:08:37;20:12:11;-749.3564,980.8905,980.8905;True,OffRoad,REBEL02,13,90864,1;;;
Trevor;22:08:38;20:12:11;-756.7844,978.3224,978.3224;True,OffRoad,REBEL02,16,47545,1;;;
Trevor;22:08:38;20:12:12;-765.4605,975.2332,975.2332;True,OffRoad,REBEL02,18,75215,1;;;
Trevor;22:08:39;20:12:12;-775.2489,971.84,971.84;True,OffRoad,REBEL02,20,87383,1;;;
Trevor;22:08:39;20:12:13;-785.8095,968.2787,968.2787;True,OffRoad,REBEL02,21,01127,0;So, this is Los Santos?;WADE;TRV3_DGAA
Trevor;22:08:40;20:12:13;-796.0262,965.6488,965.6488;True,OffRoad,REBEL02,19,16556,0;;;
Trevor;22:08:40;20:12:14;-805.387,963.8273,963.8273;True,OffRoad,REBEL02,18,47661,1;;;
Trevor;22:08:41;20:12:15;-815.2302,962.2993,962.2993;True,OffRoad,REBEL02,19,42381,0;;;
Trevor;22:08:41;20:12:15;-824.8364,962.4821,962.4821;True,OffRoad,REBEL02,17,74639,0;;;
Trevor;22:08:42;20:12:16;-833.6672,963.834,963.834;True,OffRoad,REBEL02,16,80202,1;I guess it is.;TREVOR;TRV3_DGAB
Trevor;22:08:42;20:12:16;-842.8558,965.6584,965.6584;True,OffRoad,REBEL02,18,39288,0;;;
Trevor;22:08:43;20:12:17;-851.7217,969.0842,969.0842;True,OffRoad,REBEL02,17,76284,0;;;
Trevor;22:08:44;20:12:17;-858.7056,975.1843,975.1843;True,OffRoad,REBEL02,19,32714,1;;;
Trevor;22:08:44;20:12:18;-865.0219,983.8804,983.8804;True,OffRoad,REBEL02,21,78627,1;I always wanted to come here.;WADE;TRV3_DGAC
Trevor;22:08:45;20:12:18;-870.9929,993.2528,993.2528;True,OffRoad,REBEL02,21,83484,1;;;
Trevor;22:08:45;20:12:19;-877.2484,1003.503,1003.503;True,OffRoad,REBEL02,23,93332,1;;;
Trevor;22:08:46;20:12:19;-882.1766,1015.156,1015.156;True,OffRoad,REBEL02,24,87146,1;;;
Trevor;22:08:46;20:12:20;-887.058,1027.701,1027.701;True,OffRoad,REBEL02,26,99431,1;But you got stuck in the desert?;TREVOR;TRV3_DGAD
Trevor;22:08:47;20:12:20;-891.7432,1041.65,1041.65;True,OffRoad,REBEL02,29,23324,1;;;
Trevor;22:08:47;20:12:21;-895.9456,1056.461,1056.461;True,OffRoad,REBEL02,30,26772,0;;;
Trevor;22:08:48;20:12:21;-899.5662,1071.267,1071.267;True,OffRoad,REBEL02,28,52389,0;;;
Trevor;22:08:48;20:12:22;-902.879,1085,1085;True,OffRoad,REBEL02,24,81672,0;It's still San Andreas.;WADE;TRV3_DGAE
Trevor;22:08:49;20:12:22;-905.8123,1097.187,1097.187;True,OffRoad,REBEL02,23,08472,0;;;
Trevor;22:08:49;20:12:23;-908.5854,1108.727,1108.727;True,OffRoad,REBEL02,21,30914,0;;;
Trevor;22:08:50;20:12:23;-911.1304,1119.307,1119.307;True,OffRoad,REBEL02,19,5516,0;Best part of the state.;TREVOR;TRV3_DGAF
Trevor;22:08:50;20:12:24;-913.3019,1128.29,1128.29;True,OffRoad,REBEL02,15,46682,0;;;
Trevor;22:08:51;20:12:24;-915.8868,1135.412,1135.412;True,OffRoad,REBEL02,13,61995,0;;;
Trevor;22:08:51;20:12:25;-919.7117,1141.931,1141.931;True,OffRoad,REBEL02,15,68634,1;;;
Trevor;22:08:52;20:12:26;-925.3744,1148.766,1148.766;True,OffRoad,REBEL02,17,26514,1;;;
Trevor;22:08:52;20:12:26;-933.2173,1154.602,1154.602;True,OffRoad,REBEL02,19,09014,1;;;
Trevor;22:08:53;20:12:27;-941.1578,1160.833,1160.833;True,OffRoad,REBEL02,19,37284,0;;;
Trevor;22:08:53;20:12:27;-948.9871,1166.45,1166.45;True,OffRoad,REBEL02,17,30319,0;;;
Trevor;22:08:54;20:12:28;-957.273,1170.146,1170.146;True,OffRoad,REBEL02,17,82347,1;;;
Trevor;22:08:55;20:12:28;-966.4206,1173.048,1173.048;True,OffRoad,REBEL02,17,5167,0;;;
Trevor;22:08:55;20:12:29;-974.7057,1175.386,1175.386;True,OffRoad,REBEL02,15,70762,0;;;
Trevor;22:08:56;20:12:29;-982.3442,1176.83,1176.83;True,OffRoad,REBEL02,14,00563,0;;;
Trevor;22:08:56;20:12:30;-989.1942,1177.934,1177.934;True,OffRoad,REBEL02,12,33797,0;;;
Trevor;22:08:57;20:12:30;-995.2585,1178.91,1178.91;True,OffRoad,REBEL02,10,67559,0;;;
Trevor;22:08:57;20:12:31;-1000.354,1179.731,1179.731;True,OffRoad,REBEL02,9,063663,0;;;
Trevor;22:08:58;20:12:31;-1004.678,1180.425,1180.425;True,OffRoad,REBEL02,7,4485,0;;;
Trevor;22:08:58;20:12:32;-1008.895,1181.104,1181.104;True,OffRoad,REBEL02,9,786262,1;;;
Trevor;22:08:59;20:12:32;-1014.276,1181.647,1181.647;True,OffRoad,REBEL02,9,505199,0;;;
Trevor;22:08:59;20:12:33;-1018.849,1181.93,1181.93;True,OffRoad,REBEL02,8,428818,1;;;
Trevor;22:09:00;20:12:33;-1023.925,1182.119,1182.119;True,OffRoad,REBEL02,10,24984,0;;;
Trevor;22:09:00;20:12:34;-1029.278,1181.736,1181.736;True,OffRoad,REBEL02,10,81823,1;;;
Trevor;22:09:01;20:12:35;-1035.591,1181.047,1181.047;True,OffRoad,REBEL02,13,03482,1;;;
Trevor;22:09:01;20:12:35;-1042.849,1179.75,1179.75;True,OffRoad,REBEL02,15,30819,1;;;
Trevor;22:09:02;20:12:36;-1051.312,1177.857,1177.857;True,OffRoad,REBEL02,17,56787,1;;;
Trevor;22:09:02;20:12:36;-1060.854,1175.478,1175.478;True,OffRoad,REBEL02,19,5718,1;;;
Trevor;22:09:03;20:12:37;-1070.476,1171.7,1171.7;True,OffRoad,REBEL02,19,48192,0;;;
Trevor;22:09:04;20:12:37;-1079.61,1167.001,1167.001;True,OffRoad,REBEL02,18,988,0;;;
Trevor;22:09:04;20:12:38;-1088.407,1161.751,1161.751;True,OffRoad,REBEL02,18,79175,0;;;
Trevor;22:09:05;20:12:38;-1096.195,1155.828,1155.828;True,OffRoad,REBEL02,18,51799,1;;;
Trevor;22:09:05;20:12:39;-1104.409,1149.691,1149.691;True,OffRoad,REBEL02,20,58763,1;;;
Trevor;22:09:06;20:12:39;-1112.93,1142.397,1142.397;True,OffRoad,REBEL02,21,37486,0;;;
Trevor;22:09:06;20:12:40;-1119.87,1134.216,1134.216;True,OffRoad,REBEL02,19,73684,1;;;
Trevor;22:09:07;20:12:40;-1125.636,1125.222,1125.222;True,OffRoad,REBEL02,20,7189,0;;;
Trevor;22:09:07;20:12:41;-1130.106,1115.768,1115.768;True,OffRoad,REBEL02,20,07544,1;;;
Trevor;22:09:08;20:12:41;-1133.832,1105.48,1105.48;True,OffRoad,REBEL02,21,56296,1;;;
Trevor;22:09:08;20:12:42;-1137.149,1094.925,1094.925;True,OffRoad,REBEL02,21,18579,1;;;
Trevor;22:09:09;20:12:42;-1140.055,1084.523,1084.523;True,OffRoad,REBEL02,19,98553,0;;;
Trevor;22:09:09;20:12:43;-1142.581,1074.392,1074.392;True,OffRoad,REBEL02,19,32683,0;;;
Trevor;22:09:10;20:12:43;-1144.89,1065.076,1065.076;True,OffRoad,REBEL02,16,05879,0;;;
Trevor;22:09:10;20:12:44;-1146.895,1056.99,1056.99;True,OffRoad,REBEL02,16,16682,1;;;
Trevor;22:09:11;20:12:45;-1148.745,1048.404,1048.404;True,OffRoad,REBEL02,16,52582,0;;;
Trevor;22:09:11;20:12:45;-1150.258,1039.125,1039.125;True,OffRoad,REBEL02,18,83926,0;;;
Trevor;22:09:12;20:12:46;-1152.059,1029.49,1029.49;True,OffRoad,REBEL02,18,26248,0;;;
Trevor;22:09:12;20:12:46;-1153.329,1020.399,1020.399;True,OffRoad,REBEL02,16,85891,0;;;
Trevor;22:09:13;20:12:47;-1154.301,1011.995,1011.995;True,OffRoad,REBEL02,15,53812,0;;;
Trevor;22:09:14;20:12:47;-1155.218,1004.059,1004.059;True,OffRoad,REBEL02,15,28808,0;;;
Trevor;22:09:14;20:12:48;-1156.111,996.3335,996.3335;True,OffRoad,REBEL02,15,65024,1;;;
Trevor;22:09:15;20:12:48;-1157.05,988.2589,988.2589;True,OffRoad,REBEL02,16,57973,1;;;
Trevor;22:09:15;20:12:49;-1158.101,979.6125,979.6125;True,OffRoad,REBEL02,17,00605,1;;;
Trevor;22:09:16;20:12:49;-1160.267,971.2968,971.2968;True,OffRoad,REBEL02,16,0559,0;;;
Trevor;22:09:16;20:12:50;-1163.707,963.8442,963.8442;True,OffRoad,REBEL02,15,5146,0;;;
Trevor;22:09:17;20:12:50;-1168.061,957.3753,957.3753;True,OffRoad,REBEL02,14,33635,0;;;
Trevor;22:09:17;20:12:51;-1172.94,951.5626,951.5626;True,OffRoad,REBEL02,14,66541,0;;;
Trevor;22:09:18;20:12:51;-1178.922,946.4612,946.4612;True,OffRoad,REBEL02,14,97982,0;;;
Trevor;22:09:18;20:12:52;-1185.894,942.1673,942.1673;True,OffRoad,REBEL02,16,89608,1;;;
Trevor;22:09:19;20:12:52;-1194.047,937.4355,937.4355;True,OffRoad,REBEL02,18,80995,0;;;
Trevor;22:09:19;20:12:53;-1202.136,932.7739,932.7739;True,OffRoad,REBEL02,17,45969,0;;;
Trevor;22:09:20;20:12:53;-1209.35,928.6361,928.6361;True,OffRoad,REBEL02,14,90849,0;;;
Trevor;22:09:20;20:12:54;-1215.887,925.1058,925.1058;True,OffRoad,REBEL02,13,65542,1;;;
Trevor;22:09:21;20:12:54;-1222.406,921.7043,921.7043;True,OffRoad,REBEL02,13,7485,0;;;
Trevor;22:09:21;20:12:55;-1228.178,918.0863,918.0863;True,OffRoad,REBEL02,12,99338,1;;;
Trevor;22:09:22;20:12:55;-1233.397,913.6747,913.6747;True,OffRoad,REBEL02,13,2805,1;;;
Trevor;22:09:22;20:12:56;-1238.671,908.1025,908.1025;True,OffRoad,REBEL02,15,55031,1;;;
Trevor;22:09:23;20:12:57;-1243.966,901.9012,901.9012;True,OffRoad,REBEL02,14,98237,1;;;
Trevor;22:09:23;20:12:57;-1249.728,896.2824,896.2824;True,OffRoad,REBEL02,15,08543,0;;;
Trevor;22:09:24;20:12:58;-1254.174,890.134,890.134;True,OffRoad,REBEL02,14,70341,0;;;
Trevor;22:09:24;20:12:58;-1257.696,883.4874,883.4874;True,OffRoad,REBEL02,13,99777,0;;;
Trevor;22:09:25;20:12:59;-1261.053,876.6885,876.6885;True,OffRoad,REBEL02,15,35605,0;;;
Trevor;22:09:26;20:12:59;-1264.785,869.9646,869.9646;True,OffRoad,REBEL02,14,91647,0;;;
Trevor;22:09:26;20:13:00;-1268.505,863.6646,863.6646;True,OffRoad,REBEL02,13,31115,0;;;
Trevor;22:09:27;20:13:00;-1271.853,858.016,858.016;True,OffRoad,REBEL02,11,72719,0;;;
Trevor;22:09:27;20:13:01;-1275.049,852.6208,852.6208;True,OffRoad,REBEL02,12,26173,0;;;
Trevor;22:09:28;20:13:01;-1278.359,846.9487,846.9487;True,OffRoad,REBEL02,13,46789,1;;;
Trevor;22:09:28;20:13:02;-1281.658,839.9115,839.9115;True,OffRoad,REBEL02,16,09697,1;;;
Trevor;22:09:29;20:13:02;-1285.734,831.9508,831.9508;True,OffRoad,REBEL02,18,50385,1;;;
Trevor;22:09:29;20:13:03;-1290.504,822.9634,822.9634;True,OffRoad,REBEL02,19,74796,0;;;
Trevor;22:09:30;20:13:03;-1294.659,813.9783,813.9783;True,OffRoad,REBEL02,18,07531,0;;;
Trevor;22:09:30;20:13:04;-1298.717,805.4528,805.4528;True,OffRoad,REBEL02,17,90635,1;;;
Trevor;22:09:31;20:13:04;-1303.34,796.7648,796.7648;True,OffRoad,REBEL02,18,92309,0;;;
Trevor;22:09:31;20:13:05;-1308.254,788.572,788.572;True,OffRoad,REBEL02,17,33047,0;;;
Trevor;22:09:32;20:13:05;-1312.996,781.3116,781.3116;True,OffRoad,REBEL02,16,47356,0;;;
Trevor;22:09:32;20:13:06;-1318.052,774.8411,774.8411;True,OffRoad,REBEL02,15,01282,0;;;
Trevor;22:09:33;20:13:06;-1322.94,769.1777,769.1777;True,OffRoad,REBEL02,13,58777,0;;;
Trevor;22:09:33;20:13:07;-1327.315,764.1854,764.1854;True,OffRoad,REBEL02,12,19812,0;;;
Trevor;22:09:34;20:13:08;-1331.411,759.5287,759.5287;True,OffRoad,REBEL02,12,49944,0;;;
Trevor;22:09:34;20:13:08;-1335.66,754.5942,754.5942;True,OffRoad,REBEL02,13,35874,1;;;
Trevor;22:09:35;20:13:09;-1339.687,748.6897,748.6897;True,OffRoad,REBEL02,12,95532,0;;;
Trevor;22:09:35;20:13:09;-1342.844,743.1523,743.1523;True,OffRoad,REBEL02,11,90336,0;;;
Trevor;22:09:36;20:13:10;-1343.714,741.6863,741.6863;True,OffRoad,REBEL02,0,1676378,0;;;
Trevor;22:09:37;20:13:10;-1343.723,741.6965,741.6965;True,OffRoad,REBEL02,0,004382532,0;;;
Trevor;22:09:37;20:13:11;-1342.451,741.2448,741.2448;;;;
Trevor;22:09:38;20:13:11;-1342.413,741.4942,741.4942;;;;
Trevor;22:09:38;20:13:12;-1342.413,741.4942,741.4942;;;;
Trevor;22:09:39;20:13:12;-1342.413,741.4942,741.4942;;;;
Trevor;22:09:39;20:13:13;-1342.413,741.4942,741.4942;;;;
Trevor;22:09:40;20:13:13;-1342.413,741.4942,741.4942;;;;
Trevor;22:09:40;20:13:14;-1342.423,741.4679,741.4679;;;;
Trevor;22:09:41;20:13:14;-1342.479,740.9016,740.9016;;;;
Trevor;22:09:41;20:13:15;-1343.012,739.1541,739.1541;;;;
Trevor;22:09:42;20:13:15;-1343.942,736.3026,736.3026;;;;
Trevor;22:09:42;20:13:16;-1345.106,733.163,733.163;;;;
Trevor;22:09:43;20:13:16;-1346.241,730.009,730.009;;;;
Trevor;22:09:43;20:13:17;-1347.513,727.6061,727.6061;;So Michael,;TREVOR;TRV3_GRAA
Trevor;22:09:44;20:13:17;-1349.044,726.4585,726.4585;;;;
Trevor;22:09:44;20:13:18;-1349.891,725.5902,725.5902;;;;
Trevor;22:09:45;20:13:18;-1350.119,725.346,725.346;;;;
Trevor;22:09:45;20:13:19;-1350.119,725.346,725.346;;;;
Trevor;22:09:46;20:13:20;-1350.119,725.346,725.346;;;;
Trevor;22:09:46;20:13:20;-1350.119,725.346,725.346;;;;
Trevor;22:09:47;20:13:21;-1350.119,725.346,725.346;;this is where dead men come back to life.;TREVOR;TRV3_GRAB
Trevor;22:09:47;20:13:21;-1350.119,725.346,725.346;;;;
Trevor;22:09:48;20:13:22;-1350.119,725.346,725.346;;;;
Trevor;22:09:49;20:13:22;-1350.119,725.346,725.346;;;;
Trevor;22:09:49;20:13:23;-1350.119,725.346,725.346;;;;
Trevor;22:09:50;20:13:23;-1350.119,725.346,725.346;;;;
Trevor;22:09:50;20:13:24;-1350.119,725.346,725.346;;;;
Trevor;22:09:51;20:13:24;-1350.119,725.346,725.346;;;;
Trevor;22:09:51;20:13:25;-1343.268,726.6012,726.6012;;;;
Trevor;22:09:52;20:13:25;-1343.267,726.5892,726.5892;;;;
Trevor;22:09:52;20:13:26;-1343.259,726.5886,726.5886;;;;
Trevor;22:09:53;20:13:26;-1343.26,726.5885,726.5885;;It's been nearly ten years.;Cutscene;Cutscene
Trevor;22:09:53;20:13:27;-1343.254,726.5735,726.5735;;;;
Trevor;22:09:54;20:13:27;-1343.25,726.5633,726.5633;;;;
Trevor;22:09:54;20:13:28;-1343.254,726.5604,726.5604;;;;
Trevor;22:09:55;20:13:28;-1343.252,726.5621,726.5621;;Oh but you'll keep for another day or so huh, old friend?;Cutscene;Cutscene
Trevor;22:09:55;20:13:29;-1343.255,726.559,726.559;;;;
Trevor;22:09:56;20:13:29;-1343.256,726.5557,726.5557;;;;
Trevor;22:09:56;20:13:30;-1343.25,726.551,726.551;;;;
Trevor;22:09:57;20:13:31;-1343.252,726.5518,726.5518;;;;
Trevor;22:09:57;20:13:31;-1343.251,726.5486,726.5486;;;;
Trevor;22:09:58;20:13:32;-1343.252,726.5545,726.5545;;;;
Trevor;22:09:58;20:13:32;-1343.26,726.5598,726.5598;;You motherfucking fuck!;Cutscene;Cutscene
Trevor;22:09:59;20:13:33;-1343.256,726.5558,726.5558;;;;
Trevor;22:10:00;20:13:33;-1343.254,726.5546,726.5546;;;;
Trevor;22:10:00;20:13:34;-1343.252,726.5609,726.5609;;;;
Trevor;22:10:01;20:13:34;-1343.235,726.5803,726.5803;;;;
Trevor;22:10:01;20:13:35;-1343.165,726.6112,726.6112;;;;
Trevor;22:10:02;20:13:35;-1343.143,726.6008,726.6008;;;;
Trevor;22:10:02;20:13:36;-1343.202,726.607,726.607;;I grieved for you!;Cutscene;Cutscene
Trevor;22:10:03;20:13:36;-1343.123,726.6021,726.6021;;;;
Trevor;22:10:03;20:13:37;-1343.138,726.6166,726.6166;;;;
Trevor;22:10:04;20:13:37;-1343.214,726.6192,726.6192;;;;
Trevor;22:10:04;20:13:38;-1343.241,726.5939,726.5939;;;;
Trevor;22:10:05;20:13:38;-1343.254,726.5844,726.5844;;You weren't even fucking dead.;Cutscene;Cutscene
Trevor;22:10:05;20:13:39;-1343.267,726.5996,726.5996;;;;
Trevor;22:10:06;20:13:39;-1343.274,726.6079,726.6079;;;;
Trevor;22:10:06;20:13:40;-1343.254,726.5955,726.5955;;;;
Trevor;22:10:07;20:13:40;-1343.242,726.598,726.598;;;;
Trevor;22:10:07;20:13:41;-1343.251,726.608,726.608;;You were my best friend.;Cutscene;Cutscene
Trevor;22:10:08;20:13:41;-1343.254,726.6181,726.6181;;;;
Trevor;22:10:08;20:13:42;-1343.226,726.6271,726.6271;;;;
Trevor;22:10:09;20:13:43;-1343.114,726.615,726.615;;;;
Trevor;22:10:09;20:13:43;-1343.121,726.6378,726.6378;;;;
Trevor;22:10:10;20:13:44;-1343.23,726.7197,726.7197;;;;
Trevor;22:10:10;20:13:44;-1343.209,726.7006,726.7006;;;;
Trevor;22:10:11;20:13:45;-1343.092,726.6337,726.6337;;Well guess who's coming to shit on your doorstep,;Cutscene;Cutscene
Trevor;22:10:12;20:13:45;-1343.065,726.6521,726.6521;;;;
Trevor;22:10:12;20:13:46;-1343.223,726.7775,726.7775;;;;
Trevor;22:10:13;20:13:46;-1343.381,726.9901,726.9901;;;;
Trevor;22:10:13;20:13:47;-1343.382,727.3029,727.3029;;you fuck!;Cutscene;Cutscene
Trevor;22:10:14;20:13:47;-1343.669,727.665,727.665;;;;
Trevor;22:10:14;20:13:48;-1344.166,728.0059,728.0059;;;;
Trevor;22:10:15;20:13:48;-1344.858,728.6519,728.6519;;;;
Trevor;22:10:15;20:13:49;-1345.639,729.3466,729.3466;;;;
Trevor;22:10:16;20:13:49;-1346.405,729.9553,729.9553;;;;
Trevor;22:10:16;20:13:50;-1347.15,730.5645,730.5645;;;;
Trevor;22:10:17;20:13:50;-1347.486,730.9242,730.9242;;;;
Trevor;22:10:17;20:13:51;-1347.963,731.6318,731.6318;;;;
Trevor;22:10:18;20:13:51;-1348.616,733.1354,733.1354;;;;
Trevor;22:10:18;20:13:52;-1349.288,735.813,735.813;;;;
Trevor;22:10:19;20:13:52;-1349.446,738.7375,738.7375;;;;
Trevor;22:10:19;20:13:53;-1349.579,738.8019,738.8019;;;;
Trevor;22:10:20;20:13:53;-1349.924,740.0312,740.0312;True,OffRoad,REBEL02,0,0;;;
Trevor;22:10:20;20:13:54;-1349.924,740.0312,740.0312;True,OffRoad,REBEL02,0,0;;;
Trevor;22:10:21;20:13:55;-1349.925,740.0313,740.0313;True,OffRoad,REBEL02,0,02312677,1;;;
Trevor;22:10:21;20:13:55;-1350.242,740.0334,740.0334;True,OffRoad,REBEL02,1,554123,1;;;
Trevor;22:10:22;20:13:56;-1351.802,739.9151,739.9151;True,OffRoad,REBEL02,4,428698,1;;;
Trevor;22:10:22;20:13:56;-1354.839,739.6404,739.6404;True,OffRoad,REBEL02,6,776825,1;;;
Trevor;22:10:23;20:13:57;-1359.271,740.0032,740.0032;True,OffRoad,REBEL02,10,33881,1;;;
Trevor;22:10:24;20:13:57;-1364.257,741.5613,741.5613;True,OffRoad,REBEL02,9,29499,0;;;
Trevor;22:10:24;20:13:58;-1368.935,743.7431,743.7431;True,OffRoad,REBEL02,10,92755,1;;;
Trevor;22:10:25;20:13:58;-1374.895,745.8513,745.8513;True,OffRoad,REBEL02,13,18461,1;;;
Trevor;22:10:25;20:13:59;-1382.12,747.7277,747.7277;True,OffRoad,REBEL02,15,33263,1;;;
Trevor;22:10:26;20:13:59;-1390.288,750.6227,750.6227;True,OffRoad,REBEL02,17,17072,0;;;
Trevor;22:10:26;20:14:00;-1397.938,754.2695,754.2695;True,OffRoad,REBEL02,15,49281,0;;;
Trevor;22:10:27;20:14:00;-1404.536,757.9434,757.9434;True,OffRoad,REBEL02,13,62523,0;;;
Trevor;22:10:27;20:14:01;-1409.957,762.3174,762.3174;True,OffRoad,REBEL02,13,10005,0;;;
Trevor;22:10:28;20:14:01;-1414.435,767.1234,767.1234;True,OffRoad,REBEL02,13,0115,1;;;
Trevor;22:10:28;20:14:02;-1419.214,772.5939,772.5939;True,OffRoad,REBEL02,14,18479,1;;;
Trevor;22:10:29;20:14:02;-1424.612,778.1273,778.1273;True,OffRoad,REBEL02,14,60152,0;;;
Trevor;22:10:29;20:14:03;-1429.155,783.5353,783.5353;True,OffRoad,REBEL02,12,6357,0;;;
Trevor;22:10:30;20:14:03;-1431.99,788.9446,788.9446;True,OffRoad,REBEL02,11,43233,1;Will you tell me the story? About that boy, Trisha?;WADE;TRV3_DGAG
Trevor;22:10:30;20:14:04;-1434.148,794.1476,794.1476;True,OffRoad,REBEL02,9,843721,0;;;
Trevor;22:10:31;20:14:04;-1435.97,799.4733,799.4733;True,OffRoad,REBEL02,11,91113,1;;;
Trevor;22:10:31;20:14:05;-1438.156,805.9214,805.9214;True,OffRoad,REBEL02,14,59591,1;;;
Trevor;22:10:32;20:14:06;-1441.737,814.1357,814.1357;True,OffRoad,REBEL02,19,41264,1;;;
Trevor;22:10:32;20:14:06;-1445.563,823.33,823.33;True,OffRoad,REBEL02,18,12148,0;;;
Trevor;22:10:33;20:14:07;-1448.344,831.8381,831.8381;True,OffRoad,REBEL02,15,61814,0;;;
Trevor;22:10:33;20:14:07;-1450.311,839.2969,839.2969;True,OffRoad,REBEL02,13,9724,0;;;
Trevor;22:10:34;20:14:08;-1451.675,846.0098,846.0098;True,OffRoad,REBEL02,12,26425,0;Ah. Yeah, yeah, yeah. Where were we?;TREVOR;TRV3_DGAH
Trevor;22:10:35;20:14:08;-1452.835,851.8703,851.8703;True,OffRoad,REBEL02,11,38659,1;;;
Trevor;22:10:35;20:14:09;-1454.319,858.3313,858.3313;True,OffRoad,REBEL02,13,24874,0;;;
Trevor;22:10:36;20:14:09;-1455.537,865.1761,865.1761;True,OffRoad,REBEL02,13,75079,1;;;
Trevor;22:10:36;20:14:10;-1456.979,871.9137,871.9137;True,OffRoad,REBEL02,13,24386,1;You was saying what he could do. He couldn't throw,;WADE;TRV3_DGAI
Trevor;22:10:37;20:14:10;-1458.712,878.8401,878.8401;True,OffRoad,REBEL02,13,10395,0;;;
Trevor;22:10:37;20:14:11;-1460.327,885.1432,885.1432;True,OffRoad,REBEL02,11,63437,0;;;
Trevor;22:10:38;20:14:11;-1461.765,890.7417,890.7417;True,OffRoad,REBEL02,11,34662,1;;;
Trevor;22:10:38;20:14:12;-1463.527,895.9831,895.9831;True,OffRoad,REBEL02,9,879779,0;;;
Trevor;22:10:39;20:14:12;-1465.703,900.3295,900.3295;True,OffRoad,REBEL02,8,842401,1;;;
Trevor;22:10:39;20:14:13;-1467.793,904.1417,904.1417;True,OffRoad,REBEL02,7,861573,0;;;
Trevor;22:10:40;20:14:13;-1470.181,908.0311,908.0311;True,OffRoad,REBEL02,10,7128,0;;;
Trevor;22:10:40;20:14:14;-1473.285,912.4611,912.4611;True,OffRoad,REBEL02,11,32207,1;and his coach had a, had a stick accident like I had once.;WADE;TRV3_DGCD
Trevor;22:10:41;20:14:14;-1476.562,917.4101,917.4101;True,OffRoad,REBEL02,12,1632,1;;;
Trevor;22:10:41;20:14:15;-1481.427,923.0418,923.0418;True,OffRoad,REBEL02,16,67891,1;;;
Trevor;22:10:42;20:14:15;-1488.214,929.509,929.509;True,OffRoad,REBEL02,18,98251,0;;;
Trevor;22:10:42;20:14:16;-1496.193,934.802,934.802;True,OffRoad,REBEL02,18,14637,0;;;
Trevor;22:10:43;20:14:17;-1504.473,938.5193,938.5193;True,OffRoad,REBEL02,17,27224,0;;;
Trevor;22:10:43;20:14:17;-1512.582,941.3006,941.3006;True,OffRoad,REBEL02,16,43097,0;;;
Trevor;22:10:44;20:14:18;-1520.219,944.5601,944.5601;True,OffRoad,REBEL02,15,69299,0;;;
Trevor;22:10:44;20:14:18;-1527.334,947.8317,947.8317;True,OffRoad,REBEL02,14,981,0;;;
Trevor;22:10:45;20:14:19;-1533.877,950.8417,950.8417;True,OffRoad,REBEL02,13,21159,0;Right. Right. But he could fly planes, this kid.;TREVOR;TRV3_DGAJ
Trevor;22:10:46;20:14:19;-1539.917,953.5839,953.5839;True,OffRoad,REBEL02,12,47253,0;;;
Trevor;22:10:46;20:14:20;-1545.678,955.9131,955.9131;True,OffRoad,REBEL02,11,75644,0;;;
Trevor;22:10:47;20:14:20;-1551.128,958.0306,958.0306;True,OffRoad,REBEL02,11,02503,0;;;
Trevor;22:10:47;20:14:21;-1556.439,960.0997,960.0997;True,OffRoad,REBEL02,12,29606,1;;;
Trevor;22:10:48;20:14:21;-1562.766,962.8983,962.8983;True,OffRoad,REBEL02,13,73931,0;;;
Trevor;22:10:48;20:14:22;-1568.99,965.8307,965.8307;True,OffRoad,REBEL02,12,8723,0;;;
Trevor;22:10:49;20:14:22;-1574.814,968.5927,968.5927;True,OffRoad,REBEL02,12,60623,1;;;
Trevor;22:10:49;20:14:23;-1580.636,971.3229,971.3229;True,OffRoad,REBEL02,11,8337,0;So he signed up to the air force to fly all day long, and bomb villages, and maybe,;TREVOR;TRV3_DGAK
Trevor;22:10:50;20:14:23;-1586.148,973.1628,973.1628;True,OffRoad,REBEL02,10,72268,0;;;
Trevor;22:10:50;20:14:24;-1591.111,974.8311,974.8311;True,OffRoad,REBEL02,9,559565,0;;;
Trevor;22:10:51;20:14:24;-1595.448,976.587,976.587;True,OffRoad,REBEL02,8,467748,0;;;
Trevor;22:10:51;20:14:25;-1599.443,978.3604,978.3604;True,OffRoad,REBEL02,9,628386,1;;;
Trevor;22:10:52;20:14:25;-1604.362,980.5481,980.5481;True,OffRoad,REBEL02,9,971958,0;;;
Trevor;22:10:52;20:14:26;-1609.501,982.6935,982.6935;True,OffRoad,REBEL02,12,03014,1;;;
Trevor;22:10:53;20:14:26;-1615.742,985.5211,985.5211;True,OffRoad,REBEL02,13,67077,0;;;
Trevor;22:10:53;20:14:27;-1621.161,988.0276,988.0276;True,OffRoad,REBEL02,10,36442,0;;;
Trevor;22:10:54;20:14:27;-1625.162,989.7325,989.7325;True,OffRoad,REBEL02,5,730175,0;just maybe, drop the nuke. And it was all going well until one day,;TREVOR;TRV3_DGAL
Trevor;22:10:54;20:14:28;-1627.176,990.5314,990.5314;True,OffRoad,REBEL02,2,242703,0;;;
Trevor;22:10:55;20:14:29;-1628.408,991.0182,991.0182;True,OffRoad,REBEL02,3,652308,1;;;
Trevor;22:10:55;20:14:29;-1631.086,992.0792,992.0792;True,OffRoad,REBEL02,7,584417,1;;;
Trevor;22:10:56;20:14:30;-1635.813,993.6838,993.6838;True,OffRoad,REBEL02,10,30605,0;;;
Trevor;22:10:56;20:14:30;-1640.758,994.3485,994.3485;True,OffRoad,REBEL02,8,74195,0;;;
Trevor;22:10:57;20:14:31;-1645.411,993.7125,993.7125;True,OffRoad,REBEL02,9,932612,1;;;
Trevor;22:10:58;20:14:31;-1650.029,991.5333,991.5333;True,OffRoad,REBEL02,9,2947,1;;;
Trevor;22:10:58;20:14:32;-1653.218,987.418,987.418;True,OffRoad,REBEL02,11,0053,1;;;
Trevor;22:10:59;20:14:32;-1655.699,981.6596,981.6596;True,OffRoad,REBEL02,13,15985,1;just before he got his wings, an evil witch in charge of psychological evaluations;TREVOR;TRV3_DGAM
Trevor;22:10:59;20:14:33;-1658.418,974.7249,974.7249;True,OffRoad,REBEL02,15,3164,1;;;
Trevor;22:11:00;20:14:33;-1661.548,966.7505,966.7505;True,OffRoad,REBEL02,17,53458,1;;;
Trevor;22:11:00;20:14:34;-1665.041,957.787,957.787;True,OffRoad,REBEL02,19,43331,1;;;
Trevor;22:11:01;20:14:34;-1669.349,948.0773,948.0773;True,OffRoad,REBEL02,21,06354,1;;;
Trevor;22:11:01;20:14:35;-1673.968,937.7661,937.7661;True,OffRoad,REBEL02,21,2148,0;;;
Trevor;22:11:02;20:14:35;-1678.187,927.5466,927.5466;True,OffRoad,REBEL02,21,90025,1;;;
Trevor;22:11:02;20:14:36;-1683.07,916.9231,916.9231;True,OffRoad,REBEL02,22,49485,0;;;
Trevor;22:11:03;20:14:36;-1687.997,906.6872,906.6872;True,OffRoad,REBEL02,21,21359,0;;;
Trevor;22:11:03;20:14:37;-1693.491,897.2119,897.2119;True,OffRoad,REBEL02,20,52077,0;;;
Trevor;22:11:04;20:14:37;-1698.857,887.9281,887.9281;True,OffRoad,REBEL02,20,04075,0;;;
Trevor;22:11:04;20:14:38;-1704.062,879.3355,879.3355;True,OffRoad,REBEL02,18,47369,0;;;
Trevor;22:11:05;20:14:38;-1708.494,871.1533,871.1533;True,OffRoad,REBEL02,17,51085,0;told him he was unstable, and grounded him for life.;TREVOR;TRV3_DGBT
Trevor;22:11:05;20:14:39;-1713.117,863.2717,863.2717;True,OffRoad,REBEL02,17,44266,0;;;
Trevor;22:11:06;20:14:39;-1718.238,856.1486,856.1486;True,OffRoad,REBEL02,16,72054,0;;;
Trevor;22:11:06;20:14:40;-1723.191,849.3507,849.3507;True,OffRoad,REBEL02,15,25779,0;;;
Trevor;22:11:07;20:14:41;-1727.436,843.9761,843.9761;True,OffRoad,REBEL02,11,48202,0;;;
Trevor;22:11:07;20:14:41;-1730.899,839.4927,839.4927;True,OffRoad,REBEL02,9,636492,0;;;
Trevor;22:11:08;20:14:42;-1733.203,836.4792,836.4792;True,OffRoad,REBEL02,6,40155,0;That's terrible.;WADE;TRV3_DGAN
Trevor;22:11:08;20:14:42;-1734.576,834.6863,834.6863;True,OffRoad,REBEL02,2,838521,0;;;
Trevor;22:11:09;20:14:43;-1735.292,833.7537,833.7537;True,OffRoad,REBEL02,1,672271,0;It was. Sent him into a deep pit of doubt and despair.;TREVOR;TRV3_DGAO
Trevor;22:11:10;20:14:43;-1735.632,833.3062,833.3062;True,OffRoad,REBEL02,0,5242162,0;;;
Trevor;22:11:10;20:14:44;-1735.669,833.2586,833.2586;True,OffRoad,REBEL02,0,0;;;
Trevor;22:11:11;20:14:44;-1735.669,833.2586,833.2586;True,OffRoad,REBEL02,0,0;;;
Trevor;22:11:11;20:14:45;-1735.669,833.2586,833.2586;True,OffRoad,REBEL02,0,0;;;
Trevor;22:11:12;20:14:45;-1735.7,833.2175,833.2175;True,OffRoad,REBEL02,0,01441225,1;;;
Trevor;22:11:12;20:14:46;-1735.986,832.8477,832.8477;True,OffRoad,REBEL02,2,165611,1;;;
Trevor;22:11:13;20:14:46;-1737.262,831.1951,831.1951;True,OffRoad,REBEL02,5,994912,1;;;
Trevor;22:11:13;20:14:47;-1739.766,828.1756,828.1756;True,OffRoad,REBEL02,7,495407,0;;;
Trevor;22:11:14;20:14:47;-1742.51,824.9443,824.9443;True,OffRoad,REBEL02,9,912322,1;And just then, just as he hit rock bottom, he met a fat, silver-tongued troll under a bridge.;TREVOR;TRV3_DGBU
Trevor;22:11:14;20:14:48;-1746.145,821.0503,821.0503;True,OffRoad,REBEL02,10,26774,1;;;
Trevor;22:11:15;20:14:48;-1750.042,816.5485,816.5485;True,OffRoad,REBEL02,12,59356,1;;;
Trevor;22:11:15;20:14:49;-1755.08,811.3638,811.3638;True,OffRoad,REBEL02,15,06014,1;;;
Trevor;22:11:16;20:14:49;-1760.97,805.2505,805.2505;True,OffRoad,REBEL02,17,44302,1;;;
Trevor;22:11:16;20:14:50;-1767.454,798.195,798.195;True,OffRoad,REBEL02,19,43425,1;;;
Trevor;22:11:17;20:14:50;-1775.556,791.2054,791.2054;True,OffRoad,REBEL02,21,24073,1;;;
Trevor;22:11:17;20:14:51;-1784.356,784.2611,784.2611;True,OffRoad,REBEL02,20,98879,1;;;
Trevor;22:11:18;20:14:52;-1793.491,777.6586,777.6586;True,OffRoad,REBEL02,22,38145,1;;;
Trevor;22:11:18;20:14:52;-1802.965,770.4235,770.4235;True,OffRoad,REBEL02,23,74136,1;;;
Trevor;22:11:19;20:14:53;-1812.772,762.1982,762.1982;True,OffRoad,REBEL02,25,45199,1;;;
Trevor;22:11:19;20:14:53;-1823.791,754.3253,754.3253;True,OffRoad,REBEL02,26,86622,1;;;
Trevor;22:11:20;20:14:54;-1835.694,746.3499,746.3499;True,OffRoad,REBEL02,28,10724,1;That's cool. What was the troll's name?;WADE;TRV3_DGAP
Trevor;22:11:21;20:14:54;-1847.652,738.0965,738.0965;True,OffRoad,REBEL02,27,20317,0;;;
Trevor;22:11:21;20:14:55;-1858.73,730.0139,730.0139;True,OffRoad,REBEL02,25,6008,0;;;
Trevor;22:11:22;20:14:55;-1868.874,721.9993,721.9993;True,OffRoad,REBEL02,24,1438,0;;;
Trevor;22:11:22;20:14:56;-1878.366,714.5638,714.5638;True,OffRoad,REBEL02,22,64715,0;Mike... Michele.;TREVOR;TRV3_DGAQ
Trevor;22:11:23;20:14:56;-1887.484,707.9118,707.9118;True,OffRoad,REBEL02,21,03087,0;;;
Trevor;22:11:23;20:14:57;-1895.69,701.1851,701.1851;True,OffRoad,REBEL02,19,36756,0;;;
Trevor;22:11:24;20:14:57;-1903.191,695.1394,695.1394;True,OffRoad,REBEL02,18,06266,1;;;
Trevor;22:11:24;20:14:58;-1910.769,688.7415,688.7415;True,OffRoad,REBEL02,19,91344,1;A lady troll?;WADE;TRV3_DGAR
Trevor;22:11:25;20:14:58;-1918.645,681.7339,681.7339;True,OffRoad,REBEL02,20,23251,0;;;
Trevor;22:11:25;20:14:59;-1925.008,673.9481,673.9481;True,OffRoad,REBEL02,18,57296,0;Yeah yeah yeah, he had tits like one, but no, he was a boy.;TREVOR;TRV3_DGAS
Trevor;22:11:26;20:14:59;-1930.129,666.0659,666.0659;True,OffRoad,REBEL02,18,29821,1;;;
Trevor;22:11:26;20:15:00;-1935.148,658.0182,658.0182;True,OffRoad,REBEL02,17,8371,0;;;
Trevor;22:11:27;20:15:00;-1940.106,650.1221,650.1221;True,OffRoad,REBEL02,17,94201,1;;;
Trevor;22:11:27;20:15:01;-1945.196,642.2294,642.2294;True,OffRoad,REBEL02,18,22304,1;;;
Trevor;22:11:28;20:15:01;-1949.598,634.037,634.037;True,OffRoad,REBEL02,17,29357,0;;;
Trevor;22:11:28;20:15:02;-1953.37,626.2927,626.2927;True,OffRoad,REBEL02,16,70246,0;;;
Trevor;22:11:29;20:15:02;-1956.509,618.319,618.319;True,OffRoad,REBEL02,17,01615,1;;;
Trevor;22:11:29;20:15:03;-1959.055,609.3473,609.3473;True,OffRoad,REBEL02,17,56957,0;Michele is a funny name for a boy.;WADE;TRV3_DGAT
Trevor;22:11:30;20:15:04;-1961.667,600.7184,600.7184;True,OffRoad,REBEL02,16,98366,0;;;
Trevor;22:11:30;20:15:04;-1963.744,592.4554,592.4554;True,OffRoad,REBEL02,15,8217,0;;;
Trevor;22:11:31;20:15:05;-1965.49,584.7199,584.7199;True,OffRoad,REBEL02,15,58551,0;;;
Trevor;22:11:31;20:15:05;-1966.911,576.9427,576.9427;True,OffRoad,REBEL02,15,59848,1;;;
Trevor;22:11:32;20:15:06;-1968.327,568.3867,568.3867;True,OffRoad,REBEL02,17,25252,0;;;
Trevor;22:11:32;20:15:06;-1970.089,559.9597,559.9597;True,OffRoad,REBEL02,16,19102,0;This was a funny boy. He sat under his bridge robbing anyone who passed him by.;TREVOR;TRV3_DGAU
Trevor;22:11:33;20:15:07;-1972.591,551.983,551.983;True,OffRoad,REBEL02,16,95017,1;;;
Trevor;22:11:34;20:15:07;-1975.3,543.6405,543.6405;True,OffRoad,REBEL02,16,69265,0;;;
Trevor;22:11:34;20:15:08;-1978.434,535.5299,535.5299;True,OffRoad,REBEL02,16,63647,0;;;
Trevor;22:11:35;20:15:08;-1981.022,527.3633,527.3633;True,OffRoad,REBEL02,16,36499,0;;;
Trevor;22:11:35;20:15:09;-1982.862,519.4238,519.4238;True,OffRoad,REBEL02,15,36044,1;;;
Trevor;22:11:36;20:15:09;-1984.818,511.2782,511.2782;True,OffRoad,REBEL02,16,206,0;;;
Trevor;22:11:36;20:15:10;-1986.124,503.2842,503.2842;True,OffRoad,REBEL02,14,97574,0;;;
Trevor;22:11:37;20:15:10;-1987.004,495.8626,495.8626;True,OffRoad,REBEL02,13,81215,0;;;
Trevor;22:11:37;20:15:11;-1987.786,489.0734,489.0734;True,OffRoad,REBEL02,12,6636,0;;;
Trevor;22:11:38;20:15:11;-1988.394,482.406,482.406;True,OffRoad,REBEL02,12,70577,0;;;
Trevor;22:11:38;20:15:12;-1988.474,475.7949,475.7949;True,OffRoad,REBEL02,12,27619,0;Sometimes he'd go into town and rob the shops and inns and such.;TREVOR;TRV3_DGAV
Trevor;22:11:39;20:15:12;-1987.403,469.7906,469.7906;True,OffRoad,REBEL02,11,44825,1;;;
Trevor;22:11:39;20:15:13;-1985.859,463.626,463.626;True,OffRoad,REBEL02,12,04762,0;;;
Trevor;22:11:40;20:15:13;-1984.397,457.8787,457.8787;True,OffRoad,REBEL02,10,99603,0;;;
Trevor;22:11:40;20:15:14;-1983.015,452.4477,452.4477;True,OffRoad,REBEL02,11,09386,0;;;
Trevor;22:11:41;20:15:14;-1981.613,446.939,446.939;True,OffRoad,REBEL02,11,738,1;;;
Trevor;22:11:41;20:15:15;-1980.052,440.8149,440.8149;True,OffRoad,REBEL02,11,63638,0;;;
Trevor;22:11:42;20:15:16;-1978.634,435.2588,435.2588;True,OffRoad,REBEL02,10,54489,0;And he persuaded our hero that maybe he should rob people, too.;TREVOR;TRV3_DGBV
Trevor;22:11:42;20:15:16;-1977.227,429.741,429.741;True,OffRoad,REBEL02,11,86306,1;;;
Trevor;22:11:43;20:15:17;-1975.732,423.1808,423.1808;True,OffRoad,REBEL02,14,1662,1;;;
Trevor;22:11:43;20:15:17;-1974.726,415.3155,415.3155;True,OffRoad,REBEL02,16,48852,1;;;
Trevor;22:11:44;20:15:18;-1973.817,406.4582,406.4582;True,OffRoad,REBEL02,17,0142,0;;;
Trevor;22:11:45;20:15:18;-1972.951,397.9673,397.9673;True,OffRoad,REBEL02,15,75653,0;;;
Trevor;22:11:45;20:15:19;-1972.159,390.1701,390.1701;True,OffRoad,REBEL02,14,5977,0;;;
Trevor;22:11:46;20:15:19;-1971.519,382.9317,382.9317;True,OffRoad,REBEL02,13,49697,0;And you know what? Little Trisha did rob people. And little Trisha was good at it.;TREVOR;TRV3_DGAW
Trevor;22:11:46;20:15:20;-1971.319,376.2132,376.2132;True,OffRoad,REBEL02,12,49272,0;;;
Trevor;22:11:47;20:15:20;-1971.182,369.7249,369.7249;True,OffRoad,REBEL02,12,65056,0;;;
Trevor;22:11:47;20:15:21;-1970.634,363.4124,363.4124;True,OffRoad,REBEL02,11,5566,0;;;
Trevor;22:11:48;20:15:21;-1970.189,357.8235,357.8235;True,OffRoad,REBEL02,10,52884,1;;;
Trevor;22:11:48;20:15:22;-1969.687,351.9897,351.9897;True,OffRoad,REBEL02,11,18987,0;;;
Trevor;22:11:49;20:15:22;-1968.769,345.514,345.514;True,OffRoad,REBEL02,13,92767,1;;;
Trevor;22:11:49;20:15:23;-1967.7,338.777,338.777;True,OffRoad,REBEL02,12,41466,0;;;
Trevor;22:11:50;20:15:23;-1966.748,332.7958,332.7958;True,OffRoad,REBEL02,10,94554,0;;;
Trevor;22:11:50;20:15:24;-1965.918,327.575,327.575;True,OffRoad,REBEL02,9,529182,0;;;
Trevor;22:11:51;20:15:24;-1965.186,322.9759,322.9759;True,OffRoad,REBEL02,8,869424,1;;;
Trevor;22:11:51;20:15:25;-1964.365,317.8242,317.8242;True,OffRoad,REBEL02,10,2005,0;;;
Trevor;22:11:52;20:15:25;-1963.582,312.9155,312.9155;True,OffRoad,REBEL02,8,845163,0;And they lived happily ever after?;WADE;TRV3_DGAX
Trevor;22:11:52;20:15:26;-1962.844,308.3017,308.3017;True,OffRoad,REBEL02,9,601625,1;;;
Trevor;22:11:53;20:15:26;-1962.048,303.3174,303.3174;True,OffRoad,REBEL02,9,182104,0;;;
Trevor;22:11:53;20:15:27;-1961.319,298.7562,298.7562;True,OffRoad,REBEL02,9,683974,1;;;
Trevor;22:11:54;20:15:28;-1960.159,293.567,293.567;True,OffRoad,REBEL02,10,06237,1;For a while. Until the troll met another troll in a strip club,;TREVOR;TRV3_DGAY
Trevor;22:11:54;20:15:28;-1958.714,287.9881,287.9881;True,OffRoad,REBEL02,12,202,1;;;
Trevor;22:11:55;20:15:29;-1957.246,281.1661,281.1661;True,OffRoad,REBEL02,14,00067,0;;;
Trevor;22:11:55;20:15:29;-1955.749,274.4229,274.4229;True,OffRoad,REBEL02,12,58764,0;;;
Trevor;22:11:56;20:15:30;-1953.832,268.2786,268.2786;True,OffRoad,REBEL02,12,96202,1;;;
Trevor;22:11:57;20:15:30;-1951.514,261.5316,261.5316;True,OffRoad,REBEL02,13,39136,0;;;
Trevor;22:11:57;20:15:31;-1948.989,255.504,255.504;True,OffRoad,REBEL02,11,88803,0;;;
Trevor;22:11:58;20:15:31;-1946.344,249.9968,249.9968;True,OffRoad,REBEL02,11,18848,0;;;
Trevor;22:11:58;20:15:32;-1943.871,244.9051,244.9051;True,OffRoad,REBEL02,10,78162,1;;;
Trevor;22:11:59;20:15:32;-1941.297,239.6129,239.6129;True,OffRoad,REBEL02,11,14823,0;and they fell in lust, and he bought her a pair of fake troll tits, even bigger than his real troll tits,;TREVOR;TRV3_DGBW
Trevor;22:11:59;20:15:33;-1938.905,234.0874,234.0874;True,OffRoad,REBEL02,12,29558,1;;;
Trevor;22:12:00;20:15:33;-1936.244,228.4268,228.4268;True,OffRoad,REBEL02,11,20416,0;;;
Trevor;22:12:00;20:15:34;-1933.703,223.6788,223.6788;True,OffRoad,REBEL02,9,558762,0;;;
Trevor;22:12:01;20:15:34;-1931.228,219.1276,219.1276;True,OffRoad,REBEL02,10,92838,1;;;
Trevor;22:12:01;20:15:35;-1928.243,213.7203,213.7203;True,OffRoad,REBEL02,11,95632,0;;;
Trevor;22:12:02;20:15:35;-1925.167,208.8095,208.8095;True,OffRoad,REBEL02,10,37709,1;;;
Trevor;22:12:02;20:15:36;-1922.068,204.0789,204.0789;True,OffRoad,REBEL02,10,44457,0;;;
Trevor;22:12:03;20:15:36;-1919.274,199.8289,199.8289;True,OffRoad,REBEL02,8,924352,0;;;
Trevor;22:12:03;20:15:37;-1916.724,195.9567,195.9567;True,OffRoad,REBEL02,9,714901,1;;;
Trevor;22:12:04;20:15:37;-1913.749,191.5663,191.5663;True,OffRoad,REBEL02,9,660178,0;;;
Trevor;22:12:04;20:15:38;-1910.725,187.3622,187.3622;True,OffRoad,REBEL02,11,01727,1;so she could make more money stripping, and maybe a little on the side with outcall work, but;TREVOR;TRV3_DGAZ
Trevor;22:12:05;20:15:38;-1906.763,182.4548,182.4548;True,OffRoad,REBEL02,12,60806,0;;;
Trevor;22:12:05;20:15:39;-1902.588,177.525,177.525;True,OffRoad,REBEL02,12,32381,0;;;
Trevor;22:12:06;20:15:40;-1898.104,172.3593,172.3593;True,OffRoad,REBEL02,13,31214,0;;;
Trevor;22:12:06;20:15:40;-1893.005,167.361,167.361;True,OffRoad,REBEL02,14,71211,1;;;
Trevor;22:12:07;20:15:41;-1886.72,161.9809,161.9809;True,OffRoad,REBEL02,16,82542,0;;;
Trevor;22:12:07;20:15:41;-1880.816,155.9565,155.9565;True,OffRoad,REBEL02,15,96325,0;;;
Trevor;22:12:08;20:15:42;-1875.324,150.7156,150.7156;True,OffRoad,REBEL02,11,76475,0;;;
Trevor;22:12:08;20:15:42;-1871.401,146.6308,146.6308;True,OffRoad,REBEL02,10,22235,0;;;
Trevor;22:12:09;20:15:43;-1868.768,143.6246,143.6246;True,OffRoad,REBEL02,6,107051,0;;;
Trevor;22:12:10;20:15:43;-1866.348,141.1799,141.1799;True,OffRoad,REBEL02,6,323862,0;you didn't hear that from me.;TREVOR;TRV3_DGBX
Trevor;22:12:10;20:15:44;-1864.067,139.1075,139.1075;True,OffRoad,REBEL02,6,499018,1;;;
Trevor;22:12:11;20:15:44;-1861.443,136.8005,136.8005;True,OffRoad,REBEL02,6,192193,0;Wow.;WADE;TRV3_DGBA
Trevor;22:12:11;20:15:45;-1859.304,134.9355,134.9355;True,OffRoad,REBEL02,4,784642,0;;;
Trevor;22:12:12;20:15:45;-1857.228,132.9281,132.9281;True,OffRoad,REBEL02,5,954819,0;And then...;TREVOR;TRV3_DGBB
Trevor;22:12:12;20:15:46;-1855.085,130.9689,130.9689;True,OffRoad,REBEL02,5,737007,0;she pushed out a pair of little trolls and the big bad troll under the bridge went soft.;TREVOR;TRV3_DGBY
Trevor;22:12:13;20:15:46;-1852.878,128.9592,128.9592;True,OffRoad,REBEL02,5,957653,0;;;
Trevor;22:12:13;20:15:47;-1850.747,127.0425,127.0425;True,OffRoad,REBEL02,5,568592,1;;;
Trevor;22:12:14;20:15:47;-1847.709,124.6484,124.6484;True,OffRoad,REBEL02,9,852115,1;;;
Trevor;22:12:14;20:15:48;-1843.569,121.2835,121.2835;True,OffRoad,REBEL02,10,55111,1;;;
Trevor;22:12:15;20:15:48;-1839.08,116.9821,116.9821;True,OffRoad,REBEL02,13,41512,1;;;
Trevor;22:12:15;20:15:49;-1833.345,111.9545,111.9545;True,OffRoad,REBEL02,15,93199,1;;;
Trevor;22:12:16;20:15:49;-1826.368,106.3502,106.3502;True,OffRoad,REBEL02,18,45462,1;;;
Trevor;22:12:16;20:15:50;-1818.392,99.96014,99.96014;True,OffRoad,REBEL02,20,95625,1;;;
Trevor;22:12:17;20:15:50;-1810.02,92.75428,92.75428;True,OffRoad,REBEL02,21,1143,0;;;
Trevor;22:12:17;20:15:51;-1801.337,85.26669,85.26669;True,OffRoad,REBEL02,22,8219,1;;;
Trevor;22:12:18;20:15:51;-1791.563,77.29437,77.29437;True,OffRoad,REBEL02,25,62233,1;;;
Trevor;22:12:18;20:15:52;-1781.077,68.24426,68.24426;True,OffRoad,REBEL02,27,56578,1;Hold on, what?;TREVOR;TRV3_DGBD
Trevor;22:12:19;20:15:53;-1769.773,58.41861,58.41861;True,OffRoad,REBEL02,28,69281,0;So little Trevor made a new friend called Brad, and he was thinking about cutting Mike off;TREVOR;TRV3_DGBD
Trevor;22:12:19;20:15:53;-1758.83,48.97594,48.97594;True,OffRoad,REBEL02,27,37414,1;;;
Trevor;22:12:20;20:15:54;-1748.18,39.75819,39.75819;True,OffRoad,REBEL02,26,84219,1;;;
Trevor;22:12:20;20:15:54;-1738.01,30.80913,30.80913;True,OffRoad,REBEL02,25,01441,0;;;
Trevor;22:12:21;20:15:55;-1728.714,21.91382,21.91382;True,OffRoad,REBEL02,25,05093,0;;;
Trevor;22:12:22;20:15:55;-1719.349,12.72042,12.72042;True,OffRoad,REBEL02,25,35055,1;;;
Trevor;22:12:22;20:15:56;-1709.521,3.473866,3.473866;True,OffRoad,REBEL02,26,65321,1;;;
Trevor;22:12:23;20:15:56;-1699.5,-6.589206,-6.589206;True,OffRoad,REBEL02,26,70287,0;;;
Trevor;22:12:23;20:15:57;-1689.44,-15.75464,-15.75464;True,OffRoad,REBEL02,25,93153,0;;;
Trevor;22:12:24;20:15:57;-1680.154,-24.80966,-24.80966;True,OffRoad,REBEL02,24,34012,0;when it all went to shit and Mike got killed and Brad went to jail.;TREVOR;TRV3_DGBE
Trevor;22:12:24;20:15:58;-1672.111,-34.09773,-34.09773;True,OffRoad,REBEL02,22,69467,0;;;
Trevor;22:12:25;20:15:58;-1665.162,-43.22146,-43.22146;True,OffRoad,REBEL02,21,62463,1;;;
Trevor;22:12:25;20:15:59;-1659.163,-53.16594,-53.16594;True,OffRoad,REBEL02,21,82846,0;;;
Trevor;22:12:26;20:15:59;-1653.419,-62.97604,-62.97604;True,OffRoad,REBEL02,21,65215,1;;;
Trevor;22:12:26;20:16:00;-1646.825,-72.73195,-72.73195;True,OffRoad,REBEL02,23,09869,1;;;
Trevor;22:12:27;20:16:00;-1640.428,-83.43041,-83.43041;True,OffRoad,REBEL02,24,79535,1;;;
Trevor;22:12:27;20:16:01;-1634.359,-94.80157,-94.80157;True,OffRoad,REBEL02,23,68033,0;Did all the names just change or am I missing something?;WADE;TRV3_DGBF
Trevor;22:12:28;20:16:01;-1629.244,-105.534,-105.534;True,OffRoad,REBEL02,21,87197,0;;;
Trevor;22:12:28;20:16:02;-1624.255,-115.2775,-115.2775;True,OffRoad,REBEL02,20,1781,0;;;
Trevor;22:12:29;20:16:02;-1619.466,-124.29,-124.29;True,OffRoad,REBEL02,18,64651,0;;;
Trevor;22:12:29;20:16:03;-1615.05,-132.4698,-132.4698;True,OffRoad,REBEL02,17,22011,0;;;
Trevor;22:12:30;20:16:04;-1610.779,-139.8595,-139.8595;True,OffRoad,REBEL02,15,74678,0;;;
Trevor;22:12:30;20:16:04;-1606.294,-146.2553,-146.2553;True,OffRoad,REBEL02,14,23457,0;;;
Trevor;22:12:31;20:16:05;-1601.924,-151.6527,-151.6527;True,OffRoad,REBEL02,12,68299,0;Shut up! And then the fat ugly troll came back from the dead;TREVOR;TRV3_DGBG
Trevor;22:12:31;20:16:05;-1598.149,-156.5449,-156.5449;True,OffRoad,REBEL02,11,09785,0;;;
Trevor;22:12:32;20:16:06;-1594.749,-160.6876,-160.6876;True,OffRoad,REBEL02,9,477509,0;;;
Trevor;22:12:32;20:16:06;-1592.054,-163.9377,-163.9377;True,OffRoad,REBEL02,6,765785,0;;;
Trevor;22:12:33;20:16:07;-1590.143,-166.4048,-166.4048;True,OffRoad,REBEL02,4,976915,0;;;
Trevor;22:12:34;20:16:07;-1589.138,-167.8975,-167.8975;True,OffRoad,REBEL02,1,847593,0;;;
Trevor;22:12:34;20:16:08;-1588.757,-168.3218,-168.3218;True,OffRoad,REBEL02,0,2516563,0;;;
Trevor;22:12:35;20:16:08;-1588.748,-168.3225,-168.3225;True,OffRoad,REBEL02,0,0;;;
Trevor;22:12:35;20:16:09;-1588.748,-168.3225,-168.3225;True,OffRoad,REBEL02,0,0;and the news picked it up, our hero decided to go out looking for him!;TREVOR;TRV3_DGBH
Trevor;22:12:36;20:16:09;-1588.748,-168.3225,-168.3225;True,OffRoad,REBEL02,0,0;;;
Trevor;22:12:36;20:16:10;-1588.748,-168.3225,-168.3225;True,OffRoad,REBEL02,0,0;;;
Trevor;22:12:37;20:16:10;-1588.748,-168.3225,-168.3225;True,OffRoad,REBEL02,0,0;;;
Trevor;22:12:37;20:16:11;-1588.748,-168.3225,-168.3225;True,OffRoad,REBEL02,0,0;;;
Trevor;22:12:38;20:16:11;-1588.748,-168.3225,-168.3225;True,OffRoad,REBEL02,0,0;;;
Trevor;22:12:38;20:16:12;-1588.748,-168.3225,-168.3225;True,OffRoad,REBEL02,0,0;;;
Trevor;22:12:39;20:16:12;-1588.748,-168.3225,-168.3225;True,OffRoad,REBEL02,0,0;;;
Trevor;22:12:39;20:16:13;-1588.748,-168.3225,-168.3225;True,OffRoad,REBEL02,0,0;I'm sorta following it, I think, but what happens in the end?;WADE;TRV3_DGBI
Trevor;22:12:40;20:16:13;-1588.748,-168.3225,-168.3225;True,OffRoad,REBEL02,0,0;;;
Trevor;22:12:40;20:16:14;-1588.748,-168.3225,-168.3225;True,OffRoad,REBEL02,0,0;;;
Trevor;22:12:41;20:16:14;-1588.748,-168.3225,-168.3225;True,OffRoad,REBEL02,0,0;;;
Trevor;22:12:41;20:16:15;-1588.748,-168.3225,-168.3225;True,OffRoad,REBEL02,0,0;;;
Trevor;22:12:42;20:16:16;-1588.748,-168.3225,-168.3225;True,OffRoad,REBEL02,0,0;;;
Trevor;22:12:42;20:16:16;-1588.748,-168.3225,-168.3225;True,OffRoad,REBEL02,0,0;;;
Trevor;22:12:43;20:16:17;-1588.748,-168.3225,-168.3225;True,OffRoad,REBEL02,0,0;;;
Trevor;22:12:43;20:16:17;-1588.748,-168.3225,-168.3225;True,OffRoad,REBEL02,0,0;;;
Trevor;22:12:44;20:16:18;-1588.748,-168.3225,-168.3225;True,OffRoad,REBEL02,0,0;;;
Trevor;22:12:45;20:16:18;-1588.748,-168.3225,-168.3225;True,OffRoad,REBEL02,0,0;;;
Trevor;22:12:45;20:16:19;-1588.748,-168.3225,-168.3225;True,OffRoad,REBEL02,0,0;That, Wade, we do not know.;TREVOR;TRV3_DGBJ
Trevor;22:12:46;20:16:19;-1588.748,-168.3225,-168.3225;True,OffRoad,REBEL02,0,0;;;
Trevor;22:12:46;20:16:20;-1588.748,-168.3225,-168.3225;True,OffRoad,REBEL02,0,0;;;
Trevor;22:12:47;20:16:20;-1588.748,-168.3225,-168.3225;True,OffRoad,REBEL02,0,004475218,1;;;
Trevor;22:12:47;20:16:21;-1588.753,-168.3253,-168.3253;True,OffRoad,REBEL02,0,03105112,1;;;
Trevor;22:12:48;20:16:21;-1588.755,-168.3271,-168.3271;True,OffRoad,REBEL02,0,00558554,1;;;
Trevor;22:12:48;20:16:22;-1588.755,-168.3273,-168.3273;True,OffRoad,REBEL02,0,001807368,1;;;
Trevor;22:12:49;20:16:22;-1588.754,-168.3266,-168.3266;True,OffRoad,REBEL02,0,009917205,0;;;
Trevor;22:12:49;20:16:23;-1588.75,-168.323,-168.323;True,OffRoad,REBEL02,0,0027069,1;;;
Trevor;22:12:50;20:16:23;-1588.751,-168.3241,-168.3241;True,OffRoad,REBEL02,0,01311032,1;;;
Trevor;22:12:50;20:16:24;-1588.754,-168.3268,-168.3268;True,OffRoad,REBEL02,0,001390946,1;;;
Trevor;22:12:51;20:16:24;-1588.755,-168.327,-168.327;True,OffRoad,REBEL02,0,001950215,1;;;
Trevor;22:12:51;20:16:25;-1588.755,-168.3272,-168.3272;True,OffRoad,REBEL02,0,002713196,1;;;
Trevor;22:12:52;20:16:25;-1588.754,-168.3266,-168.3266;True,OffRoad,REBEL02,0,004445091,1;;;
Trevor;22:12:52;20:16:26;-1588.755,-168.3269,-168.3269;True,OffRoad,REBEL02,0,001060446,1;;;
Trevor;22:12:53;20:16:26;-1588.755,-168.327,-168.327;True,OffRoad,REBEL02,0,002424712,0;;;
Trevor;22:12:53;20:16:27;-1588.736,-168.3433,-168.3433;True,OffRoad,REBEL02,0,3511771,1;;;
Trevor;22:12:54;20:16:27;-1588.344,-168.8902,-168.8902;True,OffRoad,REBEL02,2,36213,1;;;
Trevor;22:12:54;20:16:28;-1587.605,-170.0343,-170.0343;True,OffRoad,REBEL02,3,323107,1;;;
Trevor;22:12:55;20:16:29;-1586.427,-172.2848,-172.2848;True,OffRoad,REBEL02,6,521628,1;;;
Trevor;22:12:55;20:16:29;-1584.819,-176.523,-176.523;True,OffRoad,REBEL02,10,66255,0;;;
Trevor;22:12:56;20:16:30;-1584.363,-181.3899,-181.3899;True,OffRoad,REBEL02,8,293596,0;;;
Trevor;22:12:56;20:16:30;-1585.724,-185.644,-185.644;True,OffRoad,REBEL02,9,732764,1;;;
Trevor;22:12:57;20:16:31;-1588.562,-190.0943,-190.0943;True,OffRoad,REBEL02,9,835827,1;;;
Trevor;22:12:58;20:16:31;-1592.77,-194.0252,-194.0252;True,OffRoad,REBEL02,13,07994,1;;;
Trevor;22:12:58;20:16:32;-1598.51,-199.4099,-199.4099;True,OffRoad,REBEL02,16,34588,1;;;
Trevor;22:12:59;20:16:32;-1603.421,-205.9979,-205.9979;True,OffRoad,REBEL02,15,1303,1;;;
Trevor;22:12:59;20:16:33;-1607.976,-213.0903,-213.0903;True,OffRoad,REBEL02,17,55537,1;;;
Trevor;22:13:00;20:16:33;-1611.809,-221.3693,-221.3693;True,OffRoad,REBEL02,16,70456,0;;;
Trevor;22:13:00;20:16:34;-1614.331,-229.1755,-229.1755;True,OffRoad,REBEL02,14,90625,0;;;
Trevor;22:13:01;20:16:34;-1615.725,-236.5295,-236.5295;True,OffRoad,REBEL02,14,10114,0;;;
Trevor;22:13:01;20:16:35;-1616.795,-243.328,-243.328;True,OffRoad,REBEL02,12,40857,0;;;
Trevor;22:13:02;20:16:35;-1616.928,-249.63,-249.63;True,OffRoad,REBEL02,11,56633,0;;;
Trevor;22:13:02;20:16:36;-1615.91,-255.2052,-255.2052;True,OffRoad,REBEL02,9,968674,0;;;
Trevor;22:13:03;20:16:36;-1615.076,-259.9979,-259.9979;True,OffRoad,REBEL02,8,493261,0;;;
Trevor;22:13:03;20:16:37;-1614.981,-263.9483,-263.9483;True,OffRoad,REBEL02,6,871462,0;;;
Trevor;22:13:04;20:16:37;-1615.07,-267.1403,-267.1403;True,OffRoad,REBEL02,5,50523,0;;;
Trevor;22:13:04;20:16:38;-1615.165,-269.6694,-269.6694;True,OffRoad,REBEL02,4,67557,1;;;
Trevor;22:13:05;20:16:38;-1615.507,-271.6435,-271.6435;True,OffRoad,REBEL02,3,090908,0;;;
Trevor;22:13:05;20:16:39;-1615.795,-272.8835,-272.8835;True,OffRoad,REBEL02,1,811067,0;;;
Trevor;22:13:06;20:16:39;-1616.006,-273.5548,-273.5548;True,OffRoad,REBEL02,1,080875,0;;;
Trevor;22:13:06;20:16:40;-1616.069,-273.7689,-273.7689;True,OffRoad,REBEL02,0,01622369,0;;;
Trevor;22:13:07;20:16:41;-1616.094,-273.873,-273.873;True,OffRoad,REBEL02,0,2722821,1;;;
Trevor;22:13:07;20:16:41;-1616.108,-273.9339,-273.9339;True,OffRoad,REBEL02,0,5674337,1;;;
Trevor;22:13:08;20:16:42;-1616.158,-274.1599,-274.1599;True,OffRoad,REBEL02,0,002749932,0;;;
Trevor;22:13:08;20:16:42;-1616.184,-274.269,-274.269;True,OffRoad,REBEL02,0,005467369,0;;;
Trevor;22:13:09;20:16:43;-1616.223,-274.4377,-274.4377;True,OffRoad,REBEL02,0,1707979,0;;;
Trevor;22:13:10;20:16:43;-1616.278,-274.679,-274.679;True,OffRoad,REBEL02,0,3805682,0;;;
Trevor;22:13:10;20:16:44;-1616.301,-274.7806,-274.7806;True,OffRoad,REBEL02,0,4248601,1;;;
Trevor;22:13:11;20:16:44;-1616.319,-274.8574,-274.8574;True,OffRoad,REBEL02,0,419502,0;;;
Trevor;22:13:11;20:16:45;-1616.363,-275.0512,-275.0512;True,OffRoad,REBEL02,0,699882,0;;;
Trevor;22:13:12;20:16:45;-1616.441,-275.3943,-275.3943;True,OffRoad,REBEL02,0,5182635,1;;;
Trevor;22:13:12;20:16:46;-1616.454,-275.4503,-275.4503;True,OffRoad,REBEL02,0,1694618,1;;;
Trevor;22:13:13;20:16:46;-1616.51,-275.694,-275.694;True,OffRoad,REBEL02,0,2211953,1;;;
Trevor;22:13:13;20:16:47;-1616.572,-275.9626,-275.9626;True,OffRoad,REBEL02,0,3511404,1;;;
Trevor;22:13:14;20:16:47;-1616.583,-275.9818,-275.9818;True,OffRoad,REBEL02,0,00559629,0;;;
Trevor;22:13:14;20:16:48;-1616.578,-275.9829,-275.9829;True,OffRoad,REBEL02,0,0119648,0;;;
Trevor;22:13:15;20:16:48;-1616.578,-275.9854,-275.9854;True,OffRoad,REBEL02,0,004070486,1;;;
Trevor;22:13:15;20:16:49;-1616.58,-275.984,-275.984;True,OffRoad,REBEL02,0,01162107,1;;;
Trevor;22:13:16;20:16:49;-1616.581,-275.9838,-275.9838;True,OffRoad,REBEL02,0,01757082,0;;;
Trevor;22:13:16;20:16:50;-1616.579,-275.9843,-275.9843;True,OffRoad,REBEL02,0,0;;;
Trevor;22:13:17;20:16:50;-1616.579,-275.9854,-275.9854;True,OffRoad,REBEL02,0,03164712,1;;;
Trevor;22:13:17;20:16:51;-1616.579,-275.9903,-275.9903;True,OffRoad,REBEL02,0,004628294,1;;;
Trevor;22:13:18;20:16:51;-1616.583,-275.9898,-275.9898;True,OffRoad,REBEL02,0,01675704,1;;;
Trevor;22:13:18;20:16:52;-1616.586,-275.9903,-275.9903;True,OffRoad,REBEL02,0,009614627,0;;;
Trevor;22:13:19;20:16:53;-1616.58,-275.9914,-275.9914;True,OffRoad,REBEL02,0,0;;;
Trevor;22:13:19;20:16:53;-1616.58,-275.9914,-275.9914;True,OffRoad,REBEL02,0,0;;;
Trevor;22:13:20;20:16:54;-1616.58,-275.9914,-275.9914;True,OffRoad,REBEL02,0,0;;;
Trevor;22:13:20;20:16:54;-1616.637,-276.248,-276.248;True,OffRoad,REBEL02,1,452,1;;;
Trevor;22:13:21;20:16:55;-1616.979,-277.7565,-277.7565;True,OffRoad,REBEL02,4,611724,1;;;
Trevor;22:13:22;20:16:55;-1617.709,-280.9562,-280.9562;True,OffRoad,REBEL02,7,760511,1;;;
Trevor;22:13:22;20:16:56;-1618.357,-285.4464,-285.4464;True,OffRoad,REBEL02,8,386509,0;;;
Trevor;22:13:23;20:16:56;-1617.416,-289.6261,-289.6261;True,OffRoad,REBEL02,9,572427,1;;;
Trevor;22:13:23;20:16:57;-1614.874,-294.2061,-294.2061;True,OffRoad,REBEL02,9,677503,1;;;
Trevor;22:13:24;20:16:57;-1610.942,-298.1686,-298.1686;True,OffRoad,REBEL02,12,02997,1;;;
Trevor;22:13:24;20:16:58;-1605.39,-302.8731,-302.8731;True,OffRoad,REBEL02,16,05289,1;;;
Trevor;22:13:25;20:16:58;-1598.928,-309.2162,-309.2162;True,OffRoad,REBEL02,17,18986,0;;;
Trevor;22:13:25;20:16:59;-1593.21,-315.0941,-315.0941;True,OffRoad,REBEL02,12,98273,0;;;
Trevor;22:13:26;20:16:59;-1589.336,-320.1653,-320.1653;True,OffRoad,REBEL02,11,59688,0;;;
Trevor;22:13:26;20:17:00;-1586.225,-324.9226,-324.9226;True,OffRoad,REBEL02,10,38036,0;;;
Trevor;22:13:27;20:17:00;-1583.496,-329.1899,-329.1899;True,OffRoad,REBEL02,9,168145,0;;;
Trevor;22:13:27;20:17:01;-1580.934,-332.799,-332.799;True,OffRoad,REBEL02,7,76914,0;;;
Trevor;22:13:28;20:17:01;-1578.806,-335.0244,-335.0244;True,OffRoad,REBEL02,3,665894,0;;;
Trevor;22:13:28;20:17:02;-1577.64,-336.0611,-336.0611;True,OffRoad,REBEL02,1,376917,0;;;
Trevor;22:13:29;20:17:02;-1577.519,-336.0521,-336.0521;True,OffRoad,REBEL02,0,04477724,0;;;
Trevor;22:13:29;20:17:03;-1577.516,-336.0483,-336.0483;True,OffRoad,REBEL02,0,0;;;
Trevor;22:13:30;20:17:04;-1577.516,-336.0483,-336.0483;True,OffRoad,REBEL02,0,0;;;
Trevor;22:13:30;20:17:04;-1577.516,-336.0483,-336.0483;True,OffRoad,REBEL02,0,0;;;
Trevor;22:13:31;20:17:05;-1577.516,-336.0483,-336.0483;True,OffRoad,REBEL02,0,0;;;
Trevor;22:13:31;20:17:05;-1577.516,-336.0483,-336.0483;True,OffRoad,REBEL02,0,0;;;
Trevor;22:13:32;20:17:06;-1577.516,-336.0483,-336.0483;True,OffRoad,REBEL02,0,0;;;
Trevor;22:13:32;20:17:06;-1577.516,-336.0483,-336.0483;True,OffRoad,REBEL02,0,0;;;
Trevor;22:13:33;20:17:07;-1577.516,-336.0483,-336.0483;True,OffRoad,REBEL02,0,0;;;
Trevor;22:13:34;20:17:07;-1577.516,-336.0483,-336.0483;True,OffRoad,REBEL02,0,0;;;
Trevor;22:13:34;20:17:08;-1577.516,-336.0483,-336.0483;True,OffRoad,REBEL02,0,0;;;
Trevor;22:13:35;20:17:08;-1577.516,-336.0483,-336.0483;True,OffRoad,REBEL02,0,0;;;
Trevor;22:13:35;20:17:09;-1577.516,-336.0483,-336.0483;True,OffRoad,REBEL02,0,0;;;
Trevor;22:13:36;20:17:09;-1577.516,-336.0483,-336.0483;True,OffRoad,REBEL02,0,0;;;
Trevor;22:13:36;20:17:10;-1577.516,-336.0483,-336.0483;True,OffRoad,REBEL02,0,0;;;
Trevor;22:13:37;20:17:10;-1577.516,-336.0483,-336.0483;True,OffRoad,REBEL02,0,0;;;
Trevor;22:13:37;20:17:11;-1577.516,-336.0483,-336.0483;True,OffRoad,REBEL02,0,0;;;
Trevor;22:13:38;20:17:11;-1577.516,-336.0483,-336.0483;True,OffRoad,REBEL02,0,0;;;
Trevor;22:13:38;20:17:12;-1577.516,-336.0483,-336.0483;True,OffRoad,REBEL02,0,0;;;
Trevor;22:13:39;20:17:12;-1577.516,-336.0483,-336.0483;True,OffRoad,REBEL02,0,0;;;
Trevor;22:13:39;20:17:13;-1577.516,-336.0483,-336.0483;True,OffRoad,REBEL02,0,0;;;
Trevor;22:13:40;20:17:13;-1577.516,-336.0483,-336.0483;True,OffRoad,REBEL02,0,0;;;
Trevor;22:13:40;20:17:14;-1577.516,-336.0483,-336.0483;True,OffRoad,REBEL02,0,0;;;
Trevor;22:13:41;20:17:14;-1577.432,-336.1342,-336.1342;True,OffRoad,REBEL02,0,9630005,1;;;
Trevor;22:13:41;20:17:15;-1576.597,-337.0347,-337.0347;True,OffRoad,REBEL02,3,900758,1;;;
Trevor;22:13:42;20:17:15;-1574.74,-339.4456,-339.4456;True,OffRoad,REBEL02,8,005322,1;;;
Trevor;22:13:42;20:17:16;-1572.795,-343.6166,-343.6166;True,OffRoad,REBEL02,8,213202,0;;;
Trevor;22:13:43;20:17:17;-1572.945,-347.3841,-347.3841;True,OffRoad,REBEL02,7,518085,1;;;
Trevor;22:13:43;20:17:17;-1574.469,-352.1742,-352.1742;True,OffRoad,REBEL02,10,00953,0;;;
Trevor;22:13:44;20:17:18;-1577.1,-357.0659,-357.0659;True,OffRoad,REBEL02,12,30351,1;;;
Trevor;22:13:44;20:17:18;-1581.07,-363.1605,-363.1605;True,OffRoad,REBEL02,15,48379,1;;;
Trevor;22:13:45;20:17:19;-1586.3,-370.2315,-370.2315;True,OffRoad,REBEL02,17,32974,0;;;
Trevor;22:13:46;20:17:19;-1591.602,-377.1629,-377.1629;True,OffRoad,REBEL02,15,97449,0;;;
Trevor;22:13:46;20:17:20;-1596.493,-383.4733,-383.4733;True,OffRoad,REBEL02,14,66256,0;;;
Trevor;22:13:47;20:17:20;-1600.963,-389.185,-389.185;True,OffRoad,REBEL02,13,39673,0;;;
Trevor;22:13:47;20:17:21;-1605.117,-394.4241,-394.4241;True,OffRoad,REBEL02,12,12049,0;;;
Trevor;22:13:48;20:17:21;-1608.89,-399.1078,-399.1078;True,OffRoad,REBEL02,10,88214,0;;;
Trevor;22:13:48;20:17:22;-1612.238,-403.2005,-403.2005;True,OffRoad,REBEL02,9,679081,0;;;
Trevor;22:13:49;20:17:22;-1615.3,-406.8862,-406.8862;True,OffRoad,REBEL02,8,456235,0;;;
Trevor;22:13:49;20:17:23;-1617.927,-410.0015,-410.0015;True,OffRoad,REBEL02,7,277048,0;;;
Trevor;22:13:50;20:17:23;-1620.16,-412.6621,-412.6621;True,OffRoad,REBEL02,6,01104,0;;;
Trevor;22:13:50;20:17:24;-1621.823,-414.9106,-414.9106;True,OffRoad,REBEL02,4,852201,0;;;
Trevor;22:13:51;20:17:24;-1623.144,-416.6818,-416.6818;True,OffRoad,REBEL02,3,69134,0;;;
Trevor;22:13:51;20:17:25;-1624.305,-418.2124,-418.2124;True,OffRoad,REBEL02,3,350902,0;;;
Trevor;22:13:52;20:17:25;-1625.185,-419.363,-419.363;True,OffRoad,REBEL02,2,186086,0;;;
Trevor;22:13:52;20:17:26;-1625.647,-420.0522,-420.0522;True,OffRoad,REBEL02,1,037919,0;;;
Trevor;22:13:53;20:17:26;-1625.838,-420.3912,-420.3912;True,OffRoad,REBEL02,1,159656,1;;;
Trevor;22:13:53;20:17:27;-1626.019,-420.755,-420.755;True,OffRoad,REBEL02,0,2088057,0;;;
Trevor;22:13:54;20:17:28;-1626.193,-420.9326,-420.9326;True,OffRoad,REBEL02,0,829025,1;;;
Trevor;22:13:54;20:17:28;-1626.28,-421.0577,-421.0577;True,OffRoad,REBEL02,0,01915919,0;;;
Trevor;22:13:55;20:17:29;-1626.282,-421.0603,-421.0603;True,OffRoad,REBEL02,0,1228738,1;;;
Trevor;22:13:55;20:17:29;-1626.567,-421.3388,-421.3388;True,OffRoad,REBEL02,0,7094289,0;;;
Trevor;22:13:56;20:17:30;-1627.209,-421.9062,-421.9062;True,OffRoad,REBEL02,2,984629,1;;;
Trevor;22:13:56;20:17:30;-1629.22,-423.4451,-423.4451;True,OffRoad,REBEL02,6,994489,1;;;
Trevor;22:13:57;20:17:31;-1632.393,-426.0633,-426.0633;True,OffRoad,REBEL02,8,28619,1;;;
Trevor;22:13:58;20:17:31;-1635.748,-429.8753,-429.8753;True,OffRoad,REBEL02,10,19337,0;;;
Trevor;22:13:58;20:17:32;-1638.704,-434.4676,-434.4676;True,OffRoad,REBEL02,11,2524,1;;;
Trevor;22:13:59;20:17:32;-1641,-439.7311,-439.7311;True,OffRoad,REBEL02,10,80383,1;;;
Trevor;22:13:59;20:17:33;-1642.046,-445.7185,-445.7185;True,OffRoad,REBEL02,12,46128,0;;;
Trevor;22:14:00;20:17:33;-1641.409,-451.6431,-451.6431;True,OffRoad,REBEL02,10,59946,1;;;
Trevor;22:14:00;20:17:34;-1639.073,-456.7921,-456.7921;True,OffRoad,REBEL02,10,91109,1;;;
Trevor;22:14:01;20:17:34;-1635.165,-461.0392,-461.0392;True,OffRoad,REBEL02,11,32942,1;;;
Trevor;22:14:01;20:17:35;-1630.751,-464.8235,-464.8235;True,OffRoad,REBEL02,11,34318,0;;;
Trevor;22:14:02;20:17:35;-1626.426,-468.7003,-468.7003;True,OffRoad,REBEL02,11,86318,1;;;
Trevor;22:14:02;20:17:36;-1620.995,-473.1095,-473.1095;True,OffRoad,REBEL02,14,39542,0;;;
Trevor;22:14:03;20:17:36;-1615.541,-478.3011,-478.3011;True,OffRoad,REBEL02,13,70364,0;;;
Trevor;22:14:03;20:17:37;-1611.076,-483.2992,-483.2992;True,OffRoad,REBEL02,12,23929,0;;;
Trevor;22:14:04;20:17:37;-1606.742,-487.4576,-487.4576;True,OffRoad,REBEL02,10,97369,0;;;
Trevor;22:14:04;20:17:38;-1603.221,-491.3929,-491.3929;True,OffRoad,REBEL02,9,575055,0;;;
Trevor;22:14:05;20:17:38;-1600.601,-494.9249,-494.9249;True,OffRoad,REBEL02,5,896823,0;;;
Trevor;22:14:05;20:17:39;-1599.613,-496.9847,-496.9847;True,OffRoad,REBEL02,3,725444,0;;;
Trevor;22:14:06;20:17:39;-1598.872,-498.6218,-498.6218;True,OffRoad,REBEL02,3,981692,1;;;
Trevor;22:14:06;20:17:40;-1598.02,-501.5116,-501.5116;True,OffRoad,REBEL02,7,77966,1;;;
Trevor;22:14:07;20:17:41;-1597.509,-506.436,-506.436;True,OffRoad,REBEL02,10,2194,0;;;
Trevor;22:14:07;20:17:41;-1598.526,-511.4809,-511.4809;True,OffRoad,REBEL02,10,63412,1;;;
Trevor;22:14:08;20:17:42;-1601.536,-517.1813,-517.1813;True,OffRoad,REBEL02,13,66152,1;;;
Trevor;22:14:09;20:17:42;-1606.488,-523.0316,-523.0316;True,OffRoad,REBEL02,15,54967,1;;;
Trevor;22:14:09;20:17:43;-1612.519,-528.6683,-528.6683;True,OffRoad,REBEL02,15,07055,0;;;
Trevor;22:14:10;20:17:43;-1617.767,-533.8714,-533.8714;True,OffRoad,REBEL02,13,23412,0;;;
Trevor;22:14:10;20:17:44;-1621.63,-539.1258,-539.1258;True,OffRoad,REBEL02,11,54098,0;;;
Trevor;22:14:11;20:17:44;-1624.281,-544.0637,-544.0637;True,OffRoad,REBEL02,10,0021,0;;;
Trevor;22:14:11;20:17:45;-1626.464,-548.3712,-548.3712;True,OffRoad,REBEL02,8,327476,1;;;
Trevor;22:14:12;20:17:45;-1628.983,-551.6656,-551.6656;True,OffRoad,REBEL02,8,678698,1;;;
Trevor;22:14:12;20:17:46;-1632.555,-555.5059,-555.5059;True,OffRoad,REBEL02,9,985538,0;;;
Trevor;22:14:13;20:17:46;-1636.638,-559.3183,-559.3183;True,OffRoad,REBEL02,12,10449,1;;;
Trevor;22:14:13;20:17:47;-1641.385,-563.7453,-563.7453;True,OffRoad,REBEL02,12,65725,1;;;
Trevor;22:14:14;20:17:47;-1645.24,-569.0811,-569.0811;True,OffRoad,REBEL02,11,67146,0;;;
Trevor;22:14:14;20:17:48;-1646.687,-574.3069,-574.3069;True,OffRoad,REBEL02,9,554237,0;;;
Trevor;22:14:15;20:17:48;-1646.459,-579.3785,-579.3785;True,OffRoad,REBEL02,9,847318,1;;;
Trevor;22:14:15;20:17:49;-1645.032,-584.1774,-584.1774;True,OffRoad,REBEL02,9,789951,1;;;
Trevor;22:14:16;20:17:49;-1643.15,-588.6897,-588.6897;True,OffRoad,REBEL02,9,194262,1;;;
Trevor;22:14:16;20:17:50;-1640.406,-593.1348,-593.1348;True,OffRoad,REBEL02,9,846777,0;;;
Trevor;22:14:17;20:17:50;-1636.678,-597.0562,-597.0562;True,OffRoad,REBEL02,11,36825,1;;;
Trevor;22:14:17;20:17:51;-1631.648,-601.492,-601.492;True,OffRoad,REBEL02,14,10403,1;;;
Trevor;22:14:18;20:17:52;-1625.096,-606.5221,-606.5221;True,OffRoad,REBEL02,17,12643,1;;;
Trevor;22:14:18;20:17:52;-1617.681,-612.2892,-612.2892;True,OffRoad,REBEL02,17,70428,0;;;
Trevor;22:14:19;20:17:53;-1611.466,-617.8476,-617.8476;True,OffRoad,REBEL02,14,23851,0;;;
Trevor;22:14:19;20:17:53;-1606.236,-622.59,-622.59;True,OffRoad,REBEL02,12,83712,0;;;
Trevor;22:14:20;20:17:54;-1601.386,-626.5975,-626.5975;True,OffRoad,REBEL02,11,41587,0;;;
Trevor;22:14:21;20:17:54;-1596.995,-630.1001,-630.1001;True,OffRoad,REBEL02,10,09884,0;;;
Trevor;22:14:21;20:17:55;-1593.079,-633.21,-633.21;True,OffRoad,REBEL02,9,74038,1;;;
Trevor;22:14:22;20:17:55;-1589.22,-636.2666,-636.2666;True,OffRoad,REBEL02,8,808084,0;;;
Trevor;22:14:22;20:17:56;-1585.9,-638.8978,-638.8978;True,OffRoad,REBEL02,7,420621,0;;;
Trevor;22:14:23;20:17:56;-1583.157,-641.0707,-641.0707;True,OffRoad,REBEL02,6,050807,0;;;
Trevor;22:14:23;20:17:57;-1580.971,-642.8022,-642.8022;True,OffRoad,REBEL02,4,681643,0;;;
Trevor;22:14:24;20:17:57;-1579.358,-644.0801,-644.0801;True,OffRoad,REBEL02,3,338205,0;;;
Trevor;22:14:24;20:17:58;-1578.282,-644.9326,-644.9326;True,OffRoad,REBEL02,1,997918,0;;;
Trevor;22:14:25;20:17:58;-1577.501,-645.5471,-645.5471;True,OffRoad,REBEL02,1,878738,0;;;
Trevor;22:14:25;20:17:59;-1576.438,-646.3917,-646.3917;True,OffRoad,REBEL02,3,991228,1;;;
Trevor;22:14:26;20:17:59;-1574.86,-647.6473,-647.6473;True,OffRoad,REBEL02,3,227942,0;;;
Trevor;22:14:26;20:18:00;-1573.641,-648.6721,-648.6721;True,OffRoad,REBEL02,2,919176,0;;;
Trevor;22:14:27;20:18:00;-1572.768,-649.425,-649.425;True,OffRoad,REBEL02,1,544381,0;;;
Trevor;22:14:27;20:18:01;-1572.385,-649.767,-649.767;True,OffRoad,REBEL02,0,9918938,1;;;
Trevor;22:14:28;20:18:01;-1571.911,-650.1778,-650.1778;True,OffRoad,REBEL02,1,548441,1;;;
Trevor;22:14:28;20:18:02;-1571.252,-650.7507,-650.7507;True,OffRoad,REBEL02,1,438555,0;;;
Trevor;22:14:29;20:18:02;-1570.824,-651.1223,-651.1223;True,OffRoad,REBEL02,0,6704879,1;;;
Trevor;22:14:29;20:18:03;-1570.508,-651.397,-651.397;True,OffRoad,REBEL02,0,3581418,0;;;
Trevor;22:14:30;20:18:04;-1570.491,-651.4106,-651.4106;True,OffRoad,REBEL02,0,0;;;
Trevor;22:14:30;20:18:04;-1570.445,-651.4512,-651.4512;True,OffRoad,REBEL02,0,6094559,1;;;
Trevor;22:14:31;20:18:05;-1570.213,-651.6534,-651.6534;True,OffRoad,REBEL02,0,03188951,0;;;
Trevor;22:14:31;20:18:05;-1570.215,-651.6519,-651.6519;True,OffRoad,REBEL02,0,0;;;
Trevor;22:14:32;20:18:06;-1570.161,-651.6991,-651.6991;True,OffRoad,REBEL02,0,03522208,1;;;
Trevor;22:14:33;20:18:06;-1569.789,-652.025,-652.025;True,OffRoad,REBEL02,2,063657,1;;;
Trevor;22:14:33;20:18:07;-1568.355,-653.2876,-653.2876;True,OffRoad,REBEL02,5,3856,1;;;
Trevor;22:14:34;20:18:07;-1565.679,-655.6467,-655.6467;True,OffRoad,REBEL02,6,970829,0;;;
Trevor;22:14:34;20:18:08;-1563.236,-657.7925,-657.7925;True,OffRoad,REBEL02,5,549302,0;;;
Trevor;22:14:35;20:18:08;-1561.267,-659.5208,-659.5208;True,OffRoad,REBEL02,5,30936,1;;;
Trevor;22:14:35;20:18:09;-1558.519,-661.9384,-661.9384;True,OffRoad,REBEL02,8,882125,1;;;
Trevor;22:14:36;20:18:09;-1554.546,-665.4378,-665.4378;True,OffRoad,REBEL02,9,819879,0;;;
Trevor;22:14:36;20:18:10;-1550.425,-669.0737,-669.0737;True,OffRoad,REBEL02,11,46232,1;;;
Trevor;22:14:37;20:18:10;-1546.025,-672.9561,-672.9561;True,OffRoad,REBEL02,10,56116,0;;;
Trevor;22:14:37;20:18:11;-1541.786,-676.2179,-676.2179;True,OffRoad,REBEL02,10,74397,1;;;
Trevor;22:14:38;20:18:11;-1537.21,-679.4844,-679.4844;True,OffRoad,REBEL02,11,36346,1;;;
Trevor;22:14:38;20:18:12;-1532.103,-683.2672,-683.2672;True,OffRoad,REBEL02,13,19092,1;;;
Trevor;22:14:39;20:18:12;-1526.56,-688.2625,-688.2625;True,OffRoad,REBEL02,15,9199,1;;;
Trevor;22:14:39;20:18:13;-1520.434,-693.7693,-693.7693;True,OffRoad,REBEL02,15,04112,0;;;
Trevor;22:14:40;20:18:13;-1514.594,-698.2208,-698.2208;True,OffRoad,REBEL02,13,46485,0;;;
Trevor;22:14:40;20:18:14;-1509.25,-702.4521,-702.4521;True,OffRoad,REBEL02,13,66648,1;;;
Trevor;22:14:41;20:18:14;-1503.759,-707.095,-707.095;True,OffRoad,REBEL02,13,2362,0;;;
Trevor;22:14:41;20:18:15;-1498.269,-711.7574,-711.7574;True,OffRoad,REBEL02,13,94252,0;;;
Trevor;22:14:42;20:18:16;-1492.989,-716.2131,-716.2131;True,OffRoad,REBEL02,12,64387,0;;;
Trevor;22:14:42;20:18:16;-1487.677,-720.6697,-720.6697;True,OffRoad,REBEL02,14,47157,1;;;
Trevor;22:14:43;20:18:17;-1481.418,-725.9266,-725.9266;True,OffRoad,REBEL02,15,85155,0;;;
Trevor;22:14:43;20:18:17;-1475.865,-730.5356,-730.5356;True,OffRoad,REBEL02,12,65269,0;;;
Trevor;22:14:44;20:18:18;-1471.532,-734.1534,-734.1534;True,OffRoad,REBEL02,8,752038,0;;;
Trevor;22:14:45;20:18:18;-1468.662,-736.5604,-736.5604;True,OffRoad,REBEL02,5,701681,0;;;
Trevor;22:14:45;20:18:19;-1466.924,-738.023,-738.023;True,OffRoad,REBEL02,2,21918,0;;;
Trevor;22:14:46;20:18:19;-1466.285,-738.5667,-738.5667;True,OffRoad,REBEL02,1,006352,0;;;
Trevor;22:14:46;20:18:20;-1466.121,-738.7051,-738.7051;True,OffRoad,REBEL02,0,01185499,0;;;
Trevor;22:14:47;20:18:20;-1466.124,-738.7034,-738.7034;True,OffRoad,REBEL02,0,0;;;
Trevor;22:14:47;20:18:21;-1466.124,-738.7034,-738.7034;True,OffRoad,REBEL02,0,0;;;
Trevor;22:14:48;20:18:21;-1466.124,-738.7034,-738.7034;True,OffRoad,REBEL02,0,0;;;
Trevor;22:14:48;20:18:22;-1466.124,-738.7034,-738.7034;True,OffRoad,REBEL02,0,0;;;
Trevor;22:14:49;20:18:22;-1466.124,-738.7034,-738.7034;True,OffRoad,REBEL02,0,0;;;
Trevor;22:14:49;20:18:23;-1466.124,-738.7034,-738.7034;True,OffRoad,REBEL02,0,0;;;
Trevor;22:14:50;20:18:23;-1466.124,-738.7034,-738.7034;True,OffRoad,REBEL02,0,0;;;
Trevor;22:14:50;20:18:24;-1466.124,-738.7034,-738.7034;True,OffRoad,REBEL02,0,0;;;
Trevor;22:14:51;20:18:24;-1466.124,-738.7034,-738.7034;True,OffRoad,REBEL02,0,0;;;
Trevor;22:14:51;20:18:25;-1466.124,-738.7034,-738.7034;True,OffRoad,REBEL02,0,0;;;
Trevor;22:14:52;20:18:25;-1466.124,-738.7034,-738.7034;True,OffRoad,REBEL02,0,0;;;
Trevor;22:14:52;20:18:26;-1466.124,-738.7034,-738.7034;True,OffRoad,REBEL02,0,0;;;
Trevor;22:14:53;20:18:26;-1466.124,-738.7034,-738.7034;True,OffRoad,REBEL02,0,0;;;
Trevor;22:14:53;20:18:27;-1466.124,-738.7034,-738.7034;True,OffRoad,REBEL02,0,0;;;
Trevor;22:14:54;20:18:28;-1466.124,-738.7034,-738.7034;True,OffRoad,REBEL02,0,0;;;
Trevor;22:14:54;20:18:28;-1466.124,-738.7034,-738.7034;True,OffRoad,REBEL02,0,0;;;
Trevor;22:14:55;20:18:29;-1466.124,-738.7034,-738.7034;True,OffRoad,REBEL02,0,0;;;
Trevor;22:14:55;20:18:29;-1466.124,-738.7034,-738.7034;True,OffRoad,REBEL02,0,0;;;
Trevor;22:14:56;20:18:30;-1466.124,-738.7034,-738.7034;True,OffRoad,REBEL02,0,0;;;
Trevor;22:14:56;20:18:30;-1466.124,-738.7034,-738.7034;True,OffRoad,REBEL02,0,0;;;
Trevor;22:14:57;20:18:31;-1466.124,-738.7034,-738.7034;True,OffRoad,REBEL02,0,0;;;
Trevor;22:14:58;20:18:31;-1466.124,-738.7034,-738.7034;True,OffRoad,REBEL02,0,0;;;
Trevor;22:14:58;20:18:32;-1466.124,-738.7034,-738.7034;True,OffRoad,REBEL02,0,0;;;
Trevor;22:14:59;20:18:32;-1466.124,-738.7034,-738.7034;True,OffRoad,REBEL02,0,0;;;
Trevor;22:14:59;20:18:33;-1466.124,-738.7034,-738.7034;True,OffRoad,REBEL02,0,0;;;
Trevor;22:15:00;20:18:33;-1466.124,-738.7034,-738.7034;True,OffRoad,REBEL02,0,0;;;
Trevor;22:15:00;20:18:34;-1466.124,-738.7034,-738.7034;True,OffRoad,REBEL02,0,0;;;
Trevor;22:15:01;20:18:34;-1466.124,-738.7034,-738.7034;True,OffRoad,REBEL02,0,0;;;
Trevor;22:15:01;20:18:35;-1466.124,-738.7034,-738.7034;True,OffRoad,REBEL02,0,0;;;
Trevor;22:15:02;20:18:35;-1466.124,-738.7034,-738.7034;True,OffRoad,REBEL02,0,0;;;
Trevor;22:15:02;20:18:36;-1466.124,-738.7034,-738.7034;True,OffRoad,REBEL02,0,0;;;
Trevor;22:15:03;20:18:36;-1466.124,-738.7034,-738.7034;True,OffRoad,REBEL02,0,0;;;
Trevor;22:15:03;20:18:37;-1466.124,-738.7034,-738.7034;True,OffRoad,REBEL02,0,0;;;
Trevor;22:15:04;20:18:37;-1466.124,-738.7034,-738.7034;True,OffRoad,REBEL02,0,0;;;
Trevor;22:15:04;20:18:38;-1466.124,-738.7034,-738.7034;True,OffRoad,REBEL02,0,0;;;
Trevor;22:15:05;20:18:38;-1466.124,-738.7034,-738.7034;True,OffRoad,REBEL02,0,0;;;
Trevor;22:15:05;20:18:39;-1466.124,-738.7034,-738.7034;True,OffRoad,REBEL02,0,0;;;
Trevor;22:15:06;20:18:39;-1466.124,-738.7034,-738.7034;True,OffRoad,REBEL02,0,0;;;
Trevor;22:15:06;20:18:40;-1466.124,-738.7034,-738.7034;True,OffRoad,REBEL02,0,0;;;
Trevor;22:15:07;20:18:41;-1466.124,-738.7034,-738.7034;True,OffRoad,REBEL02,0,0;;;
Trevor;22:15:07;20:18:41;-1466.124,-738.7034,-738.7034;True,OffRoad,REBEL02,0,0;;;
Trevor;22:15:08;20:18:42;-1466.122,-738.7046,-738.7046;True,OffRoad,REBEL02,0,0583722,1;;;
Trevor;22:15:08;20:18:42;-1466.08,-738.7404,-738.7404;True,OffRoad,REBEL02,0,004441576,0;;;
Trevor;22:15:09;20:18:43;-1466.08,-738.7402,-738.7402;True,OffRoad,REBEL02,0,0;;;
Trevor;22:15:10;20:18:43;-1466.012,-738.7986,-738.7986;True,OffRoad,REBEL02,0,8011965,1;;;
Trevor;22:15:10;20:18:44;-1465.247,-739.4518,-739.4518;True,OffRoad,REBEL02,2,132349,0;;;
Trevor;22:15:11;20:18:44;-1464.64,-739.9653,-739.9653;True,OffRoad,REBEL02,0,9079432,0;;;
Trevor;22:15:11;20:18:45;-1464.278,-740.2692,-740.2692;True,OffRoad,REBEL02,0,8330147,1;;;
Trevor;22:15:12;20:18:45;-1464.154,-740.3729,-740.3729;True,OffRoad,REBEL02,0,01556334,0;;;
Trevor;22:15:12;20:18:46;-1464.063,-740.45,-740.45;True,OffRoad,REBEL02,0,09905328,0;;;
Trevor;22:15:13;20:18:46;-1464.061,-740.451,-740.451;True,OffRoad,REBEL02,0,0;;;
Trevor;22:15:13;20:18:47;-1464.061,-740.451,-740.451;True,OffRoad,REBEL02,0,0;;;
Trevor;22:15:14;20:18:47;-1464.057,-740.4546,-740.4546;True,OffRoad,REBEL02,0,01145581,1;;;
Trevor;22:15:14;20:18:48;-1464.062,-740.4562,-740.4562;True,OffRoad,REBEL02,0,0149202,1;;;
Trevor;22:15:15;20:18:48;-1463.85,-740.6498,-740.6498;True,OffRoad,REBEL02,1,577894,1;;;
Trevor;22:15:15;20:18:49;-1462.591,-741.7619,-741.7619;True,OffRoad,REBEL02,5,091756,1;;;
Trevor;22:15:16;20:18:49;-1459.519,-744.4101,-744.4101;True,OffRoad,REBEL02,10,67322,1;;;
Trevor;22:15:16;20:18:50;-1455.458,-747.8688,-747.8688;True,OffRoad,REBEL02,10,45098,1;;;
Trevor;22:15:17;20:18:50;-1450.87,-751.7816,-751.7816;True,OffRoad,REBEL02,12,57313,1;;;
Trevor;22:15:17;20:18:51;-1445.494,-756.3639,-756.3639;True,OffRoad,REBEL02,14,63243,1;;;
Trevor;22:15:18;20:18:51;-1438.897,-761.8839,-761.8839;True,OffRoad,REBEL02,17,84706,1;;;
Trevor;22:15:18;20:18:52;-1431.942,-767.5878,-767.5878;True,OffRoad,REBEL02,16,39141,0;;;
Trevor;22:15:19;20:18:53;-1425.537,-772.8547,-772.8547;True,OffRoad,REBEL02,15,50093,0;;;
Trevor;22:15:19;20:18:53;-1419.492,-777.828,-777.828;True,OffRoad,REBEL02,14,59277,0;;;
Trevor;22:15:20;20:18:54;-1413.879,-782.4579,-782.4579;True,OffRoad,REBEL02,12,78321,0;;;
Trevor;22:15:20;20:18:54;-1409.476,-786.0821,-786.0821;True,OffRoad,REBEL02,9,217196,0;;;
Trevor;22:15:21;20:18:55;-1406.502,-788.5301,-788.5301;True,OffRoad,REBEL02,5,664225,0;;;
Trevor;22:15:22;20:18:55;-1404.911,-789.8402,-789.8402;True,OffRoad,REBEL02,2,309377,0;;;
Trevor;22:15:22;20:18:56;-1404.587,-790.0957,-790.0957;True,OffRoad,REBEL02,0,04812125,0;;;
Trevor;22:15:23;20:18:56;-1404.58,-790.1006,-790.1006;True,OffRoad,REBEL02,0,2360986,1;;;
Trevor;22:15:23;20:18:57;-1404.428,-790.2251,-790.2251;True,OffRoad,REBEL02,0,02704906,0;;;
Trevor;22:15:24;20:18:57;-1404.374,-790.2705,-790.2705;True,OffRoad,REBEL02,0,4043433,1;;;
Trevor;22:15:24;20:18:58;-1404.331,-790.3061,-790.3061;True,OffRoad,REBEL02,0,3236957,1;;;
Trevor;22:15:25;20:18:58;-1404.004,-790.6312,-790.6312;True,OffRoad,REBEL02,0,8089365,1;;;
Trevor;22:15:25;20:18:59;-1403.392,-791.0896,-791.0896;True,OffRoad,REBEL02,1,476115,0;;;
Trevor;22:15:26;20:18:59;-1403.044,-791.3768,-791.3768;True,OffRoad,REBEL02,0,298557,0;;;
Trevor;22:15:26;20:19:00;-1403.028,-791.389,-791.389;True,OffRoad,REBEL02,0,0;;;
Trevor;22:15:27;20:19:00;-1403.028,-791.389,-791.389;True,OffRoad,REBEL02,0,0;;;
Trevor;22:15:27;20:19:01;-1403.028,-791.389,-791.389;True,OffRoad,REBEL02,0,0;;;
Trevor;22:15:28;20:19:01;-1403.028,-791.389,-791.389;True,OffRoad,REBEL02,0,0;;;
Trevor;22:15:28;20:19:02;-1403.028,-791.389,-791.389;True,OffRoad,REBEL02,0,0;;;
Trevor;22:15:29;20:19:02;-1403.028,-791.389,-791.389;True,OffRoad,REBEL02,0,0;;;
Trevor;22:15:29;20:19:03;-1403.028,-791.389,-791.389;True,OffRoad,REBEL02,0,0;;;
Trevor;22:15:30;20:19:04;-1403.028,-791.389,-791.389;True,OffRoad,REBEL02,0,0;;;
Trevor;22:15:30;20:19:04;-1403.028,-791.389,-791.389;True,OffRoad,REBEL02,0,0;;;
Trevor;22:15:31;20:19:05;-1403.028,-791.389,-791.389;True,OffRoad,REBEL02,0,0;;;
Trevor;22:15:31;20:19:05;-1403.028,-791.389,-791.389;True,OffRoad,REBEL02,0,0;;;
Trevor;22:15:32;20:19:06;-1403.028,-791.389,-791.389;True,OffRoad,REBEL02,0,0;;;
Trevor;22:15:32;20:19:06;-1403.028,-791.389,-791.389;True,OffRoad,REBEL02,0,0;;;
Trevor;22:15:33;20:19:07;-1403.028,-791.389,-791.389;True,OffRoad,REBEL02,0,0;;;
Trevor;22:15:34;20:19:07;-1403.028,-791.389,-791.389;True,OffRoad,REBEL02,0,0;;;
Trevor;22:15:34;20:19:08;-1403.028,-791.389,-791.389;True,OffRoad,REBEL02,0,0;;;
Trevor;22:15:35;20:19:08;-1403.028,-791.389,-791.389;True,OffRoad,REBEL02,0,0;;;
Trevor;22:15:35;20:19:09;-1403.028,-791.389,-791.389;True,OffRoad,REBEL02,0,0;;;
Trevor;22:15:36;20:19:09;-1403.028,-791.389,-791.389;True,OffRoad,REBEL02,0,0;;;
Trevor;22:15:36;20:19:10;-1403.028,-791.389,-791.389;True,OffRoad,REBEL02,0,0;;;
Trevor;22:15:37;20:19:10;-1403.028,-791.389,-791.389;True,OffRoad,REBEL02,0,0;;;
Trevor;22:15:37;20:19:11;-1402.889,-791.5054,-791.5054;True,OffRoad,REBEL02,1,258766,1;;;
Trevor;22:15:38;20:19:11;-1401.723,-792.4693,-792.4693;True,OffRoad,REBEL02,4,756927,1;;;
Trevor;22:15:38;20:19:12;-1398.829,-794.8475,-794.8475;True,OffRoad,REBEL02,9,729407,1;;;
Trevor;22:15:39;20:19:12;-1394.856,-798.2852,-798.2852;True,OffRoad,REBEL02,10,10905,1;;;
Trevor;22:15:39;20:19:13;-1390.683,-802.4027,-802.4027;True,OffRoad,REBEL02,12,92717,1;;;
Trevor;22:15:40;20:19:13;-1385.288,-807.98,-807.98;True,OffRoad,REBEL02,15,93192,1;;;
Trevor;22:15:40;20:19:14;-1379.437,-813.7356,-813.7356;True,OffRoad,REBEL02,16,14768,1;;;
Trevor;22:15:41;20:19:14;-1373.488,-820.3495,-820.3495;True,OffRoad,REBEL02,17,26632,0;;;
Trevor;22:15:41;20:19:15;-1367.8,-826.619,-826.619;True,OffRoad,REBEL02,15,54329,0;;;
Trevor;22:15:42;20:19:15;-1360.632,-831.3735,-831.3735;True,OffRoad,REBEL02,18,28874,1;;;
Trevor;22:15:42;20:19:16;-1352.626,-837.6665,-837.6665;True,OffRoad,REBEL02,19,53451,0;;;
Trevor;22:15:43;20:19:17;-1345.554,-844.4583,-844.4583;True,OffRoad,REBEL02,17,78952,0;;;
Trevor;22:15:43;20:19:17;-1339.177,-850.7968,-850.7968;True,OffRoad,REBEL02,17,83457,1;;;
Trevor;22:15:44;20:19:18;-1332.782,-857.2705,-857.2705;True,OffRoad,REBEL02,16,46562,0;;;
Trevor;22:15:44;20:19:18;-1327.474,-863.51,-863.51;True,OffRoad,REBEL02,15,30939,0;;;
Trevor;22:15:45;20:19:19;-1322.964,-869.8586,-869.8586;True,OffRoad,REBEL02,14,60992,0;;;
Trevor;22:15:46;20:19:19;-1319.031,-875.9669,-875.9669;True,OffRoad,REBEL02,13,7474,0;;;
Trevor;22:15:46;20:19:20;-1315.339,-881.7596,-881.7596;True,OffRoad,REBEL02,12,93064,0;;;
Trevor;22:15:47;20:19:20;-1312.235,-886.6667,-886.6667;True,OffRoad,REBEL02,9,758924,0;;;
Trevor;22:15:47;20:19:21;-1310.044,-890.2188,-890.2188;True,OffRoad,REBEL02,6,174896,0;;;
Trevor;22:15:48;20:19:21;-1308.859,-892.1873,-892.1873;True,OffRoad,REBEL02,2,770423,0;;;
Trevor;22:15:48;20:19:22;-1308.561,-892.6782,-892.6782;True,OffRoad,REBEL02,0,04712462,0;;;
Trevor;22:15:49;20:19:22;-1308.564,-892.6714,-892.6714;True,OffRoad,REBEL02,0,0;;;
Trevor;22:15:49;20:19:23;-1308.564,-892.6714,-892.6714;True,OffRoad,REBEL02,0,0;;;
Trevor;22:15:50;20:19:23;-1308.564,-892.6714,-892.6714;True,OffRoad,REBEL02,0,0;;;
Trevor;22:15:50;20:19:24;-1308.564,-892.6714,-892.6714;True,OffRoad,REBEL02,0,0;;;
Trevor;22:15:51;20:19:24;-1308.564,-892.6714,-892.6714;True,OffRoad,REBEL02,0,0;;;
Trevor;22:15:51;20:19:25;-1308.564,-892.6714,-892.6714;True,OffRoad,REBEL02,0,0;;;
Trevor;22:15:52;20:19:25;-1308.564,-892.6714,-892.6714;True,OffRoad,REBEL02,0,0;;;
Trevor;22:15:52;20:19:26;-1308.564,-892.6714,-892.6714;True,OffRoad,REBEL02,0,0;;;
Trevor;22:15:53;20:19:26;-1308.564,-892.6714,-892.6714;True,OffRoad,REBEL02,0,0;;;
Trevor;22:15:53;20:19:27;-1308.564,-892.6714,-892.6714;True,OffRoad,REBEL02,0,0;;;
Trevor;22:15:54;20:19:27;-1308.564,-892.6714,-892.6714;True,OffRoad,REBEL02,0,0;;;
Trevor;22:15:54;20:19:28;-1308.564,-892.6714,-892.6714;True,OffRoad,REBEL02,0,0;;;
Trevor;22:15:55;20:19:29;-1308.564,-892.6714,-892.6714;True,OffRoad,REBEL02,0,0;;;
Trevor;22:15:55;20:19:29;-1308.564,-892.6714,-892.6714;True,OffRoad,REBEL02,0,0;;;
Trevor;22:15:56;20:19:30;-1308.564,-892.6714,-892.6714;True,OffRoad,REBEL02,0,0;;;
Trevor;22:15:56;20:19:30;-1308.564,-892.6714,-892.6714;True,OffRoad,REBEL02,0,0;;;
Trevor;22:15:57;20:19:31;-1308.564,-892.6714,-892.6714;True,OffRoad,REBEL02,0,0;;;
Trevor;22:15:58;20:19:31;-1308.564,-892.6714,-892.6714;True,OffRoad,REBEL02,0,0;;;
Trevor;22:15:58;20:19:32;-1308.564,-892.6714,-892.6714;True,OffRoad,REBEL02,0,0;;;
Trevor;22:15:59;20:19:32;-1308.564,-892.6714,-892.6714;True,OffRoad,REBEL02,0,0;;;
Trevor;22:15:59;20:19:33;-1308.564,-892.6714,-892.6714;True,OffRoad,REBEL02,0,0;;;
Trevor;22:16:00;20:19:33;-1308.564,-892.6714,-892.6714;True,OffRoad,REBEL02,0,0;;;
Trevor;22:16:00;20:19:34;-1308.564,-892.6714,-892.6714;True,OffRoad,REBEL02,0,0;;;
Trevor;22:16:01;20:19:34;-1308.564,-892.6714,-892.6714;True,OffRoad,REBEL02,0,0;;;
Trevor;22:16:01;20:19:35;-1308.564,-892.6714,-892.6714;True,OffRoad,REBEL02,0,0;;;
Trevor;22:16:02;20:19:35;-1308.564,-892.6714,-892.6714;True,OffRoad,REBEL02,0,0;;;
Trevor;22:16:02;20:19:36;-1308.564,-892.6714,-892.6714;True,OffRoad,REBEL02,0,0;;;
Trevor;22:16:03;20:19:36;-1308.564,-892.6714,-892.6714;True,OffRoad,REBEL02,0,0;;;
Trevor;22:16:03;20:19:37;-1308.564,-892.6714,-892.6714;True,OffRoad,REBEL02,0,0;;;
Trevor;22:16:04;20:19:37;-1308.564,-892.6714,-892.6714;True,OffRoad,REBEL02,0,0;;;
Trevor;22:16:04;20:19:38;-1308.564,-892.6714,-892.6714;True,OffRoad,REBEL02,0,0;;;
Trevor;22:16:05;20:19:38;-1308.564,-892.6714,-892.6714;True,OffRoad,REBEL02,0,0;;;
Trevor;22:16:05;20:19:39;-1308.564,-892.6714,-892.6714;True,OffRoad,REBEL02,0,0;;;
Trevor;22:16:06;20:19:39;-1308.564,-892.6714,-892.6714;True,OffRoad,REBEL02,0,0;;;
Trevor;22:16:06;20:19:40;-1308.564,-892.6714,-892.6714;True,OffRoad,REBEL02,0,0;;;
Trevor;22:16:07;20:19:41;-1308.564,-892.6714,-892.6714;True,OffRoad,REBEL02,0,0;;;
Trevor;22:16:07;20:19:41;-1308.564,-892.6714,-892.6714;True,OffRoad,REBEL02,0,0;;;
Trevor;22:16:08;20:19:42;-1308.564,-892.6714,-892.6714;True,OffRoad,REBEL02,0,0;;;
Trevor;22:16:08;20:19:42;-1308.564,-892.6714,-892.6714;True,OffRoad,REBEL02,0,0;;;
Trevor;22:16:09;20:19:43;-1308.564,-892.6714,-892.6714;True,OffRoad,REBEL02,0,0;;;
Trevor;22:16:10;20:19:43;-1308.564,-892.6714,-892.6714;True,OffRoad,REBEL02,0,0;;;
Trevor;22:16:10;20:19:44;-1308.564,-892.6714,-892.6714;True,OffRoad,REBEL02,0,0;;;
Trevor;22:16:11;20:19:44;-1308.564,-892.6714,-892.6714;True,OffRoad,REBEL02,0,0;;;
Trevor;22:16:11;20:19:45;-1308.564,-892.6714,-892.6714;True,OffRoad,REBEL02,0,0;;;
Trevor;22:16:12;20:19:45;-1308.564,-892.6714,-892.6714;True,OffRoad,REBEL02,0,0;;;
Trevor;22:16:12;20:19:46;-1308.564,-892.6714,-892.6714;True,OffRoad,REBEL02,0,0;;;
Trevor;22:16:13;20:19:46;-1308.564,-892.6714,-892.6714;True,OffRoad,REBEL02,0,0;;;
Trevor;22:16:13;20:19:47;-1308.564,-892.6714,-892.6714;True,OffRoad,REBEL02,0,0;;;
Trevor;22:16:14;20:19:47;-1308.564,-892.6714,-892.6714;True,OffRoad,REBEL02,0,0;;;
Trevor;22:16:14;20:19:48;-1308.564,-892.6714,-892.6714;True,OffRoad,REBEL02,0,0;;;
Trevor;22:16:15;20:19:48;-1308.564,-892.6714,-892.6714;True,OffRoad,REBEL02,0,0;;;
Trevor;22:16:15;20:19:49;-1308.564,-892.6714,-892.6714;True,OffRoad,REBEL02,0,0;;;
Trevor;22:16:16;20:19:49;-1308.564,-892.6714,-892.6714;True,OffRoad,REBEL02,0,0;;;
Trevor;22:16:16;20:19:50;-1308.564,-892.6714,-892.6714;True,OffRoad,REBEL02,0,0;;;
Trevor;22:16:17;20:19:50;-1308.564,-892.6714,-892.6714;True,OffRoad,REBEL02,0,0;;;
Trevor;22:16:17;20:19:51;-1308.548,-892.7059,-892.7059;True,OffRoad,REBEL02,0,459089,1;;;
Trevor;22:16:18;20:19:52;-1308.089,-893.5084,-893.5084;True,OffRoad,REBEL02,3,206676,1;;;
Trevor;22:16:18;20:19:52;-1306.903,-895.8441,-895.8441;True,OffRoad,REBEL02,7,058868,1;;;
Trevor;22:16:19;20:19:53;-1304.894,-900.2724,-900.2724;True,OffRoad,REBEL02,10,19991,0;;;
Trevor;22:16:19;20:19:53;-1302.806,-905.2267,-905.2267;True,OffRoad,REBEL02,11,06994,1;;;
Trevor;22:16:20;20:19:54;-1300.385,-911.1288,-911.1288;True,OffRoad,REBEL02,13,16285,1;;;
Trevor;22:16:21;20:19:54;-1297.56,-918.1514,-918.1514;True,OffRoad,REBEL02,15,58873,1;;;
Trevor;22:16:21;20:19:55;-1294.534,-926.2607,-926.2607;True,OffRoad,REBEL02,17,8625,1;;;
Trevor;22:16:22;20:19:55;-1291.573,-935.8152,-935.8152;True,OffRoad,REBEL02,20,20428,1;;;
Trevor;22:16:22;20:19:56;-1288.467,-946.3938,-946.3938;True,OffRoad,REBEL02,21,36142,0;;;
Trevor;22:16:23;20:19:56;-1285.443,-956.8621,-956.8621;True,OffRoad,REBEL02,21,04092,1;;;
Trevor;22:16:23;20:19:57;-1282.387,-967.6282,-967.6282;True,OffRoad,REBEL02,21,02216,0;;;
Trevor;22:16:24;20:19:57;-1279.887,-978.4926,-978.4926;True,OffRoad,REBEL02,22,3632,1;;;
Trevor;22:16:24;20:19:58;-1276.951,-990.1318,-990.1318;True,OffRoad,REBEL02,23,79748,1;;;
Trevor;22:16:25;20:19:58;-1273.855,-1002.283,-1002.283;True,OffRoad,REBEL02,23,65932,0;Oh! Oh! We're near Floyd's house. I seen it on Eyefind Maps. I'll give you directions.;WADE;TRV3_GFAA
Trevor;22:16:25;20:19:59;-1270.992,-1013.88,-1013.88;True,OffRoad,REBEL02,21,861,0;;;
Trevor;22:16:26;20:19:59;-1267.941,-1024.36,-1024.36;True,OffRoad,REBEL02,20,11619,0;;;
Trevor;22:16:26;20:20:00;-1264.927,-1033.865,-1033.865;True,OffRoad,REBEL02,18,44572,0;;;
Trevor;22:16:27;20:20:00;-1261.968,-1042.544,-1042.544;True,OffRoad,REBEL02,16,76805,0;;;
Trevor;22:16:27;20:20:01;-1258.846,-1050.259,-1050.259;True,OffRoad,REBEL02,15,15011,0;;;
Trevor;22:16:28;20:20:01;-1255.651,-1058.007,-1058.007;True,OffRoad,REBEL02,17,33125,1;;;
Trevor;22:16:28;20:20:02;-1252.018,-1067.01,-1067.01;True,OffRoad,REBEL02,19,72148,1;;;
Trevor;22:16:29;20:20:02;-1248.381,-1076.422,-1076.422;True,OffRoad,REBEL02,18,74362,0;;;
Trevor;22:16:29;20:20:03;-1244.994,-1085.421,-1085.421;True,OffRoad,REBEL02,18,60747,0;;;
Trevor;22:16:30;20:20:04;-1242.094,-1094.118,-1094.118;True,OffRoad,REBEL02,16,89616,0;;;
Trevor;22:16:30;20:20:04;-1239.669,-1102.051,-1102.051;True,OffRoad,REBEL02,15,2517,0;;;
Trevor;22:16:31;20:20:05;-1237.528,-1109.192,-1109.192;True,OffRoad,REBEL02,13,69993,0;;;
Trevor;22:16:31;20:20:05;-1235.623,-1115.652,-1115.652;True,OffRoad,REBEL02,12,00849,0;;;
Trevor;22:16:32;20:20:06;-1233.611,-1121.112,-1121.112;True,OffRoad,REBEL02,10,32925,0;;;
Trevor;22:16:32;20:20:06;-1231.807,-1125.683,-1125.683;True,OffRoad,REBEL02,8,574055,0;;;
Trevor;22:16:33;20:20:07;-1230.61,-1129.516,-1129.516;True,OffRoad,REBEL02,7,077528,0;;;
Trevor;22:16:34;20:20:07;-1229.69,-1132.726,-1132.726;True,OffRoad,REBEL02,5,626544,0;;;
Trevor;22:16:34;20:20:08;-1229.012,-1135.168,-1135.168;True,OffRoad,REBEL02,4,140738,0;;;
Trevor;22:16:35;20:20:08;-1228.547,-1136.846,-1136.846;True,OffRoad,REBEL02,2,648127,0;;;
Trevor;22:16:35;20:20:09;-1228.446,-1137.122,-1137.122;True,OffRoad,REBEL02,0,04198764,0;;;
Trevor;22:16:36;20:20:09;-1228.444,-1137.12,-1137.12;True,OffRoad,REBEL02,0,0;;;
Trevor;22:16:36;20:20:10;-1228.444,-1137.12,-1137.12;True,OffRoad,REBEL02,0,0;;;
Trevor;22:16:37;20:20:10;-1228.444,-1137.12,-1137.12;True,OffRoad,REBEL02,0,0;;;
Trevor;22:16:37;20:20:11;-1228.444,-1137.12,-1137.12;True,OffRoad,REBEL02,0,0;;;
Trevor;22:16:38;20:20:11;-1228.444,-1137.12,-1137.12;True,OffRoad,REBEL02,0,0;;;
Trevor;22:16:38;20:20:12;-1228.444,-1137.12,-1137.12;True,OffRoad,REBEL02,0,0;;;
Trevor;22:16:39;20:20:12;-1228.444,-1137.12,-1137.12;True,OffRoad,REBEL02,0,0;;;
Trevor;22:16:39;20:20:13;-1228.444,-1137.12,-1137.12;True,OffRoad,REBEL02,0,0;;;
Trevor;22:16:40;20:20:13;-1228.444,-1137.12,-1137.12;True,OffRoad,REBEL02,0,0;;;
Trevor;22:16:40;20:20:14;-1228.444,-1137.12,-1137.12;True,OffRoad,REBEL02,0,0;;;
Trevor;22:16:41;20:20:14;-1228.444,-1137.12,-1137.12;True,OffRoad,REBEL02,0,0;;;
Trevor;22:16:41;20:20:15;-1228.444,-1137.12,-1137.12;True,OffRoad,REBEL02,0,0;;;
Trevor;22:16:42;20:20:16;-1228.444,-1137.12,-1137.12;True,OffRoad,REBEL02,0,0;;;
Trevor;22:16:42;20:20:16;-1228.444,-1137.12,-1137.12;True,OffRoad,REBEL02,0,0;;;
Trevor;22:16:43;20:20:17;-1228.444,-1137.12,-1137.12;True,OffRoad,REBEL02,0,0;;;
Trevor;22:16:43;20:20:17;-1228.444,-1137.12,-1137.12;True,OffRoad,REBEL02,0,0;;;
Trevor;22:16:44;20:20:18;-1228.444,-1137.12,-1137.12;True,OffRoad,REBEL02,0,0;;;
Trevor;22:16:44;20:20:18;-1228.444,-1137.12,-1137.12;True,OffRoad,REBEL02,0,0;;;
Trevor;22:16:45;20:20:19;-1228.444,-1137.12,-1137.12;True,OffRoad,REBEL02,0,0;;;
Trevor;22:16:46;20:20:19;-1228.444,-1137.12,-1137.12;True,OffRoad,REBEL02,0,0;;;
Trevor;22:16:46;20:20:20;-1228.444,-1137.12,-1137.12;True,OffRoad,REBEL02,0,0;;;
Trevor;22:16:47;20:20:20;-1228.444,-1137.12,-1137.12;True,OffRoad,REBEL02,0,0;;;
Trevor;22:16:47;20:20:21;-1228.444,-1137.12,-1137.12;True,OffRoad,REBEL02,0,0;;;
Trevor;22:16:48;20:20:21;-1228.444,-1137.12,-1137.12;True,OffRoad,REBEL02,0,0;;;
Trevor;22:16:48;20:20:22;-1228.443,-1137.136,-1137.136;True,OffRoad,REBEL02,0,2393422,1;;;
Trevor;22:16:49;20:20:22;-1228.306,-1137.759,-1137.759;True,OffRoad,REBEL02,2,310754,1;;;
Trevor;22:16:49;20:20:23;-1227.875,-1139.733,-1139.733;True,OffRoad,REBEL02,5,524148,1;;;
Trevor;22:16:50;20:20:23;-1226.974,-1143.598,-1143.598;True,OffRoad,REBEL02,10,13576,1;;;
Trevor;22:16:50;20:20:24;-1225.467,-1148.681,-1148.681;True,OffRoad,REBEL02,10,17853,1;;;
Trevor;22:16:51;20:20:24;-1223.633,-1154.306,-1154.306;True,OffRoad,REBEL02,12,53112,1;;;
Trevor;22:16:51;20:20:25;-1221.38,-1161.531,-1161.531;True,OffRoad,REBEL02,16,34726,1;;;
Trevor;22:16:52;20:20:25;-1219.571,-1170.54,-1170.54;True,OffRoad,REBEL02,18,86068,1;;;
Trevor;22:16:52;20:20:26;-1218.486,-1180.282,-1180.282;True,OffRoad,REBEL02,19,37515,1;;;
Trevor;22:16:53;20:20:26;-1217.225,-1190.453,-1190.453;True,OffRoad,REBEL02,19,15395,0;;;
Trevor;22:16:53;20:20:27;-1214.927,-1199.722,-1199.722;True,OffRoad,REBEL02,17,28983,0;;;
Trevor;22:16:54;20:20:27;-1212.603,-1207.873,-1207.873;True,OffRoad,REBEL02,15,7736,1;;;
Trevor;22:16:54;20:20:28;-1210.459,-1215.954,-1215.954;True,OffRoad,REBEL02,16,13662,0;;;
Trevor;22:16:55;20:20:29;-1209.082,-1224.001,-1224.001;True,OffRoad,REBEL02,15,69029,0;;;
Trevor;22:16:55;20:20:29;-1207.644,-1232.022,-1232.022;True,OffRoad,REBEL02,15,81404,0;;;
Trevor;22:16:56;20:20:30;-1205.382,-1239.809,-1239.809;True,OffRoad,REBEL02,16,82384,1;;;
Trevor;22:16:56;20:20:30;-1202.231,-1248.748,-1248.748;True,OffRoad,REBEL02,18,72264,0;;;
Trevor;22:16:57;20:20:31;-1199.137,-1257.447,-1257.447;True,OffRoad,REBEL02,17,41345,0;;;
Trevor;22:16:58;20:20:31;-1195.838,-1265.539,-1265.539;True,OffRoad,REBEL02,16,57622,1;;;
Trevor;22:16:58;20:20:32;-1191.945,-1274.147,-1274.147;True,OffRoad,REBEL02,18,31821,0;Just straight over this one.;WADE;TRV3_GIAA
Trevor;22:16:59;20:20:32;-1188.055,-1282.528,-1282.528;True,OffRoad,REBEL02,16,82202,0;;;
Trevor;22:16:59;20:20:33;-1184.497,-1290.245,-1290.245;True,OffRoad,REBEL02,16,07769,1;;;
Trevor;22:17:00;20:20:33;-1181.002,-1298.49,-1298.49;True,OffRoad,REBEL02,18,66222,1;;;
Trevor;22:17:00;20:20:34;-1176.92,-1307.994,-1307.994;True,OffRoad,REBEL02,20,16559,0;;;
Trevor;22:17:01;20:20:34;-1172.638,-1317.085,-1317.085;True,OffRoad,REBEL02,18,53311,0;;;
Trevor;22:17:01;20:20:35;-1169.474,-1324.72,-1324.72;True,OffRoad,REBEL02,14,29922,0;;;
Trevor;22:17:02;20:20:35;-1166.455,-1331.12,-1331.12;True,OffRoad,REBEL02,13,52894,0;;;
Trevor;22:17:02;20:20:36;-1162.883,-1337.324,-1337.324;True,OffRoad,REBEL02,14,94644,1;;;
Trevor;22:17:03;20:20:36;-1159.242,-1345.003,-1345.003;True,OffRoad,REBEL02,17,50412,1;It's straight here.;WADE;TRV3_GIAA
Trevor;22:17:03;20:20:37;-1155.42,-1353.718,-1353.718;True,OffRoad,REBEL02,17,84876,0;;;
Trevor;22:17:04;20:20:37;-1151.914,-1361.826,-1361.826;True,OffRoad,REBEL02,16,10435,0;;;
Trevor;22:17:04;20:20:38;-1148.595,-1369.331,-1369.331;True,OffRoad,REBEL02,15,62165,0;;;
Trevor;22:17:05;20:20:38;-1145.443,-1376.337,-1376.337;True,OffRoad,REBEL02,13,93338,0;;;
Trevor;22:17:05;20:20:39;-1142.713,-1381.24,-1381.24;True,OffRoad,REBEL02,6,610152,0;;;
Trevor;22:17:06;20:20:39;-1142.158,-1382.429,-1382.429;True,OffRoad,REBEL02,0,1035461,-1;;;
Trevor;22:17:06;20:20:40;-1142.148,-1382.36,-1382.36;True,OffRoad,REBEL02,0,07185575,0;;;
Trevor;22:17:07;20:20:41;-1142.14,-1382.358,-1382.358;True,OffRoad,REBEL02,0,0;;;
Trevor;22:17:07;20:20:41;-1142.14,-1382.358,-1382.358;True,OffRoad,REBEL02,0,0;;;
Trevor;22:17:08;20:20:42;-1142.14,-1382.358,-1382.358;True,OffRoad,REBEL02,0,0;;;
Trevor;22:17:08;20:20:42;-1142.14,-1382.358,-1382.358;True,OffRoad,REBEL02,0,0;;;
Trevor;22:17:09;20:20:43;-1142.14,-1382.358,-1382.358;True,OffRoad,REBEL02,0,0;;;
Trevor;22:17:09;20:20:43;-1142.14,-1382.358,-1382.358;True,OffRoad,REBEL02,0,0;;;
Trevor;22:17:10;20:20:44;-1142.14,-1382.358,-1382.358;True,OffRoad,REBEL02,0,0;;;
Trevor;22:17:11;20:20:44;-1142.14,-1382.358,-1382.358;True,OffRoad,REBEL02,0,0;;;
Trevor;22:17:11;20:20:45;-1142.14,-1382.358,-1382.358;True,OffRoad,REBEL02,0,0;;;
Trevor;22:17:12;20:20:45;-1142.14,-1382.358,-1382.358;True,OffRoad,REBEL02,0,0;;;
Trevor;22:17:12;20:20:46;-1142.14,-1382.358,-1382.358;True,OffRoad,REBEL02,0,0;;;
Trevor;22:17:13;20:20:46;-1142.14,-1382.358,-1382.358;True,OffRoad,REBEL02,0,0;;;
Trevor;22:17:13;20:20:47;-1142.14,-1382.358,-1382.358;True,OffRoad,REBEL02,0,0;;;
Trevor;22:17:14;20:20:47;-1142.14,-1382.358,-1382.358;True,OffRoad,REBEL02,0,0;;;
Trevor;22:17:14;20:20:48;-1142.14,-1382.358,-1382.358;True,OffRoad,REBEL02,0,0;;;
Trevor;22:17:15;20:20:48;-1142.14,-1382.358,-1382.358;True,OffRoad,REBEL02,0,0;;;
Trevor;22:17:15;20:20:49;-1142.14,-1382.358,-1382.358;True,OffRoad,REBEL02,0,0;;;
Trevor;22:17:16;20:20:49;-1142.14,-1382.358,-1382.358;True,OffRoad,REBEL02,0,0;;;
Trevor;22:17:16;20:20:50;-1142.14,-1382.358,-1382.358;True,OffRoad,REBEL02,0,0;;;
Trevor;22:17:17;20:20:50;-1142.14,-1382.358,-1382.358;True,OffRoad,REBEL02,0,0;;;
Trevor;22:17:17;20:20:51;-1142.14,-1382.358,-1382.358;True,OffRoad,REBEL02,0,0;;;
Trevor;22:17:18;20:20:51;-1142.14,-1382.358,-1382.358;True,OffRoad,REBEL02,0,0;;;
Trevor;22:17:18;20:20:52;-1142.14,-1382.358,-1382.358;True,OffRoad,REBEL02,0,0;;;
Trevor;22:17:19;20:20:52;-1142.14,-1382.358,-1382.358;True,OffRoad,REBEL02,0,0;;;
Trevor;22:17:19;20:20:53;-1142.14,-1382.358,-1382.358;True,OffRoad,REBEL02,0,0;;;
Trevor;22:17:20;20:20:54;-1142.14,-1382.358,-1382.358;True,OffRoad,REBEL02,0,0;;;
Trevor;22:17:20;20:20:54;-1142.14,-1382.358,-1382.358;True,OffRoad,REBEL02,0,0;;;
Trevor;22:17:21;20:20:55;-1142.14,-1382.358,-1382.358;True,OffRoad,REBEL02,0,0;;;
Trevor;22:17:21;20:20:55;-1142.14,-1382.358,-1382.358;True,OffRoad,REBEL02,0,0;;;
Trevor;22:17:22;20:20:56;-1142.14,-1382.358,-1382.358;True,OffRoad,REBEL02,0,0;;;
Trevor;22:17:23;20:20:56;-1142.14,-1382.358,-1382.358;True,OffRoad,REBEL02,0,0;;;
Trevor;22:17:23;20:20:57;-1142.14,-1382.358,-1382.358;True,OffRoad,REBEL02,0,0;;;
Trevor;22:17:24;20:20:57;-1142.14,-1382.358,-1382.358;True,OffRoad,REBEL02,0,0;;;
Trevor;22:17:24;20:20:58;-1142.14,-1382.358,-1382.358;True,OffRoad,REBEL02,0,0;;;
Trevor;22:17:25;20:20:58;-1142.14,-1382.358,-1382.358;True,OffRoad,REBEL02,0,0;;;
Trevor;22:17:25;20:20:59;-1142.14,-1382.358,-1382.358;True,OffRoad,REBEL02,0,0;;;
Trevor;22:17:26;20:20:59;-1142.14,-1382.358,-1382.358;True,OffRoad,REBEL02,0,0;;;
Trevor;22:17:26;20:21:00;-1142.14,-1382.358,-1382.358;True,OffRoad,REBEL02,0,0;;;
Trevor;22:17:27;20:21:00;-1142.14,-1382.358,-1382.358;True,OffRoad,REBEL02,0,0;;;
Trevor;22:17:27;20:21:01;-1142.14,-1382.358,-1382.358;True,OffRoad,REBEL02,0,0;;;
Trevor;22:17:28;20:21:01;-1142.14,-1382.358,-1382.358;True,OffRoad,REBEL02,0,0;;;
Trevor;22:17:28;20:21:02;-1142.14,-1382.358,-1382.358;True,OffRoad,REBEL02,0,0;;;
Trevor;22:17:29;20:21:02;-1142.14,-1382.358,-1382.358;True,OffRoad,REBEL02,0,0;;;
Trevor;22:17:29;20:21:03;-1142.14,-1382.358,-1382.358;True,OffRoad,REBEL02,0,0;;;
Trevor;22:17:30;20:21:03;-1142.14,-1382.358,-1382.358;True,OffRoad,REBEL02,0,0;;;
Trevor;22:17:30;20:21:04;-1142.14,-1382.358,-1382.358;True,OffRoad,REBEL02,0,0;;;
Trevor;22:17:31;20:21:04;-1142.14,-1382.358,-1382.358;True,OffRoad,REBEL02,0,0;;;
Trevor;22:17:31;20:21:05;-1142.14,-1382.358,-1382.358;True,OffRoad,REBEL02,0,0;;;
Trevor;22:17:32;20:21:06;-1142.14,-1382.358,-1382.358;True,OffRoad,REBEL02,0,0;;;
Trevor;22:17:32;20:21:06;-1142.14,-1382.358,-1382.358;True,OffRoad,REBEL02,0,0;;;
Trevor;22:17:33;20:21:07;-1142.14,-1382.358,-1382.358;True,OffRoad,REBEL02,0,0;;;
Trevor;22:17:33;20:21:07;-1142.058,-1382.556,-1382.556;True,OffRoad,REBEL02,1,173206,1;;;
Trevor;22:17:34;20:21:08;-1141.586,-1383.665,-1383.665;True,OffRoad,REBEL02,3,564344,1;;;
Trevor;22:17:34;20:21:08;-1140.487,-1386.214,-1386.214;True,OffRoad,REBEL02,7,227788,1;;;
Trevor;22:17:35;20:21:09;-1138.257,-1390.479,-1390.479;True,OffRoad,REBEL02,10,30038,0;;;
Trevor;22:17:36;20:21:09;-1135.655,-1395.066,-1395.066;True,OffRoad,REBEL02,10,97013,1;;;
Trevor;22:17:36;20:21:10;-1132.739,-1400.736,-1400.736;True,OffRoad,REBEL02,13,61086,1;;;
Trevor;22:17:37;20:21:10;-1129.374,-1407.596,-1407.596;True,OffRoad,REBEL02,15,86766,1;I'd turn right here.;WADE;TRV3_GHAA
Trevor;22:17:37;20:21:11;-1124.856,-1415.063,-1415.063;True,OffRoad,REBEL02,17,79356,1;;;
Trevor;22:17:38;20:21:11;-1119.153,-1422.868,-1422.868;True,OffRoad,REBEL02,18,10702,0;;;
Trevor;22:17:38;20:21:12;-1114.655,-1430.648,-1430.648;True,OffRoad,REBEL02,16,31995,0;;;
Trevor;22:17:39;20:21:12;-1111.304,-1437.155,-1437.155;True,OffRoad,REBEL02,12,91612,0;;;
Trevor;22:17:39;20:21:13;-1108.478,-1442.756,-1442.756;True,OffRoad,REBEL02,11,28242,0;;;
Trevor;22:17:40;20:21:13;-1106.298,-1447.707,-1447.707;True,OffRoad,REBEL02,9,559657,0;;;
Trevor;22:17:40;20:21:14;-1105.255,-1452.118,-1452.118;True,OffRoad,REBEL02,7,754256,0;;;
Trevor;22:17:41;20:21:14;-1105.529,-1456.034,-1456.034;True,OffRoad,REBEL02,8,424826,1;;;
Trevor;22:17:41;20:21:15;-1107.474,-1460.069,-1460.069;True,OffRoad,REBEL02,9,14174,1;;;
Trevor;22:17:42;20:21:15;-1110.794,-1464.11,-1464.11;True,OffRoad,REBEL02,9,616621,0;Just keep on a minute.;WADE;TRV3_GIAA
Trevor;22:17:42;20:21:16;-1115.17,-1467.24,-1467.24;True,OffRoad,REBEL02,11,70338,1;;;
Trevor;22:17:43;20:21:16;-1120.907,-1470.883,-1470.883;True,OffRoad,REBEL02,13,35951,0;;;
Trevor;22:17:43;20:21:17;-1126.211,-1474.709,-1474.709;True,OffRoad,REBEL02,11,75275,0;;;
Trevor;22:17:44;20:21:17;-1131.3,-1478.472,-1478.472;True,OffRoad,REBEL02,12,94775,1;;;
Trevor;22:17:44;20:21:18;-1137.287,-1482.849,-1482.849;True,OffRoad,REBEL02,15,02229,0;;;
Trevor;22:17:45;20:21:19;-1142.998,-1487.361,-1487.361;True,OffRoad,REBEL02,13,2796,0;;;
Trevor;22:17:45;20:21:19;-1147.857,-1491.674,-1491.674;True,OffRoad,REBEL02,11,68195,0;This is the place. I think it is at least.;WADE;TRV3_ARAA
Trevor;22:17:46;20:21:20;-1152.055,-1495.479,-1495.479;True,OffRoad,REBEL02,10,53318,1;;;
Trevor;22:17:46;20:21:20;-1156.224,-1499.253,-1499.253;True,OffRoad,REBEL02,10,0917,0;;;
Trevor;22:17:47;20:21:21;-1159.334,-1502.819,-1502.819;True,OffRoad,REBEL02,8,358188,0;;;
Trevor;22:17:48;20:21:21;-1161.174,-1506.047,-1506.047;True,OffRoad,REBEL02,5,914621,0;;;
Trevor;22:17:48;20:21:22;-1161.108,-1508.798,-1508.798;True,OffRoad,REBEL02,5,511379,1;;;
Trevor;22:17:49;20:21:22;-1159.937,-1512.248,-1512.248;True,OffRoad,REBEL02,7,867931,0;;;
Trevor;22:17:49;20:21:23;-1157.823,-1515.344,-1515.344;True,OffRoad,REBEL02,6,561632,0;;;
Trevor;22:17:50;20:21:23;-1156.126,-1517.593,-1517.593;True,OffRoad,REBEL02,4,28996,0;;;
Trevor;22:17:50;20:21:24;-1155.142,-1518.956,-1518.956;True,OffRoad,REBEL02,2,272029,0;;;
Trevor;22:17:51;20:21:24;-1154.843,-1519.381,-1519.381;True,OffRoad,REBEL02,0,08151483,0;;;
Trevor;22:17:51;20:21:25;-1154.846,-1519.38,-1519.38;True,OffRoad,REBEL02,0,0;Floyd! Floyd!;WADE;TRV3_GLAA
Trevor;22:17:52;20:21:25;-1154.846,-1519.38,-1519.38;True,OffRoad,REBEL02,0,0;;;
Trevor;22:17:52;20:21:26;-1154.846,-1519.38,-1519.38;True,OffRoad,REBEL02,0,0;;;
Trevor;22:17:53;20:21:26;-1154.846,-1519.38,-1519.38;True,OffRoad,REBEL02,0,0;;;
Trevor;22:17:53;20:21:27;-1154.846,-1519.38,-1519.38;True,OffRoad,REBEL02,0,0;;;
Trevor;22:17:54;20:21:27;-1154.846,-1519.38,-1519.38;True,OffRoad,REBEL02,0,0;;;
Trevor;22:17:54;20:21:28;-1154.846,-1519.38,-1519.38;True,OffRoad,REBEL02,0,0;;;
Trevor;22:17:55;20:21:28;-1154.846,-1519.38,-1519.38;True,OffRoad,REBEL02,0,0;;;
Trevor;22:17:55;20:21:29;-1154.846,-1519.38,-1519.38;True,OffRoad,REBEL02,0,0;;;
Trevor;22:17:56;20:21:29;-1154.846,-1519.38,-1519.38;True,OffRoad,REBEL02,0,0;;;
Trevor;22:17:56;20:21:30;-1154.846,-1519.38,-1519.38;True,OffRoad,REBEL02,0,0;;;
Trevor;22:17:57;20:21:31;-1154.846,-1519.378,-1519.378;True,OffRoad,REBEL02,0,02990842,0;It's up here, Trevor.;WADE;TRV3_GMAA
Trevor;22:17:57;20:21:31;-1153.706,-1518.533,-1518.533;;;;
Trevor;22:17:58;20:21:32;-1153.979,-1518.193,-1518.193;;;;
Trevor;22:17:58;20:21:32;-1154.001,-1518.236,-1518.236;;;;
Trevor;22:17:59;20:21:33;-1153.812,-1518.696,-1518.696;;;;
Trevor;22:17:59;20:21:33;-1153.366,-1519.474,-1519.474;;;;
Trevor;22:18:00;20:21:34;-1152.833,-1519.995,-1519.995;;;;
Trevor;22:18:01;20:21:34;-1152.503,-1520.795,-1520.795;;;;
Trevor;22:18:01;20:21:35;-1152.146,-1521.532,-1521.532;;;;
Trevor;22:18:02;20:21:35;-1150.942,-1521.415,-1521.415;;;;
Trevor;22:18:02;20:21:36;-1149.198,-1521.423,-1521.423;;;;
Trevor;22:18:03;20:21:36;-1148.107,-1520.936,-1520.936;;;;
Trevor;22:18:03;20:21:37;-1147.334,-1520.465,-1520.465;;;;
Trevor;22:18:04;20:21:37;-1146.636,-1520.018,-1520.018;;;;
Trevor;22:18:04;20:21:38;-1145.982,-1519.581,-1519.581;;Floyd, it's me, Wade.;WADE;TRV3_GSAB
Trevor;22:18:05;20:21:38;-1145.189,-1519.24,-1519.24;;;;
Trevor;22:18:05;20:21:39;-1144.355,-1519.359,-1519.359;;;;
Trevor;22:18:06;20:21:39;-1144.027,-1520.141,-1520.141;;Who?;FLOYD;TRV3_GSAC
Trevor;22:18:06;20:21:40;-1144.564,-1520.732,-1520.732;;Me, Wade, your cousin.;WADE;TRV3_GSAD
Trevor;22:18:07;20:21:40;-1145.178,-1521.226,-1521.226;;;;
Trevor;22:18:07;20:21:41;-1145.807,-1521.691,-1521.691;;;;
Trevor;22:18:08;20:21:41;-1146.443,-1522.138,-1522.138;;;;
Trevor;22:18:08;20:21:42;-1147.111,-1522.557,-1522.557;;Who?;FLOYD;TRV3_GSAE
Trevor;22:18:09;20:21:42;-1147.958,-1522.849,-1522.849;;;;
Trevor;22:18:09;20:21:43;-1149.876,-1521.727,-1521.727;;Your cousin.;Cutscene;Cutscene
Trevor;22:18:10;20:21:44;-1150.186,-1521.637,-1521.637;;;;
Trevor;22:18:10;20:21:44;-1150.415,-1521.567,-1521.567;;;;
Trevor;22:18:11;20:21:45;-1150.686,-1521.17,-1521.17;;Fuck!;Cutscene;Cutscene
Trevor;22:18:11;20:21:45;-1151.005,-1520.754,-1520.754;;;;
Trevor;22:18:12;20:21:46;-1151.331,-1520.323,-1520.323;;He's come to visit you, you rude fuck.;Cutscene;Cutscene
Trevor;22:18:13;20:21:46;-1151.539,-1519.888,-1519.888;;;;
Trevor;22:18:13;20:21:47;-1151.913,-1519.499,-1519.499;;;;
Trevor;22:18:14;20:21:47;-1152.181,-1519.087,-1519.087;;Now get up off the floor and fix me a fucking drink.;Cutscene;Cutscene
Trevor;22:18:14;20:21:48;-1152.409,-1518.664,-1518.664;;;;
Trevor;22:18:15;20:21:48;-1152.727,-1518.255,-1518.255;;;;
Trevor;22:18:15;20:21:49;-1152.876,-1517.795,-1517.795;;;;
Trevor;22:18:16;20:21:49;-1153.106,-1517.607,-1517.607;;;;
Trevor;22:18:16;20:21:50;-1153.179,-1517.462,-1517.462;;;;
Trevor;22:18:17;20:21:50;-1153.23,-1517.38,-1517.38;;Oh, you.;Cutscene;Cutscene
Trevor;22:18:17;20:21:51;-1153.56,-1517.528,-1517.528;;Wade, I heard you was off smoking meth somewhere.;Cutscene;Cutscene
Trevor;22:18:18;20:21:51;-1153.981,-1517.658,-1517.658;;;;
Trevor;22:18:18;20:21:52;-1154.395,-1517.838,-1517.838;;;;
Trevor;22:18:19;20:21:52;-1154.751,-1518.193,-1518.193;;;;
Trevor;22:18:19;20:21:53;-1155.151,-1518.484,-1518.484;;;;
Trevor;22:18:20;20:21:53;-1155.402,-1518.782,-1518.782;;;;
Trevor;22:18:20;20:21:54;-1155.624,-1519.073,-1519.073;;;;
Trevor;22:18:21;20:21:54;-1155.958,-1519.25,-1519.25;;No, not somewhere, here.;Cutscene;Cutscene
Trevor;22:18:21;20:21:55;-1156.218,-1519.444,-1519.444;;;;
Trevor;22:18:22;20:21:56;-1156.479,-1519.454,-1519.454;;;;
Trevor;22:18:22;20:21:56;-1156.583,-1519.454,-1519.454;;He's going to smoke meth here.;Cutscene;Cutscene
Trevor;22:18:23;20:21:57;-1156.535,-1519.547,-1519.547;;;;
Trevor;22:18:23;20:21:57;-1156.528,-1519.571,-1519.571;;;;
Trevor;22:18:24;20:21:58;-1156.632,-1519.664,-1519.664;;;;
Trevor;22:18:25;20:21:58;-1156.945,-1519.857,-1519.857;;Get me a fucking lighter.;Cutscene;Cutscene
Trevor;22:18:25;20:21:59;-1157.226,-1520.206,-1520.206;;;;
Trevor;22:18:26;20:21:59;-1157.466,-1520.497,-1520.497;;;;
Trevor;22:18:26;20:22:00;-1157.761,-1520.699,-1520.699;;You can't smoke here.;Cutscene;Cutscene
Trevor;22:18:27;20:22:00;-1158.048,-1520.885,-1520.885;;;;
Trevor;22:18:27;20:22:01;-1158.28,-1520.887,-1520.887;;;;
Trevor;22:18:28;20:22:01;-1158.537,-1520.646,-1520.646;;Okay.;Cutscene;Cutscene
Trevor;22:18:28;20:22:02;-1158.837,-1520.331,-1520.331;;;;
Trevor;22:18:29;20:22:02;-1158.853,-1520.049,-1520.049;;This is my girlfriend's place.;Cutscene;Cutscene
Trevor;22:18:29;20:22:03;-1158.747,-1519.741,-1519.741;;;;
Trevor;22:18:30;20:22:03;-1158.658,-1519.497,-1519.497;;;;
Trevor;22:18:30;20:22:04;-1158.623,-1519.48,-1519.48;;She's at a business conference.;Cutscene;Cutscene
Trevor;22:18:31;20:22:04;-1158.669,-1519.497,-1519.497;;;;
Trevor;22:18:31;20:22:05;-1158.697,-1519.478,-1519.478;;You can't smoke here, and you can't stay here.;Cutscene;Cutscene
Trevor;22:18:32;20:22:05;-1158.674,-1519.449,-1519.449;;;;
Trevor;22:18:32;20:22:06;-1158.685,-1519.478,-1519.478;;;;
Trevor;22:18:33;20:22:06;-1158.681,-1519.432,-1519.432;;;;
Trevor;22:18:33;20:22:07;-1158.692,-1519.411,-1519.411;;;;
Trevor;22:18:34;20:22:08;-1158.677,-1519.378,-1519.378;;How's it going, cousin?;Cutscene;Cutscene
Trevor;22:18:34;20:22:08;-1158.653,-1519.37,-1519.37;;;;
Trevor;22:18:35;20:22:09;-1158.64,-1519.359,-1519.359;;It's been a while.;Cutscene;Cutscene
Trevor;22:18:35;20:22:09;-1158.665,-1519.391,-1519.391;;;;
Trevor;22:18:36;20:22:10;-1158.665,-1519.397,-1519.397;;Yeah, I ain't seen you since you was caught in Evelyn's bed.;Cutscene;Cutscene
Trevor;22:18:37;20:22:10;-1158.659,-1519.397,-1519.397;;;;
Trevor;22:18:37;20:22:11;-1158.623,-1519.369,-1519.369;;;;
Trevor;22:18:38;20:22:11;-1158.634,-1519.383,-1519.383;;;;
Trevor;22:18:38;20:22:12;-1158.638,-1519.387,-1519.387;;That was never proved.;Cutscene;Cutscene
Trevor;22:18:39;20:22:12;-1158.62,-1519.382,-1519.382;;;;
Trevor;22:18:39;20:22:13;-1158.612,-1519.37,-1519.37;;;;
Trevor;22:18:40;20:22:13;-1158.633,-1519.427,-1519.427;;;;
Trevor;22:18:40;20:22:14;-1158.628,-1519.423,-1519.423;;You've got to go, both of you.;Cutscene;Cutscene
Trevor;22:18:41;20:22:14;-1158.627,-1519.44,-1519.44;;;;
Trevor;22:18:41;20:22:15;-1158.629,-1519.446,-1519.446;;;;
Trevor;22:18:42;20:22:15;-1158.63,-1519.459,-1519.459;;;;
Trevor;22:18:42;20:22:16;-1158.636,-1519.442,-1519.442;;;;
Trevor;22:18:43;20:22:16;-1158.637,-1519.449,-1519.449;;My girlfriend, she'd kill me if she knew I had guests.;Cutscene;Cutscene
Trevor;22:18:43;20:22:17;-1158.64,-1519.447,-1519.447;;;;
Trevor;22:18:44;20:22:17;-1158.644,-1519.441,-1519.441;;;;
Trevor;22:18:44;20:22:18;-1158.643,-1519.438,-1519.438;;;;
Trevor;22:18:45;20:22:18;-1158.647,-1519.439,-1519.439;;;;
Trevor;22:18:45;20:22:19;-1158.648,-1519.441,-1519.441;;Not much of a girlfriend if she don't like your family.;Cutscene;Cutscene
Trevor;22:18:46;20:22:20;-1158.645,-1519.446,-1519.446;;;;
Trevor;22:18:46;20:22:20;-1158.648,-1519.446,-1519.446;;;;
Trevor;22:18:47;20:22:21;-1158.646,-1519.443,-1519.443;;;;
Trevor;22:18:47;20:22:21;-1158.647,-1519.442,-1519.442;;;;
Trevor;22:18:48;20:22:22;-1158.65,-1519.445,-1519.445;;Now, would you get me a fucking drink?;Cutscene;Cutscene
Trevor;22:18:49;20:22:22;-1158.647,-1519.442,-1519.442;;;;
Trevor;22:18:49;20:22:23;-1158.644,-1519.444,-1519.444;;;;
Trevor;22:18:50;20:22:23;-1158.636,-1519.437,-1519.437;;;;
Trevor;22:18:50;20:22:24;-1158.639,-1519.434,-1519.434;;I'm not going to ask you again.;Cutscene;Cutscene
Trevor;22:18:51;20:22:24;-1158.638,-1519.432,-1519.432;;;;
Trevor;22:18:51;20:22:25;-1158.637,-1519.434,-1519.434;;Oh, yeah, yeah. Okay.;Cutscene;Cutscene
Trevor;22:18:52;20:22:25;-1158.64,-1519.435,-1519.435;;;;
Trevor;22:18:52;20:22:26;-1158.641,-1519.439,-1519.439;;;;
Trevor;22:18:53;20:22:26;-1158.638,-1519.455,-1519.455;;;;
Trevor;22:18:53;20:22:27;-1158.644,-1519.449,-1519.449;;Wait, I ain't got no booze.;Cutscene;Cutscene
Trevor;22:18:54;20:22:27;-1158.644,-1519.453,-1519.453;;;;
Trevor;22:18:54;20:22:28;-1158.642,-1519.455,-1519.455;;;;
Trevor;22:18:55;20:22:28;-1158.655,-1519.471,-1519.471;;;;
Trevor;22:18:55;20:22:29;-1158.793,-1519.624,-1519.624;;Then, you go out and fucking get me something.;Cutscene;Cutscene
Trevor;22:18:56;20:22:29;-1158.766,-1520.088,-1520.088;;;;
Trevor;22:18:56;20:22:30;-1158.737,-1520.524,-1520.524;;;;
Trevor;22:18:57;20:22:30;-1158.509,-1520.615,-1520.615;;;;
Trevor;22:18:57;20:22:31;-1158.263,-1520.582,-1520.582;;You go, too.;Cutscene;Cutscene
Trevor;22:18:58;20:22:32;-1158.122,-1520.565,-1520.565;;;;
Trevor;22:18:58;20:22:32;-1157.804,-1520.586,-1520.586;;;;
Trevor;22:18:59;20:22:33;-1157.456,-1520.535,-1520.535;;;;
Trevor;22:18:59;20:22:33;-1157.161,-1520.278,-1520.278;;Alright, okay.;Cutscene;Cutscene
Trevor;22:19:00;20:22:34;-1156.919,-1520.215,-1520.215;;;;
Trevor;22:19:01;20:22:34;-1156.829,-1519.968,-1519.968;;;;
Trevor;22:19:01;20:22:35;-1156.958,-1519.873,-1519.873;;Fuck.;Cutscene;Cutscene
Trevor;22:19:02;20:22:35;-1157.922,-1520.677,-1520.677;;;;
Trevor;22:19:02;20:22:36;-1158.2,-1520.9,-1520.9;;;;
Trevor;22:19:03;20:22:36;-1158.39,-1520.983,-1520.983;;;;
Trevor;22:19:03;20:22:37;-1158.55,-1520.852,-1520.852;;;;
Trevor;22:19:04;20:22:37;-1158.548,-1520.875,-1520.875;;;;
Trevor;22:19:04;20:22:38;-1158.616,-1520.916,-1520.916;;;;
Trevor;22:19:05;20:22:38;-1158.641,-1520.917,-1520.917;;;;
Trevor;22:19:05;20:22:39;-1158.641,-1520.917,-1520.917;;;;
Trevor;22:19:06;20:22:39;-1158.641,-1520.917,-1520.917;;;;
Trevor;22:19:06;20:22:40;-1158.641,-1520.917,-1520.917;;;;
Trevor;22:19:07;20:22:40;-1158.641,-1520.917,-1520.917;;;;
Trevor;22:19:07;20:22:41;-1158.641,-1520.917,-1520.917;;;;
Trevor;22:19:08;20:22:41;-1158.641,-1520.917,-1520.917;;;;
Trevor;22:19:08;20:22:42;-1158.641,-1520.917,-1520.917;;;;
Trevor;22:19:09;20:22:42;-1158.641,-1520.917,-1520.917;;;;
Trevor;22:19:09;20:22:43;-1158.641,-1520.917,-1520.917;;;;
Trevor;22:19:10;20:22:44;-1158.641,-1520.917,-1520.917;;;;
Trevor;22:19:10;20:22:44;-1158.641,-1520.917,-1520.917;;;;
Trevor;22:19:11;20:22:45;-1158.641,-1520.917,-1520.917;;;;
Trevor;22:19:11;20:22:45;-1158.641,-1520.917,-1520.917;;;;
Trevor;22:19:12;20:22:46;-1158.641,-1520.917,-1520.917;;;;
Trevor;22:19:13;20:22:46;-1158.641,-1520.917,-1520.917;;;;
Trevor;22:19:13;20:22:47;-1158.641,-1520.917,-1520.917;;;;
Trevor;22:19:14;20:22:47;-1158.649,-1520.888,-1520.888;;;;
Trevor;22:19:14;20:22:48;-1158.772,-1520.506,-1520.506;;;;
Trevor;22:19:15;20:22:48;-1158.927,-1519.969,-1519.969;;;;
Trevor;22:19:15;20:22:49;-1158.873,-1520.033,-1520.033;;;;
Trevor;22:19:16;20:22:49;-1158.544,-1520.437,-1520.437;;;;
Trevor;22:19:16;20:22:50;-1157.924,-1521.052,-1521.052;;;;
Trevor;22:19:17;20:22:50;-1157.15,-1520.808,-1520.808;;;;
Trevor;22:19:17;20:22:51;-1156.713,-1520.051,-1520.051;;;;
Trevor;22:19:18;20:22:51;-1155.993,-1519.542,-1519.542;;;;
Trevor;22:19:18;20:22:52;-1155.19,-1519.039,-1519.039;;;;
Trevor;22:19:19;20:22:52;-1154.372,-1518.527,-1518.527;;;;
Trevor;22:19:19;20:22:53;-1153.682,-1518.097,-1518.097;;;;
Trevor;22:19:20;20:22:53;-1153.499,-1517.982,-1517.982;;;;
Trevor;22:19:20;20:22:54;-1153.479,-1517.969,-1517.969;;;;
Trevor;22:19:21;20:22:54;-1153.479,-1517.969,-1517.969;;;;
Trevor;22:19:21;20:22:55;-1153.479,-1517.969,-1517.969;;;;
Trevor;22:19:22;20:22:56;-1153.578,-1518.044,-1518.044;;;;
Trevor;22:19:22;20:22:56;-1153.187,-1518.388,-1518.388;;;;
Trevor;22:19:23;20:22:57;-1152.442,-1518.055,-1518.055;;;;
Trevor;22:19:23;20:22:57;-1151.517,-1517.68,-1517.68;;;;
Trevor;22:19:24;20:22:58;-1149.86,-1517.125,-1517.125;;;;
Trevor;22:19:25;20:22:58;-1148.234,-1516.471,-1516.471;;;;
Trevor;22:19:25;20:22:59;-1146.495,-1515.839,-1515.839;;;;
Trevor;22:19:26;20:22:59;-1145.721,-1515.295,-1515.295;;;;
Trevor;22:19:26;20:23:00;-1145.826,-1515.205,-1515.205;;;;
Trevor;22:19:27;20:23:00;-1146.454,-1515.266,-1515.266;;;;
Trevor;22:19:27;20:23:01;-1146.685,-1515.973,-1515.973;;;;
Trevor;22:19:28;20:23:01;-1147.379,-1516.185,-1516.185;;;;
Trevor;22:19:28;20:23:02;-1148.275,-1516.139,-1516.139;;;;
Trevor;22:19:29;20:23:02;-1149.122,-1516.262,-1516.262;;;;
Trevor;22:19:29;20:23:03;-1149.962,-1516.458,-1516.458;;;;
Trevor;22:19:30;20:23:03;-1150.542,-1516.017,-1516.017;;;;
Trevor;22:19:30;20:23:04;-1150.303,-1515.292,-1515.292;;;;
Trevor;22:19:31;20:23:04;-1149.874,-1514.462,-1514.462;;;;
Trevor;22:19:31;20:23:05;-1149.396,-1513.625,-1513.625;;;;
Trevor;22:19:32;20:23:05;-1149.815,-1513.572,-1513.572;;;;
Trevor;22:19:32;20:23:06;-1149.49,-1513.208,-1513.208;;;;
Trevor;22:19:33;20:23:06;-1149.225,-1512.937,-1512.937;;;;
Trevor;22:19:33;20:23:07;-1148.97,-1512.686,-1512.686;;;;
Trevor;22:19:34;20:23:07;-1148.863,-1512.582,-1512.582;;;;
Trevor;22:19:34;20:23:08;-1148.863,-1512.582,-1512.582;;;;
Trevor;22:19:35;20:23:09;-1148.863,-1512.582,-1512.582;;;;
Trevor;22:19:35;20:23:09;-1148.863,-1512.582,-1512.582;;;;
Trevor;22:19:36;20:23:10;-1148.863,-1512.582,-1512.582;;;;
Trevor;22:19:36;20:23:10;-1148.863,-1512.582,-1512.582;;;;
Trevor;22:19:37;20:23:11;-1148.863,-1512.582,-1512.582;;;;
Trevor;22:19:38;20:23:11;-1148.863,-1512.582,-1512.582;;;;
Trevor;10:19:42;20:23:16;-1148.863,-1512.582,-1512.582;;;;
Trevor;10:19:43;20:23:16;-1148.863,-1512.582,-1512.582;;;;
Trevor;10:19:43;20:23:17;-1148.863,-1512.582,-1512.582;;;;
Trevor;10:19:44;20:23:17;-1148.887,-1512.614,-1512.614;;;;
Trevor;10:19:44;20:23:18;-1149.112,-1512.923,-1512.923;;;;
Trevor;10:19:45;20:23:18;-1149.325,-1513.291,-1513.291;;;;
Trevor;10:19:45;20:23:19;-1149.418,-1513.703,-1513.703;;;;
Trevor;10:19:46;20:23:19;-1149.441,-1513.884,-1513.884;;;;
Trevor;10:19:46;20:23:20;-1149.441,-1513.884,-1513.884;;;;
Trevor;10:19:47;20:23:20;-1149.441,-1513.884,-1513.884;;;;
