char;time_ingame;time_rw;pos;vehicle;subtitles_text;speaker;soundfile
Franklin;22:44:07;16:22:59;-14.3803,-1438.514,-1438.514;;;;
Franklin;22:44:07;16:22:59;-14.3803,-1438.514,-1438.514;;;;
Franklin;22:44:08;16:23:00;-14.3803,-1438.514,-1438.514;;;;
Franklin;22:44:08;16:23:00;-14.3803,-1438.514,-1438.514;;;;
Franklin;22:44:09;16:23:01;-14.3803,-1438.514,-1438.514;;;;
Franklin;22:44:09;16:23:02;-14.3803,-1438.514,-1438.514;;;;
Franklin;22:44:10;16:23:02;-14.3803,-1438.514,-1438.514;;;;
Franklin;22:44:10;16:23:03;-14.3803,-1438.514,-1438.514;;;;
Franklin;22:44:11;16:23:03;-14.3803,-1438.514,-1438.514;;;;
Franklin;22:44:11;16:23:04;-14.3803,-1438.514,-1438.514;;;;
Franklin;22:44:12;16:23:04;-14.3803,-1438.514,-1438.514;;;;
Franklin;22:44:12;16:23:05;-14.3803,-1438.514,-1438.514;;;;
Franklin;22:44:13;16:23:05;-14.3803,-1438.514,-1438.514;;;;
Franklin;22:44:13;16:23:06;-14.3803,-1438.514,-1438.514;;;;
Franklin;22:44:14;16:23:06;-14.3803,-1438.514,-1438.514;;;;
Franklin;22:44:14;16:23:07;-14.3803,-1438.514,-1438.514;;;;
Franklin;22:44:15;16:23:07;-14.3803,-1438.514,-1438.514;;;;
Franklin;22:44:15;16:23:08;-14.3803,-1438.514,-1438.514;;;;
Franklin;22:44:16;16:23:08;-14.37732,-1438.548,-1438.548;;;;
Franklin;22:44:16;16:23:09;-14.37754,-1438.548,-1438.548;;;;
Franklin;22:44:17;16:23:09;-14.37842,-1438.548,-1438.548;;;;
Franklin;22:44:17;16:23:10;-14.37842,-1438.548,-1438.548;;;;
Franklin;22:44:18;16:23:10;-14.37842,-1438.548,-1438.548;;;;
Franklin;22:44:19;16:23:11;-14.37842,-1438.548,-1438.548;;;;
Franklin;22:44:19;16:23:11;-14.37842,-1438.548,-1438.548;;;;
Franklin;22:44:20;16:23:12;-14.37842,-1438.548,-1438.548;;;;
Franklin;22:44:20;16:23:12;-14.37842,-1438.548,-1438.548;;;;
Franklin;22:44:21;16:23:13;-14.37842,-1438.548,-1438.548;;;;
Franklin;22:44:21;16:23:13;-14.37842,-1438.548,-1438.548;;;;
Franklin;22:44:22;16:23:14;-14.37842,-1438.548,-1438.548;;Are you cooking for me tonight, boy?;DENISE;FMF_AHAA
Franklin;22:44:22;16:23:14;-14.37842,-1438.548,-1438.548;;;;
Franklin;22:44:23;16:23:15;-14.37842,-1438.548,-1438.548;;;;
Franklin;22:44:23;16:23:15;-14.44491,-1438.723,-1438.723;;;;
Franklin;22:44:24;16:23:16;-14.57787,-1439.529,-1439.529;;;;
Franklin;22:44:24;16:23:16;-14.30828,-1440.369,-1440.369;;;;
Franklin;22:44:25;16:23:17;-14.17669,-1441.517,-1441.517;;;;
Franklin;22:44:25;16:23:18;-14.75994,-1443.513,-1443.513;;;;
Franklin;22:44:26;16:23:18;-16.08809,-1444.004,-1444.004;;;;
Franklin;22:44:26;16:23:19;-16.31217,-1444.316,-1444.316;;;;
Franklin;22:44:27;16:23:19;-17.01727,-1444.887,-1444.887;;;;
Franklin;22:44:27;16:23:20;-17.83941,-1444.943,-1444.943;;;;
Franklin;22:44:28;16:23:20;-18.63002,-1444.477,-1444.477;;;;
Franklin;22:44:28;16:23:21;-20.02263,-1443.65,-1443.65;;;;
Franklin;22:44:29;16:23:21;-21.88542,-1442.004,-1442.004;;;;
Franklin;22:44:29;16:23:22;-21.98628,-1441.904,-1441.904;;;;
Franklin;22:44:30;16:23:22;-21.7933,-1441.837,-1441.837;;;;
Franklin;22:44:30;16:23:23;-21.20859,-1441.464,-1441.464;;;;
Franklin;22:44:31;16:23:23;-21.23397,-1440.119,-1440.119;;;;
Franklin;22:44:31;16:23:24;-21.36559,-1438.708,-1438.708;;;;
Franklin;22:44:32;16:23:24;-21.60824,-1438.879,-1438.879;;;;
Franklin;22:44:32;16:23:25;-22.62954,-1439.137,-1439.137;True,Sports,BUFFALO02,0,0;;;
Franklin;22:44:33;16:23:25;-22.62954,-1439.137,-1439.137;True,Sports,BUFFALO02,0,0;;;
Franklin;22:44:34;16:23:26;-22.62954,-1439.137,-1439.137;True,Sports,BUFFALO02,0,0;;;
Franklin;22:44:34;16:23:26;-22.66912,-1439.293,-1439.293;True,Sports,BUFFALO02,0,2540709,0;;;
Franklin;22:44:35;16:23:27;-22.66849,-1439.3,-1439.3;True,Sports,BUFFALO02,0,0;;;
Franklin;22:44:35;16:23:27;-22.67097,-1439.298,-1439.298;True,Sports,BUFFALO02,0,0509812,0;;;
Franklin;22:44:36;16:23:28;-22.6688,-1439.299,-1439.299;True,Sports,BUFFALO02,0,0;;;
Franklin;22:44:36;16:23:28;-22.6688,-1439.299,-1439.299;True,Sports,BUFFALO02,0,0;;;
Franklin;22:44:37;16:23:29;-22.6688,-1439.299,-1439.299;True,Sports,BUFFALO02,0,0;;;
Franklin;22:44:37;16:25:05;-22.6688,-1439.299,-1439.299;True,Sports,BUFFALO02,0,0;;;
Franklin;22:46:15;16:25:07;-22.6688,-1439.299,-1439.299;True,Sports,BUFFALO02,0,0;;;
Franklin;22:46:15;16:25:08;-22.6688,-1439.299,-1439.299;True,Sports,BUFFALO02,0,0;;;
Franklin;22:46:29;16:25:21;-22.6688,-1439.299,-1439.299;True,Sports,BUFFALO02,0,0;;;
Franklin;22:46:29;16:25:22;-22.6688,-1439.299,-1439.299;True,Sports,BUFFALO02,0,0;;;
Franklin;22:46:30;16:25:22;-22.6688,-1439.299,-1439.299;True,Sports,BUFFALO02,0,0;;;
Franklin;22:46:30;16:25:23;-22.6688,-1439.299,-1439.299;True,Sports,BUFFALO02,0,0;;;
Franklin;22:46:31;16:25:23;-22.6688,-1439.299,-1439.299;True,Sports,BUFFALO02,0,0;;;
Franklin;22:46:32;16:25:24;-22.6688,-1439.299,-1439.299;True,Sports,BUFFALO02,0,0;;;
Franklin;22:46:32;16:25:24;-22.6688,-1439.299,-1439.299;True,Sports,BUFFALO02,0,0;;;
Franklin;22:46:33;16:25:25;-22.6688,-1439.299,-1439.299;True,Sports,BUFFALO02,0,0;;;
Franklin;22:48:38;16:27:30;-22.6688,-1439.299,-1439.299;True,Sports,BUFFALO02,0,0;;;
Franklin;22:48:41;16:27:33;-22.6688,-1439.299,-1439.299;True,Sports,BUFFALO02,0,0;;;
Franklin;22:48:41;16:27:33;-22.68797,-1439.407,-1439.407;True,Sports,BUFFALO02,0,8406433,1;;;
Franklin;22:48:42;16:27:34;-23.07675,-1440.291,-1440.291;True,Sports,BUFFALO02,3,000561,1;;;
Franklin;22:48:42;16:27:34;-23.76029,-1442.417,-1442.417;True,Sports,BUFFALO02,6,124441,1;;;
Franklin;22:48:43;16:27:35;-24.40507,-1445.548,-1445.548;True,Sports,BUFFALO02,5,406899,0;;;
Franklin;22:48:43;16:27:36;-24.60223,-1447.905,-1447.905;True,Sports,BUFFALO02,3,952923,0;;;
Franklin;22:48:43;16:28:26;-24.654,-1448.709,-1448.709;True,Sports,BUFFALO02,3,268105,0;;;
Franklin;22:49:34;16:28:27;-24.718,-1449.957,-1449.957;True,Sports,BUFFALO02,1,608962,0;;;
Franklin;22:49:35;16:28:27;-24.75946,-1450.403,-1450.403;True,Sports,BUFFALO02,0,6774215,1;;;
Franklin;22:49:35;16:28:28;-24.92805,-1451.337,-1451.337;True,Sports,BUFFALO02,3,167765,1;;;
Franklin;22:49:36;16:28:28;-25.46339,-1453.21,-1453.21;True,Sports,BUFFALO02,3,329659,0;;;
Franklin;22:49:36;16:28:29;-26.47147,-1455.087,-1455.087;True,Sports,BUFFALO02,5,637639,1;;;
Franklin;22:49:37;16:28:29;-28.43143,-1457.623,-1457.623;True,Sports,BUFFALO02,7,018224,1;;;
Franklin;22:49:37;16:28:30;-32.41631,-1459.85,-1459.85;True,Sports,BUFFALO02,9,607996,0;;;
Franklin;22:49:38;16:28:30;-36.88197,-1460.512,-1460.512;True,Sports,BUFFALO02,7,630972,0;;;
Franklin;22:49:39;16:28:31;-40.32483,-1460.854,-1460.854;True,Sports,BUFFALO02,5,674205,0;;;
Franklin;22:49:39;16:28:31;-43.85012,-1461.182,-1461.182;True,Sports,BUFFALO02,8,920917,1;;;
Franklin;22:49:40;16:28:32;-49.32439,-1461.674,-1461.674;True,Sports,BUFFALO02,10,63393,0;;;
Franklin;22:49:40;16:28:32;-54.96413,-1462.843,-1462.843;True,Sports,BUFFALO02,10,93015,0;;;
Franklin;22:49:41;16:28:33;-59.86383,-1464.513,-1464.513;True,Sports,BUFFALO02,9,189116,0;;;
Franklin;22:49:41;16:28:33;-62.48534,-1465.317,-1465.317;True,Sports,BUFFALO02,3,604424,0;;;
Franklin;22:49:42;16:28:34;-63.89225,-1465.685,-1465.685;True,Sports,BUFFALO02,1,994933,0;;;
Franklin;22:49:42;16:28:34;-64.47369,-1465.872,-1465.872;True,Sports,BUFFALO02,0,4051432,0;;;
Franklin;22:49:43;16:28:35;-64.49526,-1465.878,-1465.878;True,Sports,BUFFALO02,0,0;;;
Franklin;22:49:43;16:28:35;-64.49526,-1465.878,-1465.878;True,Sports,BUFFALO02,0,0;;;
Franklin;22:49:44;16:28:36;-64.70538,-1466.015,-1466.015;True,Sports,BUFFALO02,1,230075,1;;;
Franklin;22:49:44;16:28:36;-65.61609,-1466.773,-1466.773;True,Sports,BUFFALO02,3,459023,1;;;
Franklin;22:49:45;16:28:37;-66.97845,-1468.907,-1468.907;True,Sports,BUFFALO02,6,406241,1;;;
Franklin;22:49:45;16:28:38;-66.50529,-1471.397,-1471.397;True,Sports,BUFFALO02,3,20355,0;;;
Franklin;22:49:46;16:28:38;-65.92123,-1471.72,-1471.72;True,Sports,BUFFALO02,0,1791036,1;;;
Franklin;22:49:46;16:28:39;-65.98737,-1471.653,-1471.653;True,Sports,BUFFALO02,0,5892612,-1;;;
Franklin;22:49:47;16:28:39;-66.21999,-1471.053,-1471.053;True,Sports,BUFFALO02,1,178588,0;;;
Franklin;22:49:47;16:28:40;-66.04392,-1471.164,-1471.164;True,Sports,BUFFALO02,1,29193,1;;;
Franklin;22:49:48;16:28:40;-65.77763,-1471.311,-1471.311;True,Sports,BUFFALO02,0,02360245,0;;;
Franklin;22:49:48;16:28:41;-65.54041,-1471.426,-1471.426;True,Sports,BUFFALO02,1,388622,1;;;
Franklin;22:49:49;16:28:41;-64.49484,-1471.749,-1471.749;True,Sports,BUFFALO02,1,888885,0;;;
Franklin;22:49:49;16:28:42;-63.87982,-1471.786,-1471.786;True,Sports,BUFFALO02,0,9421536,1;;;
Franklin;22:49:50;16:28:42;-62.7602,-1471.762,-1471.762;True,Sports,BUFFALO02,3,424598,1;;;
Franklin;22:49:50;16:28:43;-60.09944,-1471.243,-1471.243;True,Sports,BUFFALO02,7,459575,1;;;
Franklin;22:49:51;16:28:43;-54.97646,-1469.948,-1469.948;True,Sports,BUFFALO02,11,53098,0;;;
Franklin;22:49:51;16:28:44;-49.84752,-1468.475,-1468.475;True,Sports,BUFFALO02,9,453162,0;;;
Franklin;22:49:52;16:28:44;-45.45997,-1465.985,-1465.985;True,Sports,BUFFALO02,9,890915,0;;;
Franklin;22:49:52;16:28:45;-42.26374,-1462.443,-1462.443;True,Sports,BUFFALO02,8,299938,0;;;
Franklin;22:49:53;16:28:45;-39.49811,-1459.64,-1459.64;True,Sports,BUFFALO02,7,00326,0;;;
Franklin;22:49:54;16:28:46;-36.92115,-1457.82,-1457.82;True,Sports,BUFFALO02,5,506809,0;;;
Franklin;22:49:54;16:28:46;-34.78385,-1456.471,-1456.471;True,Sports,BUFFALO02,4,684248,1;;;
Franklin;22:49:55;16:28:47;-32.68487,-1455.806,-1455.806;True,Sports,BUFFALO02,3,538092,0;;;
Franklin;22:49:55;16:28:47;-30.6257,-1455.314,-1455.314;True,Sports,BUFFALO02,5,897089,1;;;
Franklin;22:49:56;16:28:48;-27.71003,-1455.005,-1455.005;True,Sports,BUFFALO02,5,064709,0;;;
Franklin;22:49:56;16:28:48;-25.65881,-1454.507,-1454.507;True,Sports,BUFFALO02,3,290337,0;;;
Franklin;22:49:57;16:28:49;-25.22227,-1454.371,-1454.371;True,Sports,BUFFALO02,0,02285468,0;;;
Franklin;22:49:57;16:28:49;-25.22486,-1454.37,-1454.37;True,Sports,BUFFALO02,0,006182828,0;;;
Franklin;22:49:59;16:28:51;-25.63893,-1453.096,-1453.096;;;;
Franklin;22:49:59;16:28:51;-25.97817,-1453.264,-1453.264;;;;
Franklin;22:50:00;16:28:52;-24.71751,-1452.828,-1452.828;;;;
Franklin;22:50:00;16:28:53;-22.24989,-1451.532,-1451.532;;;;
Franklin;22:50:01;16:28:53;-21.7518,-1449.39,-1449.39;;;;
Franklin;22:50:01;16:28:54;-21.03666,-1448.321,-1448.321;;;;
Franklin;22:50:02;16:28:54;-19.24132,-1448.787,-1448.787;;;;
Franklin;22:50:02;16:28:55;-16.57177,-1447.923,-1447.923;;;;
Franklin;22:50:03;16:28:55;-15.5668,-1444.627,-1444.627;;;;
Franklin;22:50:03;16:28:56;-14.35147,-1441.498,-1441.498;;;;
Franklin;22:50:04;16:28:56;-14.78716,-1438.979,-1438.979;;I'ma have a gentleman call in later... so make yourself scarce.;DENISE;FMF_AHAA
Franklin;22:50:04;16:28:57;-16.64731,-1439.264,-1439.264;;;;
Franklin;22:50:05;16:28:57;-17.70899,-1440.29,-1440.29;;;;
Franklin;22:50:05;16:28:58;-17.96756,-1439.948,-1439.948;;;;
Franklin;22:50:06;16:28:58;-18.12047,-1440.234,-1440.234;;;;
Franklin;22:50:06;16:28:59;-18.29299,-1440.648,-1440.648;;;;
Franklin;22:50:07;16:28:59;-18.29951,-1440.889,-1440.889;;;;
Franklin;22:50:08;16:29:00;-18.29715,-1441.125,-1441.125;;;;
Franklin;22:50:08;16:29:00;-18.2951,-1441.33,-1441.33;;;;
Franklin;22:50:09;16:29:01;-18.29362,-1441.478,-1441.478;;;;
Franklin;22:50:09;16:29:01;-18.29306,-1441.534,-1441.534;;;;
Franklin;22:50:10;16:29:02;-18.29306,-1441.534,-1441.534;;;;
Franklin;22:50:10;16:29:02;-18.29306,-1441.534,-1441.534;;;;
Franklin;22:50:11;16:29:03;-18.29306,-1441.534,-1441.534;;;;
Franklin;22:50:11;16:29:03;-18.29306,-1441.534,-1441.534;;;;
Franklin;22:50:12;16:29:04;-18.29306,-1441.534,-1441.534;;;;
Franklin;06:50:12;16:29:08;-18.29306,-1441.534,-1441.534;;;;
Franklin;06:50:16;16:29:08;-18.29306,-1441.534,-1441.534;;;;
Franklin;06:50:17;16:29:09;-18.29319,-1441.52,-1441.52;;;;
Franklin;06:50:17;16:29:09;-18.29504,-1441.335,-1441.335;;;;
Franklin;06:50:18;16:29:10;-18.24944,-1441.107,-1441.107;;;;
Franklin;06:50:18;16:29:11;-18.12474,-1440.907,-1440.907;;;;
Franklin;06:50:19;16:29:11;-18.02371,-1440.729,-1440.729;;;;
Franklin;06:50:19;16:29:12;-17.92233,-1440.568,-1440.568;;;;
Franklin;06:50:20;16:29:12;-17.82314,-1440.441,-1440.441;;;;
Franklin;06:50:20;16:29:13;-17.76399,-1440.354,-1440.354;;;;
Franklin;06:50:21;16:29:13;-17.75869,-1440.34,-1440.34;;;;
Franklin;06:50:21;16:29:14;-17.75869,-1440.34,-1440.34;;;;
Franklin;06:50:22;16:29:14;-17.75869,-1440.34,-1440.34;;;;
Franklin;06:50:22;16:29:15;-17.74817,-1440.329,-1440.329;;;;
Franklin;06:50:23;16:29:15;-17.65628,-1440.046,-1440.046;;;;
Franklin;06:50:23;16:29:16;-16.99751,-1439.38,-1439.38;;;;
Franklin;06:50:24;16:29:16;-15.38549,-1439.073,-1439.073;;;;
Franklin;06:50:25;16:29:17;-14.45655,-1440.574,-1440.574;;;;
Franklin;06:50:25;16:29:17;-14.15028,-1442.886,-1442.886;;;;
Franklin;06:50:26;16:29:18;-14.49383,-1445.679,-1445.679;;;;
Franklin;06:50:26;16:29:18;-16.89725,-1445.733,-1445.733;;;;
Franklin;06:50:27;16:29:19;-19.87563,-1445.221,-1445.221;;;;
Franklin;06:50:27;16:29:19;-21.79535,-1448.008,-1448.008;;;;
Franklin;06:50:28;16:29:20;-23.28956,-1450.373,-1450.373;;;;
Franklin;06:50:28;16:29:20;-24.98698,-1452.925,-1452.925;;;;
Franklin;06:50:29;16:29:21;-25.96449,-1453.265,-1453.265;;;;
Franklin;06:50:29;16:29:22;-25.41924,-1453.842,-1453.842;;;;
Franklin;06:50:30;16:29:22;-25.22508,-1454.371,-1454.371;True,Sports,BUFFALO02,0,0;;;
Franklin;06:50:30;16:29:23;-25.22536,-1454.372,-1454.372;True,Sports,BUFFALO02,0,08957336,0;;;
Franklin;06:50:31;16:29:23;-25.22536,-1454.371,-1454.371;True,Sports,BUFFALO02,0,0;;;
Franklin;06:50:31;16:29:24;-25.22536,-1454.371,-1454.371;True,Sports,BUFFALO02,0,0;;;
Franklin;06:50:32;16:29:24;-25.05716,-1454.379,-1454.379;True,Sports,BUFFALO02,1,095165,1;;;
Franklin;06:50:32;16:29:25;-23.84569,-1454.553,-1454.553;True,Sports,BUFFALO02,3,785769,1;;;
Franklin;06:50:33;16:29:25;-22.07571,-1455.428,-1455.428;True,Sports,BUFFALO02,3,240846,0;;;
Franklin;06:50:33;16:29:26;-21.18555,-1456.421,-1456.421;True,Sports,BUFFALO02,2,089799,1;;;
Franklin;06:50:34;16:29:26;-20.41414,-1457.977,-1457.977;True,Sports,BUFFALO02,4,884278,1;;;
Franklin;06:50:34;16:29:27;-20.34112,-1461.387,-1461.387;True,Sports,BUFFALO02,7,431129,0;;;
Franklin;06:50:35;16:29:27;-22.23823,-1463.888,-1463.888;True,Sports,BUFFALO02,5,121358,0;;;
Franklin;06:50:35;16:29:28;-24.93371,-1464.622,-1464.622;True,Sports,BUFFALO02,6,713645,1;;;
Franklin;06:50:36;16:29:28;-29.38834,-1463.687,-1463.687;True,Sports,BUFFALO02,11,12274,1;;;
Franklin;06:50:37;16:29:29;-35.4447,-1462.961,-1462.961;True,Sports,BUFFALO02,12,14654,1;;;
Franklin;06:50:37;16:29:29;-41.84617,-1462.578,-1462.578;True,Sports,BUFFALO02,12,85127,1;;;
Franklin;06:50:38;16:29:30;-48.56101,-1462.308,-1462.308;True,Sports,BUFFALO02,12,94587,0;;;
Franklin;06:50:38;16:29:30;-54.86197,-1462.797,-1462.797;True,Sports,BUFFALO02,11,5577,1;;;
Franklin;06:50:39;16:29:31;-60.54135,-1464.458,-1464.458;True,Sports,BUFFALO02,10,47246,0;;;
Franklin;06:50:39;16:29:31;-66.02463,-1466.396,-1466.396;True,Sports,BUFFALO02,12,48495,1;;;
Franklin;06:50:40;16:29:32;-72.37901,-1469.44,-1469.44;True,Sports,BUFFALO02,15,01841,1;;;
Franklin;06:50:40;16:29:32;-78.69712,-1474.364,-1474.364;True,Sports,BUFFALO02,15,39406,1;;;
Franklin;06:50:41;16:29:33;-84.36034,-1479.697,-1479.697;True,Sports,BUFFALO02,14,59141,1;;;
Franklin;06:50:41;16:29:34;-88.67461,-1485.268,-1485.268;True,Sports,BUFFALO02,12,34553,0;;;
Franklin;06:50:42;16:29:34;-92.50419,-1489.998,-1489.998;True,Sports,BUFFALO02,11,14819,0;;;
Franklin;06:50:42;16:29:35;-95.55396,-1494.301,-1494.301;True,Sports,BUFFALO02,9,620742,1;;;
Franklin;06:50:43;16:29:35;-98.47253,-1498.359,-1498.359;True,Sports,BUFFALO02,8,912411,0;;;
Franklin;06:50:43;16:29:36;-101.0083,-1501.721,-1501.721;True,Sports,BUFFALO02,7,088982,0;;;
Franklin;06:50:44;16:29:36;-103.0308,-1504.227,-1504.227;True,Sports,BUFFALO02,5,14233,0;;;
Franklin;06:50:44;16:29:37;-104.2733,-1505.446,-1505.446;True,Sports,BUFFALO02,1,545508,0;;;
Franklin;06:50:45;16:29:37;-104.5146,-1505.698,-1505.698;True,Sports,BUFFALO02,0,0142765,0;;;
Franklin;06:50:45;16:29:38;-104.5132,-1505.697,-1505.697;True,Sports,BUFFALO02,0,0;;;
Franklin;06:50:46;16:29:38;-104.5132,-1505.697,-1505.697;True,Sports,BUFFALO02,0,0;;;
Franklin;06:50:46;16:29:39;-104.5132,-1505.697,-1505.697;True,Sports,BUFFALO02,0,0;;;
Franklin;06:50:47;16:29:39;-104.5132,-1505.697,-1505.697;True,Sports,BUFFALO02,0,0;;;
Franklin;06:50:47;16:29:40;-104.5132,-1505.697,-1505.697;True,Sports,BUFFALO02,0,0;;;
Franklin;06:50:48;16:29:40;-104.5132,-1505.697,-1505.697;True,Sports,BUFFALO02,0,0;;;
Franklin;06:50:49;16:29:41;-104.5132,-1505.697,-1505.697;True,Sports,BUFFALO02,0,0;;;
Franklin;06:50:49;16:29:41;-104.5132,-1505.697,-1505.697;True,Sports,BUFFALO02,0,0;;;
Franklin;06:50:50;16:29:42;-104.5132,-1505.697,-1505.697;True,Sports,BUFFALO02,0,0;;;
Franklin;06:50:50;16:29:42;-104.5132,-1505.697,-1505.697;True,Sports,BUFFALO02,0,0;;;
Franklin;06:50:51;16:29:43;-104.5132,-1505.697,-1505.697;True,Sports,BUFFALO02,0,0;;;
Franklin;06:50:51;16:29:43;-104.5132,-1505.697,-1505.697;True,Sports,BUFFALO02,0,0;;;
Franklin;06:50:52;16:29:44;-104.5132,-1505.697,-1505.697;True,Sports,BUFFALO02,0,0;;;
Franklin;06:50:52;16:29:44;-104.5132,-1505.697,-1505.697;True,Sports,BUFFALO02,0,0;;;
Franklin;06:50:53;16:29:45;-104.5132,-1505.697,-1505.697;True,Sports,BUFFALO02,0,0;;;
Franklin;06:50:53;16:29:46;-104.5132,-1505.697,-1505.697;True,Sports,BUFFALO02,0,0;;;
Franklin;06:50:54;16:29:46;-104.5132,-1505.697,-1505.697;True,Sports,BUFFALO02,0,0;;;
Franklin;06:50:54;16:29:47;-104.5132,-1505.697,-1505.697;True,Sports,BUFFALO02,0,0;;;
Franklin;06:50:55;16:29:47;-104.5132,-1505.697,-1505.697;True,Sports,BUFFALO02,0,0;;;
Franklin;06:50:55;16:29:48;-104.5132,-1505.697,-1505.697;True,Sports,BUFFALO02,0,0;;;
Franklin;06:50:56;16:29:48;-104.5132,-1505.697,-1505.697;True,Sports,BUFFALO02,0,0;;;
Franklin;06:50:56;16:29:49;-104.5132,-1505.697,-1505.697;True,Sports,BUFFALO02,0,0;;;
Franklin;06:50:57;16:29:49;-104.5132,-1505.697,-1505.697;True,Sports,BUFFALO02,0,0;;;
Franklin;06:50:57;16:29:50;-104.5132,-1505.697,-1505.697;True,Sports,BUFFALO02,0,0;;;
Franklin;06:50:58;16:29:50;-104.5132,-1505.697,-1505.697;True,Sports,BUFFALO02,0,0;;;
Franklin;06:50:58;16:29:51;-104.5132,-1505.697,-1505.697;True,Sports,BUFFALO02,0,0;;;
Franklin;06:50:59;16:29:51;-104.5132,-1505.697,-1505.697;True,Sports,BUFFALO02,0,0;;;
Franklin;06:50:59;16:29:52;-104.5132,-1505.697,-1505.697;True,Sports,BUFFALO02,0,0;;;
Franklin;06:51:00;16:29:52;-104.5133,-1505.697,-1505.697;True,Sports,BUFFALO02,0,002514276,1;;;
Franklin;06:51:00;16:29:53;-104.5132,-1505.696,-1505.696;True,Sports,BUFFALO02,0,006417329,1;;;
Franklin;06:51:01;16:29:53;-104.5169,-1505.692,-1505.692;True,Sports,BUFFALO02,0,01077268,1;;;
Franklin;06:51:02;16:29:54;-104.5172,-1505.691,-1505.691;True,Sports,BUFFALO02,0,005116735,1;;;
Franklin;06:51:02;16:29:54;-104.5179,-1505.691,-1505.691;True,Sports,BUFFALO02,0,008014028,1;;;
Franklin;06:51:03;16:29:55;-104.5171,-1505.691,-1505.691;True,Sports,BUFFALO02,0,005082391,1;;;
Franklin;06:51:03;16:29:55;-104.5172,-1505.691,-1505.691;True,Sports,BUFFALO02,0,003724949,0;;;
Franklin;06:51:04;16:29:56;-104.5128,-1505.695,-1505.695;True,Sports,BUFFALO02,0,002410539,0;;;
Franklin;06:51:04;16:29:56;-104.5127,-1505.696,-1505.696;True,Sports,BUFFALO02,0,003254005,1;;;
Franklin;06:51:05;16:29:57;-104.5151,-1505.693,-1505.693;True,Sports,BUFFALO02,0,026015,1;;;
Franklin;06:51:05;16:29:57;-104.5167,-1505.692,-1505.692;True,Sports,BUFFALO02,0,01190966,1;;;
Franklin;06:51:06;16:29:58;-104.517,-1505.692,-1505.692;True,Sports,BUFFALO02,0,009708309,1;;;
Franklin;06:51:06;16:29:58;-104.5179,-1505.691,-1505.691;True,Sports,BUFFALO02,0,01361716,1;;;
Franklin;06:51:07;16:29:59;-104.5173,-1505.691,-1505.691;True,Sports,BUFFALO02,0,013471,1;;;
Franklin;06:51:07;16:30:00;-104.5169,-1505.692,-1505.692;True,Sports,BUFFALO02,0,007308183,1;;;
Franklin;06:51:08;16:30:00;-104.5166,-1505.692,-1505.692;True,Sports,BUFFALO02,0,002000965,1;;;
Franklin;06:51:08;16:30:01;-104.5177,-1505.691,-1505.691;True,Sports,BUFFALO02,0,004007089,1;;;
Franklin;06:51:09;16:30:01;-104.517,-1505.692,-1505.692;True,Sports,BUFFALO02,0,001343373,1;;;
Franklin;06:51:09;16:30:02;-104.5173,-1505.691,-1505.691;True,Sports,BUFFALO02,0,004366214,1;;;
Franklin;06:51:10;16:30:02;-104.5182,-1505.69,-1505.69;True,Sports,BUFFALO02,0,004536502,1;;;
Franklin;06:51:10;16:30:03;-104.5176,-1505.692,-1505.692;True,Sports,BUFFALO02,0,01324589,0;;;
Franklin;06:51:11;16:30:03;-104.5541,-1505.738,-1505.738;True,Sports,BUFFALO02,0,6441271,1;;;
Franklin;06:51:11;16:30:04;-104.6752,-1505.867,-1505.867;True,Sports,BUFFALO02,0,08861156,1;;;
Franklin;06:51:12;16:30:04;-105.0344,-1506.238,-1506.238;True,Sports,BUFFALO02,1,307359,0;;;
Franklin;06:51:12;16:30:05;-105.2092,-1506.427,-1506.427;True,Sports,BUFFALO02,0,003760338,0;;;
Franklin;06:51:13;16:30:05;-105.2088,-1506.427,-1506.427;True,Sports,BUFFALO02,0,0;;;
Franklin;06:51:13;16:30:06;-105.2088,-1506.427,-1506.427;True,Sports,BUFFALO02,0,0;;;
Franklin;06:51:14;16:30:06;-105.5053,-1506.728,-1506.728;True,Sports,BUFFALO02,1,899455,1;;;
Franklin;06:51:15;16:30:07;-106.904,-1507.827,-1507.827;True,Sports,BUFFALO02,4,948786,1;;;
Franklin;06:51:15;16:30:07;-110.3912,-1509.614,-1509.614;True,Sports,BUFFALO02,10,58564,1;;;
Franklin;06:51:16;16:30:08;-116.1678,-1510.896,-1510.896;True,Sports,BUFFALO02,10,29928,1;;;
Franklin;06:51:16;16:30:08;-122.276,-1509.69,-1509.69;True,Sports,BUFFALO02,12,73884,1;;;
Franklin;06:51:17;16:30:09;-128.0659,-1506.344,-1506.344;True,Sports,BUFFALO02,12,20789,0;;;
Franklin;06:51:17;16:30:09;-132.8898,-1501.659,-1501.659;True,Sports,BUFFALO02,14,17869,1;;;
Franklin;06:51:18;16:30:10;-139.4339,-1496.318,-1496.318;True,Sports,BUFFALO02,16,87123,0;;;
Franklin;06:51:18;16:30:10;-146.2465,-1490.867,-1490.867;True,Sports,BUFFALO02,17,1753,0;;;
Franklin;06:51:19;16:30:11;-152.7302,-1485.532,-1485.532;True,Sports,BUFFALO02,15,42415,0;;;
Franklin;06:51:19;16:30:12;-158.3862,-1479.935,-1479.935;True,Sports,BUFFALO02,15,46632,0;;;
Franklin;06:51:20;16:30:12;-164.476,-1474.615,-1474.615;True,Sports,BUFFALO02,15,54019,0;;;
Franklin;06:51:20;16:30:13;-170.5788,-1469.608,-1469.608;True,Sports,BUFFALO02,15,65833,1;;;
Franklin;06:51:21;16:30:13;-177.3893,-1465.728,-1465.728;True,Sports,BUFFALO02,14,23866,0;;;
Franklin;06:51:21;16:30:14;-183.641,-1462.574,-1462.574;True,Sports,BUFFALO02,12,45833,0;;;
Franklin;06:51:22;16:30:14;-188.6033,-1459.157,-1459.157;True,Sports,BUFFALO02,10,76634,0;;;
Franklin;06:51:22;16:30:15;-192.4883,-1455.875,-1455.875;True,Sports,BUFFALO02,8,739131,0;;;
Franklin;06:51:23;16:30:15;-195.8095,-1453.44,-1453.44;True,Sports,BUFFALO02,7,102403,0;;;
Franklin;06:51:23;16:30:16;-198.4859,-1451.518,-1451.518;True,Sports,BUFFALO02,5,944272,1;;;
Franklin;06:51:24;16:30:16;-200.4987,-1449.765,-1449.765;True,Sports,BUFFALO02,4,818476,0;;;
Franklin;06:51:24;16:30:17;-202.1422,-1448.521,-1448.521;True,Sports,BUFFALO02,3,18308,0;;;
Franklin;06:51:25;16:30:17;-203.1931,-1447.708,-1447.708;True,Sports,BUFFALO02,2,108288,0;;;
Franklin;06:51:25;16:30:18;-203.8447,-1447.182,-1447.182;True,Sports,BUFFALO02,1,213998,0;;;
Franklin;06:51:26;16:30:18;-204.0245,-1447.041,-1447.041;True,Sports,BUFFALO02,0,005112958,0;;;
Franklin;06:51:27;16:30:19;-204.0242,-1447.041,-1447.041;True,Sports,BUFFALO02,0,0;;;
Franklin;06:51:27;16:30:19;-204.0242,-1447.041,-1447.041;True,Sports,BUFFALO02,0,0;;;
Franklin;06:51:28;16:30:20;-204.0242,-1447.041,-1447.041;True,Sports,BUFFALO02,0,0;;;
Franklin;06:51:28;16:30:20;-204.0242,-1447.041,-1447.041;True,Sports,BUFFALO02,0,0;;;
Franklin;06:51:29;16:30:21;-204.0242,-1447.041,-1447.041;True,Sports,BUFFALO02,0,0;;;
Franklin;06:51:29;16:30:21;-204.0242,-1447.041,-1447.041;True,Sports,BUFFALO02,0,0;;;
Franklin;06:51:30;16:30:22;-204.0242,-1447.041,-1447.041;True,Sports,BUFFALO02,0,0;;;
Franklin;06:51:30;16:30:22;-204.0242,-1447.041,-1447.041;True,Sports,BUFFALO02,0,0;;;
Franklin;06:51:31;16:30:23;-204.0242,-1447.041,-1447.041;True,Sports,BUFFALO02,0,0;;;
Franklin;06:51:31;16:30:23;-204.0242,-1447.041,-1447.041;True,Sports,BUFFALO02,0,0;;;
Franklin;06:51:32;16:30:24;-204.0242,-1447.041,-1447.041;True,Sports,BUFFALO02,0,0;;;
Franklin;06:51:32;16:30:24;-204.0242,-1447.041,-1447.041;True,Sports,BUFFALO02,0,0;;;
Franklin;06:51:33;16:30:25;-204.0242,-1447.041,-1447.041;True,Sports,BUFFALO02,0,0;;;
Franklin;06:51:33;16:30:26;-204.0242,-1447.041,-1447.041;True,Sports,BUFFALO02,0,0;;;
Franklin;06:51:34;16:30:26;-204.0242,-1447.041,-1447.041;True,Sports,BUFFALO02,0,0;;;
Franklin;06:51:34;16:30:27;-204.0242,-1447.041,-1447.041;True,Sports,BUFFALO02,0,0;;;
Franklin;06:51:35;16:30:27;-204.0242,-1447.041,-1447.041;True,Sports,BUFFALO02,0,0;;;
Franklin;06:51:35;16:30:28;-204.0242,-1447.041,-1447.041;True,Sports,BUFFALO02,0,0;;;
Franklin;06:51:36;16:30:28;-204.0242,-1447.041,-1447.041;True,Sports,BUFFALO02,0,0;;;
Franklin;06:51:36;16:30:29;-204.0242,-1447.041,-1447.041;True,Sports,BUFFALO02,0,0;;;
Franklin;06:51:37;16:30:29;-204.0242,-1447.041,-1447.041;True,Sports,BUFFALO02,0,0;;;
Franklin;06:51:37;16:30:30;-204.0242,-1447.041,-1447.041;True,Sports,BUFFALO02,0,0;;;
Franklin;06:51:38;16:30:30;-204.0242,-1447.041,-1447.041;True,Sports,BUFFALO02,0,0;;;
Franklin;06:51:38;16:30:31;-204.0403,-1447.027,-1447.027;True,Sports,BUFFALO02,0,01730718,0;;;
Franklin;06:51:39;16:30:31;-204.04,-1447.027,-1447.027;True,Sports,BUFFALO02,0,0;;;
Franklin;06:51:40;16:30:32;-204.0683,-1447.007,-1447.007;True,Sports,BUFFALO02,0,003335163,1;;;
Franklin;06:51:40;16:30:32;-204.065,-1447.002,-1447.002;True,Sports,BUFFALO02,0,02364921,1;;;
Franklin;06:51:41;16:30:33;-204.0676,-1447.005,-1447.005;True,Sports,BUFFALO02,0,01584448,0;;;
Franklin;06:51:41;16:30:33;-204.068,-1447.006,-1447.006;True,Sports,BUFFALO02,0,0;;;
Franklin;06:51:42;16:30:34;-204.125,-1446.962,-1446.962;True,Sports,BUFFALO02,0,01407442,1;;;
Franklin;06:51:42;16:30:34;-204.124,-1446.962,-1446.962;True,Sports,BUFFALO02,0,003878715,0;;;
Franklin;06:51:43;16:30:35;-204.1241,-1446.962,-1446.962;True,Sports,BUFFALO02,0,0;;;
Franklin;06:51:43;16:30:35;-204.1241,-1446.962,-1446.962;True,Sports,BUFFALO02,0,0;;;
Franklin;06:51:44;16:30:36;-204.1241,-1446.962,-1446.962;True,Sports,BUFFALO02,0,0;;;
Franklin;06:51:44;16:30:36;-204.1241,-1446.962,-1446.962;True,Sports,BUFFALO02,0,0;;;
Franklin;06:51:45;16:30:37;-204.1241,-1446.962,-1446.962;True,Sports,BUFFALO02,0,0;;;
Franklin;06:51:45;16:30:37;-204.1241,-1446.962,-1446.962;True,Sports,BUFFALO02,0,0;;;
Franklin;06:51:46;16:30:38;-204.1241,-1446.962,-1446.962;True,Sports,BUFFALO02,0,0;;;
Franklin;06:51:46;16:30:39;-204.1241,-1446.962,-1446.962;True,Sports,BUFFALO02,0,0;;;
Franklin;06:51:47;16:30:39;-204.1241,-1446.962,-1446.962;True,Sports,BUFFALO02,0,0;;;
Franklin;06:51:47;16:30:40;-204.1241,-1446.962,-1446.962;True,Sports,BUFFALO02,0,0;;;
Franklin;06:51:48;16:30:40;-204.1241,-1446.962,-1446.962;True,Sports,BUFFALO02,0,0;;;
Franklin;06:51:48;16:30:41;-204.1241,-1446.962,-1446.962;True,Sports,BUFFALO02,0,0;;;
Franklin;06:51:49;16:30:41;-204.1241,-1446.962,-1446.962;True,Sports,BUFFALO02,0,0;;;
Franklin;06:51:49;16:30:42;-204.1241,-1446.962,-1446.962;True,Sports,BUFFALO02,0,0;;;
Franklin;06:51:50;16:30:42;-204.1241,-1446.962,-1446.962;True,Sports,BUFFALO02,0,0;;;
Franklin;06:51:50;16:30:43;-204.1241,-1446.962,-1446.962;True,Sports,BUFFALO02,0,0;;;
Franklin;06:51:51;16:30:43;-204.1241,-1446.962,-1446.962;True,Sports,BUFFALO02,0,0;;;
Franklin;06:51:51;16:30:44;-204.1241,-1446.962,-1446.962;True,Sports,BUFFALO02,0,0;;;
Franklin;06:51:52;16:30:44;-204.1241,-1446.962,-1446.962;True,Sports,BUFFALO02,0,0;;;
Franklin;06:51:52;16:30:45;-204.1241,-1446.962,-1446.962;True,Sports,BUFFALO02,0,0;;;
Franklin;06:51:53;16:30:45;-204.1241,-1446.962,-1446.962;True,Sports,BUFFALO02,0,0;;;
Franklin;06:51:54;16:30:46;-204.1241,-1446.962,-1446.962;True,Sports,BUFFALO02,0,0;;;
Franklin;06:51:54;16:30:46;-204.1241,-1446.962,-1446.962;True,Sports,BUFFALO02,0,0;;;
Franklin;06:51:55;16:30:47;-204.1241,-1446.962,-1446.962;True,Sports,BUFFALO02,0,0;;;
Franklin;06:51:55;16:30:47;-204.1241,-1446.962,-1446.962;True,Sports,BUFFALO02,0,0;;;
Franklin;06:51:56;16:30:48;-204.1241,-1446.962,-1446.962;True,Sports,BUFFALO02,0,0;;;
Franklin;06:51:56;16:30:48;-204.1241,-1446.962,-1446.962;True,Sports,BUFFALO02,0,0;;;
Franklin;06:51:57;16:30:49;-204.1241,-1446.962,-1446.962;True,Sports,BUFFALO02,0,0;;;
Franklin;06:51:57;16:30:49;-204.1241,-1446.962,-1446.962;True,Sports,BUFFALO02,0,0;;;
Franklin;06:51:58;16:30:50;-204.1241,-1446.962,-1446.962;True,Sports,BUFFALO02,0,0;;;
Franklin;06:51:58;16:30:50;-204.1241,-1446.962,-1446.962;True,Sports,BUFFALO02,0,0;;;
Franklin;06:51:59;16:30:51;-204.1241,-1446.962,-1446.962;True,Sports,BUFFALO02,0,0;;;
Franklin;06:51:59;16:30:52;-204.1241,-1446.962,-1446.962;True,Sports,BUFFALO02,0,0;;;
Franklin;06:52:00;16:30:52;-204.1241,-1446.962,-1446.962;True,Sports,BUFFALO02,0,0;;;
Franklin;06:52:00;16:30:53;-204.1241,-1446.962,-1446.962;True,Sports,BUFFALO02,0,0;;;
Franklin;06:52:01;16:30:53;-204.1241,-1446.962,-1446.962;True,Sports,BUFFALO02,0,0;;;
Franklin;06:52:01;16:30:54;-204.1241,-1446.962,-1446.962;True,Sports,BUFFALO02,0,0;;;
Franklin;06:52:02;16:30:54;-204.1241,-1446.962,-1446.962;True,Sports,BUFFALO02,0,0;;;
Franklin;06:52:02;16:30:55;-204.1241,-1446.962,-1446.962;True,Sports,BUFFALO02,0,0;;;
Franklin;06:52:03;16:30:55;-204.1241,-1446.962,-1446.962;True,Sports,BUFFALO02,0,0;;;
Franklin;06:52:03;16:30:56;-204.1241,-1446.962,-1446.962;True,Sports,BUFFALO02,0,0;;;
Franklin;06:52:04;16:30:56;-204.1241,-1446.962,-1446.962;True,Sports,BUFFALO02,0,0;;;
Franklin;06:52:04;16:30:57;-204.1241,-1446.962,-1446.962;True,Sports,BUFFALO02,0,0;;;
Franklin;06:52:05;16:30:57;-204.1241,-1446.962,-1446.962;True,Sports,BUFFALO02,0,0;;;
Franklin;06:52:05;16:30:58;-204.1241,-1446.962,-1446.962;True,Sports,BUFFALO02,0,0;;;
Franklin;06:52:06;16:30:58;-204.1241,-1446.962,-1446.962;True,Sports,BUFFALO02,0,0;;;
Franklin;06:52:07;16:30:59;-204.1241,-1446.962,-1446.962;True,Sports,BUFFALO02,0,0;;;
Franklin;06:52:07;16:30:59;-204.1241,-1446.962,-1446.962;True,Sports,BUFFALO02,0,0;;;
Franklin;06:52:08;16:31:00;-204.1241,-1446.962,-1446.962;True,Sports,BUFFALO02,0,0;;;
Franklin;06:52:08;16:31:00;-204.1241,-1446.962,-1446.962;True,Sports,BUFFALO02,0,0;;;
Franklin;06:52:09;16:31:01;-204.1241,-1446.962,-1446.962;True,Sports,BUFFALO02,0,0;;;
Franklin;06:52:09;16:31:01;-204.1241,-1446.962,-1446.962;True,Sports,BUFFALO02,0,0;;;
Franklin;06:52:10;16:31:02;-204.1241,-1446.962,-1446.962;True,Sports,BUFFALO02,0,0;;;
Franklin;06:52:10;16:31:02;-204.1241,-1446.962,-1446.962;True,Sports,BUFFALO02,0,0;;;
Franklin;06:52:11;16:31:03;-204.1241,-1446.962,-1446.962;True,Sports,BUFFALO02,0,0;;;
Franklin;06:52:11;16:31:03;-204.1241,-1446.962,-1446.962;True,Sports,BUFFALO02,0,0;;;
Franklin;06:52:12;16:31:04;-204.1241,-1446.962,-1446.962;True,Sports,BUFFALO02,0,0;;;
Franklin;06:52:12;16:31:04;-204.1241,-1446.962,-1446.962;True,Sports,BUFFALO02,0,0;;;
Franklin;06:52:13;16:31:05;-204.1241,-1446.962,-1446.962;True,Sports,BUFFALO02,0,0;;;
Franklin;06:52:13;16:31:06;-204.1241,-1446.962,-1446.962;True,Sports,BUFFALO02,0,0;;;
Franklin;06:52:14;16:31:06;-204.1241,-1446.962,-1446.962;True,Sports,BUFFALO02,0,0;;;
Franklin;06:52:14;16:31:07;-204.1241,-1446.962,-1446.962;True,Sports,BUFFALO02,0,0;;;
Franklin;06:52:15;16:31:07;-204.1241,-1446.962,-1446.962;True,Sports,BUFFALO02,0,0;;;
Franklin;06:52:15;16:31:08;-204.1241,-1446.962,-1446.962;True,Sports,BUFFALO02,0,0;;;
Franklin;06:52:16;16:31:08;-204.1241,-1446.962,-1446.962;True,Sports,BUFFALO02,0,0;;;
Franklin;06:52:16;16:31:09;-204.1241,-1446.962,-1446.962;True,Sports,BUFFALO02,0,0;;;
Franklin;06:52:17;16:31:09;-204.1241,-1446.962,-1446.962;True,Sports,BUFFALO02,0,0;;;
Franklin;06:52:17;16:31:10;-204.1241,-1446.962,-1446.962;True,Sports,BUFFALO02,0,0;;;
Franklin;06:52:18;16:31:10;-204.1241,-1446.962,-1446.962;True,Sports,BUFFALO02,0,0;;;
Franklin;06:52:18;16:31:11;-204.1246,-1446.962,-1446.962;True,Sports,BUFFALO02,0,02561215,1;;;
Franklin;06:52:19;16:31:11;-204.5161,-1446.657,-1446.657;True,Sports,BUFFALO02,2,102689,1;;;
Franklin;06:52:19;16:31:12;-206.0726,-1445.458,-1445.458;True,Sports,BUFFALO02,5,779599,1;;;
Franklin;06:52:20;16:31:12;-209.8406,-1442.525,-1442.525;True,Sports,BUFFALO02,11,8089,0;;;
Franklin;06:52:21;16:31:13;-214.3403,-1438.998,-1438.998;True,Sports,BUFFALO02,10,09926,0;;;
Franklin;06:52:21;16:31:13;-218.7198,-1435.546,-1435.546;True,Sports,BUFFALO02,11,57243,0;;;
Franklin;06:52:22;16:31:14;-223.2827,-1431.974,-1431.974;True,Sports,BUFFALO02,11,97128,0;;;
Franklin;06:52:22;16:31:14;-228.1018,-1428.458,-1428.458;True,Sports,BUFFALO02,11,92172,1;;;
Franklin;06:52:23;16:31:15;-233.2716,-1425.849,-1425.849;True,Sports,BUFFALO02,10,45203,0;;;
Franklin;06:52:23;16:31:15;-238.2608,-1423.987,-1423.987;True,Sports,BUFFALO02,9,907123,0;;;
Franklin;06:52:24;16:31:16;-242.8259,-1422.89,-1422.89;True,Sports,BUFFALO02,8,299928,0;;;
Franklin;06:52:24;16:31:16;-246.5875,-1422.044,-1422.044;True,Sports,BUFFALO02,6,649569,0;;;
Franklin;06:52:25;16:31:17;-251.1462,-1420.995,-1420.995;True,Sports,BUFFALO02,12,00976,1;;;
Franklin;06:52:25;16:31:17;-256.7949,-1419.649,-1419.649;True,Sports,BUFFALO02,10,06823,0;;;
Franklin;06:52:26;16:31:18;-261.0708,-1417.475,-1417.475;True,Sports,BUFFALO02,9,29727,1;;;
Franklin;06:52:26;16:31:19;-265.1078,-1414.071,-1414.071;True,Sports,BUFFALO02,10,37541,1;;;
Franklin;06:52:27;16:31:19;-267.9782,-1408.9,-1408.9;True,Sports,BUFFALO02,11,4367,1;;;
Franklin;06:52:27;16:31:20;-268.9538,-1402.364,-1402.364;True,Sports,BUFFALO02,14,15062,1;;;
Franklin;06:52:28;16:31:20;-268.5367,-1394.041,-1394.041;True,Sports,BUFFALO02,17,96034,1;;;
Franklin;06:52:28;16:31:21;-268.8767,-1384.806,-1384.806;True,Sports,BUFFALO02,17,75093,0;;;
Franklin;06:52:29;16:31:21;-270.6498,-1375.923,-1375.923;True,Sports,BUFFALO02,18,28228,1;;;
Franklin;06:52:29;16:31:22;-271.69,-1366.702,-1366.702;True,Sports,BUFFALO02,17,94743,1;;;
Franklin;06:52:30;16:31:22;-271.9263,-1356.949,-1356.949;True,Sports,BUFFALO02,18,19325,0;;;
Franklin;06:52:30;16:31:23;-272.0975,-1347.719,-1347.719;True,Sports,BUFFALO02,17,58633,0;;;
Franklin;06:52:31;16:31:23;-272.128,-1339.004,-1339.004;True,Sports,BUFFALO02,16,33698,0;;;
Franklin;06:52:31;16:31:24;-272.6189,-1330.915,-1330.915;True,Sports,BUFFALO02,15,76903,1;;;
Franklin;06:52:32;16:31:24;-272.3477,-1323.023,-1323.023;True,Sports,BUFFALO02,14,97173,1;;;
Franklin;06:52:32;16:31:25;-272.4899,-1315.446,-1315.446;True,Sports,BUFFALO02,15,11351,1;;;
Franklin;06:52:33;16:31:25;-272.7012,-1307.834,-1307.834;True,Sports,BUFFALO02,14,2033,1;;;
Franklin;06:52:34;16:31:26;-272.5587,-1299.833,-1299.833;True,Sports,BUFFALO02,14,82034,0;;;
Franklin;06:52:34;16:31:26;-272.5632,-1291.111,-1291.111;True,Sports,BUFFALO02,17,9796,1;;;
Franklin;06:52:35;16:31:27;-272.8733,-1281.378,-1281.378;True,Sports,BUFFALO02,18,0506,1;;;
Franklin;06:52:35;16:31:27;-272.7317,-1271.871,-1271.871;True,Sports,BUFFALO02,18,50734,0;;;
Franklin;06:52:36;16:31:28;-272.7778,-1260.994,-1260.994;True,Sports,BUFFALO02,21,66101,1;;;
Franklin;06:52:36;16:31:28;-273.0186,-1248.823,-1248.823;True,Sports,BUFFALO02,24,15219,1;;;
Franklin;06:52:37;16:31:29;-272.9029,-1236.42,-1236.42;True,Sports,BUFFALO02,22,98582,0;;;
Franklin;06:52:37;16:31:30;-272.097,-1224.803,-1224.803;True,Sports,BUFFALO02,21,3858,0;;;
Franklin;06:52:38;16:31:30;-270.7345,-1214.686,-1214.686;True,Sports,BUFFALO02,18,31838,0;;;
Franklin;06:52:38;16:31:31;-269.8888,-1205.627,-1205.627;True,Sports,BUFFALO02,16,70269,0;;;
Franklin;06:52:39;16:31:31;-270.2952,-1197.347,-1197.347;True,Sports,BUFFALO02,15,16223,0;;;
Franklin;06:52:39;16:31:32;-271.154,-1189.911,-1189.911;True,Sports,BUFFALO02,13,41956,0;;;
Franklin;06:52:40;16:31:32;-273.2123,-1183.79,-1183.79;True,Sports,BUFFALO02,11,70516,0;;;
Franklin;06:52:40;16:31:33;-274.8673,-1178.439,-1178.439;True,Sports,BUFFALO02,9,860892,0;;;
Franklin;06:52:41;16:31:33;-275.1601,-1173.859,-1173.859;True,Sports,BUFFALO02,7,875349,0;;;
Franklin;06:52:41;16:31:34;-275.3616,-1170.25,-1170.25;True,Sports,BUFFALO02,5,970375,0;;;
Franklin;06:52:42;16:31:34;-275.2018,-1167.584,-1167.584;True,Sports,BUFFALO02,4,316652,0;;;
Franklin;06:52:42;16:31:35;-275.2507,-1165.802,-1165.802;True,Sports,BUFFALO02,2,686692,0;;;
Franklin;06:52:43;16:31:35;-275.2443,-1164.831,-1164.831;True,Sports,BUFFALO02,1,061277,0;;;
Franklin;06:52:44;16:31:36;-275.2445,-1164.657,-1164.657;True,Sports,BUFFALO02,0,0112357,0;;;
Franklin;06:52:44;16:31:36;-275.2447,-1164.658,-1164.658;True,Sports,BUFFALO02,0,0;;;
Franklin;06:52:45;16:31:37;-275.2447,-1164.658,-1164.658;True,Sports,BUFFALO02,0,0;;;
Franklin;06:52:45;16:31:37;-275.2447,-1164.658,-1164.658;True,Sports,BUFFALO02,0,0;;;
Franklin;06:52:46;16:31:38;-275.2447,-1164.658,-1164.658;True,Sports,BUFFALO02,0,0;;;
Franklin;06:52:46;16:31:38;-275.2447,-1164.658,-1164.658;True,Sports,BUFFALO02,0,0;;;
Franklin;06:52:47;16:31:39;-275.2447,-1164.658,-1164.658;True,Sports,BUFFALO02,0,0;;;
Franklin;06:52:47;16:31:39;-275.2447,-1164.658,-1164.658;True,Sports,BUFFALO02,0,0;;;
Franklin;06:52:48;16:31:40;-275.2316,-1164.584,-1164.584;True,Sports,BUFFALO02,0,004625143,0;;;
Franklin;06:52:48;16:31:40;-275.2176,-1164.504,-1164.504;True,Sports,BUFFALO02,0,04871165,0;;;
Franklin;06:52:49;16:31:41;-275.2169,-1164.505,-1164.505;True,Sports,BUFFALO02,0,0;;;
Franklin;06:52:49;16:31:42;-275.2169,-1164.505,-1164.505;True,Sports,BUFFALO02,0,0;;;
Franklin;06:52:50;16:31:42;-275.2169,-1164.505,-1164.505;True,Sports,BUFFALO02,0,0;;;
Franklin;06:52:50;16:31:43;-275.2169,-1164.505,-1164.505;True,Sports,BUFFALO02,0,0;;;
Franklin;06:52:51;16:31:43;-275.2169,-1164.505,-1164.505;True,Sports,BUFFALO02,0,0;;;
Franklin;06:52:51;16:31:44;-275.2169,-1164.505,-1164.505;True,Sports,BUFFALO02,0,0;;;
Franklin;06:52:52;16:31:44;-275.2169,-1164.505,-1164.505;True,Sports,BUFFALO02,0,0;;;
Franklin;06:52:52;16:31:45;-275.2169,-1164.505,-1164.505;True,Sports,BUFFALO02,0,0;;;
Franklin;06:52:53;16:31:45;-275.2169,-1164.505,-1164.505;True,Sports,BUFFALO02,0,0;;;
Franklin;06:52:53;16:31:46;-275.2169,-1164.505,-1164.505;True,Sports,BUFFALO02,0,0;;;
Franklin;06:52:54;16:31:46;-275.2169,-1164.505,-1164.505;True,Sports,BUFFALO02,0,0;;;
Franklin;06:52:54;16:31:47;-275.2169,-1164.505,-1164.505;True,Sports,BUFFALO02,0,0;;;
Franklin;06:52:55;16:31:47;-275.2169,-1164.505,-1164.505;True,Sports,BUFFALO02,0,0;;;
Franklin;06:52:55;16:31:48;-275.2169,-1164.505,-1164.505;True,Sports,BUFFALO02,0,0;;;
Franklin;06:52:56;16:31:48;-275.2169,-1164.505,-1164.505;True,Sports,BUFFALO02,0,0;;;
Franklin;06:52:56;16:31:49;-275.2169,-1164.505,-1164.505;True,Sports,BUFFALO02,0,0;;;
Franklin;06:52:57;16:31:49;-275.2169,-1164.505,-1164.505;True,Sports,BUFFALO02,0,0;;;
Franklin;06:52:58;16:31:50;-275.2169,-1164.505,-1164.505;True,Sports,BUFFALO02,0,0;;;
Franklin;06:52:58;16:31:50;-275.2169,-1164.505,-1164.505;True,Sports,BUFFALO02,0,0;;;
Franklin;06:52:59;16:31:51;-275.2169,-1164.505,-1164.505;True,Sports,BUFFALO02,0,0;;;
Franklin;06:52:59;16:31:51;-275.2169,-1164.505,-1164.505;True,Sports,BUFFALO02,0,0;;;
Franklin;06:53:00;16:31:52;-275.2169,-1164.505,-1164.505;True,Sports,BUFFALO02,0,0;;;
Franklin;06:53:00;16:31:52;-275.2169,-1164.505,-1164.505;True,Sports,BUFFALO02,0,0;;;
Franklin;06:53:01;16:31:53;-275.2169,-1164.505,-1164.505;True,Sports,BUFFALO02,0,0;;;
Franklin;06:53:01;16:31:53;-275.2169,-1164.505,-1164.505;True,Sports,BUFFALO02,0,0;;;
Franklin;06:53:02;16:31:54;-275.2169,-1164.505,-1164.505;True,Sports,BUFFALO02,0,005783731,1;;;
Franklin;06:53:02;16:31:55;-275.2101,-1164.506,-1164.506;True,Sports,BUFFALO02,0,003919623,1;;;
Franklin;06:53:03;16:31:55;-275.2102,-1164.506,-1164.506;True,Sports,BUFFALO02,0,009459226,1;;;
Franklin;06:53:03;16:31:56;-275.2106,-1164.506,-1164.506;True,Sports,BUFFALO02,0,01183802,1;;;
Franklin;06:53:04;16:31:56;-275.2091,-1164.506,-1164.506;True,Sports,BUFFALO02,0,004036521,1;;;
Franklin;06:53:04;16:31:57;-275.2085,-1164.506,-1164.506;True,Sports,BUFFALO02,0,009115632,1;;;
Franklin;06:53:05;16:31:57;-275.2091,-1164.506,-1164.506;True,Sports,BUFFALO02,0,007328384,1;;;
Franklin;06:53:05;16:31:58;-275.2102,-1164.506,-1164.506;True,Sports,BUFFALO02,0,00882254,1;;;
Franklin;06:53:06;16:31:58;-275.2105,-1164.506,-1164.506;True,Sports,BUFFALO02,0,005306006,1;;;
Franklin;06:53:06;16:31:59;-275.2102,-1164.506,-1164.506;True,Sports,BUFFALO02,0,007170817,1;;;
Franklin;06:53:07;16:31:59;-275.2103,-1164.506,-1164.506;True,Sports,BUFFALO02,0,007609769,1;;;
Franklin;06:53:07;16:32:00;-275.2154,-1164.503,-1164.503;True,Sports,BUFFALO02,0,01648889,0;;;
Franklin;06:53:08;16:32:00;-275.2153,-1164.503,-1164.503;True,Sports,BUFFALO02,0,01615245,1;;;
Franklin;06:53:08;16:32:01;-275.209,-1164.503,-1164.503;True,Sports,BUFFALO02,0,005789508,1;;;
Franklin;06:53:09;16:32:01;-275.2107,-1164.503,-1164.503;True,Sports,BUFFALO02,0,006968742,1;;;
Franklin;06:53:09;16:32:02;-275.2098,-1164.503,-1164.503;True,Sports,BUFFALO02,0,00857371,1;;;
Franklin;06:53:10;16:32:02;-275.2082,-1164.503,-1164.503;True,Sports,BUFFALO02,0,006923779,1;;;
Franklin;06:53:11;16:32:03;-275.2095,-1164.503,-1164.503;True,Sports,BUFFALO02,0,003836278,1;;;
Franklin;06:53:11;16:32:03;-275.2104,-1164.503,-1164.503;True,Sports,BUFFALO02,0,004803163,1;;;
Franklin;06:53:12;16:32:04;-275.2094,-1164.503,-1164.503;True,Sports,BUFFALO02,0,01197246,1;;;
Franklin;06:53:12;16:32:04;-275.2083,-1164.503,-1164.503;True,Sports,BUFFALO02,0,01073634,1;;;
Franklin;06:53:13;16:32:05;-275.2104,-1164.503,-1164.503;True,Sports,BUFFALO02,0,01014851,1;;;
Franklin;06:53:13;16:32:05;-275.2094,-1164.503,-1164.503;True,Sports,BUFFALO02,0,01704575,1;;;
Franklin;06:53:14;16:32:06;-275.2108,-1164.503,-1164.503;True,Sports,BUFFALO02,0,005443873,1;;;
Franklin;06:53:14;16:32:06;-275.2105,-1164.503,-1164.503;True,Sports,BUFFALO02,0,005478503,1;;;
Franklin;06:53:15;16:32:07;-275.2101,-1164.503,-1164.503;True,Sports,BUFFALO02,0,009783097,1;;;
Franklin;06:53:15;16:32:08;-275.2082,-1164.503,-1164.503;True,Sports,BUFFALO02,0,005673955,1;;;
Franklin;06:53:16;16:32:08;-275.2097,-1164.503,-1164.503;True,Sports,BUFFALO02,0,005382366,1;;;
Franklin;06:53:16;16:32:09;-275.2098,-1164.503,-1164.503;True,Sports,BUFFALO02,0,004337207,1;;;
Franklin;06:53:17;16:32:09;-275.2108,-1164.503,-1164.503;True,Sports,BUFFALO02,0,008502697,1;;;
Franklin;06:53:17;16:32:10;-275.2085,-1164.503,-1164.503;True,Sports,BUFFALO02,0,004184559,1;;;
Franklin;06:53:18;16:32:10;-275.2096,-1164.503,-1164.503;True,Sports,BUFFALO02,0,003665637,0;;;
Franklin;06:53:18;16:32:11;-275.2108,-1164.503,-1164.503;True,Sports,BUFFALO02,0,005438358,1;;;
Franklin;06:53:19;16:32:11;-275.2097,-1164.503,-1164.503;True,Sports,BUFFALO02,0,007367249,1;;;
Franklin;06:53:19;16:32:12;-275.2104,-1164.503,-1164.503;True,Sports,BUFFALO02,0,008265897,0;;;
Franklin;06:53:20;16:32:12;-275.2148,-1164.503,-1164.503;True,Sports,BUFFALO02,0,01507158,1;;;
Franklin;06:53:20;16:32:13;-275.2103,-1164.503,-1164.503;True,Sports,BUFFALO02,0,006914711,1;;;
Franklin;06:53:21;16:32:13;-275.2109,-1164.503,-1164.503;True,Sports,BUFFALO02,0,02844521,0;;;
Franklin;06:53:21;16:32:14;-275.2132,-1164.503,-1164.503;True,Sports,BUFFALO02,0,01923168,1;;;
Franklin;06:53:22;16:32:14;-275.2108,-1164.503,-1164.503;True,Sports,BUFFALO02,0,01042704,1;;;
Franklin;06:53:23;16:32:15;-275.2111,-1164.503,-1164.503;True,Sports,BUFFALO02,0,01358702,1;;;
Franklin;06:53:23;16:32:15;-275.2095,-1164.503,-1164.503;True,Sports,BUFFALO02,0,02449656,0;;;
Franklin;06:53:24;16:32:16;-275.2157,-1164.503,-1164.503;True,Sports,BUFFALO02,0,007317751,1;;;
Franklin;06:53:24;16:32:16;-275.2111,-1164.503,-1164.503;True,Sports,BUFFALO02,0,01116852,1;;;
Franklin;06:53:25;16:32:17;-275.2101,-1164.503,-1164.503;True,Sports,BUFFALO02,0,00242309,1;;;
Franklin;06:53:25;16:32:17;-275.2102,-1164.503,-1164.503;True,Sports,BUFFALO02,0,004737992,1;;;
Franklin;06:53:26;16:32:18;-275.2101,-1164.503,-1164.503;True,Sports,BUFFALO02,0,008140467,1;;;
Franklin;06:53:26;16:32:18;-275.2104,-1164.503,-1164.503;True,Sports,BUFFALO02,0,003372762,1;;;
Franklin;06:53:27;16:32:19;-275.2119,-1164.503,-1164.503;True,Sports,BUFFALO02,0,01374322,0;;;
Franklin;06:53:27;16:32:20;-275.2095,-1164.503,-1164.503;True,Sports,BUFFALO02,0,01047696,1;;;
Franklin;06:53:28;16:32:20;-275.2105,-1164.503,-1164.503;True,Sports,BUFFALO02,0,01148366,1;;;
Franklin;06:53:28;16:32:21;-275.2098,-1164.503,-1164.503;True,Sports,BUFFALO02,0,02130803,1;;;
Franklin;06:53:29;16:32:21;-275.2095,-1164.503,-1164.503;True,Sports,BUFFALO02,0,01114844,1;;;
Franklin;06:53:29;16:32:22;-275.2104,-1164.503,-1164.503;True,Sports,BUFFALO02,0,01905208,0;;;
Franklin;06:53:30;16:32:22;-275.213,-1164.503,-1164.503;True,Sports,BUFFALO02,0,009563124,1;;;
Franklin;06:53:30;16:32:23;-275.2107,-1164.503,-1164.503;True,Sports,BUFFALO02,0,009400175,1;;;
Franklin;06:53:31;16:32:23;-275.2094,-1164.503,-1164.503;True,Sports,BUFFALO02,0,02125191,1;;;
Franklin;06:53:31;16:32:24;-275.2141,-1164.275,-1164.275;True,Sports,BUFFALO02,1,334663,1;;;
Franklin;06:53:32;16:32:24;-275.2056,-1162.811,-1162.811;True,Sports,BUFFALO02,4,507764,1;;;
Franklin;06:53:32;16:32:25;-275.1917,-1159.073,-1159.073;True,Sports,BUFFALO02,10,08142,1;;;
Franklin;06:53:33;16:32:25;-275.7727,-1153.248,-1153.248;True,Sports,BUFFALO02,10,86613,1;;;
Franklin;06:53:33;16:32:26;-277.5974,-1147.716,-1147.716;True,Sports,BUFFALO02,11,36783,1;;;
Franklin;06:53:34;16:32:26;-281.2134,-1142.851,-1142.851;True,Sports,BUFFALO02,11,81881,1;;;
Franklin;06:53:35;16:32:27;-286.1263,-1139.368,-1139.368;True,Sports,BUFFALO02,11,5336,0;;;
Franklin;06:53:35;16:32:27;-292.0173,-1137.733,-1137.733;True,Sports,BUFFALO02,12,23058,1;;;
Franklin;06:53:36;16:32:28;-299.1425,-1136.875,-1136.875;True,Sports,BUFFALO02,14,93261,1;;;
Franklin;06:53:36;16:32:28;-307.5352,-1136.97,-1136.97;True,Sports,BUFFALO02,17,38117,1;;;
Franklin;06:53:37;16:32:29;-317.2018,-1136.594,-1136.594;True,Sports,BUFFALO02,19,64998,1;;;
Franklin;06:53:37;16:32:29;-327.6363,-1135.693,-1135.693;True,Sports,BUFFALO02,20,04539,0;;;
Franklin;06:53:38;16:32:30;-337.5912,-1134.376,-1134.376;True,Sports,BUFFALO02,19,82358,1;;;
Franklin;06:53:38;16:32:30;-347.9897,-1132.268,-1132.268;True,Sports,BUFFALO02,19,99324,0;;;
Franklin;06:53:39;16:32:31;-357.8872,-1129.745,-1129.745;True,Sports,BUFFALO02,19,33093,1;;;
Franklin;06:53:39;16:32:32;-368.3593,-1127.516,-1127.516;True,Sports,BUFFALO02,22,22487,1;;;
Franklin;06:53:40;16:32:32;-380.1585,-1124.374,-1124.374;True,Sports,BUFFALO02,23,77108,0;;;
Franklin;06:53:40;16:32:33;-391.8231,-1121.16,-1121.16;True,Sports,BUFFALO02,22,30611,1;;;
Franklin;06:53:41;16:32:33;-402.6881,-1118.162,-1118.162;True,Sports,BUFFALO02,20,50111,0;;;
Franklin;06:53:41;16:32:34;-412.5519,-1114.672,-1114.672;True,Sports,BUFFALO02,19,65942,0;;;
Franklin;06:53:42;16:32:34;-421.9626,-1110.447,-1110.447;True,Sports,BUFFALO02,18,86287,0;;;
Franklin;06:53:42;16:32:35;-431.4136,-1107.021,-1107.021;True,Sports,BUFFALO02,20,36471,0;;;
Franklin;06:53:43;16:32:35;-441.136,-1103.47,-1103.47;True,Sports,BUFFALO02,20,24086,0;;;
Franklin;06:53:43;16:32:36;-450.5707,-1099.986,-1099.986;True,Sports,BUFFALO02,18,49513,0;;;
Franklin;06:53:44;16:32:36;-459.243,-1096.794,-1096.794;True,Sports,BUFFALO02,17,09155,0;;;
Franklin;06:53:44;16:32:37;-467.2588,-1093.857,-1093.857;True,Sports,BUFFALO02,15,71762,0;;;
Franklin;06:53:45;16:32:37;-474.5946,-1091.104,-1091.104;True,Sports,BUFFALO02,14,44587,0;;;
Franklin;06:53:45;16:32:38;-481.2623,-1088.515,-1088.515;True,Sports,BUFFALO02,13,26316,0;;;
Franklin;06:53:46;16:32:38;-487.2413,-1085.804,-1085.804;True,Sports,BUFFALO02,12,15087,0;;;
Franklin;06:53:47;16:32:39;-492.6159,-1083.199,-1083.199;True,Sports,BUFFALO02,10,98545,0;;;
Franklin;06:53:47;16:32:39;-497.4489,-1080.807,-1080.807;True,Sports,BUFFALO02,9,746784,0;;;
Franklin;06:53:48;16:32:40;-501.7202,-1078.75,-1078.75;True,Sports,BUFFALO02,8,372365,0;;;
Franklin;06:53:48;16:32:40;-505.2746,-1077.058,-1077.058;True,Sports,BUFFALO02,6,918418,0;;;
Franklin;06:53:49;16:32:41;-508.0836,-1075.47,-1075.47;True,Sports,BUFFALO02,5,477436,0;;;
Franklin;06:53:49;16:32:41;-510.1824,-1074.174,-1074.174;True,Sports,BUFFALO02,4,058301,0;;;
Franklin;06:53:50;16:32:42;-511.656,-1073.273,-1073.273;True,Sports,BUFFALO02,2,634991,0;;;
Franklin;06:53:50;16:32:42;-512.5048,-1072.754,-1072.754;True,Sports,BUFFALO02,1,208003,0;;;
Franklin;06:53:51;16:32:43;-512.7278,-1072.621,-1072.621;True,Sports,BUFFALO02,0,004072292,0;;;
Franklin;06:53:51;16:32:44;-512.7274,-1072.621,-1072.621;True,Sports,BUFFALO02,0,0;;;
Franklin;06:53:52;16:32:44;-512.7274,-1072.621,-1072.621;True,Sports,BUFFALO02,0,0;;;
Franklin;06:53:52;16:32:45;-512.7274,-1072.621,-1072.621;True,Sports,BUFFALO02,0,0;;;
Franklin;06:53:53;16:32:45;-512.7274,-1072.621,-1072.621;True,Sports,BUFFALO02,0,0;;;
Franklin;06:53:53;16:32:46;-512.7274,-1072.621,-1072.621;True,Sports,BUFFALO02,0,0;;;
Franklin;06:53:54;16:32:46;-512.7274,-1072.621,-1072.621;True,Sports,BUFFALO02,0,0;;;
Franklin;06:53:54;16:32:47;-512.7274,-1072.621,-1072.621;True,Sports,BUFFALO02,0,0;;;
Franklin;06:53:55;16:32:47;-512.7274,-1072.621,-1072.621;True,Sports,BUFFALO02,0,0;;;
Franklin;06:53:55;16:32:48;-512.7274,-1072.621,-1072.621;True,Sports,BUFFALO02,0,0;;;
Franklin;06:53:56;16:32:48;-512.7274,-1072.621,-1072.621;True,Sports,BUFFALO02,0,0;;;
Franklin;06:53:56;16:32:49;-512.7274,-1072.621,-1072.621;True,Sports,BUFFALO02,0,0;;;
Franklin;06:53:57;16:32:49;-512.7274,-1072.621,-1072.621;True,Sports,BUFFALO02,0,0;;;
Franklin;06:53:58;16:32:50;-512.7274,-1072.621,-1072.621;True,Sports,BUFFALO02,0,0;;;
Franklin;06:53:58;16:32:50;-512.7274,-1072.621,-1072.621;True,Sports,BUFFALO02,0,0;;;
Franklin;06:53:59;16:32:51;-512.8436,-1072.551,-1072.551;True,Sports,BUFFALO02,1,083187,1;;;
Franklin;06:53:59;16:32:51;-514.0401,-1071.812,-1071.812;True,Sports,BUFFALO02,4,530471,1;;;
Franklin;06:54:00;16:32:52;-516.9775,-1069.573,-1069.573;True,Sports,BUFFALO02,10,44208,1;;;
Franklin;06:54:00;16:32:52;-521.4108,-1065.643,-1065.643;True,Sports,BUFFALO02,10,46472,0;;;
Franklin;06:54:01;16:32:53;-524.6204,-1061.579,-1061.579;True,Sports,BUFFALO02,10,33488,1;;;
Franklin;06:54:01;16:32:53;-527.2395,-1056.241,-1056.241;True,Sports,BUFFALO02,11,31314,1;;;
Franklin;06:54:02;16:32:54;-528.5295,-1049.581,-1049.581;True,Sports,BUFFALO02,14,46736,1;;;
Franklin;06:54:02;16:32:55;-530.0137,-1041.514,-1041.514;True,Sports,BUFFALO02,16,14611,0;;;
Franklin;06:54:03;16:32:55;-532.6283,-1033.988,-1033.988;True,Sports,BUFFALO02,15,45282,1;;;
Franklin;06:54:03;16:32:56;-535.5733,-1025.783,-1025.783;True,Sports,BUFFALO02,16,66814,0;;;
Franklin;06:54:04;16:32:56;-537.48,-1017.612,-1017.612;True,Sports,BUFFALO02,15,69284,0;;;
Franklin;06:54:04;16:32:57;-538.5313,-1009.871,-1009.871;True,Sports,BUFFALO02,14,4679,0;;;
Franklin;06:54:05;16:32:57;-539.3463,-1002.913,-1002.913;True,Sports,BUFFALO02,12,56806,0;;;
Franklin;06:54:05;16:32:58;-539.6807,-996.8439,-996.8439;True,Sports,BUFFALO02,10,65061,0;;;
Franklin;06:54:06;16:32:58;-539.5734,-991.8179,-991.8179;True,Sports,BUFFALO02,8,801496,0;;;
Franklin;06:54:06;16:32:59;-539.6334,-988.3199,-988.3199;True,Sports,BUFFALO02,4,619807,0;;;
Franklin;06:54:07;16:32:59;-539.7119,-986.3599,-986.3599;True,Sports,BUFFALO02,2,991103,0;;;
Franklin;06:54:07;16:33:00;-539.7703,-985.1638,-985.1638;True,Sports,BUFFALO02,2,202227,0;;;
Franklin;06:54:08;16:33:00;-539.8117,-984.4573,-984.4573;True,Sports,BUFFALO02,0,5720904,0;;;
Franklin;06:54:08;16:33:01;-539.8286,-984.0685,-984.0685;True,Sports,BUFFALO02,1,690384,1;;;
Franklin;06:54:09;16:33:01;-539.8615,-983.3358,-983.3358;True,Sports,BUFFALO02,1,273367,1;;;
Franklin;06:54:10;16:33:02;-539.9108,-982.2256,-982.2256;True,Sports,BUFFALO02,1,898195,0;;;
Franklin;06:54:10;16:33:02;-540.1902,-980.9825,-980.9825;True,Sports,BUFFALO02,3,909137,1;;;
Franklin;06:54:11;16:33:03;-540.5762,-977.6774,-977.6774;True,Sports,BUFFALO02,9,382056,1;;;
Franklin;06:54:11;16:33:03;-540.8528,-971.8574,-971.8574;True,Sports,BUFFALO02,10,77778,0;;;
Franklin;06:54:12;16:33:04;-542.0089,-966.6769,-966.6769;True,Sports,BUFFALO02,10,63666,1;;;
Franklin;06:54:12;16:33:04;-544.9451,-962.2192,-962.2192;True,Sports,BUFFALO02,10,13577,0;;;
Franklin;06:54:13;16:33:05;-549.2001,-958.7471,-958.7471;True,Sports,BUFFALO02,10,80721,1;;;
Franklin;06:54:13;16:33:05;-554.5071,-956.4711,-956.4711;True,Sports,BUFFALO02,11,96396,0;;;
Franklin;06:54:14;16:33:06;-559.973,-955.174,-955.174;True,Sports,BUFFALO02,9,877581,0;;;
Franklin;06:54:14;16:33:06;-565.2892,-955.0643,-955.0643;True,Sports,BUFFALO02,10,67675,0;;;
Franklin;06:54:15;16:33:07;-570.825,-955.0419,-955.0419;True,Sports,BUFFALO02,10,51495,0;;;
Franklin;06:54:15;16:33:08;-575.8279,-954.6902,-954.6902;True,Sports,BUFFALO02,8,831752,0;;;
Franklin;06:54:16;16:33:08;-579.9483,-954.3765,-954.3765;True,Sports,BUFFALO02,7,214957,0;;;
Franklin;06:54:16;16:33:09;-583.278,-954.3433,-954.3433;True,Sports,BUFFALO02,5,599392,0;;;
Franklin;06:54:17;16:33:09;-585.8966,-954.408,-954.408;True,Sports,BUFFALO02,5,156102,0;;;
Franklin;06:54:17;16:33:10;-588.1801,-954.4533,-954.4533;True,Sports,BUFFALO02,3,702327,0;;;
Franklin;06:54:18;16:33:10;-590.3152,-954.5128,-954.5128;True,Sports,BUFFALO02,4,109676,1;;;
Franklin;06:54:18;16:33:11;-592.2054,-954.5021,-954.5021;True,Sports,BUFFALO02,3,102744,1;;;
Franklin;06:54:19;16:33:11;-593.9632,-954.4645,-954.4645;True,Sports,BUFFALO02,4,477193,0;;;
Franklin;06:54:19;16:33:12;-595.9188,-954.4242,-954.4242;True,Sports,BUFFALO02,3,000226,0;;;
Franklin;06:54:20;16:33:12;-597.0964,-954.4114,-954.4114;True,Sports,BUFFALO02,1,56292,0;;;
Franklin;06:54:20;16:33:13;-597.5266,-954.4219,-954.4219;True,Sports,BUFFALO02,0,1177478,0;;;
Franklin;06:54:21;16:33:13;-597.5264,-954.421,-954.421;True,Sports,BUFFALO02,0,0;;;
Franklin;06:54:21;16:33:14;-597.9727,-954.4112,-954.4112;True,Sports,BUFFALO02,2,119086,1;;;
Franklin;06:54:22;16:33:14;-599.6705,-954.2141,-954.2141;True,Sports,BUFFALO02,3,307259,0;;;
Franklin;06:54:23;16:33:15;-602.1554,-953.9841,-953.9841;True,Sports,BUFFALO02,5,779485,0;;;
Franklin;06:54:23;16:33:15;-604.7244,-953.8867,-953.8867;True,Sports,BUFFALO02,4,243296,0;;;
Franklin;06:54:24;16:33:16;-606.4718,-953.8414,-953.8414;True,Sports,BUFFALO02,1,909945,0;;;
Franklin;06:54:24;16:33:16;-606.6636,-953.843,-953.843;True,Sports,BUFFALO02,0,005085327,0;;;
Franklin;06:54:25;16:33:17;-606.6633,-953.8428,-953.8428;True,Sports,BUFFALO02,0,0;;;
Franklin;06:54:25;16:33:17;-606.6633,-953.8428,-953.8428;True,Sports,BUFFALO02,0,0;;;
Franklin;06:54:26;16:33:18;-606.6633,-953.8428,-953.8428;True,Sports,BUFFALO02,0,0;;;
Franklin;06:54:26;16:33:18;-606.6633,-953.8428,-953.8428;True,Sports,BUFFALO02,0,0;;;
Franklin;06:54:27;16:33:19;-606.6633,-953.8428,-953.8428;True,Sports,BUFFALO02,0,0;;;
Franklin;06:54:27;16:33:19;-606.6633,-953.8428,-953.8428;True,Sports,BUFFALO02,0,0;;;
Franklin;06:54:28;16:33:20;-606.6633,-953.8428,-953.8428;True,Sports,BUFFALO02,0,0;;;
Franklin;06:54:28;16:33:21;-606.6633,-953.8428,-953.8428;True,Sports,BUFFALO02,0,0;;;
Franklin;06:54:29;16:33:21;-606.6633,-953.8428,-953.8428;True,Sports,BUFFALO02,0,0;;;
Franklin;06:54:29;16:33:22;-606.6633,-953.8428,-953.8428;True,Sports,BUFFALO02,0,0;;;
Franklin;06:54:30;16:33:22;-606.6633,-953.8428,-953.8428;True,Sports,BUFFALO02,0,0;;;
Franklin;06:54:30;16:33:23;-606.6633,-953.8428,-953.8428;True,Sports,BUFFALO02,0,0;;;
Franklin;06:54:31;16:33:23;-606.6633,-953.8428,-953.8428;True,Sports,BUFFALO02,0,0;;;
Franklin;06:54:31;16:33:24;-606.6633,-953.8428,-953.8428;True,Sports,BUFFALO02,0,0;;;
Franklin;06:54:32;16:33:24;-606.6633,-953.8428,-953.8428;True,Sports,BUFFALO02,0,0;;;
Franklin;06:54:32;16:33:25;-606.6633,-953.8428,-953.8428;True,Sports,BUFFALO02,0,0;;;
Franklin;06:54:33;16:33:25;-606.6633,-953.8428,-953.8428;True,Sports,BUFFALO02,0,0;;;
Franklin;06:54:33;16:33:26;-606.6633,-953.8428,-953.8428;True,Sports,BUFFALO02,0,0;;;
Franklin;06:54:34;16:33:26;-606.6633,-953.8428,-953.8428;True,Sports,BUFFALO02,0,0;;;
Franklin;06:54:34;16:33:27;-606.6633,-953.8428,-953.8428;True,Sports,BUFFALO02,0,0;;;
Franklin;06:54:35;16:33:27;-606.6633,-953.8428,-953.8428;True,Sports,BUFFALO02,0,0;;;
Franklin;06:54:36;16:33:28;-606.6633,-953.8428,-953.8428;True,Sports,BUFFALO02,0,0;;;
Franklin;06:54:36;16:33:28;-606.6633,-953.8428,-953.8428;True,Sports,BUFFALO02,0,0;;;
Franklin;06:54:37;16:33:29;-606.6633,-953.8428,-953.8428;True,Sports,BUFFALO02,0,0;;;
Franklin;06:54:37;16:33:29;-606.6633,-953.8428,-953.8428;True,Sports,BUFFALO02,0,0;;;
Franklin;06:54:38;16:33:30;-606.6633,-953.8428,-953.8428;True,Sports,BUFFALO02,0,0;;;
Franklin;06:54:38;16:33:30;-606.6633,-953.8428,-953.8428;True,Sports,BUFFALO02,0,0;;;
Franklin;06:54:39;16:33:31;-606.6633,-953.8428,-953.8428;True,Sports,BUFFALO02,0,0;;;
Franklin;06:54:39;16:33:31;-606.6633,-953.8428,-953.8428;True,Sports,BUFFALO02,0,0;;;
Franklin;06:54:40;16:33:32;-606.6633,-953.8428,-953.8428;True,Sports,BUFFALO02,0,0;;;
Franklin;06:54:40;16:33:32;-606.6633,-953.8428,-953.8428;True,Sports,BUFFALO02,0,0;;;
Franklin;06:54:41;16:33:33;-606.6633,-953.8428,-953.8428;True,Sports,BUFFALO02,0,0;;;
Franklin;06:54:41;16:33:34;-606.6633,-953.8428,-953.8428;True,Sports,BUFFALO02,0,0;;;
Franklin;06:54:42;16:33:34;-606.6633,-953.8428,-953.8428;True,Sports,BUFFALO02,0,0;;;
Franklin;06:54:42;16:33:35;-606.6633,-953.8428,-953.8428;True,Sports,BUFFALO02,0,0;;;
Franklin;06:54:43;16:33:35;-606.6633,-953.8428,-953.8428;True,Sports,BUFFALO02,0,0;;;
Franklin;06:54:43;16:33:36;-606.6633,-953.8428,-953.8428;True,Sports,BUFFALO02,0,0;;;
Franklin;06:54:44;16:33:36;-607.1115,-953.8257,-953.8257;True,Sports,BUFFALO02,2,119031,1;;;
Franklin;06:54:44;16:33:37;-609.236,-953.7313,-953.7313;True,Sports,BUFFALO02,6,314011,1;;;
Franklin;06:54:45;16:33:37;-613.5756,-953.566,-953.566;True,Sports,BUFFALO02,8,759953,1;;;
Franklin;06:54:45;16:33:38;-618.9902,-953.3526,-953.3526;True,Sports,BUFFALO02,10,48308,0;;;
Franklin;06:54:46;16:33:38;-624.4725,-951.814,-951.814;True,Sports,BUFFALO02,10,00318,0;;;
Franklin;06:54:46;16:33:39;-627.4663,-948.2433,-948.2433;True,Sports,BUFFALO02,8,574451,1;;;
Franklin;06:54:47;16:33:39;-629.4487,-943.7264,-943.7264;True,Sports,BUFFALO02,8,994264,0;;;
Franklin;06:54:47;16:33:40;-631.1029,-938.2828,-938.2828;True,Sports,BUFFALO02,11,06914,0;;;
Franklin;06:54:48;16:33:40;-632.715,-932.7788,-932.7788;True,Sports,BUFFALO02,10,64959,1;;;
Franklin;06:54:49;16:33:41;-632.7402,-926.794,-926.794;True,Sports,BUFFALO02,12,70933,1;;;
Franklin;06:54:49;16:33:41;-632.3929,-919.5765,-919.5765;True,Sports,BUFFALO02,15,10511,1;;;
Franklin;06:54:50;16:33:42;-632.2011,-911.0514,-911.0514;True,Sports,BUFFALO02,17,47502,1;;;
Franklin;06:54:50;16:33:42;-632.8057,-901.4219,-901.4219;True,Sports,BUFFALO02,18,56445,0;;;
Franklin;06:54:51;16:33:43;-633.7811,-892.4194,-892.4194;True,Sports,BUFFALO02,16,65219,0;;;
Franklin;06:54:51;16:33:43;-634.3431,-884.2501,-884.2501;True,Sports,BUFFALO02,14,84692,0;;;
Franklin;06:54:52;16:33:44;-634.3706,-876.9716,-876.9716;True,Sports,BUFFALO02,13,03311,0;;;
Franklin;06:54:52;16:33:44;-634.377,-870.663,-870.663;True,Sports,BUFFALO02,11,29751,0;;;
Franklin;06:54:53;16:33:45;-634.4012,-865.2192,-865.2192;True,Sports,BUFFALO02,9,536639,0;;;
Franklin;06:54:53;16:33:46;-634.4329,-860.9705,-860.9705;True,Sports,BUFFALO02,6,154181,0;;;
Franklin;06:54:54;16:33:46;-634.4587,-859.0532,-859.0532;True,Sports,BUFFALO02,1,19237,0;;;
Franklin;06:54:54;16:33:47;-634.4473,-859.0041,-859.0041;True,Sports,BUFFALO02,0,003409438,0;;;
Franklin;06:54:55;16:33:47;-634.4476,-858.9723,-858.9723;True,Sports,BUFFALO02,0,4621325,1;;;
Franklin;06:54:55;16:33:48;-634.4609,-858.1335,-858.1335;True,Sports,BUFFALO02,2,938012,1;;;
Franklin;06:54:56;16:33:48;-634.5076,-855.5606,-855.5606;True,Sports,BUFFALO02,7,27945,1;;;
Franklin;06:54:56;16:33:49;-634.5695,-850.2327,-850.2327;True,Sports,BUFFALO02,11,33231,0;;;
Franklin;06:54:57;16:33:49;-634.6525,-843.7937,-843.7937;True,Sports,BUFFALO02,13,79612,1;;;
Franklin;06:54:57;16:33:50;-634.7749,-835.8645,-835.8645;True,Sports,BUFFALO02,16,75467,1;;;
Franklin;06:54:58;16:33:50;-634.9202,-826.4049,-826.4049;True,Sports,BUFFALO02,19,49266,0;;;
Franklin;06:54:58;16:33:51;-635.079,-816.4333,-816.4333;True,Sports,BUFFALO02,19,31095,0;;;
Franklin;06:54:59;16:33:51;-635.246,-806.4821,-806.4821;True,Sports,BUFFALO02,20,19548,1;;;
Franklin;06:54:59;16:33:52;-635.4362,-795.3221,-795.3221;True,Sports,BUFFALO02,22,55088,1;;;
Franklin;06:55:00;16:33:52;-635.4854,-783.7006,-783.7006;True,Sports,BUFFALO02,21,14586,0;;;
Franklin;06:55:01;16:33:53;-635.0096,-772.1835,-772.1835;True,Sports,BUFFALO02,21,61653,0;;;
Franklin;06:55:01;16:33:53;-634.7073,-760.7348,-760.7348;True,Sports,BUFFALO02,21,29041,0;;;
Franklin;06:55:02;16:33:54;-635.2264,-749.4758,-749.4758;True,Sports,BUFFALO02,22,54701,1;;;
Franklin;06:55:02;16:33:54;-635.3924,-737.4218,-737.4218;True,Sports,BUFFALO02,23,40367,0;;;
Franklin;06:55:03;16:33:55;-635.1094,-725.9086,-725.9086;True,Sports,BUFFALO02,21,61029,0;;;
Franklin;06:55:03;16:33:55;-635.3957,-714.9379,-714.9379;True,Sports,BUFFALO02,21,83064,1;;;
Franklin;06:55:04;16:33:56;-635.2078,-703.534,-703.534;True,Sports,BUFFALO02,21,79337,0;;;
Franklin;06:55:04;16:33:56;-634.8705,-692.3259,-692.3259;True,Sports,BUFFALO02,22,13986,1;;;
Franklin;06:55:05;16:33:57;-634.3647,-680.3576,-680.3576;True,Sports,BUFFALO02,23,10989,0;;;
Franklin;06:55:05;16:33:57;-633.5312,-668.681,-668.681;True,Sports,BUFFALO02,23,0167,1;;;
Franklin;06:55:06;16:33:58;-631.7043,-657.0297,-657.0297;True,Sports,BUFFALO02,22,68345,0;;;
Franklin;06:55:06;16:33:59;-629.6619,-646.0236,-646.0236;True,Sports,BUFFALO02,21,48371,0;;;
Franklin;06:55:07;16:33:59;-629.1545,-635.1888,-635.1888;True,Sports,BUFFALO02,20,68698,1;;;
Franklin;06:55:07;16:34:00;-629.2343,-624.0156,-624.0156;True,Sports,BUFFALO02,22,70305,1;;;
Franklin;06:55:08;16:34:00;-629.329,-612.4335,-612.4335;True,Sports,BUFFALO02,21,27564,0;;;
Franklin;06:55:08;16:34:01;-629.4139,-602.0078,-602.0078;True,Sports,BUFFALO02,19,07746,0;;;
Franklin;06:55:09;16:34:01;-629.4895,-592.8899,-592.8899;True,Sports,BUFFALO02,15,53809,0;;;
Franklin;06:55:09;16:34:02;-629.5499,-585.4481,-585.4481;True,Sports,BUFFALO02,12,69063,0;;;
Franklin;06:55:10;16:34:02;-629.5928,-580.0398,-580.0398;True,Sports,BUFFALO02,8,971663,0;;;
Franklin;06:55:10;16:34:03;-629.6231,-575.9321,-575.9321;True,Sports,BUFFALO02,6,331498,0;;;
Franklin;06:55:11;16:34:03;-629.64,-573.6589,-573.6589;True,Sports,BUFFALO02,3,232934,0;;;
Franklin;06:55:11;16:34:04;-629.6448,-572.9879,-572.9879;True,Sports,BUFFALO02,0,02479408,0;;;
Franklin;06:55:12;16:34:04;-629.6447,-572.9905,-572.9905;True,Sports,BUFFALO02,0,0;;;
Franklin;06:55:12;16:34:05;-629.6447,-572.9905,-572.9905;True,Sports,BUFFALO02,0,0;;;
Franklin;06:55:13;16:34:05;-629.6447,-572.9905,-572.9905;True,Sports,BUFFALO02,0,0;;;
Franklin;06:55:14;16:34:06;-629.6447,-572.9905,-572.9905;True,Sports,BUFFALO02,0,0;;;
Franklin;06:55:14;16:34:06;-629.6447,-572.9905,-572.9905;True,Sports,BUFFALO02,0,0;;;
Franklin;06:55:15;16:34:07;-629.6447,-572.9905,-572.9905;True,Sports,BUFFALO02,0,0;;;
Franklin;06:55:15;16:34:07;-629.6447,-572.9905,-572.9905;True,Sports,BUFFALO02,0,0;;;
Franklin;06:55:16;16:34:08;-629.6447,-572.9905,-572.9905;True,Sports,BUFFALO02,0,0;;;
Franklin;06:55:16;16:34:08;-629.6447,-572.9905,-572.9905;True,Sports,BUFFALO02,0,0;;;
Franklin;06:55:17;16:34:09;-629.6447,-572.9905,-572.9905;True,Sports,BUFFALO02,0,0;;;
Franklin;06:55:17;16:34:09;-629.6447,-572.9905,-572.9905;True,Sports,BUFFALO02,0,0;;;
Franklin;06:55:18;16:34:10;-629.6447,-572.9905,-572.9905;True,Sports,BUFFALO02,0,0;;;
Franklin;06:55:18;16:34:10;-629.6447,-572.9905,-572.9905;True,Sports,BUFFALO02,0,0;;;
Franklin;06:55:19;16:34:11;-629.6447,-572.9905,-572.9905;True,Sports,BUFFALO02,0,0;;;
Franklin;06:55:19;16:34:12;-629.6447,-572.9905,-572.9905;True,Sports,BUFFALO02,0,0;;;
Franklin;06:55:20;16:34:12;-629.6447,-572.9905,-572.9905;True,Sports,BUFFALO02,0,0;;;
Franklin;06:55:20;16:34:13;-629.6447,-572.9905,-572.9905;True,Sports,BUFFALO02,0,0;;;
Franklin;06:55:21;16:34:13;-629.6447,-572.9905,-572.9905;True,Sports,BUFFALO02,0,0;;;
Franklin;06:55:21;16:34:14;-629.6447,-572.9905,-572.9905;True,Sports,BUFFALO02,0,0;;;
Franklin;06:55:22;16:34:14;-629.6447,-572.9905,-572.9905;True,Sports,BUFFALO02,0,0;;;
Franklin;06:55:22;16:34:15;-629.6447,-572.9905,-572.9905;True,Sports,BUFFALO02,0,0;;;
Franklin;06:55:23;16:34:15;-629.6447,-572.9905,-572.9905;True,Sports,BUFFALO02,0,0;;;
Franklin;06:55:23;16:34:16;-629.6447,-572.9905,-572.9905;True,Sports,BUFFALO02,0,0;;;
Franklin;06:55:24;16:34:16;-629.6447,-572.9905,-572.9905;True,Sports,BUFFALO02,0,0;;;
Franklin;06:55:24;16:34:17;-629.6447,-572.9905,-572.9905;True,Sports,BUFFALO02,0,0;;;
Franklin;06:55:25;16:34:17;-629.6447,-572.9905,-572.9905;True,Sports,BUFFALO02,0,0;;;
Franklin;06:55:25;16:34:18;-629.6447,-572.9905,-572.9905;True,Sports,BUFFALO02,0,0;;;
Franklin;06:55:26;16:34:18;-629.6447,-572.9905,-572.9905;True,Sports,BUFFALO02,0,0;;;
Franklin;06:55:26;16:34:19;-629.6447,-572.9905,-572.9905;True,Sports,BUFFALO02,0,0;;;
Franklin;06:55:27;16:34:19;-629.6447,-572.9905,-572.9905;True,Sports,BUFFALO02,0,0;;;
Franklin;06:55:28;16:34:20;-629.6447,-572.9905,-572.9905;True,Sports,BUFFALO02,0,0;;;
Franklin;06:55:28;16:34:20;-629.6447,-572.9905,-572.9905;True,Sports,BUFFALO02,0,0;;;
Franklin;06:55:29;16:34:21;-629.6447,-572.9905,-572.9905;True,Sports,BUFFALO02,0,0;;;
Franklin;06:55:29;16:34:21;-629.6447,-572.9905,-572.9905;True,Sports,BUFFALO02,0,0;;;
Franklin;06:55:30;16:34:22;-629.6447,-572.9905,-572.9905;True,Sports,BUFFALO02,0,0;;;
Franklin;06:55:30;16:34:22;-629.6447,-572.9905,-572.9905;True,Sports,BUFFALO02,0,0;;;
Franklin;06:55:31;16:34:23;-629.6447,-572.9905,-572.9905;True,Sports,BUFFALO02,0,0;;;
Franklin;06:55:31;16:34:23;-629.6447,-572.9905,-572.9905;True,Sports,BUFFALO02,0,0;;;
Franklin;06:55:32;16:34:24;-629.6447,-572.9905,-572.9905;True,Sports,BUFFALO02,0,0;;;
Franklin;06:55:32;16:34:24;-629.6447,-572.9905,-572.9905;True,Sports,BUFFALO02,0,0;;;
Franklin;06:55:33;16:34:25;-629.6447,-572.9905,-572.9905;True,Sports,BUFFALO02,0,0;;;
Franklin;06:55:33;16:34:26;-629.6447,-572.9905,-572.9905;True,Sports,BUFFALO02,0,0;;;
Franklin;06:55:34;16:34:26;-629.6447,-572.9905,-572.9905;True,Sports,BUFFALO02,0,0;;;
Franklin;06:55:34;16:34:27;-629.6447,-572.9905,-572.9905;True,Sports,BUFFALO02,0,0;;;
Franklin;06:55:35;16:34:27;-629.6447,-572.9905,-572.9905;True,Sports,BUFFALO02,0,0;;;
Franklin;06:55:35;16:34:28;-629.6447,-572.9905,-572.9905;True,Sports,BUFFALO02,0,0;;;
Franklin;06:55:36;16:34:28;-629.6447,-572.9856,-572.9856;True,Sports,BUFFALO02,0,1259295,1;;;
Franklin;06:55:36;16:34:29;-629.6329,-572.3859,-572.3859;True,Sports,BUFFALO02,2,22937,1;;;
Franklin;06:55:37;16:34:29;-629.4614,-570.3718,-570.3718;True,Sports,BUFFALO02,5,925983,1;;;
Franklin;06:55:37;16:34:30;-629.1239,-565.7279,-565.7279;True,Sports,BUFFALO02,11,8477,0;;;
Franklin;06:55:38;16:34:30;-628.9861,-559.6218,-559.6218;True,Sports,BUFFALO02,13,03743,1;;;
Franklin;06:55:38;16:34:31;-628.4874,-552.0831,-552.0831;True,Sports,BUFFALO02,15,94741,1;;;
Franklin;06:55:39;16:34:31;-627.8367,-543.0868,-543.0868;True,Sports,BUFFALO02,18,64536,1;;;
Franklin;06:55:39;16:34:32;-628.015,-532.8658,-532.8658;True,Sports,BUFFALO02,21,10928,1;;;
Franklin;06:55:40;16:34:32;-628.7962,-521.2629,-521.2629;True,Sports,BUFFALO02,23,19933,1;;;
Franklin;06:55:40;16:34:33;-628.7206,-508.7589,-508.7589;True,Sports,BUFFALO02,23,70635,0;;;
Franklin;06:55:41;16:34:33;-628.3802,-496.3186,-496.3186;True,Sports,BUFFALO02,24,88913,1;;;
Franklin;06:55:42;16:34:34;-628.5501,-483.1142,-483.1142;True,Sports,BUFFALO02,24,71804,0;;;
Franklin;06:55:42;16:34:34;-628.1587,-470.7679,-470.7679;True,Sports,BUFFALO02,22,67774,0;;;
Franklin;06:55:43;16:34:35;-628.0732,-459.5174,-459.5174;True,Sports,BUFFALO02,20,71512,0;;;
Franklin;06:55:43;16:34:35;-628.3827,-448.9191,-448.9191;True,Sports,BUFFALO02,20,5535,0;;;
Franklin;06:55:44;16:34:36;-628.3762,-438.8505,-438.8505;True,Sports,BUFFALO02,18,57733,0;;;
Franklin;06:55:44;16:34:36;-627.7512,-429.673,-429.673;True,Sports,BUFFALO02,16,70896,0;;;
Franklin;06:55:45;16:34:37;-627.1173,-421.3833,-421.3833;True,Sports,BUFFALO02,15,71219,0;;;
Franklin;06:55:45;16:34:37;-626.6379,-413.7043,-413.7043;True,Sports,BUFFALO02,13,78798,0;;;
Franklin;06:55:46;16:34:38;-626.7086,-407.0452,-407.0452;True,Sports,BUFFALO02,11,97545,0;;;
Franklin;06:55:46;16:34:38;-626.5746,-401.3323,-401.3323;True,Sports,BUFFALO02,9,215923,0;;;
Franklin;06:55:47;16:34:39;-626.4678,-397.8082,-397.8082;True,Sports,BUFFALO02,5,040248,0;;;
Franklin;06:55:47;16:34:40;-626.3961,-395.6513,-395.6513;True,Sports,BUFFALO02,3,029856,0;;;
Franklin;06:55:48;16:34:40;-626.3527,-394.7773,-394.7773;True,Sports,BUFFALO02,0,8392472,0;;;
Franklin;06:55:48;16:34:41;-626.3512,-394.7194,-394.7194;True,Sports,BUFFALO02,0,002758596,0;;;
Franklin;06:55:49;16:34:41;-626.3512,-394.7195,-394.7195;True,Sports,BUFFALO02,0,0;;;
Franklin;06:55:49;16:34:42;-626.3512,-394.7195,-394.7195;True,Sports,BUFFALO02,0,0;;;
Franklin;06:55:50;16:34:42;-626.3512,-394.7195,-394.7195;True,Sports,BUFFALO02,0,0;;;
Franklin;06:55:50;16:34:43;-626.3512,-394.7195,-394.7195;True,Sports,BUFFALO02,0,0;;;
Franklin;06:55:51;16:34:43;-626.3512,-394.7195,-394.7195;True,Sports,BUFFALO02,0,0;;;
Franklin;06:55:51;16:34:44;-626.3512,-394.7195,-394.7195;True,Sports,BUFFALO02,0,0;;;
Franklin;06:55:52;16:34:44;-626.3512,-394.7195,-394.7195;True,Sports,BUFFALO02,0,0;;;
Franklin;06:55:52;16:34:45;-626.3512,-394.7195,-394.7195;True,Sports,BUFFALO02,0,0;;;
Franklin;06:55:53;16:34:45;-626.3512,-394.7195,-394.7195;True,Sports,BUFFALO02,0,0;;;
Franklin;06:55:53;16:34:46;-626.3512,-394.7195,-394.7195;True,Sports,BUFFALO02,0,0;;;
Franklin;06:55:54;16:34:46;-626.3512,-394.7195,-394.7195;True,Sports,BUFFALO02,0,0;;;
Franklin;06:55:55;16:34:47;-626.3512,-394.7195,-394.7195;True,Sports,BUFFALO02,0,0;;;
Franklin;06:55:55;16:34:47;-626.3512,-394.7195,-394.7195;True,Sports,BUFFALO02,0,0;;;
Franklin;06:55:56;16:34:48;-626.3511,-394.7171,-394.7171;True,Sports,BUFFALO02,0,07455162,1;;;
Franklin;06:55:56;16:34:48;-626.3318,-394.1372,-394.1372;True,Sports,BUFFALO02,2,304642,1;;;
Franklin;06:55:57;16:34:49;-626.2757,-392.4367,-392.4367;True,Sports,BUFFALO02,3,033477,0;;;
Franklin;06:55:57;16:34:49;-626.2703,-392.2622,-392.2622;True,Sports,BUFFALO02,0,6795278,-1;;;
Franklin;06:55:58;16:34:50;-626.2831,-392.6575,-392.6575;True,Sports,BUFFALO02,0,2122335,1;;;
Franklin;06:55:58;16:34:50;-626.2819,-392.6612,-392.6612;True,Sports,BUFFALO02,0,003386439,0;;;
Franklin;06:55:59;16:34:51;-626.2827,-392.661,-392.661;True,Sports,BUFFALO02,0,0;;;
Franklin;06:55:59;16:34:51;-626.2827,-392.661,-392.661;True,Sports,BUFFALO02,0,0;;;
Franklin;06:56:00;16:34:52;-626.2827,-392.661,-392.661;True,Sports,BUFFALO02,0,0;;;
Franklin;06:56:00;16:34:53;-626.2827,-392.661,-392.661;True,Sports,BUFFALO02,0,0;;;
Franklin;06:56:01;16:34:53;-626.2827,-392.661,-392.661;True,Sports,BUFFALO02,0,0;;;
Franklin;06:56:01;16:34:54;-626.2827,-392.661,-392.661;True,Sports,BUFFALO02,0,0;;;
Franklin;06:56:02;16:34:54;-626.2827,-392.661,-392.661;True,Sports,BUFFALO02,0,0;;;
Franklin;06:56:02;16:34:55;-626.2827,-392.661,-392.661;True,Sports,BUFFALO02,0,0;;;
Franklin;06:56:03;16:34:55;-626.2827,-392.661,-392.661;True,Sports,BUFFALO02,0,0;;;
Franklin;06:56:03;16:34:56;-626.2827,-392.661,-392.661;True,Sports,BUFFALO02,0,0;;;
Franklin;06:56:04;16:34:56;-626.2827,-392.661,-392.661;True,Sports,BUFFALO02,0,0;;;
Franklin;06:56:04;16:34:57;-626.2827,-392.661,-392.661;True,Sports,BUFFALO02,0,0;;;
Franklin;06:56:05;16:34:57;-626.2827,-392.661,-392.661;True,Sports,BUFFALO02,0,0;;;
Franklin;06:56:05;16:34:58;-626.2827,-392.661,-392.661;True,Sports,BUFFALO02,0,0;;;
Franklin;06:56:06;16:34:58;-626.2827,-392.661,-392.661;True,Sports,BUFFALO02,0,0;;;
Franklin;06:56:06;16:34:59;-626.2827,-392.661,-392.661;True,Sports,BUFFALO02,0,0;;;
Franklin;06:56:07;16:34:59;-626.2827,-392.661,-392.661;True,Sports,BUFFALO02,0,0;;;
Franklin;06:56:08;16:35:00;-626.2827,-392.661,-392.661;True,Sports,BUFFALO02,0,0;;;
Franklin;06:56:08;16:35:00;-626.2827,-392.661,-392.661;True,Sports,BUFFALO02,0,0;;;
Franklin;06:56:09;16:35:01;-626.2827,-392.661,-392.661;True,Sports,BUFFALO02,0,0;;;
Franklin;06:56:09;16:35:01;-626.2827,-392.661,-392.661;True,Sports,BUFFALO02,0,0;;;
Franklin;06:56:10;16:35:02;-626.2827,-392.661,-392.661;True,Sports,BUFFALO02,0,0;;;
Franklin;06:56:10;16:35:02;-626.2827,-392.661,-392.661;True,Sports,BUFFALO02,0,0;;;
Franklin;06:56:11;16:35:03;-626.2827,-392.661,-392.661;True,Sports,BUFFALO02,0,0;;;
Franklin;06:56:11;16:35:03;-626.2827,-392.661,-392.661;True,Sports,BUFFALO02,0,0;;;
Franklin;06:56:12;16:35:04;-626.2827,-392.661,-392.661;True,Sports,BUFFALO02,0,0;;;
Franklin;06:56:12;16:35:04;-626.2827,-392.661,-392.661;True,Sports,BUFFALO02,0,0;;;
Franklin;06:56:13;16:35:05;-626.2827,-392.661,-392.661;True,Sports,BUFFALO02,0,0;;;
Franklin;06:56:13;16:35:06;-626.2828,-392.6606,-392.6606;True,Sports,BUFFALO02,0,003282327,1;;;
Franklin;06:56:14;16:35:06;-626.2821,-392.6608,-392.6608;True,Sports,BUFFALO02,0,01410731,1;;;
Franklin;06:56:14;16:35:07;-626.276,-392.6609,-392.6609;True,Sports,BUFFALO02,0,002327301,1;;;
Franklin;06:56:15;16:35:07;-626.277,-392.6608,-392.6608;True,Sports,BUFFALO02,0,009253088,1;;;
Franklin;06:56:15;16:35:08;-626.2775,-392.6608,-392.6608;True,Sports,BUFFALO02,0,01385824,1;;;
Franklin;06:56:16;16:35:08;-626.2771,-392.6549,-392.6549;True,Sports,BUFFALO02,0,1774627,1;;;
Franklin;06:56:16;16:35:09;-626.2805,-392.5906,-392.5906;True,Sports,BUFFALO02,0,002380301,0;;;
Franklin;06:56:17;16:35:09;-626.2813,-392.6024,-392.6024;True,Sports,BUFFALO02,0,01830407,0;;;
Franklin;06:56:17;16:35:10;-626.2834,-392.6626,-392.6626;True,Sports,BUFFALO02,0,4401032,0;;;
Franklin;06:56:18;16:35:10;-626.2842,-392.6898,-392.6898;True,Sports,BUFFALO02,0,002829002,1;;;
Franklin;06:56:18;16:35:11;-626.2795,-392.6896,-392.6896;True,Sports,BUFFALO02,0,02428702,1;;;
Franklin;06:56:19;16:35:11;-626.2769,-392.6896,-392.6896;True,Sports,BUFFALO02,0,003251623,1;;;
Franklin;06:56:19;16:35:12;-626.2773,-392.6896,-392.6896;True,Sports,BUFFALO02,0,0008904235,1;;;
Franklin;06:56:20;16:35:12;-626.2801,-392.6895,-392.6895;True,Sports,BUFFALO02,0,01221576,0;;;
Franklin;06:56:21;16:35:13;-626.2803,-392.6895,-392.6895;True,Sports,BUFFALO02,0,002853836,1;;;
Franklin;06:56:21;16:35:13;-626.2776,-392.6896,-392.6896;True,Sports,BUFFALO02,0,0009884778,1;;;
Franklin;06:56:22;16:35:14;-626.2784,-392.6896,-392.6896;True,Sports,BUFFALO02,0,01111281,0;;;
Franklin;06:56:22;16:35:14;-626.2814,-392.6895,-392.6895;True,Sports,BUFFALO02,0,001865056,1;;;
Franklin;06:56:23;16:35:15;-626.2775,-392.6896,-392.6896;True,Sports,BUFFALO02,0,01736052,1;;;
Franklin;06:56:23;16:35:15;-626.2773,-392.6896,-392.6896;True,Sports,BUFFALO02,0,00884824,1;;;
Franklin;06:56:24;16:35:16;-626.2783,-392.6896,-392.6896;True,Sports,BUFFALO02,0,01446009,0;;;
Franklin;06:56:24;16:35:16;-626.2837,-392.6894,-392.6894;True,Sports,BUFFALO02,0,003072306,0;;;
Franklin;06:56:25;16:35:17;-626.2837,-392.6894,-392.6894;True,Sports,BUFFALO02,0,0;;;
Franklin;06:56:25;16:35:17;-626.2837,-392.6894,-392.6894;True,Sports,BUFFALO02,0,0;;;
Franklin;06:56:26;16:35:18;-626.2839,-392.6894,-392.6894;True,Sports,BUFFALO02,0,003645449,1;;;
Franklin;06:56:26;16:35:18;-626.2838,-392.6894,-392.6894;True,Sports,BUFFALO02,0,002726969,1;;;
Franklin;06:56:27;16:35:19;-626.2794,-392.6895,-392.6895;True,Sports,BUFFALO02,0,0139384,1;;;
Franklin;06:56:27;16:35:20;-626.2802,-392.6895,-392.6895;True,Sports,BUFFALO02,0,02211542,0;;;
Franklin;06:56:28;16:35:20;-626.2838,-392.6894,-392.6894;True,Sports,BUFFALO02,0,0;;;
Franklin;06:56:28;16:35:21;-626.2838,-392.6894,-392.6894;True,Sports,BUFFALO02,0,0;;;
Franklin;06:56:29;16:35:21;-626.2839,-392.6894,-392.6894;True,Sports,BUFFALO02,0,003029722,1;;;
Franklin;06:56:29;16:35:22;-626.2822,-392.6895,-392.6895;True,Sports,BUFFALO02,0,01536884,1;;;
Franklin;06:56:30;16:35:22;-626.2763,-392.6896,-392.6896;True,Sports,BUFFALO02,0,01227851,1;;;
Franklin;06:56:30;16:35:23;-626.2776,-392.6896,-392.6896;True,Sports,BUFFALO02,0,009584435,1;;;
Franklin;06:56:31;16:35:23;-626.2773,-392.6896,-392.6896;True,Sports,BUFFALO02,0,009891158,1;;;
Franklin;06:56:31;16:35:24;-626.2775,-392.6896,-392.6896;True,Sports,BUFFALO02,0,004232552,1;;;
Franklin;06:56:32;16:35:24;-626.2774,-392.6896,-392.6896;True,Sports,BUFFALO02,0,01473741,1;;;
Franklin;06:56:32;16:35:25;-626.2782,-392.5963,-392.5963;True,Sports,BUFFALO02,0,8069509,1;;;
Franklin;06:56:33;16:35:25;-626.2714,-392.2287,-392.2287;True,Sports,BUFFALO02,0,1728761,-1;;;
Franklin;06:56:33;16:35:26;-626.2816,-392.5515,-392.5515;True,Sports,BUFFALO02,0,2193018,0;;;
Franklin;06:56:34;16:35:26;-626.2817,-392.5567,-392.5567;True,Sports,BUFFALO02,0,0;;;
Franklin;06:56:35;16:35:27;-626.2817,-392.5567,-392.5567;True,Sports,BUFFALO02,0,0;;;
Franklin;06:56:35;16:35:27;-626.2817,-392.5567,-392.5567;True,Sports,BUFFALO02,0,0;;;
Franklin;06:56:36;16:35:28;-626.2817,-392.5567,-392.5567;True,Sports,BUFFALO02,0,0;;;
Franklin;06:56:36;16:35:28;-626.2817,-392.5567,-392.5567;True,Sports,BUFFALO02,0,0;;;
Franklin;06:56:37;16:35:29;-626.2817,-392.5567,-392.5567;True,Sports,BUFFALO02,0,0;;;
Franklin;06:56:37;16:35:29;-626.2817,-392.5567,-392.5567;True,Sports,BUFFALO02,0,0;;;
Franklin;06:56:38;16:35:30;-626.2817,-392.5567,-392.5567;True,Sports,BUFFALO02,0,0;;;
Franklin;06:56:38;16:35:30;-626.2817,-392.5567,-392.5567;True,Sports,BUFFALO02,0,0;;;
Franklin;06:56:39;16:35:31;-626.2817,-392.5567,-392.5567;True,Sports,BUFFALO02,0,0;;;
Franklin;06:56:39;16:35:31;-626.2817,-392.5567,-392.5567;True,Sports,BUFFALO02,0,0;;;
Franklin;06:56:40;16:35:32;-626.2817,-392.5567,-392.5567;True,Sports,BUFFALO02,0,0;;;
Franklin;06:56:40;16:35:33;-626.2817,-392.5567,-392.5567;True,Sports,BUFFALO02,0,0;;;
Franklin;06:56:41;16:35:33;-626.2817,-392.5567,-392.5567;True,Sports,BUFFALO02,0,0;;;
Franklin;06:56:41;16:35:34;-626.2817,-392.5567,-392.5567;True,Sports,BUFFALO02,0,0;;;
Franklin;06:56:42;16:35:34;-626.2817,-392.5567,-392.5567;True,Sports,BUFFALO02,0,0;;;
Franklin;06:56:42;16:35:35;-626.2817,-392.5567,-392.5567;True,Sports,BUFFALO02,0,0;;;
Franklin;06:56:43;16:35:35;-626.2817,-392.5567,-392.5567;True,Sports,BUFFALO02,0,0;;;
Franklin;06:56:43;16:35:36;-626.2817,-392.5567,-392.5567;True,Sports,BUFFALO02,0,0;;;
Franklin;06:56:44;16:35:36;-626.2817,-392.5567,-392.5567;True,Sports,BUFFALO02,0,0;;;
Franklin;06:56:44;16:35:37;-626.2817,-392.5567,-392.5567;True,Sports,BUFFALO02,0,0;;;
Franklin;06:56:45;16:35:37;-626.2817,-392.5567,-392.5567;True,Sports,BUFFALO02,0,0;;;
Franklin;06:56:45;16:35:38;-626.2817,-392.5567,-392.5567;True,Sports,BUFFALO02,0,0;;;
Franklin;06:56:46;16:35:38;-626.2817,-392.5567,-392.5567;True,Sports,BUFFALO02,0,0;;;
Franklin;06:56:46;16:35:39;-626.2817,-392.5567,-392.5567;True,Sports,BUFFALO02,0,0;;;
Franklin;06:56:47;16:35:39;-626.2817,-392.5567,-392.5567;True,Sports,BUFFALO02,0,0;;;
Franklin;06:56:48;16:35:40;-626.2817,-392.5567,-392.5567;True,Sports,BUFFALO02,0,0;;;
Franklin;06:56:48;16:35:40;-626.2817,-392.5567,-392.5567;True,Sports,BUFFALO02,0,0;;;
Franklin;06:56:49;16:35:41;-626.2817,-392.5567,-392.5567;True,Sports,BUFFALO02,0,0;;;
Franklin;06:56:49;16:35:41;-626.2817,-392.5567,-392.5567;True,Sports,BUFFALO02,0,0;;;
Franklin;06:56:50;16:35:42;-626.2817,-392.5567,-392.5567;True,Sports,BUFFALO02,0,0;;;
Franklin;06:56:50;16:35:42;-626.2817,-392.5567,-392.5567;True,Sports,BUFFALO02,0,0;;;
Franklin;06:56:51;16:35:43;-626.2817,-392.5567,-392.5567;True,Sports,BUFFALO02,0,0;;;
Franklin;06:56:51;16:35:43;-626.2817,-392.5567,-392.5567;True,Sports,BUFFALO02,0,0;;;
Franklin;06:56:52;16:35:44;-626.2817,-392.5567,-392.5567;True,Sports,BUFFALO02,0,0;;;
Franklin;06:56:52;16:35:44;-626.2817,-392.5567,-392.5567;True,Sports,BUFFALO02,0,0;;;
Franklin;06:56:53;16:35:45;-626.2817,-392.5567,-392.5567;True,Sports,BUFFALO02,0,0;;;
Franklin;06:56:53;16:35:46;-626.2817,-392.5567,-392.5567;True,Sports,BUFFALO02,0,0;;;
Franklin;06:56:54;16:35:46;-626.2817,-392.5567,-392.5567;True,Sports,BUFFALO02,0,0;;;
Franklin;06:56:54;16:35:47;-626.2817,-392.5567,-392.5567;True,Sports,BUFFALO02,0,0;;;
Franklin;06:56:55;16:35:47;-626.2817,-392.5567,-392.5567;True,Sports,BUFFALO02,0,0;;;
Franklin;06:56:55;16:35:48;-626.2817,-392.5567,-392.5567;True,Sports,BUFFALO02,0,0;;;
Franklin;06:56:56;16:35:48;-626.2817,-392.5567,-392.5567;True,Sports,BUFFALO02,0,0;;;
Franklin;06:56:56;16:35:49;-626.2817,-392.5567,-392.5567;True,Sports,BUFFALO02,0,0;;;
Franklin;06:56:57;16:35:49;-626.2817,-392.5567,-392.5567;True,Sports,BUFFALO02,0,0;;;
Franklin;06:56:57;16:35:50;-626.2817,-392.5567,-392.5567;True,Sports,BUFFALO02,0,0;;;
Franklin;06:56:58;16:35:50;-626.2817,-392.5567,-392.5567;True,Sports,BUFFALO02,0,0;;;
Franklin;06:56:58;16:35:51;-626.2817,-392.5567,-392.5567;True,Sports,BUFFALO02,0,0;;;
Franklin;06:56:59;16:35:51;-626.2817,-392.5567,-392.5567;True,Sports,BUFFALO02,0,0;;;
Franklin;06:56:59;16:35:52;-626.2817,-392.5567,-392.5567;True,Sports,BUFFALO02,0,0;;;
Franklin;06:57:00;16:35:52;-626.2817,-392.5567,-392.5567;True,Sports,BUFFALO02,0,0;;;
Franklin;06:57:00;16:35:53;-626.2817,-392.5567,-392.5567;True,Sports,BUFFALO02,0,0;;;
Franklin;06:57:01;16:35:53;-626.2817,-392.5567,-392.5567;True,Sports,BUFFALO02,0,0;;;
Franklin;06:57:02;16:35:54;-626.2817,-392.5567,-392.5567;True,Sports,BUFFALO02,0,0;;;
Franklin;06:57:02;16:35:54;-626.2817,-392.5567,-392.5567;True,Sports,BUFFALO02,0,0;;;
Franklin;06:57:03;16:35:55;-626.2817,-392.5567,-392.5567;True,Sports,BUFFALO02,0,0;;;
Franklin;06:57:03;16:35:55;-626.2817,-392.5567,-392.5567;True,Sports,BUFFALO02,0,0;;;
Franklin;06:57:04;16:35:56;-626.2817,-392.5567,-392.5567;True,Sports,BUFFALO02,0,0;;;
Franklin;06:57:04;16:35:56;-626.2817,-392.5567,-392.5567;True,Sports,BUFFALO02,0,0;;;
Franklin;06:57:05;16:35:57;-626.2817,-392.5567,-392.5567;True,Sports,BUFFALO02,0,0;;;
Franklin;06:57:05;16:35:57;-626.2817,-392.5567,-392.5567;True,Sports,BUFFALO02,0,0;;;
Franklin;06:57:06;16:35:58;-626.2817,-392.5567,-392.5567;True,Sports,BUFFALO02,0,0;;;
Franklin;06:57:06;16:35:59;-626.2817,-392.5567,-392.5567;True,Sports,BUFFALO02,0,0;;;
Franklin;06:57:07;16:35:59;-626.2817,-392.5567,-392.5567;True,Sports,BUFFALO02,0,0;;;
Franklin;06:57:07;16:36:00;-626.2817,-392.5567,-392.5567;True,Sports,BUFFALO02,0,0;;;
Franklin;06:57:08;16:36:00;-626.2817,-392.5567,-392.5567;True,Sports,BUFFALO02,0,0;;;
Franklin;06:57:08;16:36:01;-626.2817,-392.5567,-392.5567;True,Sports,BUFFALO02,0,0;;;
Franklin;06:57:09;16:36:01;-626.2817,-392.5567,-392.5567;True,Sports,BUFFALO02,0,0;;;
Franklin;06:57:09;16:36:02;-626.2817,-392.5567,-392.5567;True,Sports,BUFFALO02,0,0;;;
Franklin;06:57:10;16:36:02;-626.2817,-392.5567,-392.5567;True,Sports,BUFFALO02,0,0;;;
Franklin;06:57:10;16:36:03;-626.2792,-392.4767,-392.4767;True,Sports,BUFFALO02,0,7549295,1;;;
Franklin;06:57:11;16:36:03;-626.2451,-391.4387,-391.4387;True,Sports,BUFFALO02,3,451973,1;;;
Franklin;06:57:11;16:36:04;-626.1501,-388.529,-388.529;True,Sports,BUFFALO02,8,17466,1;;;
Franklin;06:57:12;16:36:04;-625.9746,-382.9317,-382.9317;True,Sports,BUFFALO02,11,37622,1;;;
Franklin;06:57:12;16:36:05;-625.7835,-376.8318,-376.8318;True,Sports,BUFFALO02,11,13387,0;;;
Franklin;06:57:13;16:36:05;-625.6855,-371.0645,-371.0645;True,Sports,BUFFALO02,12,0527,1;;;
Franklin;06:57:13;16:36:06;-626.6489,-364.0238,-364.0238;True,Sports,BUFFALO02,15,26295,1;;;
Franklin;06:57:14;16:36:06;-627.6119,-355.3319,-355.3319;True,Sports,BUFFALO02,18,26534,1;;;
Franklin;06:57:15;16:36:07;-628.8265,-346.1863,-346.1863;True,Sports,BUFFALO02,17,59152,0;;;
Franklin;06:57:15;16:36:07;-632.0462,-337.7454,-337.7454;True,Sports,BUFFALO02,17,22224,1;;;
Franklin;06:57:16;16:36:08;-636.6451,-329.3641,-329.3641;True,Sports,BUFFALO02,19,91233,1;;;
Franklin;06:57:16;16:36:08;-641.8793,-319.4643,-319.4643;True,Sports,BUFFALO02,22,55092,1;;;
Franklin;06:57:17;16:36:09;-646.8812,-308.9788,-308.9788;True,Sports,BUFFALO02,20,87978,0;;;
Franklin;06:57:17;16:36:09;-651.9581,-300.0699,-300.0699;True,Sports,BUFFALO02,19,78372,1;;;
Franklin;06:57:18;16:36:10;-657.4196,-291.5522,-291.5522;True,Sports,BUFFALO02,19,12043,0;;;
Franklin;06:57:18;16:36:10;-662.915,-283.0284,-283.0284;True,Sports,BUFFALO02,19,31553,0;;;
Franklin;06:57:19;16:36:11;-667.8235,-274.9173,-274.9173;True,Sports,BUFFALO02,17,03944,0;;;
Franklin;06:57:19;16:36:11;-670.8427,-267.1521,-267.1521;True,Sports,BUFFALO02,15,07121,0;;;
Franklin;06:57:20;16:36:12;-673.1202,-260.2227,-260.2227;True,Sports,BUFFALO02,13,20076,0;;;
Franklin;06:57:20;16:36:13;-675.2379,-254.2499,-254.2499;True,Sports,BUFFALO02,11,19212,0;;;
Franklin;06:57:21;16:36:13;-677.7081,-249.48,-249.48;True,Sports,BUFFALO02,9,312269,0;;;
Franklin;06:57:21;16:36:14;-679.7669,-245.6599,-245.6599;True,Sports,BUFFALO02,7,552162,0;;;
Franklin;06:57:22;16:36:14;-681.3729,-242.6016,-242.6016;True,Sports,BUFFALO02,5,86393,0;;;
Franklin;06:57:22;16:36:15;-682.5847,-240.3096,-240.3096;True,Sports,BUFFALO02,4,179688,0;;;
Franklin;06:57:23;16:36:15;-683.3309,-238.9302,-238.9302;True,Sports,BUFFALO02,1,585443,0;;;
Franklin;06:57:23;16:36:16;-683.5261,-238.6067,-238.6067;True,Sports,BUFFALO02,0,03516046,0;;;
Franklin;06:57:24;16:36:16;-683.5244,-238.6089,-238.6089;True,Sports,BUFFALO02,0,0;;;
Franklin;06:57:24;16:36:17;-683.5244,-238.6089,-238.6089;True,Sports,BUFFALO02,0,0;;;
Franklin;06:57:25;16:36:17;-683.5244,-238.6089,-238.6089;True,Sports,BUFFALO02,0,0;;;
Franklin;06:57:25;16:36:18;-683.5244,-238.6089,-238.6089;True,Sports,BUFFALO02,0,0;;;
Franklin;06:57:26;16:36:18;-683.5244,-238.6089,-238.6089;True,Sports,BUFFALO02,0,0;;;
Franklin;06:57:26;16:36:19;-683.5757,-238.5144,-238.5144;True,Sports,BUFFALO02,0,8696158,1;;;
Franklin;06:57:27;16:36:19;-684.108,-237.5244,-237.5244;True,Sports,BUFFALO02,3,657021,1;;;
Franklin;06:57:28;16:36:20;-685.6004,-234.765,-234.765;True,Sports,BUFFALO02,8,77342,1;;;
Franklin;06:57:28;16:36:20;-688.254,-229.8141,-229.8141;True,Sports,BUFFALO02,11,37332,1;;;
Franklin;06:57:29;16:36:21;-691.537,-223.5756,-223.5756;True,Sports,BUFFALO02,15,06943,1;;;
Franklin;06:57:29;16:36:21;-695.5262,-215.8626,-215.8626;True,Sports,BUFFALO02,18,40057,1;;;
Franklin;06:57:30;16:36:22;-700.4066,-206.2652,-206.2652;True,Sports,BUFFALO02,22,82957,1;;;
Franklin;06:57:30;16:36:22;-705.5668,-195.8106,-195.8106;True,Sports,BUFFALO02,22,45101,1;;;
Franklin;06:57:31;16:36:23;-710.9536,-185.7016,-185.7016;True,Sports,BUFFALO02,21,53278,0;;;
Franklin;06:57:31;16:36:23;-717.2948,-176.1321,-176.1321;True,Sports,BUFFALO02,24,17918,0;;;
Franklin;06:57:32;16:36:24;-724.0475,-166.106,-166.106;True,Sports,BUFFALO02,22,01372,0;;;
Franklin;06:57:32;16:36:24;-729.0632,-156.5818,-156.5818;True,Sports,BUFFALO02,20,03843,0;;;
Franklin;06:57:33;16:36:25;-733.9102,-147.8689,-147.8689;True,Sports,BUFFALO02,19,2523,0;;;
Franklin;06:57:33;16:36:26;-739.6501,-138.7504,-138.7504;True,Sports,BUFFALO02,22,69129,1;;;
Franklin;06:57:34;16:36:26;-745.6891,-128.0153,-128.0153;True,Sports,BUFFALO02,22,80749,0;;;
Franklin;06:57:34;16:36:27;-751.5968,-118.3527,-118.3527;True,Sports,BUFFALO02,20,78872,0;;;
Franklin;06:57:35;16:36:27;-757.6397,-109.9221,-109.9221;True,Sports,BUFFALO02,18,59305,0;;;
Franklin;06:57:35;16:36:28;-762.3561,-101.9578,-101.9578;True,Sports,BUFFALO02,16,84296,0;;;
Franklin;06:57:36;16:36:28;-766.2574,-94.62194,-94.62194;True,Sports,BUFFALO02,15,12667,0;;;
Franklin;06:57:36;16:36:29;-770.207,-88.31983,-88.31983;True,Sports,BUFFALO02,13,21427,0;;;
Franklin;06:57:37;16:36:29;-774.0767,-82.32469,-82.32469;True,Sports,BUFFALO02,15,0623,1;;;
Franklin;06:57:37;16:36:30;-778.3804,-75.06073,-75.06073;True,Sports,BUFFALO02,17,89168,1;;;
Franklin;06:57:38;16:36:30;-782.8951,-66.05778,-66.05778;True,Sports,BUFFALO02,19,21455,0;;;
Franklin;06:57:38;16:36:31;-787.5807,-57.44245,-57.44245;True,Sports,BUFFALO02,18,74386,1;;;
Franklin;06:57:39;16:36:31;-792.9038,-49.14053,-49.14053;True,Sports,BUFFALO02,18,39437,1;;;
Franklin;06:57:39;16:36:32;-799.0485,-40.74223,-40.74223;True,Sports,BUFFALO02,21,72733,1;;;
Franklin;06:57:40;16:36:32;-805.8219,-31.51317,-31.51317;True,Sports,BUFFALO02,21,43646,0;;;
Franklin;06:57:41;16:36:33;-812.0159,-23.05177,-23.05177;True,Sports,BUFFALO02,19,17128,0;;;
Franklin;06:57:41;16:36:33;-817.0004,-15.0522,-15.0522;True,Sports,BUFFALO02,17,11207,1;;;
Franklin;06:57:42;16:36:34;-821.5599,-7.128704,-7.128704;True,Sports,BUFFALO02,17,14994,0;;;
Franklin;06:57:42;16:36:34;-825.8443,0.3372362,0.3372362;True,Sports,BUFFALO02,15,6482,0;;;
Franklin;06:57:43;16:36:35;-829.6786,7.178256,7.178256;True,Sports,BUFFALO02,14,92312,0;;;
Franklin;06:57:43;16:36:35;-832.9789,13.66948,13.66948;True,Sports,BUFFALO02,13,66081,1;;;
Franklin;06:57:44;16:36:36;-836.1715,20.24382,20.24382;True,Sports,BUFFALO02,13,42251,0;;;
Franklin;06:57:44;16:36:36;-838.9337,26.10615,26.10615;True,Sports,BUFFALO02,11,5856,0;;;
Franklin;06:57:45;16:36:37;-841.3297,31.29093,31.29093;True,Sports,BUFFALO02,10,07471,1;;;
Franklin;06:57:45;16:36:37;-843.2498,35.68572,35.68572;True,Sports,BUFFALO02,8,036617,0;;;
Franklin;06:57:46;16:36:38;-844.4621,38.87047,38.87047;True,Sports,BUFFALO02,5,430779,0;;;
Franklin;06:57:46;16:36:39;-845.4796,41.63992,41.63992;True,Sports,BUFFALO02,6,497051,0;;;
Franklin;06:57:47;16:36:39;-846.6212,44.57645,44.57645;True,Sports,BUFFALO02,5,369684,0;;;
Franklin;06:57:47;16:36:40;-847.9199,47.15668,47.15668;True,Sports,BUFFALO02,7,011395,1;;;
Franklin;06:57:48;16:36:40;-849.3794,51.14928,51.14928;True,Sports,BUFFALO02,7,651478,0;;;
Franklin;06:57:48;16:36:41;-851.2034,55.27116,55.27116;True,Sports,BUFFALO02,10,86655,1;;;
Franklin;06:57:49;16:36:41;-853.0022,60.25837,60.25837;True,Sports,BUFFALO02,8,947687,0;;;
Franklin;06:57:49;16:36:42;-853.8318,64.37828,64.37828;True,Sports,BUFFALO02,7,184835,0;;;
Franklin;06:57:50;16:36:42;-854.692,67.89967,67.89967;True,Sports,BUFFALO02,8,291553,1;;;
Franklin;06:57:50;16:36:43;-855.4946,73.31244,73.31244;True,Sports,BUFFALO02,11,50403,0;;;
Franklin;06:57:51;16:36:43;-855.9902,79.54835,79.54835;True,Sports,BUFFALO02,13,59713,1;;;
Franklin;06:57:51;16:36:44;-857.0609,87.31385,87.31385;True,Sports,BUFFALO02,16,12218,1;;;
Franklin;06:57:52;16:36:44;-858.2363,95.99779,95.99779;True,Sports,BUFFALO02,16,24165,0;;;
Franklin;06:57:52;16:36:45;-859.239,103.8198,103.8198;True,Sports,BUFFALO02,13,92062,0;;;
Franklin;06:57:53;16:36:45;-860.1166,111.011,111.011;True,Sports,BUFFALO02,14,94039,1;;;
Franklin;06:57:54;16:36:46;-860.6109,119.188,119.188;True,Sports,BUFFALO02,17,09392,1;;;
Franklin;06:57:54;16:36:46;-861.5391,128.315,128.315;True,Sports,BUFFALO02,19,17006,1;;;
Franklin;06:57:55;16:36:47;-861.6147,137.9591,137.9591;True,Sports,BUFFALO02,17,67017,0;;;
Franklin;06:57:55;16:36:47;-860.9074,146.0864,146.0864;True,Sports,BUFFALO02,14,5347,0;;;
Franklin;06:57:56;16:36:48;-858.2204,151.9315,151.9315;True,Sports,BUFFALO02,11,04099,0;;;
Franklin;06:57:56;16:36:48;-854.6215,155.6382,155.6382;True,Sports,BUFFALO02,9,96344,1;;;
Franklin;06:57:57;16:36:49;-850.7917,158.1547,158.1547;True,Sports,BUFFALO02,7,968508,0;;;
Franklin;06:57:57;16:36:49;-847.7612,159.1689,159.1689;True,Sports,BUFFALO02,4,934199,0;;;
Franklin;06:57:58;16:36:50;-845.8115,159.6124,159.6124;True,Sports,BUFFALO02,3,615447,1;;;
Franklin;06:57:58;16:36:51;-842.9685,160.0346,160.0346;True,Sports,BUFFALO02,7,851939,1;;;
Franklin;06:57:59;16:36:51;-838.2722,161.9412,161.9412;True,Sports,BUFFALO02,10,05691,0;;;
Franklin;06:57:59;16:36:52;-834.0938,164.8426,164.8426;True,Sports,BUFFALO02,10,78676,0;;;
Franklin;06:58:00;16:36:52;-831.1722,168.6255,168.6255;True,Sports,BUFFALO02,7,909728,0;;;
Franklin;06:58:00;16:36:53;-829.3348,171.4686,171.4686;True,Sports,BUFFALO02,5,473069,0;;;
Franklin;06:58:01;16:36:53;-827.9789,173.2173,173.2173;True,Sports,BUFFALO02,3,051203,0;;;
Franklin;06:58:01;16:36:54;-827.5616,173.6956,173.6956;True,Sports,BUFFALO02,0,02809671,0;;;
Franklin;06:58:02;16:36:54;-827.5633,173.6925,173.6925;True,Sports,BUFFALO02,0,003586184,0;;;
Franklin;06:58:02;16:36:55;-827.5637,173.6927,173.6927;True,Sports,BUFFALO02,0,002173116,0;;;
Franklin;06:58:03;16:36:55;-828.8113,174.1515,174.1515;;;;
Franklin;06:58:03;16:36:56;-828.1912,175.0513,175.0513;;;;
Franklin;06:58:04;16:36:56;-826.275,176.9078,176.9078;;;;
Franklin;06:58:05;16:36:57;-822.9307,177.2539,177.2539;;;;
Franklin;06:58:05;16:36:57;-819.4092,177.7317,177.7317;;;;
Franklin;06:58:06;16:36:58;-816.7009,178.4533,178.4533;;;;
Franklin;06:58:06;16:36:58;-814.2914,178.8362,178.8362;;;;
Franklin;06:58:07;16:36:59;-813.8909,179.0817,179.0817;;;;
Franklin;06:58:07;16:36:59;-813.3486,179.6964,179.6964;;;;
Franklin;06:58:08;16:37:00;-812.5192,179.8959,179.8959;;;;
Franklin;06:58:08;16:37:00;-811.6273,179.7335,179.7335;;;;
Franklin;06:58:09;16:37:01;-810.7589,179.4569,179.4569;;;;
Franklin;06:58:09;16:37:02;-810.0027,178.9908,178.9908;;;;
Franklin;06:58:10;16:37:02;-809.3292,178.3997,178.3997;;;;
Franklin;06:58:10;16:37:03;-808.6824,178.783,178.783;;;;
Franklin;06:58:11;16:37:03;-808.3716,178.1633,178.1633;;;;
Franklin;06:58:11;16:37:04;-808.1495,177.561,177.561;;;;
Franklin;06:58:12;16:37:04;-807.963,176.9209,176.9209;;;;
Franklin;06:58:12;16:37:05;-807.5524,176.3963,176.3963;;;;
Franklin;06:58:13;16:37:05;-807.0856,176.0184,176.0184;;Ho, hey! There you are.;Cutscene;Cutscene
Franklin;06:58:13;16:37:06;-806.5577,175.8981,175.8981;;;;
Franklin;06:58:14;16:37:06;-806.0239,175.9332,175.9332;;;;
Franklin;06:58:15;16:37:07;-805.5133,176.0078,176.0078;;;;
Franklin;06:58:15;16:37:07;-805.01,176.2188,176.2188;;What's crackin'?;Cutscene;Cutscene
Franklin;06:58:16;16:37:08;-804.5306,176.2284,176.2284;;;;
Franklin;06:58:16;16:37:08;-804.1491,176.178,176.178;;;;
Franklin;06:58:17;16:37:09;-803.7957,176.1441,176.1441;;;;
Franklin;06:58:17;16:37:09;-803.637,175.9667,175.9667;;So, we all good?;Cutscene;Cutscene
Franklin;06:58:18;16:37:10;-803.4892,175.7108,175.7108;;;;
Franklin;06:58:18;16:37:10;-803.2891,175.5422,175.5422;;;;
Franklin;06:58:19;16:37:11;-803.3017,175.4059,175.4059;;Hell yeah, we all good. We did it.;Cutscene;Cutscene
Franklin;06:58:19;16:37:11;-803.3959,175.6128,175.6128;;;;
Franklin;06:58:20;16:37:12;-803.576,175.9409,175.9409;;;;
Franklin;06:58:20;16:37:13;-803.8104,176.3769,176.3769;;;;
Franklin;06:58:21;16:37:13;-804.11,176.5295,176.5295;;Yeah, you fuckin' A-right we did.;Cutscene;Cutscene
Franklin;06:58:21;16:37:14;-804.2712,176.5223,176.5223;;;;
Franklin;06:58:22;16:37:14;-804.2559,176.4755,176.4755;;;;
Franklin;06:58:22;16:37:15;-804.2128,176.3289,176.3289;;;;
Franklin;06:58:23;16:37:15;-804.2808,176.3241,176.3241;;So, here's the shot.;Cutscene;Cutscene
Franklin;06:58:23;16:37:16;-804.3053,176.2851,176.2851;;;;
Franklin;06:58:24;16:37:16;-804.1688,176.2193,176.2193;;;;
Franklin;06:58:24;16:37:17;-804.0945,176.2204,176.2204;;Lester's offloading the gems,;Cutscene;Cutscene
Franklin;06:58:25;16:37:17;-803.965,176.3388,176.3388;;;;
Franklin;06:58:25;16:37:18;-803.7664,176.4652,176.4652;;;;
Franklin;06:58:26;16:37:18;-803.5002,176.3267,176.3267;;he knows a guy who can get us fifty cents on the dollar.;Cutscene;Cutscene
Franklin;06:58:27;16:37:19;-803.3015,176.281,176.281;;;;
Franklin;06:58:27;16:37:19;-803.1481,176.3653,176.3653;;;;
Franklin;06:58:28;16:37:20;-803.1405,176.2905,176.2905;;;;
Franklin;06:58:28;16:37:20;-803.2192,176.1653,176.1653;;;;
Franklin;06:58:29;16:37:21;-803.2914,176.2309,176.2309;;;;
Franklin;06:58:29;16:37:21;-803.2777,176.3965,176.3965;;;;
Franklin;06:58:30;16:37:22;-803.2034,176.3784,176.3784;;;;
Franklin;06:58:30;16:37:22;-803.0477,176.148,176.148;;Hell, we might actually have a little spending money left;Cutscene;Cutscene
Franklin;06:58:31;16:37:23;-802.6658,175.9443,175.9443;;;;
Franklin;06:58:31;16:37:24;-801.8331,174.4894,174.4894;;;;
Franklin;06:58:32;16:37:24;-801.6647,174.2899,174.2899;;;;
Franklin;06:58:32;16:37:25;-801.592,173.9757,173.9757;;after we pay off that psychotic Mexican motherfucker.;Cutscene;Cutscene
Franklin;06:58:33;16:37:25;-801.6694,173.5199,173.5199;;;;
Franklin;06:58:33;16:37:26;-801.7338,173.0259,173.0259;;;;
Franklin;06:58:34;16:37:26;-801.9633,172.6481,172.6481;;;;
Franklin;06:58:34;16:37:27;-802.2457,172.3162,172.3162;;;;
Franklin;06:58:35;16:37:27;-802.5051,172.0051,172.0051;;;;
Franklin;06:58:35;16:37:28;-802.8286,171.9272,171.9272;;;;
Franklin;06:58:36;16:37:28;-803.0701,171.8282,171.8282;;Cheers!;Cutscene;Cutscene
Franklin;06:58:36;16:37:29;-803.222,171.6502,171.6502;;;;
Franklin;06:58:37;16:37:29;-803.2457,171.481,171.481;;;;
Franklin;06:58:37;16:37:30;-803.3947,171.3974,171.3974;;So that's that, right?;Cutscene;Cutscene
Franklin;06:58:38;16:37:30;-803.4773,171.3112,171.3112;;;;
Franklin;06:58:39;16:37:31;-803.4957,171.3278,171.3278;;;;
Franklin;06:58:39;16:37:31;-803.4822,171.3463,171.3463;;I hope so.;Cutscene;Cutscene
Franklin;06:58:40;16:37:32;-803.4682,171.3363,171.3363;;;;
Franklin;06:58:40;16:37:32;-803.4749,171.334,171.334;;;;
Franklin;06:58:41;16:37:33;-803.489,171.3367,171.3367;;The whole job.;Cutscene;Cutscene
Franklin;06:58:41;16:37:33;-803.4979,171.3382,171.3382;;;;
Franklin;06:58:42;16:37:34;-803.4924,171.3291,171.3291;;Everything about it.;Cutscene;Cutscene
Franklin;06:58:42;16:37:34;-803.4861,171.326,171.326;;;;
Franklin;06:58:43;16:37:35;-803.4859,171.3277,171.3277;;Anyone who knows your file...;Cutscene;Cutscene
Franklin;06:58:43;16:37:35;-803.4871,171.3275,171.3275;;;;
Franklin;06:58:44;16:37:36;-803.4865,171.3304,171.3304;;;;
Franklin;06:58:44;16:37:37;-803.4855,171.3309,171.3309;;What is wrong with you?;Cutscene;Cutscene
Franklin;06:58:45;16:37:37;-803.4847,171.3308,171.3308;;;;
Franklin;06:58:45;16:37:38;-803.486,171.3298,171.3298;;;;
Franklin;06:58:46;16:37:38;-803.4858,171.3285,171.3285;;;;
Franklin;06:58:46;16:37:39;-803.4939,171.3358,171.3358;;Davey!;Cutscene;Cutscene
Franklin;06:58:47;16:37:39;-803.4919,171.3481,171.3481;;;;
Franklin;06:58:47;16:37:40;-803.4927,171.3448,171.3448;;Long time no see.;Cutscene;Cutscene
Franklin;06:58:48;16:37:40;-803.4907,171.3363,171.3363;;;;
Franklin;06:58:48;16:37:41;-803.4882,171.332,171.332;;;;
Franklin;06:58:49;16:37:41;-803.4922,171.3336,171.3336;;And what about Trevor?;Cutscene;Cutscene
Franklin;06:58:49;16:37:42;-803.4913,171.3341,171.3341;;;;
Franklin;06:58:50;16:37:42;-803.4896,171.3355,171.3355;;If that fruitcake realizes, no, no, finds out you're alive,;Cutscene;Cutscene
Franklin;06:58:50;16:37:43;-803.4895,171.3345,171.3345;;;;
Franklin;06:58:51;16:37:43;-803.4894,171.3342,171.3342;;;;
Franklin;06:58:52;16:37:44;-803.4893,171.3341,171.3341;;;;
Franklin;06:58:52;16:37:44;-803.4893,171.3341,171.3341;;;;
Franklin;06:58:53;16:37:45;-803.4892,171.3344,171.3344;;;;
Franklin;06:58:53;16:37:45;-803.489,171.3342,171.3342;;you are D-O-N-E fucked!;Cutscene;Cutscene
Franklin;06:58:54;16:37:46;-803.4891,171.3345,171.3345;;;;
Franklin;06:58:54;16:37:46;-803.4919,171.3316,171.3316;;;;
Franklin;06:58:55;16:37:47;-803.4805,171.3329,171.3329;;;;
Franklin;06:58:55;16:37:47;-803.4692,171.3374,171.3374;;;;
Franklin;06:58:56;16:37:48;-803.4775,171.3376,171.3376;;Don't worry about Trevor.;Cutscene;Cutscene
Franklin;06:58:56;16:37:49;-803.4769,171.3347,171.3347;;;;
Franklin;06:58:57;16:37:49;-803.4809,171.3346,171.3346;;Trevor's dead.;Cutscene;Cutscene
Franklin;06:58:57;16:37:50;-803.4825,171.3338,171.3338;;;;
Franklin;06:58:58;16:37:50;-803.4827,171.3339,171.3339;;;;
Franklin;06:58:58;16:37:51;-803.4835,171.3338,171.3338;;He's gotta be.;Cutscene;Cutscene
Franklin;06:58:59;16:37:51;-803.4825,171.3339,171.3339;;;;
Franklin;06:58:59;16:37:52;-803.4833,171.3328,171.3328;;Besides, I didn't have nothin' to do with it.;Cutscene;Cutscene
Franklin;06:59:00;16:37:52;-803.4833,171.3304,171.3304;;;;
Franklin;06:59:00;16:37:53;-803.4828,171.3303,171.3303;;;;
Franklin;06:59:01;16:37:53;-803.4822,171.3303,171.3303;;;;
Franklin;06:59:01;16:37:54;-803.482,171.3315,171.3315;;;;
Franklin;06:59:02;16:37:54;-803.4813,171.3314,171.3314;;;;
Franklin;06:59:02;16:37:55;-803.4813,171.3314,171.3314;;Whatever the hell it is you're talkin' about.;Cutscene;Cutscene
Franklin;06:59:03;16:37:55;-803.4661,171.3524,171.3524;;;;
Franklin;06:59:03;16:37:56;-803.4419,171.3669,171.3669;;;;
Franklin;06:59:04;16:37:56;-803.4357,171.3675,171.3675;;;;
Franklin;06:59:05;16:37:57;-803.4462,171.3609,171.3609;;;;
Franklin;06:59:05;16:37:57;-803.4568,171.3526,171.3526;;Really?;Cutscene;Cutscene
Franklin;06:59:06;16:37:58;-803.4707,171.3426,171.3426;;;;
Franklin;06:59:06;16:37:58;-803.4848,171.3381,171.3381;;;;
Franklin;06:59:07;16:37:59;-803.4855,171.3358,171.3358;;;;
Franklin;06:59:07;16:37:59;-803.3818,171.3816,171.3816;;the criminals are believed to have escaped with millions of dollars worth of;Cutscene;Cutscene
Franklin;06:59:08;16:38:00;-803.327,171.3336,171.3336;;;;
Franklin;06:59:08;16:38:00;-803.4425,171.2378,171.2378;;;;
Franklin;06:59:09;16:38:01;-803.4708,171.2332,171.2332;;;;
Franklin;06:59:09;16:38:01;-803.4536,171.2527,171.2527;;;;
Franklin;06:59:10;16:38:02;-803.4453,171.2465,171.2465;;gems, precious stones;Cutscene;Cutscene
Franklin;06:59:10;16:38:03;-803.4504,171.2381,171.2381;;;;
Franklin;06:59:11;16:38:03;-803.456,171.2409,171.2409;;and engagement rings.;Cutscene;Cutscene
Franklin;06:59:11;16:38:04;-803.4564,171.2428,171.2428;;;;
Franklin;06:59:12;16:38:04;-803.4561,171.2441,171.2441;;;;
Franklin;06:59:12;16:38:05;-803.4833,171.335,171.335;;Albert Stalley had a lucky escape when the thieves ran straight into him.;Cutscene;Cutscene
Franklin;06:59:13;16:38:05;-803.4839,171.3346,171.3346;;;;
Franklin;06:59:13;16:38:06;-803.4842,171.3367,171.3367;;;;
Franklin;06:59:14;16:38:06;-803.4844,171.3405,171.3405;;;;
Franklin;06:59:14;16:38:07;-803.4671,171.3461,171.3461;;;;
Franklin;06:59:15;16:38:07;-803.3186,171.3953,171.3953;;Yeah, I was just doing my job, and I said this guy,;Cutscene;Cutscene
Franklin;06:59:15;16:38:08;-803.3951,171.2782,171.2782;;;;
Franklin;06:59:16;16:38:08;-803.4653,171.2238,171.2238;;;;
Franklin;06:59:16;16:38:09;-803.4645,171.2421,171.2421;;;;
Franklin;06:59:17;16:38:09;-803.4477,171.2556,171.2556;;;;
Franklin;06:59:18;16:38:10;-803.4464,171.2398,171.2398;;hey, you gotta move these bikes.;Cutscene;Cutscene
Franklin;06:59:18;16:38:10;-803.4545,171.2398,171.2398;;;;
Franklin;06:59:19;16:38:11;-803.4561,171.2417,171.2417;;;;
Franklin;06:59:19;16:38:11;-803.4562,171.2436,171.2436;;;;
Franklin;06:59:20;16:38:12;-803.4553,171.2444,171.2444;;I don't know anything about that.;Cutscene;Cutscene
Franklin;06:59:20;16:38:12;-803.4548,171.2462,171.2462;;;;
Franklin;06:59:21;16:38:13;-803.4547,171.2462,171.2462;;;;
Franklin;06:59:21;16:38:13;-803.4381,171.2555,171.2555;;;;
char;time_ingame;time_rw;pos;vehicle;subtitles_text;speaker;soundfile
Trevor;13:11:17;16:52:55;214.83,3149.713,3149.713;True,OffRoad,BODHI2,4,997005,1;I got this Chinese contact you can meet at the Inn.;NervousRon;T1M1_GOAD
Trevor;13:11:18;16:52:56;213.3654,3146.405,3146.405;True,OffRoad,BODHI2,8,226922,1;;;
Trevor;13:11:18;16:52:56;211.6788,3141.688,3141.688;True,OffRoad,BODHI2,11,44406,1;He'll buy all the meth we can cook.;NervousRon;T1M1_GOAH
Trevor;13:11:19;16:52:57;212.5948,3135.895,3135.895;True,OffRoad,BODHI2,10,52012,0;;;
Trevor;13:11:19;16:52:57;213.3804,3131.168,3131.168;True,OffRoad,BODHI2,9,30193,1;;;
Trevor;13:11:20;16:52:58;212.5323,3125.679,3125.679;True,OffRoad,BODHI2,11,9997,1;;;
Trevor;13:11:20;16:52:58;209.5803,3119.315,3119.315;True,OffRoad,BODHI2,13,72849,0;;;
Trevor;13:11:21;16:52:59;204.3914,3115.218,3115.218;True,OffRoad,BODHI2,13,21616,1;Our enterprise ain't just about meth. It's about guns too.;TREVOR;T1M1_GOAE
Trevor;13:11:21;16:53:00;196.978,3112.163,3112.163;True,OffRoad,BODHI2,17,14086,1;;;
Trevor;13:11:22;16:53:00;187.2078,3110.09,3110.09;True,OffRoad,BODHI2,20,94704,1;;;
Trevor;13:11:22;16:53:01;176.215,3107.96,3107.96;True,OffRoad,BODHI2,20,98193,1;;;
Trevor;13:11:23;16:53:01;164.9543,3105.706,3105.706;True,OffRoad,BODHI2,22,02491,0;;;
Trevor;13:11:23;16:53:02;154.2495,3102.991,3102.991;True,OffRoad,BODHI2,21,23834,1;;;
Trevor;13:11:24;16:53:02;143.0782,3100.012,3100.012;True,OffRoad,BODHI2,22,86862,1;;;
Trevor;13:11:24;16:53:03;131.358,3096.804,3096.804;True,OffRoad,BODHI2,24,26084,1;;;
Trevor;13:11:25;16:53:03;118.7245,3092.786,3092.786;True,OffRoad,BODHI2,25,9136,1;;;
Trevor;13:11:25;16:53:04;105.209,3088.399,3088.399;True,OffRoad,BODHI2,27,13759,0;;;
Trevor;13:11:26;16:53:04;92.2705,3084.317,3084.317;True,OffRoad,BODHI2,24,70217,0;The Aztecas control the guns, so we're taking 'em out.;TREVOR;T1M1_GOAG
Trevor;13:11:26;16:53:05;80.47566,3080.724,3080.724;True,OffRoad,BODHI2,22,75075,0;;;
Trevor;13:11:27;16:53:05;70.81519,3075.152,3075.152;True,OffRoad,BODHI2,20,37868,0;;;
Trevor;13:11:28;16:53:06;62.35698,3068.843,3068.843;True,OffRoad,BODHI2,20,9261,1;;;
Trevor;13:11:28;16:53:06;53.13514,3061.708,3061.708;True,OffRoad,BODHI2,24,19894,1;;;
Trevor;13:11:29;16:53:07;42.72201,3053.403,3053.403;True,OffRoad,BODHI2,26,33079,0;;;
Trevor;13:11:29;16:53:07;32.42231,3045.286,3045.286;True,OffRoad,BODHI2,23,95994,0;;;
Trevor;13:11:30;16:53:08;23.15236,3038.028,3038.028;True,OffRoad,BODHI2,21,74806,0;;;
Trevor;13:11:30;16:53:08;14.45768,3031.288,3031.288;True,OffRoad,BODHI2,20,81665,1;;;
Trevor;13:11:31;16:53:09;5.559113,3024.284,3024.284;True,OffRoad,BODHI2,21,77236,0;;;
Trevor;13:11:31;16:53:09;-8.699068,3015.835,3015.835;True,OffRoad,BODHI2,18,55974,1;;;
Trevor;13:11:32;16:53:10;-16.50909,3010.959,3010.959;True,OffRoad,BODHI2,16,66451,1;;;
Trevor;13:11:32;16:53:10;-23.15032,3007.2,3007.2;True,OffRoad,BODHI2,9,855024,1;;;
Trevor;13:11:33;16:53:11;-25.52281,3005.885,3005.885;True,OffRoad,BODHI2,0,1133579,1;;;
Trevor;13:11:33;16:53:12;-23.69909,3007.09,3007.09;True,OffRoad,BODHI2,7,425583,1;;;
Trevor;13:11:34;16:53:12;-19.31415,3009.499,3009.499;True,OffRoad,BODHI2,9,828983,1;;;
Trevor;13:11:34;16:53:13;-15.32913,3011.193,3011.193;True,OffRoad,BODHI2,6,922016,0;;;
Trevor;13:11:35;16:53:13;-12.51238,3010.177,3010.177;True,OffRoad,BODHI2,4,703272,0;;;
Trevor;13:11:35;16:53:14;-11.52814,3008.382,3008.382;True,OffRoad,BODHI2,2,919931,1;;;
Trevor;13:11:36;16:53:14;-11.07767,3007.391,3007.391;True,OffRoad,BODHI2,1,113211,1;;;
Trevor;13:11:36;16:53:15;-11.03133,3007.197,3007.197;True,OffRoad,BODHI2,0,02184856,0;;;
Trevor;13:11:37;16:53:15;-11.03519,3007.2,3007.2;True,OffRoad,BODHI2,0,0;;;
Trevor;13:11:37;16:53:16;-11.03519,3007.2,3007.2;True,OffRoad,BODHI2,0,0;;;
Trevor;13:11:38;16:53:16;-11.03519,3007.2,3007.2;True,OffRoad,BODHI2,0,0;;;
Trevor;13:11:38;16:53:17;-11.03941,3007.195,3007.195;True,OffRoad,BODHI2,0,1475688,0;;;
Trevor;13:11:39;16:53:17;-11.0608,3007.194,3007.194;True,OffRoad,BODHI2,0,007723115,0;;;
Trevor;13:11:40;16:53:18;-11.06042,3007.194,3007.194;True,OffRoad,BODHI2,0,0;;;
Trevor;13:11:40;16:53:18;-11.06282,3007.197,3007.197;True,OffRoad,BODHI2,0,04089804,1;;;
Trevor;13:11:41;16:53:19;-11.06634,3007.194,3007.194;True,OffRoad,BODHI2,0,003758333,1;;;
Trevor;13:11:41;16:53:19;-11.06571,3007.195,3007.195;True,OffRoad,BODHI2,0,01242162,1;;;
Trevor;13:11:42;16:53:20;-11.0653,3007.195,3007.195;True,OffRoad,BODHI2,0,005711056,1;;;
Trevor;13:11:42;16:53:20;-11.06544,3007.195,3007.195;True,OffRoad,BODHI2,0,005064029,1;;;
Trevor;13:11:43;16:53:21;-11.06539,3007.195,3007.195;True,OffRoad,BODHI2,0,005242943,1;;;
Trevor;13:11:43;16:53:21;-11.06536,3007.195,3007.195;True,OffRoad,BODHI2,0,005124572,1;;;
Trevor;13:11:44;16:53:22;-11.06535,3007.195,3007.195;True,OffRoad,BODHI2,0,005104098,1;;;
Trevor;13:11:44;16:53:23;-11.06534,3007.195,3007.195;True,OffRoad,BODHI2,0,005088589,1;;;
Trevor;13:11:45;16:53:23;-11.06534,3007.195,3007.195;True,OffRoad,BODHI2,0,005114429,1;;;
Trevor;13:11:45;16:53:24;-11.06534,3007.195,3007.195;True,OffRoad,BODHI2,0,005105578,1;;;
Trevor;13:11:46;16:53:24;-11.06534,3007.195,3007.195;True,OffRoad,BODHI2,0,005062383,1;;;
Trevor;13:11:46;16:53:25;-11.06533,3007.195,3007.195;True,OffRoad,BODHI2,0,005088151,1;;;
Trevor;13:11:47;16:53:25;-11.06533,3007.195,3007.195;True,OffRoad,BODHI2,0,005107214,1;;;
Trevor;13:11:47;16:53:26;-11.06533,3007.195,3007.195;True,OffRoad,BODHI2,0,005054728,1;;;
Trevor;13:11:48;16:53:26;-11.06992,3007.203,3007.203;True,OffRoad,BODHI2,0,2768133,1;;;
Trevor;13:11:48;16:53:27;-11.54849,3008.097,3008.097;True,OffRoad,BODHI2,3,796605,1;;;
Trevor;13:11:49;16:53:27;-13.09675,3011.05,3011.05;True,OffRoad,BODHI2,9,518028,1;;;
Trevor;13:11:49;16:53:28;-15.60222,3015.86,3015.86;True,OffRoad,BODHI2,9,717123,1;;;
Trevor;13:11:50;16:53:28;-18.26129,3021.074,3021.074;True,OffRoad,BODHI2,13,66714,1;;;
Trevor;13:11:51;16:53:29;-20.6296,3023.935,3023.935;True,OffRoad,BODHI2,1,296833,1;;;
Trevor;13:11:51;16:53:29;-20.78107,3024.293,3024.293;True,OffRoad,BODHI2,1,567988,1;;;
Trevor;13:11:52;16:53:30;-20.96132,3024.732,3024.732;True,OffRoad,BODHI2,1,895903,1;;;
Trevor;13:11:52;16:53:30;-21.18817,3025.269,3025.269;True,OffRoad,BODHI2,2,312891,1;;;
Trevor;13:11:53;16:53:31;-21.47165,3025.92,3025.92;True,OffRoad,BODHI2,2,769886,1;;;
Trevor;13:11:53;16:53:31;-21.81864,3026.693,3026.693;True,OffRoad,BODHI2,3,308766,1;;;
Trevor;13:11:54;16:53:32;-22.23989,3027.603,3027.603;True,OffRoad,BODHI2,3,973512,1;;;
Trevor;13:11:54;16:53:33;-22.76315,3028.693,3028.693;True,OffRoad,BODHI2,4,599427,1;;;
Trevor;13:11:55;16:53:33;-23.36443,3029.915,3029.915;True,OffRoad,BODHI2,4,940638,1;;;
Trevor;13:11:55;16:53:34;-23.96297,3031.11,3031.11;True,OffRoad,BODHI2,4,716388,1;;;
Trevor;13:11:56;16:53:34;-24.52745,3032.229,3032.229;True,OffRoad,BODHI2,4,496403,1;;;
Trevor;13:11:56;16:53:35;-25.13453,3033.43,3033.43;True,OffRoad,BODHI2,4,315431,1;;;
Trevor;13:11:57;16:53:35;-26.31105,3035.799,3035.799;True,OffRoad,BODHI2,5,734881,1;;;
Trevor;13:11:57;16:53:36;-27.77132,3039.007,3039.007;True,OffRoad,BODHI2,7,691749,1;;;
Trevor;13:11:58;16:53:36;-29.62267,3043.533,3043.533;True,OffRoad,BODHI2,11,0161,0;Arghhh! Fuck!;TREVOR;T1M1_EEAA
Trevor;13:11:58;16:53:37;-31.37926,3048.517,3048.517;True,OffRoad,BODHI2,8,973664,0;;;
Trevor;13:11:59;16:53:37;-32.2599,3051.508,3051.508;True,OffRoad,BODHI2,3,96812,-1;;;
Trevor;13:11:59;16:53:38;-32.45132,3052.243,3052.243;True,OffRoad,BODHI2,0,1808718,-1;;;
Trevor;13:12:00;16:53:38;-32.39116,3052.197,3052.197;True,OffRoad,BODHI2,0,09261555,0;;;
Trevor;13:12:01;16:53:39;-32.61825,3052.991,3052.991;True,OffRoad,BODHI2,3,776329,1;;;
Trevor;13:12:01;16:53:39;-33.63102,3056.389,3056.389;True,OffRoad,BODHI2,11,07936,1;Ortega, you fuck!!!;TREVOR;T1M1_GKAA
Trevor;13:12:02;16:53:40;-35.1964,3061.653,3061.653;True,OffRoad,BODHI2,12,16277,1;;;
Trevor;13:12:02;16:53:40;-37.29628,3068.513,3068.513;True,OffRoad,BODHI2,16,90309,1;;;
Trevor;13:12:03;16:53:41;-38.56134,3074.47,3074.47;True,OffRoad,BODHI2,9,534546,1;;;
Trevor;13:12:03;16:53:41;-38.33178,3077.495,3077.495;True,OffRoad,BODHI2,0,2109295,0;;;
Trevor;13:12:04;16:53:42;-40.12016,3077.313,3077.313;;;;
Trevor;13:12:04;16:53:42;-40.12016,3077.313,3077.313;;;;
Trevor;13:12:05;16:53:43;-40.12016,3077.313,3077.313;;;;
Trevor;13:12:05;16:53:44;-40.12016,3077.313,3077.313;;;;
Trevor;13:12:06;16:53:44;-41.04671,3084.827,3084.827;;;;
Trevor;13:12:06;16:53:45;-41.22142,3085.034,3085.034;;;;
Trevor;13:12:07;16:53:45;-41.40736,3089.664,3089.664;;;;
Trevor;13:12:07;16:53:46;-41.46812,3089.646,3089.646;;;;
Trevor;13:12:08;16:53:46;-41.46611,3089.625,3089.625;;;;
Trevor;13:12:08;16:53:47;-41.39033,3089.682,3089.682;;;;
Trevor;13:12:09;16:53:47;-41.44272,3089.689,3089.689;;;;
Trevor;13:12:09;16:53:48;-41.54946,3089.649,3089.649;;;;
Trevor;13:12:10;16:53:48;-41.57314,3089.619,3089.619;;What the fuck, Trevor?;Cutscene;Cutscene
Trevor;13:12:10;16:53:49;-41.44538,3089.748,3089.748;;;;
Trevor;13:12:11;16:53:49;-41.52794,3089.781,3089.781;;;;
Trevor;13:12:11;16:53:50;-41.64798,3089.733,3089.733;;;;
Trevor;13:12:12;16:53:50;-41.58189,3089.91,3089.91;;This is the fuck, my soggy friend.;Cutscene;Cutscene
Trevor;13:12:13;16:53:51;-41.6438,3090.009,3090.009;;;;
Trevor;13:12:13;16:53:51;-41.90739,3090.013,3090.013;;;;
Trevor;13:12:14;16:53:52;-42.00172,3090.181,3090.181;;;;
Trevor;13:12:14;16:53:52;-42.1154,3090.401,3090.401;;;;
Trevor;13:12:15;16:53:53;-42.37598,3090.428,3090.428;;;;
Trevor;13:12:15;16:53:53;-42.50096,3090.457,3090.457;;You are out of business.;Cutscene;Cutscene
Trevor;13:12:16;16:53:54;-42.48682,3090.703,3090.703;;;;
Trevor;13:12:16;16:53:54;-42.59324,3090.788,3090.788;;;;
Trevor;13:12:17;16:53:55;-42.83254,3090.791,3090.791;;;;
Trevor;13:12:17;16:53:56;-42.84109,3090.971,3090.971;;The Lost MC are out of business.;Cutscene;Cutscene
Trevor;13:12:18;16:53:56;-42.85225,3091.142,3091.142;;;;
Trevor;13:12:18;16:53:57;-42.97591,3091.136,3091.136;;;;
Trevor;13:12:19;16:53:57;-43.16389,3091.168,3091.168;;;;
Trevor;13:12:19;16:53:58;-43.13427,3091.397,3091.397;;;;
Trevor;13:12:20;16:53:58;-43.1538,3091.524,3091.524;;;;
Trevor;13:12:20;16:53:59;-43.36473,3091.533,3091.533;;The guns and crank in this area go through Trevor Philips Enterprise,;Cutscene;Cutscene
Trevor;13:12:21;16:53:59;-43.50119,3091.573,3091.573;;;;
Trevor;13:12:21;16:54:00;-43.477,3091.761,3091.761;;;;
Trevor;13:12:22;16:54:00;-43.47844,3091.921,3091.921;;;;
Trevor;13:12:22;16:54:01;-43.59516,3091.93,3091.93;;;;
Trevor;13:12:23;16:54:01;-43.76715,3091.923,3091.923;;;;
Trevor;13:12:23;16:54:02;-43.73633,3092.047,3092.047;;;;
Trevor;13:12:24;16:54:02;-43.66663,3092.198,3092.198;;;;
Trevor;13:12:25;16:54:03;-43.76987,3092.272,3092.272;;;;
Trevor;13:12:25;16:54:03;-43.99501,3092.343,3092.343;;or they ain't going.;Cutscene;Cutscene
Trevor;13:12:26;16:54:04;-44.0033,3092.58,3092.58;;;;
Trevor;13:12:26;16:54:04;-44.09136,3092.837,3092.837;;;;
Trevor;13:12:27;16:54:05;-44.37516,3092.967,3092.967;;;;
Trevor;13:12:27;16:54:05;-44.34513,3093.112,3093.112;;Saying something don't make it true.;Cutscene;Cutscene
Trevor;13:12:28;16:54:06;-44.25153,3093.224,3093.224;;;;
Trevor;13:12:28;16:54:06;-44.40477,3093.14,3093.14;;;;
Trevor;13:12:29;16:54:07;-44.40641,3093.132,3093.132;;;;
Trevor;13:12:29;16:54:08;-44.32776,3093.166,3093.166;;;;
Trevor;13:12:30;16:54:08;-45.77,3094.91,3094.91;;;;
Trevor;13:12:30;16:54:09;-45.77,3094.91,3094.91;;;;
Trevor;13:12:31;16:54:09;-45.77,3094.91,3094.91;;;;
Trevor;13:12:31;16:54:10;-45.77,3094.91,3094.91;;;;
Trevor;13:12:32;16:54:10;-45.7944,3094.982,3094.982;;This is happening!;TREVOR;T1M1_AAAA
Trevor;13:12:32;16:54:11;-45.87176,3095.208,3095.208;;;;
Trevor;13:12:33;16:54:11;-45.94473,3095.346,3095.346;;;;
Trevor;13:12:33;16:54:12;-46.11005,3095.658,3095.658;;;;
Trevor;13:12:34;16:54:12;-46.11005,3095.658,3095.658;;;;
Trevor;13:12:34;16:54:13;-46.11003,3095.658,3095.658;;I'll go away, man. But my people...;ORTEGA;T1M1_GGAA
Trevor;13:12:35;16:54:13;-46.11003,3095.658,3095.658;;;;
Trevor;13:12:35;16:54:14;-46.11003,3095.658,3095.658;;;;
Trevor;13:12:36;16:54:14;-46.11003,3095.658,3095.658;;;;
Trevor;13:12:37;16:54:15;-46.11003,3095.658,3095.658;;;;
Trevor;13:12:37;16:54:15;-46.11003,3095.658,3095.658;;;;
Trevor;13:12:38;16:54:16;-46.11003,3095.658,3095.658;;;;
Trevor;13:12:38;16:54:16;-46.11003,3095.658,3095.658;;;;
Trevor;13:12:39;16:54:17;-46.10995,3095.658,3095.658;;;;
Trevor;13:12:39;16:54:17;-46.10991,3095.658,3095.658;;You sure you wanna do this?;NervousRon;T1M1_GHAA
Trevor;13:12:40;16:54:18;-46.10992,3095.658,3095.658;;;;
Trevor;13:12:40;16:54:18;-46.09132,3095.582,3095.582;;;;
Trevor;13:12:41;16:54:19;-45.78308,3094.971,3094.971;;;;
Trevor;13:12:41;16:54:20;-45.72307,3094.866,3094.866;;I thought you was crazy, man, not stupid!;ORTEGA;T1M1_GGAA
Trevor;13:12:42;16:54:20;-45.72305,3094.866,3094.866;;;;
Trevor;13:12:42;16:54:21;-45.72305,3094.866,3094.866;;;;
Trevor;13:12:43;16:54:21;-45.72305,3094.866,3094.866;;;;
Trevor;13:12:43;16:54:22;-45.78014,3094.804,3094.804;;That feels better!!!;TREVOR;T1M1_GLAA
Trevor;13:12:44;16:54:22;-46.39019,3094.24,3094.24;;;;
Trevor;13:12:44;16:54:23;-47.65636,3093.125,3093.125;;;;
Trevor;13:12:45;16:54:23;-49.05571,3091.62,3091.62;;;;
Trevor;13:12:45;16:54:24;-50.36421,3091.199,3091.199;;;;
Trevor;13:12:46;16:54:24;-49.96841,3092.553,3092.553;;;;
Trevor;13:12:46;16:54:25;-48.82117,3092.259,3092.259;;;;
Trevor;13:12:47;16:54:25;-48.59024,3090.826,3090.826;;;;
Trevor;13:12:48;16:54:26;-47.57061,3089.314,3089.314;;;;
Trevor;13:12:48;16:54:26;-47.39895,3089.102,3089.102;;;;
Trevor;13:12:49;16:54:27;-47.27694,3088.951,3088.951;;;;
Trevor;13:12:49;16:54:27;-47.15334,3088.798,3088.798;;;;
Trevor;13:12:50;16:54:28;-46.98631,3088.59,3088.59;;;;
Trevor;13:12:50;16:54:28;-45.77799,3087.298,3087.298;;;;
Trevor;13:12:51;16:54:29;-43.54161,3085.518,3085.518;;I guess he don't run nothing no more...;NervousRon;T1M1_HCAA
Trevor;13:12:51;16:54:29;-42.10823,3084.307,3084.307;;;;
Trevor;13:12:52;16:54:30;-40.90823,3082.962,3082.962;;;;
Trevor;13:12:52;16:54:30;-41.55632,3082.484,3082.484;;;;
Trevor;13:12:53;16:54:31;-41.11356,3082.66,3082.66;;;;
Trevor;13:12:53;16:54:32;-39.80569,3082.158,3082.158;True,OffRoad,BODHI2,0,05676379,0;;;
Trevor;13:12:54;16:54:32;-39.88293,3082.108,3082.108;True,OffRoad,BODHI2,0,9882717,-1;;;
Trevor;13:12:54;16:54:33;-40.39704,3081.119,3081.119;True,OffRoad,BODHI2,3,430743,-1;Come on, T. Let's go.;NervousRon;T1M1_HBAA
Trevor;13:12:55;16:54:33;-40.70877,3079.875,3079.875;True,OffRoad,BODHI2,1,788672,-1;;;
Trevor;13:12:55;16:54:34;-40.78039,3078.791,3078.791;True,OffRoad,BODHI2,2,595278,-1;;;
Trevor;13:12:56;16:54:34;-40.94926,3077.186,3077.186;True,OffRoad,BODHI2,3,867101,-1;;;
Trevor;13:12:56;16:54:35;-41.51162,3075.461,3075.461;True,OffRoad,BODHI2,1,721434,0;;;
Trevor;13:12:57;16:54:35;-41.24775,3075.691,3075.691;True,OffRoad,BODHI2,2,306385,1;;;
Trevor;13:12:57;16:54:36;-39.64509,3076.43,3076.43;True,OffRoad,BODHI2,4,013254,0;;;
Trevor;13:12:58;16:54:36;-37.76566,3076.268,3076.268;True,OffRoad,BODHI2,4,020395,1;;;
Trevor;13:12:58;16:54:37;-35.53463,3075.397,3075.397;True,OffRoad,BODHI2,6,296761,1;;;
Trevor;13:12:59;16:54:37;-33.34724,3072.827,3072.827;True,OffRoad,BODHI2,6,645495,0;;;
Trevor;13:13:00;16:54:38;-33.16187,3069.669,3069.669;True,OffRoad,BODHI2,7,418611,1;;;
Trevor;13:13:00;16:54:38;-35.01244,3064.775,3064.775;True,OffRoad,BODHI2,11,54484,1;;;
Trevor;13:13:01;16:54:39;-35.54467,3060.072,3060.072;True,OffRoad,BODHI2,7,921078,1;;;
Trevor;13:13:01;16:54:39;-34.13687,3056.049,3056.049;True,OffRoad,BODHI2,10,13333,1;;;
Trevor;13:13:02;16:54:40;-32.76227,3051.126,3051.126;True,OffRoad,BODHI2,9,19692,0;;;
Trevor;13:13:02;16:54:40;-31.63712,3047.126,3047.126;True,OffRoad,BODHI2,6,915987,0;;;
Trevor;13:13:03;16:54:41;-30.74797,3044.198,3044.198;True,OffRoad,BODHI2,4,51843,0;;;
Trevor;13:13:03;16:54:41;-29.66449,3042.717,3042.717;True,OffRoad,BODHI2,2,63213,0;;;
Trevor;13:13:04;16:54:42;-28.43787,3041.837,3041.837;True,OffRoad,BODHI2,3,911802,0;;;
Trevor;13:13:04;16:54:43;-27.61763,3041.523,3041.523;True,OffRoad,BODHI2,0,508592,-1;;;
Trevor;13:13:05;16:54:43;-28.2004,3042.253,3042.253;True,OffRoad,BODHI2,2,704713,0;Ughh... This is an unprecedented turn of events.;NervousRon;T1M1_EIAA
Trevor;13:13:05;16:54:44;-28.43964,3042.362,3042.362;True,OffRoad,BODHI2,0,9891418,1;;;
Trevor;13:13:06;16:54:44;-27.03889,3042.148,3042.148;True,OffRoad,BODHI2,4,679231,1;;;
Trevor;13:13:06;16:54:45;-23.47367,3042.725,3042.725;True,OffRoad,BODHI2,9,120116,1;;;
Trevor;13:13:07;16:54:45;-18.15578,3043.962,3043.962;True,OffRoad,BODHI2,10,02826,0;;;
Trevor;13:13:07;16:54:46;-12.86615,3044.019,3044.019;True,OffRoad,BODHI2,11,19408,1;;;
Trevor;13:13:08;16:54:46;-6.305364,3043.948,3043.948;True,OffRoad,BODHI2,13,79941,1;;;
Trevor;13:13:08;16:54:47;1.582923,3044.831,3044.831;True,OffRoad,BODHI2,16,0993,1;I always said I was gonna take over.;TREVOR;T1M1_EIAB
Trevor;13:13:09;16:54:47;10.29788,3046.793,3046.793;True,OffRoad,BODHI2,18,11117,1;;;
Trevor;13:13:09;16:54:48;19.70207,3050.034,3050.034;True,OffRoad,BODHI2,20,23197,1;;;
Trevor;13:13:10;16:54:48;29.66895,3054.855,3054.855;True,OffRoad,BODHI2,22,28596,1;;;
Trevor;13:13:10;16:54:49;39.46939,3060.236,3060.236;True,OffRoad,BODHI2,20,74022,0;People say all kinds of stuff when they're three days into a smoking party.;NervousRon;T1M1_EIAC
Trevor;13:13:11;16:54:49;49.19054,3065.777,3065.777;True,OffRoad,BODHI2,22,10143,1;;;
Trevor;13:13:12;16:54:50;59.11707,3073.011,3073.011;True,OffRoad,BODHI2,24,52012,1;;;
Trevor;13:13:12;16:54:50;69.83466,3081.487,3081.487;True,OffRoad,BODHI2,26,67899,0;;;
Trevor;13:13:13;16:54:51;80.24972,3090.118,3090.118;True,OffRoad,BODHI2,26,22351,1;;;
Trevor;13:13:13;16:54:51;90.00966,3099.953,3099.953;True,OffRoad,BODHI2,27,4372,1;;;
Trevor;13:13:14;16:54:52;100.1237,3110.545,3110.545;True,OffRoad,BODHI2,28,12758,1;;;
Trevor;13:13:14;16:54:52;110.0012,3121.587,3121.587;True,OffRoad,BODHI2,28,47908,1;;;
Trevor;13:13:15;16:54:53;119.2894,3132.631,3132.631;True,OffRoad,BODHI2,27,18087,1;;;
Trevor;13:13:15;16:54:53;127.4468,3144.248,3144.248;True,OffRoad,BODHI2,26,15766,0;;;
Trevor;13:13:16;16:54:54;134.8293,3156.222,3156.222;True,OffRoad,BODHI2,27,79206,1;You calling me a bullshitter, friend?;TREVOR;T1M1_EIAD
Trevor;13:13:16;16:54:55;143.3821,3168.574,3168.574;True,OffRoad,BODHI2,29,1501,1;;;
Trevor;13:13:17;16:54:55;152.5063,3180.625,3180.625;True,OffRoad,BODHI2,28,08526,0;;;
Trevor;13:13:17;16:54:56;160.4461,3192.932,3192.932;True,OffRoad,BODHI2,28,12139,0;;;
Trevor;13:13:18;16:54:56;166.0952,3205.827,3205.827;True,OffRoad,BODHI2,26,14781,0;;;
Trevor;13:13:18;16:54:57;170.2359,3218.509,3218.509;True,OffRoad,BODHI2,25,4499,0;Clearly not. No way.;NervousRon;T1M1_EIAE
Trevor;13:13:19;16:54:57;175.2693,3230.781,3230.781;True,OffRoad,BODHI2,24,70827,0;;;
Trevor;13:13:19;16:54:58;182.1447,3241.53,3241.53;True,OffRoad,BODHI2,24,21225,0;;;
Trevor;13:13:20;16:54:58;190.8215,3250.856,3250.856;True,OffRoad,BODHI2,25,1628,0;;;
Trevor;13:13:20;16:54:59;200.7274,3258.489,3258.489;True,OffRoad,BODHI2,22,63699,0;;;
Trevor;13:13:21;16:54:59;210.4359,3264.204,3264.204;True,OffRoad,BODHI2,20,37841,0;You're a man of your word. As evidenced by said events.;NervousRon;T1M1_EIAY
Trevor;13:13:21;16:55:00;218.2375,3271.617,3271.617;True,OffRoad,BODHI2,21,04821,1;;;
Trevor;13:13:22;16:55:00;223.6116,3281.69,3281.69;True,OffRoad,BODHI2,22,85053,1;;;
Trevor;13:13:23;16:55:01;227.6653,3293.197,3293.197;True,OffRoad,BODHI2,24,26327,1;;;
Trevor;13:13:23;16:55:01;231.4412,3305.713,3305.713;True,OffRoad,BODHI2,25,63837,1;;;
Trevor;13:13:24;16:55:02;236.3036,3318.429,3318.429;True,OffRoad,BODHI2,26,89475,1;;;
Trevor;13:13:24;16:55:02;241.8603,3331.467,3331.467;True,OffRoad,BODHI2,28,00688,1;;;
Trevor;13:13:25;16:55:03;248.6878,3344.544,3344.544;True,OffRoad,BODHI2,29,09875,1;If I say something is going to happen, it's going to.;TREVOR;T1M1_EIAF
Trevor;13:13:25;16:55:03;256.0546,3358.22,3358.22;True,OffRoad,BODHI2,29,99821,1;;;
Trevor;13:13:26;16:55:04;263.8809,3371.781,3371.781;True,OffRoad,BODHI2,30,65512,1;;;
Trevor;13:13:26;16:55:04;273.0766,3385.031,3385.031;True,OffRoad,BODHI2,31,09937,0;;;
Trevor;13:13:27;16:55:05;282.4286,3397.598,3397.598;True,OffRoad,BODHI2,29,50645,1;;;
Trevor;13:13:27;16:55:05;292.9555,3408.884,3408.884;True,OffRoad,BODHI2,30,17773,1;;;
Trevor;13:13:28;16:55:06;304.8509,3419.323,3419.323;True,OffRoad,BODHI2,30,93567,1;;;
Trevor;13:13:28;16:55:07;317.3006,3429.893,3429.893;True,OffRoad,BODHI2,31,61601,1;Maybe not today, or tomorrow, but as soon as the moment is opportune.;TREVOR;T1M1_EIAS
Trevor;13:13:29;16:55:07;330.5515,3439.887,3439.887;True,OffRoad,BODHI2,32,7459,1;;;
Trevor;13:13:29;16:55:08;345.3885,3448.938,3448.938;True,OffRoad,BODHI2,33,51464,1;;;
Trevor;13:13:30;16:55:08;361.5304,3456.245,3456.245;True,OffRoad,BODHI2,34,11998,1;;;
Trevor;13:13:30;16:55:09;377.752,3463.856,3463.856;True,OffRoad,BODHI2,34,69765,1;;;
Trevor;13:13:31;16:55:09;394.5111,3470.823,3470.823;True,OffRoad,BODHI2,35,17509,1;;;
Trevor;13:13:31;16:55:10;412.1819,3475.701,3475.701;True,OffRoad,BODHI2,35,53859,1;;;
Trevor;13:13:32;16:55:10;430.5187,3479.649,3479.649;True,OffRoad,BODHI2,35,85726,1;;;
Trevor;13:13:32;16:55:11;448.8935,3484.019,3484.019;True,OffRoad,BODHI2,37,30872,1;;;
Trevor;13:13:33;16:55:11;467.7948,3488.714,3488.714;True,OffRoad,BODHI2,37,80321,1;;;
Trevor;13:13:33;16:55:12;487.0724,3492.556,3492.556;True,OffRoad,BODHI2,37,86643,1;Understood. Yes, sir.;NervousRon;T1M1_EIAG
Trevor;13:13:34;16:55:12;506.9566,3495.458,3495.458;True,OffRoad,BODHI2,37,96949,1;;;
Trevor;13:13:35;16:55:13;526.5727,3498.219,3498.219;True,OffRoad,BODHI2,38,18177,1;;;
Trevor;13:13:35;16:55:13;546.5283,3500.983,3500.983;True,OffRoad,BODHI2,38,38733,1;;;
Trevor;13:13:36;16:55:14;566.2094,3503.661,3503.661;True,OffRoad,BODHI2,38,4057,1;;;
Trevor;13:13:36;16:55:14;586.1091,3506.364,3506.364;True,OffRoad,BODHI2,38,42308,1;If I say, I'm fucking dead, then fucking dead I am.;TREVOR;T1M1_EIAH
Trevor;13:13:37;16:55:15;605.7233,3509.027,3509.027;True,OffRoad,BODHI2,38,42873,1;;;
Trevor;13:13:37;16:55:15;625.4348,3511.703,3511.703;True,OffRoad,BODHI2,38,43604,1;;;
Trevor;13:13:38;16:55:16;644.5912,3514.3,3514.3;True,OffRoad,BODHI2,36,22911,1;;;
Trevor;13:13:38;16:55:16;663.5094,3516.756,3516.756;True,OffRoad,BODHI2,36,48003,1;;;
Trevor;13:13:39;16:55:17;682.6013,3518.34,3518.34;True,OffRoad,BODHI2,36,68791,1;;;
Trevor;13:13:39;16:55:17;701.902,3520.734,3520.734;True,OffRoad,BODHI2,36,93291,1;;;
Trevor;13:13:40;16:55:18;721.2252,3522.698,3522.698;True,OffRoad,BODHI2,37,11369,1;I'm not going to raise my balding head on a beach in ten years' time, saying "all is well".;TREVOR;T1M1_EIAT
Trevor;13:13:40;16:55:19;740.6553,3524.476,3524.476;True,OffRoad,BODHI2,37,35385,1;;;
Trevor;13:13:41;16:55:19;759.9374,3526.265,3526.265;True,OffRoad,BODHI2,37,5006,1;;;
Trevor;13:13:41;16:55:20;779.2845,3528.798,3528.798;True,OffRoad,BODHI2,37,61711,1;;;
Trevor;13:13:42;16:55:20;798.7841,3530.958,3530.958;True,OffRoad,BODHI2,37,80196,1;;;
Trevor;13:13:42;16:55:21;818.7507,3532.631,3532.631;True,OffRoad,BODHI2,38,00068,1;;;
Trevor;13:13:43;16:55:21;838.6564,3534.25,3534.25;True,OffRoad,BODHI2,38,36084,1;;;
Trevor;13:13:43;16:55:22;858.6757,3535.681,3535.681;True,OffRoad,BODHI2,38,48708,1;;;
Trevor;13:13:44;16:55:22;878.718,3536.069,3536.069;True,OffRoad,BODHI2,38,58596,1;;;
Trevor;13:13:44;16:55:23;898.5704,3535.162,3535.162;True,OffRoad,BODHI2,38,92398,1;;;
Trevor;13:13:45;16:55:23;919.1537,3534.306,3534.306;True,OffRoad,BODHI2,39,51098,1;Is this about the ghost?;NervousRon;T1M1_EIAI
Trevor;13:13:45;16:55:24;939.687,3534.05,3534.05;True,OffRoad,BODHI2,39,59052,1;;;
Trevor;13:13:46;16:55:24;960.5048,3533.798,3533.798;True,OffRoad,BODHI2,39,73558,1;;;
Trevor;13:13:47;16:55:25;981.4194,3533.895,3533.895;True,OffRoad,BODHI2,39,92182,1;Michael fucking Townley. Yes it is.;TREVOR;T1M1_EIAJ
Trevor;13:13:47;16:55:25;1002.267,3534.468,3534.468;True,OffRoad,BODHI2,39,93833,1;;;
Trevor;13:13:48;16:55:26;1023.115,3533.951,3533.951;True,OffRoad,BODHI2,39,98209,1;;;
Trevor;13:13:48;16:55:26;1044.049,3533.468,3533.468;True,OffRoad,BODHI2,39,96287,1;;;
Trevor;13:13:49;16:55:27;1064.994,3533.975,3533.975;True,OffRoad,BODHI2,39,93852,1;You told me about him. Your old running buddy. And who was the other one?;NervousRon;T1M1_EIAK
Trevor;13:13:49;16:55:27;1085.985,3534.041,3534.041;True,OffRoad,BODHI2,39,90222,1;;;
Trevor;13:13:50;16:55:28;1106.416,3533.611,3533.611;True,OffRoad,BODHI2,38,30044,0;;;
Trevor;13:13:50;16:55:28;1125.51,3533.182,3533.182;True,OffRoad,BODHI2,35,68129,0;;;
Trevor;13:13:51;16:55:29;1143.549,3532.85,3532.85;True,OffRoad,BODHI2,33,12714,0;;;
Trevor;13:13:51;16:55:29;1160.019,3533.115,3533.115;True,OffRoad,BODHI2,30,71479,0;;;
Trevor;13:13:52;16:55:30;1175.345,3533.532,3533.532;True,OffRoad,BODHI2,28,39337,0;;;
Trevor;13:13:52;16:55:31;1189.785,3533.925,3533.925;True,OffRoad,BODHI2,27,51572,0;;;
Trevor;13:13:53;16:55:31;1203.808,3533.894,3533.894;True,OffRoad,BODHI2,27,11604,1;;;
Trevor;13:13:53;16:55:32;1218.067,3533.202,3533.202;True,OffRoad,BODHI2,28,05635,1;;;
Trevor;13:13:54;16:55:32;1232.88,3533.253,3533.253;True,OffRoad,BODHI2,28,93487,1;Brad was the other one. He's locked up in a Federal penitentiary.;TREVOR;T1M1_EIAL
Trevor;13:13:54;16:55:33;1248.162,3534.125,3534.125;True,OffRoad,BODHI2,29,59714,1;;;
Trevor;13:13:55;16:55:33;1263.723,3536.365,3536.365;True,OffRoad,BODHI2,30,38944,1;;;
Trevor;13:13:55;16:55:34;1279.085,3540.082,3540.082;True,OffRoad,BODHI2,30,85791,1;;;
Trevor;13:13:56;16:55:34;1294.247,3545.092,3545.092;True,OffRoad,BODHI2,30,03087,0;;;
Trevor;13:13:56;16:55:35;1308.302,3550.583,3550.583;True,OffRoad,BODHI2,28,25435,0;;;
Trevor;13:13:57;16:55:35;1321.667,3556.034,3556.034;True,OffRoad,BODHI2,27,04803,0;;;
Trevor;13:13:57;16:55:36;1335.184,3560.537,3560.537;True,OffRoad,BODHI2,27,92532,1;When he finds out Michael survived that job...;TREVOR;T1M1_EIAU
Trevor;13:13:58;16:55:36;1348.806,3566.298,3566.298;True,OffRoad,BODHI2,28,69756,1;;;
Trevor;13:13:58;16:55:37;1362.957,3571.681,3571.681;True,OffRoad,BODHI2,29,59555,1;;;
Trevor;13:13:59;16:55:37;1377.738,3576.607,3576.607;True,OffRoad,BODHI2,30,35211,1;;;
Trevor;13:14:00;16:55:38;1392.993,3581.675,3581.675;True,OffRoad,BODHI2,31,09892,1;;;
Trevor;13:14:00;16:55:38;1408.089,3586.669,3586.669;True,OffRoad,BODHI2,29,47467,0;Yeah. What do you think happened?;NervousRon;T1M1_EIAM
Trevor;13:14:01;16:55:39;1422.716,3591.499,3591.499;True,OffRoad,BODHI2,29,8845,1;;;
Trevor;13:14:01;16:55:39;1437.428,3596.73,3596.73;True,OffRoad,BODHI2,30,46912,1;;;
Trevor;13:14:02;16:55:40;1452.564,3602.138,3602.138;True,OffRoad,BODHI2,31,10303,1;;;
Trevor;13:14:02;16:55:40;1467.698,3607.812,3607.812;True,OffRoad,BODHI2,31,71812,1;;;
Trevor;13:14:03;16:55:41;1483.342,3613.77,3613.77;True,OffRoad,BODHI2,32,49384,1;;;
Trevor;13:14:03;16:55:41;1499.643,3619.288,3619.288;True,OffRoad,BODHI2,32,20192,0;If I knew what happened, I wouldn't be bemoaning these last ten years;TREVOR;T1M1_EIAN
Trevor;13:14:04;16:55:42;1514.719,3624.458,3624.458;True,OffRoad,BODHI2,29,88483,0;;;
Trevor;13:14:04;16:55:42;1528.657,3630.175,3630.175;True,OffRoad,BODHI2,27,53821,0;;;
Trevor;13:14:05;16:55:43;1540.901,3636.373,3636.373;True,OffRoad,BODHI2,25,38305,0;;;
Trevor;13:14:05;16:55:44;1552.088,3642.141,3642.141;True,OffRoad,BODHI2,23,30909,0;;;
Trevor;13:14:06;16:55:44;1562.094,3647.885,3647.885;True,OffRoad,BODHI2,21,19673,0;;;
Trevor;13:14:06;16:55:45;1571.651,3653.717,3653.717;True,OffRoad,BODHI2,22,08739,1;;;
Trevor;13:14:07;16:55:45;1581.981,3658.891,3658.891;True,OffRoad,BODHI2,21,46761,0;;;
Trevor;13:14:07;16:55:46;1591.875,3661.917,3661.917;True,OffRoad,BODHI2,18,82283,0;;;
Trevor;13:14:08;16:55:46;1600.865,3660.693,3660.693;True,OffRoad,BODHI2,16,90797,1;;;
Trevor;13:14:08;16:55:47;1608.703,3655.247,3655.247;True,OffRoad,BODHI2,20,34687,1;I've spent in ignorance.;TREVOR;T1M1_EIAV
Trevor;13:14:09;16:55:47;1616.988,3647.465,3647.465;True,OffRoad,BODHI2,22,52558,1;;;
Trevor;13:14:09;16:55:48;1622.998,3638.302,3638.302;True,OffRoad,BODHI2,19,85908,0;;;
Trevor;13:14:10;16:55:48;1626.932,3629.491,3629.491;True,OffRoad,BODHI2,17,99413,1;;;
Trevor;13:14:10;16:55:49;1631.928,3621.768,3621.768;True,OffRoad,BODHI2,16,82579,0;Some say ignorance is bliss.;NervousRon;T1M1_EIAO
Trevor;13:14:11;16:55:49;1638.525,3616.126,3616.126;True,OffRoad,BODHI2,17,7146,1;;;
Trevor;13:14:11;16:55:50;1647.563,3612.911,3612.911;True,OffRoad,BODHI2,19,00526,1;;;
Trevor;13:14:12;16:55:50;1657.569,3614.435,3614.435;True,OffRoad,BODHI2,20,16821,1;;;
Trevor;13:14:13;16:55:51;1668.297,3617.522,3617.522;True,OffRoad,BODHI2,22,07652,1;;;
Trevor;13:14:13;16:55:51;1678.636,3622.088,3622.088;True,OffRoad,BODHI2,20,71707,0;For a man with an interest, some may say obsession,;TREVOR;T1M1_EIAP
Trevor;13:14:14;16:55:52;1687.849,3628.109,3628.109;True,OffRoad,BODHI2,21,89579,1;;;
Trevor;13:14:14;16:55:52;1697.276,3634.911,3634.911;True,OffRoad,BODHI2,23,1699,1;;;
Trevor;13:14:15;16:55:53;1708.211,3641.074,3641.074;True,OffRoad,BODHI2,24,57622,1;;;
Trevor;13:14:15;16:55:53;1719.731,3647.109,3647.109;True,OffRoad,BODHI2,25,96006,1;;;
Trevor;13:14:16;16:55:54;1731.722,3653.855,3653.855;True,OffRoad,BODHI2,27,08889,1;;;
Trevor;13:14:16;16:55:54;1744.234,3661.32,3661.32;True,OffRoad,BODHI2,28,56896,1;;;
Trevor;13:14:17;16:55:55;1757.668,3668.433,3668.433;True,OffRoad,BODHI2,29,60562,1;with the secret truth kept hidden behind historical events,;TREVOR;T1M1_EIAW
Trevor;13:14:17;16:55:56;1771.568,3675.867,3675.867;True,OffRoad,BODHI2,30,5243,1;;;
Trevor;13:14:18;16:55:56;1785.594,3683.789,3683.789;True,OffRoad,BODHI2,31,16981,1;;;
Trevor;13:14:18;16:55:57;1799.148,3691.71,3691.71;True,OffRoad,BODHI2,29,35588,1;;;
Trevor;13:14:19;16:55:57;1812.375,3699.593,3699.593;True,OffRoad,BODHI2,30,13556,1;;;
Trevor;13:14:19;16:55:58;1826.192,3707.648,3707.648;True,OffRoad,BODHI2,31,0814,1;;;
Trevor;13:14:20;16:55:58;1840.271,3715.578,3715.578;True,OffRoad,BODHI2,31,93393,1;that's a really weird thing to say.;TREVOR;T1M1_EIAX
Trevor;13:14:20;16:55:59;1855.016,3723.871,3723.871;True,OffRoad,BODHI2,32,72039,1;;;
Trevor;13:14:21;16:55:59;1870.116,3732.345,3732.345;True,OffRoad,BODHI2,33,70851,1;;;
Trevor;13:14:21;16:56:00;1885.219,3741.357,3741.357;True,OffRoad,BODHI2,32,51015,0;;;
Trevor;13:14:22;16:56:00;1898.795,3750.267,3750.267;True,OffRoad,BODHI2,30,20558,0;;;
Trevor;13:14:22;16:56:01;1911.742,3758.028,3758.028;True,OffRoad,BODHI2,27,96107,0;;;
Trevor;13:14:23;16:56:01;1924.178,3765.168,3765.168;True,OffRoad,BODHI2,25,73207,0;I was trying to console you.;NervousRon;T1M1_EIAQ
Trevor;13:14:23;16:56:02;1935.294,3771.544,3771.544;True,OffRoad,BODHI2,23,60146,0;;;
Trevor;13:14:24;16:56:02;1944.843,3777.934,3777.934;True,OffRoad,BODHI2,21,12929,0;;;
Trevor;13:14:25;16:56:03;1951.057,3784.158,3784.158;True,OffRoad,BODHI2,10,58786,0;;;
Trevor;13:14:25;16:56:03;1952.736,3786.021,3786.021;True,OffRoad,BODHI2,0,4791844,0;;;
Trevor;13:14:26;16:56:04;1952.652,3786.053,3786.053;True,OffRoad,BODHI2,0,01147902,0;I don't need consolation, I need answers from that fat chump!;TREVOR;T1M1_EIAR
Trevor;13:14:26;16:56:04;1952.654,3786.052,3786.052;True,OffRoad,BODHI2,0,0;;;
Trevor;13:14:27;16:56:05;1952.654,3786.052,3786.052;True,OffRoad,BODHI2,0,0;;;
Trevor;13:14:27;16:56:05;1952.654,3786.052,3786.052;True,OffRoad,BODHI2,0,0;;;
Trevor;13:14:28;16:56:06;1952.654,3786.052,3786.052;True,OffRoad,BODHI2,0,0;;;
Trevor;13:14:28;16:56:06;1952.654,3786.052,3786.052;True,OffRoad,BODHI2,0,0;;;
Trevor;13:14:29;16:56:07;1952.654,3786.052,3786.052;True,OffRoad,BODHI2,0,0;;;
Trevor;13:14:29;16:56:07;1952.654,3786.052,3786.052;True,OffRoad,BODHI2,0,0;;;
Trevor;13:14:30;16:56:08;1952.654,3786.052,3786.052;True,OffRoad,BODHI2,0,0;;;
Trevor;13:14:30;16:56:09;1950.761,3786.701,3786.701;;Get out of the car Ron,;Cutscene;Cutscene
Trevor;13:14:31;16:56:09;1950.768,3786.7,3786.7;;;;
Trevor;13:14:31;16:56:10;1950.776,3786.706,3786.706;;;;
Trevor;13:14:32;16:56:10;1950.779,3786.708,3786.708;;;;
Trevor;13:14:32;16:56:11;1950.779,3786.706,3786.706;;I need time to think.;Cutscene;Cutscene
Trevor;13:14:33;16:56:11;1950.78,3786.706,3786.706;;;;
Trevor;13:14:33;16:56:12;1950.777,3786.706,3786.706;;;;
Trevor;13:14:34;16:56:12;1950.78,3786.708,3786.708;;;;
Trevor;13:14:34;16:56:13;1950.779,3786.707,3786.707;;;;
Trevor;13:14:35;16:56:13;1950.779,3786.708,3786.708;;;;
Trevor;13:14:35;16:56:14;1950.781,3786.709,3786.709;;;;
Trevor;13:14:36;16:56:14;1950.782,3786.708,3786.708;;Urgh...;Cutscene;Cutscene
Trevor;13:14:36;16:56:15;1950.78,3786.708,3786.708;;Run!;Cutscene;Cutscene
Trevor;13:14:37;16:56:15;1950.781,3786.709,3786.709;;;;
Trevor;13:14:38;16:56:16;1950.78,3786.71,3786.71;;;;
Trevor;13:14:38;16:56:16;1950.779,3786.711,3786.711;;;;
Trevor;13:14:39;16:56:17;1950.779,3786.71,3786.71;;;;
Trevor;13:14:39;16:56:17;1950.778,3786.711,3786.711;;;;
Trevor;13:14:40;16:56:18;1950.777,3786.709,3786.709;;;;
Trevor;13:14:40;16:56:18;1950.778,3786.71,3786.71;;;;
Trevor;13:14:41;16:56:19;1951.356,3786.948,3786.948;;;;
Trevor;13:14:41;16:56:19;1953.704,3787.919,3787.919;;;;
Trevor;13:14:42;16:56:20;1999.33,3840.97,3840.97;True,OffRoad,BODHI2,0,3336547,0;;;
Trevor;13:14:42;16:56:21;1999.052,3840.634,3840.634;True,OffRoad,BODHI2,1,49797,1;;;
Trevor;13:14:43;16:56:21;1998.389,3839.541,3839.541;True,OffRoad,BODHI2,3,192638,1;;;
Trevor;13:14:43;16:56:22;1996.693,3838.261,3838.261;True,OffRoad,BODHI2,4,824227,1;;;
Trevor;13:14:44;16:56:22;1993.961,3836.621,3836.621;True,OffRoad,BODHI2,7,194987,1;;;
Trevor;13:14:44;16:56:23;1990.207,3834.233,3834.233;True,OffRoad,BODHI2,9,049687,1;;;
Trevor;13:14:45;16:56:23;1986.167,3831.889,3831.889;True,OffRoad,BODHI2,8,470829,1;;;
Trevor;13:14:45;16:56:24;1982.612,3829.869,3829.869;True,OffRoad,BODHI2,6,255154,1;;;
Trevor;13:14:46;16:56:24;1981.011,3828.976,3828.976;True,OffRoad,BODHI2,0,6824743,1;;;
Trevor;13:14:46;16:56:25;1980.969,3828.945,3828.945;True,OffRoad,BODHI2,0,04222365,0;;;
Trevor;13:14:47;16:56:25;1980.986,3828.923,3828.923;True,OffRoad,BODHI2,0,03714041,0;;;
Trevor;13:14:47;16:56:26;1980.989,3828.922,3828.922;True,OffRoad,BODHI2,0,0;;;
Trevor;13:14:48;16:56:26;1980.989,3828.922,3828.922;True,OffRoad,BODHI2,0,0;;;
Trevor;13:14:48;16:56:27;1980.989,3828.922,3828.922;True,OffRoad,BODHI2,0,0;;;
Trevor;13:14:49;16:56:27;1980.989,3828.922,3828.922;True,OffRoad,BODHI2,0,0;;;
Trevor;13:14:50;16:56:28;1980.989,3828.922,3828.922;True,OffRoad,BODHI2,0,0;;;
Trevor;13:14:50;16:56:28;1969.823,3818.315,3818.315;;;;
Trevor;13:14:51;16:56:29;1969.823,3818.315,3818.315;;;;
Trevor;13:14:51;16:56:29;1972.871,3816.601,3816.601;;;;
Trevor;13:14:52;16:56:30;1973.323,3815.801,3815.801;;;;
Trevor;13:14:52;16:56:30;1973.934,3815.122,3815.122;;;;
Trevor;13:14:53;16:56:31;1974.736,3814.739,3814.739;;;;
Trevor;13:14:53;16:56:31;1975.622,3814.807,3814.807;;;;
Trevor;13:14:54;16:56:32;1976.502,3814.993,3814.993;;;;
Trevor;13:14:54;16:56:32;1977.398,3815.091,3815.091;;;;
Trevor;13:14:55;16:56:33;1978.149,3815.368,3815.368;;;;
Trevor;13:14:55;16:56:34;1978.75,3815.732,3815.732;;;;
Trevor;13:14:56;16:56:34;1979.371,3816.203,3816.203;;;;
Trevor;13:14:56;16:56:35;1980.068,3816.822,3816.822;;;;
Trevor;13:14:57;16:56:35;1980.819,3817.416,3817.416;;;;
Trevor;13:14:57;16:56:36;1981.476,3818.085,3818.085;;;;
Trevor;13:14:58;16:56:36;1981.764,3818.945,3818.945;;;;
Trevor;13:14:58;16:56:37;1981.859,3819.87,3819.87;;;;
Trevor;13:14:59;16:56:37;1981.924,3820.894,3820.894;;;;
Trevor;13:14:59;16:56:38;1981.99,3822.793,3822.793;;;;
Trevor;13:15:00;16:56:38;1981.882,3825.591,3825.591;;;;
Trevor;13:15:00;16:56:39;1981.775,3827.29,3827.29;;;;
Trevor;13:15:01;16:56:39;1981.869,3827.902,3827.902;;;;
Trevor;13:15:01;16:56:50;1981.881,3827.908,3827.908;;;;
Trevor;13:15:12;16:56:50;1981.883,3827.906,3827.906;;;;
Trevor;13:15:13;16:56:51;1981.771,3827.74,3827.74;;;;
Trevor;13:15:13;16:56:51;1981.606,3827.498,3827.498;;;;
Trevor;13:15:14;16:56:52;1981.606,3827.498,3827.498;;;;
Trevor;13:15:14;16:56:52;1981.574,3827.555,3827.555;;;;
Trevor;13:15:15;16:56:53;1981.429,3828.309,3828.309;;;;
Trevor;13:15:15;16:56:54;1980.981,3828.918,3828.918;True,OffRoad,BODHI2,0,01239448,0;Speak.;TREVOR;CHFL_AAAA
Trevor;13:15:16;16:56:54;1980.981,3828.918,3828.918;True,OffRoad,BODHI2,0,0;;;
Trevor;13:15:16;16:56:55;1980.981,3828.917,3828.917;True,OffRoad,BODHI2,0,009841035,0;You know I don't like using these things. They're listening.;NERVOUSRON;CHFL_AAAB
Trevor;13:15:17;16:56:55;1980.98,3828.919,3828.919;True,OffRoad,BODHI2,0,0;;;
Trevor;13:15:17;16:56:56;1980.98,3828.919,3828.919;True,OffRoad,BODHI2,0,0;;;
Trevor;13:15:18;16:56:56;1980.98,3828.919,3828.919;True,OffRoad,BODHI2,0,0;;;
Trevor;13:15:18;16:56:57;1980.98,3828.919,3828.919;True,OffRoad,BODHI2,0,0;;;
Trevor;13:15:19;16:56:57;1980.98,3828.919,3828.919;True,OffRoad,BODHI2,0,0;;;
Trevor;13:15:19;16:56:58;1981.062,3828.965,3828.965;True,OffRoad,BODHI2,0,8223918,1;Then make it quick.;TREVOR;CHFL_AAAC
Trevor;13:15:20;16:56:58;1982.224,3829.521,3829.521;True,OffRoad,BODHI2,4,278012,1;;;
Trevor;13:15:20;16:56:59;1985.781,3830.865,3830.865;True,OffRoad,BODHI2,9,968425,1;;;
Trevor;13:15:21;16:56:59;1991.127,3831.293,3831.293;True,OffRoad,BODHI2,9,313726,0;;;
Trevor;13:15:22;16:57:00;1994.607,3828.734,3828.734;True,OffRoad,BODHI2,9,421227,1;That business thing's been set up. The Chinese guy, Mr. Cheng is at the inn.;NERVOUSRON;CHFL_AAAD
Trevor;13:15:22;16:57:00;1997.423,3824.147,3824.147;True,OffRoad,BODHI2,9,733719,0;;;
Trevor;13:15:23;16:57:01;2000.37,3819.879,3819.879;True,OffRoad,BODHI2,10,89097,1;;;
Trevor;13:15:23;16:57:01;2003.145,3815.081,3815.081;True,OffRoad,BODHI2,9,8255,0;;;
Trevor;13:15:24;16:57:02;2005.885,3810.234,3810.234;True,OffRoad,BODHI2,11,18758,0;;;
Trevor;13:15:24;16:57:02;2008.953,3805.552,3805.552;True,OffRoad,BODHI2,11,10859,0;;;
Trevor;13:15:25;16:57:03;2011.887,3801.196,3801.196;True,OffRoad,BODHI2,9,220144,0;;;
Trevor;13:15:25;16:57:03;2014.308,3797.596,3797.596;True,OffRoad,BODHI2,7,345614,0;;;
Trevor;13:15:26;16:57:04;2016.832,3793.835,3793.835;True,OffRoad,BODHI2,10,83504,1;;;
Trevor;13:15:26;16:57:04;2019.778,3789.418,3789.418;True,OffRoad,BODHI2,9,184133,0;;;
Trevor;13:15:27;16:57:05;2021.937,3785.578,3785.578;True,OffRoad,BODHI2,8,602368,1;You said that on the phone? What the fuck is wrong with you?!? Damnit, Ron!!!;TREVOR;CHFL_AAAE
Trevor;13:15:27;16:57:06;2024.259,3781.59,3781.59;True,OffRoad,BODHI2,9,683093,0;;;
Trevor;13:15:28;16:57:06;2026.834,3777.792,3777.792;True,OffRoad,BODHI2,7,767025,0;;;
Trevor;13:15:28;16:57:07;2028.831,3774.882,3774.882;True,OffRoad,BODHI2,5,923441,0;;;
Trevor;13:15:29;16:57:07;2030.31,3772.726,3772.726;True,OffRoad,BODHI2,4,091458,0;;;
Trevor;13:15:29;16:57:08;2031.501,3770.986,3770.986;True,OffRoad,BODHI2,5,286227,1;;;
Trevor;13:15:30;16:57:08;2033.769,3767.682,3767.682;True,OffRoad,BODHI2,9,855813,1;;;
Trevor;13:15:30;16:57:09;2036.689,3763.2,3763.2;True,OffRoad,BODHI2,9,48961,0;;;
Trevor;13:15:31;16:57:09;2038.694,3758.355,3758.355;True,OffRoad,BODHI2,11,14428,1;;;
Trevor;13:15:31;16:57:10;2041.265,3752.395,3752.395;True,OffRoad,BODHI2,13,70703,0;;;
Trevor;13:15:32;16:57:10;2044.329,3746.583,3746.583;True,OffRoad,BODHI2,11,52568,0;;;
Trevor;13:15:32;16:57:11;2047.169,3741.892,3741.892;True,OffRoad,BODHI2,9,483821,0;Now I'm going to have to discipline you, and you know how I feel about that!!!;TREVOR;CHFL_AAAF
Trevor;13:15:33;16:57:11;2049.479,3738.111,3738.111;True,OffRoad,BODHI2,7,458652,0;;;
Trevor;13:15:34;16:57:12;2051.237,3735.232,3735.232;True,OffRoad,BODHI2,5,454131,0;;;
Trevor;13:15:34;16:57:12;2052.449,3733.246,3733.246;True,OffRoad,BODHI2,3,474606,0;;;
Trevor;13:15:35;16:57:13;2053.117,3732.151,3732.151;True,OffRoad,BODHI2,1,53847,0;;;
Trevor;13:15:35;16:57:13;2053.35,3731.819,3731.819;True,OffRoad,BODHI2,0,7770893,1;;;
Trevor;13:15:36;16:57:14;2054.002,3730.749,3730.749;True,OffRoad,BODHI2,4,324993,1;;;
Trevor;13:15:36;16:57:14;2056.25,3728.376,3728.376;True,OffRoad,BODHI2,8,361085,1;;;
Trevor;13:15:37;16:57:15;2060.728,3725.855,3725.855;True,OffRoad,BODHI2,10,5005,0;;;
Trevor;13:15:37;16:57:15;2065.827,3725.383,3725.383;True,OffRoad,BODHI2,9,670582,0;;;
Trevor;13:15:38;16:57:16;2070.337,3725.605,3725.605;True,OffRoad,BODHI2,7,543719,0;;;
Trevor;13:15:38;16:57:16;2073.69,3726.347,3726.347;True,OffRoad,BODHI2,5,765403,0;;;
Trevor;13:15:39;16:57:17;2075.893,3727.226,3727.226;True,OffRoad,BODHI2,3,468744,0;;;
Trevor;13:15:39;16:57:18;2077.077,3727.837,3727.837;True,OffRoad,BODHI2,1,660721,0;;;
Trevor;13:15:40;16:57:18;2077.413,3728.039,3728.039;True,OffRoad,BODHI2,0,03040368,0;;;
Trevor;13:15:40;16:57:29;2077.411,3728.04,3728.04;True,OffRoad,BODHI2,0,02680909,0;;;
Trevor;13:15:51;16:57:29;2077.408,3728.04,3728.04;True,OffRoad,BODHI2,0,0;;;
Trevor;13:15:52;16:57:30;2077.64,3728.142,3728.142;True,OffRoad,BODHI2,1,582155,1;;;
Trevor;13:15:52;16:57:30;2078.913,3729.247,3729.247;True,OffRoad,BODHI2,5,149091,1;;;
Trevor;13:15:53;16:57:31;2079.923,3731.138,3731.138;True,OffRoad,BODHI2,3,297767,0;;;
Trevor;13:15:53;16:57:31;2080.093,3732.404,3732.404;True,OffRoad,BODHI2,1,667265,0;;;
Trevor;13:15:54;16:57:32;2079.998,3732.706,3732.706;True,OffRoad,BODHI2,0,4876772,-1;;;
Trevor;13:15:54;16:57:32;2079.502,3731.878,3731.878;True,OffRoad,BODHI2,3,307576,-1;;;
Trevor;13:15:55;16:57:33;2078.565,3729.374,3729.374;True,OffRoad,BODHI2,6,346174,0;;;
Trevor;13:15:55;16:57:33;2078.758,3727.602,3727.602;True,OffRoad,BODHI2,0,130776,1;;;
Trevor;13:15:56;16:57:34;2078.347,3728.079,3728.079;True,OffRoad,BODHI2,1,938041,1;;;
Trevor;13:15:56;16:57:34;2077.289,3728.861,3728.861;True,OffRoad,BODHI2,2,268885,0;;;
Trevor;13:15:57;16:57:35;2075.886,3729.486,3729.486;True,OffRoad,BODHI2,4,391928,1;;;
Trevor;13:15:57;16:57:36;2072.624,3729.887,3729.887;True,OffRoad,BODHI2,8,367921,1;;;
Trevor;13:15:58;16:57:36;2067.499,3728.64,3728.64;True,OffRoad,BODHI2,10,4404,0;;;
Trevor;13:15:58;16:57:37;2062.984,3726.138,3726.138;True,OffRoad,BODHI2,10,52546,1;;;
Trevor;13:15:59;16:57:37;2057.845,3722.971,3722.971;True,OffRoad,BODHI2,12,78764,1;;;
Trevor;13:15:59;16:57:38;2051.665,3719.131,3719.131;True,OffRoad,BODHI2,15,08136,1;;;
Trevor;13:16:00;16:57:38;2044.594,3714.497,3714.497;True,OffRoad,BODHI2,17,22586,1;;;
Trevor;13:16:00;16:57:39;2036.219,3709.713,3709.713;True,OffRoad,BODHI2,19,37,1;;;
Trevor;13:16:01;16:57:39;2027.474,3703.934,3703.934;True,OffRoad,BODHI2,21,13319,1;;;
Trevor;13:16:01;16:57:40;2018.602,3698.514,3698.514;True,OffRoad,BODHI2,18,97997,0;;;
Trevor;13:17:42;16:59:20;2008.024,3692.519,3692.519;True,OffRoad,BODHI2,16,26096,0;;;
Trevor;13:17:44;16:59:23;2000.532,3688.287,3688.287;True,OffRoad,BODHI2,14,38945,1;;;
Trevor;13:17:45;16:59:23;1993.538,3684.341,3684.341;True,OffRoad,BODHI2,16,67202,1;;;
Trevor;13:17:46;16:59:24;1985.937,3680.072,3680.072;True,OffRoad,BODHI2,16,29186,1;;;
Trevor;13:17:46;16:59:24;1978.537,3675.917,3675.917;True,OffRoad,BODHI2,15,57694,0;;;
Trevor;13:17:47;16:59:25;1971.581,3672.008,3672.008;True,OffRoad,BODHI2,16,16576,1;;;
Trevor;13:17:47;16:59:25;1963.685,3667.552,3667.552;True,OffRoad,BODHI2,18,38671,1;;;
Trevor;13:17:48;16:59:26;1955.002,3662.138,3662.138;True,OffRoad,BODHI2,20,35518,1;;;
Trevor;13:17:48;16:59:26;1945.281,3656.896,3656.896;True,OffRoad,BODHI2,21,95118,1;;;
Trevor;13:17:49;16:59:27;1935.145,3651.574,3651.574;True,OffRoad,BODHI2,21,07059,0;;;
Trevor;13:17:49;16:59:27;1925.947,3645.523,3645.523;True,OffRoad,BODHI2,21,64025,1;;;
Trevor;13:17:50;16:59:28;1916.605,3638.931,3638.931;True,OffRoad,BODHI2,21,76668,1;;;
Trevor;13:17:50;16:59:29;1907.487,3633.064,3633.064;True,OffRoad,BODHI2,20,25898,1;;;
Trevor;13:17:51;16:59:29;1898.58,3628.442,3628.442;True,OffRoad,BODHI2,17,97634,0;;;
Trevor;13:17:51;16:59:30;1891.318,3623.198,3623.198;True,OffRoad,BODHI2,17,48431,1;;;
Trevor;13:17:52;16:59:30;1883.881,3618.455,3618.455;True,OffRoad,BODHI2,15,87166,0;;;
Trevor;13:17:52;16:59:31;1877.048,3614.923,3614.923;True,OffRoad,BODHI2,13,82923,0;;;
Trevor;13:17:53;16:59:31;1870.79,3611.435,3611.435;True,OffRoad,BODHI2,12,93066,0;;;
Trevor;13:17:53;16:59:32;1865.456,3608.236,3608.236;True,OffRoad,BODHI2,10,9337,0;;;
Trevor;13:17:54;16:59:32;1861.054,3605.587,3605.587;True,OffRoad,BODHI2,8,984651,0;;;
Trevor;13:17:54;16:59:33;1857.462,3603.426,3603.426;True,OffRoad,BODHI2,7,03827,0;;;
Trevor;13:17:55;16:59:33;1853.426,3601.152,3601.152;True,OffRoad,BODHI2,10,98178,1;;;
Trevor;13:17:55;16:59:34;1848.449,3599.094,3599.094;True,OffRoad,BODHI2,9,835284,1;;;
Trevor;13:17:56;16:59:34;1843.49,3597.177,3597.177;True,OffRoad,BODHI2,11,06482,1;;;
Trevor;13:17:56;16:59:35;1837.482,3594.854,3594.854;True,OffRoad,BODHI2,13,56248,1;;;
Trevor;13:17:57;16:59:35;1830.437,3592.109,3592.109;True,OffRoad,BODHI2,14,53271,0;;;
Trevor;13:17:58;16:59:36;1823.877,3589.644,3589.644;True,OffRoad,BODHI2,12,59534,0;;;
Trevor;13:17:58;16:59:36;1818.224,3587.493,3587.493;True,OffRoad,BODHI2,10,62103,0;;;
Trevor;13:17:59;16:59:37;1813.536,3585.24,3585.24;True,OffRoad,BODHI2,9,004185,0;;;
Trevor;13:17:59;16:59:37;1810.722,3581.669,3581.669;True,OffRoad,BODHI2,9,799818,1;;;
Trevor;13:18:00;16:59:38;1807.012,3577.867,3577.867;True,OffRoad,BODHI2,9,356166,0;;;
Trevor;13:18:00;16:59:38;1802.642,3575.049,3575.049;True,OffRoad,BODHI2,10,91784,0;;;
Trevor;13:18:01;16:59:39;1797.635,3572.873,3572.873;True,OffRoad,BODHI2,11,25348,1;;;
Trevor;13:18:01;16:59:39;1794.11,3571.965,3571.965;True,OffRoad,BODHI2,5,822752,0;;;
Trevor;13:18:02;16:59:40;1791.501,3571.944,3571.944;True,OffRoad,BODHI2,4,418942,0;;;
Trevor;13:18:02;16:59:40;1789.707,3572.235,3572.235;True,OffRoad,BODHI2,3,307209,1;;;
Trevor;13:18:03;16:59:41;1787.616,3571.385,3571.385;True,OffRoad,BODHI2,5,245368,1;;;
Trevor;13:18:03;16:59:42;1784.59,3569.749,3569.749;True,OffRoad,BODHI2,8,033689,1;;;
Trevor;13:18:04;16:59:42;1780.58,3566.831,3566.831;True,OffRoad,BODHI2,10,49104,1;;;
Trevor;13:18:04;16:59:43;1775.773,3562.198,3562.198;True,OffRoad,BODHI2,13,90177,0;;;
Trevor;13:18:05;16:59:43;1770.631,3557.926,3557.926;True,OffRoad,BODHI2,13,22423,1;;;
Trevor;13:18:05;16:59:44;1764.25,3553.635,3553.635;True,OffRoad,BODHI2,16,17318,1;;;
Trevor;13:18:06;16:59:44;1756.623,3548.524,3548.524;True,OffRoad,BODHI2,18,72185,1;;;
Trevor;13:18:06;16:59:45;1747.821,3543.069,3543.069;True,OffRoad,BODHI2,21,40301,1;;;
Trevor;13:18:07;16:59:45;1738.279,3537.397,3537.397;True,OffRoad,BODHI2,21,13759,0;;;
Trevor;13:18:07;16:59:46;1729.224,3531.995,3531.995;True,OffRoad,BODHI2,18,96193,0;;;
Trevor;13:18:08;16:59:46;1721.203,3527.236,3527.236;True,OffRoad,BODHI2,16,89025,0;;;
Trevor;13:18:08;16:59:47;1714.163,3523.06,3523.06;True,OffRoad,BODHI2,14,88659,0;;;
Trevor;13:18:40;17:00:18;1709.78,3520.458,3520.458;True,OffRoad,BODHI2,13,52352,0;;;
Trevor;13:18:40;17:00:19;1704.423,3516.954,3516.954;True,OffRoad,BODHI2,11,07299,0;;;
Trevor;13:18:41;17:00:19;1702.019,3512.362,3512.362;True,OffRoad,BODHI2,10,6755,1;;;
Trevor;13:18:41;17:00:20;1701.624,3506.111,3506.111;True,OffRoad,BODHI2,13,39243,1;;;
Trevor;13:18:42;17:00:20;1701.542,3498.638,3498.638;True,OffRoad,BODHI2,14,81247,0;;;
Trevor;13:18:43;17:00:21;1703.993,3491.065,3491.065;True,OffRoad,BODHI2,16,83918,1;;;
Trevor;13:18:43;17:00:21;1708.545,3482.832,3482.832;True,OffRoad,BODHI2,19,37103,1;;;
Trevor;13:18:44;17:00:22;1713.579,3473.675,3473.675;True,OffRoad,BODHI2,21,04111,1;;;
Trevor;13:18:44;17:00:22;1718.586,3463.268,3463.268;True,OffRoad,BODHI2,22,20762,0;;;
Trevor;13:18:45;17:00:23;1724.428,3453.953,3453.953;True,OffRoad,BODHI2,21,23406,1;;;
Trevor;13:18:45;17:00:23;1730.436,3443.96,3443.96;True,OffRoad,BODHI2,24,66427,1;;;
Trevor;13:18:46;17:00:24;1737.729,3432.497,3432.497;True,OffRoad,BODHI2,27,67317,1;;;
Trevor;13:18:46;17:00:24;1745.796,3420.24,3420.24;True,OffRoad,BODHI2,28,75981,1;;;
Trevor;13:18:47;17:00:25;1753.182,3406.865,3406.865;True,OffRoad,BODHI2,29,89059,1;;;
Trevor;13:18:47;17:00:25;1760.453,3393.039,3393.039;True,OffRoad,BODHI2,30,41646,1;;;
Trevor;13:18:48;17:00:26;1767.858,3378.945,3378.945;True,OffRoad,BODHI2,30,85399,1;;;
Trevor;13:18:48;17:00:27;1775.066,3365.487,3365.487;True,OffRoad,BODHI2,28,23456,0;;;
Trevor;13:18:49;17:00:27;1782.78,3352.465,3352.465;True,OffRoad,BODHI2,28,89226,1;;;
Trevor;13:18:49;17:00:28;1790.035,3339.17,3339.17;True,OffRoad,BODHI2,29,86342,1;;;
Trevor;13:18:50;17:00:28;1797.587,3325.244,3325.244;True,OffRoad,BODHI2,29,76789,0;;;
Trevor;13:18:50;17:00:29;1805.282,3312.162,3312.162;True,OffRoad,BODHI2,29,42959,1;;;
Trevor;13:18:51;17:00:29;1812.735,3298.781,3298.781;True,OffRoad,BODHI2,30,03094,1;;;
Trevor;13:18:51;17:00:30;1821.351,3285.339,3285.339;True,OffRoad,BODHI2,30,49817,1;;;
Trevor;13:18:52;17:00:30;1830.396,3271.99,3271.99;True,OffRoad,BODHI2,30,92824,1;;;
Trevor;13:18:52;17:00:31;1838.959,3258.115,3258.115;True,OffRoad,BODHI2,30,61157,0;;;
Trevor;13:18:53;17:00:31;1847.317,3245.432,3245.432;True,OffRoad,BODHI2,29,23913,1;;;
Trevor;13:18:53;17:00:32;1856.351,3233.094,3233.094;True,OffRoad,BODHI2,29,81122,1;;;
Trevor;13:18:54;17:00:32;1865.572,3220.441,3220.441;True,OffRoad,BODHI2,30,44626,1;;;
Trevor;13:18:55;17:00:33;1875.683,3207.973,3207.973;True,OffRoad,BODHI2,30,97156,1;;;
Trevor;13:18:55;17:00:33;1886.353,3195.862,3195.862;True,OffRoad,BODHI2,29,86511,0;;;
Trevor;13:18:56;17:00:34;1897.225,3185.112,3185.112;True,OffRoad,BODHI2,29,57605,1;;;
Trevor;13:18:56;17:00:34;1908.513,3174.287,3174.287;True,OffRoad,BODHI2,30,19943,1;;;
Trevor;13:18:57;17:00:35;1920.451,3163.705,3163.705;True,OffRoad,BODHI2,30,77007,1;;;
Trevor;13:18:57;17:00:35;1932.336,3152.734,3152.734;True,OffRoad,BODHI2,30,96939,0;;;
Trevor;13:18:58;17:00:36;1943.887,3142.327,3142.327;True,OffRoad,BODHI2,29,28238,1;;;
Trevor;13:18:58;17:00:36;1955.105,3131.911,3131.911;True,OffRoad,BODHI2,29,39301,0;;;
Trevor;13:18:59;17:00:37;1966.686,3124.197,3124.197;True,OffRoad,BODHI2,22,5619,0;;;
Trevor;13:18:59;17:00:37;1973.932,3119.061,3119.061;True,OffRoad,BODHI2,13,14436,0;;;
Trevor;13:19:00;17:00:38;1976.28,3113.543,3113.543;True,OffRoad,BODHI2,10,13555,0;;;
Trevor;13:19:00;17:00:39;1974.777,3109.052,3109.052;True,OffRoad,BODHI2,9,761772,1;;;
Trevor;13:19:01;17:00:39;1972.399,3103.903,3103.903;True,OffRoad,BODHI2,12,0836,1;;;
Trevor;13:19:01;17:00:40;1970.516,3096.985,3096.985;True,OffRoad,BODHI2,14,66839,1;;;
Trevor;13:19:02;17:00:40;1970.808,3089.347,3089.347;True,OffRoad,BODHI2,14,47907,1;;;
Trevor;13:19:02;17:00:41;1974.491,3082.457,3082.457;True,OffRoad,BODHI2,15,87624,0;;;
Trevor;13:19:03;17:00:41;1979.352,3076.452,3076.452;True,OffRoad,BODHI2,14,04038,0;;;
Trevor;13:19:03;17:00:42;1983.019,3070.736,3070.736;True,OffRoad,BODHI2,11,10417,0;;;
Trevor;13:19:04;17:00:42;1984.543,3068.297,3068.297;True,OffRoad,BODHI2,1,635757,0;;;
Trevor;13:19:04;17:00:43;1984.537,3068.208,3068.208;True,OffRoad,BODHI2,0,01196907,0;;;
Trevor;13:19:05;17:00:43;1985.762,3069.075,3069.075;;;;
Trevor;13:19:05;17:00:44;1985.742,3069.438,3069.438;;;;
Trevor;13:19:06;17:00:44;1986.033,3069.465,3069.465;;;;
Trevor;13:19:07;17:00:45;1987.952,3068.641,3068.641;;;;
Trevor;13:19:07;17:00:45;1988.371,3065.468,3065.468;;;;
Trevor;13:19:08;17:00:46;1989.095,3062.063,3062.063;;;;
Trevor;13:19:08;17:00:46;1990.132,3058.692,3058.692;;;;
Trevor;13:19:09;17:00:47;1990.477,3055.369,3055.369;;;;
Trevor;13:19:09;17:00:47;1990.298,3053.819,3053.819;;;;
Trevor;13:19:10;17:00:48;1989.987,3053.24,3053.24;;;;
Trevor;13:19:10;17:00:48;1989.172,3053.314,3053.314;;;;
Trevor;13:19:11;17:00:49;1988.493,3053.549,3053.549;;;;
Trevor;13:19:11;17:00:49;1988.208,3053.655,3053.655;;;;
Trevor;13:19:12;17:00:50;1988.181,3053.668,3053.668;;;;
Trevor;13:19:12;17:00:51;1988.181,3053.668,3053.668;;;;
Trevor;13:19:13;17:00:51;1988.181,3053.668,3053.668;;Trevor.;JANET;methL_CYAA
Trevor;13:19:13;17:00:52;1988.181,3053.668,3053.668;;;;
Trevor;13:19:14;17:00:52;1986.816,3053.914,3053.914;;;;
Trevor;13:19:14;17:00:53;1986.849,3053.898,3053.898;;;;
Trevor;13:19:15;17:00:53;1986.85,3054.068,3054.068;;You're still banned.;Cutscene;Cutscene
Trevor;13:19:15;17:00:54;1986.863,3054.001,3054.001;;;;
Trevor;13:19:16;17:00:54;1986.945,3053.892,3053.892;;;;
Trevor;13:19:16;17:00:55;1986.948,3053.901,3053.901;;;;
Trevor;13:19:17;17:00:55;1986.941,3053.9,3053.9;;What about these two?;Cutscene;Cutscene
Trevor;13:19:17;17:00:56;1986.949,3053.964,3053.964;;;;
Trevor;13:19:18;17:00:56;1986.891,3054.066,3054.066;;;;
Trevor;13:19:18;17:00:57;1986.911,3053.984,3053.984;;Whoever wins...;Cutscene;Cutscene
Trevor;13:19:19;17:00:57;1986.9,3053.99,3053.99;;;;
Trevor;13:19:20;17:00:58;1986.909,3053.995,3053.995;;gets banned.;Cutscene;Cutscene
Trevor;13:19:20;17:00:58;1986.909,3053.996,3053.996;;;;
Trevor;13:19:21;17:00:59;1986.831,3052.365,3052.365;;;;
Trevor;13:19:21;17:00:59;1986.559,3052.098,3052.098;;;;
Trevor;13:19:22;17:01:00;1986.156,3051.797,3051.797;;;;
Trevor;13:19:22;17:01:00;1985.804,3051.653,3051.653;;;;
Trevor;13:19:23;17:01:01;1985.679,3051.317,3051.317;;;;
Trevor;13:19:23;17:01:01;1985.538,3051.252,3051.252;;;;
Trevor;13:19:24;17:01:02;1985.984,3051.455,3051.455;;;;
Trevor;13:19:24;17:01:03;1986.487,3051.418,3051.418;;;;
Trevor;13:19:25;17:01:03;1986.598,3051.507,3051.507;;;;
Trevor;13:19:25;17:01:04;1986.794,3051.549,3051.549;;;;
Trevor;13:19:26;17:01:04;1986.983,3051.488,3051.488;;;;
Trevor;13:19:26;17:01:05;1987.041,3051.493,3051.493;;;;
Trevor;13:19:27;17:01:05;1986.952,3051.603,3051.603;;;;
Trevor;13:19:27;17:01:06;1986.93,3051.676,3051.676;;;;
Trevor;13:19:28;17:01:06;1986.921,3051.662,3051.662;;He's won.;Cutscene;Cutscene
Trevor;13:19:28;17:01:07;1986.925,3051.676,3051.676;;;;
Trevor;13:19:29;17:01:07;1986.924,3051.683,3051.683;;Ban him.;Cutscene;Cutscene
Trevor;13:19:29;17:01:08;1986.934,3051.686,3051.686;;;;
Trevor;13:19:30;17:01:08;1986.956,3051.73,3051.73;;;;
Trevor;13:19:30;17:01:09;1986.954,3051.836,3051.836;;;;
Trevor;13:19:31;17:01:09;1986.904,3051.845,3051.845;;I can't ban him,;Cutscene;Cutscene
Trevor;13:19:31;17:01:10;1986.898,3051.826,3051.826;;;;
Trevor;13:19:32;17:01:10;1986.901,3051.827,3051.827;;he's my Goddamn husband.;Cutscene;Cutscene
Trevor;13:19:33;17:01:11;1986.898,3051.823,3051.823;;;;
Trevor;13:19:33;17:01:11;1986.896,3051.813,3051.813;;;;
Trevor;13:19:34;17:01:12;1986.903,3051.821,3051.821;;;;
Trevor;13:19:34;17:01:12;1986.843,3052.133,3052.133;;He's young enough to be your son.;Cutscene;Cutscene
Trevor;13:19:35;17:01:13;1986.753,3052.526,3052.526;;;;
Trevor;13:19:35;17:01:13;1986.714,3052.896,3052.896;;;;
Trevor;13:19:36;17:01:14;1986.905,3053.966,3053.966;;Ain't the internet a beautiful thing, honey?;Cutscene;Cutscene
Trevor;13:19:36;17:01:14;1986.895,3053.964,3053.964;;;;
Trevor;13:19:37;17:01:15;1986.904,3053.96,3053.96;;;;
Trevor;13:19:37;17:01:16;1986.897,3053.959,3053.959;;;;
Trevor;13:19:38;17:01:16;1986.884,3053.957,3053.957;;;;
Trevor;13:19:38;17:01:17;1986.876,3053.959,3053.959;;;;
Trevor;13:19:39;17:01:17;1986.851,3053.914,3053.914;;;;
Trevor;13:19:39;17:01:18;1986.79,3054.095,3054.095;;Anyway, I saved your husband.;Cutscene;Cutscene
Trevor;13:19:40;17:01:18;1986.741,3054.357,3054.357;;;;
Trevor;13:19:40;17:01:19;1986.632,3054.404,3054.404;;;;
Trevor;13:19:41;17:01:19;1986.432,3054.395,3054.395;;;;
Trevor;13:19:41;17:01:20;1986.105,3054.507,3054.507;;;;
Trevor;13:19:42;17:01:20;1986.033,3054.613,3054.613;;Now get me a drink.;Cutscene;Cutscene
Trevor;13:19:42;17:01:21;1986.066,3054.749,3054.749;;;;
Trevor;13:19:43;17:01:21;1986.141,3054.848,3054.848;;;;
Trevor;13:19:43;17:01:22;1986.156,3054.857,3054.857;;;;
Trevor;13:19:44;17:01:22;1986.117,3054.837,3054.837;;I got a meeting.;Cutscene;Cutscene
Trevor;13:19:45;17:01:23;1986.097,3054.829,3054.829;;;;
Trevor;13:19:45;17:01:23;1986.107,3054.824,3054.824;;;;
Trevor;13:19:46;17:01:24;1986.103,3054.827,3054.827;;Okay...;Cutscene;Cutscene
Trevor;13:19:46;17:01:24;1986.1,3054.825,3054.825;;but any more bodies turn up in my bar,;Cutscene;Cutscene
Trevor;13:19:47;17:01:25;1986.099,3054.825,3054.825;;;;
Trevor;13:19:47;17:01:25;1986.099,3054.825,3054.825;;;;
Trevor;13:19:48;17:01:26;1986.1,3054.825,3054.825;;;;
Trevor;13:19:48;17:01:26;1986.101,3054.825,3054.825;;;;
Trevor;13:19:49;17:01:27;1986.102,3054.825,3054.825;;I swear,;Cutscene;Cutscene
Trevor;13:19:49;17:01:28;1986.102,3054.825,3054.825;;;;
Trevor;13:19:50;17:01:28;1986.103,3054.824,3054.824;;;;
Trevor;13:19:50;17:01:29;1986.104,3054.829,3054.829;;I will not serve you.;Cutscene;Cutscene
Trevor;13:19:51;17:01:29;1986.103,3054.828,3054.828;;;;
Trevor;13:19:51;17:01:30;1986.104,3054.827,3054.827;;;;
Trevor;13:19:52;17:01:30;1986.104,3054.826,3054.826;;;;
Trevor;13:19:52;17:01:31;1986.104,3054.825,3054.825;;;;
Trevor;13:19:53;17:01:31;1986.088,3054.708,3054.708;;;;
Trevor;13:19:53;17:01:32;1986.091,3054.711,3054.711;;Mr. Philips.;Cutscene;Cutscene
Trevor;13:19:54;17:01:32;1986.101,3054.729,3054.729;;;;
Trevor;13:19:54;17:01:33;1986.105,3054.748,3054.748;;;;
Trevor;13:19:55;17:01:33;1986.05,3054.666,3054.666;;Ah, here he is.;Cutscene;Cutscene
Trevor;13:19:55;17:01:34;1986.081,3054.503,3054.503;;;;
Trevor;13:19:56;17:01:34;1986.252,3054.598,3054.598;;;;
Trevor;13:19:57;17:01:35;1986.425,3054.491,3054.491;;Yes, Mr. Cheng, pleasure to meet you.;Cutscene;Cutscene
Trevor;13:19:57;17:01:35;1986.545,3054.487,3054.487;;;;
Trevor;13:19:58;17:01:36;1986.51,3054.607,3054.607;;;;
Trevor;13:19:58;17:01:36;1986.539,3054.608,3054.608;;Oh, no. I am Mr. Cheng's humble translator.;Cutscene;Cutscene
Trevor;13:19:59;17:01:37;1986.55,3054.597,3054.597;;;;
Trevor;13:19:59;17:01:37;1986.555,3054.601,3054.601;;;;
Trevor;13:20:00;17:01:38;1986.556,3054.606,3054.606;;;;
Trevor;13:20:00;17:01:38;1986.559,3054.605,3054.605;;;;
Trevor;13:20:01;17:01:39;1986.598,3054.598,3054.598;;;;
Trevor;13:20:01;17:01:39;1986.603,3054.603,3054.603;;;;
Trevor;13:20:02;17:01:40;1986.602,3054.604,3054.604;;Mr. Cheng now...;Cutscene;Cutscene
Trevor;13:20:02;17:01:41;1986.597,3054.601,3054.601;;;;
Trevor;13:20:03;17:01:41;1986.388,3054.719,3054.719;;;;
Trevor;13:20:03;17:01:42;1986.342,3054.666,3054.666;;Man, I'm high as shit.;Cutscene;Cutscene
Trevor;13:20:04;17:01:42;1986.337,3054.638,3054.638;;;;
Trevor;13:20:04;17:01:43;1986.345,3054.659,3054.659;;;;
Trevor;13:20:05;17:01:43;1986.339,3054.668,3054.668;;;;
Trevor;13:20:05;17:01:44;1986.338,3054.67,3054.67;;;;
Trevor;13:20:06;17:01:44;1986.34,3054.674,3054.674;;;;
Trevor;13:20:06;17:01:45;1986.37,3054.707,3054.707;;;;
Trevor;13:20:07;17:01:45;1986.38,3054.705,3054.705;;You all speak Spanish, speak it to each other!;Cutscene;Cutscene
Trevor;13:20:07;17:01:46;1986.38,3054.71,3054.71;;;;
Trevor;13:20:08;17:01:46;1986.36,3054.63,3054.63;;;;
Trevor;13:20:08;17:01:47;1986.37,3054.65,3054.65;;;;
Trevor;13:20:09;17:01:47;1986.394,3054.726,3054.726;;;;
Trevor;13:20:10;17:01:48;1986.421,3054.741,3054.741;;;;
Trevor;13:20:10;17:01:48;1986.4,3054.687,3054.687;;Mr. Tao Cheng is...;Cutscene;Cutscene
Trevor;13:20:11;17:01:49;1986.319,3054.587,3054.587;;;;
Trevor;13:20:11;17:01:49;1986.319,3054.575,3054.575;;;;
Trevor;13:20:12;17:01:50;1986.347,3054.603,3054.603;;pleased to meet your acquaintance.;Cutscene;Cutscene
Trevor;13:20:12;17:01:50;1986.354,3054.615,3054.615;;;;
Trevor;13:20:13;17:01:51;1986.352,3054.613,3054.613;;;;
Trevor;13:20:13;17:01:51;1986.355,3054.616,3054.616;;Oh yeah, he seems it.;Cutscene;Cutscene
Trevor;13:20:14;17:01:52;1986.372,3054.64,3054.64;;;;
Trevor;13:20:14;17:01:53;1986.39,3054.662,3054.662;;;;
Trevor;13:20:15;17:01:53;1986.387,3054.658,3054.658;;You know what? It's fantastic to know you.;Cutscene;Cutscene
Trevor;13:20:15;17:01:54;1986.379,3054.65,3054.65;;;;
Trevor;13:20:16;17:01:54;1986.37,3054.651,3054.651;;;;
Trevor;13:20:16;17:01:55;1986.368,3054.655,3054.655;;;;
Trevor;13:20:17;17:01:55;1986.367,3054.655,3054.655;;;;
Trevor;13:20:17;17:01:56;1986.366,3054.662,3054.662;;;;
Trevor;13:20:18;17:01:56;1986.337,3054.696,3054.696;;;;
Trevor;13:20:18;17:01:57;1986.378,3054.686,3054.686;;;;
Trevor;13:20:19;17:01:57;1986.383,3054.697,3054.697;;;;
Trevor;13:20:19;17:01:58;1986.369,3054.711,3054.711;;If you've got time, you should add me to your Lifeinvader.;Cutscene;Cutscene
Trevor;13:20:20;17:01:58;1986.354,3054.712,3054.712;;;;
Trevor;13:20:20;17:01:59;1986.348,3054.709,3054.709;;;;
Trevor;13:20:21;17:01:59;1986.349,3054.716,3054.716;;;;
Trevor;13:20:22;17:02:00;1986.353,3054.724,3054.724;;;;
Trevor;13:20:22;17:02:00;1986.357,3054.728,3054.728;;;;
Trevor;13:20:23;17:02:01;1986.361,3054.729,3054.729;;;;
Trevor;13:20:23;17:02:01;1986.369,3054.725,3054.725;;This is the best moment of my life!;Cutscene;Cutscene
Trevor;13:20:24;17:02:02;1986.371,3054.724,3054.724;;;;
Trevor;13:20:24;17:02:02;1986.367,3054.725,3054.725;;;;
Trevor;13:20:25;17:02:03;1986.363,3054.726,3054.726;;;;
Trevor;13:20:25;17:02:03;1986.363,3054.726,3054.726;;;;
Trevor;13:20:26;17:02:04;1986.364,3054.726,3054.726;;;;
Trevor;13:20:26;17:02:05;1986.367,3054.727,3054.727;;What the fuck is wrong with him?;Cutscene;Cutscene
Trevor;13:20:27;17:02:05;1986.332,3054.674,3054.674;;;;
Trevor;13:20:27;17:02:06;1986.394,3054.801,3054.801;;;;
Trevor;13:20:28;17:02:06;1986.429,3054.813,3054.813;;;;
Trevor;13:20:28;17:02:07;1986.422,3054.779,3054.779;;;;
Trevor;13:20:29;17:02:07;1986.433,3054.775,3054.775;;I love this bit, I love this bit. Here we go!;Cutscene;Cutscene
Trevor;13:20:29;17:02:08;1986.429,3054.797,3054.797;;;;
Trevor;13:20:30;17:02:08;1986.39,3054.821,3054.821;;;;
Trevor;13:20:30;17:02:09;1986.342,3054.787,3054.787;;;;
Trevor;13:20:31;17:02:09;1986.298,3054.667,3054.667;;;;
Trevor;13:20:31;17:02:10;1986.296,3054.635,3054.635;;;;
Trevor;13:20:32;17:02:10;1986.306,3054.631,3054.631;;;;
Trevor;13:20:32;17:02:11;1986.401,3054.78,3054.78;;;;
Trevor;13:20:33;17:02:11;1986.754,3054.538,3054.538;;I'm out.;Cutscene;Cutscene
Trevor;13:20:34;17:02:12;1987.476,3054.105,3054.105;;No. Don't go.;Cutscene;Cutscene
Trevor;13:20:34;17:02:12;1988.277,3053.632,3053.632;;;;
Trevor;13:20:35;17:02:13;1989.058,3053.208,3053.208;;;;
Trevor;13:20:35;17:02:13;1989.268,3053.141,3053.141;;Please. I beg you.;Cutscene;Cutscene
Trevor;13:20:36;17:02:14;1990.055,3053.101,3053.101;;;;
Trevor;13:20:36;17:02:14;1990.713,3053.398,3053.398;;;;
Trevor;13:20:37;17:02:15;1991.178,3053.647,3053.647;;;;
Trevor;13:20:37;17:02:15;1991.407,3053.814,3053.814;;If you go...;Cutscene;Cutscene
Trevor;13:20:38;17:02:16;1991.43,3053.881,3053.881;;;;
Trevor;13:20:38;17:02:17;1991.519,3053.838,3053.838;;;;
Trevor;13:20:39;17:02:17;1991.544,3053.851,3053.851;;his father kill me.;Cutscene;Cutscene
Trevor;13:20:39;17:02:18;1991.539,3053.854,3053.854;;;;
Trevor;13:20:40;17:02:18;1991.531,3053.852,3053.852;;;;
Trevor;13:20:40;17:02:19;1991.532,3053.855,3053.855;;;;
Trevor;13:20:41;17:02:19;1991.535,3053.857,3053.857;;Why do I give a fuck?;Cutscene;Cutscene
Trevor;13:20:41;17:02:20;1991.54,3053.857,3053.857;;;;
Trevor;13:20:42;17:02:20;1991.564,3053.78,3053.78;;You don't.;Cutscene;Cutscene
Trevor;13:20:42;17:02:21;1991.549,3053.8,3053.8;;;;
Trevor;13:20:43;17:02:21;1991.553,3053.827,3053.827;;But we hear that Trevor Philips Corporation is serious business.;Cutscene;Cutscene
Trevor;13:20:43;17:02:22;1991.551,3053.83,3053.83;;;;
Trevor;13:20:44;17:02:22;1991.548,3053.837,3053.837;;;;
Trevor;13:20:45;17:02:23;1991.541,3053.839,3053.839;;;;
Trevor;13:20:45;17:02:23;1991.537,3053.838,3053.838;;;;
Trevor;13:20:46;17:02:24;1991.537,3053.842,3053.842;;;;
Trevor;13:20:46;17:02:24;1991.537,3053.846,3053.846;;;;
Trevor;13:20:47;17:02:25;1991.534,3053.845,3053.845;;;;
Trevor;13:20:47;17:02:25;1991.517,3053.832,3053.832;;We pay good price.;Cutscene;Cutscene
Trevor;13:20:48;17:02:26;1991.517,3053.836,3053.836;;;;
Trevor;13:20:48;17:02:26;1991.516,3053.837,3053.837;;;;
Trevor;13:20:49;17:02:27;1991.516,3053.836,3053.836;;Things work out, we partner.;Cutscene;Cutscene
Trevor;13:20:49;17:02:27;1991.516,3053.834,3053.834;;;;
Trevor;13:20:50;17:02:28;1991.516,3053.827,3053.827;;;;
Trevor;13:20:50;17:02:29;1991.516,3053.825,3053.825;;;;
Trevor;13:20:51;17:02:29;1991.516,3053.824,3053.824;;;;
Trevor;13:20:51;17:02:30;1991.514,3053.828,3053.828;;Make big money.;Cutscene;Cutscene
Trevor;13:20:52;17:02:30;1991.513,3053.831,3053.831;;;;
Trevor;13:20:52;17:02:31;1991.484,3053.834,3053.834;;;;
Trevor;13:20:53;17:02:31;1991.574,3053.775,3053.775;;;;
Trevor;13:20:53;17:02:32;1991.646,3053.676,3053.676;;I'm rushing!;Cutscene;Cutscene
Trevor;13:20:54;17:02:32;1991.575,3053.58,3053.58;;;;
Trevor;13:20:54;17:02:33;1991.57,3053.577,3053.577;;;;
Trevor;13:20:55;17:02:33;1991.53,3053.598,3053.598;;;;
Trevor;13:20:55;17:02:34;1991.525,3053.603,3053.603;;Well...;Cutscene;Cutscene
Trevor;13:20:56;17:02:34;1991.601,3053.765,3053.765;;;;
Trevor;13:20:56;17:02:35;1991.716,3054.075,3054.075;;let me show you the operation.;Cutscene;Cutscene
Trevor;13:20:57;17:02:35;1991.82,3054.573,3054.573;;;;
Trevor;13:20:58;17:02:36;1992.153,3055.166,3055.166;;;;
Trevor;13:20:58;17:02:36;1992.371,3055.917,3055.917;;;;
Trevor;13:20:59;17:02:37;1992.622,3056.605,3056.605;;;;
Trevor;13:20:59;17:02:37;1992.672,3056.793,3056.793;;;;
Trevor;13:21:00;17:02:38;1998.354,3056.365,3056.365;;;;
Trevor;13:21:00;17:02:38;1998.834,3057.134,3057.134;;This is us.;trevor;methL_AAAA
Trevor;13:21:01;17:02:39;1999.064,3057.502,3057.502;;;;
Trevor;13:21:01;17:02:39;1999.129,3057.606,3057.606;;;;
Trevor;13:21:02;17:02:40;1999.216,3057.889,3057.889;;;;
Trevor;13:21:02;17:02:41;1999.476,3057.961,3057.961;;;;
Trevor;13:21:03;17:02:41;1999.477,3057.961,3057.961;;;;
Trevor;13:21:03;17:02:42;1999.445,3058.06,3058.06;;;;
Trevor;13:21:04;17:02:42;1999.423,3058.71,3058.71;;;;
Trevor;13:21:04;17:02:43;2000.125,3059.567,3059.567;True,OffRoad,BODHI2,0,02619627,0;;;
Trevor;13:21:05;17:02:43;2000.125,3059.567,3059.567;True,OffRoad,BODHI2,0,002477482,0;;;
Trevor;13:21:05;17:02:44;2000.121,3059.57,3059.57;True,OffRoad,BODHI2,0,08381289,1;;;
Trevor;13:21:06;17:02:44;1999.605,3059.874,3059.874;True,OffRoad,BODHI2,2,62712,1;;;
Trevor;13:21:06;17:02:45;1997.49,3061.13,3061.13;True,OffRoad,BODHI2,5,692377,0;;;
Trevor;13:21:07;17:02:45;1995.038,3062.724,3062.724;True,OffRoad,BODHI2,6,628926,1;;;
Trevor;13:21:07;17:02:46;1991.523,3065.478,3065.478;True,OffRoad,BODHI2,10,56975,1;;;
Trevor;13:21:08;17:02:46;1987.292,3068.855,3068.855;True,OffRoad,BODHI2,9,804594,1;;;
Trevor;13:21:09;17:02:47;1982.773,3072.445,3072.445;True,OffRoad,BODHI2,12,27776,1;;;
Trevor;13:21:09;17:02:47;1977.746,3077.486,3077.486;True,OffRoad,BODHI2,15,10178,1;;;
Trevor;13:21:10;17:02:48;1972.958,3084.831,3084.831;True,OffRoad,BODHI2,16,59131,0;;;
Trevor;13:21:10;17:02:48;1970.781,3093.114,3093.114;True,OffRoad,BODHI2,16,03948,0;;;
Trevor;13:21:11;17:02:49;1971.727,3101.72,3101.72;True,OffRoad,BODHI2,18,43836,1;;;
Trevor;13:21:11;17:02:49;1974.253,3111.682,3111.682;True,OffRoad,BODHI2,19,41509,0;;;
Trevor;13:21:12;17:02:50;1973.062,3121.868,3121.868;True,OffRoad,BODHI2,20,40625,1;;;
Trevor;13:21:12;17:02:50;1967.237,3130.861,3130.861;True,OffRoad,BODHI2,21,11731,1;;;
Trevor;13:21:13;17:02:51;1958.507,3138.363,3138.363;True,OffRoad,BODHI2,22,3508,0;;;
Trevor;13:21:13;17:02:52;1949.746,3145.136,3145.136;True,OffRoad,BODHI2,21,10637,1;;;
Trevor;13:21:14;17:02:52;1941.009,3152.125,3152.125;True,OffRoad,BODHI2,22,27007,1;;;
Trevor;13:21:14;17:02:53;1932.082,3159.794,3159.794;True,OffRoad,BODHI2,22,60011,0;Chef, we're just coming down to see the kitchen.;trevor;methL_BSAA
Trevor;13:21:15;17:02:53;1923.593,3167.175,3167.175;True,OffRoad,BODHI2,20,6336,0;;;
Trevor;13:21:15;17:02:54;1916.342,3174.355,3174.355;True,OffRoad,BODHI2,18,7746,0;;;
Trevor;13:21:16;17:02:54;1909.961,3181.064,3181.064;True,OffRoad,BODHI2,16,9859,0;;;
Trevor;13:21:16;17:02:55;1904.152,3187.183,3187.183;True,OffRoad,BODHI2,15,22217,0;You can't get here quick enough. The Aztecas are coming. They think you took out Ortega.;Cook;methL_BSAB
Trevor;13:21:17;17:02:55;1898.696,3192.93,3192.93;True,OffRoad,BODHI2,14,76186,0;;;
Trevor;13:21:17;17:02:56;1893.747,3198.143,3198.143;True,OffRoad,BODHI2,13,07443,0;;;
Trevor;13:21:18;17:02:56;1889.362,3202.768,3202.768;True,OffRoad,BODHI2,11,40936,0;;;
Trevor;13:21:18;17:02:57;1885.589,3206.746,3206.746;True,OffRoad,BODHI2,9,783846,0;;;
Trevor;13:21:19;17:02:57;1882.845,3210.494,3210.494;True,OffRoad,BODHI2,8,769562,1;;;
Trevor;13:21:19;17:02:58;1879.878,3214.676,3214.676;True,OffRoad,BODHI2,10,71175,0;;;
Trevor;13:21:20;17:02:58;1876.543,3218.791,3218.791;True,OffRoad,BODHI2,10,70045,1;;;
Trevor;13:21:21;17:02:59;1872.26,3223.389,3223.389;True,OffRoad,BODHI2,13,05526,1;;;
Trevor;13:21:21;17:02:59;1867.54,3228.967,3228.967;True,OffRoad,BODHI2,15,30368,1;They ain't mistaken.;trevor;methL_BSAC
Trevor;13:21:22;17:03:00;1862.299,3235.434,3235.434;True,OffRoad,BODHI2,15,49636,0;;;
Trevor;13:21:22;17:03:00;1857.545,3241.294,3241.294;True,OffRoad,BODHI2,13,82206,0;Well, get down here, and take them out too!;Cook;methL_BSAD
Trevor;13:21:23;17:03:01;1853.309,3246.634,3246.634;True,OffRoad,BODHI2,11,99668,0;;;
Trevor;13:21:23;17:03:01;1850.277,3251.558,3251.558;True,OffRoad,BODHI2,10,39377,0;;;
Trevor;13:21:24;17:03:02;1847.848,3255.794,3255.794;True,OffRoad,BODHI2,7,090629,0;;;
Trevor;13:21:24;17:03:02;1846.473,3258.201,3258.201;True,OffRoad,BODHI2,4,581692,0;;;
Trevor;13:21:25;17:03:03;1845.319,3259.772,3259.772;True,OffRoad,BODHI2,3,523541,1;;;
Trevor;13:21:25;17:03:03;1843.764,3261.99,3261.99;True,OffRoad,BODHI2,7,180505,1;;;
Trevor;13:21:26;17:03:04;1841.079,3265.832,3265.832;True,OffRoad,BODHI2,9,733273,0;;;
Trevor;13:21:26;17:03:05;1838.422,3269.642,3269.642;True,OffRoad,BODHI2,8,174135,0;;;
Trevor;13:21:27;17:03:05;1836.206,3272.819,3272.819;True,OffRoad,BODHI2,6,635074,0;;;
Trevor;13:21:27;17:03:06;1834.409,3275.404,3275.404;True,OffRoad,BODHI2,6,080466,1;;;
Trevor;13:21:28;17:03:06;1832.128,3278.701,3278.701;True,OffRoad,BODHI2,9,623488,1;You sure your boss don't want this crank for his own personal consumption?;trevor;methL_ABAA
Trevor;13:21:28;17:03:07;1829.021,3283.202,3283.202;True,OffRoad,BODHI2,10,043,0;;;
Trevor;13:21:29;17:03:07;1825.942,3287.662,3287.662;True,OffRoad,BODHI2,11,49133,1;;;
Trevor;13:21:29;17:03:08;1822.374,3293.138,3293.138;True,OffRoad,BODHI2,13,72976,1;;;
Trevor;13:21:30;17:03:08;1818.683,3299.995,3299.995;True,OffRoad,BODHI2,16,21786,1;;;
Trevor;13:21:30;17:03:09;1814.324,3307.881,3307.881;True,OffRoad,BODHI2,18,39362,1;;;
Trevor;13:21:31;17:03:09;1809.111,3316.581,3316.581;True,OffRoad,BODHI2,20,42892,1;;;
Trevor;13:21:31;17:03:10;1803.382,3326.125,3326.125;True,OffRoad,BODHI2,22,0931,1;;;
Trevor;13:21:32;17:03:10;1797.467,3336.039,3336.039;True,OffRoad,BODHI2,21,30627,0;No. No. Mr. Cheng Sr. is very specific. He wants a good reliable source of methamphetamine.;translator;methL_ABAB
Trevor;13:21:32;17:03:11;1791.773,3345.601,3345.601;True,OffRoad,BODHI2,22,2716,1;;;
Trevor;13:21:33;17:03:11;1785.695,3355.81,3355.81;True,OffRoad,BODHI2,23,25649,0;;;
Trevor;13:21:34;17:03:12;1779.81,3365.712,3365.712;True,OffRoad,BODHI2,21,48655,0;;;
Trevor;13:21:34;17:03:12;1774.096,3375.326,3375.326;True,OffRoad,BODHI2,21,90709,1;;;
Trevor;13:21:35;17:03:13;1768.12,3385.384,3385.384;True,OffRoad,BODHI2,23,30491,1;;;
Trevor;13:21:35;17:03:13;1762.526,3396.243,3396.243;True,OffRoad,BODHI2,23,4489,0;;;
Trevor;13:21:36;17:03:14;1757.814,3407.248,3407.248;True,OffRoad,BODHI2,22,35302,0;;;
Trevor;13:21:36;17:03:14;1752.271,3416.826,3416.826;True,OffRoad,BODHI2,20,53977,0;;;
Trevor;13:21:37;17:03:15;1747.238,3425.587,3425.587;True,OffRoad,BODHI2,18,57707,0;;;
Trevor;13:21:37;17:03:15;1743.425,3434.365,3434.365;True,OffRoad,BODHI2,18,13453,0;;;
Trevor;13:21:38;17:03:16;1739.451,3442.741,3442.741;True,OffRoad,BODHI2,16,95833,0;We will buy from you here, and distribute using established networks.;translator;methL_ABAC
Trevor;13:21:38;17:03:16;1735.056,3450.473,3450.473;True,OffRoad,BODHI2,16,79113,0;;;
Trevor;13:21:39;17:03:17;1731.021,3458.671,3458.671;True,OffRoad,BODHI2,18,24562,0;;;
Trevor;13:21:39;17:03:18;1726.684,3467.66,3467.66;True,OffRoad,BODHI2,20,77424,1;;;
Trevor;13:21:40;17:03:18;1720.778,3476.655,3476.655;True,OffRoad,BODHI2,19,97209,0;;;
Trevor;13:21:40;17:03:19;1714.917,3484.643,3484.643;True,OffRoad,BODHI2,18,28106,0;;;
Trevor;13:21:41;17:03:19;1709.809,3492.671,3492.671;True,OffRoad,BODHI2,18,46443,0;;;
Trevor;13:21:41;17:03:20;1704.751,3500.719,3500.719;True,OffRoad,BODHI2,19,56671,1;I'm worried that might dilute what our operation's all about.;trevor;methL_ABAD
Trevor;13:21:42;17:03:20;1699.269,3510.134,3510.134;True,OffRoad,BODHI2,21,58986,1;;;
Trevor;13:21:42;17:03:21;1693.821,3520.347,3520.347;True,OffRoad,BODHI2,21,89303,0;;;
Trevor;13:21:43;17:03:21;1688.351,3530.075,3530.075;True,OffRoad,BODHI2,21,71285,1;;;
Trevor;13:21:43;17:03:22;1681.84,3540.01,3540.01;True,OffRoad,BODHI2,23,23429,1;;;
Trevor;13:21:44;17:03:22;1675.549,3550.607,3550.607;True,OffRoad,BODHI2,24,35159,1;;;
Trevor;13:21:44;17:03:23;1669.801,3562.1,3562.1;True,OffRoad,BODHI2,25,70423,1;;;
Trevor;13:21:45;17:03:23;1663.239,3574.18,3574.18;True,OffRoad,BODHI2,26,2107,0;We're part of the slow meth movement: bioregional, locavores only.;trevor;methL_ABAF
Trevor;13:21:45;17:03:24;1656.806,3585.579,3585.579;True,OffRoad,BODHI2,24,992,0;;;
Trevor;13:21:46;17:03:24;1650.699,3596.409,3596.409;True,OffRoad,BODHI2,22,97826,0;;;
Trevor;13:21:47;17:03:25;1644.991,3606.509,3606.509;True,OffRoad,BODHI2,20,97028,0;;;
Trevor;13:21:47;17:03:25;1639.909,3615.526,3615.526;True,OffRoad,BODHI2,19,0568,0;;;
Trevor;13:21:48;17:03:26;1635.03,3623.702,3623.702;True,OffRoad,BODHI2,17,38515,1;;;
Trevor;13:21:48;17:03:26;1630.577,3631.862,3631.862;True,OffRoad,BODHI2,17,24117,0;;;
Trevor;13:21:49;17:03:27;1626.06,3639.07,3639.07;True,OffRoad,BODHI2,15,53026,0;;;
Trevor;13:21:49;17:03:27;1621.436,3645.929,3645.929;True,OffRoad,BODHI2,16,83315,1;;;
Trevor;13:21:50;17:03:28;1615.341,3652.762,3652.762;True,OffRoad,BODHI2,17,01933,0;Mr. Cheng Sr. has much money.;translator;methL_ABAG
Trevor;13:21:50;17:03:28;1608.374,3659.022,3659.022;True,OffRoad,BODHI2,18,89512,1;;;
Trevor;13:21:51;17:03:29;1599.945,3664.022,3664.022;True,OffRoad,BODHI2,17,79209,0;;;
Trevor;13:21:51;17:03:30;1590.77,3664.265,3664.265;True,OffRoad,BODHI2,18,53038,1;;;
Trevor;13:21:52;17:03:30;1581.11,3661.487,3661.487;True,OffRoad,BODHI2,20,5236,1;;;
Trevor;13:21:52;17:03:31;1570.931,3657.09,3657.09;True,OffRoad,BODHI2,22,14518,1;I wouldn't be the first man to throw morals out the window for a pay check.;trevor;methL_ABAH
Trevor;13:21:53;17:03:31;1560.985,3651.597,3651.597;True,OffRoad,BODHI2,21,14756,0;;;
Trevor;13:21:53;17:03:32;1551.504,3646.273,3646.273;True,OffRoad,BODHI2,20,03632,0;;;
Trevor;13:21:54;17:03:32;1542.202,3641.093,3641.093;True,OffRoad,BODHI2,21,07792,1;;;
Trevor;13:21:54;17:03:33;1532.364,3637.042,3637.042;True,OffRoad,BODHI2,19,44268,0;;;
Trevor;13:21:55;17:03:33;1523.389,3633.557,3633.557;True,OffRoad,BODHI2,17,50344,0;;;
Trevor;13:21:55;17:03:34;1514.486,3630.104,3630.104;True,OffRoad,BODHI2,19,12499,1;;;
Trevor;13:21:56;17:03:34;1505.004,3626.429,3626.429;True,OffRoad,BODHI2,19,14757,0;;;
Trevor;13:21:56;17:03:35;1496.949,3623.31,3623.31;True,OffRoad,BODHI2,15,88919,1;What's he saying?;cheng;methL_ABAI
Trevor;13:21:57;17:03:35;1488.602,3620.535,3620.535;True,OffRoad,BODHI2,17,88938,1;;;
Trevor;13:21:57;17:03:36;1479.452,3617.435,3617.435;True,OffRoad,BODHI2,18,53348,0;;;
Trevor;13:21:58;17:03:36;1470.886,3614.245,3614.245;True,OffRoad,BODHI2,16,66888,0;;;
Trevor;13:21:59;17:03:37;1463.228,3611.394,3611.394;True,OffRoad,BODHI2,14,85244,0;He says he looks forward to doing business with us.;translator;methL_ABAJ
Trevor;13:21:59;17:03:37;1456.834,3609.021,3609.021;True,OffRoad,BODHI2,9,506952,0;;;
Trevor;13:22:00;17:03:38;1453.264,3607.704,3607.704;True,OffRoad,BODHI2,6,43752,0;;;
Trevor;13:22:00;17:03:38;1450.517,3606.69,3606.69;True,OffRoad,BODHI2,5,218716,1;;;
Trevor;13:22:01;17:03:39;1447.263,3605.493,3605.493;True,OffRoad,BODHI2,8,438252,1;;;
Trevor;13:22:01;17:03:39;1442.739,3603.903,3603.903;True,OffRoad,BODHI2,7,67443,0;;;
Trevor;13:22:02;17:03:40;1425.612,3604.629,3604.629;True,OffRoad,BODHI2,0,03433104,0,1577395;;;
Trevor;13:22:02;17:03:40;1425.485,3604.817,3604.817;True,OffRoad,BODHI2,0,3054558,0,8039005;;;
Trevor;13:22:03;17:03:41;1425.356,3604.729,3604.729;True,OffRoad,BODHI2,1,44767,0,4;;;
Trevor;13:22:03;17:03:41;1424.063,3604.219,3604.219;True,OffRoad,BODHI2,3,730343,0,4249331;;;
Trevor;13:22:04;17:03:42;1421.776,3603.476,3603.476;True,OffRoad,BODHI2,5,408173,0,4486189;;;
Trevor;13:22:04;17:03:43;1418.676,3602.486,3602.486;True,OffRoad,BODHI2,7,025236,0,4377342;;;
Trevor;13:22:05;17:03:43;1414.787,3601.292,3601.292;True,OffRoad,BODHI2,8,708871,0,4;;;
Trevor;13:22:05;17:03:44;1410.243,3599.944,3599.944;True,OffRoad,BODHI2,3,572956,0;;;
Trevor;13:22:06;17:03:44;1409.844,3599.836,3599.836;True,OffRoad,BODHI2,0,153916,0;;;
Trevor;13:22:06;17:03:45;1409.849,3599.837,3599.837;True,OffRoad,BODHI2,0,01046442,0;;;
Trevor;13:22:07;17:03:45;1410.361,3598.365,3598.365;;;;
Trevor;13:22:07;17:03:46;1410.639,3598.322,3598.322;;;;
Trevor;13:22:08;17:03:46;1396.838,3594.293,3594.293;;;;
Trevor;13:22:08;17:03:47;1396.625,3594.179,3594.179;;Shit, Trevor,;Cutscene;Cutscene
Trevor;13:22:09;17:03:47;1395.962,3594.144,3594.144;;we ain't got long.;Cutscene;Cutscene
Trevor;13:22:09;17:03:48;1395.282,3594.173,3594.173;;;;
Trevor;13:22:10;17:03:48;1394.755,3594.392,3594.392;;Whoa, whoa, whoa, whoa.;Cutscene;Cutscene
Trevor;13:22:10;17:03:49;1394.309,3594.784,3594.784;;;;
Trevor;13:22:11;17:03:49;1393.875,3595.115,3595.115;;Manners, Chef.;Cutscene;Cutscene
Trevor;13:22:12;17:03:50;1393.64,3595.525,3595.525;;;;
Trevor;13:22:12;17:03:50;1393.332,3595.983,3595.983;;;;
Trevor;13:22:13;17:03:51;1393.258,3596.235,3596.235;;These are our guests, alright?;Cutscene;Cutscene
Trevor;13:22:13;17:03:51;1393.396,3596.406,3596.406;;;;
Trevor;13:22:14;17:03:52;1393.374,3596.514,3596.514;;;;
Trevor;13:22:14;17:03:52;1393.235,3596.555,3596.555;;We got Mr. Cheng and his humble servant.;Cutscene;Cutscene
Trevor;13:22:15;17:03:53;1393.237,3596.39,3596.39;;;;
Trevor;13:22:15;17:03:53;1393.145,3596.31,3596.31;;;;
Trevor;13:22:16;17:03:54;1392.937,3596.337,3596.337;;;;
Trevor;13:22:16;17:03:54;1392.847,3596.295,3596.295;;;;
Trevor;13:22:17;17:03:55;1392.808,3596.242,3596.242;;Alright, man.;Cutscene;Cutscene
Trevor;13:22:17;17:03:56;1392.711,3596.308,3596.308;;;;
Trevor;13:22:18;17:03:56;1392.601,3596.305,3596.305;;;;
Trevor;13:22:18;17:03:57;1392.359,3596.12,3596.12;;;;
Trevor;13:22:19;17:03:57;1392.177,3596.06,3596.06;;Uh... nice to meet you.;Cutscene;Cutscene
Trevor;13:22:19;17:03:58;1391.922,3596.042,3596.042;;;;
Trevor;13:22:20;17:03:58;1391.875,3595.934,3595.934;;;;
Trevor;13:22:20;17:03:59;1391.806,3595.881,3595.881;;;;
Trevor;13:22:21;17:03:59;1391.645,3595.932,3595.932;;;;
Trevor;13:22:21;17:04:00;1391.529,3596.016,3596.016;;Trevor, we ain't got long till they get here.;Cutscene;Cutscene
Trevor;13:22:22;17:04:00;1391.386,3596.233,3596.233;;;;
Trevor;13:22:22;17:04:01;1391.231,3596.282,3596.282;;;;
Trevor;13:22:23;17:04:01;1391.026,3596.258,3596.258;;Everything in its time. Alright, gentlemen...;Cutscene;Cutscene
Trevor;13:22:23;17:04:02;1390.84,3596.353,3596.353;;;;
Trevor;13:22:24;17:04:02;1390.646,3596.357,3596.357;;;;
Trevor;13:22:25;17:04:03;1390.202,3596.257,3596.257;;;;
Trevor;13:22:25;17:04:03;1389.892,3596.099,3596.099;;;;
Trevor;13:22:26;17:04:04;1389.513,3595.957,3595.957;;please...;Cutscene;Cutscene
Trevor;13:22:26;17:04:04;1387.317,3599.406,3599.406;;;;
Trevor;13:22:27;17:04:05;1387.256,3599.481,3599.481;;;;
Trevor;13:22:27;17:04:05;1386.977,3599.588,3599.588;;come check out the storage facilities.;Cutscene;Cutscene
Trevor;13:22:28;17:04:06;1386.823,3599.656,3599.656;;;;
Trevor;13:22:28;17:04:06;1386.723,3599.787,3599.787;;;;
Trevor;13:22:29;17:04:07;1386.671,3599.834,3599.834;;;;
Trevor;13:22:29;17:04:08;1386.581,3599.768,3599.768;;Go on, now.;Cutscene;Cutscene
Trevor;13:22:30;17:04:08;1386.633,3599.7,3599.7;;;;
Trevor;13:22:30;17:04:09;1386.656,3599.704,3599.704;;;;
Trevor;13:22:31;17:04:09;1386.734,3599.738,3599.738;;Nice, right? There, in you go.;Cutscene;Cutscene
Trevor;13:22:31;17:04:10;1386.967,3599.764,3599.764;;;;
Trevor;13:22:32;17:04:10;1386.668,3599.867,3599.867;;;;
Trevor;13:22:32;17:04:11;1386.633,3599.693,3599.693;;;;
Trevor;13:22:33;17:04:11;1386.844,3599.617,3599.617;;;;
Trevor;13:22:33;17:04:12;1387.219,3599.624,3599.624;;;;
Trevor;13:22:34;17:04:12;1387.335,3599.548,3599.548;;;;
Trevor;13:22:34;17:04:13;1387.199,3599.377,3599.377;;;;
Trevor;13:22:35;17:04:13;1387.145,3599.276,3599.276;;Ample room inside.;Cutscene;Cutscene
Trevor;13:22:36;17:04:14;1387.36,3599.037,3599.037;;;;
Trevor;13:22:36;17:04:14;1387.68,3598.752,3598.752;;;;
Trevor;13:22:37;17:04:15;1387.754,3598.281,3598.281;;Mr. Cheng, please, sir, if you will...;Cutscene;Cutscene
Trevor;13:22:37;17:04:15;1387.726,3597.919,3597.919;;;;
Trevor;13:22:38;17:04:16;1387.745,3597.497,3597.497;;;;
Trevor;13:22:38;17:04:16;1388.011,3597.12,3597.12;;;;
Trevor;13:22:39;17:04:17;1388.062,3597.004,3597.004;;Let me out!;Cutscene;Cutscene
Trevor;13:22:39;17:04:17;1387.817,3597.482,3597.482;;;;
Trevor;13:22:40;17:04:18;1387.697,3597.508,3597.508;;;;
Trevor;13:22:40;17:04:19;1387.625,3597.487,3597.487;;Crazy. Private room!;Cutscene;Cutscene
Trevor;13:22:41;17:04:19;1387.557,3597.585,3597.585;;;;
Trevor;13:22:41;17:04:20;1387.533,3597.892,3597.892;;;;
Trevor;13:22:42;17:04:20;1387.501,3598.325,3598.325;;;;
Trevor;13:22:42;17:04:21;1387.354,3598.843,3598.843;;;;
Trevor;13:22:43;17:04:21;1387.515,3599.146,3599.146;;;;
Trevor;13:22:43;17:04:22;1387.571,3599.077,3599.077;;Tour will recommence shortly, gentlemen.;Cutscene;Cutscene
Trevor;13:22:44;17:04:22;1387.568,3598.77,3598.77;;;;
Trevor;13:22:44;17:04:23;1387.603,3598.228,3598.228;;;;
Trevor;13:22:45;17:04:23;1388.071,3597.601,3597.601;;;;
Trevor;13:22:45;17:04:24;1388.905,3597.006,3597.006;;;;
Trevor;13:22:46;17:04:24;1390.082,3596.694,3596.694;;Should we get the guns?;Cutscene;Cutscene
Trevor;13:22:46;17:04:25;1391.398,3596.775,3596.775;;;;
Trevor;13:22:47;17:04:25;1392.448,3597.202,3597.202;;;;
Trevor;13:22:48;17:04:26;1393.324,3597.777,3597.777;;;;
Trevor;13:22:48;17:04:26;1394.316,3602.594,3602.594;;;;
Trevor;13:22:49;17:04:27;1394.958,3603.2,3603.2;;;;
Trevor;13:22:49;17:04:27;1395.676,3603.626,3603.626;;;;
Trevor;13:22:50;17:04:28;1396.255,3604.013,3604.013;;;;
Trevor;13:22:50;17:04:28;1389.593,3610.844,3610.844;;;;
Trevor;13:22:51;17:04:29;1387.921,3610.439,3610.439;;;;
Trevor;13:22:51;17:04:29;1386.475,3610.876,3610.876;;;;
Trevor;13:22:52;17:04:30;1386.042,3611.768,3611.768;;;;
Trevor;13:22:52;17:04:30;1386.239,3612.549,3612.549;;;;
Trevor;13:22:53;17:04:31;1387.476,3613.109,3613.109;;;;
Trevor;13:22:53;17:04:32;1389.437,3613.313,3613.313;;;;
Trevor;13:22:54;17:04:32;1391.133,3612.724,3612.724;;;;
Trevor;13:22:54;17:04:33;1391.97,3611.595,3611.595;;;;
Trevor;13:22:55;17:04:33;1392.291,3610.171,3610.171;;If I knew we were having visitors,;Cutscene;Cutscene
Trevor;13:22:55;17:04:34;1393.032,3604.365,3604.365;;;;
Trevor;13:22:56;17:04:34;1392.546,3602.305,3602.305;;;;
Trevor;13:22:56;17:04:35;1391.152,3600.794,3600.794;;I would have done a little spring cleaning.;Cutscene;Cutscene
Trevor;13:22:57;17:04:35;1390.065,3600.139,3600.139;;;;
Trevor;13:22:57;17:04:36;1389.761,3599.773,3599.773;;;;
Trevor;13:22:58;17:04:36;1389.757,3599.769,3599.769;;;;
Trevor;13:22:58;17:04:37;1389.757,3599.769,3599.769;;;;
Trevor;13:22:59;17:04:37;1389.835,3599.799,3599.799;;They really want you dead.;Cook;methL_AFAA
Trevor;13:23:00;17:04:38;1390.22,3599.951,3599.951;;;;
Trevor;13:23:00;17:04:38;1390.22,3599.951,3599.951;;;;
Trevor;13:23:01;17:04:39;1390.514,3600.122,3600.122;;;;
Trevor;13:23:01;17:04:39;1390.613,3600.18,3600.18;;;;
Trevor;13:23:02;17:04:40;1390.613,3600.18,3600.18;;;;
Trevor;13:23:02;17:04:40;1390.613,3600.18,3600.18;;;;
Trevor;13:23:03;17:04:41;1390.613,3600.18,3600.18;;;;
Trevor;13:23:03;17:04:41;1390.613,3600.18,3600.18;;;;
Trevor;13:23:04;17:04:42;1390.613,3600.18,3600.18;;;;
Trevor;13:23:04;17:04:43;1390.615,3600.18,3600.18;;;;
Trevor;13:23:05;17:04:43;1390.634,3599.935,3599.935;;;;
Trevor;13:23:05;17:04:44;1390.266,3600.18,3600.18;;;;
Trevor;13:23:06;17:04:44;1388.812,3602.319,3602.319;;;;
Trevor;13:23:06;17:04:45;1388.812,3602.319,3602.319;;;;
Trevor;13:23:07;17:04:45;1388.848,3602.337,3602.337;;;;
Trevor;13:23:07;17:04:46;1388.848,3602.337,3602.337;;;;
Trevor;13:23:08;17:04:46;1388.848,3602.337,3602.337;;;;
Trevor;13:23:08;17:04:47;1388.848,3602.337,3602.337;;;;
Trevor;13:23:09;17:04:47;1388.848,3602.337,3602.337;;;;
Trevor;13:23:09;17:04:48;1388.884,3602.416,3602.416;;;;
Trevor;13:23:10;17:04:48;1389.108,3602.915,3602.915;;;;
Trevor;13:23:10;17:04:49;1389.726,3603.086,3603.086;;;;
Trevor;13:23:11;17:04:49;1389.909,3602.743,3602.743;;;;
Trevor;13:23:12;17:04:50;1389.911,3602.702,3602.702;;;;
Trevor;13:23:12;17:04:50;1390.103,3602.199,3602.199;;;;
Trevor;13:23:13;17:04:51;1390.254,3602.192,3602.192;;This is extremely unprofessional!;trevor;methL_CFAA
Trevor;13:23:13;17:04:51;1390.171,3602.21,3602.21;;;;
Trevor;13:23:14;17:04:52;1390.205,3602.174,3602.174;;;;
Trevor;13:23:14;17:04:52;1390.237,3602.128,3602.128;;;;
Trevor;13:23:15;17:04:53;1390.258,3602.094,3602.094;;;;
Trevor;13:23:15;17:04:53;1390.203,3602.162,3602.162;;;;
Trevor;13:23:16;17:04:54;1390.146,3602.217,3602.217;;;;
Trevor;13:23:16;17:04:55;1390.071,3602.24,3602.24;;;;
Trevor;13:23:17;17:04:55;1390.103,3602.202,3602.202;;;;
Trevor;13:23:17;17:04:56;1390.12,3602.174,3602.174;;;;
Trevor;13:23:18;17:04:56;1390.12,3602.174,3602.174;;;;
Trevor;13:23:18;17:04:57;1390.12,3602.174,3602.174;;;;
Trevor;13:23:19;17:04:57;1390.031,3602.291,3602.291;;;;
Trevor;13:23:19;17:04:58;1389.976,3602.374,3602.374;;;;
Trevor;13:23:20;17:04:58;1390.208,3602.206,3602.206;;;;
Trevor;13:23:20;17:04:59;1390.422,3602.225,3602.225;;;;
Trevor;13:23:21;17:04:59;1390.361,3602.216,3602.216;;;;
Trevor;13:23:21;17:05:00;1390.364,3602.212,3602.212;;;;
Trevor;13:23:22;17:05:00;1390.431,3602.117,3602.117;;;;
Trevor;13:23:23;17:05:01;1390.431,3602.117,3602.117;;;;
Trevor;13:23:23;17:05:01;1390.437,3602.107,3602.107;;;;
Trevor;13:23:24;17:05:02;1390.784,3601.659,3601.659;;;;
Trevor;13:23:24;17:05:02;1391.373,3601.315,3601.315;;;;
Trevor;13:23:25;17:05:03;1391.393,3601.289,3601.289;;;;
Trevor;13:23:25;17:05:03;1391.405,3601.199,3601.199;;;;
Trevor;13:23:26;17:05:04;1391.342,3601.576,3601.576;;;;
Trevor;13:23:26;17:05:04;1391.337,3601.607,3601.607;;Get off my property!;trevor;methL_CFAA
Trevor;13:23:27;17:05:05;1391.331,3601.637,3601.637;;;;
Trevor;13:23:27;17:05:06;1391.329,3601.645,3601.645;;;;
Trevor;13:23:28;17:05:06;1391.294,3601.69,3601.69;;;;
Trevor;13:23:28;17:05:07;1391.296,3601.686,3601.686;;;;
Trevor;13:23:29;17:05:07;1391.137,3601.095,3601.095;;;;
Trevor;13:23:29;17:05:08;1391.109,3600.638,3600.638;;;;
Trevor;13:23:30;17:05:08;1391.089,3600.664,3600.664;;This ain't done until they're all gone.;trevor;methL_DFAA
Trevor;13:23:30;17:05:09;1390.912,3600.859,3600.859;;;;
Trevor;13:23:31;17:05:09;1390.768,3600.398,3600.398;;;;
Trevor;13:23:32;17:05:10;1390.729,3600.385,3600.385;;;;
Trevor;13:23:32;17:05:10;1390.706,3600.395,3600.395;;;;
Trevor;13:23:33;17:05:11;1390.692,3600.404,3600.404;;;;
Trevor;13:23:33;17:05:11;1390.632,3600.552,3600.552;;;;
Trevor;13:23:34;17:05:12;1390.978,3601.106,3601.106;;;;
Trevor;13:23:34;17:05:12;1391.121,3601.076,3601.076;;;;
Trevor;13:23:35;17:05:13;1390.974,3600.831,3600.831;;;;
Trevor;13:23:35;17:05:13;1390.892,3600.51,3600.51;;There! There! Through the gate!;VAGOS;methL_DEAA
Trevor;13:23:36;17:05:14;1390.881,3600.519,3600.519;;;;
Trevor;13:23:36;17:05:15;1390.682,3600.887,3600.887;;;;
Trevor;13:23:37;17:05:15;1390.42,3601.172,3601.172;;;;
Trevor;13:23:37;17:05:16;1390.361,3601.216,3601.216;;;;
Trevor;13:23:38;17:05:16;1390.315,3601.018,3601.018;;;;
Trevor;13:23:38;17:05:17;1389.819,3600.422,3600.422;;;;
Trevor;13:23:39;17:05:17;1389.949,3599.891,3599.891;;;;
Trevor;13:23:39;17:05:18;1390.372,3599.854,3599.854;;;;
Trevor;13:23:40;17:05:18;1390.607,3600.173,3600.173;;We gotta do something. They're through the gate!;Cook;methL_ANAA
Trevor;13:23:40;17:05:19;1390.673,3600.339,3600.339;;;;
Trevor;13:23:41;17:05:19;1390.984,3601.071,3601.071;;;;
Trevor;13:23:41;17:05:20;1391.477,3600.87,3600.87;;;;
Trevor;13:23:42;17:05:20;1390.883,3600.596,3600.596;;;;
Trevor;13:23:43;17:05:21;1390.397,3600.424,3600.424;;;;
Trevor;13:23:43;17:05:21;1390.104,3600.385,3600.385;;I'm entertaining clients!;trevor;methL_CFAA
Trevor;13:23:44;17:05:22;1389.556,3600.622,3600.622;;;;
Trevor;13:23:44;17:05:22;1389.421,3601.138,3601.138;;;;
Trevor;13:23:45;17:05:23;1390.094,3601.642,3601.642;;;;
Trevor;13:23:45;17:05:23;1391.71,3602.405,3602.405;;;;
Trevor;13:23:46;17:05:24;1393.667,3603.21,3603.21;;;;
Trevor;13:23:46;17:05:24;1393.526,3604.322,3604.322;;;;
Trevor;13:23:47;17:05:25;1392.283,3605.273,3605.273;;;;
Trevor;13:23:47;17:05:26;1391.691,3607.141,3607.141;;;;
Trevor;13:23:48;17:05:26;1390.323,3607.632,3607.632;;;;
Trevor;13:23:48;17:05:27;1388.569,3607.241,3607.241;;;;
Trevor;13:23:49;17:05:27;1388.051,3606.427,3606.427;;;;
Trevor;13:23:49;17:05:28;1387.697,3606.748,3606.748;;;;
Trevor;13:23:50;17:05:28;1387.372,3607.227,3607.227;;;;
Trevor;13:23:50;17:05:29;1387.273,3607.083,3607.083;;;;
Trevor;13:23:51;17:05:29;1387.813,3606.708,3606.708;;;;
Trevor;13:23:51;17:05:30;1387.951,3606.783,3606.783;;;;
Trevor;13:23:52;17:05:30;1387.77,3606.872,3606.872;;;;
Trevor;13:23:52;17:05:31;1387.444,3606.898,3606.898;;;;
Trevor;13:23:53;17:05:31;1387.444,3606.899,3606.899;;;;
Trevor;13:23:54;17:05:32;1387.496,3607.006,3607.006;;;;
Trevor;13:23:54;17:05:32;1387.496,3607.006,3607.006;;;;
Trevor;13:23:55;17:05:33;1387.435,3606.926,3606.926;;;;
Trevor;13:23:55;17:05:33;1387.44,3606.942,3606.942;;;;
Trevor;13:23:56;17:05:34;1387.474,3607.023,3607.023;;;;
Trevor;13:23:56;17:05:34;1387.237,3606.95,3606.95;;;;
Trevor;13:23:57;17:05:35;1387.243,3606.939,3606.939;;;;
Trevor;13:23:57;17:05:35;1387.241,3606.937,3606.937;;;;
Trevor;13:23:58;17:05:36;1387.264,3606.855,3606.855;;;;
Trevor;13:23:58;17:05:37;1387.264,3606.855,3606.855;;;;
Trevor;13:23:59;17:05:37;1387.264,3606.855,3606.855;;;;
Trevor;13:23:59;17:05:38;1387.413,3607.133,3607.133;;;;
Trevor;13:24:00;17:05:38;1387.61,3607.414,3607.414;;;;
Trevor;13:24:00;17:05:39;1387.721,3607.069,3607.069;;;;
Trevor;13:24:01;17:05:39;1387.972,3606.952,3606.952;;;;
Trevor;13:24:01;17:05:40;1388.35,3606.447,3606.447;;;;
Trevor;13:24:02;17:05:40;1388.021,3606.818,3606.818;;;;
Trevor;13:24:02;17:05:41;1387.831,3606.908,3606.908;;;;
Trevor;13:24:03;17:05:41;1387.873,3607.004,3607.004;;Now, I really am gonna put you outta business!;trevor;methL_CFAA
Trevor;13:24:03;17:05:42;1387.943,3607.174,3607.174;;;;
Trevor;13:24:04;17:05:42;1387.943,3607.174,3607.174;;;;
Trevor;13:24:05;17:05:43;1388.407,3607.315,3607.315;;;;
Trevor;13:24:05;17:05:43;1389.142,3607.185,3607.185;;;;
Trevor;13:24:06;17:05:44;1389.807,3607.429,3607.429;;;;
Trevor;13:24:06;17:05:44;1390.906,3607.639,3607.639;;Woo! I'm starting to think they really want to kill me!;trevor;methL_CVAA
Trevor;13:24:07;17:05:45;1392.692,3607.531,3607.531;;;;
Trevor;13:24:07;17:05:45;1393.193,3606.068,3606.068;;;;
Trevor;13:24:08;17:05:46;1392.791,3604.079,3604.079;;;;
Trevor;13:24:08;17:05:46;1392.256,3602.216,3602.216;;;;
Trevor;13:24:09;17:05:47;1390.664,3601.126,3601.126;;;;
Trevor;13:24:09;17:05:48;1390.522,3600.949,3600.949;;;;
Trevor;13:24:10;17:05:48;1390.079,3600.549,3600.549;;;;
Trevor;13:24:10;17:05:49;1389.841,3600.302,3600.302;;;;
Trevor;13:24:11;17:05:49;1389.618,3600.453,3600.453;;They're coming around back!;Cook;methL_BDAA
Trevor;13:24:11;17:05:50;1389.626,3600.784,3600.784;;;;
Trevor;13:24:12;17:05:50;1389.58,3601.958,3601.958;;;;
Trevor;13:24:12;17:05:51;1389.871,3602.806,3602.806;;;;
Trevor;13:24:13;17:05:51;1390.536,3601.847,3601.847;;;;
Trevor;13:24:13;17:05:52;1391.453,3601.355,3601.355;;;;
Trevor;13:24:14;17:05:52;1392.287,3602.172,3602.172;;;;
Trevor;13:24:15;17:05:53;1393.807,3603.048,3603.048;;;;
Trevor;13:24:15;17:05:53;1395.74,3603.284,3603.284;;;;
Trevor;13:24:16;17:05:54;1397.654,3604.01,3604.01;;;;
Trevor;13:24:16;17:05:54;1399.68,3604.36,3604.36;;;;
Trevor;13:24:17;17:05:55;1399.664,3605.226,3605.226;;;;
Trevor;13:24:17;17:05:55;1398.122,3606.5,3606.5;;;;
Trevor;13:24:18;17:05:56;1398.399,3608.062,3608.062;;;;
Trevor;13:24:18;17:05:56;1400.286,3608.485,3608.485;;;;
Trevor;13:24:19;17:05:57;1403.335,3609.798,3609.798;;Don't be crazy, T. Get in cover!;Cook;methL_BBAA
Trevor;13:24:19;17:05:58;1406.464,3609.47,3609.47;;;;
Trevor;13:24:20;17:05:58;1407.822,3607.827,3607.827;;;;
Trevor;13:24:20;17:05:59;1409.34,3607.965,3607.965;;;;
Trevor;13:24:21;17:05:59;1409.551,3608.006,3608.006;;This is a place of business.;trevor;methL_CFAA
Trevor;13:24:21;17:06:00;1409.551,3608.006,3608.006;;;;
Trevor;13:24:22;17:06:00;1409.887,3608.079,3608.079;;;;
Trevor;13:24:22;17:06:01;1410.678,3608.212,3608.212;;;;
Trevor;13:24:23;17:06:01;1410.678,3608.212,3608.212;;;;
Trevor;13:24:23;17:06:02;1410.678,3608.212,3608.212;;;;
Trevor;13:24:24;17:06:02;1410.678,3608.212,3608.212;;;;
Trevor;13:24:24;17:06:03;1410.678,3608.212,3608.212;;;;
Trevor;13:24:25;17:06:03;1410.678,3608.212,3608.212;;;;
Trevor;13:24:25;17:06:04;1410.678,3608.212,3608.212;;;;
Trevor;13:24:26;17:06:04;1410.678,3608.212,3608.212;;;;
Trevor;13:24:27;17:06:05;1410.678,3608.212,3608.212;;;;
Trevor;13:24:27;17:06:05;1410.678,3608.212,3608.212;;;;
Trevor;13:24:28;17:06:06;1410.678,3608.212,3608.212;;;;
Trevor;13:24:28;17:06:06;1410.667,3608.208,3608.208;;;;
Trevor;13:24:29;17:06:07;1410.249,3608.06,3608.06;;;;
Trevor;13:24:29;17:06:07;1410.249,3608.06,3608.06;;;;
Trevor;13:24:30;17:06:08;1410.249,3608.06,3608.06;;;;
Trevor;13:24:30;17:06:08;1410.249,3608.06,3608.06;;;;
Trevor;13:24:31;17:06:09;1410.249,3608.06,3608.06;;;;
Trevor;13:24:31;17:06:09;1410.249,3608.06,3608.06;;;;
Trevor;13:24:32;17:06:10;1410.249,3608.06,3608.06;;;;
Trevor;13:24:32;17:06:11;1410.249,3608.06,3608.06;;;;
Trevor;13:24:33;17:06:11;1410.71,3608.231,3608.231;;Come over here, man. I got better weapon for you.;Cook;methL_APAA
Trevor;13:24:33;17:06:12;1410.506,3608.252,3608.252;;;;
Trevor;13:24:34;17:06:12;1410.531,3608.26,3608.26;;;;
Trevor;13:24:34;17:06:13;1410.618,3608.292,3608.292;;;;
Trevor;13:24:35;17:06:13;1410.635,3608.296,3608.296;;;;
Trevor;13:24:35;17:06:14;1410.635,3608.296,3608.296;;;;
Trevor;13:24:36;17:06:14;1410.635,3608.296,3608.296;;;;
Trevor;13:24:36;17:06:15;1410.635,3608.296,3608.296;;;;
Trevor;13:24:37;17:06:15;1410.635,3608.296,3608.296;;;;
Trevor;13:24:37;17:06:16;1410.635,3608.297,3608.297;;;;
Trevor;13:24:38;17:06:16;1410.196,3608.14,3608.14;;;;
Trevor;13:24:39;17:06:17;1410.196,3608.14,3608.14;;;;
Trevor;13:24:39;17:06:17;1410.196,3608.14,3608.14;;;;
Trevor;13:24:40;17:06:18;1410.196,3608.14,3608.14;;;;
Trevor;13:24:40;17:06:18;1410.196,3608.14,3608.14;;;;
Trevor;13:24:41;17:06:19;1410.196,3608.14,3608.14;;;;
Trevor;13:24:41;17:06:19;1410.196,3608.14,3608.14;;;;
Trevor;13:24:42;17:06:20;1410.196,3608.14,3608.14;;;;
Trevor;13:24:42;17:06:20;1410.386,3608.208,3608.208;;Ortega's got a big family.;Cook;methL_BLAA
Trevor;13:24:43;17:06:21;1410.661,3608.305,3608.305;;;;
Trevor;13:24:43;17:06:21;1410.661,3608.305,3608.305;;;;
Trevor;13:24:44;17:06:22;1410.661,3608.305,3608.305;;;;
Trevor;13:24:44;17:06:23;1410.488,3608.242,3608.242;;;;
Trevor;13:24:45;17:06:23;1410.241,3608.148,3608.148;;;;
Trevor;13:24:45;17:06:24;1410.241,3608.148,3608.148;;Come on, you Azteca scumbags!;trevor;methL_CFAA
Trevor;13:24:46;17:06:24;1410.241,3608.148,3608.148;;;;
Trevor;13:24:46;17:06:25;1410.241,3608.148,3608.148;;;;
Trevor;13:24:47;17:06:25;1410.241,3608.148,3608.148;;;;
Trevor;13:24:47;17:06:26;1410.241,3608.148,3608.148;;;;
Trevor;13:24:48;17:06:26;1410.241,3608.148,3608.148;;;;
Trevor;13:24:48;17:06:27;1410.241,3608.148,3608.148;;;;
Trevor;13:24:49;17:06:27;1410.241,3608.148,3608.148;;;;
Trevor;13:24:49;17:06:28;1410.29,3608.167,3608.167;;;;
Trevor;13:24:50;17:06:28;1410.665,3608.307,3608.307;;;;
Trevor;13:24:51;17:06:29;1410.665,3608.307,3608.307;;;;
Trevor;13:24:51;17:06:29;1410.665,3608.307,3608.307;;;;
Trevor;13:24:52;17:06:30;1410.665,3608.307,3608.307;;;;
Trevor;13:24:52;17:06:30;1410.665,3608.307,3608.307;;;;
Trevor;13:24:53;17:06:31;1410.665,3608.307,3608.307;;;;
Trevor;13:24:53;17:06:31;1410.665,3608.307,3608.307;;;;
Trevor;13:24:54;17:06:32;1410.665,3608.307,3608.307;;;;
Trevor;13:24:54;17:06:32;1410.665,3608.307,3608.307;;;;
Trevor;13:24:55;17:06:33;1410.665,3608.307,3608.307;;;;
Trevor;13:24:55;17:06:34;1410.665,3608.307,3608.307;;;;
Trevor;13:24:56;17:06:34;1410.235,3608.148,3608.148;;;;
Trevor;13:24:56;17:06:35;1410.235,3608.148,3608.148;;;;
Trevor;13:24:57;17:06:35;1410.235,3608.148,3608.148;;;;
Trevor;13:24:57;17:06:36;1410.235,3608.148,3608.148;;;;
Trevor;13:24:58;17:06:36;1410.235,3608.148,3608.148;;;;
Trevor;13:24:58;17:06:37;1410.666,3608.307,3608.307;;Rude motherfuckers!;trevor;methL_CFAA
Trevor;13:24:59;17:06:37;1410.666,3608.307,3608.307;;;;
Trevor;13:24:59;17:06:38;1410.666,3608.307,3608.307;;;;
Trevor;13:25:00;17:06:38;1410.666,3608.307,3608.307;;;;
Trevor;13:25:00;17:06:39;1410.212,3608.147,3608.147;;;;
Trevor;13:25:01;17:06:39;1410.212,3608.147,3608.147;;;;
Trevor;13:25:01;17:06:40;1410.212,3608.147,3608.147;;;;
Trevor;13:25:02;17:06:40;1410.212,3608.147,3608.147;;;;
Trevor;13:25:03;17:06:41;1410.337,3608.192,3608.192;;This is above and beyond...;Cook;methL_BKAA
Trevor;13:25:03;17:06:41;1410.665,3608.307,3608.307;;;;
Trevor;13:25:04;17:06:42;1410.665,3608.307,3608.307;;;;
Trevor;13:25:04;17:06:42;1410.665,3608.307,3608.307;;;;
Trevor;13:25:05;17:06:43;1410.665,3608.307,3608.307;;I think they're coming through the shop - let's get to the front!;Cook;methL_CDAA
Trevor;13:25:05;17:06:43;1410.665,3608.307,3608.307;;;;
Trevor;13:25:06;17:06:44;1410.665,3608.307,3608.307;;;;
Trevor;13:25:06;17:06:44;1410.631,3608.296,3608.296;;;;
Trevor;13:25:07;17:06:45;1408.919,3607.959,3607.959;;;;
Trevor;13:25:07;17:06:45;1405.6,3608.578,3608.578;;;;
Trevor;13:25:08;17:06:46;1402.528,3608.969,3608.969;;Excuse me.;trevor;methL_AMAA
Trevor;13:25:08;17:06:47;1399.376,3608.188,3608.188;;;;
Trevor;13:25:09;17:06:47;1397.559,3607.793,3607.793;;;;
Trevor;13:25:09;17:06:48;1397.083,3608.312,3608.312;;;;
Trevor;13:25:10;17:06:48;1396.613,3609.026,3609.026;;;;
Trevor;13:25:10;17:06:49;1396.128,3609.82,3609.82;;;;
Trevor;13:25:11;17:06:49;1395.613,3611.111,3611.111;;;;
Trevor;13:25:11;17:06:50;1394.913,3612.827,3612.827;;;;
Trevor;13:25:12;17:06:50;1393.299,3612.972,3612.972;;;;
Trevor;13:25:12;17:06:51;1391.428,3613.239,3613.239;;;;
Trevor;13:25:13;17:06:51;1390.103,3613.669,3613.669;;;;
Trevor;13:25:13;17:06:52;1388.239,3613.639,3613.639;;;;
Trevor;13:25:14;17:06:52;1386.468,3612.854,3612.854;;;;
Trevor;13:25:15;17:06:53;1386.302,3611.479,3611.479;;;;
Trevor;13:25:15;17:06:53;1387.046,3610.026,3610.026;;;;
Trevor;13:25:16;17:06:54;1388.432,3610.676,3610.676;;;;
Trevor;13:25:16;17:06:54;1389.937,3611.395,3611.395;;;;
Trevor;13:25:17;17:06:55;1390.857,3611.791,3611.791;;;;
Trevor;13:25:17;17:06:55;1391.48,3611.883,3611.883;;;;
Trevor;13:25:18;17:06:56;1393.159,3611.944,3611.944;;;;
Trevor;13:25:18;17:06:56;1395.266,3612.301,3612.301;;;;
Trevor;13:25:19;17:06:57;1396.033,3611.277,3611.277;;Get behind here - they're coming in!;Cook;methL_ASAA
Trevor;13:25:19;17:06:57;1396.239,3610.366,3610.366;;;;
Trevor;13:25:20;17:06:58;1395.781,3609.967,3609.967;;;;
Trevor;13:25:20;17:06:59;1395.575,3609.776,3609.776;;;;
Trevor;13:25:21;17:06:59;1395.48,3609.608,3609.608;;;;
Trevor;13:25:21;17:07:00;1395.48,3609.608,3609.608;;;;
Trevor;13:25:22;17:07:00;1395.48,3609.608,3609.608;;;;
Trevor;13:25:22;17:07:01;1395.48,3609.608,3609.608;;;;
Trevor;13:25:23;17:07:01;1395.48,3609.608,3609.608;;;;
Trevor;13:25:23;17:07:02;1395.48,3609.608,3609.608;;;;
Trevor;13:25:24;17:07:02;1395.48,3609.608,3609.608;;;;
Trevor;13:25:24;17:07:03;1395.177,3609.464,3609.464;;;;
Trevor;13:25:25;17:07:03;1395.057,3609.46,3609.46;;;;
Trevor;13:25:25;17:07:04;1394.738,3609.098,3609.098;;;;
Trevor;13:25:26;17:07:04;1394.731,3608.832,3608.832;;;;
Trevor;13:25:27;17:07:05;1394.529,3608.832,3608.832;;;;
Trevor;13:25:27;17:07:05;1394.482,3608.832,3608.832;;;;
Trevor;13:25:28;17:07:06;1393.898,3608.793,3608.793;;;;
Trevor;13:25:28;17:07:06;1393.257,3608.709,3608.709;;;;
Trevor;13:25:29;17:07:07;1392.627,3608.515,3608.515;;That fuckin' puto shot Ortega cold, ese.;azteca1;methL_CMAA
Trevor;13:25:29;17:07:07;1392.046,3608.24,3608.24;;;;
Trevor;13:25:30;17:07:08;1391.491,3608.017,3608.017;;;;
Trevor;13:25:30;17:07:08;1390.954,3607.782,3607.782;;;;
Trevor;13:25:31;17:07:09;1390.421,3607.526,3607.526;;;;
Trevor;13:25:31;17:07:10;1389.944,3607.175,3607.175;;;;
Trevor;13:25:32;17:07:10;1389.86,3607.026,3607.026;;;;
Trevor;13:25:32;17:07:11;1390.374,3607.014,3607.014;;;;
Trevor;13:25:33;17:07:11;1390.443,3607.035,3607.035;;;;
Trevor;13:25:33;17:07:12;1390.092,3606.9,3606.9;;;;
Trevor;13:25:34;17:07:12;1389.605,3606.756,3606.756;;;;
Trevor;13:25:34;17:07:13;1389.287,3606.667,3606.667;;;;
Trevor;13:25:35;17:07:13;1388.751,3606.359,3606.359;;;;
Trevor;13:25:35;17:07:14;1388.721,3605.875,3605.875;;Look at them! They're broken!;Cook;methL_BCAA
Trevor;13:25:36;17:07:14;1388.76,3605.811,3605.811;;;;
Trevor;13:25:36;17:07:15;1388.8,3605.744,3605.744;;;;
Trevor;13:25:37;17:07:15;1388.841,3605.672,3605.672;;;;
Trevor;13:25:38;17:07:16;1388.883,3605.598,3605.598;;;;
Trevor;13:25:38;17:07:16;1388.925,3605.523,3605.523;;;;
Trevor;13:25:39;17:07:17;1389.033,3605.331,3605.331;;;;
Trevor;13:25:39;17:07:17;1389.472,3604.581,3604.581;;;;
Trevor;13:25:40;17:07:18;1389.994,3603.893,3603.893;;;;
Trevor;13:25:40;17:07:18;1390.625,3603.406,3603.406;;;;
Trevor;13:25:41;17:07:19;1391.399,3603.177,3603.177;;;;
Trevor;13:25:41;17:07:19;1391.887,3602.65,3602.65;;Screw the Aztecas!;Cook;methL_AVAA
Trevor;13:25:42;17:07:20;1392.503,3602.247,3602.247;;;;
Trevor;13:25:42;17:07:21;1393.541,3601.029,3601.029;;;;
Trevor;13:25:43;17:07:21;1394.307,3599.668,3599.668;;;;
Trevor;13:25:43;17:07:22;1394.397,3598.076,3598.076;;;;
Trevor;13:25:44;17:07:22;1395.811,3597.48,3597.48;;;;
Trevor;13:25:44;17:07:23;1396.754,3597.19,3597.19;;Go back to the lab, and get me a damage report.;trevor;methL_AKAA
Trevor;13:25:45;17:07:23;1397.473,3596.948,3596.948;;;;
Trevor;13:25:45;17:07:24;1398.825,3596.981,3596.981;;;;
Trevor;13:25:46;17:07:24;1400.763,3597.463,3597.463;;;;
Trevor;13:25:46;17:07:25;1401.998,3597.474,3597.474;;;;
Trevor;13:25:47;17:07:25;1402.734,3597.458,3597.458;;;;
Trevor;13:25:47;17:07:26;1403.406,3597.688,3597.688;;;;
Trevor;13:25:48;17:07:26;1404.132,3597.761,3597.761;;I got to let our potential business partners out the ice chest.;trevor;methL_ALAA
Trevor;13:25:48;17:07:27;1404.872,3597.904,3597.904;;;;
Trevor;13:25:49;17:07:27;1405.603,3598.032,3598.032;;;;
Trevor;13:25:50;17:07:28;1405.848,3598.076,3598.076;;;;
Trevor;13:25:50;17:07:28;1405.848,3598.076,3598.076;;;;
Trevor;13:25:51;17:07:29;1405.848,3598.076,3598.076;;;;
Trevor;13:25:51;17:07:29;1405.042,3598.271,3598.271;;;;
Trevor;13:25:52;17:07:30;1403.372,3599.057,3599.057;;;;
Trevor;13:25:52;17:07:30;1401.947,3598.311,3598.311;;;;
Trevor;13:25:53;17:07:31;1399.379,3598.047,3598.047;;;;
Trevor;13:25:53;17:07:31;1396.594,3598.087,3598.087;;;;
Trevor;13:25:54;17:07:32;1393.351,3596.803,3596.803;;;;
Trevor;13:25:54;17:07:33;1391.932,3596.576,3596.576;;Y'alright, time to recommence the tour, gentlemen.;trevor;methL_DCAA
Trevor;13:25:55;17:07:33;1391.078,3596.562,3596.562;;;;
Trevor;13:25:55;17:07:34;1390.376,3596.933,3596.933;;;;
Trevor;13:25:56;17:07:34;1389.79,3597.515,3597.515;;;;
Trevor;13:25:56;17:07:35;1389.461,3597.869,3597.869;;;;
Trevor;13:25:57;17:07:35;1389.431,3597.898,3597.898;;Wooohoooo.;cheng;methL_DBAA
Trevor;13:25:57;17:07:36;1389.43,3597.898,3597.898;;;;
Trevor;13:25:58;17:07:36;1389.43,3597.898,3597.898;;;;
Trevor;13:25:58;17:07:37;1389.43,3597.898,3597.898;;;;
Trevor;13:25:59;17:07:37;1389.43,3597.898,3597.898;;;;
Trevor;13:25:59;17:07:38;1389.43,3597.898,3597.898;;;;
Trevor;13:26:00;17:07:38;1389.43,3597.898,3597.898;;;;
Trevor;13:26:00;17:07:39;1389.43,3597.898,3597.898;;;;
Trevor;13:26:01;17:07:39;1389.43,3597.898,3597.898;;;;
Trevor;13:26:02;17:07:40;1389.43,3597.898,3597.898;;;;
Trevor;13:26:02;17:07:40;1389.43,3597.898,3597.898;;;;
Trevor;13:26:03;17:07:41;1389.43,3597.898,3597.898;;;;
Trevor;13:26:03;17:07:41;1389.43,3597.898,3597.898;;;;
Trevor;13:26:04;17:07:42;1386.365,3598.447,3598.447;;I think we have seen quite enough.;Cutscene;Cutscene
Trevor;13:26:04;17:07:42;1386.516,3598.231,3598.231;;;;
Trevor;13:26:05;17:07:43;1386.467,3598.039,3598.039;;;;
Trevor;13:26:05;17:07:43;1386.408,3598.054,3598.054;;;;
Trevor;13:26:06;17:07:44;1386.424,3598.124,3598.124;;;;
Trevor;13:26:06;17:07:45;1386.445,3598.079,3598.079;;It's time to go!;Cutscene;Cutscene
Trevor;13:26:07;17:07:45;1386.452,3598.081,3598.081;;But we haven't even hit the main room!;Cutscene;Cutscene
Trevor;13:26:07;17:07:46;1386.452,3598.084,3598.084;;;;
Trevor;13:26:08;17:07:46;1386.474,3598.005,3598.005;;;;
Trevor;13:26:08;17:07:47;1386.636,3597.65,3597.65;;;;
Trevor;13:26:09;17:07:47;1388.004,3596.271,3596.271;;;;
Trevor;13:26:09;17:07:48;1388.438,3595.89,3595.89;;I'll swing by and sign the contracts, alright?;Cutscene;Cutscene
Trevor;13:26:10;17:07:48;1388.813,3595.631,3595.631;;;;
Trevor;13:26:10;17:07:49;1389.154,3595.497,3595.497;;;;
Trevor;13:26:11;17:07:49;1389.135,3595.367,3595.367;;;;
Trevor;13:26:11;17:07:50;1388.856,3595.274,3595.274;;Just ignore the bodies.;Cutscene;Cutscene
Trevor;13:26:12;17:07:50;1388.58,3595.284,3595.284;;;;
Trevor;13:26:12;17:07:51;1388.234,3595.26,3595.26;;;;
Trevor;13:26:13;17:07:51;1389.34,3597.66,3597.66;;;;
Trevor;13:26:14;17:07:52;1389.34,3597.66,3597.66;;;;
Trevor;13:26:14;17:07:52;1389.34,3597.66,3597.66;;Hey, Trevor!;Cutscene;Cutscene
Trevor;13:26:15;17:07:53;1389.34,3597.66,3597.66;;;;
Trevor;13:26:15;17:07:53;1387.733,3595.167,3595.167;;Are we still gonna cook that batch?;Cutscene;Cutscene
Trevor;13:26:16;17:07:54;1387.725,3595.082,3595.082;;;;
Trevor;13:26:16;17:07:54;1387.728,3595.146,3595.146;;Fuck yeah!;Cutscene;Cutscene
Trevor;13:26:17;17:07:55;1387.771,3595.583,3595.583;;;;
Trevor;13:26:17;17:07:55;1387.84,3595.855,3595.855;;;;
Trevor;13:26:18;17:07:56;1387.901,3595.249,3595.249;;Okay.;Cutscene;Cutscene
Trevor;13:26:18;17:07:57;1387.872,3594.875,3594.875;;;;
Trevor;13:26:19;17:07:57;1387.991,3594.542,3594.542;;;;
Trevor;13:26:19;17:07:58;1388.031,3594.366,3594.366;;;;
Trevor;13:26:20;17:07:58;1387.894,3594.323,3594.323;;;;
Trevor;13:26:20;17:07:59;1387.922,3594.24,3594.24;;;;
Trevor;13:26:21;17:07:59;1387.982,3594.23,3594.23;;;;
Trevor;13:26:21;17:08:00;1388.002,3594.267,3594.267;;;;
Trevor;13:26:22;17:08:00;1387.978,3594.297,3594.297;;;;
Trevor;13:26:22;17:08:01;1387.941,3594.304,3594.304;;;;
Trevor;13:26:23;17:08:01;1387.921,3594.164,3594.164;;;;
Trevor;13:26:23;17:08:02;1388.098,3593.239,3593.239;;;;
Trevor;13:26:24;17:08:02;1388.285,3592.275,3592.275;;;;
Trevor;13:26:24;17:08:03;1388.846,3591.627,3591.627;;;;
Trevor;13:26:25;17:08:03;1389.61,3591.937,3591.937;;;;
Trevor;13:26:26;17:08:04;1390.301,3592.513,3592.513;;;;
Trevor;13:26:26;17:08:04;1391.18,3592.689,3592.689;;;;
Trevor;13:26:27;17:08:05;1392.136,3592.857,3592.857;;;;
Trevor;13:26:27;17:08:05;1393.084,3593.023,3593.023;;;;
Trevor;13:26:28;17:08:06;1394.031,3593.189,3593.189;;;;
Trevor;13:26:28;17:08:06;1394.986,3593.357,3593.357;;;;
Trevor;13:26:29;17:08:07;1395.902,3593.52,3593.52;;;;
Trevor;13:26:29;17:08:07;1396.335,3593.677,3593.677;;;;
Trevor;13:26:30;17:08:08;1396.192,3594.091,3594.091;;;;
Trevor;13:26:30;17:08:09;1396.18,3594.095,3594.095;;;;
Trevor;13:26:31;17:08:09;1395.617,3594.045,3594.045;;;;
Trevor;13:26:31;17:08:10;1393.351,3594.342,3594.342;;;;
Trevor;13:26:32;17:08:10;1393.065,3595.508,3595.508;;;;
Trevor;13:26:32;17:08:11;1395.299,3596.54,3596.54;;;;
Trevor;13:26:33;17:08:11;1398.617,3597.41,3597.41;;;;
Trevor;13:26:33;17:08:12;1402.118,3597.805,3597.805;;;;
Trevor;13:26:34;17:08:12;1405.687,3597.892,3597.892;;;;
Trevor;13:26:34;17:08:13;1409.027,3597.757,3597.757;;;;
Trevor;13:26:35;17:08:13;1410.459,3599.052,3599.052;;;;
Trevor;13:26:35;17:08:14;1410.797,3598.971,3598.971;;;;
Trevor;13:26:36;17:08:14;1410.61,3599.052,3599.052;;;;
Trevor;13:26:48;17:08:27;1410.178,3599.44,3599.44;;;;
Trevor;13:26:49;17:08:27;1409.994,3600.51,3600.51;True,OffRoad,BODHI2,0,009668417,0;;;
Trevor;13:26:50;17:08:28;1409.994,3600.51,3600.51;True,OffRoad,BODHI2,0,00180106,0;;;
Trevor;13:26:50;17:08:28;1409.995,3600.512,3600.512;True,OffRoad,BODHI2,0,004968442,0;;;
Trevor;13:26:51;17:08:29;1409.995,3600.512,3600.512;True,OffRoad,BODHI2,0,0;;;
Trevor;13:26:51;17:08:29;1409.995,3600.512,3600.512;True,OffRoad,BODHI2,0,0;;;
Trevor;13:26:52;17:08:30;1409.993,3600.512,3600.512;True,OffRoad,BODHI2,0,02889344,1;;;
Trevor;13:26:52;17:08:30;1409.615,3600.25,3600.25;True,OffRoad,BODHI2,2,192369,1;;;
Trevor;13:26:53;17:08:31;1408.081,3598.75,3598.75;True,OffRoad,BODHI2,6,127341,1;;;
Trevor;13:26:53;17:08:31;1406.474,3594.9,3594.9;True,OffRoad,BODHI2,9,166615,0;;;
Trevor;13:26:54;17:08:32;1407.553,3591.132,3591.132;True,OffRoad,BODHI2,6,522308,0;;;
Trevor;13:26:54;17:08:33;1410.101,3589.299,3589.299;True,OffRoad,BODHI2,6,822533,1;;;
Trevor;13:26:55;17:08:33;1414.474,3588.896,3588.896;True,OffRoad,BODHI2,10,32904,1;;;
Trevor;13:26:55;17:08:34;1419.618,3590.29,3590.29;True,OffRoad,BODHI2,9,445798,1;;;
Trevor;13:26:56;17:08:34;1424.707,3592.237,3592.237;True,OffRoad,BODHI2,11,63597,1;;;
Trevor;13:26:56;17:08:35;1431.096,3594.44,3594.44;True,OffRoad,BODHI2,14,12557,1;;;
Trevor;13:26:57;17:08:35;1438.641,3597.003,3597.003;True,OffRoad,BODHI2,16,39998,1;;;
Trevor;13:26:57;17:08:36;1447.231,3599.917,3599.917;True,OffRoad,BODHI2,18,63937,1;;;
Trevor;13:26:58;17:08:36;1456.988,3603.223,3603.223;True,OffRoad,BODHI2,20,3126,0;;;
Trevor;13:26:58;17:08:37;1466.521,3606.439,3606.439;True,OffRoad,BODHI2,18,21469,0;;;
Trevor;13:26:59;17:08:37;1475.407,3610.088,3610.088;True,OffRoad,BODHI2,19,50109,1;;;
Trevor;13:26:59;17:08:38;1485.256,3614.123,3614.123;True,OffRoad,BODHI2,21,26033,1;;;
Trevor;13:27:00;17:08:38;1496.103,3617.732,3617.732;True,OffRoad,BODHI2,22,15156,0;;;
Trevor;13:27:00;17:08:39;1506.64,3621.221,3621.221;True,OffRoad,BODHI2,21,14765,1;;;
Trevor;13:27:01;17:08:39;1516.746,3626.212,3626.212;True,OffRoad,BODHI2,22,29817,1;;;
Trevor;13:27:02;17:08:40;1526.536,3631.97,3631.97;True,OffRoad,BODHI2,20,7625,0;;;
Trevor;13:27:02;17:08:40;1535.631,3636.79,3636.79;True,OffRoad,BODHI2,18,71798,0;;;
Trevor;13:27:03;17:08:41;1543.583,3640.98,3640.98;True,OffRoad,BODHI2,14,31486,0;;;
Trevor;13:27:03;17:08:41;1549.694,3644.203,3644.203;True,OffRoad,BODHI2,12,44559,0;;;
Trevor;13:27:04;17:08:42;1555.001,3647.004,3647.004;True,OffRoad,BODHI2,10,65914,1;;;
Trevor;13:27:04;17:08:42;1559.93,3649.603,3649.603;True,OffRoad,BODHI2,10,72017,1;;;
Trevor;13:27:05;17:08:43;1565.424,3652.498,3652.498;True,OffRoad,BODHI2,13,15636,1;;;
Trevor;13:27:05;17:08:43;1571.753,3656.551,3656.551;True,OffRoad,BODHI2,15,22598,1;;;
Trevor;13:27:06;17:08:44;1577.022,3662.117,3662.117;True,OffRoad,BODHI2,13,74992,1;;;
Trevor;13:27:06;17:08:45;1583.036,3667.208,3667.208;True,OffRoad,BODHI2,16,14656,1;;;
Trevor;13:27:07;17:08:45;1588.213,3674.327,3674.327;True,OffRoad,BODHI2,17,62496,1;;;
Trevor;13:27:07;17:08:46;1590.972,3683.958,3683.958;True,OffRoad,BODHI2,21,65435,1;;;
Trevor;13:27:08;17:08:46;1590.682,3695.22,3695.22;True,OffRoad,BODHI2,20,26882,0;;;
Trevor;13:27:08;17:08:47;1587.704,3704.619,3704.619;True,OffRoad,BODHI2,17,93428,0;;;
Trevor;13:27:09;17:08:47;1584.238,3712.694,3712.694;True,OffRoad,BODHI2,15,1072,0;;;
Trevor;13:27:09;17:08:48;1584.799,3719.677,3719.677;True,OffRoad,BODHI2,12,51348,1;;;
Trevor;13:27:10;17:08:48;1589.502,3724.82,3724.82;True,OffRoad,BODHI2,14,59071,1;;;
Trevor;13:27:10;17:08:49;1596.036,3730,3730;True,OffRoad,BODHI2,17,07687,1;;;
Trevor;13:27:11;17:08:49;1603.585,3735.584,3735.584;True,OffRoad,BODHI2,19,12313,1;;;
Trevor;13:27:11;17:08:50;1612.555,3741.267,3741.267;True,OffRoad,BODHI2,21,07106,1;;;
Trevor;13:27:12;17:08:50;1621.558,3747.429,3747.429;True,OffRoad,BODHI2,20,09697,0;;;
Trevor;13:27:13;17:08:51;1629.606,3753.236,3753.236;True,OffRoad,BODHI2,19,28282,1;;;
Trevor;13:27:13;17:08:51;1636.932,3759.811,3759.811;True,OffRoad,BODHI2,18,65612,0;;;
Trevor;13:27:14;17:08:52;1643.432,3766.262,3766.262;True,OffRoad,BODHI2,16,87926,0;;;
Trevor;13:27:14;17:08:52;1650.032,3770.906,3770.906;True,OffRoad,BODHI2,14,38489,0;;;
Trevor;13:27:15;17:08:53;1654.727,3773.154,3773.154;True,OffRoad,BODHI2,8,144128,0;;;
Trevor;13:27:15;17:08:53;1658.103,3773.707,3773.707;True,OffRoad,BODHI2,5,465884,0;;;
Trevor;13:27:16;17:08:54;1661.189,3772.398,3772.398;True,OffRoad,BODHI2,8,112991,1;;;
Trevor;13:27:16;17:08:54;1664.616,3768.575,3768.575;True,OffRoad,BODHI2,10,28106,0;;;
Trevor;13:27:17;17:08:55;1667.764,3764.005,3764.005;True,OffRoad,BODHI2,12,30552,1;;;
Trevor;13:27:17;17:08:56;1672.063,3757.817,3757.817;True,OffRoad,BODHI2,16,05988,1;;;
Trevor;13:27:18;17:08:56;1676.724,3751.132,3751.132;True,OffRoad,BODHI2,14,83376,1;;;
Trevor;13:27:18;17:08:57;1681.522,3744.221,3744.221;True,OffRoad,BODHI2,16,05986,0;;;
Trevor;13:27:19;17:08:57;1686.381,3738.009,3738.009;True,OffRoad,BODHI2,13,48872,0;;;
Trevor;13:27:19;17:08:58;1691.397,3735.207,3735.207;True,OffRoad,BODHI2,8,972911,0;;;
Trevor;13:27:20;17:08:58;1695.316,3736.221,3736.221;True,OffRoad,BODHI2,8,047055,1;;;
Trevor;13:27:20;17:08:59;1699.429,3739.275,3739.275;True,OffRoad,BODHI2,10,0489,0;;;
Trevor;13:27:21;17:08:59;1702.572,3742.745,3742.745;True,OffRoad,BODHI2,7,811037,0;;;
Trevor;13:27:21;17:09:00;1703.262,3745.899,3745.899;True,OffRoad,BODHI2,5,127973,0;;;
Trevor;13:27:22;17:09:00;1702.718,3747.725,3747.725;True,OffRoad,BODHI2,1,798765,0;;;
Trevor;13:27:22;17:09:01;1702.636,3747.741,3747.741;True,OffRoad,BODHI2,0,03627361,0;;;
Trevor;13:27:23;17:09:01;1701.186,3747.307,3747.307;;;;
Trevor;13:27:24;17:09:02;1701.081,3746.974,3746.974;;;;
Trevor;13:27:24;17:09:02;1700.689,3747.026,3747.026;;;;
Trevor;13:27:25;17:09:03;1699.091,3748.354,3748.354;;;;
Trevor;13:27:25;17:09:03;1700.562,3750.796,3750.796;;;;
Trevor;13:27:26;17:09:04;1699.435,3752.424,3752.424;;;;
Trevor;13:27:26;17:09:04;1697.473,3752.971,3752.971;;;;
Trevor;13:27:27;17:09:05;1696.339,3753.938,3753.938;;;;
Trevor;13:27:27;17:09:05;1695.788,3754.856,3754.856;;;;
Trevor;13:27:28;17:09:06;1695.354,3755.755,3755.755;;;;
Trevor;13:27:28;17:09:06;1694.843,3756.72,3756.72;;;;
Trevor;13:27:29;17:09:07;1694.234,3757.552,3757.552;;;;
Trevor;13:27:29;17:09:08;1693.795,3758.57,3758.57;;;;
Trevor;13:27:30;17:09:08;1693.331,3759.526,3759.526;;;;
Trevor;13:27:30;17:09:09;1693.135,3759.908,3759.908;;;;
Trevor;13:27:31;17:09:09;1693.158,3759.935,3759.935;;;;
Trevor;13:27:31;17:09:10;1693.159,3759.935,3759.935;;;;
Trevor;13:27:32;17:09:10;1693.159,3759.935,3759.935;;;;
Trevor;13:27:32;17:09:11;1693.159,3759.935,3759.935;;;;
Trevor;13:27:33;17:09:11;1693.159,3759.935,3759.935;;;;
Trevor;13:27:33;17:09:12;1693.159,3759.935,3759.935;;;;
Trevor;13:27:34;17:09:12;1693.159,3759.935,3759.935;;;;
Trevor;13:27:34;17:09:13;1693.159,3759.935,3759.935;;;;
Trevor;13:27:35;17:09:13;1693.159,3759.935,3759.935;;;;
Trevor;13:27:35;17:09:14;1693.159,3759.935,3759.935;;;;
Trevor;13:27:36;17:09:14;1693.159,3759.935,3759.935;;;;
Trevor;13:27:37;17:09:15;1693.159,3759.935,3759.935;;;;
Trevor;13:27:37;17:09:15;1693.159,3759.935,3759.935;;;;
Trevor;13:27:38;17:09:16;1693.159,3759.935,3759.935;;;;
Trevor;13:27:38;17:09:16;1693.159,3759.935,3759.935;;;;
Trevor;13:27:39;17:09:17;1693.159,3759.935,3759.935;;;;
Trevor;13:27:39;17:09:17;1693.159,3759.935,3759.935;;;;
Trevor;13:27:40;17:09:18;1693.159,3759.935,3759.935;;;;
Trevor;13:27:40;17:09:18;1693.159,3759.935,3759.935;;;;
Trevor;13:27:41;17:09:19;1693.159,3759.935,3759.935;;;;
Trevor;13:27:41;17:09:19;1693.159,3759.935,3759.935;;;;
Trevor;13:27:42;17:09:20;1693.159,3759.935,3759.935;;;;
Trevor;13:27:42;17:09:21;1693.159,3759.935,3759.935;;;;
Trevor;13:27:43;17:09:21;1693.159,3759.935,3759.935;;;;
Trevor;13:27:43;17:09:22;1693.159,3759.935,3759.935;;;;
Trevor;13:27:44;17:09:22;1693.159,3759.935,3759.935;;;;
Trevor;13:27:44;17:09:23;1693.159,3759.935,3759.935;;;;
Trevor;13:27:45;17:09:23;1693.159,3759.935,3759.935;;;;
Trevor;13:27:45;17:09:24;1693.159,3759.935,3759.935;;;;
Trevor;13:27:46;17:09:24;1693.159,3759.935,3759.935;;;;
Trevor;13:27:46;17:09:25;1693.159,3759.935,3759.935;;;;
Trevor;13:27:47;17:09:25;1693.159,3759.935,3759.935;;;;
Trevor;13:27:47;17:09:26;1693.159,3759.935,3759.935;;;;
Trevor;13:27:48;17:09:26;1693.159,3759.935,3759.935;;;;
Trevor;13:27:48;17:09:27;1693.159,3759.935,3759.935;;;;
Trevor;13:27:49;17:09:27;1693.159,3759.935,3759.935;;;;
Trevor;13:27:50;17:09:28;1693.159,3759.935,3759.935;;;;
Trevor;13:27:50;17:09:28;1693.159,3759.935,3759.935;;;;
Trevor;13:27:51;17:09:29;1693.159,3759.935,3759.935;;;;
Trevor;13:27:51;17:09:29;1693.159,3759.935,3759.935;;;;
Trevor;13:27:52;17:09:30;1693.159,3759.935,3759.935;;;;
Trevor;13:27:52;17:09:30;1693.159,3759.935,3759.935;;;;
Trevor;13:27:53;17:09:31;1693.159,3759.935,3759.935;;;;
Trevor;13:27:53;17:09:31;1693.159,3759.935,3759.935;;;;
Trevor;13:27:54;17:09:32;1693.159,3759.935,3759.935;;;;
Trevor;13:27:54;17:09:32;1693.159,3759.935,3759.935;;;;
Trevor;13:27:55;17:09:33;1693.159,3759.935,3759.935;;;;
Trevor;13:27:55;17:09:34;1693.159,3759.935,3759.935;;;;
Trevor;13:27:56;17:09:34;1693.159,3759.935,3759.935;;;;
Trevor;13:27:56;17:09:35;1693.159,3759.935,3759.935;;;;
Trevor;13:27:57;17:09:35;1693.159,3759.935,3759.935;;;;
Trevor;13:27:57;17:09:36;1693.159,3759.935,3759.935;;;;
Trevor;13:27:58;17:09:36;1693.159,3759.935,3759.935;;;;
Trevor;13:27:58;17:09:37;1693.159,3759.935,3759.935;;;;
Trevor;13:27:59;17:09:37;1693.159,3759.935,3759.935;;;;
Trevor;13:27:59;17:09:38;1693.159,3759.935,3759.935;;;;
Trevor;13:28:00;17:09:38;1693.159,3759.935,3759.935;;;;
Trevor;13:28:00;17:09:39;1693.159,3759.935,3759.935;;;;
Trevor;13:28:01;17:09:39;1693.159,3759.935,3759.935;;;;
Trevor;13:28:01;17:09:40;1693.159,3759.935,3759.935;;;;
Trevor;13:28:02;17:09:40;1693.159,3759.935,3759.935;;;;
Trevor;13:28:03;17:09:41;1693.159,3759.935,3759.935;;;;
Trevor;13:28:03;17:09:41;1693.159,3759.935,3759.935;;;;
Trevor;13:28:04;17:09:42;1693.159,3759.935,3759.935;;;;
Trevor;13:28:04;17:09:42;1693.159,3759.935,3759.935;;;;
Trevor;13:28:05;17:09:43;1693.159,3759.935,3759.935;;;;
Trevor;13:28:05;17:09:43;1693.159,3759.935,3759.935;;;;
Trevor;13:28:06;17:09:44;1693.159,3759.935,3759.935;;;;
Trevor;13:28:06;17:09:44;1693.159,3759.935,3759.935;;;;
Trevor;13:28:07;17:09:45;1693.159,3759.935,3759.935;;;;
Trevor;13:28:07;17:09:45;1693.159,3759.935,3759.935;;;;
Trevor;13:28:08;17:09:46;1693.159,3759.935,3759.935;;;;
Trevor;13:28:08;17:09:46;1693.159,3759.935,3759.935;;;;
Trevor;13:28:09;17:09:47;1693.159,3759.935,3759.935;;;;
Trevor;13:28:09;17:09:48;1693.159,3759.935,3759.935;;;;
Trevor;13:28:10;17:09:48;1693.159,3759.935,3759.935;;;;
Trevor;13:28:10;17:09:49;1693.159,3759.935,3759.935;;;;
Trevor;13:28:11;17:09:49;1693.159,3759.935,3759.935;;;;
Trevor;13:28:11;17:09:50;1693.159,3759.935,3759.935;;;;
Trevor;13:28:12;17:09:50;1693.159,3759.935,3759.935;;;;
Trevor;13:28:12;17:09:51;1693.159,3759.935,3759.935;;;;
Trevor;13:28:13;17:09:51;1693.159,3759.935,3759.935;;;;
Trevor;13:28:13;17:09:52;1693.159,3759.935,3759.935;;;;
Trevor;13:28:14;17:09:52;1693.159,3759.935,3759.935;;;;
Trevor;13:28:14;17:09:53;1693.159,3759.935,3759.935;;;;
Trevor;13:28:15;17:09:53;1693.159,3759.935,3759.935;;;;
Trevor;13:28:15;17:09:54;1693.159,3759.935,3759.935;;;;
Trevor;13:28:16;17:09:54;1693.159,3759.935,3759.935;;;;
Trevor;13:28:17;17:09:55;1693.159,3759.935,3759.935;;;;
Trevor;13:28:17;17:09:55;1693.159,3759.935,3759.935;;;;
Trevor;13:28:18;17:09:56;1693.159,3759.935,3759.935;;;;
Trevor;13:28:18;17:09:56;1693.159,3759.935,3759.935;;;;
Trevor;13:28:19;17:09:57;1693.159,3759.935,3759.935;;;;
Trevor;13:28:19;17:09:57;1693.159,3759.935,3759.935;;;;
Trevor;13:28:20;17:09:58;1693.159,3759.935,3759.935;;;;
Trevor;13:28:20;17:09:58;1693.159,3759.935,3759.935;;;;
Trevor;13:28:21;17:09:59;1693.159,3759.935,3759.935;;;;
Trevor;13:28:21;17:09:59;1693.159,3759.935,3759.935;;;;
Trevor;13:28:22;17:10:00;1693.159,3759.935,3759.935;;;;
Trevor;13:28:22;17:10:00;1693.159,3759.935,3759.935;;;;
Trevor;13:28:23;17:10:01;1693.159,3759.935,3759.935;;;;
Trevor;13:28:23;17:10:02;1693.159,3759.935,3759.935;;;;
Trevor;13:28:24;17:10:02;1693.159,3759.935,3759.935;;;;
Trevor;13:28:24;17:10:03;1693.159,3759.935,3759.935;;;;
Trevor;13:28:25;17:10:03;1693.159,3759.935,3759.935;;;;
Trevor;13:28:25;17:10:04;1693.159,3759.935,3759.935;;;;
Trevor;13:28:26;17:10:04;1693.159,3759.935,3759.935;;;;
Trevor;13:28:26;17:10:05;1693.159,3759.935,3759.935;;;;
Trevor;13:28:27;17:10:05;1693.159,3759.935,3759.935;;;;
Trevor;13:28:27;17:10:06;1693.159,3759.935,3759.935;;;;
Trevor;13:28:28;17:10:06;1693.159,3759.935,3759.935;;;;
Trevor;13:28:28;17:10:07;1693.159,3759.935,3759.935;;;;
Trevor;13:28:29;17:10:07;1693.159,3759.935,3759.935;;;;
Trevor;13:28:29;17:10:08;1693.159,3759.935,3759.935;;;;
Trevor;13:28:30;17:10:08;1693.159,3759.935,3759.935;;;;
Trevor;13:28:31;17:10:09;1693.159,3759.935,3759.935;;;;
Trevor;13:28:31;17:10:09;1693.105,3759.753,3759.753;;;;
Trevor;13:28:32;17:10:10;1692.778,3758.95,3758.95;;;;
Trevor;13:28:32;17:10:10;1693.107,3758.005,3758.005;;;;
Trevor;13:28:33;17:10:11;1693.791,3757.198,3757.198;;;;
Trevor;13:28:33;17:10:11;1694.604,3756.453,3756.453;;;;
Trevor;13:28:34;17:10:12;1695.406,3755.681,3755.681;;;;
Trevor;13:28:34;17:10:12;1695.974,3754.81,3754.81;;;;
Trevor;13:28:35;17:10:13;1696.298,3754.037,3754.037;;;;
Trevor;13:28:35;17:10:14;1697.241,3753.712,3753.712;;;;
Trevor;13:28:36;17:10:14;1698.115,3753.385,3753.385;;;;
Trevor;13:28:36;17:10:15;1698.722,3753.545,3753.545;;;;
Trevor;13:28:37;17:10:15;1698.262,3754.116,3754.116;;;;
Trevor;13:28:37;17:10:16;1697.285,3754.5,3754.5;;;;
Trevor;13:28:38;17:10:16;1696.246,3754.776,3754.776;;;;
Trevor;13:28:38;17:10:17;1695.506,3754.936,3754.936;;;;
Trevor;13:28:39;17:10:17;1695.25,3755.009,3755.009;;;;
Trevor;13:28:39;17:10:18;1695.223,3755.032,3755.032;;;;
Trevor;13:28:40;17:10:18;1695.223,3755.032,3755.032;;;;
Trevor;13:28:41;17:10:19;1695.223,3755.032,3755.032;;;;
Trevor;13:28:41;17:10:19;1695.223,3755.032,3755.032;;;;
Trevor;13:28:42;17:10:20;1695.223,3755.032,3755.032;;;;
Trevor;13:28:42;17:10:20;1695.223,3755.032,3755.032;;;;
Trevor;13:28:43;17:10:21;1695.223,3755.032,3755.032;;;;
Trevor;13:28:43;17:10:21;1695.223,3755.032,3755.032;;;;
Trevor;13:28:44;17:10:22;1695.223,3755.032,3755.032;;;;
Trevor;13:28:44;17:10:22;1695.223,3755.032,3755.032;;;;
Trevor;13:28:45;17:10:23;1695.223,3755.032,3755.032;;;;
Trevor;13:28:45;17:10:23;1695.39,3754.938,3754.938;;;;
Trevor;13:28:46;17:10:24;1696.08,3754.376,3754.376;;;;
Trevor;13:28:46;17:10:25;1696.91,3753.794,3753.794;;;;
Trevor;13:28:47;17:10:25;1697.664,3753.041,3753.041;;;;
Trevor;13:28:47;17:10:26;1698.551,3752.364,3752.364;;;;
Trevor;13:28:48;17:10:26;1699.727,3751.708,3751.708;;;;
Trevor;13:28:48;17:10:27;1702.031,3750.929,3750.929;;;;
Trevor;13:28:49;17:10:27;1703.791,3749.854,3749.854;;;;
Trevor;13:28:49;17:10:28;1704.317,3747.789,3747.789;;;;
Trevor;13:28:50;17:10:28;1704.316,3747.788,3747.788;;;;
Trevor;13:28:50;17:10:29;1704.007,3747.842,3747.842;;;;
Trevor;13:28:51;17:10:29;1702.635,3747.749,3747.749;True,OffRoad,BODHI2,0,03200654,0;;;
Trevor;13:28:51;17:10:30;1702.635,3747.748,3747.748;True,OffRoad,BODHI2,0,0;;;
Trevor;13:28:52;17:10:30;1702.635,3747.748,3747.748;True,OffRoad,BODHI2,0,0;;;
Trevor;13:28:53;17:10:31;1702.635,3747.748,3747.748;True,OffRoad,BODHI2,0,0;;;
Trevor;13:28:53;17:10:31;1702.635,3747.747,3747.747;True,OffRoad,BODHI2,0,03180309,-1;;;
Trevor;13:28:54;17:10:32;1702.792,3747.427,3747.427;True,OffRoad,BODHI2,1,875493,-1;;;
Trevor;13:28:54;17:10:32;1703.314,3745.972,3745.972;True,OffRoad,BODHI2,2,099712,0;;;
Trevor;13:28:55;17:10:33;1703.3,3746.062,3746.062;True,OffRoad,BODHI2,1,51905,1;;;
Trevor;13:28:55;17:10:33;1704.12,3747.757,3747.757;True,OffRoad,BODHI2,5,857597,1;;;
Trevor;13:28:56;17:10:34;1707.082,3750.413,3750.413;True,OffRoad,BODHI2,9,43538,1;;;
Trevor;13:28:56;17:10:34;1712.327,3751.653,3751.653;True,OffRoad,BODHI2,10,34477,0;;;
Trevor;13:28:57;17:10:35;1717.827,3752.138,3752.138;True,OffRoad,BODHI2,11,74347,1;;;
Trevor;13:28:57;17:10:35;1724.925,3752.735,3752.735;True,OffRoad,BODHI2,15,25187,1;;;
Trevor;13:28:58;17:10:36;1733.76,3753.542,3753.542;True,OffRoad,BODHI2,17,23991,0;;;
Trevor;13:28:58;17:10:37;1742.449,3754.508,3754.508;True,OffRoad,BODHI2,17,55495,1;;;
Trevor;13:28:59;17:10:37;1752.064,3756.598,3756.598;True,OffRoad,BODHI2,19,73386,1;;;
Trevor;13:28:59;17:10:38;1761.846,3761.34,3761.34;True,OffRoad,BODHI2,21,88988,1;;;
Trevor;13:29:00;17:10:38;1772.257,3765.802,3765.802;True,OffRoad,BODHI2,20,95344,0;;;
Trevor;13:29:00;17:10:39;1782.152,3770.726,3770.726;True,OffRoad,BODHI2,21,80276,1;;;
Trevor;13:29:01;17:10:39;1792.328,3776.642,3776.642;True,OffRoad,BODHI2,23,20817,1;;;
Trevor;13:29:01;17:10:40;1803.246,3782.807,3782.807;True,OffRoad,BODHI2,24,59939,1;;;
Trevor;13:29:02;17:10:40;1814.725,3788.943,3788.943;True,OffRoad,BODHI2,24,96087,0;;;
Trevor;13:29:02;17:10:41;1825.957,3794.941,3794.941;True,OffRoad,BODHI2,24,65442,1;;;
Trevor;13:29:03;17:10:41;1837.619,3801.643,3801.643;True,OffRoad,BODHI2,28,13985,1;;;
Trevor;13:29:03;17:10:42;1850.749,3809.62,3809.62;True,OffRoad,BODHI2,30,14079,1;;;
Trevor;13:29:04;17:10:42;1864.501,3817.938,3817.938;True,OffRoad,BODHI2,31,00948,1;;;
Trevor;13:29:05;17:10:43;1878.347,3826.289,3826.289;True,OffRoad,BODHI2,29,79996,0;;;
Trevor;13:29:05;17:10:43;1891.047,3833.941,3833.941;True,OffRoad,BODHI2,27,4509,0;;;
Trevor;13:29:06;17:10:44;1902.977,3840.792,3840.792;True,OffRoad,BODHI2,25,16592,0;;;
Trevor;13:29:06;17:10:44;1914.464,3846.726,3846.726;True,OffRoad,BODHI2,24,34672,0;;;
Trevor;13:29:07;17:10:45;1925.699,3852.738,3852.738;True,OffRoad,BODHI2,23,85714,0;;;
Trevor;13:29:07;17:10:45;1935.969,3858.983,3858.983;True,OffRoad,BODHI2,21,66935,0;;;
Trevor;13:29:08;17:10:46;1944.516,3864.292,3864.292;True,OffRoad,BODHI2,17,15024,0;;;
Trevor;13:29:08;17:10:46;1951.944,3868.884,3868.884;True,OffRoad,BODHI2,16,55479,0;;;
Trevor;13:29:09;17:10:47;1959.068,3872.827,3872.827;True,OffRoad,BODHI2,14,29827,0;;;
Trevor;13:29:09;17:10:48;1965.452,3873.684,3873.684;True,OffRoad,BODHI2,11,31076,1;;;
Trevor;13:29:10;17:10:48;1970.835,3870.32,3870.32;True,OffRoad,BODHI2,13,65545,1;;;
Trevor;13:29:10;17:10:49;1977.022,3865.255,3865.255;True,OffRoad,BODHI2,16,5285,1;;;
Trevor;13:29:11;17:10:49;1982.754,3858.05,3858.05;True,OffRoad,BODHI2,18,59559,1;;;
Trevor;13:29:11;17:10:50;1987.979,3848.932,3848.932;True,OffRoad,BODHI2,20,26914,0;;;
Trevor;13:29:12;17:10:50;1993.532,3840.482,3840.482;True,OffRoad,BODHI2,18,17265,0;;;
Trevor;13:29:12;17:10:51;1997.802,3832.654,3832.654;True,OffRoad,BODHI2,15,91142,0;;;
Trevor;13:29:13;17:10:51;1999.581,3825.312,3825.312;True,OffRoad,BODHI2,13,29409,0;;;
Trevor;13:29:13;17:10:52;1998.692,3819.023,3819.023;True,OffRoad,BODHI2,11,33639,0;;;
Trevor;13:29:14;17:10:52;1996.372,3813.576,3813.576;True,OffRoad,BODHI2,11,74319,0;I tried, Trevor...;NervousRon;TR2_XXAA
Trevor;13:29:14;17:10:53;1992.073,3810.357,3810.357;True,OffRoad,BODHI2,9,382818,0;;;
Trevor;13:29:15;17:10:53;1988.423,3808.224,3808.224;True,OffRoad,BODHI2,6,782953,0;;;
Trevor;13:29:15;17:10:54;1985.608,3808.028,3808.028;True,OffRoad,BODHI2,4,605361,0;;;
Trevor;13:29:16;17:10:54;1983.193,3808.486,3808.486;True,OffRoad,BODHI2,5,567726,1;;;
Trevor;13:29:17;17:10:55;1980.948,3808.072,3808.072;True,OffRoad,BODHI2,1,490065,0;;;
Trevor;13:29:17;17:10:55;1980.912,3808.065,3808.065;True,OffRoad,BODHI2,0,01219037,0;;;
Trevor;13:29:18;17:10:56;1980.91,3808.063,3808.063;True,OffRoad,BODHI2,0,0008667884,0;;;
Trevor;13:29:18;17:10:56;1981.374,3806.544,3806.544;;;;
Trevor;13:29:19;17:10:57;1981.625,3806.457,3806.457;;;;
Trevor;13:29:19;17:10:57;1982.645,3805.81,3805.81;;;;
Trevor;13:29:20;17:10:58;1984.677,3806.551,3806.551;;;;
Trevor;13:29:20;17:10:58;1984.058,3809.599,3809.599;;;;
Trevor;13:29:21;17:10:59;1984.882,3812.946,3812.946;;;;
Trevor;13:29:21;17:11:00;1983.6,3815.337,3815.337;;Come quick, boss!;NervousRon;TR2_XXAA
Trevor;13:29:22;17:11:00;1980.169,3816.171,3816.171;;;;
Trevor;13:29:22;17:11:01;1979.247,3816.124,3816.124;;;;
Trevor;13:29:23;17:11:01;1978.55,3815.755,3815.755;;;;
Trevor;13:29:23;17:11:02;1976.84,3815.002,3815.002;;They were here for you.;trevor;TR2_FHAB
Trevor;13:29:24;17:11:02;1976.187,3814.834,3814.834;;;;
Trevor;13:29:24;17:11:03;1975.49,3814.857,3814.857;;;;
Trevor;13:29:25;17:11:03;1974.819,3814.856,3814.856;;Here...;Cutscene;Cutscene
Trevor;13:29:25;17:11:04;1974.239,3815.036,3815.036;;;;
Trevor;13:29:26;17:11:04;1973.728,3815.314,3815.314;;For you.;Cutscene;Cutscene
Trevor;13:29:26;17:11:05;1973.312,3815.615,3815.615;;Who was here?;Cutscene;Cutscene
Trevor;13:29:27;17:11:05;1973.053,3815.978,3815.978;;;;
Trevor;13:29:28;17:11:06;1972.915,3816.11,3816.11;;Them bikers.;Cutscene;Cutscene
Trevor;13:29:28;17:11:06;1972.921,3816.146,3816.146;;;;
Trevor;13:29:29;17:11:07;1972.982,3816.171,3816.171;;After you killed Johnny K?;Cutscene;Cutscene
Trevor;13:29:29;17:11:07;1972.983,3816.172,3816.172;;;;
Trevor;13:29:30;17:11:08;1972.958,3816.153,3816.153;;;;
Trevor;13:29:30;17:11:08;1972.902,3816.144,3816.144;;;;
Trevor;13:29:31;17:11:09;1973.317,3817.844,3817.844;;And they damage my stuff, huh?;Cutscene;Cutscene
Trevor;13:29:31;17:11:09;1973.478,3817.904,3817.904;;;;
Trevor;13:29:32;17:11:10;1973.661,3818.046,3818.046;;;;
Trevor;13:29:32;17:11:11;1973.83,3818.238,3818.238;;;;
Trevor;13:29:33;17:11:11;1973.941,3818.31,3818.31;;They smash up my home.;Cutscene;Cutscene
Trevor;13:29:33;17:11:12;1974.162,3818.399,3818.399;;;;
Trevor;13:29:34;17:11:12;1974.29,3818.473,3818.473;;Damage my soul.;Cutscene;Cutscene
Trevor;13:29:34;17:11:13;1974.287,3818.624,3818.624;;;;
Trevor;13:29:35;17:11:13;1974.257,3818.609,3818.609;;;;
Trevor;13:29:35;17:11:14;1974.212,3818.583,3818.583;;;;
Trevor;13:29:36;17:11:14;1974.299,3818.703,3818.703;;;;
Trevor;13:29:36;17:11:15;1974.438,3818.822,3818.822;;;;
Trevor;13:29:37;17:11:15;1974.561,3818.932,3818.932;;;;
Trevor;13:29:37;17:11:16;1974.607,3819.037,3819.037;;Look at this...;Cutscene;Cutscene
Trevor;13:29:38;17:11:16;1974.755,3818.926,3818.926;;;;
Trevor;13:29:39;17:11:17;1974.893,3818.665,3818.665;;this...;Cutscene;Cutscene
Trevor;13:29:39;17:11:17;1974.906,3818.708,3818.708;;this, this, this,;Cutscene;Cutscene
Trevor;13:29:40;17:11:18;1974.81,3819.051,3819.051;;;;
Trevor;13:29:40;17:11:18;1974.885,3819.395,3819.395;;this statue here of Impotent Rage.;Cutscene;Cutscene
Trevor;13:29:41;17:11:19;1975.129,3819.746,3819.746;;;;
Trevor;13:29:41;17:11:19;1975.205,3819.946,3819.946;;;;
Trevor;13:29:42;17:11:20;1975.308,3820.019,3820.019;;;;
Trevor;13:29:42;17:11:20;1975.501,3820.255,3820.255;;This fucking meant more to me than Johnny K meant to anyone.;Cutscene;Cutscene
Trevor;13:29:43;17:11:21;1975.612,3820.292,3820.292;;;;
Trevor;13:29:43;17:11:22;1975.653,3820.358,3820.358;;;;
Trevor;13:29:44;17:11:22;1975.55,3820.282,3820.282;;;;
Trevor;13:29:44;17:11:23;1975.438,3820.123,3820.123;;;;
Trevor;13:29:45;17:11:23;1975.475,3820.093,3820.093;;;;
Trevor;13:29:45;17:11:24;1975.398,3819.947,3819.947;;;;
Trevor;13:29:46;17:11:24;1975.364,3819.831,3819.831;;And they smashed it.;Cutscene;Cutscene
Trevor;13:29:46;17:11:25;1975.508,3819.77,3819.77;;;;
Trevor;13:29:47;17:11:25;1975.542,3819.732,3819.732;;;;
Trevor;13:29:47;17:11:26;1975.425,3819.735,3819.735;;Those pathetic,;Cutscene;Cutscene
Trevor;13:29:48;17:11:26;1975.375,3819.855,3819.855;;;;
Trevor;13:29:48;17:11:27;1975.266,3819.886,3819.886;;;;
Trevor;13:29:49;17:11:27;1975.135,3819.83,3819.83;;midlife crisis,;Cutscene;Cutscene
Trevor;13:29:50;17:11:28;1975.18,3819.843,3819.843;;;;
Trevor;13:29:50;17:11:28;1975.215,3819.855,3819.855;;;;
Trevor;13:29:51;17:11:29;1975.093,3819.772,3819.772;;hog-riding,;Cutscene;Cutscene
Trevor;13:29:51;17:11:29;1975.062,3819.723,3819.723;;;;
Trevor;13:29:52;17:11:30;1975.057,3819.679,3819.679;;shaven-headed,;Cutscene;Cutscene
Trevor;13:29:52;17:11:30;1974.969,3819.579,3819.579;;;;
Trevor;13:29:53;17:11:31;1974.954,3819.536,3819.536;;;;
Trevor;13:29:53;17:11:31;1974.872,3819.381,3819.381;;fruity leather-chap-wearing fucking assholes!;Cutscene;Cutscene
Trevor;13:29:54;17:11:32;1974.668,3819.173,3819.173;;;;
Trevor;13:29:54;17:11:33;1974.616,3818.962,3818.962;;;;
Trevor;13:29:55;17:11:33;1974.563,3818.751,3818.751;;;;
Trevor;13:29:55;17:11:34;1974.336,3818.654,3818.654;;;;
Trevor;13:29:56;17:11:34;1974.294,3818.632,3818.632;;;;
Trevor;13:29:56;17:11:35;1974.438,3818.649,3818.649;;;;
Trevor;13:29:57;17:11:35;1974.49,3818.663,3818.663;;They're assholes, Trevor.;Cutscene;Cutscene
Trevor;13:29:57;17:11:36;1974.354,3818.634,3818.634;;;;
Trevor;13:29:58;17:11:36;1974.337,3818.514,3818.514;;;;
Trevor;13:29:58;17:11:37;1974.431,3818.4,3818.4;;They are, they're chap-wearing assholes!;Cutscene;Cutscene
Trevor;13:29:59;17:11:37;1974.46,3818.518,3818.518;;;;
Trevor;13:29:59;17:11:38;1974.551,3818.488,3818.488;;;;
Trevor;13:30:00;17:11:38;1974.639,3818.311,3818.311;;;;
Trevor;13:30:01;17:11:39;1974.622,3818.32,3818.32;;;;
Trevor;13:30:01;17:11:39;1974.565,3818.463,3818.463;;;;
Trevor;13:30:02;17:11:40;1974.41,3818.386,3818.386;;Wade, Wade, Wade, you little shit.;Cutscene;Cutscene
Trevor;13:30:02;17:11:40;1974.043,3817.908,3817.908;;;;
Trevor;13:30:03;17:11:41;1973.441,3817.279,3817.279;;Whoa, whoa, whoa, hey.;Cutscene;Cutscene
Trevor;13:30:03;17:11:41;1973.22,3816.333,3816.333;;;;
Trevor;13:30:04;17:11:42;1973.508,3815.61,3815.61;;;;
Trevor;13:30:04;17:11:42;1973.874,3815.18,3815.18;;Michael fucking Townley, right?;Cutscene;Cutscene
Trevor;13:30:05;17:11:43;1974.153,3814.987,3814.987;;;;
Trevor;13:30:05;17:11:44;1974.45,3815.031,3815.031;;;;
Trevor;13:30:06;17:11:44;1974.668,3814.987,3814.987;;Bitch wife.;Cutscene;Cutscene
Trevor;13:30:06;17:11:45;1975.034,3815.019,3815.019;;Two kids.;Cutscene;Cutscene
Trevor;13:30:07;17:11:45;1975.037,3815.015,3815.015;;;;
Trevor;13:30:07;17:11:46;1975.042,3815.007,3815.007;;Forty five.;Cutscene;Cutscene
Trevor;13:30:08;17:11:46;1975.027,3815.002,3815.002;;Find him?;Cutscene;Cutscene
Trevor;13:30:08;17:11:47;1975.019,3814.992,3814.992;;Los Santos is a big, big, place, Trevor.;Cutscene;Cutscene
Trevor;13:30:09;17:11:47;1975.024,3814.99,3814.99;;;;
Trevor;13:30:09;17:11:48;1975.03,3814.996,3814.996;;;;
Trevor;13:30:10;17:11:48;1975.031,3814.999,3814.999;;;;
Trevor;13:30:10;17:11:49;1975.03,3815.001,3815.001;;;;
Trevor;13:30:11;17:11:49;1975.029,3815.003,3815.003;;There's lots of people.;Cutscene;Cutscene
Trevor;13:30:12;17:11:50;1975.025,3815.008,3815.008;;;;
Trevor;13:30:12;17:11:50;1975.194,3815.08,3815.08;;You are fucking useless!;Cutscene;Cutscene
Trevor;13:30:13;17:11:51;1975.498,3814.968,3814.968;;;;
Trevor;13:30:13;17:11:51;1975.715,3815.001,3815.001;;;;
Trevor;13:30:14;17:11:52;1975.884,3815.045,3815.045;;;;
Trevor;13:30:14;17:11:52;1975.938,3814.969,3814.969;;;;
Trevor;13:30:15;17:11:53;1975.945,3814.948,3814.948;;Huh?;Cutscene;Cutscene
Trevor;13:30:15;17:11:53;1975.955,3814.948,3814.948;;;;
Trevor;13:30:16;17:11:54;1975.959,3814.941,3814.941;;Find out who did that fucking robbery, alright?;Cutscene;Cutscene
Trevor;13:30:16;17:11:54;1975.955,3814.937,3814.937;;;;
Trevor;13:30:17;17:11:55;1975.948,3814.941,3814.941;;;;
Trevor;13:30:17;17:11:56;1975.942,3814.944,3814.944;;;;
Trevor;13:30:18;17:11:56;1975.947,3814.95,3814.95;;And if Michael Townley lives there,;Cutscene;Cutscene
Trevor;13:30:18;17:11:57;1975.954,3814.949,3814.949;;;;
Trevor;13:30:19;17:11:57;1975.954,3814.947,3814.947;;;;
Trevor;13:30:19;17:11:58;1975.952,3814.945,3814.945;;;;
Trevor;13:30:20;17:11:58;1975.951,3814.941,3814.941;;or anyone matching his description,;Cutscene;Cutscene
Trevor;13:30:20;17:11:59;1975.949,3814.938,3814.938;;;;
Trevor;13:30:21;17:11:59;1975.951,3814.931,3814.931;;;;
Trevor;13:30:21;17:12:00;1975.946,3814.919,3814.919;;or I'm going to kill you and your fucking cousin!;Cutscene;Cutscene
Trevor;13:30:22;17:12:00;1975.938,3814.914,3814.914;;;;
Trevor;13:30:22;17:12:01;1975.938,3814.909,3814.909;;;;
Trevor;13:30:23;17:12:01;1975.949,3814.914,3814.914;;;;
Trevor;13:30:24;17:12:02;1975.957,3814.932,3814.932;;;;
Trevor;13:30:24;17:12:02;1975.975,3814.945,3814.945;;Am I being clear now?;Cutscene;Cutscene
Trevor;13:30:25;17:12:03;1975.979,3814.949,3814.949;;;;
Trevor;13:30:25;17:12:03;1975.98,3814.95,3814.95;;Yes. Trevor.;Cutscene;Cutscene
Trevor;13:30:26;17:12:04;1975.981,3814.947,3814.947;;;;
Trevor;13:30:26;17:12:04;1975.978,3814.951,3814.951;;;;
Trevor;13:30:27;17:12:05;1975.972,3814.958,3814.958;;;;
Trevor;13:30:27;17:12:05;1975.966,3814.982,3814.982;;Thank you, Wade.;Cutscene;Cutscene
Trevor;13:30:28;17:12:06;1975.953,3815.02,3815.02;;;;
Trevor;13:30:28;17:12:07;1975.885,3815.072,3815.072;;;;
Trevor;13:30:29;17:12:07;1975.796,3815.068,3815.068;;;;
Trevor;13:30:29;17:12:08;1975.706,3815.003,3815.003;;;;
Trevor;13:30:30;17:12:08;1975.672,3815.059,3815.059;;Now, smile.;Cutscene;Cutscene
Trevor;13:30:30;17:12:09;1975.702,3815.098,3815.098;;;;
Trevor;13:30:31;17:12:09;1975.734,3815.121,3815.121;;;;
Trevor;13:30:31;17:12:10;1975.721,3815.115,3815.115;;;;
Trevor;13:30:32;17:12:10;1975.715,3815.098,3815.098;;;;
Trevor;13:30:32;17:12:11;1975.721,3815.073,3815.073;;Yeah...;Cutscene;Cutscene
Trevor;13:30:33;17:12:11;1975.744,3815.03,3815.03;;Alright, that's better.;Cutscene;Cutscene
Trevor;13:30:33;17:12:12;1975.694,3814.984,3814.984;;;;
Trevor;13:30:34;17:12:12;1975.617,3814.967,3814.967;;;;
Trevor;13:30:35;17:12:13;1975.665,3814.991,3814.991;;;;
Trevor;13:30:35;17:12:13;1975.689,3815.005,3815.005;;;;
Trevor;13:30:36;17:12:14;1975.68,3815.002,3815.002;;;;
Trevor;13:30:36;17:12:14;1976.181,3815.061,3815.061;;;;
Trevor;13:30:37;17:12:15;1976.432,3815.016,3815.016;;;;
Trevor;13:30:37;17:12:15;1976.57,3814.927,3814.927;;;;
Trevor;13:30:38;17:12:16;1976.753,3814.982,3814.982;;;;
Trevor;13:30:38;17:12:16;1976.889,3815.006,3815.006;;;;
Trevor;13:30:39;17:12:17;1976.521,3814.776,3814.776;;Now, Ron.;Cutscene;Cutscene
Trevor;13:30:39;17:12:18;1976.204,3814.884,3814.884;;;;
Trevor;13:30:40;17:12:18;1975.831,3815.024,3815.024;;;;
Trevor;13:30:40;17:12:19;1975.419,3814.965,3814.965;;Shall we go?;Cutscene;Cutscene
Trevor;13:30:41;17:12:19;1975.066,3814.976,3814.976;;;;
Trevor;13:30:41;17:12:20;1974.859,3814.947,3814.947;;;;
Trevor;13:30:42;17:12:20;1974.824,3814.9,3814.9;;;;
Trevor;13:30:42;17:12:21;1974.818,3814.847,3814.847;;;;
Trevor;13:30:43;17:12:21;1974.984,3814.784,3814.784;;;;
Trevor;13:30:43;17:12:22;1975.458,3814.832,3814.832;;I cannot believe that they fucking destroyed my statue of Impotent Rage.;Cutscene;Cutscene
Trevor;13:30:44;17:12:22;1976.049,3814.965,3814.965;;;;
Trevor;13:30:44;17:12:23;1976.682,3815.029,3815.029;;;;
Trevor;13:30:45;17:12:23;1977.264,3815.15,3815.15;;;;
Trevor;13:30:45;17:12:24;1977.78,3815.375,3815.375;;;;
Trevor;13:30:46;17:12:24;1978.121,3815.585,3815.585;;;;
Trevor;13:30:47;17:12:25;1978.311,3815.64,3815.64;;The cheek!;Cutscene;Cutscene
Trevor;13:30:47;17:12:25;1978.368,3815.62,3815.62;;;;
Trevor;13:30:48;17:12:26;1978.334,3815.618,3815.618;;Huh?;Cutscene;Cutscene
Trevor;13:30:48;17:12:26;1978.417,3815.624,3815.624;;;;
Trevor;13:30:49;17:12:27;1978.636,3815.838,3815.838;;The fucking cheek of it.;Cutscene;Cutscene
Trevor;13:30:49;17:12:27;1978.932,3816.133,3816.133;;;;
Trevor;13:30:50;17:12:28;1979.42,3816.484,3816.484;;;;
Trevor;13:30:50;17:12:28;1979.986,3816.623,3816.623;;;;
Trevor;13:30:51;17:12:29;1980.687,3816.616,3816.616;;;;
Trevor;13:30:51;17:12:29;1981.285,3816.45,3816.45;;;;
Trevor;13:30:52;17:12:30;1981.917,3816.127,3816.127;;;;
Trevor;13:30:52;17:12:31;1982.729,3815.706,3815.706;;;;
Trevor;13:30:53;17:12:31;1983.581,3815.274,3815.274;;I gotta swing by Ammu-Nation. Go to Sandy Shores Airfield, check it out.;TREVOR;TR2_CXAA
Trevor;13:30:53;17:12:32;1984.446,3814.851,3814.851;;;;
Trevor;13:30:54;17:12:32;1985.28,3814.427,3814.427;;;;
Trevor;13:30:54;17:12:33;1986.031,3813.902,3813.902;;;;
Trevor;13:30:55;17:12:33;1986.824,3813.458,3813.458;;;;
Trevor;13:30:55;17:12:34;1987.577,3812.977,3812.977;;;;
Trevor;13:30:56;17:12:34;1987.586,3812.594,3812.594;;;;
Trevor;13:30:56;17:12:35;1987.909,3812.233,3812.233;;;;
Trevor;13:30:57;17:12:35;1988.29,3811.915,3811.915;;;;
Trevor;13:30:57;17:12:36;1987.901,3811.744,3811.744;True,OffRoad,BLAZER,0,0;;;
Trevor;13:30:58;17:12:36;1987.901,3811.744,3811.744;True,OffRoad,BLAZER,0,0;;;
Trevor;13:30:58;17:12:37;1987.897,3811.743,3811.743;True,OffRoad,BLAZER,0,1069149,1;;;
Trevor;13:30:59;17:12:37;1987.082,3811.665,3811.665;True,OffRoad,BLAZER,3,818047,1;;;
Trevor;13:31:00;17:12:38;1984.151,3810.102,3810.102;True,OffRoad,BLAZER,7,187896,1;;;
Trevor;13:31:00;17:12:38;1983.26,3805.837,3805.837;True,OffRoad,BLAZER,9,453493,0;;;
Trevor;13:31:01;17:12:39;1980.691,3802.777,3802.777;True,OffRoad,BLAZER,8,357195,1;;;
Trevor;13:31:01;17:12:39;1976.173,3801.257,3801.257;True,OffRoad,BLAZER,9,143905,1;;;
Trevor;13:31:02;17:12:40;1971.997,3797.928,3797.928;True,OffRoad,BLAZER,11,48094,1;;;
Trevor;13:31:02;17:12:40;1966.301,3794.552,3794.552;True,OffRoad,BLAZER,13,82835,1;;;
Trevor;13:31:03;17:12:41;1959.619,3790.634,3790.634;True,OffRoad,BLAZER,16,03433,1;;;
Trevor;13:31:03;17:12:41;1951.896,3786.145,3786.145;True,OffRoad,BLAZER,18,13206,1;;;
Trevor;13:31:04;17:12:42;1943.472,3781.201,3781.201;True,OffRoad,BLAZER,19,79931,1;;;
Trevor;13:31:04;17:12:43;1934.735,3775.777,3775.777;True,OffRoad,BLAZER,19,67829,1;;;
Trevor;13:31:05;17:12:43;1925.664,3770.454,3770.454;True,OffRoad,BLAZER,21,12019,1;;;
Trevor;13:31:05;17:12:44;1915.85,3764.741,3764.741;True,OffRoad,BLAZER,22,59775,1;;;
Trevor;13:31:06;17:12:44;1905.386,3758.653,3758.653;True,OffRoad,BLAZER,24,51575,1;Come in. Come in.;NERVOUSRON;TR2_ABAI
Trevor;13:31:06;17:12:45;1894.076,3752.076,3752.076;True,OffRoad,BLAZER,25,78904,1;;;
Trevor;13:31:07;17:12:45;1882.177,3745.171,3745.171;True,OffRoad,BLAZER,26,70548,1;;;
Trevor;13:31:07;17:12:46;1869.385,3738.826,3738.826;True,OffRoad,BLAZER,27,44469,1;I'll come in your ear when I get a hold of you.;TREVOR;TR2_ABAJ
Trevor;13:31:08;17:12:46;1857.059,3731.179,3731.179;True,OffRoad,BLAZER,27,04906,0;;;
Trevor;13:31:08;17:12:47;1845.199,3723.462,3723.462;True,OffRoad,BLAZER,27,87029,1;;;
Trevor;13:31:09;17:12:47;1832.259,3716.786,3716.786;True,OffRoad,BLAZER,28,69524,1;;;
Trevor;13:31:09;17:12:48;1819.316,3710.587,3710.587;True,OffRoad,BLAZER,26,29384,0;Ahh... what're you buying at the gun shop?;NERVOUSRON;TR2_ZXAA
Trevor;13:31:10;17:12:48;1808.254,3704.317,3704.317;True,OffRoad,BLAZER,20,77176,0;;;
Trevor;13:31:10;17:12:49;1802.349,3700.214,3700.214;True,OffRoad,BLAZER,8,783805,0;;;
Trevor;13:31:11;17:12:49;1799.034,3697.724,3697.724;True,OffRoad,BLAZER,7,721691,1;;;
Trevor;13:31:11;17:12:50;1794.983,3696.214,3696.214;True,OffRoad,BLAZER,7,673282,0;;;
Trevor;13:31:12;17:12:50;1791.909,3697.766,3697.766;True,OffRoad,BLAZER,5,57493,0;I'm not buying anything. I need a sniper rifle with a high power scope.;TREVOR;TR2_ZXAB
Trevor;13:31:13;17:12:51;1789.586,3699.386,3699.386;True,OffRoad,BLAZER,6,535499,1;;;
Trevor;13:31:13;17:12:51;1786.608,3701.507,3701.507;True,OffRoad,BLAZER,7,403172,1;;;
Trevor;13:31:14;17:12:52;1783.591,3704.906,3704.906;True,OffRoad,BLAZER,9,342315,0;;;
Trevor;13:31:14;17:12:52;1779.01,3707.31,3707.31;True,OffRoad,BLAZER,12,22025,1;;;
Trevor;13:31:15;17:12:53;1773.909,3712.748,3712.748;True,OffRoad,BLAZER,15,89629,1;;;
Trevor;13:31:15;17:12:53;1769.907,3720.583,3720.583;True,OffRoad,BLAZER,18,13465,1;;;
Trevor;13:31:16;17:12:54;1765.076,3729.154,3729.154;True,OffRoad,BLAZER,19,88857,1;;;
Trevor;13:31:16;17:12:54;1760.22,3738.007,3738.007;True,OffRoad,BLAZER,18,37282,0;They say they support local business, well, we're about to find out if that's true.;TREVOR;TR2_ZXAC
Trevor;13:31:17;17:12:55;1755.105,3744.482,3744.482;True,OffRoad,BLAZER,13,59219,0;;;
Trevor;13:31:17;17:12:56;1751.194,3749.681,3749.681;True,OffRoad,BLAZER,11,53413,0;;;
Trevor;13:31:18;17:12:56;1748.975,3754.698,3754.698;True,OffRoad,BLAZER,9,621601,0;;;
Trevor;13:31:18;17:12:57;1746.962,3758.547,3758.547;True,OffRoad,BLAZER,7,137423,0;;;
Trevor;13:31:19;17:12:57;1743.897,3759.483,3759.483;True,OffRoad,BLAZER,6,469999,1;;;
Trevor;13:31:19;17:12:58;1739.965,3760.975,3760.975;True,OffRoad,BLAZER,7,763186,0;;;
Trevor;13:31:20;17:12:58;1736.955,3759.249,3759.249;True,OffRoad,BLAZER,8,17189,1;;;
Trevor;13:31:20;17:12:59;1734.575,3755.248,3755.248;True,OffRoad,BLAZER,8,935577,1;;;
Trevor;13:31:21;17:12:59;1729.678,3752.844,3752.844;True,OffRoad,BLAZER,11,69413,1;;;
Trevor;13:31:21;17:13:00;1723.465,3750.562,3750.562;True,OffRoad,BLAZER,12,61461,0;;;
Trevor;13:31:22;17:13:00;1717.421,3750.124,3750.124;True,OffRoad,BLAZER,10,79893,0;;;
Trevor;13:31:22;17:13:01;1712.069,3750.659,3750.659;True,OffRoad,BLAZER,9,721983,0;;;
Trevor;13:31:23;17:13:01;1708.085,3752.124,3752.124;True,OffRoad,BLAZER,5,279883,0;;;
Trevor;13:31:23;17:13:02;1707.001,3752.66,3752.66;True,OffRoad,BLAZER,0,5215697,0;;;
Trevor;13:31:24;17:13:02;1707.041,3752.716,3752.716;True,OffRoad,BLAZER,0,0;;;
Trevor;13:31:25;17:13:03;1706.861,3752.088,3752.088;;;;
Trevor;13:31:25;17:13:03;1706.194,3752.024,3752.024;;;;
Trevor;13:31:26;17:13:04;1703.203,3752.099,3752.099;;;;
Trevor;13:31:26;17:13:04;1699.782,3752.606,3752.606;;;;
Trevor;13:31:27;17:13:05;1697.354,3753.769,3753.769;;Melvin, how you feel about brand synergy, huh? TP Industries. Ammu-Nation.;TREVOR;TR2_RZAA
Trevor;13:31:27;17:13:05;1696.034,3754.899,3754.899;;;;
Trevor;13:31:28;17:13:06;1695.327,3755.772,3755.772;;;;
Trevor;13:31:28;17:13:06;1694.683,3756.665,3756.665;;;;
Trevor;13:31:29;17:13:07;1694.032,3757.562,3757.562;;;;
Trevor;13:31:29;17:13:08;1693.413,3758.48,3758.48;;;;
Trevor;13:31:30;17:13:08;1692.873,3759.337,3759.337;;;;
Trevor;13:31:30;17:13:09;1692.841,3759.589,3759.589;;;;
Trevor;13:31:31;17:13:09;1692.857,3759.604,3759.604;;;;
Trevor;13:31:31;17:13:10;1692.857,3759.604,3759.604;;;;
Trevor;13:31:32;17:13:10;1692.857,3759.604,3759.604;;;;
Trevor;13:31:32;17:13:11;1692.857,3759.604,3759.604;;;;
Trevor;13:31:33;17:13:11;1692.857,3759.604,3759.604;;;;
Trevor;13:31:33;17:13:12;1692.857,3759.604,3759.604;;;;
Trevor;13:31:34;17:13:12;1692.857,3759.604,3759.604;;;;
Trevor;13:31:34;17:13:13;1692.857,3759.604,3759.604;;;;
Trevor;13:31:35;17:13:13;1692.857,3759.604,3759.604;;;;
Trevor;13:31:35;17:13:14;1692.857,3759.604,3759.604;;;;
Trevor;13:31:36;17:13:14;1692.857,3759.604,3759.604;;;;
Trevor;13:31:37;17:13:15;1692.857,3759.604,3759.604;;;;
Trevor;13:31:37;17:13:15;1692.857,3759.604,3759.604;;;;
Trevor;13:31:38;17:13:16;1692.857,3759.604,3759.604;;;;
Trevor;13:31:38;17:13:16;1692.857,3759.604,3759.604;;;;
Trevor;13:31:39;17:13:17;1692.857,3759.604,3759.604;;;;
Trevor;13:31:39;17:13:17;1692.857,3759.604,3759.604;;;;
Trevor;13:31:40;17:13:18;1692.857,3759.604,3759.604;;;;
Trevor;13:31:40;17:13:18;1692.857,3759.604,3759.604;;;;
Trevor;13:31:41;17:13:19;1692.857,3759.604,3759.604;;;;
Trevor;13:31:41;17:13:19;1692.857,3759.604,3759.604;;;;
Trevor;13:31:42;17:13:20;1692.857,3759.604,3759.604;;;;
Trevor;13:31:42;17:13:21;1692.857,3759.604,3759.604;;;;
Trevor;13:31:43;17:13:21;1692.857,3759.604,3759.604;;;;
Trevor;13:31:43;17:13:22;1692.857,3759.604,3759.604;;;;
Trevor;13:31:44;17:13:22;1692.857,3759.604,3759.604;;;;
Trevor;13:31:44;17:13:23;1692.857,3759.604,3759.604;;;;
Trevor;13:31:45;17:13:23;1692.857,3759.604,3759.604;;;;
Trevor;13:31:45;17:13:24;1692.857,3759.604,3759.604;;;;
Trevor;13:31:46;17:13:24;1692.857,3759.604,3759.604;;;;
Trevor;13:31:46;17:13:25;1692.857,3759.604,3759.604;;;;
Trevor;13:31:47;17:13:25;1692.857,3759.604,3759.604;;;;
Trevor;13:31:47;17:13:26;1692.857,3759.604,3759.604;;;;
Trevor;13:31:48;17:13:26;1692.857,3759.604,3759.604;;;;
Trevor;13:31:48;17:13:27;1692.857,3759.604,3759.604;;;;
Trevor;13:31:49;17:13:27;1692.857,3759.604,3759.604;;;;
Trevor;13:31:49;17:13:28;1692.857,3759.604,3759.604;;;;
Trevor;13:31:50;17:13:28;1692.857,3759.604,3759.604;;;;
Trevor;13:31:51;17:13:29;1692.857,3759.604,3759.604;;;;
Trevor;13:31:51;17:13:29;1692.857,3759.604,3759.604;;;;
Trevor;13:31:52;17:13:30;1692.857,3759.604,3759.604;;;;
Trevor;13:31:52;17:13:30;1692.857,3759.604,3759.604;;;;
Trevor;13:31:53;17:13:31;1692.857,3759.604,3759.604;;;;
Trevor;13:31:53;17:13:31;1692.857,3759.604,3759.604;;;;
Trevor;13:31:54;17:13:32;1692.857,3759.604,3759.604;;;;
Trevor;13:31:54;17:13:32;1692.857,3759.604,3759.604;;;;
Trevor;13:31:55;17:13:33;1692.857,3759.604,3759.604;;;;
Trevor;13:31:55;17:13:33;1692.857,3759.604,3759.604;;;;
Trevor;13:31:56;17:13:34;1692.857,3759.604,3759.604;;;;
Trevor;13:31:56;17:13:35;1692.857,3759.604,3759.604;;;;
Trevor;13:31:57;17:13:35;1692.857,3759.604,3759.604;;;;
Trevor;13:31:57;17:13:36;1692.857,3759.604,3759.604;;;;
Trevor;13:31:58;17:13:36;1692.857,3759.604,3759.604;;;;
Trevor;13:31:58;17:13:37;1692.857,3759.604,3759.604;;;;
Trevor;13:31:59;17:13:37;1692.857,3759.604,3759.604;;;;
Trevor;13:31:59;17:13:38;1692.857,3759.604,3759.604;;;;
Trevor;13:32:00;17:13:38;1692.857,3759.604,3759.604;;;;
Trevor;13:32:00;17:13:39;1692.857,3759.604,3759.604;; a suppressor attachment for the Sniper Rifle.;Cutscene;Cutscene
Trevor;13:32:01;17:13:39;1692.853,3759.589,3759.589;;;;
Trevor;13:32:01;17:13:40;1692.814,3759.073,3759.073;;;;
Trevor;13:32:02;17:13:40;1693.213,3758.227,3758.227;;;;
Trevor;13:32:02;17:13:41;1693.748,3757.629,3757.629;;;;
Trevor;13:32:03;17:13:41;1693.719,3758.102,3758.102;;;;
Trevor;13:32:04;17:13:42;1693.63,3759.033,3759.033;;;;
Trevor;13:32:04;17:13:42;1693.424,3759.83,3759.83;;;;
Trevor;13:32:05;17:13:43;1693.368,3760.056,3760.056;;;;
Trevor;13:32:05;17:13:43;1693.359,3760.08,3760.08;;;;
Trevor;13:32:06;17:13:44;1693.359,3760.08,3760.08;;;;
Trevor;13:32:06;17:13:44;1693.359,3760.08,3760.08;;;;
Trevor;13:32:07;17:13:45;1693.359,3760.08,3760.08;;;;
Trevor;13:32:07;17:13:45;1693.359,3760.08,3760.08;;;;
Trevor;13:32:08;17:13:46;1693.359,3760.08,3760.08;;;;
Trevor;13:32:08;17:13:47;1693.359,3760.08,3760.08;;;;
Trevor;13:32:09;17:13:47;1693.359,3760.08,3760.08;;;;
Trevor;13:32:09;17:13:48;1693.359,3760.08,3760.08;;;;
Trevor;13:32:10;17:13:48;1693.359,3760.08,3760.08;;;;
Trevor;13:32:10;17:13:49;1693.41,3760.067,3760.067;;;;
Trevor;13:32:11;17:13:49;1693.951,3759.809,3759.809;;;;
Trevor;13:32:11;17:13:50;1694.776,3759.183,3759.183;;;;
Trevor;13:32:12;17:13:50;1695.638,3758.495,3758.495;;;;
Trevor;13:32:12;17:13:51;1696.429,3757.753,3757.753;;;;
Trevor;13:32:13;17:13:51;1697.111,3756.913,3756.913;;;;
Trevor;13:32:13;17:13:52;1697.521,3755.956,3755.956;;;;
Trevor;13:32:14;17:13:52;1697.899,3754.98,3754.98;;;;
Trevor;13:32:15;17:13:53;1698.459,3754.054,3754.054;;;;
Trevor;13:32:15;17:13:53;1699.045,3753.107,3753.107;;;;
Trevor;13:32:16;17:13:54;1699.663,3752.126,3752.126;;;;
Trevor;13:32:16;17:13:54;1701.855,3750.458,3750.458;;;;
Trevor;13:32:17;17:13:55;1704.76,3750.844,3750.844;;;;
Trevor;13:32:17;17:13:55;1706.434,3751.898,3751.898;;;;
Trevor;13:32:18;17:13:56;1707.169,3752.273,3752.273;;;;
Trevor;13:32:18;17:13:56;1707.044,3752.72,3752.72;True,OffRoad,BLAZER,0,1101988,0;;;
Trevor;13:32:19;17:13:57;1707.042,3752.72,3752.72;True,OffRoad,BLAZER,0,007707812,0;;;
Trevor;13:32:19;17:13:58;1707.036,3752.721,3752.721;True,OffRoad,BLAZER,0,1464822,1;;;
Trevor;13:32:20;17:13:58;1706.464,3753.263,3753.263;True,OffRoad,BLAZER,2,069746,0;;;
Trevor;13:32:20;17:13:59;1706.241,3753.802,3753.802;True,OffRoad,BLAZER,0,3205808,0;;;
Trevor;13:32:21;17:13:59;1706.406,3753.579,3753.579;True,OffRoad,BLAZER,2,035798,-1;;;
Trevor;13:32:21;17:14:00;1707.679,3751.89,3751.89;True,OffRoad,BLAZER,6,412267,-1;;;
Trevor;13:32:22;17:14:00;1707.769,3747.882,3747.882;True,OffRoad,BLAZER,9,642883,-1;;;
Trevor;13:32:22;17:14:01;1710.285,3744.965,3744.965;True,OffRoad,BLAZER,3,667083,0;;;
Trevor;13:32:23;17:14:01;1710.385,3744.427,3744.427;True,OffRoad,BLAZER,2,971489,1;;;
Trevor;13:32:23;17:14:02;1707.236,3743.006,3743.006;True,OffRoad,BLAZER,9,730582,0;;;
Trevor;13:32:24;17:14:02;1702.605,3741.187,3741.187;True,OffRoad,BLAZER,10,44587,1;;;
Trevor;13:32:24;17:14:03;1697.365,3738.171,3738.171;True,OffRoad,BLAZER,12,57682,1;;;
Trevor;13:32:25;17:14:03;1692.089,3733.012,3733.012;True,OffRoad,BLAZER,16,09387,1;;;
Trevor;13:32:25;17:14:04;1684.177,3728.097,3728.097;True,OffRoad,BLAZER,18,13966,0;;;
Trevor;13:32:26;17:14:04;1677.316,3722.991,3722.991;True,OffRoad,BLAZER,15,30774,0;Ron, Ron, I got the gun. Meet me at the water tower just north of the airfield.;TREVOR;TR2_SJAA
Trevor;13:32:26;17:14:05;1676.15,3716.069,3716.069;True,OffRoad,BLAZER,13,31475,1;;;
Trevor;13:32:27;17:14:05;1679.903,3709.436,3709.436;True,OffRoad,BLAZER,16,7572,1;;;
Trevor;13:32:28;17:14:06;1683.368,3700.166,3700.166;True,OffRoad,BLAZER,19,96625,0;;;
Trevor;13:32:28;17:14:06;1687.89,3690.967,3690.967;True,OffRoad,BLAZER,19,97631,1;;;
Trevor;13:32:29;17:14:07;1693.02,3681.616,3681.616;True,OffRoad,BLAZER,21,16832,1;;;
Trevor;13:32:29;17:14:07;1698.36,3671.493,3671.493;True,OffRoad,BLAZER,22,30003,0;;;
Trevor;13:32:30;17:14:08;1703.545,3663.23,3663.23;True,OffRoad,BLAZER,13,75974,0;;;
Trevor;13:32:30;17:14:08;1705.891,3656.892,3656.892;True,OffRoad,BLAZER,13,73064,1;;;
Trevor;13:32:31;17:14:09;1705.889,3649.995,3649.995;True,OffRoad,BLAZER,12,27746,0;;;
Trevor;13:32:31;17:14:09;1702.563,3644.682,3644.682;True,OffRoad,BLAZER,12,87457,1;Roger that, Trevor.;NERVOUSRON;TR2_FPAB
Trevor;13:32:32;17:14:10;1697.022,3639.608,3639.608;True,OffRoad,BLAZER,15,41623,1;;;
Trevor;13:32:32;17:14:11;1689.764,3635.303,3635.303;True,OffRoad,BLAZER,17,37317,1;Bu... but you got to look out, 'cause there's bikers all over this airstrip.;NERVOUSRON;TR2_SKAA
Trevor;13:32:33;17:14:11;1681.401,3630.858,3630.858;True,OffRoad,BLAZER,19,12301,1;;;
Trevor;13:32:33;17:14:12;1672.681,3625.311,3625.311;True,OffRoad,BLAZER,19,40909,0;;;
Trevor;13:32:34;17:14:12;1663.97,3620.781,3620.781;True,OffRoad,BLAZER,17,72623,0;;;
Trevor;13:32:34;17:14:13;1656.174,3616.573,3616.573;True,OffRoad,BLAZER,17,17651,1;;;
Trevor;13:32:35;17:14:13;1649.888,3610.568,3610.568;True,OffRoad,BLAZER,15,38879,0;;;
Trevor;13:32:35;17:14:14;1649.213,3603.098,3603.098;True,OffRoad,BLAZER,14,86389,1;;;
Trevor;13:32:36;17:14:14;1649.538,3594.613,3594.613;True,OffRoad,BLAZER,17,61862,1;;;
Trevor;13:32:36;17:14:15;1652.178,3585.653,3585.653;True,OffRoad,BLAZER,19,1599,1;;;
Trevor;13:32:37;17:14:15;1657.417,3576.882,3576.882;True,OffRoad,BLAZER,19,20211,0;Of course there are. Two planes are touching down at the field on a weapons run.;TREVOR;TR2_SKAB
Trevor;13:32:37;17:14:16;1662.2,3567.719,3567.719;True,OffRoad,BLAZER,20,57828,1;;;
Trevor;13:32:38;17:14:16;1665.955,3557.195,3557.195;True,OffRoad,BLAZER,21,99595,1;;;
Trevor;13:32:38;17:14:17;1670.948,3546.424,3546.424;True,OffRoad,BLAZER,23,44914,1;;;
Trevor;13:32:39;17:14:17;1676.7,3535.525,3535.525;True,OffRoad,BLAZER,22,63066,0;;;
Trevor;13:32:40;17:14:18;1682.02,3525.579,3525.579;True,OffRoad,BLAZER,20,26914,0;;;
Trevor;13:32:40;17:14:18;1687.131,3517.039,3517.039;True,OffRoad,BLAZER,18,47864,1;;;
Trevor;13:32:41;17:14:19;1693.113,3508.444,3508.444;True,OffRoad,BLAZER,21,38339,1;;;
Trevor;13:32:41;17:14:19;1698.867,3498.237,3498.237;True,OffRoad,BLAZER,23,07231,1;;;
Trevor;13:32:42;17:14:20;1705.586,3487.851,3487.851;True,OffRoad,BLAZER,24,74065,1;;;
Trevor;13:32:42;17:14:20;1712.983,3476.619,3476.619;True,OffRoad,BLAZER,26,23426,1;;;
Trevor;13:32:43;17:14:21;1719.95,3466.014,3466.014;True,OffRoad,BLAZER,20,20667,0;We're gonna wait till the right time, and appropriate 'em.;TREVOR;TR2_SKAC
Trevor;13:32:43;17:14:21;1723.757,3459.409,3459.409;True,OffRoad,BLAZER,10,14791,0;;;
Trevor;13:32:44;17:14:22;1723.379,3455.025,3455.025;True,OffRoad,BLAZER,7,729705,0;;;
Trevor;13:32:44;17:14:23;1721.984,3451.728,3451.728;True,OffRoad,BLAZER,6,304683,0;;;
Trevor;13:32:45;17:14:23;1720.539,3448.555,3448.555;True,OffRoad,BLAZER,8,323276,1;;;
Trevor;13:32:45;17:14:24;1716.658,3444.317,3444.317;True,OffRoad,BLAZER,13,48372,1;;;
Trevor;13:32:46;17:14:24;1710.344,3438.756,3438.756;True,OffRoad,BLAZER,18,69851,1;;;
Trevor;13:32:46;17:14:25;1702.089,3432.368,3432.368;True,OffRoad,BLAZER,21,80371,1;We are?;NERVOUSRON;TR2_SKAD
Trevor;13:32:47;17:14:25;1692.617,3426.378,3426.378;True,OffRoad,BLAZER,21,5394,1;;;
Trevor;13:32:47;17:14:26;1682.125,3421.225,3421.225;True,OffRoad,BLAZER,22,8434,1;Yes. We are.;TREVOR;TR2_SKAE
Trevor;13:32:48;17:14:26;1671.347,3415.441,3415.441;True,OffRoad,BLAZER,23,77394,1;;;
Trevor;13:32:48;17:14:27;1662.026,3408.074,3408.074;True,OffRoad,BLAZER,21,40166,0;;;
Trevor;13:32:49;17:14:27;1655.972,3399.667,3399.667;True,OffRoad,BLAZER,18,71269,0;;;
Trevor;13:32:49;17:14:28;1649.514,3392.791,3392.791;True,OffRoad,BLAZER,19,04443,1;Did I get it wrong? I'm waiting at the water tower.;NERVOUSRON;TR2_EMAA
Trevor;13:32:50;17:14:28;1640.417,3386.589,3386.589;True,OffRoad,BLAZER,22,21382,1;;;
Trevor;13:32:51;17:14:29;1630.076,3379.91,3379.91;True,OffRoad,BLAZER,24,81428,1;;;
Trevor;13:32:51;17:14:29;1618.035,3373.936,3373.936;True,OffRoad,BLAZER,25,61323,0;;;
Trevor;13:32:52;17:14:30;1606.083,3369.061,3369.061;True,OffRoad,BLAZER,24,07623,0;;;
Trevor;13:32:52;17:14:30;1596.069,3365.079,3365.079;True,OffRoad,BLAZER,15,37186,0;;;
Trevor;13:32:53;17:14:31;1589.103,3362.281,3362.281;True,OffRoad,BLAZER,13,51746,0;;;
Trevor;13:32:53;17:14:31;1583.453,3360.018,3360.018;True,OffRoad,BLAZER,8,274158,0;;;
Trevor;13:32:54;17:14:32;1581.427,3359.203,3359.203;True,OffRoad,BLAZER,0,1476561,0;I'm up here. I don't see the hardware... but I do see a helluva lotta bikers.;NERVOUSRON;TR2_FJAB
Trevor;13:32:54;17:14:32;1581.444,3359.241,3359.241;True,OffRoad,BLAZER,0,004747611,0;;;
Trevor;13:32:55;17:14:33;1581.451,3359.241,3359.241;True,OffRoad,BLAZER,0,08514574,0;;;
Trevor;13:32:55;17:14:34;1581.246,3359.894,3359.894;;;;
Trevor;13:32:56;17:14:34;1580.989,3359.913,3359.913;;;;
Trevor;13:32:56;17:14:35;1579.805,3359.7,3359.7;;;;
Trevor;13:32:57;17:14:35;1577.49,3359.567,3359.567;;;;
Trevor;13:32:57;17:14:36;1575.251,3358.977,3358.977;;;;
Trevor;13:32:58;17:14:36;1574.746,3358.845,3358.845;;;;
Trevor;13:32:58;17:14:37;1574.708,3358.93,3358.93;;;;
Trevor;13:32:59;17:14:37;1574.734,3359.031,3359.031;;;;
Trevor;13:32:59;17:14:38;1574.739,3359.062,3359.062;;;;
Trevor;13:33:00;17:14:38;1574.739,3359.062,3359.062;;;;
Trevor;13:33:00;17:14:39;1574.739,3359.062,3359.062;;;;
Trevor;13:33:01;17:14:39;1574.739,3359.062,3359.062;;;;
Trevor;13:33:02;17:14:40;1574.739,3359.062,3359.062;;;;
Trevor;13:33:02;17:14:40;1574.739,3359.075,3359.075;;;;
Trevor;13:33:03;17:14:41;1574.739,3359.611,3359.611;;;;
Trevor;13:33:03;17:14:41;1574.769,3360.255,3360.255;;;;
Trevor;13:33:04;17:14:42;1574.834,3361.161,3361.161;;;;
Trevor;13:33:04;17:14:42;1574.83,3361.483,3361.483;;;;
Trevor;13:33:05;17:14:43;1574.831,3361.563,3361.563;;;;
Trevor;13:33:05;17:14:43;1574.831,3361.563,3361.563;;;;
Trevor;13:33:06;17:14:44;1574.831,3361.563,3361.563;;;;
Trevor;13:33:06;17:14:45;1574.831,3361.563,3361.563;;We got to wait till you can slip in there unnoticed. Should give you the time to plan a route to the gas tanker you're rigging up to blow.;TREVOR;TR2_FKAB
Trevor;13:33:07;17:14:45;1574.831,3361.563,3361.563;;;;
Trevor;13:33:07;17:14:46;1574.831,3361.563,3361.563;;;;
Trevor;13:33:08;17:14:46;1574.831,3361.563,3361.563;;;;
Trevor;13:33:08;17:14:47;1574.831,3361.563,3361.563;;;;
Trevor;13:33:09;17:14:47;1574.831,3361.588,3361.588;;;;
Trevor;13:33:09;17:14:48;1574.831,3361.876,3361.876;;;;
Trevor;13:33:10;17:14:48;1576.071,3363.369,3363.369;;;;
Trevor;13:33:10;17:14:49;1576.064,3363.372,3363.372;;;;
Trevor;13:33:10;17:14:49;1576.064,3363.372,3363.372;;;;
Trevor;13:58:23;17:14:50;1576.064,3363.372,3363.372;;;;
Trevor;14:58:03;17:14:50;1576.064,3363.372,3363.372;;;;
Trevor;16:07:03;17:14:51;1576.064,3363.372,3363.372;;;;
Trevor;17:23:22;17:14:51;1576.064,3363.372,3363.372;;;;
Trevor;18:42:35;17:14:52;1576.064,3363.372,3363.372;;;;
Trevor;20:02:16;17:14:52;1576.064,3363.372,3363.372;;;;
Trevor;21:19:21;17:14:53;1576.064,3363.372,3363.372;;;;
Trevor;22:29:50;17:14:53;1576.064,3363.372,3363.372;;;;
Trevor;23:30:42;17:14:54;1576.064,3363.372,3363.372;;;;
Trevor;00:00:00;17:14:54;1576.064,3363.372,3363.372;;;;
Trevor;00:00:00;17:14:55;1576.064,3363.372,3363.372;;;;
Trevor;00:00:00;17:14:55;1576.064,3363.372,3363.372;;;;
Trevor;00:00:01;17:14:56;1576.064,3363.372,3363.372;;Enough waiting. This is your moment, Ronald.;TREVOR;TR2_EHAA
Trevor;00:00:01;17:14:56;1576.064,3363.372,3363.372;;;;
Trevor;00:00:02;17:14:57;1576.064,3363.372,3363.372;;;;
Trevor;00:00:02;17:14:58;1576.064,3363.372,3363.372;;;;
Trevor;00:00:03;17:14:58;1576.064,3363.372,3363.372;;;;
Trevor;00:00:03;17:14:59;1576.064,3363.372,3363.372;;;;
Trevor;00:00:04;17:14:59;1576.064,3363.372,3363.372;;;;
Trevor;00:00:04;17:15:00;1576.064,3363.372,3363.372;;;;
Trevor;00:00:05;17:15:00;1576.064,3363.372,3363.372;;;;
Trevor;00:00:05;17:15:01;1576.064,3363.372,3363.372;;Whenever you get a doubt in your mind, I want you to remember that I'm watching you through the scope of a high powered rifle.;TREVOR;TR2_BCAA
Trevor;00:00:06;17:15:01;1576.064,3363.372,3363.372;;;;
Trevor;00:00:06;17:15:02;1576.064,3363.372,3363.372;;;;
Trevor;00:00:07;17:15:02;1576.064,3363.372,3363.372;;;;
Trevor;00:00:07;17:15:03;1576.064,3363.372,3363.372;;;;
Trevor;00:00:08;17:15:03;1576.064,3363.372,3363.372;;;;
Trevor;00:00:09;17:15:04;1576.064,3363.372,3363.372;;;;
Trevor;00:00:09;17:15:04;1576.064,3363.372,3363.372;;;;
Trevor;00:00:10;17:15:05;1576.064,3363.372,3363.372;;;;
Trevor;00:00:10;17:15:05;1576.064,3363.372,3363.372;;;;
Trevor;00:00:11;17:15:06;1576.064,3363.372,3363.372;;Right, Trevor. Right. Right. Got it.;NERVOUSRON;TR2_BCAB
Trevor;00:00:11;17:15:06;1576.064,3363.372,3363.372;;;;
Trevor;00:00:12;17:15:07;1576.064,3363.372,3363.372;;;;
Trevor;00:00:12;17:15:07;1576.064,3363.372,3363.372;;;;
Trevor;00:00:13;17:15:08;1576.064,3363.372,3363.372;;;;
Trevor;00:00:13;17:15:08;1576.064,3363.372,3363.372;;;;
Trevor;00:00:14;17:15:09;1576.064,3363.372,3363.372;;;;
Trevor;00:00:14;17:15:10;1576.064,3363.372,3363.372;;Now, relax.;TREVOR;TR2_BCAC
Trevor;00:00:15;17:15:10;1576.064,3363.372,3363.372;;;;
Trevor;00:00:15;17:15:11;1576.064,3363.372,3363.372;;;;
Trevor;00:00:16;17:15:11;1576.064,3363.372,3363.372;;;;
Trevor;00:00:16;17:15:12;1576.064,3363.372,3363.372;;;;
Trevor;00:00:17;17:15:12;1576.064,3363.372,3363.372;;;;
Trevor;00:00:17;17:15:13;1576.064,3363.372,3363.372;;;;
Trevor;00:00:18;17:15:13;1576.064,3363.372,3363.372;;The ATV can only take you so far. Park it and don't let 'em spot ya.;TREVOR;TR2_APAC
Trevor;00:00:18;17:15:14;1576.064,3363.372,3363.372;;;;
Trevor;00:00:19;17:15:14;1576.064,3363.372,3363.372;;;;
Trevor;00:00:20;17:15:15;1576.064,3363.372,3363.372;;;;
Trevor;00:00:20;17:15:15;1576.064,3363.372,3363.372;;;;
Trevor;00:00:21;17:15:16;1576.064,3363.372,3363.372;;;;
Trevor;00:00:21;17:15:16;1576.064,3363.372,3363.372;;;;
Trevor;00:00:22;17:15:17;1576.064,3363.372,3363.372;;;;
Trevor;00:00:22;17:15:17;1576.064,3363.372,3363.372;;Can you see me, Trevor?;NERVOUSRON;TR2_APAA
Trevor;00:00:23;17:15:18;1576.064,3363.372,3363.372;;;;
Trevor;00:00:23;17:15:18;1576.064,3363.372,3363.372;;;;
Trevor;00:00:24;17:15:19;1576.064,3363.372,3363.372;;;;
Trevor;00:00:24;17:15:20;1576.064,3363.372,3363.372;;;;
Trevor;00:00:25;17:15:20;1576.064,3363.372,3363.372;;;;
Trevor;00:00:25;17:15:21;1576.064,3363.372,3363.372;;;;
Trevor;00:00:26;17:15:21;1576.064,3363.372,3363.372;;;;
Trevor;00:00:26;17:15:22;1576.064,3363.372,3363.372;;;;
Trevor;00:00:27;17:15:22;1576.064,3363.372,3363.372;;;;
Trevor;00:00:27;17:15:23;1576.064,3363.372,3363.372;;;;
Trevor;00:00:28;17:15:23;1576.064,3363.372,3363.372;;;;
Trevor;00:00:28;17:15:24;1576.064,3363.372,3363.372;;You wouldn't believe this, Ron. One of these assholes is having a seizure or something.;TREVOR;TR2_GGAA
Trevor;00:00:29;17:15:24;1576.064,3363.372,3363.372;;;;
Trevor;00:00:29;17:15:25;1576.064,3363.372,3363.372;;;;
Trevor;00:00:30;17:15:25;1576.064,3363.372,3363.372;;;;
Trevor;00:00:30;17:15:26;1576.064,3363.372,3363.372;;;;
Trevor;00:00:31;17:15:26;1576.064,3363.372,3363.372;;;;
Trevor;00:00:32;17:15:27;1576.064,3363.372,3363.372;;;;
Trevor;00:00:32;17:15:27;1576.064,3363.372,3363.372;;;;
Trevor;00:00:33;17:15:28;1576.064,3363.372,3363.372;;;;
Trevor;00:00:33;17:15:28;1576.064,3363.372,3363.372;;That's me! That's me. Don't shoot.;NERVOUSRON;TR2_GGAB
Trevor;00:00:34;17:15:29;1576.064,3363.372,3363.372;;;;
Trevor;00:00:34;17:15:29;1576.064,3363.372,3363.372;;;;
Trevor;00:00:35;17:15:30;1576.064,3363.372,3363.372;;;;
Trevor;00:00:35;17:15:30;1576.064,3363.372,3363.372;;;;
Trevor;00:00:36;17:15:31;1576.064,3363.372,3363.372;;;;
Trevor;00:00:36;17:15:32;1576.064,3363.372,3363.372;;;;
Trevor;00:00:37;17:15:32;1576.064,3363.372,3363.372;;Well, get a move on.;TREVOR;TR2_ZBBA
Trevor;00:00:37;17:15:33;1576.064,3363.372,3363.372;;;;
Trevor;00:00:38;17:15:33;1576.064,3363.372,3363.372;;;;
Trevor;00:00:38;17:15:34;1576.064,3363.372,3363.372;;I'm moving! Just keep me covered, okay?;NERVOUSRON;TR2_ZBBB
Trevor;00:00:39;17:15:34;1576.064,3363.372,3363.372;;;;
Trevor;00:00:39;17:15:35;1576.064,3363.372,3363.372;;;;
Trevor;00:00:40;17:15:35;1576.064,3363.372,3363.372;;;;
Trevor;00:00:40;17:15:36;1576.064,3363.372,3363.372;;;;
Trevor;00:00:41;17:15:36;1576.064,3363.372,3363.372;;;;
Trevor;00:00:41;17:15:37;1576.064,3363.372,3363.372;;;;
Trevor;00:00:42;17:15:37;1576.064,3363.372,3363.372;;;;
Trevor;00:00:43;17:15:38;1576.064,3363.372,3363.372;;;;
Trevor;00:00:43;17:15:38;1576.064,3363.372,3363.372;;;;
Trevor;00:00:44;17:15:39;1576.064,3363.372,3363.372;;;;
Trevor;00:00:44;17:15:39;1576.064,3363.372,3363.372;;;;
Trevor;00:00:45;17:15:40;1576.064,3363.372,3363.372;;;;
Trevor;00:00:45;17:15:40;1576.064,3363.372,3363.372;;;;
Trevor;00:00:46;17:15:41;1576.064,3363.372,3363.372;;;;
Trevor;00:00:46;17:15:41;1576.064,3363.372,3363.372;;;;
Trevor;00:00:47;17:15:42;1576.064,3363.372,3363.372;;;;
Trevor;00:00:47;17:15:42;1576.064,3363.372,3363.372;;;;
Trevor;00:00:48;17:15:43;1576.064,3363.372,3363.372;;;;
Trevor;00:00:48;17:15:44;1576.064,3363.372,3363.372;;;;
Trevor;00:00:49;17:15:44;1576.064,3363.372,3363.372;;;;
Trevor;00:00:49;17:15:45;1576.064,3363.372,3363.372;;;;
Trevor;00:00:50;17:15:45;1576.064,3363.372,3363.372;;;;
Trevor;00:00:50;17:15:46;1576.064,3363.372,3363.372;;;;
Trevor;00:00:51;17:15:46;1576.064,3363.372,3363.372;;;;
Trevor;00:00:51;17:15:47;1576.064,3363.372,3363.372;;;;
Trevor;00:00:52;17:15:47;1576.064,3363.372,3363.372;;;;
Trevor;00:00:52;17:15:48;1576.064,3363.372,3363.372;;;;
Trevor;00:00:53;17:15:48;1576.064,3363.372,3363.372;;;;
Trevor;00:00:53;17:15:49;1576.064,3363.372,3363.372;;;;
Trevor;00:00:54;17:15:49;1576.064,3363.372,3363.372;;;;
Trevor;00:00:55;17:15:50;1576.064,3363.372,3363.372;;;;
Trevor;00:00:55;17:15:50;1576.064,3363.372,3363.372;;Guard by the tower - taken care of. Keep moving. Make yourself useful.;TREVOR;TR2_QNAA
Trevor;00:00:56;17:15:51;1576.064,3363.372,3363.372;;;;
Trevor;00:00:56;17:15:51;1576.064,3363.372,3363.372;;;;
Trevor;00:00:57;17:15:52;1576.064,3363.372,3363.372;;;;
Trevor;00:00:57;17:15:52;1576.064,3363.372,3363.372;;;;
Trevor;00:00:58;17:15:53;1576.064,3363.372,3363.372;;;;
Trevor;00:00:58;17:15:53;1576.064,3363.372,3363.372;;;;
Trevor;00:00:59;17:15:54;1576.064,3363.372,3363.372;;;;
Trevor;00:00:59;17:15:55;1576.064,3363.372,3363.372;;;;
Trevor;00:01:00;17:15:55;1576.064,3363.372,3363.372;;You're walking like you shat yourself. Move.;TREVOR;TR2_SAAA
Trevor;00:01:00;17:15:56;1576.064,3363.372,3363.372;;;;
Trevor;00:01:01;17:15:56;1576.064,3363.372,3363.372;;;;
Trevor;00:01:01;17:15:57;1576.064,3363.372,3363.372;;;;
Trevor;00:01:02;17:15:57;1576.064,3363.372,3363.372;;;;
Trevor;00:01:02;17:15:58;1576.064,3363.372,3363.372;;;;
Trevor;00:01:03;17:15:58;1576.064,3363.372,3363.372;;;;
Trevor;00:01:03;17:15:59;1576.064,3363.372,3363.372;;You hear that? I can hear an engine. They'll see that body!;NERVOUSRON;TR2_QTAA
Trevor;00:01:04;17:15:59;1576.064,3363.372,3363.372;;;;
Trevor;00:01:04;17:16:00;1576.064,3363.372,3363.372;;;;
Trevor;00:01:05;17:16:00;1576.064,3363.372,3363.372;;;;
Trevor;00:01:06;17:16:01;1576.064,3363.372,3363.372;;;;
Trevor;00:01:06;17:16:01;1576.064,3363.372,3363.372;;;;
Trevor;00:01:07;17:16:02;1576.064,3363.372,3363.372;;;;
Trevor;00:01:07;17:16:02;1576.064,3363.372,3363.372;;;;
Trevor;00:01:08;17:16:03;1576.064,3363.372,3363.372;;;;
Trevor;00:01:08;17:16:03;1576.064,3363.372,3363.372;;Quick, shoot out the lights on the tower above him.;NERVOUSRON;TR2_QUAA
Trevor;00:01:09;17:16:04;1576.064,3363.372,3363.372;;;;
Trevor;00:01:09;17:16:04;1576.064,3363.372,3363.372;;;;
Trevor;00:01:10;17:16:05;1576.064,3363.372,3363.372;;;;
Trevor;00:01:10;17:16:05;1576.064,3363.372,3363.372;;;;
Trevor;00:01:11;17:16:06;1576.064,3363.372,3363.372;;;;
Trevor;00:01:11;17:16:07;1576.064,3363.372,3363.372;;;;
Trevor;00:01:12;17:16:07;1576.064,3363.372,3363.372;;There's one.;TREVOR;TR2_QVAA
Trevor;00:01:12;17:16:08;1576.064,3363.372,3363.372;;;;
Trevor;00:01:13;17:16:08;1576.064,3363.372,3363.372;;;;
Trevor;00:01:13;17:16:09;1576.064,3363.372,3363.372;;;;
Trevor;00:01:14;17:16:09;1576.064,3363.372,3363.372;;;;
Trevor;00:01:14;17:16:10;1576.064,3363.372,3363.372;;And there's the other.;TREVOR;TR2_QWAA
Trevor;00:01:15;17:16:10;1576.064,3363.372,3363.372;;;;
Trevor;00:01:15;17:16:11;1576.064,3363.372,3363.372;;;;
Trevor;00:01:16;17:16:11;1576.064,3363.372,3363.372;;You got 'em. Now, don't shoot the guy in the van until he stops and gets out.;NERVOUSRON;TR2_QYAA
Trevor;00:01:16;17:16:12;1576.064,3363.372,3363.372;;;;
Trevor;00:01:17;17:16:12;1576.064,3363.372,3363.372;;;;
Trevor;00:01:18;17:16:13;1576.064,3363.372,3363.372;;;;
Trevor;00:01:18;17:16:13;1576.064,3363.372,3363.372;;;;
Trevor;00:01:19;17:16:14;1576.064,3363.372,3363.372;;;;
Trevor;00:01:19;17:16:14;1576.064,3363.372,3363.372;;;;
Trevor;00:01:20;17:16:15;1576.064,3363.372,3363.372;;;;
Trevor;00:01:20;17:16:15;1576.064,3363.372,3363.372;;;;
Trevor;00:01:21;17:16:16;1576.064,3363.372,3363.372;;;;
Trevor;00:01:21;17:16:16;1576.064,3363.372,3363.372;;;;
Trevor;00:01:22;17:16:17;1576.064,3363.372,3363.372;;;;
Trevor;00:01:22;17:16:18;1576.064,3363.372,3363.372;;;;
Trevor;00:01:23;17:16:18;1576.064,3363.372,3363.372;;;;
Trevor;00:01:23;17:16:19;1576.064,3363.372,3363.372;;;;
Trevor;00:01:24;17:16:19;1576.064,3363.372,3363.372;;;;
Trevor;00:01:24;17:16:20;1576.064,3363.372,3363.372;;;;
Trevor;00:01:25;17:16:20;1576.064,3363.372,3363.372;;;;
Trevor;00:01:25;17:16:21;1576.064,3363.372,3363.372;;;;
Trevor;00:01:26;17:16:21;1576.064,3363.372,3363.372;;;;
Trevor;00:01:26;17:16:22;1576.064,3363.372,3363.372;;;;
Trevor;00:01:27;17:16:22;1576.064,3363.372,3363.372;;;;
Trevor;00:01:27;17:16:23;1576.064,3363.372,3363.372;;;;
Trevor;00:01:28;17:16:23;1576.064,3363.372,3363.372;;;;
Trevor;00:01:29;17:16:24;1576.064,3363.372,3363.372;;;;
Trevor;00:01:29;17:16:24;1576.064,3363.372,3363.372;;;;
Trevor;00:01:30;17:16:25;1576.064,3363.372,3363.372;;;;
Trevor;00:01:30;17:16:25;1576.064,3363.372,3363.372;;;;
Trevor;00:01:31;17:16:26;1576.064,3363.372,3363.372;;;;
Trevor;00:01:31;17:16:26;1576.064,3363.372,3363.372;;;;
Trevor;00:01:32;17:16:27;1576.064,3363.372,3363.372;;;;
Trevor;00:01:32;17:16:28;1576.064,3363.372,3363.372;;;;
Trevor;00:01:33;17:16:28;1576.064,3363.372,3363.372;;;;
Trevor;00:01:33;17:16:29;1576.064,3363.372,3363.372;;;;
Trevor;00:01:34;17:16:29;1576.064,3363.372,3363.372;;;;
Trevor;00:01:34;17:16:30;1576.064,3363.372,3363.372;;;;
Trevor;00:01:35;17:16:30;1576.064,3363.372,3363.372;;;;
Trevor;00:01:35;17:16:31;1576.064,3363.372,3363.372;;;;
Trevor;00:01:36;17:16:31;1576.064,3363.372,3363.372;;;;
Trevor;00:01:36;17:16:32;1576.064,3363.372,3363.372;;;;
Trevor;00:01:37;17:16:32;1576.064,3363.372,3363.372;;;;
Trevor;00:01:37;17:16:33;1576.064,3363.372,3363.372;;;;
Trevor;00:01:38;17:16:33;1576.064,3363.372,3363.372;;;;
Trevor;00:01:39;17:16:34;1576.064,3363.372,3363.372;;Hold fire, we gotta see what he's up to.;NERVOUSRON;TR2_DTAA
Trevor;00:01:39;17:16:34;1576.064,3363.372,3363.372;;;;
Trevor;00:01:40;17:16:35;1576.064,3363.372,3363.372;;;;
Trevor;00:01:40;17:16:35;1576.064,3363.372,3363.372;;;;
Trevor;00:01:41;17:16:36;1576.064,3363.372,3363.372;;;;
Trevor;00:01:41;17:16:36;1576.064,3363.372,3363.372;;;;
Trevor;00:01:42;17:16:37;1576.064,3363.372,3363.372;;;;
Trevor;00:01:42;17:16:37;1576.064,3363.372,3363.372;;;;
Trevor;00:01:43;17:16:38;1576.064,3363.372,3363.372;;;;
Trevor;00:01:43;17:16:39;1576.064,3363.372,3363.372;;;;
Trevor;00:01:44;17:16:39;1576.064,3363.372,3363.372;;;;
Trevor;00:01:44;17:16:40;1576.064,3363.372,3363.372;;;;
Trevor;00:01:45;17:16:40;1576.064,3363.372,3363.372;;;;
Trevor;00:01:45;17:16:41;1576.064,3363.372,3363.372;;;;
Trevor;00:01:46;17:16:41;1576.064,3363.372,3363.372;;;;
Trevor;00:01:46;17:16:42;1576.064,3363.372,3363.372;;;;
Trevor;00:01:47;17:16:42;1576.064,3363.372,3363.372;;I think he's just calling the dead guy. You can erase him now.;NERVOUSRON;TR2_ARAB
Trevor;00:01:47;17:16:43;1576.064,3363.372,3363.372;;;;
Trevor;00:01:48;17:16:43;1576.064,3363.372,3363.372;;;;
Trevor;00:01:48;17:16:44;1576.064,3363.372,3363.372;;;;
Trevor;00:01:49;17:16:44;1576.064,3363.372,3363.372;;;;
Trevor;00:01:50;17:16:45;1576.064,3363.372,3363.372;;;;
Trevor;00:01:50;17:16:45;1576.064,3363.372,3363.372;;;;
Trevor;00:01:51;17:16:46;1576.064,3363.372,3363.372;;;;
Trevor;00:01:51;17:16:46;1576.064,3363.372,3363.372;;He's out the van now. Do him.;NERVOUSRON;TR2_QZAA
Trevor;00:01:52;17:16:47;1576.064,3363.372,3363.372;;;;
Trevor;00:01:52;17:16:47;1576.064,3363.372,3363.372;;;;
Trevor;00:01:53;17:16:48;1576.064,3363.372,3363.372;;;;
Trevor;00:01:53;17:16:48;1576.064,3363.372,3363.372;;;;
Trevor;00:01:54;17:16:49;1576.064,3363.372,3363.372;;You shoulda seen the look on his face.;NERVOUSRON;TR2_BDAA
Trevor;00:01:54;17:16:50;1576.064,3363.372,3363.372;;;;
Trevor;00:01:55;17:16:50;1576.064,3363.372,3363.372;;;;
Trevor;00:01:55;17:16:51;1576.064,3363.372,3363.372;;;;
Trevor;00:01:56;17:16:51;1576.064,3363.372,3363.372;;;;
Trevor;00:01:56;17:16:52;1576.064,3363.372,3363.372;;There's a guy coming out of the control tower! Take him out! Shit!;NERVOUSRON;TR2_RAAA
Trevor;00:01:57;17:16:52;1576.064,3363.372,3363.372;;;;
Trevor;00:01:57;17:16:53;1576.064,3363.372,3363.372;;;;
Trevor;00:01:58;17:16:53;1576.064,3363.372,3363.372;;;;
Trevor;00:01:58;17:16:54;1576.064,3363.372,3363.372;;;;
Trevor;00:01:59;17:16:54;1576.064,3363.372,3363.372;;;;
Trevor;00:01:59;17:16:55;1576.064,3363.372,3363.372;;;;
Trevor;00:02:00;17:16:55;1576.064,3363.372,3363.372;;;;
Trevor;00:02:01;17:16:56;1576.064,3363.372,3363.372;;;;
Trevor;00:02:01;17:16:56;1576.064,3363.372,3363.372;;;;
Trevor;00:02:02;17:16:57;1576.064,3363.372,3363.372;;;;
Trevor;00:02:02;17:16:57;1576.064,3363.372,3363.372;;This ain't a joke. He's gotta go.;NERVOUSRON;TR2_GDAA
Trevor;00:02:03;17:16:58;1576.064,3363.372,3363.372;;;;
Trevor;00:02:03;17:16:58;1576.064,3363.372,3363.372;;;;
Trevor;00:02:04;17:16:59;1576.064,3363.372,3363.372;;;;
Trevor;00:02:04;17:16:59;1576.064,3363.372,3363.372;;;;
Trevor;00:02:05;17:17:00;1576.064,3363.372,3363.372;;And they all came tumbling down.;TREVOR;TR2_CDAA
Trevor;00:02:05;17:17:00;1576.064,3363.372,3363.372;;;;
Trevor;00:02:06;17:17:01;1576.064,3363.372,3363.372;;;;
Trevor;00:02:06;17:17:02;1576.064,3363.372,3363.372;;;;
Trevor;00:02:07;17:17:02;1576.064,3363.372,3363.372;;;;
Trevor;00:02:07;17:17:03;1576.064,3363.372,3363.372;;;;
Trevor;00:02:08;17:17:03;1576.064,3363.372,3363.372;;;;
Trevor;00:02:08;17:17:04;1576.064,3363.372,3363.372;;;;
Trevor;00:02:09;17:17:04;1576.064,3363.372,3363.372;;Oh no. Bottom of the tower. Another guy's on his way.;NERVOUSRON;TR2_DVAA
Trevor;00:02:09;17:17:05;1576.064,3363.372,3363.372;;;;
Trevor;00:02:10;17:17:05;1576.064,3363.372,3363.372;;;;
Trevor;00:02:10;17:17:06;1576.064,3363.372,3363.372;;;;
Trevor;00:02:11;17:17:06;1576.064,3363.372,3363.372;;;;
Trevor;00:02:11;17:17:07;1576.064,3363.372,3363.372;;;;
Trevor;00:02:12;17:17:07;1576.064,3363.372,3363.372;;;;
Trevor;00:02:13;17:17:08;1576.064,3363.372,3363.372;;;;
Trevor;00:02:13;17:17:08;1576.064,3363.372,3363.372;;;;
Trevor;00:02:14;17:17:09;1576.064,3363.372,3363.372;;Clean shot, Trev.;NERVOUSRON;TR2_BEAA
Trevor;00:02:14;17:17:09;1576.064,3363.372,3363.372;;;;
Trevor;00:02:15;17:17:10;1576.064,3363.372,3363.372;;;;
Trevor;00:02:15;17:17:10;1576.064,3363.372,3363.372;;;;
Trevor;00:02:16;17:17:11;1576.064,3363.372,3363.372;;;;
Trevor;00:02:16;17:17:12;1576.064,3363.372,3363.372;;So long, sailor.;TREVOR;TR2_CDAA
Trevor;00:02:17;17:17:12;1576.064,3363.372,3363.372;;;;
Trevor;00:02:17;17:17:13;1576.064,3363.372,3363.372;;;;
Trevor;00:02:18;17:17:13;1576.064,3363.372,3363.372;;;;
Trevor;00:02:18;17:17:14;1576.064,3363.372,3363.372;;Get your sights back on me, Trev. I'm scared.;NERVOUSRON;TR2_RFAA
Trevor;00:02:19;17:17:14;1576.064,3363.372,3363.372;;;;
Trevor;00:02:19;17:17:15;1576.064,3363.372,3363.372;;;;
Trevor;00:02:20;17:17:15;1576.064,3363.372,3363.372;;;;
Trevor;00:02:20;17:17:16;1576.064,3363.372,3363.372;;;;
Trevor;00:02:21;17:17:16;1576.064,3363.372,3363.372;;;;
Trevor;00:02:21;17:17:17;1576.064,3363.372,3363.372;;;;
Trevor;00:02:22;17:17:17;1576.064,3363.372,3363.372;;;;
Trevor;00:02:23;17:17:18;1576.064,3363.372,3363.372;;You got them sights on me?;NERVOUSRON;TR2_DQAA
Trevor;00:02:23;17:17:18;1576.064,3363.372,3363.372;;;;
Trevor;00:02:24;17:17:19;1576.064,3363.372,3363.372;;;;
Trevor;00:02:24;17:17:19;1576.064,3363.372,3363.372;;;;
Trevor;00:02:25;17:17:20;1576.064,3363.372,3363.372;;;;
Trevor;00:02:25;17:17:20;1576.064,3363.372,3363.372;;;;
Trevor;00:02:26;17:17:21;1576.064,3363.372,3363.372;;;;
Trevor;00:02:26;17:17:21;1576.064,3363.372,3363.372;;;;
Trevor;00:02:27;17:17:22;1576.064,3363.372,3363.372;;;;
Trevor;00:02:27;17:17:22;1576.064,3363.372,3363.372;;You're in my crosshairs again, and there's no one left to kill, so get over to that gas tank and plant the bomb.;TREVOR;TR2_EKAA
Trevor;00:02:28;17:17:23;1576.064,3363.372,3363.372;;;;
Trevor;00:02:28;17:17:24;1576.064,3363.372,3363.372;;;;
Trevor;00:02:29;17:17:24;1576.064,3363.372,3363.372;;;;
Trevor;00:02:29;17:17:25;1576.064,3363.372,3363.372;;;;
Trevor;00:02:30;17:17:25;1576.064,3363.372,3363.372;;;;
Trevor;00:02:30;17:17:26;1576.064,3363.372,3363.372;;;;
Trevor;00:02:31;17:17:26;1576.064,3363.372,3363.372;;;;
Trevor;00:02:31;17:17:27;1576.064,3363.372,3363.372;;;;
Trevor;00:02:32;17:17:27;1576.064,3363.372,3363.372;;;;
Trevor;00:02:32;17:17:28;1576.064,3363.372,3363.372;;;;
Trevor;00:02:33;17:17:28;1576.064,3363.372,3363.372;;;;
Trevor;00:02:33;17:17:29;1576.064,3363.372,3363.372;;;;
Trevor;00:02:34;17:17:29;1576.064,3363.372,3363.372;;I'm on it, but there's a guy coming out of that building, I think. I can hear him.;NERVOUSRON;TR2_REAA
Trevor;00:02:35;17:17:30;1576.064,3363.372,3363.372;;;;
Trevor;00:02:35;17:17:30;1576.064,3363.372,3363.372;;;;
Trevor;00:02:36;17:17:31;1576.064,3363.372,3363.372;;;;
Trevor;00:02:36;17:17:31;1576.064,3363.372,3363.372;;;;
Trevor;00:02:37;17:17:32;1576.064,3363.372,3363.372;;;;
Trevor;00:02:37;17:17:32;1576.064,3363.372,3363.372;;;;
Trevor;00:02:38;17:17:33;1576.064,3363.372,3363.372;;;;
Trevor;00:02:38;17:17:33;1576.064,3363.372,3363.372;;;;
Trevor;00:02:39;17:17:34;1576.064,3363.372,3363.372;;;;
Trevor;00:02:39;17:17:35;1576.064,3363.372,3363.372;;;;
Trevor;00:02:40;17:17:35;1576.064,3363.372,3363.372;;;;
Trevor;00:02:40;17:17:36;1576.064,3363.372,3363.372;;;;
Trevor;00:02:41;17:17:36;1576.064,3363.372,3363.372;;;;
Trevor;00:02:41;17:17:37;1576.064,3363.372,3363.372;;;;
Trevor;00:02:42;17:17:37;1576.064,3363.372,3363.372;;;;
Trevor;00:02:42;17:17:38;1576.064,3363.372,3363.372;;;;
Trevor;00:02:43;17:17:38;1576.064,3363.372,3363.372;;;;
Trevor;00:02:43;17:17:39;1576.064,3363.372,3363.372;;;;
Trevor;00:02:44;17:17:39;1576.064,3363.372,3363.372;;;;
Trevor;00:02:44;17:17:40;1576.064,3363.372,3363.372;;;;
Trevor;00:02:45;17:17:40;1576.064,3363.372,3363.372;;;;
Trevor;00:02:46;17:17:41;1576.064,3363.372,3363.372;;Someone's coming out the far door, man.;NERVOUSRON;TR2_RGAA
Trevor;00:02:46;17:17:41;1576.064,3363.372,3363.372;;;;
Trevor;00:02:47;17:17:42;1576.064,3363.372,3363.372;;;;
Trevor;00:02:47;17:17:42;1576.064,3363.372,3363.372;;;;
Trevor;00:02:48;17:17:43;1576.064,3363.372,3363.372;;;;
Trevor;00:02:48;17:17:43;1576.064,3363.372,3363.372;;;;
Trevor;00:02:49;17:17:44;1576.064,3363.372,3363.372;;Shoot, the guy had a buddy in the building. He's coming out.;NERVOUSRON;TR2_EIAA
Trevor;00:02:49;17:17:45;1576.064,3363.372,3363.372;;;;
Trevor;00:02:50;17:17:45;1576.064,3363.372,3363.372;;;;
Trevor;00:02:50;17:17:46;1576.064,3363.372,3363.372;;;;
Trevor;00:02:51;17:17:46;1576.064,3363.372,3363.372;;;;
Trevor;00:02:51;17:17:47;1576.064,3363.372,3363.372;;;;
Trevor;00:02:52;17:17:47;1576.064,3363.372,3363.372;;;;
Trevor;00:02:52;17:17:48;1576.064,3363.372,3363.372;;;;
Trevor;00:02:53;17:17:48;1576.064,3363.372,3363.372;;;;
Trevor;00:02:53;17:17:49;1576.064,3363.372,3363.372;;;;
Trevor;00:02:54;17:17:49;1576.064,3363.372,3363.372;;Guy clocked the body! Take him out before he blabs!;NERVOUSRON;TR2_EJAA
Trevor;00:02:54;17:17:50;1576.064,3363.372,3363.372;;;;
Trevor;00:02:55;17:17:50;1576.064,3363.372,3363.372;;;;
Trevor;00:02:55;17:17:51;1576.064,3363.372,3363.372;;;;
Trevor;00:02:56;17:17:51;1576.064,3363.372,3363.372;;;;
Trevor;00:02:57;17:17:52;1576.064,3363.372,3363.372;;;;
Trevor;00:02:57;17:17:52;1576.064,3363.372,3363.372;;;;
Trevor;00:02:58;17:17:53;1576.064,3363.372,3363.372;;;;
Trevor;00:02:58;17:17:53;1576.064,3363.372,3363.372;;Good kill, Trevor.;NERVOUSRON;TR2_AVAA
Trevor;00:02:59;17:17:54;1576.064,3363.372,3363.372;;;;
Trevor;00:02:59;17:17:54;1576.064,3363.372,3363.372;;;;
Trevor;00:03:00;17:17:55;1576.064,3363.372,3363.372;;;;
Trevor;00:03:00;17:17:56;1576.064,3363.372,3363.372;;;;
Trevor;00:03:01;17:17:56;1576.064,3363.372,3363.372;;;;
Trevor;00:03:01;17:17:57;1576.064,3363.372,3363.372;;;;
Trevor;00:03:02;17:17:57;1576.064,3363.372,3363.372;;;;
Trevor;00:03:02;17:17:58;1576.064,3363.372,3363.372;;;;
Trevor;00:03:03;17:17:58;1576.064,3363.372,3363.372;;;;
Trevor;00:03:03;17:17:59;1576.064,3363.372,3363.372;;;;
Trevor;00:03:04;17:17:59;1576.064,3363.372,3363.372;;;;
Trevor;00:03:04;17:18:00;1576.064,3363.372,3363.372;;I'm affixing it! Don't let 'em sneak up on me, okay?;NERVOUSRON;TR2_RHAA
Trevor;00:03:05;17:18:00;1576.064,3363.372,3363.372;;;;
Trevor;00:03:05;17:18:01;1576.064,3363.372,3363.372;;;;
Trevor;00:03:06;17:18:01;1576.064,3363.372,3363.372;;;;
Trevor;00:03:06;17:18:02;1576.064,3363.372,3363.372;;;;
Trevor;00:03:07;17:18:02;1576.064,3363.372,3363.372;;;;
Trevor;00:03:08;17:18:03;1576.064,3363.372,3363.372;;;;
Trevor;00:03:08;17:18:03;1576.064,3363.372,3363.372;;;;
Trevor;00:03:09;17:18:04;1576.064,3363.372,3363.372;;;;
Trevor;00:03:09;17:18:04;1576.064,3363.372,3363.372;;And whatever you do, don't hit the tank. Please, man.;NERVOUSRON;TR2_RJAA
Trevor;00:03:10;17:18:05;1576.064,3363.372,3363.372;;;;
Trevor;00:03:10;17:18:05;1576.064,3363.372,3363.372;;;;
Trevor;00:03:11;17:18:06;1576.064,3363.372,3363.372;;;;
Trevor;00:03:11;17:18:06;1576.064,3363.372,3363.372;;;;
Trevor;00:03:12;17:18:07;1576.064,3363.372,3363.372;;;;
Trevor;00:03:12;17:18:08;1576.064,3363.372,3363.372;;;;
Trevor;00:03:13;17:18:08;1576.064,3363.372,3363.372;;;;
Trevor;00:03:13;17:18:09;1576.064,3363.372,3363.372;;;;
Trevor;00:03:14;17:18:09;1576.064,3363.372,3363.372;;Someone's coming. He's going to get me before I finish.;NERVOUSRON;TR2_RIAA
Trevor;00:03:14;17:18:10;1576.064,3363.372,3363.372;;;;
Trevor;00:03:15;17:18:10;1576.064,3363.372,3363.372;;;;
Trevor;00:03:15;17:18:11;1576.064,3363.372,3363.372;;;;
Trevor;00:03:16;17:18:11;1576.064,3363.372,3363.372;;;;
Trevor;00:03:16;17:18:12;1576.064,3363.372,3363.372;;;;
Trevor;00:03:17;17:18:12;1576.064,3363.372,3363.372;;;;
Trevor;00:03:17;17:18:13;1576.064,3363.372,3363.372;;Shit, he's onto me!;NERVOUSRON;TR2_AXAA
Trevor;00:03:18;17:18:13;1576.064,3363.372,3363.372;;;;
Trevor;00:03:19;17:18:14;1576.064,3363.372,3363.372;;;;
Trevor;00:03:19;17:18:14;1576.064,3363.372,3363.372;;;;
Trevor;00:03:20;17:18:15;1576.064,3363.372,3363.372;;;;
Trevor;00:03:20;17:18:15;1576.064,3363.372,3363.372;;;;
Trevor;00:03:21;17:18:16;1576.064,3363.372,3363.372;;He's coming over here!;NERVOUSRON;TR2_AXAA
Trevor;00:03:21;17:18:16;1576.064,3363.372,3363.372;;;;
Trevor;00:03:22;17:18:17;1576.064,3363.372,3363.372;;;;
Trevor;00:03:22;17:18:18;1576.064,3363.372,3363.372;;;;
Trevor;00:03:23;17:18:18;1576.064,3363.372,3363.372;;A bolt from the blue.;NERVOUSRON;TR2_CBAA
Trevor;00:03:23;17:18:19;1576.064,3363.372,3363.372;;;;
Trevor;00:03:24;17:18:19;1576.064,3363.372,3363.372;;;;
Trevor;00:03:24;17:18:20;1576.064,3363.372,3363.372;;;;
Trevor;00:03:25;17:18:20;1576.064,3363.372,3363.372;;Can you hear that? Chopper! Incoming!;NERVOUSRON;TR2_EAAA
Trevor;00:03:25;17:18:21;1576.064,3363.372,3363.372;;;;
Trevor;00:03:26;17:18:21;1576.064,3363.372,3363.372;;;;
Trevor;00:03:26;17:18:22;1576.064,3363.372,3363.372;;;;
Trevor;00:03:27;17:18:22;1576.064,3363.372,3363.372;;;;
Trevor;00:03:27;17:18:23;1576.064,3363.372,3363.372;;;;
Trevor;00:03:28;17:18:23;1576.064,3363.372,3363.372;;;;
Trevor;00:03:29;17:18:24;1576.064,3363.372,3363.372;;I've always hated that chopper. Just fuckin' drive! You're bikers!;TREVOR;TR2_EAAB
Trevor;00:03:29;17:18:24;1576.064,3363.372,3363.372;;;;
Trevor;00:03:30;17:18:25;1576.064,3363.372,3363.372;;;;
Trevor;00:03:30;17:18:25;1576.064,3363.372,3363.372;;;;
Trevor;00:03:31;17:18:26;1576.064,3363.372,3363.372;;;;
Trevor;00:03:31;17:18:26;1576.064,3363.372,3363.372;;;;
Trevor;02:03:32;17:18:27;1576.064,3363.372,3363.372;;;;
Trevor;02:03:32;17:18:27;1576.064,3363.372,3363.372;;;;
Trevor;02:03:33;17:18:28;1576.064,3363.372,3363.372;;Oh shi...;Cutscene;Cutscene
Trevor;02:03:33;17:18:28;1576.064,3363.372,3363.372;;;;
Trevor;02:03:34;17:18:29;1576.064,3363.372,3363.372;;Shit!;Cutscene;Cutscene
Trevor;02:03:34;17:18:30;1576.064,3363.372,3363.372;;;;
Trevor;02:03:35;17:18:30;1576.064,3363.372,3363.372;;;;
Trevor;02:03:35;17:18:31;1576.064,3363.372,3363.372;;;;
Trevor;02:03:36;17:18:31;1574.954,3361.759,3361.759;;;;
Trevor;02:03:36;17:18:32;1574.94,3361.641,3361.641;;;;
Trevor;02:03:37;17:18:32;1574.825,3361.529,3361.529;;;;
Trevor;02:03:37;17:18:33;1574.849,3361.542,3361.542;;;;
Trevor;02:03:38;17:18:33;1574.617,3358.403,3358.403;;;;
Trevor;02:03:38;17:18:34;1576.063,3358.587,3358.587;;;;
Trevor;02:03:39;17:18:34;1577.465,3358.512,3358.512;;;;
Trevor;02:03:39;17:18:35;1578.141,3357.837,3357.837;;;;
Trevor;02:03:40;17:18:35;1578.282,3357.548,3357.548;;;;
Trevor;02:03:41;17:18:36;1578.691,3357.47,3357.47;True,OffRoad,BLAZER,0,0;;;
Trevor;02:03:41;17:18:36;1578.691,3357.47,3357.47;True,OffRoad,BLAZER,0,00761382,0;;;
Trevor;02:03:42;17:18:37;1578.936,3357.474,3357.474;True,OffRoad,BLAZER,1,794708,1;;;
Trevor;02:03:42;17:18:37;1580.947,3358.228,3358.228;True,OffRoad,BLAZER,6,572637,1;;;
Trevor;02:03:43;17:18:38;1584.84,3360.398,3360.398;True,OffRoad,BLAZER,9,167119,0;;;
Trevor;02:03:43;17:18:38;1588.482,3358.352,3358.352;True,OffRoad,BLAZER,9,2119,1;;;
Trevor;02:03:44;17:18:39;1592.392,3353.983,3353.983;True,OffRoad,BLAZER,13,35608,1;;;
Trevor;02:03:44;17:18:39;1598.938,3349.758,3349.758;True,OffRoad,BLAZER,16,01308,1;;;
Trevor;02:03:45;17:18:40;1605.815,3344.033,3344.033;True,OffRoad,BLAZER,18,03096,1;;;
Trevor;02:03:45;17:18:41;1613.381,3337.512,3337.512;True,OffRoad,BLAZER,19,57803,1;;;
Trevor;02:03:46;17:18:41;1620.267,3329.785,3329.785;True,OffRoad,BLAZER,19,528,1;;;
Trevor;02:03:46;17:18:42;1628.822,3322.446,3322.446;True,OffRoad,BLAZER,25,00416,1;;;
Trevor;02:03:47;17:18:42;1640.875,3316.827,3316.827;True,OffRoad,BLAZER,26,01081,1;;;
Trevor;02:03:47;17:18:43;1653.272,3312.74,3312.74;True,OffRoad,BLAZER,23,72132,0;;;
Trevor;02:03:48;17:18:43;1664.038,3308.609,3308.609;True,OffRoad,BLAZER,19,91683,0;;;
Trevor;02:03:48;17:18:44;1673.002,3306.303,3306.303;True,OffRoad,BLAZER,14,65628,0;;;
Trevor;02:03:49;17:18:44;1677.515,3305.219,3305.219;True,OffRoad,BLAZER,3,77693,0;;;
Trevor;02:03:49;17:18:45;1677.582,3305.364,3305.364;True,OffRoad,BLAZER,2,084832,0;The pilot plan didn't work! They know they're being attacked.;NERVOUSRON;TR2_FNAB
Trevor;02:03:50;17:18:45;1677.138,3305.505,3305.505;True,OffRoad,BLAZER,0,06852821,0;;;
Trevor;02:03:50;17:18:46;1677.134,3305.492,3305.492;True,OffRoad,BLAZER,0,06848896,0;;;
Trevor;02:03:51;17:18:46;1677.136,3305.492,3305.492;True,OffRoad,BLAZER,0,008967209,0;;;
Trevor;02:03:51;17:18:47;1677.503,3306.196,3306.196;;;;
Trevor;02:03:52;17:18:47;1678.814,3306.019,3306.019;;;;
Trevor;02:03:53;17:18:48;1680.66,3306.158,3306.158;;;;
Trevor;02:03:53;17:18:48;1681.719,3305.879,3305.879;;;;
Trevor;02:03:54;17:18:49;1681.012,3305.51,3305.51;;;;
Trevor;02:03:54;17:18:49;1679.384,3304.681,3304.681;;;;
Trevor;02:03:55;17:18:50;1679.518,3303.499,3303.499;;;;
Trevor;02:03:55;17:18:50;1680.111,3303.494,3303.494;;;;
Trevor;02:03:56;17:18:51;1680.114,3303.495,3303.495;;;;
Trevor;02:03:56;17:18:51;1680.114,3303.495,3303.495;;;;
Trevor;02:03:57;17:18:52;1680.114,3303.495,3303.495;;;;
Trevor;02:03:57;17:18:53;1680.114,3303.495,3303.495;;;;
Trevor;02:03:58;17:18:53;1680.114,3303.495,3303.495;;;;
Trevor;02:03:58;17:18:54;1680.114,3303.495,3303.495;;;;
Trevor;02:03:59;17:18:54;1680.114,3303.495,3303.495;;;;
Trevor;02:03:59;17:18:55;1679.413,3303.255,3303.255;;;;
Trevor;02:04:00;17:18:55;1679.403,3303.252,3303.252;;;;
Trevor;02:04:00;17:18:56;1679.403,3303.252,3303.252;;;;
Trevor;02:04:01;17:18:56;1679.537,3303.298,3303.298;;;;
Trevor;02:04:01;17:18:57;1679.814,3303.397,3303.397;;;;
Trevor;02:04:02;17:18:57;1679.406,3303.252,3303.252;;;;
Trevor;02:04:02;17:18:58;1679.406,3303.252,3303.252;;;;
Trevor;02:04:03;17:18:58;1680.142,3303.505,3303.505;;;;
Trevor;02:04:04;17:18:59;1680.103,3303.492,3303.492;;;;
Trevor;02:04:04;17:18:59;1679.421,3303.26,3303.26;;;;
Trevor;02:04:05;17:19:00;1679.421,3303.26,3303.26;;;;
Trevor;02:04:05;17:19:00;1680.116,3303.496,3303.496;;;;
Trevor;02:04:06;17:19:01;1679.543,3303.308,3303.308;;;;
Trevor;02:04:06;17:19:01;1679.397,3303.252,3303.252;;;;
Trevor;02:04:07;17:19:02;1679.397,3303.252,3303.252;;There, in the hangar! The plane! I'll get it started, if you can clear the runway.;NERVOUSRON;TR2_RLAA
Trevor;02:04:07;17:19:02;1679.397,3303.252,3303.252;;;;
Trevor;02:04:08;17:19:03;1679.397,3303.252,3303.252;;;;
Trevor;02:04:08;17:19:03;1679.428,3303.262,3303.262;;;;
Trevor;02:04:09;17:19:04;1679.958,3303.33,3303.33;;;;
Trevor;02:04:09;17:19:05;1680.194,3302.973,3302.973;;;;
Trevor;02:04:10;17:19:05;1680.307,3302.233,3302.233;;;;
Trevor;02:04:10;17:19:06;1679.076,3300.755,3300.755;;;;
Trevor;02:04:11;17:19:06;1677.413,3297.686,3297.686;;;;
Trevor;02:04:11;17:19:07;1677.656,3295.659,3295.659;;;;
Trevor;02:04:12;17:19:07;1678.328,3292.288,3292.288;;;;
Trevor;02:04:12;17:19:08;1677.997,3288.995,3288.995;;;;
Trevor;02:04:13;17:19:08;1676.067,3286.524,3286.524;;I don't see none of the guys who came to your trailer here.;NERVOUSRON;TR2_CJAA
Trevor;02:04:13;17:19:09;1676.792,3283.316,3283.316;;;;
Trevor;02:04:14;17:19:09;1677.877,3280.072,3280.072;;;;
Trevor;02:04:14;17:19:10;1679.06,3276.934,3276.934;;;;
Trevor;02:04:15;17:19:10;1681.228,3274.557,3274.557;;;;
Trevor;02:04:15;17:19:11;1683.964,3274.642,3274.642;;;;
Trevor;02:04:16;17:19:11;1685.514,3275.011,3275.011;;;;
Trevor;02:04:17;17:19:12;1686.716,3276.205,3276.205;;One dead biker is as good to me as another.;TREVOR;TR2_CJAB
Trevor;02:04:17;17:19:12;1688.306,3276.635,3276.635;;;;
Trevor;02:04:18;17:19:13;1689.994,3276.753,3276.753;;;;
Trevor;02:04:18;17:19:13;1690.961,3276.841,3276.841;;;;
Trevor;02:04:19;17:19:14;1690.331,3276.459,3276.459;;;;
Trevor;02:04:19;17:19:14;1689.741,3276.47,3276.47;;;;
Trevor;02:04:20;17:19:15;1689.741,3276.47,3276.47;;;;
Trevor;02:04:20;17:19:15;1689.871,3276.692,3276.692;;;;
Trevor;02:04:21;17:19:16;1690.26,3277.321,3277.321;;;;
Trevor;02:04:21;17:19:17;1690.591,3277.983,3277.983;;;;
Trevor;02:04:22;17:19:17;1690.896,3278.647,3278.647;;;;
Trevor;02:04:22;17:19:18;1691.429,3279.112,3279.112;;;;
Trevor;02:04:23;17:19:18;1692.123,3279.378,3279.378;;;;
Trevor;02:04:23;17:19:19;1693.014,3279.727,3279.727;;;;
Trevor;02:04:24;17:19:19;1694.515,3280.425,3280.425;;;;
Trevor;02:04:24;17:19:20;1696.057,3281.091,3281.091;;;;
Trevor;02:04:25;17:19:20;1697.073,3282.376,3282.376;;;;
Trevor;02:04:25;17:19:21;1698.088,3283.71,3283.71;;I hope there's enough of these guns to go around.;TREVOR;TR2_CFAA
Trevor;02:04:26;17:19:21;1699.534,3284.479,3284.479;;;;
Trevor;02:04:26;17:19:22;1701.141,3284.932,3284.932;;;;
Trevor;02:04:27;17:19:22;1702.198,3285.126,3285.126;;;;
Trevor;02:04:27;17:19:23;1702.691,3285.656,3285.656;;;;
Trevor;02:04:28;17:19:23;1703.319,3285.967,3285.967;;;;
Trevor;02:04:29;17:19:24;1703.809,3286.51,3286.51;;;;
Trevor;02:04:29;17:19:24;1704.307,3287.068,3287.068;;;;
Trevor;02:04:30;17:19:25;1704.958,3287.344,3287.344;;;;
Trevor;02:04:30;17:19:25;1705.641,3287.57,3287.57;;;;
Trevor;02:04:31;17:19:26;1706.349,3287.523,3287.523;;;;
Trevor;02:04:31;17:19:26;1707.073,3287.674,3287.674;;;;
Trevor;02:04:32;17:19:27;1707.806,3287.825,3287.825;;;;
Trevor;02:04:32;17:19:27;1708.526,3287.981,3287.981;;;;
Trevor;02:04:33;17:19:28;1709.246,3288.142,3288.142;;;;
Trevor;02:04:33;17:19:29;1709.969,3288.32,3288.32;;;;
Trevor;02:04:34;17:19:29;1710.831,3288.557,3288.557;;;;
Trevor;02:04:34;17:19:30;1711.712,3289.111,3289.111;;;;
Trevor;02:04:35;17:19:30;1713.286,3289.592,3289.592;;;;
Trevor;02:04:35;17:19:31;1714.63,3290.659,3290.659;;;;
Trevor;02:04:36;17:19:31;1715.385,3290.634,3290.634;;;;
Trevor;02:04:36;17:19:32;1715.994,3290.223,3290.223;;;;
Trevor;02:04:37;17:19:32;1716.695,3290.216,3290.216;;;;
Trevor;02:04:37;17:19:33;1717.407,3290.365,3290.365;;;;
Trevor;02:04:38;17:19:33;1718.104,3290.201,3290.201;;;;
Trevor;02:04:38;17:19:34;1718.928,3290.036,3290.036;;;;
Trevor;02:04:39;17:19:34;1720.157,3289.36,3289.36;;;;
Trevor;02:04:39;17:19:35;1722.455,3288.613,3288.613;;;;
Trevor;02:04:40;17:19:35;1725.66,3289.275,3289.275;;Get in the plane, Trevor.;NERVOUSRON;TR2_RMAA
Trevor;02:04:41;17:19:36;1727.613,3291.864,3291.864;;;;
Trevor;02:04:41;17:19:36;1728.656,3295.324,3295.324;;;;
Trevor;02:04:42;17:19:37;1729.324,3298.772,3298.772;;;;
Trevor;02:04:42;17:19:37;1729.951,3302.089,3302.089;;;;
Trevor;02:04:43;17:19:38;1730.649,3305.364,3305.364;;;;
Trevor;02:04:43;17:19:38;1731.07,3307.356,3307.356;;;;
Trevor;02:04:44;17:19:39;1731.418,3309.132,3309.132;;;;
Trevor;02:04:44;17:19:40;1731.805,3312.679,3312.679;;;;
Trevor;02:04:45;17:19:40;1727.122,3316.939,3316.939;;Plane's loaded up with crates, Trevor. Just like you said.;NERVOUSRON;TR2_ALAA
Trevor;02:04:45;17:19:41;1727.177,3319.423,3319.423;;;;
Trevor;02:04:46;17:19:41;1727.859,3320.911,3320.911;;;;
Trevor;02:04:46;17:19:42;1728.865,3320.5,3320.5;;;;
Trevor;02:04:47;17:19:42;1729.178,3320.058,3320.058;;;;
Trevor;02:04:47;17:19:43;1729.369,3319.747,3319.747;;;;
Trevor;02:04:48;17:19:43;1729.497,3319.504,3319.504;;;;
Trevor;02:04:48;17:19:44;1729.567,3319.357,3319.357;;Rest of the guns must be on that plane down the end of the runway.;TREVOR;TR2_ALAB
Trevor;02:04:49;17:19:44;1729.578,3319.331,3319.331;;;;
Trevor;02:04:49;17:19:45;1729.578,3319.331,3319.331;;;;
Trevor;02:04:50;17:19:45;1729.579,3319.331,3319.331;;;;
Trevor;02:04:50;17:19:46;1729.579,3319.331,3319.331;;;;
Trevor;02:04:51;17:19:46;1729.587,3319.159,3319.159;;;;
Trevor;02:04:52;17:19:47;1729.621,3318.481,3318.481;;;;
Trevor;02:04:52;17:19:47;1729.681,3317.315,3317.315;;Get me to my plane, Ron!;TREVOR;TR2_BTAA
Trevor;02:04:53;17:19:48;1729.738,3316.2,3316.2;;;;
Trevor;02:04:53;17:19:48;1729.786,3315.281,3315.281;;;;
Trevor;02:04:54;17:19:49;1729.848,3314.077,3314.077;;;;
Trevor;02:04:54;17:19:49;1729.933,3312.43,3312.43;;;;
Trevor;02:04:55;17:19:50;1730.037,3310.417,3310.417;;;;
Trevor;02:04:55;17:19:50;1730.135,3308.52,3308.52;;;;
Trevor;02:04:56;17:19:51;1730.236,3306.575,3306.575;;;;
Trevor;02:04:56;17:19:52;1730.363,3304.147,3304.147;;;;
Trevor;02:04:57;17:19:52;1730.51,3301.331,3301.331;;;;
Trevor;02:04:57;17:19:53;1730.653,3298.574,3298.574;;;;
Trevor;02:04:58;17:19:53;1730.774,3296.248,3296.248;;;;
Trevor;02:04:58;17:19:54;1730.868,3294.437,3294.437;;;;
Trevor;02:04:59;17:19:54;1730.956,3292.751,3292.751;;Come on! Let's go! Let's go!;TREVOR;TR2_BTAA
Trevor;02:04:59;17:19:55;1731.039,3291.137,3291.137;;;;
Trevor;02:05:00;17:19:55;1731.109,3289.62,3289.62;;;;
Trevor;02:05:00;17:19:56;1731.152,3288.298,3288.298;;;;
Trevor;02:05:01;17:19:56;1731.194,3286.893,3286.893;;;;
Trevor;02:05:01;17:19:57;1731.209,3285.191,3285.191;;;;
Trevor;02:05:02;17:19:57;1731.169,3283.317,3283.317;;;;
Trevor;02:05:03;17:19:58;1731.079,3281.31,3281.31;;;;
Trevor;02:05:03;17:19:58;1730.919,3279.363,3279.363;;;;
Trevor;02:05:04;17:19:59;1730.722,3277.592,3277.592;;;;
Trevor;02:05:04;17:19:59;1730.495,3276.107,3276.107;;;;
Trevor;02:05:05;17:20:00;1730.24,3274.612,3274.612;;;;
Trevor;02:05:05;17:20:00;1729.932,3273.262,3273.262;;Let's see what those explosives can do.;TREVOR;TR2_BOAA
Trevor;02:05:06;17:20:01;1729.619,3272.094,3272.094;;;;
Trevor;02:05:06;17:20:01;1729.271,3271.015,3271.015;;;;
Trevor;02:05:07;17:20:02;1728.92,3270.074,3270.074;;;;
Trevor;02:05:07;17:20:02;1728.546,3269.146,3269.146;;;;
Trevor;02:05:08;17:20:03;1728.149,3268.269,3268.269;;;;
Trevor;02:05:08;17:20:04;1727.662,3267.246,3267.246;;Blowin' that bomb would probably help us out some.;NERVOUSRON;TR2_ZGAA
Trevor;02:05:09;17:20:04;1727.177,3266.245,3266.245;;;;
Trevor;02:05:09;17:20:05;1726.759,3265.414,3265.414;;;;
Trevor;02:05:10;17:20:05;1726.385,3264.731,3264.731;;;;
Trevor;02:05:10;17:20:06;1726.066,3264.194,3264.194;;;;
Trevor;02:05:11;17:20:06;1725.791,3263.785,3263.785;;;;
Trevor;02:05:11;17:20:07;1725.534,3263.456,3263.456;;;;
Trevor;02:05:12;17:20:07;1725.145,3263.028,3263.028;;;;
Trevor;02:05:12;17:20:08;1724.693,3262.573,3262.573;;;;
Trevor;02:05:13;17:20:08;1724.173,3262.122,3262.122;;;;
Trevor;02:05:13;17:20:09;1723.668,3261.727,3261.727;;;;
Trevor;02:05:14;17:20:09;1723.215,3261.427,3261.427;;Nothing wrong with that.;TREVOR;TR2_BPAA
Trevor;02:05:14;17:20:10;1722.787,3261.18,3261.18;;;;
Trevor;02:05:15;17:20:10;1722.346,3260.963,3260.963;;;;
Trevor;02:05:16;17:20:11;1721.788,3260.692,3260.692;;;;
Trevor;02:05:16;17:20:11;1721.175,3260.43,3260.43;;Vamos! Go!;TREVOR;TR2_BTAA
Trevor;02:05:17;17:20:12;1720.706,3260.264,3260.264;;;;
Trevor;02:05:17;17:20:12;1720.224,3260.115,3260.115;;;;
Trevor;02:05:18;17:20:13;1719.756,3259.99,3259.99;;;;
Trevor;02:05:18;17:20:13;1719.103,3259.83,3259.83;;;;
Trevor;02:05:19;17:20:14;1718.34,3259.67,3259.67;;;;
Trevor;02:05:19;17:20:14;1717.584,3259.511,3259.511;;;;
Trevor;02:05:20;17:20:15;1716.699,3259.329,3259.329;;;;
Trevor;02:05:20;17:20:15;1715.741,3259.131,3259.131;;;;
Trevor;02:05:21;17:20:16;1714.789,3258.943,3258.943;;;;
Trevor;02:05:21;17:20:17;1713.949,3258.781,3258.781;;;;
Trevor;02:05:22;17:20:17;1713.261,3258.648,3258.648;;;;
Trevor;02:05:22;17:20:18;1712.583,3258.52,3258.52;;;;
Trevor;02:05:23;17:20:18;1711.947,3258.406,3258.406;;;;
Trevor;02:05:23;17:20:19;1711.163,3258.268,3258.268;;;;
Trevor;02:05:24;17:20:19;1710.067,3258.077,3258.077;;;;
Trevor;02:05:24;17:20:20;1708.73,3257.847,3257.847;;;;
Trevor;02:05:25;17:20:20;1707.087,3257.571,3257.571;;Let's go, Ronald!;TREVOR;TR2_BTAA
Trevor;02:05:25;17:20:21;1705.275,3257.26,3257.26;;;;
Trevor;02:05:26;17:20:21;1703.464,3256.943,3256.943;;;;
Trevor;02:05:26;17:20:22;1701.65,3256.626,3256.626;;;;
Trevor;02:05:27;17:20:22;1699.6,3256.27,3256.27;;;;
Trevor;02:05:27;17:20:23;1697.27,3255.862,3255.862;;;;
Trevor;02:05:28;17:20:23;1694.831,3255.425,3255.425;;;;
Trevor;02:05:29;17:20:24;1692.426,3254.996,3254.996;;;;
Trevor;02:05:29;17:20:24;1690.102,3254.572,3254.572;;;;
Trevor;02:05:30;17:20:25;1687.862,3254.166,3254.166;;;;
Trevor;02:05:30;17:20:25;1685.721,3253.777,3253.777;;;;
Trevor;02:05:31;17:20:26;1683.678,3253.405,3253.405;;;;
Trevor;02:05:31;17:20:26;1681.711,3253.032,3253.032;;;;
Trevor;02:05:32;17:20:27;1679.878,3252.692,3252.692;;;;
Trevor;02:05:32;17:20:27;1678.096,3252.35,3252.35;;;;
Trevor;02:05:33;17:20:28;1676.305,3251.975,3251.975;;;;
Trevor;02:05:33;17:20:28;1674.351,3251.56,3251.56;;;;
Trevor;02:05:34;17:20:29;1672.164,3251.063,3251.063;;Get me to that plane!;TREVOR;TR2_BTAA
Trevor;02:05:34;17:20:30;1669.748,3250.488,3250.488;;;;
Trevor;02:05:35;17:20:30;1667.242,3249.84,3249.84;;;;
Trevor;02:05:35;17:20:31;1664.919,3249.208,3249.208;;;;
Trevor;02:05:36;17:20:31;1662.673,3248.556,3248.556;;;;
Trevor;02:05:36;17:20:32;1660.566,3247.93,3247.93;;;;
Trevor;02:05:37;17:20:32;1658.556,3247.307,3247.307;;;;
Trevor;02:05:37;17:20:33;1656.599,3246.675,3246.675;;;;
Trevor;02:05:38;17:20:33;1654.847,3246.087,3246.087;;;;
Trevor;02:05:38;17:20:34;1653.189,3245.511,3245.511;;;;
Trevor;02:05:39;17:20:34;1651.637,3244.949,3244.949;;;;
Trevor;02:05:39;17:20:35;1650.108,3244.4,3244.4;;;;
Trevor;02:05:40;17:20:35;1648.446,3243.784,3243.784;;;;
Trevor;02:05:40;17:20:36;1646.844,3243.183,3243.183;;;;
Trevor;02:05:41;17:20:36;1645.382,3242.627,3242.627;;Get me to my plane, Ron!;TREVOR;TR2_BTAA
Trevor;02:05:42;17:20:37;1643.964,3242.08,3242.08;;;;
Trevor;02:05:42;17:20:37;1642.639,3241.565,3241.565;;;;
Trevor;02:05:43;17:20:38;1641.353,3241.045,3241.045;;;;
Trevor;02:05:43;17:20:38;1640.005,3240.498,3240.498;;;;
Trevor;02:05:44;17:20:39;1638.674,3239.934,3239.934;;;;
Trevor;02:05:44;17:20:39;1637.456,3239.404,3239.404;;;;
Trevor;02:05:45;17:20:40;1636.316,3238.899,3238.899;;;;
Trevor;02:05:45;17:20:40;1635.248,3238.426,3238.426;;;;
Trevor;02:05:46;17:20:41;1634.011,3237.869,3237.869;;;;
Trevor;02:05:46;17:20:42;1632.474,3237.187,3237.187;;;;
Trevor;02:05:47;17:20:42;1630.694,3236.395,3236.395;;;;
Trevor;02:05:47;17:20:43;1628.843,3235.561,3235.561;;;;
Trevor;02:05:48;17:20:43;1627.031,3234.741,3234.741;;Come on! Let's go! Let's go!;TREVOR;TR2_BTAA
Trevor;02:05:48;17:20:44;1625.052,3233.854,3233.854;;;;
Trevor;02:05:49;17:20:44;1622.827,3232.856,3232.856;;;;
Trevor;02:05:49;17:20:45;1620.405,3231.771,3231.771;;;;
Trevor;02:05:50;17:20:45;1617.793,3230.603,3230.603;;;;
Trevor;02:05:50;17:20:46;1614.95,3229.333,3229.333;;;;
Trevor;02:05:51;17:20:46;1612.09,3228.05,3228.05;;;;
Trevor;02:05:51;17:20:47;1609.325,3226.816,3226.816;;;;
Trevor;02:35:52;17:20:47;1616.892,3230.138,3230.138;;;;
Trevor;02:35:52;17:20:48;1610.837,3227.471,3227.471;;;;
Trevor;02:35:53;17:20:48;1604.717,3225.792,3225.792;;Shit.;Cutscene;Cutscene
Trevor;02:35:54;17:20:49;1599.195,3224.458,3224.458;;;;
Trevor;02:35:54;17:20:49;1594.762,3223.805,3223.805;;;;
Trevor;02:35:55;17:20:50;1593.54,3223.556,3223.556;;;;
Trevor;02:35:55;17:20:50;1593.177,3223.366,3223.366;;;;
Trevor;02:35:56;17:20:51;1600.975,3223.832,3223.832;;;;
Trevor;02:35:56;17:20:51;1601.039,3223.153,3223.153;;Is this one free,;Cutscene;Cutscene
Trevor;02:35:57;17:20:52;1600.083,3222.159,3222.159;;;;
Trevor;02:35:57;17:20:52;1598.203,3221.599,3221.599;;you perma-chub pricks?;Cutscene;Cutscene
Trevor;02:35:58;17:20:53;1595.799,3221.458,3221.458;;;;
Trevor;02:35:58;17:20:53;1592.956,3221.527,3221.527;;;;
Trevor;02:35:59;17:20:54;1567.549,3223.361,3223.361;;;;
Trevor;02:35:59;17:20:55;1566.397,3224.01,3224.01;;;;
Trevor;02:36:00;17:20:55;1565.442,3224.24,3224.24;;;;
Trevor;02:36:00;17:20:56;1564.396,3223.886,3223.886;;;;
Trevor;02:36:01;17:20:56;1564.162,3223.927,3223.927;;;;
Trevor;02:36:01;17:20:57;1563.831,3224.26,3224.26;;;;
Trevor;02:36:02;17:20:57;1563.526,3224.615,3224.615;;;;
Trevor;02:36:02;17:20:58;1563.612,3224.837,3224.837;;I suppose there's room for a passenger.;Cutscene;Cutscene
Trevor;02:36:03;17:20:58;1563.542,3224.824,3224.824;;;;
Trevor;02:36:03;17:20:59;1563.584,3224.947,3224.947;;;;
Trevor;02:36:04;17:20:59;1563.603,3224.894,3224.894;;;;
Trevor;02:36:04;17:21:00;1563.574,3224.979,3224.979;;;;
Trevor;02:36:05;17:21:00;1563.577,3224.926,3224.926;;;;
Trevor;02:36:05;17:21:01;1563.593,3224.9,3224.9;;;;
Trevor;02:36:06;17:21:01;1561.358,3224.723,3224.723;True,Planes,CUBAN800,1,733038,1;Pull up! Pull up! We gotta get off this runway!;NERVOUSRON;TR2_FCAA
Trevor;02:36:07;17:21:02;1560.436,3224.424,3224.424;True,Planes,CUBAN800,2,027424,1;;;
Trevor;02:36:07;17:21:02;1559.295,3224.04,3224.04;True,Planes,CUBAN800,2,562788,1;;;
Trevor;02:36:08;17:21:03;1557.861,3223.557,3223.557;True,Planes,CUBAN800,3,305969,1;;;
Trevor;02:36:08;17:21:03;1556.016,3222.933,3222.933;True,Planes,CUBAN800,4,227498,1;;;
Trevor;02:36:09;17:21:04;1553.68,3222.063,3222.063;True,Planes,CUBAN800,5,386079,1;;;
Trevor;02:36:09;17:21:04;1550.729,3220.952,3220.952;True,Planes,CUBAN800,6,730563,1;;;
Trevor;02:36:10;17:21:05;1547.041,3219.564,3219.564;True,Planes,CUBAN800,8,264528,1;I told my contact to meet us just off the coast.;TREVOR;TR2_CHAA
Trevor;02:36:10;17:21:05;1542.564,3217.88,3217.88;True,Planes,CUBAN800,9,965657,1;;;
Trevor;02:36:11;17:21:06;1537.226,3215.871,3215.871;True,Planes,CUBAN800,11,79638,1;;;
Trevor;02:36:11;17:21:06;1531.043,3213.544,3213.544;True,Planes,CUBAN800,13,54932,1;;;
Trevor;02:36:12;17:21:07;1523.948,3210.873,3210.873;True,Planes,CUBAN800,15,25132,1;;;
Trevor;02:36:12;17:21:08;1516.144,3207.935,3207.935;True,Planes,CUBAN800,16,82805,1;;;
Trevor;02:36:13;17:21:08;1507.588,3204.925,3204.925;True,Planes,CUBAN800,18,27664,1;;;
Trevor;02:36:13;17:21:09;1498.107,3202.099,3202.099;True,Planes,CUBAN800,19,62421,1;Hey, there's a biker on your wing, Trevor.;NERVOUSRON;TR2_BQAA
Trevor;02:36:14;17:21:09;1487.939,3199.428,3199.428;True,Planes,CUBAN800,20,54514,1;;;
Trevor;02:36:14;17:21:10;1477.322,3196.689,3196.689;True,Planes,CUBAN800,21,39874,1;;;
Trevor;02:36:15;17:21:10;1466.356,3193.875,3193.875;True,Planes,CUBAN800,21,73826,1;;;
Trevor;02:36:15;17:21:11;1455.524,3191.11,3191.11;True,Planes,CUBAN800,22,09523,1;I am aware of this.;TREVOR;TR2_BQAB
Trevor;02:36:16;17:21:11;1444.207,3188.302,3188.302;True,Planes,CUBAN800,22,82701,1;;;
Trevor;02:36:16;17:21:12;1432.294,3185.623,3185.623;True,Planes,CUBAN800,23,83836,1;;;
Trevor;02:36:17;17:21:12;1419.939,3183.43,3183.43;True,Planes,CUBAN800,24,73812,1;Well, you got to get him off. Do a roll or something.;NERVOUSRON;TR2_BQAC
Trevor;02:36:17;17:21:13;1406.88,3181.839,3181.839;True,Planes,CUBAN800,25,70877,1;;;
Trevor;02:36:18;17:21:13;1393.094,3182.183,3182.183;True,Planes,CUBAN800,26,47621,1;;;
Trevor;02:36:19;17:21:14;1379.379,3184.875,3184.875;True,Planes,CUBAN800,27,48279,1;;;
Trevor;02:36:19;17:21:14;1365.271,3188.359,3188.359;True,Planes,CUBAN800,28,3119,1;;;
Trevor;02:36:20;17:21:15;1351.538,3193.303,3193.303;True,Planes,CUBAN800,27,72973,1;;;
Trevor;02:36:20;17:21:15;1338.944,3198.435,3198.435;True,Planes,CUBAN800,26,22284,1;While the man on my wing presents no immediate danger, I'll do my best to oblige you.;TREVOR;TR2_BQAD
Trevor;02:36:21;17:21:16;1327.336,3202.438,3202.438;True,Planes,CUBAN800,25,31833,1;;;
Trevor;02:36:21;17:21:16;1315.279,3204.955,3204.955;True,Planes,CUBAN800,24,95811,1;;;
Trevor;02:36:22;17:21:17;1303.19,3206.468,3206.468;True,Planes,CUBAN800,23,896,1;;;
Trevor;02:36:22;17:21:17;1290.973,3207.631,3207.631;True,Planes,CUBAN800,24,43358,1;;;
Trevor;02:36:23;17:21:18;1277.989,3208.784,3208.784;True,Planes,CUBAN800,25,6029,1;;;
Trevor;02:36:23;17:21:18;1264.462,3208.893,3208.893;True,Planes,CUBAN800,26,81977,1;;;
Trevor;02:36:24;17:21:19;1250.059,3207.251,3207.251;True,Planes,CUBAN800,28,32302,1;;;
Trevor;02:36:24;17:21:20;1235.192,3204.141,3204.141;True,Planes,CUBAN800,29,5239,1;;;
Trevor;02:36:25;17:21:20;1220.364,3199.486,3199.486;True,Planes,CUBAN800,30,02388,1;;;
Trevor;02:36:25;17:21:21;1205.613,3193.781,3193.781;True,Planes,CUBAN800,31,13887,1;There he goes!;NERVOUSRON;TR2_BSAA
Trevor;02:36:26;17:21:21;1190.414,3187.456,3187.456;True,Planes,CUBAN800,32,51147,1;;;
Trevor;02:36:26;17:21:22;1174.661,3181.006,3181.006;True,Planes,CUBAN800,33,43359,1;;;
Trevor;02:36:27;17:21:22;1158.427,3175.706,3175.706;True,Planes,CUBAN800,33,72046,1;;;
Trevor;02:36:27;17:21:23;1141.943,3171.604,3171.604;True,Planes,CUBAN800,34,28867,1;Finally, I feel safe.;TREVOR;TR2_BSAB
Trevor;02:36:28;17:21:23;1124.93,3168.333,3168.333;True,Planes,CUBAN800,35,09389,1;;;
Trevor;02:36:28;17:21:24;1106.887,3165.705,3165.705;True,Planes,CUBAN800,36,19831,1;;;
Trevor;02:36:29;17:21:24;1087.844,3163.674,3163.674;True,Planes,CUBAN800,37,61842,1;;;
Trevor;02:36:29;17:21:25;1067.848,3162.213,3162.213;True,Planes,CUBAN800,39,35,1;;;
Trevor;02:36:30;17:21:25;1046.831,3161.271,3161.271;True,Planes,CUBAN800,41,39077,1;You set up a buyer for these guns already? I thought we was just hitting back at them for the thing with the statue.;NERVOUSRON;TR2_DOAA
Trevor;02:36:30;17:21:26;1025.041,3160.865,3160.865;True,Planes,CUBAN800,43,6614,1;;;
Trevor;02:36:31;17:21:26;1002.157,3163.715,3163.715;True,Planes,CUBAN800,44,72512,1;;;
Trevor;02:36:32;17:21:27;980.7972,3172.794,3172.794;True,Planes,CUBAN800,45,20179,1;;;
Trevor;02:36:32;17:21:27;960.4641,3185.248,3185.248;True,Planes,CUBAN800,45,98457,1;;;
Trevor;02:36:33;17:21:28;940.548,3198.383,3198.383;True,Planes,CUBAN800,46,48024,1;;;
Trevor;02:36:33;17:21:28;920.1265,3210.994,3210.994;True,Planes,CUBAN800,46,99776,1;;;
Trevor;02:36:34;17:21:29;898.8887,3223.533,3223.533;True,Planes,CUBAN800,47,97961,1;;;
Trevor;02:36:34;17:21:29;876.6013,3235.218,3235.218;True,Planes,CUBAN800,50,01661,1;;;
Trevor;02:36:35;17:21:30;853.2498,3247.47,3247.47;True,Planes,CUBAN800,51,31842,1;;;
Trevor;02:36:35;17:21:30;829.6921,3260.104,3260.104;True,Planes,CUBAN800,50,88486,1;;;
Trevor;02:36:36;17:21:31;807.1057,3271.84,3271.84;True,Planes,CUBAN800,50,41869,1;;;
Trevor;02:36:36;17:21:32;784.4144,3282.907,3282.907;True,Planes,CUBAN800,50,22483,1;If you'd read our latest shareholder report, Ron,;TREVOR;TR2_DOAB
Trevor;02:36:37;17:21:32;761.2949,3294.997,3294.997;True,Planes,CUBAN800,50,67994,1;;;
Trevor;02:36:37;17:21:33;737.6429,3306.698,3306.698;True,Planes,CUBAN800,51,27065,1;;;
Trevor;02:36:38;17:21:33;713.9487,3318.811,3318.811;True,Planes,CUBAN800,51,36057,1;;;
Trevor;02:36:38;17:21:34;691.1686,3331.925,3331.925;True,Planes,CUBAN800,51,30871,1;;;
Trevor;02:36:39;17:21:34;668.7175,3345.89,3345.89;True,Planes,CUBAN800,51,29015,1;;;
Trevor;02:36:39;17:21:35;645.9671,3359.704,3359.704;True,Planes,CUBAN800,51,51433,1;;;
Trevor;02:36:40;17:21:35;623.1734,3373.702,3373.702;True,Planes,CUBAN800,52,05016,1;;;
Trevor;02:36:40;17:21:36;600.324,3388.619,3388.619;True,Planes,CUBAN800,52,62997,1;you'd know TP Enterprises has been exploring a take over of some Lost MC business;TREVOR;TR2_DOAC
Trevor;02:36:41;17:21:36;576.9658,3403.202,3403.202;True,Planes,CUBAN800,53,09776,1;;;
Trevor;02:36:41;17:21:37;553.8402,3418.518,3418.518;True,Planes,CUBAN800,53,46491,1;;;
Trevor;02:36:42;17:21:37;530.8499,3434.012,3434.012;True,Planes,CUBAN800,53,46659,1;;;
Trevor;02:36:42;17:21:38;509.4956,3451.277,3451.277;True,Planes,CUBAN800,53,44983,1;;;
Trevor;02:36:43;17:21:38;487.8988,3469.074,3469.074;True,Planes,CUBAN800,53,41193,1;;;
Trevor;02:36:44;17:21:39;467.2654,3487.896,3487.896;True,Planes,CUBAN800,53,27768,1;;;
Trevor;02:36:44;17:21:39;447.5341,3507.218,3507.218;True,Planes,CUBAN800,53,15953,1;;;
Trevor;02:36:45;17:21:40;428.4204,3527.013,3527.013;True,Planes,CUBAN800,53,075,1;;;
Trevor;02:36:45;17:21:40;409.1585,3546.617,3546.617;True,Planes,CUBAN800,52,80228,1;;;
Trevor;02:36:46;17:21:41;388.9175,3565.211,3565.211;True,Planes,CUBAN800,52,70145,1;;;
Trevor;02:36:46;17:21:41;368.0543,3583.066,3583.066;True,Planes,CUBAN800,52,65621,1;in the armaments and narcotics sectors for some time.;TREVOR;TR2_DOAD
Trevor;02:36:47;17:21:42;346.9283,3600.214,3600.214;True,Planes,CUBAN800,52,62212,1;;;
Trevor;02:36:47;17:21:42;325.1383,3616.787,3616.787;True,Planes,CUBAN800,52,67873,1;;;
Trevor;02:36:48;17:21:43;303.299,3633.287,3633.287;True,Planes,CUBAN800,52,80461,1;;;
Trevor;02:36:48;17:21:43;281.3335,3650.18,3650.18;True,Planes,CUBAN800,52,95542,1;;;
Trevor;02:36:49;17:21:44;259.7297,3667.15,3667.15;True,Planes,CUBAN800,52,67482,1;;;
Trevor;02:36:49;17:21:45;238.8839,3683.756,3683.756;True,Planes,CUBAN800,52,06908,1;;;
Trevor;02:36:50;17:21:45;218.0388,3700.337,3700.337;True,Planes,CUBAN800,51,92584,1;And that kind of requires someone to purchase our guns!;TREVOR;TR2_DOAL
Trevor;02:36:50;17:21:46;196.7569,3717.294,3717.294;True,Planes,CUBAN800,52,15947,1;;;
Trevor;02:36:51;17:21:46;175.5294,3734.046,3734.046;True,Planes,CUBAN800,51,80873,1;;;
Trevor;02:36:51;17:21:47;156.0602,3752.174,3752.174;True,Planes,CUBAN800,51,33353,1;;;
Trevor;02:36:52;17:21:47;138.2388,3771.853,3771.853;True,Planes,CUBAN800,51,31395,1;;;
Trevor;02:36:52;17:21:48;121.878,3793.214,3793.214;True,Planes,CUBAN800,51,88886,1;;;
Trevor;02:36:53;17:21:48;105.3762,3814.796,3814.796;True,Planes,CUBAN800,52,68385,1;;;
Trevor;02:36:53;17:21:49;90.23127,3837.741,3837.741;True,Planes,CUBAN800,52,44912,1;;;
Trevor;02:36:54;17:21:49;75.91086,3860.881,3860.881;True,Planes,CUBAN800,52,33262,1;Right. Of course. But Johnny K and the figurine?;NERVOUSRON;TR2_DOAE
Trevor;02:36:54;17:21:50;62.73148,3884.866,3884.866;True,Planes,CUBAN800,52,15008,1;;;
Trevor;02:36:55;17:21:50;50.28812,3909.168,3909.168;True,Planes,CUBAN800,52,92432,1;;;
Trevor;02:36:55;17:21:51;37.34278,3933.411,3933.411;True,Planes,CUBAN800,53,72555,1;;;
Trevor;02:36:56;17:21:51;23.65196,3957.589,3957.589;True,Planes,CUBAN800,54,21115,1;;;
Trevor;02:36:57;17:21:52;10.30629,3981.436,3981.436;True,Planes,CUBAN800,54,71062,0;;;
Trevor;02:36:57;17:21:52;-3.304265,4004.717,4004.717;True,Planes,CUBAN800,55,43229,1;;;
Trevor;02:36:58;17:21:53;-17.76979,4028.476,4028.476;True,Planes,CUBAN800,55,4952,1;;;
Trevor;02:36:58;17:21:53;-32.80882,4052.683,4052.683;True,Planes,CUBAN800,55,23323,1;Recent events - my impending departure included - have only expedited things.;TREVOR;TR2_DOAF
Trevor;02:36:59;17:21:54;-49.19986,4076.208,4076.208;True,Planes,CUBAN800,55,05316,1;;;
Trevor;02:36:59;17:21:54;-65.48666,4099.498,4099.498;True,Planes,CUBAN800,54,92146,1;;;
Trevor;02:37:00;17:21:55;-81.52453,4122.839,4122.839;True,Planes,CUBAN800,54,80742,1;;;
Trevor;02:37:00;17:21:55;-98.57117,4145.438,4145.438;True,Planes,CUBAN800,54,78886,1;;;
Trevor;02:37:01;17:21:56;-115.7509,4167.792,4167.792;True,Planes,CUBAN800,54,86991,1;;;
Trevor;02:37:01;17:21:56;-132.8689,4190.344,4190.344;True,Planes,CUBAN800,54,89428,1;;;
Trevor;02:37:02;17:21:57;-149.9086,4212.721,4212.721;True,Planes,CUBAN800,54,26979,1;;;
Trevor;02:37:02;17:21:58;-167.0491,4234.76,4234.76;True,Planes,CUBAN800,52,6192,1;;;
Trevor;02:37:03;17:21:58;-184.6969,4254.595,4254.595;True,Planes,CUBAN800,52,03572,1;;;
Trevor;02:37:03;17:21:59;-202.832,4274.706,4274.706;True,Planes,CUBAN800,52,06511,1;Trevor Philips Enterprises is a far superior organization;NERVOUSRON;TR2_DOAG
Trevor;02:37:04;17:21:59;-222.2629,4293.623,4293.623;True,Planes,CUBAN800,52,13374,1;;;
Trevor;02:37:04;17:22:00;-243.6675,4310.555,4310.555;True,Planes,CUBAN800,52,79261,1;;;
Trevor;02:37:05;17:22:00;-266.0451,4326.282,4326.282;True,Planes,CUBAN800,53,72813,1;;;
Trevor;02:37:05;17:22:01;-289.4585,4341.662,4341.662;True,Planes,CUBAN800,54,31741,1;;;
Trevor;02:37:06;17:22:01;-313.6014,4355.468,4355.468;True,Planes,CUBAN800,53,56233,1;;;
Trevor;02:37:06;17:22:02;-339.0689,4367.12,4367.12;True,Planes,CUBAN800,53,35757,1;;;
Trevor;02:37:07;17:22:02;-364.7627,4377.396,4377.396;True,Planes,CUBAN800,53,87369,1;;;
Trevor;02:37:07;17:22:03;-390.851,4387.809,4387.809;True,Planes,CUBAN800,53,67171,1;;;
Trevor;02:37:08;17:22:03;-417.822,4396.649,4396.649;True,Planes,CUBAN800,53,3801,1;to the Lost leather club.;NERVOUSRON;TR2_DOAM
Trevor;02:37:09;17:22:04;-444.7257,4404.289,4404.289;True,Planes,CUBAN800,53,60172,1;;;
Trevor;02:37:09;17:22:04;-472.082,4411.208,4411.208;True,Planes,CUBAN800,53,93547,1;;;
Trevor;02:37:10;17:22:05;-499.6129,4415,4415;True,Planes,CUBAN800,52,33962,1;;;
Trevor;02:37:10;17:22:05;-525.5045,4417.342,4417.342;True,Planes,CUBAN800,51,30521,1;Well, we hope to improve revenue streams. Cut overheads, and maximize profit, all that.;TREVOR;TR2_DOAH
Trevor;02:37:11;17:22:06;-551.0391,4419.534,4419.534;True,Planes,CUBAN800,50,97279,1;;;
Trevor;02:37:11;17:22:06;-577.7348,4420.871,4420.871;True,Planes,CUBAN800,51,55692,1;;;
Trevor;02:37:12;17:22:07;-604.1514,4421.891,4421.891;True,Planes,CUBAN800,51,5998,1;;;
Trevor;02:37:12;17:22:07;-630.8591,4422.953,4422.953;True,Planes,CUBAN800,51,51745,1;;;
Trevor;02:37:13;17:22:08;-657.3853,4422.96,4422.96;True,Planes,CUBAN800,51,40178,1;;;
Trevor;02:37:13;17:22:08;-683.902,4422.437,4422.437;True,Planes,CUBAN800,51,46434,1;;;
Trevor;02:37:14;17:22:09;-711.0938,4421.94,4421.94;True,Planes,CUBAN800,52,16144,1;;;
Trevor;02:37:14;17:22:10;-738.4604,4421.542,4421.542;True,Planes,CUBAN800,53,18393,1;;;
Trevor;02:37:15;17:22:10;-766.0343,4420.175,4420.175;True,Planes,CUBAN800,53,89735,1;;;
Trevor;02:37:15;17:22:11;-793.887,4418.838,4418.838;True,Planes,CUBAN800,54,05185,1;;;
Trevor;02:37:16;17:22:11;-821.6212,4416.608,4416.608;True,Planes,CUBAN800,54,03156,1;I wouldn't expect anything less.;NERVOUSRON;TR2_DOAI
Trevor;02:37:16;17:22:12;-849.5563,4413.691,4413.691;True,Planes,CUBAN800,54,00225,1;;;
Trevor;02:37:17;17:22:12;-877.579,4410.365,4410.365;True,Planes,CUBAN800,53,98052,1;;;
Trevor;02:37:17;17:22:13;-905.4975,4406.602,4406.602;True,Planes,CUBAN800,54,01345,1;;;
Trevor;02:37:18;17:22:13;-933.7852,4402.553,4402.553;True,Planes,CUBAN800,54,07447,1;;;
Trevor;02:37:18;17:22:14;-961.462,4399.119,4399.119;True,Planes,CUBAN800,53,47405,1;;;
Trevor;02:37:19;17:22:14;-989.0408,4398.241,4398.241;True,Planes,CUBAN800,52,91677,1;For one thing, we won't be paying a bunch of idiots to stand around in cow hide sniffing engine fumes.;TREVOR;TR2_DOAJ
Trevor;02:37:19;17:22:15;-1016.535,4399.308,4399.308;True,Planes,CUBAN800,52,75386,1;;;
Trevor;02:37:20;17:22:15;-1043.763,4400.985,4400.985;True,Planes,CUBAN800,52,61437,1;;;
Trevor;02:37:21;17:22:16;-1071.256,4402.967,4402.967;True,Planes,CUBAN800,52,57408,1;;;
Trevor;02:37:21;17:22:16;-1098.698,4405.704,4405.704;True,Planes,CUBAN800,52,53306,1;;;
Trevor;02:37:22;17:22:17;-1126.088,4409.342,4409.342;True,Planes,CUBAN800,52,58397,1;;;
Trevor;02:37:22;17:22:17;-1153.115,4413.627,4413.627;True,Planes,CUBAN800,52,68559,1;;;
Trevor;02:37:23;17:22:18;-1179.92,4418.324,4418.324;True,Planes,CUBAN800,52,832,1;;;
Trevor;02:37:23;17:22:18;-1206.855,4423.594,4423.594;True,Planes,CUBAN800,52,97991,1;;;
Trevor;02:37:24;17:22:19;-1234.041,4429.625,4429.625;True,Planes,CUBAN800,53,13238,1;;;
Trevor;02:37:24;17:22:19;-1260.975,4436.135,4436.135;True,Planes,CUBAN800,53,21348,1;;;
Trevor;02:37:25;17:22:20;-1287.617,4443.705,4443.705;True,Planes,CUBAN800,53,26493,1;;;
Trevor;02:37:25;17:22:20;-1313.816,4452.341,4452.341;True,Planes,CUBAN800,53,27906,1;It's important work you're doing out here. God knows, we need a sharp mind running things.;NERVOUSRON;TR2_DOAK
Trevor;02:37:26;17:22:21;-1340.308,4460.688,4460.688;True,Planes,CUBAN800,53,204,1;;;
Trevor;02:37:26;17:22:22;-1366.456,4469.405,4469.405;True,Planes,CUBAN800,53,29553,1;;;
Trevor;02:37:27;17:22:22;-1392.826,4478.304,4478.304;True,Planes,CUBAN800,53,3596,1;;;
Trevor;02:37:27;17:22:23;-1419.267,4486.622,4486.622;True,Planes,CUBAN800,53,27542,1;;;
Trevor;02:37:28;17:22:23;-1445.544,4495.417,4495.417;True,Planes,CUBAN800,53,2437,1;;;
Trevor;02:37:28;17:22:24;-1471.423,4506.178,4506.178;True,Planes,CUBAN800,53,52942,1;;;
Trevor;02:37:29;17:22:24;-1497.268,4517.401,4517.401;True,Planes,CUBAN800,53,92945,1;;;
Trevor;02:37:29;17:22:25;-1522.886,4528.255,4528.255;True,Planes,CUBAN800,54,29519,1;;;
Trevor;02:37:30;17:22:25;-1548.75,4538.913,4538.913;True,Planes,CUBAN800,54,57438,1;;;
Trevor;02:37:30;17:22:26;-1574.41,4550.638,4550.638;True,Planes,CUBAN800,53,84424,1;I'm blessed to be a part of it.;NERVOUSRON;TR2_DOAN
Trevor;02:37:31;17:22:26;-1599.212,4562.222,4562.222;True,Planes,CUBAN800,52,97221,1;;;
Trevor;02:37:31;17:22:27;-1624.374,4573.709,4573.709;True,Planes,CUBAN800,53,06729,1;;;
Trevor;02:37:32;17:22:27;-1649.115,4584.761,4584.761;True,Planes,CUBAN800,54,13724,1;;;
Trevor;02:37:33;17:22:28;-1674.808,4596.241,4596.241;True,Planes,CUBAN800,54,86005,1;;;
Trevor;02:37:33;17:22:28;-1700.697,4607.873,4607.873;True,Planes,CUBAN800,55,29074,1;;;
Trevor;02:37:34;17:22:29;-1726.573,4619.559,4619.559;True,Planes,CUBAN800,55,572,1;;;
Trevor;02:37:34;17:22:29;-1752.266,4631.205,4631.205;True,Planes,CUBAN800,55,76967,1;;;
Trevor;02:37:35;17:22:30;-1778.338,4643.053,4643.053;True,Planes,CUBAN800,55,90916,1;;;
Trevor;02:37:35;17:22:30;-1804.545,4654.861,4654.861;True,Planes,CUBAN800,55,836,1;;;
Trevor;02:37:36;17:22:31;-1829.76,4667.808,4667.808;True,Planes,CUBAN800,54,09666,1;;;
Trevor;02:37:36;17:22:31;-1853.694,4681.738,4681.738;True,Planes,CUBAN800,53,237,1;;;
Trevor;02:37:37;17:22:32;-1877.652,4695.32,4695.32;True,Planes,CUBAN800,52,86286,1;;;
Trevor;02:37:37;17:22:32;-1900.516,4709.456,4709.456;True,Planes,CUBAN800,52,15454,1;;;
Trevor;02:37:38;17:22:33;-1922.542,4724.723,4724.723;True,Planes,CUBAN800,51,72738,1;;;
Trevor;02:37:38;17:22:34;-1945.798,4737.421,4737.421;True,Planes,CUBAN800,51,39643,1;;;
Trevor;02:37:39;17:22:34;-1970.231,4747.999,4747.999;True,Planes,CUBAN800,51,15831,1;;;
Trevor;02:37:39;17:22:35;-1995.728,4755.429,4755.429;True,Planes,CUBAN800,51,01271,1;;;
Trevor;02:37:40;17:22:35;-2021.469,4760.178,4760.178;True,Planes,CUBAN800,50,96408,1;I see a signal. You think that's your guy?;NERVOUSRON;TR2_DDAA
Trevor;02:37:40;17:22:36;-2047.697,4762.29,4762.29;True,Planes,CUBAN800,50,98488,1;;;
Trevor;02:37:41;17:22:36;-2073.884,4762.351,4762.351;True,Planes,CUBAN800,50,86674,1;;;
Trevor;02:37:41;17:22:37;-2099.77,4759.365,4759.365;True,Planes,CUBAN800,50,71301,1;;;
Trevor;02:37:42;17:22:37;-2125.06,4752.648,4752.648;True,Planes,CUBAN800,50,63355,1;;;
Trevor;02:37:42;17:22:38;-2147.708,4740.016,4740.016;True,Planes,CUBAN800,49,8884,1;That's him. Let's do it.;TREVOR;TR2_DEAA
Trevor;02:37:43;17:22:38;-2162.67,4718.865,4718.865;True,Planes,CUBAN800,50,2131,1;;;
Trevor;02:37:43;17:22:39;-2172.767,4694.635,4694.635;True,Planes,CUBAN800,50,70558,1;;;
Trevor;02:37:44;17:22:39;-2181.939,4669.736,4669.736;True,Planes,CUBAN800,50,73045,1;;;
Trevor;02:37:44;17:22:40;-2192.716,4645.988,4645.988;True,Planes,CUBAN800,50,4851,1;;;
Trevor;02:37:45;17:22:40;-2205.452,4624.015,4624.015;True,Planes,CUBAN800,50,3248,1;;;
Trevor;02:37:46;17:22:41;-2220.73,4603.21,4603.21;True,Planes,CUBAN800,50,2854,1;;;
Trevor;02:37:46;17:22:41;-2238.155,4584.112,4584.112;True,Planes,CUBAN800,50,48752,1;;;
Trevor;02:37:47;17:22:42;-2256.432,4565.585,4565.585;True,Planes,CUBAN800,50,69044,1;;;
Trevor;02:37:47;17:22:42;-2273.967,4546.284,4546.284;True,Planes,CUBAN800,51,2625,1;;;
Trevor;02:37:48;17:22:43;-2291.765,4526.224,4526.224;True,Planes,CUBAN800,52,37803,1;;;
Trevor;02:37:48;17:22:43;-2310.084,4505.794,4505.794;True,Planes,CUBAN800,53,61396,1;;;
Trevor;02:37:49;17:22:44;-2327.723,4485.828,4485.828;True,Planes,CUBAN800,55,24893,1;;;
Trevor;02:37:49;17:22:44;-2346.065,4465.349,4465.349;True,Planes,CUBAN800,55,89506,1;;;
Trevor;02:37:50;17:22:45;-2364.707,4444.352,4444.352;True,Planes,CUBAN800,55,9524,1;;;
Trevor;02:37:50;17:22:46;-2383.041,4422.502,4422.502;True,Planes,CUBAN800,55,27272,0;;;
Trevor;02:37:51;17:22:46;-2400.927,4400.695,4400.695;True,Planes,CUBAN800,55,10582,1;;;
Trevor;02:37:51;17:22:47;-2418.592,4378.919,4378.919;True,Planes,CUBAN800,54,75301,0;;;
Trevor;02:37:52;17:22:47;-2436.1,4356.92,4356.92;True,Planes,CUBAN800,54,59955,1;;;
Trevor;02:37:52;17:22:48;-2453.113,4334.706,4334.706;True,Planes,CUBAN800,53,74989,0;;;
Trevor;02:37:53;17:22:48;-2469.574,4312.095,4312.095;True,Planes,CUBAN800,52,8726,0;;;
Trevor;02:37:53;17:22:49;-2485.607,4289.769,4289.769;True,Planes,CUBAN800,53,07912,1;;;
Trevor;02:37:54;17:22:49;-2501.782,4267.189,4267.189;True,Planes,CUBAN800,53,2242,1;;;
Trevor;02:37:54;17:22:50;-2517.971,4244.514,4244.514;True,Planes,CUBAN800,53,65247,1;Military base coming up. Fly low. We don't wanna show on their radar.;NERVOUSRON;TR2_ZLAA
Trevor;02:37:55;17:22:50;-2534.165,4221.944,4221.944;True,Planes,CUBAN800,53,33938,0;;;
Trevor;02:37:55;17:22:51;-2550.405,4199.696,4199.696;True,Planes,CUBAN800,52,64784,0;;;
Trevor;02:37:56;17:22:51;-2566.666,4177.734,4177.734;True,Planes,CUBAN800,52,15541,0;;;
Trevor;02:37:56;17:22:52;-2582.663,4156.212,4156.212;True,Planes,CUBAN800,51,83105,0;;;
Trevor;02:37:57;17:22:52;-2599.698,4135.537,4135.537;True,Planes,CUBAN800,51,41451,0;;;
Trevor;02:37:58;17:22:53;-2617.824,4115.744,4115.744;True,Planes,CUBAN800,51,35952,0;;;
Trevor;02:37:58;17:22:53;-2635.609,4095.555,4095.555;True,Planes,CUBAN800,51,55758,1;;;
Trevor;02:37:59;17:22:54;-2653.472,4074.662,4074.662;True,Planes,CUBAN800,52,2728,1;;;
Trevor;02:37:59;17:22:54;-2671.254,4053.616,4053.616;True,Planes,CUBAN800,52,64849,1;;;
Trevor;02:38:00;17:22:55;-2689.094,4032.746,4032.746;True,Planes,CUBAN800,52,78136,1;;;
Trevor;02:38:00;17:22:55;-2706.983,4011.905,4011.905;True,Planes,CUBAN800,52,75985,1;;;
Trevor;02:38:01;17:22:56;-2724.977,3991.289,3991.289;True,Planes,CUBAN800,52,59151,1;;;
Trevor;02:38:01;17:22:56;-2742.799,3970.932,3970.932;True,Planes,CUBAN800,52,49054,1;;;
Trevor;02:38:02;17:22:57;-2760.856,3950.347,3950.347;True,Planes,CUBAN800,52,61806,1;;;
Trevor;02:38:02;17:22:58;-2779.204,3929.435,3929.435;True,Planes,CUBAN800,52,8265,1;;;
Trevor;02:38:03;17:22:58;-2797.407,3908.72,3908.72;True,Planes,CUBAN800,53,03518,1;;;
Trevor;02:38:03;17:22:59;-2815.804,3887.927,3887.927;True,Planes,CUBAN800,53,2447,1;;;
Trevor;02:38:04;17:22:59;-2834.23,3867.285,3867.285;True,Planes,CUBAN800,53,45692,1;;;
Trevor;02:38:04;17:23:00;-2852.732,3846.741,3846.741;True,Planes,CUBAN800,53,58903,1;;;
Trevor;02:38:05;17:23:00;-2871.446,3826.104,3826.104;True,Planes,CUBAN800,53,71652,1;;;
Trevor;02:38:05;17:23:01;-2890.309,3805.525,3805.525;True,Planes,CUBAN800,53,85394,1;;;
Trevor;02:38:06;17:23:01;-2908.725,3784.256,3784.256;True,Planes,CUBAN800,53,86731,1;;;
Trevor;02:38:06;17:23:02;-2926.339,3762.688,3762.688;True,Planes,CUBAN800,54,06889,1;;;
Trevor;02:38:07;17:23:02;-2944.227,3741.108,3741.108;True,Planes,CUBAN800,54,19061,1;;;
Trevor;02:38:07;17:23:03;-2961.74,3719.198,3719.198;True,Planes,CUBAN800,53,57276,1;;;
Trevor;02:38:08;17:23:03;-2978.856,3697.652,3697.652;True,Planes,CUBAN800,52,96873,1;;;
Trevor;02:38:08;17:23:04;-2997.112,3677.566,3677.566;True,Planes,CUBAN800,52,46837,1;;;
Trevor;02:38:09;17:23:04;-3015.611,3657.888,3657.888;True,Planes,CUBAN800,52,38099,1;;;
Trevor;02:38:09;17:23:05;-3034.03,3637.75,3637.75;True,Planes,CUBAN800,53,04974,1;;;
Trevor;02:38:10;17:23:05;-3052.563,3617.265,3617.265;True,Planes,CUBAN800,54,01304,1;;;
Trevor;02:38:11;17:23:06;-3070.462,3596.099,3596.099;True,Planes,CUBAN800,54,1894,1;;;
Trevor;02:38:11;17:23:06;-3087.929,3574.047,3574.047;True,Planes,CUBAN800,53,96732,1;;;
Trevor;02:38:12;17:23:07;-3103.811,3551.004,3551.004;True,Planes,CUBAN800,53,75677,1;;;
Trevor;02:38:12;17:23:07;-3119.077,3527.801,3527.801;True,Planes,CUBAN800,53,69516,1;;;
Trevor;02:38:13;17:23:08;-3133.824,3504.264,3504.264;True,Planes,CUBAN800,53,67073,1;;;
Trevor;02:38:13;17:23:08;-3148.215,3480.517,3480.517;True,Planes,CUBAN800,53,69262,1;;;
Trevor;02:38:14;17:23:09;-3162.348,3456.78,3456.78;True,Planes,CUBAN800,53,65411,1;;;
Trevor;02:38:14;17:23:09;-3174.478,3431.895,3431.895;True,Planes,CUBAN800,53,5141,1;;;
Trevor;02:38:15;17:23:10;-3186,3406.535,3406.535;True,Planes,CUBAN800,53,10979,1;;;
Trevor;02:38:15;17:23:10;-3197.928,3382.134,3382.134;True,Planes,CUBAN800,52,68312,1;;;
Trevor;02:38:16;17:23:11;-3209.004,3361.09,3361.09;True,Planes,CUBAN800,52,23006,1;;;
Trevor;02:38:16;17:23:12;-3217.294,3344.353,3344.353;True,Planes,CUBAN800,51,79174,1;;;
Trevor;02:38:17;17:23:12;-3225.31,3327.661,3327.661;True,Planes,CUBAN800,51,48533,1;;;
Trevor;02:38:17;17:23:13;-3233.409,3311.302,3311.302;True,Planes,CUBAN800,51,2185,1;;;
Trevor;02:38:18;17:23:13;-3242.856,3292.974,3292.974;True,Planes,CUBAN800,50,94038,1;;;
Trevor;02:38:18;17:23:14;-3255,3270.445,3270.445;True,Planes,CUBAN800,50,63301,1;;;
Trevor;02:38:19;17:23:14;-3266.773,3247.876,3247.876;True,Planes,CUBAN800,49,56968,0;;;
Trevor;02:38:19;17:23:15;-3277.588,3224.778,3224.778;True,Planes,CUBAN800,49,21385,0;;;
Trevor;02:38:20;17:23:15;-3288.651,3201.339,3201.339;True,Planes,CUBAN800,49,26715,0;;;
Trevor;02:38:20;17:23:16;-3299.412,3177.719,3177.719;True,Planes,CUBAN800,49,41544,0;;;
Trevor;02:38:21;17:23:16;-3309.637,3154.292,3154.292;True,Planes,CUBAN800,49,3805,0;;;
Trevor;02:38:21;17:23:17;-3319.619,3130.652,3130.652;True,Planes,CUBAN800,49,31579,0;;;
Trevor;02:38:22;17:23:17;-3329.374,3107.047,3107.047;True,Planes,CUBAN800,49,26702,0;;;
Trevor;02:38:23;17:23:18;-3338.936,3083.397,3083.397;True,Planes,CUBAN800,49,25669,0;;;
Trevor;02:38:23;17:23:18;-3348.27,3059.65,3059.65;True,Planes,CUBAN800,49,29353,0;;;
Trevor;02:38:24;17:23:19;-3357.451,3035.597,3035.597;True,Planes,CUBAN800,49,37891,0;They got them!;NERVOUSRON;TR2_EUAA
Trevor;02:38:24;17:23:19;-3366.094,3011.442,3011.442;True,Planes,CUBAN800,49,35442,0;;;
Trevor;02:38:25;17:23:20;-3372.947,2986.475,2986.475;True,Planes,CUBAN800,49,9081,1;;;
Trevor;02:38:25;17:23:20;-3376.819,2961.283,2961.283;True,Planes,CUBAN800,49,93633,1;;;
Trevor;02:38:26;17:23:21;-3378.036,2935.951,2935.951;True,Planes,CUBAN800,50,016,1;Shipment successfully delivered, Ron. Now remember,;TREVOR;TR2_HGAA
Trevor;02:38:26;17:23:21;-3376.737,2910.492,2910.492;True,Planes,CUBAN800,50,1105,1;;;
Trevor;02:38:27;17:23:22;-3373.41,2884.528,2884.528;True,Planes,CUBAN800,51,02064,1;;;
Trevor;02:38:27;17:23:22;-3368.354,2858.632,2858.632;True,Planes,CUBAN800,52,4285,1;;;
Trevor;02:38:28;17:23:23;-3359.223,2833.246,2833.246;True,Planes,CUBAN800,52,86216,1;;;
Trevor;02:38:28;17:23:23;-3346.454,2808.988,2808.988;True,Planes,CUBAN800,53,21956,1;;;
Trevor;02:38:29;17:23:24;-3330.657,2786.122,2786.122;True,Planes,CUBAN800,53,5509,1;if you beat me to the airstrip, I'll butcher your carcass and wrap you in cheesecloth.;TREVOR;TR2_HGAB
Trevor;02:38:29;17:23:25;-3312.741,2765.166,2765.166;True,Planes,CUBAN800,54,03414,1;;;
Trevor;02:38:30;17:23:25;-3293.518,2744.487,2744.487;True,Planes,CUBAN800,54,42863,1;;;
Trevor;02:38:30;17:23:26;-3274.059,2724.255,2724.255;True,Planes,CUBAN800,54,72594,1;;;
Trevor;02:38:31;17:23:26;-3253.93,2704.69,2704.69;True,Planes,CUBAN800,54,88187,1;;;
Trevor;02:38:31;17:23:27;-3231.27,2687.256,2687.256;True,Planes,CUBAN800,54,60471,1;;;
Trevor;02:38:32;17:23:27;-3207.836,2671.637,2671.637;True,Planes,CUBAN800,54,18855,1;;;
Trevor;02:38:32;17:23:28;-3182.854,2658.977,2658.977;True,Planes,CUBAN800,53,82682,1;;;
Trevor;02:38:33;17:23:28;-3156.566,2649.213,2649.213;True,Planes,CUBAN800,53,76723,1;;;
Trevor;02:38:33;17:23:29;-3129.473,2642.418,2642.418;True,Planes,CUBAN800,53,92623,1;;;
Trevor;02:38:34;17:23:29;-3102.14,2637.578,2637.578;True,Planes,CUBAN800,54,29478,1;;;
Trevor;02:38:34;17:23:30;-3074.309,2633.302,2633.302;True,Planes,CUBAN800,54,50544,1;;;
Trevor;02:38:35;17:23:30;-3046.093,2629.399,2629.399;True,Planes,CUBAN800,54,50992,1;;;
Trevor;02:38:36;17:23:31;-3017.444,2626.119,2626.119;True,Planes,CUBAN800,54,32663,1;;;
Trevor;02:38:36;17:23:31;-2989.095,2624.655,2624.655;True,Planes,CUBAN800,54,21343,1;;;
Trevor;02:38:37;17:23:32;-2961.239,2623.532,2623.532;True,Planes,CUBAN800,54,04803,1;;;
Trevor;02:38:37;17:23:32;-2933.388,2624.852,2624.852;True,Planes,CUBAN800,53,0619,1;;;
Trevor;02:38:38;17:23:33;-2906.744,2629.605,2629.605;True,Planes,CUBAN800,52,23476,1;;;
Trevor;02:38:38;17:23:33;-2880.708,2637.794,2637.794;True,Planes,CUBAN800,51,90469,1;;;
Trevor;02:38:39;17:23:34;-2856.299,2648.412,2648.412;True,Planes,CUBAN800,51,80484,1;;;
Trevor;02:38:39;17:23:34;-2833.161,2661.68,2661.68;True,Planes,CUBAN800,51,93042,1;;;
Trevor;02:38:40;17:23:35;-2811.232,2677.677,2677.677;True,Planes,CUBAN800,52,22371,1;;;
Trevor;02:38:40;17:23:35;-2791.082,2696.489,2696.489;True,Planes,CUBAN800,52,61124,1;;;
Trevor;02:38:41;17:23:36;-2774.575,2717.848,2717.848;True,Planes,CUBAN800,51,62048,1;;;
Trevor;02:38:41;17:23:37;-2762.725,2741.164,2741.164;True,Planes,CUBAN800,51,22783,1;We're gonna make some coin from that hardware, boss!;NERVOUSRON;TR2_DKAA
Trevor;02:38:42;17:23:37;-2753.984,2766.01,2766.01;True,Planes,CUBAN800,51,18099,1;;;
Trevor;02:38:42;17:23:38;-2748.064,2791.735,2791.735;True,Planes,CUBAN800,51,40277,1;;;
Trevor;02:38:43;17:23:38;-2744.8,2818.293,2818.293;True,Planes,CUBAN800,51,85398,1;;;
Trevor;02:38:43;17:23:39;-2744.213,2845.646,2845.646;True,Planes,CUBAN800,52,58382,1;;;
Trevor;02:38:44;17:23:39;-2745.149,2873.113,2873.113;True,Planes,CUBAN800,53,28419,1;;;
Trevor;02:38:44;17:23:40;-2750.009,2900.419,2900.419;True,Planes,CUBAN800,53,0943,1;;;
Trevor;02:38:45;17:23:40;-2758.641,2926.749,2926.749;True,Planes,CUBAN800,52,81046,1;TP Enterprises are raising guidance;TREVOR;TR2_DKAB
Trevor;02:38:45;17:23:41;-2768.498,2952.07,2952.07;True,Planes,CUBAN800,52,60205,1;;;
Trevor;02:38:46;17:23:41;-2779.139,2977.391,2977.391;True,Planes,CUBAN800,52,54643,1;;;
Trevor;02:38:46;17:23:42;-2789.937,3003.12,3003.12;True,Planes,CUBAN800,53,1021,1;;;
Trevor;02:38:47;17:23:42;-2800.752,3028.748,3028.748;True,Planes,CUBAN800,53,91612,1;;;
Trevor;02:38:47;17:23:43;-2811.961,3054.354,3054.354;True,Planes,CUBAN800,54,18848,1;and the Lost MC are posting unexpectedly soft projections for the coming quarter.;TREVOR;TR2_DKAK
Trevor;02:38:48;17:23:43;-2823.575,3080.197,3080.197;True,Planes,CUBAN800,54,26841,1;;;
Trevor;02:38:49;17:23:44;-2836.014,3105.787,3105.787;True,Planes,CUBAN800,53,76362,1;;;
Trevor;02:38:49;17:23:44;-2849.999,3129.941,3129.941;True,Planes,CUBAN800,53,14265,1;;;
Trevor;02:38:50;17:23:45;-2863.909,3153.873,3153.873;True,Planes,CUBAN800,52,97348,1;;;
Trevor;02:38:50;17:23:45;-2877.679,3178.267,3178.267;True,Planes,CUBAN800,53,25766,1;;;
Trevor;02:38:51;17:23:46;-2891.419,3202.466,3202.466;True,Planes,CUBAN800,53,27744,1;;;
Trevor;02:38:51;17:23:46;-2905.378,3226.29,3226.29;True,Planes,CUBAN800,53,14774,1;;;
Trevor;02:38:52;17:23:47;-2918.248,3250.775,3250.775;True,Planes,CUBAN800,52,67851,1;They're getting everything that's coming to 'em.;NERVOUSRON;TR2_DKAC
Trevor;02:38:52;17:23:47;-2928.728,3275.919,3275.919;True,Planes,CUBAN800,52,41257,1;;;
Trevor;02:38:53;17:23:48;-2937.163,3302.073,3302.073;True,Planes,CUBAN800,52,28802,1;;;
Trevor;02:38:53;17:23:49;-2943.163,3328.532,3328.532;True,Planes,CUBAN800,52,78739,1;;;
Trevor;02:38:54;17:23:49;-2946.573,3355.802,3355.802;True,Planes,CUBAN800,52,5645,1;;;
Trevor;02:38:54;17:23:50;-2944.279,3381.996,3381.996;True,Planes,CUBAN800,50,55098,1;A vast criminal conspiracy like the Lost MC shouldn't a let a goon like Johnny K represent them.;TREVOR;TR2_DKAD
Trevor;02:38:55;17:23:50;-2936.77,3406.063,3406.063;True,Planes,CUBAN800,49,9866,1;;;
Trevor;02:38:55;17:23:51;-2927.084,3429.672,3429.672;True,Planes,CUBAN800,50,22208,1;;;
Trevor;02:38:56;17:23:51;-2915.907,3453.542,3453.542;True,Planes,CUBAN800,50,83081,1;;;
Trevor;02:38:56;17:23:52;-2900.409,3474.995,3474.995;True,Planes,CUBAN800,50,70791,1;;;
Trevor;02:38:57;17:23:52;-2880.803,3492.128,3492.128;True,Planes,CUBAN800,50,8558,1;;;
Trevor;02:38:57;17:23:53;-2859.385,3507.43,3507.43;True,Planes,CUBAN800,51,20203,1;;;
Trevor;02:38:58;17:23:53;-2837.042,3521.438,3521.438;True,Planes,CUBAN800,51,25075,1;;;
Trevor;02:38:58;17:23:54;-2812.97,3532.293,3532.293;True,Planes,CUBAN800,51,45019,1;;;
Trevor;02:38:59;17:23:54;-2787.59,3539.884,3539.884;True,Planes,CUBAN800,51,02337,1;;;
Trevor;02:39:00;17:23:55;-2762.316,3544.69,3544.69;True,Planes,CUBAN800,50,58812,1;;;
Trevor;02:39:00;17:23:55;-2737.637,3549.637,3549.637;True,Planes,CUBAN800,50,2841,1;He was a man past his prime. I heard he used to be serious.;NERVOUSRON;TR2_DKAE
Trevor;02:39:01;17:23:56;-2713.186,3553.665,3553.665;True,Planes,CUBAN800,50,08355,1;;;
Trevor;02:39:01;17:23:56;-2688.955,3558.271,3558.271;True,Planes,CUBAN800,49,82391,1;;;
Trevor;02:39:02;17:23:57;-2665.189,3563.431,3563.431;True,Planes,CUBAN800,49,46524,1;;;
Trevor;02:39:02;17:23:57;-2642.105,3569.467,3569.467;True,Planes,CUBAN800,49,14045,1;;;
Trevor;02:39:03;17:23:58;-2619.362,3575.873,3575.873;True,Planes,CUBAN800,48,72773,1;;;
Trevor;02:39:03;17:23:58;-2597.557,3584.046,3584.046;True,Planes,CUBAN800,48,17404,1;;;
Trevor;02:39:04;17:23:59;-2575.937,3594.221,3594.221;True,Planes,CUBAN800,48,12414,1;;;
Trevor;02:39:04;17:23:59;-2553.055,3603.904,3603.904;True,Planes,CUBAN800,48,77831,1;;;
Trevor;02:39:05;17:24:00;-2529.279,3613.45,3613.45;True,Planes,CUBAN800,49,87612,1;;;
Trevor;02:39:05;17:24:00;-2505.884,3624.018,3624.018;True,Planes,CUBAN800,50,20546,1;;;
Trevor;02:39:06;17:24:01;-2482.603,3635.088,3635.088;True,Planes,CUBAN800,50,36564,1;A few hard stamps to the head knocked the seriousness right outta him.;TREVOR;TR2_DKAF
Trevor;02:39:06;17:24:02;-2459.703,3646.165,3646.165;True,Planes,CUBAN800,50,4396,1;;;
Trevor;02:39:07;17:24:02;-2436.683,3657.404,3657.404;True,Planes,CUBAN800,50,5019,1;;;
Trevor;02:39:07;17:24:03;-2413.889,3668.332,3668.332;True,Planes,CUBAN800,50,34972,1;;;
Trevor;02:39:08;17:24:03;-2390.21,3677.245,3677.245;True,Planes,CUBAN800,50,28452,1;;;
Trevor;02:39:08;17:24:04;-2366.002,3685.531,3685.531;True,Planes,CUBAN800,50,49429,1;;;
Trevor;02:39:09;17:24:04;-2341.809,3694.158,3694.158;True,Planes,CUBAN800,50,7081,1;;;
Trevor;02:39:09;17:24:05;-2317.087,3702.805,3702.805;True,Planes,CUBAN800,50,89447,1;Sure did. But before that, I mean. Back in Alderney.;NERVOUSRON;TR2_DKAG
Trevor;02:39:10;17:24:05;-2292.014,3710.994,3710.994;True,Planes,CUBAN800,51,15115,1;;;
Trevor;02:39:10;17:24:06;-2267.139,3719.174,3719.174;True,Planes,CUBAN800,51,41451,1;;;
Trevor;02:39:11;17:24:06;-2241.878,3727.66,3727.66;True,Planes,CUBAN800,51,6677,1;;;
Trevor;02:39:11;17:24:07;-2216.278,3736.456,3736.456;True,Planes,CUBAN800,51,9071,1;;;
Trevor;02:39:12;17:24:07;-2190.647,3745.406,3745.406;True,Planes,CUBAN800,52,11299,1;;;
Trevor;02:39:12;17:24:08;-2165.287,3754.4,3754.4;True,Planes,CUBAN800,52,26999,1;;;
Trevor;02:39:13;17:24:08;-2139.733,3763.684,3763.684;True,Planes,CUBAN800,52,06617,1;;;
Trevor;02:39:14;17:24:09;-2115.059,3772.946,3772.946;True,Planes,CUBAN800,51,52017,1;;;
Trevor;02:39:14;17:24:09;-2090.823,3782.353,3782.353;True,Planes,CUBAN800,51,14064,1;;;
Trevor;02:39:15;17:24:10;-2066.726,3791.836,3791.836;True,Planes,CUBAN800,50,87172,1;Man was weak for crystal, weak for Ashley, man was weak. He shouldn't have spoken to me like that.;TREVOR;TR2_DKAH
Trevor;02:39:15;17:24:10;-2042.748,3801.331,3801.331;True,Planes,CUBAN800,50,71848,1;;;
Trevor;02:39:16;17:24:11;-2019.425,3810.727,3810.727;True,Planes,CUBAN800,50,56168,1;;;
Trevor;02:39:16;17:24:11;-1996.119,3820.153,3820.153;True,Planes,CUBAN800,50,41262,1;;;
Trevor;02:39:17;17:24:12;-1973.068,3829.826,3829.826;True,Planes,CUBAN800,50,39007,1;;;
Trevor;02:39:17;17:24:12;-1949.259,3839.764,3839.764;True,Planes,CUBAN800,50,9524,1;;;
Trevor;02:39:18;17:24:13;-1924.976,3850.213,3850.213;True,Planes,CUBAN800,51,57258,1;;;
Trevor;02:39:18;17:24:13;-1901.213,3861.564,3861.564;True,Planes,CUBAN800,51,67775,1;;;
Trevor;02:39:19;17:24:14;-1877.472,3873.675,3873.675;True,Planes,CUBAN800,51,9789,1;;;
Trevor;02:39:19;17:24:15;-1854.196,3886.007,3886.007;True,Planes,CUBAN800,51,78936,1;;;
Trevor;02:39:20;17:24:15;-1831.048,3897.066,3897.066;True,Planes,CUBAN800,51,66452,1;;;
Trevor;02:39:20;17:24:16;-1807.042,3908.423,3908.423;True,Planes,CUBAN800,52,18767,1;;;
Trevor;02:39:21;17:24:16;-1782.567,3920.452,3920.452;True,Planes,CUBAN800,53,05415,1;He shouldn't a. He was a fool. And you corrected him.;NERVOUSRON;TR2_DKAI
Trevor;02:39:21;17:24:17;-1757.998,3932.546,3932.546;True,Planes,CUBAN800,53,04505,1;;;
Trevor;02:39:22;17:24:17;-1733.902,3943.856,3943.856;True,Planes,CUBAN800,52,68064,1;;;
Trevor;02:39:22;17:24:18;-1708.693,3953.091,3953.091;True,Planes,CUBAN800,52,60398,1;;;
Trevor;02:39:23;17:24:18;-1682.38,3960.342,3960.342;True,Planes,CUBAN800,53,30058,1;;;
Trevor;02:39:23;17:24:19;-1655.21,3967.523,3967.523;True,Planes,CUBAN800,54,51663,1;;;
Trevor;02:39:24;17:24:19;-1627.352,3975.208,3975.208;True,Planes,CUBAN800,56,09754,1;;;
Trevor;02:39:24;17:24:20;-1599.23,3983.208,3983.208;True,Planes,CUBAN800,57,90063,1;;;
Trevor;02:39:25;17:24:20;-1570.025,3992.071,3992.071;True,Planes,CUBAN800,59,05439,1;He'll not do that again.;TREVOR;TR2_DKAJ
Trevor;02:39:26;17:24:21;-1540.404,4001.634,4001.634;True,Planes,CUBAN800,59,8224,1;;;
Trevor;02:39:26;17:24:21;-1510.509,4010.301,4010.301;True,Planes,CUBAN800,60,3574,1;;;
Trevor;02:39:27;17:24:22;-1480.263,4018.726,4018.726;True,Planes,CUBAN800,60,94158,1;;;
Trevor;02:39:27;17:24:22;-1449.103,4027.907,4027.907;True,Planes,CUBAN800,61,50097,1;;;
Trevor;02:39:28;17:24:23;-1418.226,4037.417,4037.417;True,Planes,CUBAN800,61,95142,1;Stay low over those wetlands, boss.;NERVOUSRON;TR2_RQAA
Trevor;02:39:28;17:24:23;-1387.189,4045.794,4045.794;True,Planes,CUBAN800,62,33198,1;;;
Trevor;02:39:29;17:24:24;-1355.819,4053.995,4053.995;True,Planes,CUBAN800,62,82761,1;;;
Trevor;02:39:29;17:24:24;-1323.902,4062.852,4062.852;True,Planes,CUBAN800,63,35038,1;;;
Trevor;02:39:30;17:24:25;-1292.148,4071.792,4071.792;True,Planes,CUBAN800,63,83079,1;;;
Trevor;02:39:30;17:24:25;-1260.073,4080.01,4080.01;True,Planes,CUBAN800,64,36698,1;;;
Trevor;02:39:31;17:24:26;-1227.265,4088.386,4088.386;True,Planes,CUBAN800,65,27087,1;So, the guns are going to Mexico?;NERVOUSRON;TR2_ZFAA
Trevor;02:39:31;17:24:27;-1194.517,4095.523,4095.523;True,Planes,CUBAN800,67,05017,1;;;
Trevor;02:39:32;17:24:27;-1161.615,4102.325,4102.325;True,Planes,CUBAN800,69,26875,1;;;
Trevor;02:39:32;17:24:28;-1128.382,4109.467,4109.467;True,Planes,CUBAN800,71,36248,1;Mexico. Yeah. Guy in the boat is Oscar Guzman. He's in with the cartels.;TREVOR;TR2_ZFAB
Trevor;02:39:33;17:24:28;-1092.861,4116.437,4116.437;True,Planes,CUBAN800,72,23406,1;;;
Trevor;02:39:33;17:24:29;-1056.476,4121.281,4121.281;True,Planes,CUBAN800,73,1777,1;;;
Trevor;02:39:34;17:24:29;-1018.967,4125.82,4125.82;True,Planes,CUBAN800,73,75645,1;;;
Trevor;02:39:34;17:24:30;-981.3487,4130.513,4130.513;True,Planes,CUBAN800,72,81293,1;;;
Trevor;02:39:35;17:24:30;-944.8257,4134.645,4134.645;True,Planes,CUBAN800,69,60017,1;;;
Trevor;02:39:35;17:24:31;-909.5,4136.274,4136.274;True,Planes,CUBAN800,67,24,1;;;
Trevor;02:39:36;17:24:31;-875.299,4138.042,4138.042;True,Planes,CUBAN800,66,44943,1;;;
Trevor;02:39:36;17:24:32;-841.654,4139.972,4139.972;True,Planes,CUBAN800,65,2369,1;;;
Trevor;02:39:37;17:24:32;-808.2697,4141.8,4141.8;True,Planes,CUBAN800,63,36776,1;;;
Trevor;02:39:37;17:24:33;-776.1012,4144.517,4144.517;True,Planes,CUBAN800,61,54509,1;;;
Trevor;02:39:38;17:24:33;-744.6255,4148.179,4148.179;True,Planes,CUBAN800,60,42828,1;If there's a market, this could be a way to expand the business.;NERVOUSRON;TR2_ZFAC
Trevor;02:39:39;17:24:34;-713.9587,4151.954,4151.954;True,Planes,CUBAN800,59,63539,1;;;
Trevor;02:39:39;17:24:34;-684.2175,4156.36,4156.36;True,Planes,CUBAN800,58,30404,1;;;
Trevor;02:39:40;17:24:35;-654.8251,4161.122,4161.122;True,Planes,CUBAN800,57,02193,1;;;
Trevor;02:39:40;17:24:35;-625.7201,4166.411,4166.411;True,Planes,CUBAN800,56,17281,1;;;
Trevor;02:39:41;17:24:36;-597.5375,4171.483,4171.483;True,Planes,CUBAN800,56,01373,1;;;
Trevor;02:39:41;17:24:36;-569.4818,4176.341,4176.341;True,Planes,CUBAN800,56,29422,1;Like I hadn't thought of that! We might be able to buy into Oscar's thing. But leave that to me, Ron.;TREVOR;TR2_ZFAD
Trevor;02:39:42;17:24:37;-541.1801,4181.147,4181.147;True,Planes,CUBAN800,56,28616,1;;;
Trevor;02:39:42;17:24:37;-512.6043,4185.946,4185.946;True,Planes,CUBAN800,56,12243,1;;;
Trevor;02:39:43;17:24:38;-484.3366,4190.675,4190.675;True,Planes,CUBAN800,55,9684,1;;;
Trevor;02:39:43;17:24:38;-456.0228,4195.406,4195.406;True,Planes,CUBAN800,55,87212,1;;;
Trevor;02:39:44;17:24:39;-427.6252,4200.148,4200.148;True,Planes,CUBAN800,55,8294,1;;;
Trevor;02:39:44;17:24:40;-399.2551,4204.877,4204.877;True,Planes,CUBAN800,55,8222,1;;;
Trevor;02:39:45;17:24:40;-371.1972,4209.549,4209.549;True,Planes,CUBAN800,55,83962,1;;;
Trevor;02:39:45;17:24:41;-342.9634,4214.237,4214.237;True,Planes,CUBAN800,55,31182,1;;;
Trevor;02:39:46;17:24:41;-315.1192,4218.871,4218.871;True,Planes,CUBAN800,54,7452,1;;;
Trevor;02:39:46;17:24:42;-287.007,4223.12,4223.12;True,Planes,CUBAN800,54,22506,1;;;
Trevor;02:39:47;17:24:42;-259.086,4226.612,4226.612;True,Planes,CUBAN800,54,13723,1;;;
Trevor;02:39:47;17:24:43;-231.6262,4230.267,4230.267;True,Planes,CUBAN800,54,57188,1;;;
Trevor;02:39:48;17:24:43;-203.9691,4235.054,4235.054;True,Planes,CUBAN800,55,03183,1;I'm sorry to ask this, but does your contact pay well for this kind of shipment?;NERVOUSRON;TR2_ZJAA
Trevor;02:39:48;17:24:44;-176.1817,4239.905,4239.905;True,Planes,CUBAN800,55,01308,1;;;
Trevor;02:39:49;17:24:44;-148.1998,4245.363,4245.363;True,Planes,CUBAN800,54,86025,1;;;
Trevor;02:39:49;17:24:45;-120.2902,4251.059,4251.059;True,Planes,CUBAN800,54,69611,1;;;
Trevor;02:39:50;17:24:45;-92.33814,4256.775,4256.775;True,Planes,CUBAN800,54,53396,1;;;
Trevor;02:39:50;17:24:46;-64.76987,4262.484,4262.484;True,Planes,CUBAN800,54,3826,1;;;
Trevor;02:39:51;17:24:46;-37.15146,4268.496,4268.496;True,Planes,CUBAN800,54,21252,1;;;
Trevor;02:39:52;17:24:47;-9.869181,4275.344,4275.344;True,Planes,CUBAN800,54,12343,1;;;
Trevor;02:39:52;17:24:47;17.37959,4282.389,4282.389;True,Planes,CUBAN800,53,97992,1;;;
Trevor;02:39:53;17:24:48;44.48289,4288.966,4288.966;True,Planes,CUBAN800,53,78233,1;;;
Trevor;02:39:53;17:24:48;71.44264,4295.496,4295.496;True,Planes,CUBAN800,53,59696,1;;;
Trevor;02:39:54;17:24:49;98.2561,4301.991,4301.991;True,Planes,CUBAN800,53,39026,1;'Cause I've got those lawyer fees for the divorce... and my settlement costs.;NERVOUSRON;TR2_ZJAB
Trevor;02:39:54;17:24:49;125.2203,4307.714,4307.714;True,Planes,CUBAN800,53,20619,1;;;
Trevor;02:39:55;17:24:50;152.4281,4313.317,4313.317;True,Planes,CUBAN800,53,12287,1;;;
Trevor;02:39:55;17:24:50;179.5989,4319.054,4319.054;True,Planes,CUBAN800,53,05608,1;;;
Trevor;02:39:56;17:24:51;206.505,4323.967,4323.967;True,Planes,CUBAN800,53,02171,1;;;
Trevor;02:39:56;17:24:51;233.7375,4328.713,4328.713;True,Planes,CUBAN800,53,08221,1;;;
Trevor;02:39:57;17:24:52;261.0006,4333.605,4333.605;True,Planes,CUBAN800,53,16942,1;;;
Trevor;02:39:57;17:24:53;287.9868,4338.633,4338.633;True,Planes,CUBAN800,53,27481,1;;;
Trevor;02:39:58;17:24:53;315.0993,4343.784,4343.784;True,Planes,CUBAN800,53,39498,1;;;
Trevor;02:39:58;17:24:54;342.3563,4349.018,4349.018;True,Planes,CUBAN800,53,52346,1;;;
Trevor;02:39:59;17:24:54;369.7082,4354.299,4354.299;True,Planes,CUBAN800,53,65927,1;Oh, he pays. Better than any in this sorry country.;TREVOR;TR2_ZJAC
Trevor;02:39:59;17:24:55;397.1295,4359.615,4359.615;True,Planes,CUBAN800,53,80818,1;;;
Trevor;02:40:00;17:24:55;424.8148,4365.007,4365.007;True,Planes,CUBAN800,53,96342,1;;;
Trevor;02:40:00;17:24:56;452.2964,4370.4,4370.4;True,Planes,CUBAN800,54,11645,1;;;
Trevor;02:40:01;17:24:56;480.2104,4375.92,4375.92;True,Planes,CUBAN800,54,27115,1;;;
Trevor;02:40:01;17:24:57;507.7622,4381.412,4381.412;True,Planes,CUBAN800,54,41563,1;;;
Trevor;02:40:02;17:24:57;535.6862,4387.007,4387.007;True,Planes,CUBAN800,54,52975,1;;;
Trevor;02:40:02;17:24:58;563.1518,4392.583,4392.583;True,Planes,CUBAN800,53,95471,1;That's good to hear, man.;NERVOUSRON;TR2_ZJAD
Trevor;02:40:03;17:24:58;590.7388,4398.284,4398.284;True,Planes,CUBAN800,53,43944,1;;;
Trevor;02:40:03;17:24:59;618.1299,4403.985,4403.985;True,Planes,CUBAN800,53,41437,1;;;
Trevor;02:40:04;17:24:59;645.515,4409.668,4409.668;True,Planes,CUBAN800,53,83474,1;We'll talk about the exact split when we're grounded, okay?;TREVOR;TR2_ZJAE
Trevor;02:40:05;17:25:00;672.9853,4415.452,4415.452;True,Planes,CUBAN800,53,81562,1;;;
Trevor;02:40:05;17:25:00;700.7012,4421.406,4421.406;True,Planes,CUBAN800,53,65757,1;;;
Trevor;02:40:06;17:25:01;727.9793,4427.365,4427.365;True,Planes,CUBAN800,53,51632,1;;;
Trevor;02:40:06;17:25:01;755.0204,4433.346,4433.346;True,Planes,CUBAN800,53,42947,1;;;
Trevor;02:40:07;17:25:02;782.1148,4439.4,4439.4;True,Planes,CUBAN800,53,38618,1;;;
Trevor;02:40:07;17:25:02;809.1964,4445.506,4445.506;True,Planes,CUBAN800,53,36764,1;Alright, T.;NERVOUSRON;TR2_ZJAF
Trevor;02:40:08;17:25:03;836.5236,4451.716,4451.716;True,Planes,CUBAN800,53,37013,1;;;
Trevor;02:40:08;17:25:03;863.6541,4457.949,4457.949;True,Planes,CUBAN800,53,38206,1;;;
Trevor;02:40:09;17:25:04;890.6048,4464.301,4464.301;True,Planes,CUBAN800,53,35807,1;;;
Trevor;02:40:09;17:25:05;917.8093,4470.76,4470.76;True,Planes,CUBAN800,53,24385,1;;;
Trevor;02:40:10;17:25:05;944.8312,4477.264,4477.264;True,Planes,CUBAN800,53,17368,1;;;
Trevor;02:40:10;17:25:06;971.7119,4483.771,4483.771;True,Planes,CUBAN800,53,07738,1;;;
Trevor;02:40:11;17:25:06;998.3651,4490.378,4490.378;True,Planes,CUBAN800,52,97612,1;;;
Trevor;02:40:11;17:25:07;1024.904,4497.118,4497.118;True,Planes,CUBAN800,52,89542,1;;;
Trevor;02:40:12;17:25:07;1051.625,4504.064,4504.064;True,Planes,CUBAN800,52,83811,1;;;
Trevor;02:40:12;17:25:08;1078.068,4511.168,4511.168;True,Planes,CUBAN800,52,78524,1;;;
Trevor;02:40:13;17:25:08;1104.6,4518.501,4518.501;True,Planes,CUBAN800,51,95238,0;;;
Trevor;02:40:13;17:25:09;1130.841,4524.321,4524.321;True,Planes,CUBAN800,51,45934,1;;;
Trevor;02:40:14;17:25:09;1157.586,4527.089,4527.089;True,Planes,CUBAN800,51,51778,1;;;
Trevor;02:40:14;17:25:10;1184.202,4529.152,4529.152;True,Planes,CUBAN800,51,6935,1;;;
Trevor;02:40:15;17:25:10;1210.957,4530.448,4530.448;True,Planes,CUBAN800,51,56066,1;;;
Trevor;02:40:15;17:25:11;1237.96,4529.939,4529.939;True,Planes,CUBAN800,51,94831,1;;;
Trevor;02:40:16;17:25:11;1264.19,4530.848,4530.848;True,Planes,CUBAN800,53,79462,1;;;
Trevor;02:40:17;17:25:12;1291.013,4532.073,4532.073;True,Planes,CUBAN800,55,27575,1;;;
Trevor;02:40:17;17:25:12;1318.624,4533.465,4533.465;True,Planes,CUBAN800,56,09018,1;;;
Trevor;02:40:18;17:25:13;1346.394,4535.287,4535.287;True,Planes,CUBAN800,56,57622,1;;;
Trevor;02:40:18;17:25:13;1374.345,4537.709,4537.709;True,Planes,CUBAN800,56,86765,1;;;
Trevor;02:40:19;17:25:14;1402.747,4541.224,4541.224;True,Planes,CUBAN800,56,50805,1;;;
Trevor;02:40:19;17:25:14;1431.079,4546.134,4546.134;True,Planes,CUBAN800,55,8001,1;;;
Trevor;02:40:20;17:25:15;1458.849,4552.417,4552.417;True,Planes,CUBAN800,55,03309,0;;;
Trevor;02:40:20;17:25:15;1486.165,4559.627,4559.627;True,Planes,CUBAN800,53,84033,0;;;
Trevor;02:40:21;17:25:16;1512.944,4566.929,4566.929;True,Planes,CUBAN800,53,51303,1;;;
Trevor;02:40:21;17:25:17;1539.531,4573.983,4573.983;True,Planes,CUBAN800,53,71637,0;;;
Trevor;02:40:22;17:25:17;1566.58,4581.083,4581.083;True,Planes,CUBAN800,53,29905,0;;;
Trevor;02:40:22;17:25:18;1592.922,4587.939,4587.939;True,Planes,CUBAN800,53,22282,0;;;
Trevor;02:40:23;17:25:18;1619.844,4594.834,4594.834;True,Planes,CUBAN800,52,06295,0;;;
Trevor;02:40:23;17:25:19;1645.917,4601.991,4601.991;True,Planes,CUBAN800,50,3647,0;;;
Trevor;02:40:24;17:25:19;1670.432,4609.524,4609.524;True,Planes,CUBAN800,49,07698,0;;;
Trevor;02:40:24;17:25:20;1694.276,4617.206,4617.206;True,Planes,CUBAN800,47,56703,0;;;
Trevor;02:40:25;17:25:20;1717.629,4624.521,4624.521;True,Planes,CUBAN800,45,97112,0;;;
Trevor;02:40:25;17:25:21;1740.165,4632.071,4632.071;True,Planes,CUBAN800,44,78952,1;;;
Trevor;02:40:26;17:25:21;1761.921,4639.521,4639.521;True,Planes,CUBAN800,43,70404,0;;;
Trevor;02:40:26;17:25:22;1783.086,4646.615,4646.615;True,Planes,CUBAN800,42,6941,0;;;
Trevor;02:40:27;17:25:22;1803.648,4654.333,4654.333;True,Planes,CUBAN800,42,30117,0;;;
Trevor;02:40:27;17:25:23;1823.545,4662.652,4662.652;True,Planes,CUBAN800,41,08977,0;;;
Trevor;02:40:28;17:25:23;1842.85,4670.751,4670.751;True,Planes,CUBAN800,40,1803,0;;;
Trevor;02:40:29;17:25:24;1861.775,4679.092,4679.092;True,Planes,CUBAN800,40,00428,1;;;
Trevor;02:40:29;17:25:24;1880.816,4687.626,4687.626;True,Planes,CUBAN800,40,07296,0;;;
Trevor;02:40:30;17:25:25;1899.715,4695.54,4695.54;True,Planes,CUBAN800,39,34035,0;;;
Trevor;02:40:30;17:25:25;1918.562,4703.497,4703.497;True,Planes,CUBAN800,39,0188,0;;;
Trevor;02:40:31;17:25:26;1936.779,4711.868,4711.868;True,Planes,CUBAN800,38,8551,0;;;
Trevor;02:40:31;17:25:26;1955.147,4719.546,4719.546;True,Planes,CUBAN800,37,96189,0;;;
Trevor;02:40:32;17:25:27;1973.062,4727.033,4727.033;True,Planes,CUBAN800,36,93819,0;;;
Trevor;02:40:32;17:25:27;1990.489,4734.601,4734.601;True,Planes,CUBAN800,35,17844,0;;;
Trevor;02:40:33;17:25:28;2006.564,4741.975,4741.975;True,Planes,CUBAN800,33,64812,0;;;
Trevor;02:40:33;17:25:28;2021.837,4749.235,4749.235;True,Planes,CUBAN800,32,33339,0;;;
Trevor;02:40:34;17:25:29;2036.857,4756.52,4756.52;True,Planes,CUBAN800,31,28004,0;;;
Trevor;02:40:34;17:25:30;2051.103,4763.44,4763.44;True,Planes,CUBAN800,29,38983,0;;;
Trevor;02:40:35;17:25:30;2064.162,4769.676,4769.676;True,Planes,CUBAN800,26,97116,0;You see, Trevor. You won. You're the better man... as if there was any doubt.;NERVOUSRON;TR2_DZAA
Trevor;02:40:35;17:25:31;2075.887,4775.716,4775.716;True,Planes,CUBAN800,23,55875,0;;;
Trevor;02:40:36;17:25:31;2085.604,4781.867,4781.867;True,Planes,CUBAN800,20,58101,0;;;
Trevor;02:40:36;17:25:32;2094.051,4787.328,4787.328;True,Planes,CUBAN800,17,99202,0;;;
Trevor;02:40:37;17:25:32;2101.672,4791.229,4791.229;True,Planes,CUBAN800,14,98243,0;;;
Trevor;02:40:37;17:25:33;2108.306,4793.446,4793.446;True,Planes,CUBAN800,11,81485,0;;;
Trevor;02:40:38;17:25:33;2113.508,4794.002,4794.002;True,Planes,CUBAN800,8,824764,0;;;
Trevor;02:40:38;17:25:34;2117.513,4793.695,4793.695;True,Planes,CUBAN800,6,467227,0;;;
Trevor;02:40:39;17:25:34;2120.417,4793.402,4793.402;True,Planes,CUBAN800,5,085739,0;;;
Trevor;02:40:39;17:25:35;2122.968,4793.023,4793.023;True,Planes,CUBAN800,5,338225,1;;;
Trevor;02:40:40;17:25:35;2125.555,4792.586,4792.586;True,Planes,CUBAN800,4,808228,0;;;
Trevor;02:40:41;17:25:36;2127.754,4791.969,4791.969;True,Planes,CUBAN800,3,934451,0;;;
Trevor;02:40:41;17:25:36;2129.471,4791.188,4791.188;True,Planes,CUBAN800,3,388892,0;;;
Trevor;02:40:42;17:25:37;2130.859,4790.213,4790.213;True,Planes,CUBAN800,3,025046,0;;;
Trevor;02:40:42;17:25:37;2135.405,4781.737,4781.737;;;;
Trevor;02:40:43;17:25:38;2135.406,4781.728,4781.728;;;;
Trevor;02:40:43;17:25:38;2135.391,4781.762,4781.762;;;;
Trevor;02:40:44;17:25:39;2135.181,4781.85,4781.85;;;;
Trevor;02:40:44;17:25:39;2134.812,4781.904,4781.904;;;;
Trevor;02:40:45;17:25:40;2134.554,4781.421,4781.421;;;;
Trevor;02:40:45;17:25:41;2134.081,4780.496,4780.496;;;;
Trevor;02:40:46;17:25:41;2133.75,4779.585,4779.585;;;;
Trevor;02:40:46;17:25:42;2133.414,4779.061,4779.061;;;;
Trevor;02:40:47;17:25:42;2132.343,4813.225,4813.225;;;;
Trevor;02:40:47;17:25:43;2132.346,4813.197,4813.197;;;;
Trevor;02:40:48;17:25:43;2132.382,4813.161,4813.161;;I think that was adequate restitution for my Impotent Rage statue.;Cutscene;Cutscene
Trevor;02:40:48;17:25:44;2132.749,4813.192,4813.192;;;;
Trevor;02:40:49;17:25:44;2133.112,4813.136,4813.136;;;;
Trevor;02:40:49;17:25:45;2133.497,4812.988,4812.988;;;;
Trevor;02:40:50;17:25:45;2133.964,4813,4813;;;;
Trevor;02:40:50;17:25:46;2134.31,4812.901,4812.901;;;;
Trevor;02:40:51;17:25:46;2134.626,4812.613,4812.613;;;;
Trevor;02:40:51;17:25:47;2135.02,4812.46,4812.46;;;;
Trevor;02:40:52;17:25:47;2135.315,4812.311,4812.311;;;;
Trevor;02:40:53;17:25:48;2135.486,4812.063,4812.063;;That was a mighty fine statue, Trev.;Cutscene;Cutscene
Trevor;02:40:53;17:25:48;2135.663,4812.004,4812.004;;;;
Trevor;02:40:54;17:25:49;2135.858,4812.012,4812.012;;;;
Trevor;02:40:54;17:25:49;2135.985,4811.905,4811.905;;;;
Trevor;02:40:55;17:25:50;2136.031,4811.738,4811.738;;;;
Trevor;02:40:55;17:25:50;2136.004,4811.743,4811.743;;That was a mighty fine piece of plastic shit.;Cutscene;Cutscene
Trevor;02:40:56;17:25:51;2136.016,4811.738,4811.738;;;;
Trevor;02:40:56;17:25:51;2136.103,4811.759,4811.759;;;;
Trevor;02:40:57;17:25:52;2136.194,4811.779,4811.779;;;;
Trevor;02:40:57;17:25:53;2136.128,4811.74,4811.74;;;;
Trevor;02:40:58;17:25:53;2136.154,4811.838,4811.838;;;;
Trevor;02:40:58;17:25:54;2136.133,4811.799,4811.799;;;;
Trevor;02:40:59;17:25:54;2136.168,4811.824,4811.824;;But there is no price for emotional attachment.;Cutscene;Cutscene
Trevor;02:40:59;17:25:55;2136.199,4811.811,4811.811;;;;
Trevor;02:41:00;17:25:55;2136.265,4811.716,4811.716;;;;
Trevor;02:41:00;17:25:56;2136.281,4811.706,4811.706;;;;
Trevor;02:41:01;17:25:56;2136.28,4811.726,4811.726;;;;
Trevor;02:41:01;17:25:57;2136.276,4811.706,4811.706;;;;
Trevor;02:41:02;17:25:57;2136.297,4811.672,4811.672;;;;
Trevor;02:41:02;17:25:58;2136.328,4811.674,4811.674;;I mean, you might forego your cut to, ahh,;Cutscene;Cutscene
Trevor;02:41:03;17:25:58;2136.36,4811.822,4811.822;;;;
Trevor;02:41:03;17:25:59;2136.425,4811.853,4811.853;;;;
Trevor;02:41:04;17:25:59;2136.487,4811.721,4811.721;;;;
Trevor;02:41:05;17:26:00;2136.469,4811.75,4811.75;;;;
Trevor;02:41:05;17:26:00;2136.477,4811.784,4811.784;;;;
Trevor;02:41:06;17:26:01;2136.47,4811.779,4811.779;;;;
Trevor;02:41:06;17:26:01;2136.475,4811.781,4811.781;;alleviate my heartache?;Cutscene;Cutscene
Trevor;02:41:07;17:26:02;2136.479,4811.78,4811.78;;;;
Trevor;02:41:07;17:26:02;2136.479,4811.777,4811.777;;;;
Trevor;02:41:08;17:26:03;2136.476,4811.772,4811.772;;;;
Trevor;02:41:08;17:26:03;2136.478,4811.771,4811.771;;I might?;Cutscene;Cutscene
Trevor;02:41:09;17:26:04;2136.487,4811.76,4811.76;;;;
Trevor;02:41:09;17:26:05;2136.544,4811.793,4811.793;;;;
Trevor;02:41:10;17:26:05;2136.579,4811.818,4811.818;;I mean I will, good idea.;Cutscene;Cutscene
Trevor;02:41:10;17:26:06;2136.618,4811.77,4811.77;;;;
Trevor;02:41:11;17:26:06;2136.587,4811.85,4811.85;;;;
Trevor;02:41:11;17:26:07;2136.595,4811.778,4811.778;;;;
Trevor;02:41:12;17:26:07;2136.651,4811.761,4811.761;;We don't have time to dwell on that now,;Cutscene;Cutscene
Trevor;02:41:12;17:26:08;2136.652,4811.766,4811.766;;;;
Trevor;02:41:13;17:26:08;2136.628,4811.765,4811.765;;;;
Trevor;02:41:13;17:26:09;2136.469,4811.788,4811.788;;;;
Trevor;02:41:14;17:26:09;2136.271,4811.818,4811.818;;;;
Trevor;02:41:14;17:26:10;2136.172,4811.697,4811.697;;because we got more runs, Ron.;Cutscene;Cutscene
Trevor;02:41:15;17:26:10;2136.111,4811.599,4811.599;;;;
Trevor;02:41:15;17:26:11;2136.133,4811.667,4811.667;;;;
Trevor;02:41:16;17:26:11;2136.177,4811.81,4811.81;;;;
Trevor;02:41:17;17:26:12;2136.253,4811.857,4811.857;;If there is one thing that they need south of that big fence,;Cutscene;Cutscene
Trevor;02:41:17;17:26:12;2136.391,4811.755,4811.755;;;;
Trevor;02:41:18;17:26:13;2136.447,4811.814,4811.814;;;;
Trevor;02:41:18;17:26:13;2136.447,4811.94,4811.94;;;;
Trevor;02:41:19;17:26:14;2136.49,4811.89,4811.89;;;;
Trevor;02:41:19;17:26:14;2136.492,4811.78,4811.78;;;;
Trevor;02:41:20;17:26:15;2136.476,4811.817,4811.817;;;;
Trevor;02:41:20;17:26:15;2136.447,4811.817,4811.817;;;;
Trevor;02:41:21;17:26:16;2136.464,4811.748,4811.748;;;;
Trevor;02:41:21;17:26:17;2136.447,4811.743,4811.743;;it is guns.;Cutscene;Cutscene
Trevor;02:41:22;17:26:17;2136.421,4811.747,4811.747;;;;
Trevor;02:41:22;17:26:18;2136.396,4811.743,4811.743;;;;
Trevor;02:41:23;17:26:18;2135.287,4811.206,4811.206;;;;
Trevor;02:41:23;17:26:19;2135.38,4811.314,4811.314;;;;
Trevor;02:41:24;17:26:19;2135.475,4811.351,4811.351;;Trevor Philips Industries...;Cutscene;Cutscene
Trevor;02:41:24;17:26:20;2135.459,4811.299,4811.299;;;;
Trevor;02:41:25;17:26:20;2135.346,4811.233,4811.233;;;;
Trevor;02:41:25;17:26:21;2135.094,4811.493,4811.493;;;;
Trevor;02:41:26;17:26:21;2134.649,4812.252,4812.252;;;;
Trevor;02:41:26;17:26:22;2134.327,4812.457,4812.457;;Technical expertise.;Cutscene;Cutscene
Trevor;02:41:27;17:26:22;2134.207,4812.69,4812.69;;;;
Trevor;02:41:28;17:26:23;2134.116,4812.808,4812.808;;;;
Trevor;02:41:28;17:26:23;2133.962,4812.69,4812.69;;Managerial innovations.;Cutscene;Cutscene
Trevor;02:41:29;17:26:24;2133.794,4812.687,4812.687;;;;
Trevor;02:41:29;17:26:24;2133.688,4812.764,4812.764;;;;
Trevor;02:41:30;17:26:25;2133.813,4812.769,4812.769;;;;
Trevor;02:41:30;17:26:25;2133.823,4812.758,4812.758;;Unstoppable.;Cutscene;Cutscene
Trevor;02:41:31;17:26:26;2133.814,4812.748,4812.748;;;;
Trevor;02:41:31;17:26:26;2133.85,4812.735,4812.735;;;;
Trevor;02:41:32;17:26:27;2133.764,4812.624,4812.624;;Oh, that's right!;Cutscene;Cutscene
Trevor;02:41:32;17:26:28;2133.732,4812.532,4812.532;;;;
Trevor;02:41:33;17:26:28;2133.899,4812.663,4812.663;;;;
Trevor;02:41:33;17:26:29;2133.755,4812.725,4812.725;;Now go. I need to meditate.;Cutscene;Cutscene
Trevor;02:41:34;17:26:29;2133.407,4812.612,4812.612;;;;
Trevor;02:41:34;17:26:30;2132.996,4812.42,4812.42;;;;
Trevor;02:41:35;17:26:30;2132.581,4812.473,4812.473;;;;
Trevor;02:41:35;17:26:31;2132.261,4812.355,4812.355;;;;
Trevor;02:41:36;17:26:31;2132.034,4812.298,4812.298;;;;
Trevor;02:41:36;17:26:32;2131.877,4812.352,4812.352;;;;
Trevor;02:41:37;17:26:32;2132.083,4812.288,4812.288;;Or masturbate.;Cutscene;Cutscene
Trevor;02:41:37;17:26:33;2132.258,4812.13,4812.13;;;;
Trevor;02:41:38;17:26:33;2132.345,4812.29,4812.29;;;;
Trevor;02:41:38;17:26:34;2132.478,4812.618,4812.618;;;;
Trevor;02:41:39;17:26:34;2132.827,4812.883,4812.883;;Or both...;Cutscene;Cutscene
Trevor;02:41:40;17:26:35;2133.028,4813.096,4813.096;;;;
Trevor;02:41:40;17:26:35;2133.383,4813.253,4813.253;;;;
Trevor;02:41:41;17:26:36;2133.706,4813.328,4813.328;;;;
Trevor;02:41:41;17:26:36;2133.793,4813.345,4813.345;;;;
Trevor;02:41:42;17:26:37;2133.793,4813.345,4813.345;;;;
Trevor;02:41:42;17:26:37;2133.793,4813.345,4813.345;;;;
Trevor;02:41:43;17:26:38;2133.793,4813.345,4813.345;;;;
Trevor;02:41:43;17:26:38;2133.793,4813.345,4813.345;;;;
Trevor;02:41:44;17:26:39;2133.793,4813.345,4813.345;;;;
Trevor;02:41:44;17:26:40;2133.793,4813.345,4813.345;;;;
Trevor;02:41:45;17:26:40;2133.793,4813.345,4813.345;;;;
Trevor;02:41:45;17:26:41;2133.793,4813.345,4813.345;;;;
Trevor;02:41:46;17:26:41;2133.793,4813.345,4813.345;;;;
Trevor;02:41:46;17:26:42;2133.793,4813.345,4813.345;;;;
Trevor;02:41:47;17:26:42;2133.793,4813.345,4813.345;;;;
Trevor;02:41:47;17:26:43;2133.793,4813.345,4813.345;;;;
Trevor;02:41:48;17:26:43;2133.793,4813.345,4813.345;;;;
Trevor;02:41:48;17:26:44;2133.793,4813.345,4813.345;;;;
Trevor;02:41:49;17:26:44;2133.793,4813.345,4813.345;;;;
Trevor;02:41:49;17:26:45;2133.793,4813.345,4813.345;;;;
Trevor;02:41:50;17:26:45;2133.793,4813.345,4813.345;;;;
Trevor;02:41:50;17:26:46;2133.793,4813.345,4813.345;;;;
Trevor;02:41:51;17:26:46;2133.793,4813.345,4813.345;;;;
Trevor;02:41:52;17:26:47;2133.793,4813.345,4813.345;;;;
Trevor;02:41:52;17:26:47;2133.793,4813.345,4813.345;;;;
Trevor;02:41:53;17:26:48;2133.793,4813.345,4813.345;;;;
Trevor;02:41:53;17:26:48;2133.793,4813.345,4813.345;;;;
Trevor;02:41:54;17:26:49;2133.793,4813.345,4813.345;;;;
Trevor;02:41:54;17:26:49;2133.793,4813.345,4813.345;;;;
Trevor;02:41:55;17:26:50;2133.793,4813.345,4813.345;;;;
Trevor;02:41:55;17:26:50;2133.793,4813.345,4813.345;;;;
Trevor;02:41:56;17:26:51;2133.793,4813.345,4813.345;;;;
Trevor;02:41:56;17:26:51;2133.793,4813.345,4813.345;;;;
Trevor;02:41:57;17:26:52;2133.793,4813.345,4813.345;;;;
Trevor;02:41:57;17:26:53;2133.793,4813.345,4813.345;;;;
Trevor;02:41:58;17:26:53;2133.793,4813.345,4813.345;;;;
Trevor;02:41:58;17:26:54;2133.793,4813.345,4813.345;;;;
Trevor;02:41:59;17:26:54;2133.793,4813.345,4813.345;;;;
Trevor;02:41:59;17:26:55;2133.793,4813.345,4813.345;;;;
Trevor;02:42:00;17:26:55;2133.793,4813.345,4813.345;;;;
Trevor;02:42:00;17:26:56;2133.793,4813.345,4813.345;;;;
Trevor;02:42:01;17:26:56;2133.793,4813.345,4813.345;;;;
Trevor;02:42:01;17:26:57;2133.793,4813.345,4813.345;;;;
Trevor;02:42:02;17:26:57;2133.793,4813.345,4813.345;;;;
Trevor;02:42:02;17:26:58;2133.793,4813.345,4813.345;;;;
Trevor;02:42:03;17:26:58;2133.793,4813.345,4813.345;;;;
Trevor;02:42:03;17:26:59;2133.793,4813.345,4813.345;;;;
Trevor;02:42:04;17:26:59;2133.793,4813.345,4813.345;;;;
Trevor;02:42:05;17:27:00;2133.793,4813.345,4813.345;;;;
Trevor;02:42:05;17:27:00;2133.793,4813.345,4813.345;;;;
Trevor;02:42:06;17:27:01;2133.793,4813.345,4813.345;;;;
Trevor;02:42:06;17:27:01;2133.793,4813.345,4813.345;;;;
Trevor;02:42:07;17:27:02;2133.793,4813.345,4813.345;;;;
Trevor;02:42:07;17:27:02;2133.793,4813.345,4813.345;;;;
Trevor;02:42:08;17:27:03;2133.793,4813.345,4813.345;;;;
Trevor;02:42:08;17:27:03;2133.793,4813.345,4813.345;;;;
Trevor;02:42:09;17:27:04;2133.793,4813.345,4813.345;;;;
Trevor;02:42:09;17:27:04;2120.1,4793,4793;;;;
Trevor;02:42:10;17:27:05;2120.1,4793,4793;;;;
Trevor;02:42:10;17:27:06;2120.1,4793,4793;;;;
Trevor;02:42:11;17:27:06;2120.1,4793,4793;;;;
Trevor;02:42:11;17:27:07;2120.1,4793,4793;;;;
Trevor;02:42:12;17:27:07;2120.1,4793,4793;;;;
Trevor;02:42:12;17:27:08;2120.1,4793,4793;;;;
Trevor;02:42:13;17:27:08;2120.1,4793,4793;;;;
Trevor;02:42:13;17:27:09;2120.1,4793,4793;;;;
Trevor;02:42:14;17:27:09;2120.1,4793,4793;;;;
Trevor;02:42:14;17:27:10;2120.1,4793,4793;;;;
Trevor;02:42:15;17:27:10;2120.1,4793,4793;;;;
Trevor;02:42:15;17:27:11;2120.1,4793,4793;;;;
Trevor;02:42:16;17:27:11;2120.1,4793,4793;;;;
Trevor;02:42:16;17:27:12;2120.1,4793,4793;;;;
Trevor;02:42:17;17:27:12;2120.1,4793,4793;;;;
Trevor;02:42:18;17:27:13;2120.1,4793,4793;;;;
Trevor;02:42:18;17:27:13;2120.1,4793,4793;;;;
Trevor;02:42:19;17:27:14;2120.1,4793,4793;;;;
Trevor;02:42:19;17:27:14;2120.1,4793,4793;;;;
Trevor;02:42:20;17:27:15;2120.1,4793,4793;;;;
Trevor;02:42:20;17:27:15;2120.1,4793,4793;;;;
Trevor;02:42:21;17:27:16;2120.1,4793,4793;;;;
Trevor;02:42:21;17:27:16;2120.1,4793,4793;;;;
Trevor;02:42:22;17:27:17;2120.1,4793,4793;;;;
Trevor;02:42:22;17:27:18;2120.1,4793,4793;;;;
Trevor;02:42:23;17:27:18;2120.1,4793,4793;;;;
Trevor;02:42:23;17:27:19;2120.1,4793,4793;;;;
Trevor;02:42:24;17:27:19;2120.1,4793,4793;;;;
Trevor;02:42:24;17:27:20;2120.06,4792.945,4792.945;;;;
Trevor;02:42:25;17:27:20;2119.798,4792.597,4792.597;;;;
Trevor;02:42:25;17:27:21;2119.34,4791.996,4791.996;;;;
Trevor;02:42:26;17:27:21;2118.702,4791.357,4791.357;;;;
Trevor;02:42:26;17:27:22;2118.217,4790.59,4790.59;;;;
Trevor;02:42:27;17:27:22;2117.613,4789.917,4789.917;;;;
Trevor;02:42:27;17:27:23;2116.904,4789.295,4789.295;;;;
Trevor;02:42:28;17:27:23;2116.175,4788.668,4788.668;;;;
Trevor;02:42:29;17:27:24;2115.423,4788.063,4788.063;;;;
Trevor;02:42:29;17:27:24;2114.637,4787.509,4787.509;;;;
Trevor;02:42:30;17:27:25;2113.801,4786.461,4786.461;;;;
Trevor;02:42:30;17:27:25;2112.307,4784.891,4784.891;;;;
Trevor;02:42:31;17:27:26;2110.472,4782.075,4782.075;;;;
Trevor;02:42:31;17:27:26;2110.459,4778.785,4778.785;;;;
Trevor;02:42:32;17:27:27;2109.814,4775.795,4775.795;;;;
Trevor;02:42:32;17:27:27;2107.514,4773.366,4773.366;;;;
Trevor;02:42:33;17:27:28;2105.641,4770.368,4770.368;;;;
Trevor;02:42:33;17:27:28;2104.566,4767.203,4767.203;;;;
Trevor;02:42:34;17:27:29;2103.687,4763.805,4763.805;;;;
Trevor;02:42:34;17:27:30;2103.081,4760.587,4760.587;;;;
Trevor;02:42:35;17:27:30;2102.929,4757.27,4757.27;;;;
Trevor;02:42:35;17:27:31;2102.971,4753.912,4753.912;;;;
Trevor;02:42:36;17:27:31;2103.018,4750.563,4750.563;;;;
Trevor;02:42:36;17:27:32;2103.39,4747.285,4747.285;;;;
Trevor;02:42:37;17:27:32;2104.654,4743.992,4743.992;;;;
Trevor;02:42:37;17:27:33;2105.447,4742.134,4742.134;;;;
Trevor;02:42:38;17:27:33;2105.72,4741.813,4741.813;;One of your finest taxi cabs, please.;TREVOR;TAXIS_AFAA
Trevor;02:42:38;17:27:34;2106.267,4741.247,4741.247;;;;
Trevor;02:42:39;17:27:34;2106.884,4740.606,4740.606;;;;
Trevor;02:42:39;17:27:35;2107.167,4740.312,4740.312;;;;
Trevor;02:42:40;17:27:35;2107.241,4740.236,4740.236;;;;
Trevor;02:42:41;17:27:36;2107.242,4740.235,4740.235;;;;
Trevor;02:42:41;17:27:36;2107.242,4740.235,4740.235;;;;
Trevor;02:42:42;17:27:37;2107.242,4740.235,4740.235;;Of course. A driver should be with you soon.;TAXIS_AGAA;TAXIS_AGAA
Trevor;02:42:42;17:27:37;2107.242,4740.235,4740.235;;;;
Trevor;02:42:43;17:27:38;2107.242,4740.235,4740.235;;;;
Trevor;02:42:43;17:27:38;2107.242,4740.235,4740.235;;;;
Trevor;02:42:44;17:27:39;2107.242,4740.235,4740.235;;Much obliged.;TREVOR;TAXIS_AJAA
Trevor;02:42:44;17:27:39;2107.242,4740.235,4740.235;;;;
Trevor;02:42:45;17:27:40;2107.242,4740.235,4740.235;;;;
Trevor;02:42:45;17:27:41;2107.242,4740.235,4740.235;;;;
Trevor;02:42:46;17:27:41;2107.242,4740.235,4740.235;;;;
Trevor;02:42:46;17:27:42;2107.242,4740.235,4740.235;;;;
Trevor;02:42:47;17:27:42;2107.242,4740.235,4740.235;;;;
Trevor;02:42:55;17:27:51;2107.242,4740.235,4740.235;;;;
Trevor;02:42:56;17:27:51;2107.422,4740.207,4740.207;;;;
Trevor;02:42:56;17:27:52;2108.143,4739.857,4739.857;;;;
Trevor;02:42:57;17:27:52;2108.936,4739.39,4739.39;;;;
Trevor;02:42:57;17:27:53;2109.478,4739.08,4739.08;;;;
Trevor;02:42:58;17:27:53;2109.614,4738.979,4738.979;;;;
Trevor;02:42:58;17:27:54;2109.619,4738.979,4738.979;;;;
Trevor;02:42:59;17:27:54;2109.846,4739.03,4739.03;;;;
Trevor;02:42:59;17:27:55;2110.603,4739.278,4739.278;;;;
Trevor;02:43:00;17:27:55;2111.268,4739.544,4739.544;;;;
Trevor;02:43:01;17:27:56;2111.439,4739.628,4739.628;;;;
Trevor;02:43:01;17:27:56;2111.439,4739.628,4739.628;;;;
Trevor;02:43:02;17:27:57;2111.439,4739.628,4739.628;;;;
Trevor;02:43:02;17:27:57;2111.439,4739.628,4739.628;;;;
Trevor;02:43:03;17:27:58;2111.439,4739.628,4739.628;;;;
Trevor;02:43:03;17:27:58;2111.439,4739.628,4739.628;;;;
Trevor;02:43:04;17:27:59;2111.439,4739.628,4739.628;;;;
Trevor;02:43:04;17:27:59;2111.432,4739.605,4739.605;;;;
Trevor;02:43:05;17:28:00;2111.333,4739.186,4739.186;;;;
Trevor;02:43:05;17:28:00;2110.71,4738.672,4738.672;;;;
Trevor;02:43:06;17:28:01;2110.111,4737.998,4737.998;;;;
Trevor;02:43:06;17:28:02;2109.726,4737.154,4737.154;;;;
Trevor;02:43:07;17:28:02;2109.42,4736.238,4736.238;;;;
Trevor;02:43:07;17:28:03;2109.18,4735.318,4735.318;;;;
Trevor;02:43:08;17:28:03;2109.339,4734.302,4734.302;;;;
Trevor;02:43:08;17:28:04;2109.52,4732.407,4732.407;;;;
Trevor;02:43:09;17:28:04;2108.851,4729.252,4729.252;;;;
Trevor;02:43:09;17:28:05;2107.094,4726.754,4726.754;;;;
Trevor;02:43:10;17:28:05;2105.884,4725.11,4725.11;;;;
Trevor;02:43:10;17:28:06;2105.976,4723.693,4723.693;;;;
Trevor;02:43:11;17:28:06;2107.242,4722.707,4722.707;;;;
Trevor;02:43:11;17:28:07;2110.179,4722.652,4722.652;;;;
Trevor;02:43:12;17:28:07;2111.744,4724.556,4724.556;;;;
Trevor;02:43:13;17:28:08;2112.719,4725.386,4725.386;;;;
Trevor;02:43:13;17:28:08;2112.911,4725.578,4725.578;;;;
Trevor;02:43:14;17:28:09;2112.027,4724.918,4724.918;;;;
Trevor;02:43:14;17:28:09;2110.413,4723.671,4723.671;;;;
Trevor;02:43:15;17:28:10;2110.111,4723.407,4723.407;;;;
Trevor;02:43:15;17:28:10;2110.343,4725.16,4725.16;True,Service,TAXI,0,01421766,0;;;
Trevor;02:43:16;17:28:11;2110.343,4725.16,4725.16;True,Service,TAXI,0,01055508,0;;;
Trevor;02:43:16;17:28:11;2110.341,4725.163,4725.163;True,Service,TAXI,0,02895691,0;;;
Trevor;02:43:17;17:28:12;2110.342,4725.162,4725.162;True,Service,TAXI,0,0;;;
Trevor;02:43:17;17:28:13;2110.342,4725.162,4725.162;True,Service,TAXI,0,0;;;
Trevor;02:43:18;17:28:13;2110.342,4725.162,4725.162;True,Service,TAXI,0,0;;;
Trevor;02:43:18;17:28:14;2110.342,4725.162,4725.162;True,Service,TAXI,0,0;;;
Trevor;02:43:19;17:28:14;2110.342,4725.162,4725.162;True,Service,TAXI,0,0;;;
Trevor;02:43:19;17:28:15;2110.342,4725.162,4725.162;True,Service,TAXI,0,0;;;
Trevor;02:43:20;17:28:15;2110.342,4725.162,4725.162;True,Service,TAXI,0,004574052,0,0105405;;;
Trevor;02:43:20;17:28:16;2110.466,4725.286,4725.286;True,Service,TAXI,0,9323038,0,4772196;;;
Trevor;02:43:21;17:28:16;2111.074,4725.941,4725.941;True,Service,TAXI,2,506747,0,4797369;;;
Trevor;02:43:21;17:28:17;2112.244,4727.254,4727.254;True,Service,TAXI,4,1477,0,477291;;;
Trevor;02:43:22;17:28:17;2113.965,4729.223,4729.223;True,Service,TAXI,5,779077,0,4833037;;;
Trevor;02:43:22;17:28:18;2116.265,4731.783,4731.783;True,Service,TAXI,7,318315,0,4819284;;;
Trevor;02:43:23;17:28:18;2119.201,4734.74,4734.74;True,Service,TAXI,8,789323,0,4187529;;;
Trevor;02:43:23;17:28:19;2122.878,4738.071,4738.071;True,Service,TAXI,9,961293,0,2618916;;;
Trevor;02:43:24;17:28:19;2127.139,4741.325,4741.325;True,Service,TAXI,10,38013,0;;;
Trevor;02:43:25;17:28:20;2131.576,4744.084,4744.084;True,Service,TAXI,10,34133,0,4720262;;;
Trevor;02:43:25;17:28:20;2136.63,4746.583,4746.583;True,Service,TAXI,11,18334,0,4174988;;;
Trevor;02:43:26;17:28:21;2142.24,4748.55,4748.55;True,Service,TAXI,11,71742,0,1423976;;;
Trevor;02:43:26;17:28:21;2148.311,4749.827,4749.827;True,Service,TAXI,11,85475,0,0715754;;;
Trevor;02:43:27;17:28:22;2154.501,4750.286,4750.286;True,Service,TAXI,11,87659,0,06116805;;;
Trevor;02:43:27;17:28:22;2160.698,4749.995,4749.995;True,Service,TAXI,11,87737,0,06166545;;;
Trevor;02:43:28;17:28:23;2166.847,4749.067,4749.067;True,Service,TAXI,11,90901,0,04616022;;;
Trevor;02:43:28;17:28:23;2172.876,4747.689,4747.689;True,Service,TAXI,11,91096,0,04480724;;;
Trevor;02:43:29;17:28:24;2178.894,4746.194,4746.194;True,Service,TAXI,11,89677,0,05151606;;;
Trevor;02:43:29;17:28:25;2184.93,4744.714,4744.714;True,Service,TAXI,11,89832,0,05103827;;;
Trevor;02:43:30;17:28:25;2191.015,4743.23,4743.23;True,Service,TAXI,11,99092,0,005386353;;;
Trevor;02:43:30;17:28:26;2197.029,4741.735,4741.735;True,Service,TAXI,11,99343,0,003647327;;;
Trevor;02:43:31;17:28:26;2203.213,4740.205,4740.205;True,Service,TAXI,11,96349,0,0152991;;;
Trevor;02:43:31;17:28:27;2209.327,4738.77,4738.77;True,Service,TAXI,11,98677,0,007205486;;;
Trevor;02:43:32;17:28:27;2215.429,4737.432,4737.432;True,Service,TAXI,11,982,0,009899139;;;
Trevor;02:43:32;17:28:28;2221.587,4736.17,4736.17;True,Service,TAXI,11,98467,0,008788586;;;
Trevor;02:43:33;17:28:28;2227.796,4734.899,4734.899;True,Service,TAXI,11,99517,0,003564358;;;
Trevor;02:43:33;17:28:29;2233.943,4733.574,4733.574;True,Service,TAXI,11,97658,0,01289892;;;
Trevor;02:43:34;17:28:29;2240.048,4732.217,4732.217;True,Service,TAXI,12,00027,0,001083374;;;
Trevor;02:43:34;17:28:30;2246.183,4730.833,4730.833;True,Service,TAXI,11,9662,0,0106246;;;
Trevor;02:43:35;17:28:30;2252.247,4729.459,4729.459;True,Service,TAXI,11,97142,0;;;
Trevor;02:43:36;17:28:31;2258.415,4728.052,4728.052;True,Service,TAXI,11,96271,0,0139851;;;
Trevor;02:43:36;17:28:31;2264.551,4726.621,4726.621;True,Service,TAXI,11,99995,0,001459122;;;
Trevor;02:43:37;17:28:32;2270.672,4725.16,4725.16;True,Service,TAXI,11,96623,0,0124377;;;
Trevor;02:43:37;17:28:32;2276.712,4723.702,4723.702;True,Service,TAXI,11,99505,0,003767014;;;
Trevor;02:43:38;17:28:33;2282.79,4722.178,4722.178;True,Service,TAXI,11,99183,0,005414486;;;
Trevor;02:43:38;17:28:33;2288.801,4720.599,4720.599;True,Service,TAXI,11,98675,0,007825851;;;
Trevor;02:43:39;17:28:34;2294.847,4718.962,4718.962;True,Service,TAXI,11,97877,0,01165056;;;
Trevor;02:43:39;17:28:34;2300.826,4717.223,4717.223;True,Service,TAXI,11,99328,0,004185677;;;
Trevor;02:43:40;17:28:35;2306.766,4715.359,4715.359;True,Service,TAXI,11,9965,0,00242424;;;
Trevor;02:43:40;17:28:36;2312.741,4713.333,4713.333;True,Service,TAXI,11,98057,0,01023245;;;
Trevor;02:43:41;17:28:36;2318.663,4711.171,4711.171;True,Service,TAXI,11,98644,0,007240295;;;
Trevor;02:43:41;17:28:37;2324.408,4708.823,4708.823;True,Service,TAXI,11,9856,0,007584572;;;
Trevor;02:43:42;17:28:37;2330.103,4706.244,4706.244;True,Service,TAXI,11,97344,0,01368809;;;
Trevor;02:43:42;17:28:38;2335.681,4703.326,4703.326;True,Service,TAXI,11,98245,0,008815289;;;
Trevor;02:43:43;17:28:38;2340.979,4700.053,4700.053;True,Service,TAXI,11,97555,0,01212072;;;
Trevor;02:43:43;17:28:39;2345.953,4696.392,4696.392;True,Service,TAXI,11,95485,0,02245951;;;
Trevor;02:43:44;17:28:39;2350.677,4692.354,4692.354;True,Service,TAXI,11,93779,0,03066635;;;
Trevor;02:43:44;17:28:40;2355.27,4688.067,4688.067;True,Service,TAXI,11,90914,0,04645755;;;
Trevor;02:43:45;17:28:40;2359.733,4683.693,4683.693;True,Service,TAXI,11,8879,0,05928643;;;
Trevor;02:43:45;17:28:41;2364.126,4679.279,4679.279;True,Service,TAXI,11,87753,0,06619176;;;
Trevor;02:43:46;17:28:41;2368.468,4674.863,4674.863;True,Service,TAXI,11,86907,0,07155491;;;
Trevor;02:43:46;17:28:42;2372.817,4670.443,4670.443;True,Service,TAXI,11,86587,0,07427759;;;
Trevor;02:43:47;17:28:42;2377.185,4666.03,4666.03;True,Service,TAXI,11,86624,0,07483956;;;
Trevor;02:43:48;17:28:43;2381.545,4661.579,4661.579;True,Service,TAXI,11,86231,0,07559648;;;
Trevor;02:43:48;17:28:43;2385.844,4657.113,4657.113;True,Service,TAXI,11,86134,0,07629246;;;
Trevor;02:43:49;17:28:44;2390.194,4652.584,4652.584;True,Service,TAXI,11,8647,0,07453152;;;
Trevor;02:43:49;17:28:44;2394.491,4648.13,4648.13;True,Service,TAXI,11,86453,0,0750407;;;
Trevor;02:43:50;17:28:45;2398.795,4643.682,4643.682;True,Service,TAXI,11,86583,0,07241834;;;
Trevor;02:43:50;17:28:45;2403.109,4639.238,4639.238;True,Service,TAXI,11,87005,0,0703021;;;
Trevor;02:43:51;17:28:46;2407.479,4634.787,4634.787;True,Service,TAXI,11,87387,0,0664928;;;
Trevor;02:43:51;17:28:46;2411.804,4630.393,4630.393;True,Service,TAXI,11,87917,0,06190799;;;
Trevor;02:43:52;17:28:47;2416.062,4625.994,4625.994;True,Service,TAXI,11,89424,0,05306721;;;
Trevor;02:43:52;17:28:48;2420.343,4621.502,4621.502;True,Service,TAXI,11,91038,0,04480267;;;
Trevor;02:43:53;17:28:48;2424.649,4616.978,4616.978;True,Service,TAXI,11,90273,0,0486312;;;
Trevor;02:43:53;17:28:49;2428.923,4612.523,4612.523;True,Service,TAXI,11,89111,0,05578664;;;
Trevor;02:43:54;17:28:49;2433.199,4608.025,4608.025;True,Service,TAXI,11,88834,0,05702743;;;
Trevor;02:43:54;17:28:50;2437.345,4603.521,4603.521;True,Service,TAXI,11,87927,0,06015096;;;
Trevor;02:43:55;17:28:50;2441.254,4598.632,4598.632;True,Service,TAXI,11,86887,0,06582252;;;
Trevor;02:43:55;17:28:51;2444.654,4593.514,4593.514;True,Service,TAXI,11,87675,0,06368596;;;
Trevor;02:43:56;17:28:51;2447.84,4588.148,4588.148;True,Service,TAXI,11,8622,0,0727803;;;
Trevor;02:43:56;17:28:52;2450.568,4582.622,4582.622;True,Service,TAXI,11,90517,0,048172;;;
Trevor;02:43:57;17:28:52;2453.233,4576.902,4576.902;True,Service,TAXI,11,96543,0,01784849;;;
Trevor;02:43:57;17:28:53;2455.896,4571.309,4571.309;True,Service,TAXI,11,9864,0,007711411;;;
Trevor;02:43:58;17:28:53;2458.557,4565.698,4565.698;True,Service,TAXI,11,97073,0,01597166;;;
Trevor;02:43:58;17:28:54;2461.183,4560.063,4560.063;True,Service,TAXI,11,99759,0,002908707;;;
Trevor;02:43:59;17:28:54;2463.844,4554.356,4554.356;True,Service,TAXI,11,9876,0,008384705;;;
Trevor;02:44:00;17:28:55;2466.445,4548.756,4548.756;True,Service,TAXI,11,96885,0;;;
Trevor;02:44:00;17:28:55;2469.004,4543.027,4543.027;True,Service,TAXI,11,97869,0,01290989;;;
Trevor;02:44:01;17:28:56;2471.444,4537.281,4537.281;True,Service,TAXI,11,99231,0,004892826;;;
Trevor;02:44:01;17:28:56;2473.814,4531.518,4531.518;True,Service,TAXI,11,95515,0,0216922;;;
Trevor;02:44:02;17:28:57;2476.042,4525.671,4525.671;True,Service,TAXI,11,92918,0,03549969;;;
Trevor;02:44:02;17:28:57;2477.792,4519.706,4519.706;True,Service,TAXI,11,95345,0,02348471;;;
Trevor;02:44:03;17:28:58;2479.156,4513.658,4513.658;True,Service,TAXI,11,9473,0,02624226;;;
Trevor;02:44:03;17:28:58;2480.259,4507.519,4507.519;True,Service,TAXI,11,90212,0,0505925;;;
Trevor;02:44:04;17:28:59;2481.09,4501.287,4501.287;True,Service,TAXI,11,87941,0,06392594;;;
Trevor;02:44:04;17:29:00;2481.705,4495.189,4495.189;True,Service,TAXI,11,87302,0,06806427;;;
Trevor;02:44:05;17:29:00;2482.205,4489.063,4489.063;True,Service,TAXI,11,87061,0,06901269;;;
Trevor;02:44:05;17:29:01;2482.617,4482.871,4482.871;True,Service,TAXI,11,86947,0,06940761;;;
Trevor;02:44:06;17:29:01;2482.953,4476.725,4476.725;True,Service,TAXI,11,86894,0,06995754;;;
Trevor;02:44:06;17:29:02;2483.253,4470.493,4470.493;True,Service,TAXI,11,86899,0,0696427;;;
Trevor;02:44:07;17:29:02;2483.528,4464.284,4464.284;True,Service,TAXI,11,86918,0,07084074;;;
Trevor;02:44:07;17:29:03;2483.754,4458.121,4458.121;True,Service,TAXI,11,87004,0,06947168;;;
Trevor;02:44:08;17:29:03;2483.923,4451.973,4451.973;True,Service,TAXI,11,86664,0,07284825;;;
Trevor;02:44:08;17:29:04;2483.988,4445.832,4445.832;True,Service,TAXI,11,86381,0,07456693;;;
Trevor;02:44:09;17:29:04;2483.928,4439.593,4439.593;True,Service,TAXI,11,86045,0,07838938;;;
Trevor;02:44:09;17:29:05;2483.617,4433.469,4433.469;True,Service,TAXI,11,86129,0,07546225;;;
Trevor;02:44:10;17:29:05;2483.053,4427.228,4427.228;True,Service,TAXI,11,86387,0,07449735;;;
Trevor;02:44:10;17:29:06;2482.295,4421.078,4421.078;True,Service,TAXI,11,86862,0,0704511;;;
Trevor;02:44:11;17:29:06;2481.319,4414.898,4414.898;True,Service,TAXI,11,86313,0,07331582;;;
Trevor;02:44:12;17:29:07;2480.01,4408.839,4408.839;True,Service,TAXI,11,87161,0,06737888;;;
Trevor;02:44:12;17:29:07;2478.484,4402.736,4402.736;True,Service,TAXI,11,87102,0,06875342;;;
Trevor;02:44:13;17:29:08;2476.798,4396.773,4396.773;True,Service,TAXI,11,87168,0,06743299;;;
Trevor;02:44:13;17:29:08;2474.97,4390.855,4390.855;True,Service,TAXI,11,87304,0,0675332;;;
Trevor;02:44:14;17:29:09;2473.039,4385.008,4385.008;True,Service,TAXI,11,87445,0,06596167;;;
Trevor;02:44:14;17:29:09;2471.031,4379.16,4379.16;True,Service,TAXI,11,87418,0,06669846;;;
Trevor;02:44:15;17:29:10;2468.987,4373.305,4373.305;True,Service,TAXI,11,87487,0,06568477;;;
Trevor;02:44:15;17:29:10;2466.957,4367.521,4367.521;True,Service,TAXI,11,87491,0,06565675;;;
Trevor;02:44:16;17:29:11;2464.928,4361.722,4361.722;True,Service,TAXI,11,87547,0,06520656;;;
Trevor;02:44:16;17:29:12;2462.904,4355.795,4355.795;True,Service,TAXI,11,87439,0,06562144;;;
Trevor;02:44:17;17:29:12;2460.979,4349.912,4349.912;True,Service,TAXI,11,87524,0,06512281;;;
Trevor;02:44:17;17:29:13;2459.201,4343.976,4343.976;True,Service,TAXI,11,87358,0,06612929;;;
Trevor;02:44:18;17:29:13;2457.627,4338.044,4338.044;True,Service,TAXI,11,87781,0,06396983;;;
Trevor;02:44:18;17:29:14;2456.152,4332.007,4332.007;True,Service,TAXI,11,87919,0,06243031;;;
Trevor;02:44:19;17:29:14;2454.715,4325.976,4325.976;True,Service,TAXI,11,87754,0,0633498;;;
Trevor;02:44:19;17:29:15;2453.235,4319.933,4319.933;True,Service,TAXI,11,87784,0,06283516;;;
Trevor;02:44:20;17:29:15;2451.797,4313.952,4313.952;True,Service,TAXI,11,88071,0,06175856;;;
Trevor;02:44:20;17:29:16;2450.438,4307.925,4307.925;True,Service,TAXI,11,87856,0,06217428;;;
Trevor;02:44:21;17:29:16;2449.187,4301.917,4301.917;True,Service,TAXI,11,87983,0,06208188;;;
Trevor;02:44:21;17:29:17;2448.033,4295.77,4295.77;True,Service,TAXI,11,87861,0,06198082;;;
Trevor;02:44:22;17:29:17;2447.014,4289.684,4289.684;True,Service,TAXI,11,88148,0,06099815;;;
Trevor;02:44:22;17:29:18;2446.13,4283.563,4283.563;True,Service,TAXI,11,88028,0,06121537;;;
Trevor;02:44:23;17:29:18;2445.389,4277.498,4277.498;True,Service,TAXI,11,88013,0,06184064;;;
Trevor;02:44:24;17:29:19;2444.849,4271.284,4271.284;True,Service,TAXI,11,87811,0,06230379;;;
Trevor;02:44:24;17:29:19;2444.532,4265.081,4265.081;True,Service,TAXI,11,87495,0,06406743;;;
Trevor;02:44:25;17:29:20;2444.519,4258.912,4258.912;True,Service,TAXI,11,87431,0,06442318;;;
Trevor;02:44:25;17:29:20;2444.776,4252.802,4252.802;True,Service,TAXI,11,87499,0,06396678;;;
Trevor;02:44:26;17:29:21;2445.295,4246.647,4246.647;True,Service,TAXI,11,87729,0,06234731;;;
Trevor;02:44:26;17:29:21;2446.026,4240.452,4240.452;True,Service,TAXI,11,87911,0,0614344;;;
Trevor;02:44:27;17:29:22;2446.921,4234.364,4234.364;True,Service,TAXI,11,88285,0,05916165;;;
Trevor;02:44:27;17:29:22;2447.962,4228.218,4228.218;True,Service,TAXI,11,8828,0,05903558;;;
Trevor;02:44:28;17:29:23;2449.147,4222.177,4222.177;True,Service,TAXI,11,88672,0,05716306;;;
Trevor;02:44:28;17:29:23;2450.48,4216.176,4216.176;True,Service,TAXI,11,88373,0,05857381;;;
Trevor;02:44:29;17:29:24;2452.038,4210.229,4210.229;True,Service,TAXI,11,8826,0,05924756;;;
Trevor;02:44:29;17:29:25;2453.795,4204.3,4204.3;True,Service,TAXI,11,88128,0,06022417;;;
Trevor;02:44:30;17:29:25;2455.735,4198.417,4198.417;True,Service,TAXI,11,88096,0,06101654;;;
Trevor;02:44:30;17:29:26;2457.84,4192.577,4192.577;True,Service,TAXI,11,87563,0,06437754;;;
Trevor;02:44:31;17:29:26;2460.237,4186.736,4186.736;True,Service,TAXI,11,87569,0,06520845;;;
Trevor;02:44:31;17:29:27;2462.81,4181.076,4181.076;True,Service,TAXI,11,87347,0,06743465;;;
Trevor;02:44:32;17:29:27;2465.548,4175.589,4175.589;True,Service,TAXI,11,87102,0,06903683;;;
Trevor;02:44:32;17:29:28;2468.489,4170.146,4170.146;True,Service,TAXI,11,86444,0,0726328;;;
Trevor;02:44:33;17:29:28;2471.655,4164.86,4164.86;True,Service,TAXI,11,8649,0,0739566;;;
Trevor;02:44:33;17:29:29;2475.029,4159.681,4159.681;True,Service,TAXI,11,86199,0,07626445;;;
Trevor;02:44:34;17:29:29;2478.575,4154.658,4154.658;True,Service,TAXI,11,86453,0,075623;;;
Trevor;02:44:34;17:29:30;2482.394,4149.719,4149.719;True,Service,TAXI,11,85209,0,0817143;;;
Trevor;02:44:35;17:29:30;2486.5,4145.182,4145.182;True,Service,TAXI,11,4758,0;;;
Trevor;02:44:36;17:29:31;2490.509,4141.393,4141.393;True,Service,TAXI,9,429336,0;;;
Trevor;02:44:36;17:29:31;2493.844,4138.521,4138.521;True,Service,TAXI,7,567856,0;;;
Trevor;02:44:37;17:29:32;2496.657,4136.383,4136.383;True,Service,TAXI,6,284336,0,001797679;;;
Trevor;02:44:37;17:29:32;2499.287,4134.641,4134.641;True,Service,TAXI,5,994621,0,0123558;;;
Trevor;02:44:38;17:29:33;2501.626,4132.712,4132.712;True,Service,TAXI,5,755774,0,0468443;;;
Trevor;02:44:38;17:29:33;2502.948,4130.096,4130.096;True,Service,TAXI,5,750124,0,22014;;;
Trevor;02:44:39;17:29:34;2503.398,4126.777,4126.777;True,Service,TAXI,7,11518,0,4668798;;;
Trevor;02:44:39;17:29:34;2502.962,4122.667,4122.667;True,Service,TAXI,8,518824,0,436589;;;
Trevor;02:44:40;17:29:35;2501.543,4118.117,4118.117;True,Service,TAXI,9,743773,0,2848591;;;
Trevor;02:44:40;17:29:35;2499.522,4113.218,4113.218;True,Service,TAXI,10,66442,0;;;
Trevor;02:44:41;17:29:36;2497.346,4108.371,4108.371;True,Service,TAXI,10,30781,0,46;;;
Trevor;02:44:41;17:29:37;2495,4103.28,4103.28;True,Service,TAXI,11,14686,0,4360404;;;
Trevor;02:44:42;17:29:37;2492.504,4097.9,4097.9;True,Service,TAXI,11,75023,0,1291218;;;
Trevor;02:44:42;17:29:38;2489.922,4092.269,4092.269;True,Service,TAXI,11,94458,0,02848816;;;
Trevor;02:44:43;17:29:38;2487.41,4086.643,4086.643;True,Service,TAXI,11,96836,0,01574421;;;
Trevor;02:44:43;17:29:39;2484.906,4080.939,4080.939;True,Service,TAXI,11,95445,0,02254915;;;
Trevor;02:44:44;17:29:39;2482.395,4075.172,4075.172;True,Service,TAXI,11,94095,0,02946186;;;
Trevor;02:44:44;17:29:40;2479.951,4069.459,4069.459;True,Service,TAXI,11,93626,0,03182411;;;
Trevor;02:44:45;17:29:40;2477.547,4063.74,4063.74;True,Service,TAXI,11,9354,0,03234434;;;
Trevor;02:44:45;17:29:41;2475.087,4058.056,4058.056;True,Service,TAXI,11,93484,0,03255224;;;
Trevor;02:44:46;17:29:41;2472.508,4052.364,4052.364;True,Service,TAXI,11,9386,0,03075457;;;
Trevor;02:44:46;17:29:42;2469.867,4046.645,4046.645;True,Service,TAXI,11,9386,0,03071165;;;
Trevor;02:44:47;17:29:42;2467.26,4041.03,4041.03;True,Service,TAXI,11,94013,0,02997017;;;
Trevor;02:44:47;17:29:43;2464.631,4035.421,4035.421;True,Service,TAXI,11,93903,0,03051519;;;
Trevor;02:44:48;17:29:43;2461.968,4029.814,4029.814;True,Service,TAXI,11,94076,0,02965927;;;
Trevor;02:44:49;17:29:44;2459.195,4024.177,4024.177;True,Service,TAXI,11,93997,0,03004646;;;
Trevor;02:44:49;17:29:44;2456.356,4018.615,4018.615;True,Service,TAXI,11,94247,0,02881289;;;
Trevor;02:44:50;17:29:45;2453.435,4013.154,4013.154;True,Service,TAXI,11,94181,0,02914333;;;
Trevor;02:44:50;17:29:45;2450.414,4007.719,4007.719;True,Service,TAXI,11,94412,0,02798271;;;
Trevor;02:44:51;17:29:46;2447.317,4002.367,4002.367;True,Service,TAXI,11,94583,0,02711535;;;
Trevor;02:44:51;17:29:46;2444.12,3996.988,3996.988;True,Service,TAXI,11,94651,0,02673197;;;
Trevor;02:44:52;17:29:47;2440.931,3991.694,3991.694;True,Service,TAXI,11,94776,0,02615118;;;
Trevor;02:44:52;17:29:47;2437.628,3986.357,3986.357;True,Service,TAXI,11,94601,0,02697802;;;
Trevor;02:44:53;17:29:48;2434.171,3981.115,3981.115;True,Service,TAXI,11,94885,0,02567577;;;
Trevor;02:44:53;17:29:49;2430.652,3976.006,3976.006;True,Service,TAXI,11,94988,0,02499151;;;
Trevor;02:44:54;17:29:49;2427.024,3970.856,3970.856;True,Service,TAXI,11,94999,0,02500629;;;
Trevor;02:44:54;17:29:50;2423.338,3965.79,3965.79;True,Service,TAXI,11,94836,0,02582693;;;
Trevor;02:44:55;17:29:50;2419.55,3960.839,3960.839;True,Service,TAXI,11,94875,0,02560234;;;
Trevor;02:44:55;17:29:51;2415.654,3955.931,3955.931;True,Service,TAXI,11,94932,0,02526617;;;
Trevor;02:44:56;17:29:51;2411.75,3951.148,3951.148;True,Service,TAXI,11,95016,0,02493715;;;
Trevor;02:44:56;17:29:52;2407.705,3946.365,3946.365;True,Service,TAXI,11,94928,0,02532005;;;
Trevor;02:44:57;17:29:52;2403.584,3941.679,3941.679;True,Service,TAXI,11,95326,0,02338314;;;
Trevor;02:44:57;17:29:53;2399.412,3937.11,3937.11;True,Service,TAXI,11,95115,0,02443123;;;
Trevor;02:44:58;17:29:53;2395.143,3932.586,3932.586;True,Service,TAXI,11,95185,0,02408791;;;
Trevor;02:44:58;17:29:54;2390.745,3928.107,3928.107;True,Service,TAXI,11,95012,0,02497387;;;
Trevor;02:44:59;17:29:54;2386.354,3923.792,3923.792;True,Service,TAXI,11,9514,0,0243268;;;
Trevor;02:45:00;17:29:55;2381.78,3919.432,3919.432;True,Service,TAXI,11,94998,0,02504349;;;
Trevor;02:45:00;17:29:55;2377.253,3915.25,3915.25;True,Service,TAXI,11,95177,0,02415752;;;
Trevor;02:45:01;17:29:56;2372.564,3911.085,3911.085;True,Service,TAXI,11,9501,0,02498341;;;
Trevor;02:45:01;17:29:56;2367.802,3907.007,3907.007;True,Service,TAXI,11,95026,0,02490139;;;
Trevor;02:45:02;17:29:57;2362.995,3903.083,3903.083;True,Service,TAXI,11,95047,0,02480173;;;
Trevor;02:45:02;17:29:57;2358.056,3899.184,3899.184;True,Service,TAXI,11,95064,0,02466917;;;
Trevor;02:45:03;17:29:58;2353.091,3895.333,3895.333;True,Service,TAXI,11,95038,0,02483845;;;
Trevor;02:45:03;17:29:58;2348.105,3891.541,3891.541;True,Service,TAXI,11,94931,0,02534723;;;
Trevor;02:45:04;17:29:59;2343.099,3887.869,3887.869;True,Service,TAXI,11,94733,0,02636385;;;
Trevor;02:45:04;17:29:59;2338.068,3884.303,3884.303;True,Service,TAXI,11,94713,0,02638531;;;
Trevor;02:45:05;17:30:00;2332.919,3880.795,3880.795;True,Service,TAXI,11,94551,0,02720785;;;
Trevor;02:45:05;17:30:01;2327.7,3877.321,3877.321;True,Service,TAXI,11,94573,0,02708483;;;
Trevor;02:45:06;17:30:01;2322.486,3873.895,3873.895;True,Service,TAXI,11,94361,0,02814436;;;
Trevor;02:45:06;17:30:02;2317.223,3870.502,3870.502;True,Service,TAXI,11,94256,0,02863312;;;
Trevor;02:45:07;17:30:02;2311.968,3867.205,3867.205;True,Service,TAXI,11,94065,0,02962112;;;
Trevor;02:45:07;17:30:03;2306.648,3863.964,3863.964;True,Service,TAXI,11,93955,0,03018856;;;
Trevor;02:45:08;17:30:03;2301.325,3860.818,3860.818;True,Service,TAXI,11,93816,0,03088427;;;
Trevor;02:45:08;17:30:04;2295.905,3857.647,3857.647;True,Service,TAXI,11,93623,0,03184366;;;
Trevor;02:45:09;17:30:04;2290.535,3854.508,3854.508;True,Service,TAXI,11,93506,0,03246164;;;
Trevor;02:45:09;17:30:05;2285.126,3851.353,3851.353;True,Service,TAXI,11,93362,0,03319788;;;
Trevor;02:45:10;17:30:05;2279.72,3848.242,3848.242;True,Service,TAXI,11,93544,0,03230762;;;
Trevor;02:45:10;17:30:06;2274.344,3845.161,3845.161;True,Service,TAXI,11,93525,0,03233671;;;
Trevor;02:45:11;17:30:06;2268.914,3842.052,3842.052;True,Service,TAXI,11,93763,0,03119946;;;
Trevor;02:45:12;17:30:07;2263.536,3838.952,3838.952;True,Service,TAXI,11,93509,0,03243399;;;
Trevor;02:45:12;17:30:07;2258.184,3835.857,3835.857;True,Service,TAXI,11,93563,0,03222847;;;
Trevor;02:45:13;17:30:08;2252.827,3832.813,3832.813;True,Service,TAXI,11,93417,0,03293228;;;
Trevor;02:45:13;17:30:08;2247.441,3829.792,3829.792;True,Service,TAXI,11,93554,0,03227615;;;
Trevor;02:45:14;17:30:09;2242.016,3826.709,3826.709;True,Service,TAXI,11,93536,0,0323267;;;
Trevor;02:45:14;17:30:09;2236.67,3823.634,3823.634;True,Service,TAXI,11,93564,0,03220034;;;
Trevor;02:45:15;17:30:10;2231.309,3820.55,3820.55;True,Service,TAXI,11,93379,0,03311682;;;
Trevor;02:45:15;17:30:10;2225.984,3817.477,3817.477;True,Service,TAXI,11,93496,0,03254414;;;
Trevor;02:45:16;17:30:11;2220.663,3814.341,3814.341;True,Service,TAXI,11,93294,0,03352976;;;
Trevor;02:45:16;17:30:11;2215.331,3811.183,3811.183;True,Service,TAXI,11,93327,0,0333662;;;
Trevor;02:45:17;17:30:12;2209.988,3808.112,3808.112;True,Service,TAXI,11,93164,0,03418875;;;
Trevor;02:45:17;17:30:12;2204.571,3805.054,3805.054;True,Service,TAXI,11,93436,0,03278303;;;
Trevor;02:45:18;17:30:13;2199.16,3801.991,3801.991;True,Service,TAXI,11,93188,0,03403997;;;
Trevor;02:45:18;17:30:14;2194.277,3799.205,3799.205;True,Service,TAXI,9,453784,0;;;
Trevor;02:45:19;17:30:14;2190.468,3797.016,3797.016;True,Service,TAXI,8,013021,0,001904488;;;
Trevor;02:45:19;17:30:15;2186.919,3794.96,3794.96;True,Service,TAXI,7,755153,0,004068196;;;
Trevor;02:45:20;17:30:15;2183.412,3792.924,3792.924;True,Service,TAXI,7,679818,0,002217591;;;
Trevor;02:45:20;17:30:16;2179.956,3790.928,3790.928;True,Service,TAXI,7,633784,0,003635824;;;
Trevor;02:45:21;17:30:16;2176.532,3788.958,3788.958;True,Service,TAXI,7,627733,0,005456388;;;
Trevor;02:45:21;17:30:17;2173.075,3786.972,3786.972;True,Service,TAXI,7,624281,0,005813837;;;
Trevor;02:45:22;17:30:17;2169.607,3784.969,3784.969;True,Service,TAXI,7,622845,0,007918358;;;
Trevor;02:45:22;17:30:18;2166.138,3782.954,3782.954;True,Service,TAXI,7,624297,0,005863965;;;
Trevor;02:45:23;17:30:18;2162.65,3780.923,3780.923;True,Service,TAXI,7,616642,0,003801823;;;
Trevor;02:45:23;17:30:19;2159.204,3778.93,3778.93;True,Service,TAXI,7,605569,0,005326092;;;
Trevor;02:45:24;17:30:19;2155.804,3776.972,3776.972;True,Service,TAXI,7,599673,0,007818222;;;
Trevor;02:45:25;17:30:20;2152.38,3775.007,3775.007;True,Service,TAXI,7,601032,0,007376611;;;
Trevor;02:45:25;17:30:20;2148.91,3773.019,3773.019;True,Service,TAXI,7,595488,0,007689059;;;
Trevor;02:45:26;17:30:21;2145.512,3771.074,3771.074;True,Service,TAXI,7,591144,0,006395817;;;
Trevor;02:45:26;17:30:21;2142.116,3769.13,3769.13;True,Service,TAXI,7,584968,0,006303906;;;
Trevor;02:45:27;17:30:22;2138.681,3767.151,3767.151;True,Service,TAXI,7,571398,0,00590378;;;
Trevor;02:45:27;17:30:22;2135.214,3765.14,3765.14;True,Service,TAXI,7,564974,0,009045541;;;
Trevor;02:45:28;17:30:23;2131.829,3763.169,3763.169;True,Service,TAXI,7,562793,0,009892762;;;
Trevor;02:45:28;17:30:23;2128.38,3761.174,3761.174;True,Service,TAXI,7,563359,0,009153724;;;
Trevor;02:45:29;17:30:24;2124.932,3759.189,3759.189;True,Service,TAXI,7,556818,0,006774247;;;
Trevor;02:45:29;17:30:25;2121.487,3757.208,3757.208;True,Service,TAXI,7,540481,0,004972517;;;
Trevor;02:45:30;17:30:25;2118.109,3755.259,3755.259;True,Service,TAXI,7,521082,0,00789988;;;
Trevor;02:45:30;17:30:26;2114.719,3753.292,3753.292;True,Service,TAXI,7,512729,0,01133835;;;
Trevor;02:45:31;17:30:26;2111.3,3751.3,3751.3;True,Service,TAXI,7,508284,0,01176828;;;
Trevor;02:45:31;17:30:27;2107.929,3749.343,3749.343;True,Service,TAXI,7,501469,0,01241857;;;
Trevor;02:45:32;17:30:27;2104.558,3747.393,3747.393;True,Service,TAXI,7,495411,0,01262093;;;
Trevor;02:45:32;17:30:28;2101.148,3745.425,3745.425;True,Service,TAXI,7,487275,0,0130524;;;
Trevor;02:45:33;17:30:28;2097.732,3743.464,3743.464;True,Service,TAXI,7,479517,0,01436269;;;
Trevor;02:45:33;17:30:29;2094.333,3741.514,3741.514;True,Service,TAXI,7,472656,0,01496643;;;
Trevor;02:45:34;17:30:29;2090.934,3739.567,3739.567;True,Service,TAXI,7,453143,0,0008730544;;;
Trevor;02:45:34;17:30:30;2087.645,3737.683,3737.683;True,Service,TAXI,6,962811,0;;;
Trevor;02:45:35;17:30:30;2084.637,3735.961,3735.961;True,Service,TAXI,6,312895,0,002302051;;;
Trevor;02:45:35;17:30:31;2081.943,3734.418,3734.418;True,Service,TAXI,5,440967,0;;;
Trevor;02:45:36;17:30:31;2079.913,3733.254,3733.254;True,Service,TAXI,3,648482,0;;;
Trevor;02:45:37;17:30:32;2078.785,3732.606,3732.606;True,Service,TAXI,0,9946612,0;;;
Trevor;02:45:37;17:30:32;2078.471,3732.424,3732.424;True,Service,TAXI,0,7199579,0,07978985;;;
Trevor;02:45:38;17:30:33;2078,3732.152,3732.152;True,Service,TAXI,1,617465,0,4880506;;;
Trevor;02:45:38;17:30:33;2076.935,3731.541,3731.541;True,Service,TAXI,2,96015,0,269191;;;
Trevor;02:45:39;17:30:34;2075.385,3730.653,3730.653;True,Service,TAXI,4,014143,0,4749349;;;
Trevor;02:45:39;17:30:34;2073.22,3729.412,3729.412;True,Service,TAXI,5,526764,0,4778305;;;
Trevor;02:45:40;17:30:35;2070.39,3727.791,3727.791;True,Service,TAXI,7,029836,0,4871521;;;
Trevor;02:45:40;17:30:35;2066.825,3725.749,3725.749;True,Service,TAXI,8,668632,0,4290115;;;
Trevor;02:45:41;17:30:36;2062.553,3723.303,3723.303;True,Service,TAXI,10,12328,0,3165377;;;
Trevor;02:45:41;17:30:37;2057.853,3720.621,3720.621;True,Service,TAXI,10,04385,0;;;
Trevor;02:45:42;17:30:37;2053.223,3717.954,3717.954;True,Service,TAXI,10,58007,0,46;;;
Trevor;02:45:42;17:30:38;2048.243,3715.059,3715.059;True,Service,TAXI,11,39087,0,3306199;;;
Trevor;02:45:43;17:30:38;2043.021,3712.044,3712.044;True,Service,TAXI,11,80353,0,1030371;;;
Trevor;02:45:43;17:30:39;2037.596,3708.923,3708.923;True,Service,TAXI,11,89325,0,05621449;;;
Trevor;02:45:44;17:30:39;2032.288,3705.867,3705.867;True,Service,TAXI,11,88914,0,05661137;;;
Trevor;02:45:44;17:30:40;2026.919,3702.763,3702.763;True,Service,TAXI,11,88378,0,05941432;;;
Trevor;02:45:45;17:30:40;2021.616,3699.694,3699.694;True,Service,TAXI,11,8818,0,06039591;;;
Trevor;02:45:45;17:30:41;2016.258,3696.592,3696.592;True,Service,TAXI,11,88284,0,05990308;;;
Trevor;02:45:46;17:30:41;2010.925,3693.506,3693.506;True,Service,TAXI,11,88479,0,05873855;;;
Trevor;02:45:46;17:30:42;2005.594,3690.421,3690.421;True,Service,TAXI,11,88252,0,05979994;;;
Trevor;02:45:47;17:30:42;2000.195,3687.303,3687.303;True,Service,TAXI,11,88308,0,05987214;;;
Trevor;02:45:47;17:30:43;1994.805,3684.229,3684.229;True,Service,TAXI,11,88219,0,05978426;;;
Trevor;02:45:48;17:30:43;1989.377,3681.162,3681.162;True,Service,TAXI,11,88303,0,05955769;;;
Trevor;02:45:49;17:30:44;1983.944,3678.106,3678.106;True,Service,TAXI,11,88297,0,05922551;;;
Trevor;02:45:49;17:30:44;1978.497,3675.018,3675.018;True,Service,TAXI,11,88272,0,05989106;;;
Trevor;02:45:50;17:30:45;1973.127,3671.879,3671.879;True,Service,TAXI,11,88205,0,05991224;;;
Trevor;02:45:50;17:30:45;1967.83,3668.709,3668.709;True,Service,TAXI,11,88109,0,0610356;;;
Trevor;02:45:51;17:30:46;1962.495,3665.493,3665.493;True,Service,TAXI,11,88079,0,06103157;;;
Trevor;02:45:51;17:30:46;1957.163,3662.319,3662.319;True,Service,TAXI,11,87953,0,06271216;;;
Trevor;02:45:52;17:30:47;1951.838,3659.195,3659.195;True,Service,TAXI,11,87986,0,06261681;;;
Trevor;02:45:52;17:30:47;1946.467,3656.055,3656.055;True,Service,TAXI,11,87782,0,06438483;;;
Trevor;02:45:53;17:30:48;1941.15,3652.951,3652.951;True,Service,TAXI,11,87653,0,06543934;;;
Trevor;02:45:53;17:30:49;1935.77,3649.818,3649.818;True,Service,TAXI,11,87792,0,06537411;;;
Trevor;02:45:54;17:30:49;1930.457,3646.751,3646.751;True,Service,TAXI,11,87395,0,06763699;;;
Trevor;02:45:54;17:30:50;1925.084,3643.655,3643.655;True,Service,TAXI,11,87106,0,06915689;;;
Trevor;02:45:55;17:30:50;1919.705,3640.547,3640.547;True,Service,TAXI,11,87218,0,06852645;;;
Trevor;02:45:55;17:30:51;1914.373,3637.459,3637.459;True,Service,TAXI,11,87041,0,06976736;;;
Trevor;02:45:56;17:30:51;1908.989,3634.339,3634.339;True,Service,TAXI,11,86963,0,07063479;;;
Trevor;02:45:56;17:30:52;1903.678,3631.258,3631.258;True,Service,TAXI,11,86895,0,07150026;;;
Trevor;02:45:57;17:30:52;1898.356,3628.17,3628.17;True,Service,TAXI,11,86882,0,07124983;;;
Trevor;02:45:57;17:30:53;1892.984,3625.052,3625.052;True,Service,TAXI,11,86763,0,07149936;;;
Trevor;02:45:58;17:30:53;1887.624,3621.944,3621.944;True,Service,TAXI,11,8674,0,07128381;;;
Trevor;02:45:58;17:30:54;1882.251,3618.83,3618.83;True,Service,TAXI,11,86719,0,07186766;;;
Trevor;02:45:59;17:30:54;1876.903,3615.733,3615.733;True,Service,TAXI,11,86706,0,07150418;;;
Trevor;02:45:59;17:30:55;1871.57,3612.651,3612.651;True,Service,TAXI,11,86928,0,07150393;;;
Trevor;02:46:00;17:30:55;1866.192,3609.545,3609.545;True,Service,TAXI,11,8682,0,07166181;;;
Trevor;02:46:01;17:30:56;1860.869,3606.474,3606.474;True,Service,TAXI,11,86732,0,07248541;;;
Trevor;02:46:01;17:30:56;1855.524,3603.388,3603.388;True,Service,TAXI,11,86723,0,07139951;;;
Trevor;02:46:02;17:30:57;1850.131,3600.271,3600.271;True,Service,TAXI,11,86634,0,0721376;;;
Trevor;02:46:02;17:30:57;1844.805,3597.16,3597.16;True,Service,TAXI,11,86705,0,07225186;;;
Trevor;02:46:03;17:30:58;1839.52,3594.04,3594.04;True,Service,TAXI,11,86796,0,07115103;;;
Trevor;02:46:03;17:30:58;1834.214,3590.898,3590.898;True,Service,TAXI,11,86801,0,07161593;;;
Trevor;02:46:04;17:30:59;1828.864,3587.749,3587.749;True,Service,TAXI,11,8665,0,0719357;;;
Trevor;02:46:04;17:30:59;1823.55,3584.64,3584.64;True,Service,TAXI,11,86889,0,07108879;;;
Trevor;02:46:05;17:31:00;1818.271,3581.561,3581.561;True,Service,TAXI,11,86782,0,07104107;;;
Trevor;02:46:05;17:31:00;1812.97,3578.475,3578.475;True,Service,TAXI,11,86794,0,07073908;;;
Trevor;02:46:06;17:31:01;1807.675,3575.4,3575.4;True,Service,TAXI,11,86887,0,07082551;;;
Trevor;02:46:06;17:31:02;1802.323,3572.309,3572.309;True,Service,TAXI,11,8697,0,0701553;;;
Trevor;02:46:07;17:31:02;1796.922,3569.201,3569.201;True,Service,TAXI,11,8702,0,06981653;;;
Trevor;02:46:07;17:31:03;1791.588,3566.136,3566.136;True,Service,TAXI,11,87084,0,0692561;;;
Trevor;02:46:08;17:31:03;1786.199,3563.036,3563.036;True,Service,TAXI,11,87082,0,06846754;;;
Trevor;02:46:08;17:31:04;1780.869,3559.945,3559.945;True,Service,TAXI,11,87187,0,06829878;;;
Trevor;02:46:09;17:31:04;1775.513,3556.822,3556.822;True,Service,TAXI,11,87349,0,06713197;;;
Trevor;02:46:09;17:31:05;1770.205,3553.717,3553.717;True,Service,TAXI,11,87347,0,06655849;;;
Trevor;02:46:10;17:31:05;1764.908,3550.616,3550.616;True,Service,TAXI,11,87474,0,06599603;;;
Trevor;02:46:10;17:31:06;1759.652,3547.534,3547.534;True,Service,TAXI,11,8752,0,06516175;;;
Trevor;02:46:11;17:31:06;1754.312,3544.407,3544.407;True,Service,TAXI,11,87659,0,06418011;;;
Trevor;02:46:11;17:31:07;1749.021,3541.315,3541.315;True,Service,TAXI,11,87702,0,06503151;;;
Trevor;02:46:12;17:31:07;1743.634,3538.175,3538.175;True,Service,TAXI,11,87505,0,0661459;;;
Trevor;02:46:12;17:31:08;1738.247,3535.038,3535.038;True,Service,TAXI,11,87318,0,06773746;;;
Trevor;02:46:13;17:31:08;1733.079,3532.042,3532.042;True,Service,TAXI,10,58425,0;;;
Trevor;02:46:14;17:31:09;1728.738,3529.531,3529.531;True,Service,TAXI,8,613178,0;;;
Trevor;02:46:14;17:31:09;1725.239,3527.512,3527.512;True,Service,TAXI,6,999729,0;;;
Trevor;02:46:15;17:31:10;1722.375,3525.861,3525.861;True,Service,TAXI,5,931367,0,002341062;;;
Trevor;02:46:15;17:31:10;1719.727,3524.336,3524.336;True,Service,TAXI,5,886031,0,008360535;;;
Trevor;02:46:16;17:31:11;1717.07,3522.807,3522.807;True,Service,TAXI,5,854264,0,0124408;;;
Trevor;02:46:16;17:31:11;1714.451,3521.293,3521.293;True,Service,TAXI,5,835911,0,0147706;;;
Trevor;02:46:17;17:31:12;1711.714,3519.705,3519.705;True,Service,TAXI,6,458474,0,2848346;;;
Trevor;02:46:17;17:31:12;1708.639,3517.917,3517.917;True,Service,TAXI,7,136534,0,03014892;;;
Trevor;02:46:18;17:31:13;1705.646,3516.174,3516.174;True,Service,TAXI,6,093342,0;;;
Trevor;02:46:18;17:31:13;1703.004,3514.633,3514.633;True,Service,TAXI,5,903304,0,005866945;;;
Trevor;02:46:19;17:31:14;1700.358,3513.074,3513.074;True,Service,TAXI,5,861858,0,01092691;;;
Trevor;02:46:19;17:31:15;1698.325,3511.034,3511.034;True,Service,TAXI,5,287593,0,1032229;;;
Trevor;02:46:20;17:31:15;1697.731,3508.271,3508.271;True,Service,TAXI,6,073783,0,4689782;;;
Trevor;02:46:20;17:31:16;1698.298,3504.743,3504.743;True,Service,TAXI,7,609506,0,4674065;;;
Trevor;02:46:21;17:31:16;1699.847,3500.722,3500.722;True,Service,TAXI,9,088538,0,4156272;;;
Trevor;02:46:21;17:31:17;1702.078,3496.196,3496.196;True,Service,TAXI,10,24313,0,4210986;;;
Trevor;02:46:22;17:31:17;1704.685,3491.288,3491.288;True,Service,TAXI,10,26786,0;;;
Trevor;02:46:22;17:31:18;1707.357,3486.385,3486.385;True,Service,TAXI,11,18009,0,5482833;;;
Trevor;02:46:23;17:31:18;1710.04,3481.627,3481.627;True,Service,TAXI,8,971737,0;;;
Trevor;02:46:23;17:31:19;1711.96,3478.323,3478.323;True,Service,TAXI,5,891862,0;;;
Trevor;02:46:24;17:31:19;1713.186,3476.253,3476.253;True,Service,TAXI,3,666394,0;;;
Trevor;02:46:24;17:31:20;1713.996,3474.894,3474.894;True,Service,TAXI,2,539714,0,0008961039;;;
Trevor;02:46:25;17:31:20;1714.553,3473.951,3473.951;True,Service,TAXI,1,725263,0;;;
Trevor;02:46:25;17:31:21;1714.936,3473.304,3473.304;True,Service,TAXI,1,194855,0,004862926;;;
Trevor;02:46:26;17:31:21;1715.196,3472.854,3472.854;True,Service,TAXI,0,8956699,0,04060638;;;
Trevor;02:46:27;17:31:22;1715.414,3472.475,3472.475;True,Service,TAXI,0,8144616,0,068774;;;
Trevor;02:46:27;17:31:22;1715.619,3472.115,3472.115;True,Service,TAXI,0,8020648,0,07746099;;;
Trevor;02:46:28;17:31:23;1715.783,3471.827,3471.827;True,Service,TAXI,0,1586186,0;;;
Trevor;02:46:28;17:31:23;1715.772,3471.847,3471.847;True,Service,TAXI,0,02870582,0;;;
Trevor;02:46:29;17:31:24;1715.772,3471.847,3471.847;True,Service,TAXI,0,0;;;
Trevor;02:46:29;17:31:24;1715.772,3471.847,3471.847;True,Service,TAXI,0,0;;;
Trevor;02:46:30;17:31:25;1715.772,3471.847,3471.847;True,Service,TAXI,0,0;;;
Trevor;02:46:30;17:31:25;1715.772,3471.847,3471.847;True,Service,TAXI,0,0;;;
Trevor;02:46:31;17:31:26;1715.772,3471.847,3471.847;True,Service,TAXI,0,0;;;
Trevor;02:46:31;17:31:27;1715.772,3471.847,3471.847;True,Service,TAXI,0,0;;;
Trevor;02:46:32;17:31:27;1715.772,3471.847,3471.847;True,Service,TAXI,0,0;;;
Trevor;02:46:32;17:31:28;1715.772,3471.847,3471.847;True,Service,TAXI,0,0;;;
Trevor;02:46:33;17:31:28;1715.772,3471.847,3471.847;True,Service,TAXI,0,0;;;
Trevor;02:46:33;17:31:29;1715.772,3471.847,3471.847;True,Service,TAXI,0,01960726,0,3784168;;;
Trevor;02:46:34;17:31:29;1715.78,3471.833,3471.833;True,Service,TAXI,0,04035582,0;;;
Trevor;02:46:34;17:31:30;1715.779,3471.834,3471.834;True,Service,TAXI,0,0;;;
Trevor;02:46:35;17:31:30;1715.779,3471.834,3471.834;True,Service,TAXI,0,0;;;
Trevor;02:46:35;17:31:31;1715.779,3471.834,3471.834;True,Service,TAXI,0,0;;;
Trevor;02:46:36;17:31:31;1715.779,3471.834,3471.834;True,Service,TAXI,0,0;;;
Trevor;02:46:36;17:31:32;1715.779,3471.834,3471.834;True,Service,TAXI,0,0;;;
Trevor;02:46:37;17:31:32;1715.779,3471.834,3471.834;True,Service,TAXI,0,0;;;
Trevor;02:46:37;17:31:33;1715.779,3471.834,3471.834;True,Service,TAXI,0,0;;;
Trevor;02:46:38;17:31:33;1715.779,3471.834,3471.834;True,Service,TAXI,0,0;;;
Trevor;02:46:38;17:31:34;1715.779,3471.834,3471.834;True,Service,TAXI,0,0;;;
Trevor;02:46:39;17:31:34;1715.779,3471.834,3471.834;True,Service,TAXI,0,0;;;
Trevor;02:46:40;17:31:35;1715.779,3471.834,3471.834;True,Service,TAXI,0,0;;;
Trevor;02:46:40;17:31:35;1715.779,3471.834,3471.834;True,Service,TAXI,0,0;;;
Trevor;02:46:41;17:31:36;1715.779,3471.834,3471.834;True,Service,TAXI,0,0;;;
Trevor;02:46:41;17:31:36;1715.779,3471.834,3471.834;True,Service,TAXI,0,0;;;
Trevor;02:46:42;17:31:37;1715.779,3471.834,3471.834;True,Service,TAXI,0,0;;;
Trevor;02:46:42;17:31:37;1715.779,3471.834,3471.834;True,Service,TAXI,0,0;;;
Trevor;02:46:43;17:31:38;1715.779,3471.834,3471.834;True,Service,TAXI,0,0;;;
Trevor;02:46:43;17:31:38;1715.779,3471.834,3471.834;True,Service,TAXI,0,0;;;
Trevor;02:46:44;17:31:39;1715.779,3471.834,3471.834;True,Service,TAXI,0,0;;;
Trevor;02:46:44;17:31:40;1715.779,3471.834,3471.834;True,Service,TAXI,0,0;;;
Trevor;02:46:45;17:31:40;1715.779,3471.834,3471.834;True,Service,TAXI,0,0;;;
Trevor;02:46:45;17:31:41;1715.779,3471.834,3471.834;True,Service,TAXI,0,0;;;
Trevor;02:46:46;17:31:41;1715.779,3471.834,3471.834;True,Service,TAXI,0,0;;;
Trevor;02:46:46;17:31:42;1715.779,3471.834,3471.834;True,Service,TAXI,0,0;;;
Trevor;02:46:47;17:31:42;1715.779,3471.834,3471.834;True,Service,TAXI,0,0;;;
Trevor;02:46:47;17:31:43;1715.779,3471.834,3471.834;True,Service,TAXI,0,0;;;
Trevor;02:46:48;17:31:43;1715.779,3471.834,3471.834;True,Service,TAXI,0,0;;;
Trevor;02:46:48;17:31:44;1715.779,3471.834,3471.834;True,Service,TAXI,0,0;;;
Trevor;02:46:49;17:31:44;1715.779,3471.834,3471.834;True,Service,TAXI,0,0;;;
Trevor;02:46:49;17:31:45;1715.779,3471.834,3471.834;True,Service,TAXI,0,0;;;
Trevor;02:46:50;17:31:45;1715.779,3471.834,3471.834;True,Service,TAXI,0,0;;;
Trevor;02:46:50;17:31:46;1715.779,3471.834,3471.834;True,Service,TAXI,0,0;;;
Trevor;02:46:51;17:31:46;1715.779,3471.834,3471.834;True,Service,TAXI,0,0;;;
Trevor;02:46:52;17:31:47;1715.779,3471.834,3471.834;True,Service,TAXI,0,0;;;
Trevor;02:46:52;17:31:47;1715.779,3471.834,3471.834;True,Service,TAXI,0,0;;;
Trevor;02:46:53;17:31:48;1715.779,3471.834,3471.834;True,Service,TAXI,0,0;;;
Trevor;02:46:53;17:31:48;1715.779,3471.834,3471.834;True,Service,TAXI,0,0;;;
Trevor;02:46:54;17:31:49;1715.779,3471.834,3471.834;True,Service,TAXI,0,0;;;
Trevor;02:46:54;17:31:49;1715.779,3471.834,3471.834;True,Service,TAXI,0,0;;;
Trevor;02:46:55;17:31:50;1715.779,3471.834,3471.834;True,Service,TAXI,0,0;;;
Trevor;02:46:55;17:31:50;1715.779,3471.834,3471.834;True,Service,TAXI,0,0;;;
Trevor;02:46:56;17:31:51;1715.779,3471.834,3471.834;True,Service,TAXI,0,0;;;
Trevor;02:46:56;17:31:52;1715.779,3471.834,3471.834;True,Service,TAXI,0,0;;;
Trevor;02:46:57;17:31:52;1715.779,3471.834,3471.834;True,Service,TAXI,0,0;;;
Trevor;02:46:57;17:31:53;1715.779,3471.834,3471.834;True,Service,TAXI,0,0;;;
Trevor;02:46:58;17:31:53;1715.779,3471.834,3471.834;True,Service,TAXI,0,0;;;
Trevor;02:46:58;17:31:54;1715.779,3471.834,3471.834;True,Service,TAXI,0,0;;;
Trevor;02:46:59;17:31:54;1715.779,3471.834,3471.834;True,Service,TAXI,0,0;;;
Trevor;02:46:59;17:31:55;1715.779,3471.834,3471.834;True,Service,TAXI,0,0;;;
Trevor;02:47:00;17:31:55;1715.779,3471.834,3471.834;True,Service,TAXI,0,0;;;
Trevor;02:47:00;17:31:56;1715.779,3471.834,3471.834;True,Service,TAXI,0,0;;;
Trevor;02:47:01;17:31:56;1715.779,3471.834,3471.834;True,Service,TAXI,0,0;;;
Trevor;02:47:01;17:31:57;1715.779,3471.834,3471.834;True,Service,TAXI,0,0;;;
Trevor;02:47:02;17:31:57;1715.779,3471.834,3471.834;True,Service,TAXI,0,0;;;
Trevor;02:47:02;17:31:58;1715.779,3471.834,3471.834;True,Service,TAXI,0,0;;;
Trevor;02:47:03;17:31:58;1715.779,3471.834,3471.834;True,Service,TAXI,0,0;;;
Trevor;02:47:04;17:31:59;1715.779,3471.834,3471.834;True,Service,TAXI,0,0;;;
Trevor;02:47:04;17:31:59;1715.779,3471.834,3471.834;True,Service,TAXI,0,0;;;
Trevor;02:47:05;17:32:00;1715.779,3471.834,3471.834;True,Service,TAXI,0,0;;;
Trevor;02:47:05;17:32:00;1715.779,3471.834,3471.834;True,Service,TAXI,0,0;;;
Trevor;02:47:06;17:32:01;1715.779,3471.834,3471.834;True,Service,TAXI,0,0;;;
Trevor;02:47:06;17:32:01;1715.779,3471.834,3471.834;True,Service,TAXI,0,0;;;
Trevor;02:47:07;17:32:02;1715.779,3471.834,3471.834;True,Service,TAXI,0,0;;;
Trevor;02:47:07;17:32:02;1715.779,3471.834,3471.834;True,Service,TAXI,0,0;;;
Trevor;02:47:08;17:32:03;1715.779,3471.834,3471.834;True,Service,TAXI,0,0;;;
Trevor;02:47:08;17:32:03;1715.779,3471.834,3471.834;True,Service,TAXI,0,0;;;
Trevor;02:47:09;17:32:04;1715.779,3471.834,3471.834;True,Service,TAXI,0,0;;;
Trevor;02:47:09;17:32:05;1715.779,3471.834,3471.834;True,Service,TAXI,0,0;;;
Trevor;02:47:10;17:32:05;1715.779,3471.834,3471.834;True,Service,TAXI,0,0;;;
Trevor;02:47:10;17:32:06;1715.779,3471.834,3471.834;True,Service,TAXI,0,0;;;
Trevor;02:47:11;17:32:06;1715.779,3471.834,3471.834;True,Service,TAXI,0,0;;;
Trevor;02:47:11;17:32:07;1715.779,3471.834,3471.834;True,Service,TAXI,0,0;;;
Trevor;02:47:12;17:32:07;1715.779,3471.834,3471.834;True,Service,TAXI,0,0;;;
Trevor;02:47:12;17:32:08;1715.779,3471.834,3471.834;True,Service,TAXI,0,0;;;
Trevor;02:47:13;17:32:08;1715.779,3471.834,3471.834;True,Service,TAXI,0,0;;;
Trevor;02:47:13;17:32:09;1715.779,3471.834,3471.834;True,Service,TAXI,0,0;;;
Trevor;02:47:14;17:32:09;1715.779,3471.834,3471.834;True,Service,TAXI,0,0;;;
Trevor;02:47:14;17:32:10;1715.779,3471.834,3471.834;True,Service,TAXI,0,0;;;
Trevor;02:47:15;17:32:10;1715.779,3471.834,3471.834;True,Service,TAXI,0,0;;;
Trevor;02:47:16;17:32:11;1715.779,3471.834,3471.834;True,Service,TAXI,0,0;;;
Trevor;02:47:16;17:32:11;1715.779,3471.835,3471.835;True,Service,TAXI,0,02349918,0;;;
Trevor;02:47:17;17:32:12;1715.779,3471.834,3471.834;True,Service,TAXI,0,0;;;
Trevor;02:47:17;17:32:12;1715.779,3471.834,3471.834;True,Service,TAXI,0,0;;;
Trevor;02:47:18;17:32:13;1715.779,3471.834,3471.834;True,Service,TAXI,0,0;;;
Trevor;02:47:18;17:32:13;1715.779,3471.834,3471.834;True,Service,TAXI,0,0;;;
Trevor;02:47:19;17:32:14;1715.779,3471.834,3471.834;True,Service,TAXI,0,0;;;
Trevor;02:47:19;17:32:14;1715.779,3471.834,3471.834;True,Service,TAXI,0,0;;;
Trevor;02:47:20;17:32:15;1715.779,3471.834,3471.834;True,Service,TAXI,0,0;;;
Trevor;02:47:20;17:32:15;1715.779,3471.834,3471.834;True,Service,TAXI,0,0;;;
Trevor;02:47:21;17:32:16;1715.779,3471.834,3471.834;True,Service,TAXI,0,0;;;
Trevor;02:47:21;17:32:17;1715.779,3471.834,3471.834;True,Service,TAXI,0,0;;;
Trevor;02:47:22;17:32:17;1715.779,3471.834,3471.834;True,Service,TAXI,0,0;;;
Trevor;02:47:22;17:32:18;1715.779,3471.834,3471.834;True,Service,TAXI,0,0;;;
Trevor;02:47:23;17:32:18;1715.779,3471.834,3471.834;True,Service,TAXI,0,0;;;
Trevor;02:47:23;17:32:19;1715.779,3471.834,3471.834;True,Service,TAXI,0,0;;;
Trevor;02:47:24;17:32:19;1715.779,3471.834,3471.834;True,Service,TAXI,0,0;;;
Trevor;02:47:24;17:32:20;1715.779,3471.834,3471.834;True,Service,TAXI,0,0;;;
Trevor;02:47:25;17:32:20;1715.779,3471.834,3471.834;True,Service,TAXI,0,0;;;
Trevor;02:47:25;17:32:21;1715.779,3471.834,3471.834;True,Service,TAXI,0,0;;;
Trevor;02:47:26;17:32:21;1715.779,3471.834,3471.834;True,Service,TAXI,0,0;;;
Trevor;02:47:26;17:32:22;1715.779,3471.834,3471.834;True,Service,TAXI,0,0;;;
Trevor;02:47:27;17:32:22;1715.779,3471.834,3471.834;True,Service,TAXI,0,0;;;
Trevor;02:47:27;17:32:23;1715.779,3471.834,3471.834;True,Service,TAXI,0,0;;;
Trevor;02:47:28;17:32:23;1715.779,3471.834,3471.834;True,Service,TAXI,0,0;;;
Trevor;02:47:29;17:32:24;1715.779,3471.834,3471.834;True,Service,TAXI,0,01612807,0;;;
Trevor;02:47:29;17:32:24;1715.778,3471.835,3471.835;True,Service,TAXI,0,0;;;
Trevor;02:47:30;17:32:25;1715.778,3471.835,3471.835;True,Service,TAXI,0,0;;;
Trevor;02:47:30;17:32:25;1715.778,3471.835,3471.835;True,Service,TAXI,0,0;;;
Trevor;02:47:31;17:32:26;1715.778,3471.835,3471.835;True,Service,TAXI,0,0;;;
Trevor;02:47:31;17:32:26;1715.778,3471.835,3471.835;True,Service,TAXI,0,0;;;
Trevor;02:47:32;17:32:27;1715.778,3471.835,3471.835;True,Service,TAXI,0,0;;;
Trevor;02:47:32;17:32:27;1715.778,3471.835,3471.835;True,Service,TAXI,0,0;;;
Trevor;02:47:33;17:32:28;1715.778,3471.835,3471.835;True,Service,TAXI,0,0;;;
Trevor;02:47:33;17:32:29;1715.778,3471.835,3471.835;True,Service,TAXI,0,0;;;
Trevor;02:47:34;17:32:29;1715.778,3471.835,3471.835;True,Service,TAXI,0,0;;;
Trevor;02:47:34;17:32:30;1715.778,3471.835,3471.835;True,Service,TAXI,0,0;;;
Trevor;02:47:35;17:32:30;1715.778,3471.835,3471.835;True,Service,TAXI,0,0;;;
Trevor;02:47:35;17:32:31;1715.778,3471.835,3471.835;True,Service,TAXI,0,0;;;
Trevor;02:47:36;17:32:31;1715.778,3471.835,3471.835;True,Service,TAXI,0,0;;;
Trevor;02:47:36;17:32:32;1715.778,3471.835,3471.835;True,Service,TAXI,0,0;;;
Trevor;02:47:37;17:32:32;1715.778,3471.835,3471.835;True,Service,TAXI,0,0;;;
Trevor;02:47:37;17:32:33;1715.778,3471.835,3471.835;True,Service,TAXI,0,0;;;
Trevor;02:47:38;17:32:33;1715.778,3471.835,3471.835;True,Service,TAXI,0,0;;;
Trevor;02:47:38;17:32:34;1715.778,3471.835,3471.835;True,Service,TAXI,0,0;;;
Trevor;02:47:39;17:32:34;1715.778,3471.835,3471.835;True,Service,TAXI,0,0;;;
Trevor;02:47:39;17:32:35;1715.778,3471.835,3471.835;True,Service,TAXI,0,0;;;
Trevor;02:47:40;17:32:35;1715.778,3471.835,3471.835;True,Service,TAXI,0,0;;;
Trevor;02:47:41;17:32:36;1715.778,3471.835,3471.835;True,Service,TAXI,0,0;;;
Trevor;02:47:41;17:32:36;1715.778,3471.835,3471.835;True,Service,TAXI,0,0;;;
Trevor;02:47:42;17:32:37;1715.778,3471.835,3471.835;True,Service,TAXI,0,0;;;
Trevor;02:47:42;17:32:37;1715.778,3471.835,3471.835;True,Service,TAXI,0,0;;;
Trevor;02:47:43;17:32:38;1715.778,3471.835,3471.835;True,Service,TAXI,0,0;;;
Trevor;02:47:43;17:32:38;1715.778,3471.835,3471.835;True,Service,TAXI,0,0;;;
Trevor;02:47:44;17:32:39;1715.778,3471.835,3471.835;True,Service,TAXI,0,0;;;
Trevor;02:47:44;17:32:39;1715.778,3471.835,3471.835;True,Service,TAXI,0,0;;;
Trevor;02:47:45;17:32:40;1715.778,3471.835,3471.835;True,Service,TAXI,0,0;;;
Trevor;02:47:45;17:32:40;1715.778,3471.835,3471.835;True,Service,TAXI,0,0;;;
Trevor;02:47:46;17:32:41;1715.778,3471.835,3471.835;True,Service,TAXI,0,0;;;
Trevor;02:47:46;17:32:42;1715.778,3471.835,3471.835;True,Service,TAXI,0,0;;;
Trevor;02:47:47;17:32:42;1715.778,3471.835,3471.835;True,Service,TAXI,0,0;;;
Trevor;02:47:47;17:32:43;1715.778,3471.835,3471.835;True,Service,TAXI,0,0;;;
Trevor;02:47:48;17:32:43;1715.778,3471.835,3471.835;True,Service,TAXI,0,0;;;
Trevor;02:47:48;17:32:44;1715.778,3471.835,3471.835;True,Service,TAXI,0,0;;;
Trevor;02:47:49;17:32:44;1715.778,3471.835,3471.835;True,Service,TAXI,0,0;;;
Trevor;02:47:49;17:32:45;1715.778,3471.835,3471.835;True,Service,TAXI,0,0;;;
Trevor;02:47:50;17:32:45;1715.778,3471.835,3471.835;True,Service,TAXI,0,0;;;
Trevor;02:47:50;17:32:46;1715.778,3471.835,3471.835;True,Service,TAXI,0,0;;;
Trevor;02:47:51;17:32:46;1715.778,3471.835,3471.835;True,Service,TAXI,0,0;;;
Trevor;02:47:51;17:32:47;1715.778,3471.835,3471.835;True,Service,TAXI,0,0;;;
Trevor;02:47:52;17:32:47;1715.778,3471.835,3471.835;True,Service,TAXI,0,0;;;
Trevor;02:47:52;17:32:48;1715.778,3471.835,3471.835;True,Service,TAXI,0,0;;;
Trevor;02:47:53;17:32:48;1715.778,3471.835,3471.835;True,Service,TAXI,0,0;;;
Trevor;02:47:54;17:32:49;1715.778,3471.835,3471.835;True,Service,TAXI,0,0;;;
Trevor;02:47:54;17:32:49;1715.778,3471.835,3471.835;True,Service,TAXI,0,0;;;
Trevor;02:47:55;17:32:50;1715.778,3471.835,3471.835;True,Service,TAXI,0,0;;;
Trevor;02:47:55;17:32:50;1715.778,3471.835,3471.835;True,Service,TAXI,0,0;;;
Trevor;02:47:56;17:32:51;1715.778,3471.835,3471.835;True,Service,TAXI,0,0;;;
Trevor;02:47:56;17:32:51;1715.778,3471.835,3471.835;True,Service,TAXI,0,0;;;
Trevor;02:47:57;17:32:52;1715.778,3471.835,3471.835;True,Service,TAXI,0,0;;;
Trevor;02:47:57;17:32:52;1715.778,3471.835,3471.835;True,Service,TAXI,0,0;;;
Trevor;02:47:58;17:32:53;1715.778,3471.835,3471.835;True,Service,TAXI,0,0;;;
Trevor;02:47:58;17:32:53;1715.778,3471.835,3471.835;True,Service,TAXI,0,0;;;
Trevor;02:47:59;17:32:54;1715.778,3471.835,3471.835;True,Service,TAXI,0,0;;;
Trevor;02:47:59;17:32:55;1715.778,3471.835,3471.835;True,Service,TAXI,0,0;;;
Trevor;02:48:00;17:32:55;1715.778,3471.835,3471.835;True,Service,TAXI,0,0;;;
Trevor;02:48:00;17:32:56;1715.778,3471.835,3471.835;True,Service,TAXI,0,0;;;
Trevor;02:48:01;17:32:56;1715.778,3471.835,3471.835;True,Service,TAXI,0,0;;;
Trevor;02:48:01;17:32:57;1715.778,3471.835,3471.835;True,Service,TAXI,0,0;;;
Trevor;02:48:02;17:32:57;1715.778,3471.835,3471.835;True,Service,TAXI,0,0;;;
Trevor;02:48:02;17:32:58;1715.778,3471.835,3471.835;True,Service,TAXI,0,0;;;
Trevor;02:48:03;17:32:58;1715.778,3471.835,3471.835;True,Service,TAXI,0,0;;;
Trevor;02:48:03;17:32:59;1715.778,3471.835,3471.835;True,Service,TAXI,0,0;;;
Trevor;02:48:04;17:32:59;1715.778,3471.835,3471.835;True,Service,TAXI,0,0;;;
Trevor;02:48:04;17:33:00;1715.778,3471.835,3471.835;True,Service,TAXI,0,0;;;
Trevor;02:48:05;17:33:00;1715.778,3471.835,3471.835;True,Service,TAXI,0,0;;;
Trevor;02:48:05;17:33:01;1715.778,3471.835,3471.835;True,Service,TAXI,0,0;;;
Trevor;02:48:06;17:33:01;1715.778,3471.835,3471.835;True,Service,TAXI,0,0;;;
Trevor;02:48:07;17:33:02;1715.778,3471.835,3471.835;True,Service,TAXI,0,0;;;
Trevor;02:48:07;17:33:02;1715.778,3471.835,3471.835;True,Service,TAXI,0,0;;;
Trevor;02:48:08;17:33:03;1715.778,3471.835,3471.835;True,Service,TAXI,0,0;;;
Trevor;02:48:08;17:33:03;1715.778,3471.835,3471.835;True,Service,TAXI,0,0;;;
Trevor;02:48:09;17:33:04;1715.778,3471.835,3471.835;True,Service,TAXI,0,0;;;
Trevor;02:48:09;17:33:04;1715.778,3471.835,3471.835;True,Service,TAXI,0,0;;;
Trevor;02:48:10;17:33:05;1715.778,3471.835,3471.835;True,Service,TAXI,0,0;;;
Trevor;02:48:10;17:33:05;1715.778,3471.835,3471.835;True,Service,TAXI,0,0;;;
Trevor;02:48:11;17:33:06;1715.778,3471.835,3471.835;True,Service,TAXI,0,0;;;
Trevor;02:48:11;17:33:06;1715.778,3471.835,3471.835;True,Service,TAXI,0,0;;;
Trevor;02:48:12;17:33:07;1715.778,3471.835,3471.835;True,Service,TAXI,0,0;;;
Trevor;02:48:12;17:33:08;1715.778,3471.835,3471.835;True,Service,TAXI,0,0;;;
Trevor;02:48:13;17:33:08;1715.778,3471.835,3471.835;True,Service,TAXI,0,0;;;
Trevor;02:48:13;17:33:09;1715.778,3471.835,3471.835;True,Service,TAXI,0,0;;;
Trevor;02:48:14;17:33:09;1715.778,3471.835,3471.835;True,Service,TAXI,0,0;;;
Trevor;02:48:14;17:33:10;1715.778,3471.835,3471.835;True,Service,TAXI,0,0;;;
Trevor;02:48:15;17:33:10;1715.778,3471.835,3471.835;True,Service,TAXI,0,0;;;
Trevor;02:48:15;17:33:11;1715.778,3471.835,3471.835;True,Service,TAXI,0,0;;;
Trevor;02:48:16;17:33:11;1715.778,3471.835,3471.835;True,Service,TAXI,0,0;;;
Trevor;02:48:16;17:33:12;1715.778,3471.835,3471.835;True,Service,TAXI,0,0;;;
Trevor;02:48:17;17:33:12;1715.778,3471.835,3471.835;True,Service,TAXI,0,0;;;
Trevor;02:48:17;17:33:13;1715.778,3471.835,3471.835;True,Service,TAXI,0,0;;;
Trevor;02:48:18;17:33:13;1715.778,3471.835,3471.835;True,Service,TAXI,0,0;;;
Trevor;02:48:18;17:33:14;1715.778,3471.835,3471.835;True,Service,TAXI,0,0;;;
Trevor;02:48:19;17:33:14;1715.778,3471.835,3471.835;True,Service,TAXI,0,0;;;
Trevor;02:48:20;17:33:15;1715.778,3471.835,3471.835;True,Service,TAXI,0,0;;;
Trevor;02:48:20;17:33:15;1715.778,3471.835,3471.835;True,Service,TAXI,0,0;;;
Trevor;02:48:21;17:33:16;1715.778,3471.835,3471.835;True,Service,TAXI,0,0;;;
Trevor;02:48:21;17:33:16;1715.778,3471.835,3471.835;True,Service,TAXI,0,0;;;
Trevor;02:48:22;17:33:17;1715.778,3471.835,3471.835;True,Service,TAXI,0,0;;;
Trevor;02:48:22;17:33:17;1715.778,3471.835,3471.835;True,Service,TAXI,0,0;;;
Trevor;02:48:23;17:33:18;1715.778,3471.835,3471.835;True,Service,TAXI,0,0;;;
Trevor;02:48:23;17:33:18;1715.778,3471.835,3471.835;True,Service,TAXI,0,0;;;
Trevor;02:48:24;17:33:19;1715.778,3471.835,3471.835;True,Service,TAXI,0,0;;;
Trevor;02:48:24;17:33:20;1715.778,3471.835,3471.835;True,Service,TAXI,0,0;;;
Trevor;02:48:25;17:33:20;1715.778,3471.835,3471.835;True,Service,TAXI,0,0;;;
Trevor;02:48:25;17:33:21;1715.778,3471.835,3471.835;True,Service,TAXI,0,0;;;
Trevor;02:48:26;17:33:21;1715.778,3471.835,3471.835;True,Service,TAXI,0,0;;;
Trevor;02:48:26;17:33:22;1715.778,3471.835,3471.835;True,Service,TAXI,0,0;;;
Trevor;02:48:27;17:33:22;1715.778,3471.835,3471.835;True,Service,TAXI,0,0;;;
Trevor;02:48:27;17:33:23;1715.778,3471.835,3471.835;True,Service,TAXI,0,0;;;
Trevor;02:48:28;17:33:23;1715.778,3471.835,3471.835;True,Service,TAXI,0,0;;;
Trevor;02:48:28;17:33:24;1715.778,3471.835,3471.835;True,Service,TAXI,0,0;;;
Trevor;02:48:29;17:33:24;1715.778,3471.835,3471.835;True,Service,TAXI,0,0;;;
Trevor;02:48:29;17:33:25;1715.778,3471.835,3471.835;True,Service,TAXI,0,0;;;
Trevor;02:48:30;17:33:25;1715.778,3471.835,3471.835;True,Service,TAXI,0,0;;;
Trevor;02:48:30;17:33:26;1715.778,3471.835,3471.835;True,Service,TAXI,0,0;;;
Trevor;02:48:31;17:33:26;1715.778,3471.835,3471.835;True,Service,TAXI,0,0;;;
Trevor;02:48:32;17:33:27;1715.778,3471.835,3471.835;True,Service,TAXI,0,0;;;
Trevor;02:48:32;17:33:27;1715.778,3471.835,3471.835;True,Service,TAXI,0,0;;;
Trevor;02:48:33;17:33:28;1715.778,3471.835,3471.835;True,Service,TAXI,0,0;;;
Trevor;02:48:33;17:33:28;1715.778,3471.835,3471.835;True,Service,TAXI,0,0;;;
Trevor;02:48:34;17:33:29;1715.778,3471.835,3471.835;True,Service,TAXI,0,0;;;
Trevor;02:48:34;17:33:29;1715.778,3471.835,3471.835;True,Service,TAXI,0,0;;;
Trevor;02:48:35;17:33:30;1715.778,3471.835,3471.835;True,Service,TAXI,0,0;;;
Trevor;02:48:35;17:33:30;1715.778,3471.835,3471.835;True,Service,TAXI,0,0;;;
Trevor;02:48:36;17:33:31;1715.778,3471.835,3471.835;True,Service,TAXI,0,0;;;
Trevor;02:48:36;17:33:31;1715.778,3471.835,3471.835;True,Service,TAXI,0,0;;;
Trevor;02:48:37;17:33:32;1715.778,3471.835,3471.835;True,Service,TAXI,0,0;;;
Trevor;02:48:37;17:33:33;1715.778,3471.835,3471.835;True,Service,TAXI,0,0;;;
Trevor;02:48:38;17:33:33;1715.778,3471.835,3471.835;True,Service,TAXI,0,0;;;
Trevor;02:48:38;17:33:34;1715.778,3471.835,3471.835;True,Service,TAXI,0,0;;;
Trevor;02:48:39;17:33:34;1715.778,3471.835,3471.835;True,Service,TAXI,0,0;;;
Trevor;02:48:39;17:33:35;1715.778,3471.835,3471.835;True,Service,TAXI,0,0;;;
Trevor;02:48:40;17:33:35;1715.778,3471.835,3471.835;True,Service,TAXI,0,0;;;
Trevor;02:48:40;17:33:36;1715.778,3471.835,3471.835;True,Service,TAXI,0,0;;;
Trevor;02:48:41;17:33:36;1715.778,3471.835,3471.835;True,Service,TAXI,0,0;;;
Trevor;02:48:41;17:33:37;1715.778,3471.835,3471.835;True,Service,TAXI,0,0;;;
Trevor;02:48:42;17:33:37;1715.778,3471.835,3471.835;True,Service,TAXI,0,0;;;
Trevor;02:48:42;17:33:38;1715.778,3471.835,3471.835;True,Service,TAXI,0,0;;;
Trevor;02:48:43;17:33:38;1715.778,3471.835,3471.835;True,Service,TAXI,0,0;;;
Trevor;02:48:43;17:33:39;1715.778,3471.835,3471.835;True,Service,TAXI,0,0;;;
Trevor;02:48:44;17:33:39;1715.778,3471.835,3471.835;True,Service,TAXI,0,0;;;
Trevor;02:48:45;17:33:40;1715.778,3471.835,3471.835;True,Service,TAXI,0,0;;;
Trevor;02:48:45;17:33:40;1715.778,3471.835,3471.835;True,Service,TAXI,0,0;;;
Trevor;02:48:46;17:33:41;1715.778,3471.835,3471.835;True,Service,TAXI,0,0;;;
Trevor;02:48:46;17:33:41;1715.778,3471.835,3471.835;True,Service,TAXI,0,0;;;
Trevor;02:48:47;17:33:42;1715.778,3471.835,3471.835;True,Service,TAXI,0,0;;;
Trevor;02:48:47;17:33:42;1715.778,3471.835,3471.835;True,Service,TAXI,0,0;;;
Trevor;02:48:48;17:33:43;1715.778,3471.835,3471.835;True,Service,TAXI,0,0;;;
Trevor;02:48:48;17:33:43;1715.778,3471.835,3471.835;True,Service,TAXI,0,0;;;
Trevor;02:48:49;17:33:44;1715.778,3471.835,3471.835;True,Service,TAXI,0,0;;;
Trevor;02:48:49;17:33:45;1715.778,3471.835,3471.835;True,Service,TAXI,0,0;;;
Trevor;02:48:50;17:33:45;1715.778,3471.835,3471.835;True,Service,TAXI,0,0;;;
Trevor;02:48:50;17:33:46;1715.778,3471.835,3471.835;True,Service,TAXI,0,0;;;
Trevor;02:48:51;17:33:46;1715.778,3471.835,3471.835;True,Service,TAXI,0,0;;;
Trevor;02:48:51;17:33:47;1715.778,3471.835,3471.835;True,Service,TAXI,0,0;;;
Trevor;02:48:52;17:33:47;1715.778,3471.835,3471.835;True,Service,TAXI,0,0;;;
Trevor;02:48:52;17:33:48;1715.778,3471.835,3471.835;True,Service,TAXI,0,0;;;
Trevor;02:48:53;17:33:48;1715.778,3471.835,3471.835;True,Service,TAXI,0,0;;;
Trevor;02:48:53;17:33:49;1715.778,3471.835,3471.835;True,Service,TAXI,0,0;;;
Trevor;02:48:54;17:33:49;1715.778,3471.835,3471.835;True,Service,TAXI,0,0;;;
Trevor;02:48:54;17:33:50;1715.778,3471.835,3471.835;True,Service,TAXI,0,0;;;
Trevor;02:48:55;17:33:50;1715.778,3471.835,3471.835;True,Service,TAXI,0,0;;;
Trevor;02:48:56;17:33:51;1715.778,3471.835,3471.835;True,Service,TAXI,0,0;;;
Trevor;02:48:56;17:33:51;1715.778,3471.835,3471.835;True,Service,TAXI,0,0;;;
Trevor;02:48:57;17:33:52;1715.778,3471.835,3471.835;True,Service,TAXI,0,0;;;
Trevor;02:48:57;17:33:52;1715.778,3471.835,3471.835;True,Service,TAXI,0,0;;;
Trevor;02:48:58;17:33:53;1715.778,3471.835,3471.835;True,Service,TAXI,0,0;;;
Trevor;02:48:58;17:33:53;1715.778,3471.835,3471.835;True,Service,TAXI,0,0;;;
Trevor;02:48:59;17:33:54;1715.778,3471.835,3471.835;True,Service,TAXI,0,0;;;
Trevor;02:48:59;17:33:54;1715.778,3471.835,3471.835;True,Service,TAXI,0,0;;;
Trevor;02:49:00;17:33:55;1715.778,3471.835,3471.835;True,Service,TAXI,0,0;;;
Trevor;02:49:00;17:33:55;1715.778,3471.835,3471.835;True,Service,TAXI,0,0;;;
Trevor;02:49:01;17:33:56;1715.778,3471.835,3471.835;True,Service,TAXI,0,0;;;
Trevor;02:49:01;17:33:57;1715.778,3471.835,3471.835;True,Service,TAXI,0,0;;;
Trevor;02:49:02;17:33:57;1715.778,3471.835,3471.835;True,Service,TAXI,0,0;;;
Trevor;02:49:02;17:33:58;1715.778,3471.835,3471.835;True,Service,TAXI,0,0;;;
Trevor;02:49:03;17:33:58;1715.778,3471.835,3471.835;True,Service,TAXI,0,0;;;
Trevor;02:49:03;17:33:59;1715.778,3471.835,3471.835;True,Service,TAXI,0,0;;;
Trevor;02:49:04;17:33:59;1715.778,3471.835,3471.835;True,Service,TAXI,0,0;;;
Trevor;02:49:04;17:34:00;1715.778,3471.835,3471.835;True,Service,TAXI,0,0;;;
Trevor;02:49:05;17:34:00;1715.778,3471.835,3471.835;True,Service,TAXI,0,0;;;
Trevor;02:49:05;17:34:01;1715.778,3471.835,3471.835;True,Service,TAXI,0,0;;;
Trevor;02:49:06;17:34:01;1715.778,3471.835,3471.835;True,Service,TAXI,0,0;;;
Trevor;02:49:06;17:34:02;1715.778,3471.835,3471.835;True,Service,TAXI,0,0;;;
Trevor;02:49:07;17:34:02;1715.778,3471.835,3471.835;True,Service,TAXI,0,0;;;
Trevor;02:49:07;17:34:03;1715.778,3471.835,3471.835;True,Service,TAXI,0,0;;;
Trevor;02:49:08;17:34:03;1715.778,3471.835,3471.835;True,Service,TAXI,0,0;;;
Trevor;02:49:09;17:34:04;1715.778,3471.835,3471.835;True,Service,TAXI,0,0;;;
Trevor;02:49:09;17:34:04;1715.778,3471.835,3471.835;True,Service,TAXI,0,0;;;
Trevor;02:49:10;17:34:05;1715.778,3471.835,3471.835;True,Service,TAXI,0,0;;;
Trevor;02:49:10;17:34:05;1715.778,3471.835,3471.835;True,Service,TAXI,0,0;;;
Trevor;02:49:11;17:34:06;1715.778,3471.835,3471.835;True,Service,TAXI,0,0;;;
Trevor;02:49:11;17:34:06;1715.778,3471.835,3471.835;True,Service,TAXI,0,0;;;
Trevor;02:49:12;17:34:07;1715.778,3471.835,3471.835;True,Service,TAXI,0,0;;;
Trevor;02:49:12;17:34:07;1715.778,3471.835,3471.835;True,Service,TAXI,0,0;;;
Trevor;02:49:13;17:34:08;1715.778,3471.835,3471.835;True,Service,TAXI,0,0;;;
Trevor;02:49:13;17:34:08;1715.778,3471.835,3471.835;True,Service,TAXI,0,0;;;
Trevor;02:49:14;17:34:09;1715.778,3471.835,3471.835;True,Service,TAXI,0,0;;;
Trevor;02:49:14;17:34:10;1715.778,3471.835,3471.835;True,Service,TAXI,0,0;;;
Trevor;02:49:15;17:34:10;1715.778,3471.835,3471.835;True,Service,TAXI,0,0;;;
Trevor;02:49:15;17:34:11;1715.778,3471.835,3471.835;True,Service,TAXI,0,0;;;
Trevor;02:49:16;17:34:11;1715.778,3471.835,3471.835;True,Service,TAXI,0,0;;;
Trevor;02:49:16;17:34:12;1715.778,3471.835,3471.835;True,Service,TAXI,0,0;;;
Trevor;02:49:17;17:34:12;1715.778,3471.835,3471.835;True,Service,TAXI,0,0;;;
Trevor;02:49:17;17:34:13;1715.778,3471.835,3471.835;True,Service,TAXI,0,0;;;
Trevor;02:49:18;17:34:13;1715.778,3471.835,3471.835;True,Service,TAXI,0,0;;;
Trevor;02:49:18;17:34:14;1715.778,3471.835,3471.835;True,Service,TAXI,0,0;;;
Trevor;02:49:19;17:34:14;1715.778,3471.835,3471.835;True,Service,TAXI,0,0;;;
Trevor;02:49:19;17:34:15;1715.778,3471.835,3471.835;True,Service,TAXI,0,0;;;
Trevor;02:49:20;17:34:15;1715.778,3471.835,3471.835;True,Service,TAXI,0,0;;;
Trevor;02:49:20;17:34:16;1715.778,3471.835,3471.835;True,Service,TAXI,0,0;;;
Trevor;02:49:21;17:34:16;1715.778,3471.835,3471.835;True,Service,TAXI,0,0;;;
Trevor;02:49:22;17:34:17;1715.778,3471.835,3471.835;True,Service,TAXI,0,0;;;
Trevor;02:49:22;17:34:17;1715.778,3471.835,3471.835;True,Service,TAXI,0,0;;;
Trevor;02:49:23;17:34:18;1715.778,3471.835,3471.835;True,Service,TAXI,0,0;;;
Trevor;02:49:23;17:34:18;1715.778,3471.835,3471.835;True,Service,TAXI,0,0;;;
Trevor;02:49:24;17:34:19;1715.778,3471.835,3471.835;True,Service,TAXI,0,0;;;
Trevor;02:49:24;17:34:19;1715.778,3471.835,3471.835;True,Service,TAXI,0,0;;;
Trevor;02:49:25;17:34:20;1715.778,3471.835,3471.835;True,Service,TAXI,0,0;;;
Trevor;02:49:25;17:34:20;1715.778,3471.835,3471.835;True,Service,TAXI,0,0;;;
Trevor;02:49:26;17:34:21;1715.778,3471.835,3471.835;True,Service,TAXI,0,0;;;
Trevor;02:49:26;17:34:22;1715.778,3471.835,3471.835;True,Service,TAXI,0,0;;;
Trevor;02:49:27;17:34:22;1715.778,3471.835,3471.835;True,Service,TAXI,0,0;;;
Trevor;02:49:27;17:34:23;1715.778,3471.835,3471.835;True,Service,TAXI,0,0;;;
Trevor;02:49:28;17:34:23;1715.778,3471.835,3471.835;True,Service,TAXI,0,0;;;
Trevor;02:49:28;17:34:24;1715.778,3471.835,3471.835;True,Service,TAXI,0,0;;;
Trevor;02:49:29;17:34:24;1715.778,3471.835,3471.835;True,Service,TAXI,0,0;;;
Trevor;02:49:29;17:34:25;1715.778,3471.835,3471.835;True,Service,TAXI,0,0;;;
Trevor;02:49:30;17:34:25;1715.778,3471.835,3471.835;True,Service,TAXI,0,0;;;
Trevor;02:49:30;17:34:26;1715.778,3471.835,3471.835;True,Service,TAXI,0,0;;;
Trevor;02:49:31;17:34:26;1715.778,3471.835,3471.835;True,Service,TAXI,0,0;;;
Trevor;02:49:31;17:34:27;1715.778,3471.835,3471.835;True,Service,TAXI,0,0;;;
Trevor;02:49:32;17:34:27;1715.778,3471.835,3471.835;True,Service,TAXI,0,0;;;
Trevor;02:49:32;17:34:28;1715.778,3471.835,3471.835;True,Service,TAXI,0,0;;;
Trevor;02:49:33;17:34:28;1715.778,3471.835,3471.835;True,Service,TAXI,0,0;;;
Trevor;02:49:34;17:34:29;1715.778,3471.835,3471.835;True,Service,TAXI,0,0;;;
Trevor;02:49:34;17:34:29;1715.778,3471.835,3471.835;True,Service,TAXI,0,0;;;
Trevor;02:49:35;17:34:30;1715.778,3471.835,3471.835;True,Service,TAXI,0,0;;;
Trevor;02:49:35;17:34:30;1715.778,3471.835,3471.835;True,Service,TAXI,0,0;;;
Trevor;02:49:36;17:34:31;1715.778,3471.835,3471.835;True,Service,TAXI,0,0;;;
Trevor;02:49:36;17:34:31;1715.778,3471.835,3471.835;True,Service,TAXI,0,0;;;
Trevor;02:49:37;17:34:32;1715.778,3471.835,3471.835;True,Service,TAXI,0,0;;;
Trevor;02:49:37;17:34:32;1715.778,3471.835,3471.835;True,Service,TAXI,0,0;;;
Trevor;02:49:38;17:34:33;1715.778,3471.835,3471.835;True,Service,TAXI,0,0;;;
Trevor;02:49:38;17:34:33;1715.778,3471.835,3471.835;True,Service,TAXI,0,0;;;
Trevor;02:49:39;17:34:34;1715.778,3471.835,3471.835;True,Service,TAXI,0,0;;;
Trevor;02:49:39;17:34:35;1715.778,3471.835,3471.835;True,Service,TAXI,0,0;;;
Trevor;02:49:40;17:34:35;1715.778,3471.835,3471.835;True,Service,TAXI,0,0;;;
Trevor;02:49:40;17:34:36;1715.778,3471.835,3471.835;True,Service,TAXI,0,0;;;
Trevor;02:49:41;17:34:36;1715.778,3471.835,3471.835;True,Service,TAXI,0,0;;;
Trevor;02:49:41;17:34:37;1715.778,3471.835,3471.835;True,Service,TAXI,0,0;;;
Trevor;02:49:42;17:34:37;1715.778,3471.835,3471.835;True,Service,TAXI,0,0;;;
Trevor;02:49:42;17:34:38;1715.778,3471.835,3471.835;True,Service,TAXI,0,0;;;
Trevor;02:49:43;17:34:38;1715.778,3471.835,3471.835;True,Service,TAXI,0,0;;;
Trevor;02:49:43;17:34:39;1715.778,3471.835,3471.835;True,Service,TAXI,0,0;;;
Trevor;02:49:44;17:34:39;1715.778,3471.835,3471.835;True,Service,TAXI,0,0;;;
Trevor;02:49:44;17:34:40;1715.778,3471.835,3471.835;True,Service,TAXI,0,0;;;
Trevor;02:49:45;17:34:40;1715.778,3471.835,3471.835;True,Service,TAXI,0,0;;;
Trevor;02:49:45;17:34:41;1715.778,3471.835,3471.835;True,Service,TAXI,0,0;;;
Trevor;02:49:46;17:34:41;1715.778,3471.835,3471.835;True,Service,TAXI,0,0;;;
Trevor;02:49:47;17:34:42;1715.778,3471.835,3471.835;True,Service,TAXI,0,0;;;
Trevor;02:49:47;17:34:42;1715.778,3471.835,3471.835;True,Service,TAXI,0,0;;;
Trevor;02:49:48;17:34:43;1715.778,3471.835,3471.835;True,Service,TAXI,0,0;;;
Trevor;02:49:48;17:34:43;1715.778,3471.835,3471.835;True,Service,TAXI,0,0;;;
Trevor;02:49:49;17:34:44;1715.778,3471.835,3471.835;True,Service,TAXI,0,0;;;
Trevor;02:49:49;17:34:44;1715.778,3471.835,3471.835;True,Service,TAXI,0,0;;;
Trevor;02:49:50;17:34:45;1715.778,3471.835,3471.835;True,Service,TAXI,0,0;;;
Trevor;02:49:50;17:34:45;1715.778,3471.835,3471.835;True,Service,TAXI,0,0;;;
Trevor;02:49:51;17:34:46;1715.778,3471.835,3471.835;True,Service,TAXI,0,0;;;
Trevor;02:49:51;17:34:47;1715.778,3471.835,3471.835;True,Service,TAXI,0,0;;;
Trevor;02:49:52;17:34:47;1715.778,3471.835,3471.835;True,Service,TAXI,0,0;;;
Trevor;02:49:52;17:34:48;1715.778,3471.835,3471.835;True,Service,TAXI,0,0;;;
Trevor;02:49:53;17:34:48;1715.778,3471.835,3471.835;True,Service,TAXI,0,0;;;
Trevor;02:49:53;17:34:49;1715.778,3471.835,3471.835;True,Service,TAXI,0,0;;;
Trevor;02:49:54;17:34:49;1715.778,3471.835,3471.835;True,Service,TAXI,0,0;;;
Trevor;02:49:54;17:34:50;1715.778,3471.835,3471.835;True,Service,TAXI,0,0;;;
Trevor;02:49:55;17:34:50;1715.778,3471.835,3471.835;True,Service,TAXI,0,0;;;
Trevor;02:49:55;17:34:51;1715.778,3471.835,3471.835;True,Service,TAXI,0,0;;;
Trevor;02:49:56;17:34:51;1715.778,3471.835,3471.835;True,Service,TAXI,0,0;;;
Trevor;02:49:56;17:34:52;1715.778,3471.835,3471.835;True,Service,TAXI,0,0;;;
Trevor;02:49:57;17:34:52;1715.778,3471.835,3471.835;True,Service,TAXI,0,0;;;
Trevor;02:49:57;17:34:53;1715.778,3471.835,3471.835;True,Service,TAXI,0,0;;;
Trevor;02:49:58;17:34:53;1715.778,3471.835,3471.835;True,Service,TAXI,0,0;;;
Trevor;02:49:59;17:34:54;1715.778,3471.835,3471.835;True,Service,TAXI,0,0;;;
Trevor;02:49:59;17:34:54;1715.778,3471.835,3471.835;True,Service,TAXI,0,0;;;
Trevor;02:50:00;17:34:55;1715.778,3471.835,3471.835;True,Service,TAXI,0,0;;;
Trevor;02:50:00;17:34:55;1715.778,3471.835,3471.835;True,Service,TAXI,0,0;;;
Trevor;02:50:01;17:34:56;1715.778,3471.835,3471.835;True,Service,TAXI,0,0;;;
Trevor;02:50:01;17:34:56;1715.778,3471.835,3471.835;True,Service,TAXI,0,0;;;
Trevor;02:50:02;17:34:57;1715.778,3471.835,3471.835;True,Service,TAXI,0,0;;;
Trevor;02:50:02;17:34:57;1715.778,3471.835,3471.835;True,Service,TAXI,0,0;;;
Trevor;02:50:03;17:34:58;1715.778,3471.835,3471.835;True,Service,TAXI,0,0;;;
Trevor;02:50:03;17:34:59;1715.778,3471.835,3471.835;True,Service,TAXI,0,0;;;
Trevor;02:50:04;17:34:59;1715.778,3471.835,3471.835;True,Service,TAXI,0,0;;;
Trevor;02:50:04;17:35:00;1715.778,3471.835,3471.835;True,Service,TAXI,0,0;;;
Trevor;02:50:05;17:35:00;1715.778,3471.835,3471.835;True,Service,TAXI,0,0;;;
Trevor;02:50:05;17:35:01;1715.778,3471.835,3471.835;True,Service,TAXI,0,0;;;
Trevor;02:50:06;17:35:01;1715.778,3471.835,3471.835;True,Service,TAXI,0,0;;;
Trevor;02:50:06;17:35:02;1715.778,3471.835,3471.835;True,Service,TAXI,0,0;;;
Trevor;02:50:07;17:35:02;1715.778,3471.835,3471.835;True,Service,TAXI,0,0;;;
Trevor;02:50:07;17:35:03;1715.778,3471.835,3471.835;True,Service,TAXI,0,0;;;
Trevor;02:50:08;17:35:03;1715.778,3471.835,3471.835;True,Service,TAXI,0,0;;;
Trevor;02:50:08;17:35:04;1715.778,3471.835,3471.835;True,Service,TAXI,0,0;;;
Trevor;02:50:09;17:35:04;1715.778,3471.835,3471.835;True,Service,TAXI,0,0;;;
Trevor;02:50:09;17:35:05;1715.778,3471.835,3471.835;True,Service,TAXI,0,0;;;
Trevor;02:50:10;17:35:05;1715.778,3471.835,3471.835;True,Service,TAXI,0,0;;;
Trevor;02:50:11;17:35:06;1715.778,3471.835,3471.835;True,Service,TAXI,0,0;;;
Trevor;02:50:11;17:35:06;1715.778,3471.835,3471.835;True,Service,TAXI,0,0;;;
Trevor;02:50:12;17:35:07;1715.778,3471.835,3471.835;True,Service,TAXI,0,0;;;
Trevor;02:50:12;17:35:07;1715.778,3471.835,3471.835;True,Service,TAXI,0,0;;;
Trevor;02:50:13;17:35:08;1715.778,3471.835,3471.835;True,Service,TAXI,0,0;;;
Trevor;02:50:13;17:35:08;1715.778,3471.835,3471.835;True,Service,TAXI,0,0;;;
Trevor;02:50:14;17:35:09;1715.778,3471.835,3471.835;True,Service,TAXI,0,0;;;
Trevor;02:50:14;17:35:09;1715.778,3471.835,3471.835;True,Service,TAXI,0,0;;;
Trevor;02:50:15;17:35:10;1715.778,3471.835,3471.835;True,Service,TAXI,0,0;;;
Trevor;02:50:15;17:35:10;1715.778,3471.835,3471.835;True,Service,TAXI,0,0;;;
Trevor;02:50:16;17:35:11;1715.778,3471.835,3471.835;True,Service,TAXI,0,0;;;
Trevor;02:50:16;17:35:12;1715.778,3471.835,3471.835;True,Service,TAXI,0,0;;;
Trevor;02:50:17;17:35:12;1715.778,3471.835,3471.835;True,Service,TAXI,0,0;;;
Trevor;02:50:17;17:35:13;1715.778,3471.835,3471.835;True,Service,TAXI,0,0;;;
Trevor;02:50:18;17:35:13;1715.778,3471.835,3471.835;True,Service,TAXI,0,0;;;
Trevor;02:50:18;17:35:14;1715.778,3471.835,3471.835;True,Service,TAXI,0,0;;;
Trevor;02:50:19;17:35:14;1715.778,3471.835,3471.835;True,Service,TAXI,0,0;;;
Trevor;02:50:19;17:35:15;1715.778,3471.835,3471.835;True,Service,TAXI,0,0;;;
Trevor;02:50:20;17:35:15;1715.778,3471.835,3471.835;True,Service,TAXI,0,0;;;
Trevor;02:50:20;17:35:16;1715.778,3471.835,3471.835;True,Service,TAXI,0,0;;;
Trevor;02:50:21;17:35:16;1715.778,3471.835,3471.835;True,Service,TAXI,0,0;;;
Trevor;02:50:21;17:35:17;1715.778,3471.835,3471.835;True,Service,TAXI,0,0;;;
Trevor;02:50:22;17:35:17;1715.778,3471.835,3471.835;True,Service,TAXI,0,0;;;
Trevor;02:50:22;17:35:18;1715.778,3471.835,3471.835;True,Service,TAXI,0,0;;;
Trevor;02:50:23;17:35:18;1715.778,3471.835,3471.835;True,Service,TAXI,0,0;;;
Trevor;02:50:24;17:35:19;1715.778,3471.835,3471.835;True,Service,TAXI,0,0;;;
Trevor;02:50:24;17:35:19;1715.778,3471.835,3471.835;True,Service,TAXI,0,0;;;
Trevor;02:50:25;17:35:20;1715.778,3471.835,3471.835;True,Service,TAXI,0,0;;;
Trevor;02:50:25;17:35:20;1715.778,3471.835,3471.835;True,Service,TAXI,0,0;;;
Trevor;02:50:26;17:35:21;1715.778,3471.835,3471.835;True,Service,TAXI,0,0;;;
Trevor;02:50:26;17:35:21;1715.778,3471.835,3471.835;True,Service,TAXI,0,0;;;
Trevor;02:50:27;17:35:22;1715.778,3471.835,3471.835;True,Service,TAXI,0,0;;;
Trevor;02:50:27;17:35:22;1715.778,3471.835,3471.835;True,Service,TAXI,0,0;;;
Trevor;02:50:28;17:35:23;1715.778,3471.835,3471.835;True,Service,TAXI,0,0;;;
Trevor;02:50:28;17:35:24;1715.778,3471.835,3471.835;True,Service,TAXI,0,0;;;
Trevor;02:50:29;17:35:24;1715.778,3471.835,3471.835;True,Service,TAXI,0,0;;;
Trevor;02:50:29;17:35:25;1715.778,3471.835,3471.835;True,Service,TAXI,0,0;;;
Trevor;02:50:30;17:35:25;1715.778,3471.835,3471.835;True,Service,TAXI,0,0;;;
Trevor;02:50:30;17:35:26;1715.778,3471.835,3471.835;True,Service,TAXI,0,0;;;
Trevor;02:50:31;17:35:26;1715.778,3471.835,3471.835;True,Service,TAXI,0,0;;;
Trevor;02:50:31;17:35:27;1715.778,3471.835,3471.835;True,Service,TAXI,0,0;;;
Trevor;02:50:32;17:35:27;1715.778,3471.835,3471.835;True,Service,TAXI,0,0;;;
Trevor;02:50:32;17:35:28;1715.778,3471.835,3471.835;True,Service,TAXI,0,0;;;
Trevor;02:50:33;17:35:28;1715.778,3471.835,3471.835;True,Service,TAXI,0,0;;;
Trevor;02:50:33;17:35:29;1715.778,3471.835,3471.835;True,Service,TAXI,0,0;;;
Trevor;02:50:34;17:35:29;1715.778,3471.835,3471.835;True,Service,TAXI,0,0;;;
Trevor;02:50:34;17:35:30;1715.778,3471.835,3471.835;True,Service,TAXI,0,0;;;
Trevor;02:50:35;17:35:30;1715.778,3471.835,3471.835;True,Service,TAXI,0,0;;;
Trevor;02:50:35;17:35:31;1715.778,3471.835,3471.835;True,Service,TAXI,0,0;;;
Trevor;02:50:36;17:35:31;1715.778,3471.835,3471.835;True,Service,TAXI,0,0;;;
Trevor;02:50:37;17:35:32;1715.778,3471.835,3471.835;True,Service,TAXI,0,0;;;
Trevor;02:50:37;17:35:32;1715.778,3471.835,3471.835;True,Service,TAXI,0,0;;;
Trevor;02:50:38;17:35:33;1715.778,3471.835,3471.835;True,Service,TAXI,0,0;;;
Trevor;02:50:38;17:35:33;1715.778,3471.835,3471.835;True,Service,TAXI,0,0;;;
Trevor;02:50:39;17:35:34;1715.778,3471.835,3471.835;True,Service,TAXI,0,0;;;
Trevor;02:50:39;17:35:34;1715.778,3471.835,3471.835;True,Service,TAXI,0,0;;;
Trevor;02:50:40;17:35:35;1715.778,3471.835,3471.835;True,Service,TAXI,0,0;;;
Trevor;02:50:40;17:35:35;1715.778,3471.835,3471.835;True,Service,TAXI,0,0;;;
Trevor;02:50:41;17:35:36;1715.778,3471.835,3471.835;True,Service,TAXI,0,0;;;
Trevor;02:50:41;17:35:37;1715.778,3471.835,3471.835;True,Service,TAXI,0,0;;;
Trevor;02:50:42;17:35:37;1715.778,3471.835,3471.835;True,Service,TAXI,0,0;;;
Trevor;02:50:42;17:35:38;1715.778,3471.835,3471.835;True,Service,TAXI,0,0;;;
Trevor;02:50:43;17:35:38;1715.778,3471.835,3471.835;True,Service,TAXI,0,0;;;
Trevor;02:50:43;17:35:39;1715.778,3471.835,3471.835;True,Service,TAXI,0,0;;;
Trevor;02:50:44;17:35:39;1715.778,3471.835,3471.835;True,Service,TAXI,0,0;;;
Trevor;02:50:44;17:35:40;1715.778,3471.835,3471.835;True,Service,TAXI,0,0;;;
Trevor;02:50:45;17:35:40;1715.778,3471.835,3471.835;True,Service,TAXI,0,0;;;
Trevor;02:50:45;17:35:41;1715.778,3471.835,3471.835;True,Service,TAXI,0,0;;;
Trevor;02:50:46;17:35:41;1715.778,3471.835,3471.835;True,Service,TAXI,0,0;;;
Trevor;02:50:46;17:35:42;1715.778,3471.835,3471.835;True,Service,TAXI,0,0;;;
Trevor;02:50:47;17:35:42;1715.778,3471.835,3471.835;True,Service,TAXI,0,0;;;
Trevor;02:50:47;17:35:43;1715.778,3471.835,3471.835;True,Service,TAXI,0,0;;;
Trevor;02:50:48;17:35:43;1715.778,3471.835,3471.835;True,Service,TAXI,0,0;;;
Trevor;02:50:49;17:35:44;1715.778,3471.835,3471.835;True,Service,TAXI,0,0;;;
Trevor;02:50:49;17:35:44;1715.778,3471.835,3471.835;True,Service,TAXI,0,0;;;
Trevor;02:50:50;17:35:45;1715.778,3471.835,3471.835;True,Service,TAXI,0,0;;;
Trevor;02:50:50;17:35:45;1715.861,3471.692,3471.692;True,Service,TAXI,1,70904,0,9997972;;;
Trevor;02:50:51;17:35:46;1716.825,3469.981,3469.981;True,Service,TAXI,5,447832,0,9999999;;;
Trevor;02:50:51;17:35:46;1718.66,3466.745,3466.745;True,Service,TAXI,8,814807,0,9999999;;;
Trevor;02:50:52;17:35:47;1721.394,3461.988,3461.988;True,Service,TAXI,11,51377,0;;;
Trevor;02:50:52;17:35:47;1724.353,3456.712,3456.712;True,Service,TAXI,13,1966,0,9972757;;;
Trevor;02:50:53;17:35:48;1728.259,3449.759,3449.759;True,Service,TAXI,16,59446,0,9999999;;;
Trevor;02:50:53;17:35:48;1732.863,3441.644,3441.644;True,Service,TAXI,19,53014,1;;;
Trevor;02:50:54;17:35:49;1738.198,3432.077,3432.077;True,Service,TAXI,21,68839,1;;;
Trevor;02:50:54;17:35:50;1743.858,3421.813,3421.813;True,Service,TAXI,23,16614,1;;;
Trevor;02:50:55;17:35:50;1749.732,3411.294,3411.294;True,Service,TAXI,22,5914,1;;;
Trevor;02:50:55;17:35:51;1755.521,3400.851,3400.851;True,Service,TAXI,23,74863,0,7880309;;;
Trevor;02:50:56;17:35:51;1761.534,3389.948,3389.948;True,Service,TAXI,24,36741,0,3961257;;;
Trevor;02:50:56;17:35:52;1767.702,3378.74,3378.74;True,Service,TAXI,24,55084,0,2786784;;;
Trevor;02:50:57;17:35:52;1773.909,3367.554,3367.554;True,Service,TAXI,24,602,0,2451128;;;
Trevor;02:50:57;17:35:53;1780.171,3356.346,3356.346;True,Service,TAXI,24,61783,0,2366055;;;
Trevor;02:50:58;17:35:53;1786.408,3345.247,3345.247;True,Service,TAXI,24,62352,0,23204;;;
Trevor;02:50:58;17:35:54;1792.812,3333.996,3333.996;True,Service,TAXI,24,6242,0,231996;;;
Trevor;02:50:59;17:35:54;1799.2,3322.98,3322.98;True,Service,TAXI,24,62486,0,2316025;;;
Trevor;02:50:59;17:35:55;1805.658,3312.087,3312.087;True,Service,TAXI,23,94317,0,6383069;;;
Trevor;02:51:00;17:35:55;1812.023,3301.258,3301.258;True,Service,TAXI,24,43398,0,3517563;;;
Trevor;02:51:00;17:35:56;1818.629,3290.267,3290.267;True,Service,TAXI,24,56861,0,26318;;;
Trevor;02:51:01;17:35:56;1825.286,3279.473,3279.473;True,Service,TAXI,24,59881,0,2405753;;;
Trevor;02:51:02;17:35:57;1831.682,3269.187,3269.187;True,Service,TAXI,20,836,0;;;
Trevor;02:51:02;17:35:57;1836.779,3261.42,3261.42;True,Service,TAXI,14,79692,0;;;
Trevor;02:51:03;17:35:58;1840.262,3256.03,3256.03;True,Service,TAXI,10,50539,0;;;
Trevor;02:51:03;17:35:58;1842.991,3251.271,3251.271;True,Service,TAXI,11,30559,0,9713597;;;
Trevor;02:51:04;17:35:59;1846.725,3246.175,3246.175;True,Service,TAXI,13,10197,0,9999999;;;
Trevor;02:51:04;17:35:59;1851.082,3240.468,3240.468;True,Service,TAXI,14,16525,0;;;
Trevor;02:51:05;17:36:00;1854.993,3235.305,3235.305;True,Service,TAXI,10,85659,0;;;
Trevor;02:51:05;17:36:00;1858.213,3231.069,3231.069;True,Service,TAXI,10,12709,0,040572;;;
Trevor;02:51:06;17:36:01;1861.522,3227.077,3227.077;True,Service,TAXI,8,936348,0,1546287;;;
Trevor;02:51:06;17:36:01;1865.544,3225.49,3225.49;True,Service,TAXI,8,559754,0,2294406;;;
Trevor;02:51:07;17:36:02;1870.136,3225.806,3225.806;True,Service,TAXI,9,441519,0,9944768;;;
Trevor;02:51:07;17:36:03;1875.747,3226.998,3226.998;True,Service,TAXI,12,64861,0,9982439;;;
Trevor;02:51:08;17:36:03;1882.942,3228.762,3228.762;True,Service,TAXI,15,7544,0,9401274;;;
Trevor;02:51:08;17:36:04;1890.673,3231.68,3231.68;True,Service,TAXI,15,8003,1;;;
Trevor;02:51:09;17:36:04;1898.692,3234.881,3234.881;True,Service,TAXI,17,60293,1;;;
Trevor;02:51:09;17:36:05;1907.717,3238.207,3238.207;True,Service,TAXI,19,39968,1;;;
Trevor;02:51:10;17:36:05;1917.472,3242.028,3242.028;True,Service,TAXI,21,05401,1;;;
Trevor;02:51:10;17:36:06;1927.684,3246.776,3246.776;True,Service,TAXI,22,51398,1;;;
Trevor;02:51:11;17:36:06;1938.032,3252.624,3252.624;True,Service,TAXI,23,00432,0;;;
Trevor;02:51:11;17:36:07;1947.978,3259.186,3259.186;True,Service,TAXI,23,15025,0,939497;;;
Trevor;02:51:12;17:36:07;1957.822,3266.342,3266.342;True,Service,TAXI,22,44878,0;;;
Trevor;02:51:12;17:36:08;1965.968,3272.499,3272.499;True,Service,TAXI,16,4852,0;;;
Trevor;02:51:13;17:36:08;1970.993,3277.27,3277.27;True,Service,TAXI,10,29654,0;;;
Trevor;02:51:13;17:36:09;1972.885,3281.52,3281.52;True,Service,TAXI,7,677747,0,3342425;;;
Trevor;02:51:14;17:36:09;1973.104,3284.94,3284.94;True,Service,TAXI,5,929181,0,09091169;;;
Trevor;02:51:15;17:36:10;1972.993,3288.215,3288.215;True,Service,TAXI,7,325548,0,9999999;;;
Trevor;02:51:15;17:36:10;1972.475,3292.761,3292.761;True,Service,TAXI,10,14462,0,7013307;;;
Trevor;02:51:16;17:36:11;1970.394,3297.271,3297.271;True,Service,TAXI,8,42309,0,9534943;;;
Trevor;02:51:16;17:36:11;1967.698,3300.649,3300.649;True,Service,TAXI,8,693841,0,9456035;;;
Trevor;02:51:17;17:36:12;1964.365,3303.8,3303.8;True,Service,TAXI,8,045606,0;;;
Trevor;02:51:17;17:36:12;1961.053,3306.242,3306.242;True,Service,TAXI,8,006934,0,1154478;;;
Trevor;02:51:18;17:36:13;1957.372,3308.427,3308.427;True,Service,TAXI,8,948681,0,9985643;;;
Trevor;02:51:18;17:36:13;1952.646,3310.76,3310.76;True,Service,TAXI,10,20937,0;;;
Trevor;02:51:19;17:36:14;1947.828,3312.64,3312.64;True,Service,TAXI,10,3257,0,6262794;;;
Trevor;02:51:19;17:36:14;1942.479,3314.294,3314.294;True,Service,TAXI,11,28159,0,2101884;;;
Trevor;02:51:20;17:36:15;1936.638,3315.765,3315.765;True,Service,TAXI,11,41438,0,0007824898;;;
Trevor;02:51:20;17:36:16;1930.858,3316.994,3316.994;True,Service,TAXI,11,2406,0,001253128;;;
Trevor;02:51:21;17:36:16;1925.126,3317.954,3317.954;True,Service,TAXI,11,11481,0,005747795;;;
Trevor;02:51:21;17:36:17;1919.425,3318.569,3318.569;True,Service,TAXI,11,07615,0,01035881;;;
Trevor;02:51:22;17:36:17;1913.623,3318.901,3318.901;True,Service,TAXI,11,02642,0;;;
Trevor;02:51:22;17:36:18;1907.807,3318.942,3318.942;True,Service,TAXI,11,01147,0,007181168;;;
Trevor;02:51:23;17:36:18;1902.148,3318.747,3318.747;True,Service,TAXI,10,969,0,007603168;;;
Trevor;02:51:23;17:36:19;1896.512,3318.267,3318.267;True,Service,TAXI,10,92403,0,01620913;;;
Trevor;02:51:24;17:36:19;1890.924,3317.568,3317.568;True,Service,TAXI,10,9265,0,01473427;;;
Trevor;02:51:24;17:36:20;1885.287,3316.624,3316.624;True,Service,TAXI,10,8868,0,0403568;;;
Trevor;02:51:25;17:36:20;1879.749,3315.526,3315.526;True,Service,TAXI,10,89291,0,07130098;;;
Trevor;02:51:25;17:36:21;1874.209,3314.23,3314.23;True,Service,TAXI,10,95865,0,08135557;;;
Trevor;02:51:26;17:36:21;1868.817,3312.805,3312.805;True,Service,TAXI,10,22558,0;;;
Trevor;02:51:26;17:36:22;1863.935,3311.376,3311.376;True,Service,TAXI,9,311999,0;;;
Trevor;02:51:27;17:36:22;1859.475,3309.951,3309.951;True,Service,TAXI,8,699496,0;;;
Trevor;02:51:28;17:36:23;1855.375,3308.56,3308.56;True,Service,TAXI,8,184177,0,00165081;;;
Trevor;02:51:28;17:36:23;1851.551,3307.189,3307.189;True,Service,TAXI,7,542265,0,0005252957;;;
Trevor;02:51:29;17:36:24;1848.069,3305.996,3305.996;True,Service,TAXI,6,478062,0;;;
Trevor;02:51:29;17:36:24;1845.34,3305.036,3305.036;True,Service,TAXI,5,51062,0,7371049;;;
Trevor;02:51:30;17:36:25;1842.559,3303.175,3303.175;True,Service,TAXI,6,5868,0,7805405;;;
Trevor;02:51:30;17:36:25;1840.204,3301.332,3301.332;True,Service,TAXI,4,179301,0;;;
Trevor;02:51:31;17:36:26;1839.135,3300.672,3300.672;True,Service,TAXI,1,773279,0,05388008;;;
Trevor;02:51:31;17:36:26;1838.221,3300.335,3300.335;True,Service,TAXI,2,009996,0,4189001;;;
Trevor;02:51:32;17:36:27;1837.008,3299.903,3299.903;True,Service,TAXI,2,938795,0,3389249;;;
Trevor;02:51:32;17:36:27;1835.125,3299.208,3299.208;True,Service,TAXI,5,033611,0,6270767;;;
Trevor;02:51:33;17:36:28;1832.193,3298.003,3298.003;True,Service,TAXI,6,891168,0,388754;;;
Trevor;02:51:33;17:36:29;1828.689,3296.773,3296.773;True,Service,TAXI,7,077361,0,3735489;;;
Trevor;02:51:34;17:36:29;1824.879,3297.595,3297.595;True,Service,TAXI,8,653324,0,8267811;;;
Trevor;02:51:34;17:36:30;1820.499,3300.455,3300.455;True,Service,TAXI,11,21585,0,6884516;;;
Trevor;02:51:35;17:36:30;1816.913,3304.722,3304.722;True,Service,TAXI,11,49734,0,9993165;;;
Trevor;02:51:35;17:36:31;1813.238,3310.241,3310.241;True,Service,TAXI,13,71027,0,9999999;;;
Trevor;02:51:36;17:36:31;1809.255,3316.661,3316.661;True,Service,TAXI,15,61957,0,9999999;;;
Trevor;02:51:36;17:36:32;1804.768,3324.052,3324.052;True,Service,TAXI,17,51738,0,9999999;;;
Trevor;02:51:37;17:36:32;1799.906,3332.376,3332.376;True,Service,TAXI,19,39716,0,9999999;;;
Trevor;02:51:37;17:36:33;1794.72,3341.538,3341.538;True,Service,TAXI,21,18255,1;;;
Trevor;02:51:38;17:36:33;1789.131,3351.439,3351.439;True,Service,TAXI,22,74246,1;;;
Trevor;02:51:38;17:36:34;1783.261,3361.897,3361.897;True,Service,TAXI,22,501,1;;;
Trevor;02:51:39;17:36:34;1777.435,3372.387,3372.387;True,Service,TAXI,23,70253,0,6598864;;;
Trevor;02:51:39;17:36:35;1771.353,3383.407,3383.407;True,Service,TAXI,24,38719,0,3111668;;;
Trevor;02:51:40;17:36:35;1765.171,3394.612,3394.612;True,Service,TAXI,24,66151,0,1713676;;;
Trevor;02:51:41;17:36:36;1758.875,3405.892,3405.892;True,Service,TAXI,24,75447,0,1234055;;;
Trevor;02:51:41;17:36:36;1752.614,3417.274,3417.274;True,Service,TAXI,24,77787,0,1110115;;;
Trevor;02:51:42;17:36:37;1746.353,3428.616,3428.616;True,Service,TAXI,24,71181,0,1432695;;;
Trevor;02:51:42;17:36:37;1740.026,3439.912,3439.912;True,Service,TAXI,24,63448,0,2361563;;;
Trevor;02:51:43;17:36:38;1733.813,3450.966,3450.966;True,Service,TAXI,24,67028,0,2234852;;;
Trevor;02:51:43;17:36:38;1727.522,3462.09,3462.09;True,Service,TAXI,22,14107,0;;;
Trevor;02:51:44;17:36:39;1722.777,3470.397,3470.397;True,Service,TAXI,15,86009,0;;;
Trevor;02:51:44;17:36:39;1719.078,3476.784,3476.784;True,Service,TAXI,13,47514,0,9999999;;;
Trevor;02:51:45;17:36:40;1715.302,3483.364,3483.364;True,Service,TAXI,15,65002,0,9999999;;;
Trevor;02:51:45;17:36:40;1711.034,3490.888,3490.888;True,Service,TAXI,17,79177,0,9999999;;;
Trevor;02:51:46;17:36:41;1706.074,3499.421,3499.421;True,Service,TAXI,20,11951,0,9993884;;;
Trevor;02:51:46;17:36:42;1700.413,3509.13,3509.13;True,Service,TAXI,22,5804,0,9999999;;;
Trevor;02:51:47;17:36:42;1694.485,3519.362,3519.362;True,Service,TAXI,22,6399,0;;;
Trevor;02:51:47;17:36:43;1688.533,3529.913,3529.913;True,Service,TAXI,24,57285,0,2446737;;;
Trevor;02:51:48;17:36:43;1682.348,3541.148,3541.148;True,Service,TAXI,24,88176,0,05658722;;;
Trevor;02:51:48;17:36:44;1675.977,3552.543,3552.543;True,Service,TAXI,24,73277,0,13327;;;
Trevor;02:51:49;17:36:44;1669.469,3563.961,3563.961;True,Service,TAXI,24,65511,0,147027;;;
Trevor;02:51:49;17:36:45;1663.719,3574.121,3574.121;True,Service,TAXI,19,77029,0;;;
Trevor;02:51:50;17:36:45;1659.453,3581.682,3581.682;True,Service,TAXI,13,96317,0;;;
Trevor;02:51:50;17:36:46;1656.522,3586.907,3586.907;True,Service,TAXI,10,11531,0;;;
Trevor;02:51:51;17:36:46;1653.993,3591.447,3591.447;True,Service,TAXI,10,03004,0,02139301;;;
Trevor;02:51:51;17:36:47;1651.51,3596.031,3596.031;True,Service,TAXI,9,907375,0,01896093;;;
Trevor;02:51:52;17:36:47;1650.843,3600.588,3600.588;True,Service,TAXI,8,697595,0,6066762;;;
Trevor;02:51:52;17:36:48;1653.004,3604.862,3604.862;True,Service,TAXI,10,0788,0,7663611;;;
Trevor;02:51:53;17:36:48;1657.149,3608.649,3608.649;True,Service,TAXI,11,57534,0,990626;;;
Trevor;02:51:54;17:36:49;1662.512,3612.215,3612.215;True,Service,TAXI,13,33714,1;;;
Trevor;02:51:54;17:36:49;1668.732,3615.994,3615.994;True,Service,TAXI,15,05496,1;;;
Trevor;02:51:55;17:36:50;1675.903,3620.187,3620.187;True,Service,TAXI,16,78022,1;;;
Trevor;02:51:55;17:36:50;1683.896,3624.8,3624.8;True,Service,TAXI,18,53028,1;;;
Trevor;02:51:56;17:36:51;1692.569,3629.838,3629.838;True,Service,TAXI,20,35401,1;;;
Trevor;02:51:56;17:36:51;1702.217,3635.404,3635.404;True,Service,TAXI,22,01117,1;;;
Trevor;02:51:57;17:36:52;1712.365,3641.635,3641.635;True,Service,TAXI,23,34099,0,8493563;;;
Trevor;02:51:57;17:36:52;1722.636,3647.739,3647.739;True,Service,TAXI,22,88411,1;;;
Trevor;02:51:58;17:36:53;1733.146,3653.825,3653.825;True,Service,TAXI,23,84591,0,5858507;;;
Trevor;02:51:58;17:36:53;1744.12,3660.158,3660.158;True,Service,TAXI,24,44726,0,2805338;;;
Trevor;02:51:59;17:36:54;1755.143,3666.462,3666.462;True,Service,TAXI,24,62121,0,1902084;;;
Trevor;02:51:59;17:36:55;1766.064,3672.791,3672.791;True,Service,TAXI,24,66719,0,166604;;;
Trevor;02:52:00;17:36:55;1777.075,3679.115,3679.115;True,Service,TAXI,24,63851,0,1855596;;;
Trevor;02:52:00;17:36:56;1788.237,3685.48,3685.48;True,Service,TAXI,24,60109,0,2007534;;;
Trevor;02:52:01;17:36:56;1799.336,3691.775,3691.775;True,Service,TAXI,24,60894,0,1985548;;;
Trevor;02:52:01;17:36:57;1810.481,3698.073,3698.073;True,Service,TAXI,24,63881,0,1822758;;;
Trevor;02:52:02;17:36:57;1821.517,3704.574,3704.574;True,Service,TAXI,24,71927,0,1408596;;;
Trevor;02:52:02;17:36:58;1832.688,3710.916,3710.916;True,Service,TAXI,24,74314,0,1291113;;;
Trevor;02:52:03;17:36:58;1843.727,3717.342,3717.342;True,Service,TAXI,24,76044,0,1192665;;;
Trevor;02:52:03;17:36:59;1854.843,3723.899,3723.899;True,Service,TAXI,24,67256,0,1631775;;;
Trevor;02:52:04;17:36:59;1865.809,3730.274,3730.274;True,Service,TAXI,24,62416,0,1877527;;;
Trevor;02:52:04;17:37:00;1876.865,3736.687,3736.687;True,Service,TAXI,24,9512,0,02746582;;;
Trevor;02:52:05;17:37:00;1888.08,3743.215,3743.215;True,Service,TAXI,24,87322,0,06180477;;;
Trevor;02:52:05;17:37:01;1899.292,3749.706,3749.706;True,Service,TAXI,24,75491,0,1214705;;;
Trevor;02:52:06;17:37:01;1910.364,3756.084,3756.084;True,Service,TAXI,24,67536,0,1615267;;;
Trevor;02:52:06;17:37:02;1921.421,3762.496,3762.496;True,Service,TAXI,24,64219,0,1784534;;;
Trevor;02:52:07;17:37:02;1932.554,3768.928,3768.928;True,Service,TAXI,24,60635,0,1971318;;;
Trevor;02:52:08;17:37:03;1943.623,3775.36,3775.36;True,Service,TAXI,24,61744,0,1911313;;;
Trevor;02:52:08;17:37:03;1954.806,3781.821,3781.821;True,Service,TAXI,24,58451,0,2094301;;;
Trevor;02:52:09;17:37:04;1965.659,3788.103,3788.103;True,Service,TAXI,21,57611,0;;;
Trevor;02:52:09;17:37:04;1973.197,3792.416,3792.416;True,Service,TAXI,12,30815,0;;;
Trevor;02:52:10;17:37:05;1977.287,3794.726,3794.726;True,Service,TAXI,7,843986,0,2715682;;;
Trevor;02:52:10;17:37:05;1981.008,3796.828,3796.828;True,Service,TAXI,8,600725,0,1765705;;;
Trevor;02:52:11;17:37:06;1985.048,3799.124,3799.124;True,Service,TAXI,9,086001,0,1158351;;;
Trevor;02:52:11;17:37:06;1989.33,3801.384,3801.384;True,Service,TAXI,9,356733,0,08110464;;;
Trevor;02:52:12;17:37:07;1993.408,3803.418,3803.418;True,Service,TAXI,6,04681,0;;;
Trevor;02:52:12;17:37:08;1994.495,3803.9,3803.9;True,Service,TAXI,0,08869086,0;;;
Trevor;02:52:13;17:37:08;1994.478,3803.883,3803.883;True,Service,TAXI,0,01934584,0;;;
Trevor;02:52:13;17:37:09;1994.21,3802.34,3802.34;;;;
Trevor;02:52:14;17:37:09;1993.703,3802.031,3802.031;;;;
Trevor;02:52:14;17:37:10;1993.686,3802.032,3802.032;;;;
Trevor;02:52:15;17:37:10;1993.686,3802.032,3802.032;;;;
Trevor;02:52:15;17:37:11;1993.437,3802.011,3802.011;;;;
Trevor;02:52:16;17:37:11;1992.604,3802.064,3802.064;;;;
Trevor;02:52:16;17:37:12;1991.247,3802.874,3802.874;;;;
Trevor;02:52:17;17:37:12;1989.351,3804.882,3804.882;;;;
Trevor;02:52:17;17:37:13;1987.876,3807.904,3807.904;;;;
Trevor;02:52:18;17:37:13;1986.951,3811.388,3811.388;;;;
Trevor;02:52:18;17:37:14;1984.815,3813.993,3813.993;;;;
Trevor;02:52:19;17:37:14;1983.145,3815.785,3815.785;;;;
Trevor;02:52:20;17:37:15;1980.183,3815.815,3815.815;;;;
Trevor;02:52:20;17:37:15;1978.54,3815.457,3815.457;;;;
Trevor;02:52:21;17:37:16;1976.199,3815.256,3815.256;;;;
Trevor;02:52:21;17:37:16;1973.139,3816.08,3816.08;;;;
Trevor;02:52:22;17:37:17;1972.486,3818.681,3818.681;;;;
Trevor;02:52:22;17:37:17;1973.601,3819.531,3819.531;;;;
Trevor;02:52:23;17:37:18;1974.826,3820.361,3820.361;;;;
Trevor;02:52:23;17:37:18;1974.872,3820.696,3820.696;;;;
Trevor;02:52:24;17:37:19;1974.208,3820.003,3820.003;;;;
Trevor;02:52:24;17:37:20;1973.265,3818.258,3818.258;;;;
Trevor;02:52:25;17:37:20;1971.32,3816.966,3816.966;;;;
Trevor;02:52:25;17:37:21;1969.895,3816.418,3816.418;;;;
Trevor;02:52:26;17:37:21;1969.617,3816.811,3816.811;;;;
Trevor;02:52:26;17:37:22;1969.731,3816.721,3816.721;;;;
Trevor;02:52:27;17:37:22;1969.485,3817.063,3817.063;;;;
Trevor;02:52:27;17:37:23;1969.189,3817.271,3817.271;;;;
Trevor;02:52:28;17:37:23;1968.713,3817.232,3817.232;;;;
Trevor;02:52:28;17:37:24;1968.343,3817.149,3817.149;;;;
Trevor;02:52:29;17:37:24;1968.308,3817.139,3817.139;;;;
Trevor;02:52:29;17:37:25;1968.308,3817.139,3817.139;;;;
Trevor;02:52:30;17:37:25;1968.308,3817.139,3817.139;;;;
Trevor;02:52:30;17:37:26;1968.308,3817.139,3817.139;;;;
Trevor;02:52:31;17:37:26;1968.308,3817.139,3817.139;;;;
Trevor;02:52:31;17:37:27;1968.308,3817.139,3817.139;;;;
Trevor;02:52:32;17:37:27;1968.308,3817.139,3817.139;;;;
Trevor;02:52:33;17:37:28;1968.308,3817.139,3817.139;;;;
Trevor;02:52:33;17:37:28;1968.308,3817.139,3817.139;;;;
Trevor;02:52:34;17:37:29;1968.308,3817.139,3817.139;;;;
Trevor;14:52:39;17:37:34;1968.308,3817.139,3817.139;;;;
Trevor;14:52:40;17:37:35;1968.308,3817.139,3817.139;;;;
Trevor;14:52:40;17:37:35;1968.428,3817.174,3817.174;;;;
Trevor;14:52:40;17:37:36;1968.51,3817.196,3817.196;;;;
